{
  "id": 11948031,
  "name": "STATE of Maine v. Fred Roy DISCHER, III",
  "name_abbreviation": "State v. Discher",
  "decision_date": "1991-09-30",
  "docket_number": "",
  "first_page": "1336",
  "last_page": "1343",
  "citations": [
    {
      "type": "official",
      "cite": "597 A.2d 1336"
    }
  ],
  "court": {
    "name_abbreviation": "Me.",
    "id": 9543,
    "name": "Maine Supreme Judicial Court"
  },
  "jurisdiction": {
    "id": 42,
    "name_long": "Maine",
    "name": "Me."
  },
  "cites_to": [
    {
      "cite": "546 A.2d 444",
      "category": "reporters:state_regional",
      "reporter": "A.2d",
      "case_ids": [
        7938613
      ],
      "pin_cites": [
        {
          "page": "451"
        }
      ],
      "opinion_index": 0,
      "case_paths": [
        "/a2d/546/0444-01"
      ]
    },
    {
      "cite": "479 A.2d 887",
      "category": "reporters:state_regional",
      "reporter": "A.2d",
      "case_ids": [
        12051426
      ],
      "weight": 3,
      "pin_cites": [
        {
          "page": "891"
        },
        {
          "page": "891-92"
        },
        {
          "page": "892"
        }
      ],
      "opinion_index": 0,
      "case_paths": [
        "/a2d/479/0887-01"
      ]
    },
    {
      "cite": "409 A.2d 229",
      "category": "reporters:state_regional",
      "reporter": "A.2d",
      "case_ids": [
        7968461
      ],
      "pin_cites": [
        {
          "page": "233"
        }
      ],
      "opinion_index": 0,
      "case_paths": [
        "/a2d/409/0229-01"
      ]
    },
    {
      "cite": "468 A.2d 985",
      "category": "reporters:state_regional",
      "reporter": "A.2d",
      "case_ids": [
        8022920
      ],
      "pin_cites": [
        {
          "page": "987"
        }
      ],
      "opinion_index": 0,
      "case_paths": [
        "/a2d/468/0985-01"
      ]
    },
    {
      "cite": "782 P.2d 480",
      "category": "reporters:state_regional",
      "reporter": "P.2d",
      "case_ids": [
        10385705
      ],
      "year": 1989,
      "pin_cites": [
        {
          "page": "484"
        }
      ],
      "opinion_index": 0,
      "case_paths": [
        "/p2d/782/0480-01"
      ]
    },
    {
      "cite": "790 P.2d 455",
      "category": "reporters:state_regional",
      "reporter": "P.2d",
      "case_ids": [
        2672551
      ],
      "pin_cites": [
        {
          "page": "463"
        }
      ],
      "opinion_index": 0,
      "case_paths": [
        "/mont/242/0265-01"
      ]
    },
    {
      "cite": "241 N.J.Super. 166",
      "category": "reporters:state",
      "reporter": "N.J. Super.",
      "case_ids": [
        350162
      ],
      "weight": 2,
      "year": 1990,
      "pin_cites": [
        {
          "page": "188-190"
        },
        {
          "page": "536-38"
        }
      ],
      "opinion_index": 0,
      "case_paths": [
        "/nj-super/241/0166-01"
      ]
    },
    {
      "cite": "599 F.2d 113",
      "category": "reporters:federal",
      "reporter": "F.2d",
      "case_ids": [
        489268
      ],
      "pin_cites": [
        {
          "page": "118-19"
        }
      ],
      "opinion_index": 0,
      "case_paths": [
        "/f2d/599/0113-01"
      ]
    },
    {
      "cite": "495 A.2d 825",
      "category": "reporters:state_regional",
      "reporter": "A.2d",
      "case_ids": [
        7920105
      ],
      "pin_cites": [
        {
          "page": "826"
        }
      ],
      "opinion_index": 0,
      "case_paths": [
        "/a2d/495/0825-01"
      ]
    },
    {
      "cite": "496 N.Y.S.2d 159",
      "category": "reporters:state",
      "reporter": "N.Y.S.2d",
      "year": 1985,
      "pin_cites": [
        {
          "page": "160-61"
        }
      ],
      "opinion_index": 0
    },
    {
      "cite": "115 A.D.2d 331",
      "category": "reporters:state",
      "reporter": "A.D.2d",
      "case_ids": [
        3449894
      ],
      "year": 1985,
      "pin_cites": [
        {
          "page": "332-33"
        }
      ],
      "opinion_index": 0,
      "case_paths": [
        "/ad2d/115/0331-01"
      ]
    },
    {
      "cite": "571 F.2d 344",
      "category": "reporters:federal",
      "reporter": "F.2d",
      "case_ids": [
        922547
      ],
      "pin_cites": [
        {
          "page": "350"
        }
      ],
      "opinion_index": 0,
      "case_paths": [
        "/f2d/571/0344-01"
      ]
    },
    {
      "cite": "498 Pa. 5",
      "category": "reporters:state",
      "reporter": "Pa.",
      "case_ids": [
        1776273
      ],
      "weight": 3,
      "year": 1982,
      "pin_cites": [
        {
          "page": "644"
        }
      ],
      "opinion_index": 0,
      "case_paths": [
        "/pa/498/0005-01"
      ]
    },
    {
      "cite": "552 A.2d 2",
      "category": "reporters:state_regional",
      "reporter": "A.2d",
      "case_ids": [
        7869370
      ],
      "weight": 2,
      "pin_cites": [
        {
          "page": "3"
        },
        {
          "page": "3"
        }
      ],
      "opinion_index": 0,
      "case_paths": [
        "/a2d/552/0002-01"
      ]
    },
    {
      "cite": "289 A.2d 682",
      "category": "reporters:state_regional",
      "reporter": "A.2d",
      "case_ids": [
        11254182
      ],
      "year": 1972,
      "pin_cites": [
        {
          "page": "688",
          "parenthetical": "citations omitted, emphasis in original"
        }
      ],
      "opinion_index": 0,
      "case_paths": [
        "/a2d/289/0682-01"
      ]
    },
    {
      "cite": "420 A.2d 242",
      "category": "reporters:state_regional",
      "reporter": "A.2d",
      "case_ids": [
        7946700
      ],
      "opinion_index": 0,
      "case_paths": [
        "/a2d/420/0242-01"
      ]
    },
    {
      "cite": "403 A.2d 754",
      "category": "reporters:state_regional",
      "reporter": "A.2d",
      "case_ids": [
        8041258
      ],
      "year": 1979,
      "pin_cites": [
        {
          "page": "759"
        }
      ],
      "opinion_index": 0,
      "case_paths": [
        "/a2d/403/0754-01"
      ]
    },
    {
      "cite": "462 A.2d 1188",
      "category": "reporters:state_regional",
      "reporter": "A.2d",
      "case_ids": [
        7971840
      ],
      "weight": 4,
      "pin_cites": [
        {
          "page": "1189"
        },
        {
          "page": "1190"
        }
      ],
      "opinion_index": 0,
      "case_paths": [
        "/a2d/462/1188-01"
      ]
    },
    {
      "cite": "491 A.2d 560",
      "category": "reporters:state_regional",
      "reporter": "A.2d",
      "case_ids": [
        7917501
      ],
      "weight": 2,
      "pin_cites": [
        {
          "page": "563"
        },
        {
          "page": "564"
        }
      ],
      "opinion_index": 0,
      "case_paths": [
        "/a2d/491/0560-01"
      ]
    },
    {
      "cite": "167 A. 550",
      "category": "reporters:state_regional",
      "reporter": "A.",
      "weight": 3,
      "year": 1933,
      "pin_cites": [
        {
          "page": "551"
        },
        {
          "page": "551"
        }
      ],
      "opinion_index": 0
    },
    {
      "cite": "132 Me. 107",
      "category": "reporters:state",
      "reporter": "Me.",
      "case_ids": [
        597900
      ],
      "year": 1933,
      "pin_cites": [
        {
          "page": "109"
        }
      ],
      "opinion_index": 0,
      "case_paths": [
        "/me/132/0107-01"
      ]
    },
    {
      "cite": "496 A.2d 297",
      "category": "reporters:state_regional",
      "reporter": "A.2d",
      "case_ids": [
        11304650
      ],
      "weight": 5,
      "pin_cites": [
        {
          "page": "303"
        },
        {
          "page": "304"
        }
      ],
      "opinion_index": 0,
      "case_paths": [
        "/a2d/496/0297-01"
      ]
    }
  ],
  "analysis": {
    "cardinality": 1066,
    "char_count": 23514,
    "ocr_confidence": 0.785,
    "pagerank": {
      "raw": 2.4134326106645475e-07,
      "percentile": 0.8001850687047778
    },
    "sha256": "e65509a010a328d1ed0cb118fc585a6fba7459ec018e4efd6b26cb59734f7d60",
    "simhash": "1:9735e0b1ea06ddcb",
    "word_count": 3798
  },
  "last_updated": "2024-02-27T22:27:55.562952+00:00",
  "provenance": {
    "date_added": "2019-08-29",
    "source": "Harvard",
    "batch": "2018"
  },
  "casebody": {
    "judges": [
      "Before McKUSICK, C.J., and ROBERTS, WATHEN, GLASSMAN, CLIFFORD, COLLINS and BRODY , JJ."
    ],
    "parties": [
      "STATE of Maine v. Fred Roy DISCHER, III."
    ],
    "opinions": [
      {
        "text": "WATHEN, Justice.\nDefendant, Fred Roy Discher, III, appeals from his conviction of manslaughter, Class A, 17-A M.R.S.A. \u00a7 203(1)(A) (1983), entered after a jury trial in the Superior Court (Androscoggin County, Alexander, J.). Defendant argues that the Superior Court erred in refusing to grant a judgment of acquittal due to the State\u2019s alleged failure to establish the corpus delicti. Alternatively, he contends that the judgment should be vacated on three separate grounds: (1) the Superior Court compromised defendant\u2019s right to a fair trial by assuming the role of a partisan advocate during the trial, (2) the Superior Court erred in admitting the unsworn out-of-court statements of two witnesses as substantive evidence, and (3) the evidence was insufficient to sustain defendant\u2019s conviction. Defendant also challenges the legality of his sentence. We affirm the Superior Court\u2019s judgment.\nOn January 27, 1989, Kristean Soucy summoned emergency medical assistance for her 9-day-old daughter, Heather Discher, who was also defendant\u2019s child. When the paramedics arrived, they found the baby unconscious, limp, blue in color, and just barely breathing. She was taken to Central Maine Medical Center where the doctors who examined her concluded that she was suffering from \u201cshaken baby syndrome,\u201d a serious condition which can occur when someone shakes a young child too vigorously. A post-mortem examination following the baby\u2019s death three days later confirmed this diagnosis. That evening, a social worker telephoned defendant to inform him that his older daughter would have to be removed from the home due to the nature of the baby\u2019s injuries. The social worker testified that, during their conversation, defendant began crying and stated that \u201cthe baby was innocent\u201d and hadn\u2019t done anything wrong, and \u201che couldn\u2019t stand that high-pitched squeaky cry.\u201d\nFollowing his arrest, defendant was hospitalized in Augusta. The baby\u2019s mother and a close friend each visited him there. Although the baby\u2019s mother testified at trial that she did not recall defendant telling her that he had shaken the baby, shortly after the hospital visit she reported to police in a tape recorded interview that defendant had told her that \u201che couldn\u2019t stand the crying\u201d and that he shook the baby 10 or 20 seconds at the most. Likewise, the friend told police in a tape recorded interview that defendant had stated, \u201cI don\u2019t know what I did and why I did it\u201d and \u201cI didn\u2019t shake her that hard.\u201d At trial, the friend testified that he did not recall relating these statements to the police. Silently reading a transcript of the tape recorded interview and listening to the tape itself in the absence of the jury failed to refresh the recollection of either witness.\nFollowing the testimony of these two witnesses, the State requested a ten-minute recess in which to consider whether it could \u201cin good faith go forward with this case.\u201d In response, the presiding justice said, \u201cI thought you had tapes of those interviews.\u201d After the State responded affirmatively, defense counsel asserted that the taped material could only be used for impeachment and not as substantive evidence. To this, the court replied, \u201cNo, section 5 of 803.\u201d Later in the trial, the State sought to lay the foundation for admitting the tape recordings of both interviews as past recollections recorded under M.R.Evid. 803(5). Over defendant\u2019s objection, the court permitted a partial transcript of the tape recordings to be read aloud to the jury.\nAfter the State rested, defendant moved for a judgment of acquittal which the court denied. The jury found defendant guilty of manslaughter, and the court sentenced him to ten years, with all but five suspended, and six years on probation.\nCorpus Delicti\nDefendant contends, first, that the State failed to establish the corpus delicti to a probable cause standard, independent of any admission or confession of defendant In order to withstand a motion for acquittal in a manslaughter prosecution, the corpus delicti rule requires the State to prove that the victim died and that a criminal agency was responsible for that death. Moreover, the corpus delicti cannot be established solely by post-crime admissions or confessions which are unsupported by any other evidence. See State v. Chapman, 496 A.2d 297, 303 (Me.1985).\nIt is not open to dispute that the State satisfied the first element of the corpus delicti rule, that Heather Discher was the baby that died on January 30,1989. To satisfy the second element, the State was obligated to present evidence that created a substantial belief that the baby\u2019s death \u201cwas not suicide, not due to natural causes, and not purely accidental and devoid of any criminal agency.\u201d State v. Chapman, 496 A.2d at 304. In determining whether it has met its burden of proof, we must examine the evidence presented by the State, exclusive of any admissions or confessions of defendant. See id.\nThe State offered the following evidence: Both the attending physician and the medical examiner determined that the 9-day-old baby was a victim of \u201cshaken baby syndrome.\u201d Although the physician conceded that \u201cover-vigorous pathogenic shaking\u201d might occur inadvertently during rough play or while attempting to dislodge a suspected foreign object from the mouth or throat of a child or to stop violent coughing or protracted crying, she opined that such over-shaking would be an unlikely cause of this baby\u2019s injuries. Moreover, the testimony revealed only two known incidents that may have involved rough handling of the baby, and the court reasonably could have concluded that these incidents did not contribute to the baby\u2019s death.\nIn State v. Chapman, we found that the State had established the corpus delicti in a child-abuse manslaughter case in which the pathologist had determined that the 5-week-old victim\u2019s body had sustained multiple bruises, that his brain was flattened and unusually soft, and that the cause of death was due to a head injury caused by blunt force. See id. Together with the hospital corpsman\u2019s testimony that the defendant was alone with the child when he arrived, we found the evidence sufficient to meet the necessary standard of proof that the child\u2019s death was not from natural causes or due to his own actions. See id. In the present case, given the baby\u2019s tender age, her lack of mobility, and the dearth of evidence that an accident of any proportion had occurred, the testimony concerning the nature of her injuries provided the basis for a substantial belief that a criminal agency was responsible for her death and satisfied the second element of the corpus delicti rule.\nJudicial Conduct\nDefendant contends that the Superior Court abandoned the role of neutral magistrate and became a partisan advocate when informing the State that the witnesses\u2019 tape recordings recounting defendant\u2019s admissions could be admissible as substantive evidence under M.R.Evid. 803(5). Characterizing the court\u2019s comment as unsolicited tactical advice that \u201ctainted the trial\u201d and \u201cundermined the guarantee of judicial impartiality,\u201d defendant calls for a reversal of the judgment.\nThe Superior Court is authorized to rule upon all matters of law arising in the case, but may not, during a jury trial, express opinions on issues of fact. See 14 M.R.S.A. \u00a7 1105 (1980). It is well settled in Maine law that the statute limiting the court\u2019s expression of opinion at trial must be strictly construed \u201cif it is not to be held to trench upon the prerogative of the court.\u201d State v. Stuart, 132 Me. 107, 109, 167 A. 550, 551 (1933). Thus, the statute has reference only to factual issues to be determined by the jury. It has no application to the present case involving a question of law addressed only to the court. See id., 167 A. at 551.\nWhile the Superior Court is not permitted to assume the role of an advocate, it is \u201cnot confined to the role of a passive moderator.\u201d State v. Pickering, 491 A.2d 560, 563 (Me.1985); see also State v. Curit, 462 A.2d 1188, 1189 (Me.1983); State v. Bachelder, 403 A.2d 754, 759 (Me. 1979). We have consistently held that a trial court may intervene to \u201cclarify testimony, save time or prevent a miscarriage of justice.... As long as the intervention is otherwise within the scope of the court\u2019s authority, the mere fact that it results in the development of additional evidence does not demonstrate that the [court] has exceeded the limits of [its] discretion.\u201d State v. Curit, 462 A.2d at 1190.\nIn State v. Curit, we exhorted:\nOur adversarial system assumes that the truth is most likely to emerge if the attorney for each litigant is held fully responsible for planning the presentation of his [or her] client\u2019s case. Judicial intervention tends to detract from that responsibility and, if excessive or unwise, may disrupt to some extent the attorney\u2019s plan for presenting his [or her] client\u2019s side of the case.\nId. In this case, the court pointed out the relevance of M.R.Evid. 803(5) to the situation at hand. There is nothing in the record to suggest that the State was unaware of the applicability of the rule or that the court\u2019s comment impaired defendant\u2019s \u201cright to have the strategy and tactics employed in presenting his cause determined by his attorney, not by the [court].\u201d Id. The paramount concern in cases involving judicial intervention \u201chas been that the [court] not participate in any manner from which the jury may infer that [it] endorses the cause of one side.\u201d State v. Pickering, 491 A.2d at 564. Because the jury was unable to hear the court\u2019s comment to counsel, this concern is absent. Even if we assume that the Superior Court\u2019s purpose in commenting on the rule was to ensure the State\u2019s consideration of its relevance, this purpose was not apparent to the jury. An examination of the record reveals that the participation of the court was not improper. The clarification of a purely legal issue, in the absence of the jury, came within the discretion a trial court may properly exercise to prevent a miscarriage of justice.\nPast recollection recorded hearsay exception (M.R.Evid. 803(5))\nAlthough defendant concedes that the unsworn, out-of-court statements given to the police by his friend and the baby\u2019s mother were admissible as impeachment evidence, pursuant to M.R.Evid. 607, he contends that the court committed reversible error by admitting them as substantive evidence. Citing State v. Vigue, 420 A.2d 242, 244 n. 1 (Me.1980), defendant argues that testimony as to such prior unsworn, inconsistent statements of witnesses may be admitted for the limited purpose of impeaching those witnesses, but not for purposes of affirmative proof. The State, however, maintains that the testimony was properly admitted as substantive evidence under M.R.Evid. 803(5) which provides:\nThe following [is] not excluded by the hearsay rule, even though the declarant is available as a witness:\n(5) Recorded Recollection. A memorandum or record concerning a matter about which a witness once had knowledge but now has insufficient recollection to enable him to testify fully and accurately, shown to have been made or adopted by the witness when the matter was fresh in his memory and to reflect that knowledge correctly. If admissible, the memorandum or record may be read into evidence but shall not be received as an exhibit unless offered by an adverse party.\nUnder the past recollection recorded exception to the hearsay rule, a document may be admitted as substantive evidence if the witness states as his present memory that:\n(1) the contents of the document are a record of matters in fact previously known to, and remembered by, him; (2) the record had been previously made, or seen, by him at a time when his memory of the matters was then fresh ...; and (3) at that past time the record was then remembered to be an accurate record of the matters described.\nCope v. Sevigny, 289 A.2d 682, 688 (Me. 1972) (citations omitted, emphasis in original); see also State v. Degen, 552 A.2d 2, 3 (Me.1988). In the present case, the Superior Court determined that the foundational requirements were met as to each witness and ruled that a partial transcript of their tape recorded statements could be read to the jury as substantive evidence. On appeal, defendant does not dispute that the tape recordings are an accurate memorandum of the witnesses\u2019 statements to the police. He argues, however, that the foundational requirements for the admission of the statements, pursuant to Rule 803(5), were not met because the witnesses never testified that the statements were true and accurate at the time they were given to the police.\nRule 803(5) seeks to ensure that witnesses correctly recorded their knowledge when they remembered what they perceived. To ensure that the past recollection is trustworthy, the rule requires the memorandum to have been made or adopted when the matter was fresh in the witness\u2019s memory. To guarantee that the memory was properly transcribed, it requires that the memorandum reflect that knowledge correctly. See 4 J. Weinstein & M. Berger, Weinstein\u2019s Evidence \u00b6 803(5)[01] (1990). Although in Cope we required testimony from the witness to establish the foundational requirements, the advisory committee\u2019s note to Fed.R.Evid. 803(5), which served as a model for the Maine rule, states: \u201cNo attempt is made in the exception to spell out the method of establishing the initial knowledge or the contemporaneity and accuracy of the record, leaving them to be dealt with as the circumstances of the particular case might indicate.\u201d\nUnder the Maine Rules of Evidence, \u201c[w]hen the admissibility of other evidence of contents of writings, recordings, or photographs under these rules depends upon the fulfillment of a condition of fact, the question whether the condition has been fulfilled is for the court to determine _\u201d M.R.Evid. 1008. Here, the witnesses\u2019 initial knowledge and the contemporaneity and accuracy of the tape recordings are conditions of fact that must be fulfilled before the statements may be admitted under M.R.Evid. 803(5). According to the advisory committee\u2019s note, these conditions may be fulfilled in different ways, \u201cas the circumstances of the particular case might indicate.\u201d Often, the witness will readily testify as to his present memory that a memorandum represents \u201ca record of matters previously known to him, made by him at a time when his memory was fresh, and known by him to be accurate.\u201d State v. Degen, 552 A.2d at 3. This is the scenario we anticipated in Cope. Sometimes, however, a witness may be unable or unwilling to testify from present memory. Further inquiry into the ability of the witness to recall the event in question could be time-consuming and unproductive. See Commonwealth v. Cargo, 498 Pa. 5, 444 A.2d 639, 644 (1982). At such times, it is within the discretion of the trial court to determine whether the foundational requirements of Rule 803(5) have been satisfied on a case-by-case basis, whether by direct or circumstantial evidence. See id.\nIn the present ease, the witnesses testified that they remembered making a tape recorded statement to the police, but could not recall telling police anything that defendant had said about shaking the baby. Both stated repeatedly that defendant had never made such a statement to them. The baby\u2019s mother testified that the police interview had taken place a few days after her conversation with defendant, and the friend testified that it had occurred within a few days or a few weeks of his conversation, at a time when he remembered talking to defendant at the hospital. Although there is no evidence to support the conclusion that the baby\u2019s mother accurately described her conversation with defendant to the police, there is adequate evidentiary support with regard to the friend\u2019s statement. When asked whether he had told the police what had occurred when he visited defendant at the hospital, the friend replied, \u201cI believe I did.\u201d To the question, \u201cDid you remember it then?\u201d he answered, \u201cI\u2019m not sure. I must have.\u201d\n\u201cThe touchstone for admission of evidence as an exception to the hearsay rule has been the existence of circumstances which attest to its trustworthiness.\u201d United States v. Williams, 571 F.2d 344, 350 (6th Cir.1978). Here, the accuracy of the tape recording is not in question and the Superior Court heard testimony establishing its contemporaneity. In determining whether the friend\u2019s statement reflects his initial knowledge correctly, the court relied both on his testimony and circumstantial evidence concerning the limited likelihood that he would have lied during a tape recorded police interview and the current motivation he might have to forget any statements he made earlier that could now prove incriminating to defendant.\nBecause the friend\u2019s statement contained the indicia of trustworthiness required by Rule 803(5), we find no abuse of discretion in the determination of the Superior Court that a partial transcript of the statement could be read to the jury. It was within the court\u2019s discretion to discount his present disclaimer of the statements and find it admissible as past recollection recorded for whatever weight the jury saw fit to give it. In view of his unwillingness to testify and his relationship with defendant, it was not error for the court to permit his statements to be submitted to the jury as substantive evidence. See People v. Dillenbeck, 115 A.D.2d 331, 332-33, 496 N.Y.S.2d 159, 160-61 (1985). Although a proper foundation for the statement of the baby\u2019s mother was not established, the admission of the evidence was harmless in light of the defendant\u2019s statement, together with the other evidence in the case.\nSufficiency of the evidence\nDefendant next argues that the judgment of conviction must be vacated due to the insufficiency of the evidence even if the out-of-court statements of the baby\u2019s mother and defendant\u2019s friend were properly admitted. The standard by which we review the legal sufficiency of the evidence is \u201cwhether, based on that evidence viewed in the light most favorable to the prosecution, any trier of fact rationally could find beyond a reasonable doubt every element of the offense charged.\u201d State v. Barry, 495 A.2d 825, 826 (Me.1985). Citing cases holding that properly admitted hearsay statements are insufficient to sustain a criminal conviction, defendant contends that the State presented no other evidence regarding who caused the baby\u2019s death. See, e.g., United, States v. Orrico, 599 F.2d 113, 118-19 (6th Cir.1979); State v. Mancine, 241 N.J.Super. 166, 188-190, 574 A.2d 525, 536-38 (1990); State v. Gommenginger, 790 P.2d 455, 463 (Mont.1990); State v. Ramsey, 782 P.2d 480, 484 (Utah 1989).\nAside from defendant\u2019s admission contained in the statement of his friend, the State presented the following evidence of defendant\u2019s guilt: (1) the uncontroverted medical testimony establishing that death resulted from overvigorous shaking of the baby, and (2) the circumstantial evidence that defendant, bothered by the baby\u2019s high-pitched crying, had shaken her to quiet her down. Defendant made no serious attempt to establish an alternative suspect theory, and the social worker testified that defendant told her he \u201ccouldn\u2019t stand that high-pitched squeaky cry.\u201d Even without defendant\u2019s admission to his friend, the evidence would be sufficient to uphold his conviction. Because we find that the friend\u2019s statement was properly admitted as substantive proof, the sufficiency of the evidence is beyond dispute. Viewing the evidence in the light most favorable to the prosecution, we find that a trier of fact could rationally have found the essential elements of the crime beyond a reasonable doubt.\nLegality of sentencing\nDefendant argues that the Superior Court imposed his sentence in an illegal manner, contending that the court enhanced the sentence because defendant exercised his fifth amendment right to remain silent and failed to personally address the court on the issue of remorse. During the sentencing hearing, the court referred to a lack of remorse on the part of both defendant and his friends, stating that he would not consider individualized disposition, pursuant to 17-A M.R.S.A. \u00a7 1151(6) (1983), when he had not \u201cheard much about remorse.\u201d When defendant\u2019s counsel suggested the unfairness of penalizing defendant for exercising his fifth amendment right not to testify, the court stated, \u201cI\u2019m obligated to consider what we have on the record on remorse. What we have on remorse that\u2019s available is the sworn testimony of his buddies that indicated this wasn\u2019t a big issue in the house such that it wasn\u2019t discussed and whatever had been discussed earlier was of \u2014 of such insignificance that it was, according to them, forgotten.\u201d\nBecause defendant challenges his sentence on constitutional grounds, the issue before us on direct appeal is one of legality, not propriety. See State v. Palmer, 468 A.2d 985, 987 (Me.1983). To establish illegality, the alleged sentencing infirmity must appear \u201cso plainly on the face of the record that there can be no rational disagreement as to its existence.\u201d State v. Blanchard, 409 A.2d 229, 233 (Me.1979). Defendant\u2019s repentance and remorse are appropriate factors for consideration in sentencing. See State v. Farnham, 479 A.2d 887, 891 (Me.1984). \u201cCourts have widely recognized the relationship between a defendant\u2019s willingness to admit responsibility for his acts and the likelihood of his rehabilitation.\u201d Id. at 891-92. In assessing whether to offer leniency to a defendant because of his claimed repentance and remorse, the court considers his whole course of conduct. See id. at 892. While it would be illegal to penalize defendant for exercising his fifth amendment right to remain silent at trial, where as here no evidence exists to support defendant\u2019s claim of remorse, we cannot say that the illegality of the Superior Court\u2019s decision appears so plainly on the face of this record that it precludes rational disagreement as to its existence.\nThe entry is:\n\u2022Judgment affirmed.\nAll concurring.\n. The State must prove the corpus delicti to two separate standards:\nFirst, independent of any post-crime admissions or confessions made by defendant, the State must have proved the corpus delicti to a probable cause standard, i.e., the State must have proved the basis for a substantial belief therein. Then the State must also have established the corpus delicti beyond a reasonable doubt considering the entire evidence, including any post-crime admissions or confessions made by defendant.\nState v. Libby, 546 A.2d 444, 451 (Me.1988) (footnote omitted). Only the first standard is at issue in this case.\n. Section 1151(6) provides that one of the general purposes of the sentencing provisions is \"[t)o encourage differentiation among offenders with a view to a just individualization of sentences.\" 17-A M.R.S.A. \u00a7 1151(6).\n. This is not Appellate Division.",
        "type": "majority",
        "author": "WATHEN, Justice."
      }
    ],
    "attorneys": [
      "Michael E. Carpenter, Atty. Gen., Garry L. Greene (orally), Asst. Atty. Gen., Augusta, for plaintiff.",
      "Jennifer Nichols Ferguson, Fales & Fa-les, Lewiston, William Maselli (orally), And-over, for defendant."
    ],
    "corrections": "",
    "head_matter": "STATE of Maine v. Fred Roy DISCHER, III.\nSupreme Judicial Court of Maine.\nArgued June 6, 1991.\nDecided Sept. 30, 1991.\nMichael E. Carpenter, Atty. Gen., Garry L. Greene (orally), Asst. Atty. Gen., Augusta, for plaintiff.\nJennifer Nichols Ferguson, Fales & Fa-les, Lewiston, William Maselli (orally), And-over, for defendant.\nBefore McKUSICK, C.J., and ROBERTS, WATHEN, GLASSMAN, CLIFFORD, COLLINS and BRODY , JJ.\nBrody, J. sat at oral argument and participated in the initial conference but resigned before this opinion was adopted."
  },
  "file_name": "1336-01",
  "first_page_order": 1390,
  "last_page_order": 1397
}
