{
  "id": 8146584,
  "name": "URCIOLO v. DISTRICT OF COLUMBIA",
  "name_abbreviation": "Urciolo v. District of Columbia",
  "decision_date": "1951-07-31",
  "docket_number": "No. 1086",
  "first_page": "909",
  "last_page": "911",
  "citations": [
    {
      "type": "official",
      "cite": "82 A.2d 909"
    }
  ],
  "court": {
    "name_abbreviation": "D.C.",
    "id": 21806,
    "name": "District of Columbia Municipal Court of Appeals"
  },
  "jurisdiction": {
    "id": 56,
    "name_long": "District of Columbia",
    "name": "D.C."
  },
  "cites_to": [
    {
      "cite": "53 A.2d 46",
      "category": "reporters:state_regional",
      "reporter": "A.2d",
      "case_ids": [
        8150973
      ],
      "pin_cites": [
        {
          "page": "49"
        }
      ],
      "opinion_index": 0,
      "case_paths": [
        "/a2d/53/0046-01"
      ]
    },
    {
      "cite": "75 U.S.App.D.C. 58",
      "category": "reporters:state",
      "reporter": "U.S. App. D.C.",
      "case_ids": [
        3558423
      ],
      "opinion_index": 0,
      "case_paths": []
    },
    {
      "cite": "123 F.2d 934",
      "category": "reporters:federal",
      "reporter": "F.2d",
      "case_ids": [
        1093434,
        3558423
      ],
      "opinion_index": 0,
      "case_paths": [
        "/f2d/123/0934-01"
      ]
    },
    {
      "cite": "138 A.L.R. 1010",
      "category": "reporters:specialty",
      "reporter": "A.L.R.",
      "opinion_index": 0
    },
    {
      "cite": "2 A.L.R. 778",
      "category": "reporters:specialty",
      "reporter": "A.L.R.",
      "opinion_index": 0
    },
    {
      "cite": "95 A.L.R. 1085",
      "category": "reporters:specialty",
      "reporter": "A.L.R.",
      "opinion_index": 0
    },
    {
      "cite": "73 App.D.C. 284",
      "category": "reporters:state",
      "reporter": "App. D.C.",
      "opinion_index": 0
    },
    {
      "cite": "121 F.2d 32",
      "category": "reporters:federal",
      "reporter": "F.2d",
      "case_ids": [
        463188
      ],
      "opinion_index": 0,
      "case_paths": [
        "/f2d/121/0032-01"
      ]
    },
    {
      "cite": "317 U.S. 135",
      "category": "reporters:federal",
      "reporter": "U.S.",
      "case_ids": [
        304365
      ],
      "weight": 2,
      "opinion_index": 0,
      "case_paths": [
        "/us/317/0135-01"
      ]
    },
    {
      "cite": "7 L.Ed. 140",
      "category": "reporters:federal",
      "reporter": "L. Ed.",
      "opinion_index": 0
    },
    {
      "cite": "248 Ala. 294",
      "category": "reporters:state",
      "reporter": "Ala.",
      "case_ids": [
        5219742
      ],
      "weight": 2,
      "opinion_index": 0,
      "case_paths": [
        "/ala/248/0294-01"
      ]
    },
    {
      "cite": "153 Md. 50",
      "category": "reporters:state",
      "reporter": "Md.",
      "case_ids": [
        2283890
      ],
      "opinion_index": 0,
      "case_paths": [
        "/md/153/0050-01"
      ]
    },
    {
      "cite": "137 A. 509",
      "category": "reporters:state_regional",
      "reporter": "A.",
      "opinion_index": 0
    },
    {
      "cite": "354 Pa. 123",
      "category": "reporters:state",
      "reporter": "Pa.",
      "case_ids": [
        467408
      ],
      "opinion_index": 0,
      "case_paths": [
        "/pa/354/0123-01"
      ]
    },
    {
      "cite": "47 A.2d 281",
      "category": "reporters:state_regional",
      "reporter": "A.2d",
      "opinion_index": 0
    },
    {
      "cite": "198 Wash. 665",
      "category": "reporters:state",
      "reporter": "Wash.",
      "case_ids": [
        1308353
      ],
      "opinion_index": 0,
      "case_paths": [
        "/wash/198/0665-01"
      ]
    },
    {
      "cite": "89 P.2d 802",
      "category": "reporters:state_regional",
      "reporter": "P.2d",
      "opinion_index": 0
    },
    {
      "cite": "61 App.D.C. 10",
      "category": "reporters:state",
      "reporter": "App. D.C.",
      "opinion_index": 0
    },
    {
      "cite": "56 F.2d 307",
      "category": "reporters:federal",
      "reporter": "F.2d",
      "case_ids": [
        1802814
      ],
      "opinion_index": 0,
      "case_paths": [
        "/f2d/56/0307-01"
      ]
    },
    {
      "cite": "61 App.D.C. 112",
      "category": "reporters:state",
      "reporter": "App. D.C.",
      "opinion_index": 0
    },
    {
      "cite": "58 F.2d 517",
      "category": "reporters:federal",
      "reporter": "F.2d",
      "case_ids": [
        1795731
      ],
      "opinion_index": 0,
      "case_paths": [
        "/f2d/58/0517-01"
      ]
    },
    {
      "cite": "293 U.S. 625",
      "category": "reporters:federal",
      "reporter": "U.S.",
      "case_ids": [
        3927632,
        3927592,
        3931004,
        3928877
      ],
      "opinion_index": 0,
      "case_paths": [
        "/us/293/0625-03",
        "/us/293/0625-02",
        "/us/293/0625-04",
        "/us/293/0625-01"
      ]
    },
    {
      "cite": "55 S.Ct. 349",
      "category": "reporters:federal",
      "reporter": "S. Ct.",
      "opinion_index": 0
    },
    {
      "cite": "79 L.Ed. 712",
      "category": "reporters:federal",
      "reporter": "L. Ed.",
      "opinion_index": 0
    }
  ],
  "analysis": {
    "cardinality": 486,
    "char_count": 7530,
    "ocr_confidence": 0.679,
    "pagerank": {
      "raw": 8.138363859351185e-08,
      "percentile": 0.47303182540758165
    },
    "sha256": "1d850de6cb58c58f88ce53e87c2f024976d8885217b3fc6f19c9237df7b09fd1",
    "simhash": "1:fccdd26e9719c873",
    "word_count": 1286
  },
  "last_updated": "2024-02-27T23:45:15.052764+00:00",
  "provenance": {
    "date_added": "2019-08-29",
    "source": "Harvard",
    "batch": "2018"
  },
  "casebody": {
    "judges": [
      "Before CAYTON, Chief Judge, and HOOD and CLAGETT, Associate Judges,"
    ],
    "parties": [
      "URCIOLO v. DISTRICT OF COLUMBIA."
    ],
    "opinions": [
      {
        "text": "HOOD, Associate Judge.\nOn August 1, 1947, appellant was the highest bidder at a foreclosure sale of real estate under a deed of trust. On October 1, 1947, settlement of the sale was made and the trustees delivered to appellant a deed to the property., On October 2 appellant notified the' Water Registrar of his purchase, stating that he' would be responsible for the water supplied to the premises from that date forward. The Registrar insisted' that' appellant pay for water used at the premises from February 4, 1947, the date of the last meter reading, and pay for repairs to the water meter, threatening to cut bff the water supply unless payment was made. Under protest appellant made payment and then brought this action to recover the amount so paid. The trial court denied him a recovery and he has appealed.\nAn' order of 'the Commissioners of the District of Columbia, of August 1, 1945, provides: \u201cEvery person, firm, or' corporation purchasing .or renting any real estate or premises where there is a water meter shall give notice .in writing to the Water Registrar of - the .District. of Columbia in advance of such purchase'or rental,-or not more than five (5) days subsequent thereto, in every case where a statement of the account to date may be desired. Said notice shall contain the names and' addresses of the persons, firms, or corporations who are parties to the change of ownership or rental of said property; Provided, That nothing herein contained shall be so construed as to constitute a limitation upon the authority of the Water Registrar to enforce payment of accrued water rent by shutting off the supply of water to such premises when such accrued water rent is not paid by the former owner or occupant. The Water Registrar shall have access to all premises where water meters are installed; Provided, That if said property be vacant, the notice of said purchase or change of occupancy shall contain a fixed time at which a representative of the Water Department may obtain access to read such meter.\u201d\nIn Farrell v. Ward, D.C.Mun.App., 53 A.2d 46, 49, construing a previous but similar order of the Commissioners, we said it meant \u201cthat one purchasing property without notifying the Water Registrar may be compelled to pay the full current water rate for the property, because without notice to the Registrar and an opportunity to read the meter it is impossible for the Registrar to allocate the use of water for the current year between the present owner and the prior occupant. So construed this regulation is reasonable and imposes no undue hardship on the purchaser of the property.\u201d\nBoth parties rely on our decision in the Farrell case. Appellant says he gave notice within five days after receiving a deed to the property and is thereby relieved from responsibility for the accrued bill for the period prior to his purchase. The District says that appellant in fact purchased the property on August 1, the date of the sale, and therefore did not comply with the Commissioners\u2019 order. Thus the question is does one who buys at a foreclosure sale \u201cpurchase\u201d the property, within the meaning of the Commissioners\u2019 order, at the time of the foreclosure sale or at the time he receives a deed to the property.\nThe Commissioners evidently used purchasing in the sense of becoming owner because the order refers to \u201cchange of ownership,\u201d and the Commissioners are authorized by statute to collect water rates from owners of buildings. Owner is not a technical term and its meaning varies according to the context in which it is used. It does not necessarily mean the holder of the technical legal title. The time at which the rights of the highest bidder at a foreclosure sale ripen into those of a purchaser or owner depends largely on the statute regulating such sales, the necessity for judicial confirmation and the period for redemption. In this jurisdiction sale at foreclosure under deed of trust requires no judicial authorization or confirmation. There is no statute regulating such sales or giving any right of redemption. The trustees deliver their deed as soon as the bidder complies with the terms of sale. The rights of the purchaser date from the time of sale regardless of time of delivery of deed. Cf. Canelacos v. Hollway, 75 U.S.App.D.C. 58, 123 F.2d 934, 138 A.L.R. 1010. In the instant case settlement of taxes on the property and interest on a first deed of trust were adjusted as of the date of sale. The trustees\u2019 deed, though acknowledged and delivered on October 1, was dated as of August 1. Therefore we think that on August 1 when appellant bid in the property he became the owner in a real and substantial sense and the trial court was justified' in finding that within the meaning of the Commissioners\u2019 order appellant purchased the property on August 1.\nWith respect to the bill for repairs to the water meter, the record indicates that the repairs were made after the foreclosure sale occurred. Therefore the defective meter was owned by appellant and under the regulations he was responsible for cost of the repairs. Appellant argues that he did not order the repairs or receive notice that the repairs would be made. We think the District under its regulations has authority to make repairs to meters and charge the owners therefor. Whether an owner is entitled to notice beforehand that repairs will be made, we do not decide. Appellant having delayed notifying the District of his ownership cannot complain that as owner he was entitled to notice. Furthermore, the record does not show that this point was raised at trial.\nAffirmed.\n. The bid at the sale was made in the name of James J. Koutsos, who assigned his rights as purchaser to Florence E: Urciolo. The trustees -conveyed to her and she immediately reconveyed to. appellant. It is conceded that appel-, lant was the real party in , interest throughout the transaction. . -\n. Code 1940, \u00a7 43-1521. We are not here dealing with the duties of a tenant to comply with the Commissioners\u2019 order or the statutory authority of the Commissioners to collect water rates from occupants of buildings.\n. Annotations, 2 A.L.R. 778, 95 A.L.R. 1085.\n. Mason v. Automobile Finance Co., 73 App.D.C. 284, 121 F.2d 32.\n. State Bank of Hardinsburg v. Brown, 317 U.S. 135, 63 S.Ct. 128, 7 L.Ed. 140; Campbell v. Carter, 248 Ala. 294, 27 So.2d 490; Union Trust Co. v. Biggs, 153 Md. 50, 137 A. 509; Pennsylvania Co. v. Broad Street Hospital, 354 Pa. 123, 47 A.2d 281; In re Spokane Savings Bank, 198 Wash. 665, 89 P.2d 802.\n. Holman v. Ryon, 61 App.D.C. 10, 56 F.2d 307; Spruill v. Ballard, 61 App.D.C. 112, 58 F.2d 517, certiorari denied, 293 U.S. 625, 55 S.Ct. 349, 79 L.Ed. 712.\n. The brief for the District states, and it is not denied by appellant, that in proceedings in .the United States District Court for the District of Columbia it was held that appellant was entitled to recover the rent for the months of August and September which had been collected from the tenants of the property by Mrs. Fleet, the former owner.",
        "type": "majority",
        "author": "HOOD, Associate Judge."
      }
    ],
    "attorneys": [
      "' Leonard C. Collins, -Washington,. D. C., and Joseph J. Urciolo for- appellant.",
      "Hubert \u2018 B. Pair, Asst. Corpi Counsel, Washington, D. C., with whom Vernoii E. West, Corp. Counsel, and Chester H. Gray, Principal Asst. Corp. Counsel, Washington, D. C., were on the brief, for appellee."
    ],
    "corrections": "",
    "head_matter": "URCIOLO v. DISTRICT OF COLUMBIA.\nNo. 1086.\nMunicipal Court of Appeals for the District of Columbia.\nArgued July 9, 1951.\nDecided July 31, 1951.\n' Leonard C. Collins, -Washington,. D. C., and Joseph J. Urciolo for- appellant.\nHubert \u2018 B. Pair, Asst. Corpi Counsel, Washington, D. C., with whom Vernoii E. West, Corp. Counsel, and Chester H. Gray, Principal Asst. Corp. Counsel, Washington, D. C., were on the brief, for appellee.\nBefore CAYTON, Chief Judge, and HOOD and CLAGETT, Associate Judges,"
  },
  "file_name": "0909-01",
  "first_page_order": 941,
  "last_page_order": 943
}
