{
  "id": 7859731,
  "name": "LENKIN COMPANY MANAGEMENT, INC., Petitioner, v. DISTRICT OF COLUMBIA RENTAL HOUSING COMMISSION, Respondent. David Alexander, Intervenor",
  "name_abbreviation": "Lenkin Co. Management v. District of Columbia Rental Housing Commission",
  "decision_date": "1996-05-23",
  "docket_number": "No. 93-AA-578",
  "first_page": "46",
  "last_page": "50",
  "citations": [
    {
      "type": "official",
      "cite": "677 A.2d 46"
    }
  ],
  "court": {
    "name_abbreviation": "D.C.",
    "id": 11933,
    "name": "District of Columbia Court of Appeals"
  },
  "jurisdiction": {
    "id": 56,
    "name_long": "District of Columbia",
    "name": "D.C."
  },
  "cites_to": [
    {
      "cite": "566 A.2d 1025",
      "category": "reporters:state_regional",
      "reporter": "A.2d",
      "case_ids": [
        7358543
      ],
      "pin_cites": [
        {
          "page": "1027"
        }
      ],
      "opinion_index": 0,
      "case_paths": [
        "/a2d/566/1025-01"
      ]
    },
    {
      "cite": "617 A.2d 486",
      "category": "reporters:state_regional",
      "reporter": "A.2d",
      "case_ids": [
        7932878
      ],
      "pin_cites": [
        {
          "page": "489"
        }
      ],
      "opinion_index": 0,
      "case_paths": [
        "/a2d/617/0486-01"
      ]
    },
    {
      "cite": "573 A.2d 10",
      "category": "reporters:state_regional",
      "reporter": "A.2d",
      "case_ids": [
        7377702
      ],
      "pin_cites": [
        {
          "page": "12"
        }
      ],
      "opinion_index": 0,
      "case_paths": [
        "/a2d/573/0010-01"
      ]
    },
    {
      "cite": "569 F.2d 607",
      "category": "reporters:federal",
      "reporter": "F.2d",
      "case_ids": [
        1423354,
        3773349
      ],
      "year": 1977,
      "pin_cites": [
        {
          "page": "629"
        }
      ],
      "opinion_index": 0,
      "case_paths": [
        "/f2d/569/0607-01",
        "/us-app-dc/186/0368-01"
      ]
    },
    {
      "cite": "186 U.S.App.D.C. 368",
      "category": "reporters:state",
      "reporter": "U.S. App. D.C.",
      "case_ids": [
        3773349
      ],
      "year": 1977,
      "pin_cites": [
        {
          "page": "390"
        }
      ],
      "opinion_index": 0,
      "case_paths": [
        "/us-app-dc/186/0368-01"
      ]
    },
    {
      "cite": "668 A.2d 822",
      "category": "reporters:state_regional",
      "reporter": "A.2d",
      "case_ids": [
        7869222
      ],
      "pin_cites": [
        {
          "page": "828-29"
        }
      ],
      "opinion_index": 0,
      "case_paths": [
        "/a2d/668/0822-01"
      ]
    },
    {
      "cite": "408 A.2d 364",
      "category": "reporters:state_regional",
      "reporter": "A.2d",
      "case_ids": [
        7964636
      ],
      "weight": 2,
      "opinion_index": 0,
      "case_paths": [
        "/a2d/408/0364-01"
      ]
    },
    {
      "cite": "285 A.2d 310",
      "category": "reporters:state_regional",
      "reporter": "A.2d",
      "case_ids": [
        8064389
      ],
      "pin_cites": [
        {
          "page": "312"
        }
      ],
      "opinion_index": 0,
      "case_paths": [
        "/a2d/285/0310-01"
      ]
    },
    {
      "cite": "93 L.Ed.2d 76",
      "category": "reporters:federal",
      "reporter": "L. Ed. 2d",
      "case_ids": [
        6159561
      ],
      "year": 1986,
      "opinion_index": 0,
      "case_paths": [
        "/us/335/0377-01"
      ]
    },
    {
      "cite": "107 S.Ct. 133",
      "category": "reporters:federal",
      "reporter": "S. Ct.",
      "year": 1986,
      "opinion_index": 0
    },
    {
      "cite": "479 U.S. 836",
      "category": "reporters:federal",
      "reporter": "U.S.",
      "case_ids": [
        6340738,
        6341187,
        6339651,
        6340166,
        6341416,
        6339181,
        6341774,
        6340368,
        6339954,
        6340948,
        6338904,
        6339482,
        6339803,
        6341597,
        6338527
      ],
      "year": 1986,
      "opinion_index": 0,
      "case_paths": [
        "/us/479/0836-10",
        "/us/479/0836-12",
        "/us/479/0836-05",
        "/us/479/0836-08",
        "/us/479/0836-13",
        "/us/479/0836-03",
        "/us/479/0836-15",
        "/us/479/0836-09",
        "/us/479/0836-07",
        "/us/479/0836-11",
        "/us/479/0836-02",
        "/us/479/0836-04",
        "/us/479/0836-06",
        "/us/479/0836-14",
        "/us/479/0836-01"
      ]
    },
    {
      "cite": "506 A.2d 1115",
      "category": "reporters:state_regional",
      "reporter": "A.2d",
      "case_ids": [
        7917743
      ],
      "weight": 5,
      "pin_cites": [
        {
          "page": "1117"
        },
        {
          "page": "1117"
        },
        {
          "page": "1117"
        }
      ],
      "opinion_index": 0,
      "case_paths": [
        "/a2d/506/1115-01"
      ]
    },
    {
      "cite": "460 U.S. 605",
      "category": "reporters:federal",
      "reporter": "U.S.",
      "case_ids": [
        6197411
      ],
      "weight": 3,
      "year": 1983,
      "opinion_index": 0,
      "case_paths": [
        "/us/460/0605-01"
      ]
    },
    {
      "cite": "486 U.S. 800",
      "category": "reporters:federal",
      "reporter": "U.S.",
      "case_ids": [
        6224266
      ],
      "weight": 3,
      "year": 1988,
      "pin_cites": [
        {
          "page": "817",
          "parenthetical": "quoting Arizona v. California, 460 U.S. 605, 618 n. 8,103 S.Ct. 1382, 1391 n. 8, 75 L.Ed.2d 318 (1983)"
        },
        {
          "page": "2178",
          "parenthetical": "quoting Arizona v. California, 460 U.S. 605, 618 n. 8,103 S.Ct. 1382, 1391 n. 8, 75 L.Ed.2d 318 (1983)"
        },
        {
          "parenthetical": "quoting Arizona v. California, 460 U.S. 605, 618 n. 8,103 S.Ct. 1382, 1391 n. 8, 75 L.Ed.2d 318 (1983)"
        }
      ],
      "opinion_index": 0,
      "case_paths": [
        "/us/486/0800-01"
      ]
    },
    {
      "cite": "193 F.2d 666",
      "category": "reporters:federal",
      "reporter": "F.2d",
      "case_ids": [
        511652
      ],
      "year": 1951,
      "pin_cites": [
        {
          "page": "669"
        }
      ],
      "opinion_index": 0,
      "case_paths": [
        "/f2d/193/0666-01"
      ]
    },
    {
      "cite": "89 U.S.App.D.C. 171",
      "category": "reporters:state",
      "reporter": "U.S. App. D.C.",
      "year": 1951,
      "pin_cites": [
        {
          "page": "174"
        }
      ],
      "opinion_index": 0
    },
    {
      "cite": "213 A.2d 581",
      "category": "reporters:state_regional",
      "reporter": "A.2d",
      "case_ids": [
        8092861
      ],
      "weight": 2,
      "pin_cites": [
        {
          "page": "583"
        }
      ],
      "opinion_index": 0,
      "case_paths": [
        "/a2d/213/0581-01"
      ]
    },
    {
      "cite": "104 L.Ed.2d 1040",
      "category": "reporters:federal",
      "reporter": "L. Ed. 2d",
      "year": 1989,
      "opinion_index": 0
    },
    {
      "cite": "109 S.Ct. 3178",
      "category": "reporters:federal",
      "reporter": "S. Ct.",
      "year": 1989,
      "opinion_index": 0
    },
    {
      "cite": "490 U.S. 1116",
      "category": "reporters:federal",
      "reporter": "U.S.",
      "case_ids": [
        605632,
        605026,
        605819,
        604926
      ],
      "year": 1989,
      "opinion_index": 0,
      "case_paths": [
        "/us/490/1116-02",
        "/us/490/1116-04",
        "/us/490/1116-03",
        "/us/490/1116-01"
      ]
    },
    {
      "cite": "545 A.2d 631",
      "category": "reporters:state_regional",
      "reporter": "A.2d",
      "case_ids": [
        7941357
      ],
      "pin_cites": [
        {
          "page": "633"
        }
      ],
      "opinion_index": 0,
      "case_paths": [
        "/a2d/545/0631-01"
      ]
    },
    {
      "cite": "617 A.2d 963",
      "category": "reporters:state_regional",
      "reporter": "A.2d",
      "case_ids": [
        7935480
      ],
      "pin_cites": [
        {
          "page": "969"
        }
      ],
      "opinion_index": 0,
      "case_paths": [
        "/a2d/617/0963-01"
      ]
    },
    {
      "cite": "411 A.2d 370",
      "category": "reporters:state_regional",
      "reporter": "A.2d",
      "case_ids": [
        11345199
      ],
      "weight": 3,
      "pin_cites": [
        {
          "page": "371"
        },
        {
          "page": "372"
        }
      ],
      "opinion_index": 0,
      "case_paths": [
        "/a2d/411/0370-01"
      ]
    },
    {
      "cite": "618 A.2d 601",
      "category": "reporters:state_regional",
      "reporter": "A.2d",
      "case_ids": [
        7359339
      ],
      "pin_cites": [
        {
          "page": "606"
        }
      ],
      "opinion_index": 0,
      "case_paths": [
        "/a2d/618/0601-01"
      ]
    },
    {
      "cite": "618 A.2d 609",
      "category": "reporters:state_regional",
      "reporter": "A.2d",
      "case_ids": [
        7359621
      ],
      "weight": 2,
      "pin_cites": [
        {
          "page": "614"
        }
      ],
      "opinion_index": 0,
      "case_paths": [
        "/a2d/618/0609-01"
      ]
    },
    {
      "cite": "90 L.Ed.2d 201",
      "category": "reporters:federal",
      "reporter": "L. Ed. 2d",
      "year": 1986,
      "opinion_index": 0
    },
    {
      "cite": "106 S.Ct. 1659",
      "category": "reporters:federal",
      "reporter": "S. Ct.",
      "year": 1986,
      "opinion_index": 0
    },
    {
      "cite": "475 U.S. 1129",
      "category": "reporters:federal",
      "reporter": "U.S.",
      "case_ids": [
        6438368,
        6438568,
        6438296,
        6438236,
        6438460
      ],
      "year": 1986,
      "opinion_index": 0,
      "case_paths": [
        "/us/475/1129-03",
        "/us/475/1129-05",
        "/us/475/1129-02",
        "/us/475/1129-01",
        "/us/475/1129-04"
      ]
    },
    {
      "cite": "777 F.2d 1508",
      "category": "reporters:federal",
      "reporter": "F.2d",
      "case_ids": [
        1521600
      ],
      "weight": 2,
      "opinion_index": 0,
      "case_paths": [
        "/f2d/777/1508-01"
      ]
    },
    {
      "cite": "90 Stat. 2641",
      "category": "laws:leg_session",
      "reporter": "Stat.",
      "opinion_index": 0
    },
    {
      "cite": "42 U.S.C. \u00a7 1988",
      "category": "laws:leg_statute",
      "reporter": "U.S.C.",
      "weight": 4,
      "opinion_index": 0
    },
    {
      "cite": "499 U.S. 432",
      "category": "reporters:federal",
      "reporter": "U.S.",
      "case_ids": [
        11319156
      ],
      "weight": 9,
      "year": 1991,
      "pin_cites": [
        {
          "page": "435"
        },
        {
          "page": "1437"
        },
        {
          "page": "437"
        },
        {
          "page": "1437"
        },
        {
          "page": "438"
        },
        {
          "page": "1438"
        }
      ],
      "opinion_index": 0,
      "case_paths": [
        "/us/499/0432-01"
      ]
    },
    {
      "cite": "535 A.2d 887",
      "category": "reporters:state_regional",
      "reporter": "A.2d",
      "case_ids": [
        7878704
      ],
      "weight": 2,
      "pin_cites": [
        {
          "page": "892"
        }
      ],
      "opinion_index": 0,
      "case_paths": [
        "/a2d/535/0887-01"
      ]
    },
    {
      "cite": "542 A.2d 359",
      "category": "reporters:state_regional",
      "reporter": "A.2d",
      "case_ids": [
        7871358
      ],
      "weight": 4,
      "pin_cites": [
        {
          "page": "361-62"
        },
        {
          "page": "361-62"
        }
      ],
      "opinion_index": 0,
      "case_paths": [
        "/a2d/542/0359-01"
      ]
    }
  ],
  "analysis": {
    "cardinality": 855,
    "char_count": 16156,
    "ocr_confidence": 0.71,
    "pagerank": {
      "raw": 1.7226507799727613e-07,
      "percentile": 0.7041740657466903
    },
    "sha256": "fe6306dc31d13d3b6fcd109a66bd1219e47abf6600a91f55b56db87a604628d7",
    "simhash": "1:b187b3f8ab9be51a",
    "word_count": 2641
  },
  "last_updated": "2024-02-27T19:33:44.544649+00:00",
  "provenance": {
    "date_added": "2019-08-29",
    "source": "Harvard",
    "batch": "2018"
  },
  "casebody": {
    "judges": [
      "Before FERREN, SCHWELB, and FARRELL, Associate Judges."
    ],
    "parties": [
      "LENKIN COMPANY MANAGEMENT, INC., Petitioner, v. DISTRICT OF COLUMBIA RENTAL HOUSING COMMISSION, Respondent. David Alexander, Intervenor."
    ],
    "opinions": [
      {
        "text": "FARRELL, Associate Judge:\nIn Alexander v. District of Columbia Rental Hous. Comm\u2019n, 542 A.2d 359 (D.C.1988) (Alexander I), a division of this court held that a pro se attorney who prevails in litigation under the District of Columbia Rental Housing Act is presumptively entitled to attorney\u2019s fees. The court remanded the case to the Rental Housing Commission for application of the presumption and, if necessary, determination of the proper amount of fees. Id. at 361-62. This petition for review following remand presents the single issue of whether the holding of Alexander I has been undermined by a later Supreme Court decision such that the present division should reverse that holding in the same case. In the circumstances presented, we hold that the law of the ease prevents our doing so. We therefore affirm the award of attorney\u2019s fees by the agency.\nI.\nDavid Alexander, an attorney proceeding pro se, prevailed at the agency level on his claim that his landlord, petitioner Lenkin Company Management (Lenkin), violated the statutory ban against implementing two rent increases within a six-month period. See D.C.Code \u00a7 45-1519(g) (1981). Alexander then sought attorney\u2019s fees under D.C.Code \u00a7 45-1592. While that application was pending, this court in Ungar v. District of Columbia Rental Hous. Comm\u2019n, 535 A.2d 887 (D.C.1987), held that D.C.Code \u00a7 45-2592, the attorney\u2019s fee provision of the successor statute, \u201ccreates a presumptive award of attorney\u2019s fees to the prevailing party\u2014 which may be withheld, in the court\u2019s discretion, if the equities indicate otherwise.\u201d Id. at 892. In Alexander I, relying on a decision interpreting the right to attorney\u2019s fees in federal civil rights litigation, we held that the presumption established in Ungar applied equally to attorney pro se tenants; we remanded to the Commission for application of the presumption and calculation of the amount of fees as appropriate for Alexander\u2019s work before the agency. Alexander I, supra, 542 A.2d at 361-62. The Commission in turn remanded to the Rental Accommodation and Conversion Division for a hearing, and in September 1991 a hearing examiner awarded Alexander $8,488.00 in attorney\u2019s fees for his work at the agency level.\nBefore the hearing examiner issued his decision and order, the Supreme Court decided Kay v. Ehrler, 499 U.S. 432, 111 S.Ct. 1435, 113 L.Ed.2d 486 (1991). It held unanimously that an attorney who represents himself in a federal civil rights action may not be awarded attorney\u2019s fees under 42 U.S.C. \u00a7 1988. Lenkin appealed the hearing examiner\u2019s award to the Commission on the ground, inter alia, that the examiner had failed to follow the Supreme Court\u2019s holding in Kay (Lenkin had preserved that point before the examiner). The Commission affirmed the examiner\u2019s order on the ground that the \u201claw of the case\u201d doctrine required adherence to Alexander I \u201cunless and until it is reversed or modified by the [District of Columbia Court of Appeals] sitting en banc.\u201d Lenkin then filed the instant petition.\nII.\nThere is no question that Kay, although it concerned a federal statute (the Civil Rights Attorney\u2019s Fees Awards Act of 1976, Pub.L. 94-559, 90 Stat. 2641, as amended, 42 U.S.C. \u00a7 1988), bears directly upon the correctness of the reasoning in Alexander I. That is because, in upholding the permissibility of an attorney\u2019s fee award to attorney pro se tenants under the District\u2019s Rental Housing Act, this court relied entirely upon the reasoning of a federal court which had held attorney\u2019s fees to be available to attorney pro se litigants under 42 U.S.C. \u00a7 1988. Alexander I, supra, 542 A.2d at 360-61 (citing and discussing with approval Duncan v. Poythress, 777 F.2d 1508 (11th Cir.1985) (en banc), cert. denied, 475 U.S. 1129, 106 S.Ct. 1659, 90 L.Ed.2d 201 (1986)). As Alexander concedes here, however, the Supreme Court in Kay, in holding that fees may not be awarded to a pro se attorney under 42 U.S.C. \u00a7 1988, implicitly rejected the analysis of Duncan v. Poythress. In the wake of Kay, a division of this court has expressed \u201cdoubt\u201d whether \u201cAlexander [I] would have been decided the way it was had Kay been available for consideration by the Court.\u201d McReady v. Department of Consumer & Regulatory Affairs, 618 A.2d 609, 614 (D.C.1992). See also Donahue v. Thomas, 618 A.2d 601, 606 (D.C.1992) (\u201cThe rationale of Alexander [I] rested exclusively on Duncan v. Poythress .... The Supreme Court\u2019s decision in Kay ..., however, effectively overrules Duncan ....\u201d). McReady and Donahue each interpreted the attorney\u2019s fee provision of the District of Columbia Freedom of Information Act; each followed Kay\u2019s reasoning and de-dined to follow Alexander I in holding (respectively) that neither a pro se attorney plaintiff nor a pro se non-attorney plaintiff may recover fees as a prevailing party under the District\u2019s FOIA\nIII.\nThe issue before us, however, is not whether the court in Alexander I, informed by Kay, would have dedded the attorney\u2019s fee issue differently, nor whether Alexander I is persuasive any longer in construing an unrelated statute such as the District\u2019s FOIA Indeed, the issue is not whether in an unrelated case interpreting D.C.Code \u00a7 45-2592 the court would adhere to Alexander I\u2019s holding despite Kay, although, as will be evident, that issue is very relevant to ours. The question before us is whether Alexander himself should be denied the fruits of Alexander I because the Kay decision intervened during the remand of the case. The answer depends on the doctrine of law of the ease.\nThat doctrine teaches that \u201conce the court has dedded a point in a case, that point becomes and remains settled unless or until it is reversed or modified by a higher court.\u201d Kritsidimas v. Sheskin, 411 A.2d 370, 371 (D.C.1980). As applicable here, the doctrine \u201cprecludes reopening questions resolved by an earlier appeal in the same case.\u201d Lynn v. Lynn, 617 A.2d 963, 969 (D.C.1992) (citations omitted). Lenkin does not contend that the holding of Alexander I was \u201creversed\u201d by the Supreme Court in Kay. \u201cOn a question of purely local law,\u201d such as interpretation of the District of Columbia Rental Housing Act, \u201cthis court is undeniably the final arbiter.\u201d Meiggs v. Associated Builders, Inc., 545 A.2d 631, 633 (D.C.1988), cert. denied, 490 U.S. 1116, 109 S.Ct. 3178, 104 L.Ed.2d 1040 (1989). Lenkin instead points to the fact that law of the case is \u201ca rule of practice,\u201d not affecting the court\u2019s power, Morse v. Morse, 213 A.2d 581, 583 (D.C.1965), and has limitations. Those very limitations, however, exhibit the reluctance of courts to depart from the doctrine. As we stated in Morse, the doctrine may be disregarded \u201cin a clear case showing that the earlier adjudication was plainly wrong and that its application would work a manifest injustice.\u201d Id. Accord, Mayflower Hotel Stockholders Protective Comm. v. Mayflower Hotel Corp., 89 U.S.App.D.C. 171, 174, 193 F.2d 666, 669 (1951). The Supreme Court similarly has stated that a court \u201cshould be loathe\u201d to revisit a prior decision \u201cin the absence of extraordinary circumstances such as where the initial decision was \u2018clearly erroneous and would work a manifest injustice.\u2019 \u201d Christianson v. Colt Indus. Operating Corp., 486 U.S. 800, 817, 108 S.Ct. 2166, 2178, 100 L.Ed.2d 811 (1988) (quoting Arizona v. California, 460 U.S. 605, 618 n. 8,103 S.Ct. 1382, 1391 n. 8, 75 L.Ed.2d 318 (1983)). Consistent with this principle, we have stated that the law of the case doctrine \u201cis limited in application only where (1) the first ruling has little or no finality, or (2) the first ruling is clearly erroneous in light of newly presented facts or a change in substantive law.\u201d Minick v. United States, 506 A.2d 1115, 1117 (D.C.) (citing Kritsidimas, supra, 411 A.2d at 372), cert. denied, 479 U.S. 836, 107 S.Ct. 133, 93 L.Ed.2d 76 (1986).\nLenkin wisely abandoned at oral argument the suggestion that Alexander I lacked finality on the issue whether a pro se attorney is presumptively entitled to fees as a prevailing party under the Rental Housing Act. The remand in the case was premised on that presumption. Lenkin also could not fairly maintain that giving Alexander the benefit of the issue decided in his case would \u201cwork a manifest injustice\u201d in light of Kay. A glance at Kay itself shows why. In holding that Congress did not intend pro se attorneys to recover fees under the Civil Rights Act, the Supreme Court acknowledged that neither of the two primary tools of statutory interpretation \u2014 \u201cthe text of the statute or its legislative history\u201d \u2014 \u201cprovides a clear answer.\u201d 499 U.S. at 435, 111 S.Ct. at 1437. Instead the Court looked to \u201cthe overriding statutory concern\u201d of the fee-shift provision, which was \u201cthe interest in obtaining independent counsel for victims of civil rights violations.\u201d Id. at 437, 111 S.Ct. at 1437. The Court concluded:\nA rule that authorizes awards of counsel fees to pro se litigants \u2014 even if limited to those who are members of the bar \u2014 would create a disincentive to employ counsel whenever such a plaintiff considered himself competent to litigate on his own behalf. The statutory policy of furthering the successful prosecution of meritorious claims is better served by a rule that creates an incentive to retain counsel in every such case.\nId. at 438, 111 S.Ct. at 1438. In thus adopting a \u201crule\u201d that \u201cbetter served\u201d the \u201cstatutory policy\u201d or \u201coverriding statutory concern,\u201d the Court can scarcely be said to have implied that the contrary rule (or statutory reading) exemplified by Duncan v. Poythress, supra, was manifestly unjust in operation. Kay therefore allows no similar impeachment of Alexander I.\nLenkin argues, nonetheless, that Alexander I found decisive support in Duncan\u2019s interpretation of the federal statute, and that Kay represents an unmistakable \u201cchange in substantive law,\u201d Minick, supra, 506 A.2d at 1117, by rejecting that interpretation. Admittedly, Alexander I (and Ungar before it) saw an identity of purpose between the two attorney\u2019s fee provisions. See also note 3, supra. But we do not think that a supervening interpretation of an unrelated statute constitutes the required change in substantive law merely because we looked to that statute for persuasive guidance in interpreting the Rental Housing Act.\nPerspective is gained if we consider this court\u2019s rule (followed in similar form by nearly every appellate court that sits in panels) governing rejection of a prior decision of the court in another case. That rule is that \u201cno division of this court will overrule a prior decision of this court ... and that such result can only be accomplished by this court en banc.\u201d M.A.P. v. Ryan, 285 A.2d 310, 312 (D.C.1971) (footnote omitted). Of course, we have recognized that M.AP. does not \u201coblige[] us to follow, inflexibly, a ruling whose philosophical basis has been substantially undermined by subsequent Supreme Court decisions.\u201d Frendak v. United States, 408 A.2d 364, 379 n. 27 (D.C.1979). A panel decision interpreting the Fourth Amendment, for example, would undoubtedly yield to a later Supreme Court decision on point. More problematical is whether, by itself, a later Supreme Court interpretation of a federal rule of procedure identical to a Superior Court rule would require a division to reject an earlier interpretation of the local rule. See Lee v. United States, 668 A.2d 822, 828-29 (D.C.1995) (rejecting previous interpretation of Super. Ct.Crim. R. 31(c) (1995) in light of later Supreme Court interpretation of corresponding federal rule but also in light of an \u201c[ir]reconeil[able]\u201d en banc decision of this court). In the present case, however, we are not concerned with \u201cclearly controlling doctrine later enunciated by the Supreme Court.\u201d Frendak, supra, 408 A.2d at 379 n. 27 (emphasis added) (citing Ralpho v. Bell, 186 U.S.App.D.C. 368, 390, 569 F.2d 607, 629 (1977)): the Rental Housing Act is not the Civil Rights Act. It is therefore far from apparent that a division in another case would be empowered to treat Alexander I as overruled by Kay. Yet if we do so in this case we risk arrogating to ourselves authority to do under a law of the case exception what we could only doubtfully do, if at all, under the kindred \u201claw of the court\u201d or en banc rule.\nAt all events, for a change in substantive law to justify departure from the law of the case, it must render the previous decision \u201cclearly erroneous.\u201d Minick, supra, 506 A.2d at 1117. In essence, all Kay did was to say that Duncan v. Poythress (and similar decisions), looked to analogously by Alexander I, had misread the purpose or \u201cstatutory policy\u201d of the Civil Rights Act. Although our decisions, including Alexander I, have strongly equated that purpose with the intent of the Rental Housing Act\u2019s attorney\u2019s fee provision, we do not believe this court \u2014 en banc or a division \u2014 could properly overrule Alexander I without a fresh examination of the latter purpose, something on which Kay of course has no direct bearing. It might well be that, as before, we would find no reason to differentiate between the two provisions and their scope, so that pro se prevailing attorneys would be ineligible for fees; we express no opinion on that point. But the very need to undertake that inquiry persuades us that Alexander I\u2019s holding, whatever may be said of its reliance on federal decisions, is not made clearly erroneous by Kay, and thus should not be overruled in the same case. Reexamination of Alexander I must await another case.\nAffirmed.\n. The 1980 Rental Housing Act, which was codified at D.C.Code \u00a7\u00a7 45-1501 to -1597 (1981), expired at the end of 1984. The District of Columbia Council reauthorized the statute as the Rental Housing Act of 1985, presently codified at D.C.Code \u00a7\u00a7 45-2501 to -2594 (1990 and Supp. 1995).\n. The Commission ultimately declined to award Alexander fees for his work on the petition filed with this court.\n.Since Alexander I we have again observed \"the similarity between D.C.Code \u00a7 45-2592 and the provisions of the [federal] Civil Rights Act ... with respect to attorney\u2019s fees.\u201d Hampton Courts Tenants\u2019 Assoc. v. District of Columbia Rental Hous. Comm\u2019n, 573 A.2d 10, 12 (D.C.1990); see also Tenants of 500 23rd Street, N.W. v. District of Columbia Rental Hous. Comm\u2019n, 617 A.2d 486, 489 (D.C.1992) (noting \"the remarkable similarities of language and intent between the attorney's fee provisions of\" the Civil Rights Act and the Rental Housing Act).\n. Lenkin similarly does not rely on newly presented facts.\n. \"When a local rule and a federal rule are identical, or nearly so, we will construe the local rule in a manner consistent with the federal rule to the extent possible under binding precedent, and we will look to federal court decisions interpreting the federal rule as persuasive authority in interpreting the local rule.\u201d Montgomery v. Jimmy\u2019s Tire & Auto Ctr., 566 A.2d 1025, 1027 (D.C.1989).\n. Cf. 1B James W. Moore, Moore's Federal Practice \u00b6 0.404 [4.-5], at 11-25 (2d ed. 1995) (noting that relationship between the en banc overruling rule and \"the practice under the doctrine of the law of the case is not altogether clear ... as to whether the effect of the in banc overruling rule is to preclude departure from the law of the case on the ground that the previous decision was clearly wrong and it would be unjust to let it stand\u201d).\n. The debate between the majority and the dissenting judge in McReady, supra, however, suggests that it is at least a point on which reasonable minds can disagree. Compare 618 A.2d at 613-14 (majority opinion) with id. at 626-27 & n. 33 (Ferren, J., dissenting).",
        "type": "majority",
        "author": "FARRELL, Associate Judge:"
      }
    ],
    "attorneys": [
      "Jack C. Sando, Bethesda, MD, for petitioner.",
      "David Alexander, pro se.",
      "John Payton, Corporation Counsel at the time, and Charles L. Reischel, Deputy Corporation Counsel, filed a Statement in Lieu of Brief, Washington, for respondent."
    ],
    "corrections": "",
    "head_matter": "LENKIN COMPANY MANAGEMENT, INC., Petitioner, v. DISTRICT OF COLUMBIA RENTAL HOUSING COMMISSION, Respondent. David Alexander, Intervenor.\nNo. 93-AA-578.\nDistrict of Columbia Court of Appeals.\nArgued April 16, 1996.\nDecided May 23, 1996.\nJack C. Sando, Bethesda, MD, for petitioner.\nDavid Alexander, pro se.\nJohn Payton, Corporation Counsel at the time, and Charles L. Reischel, Deputy Corporation Counsel, filed a Statement in Lieu of Brief, Washington, for respondent.\nBefore FERREN, SCHWELB, and FARRELL, Associate Judges."
  },
  "file_name": "0046-01",
  "first_page_order": 124,
  "last_page_order": 128
}
