{
  "id": 11868214,
  "name": "CITY OF PITTSBURGH/PMA MANAGEMENT CORPORATION, Petitioner, v. WORKERS' COMPENSATION APPEAL BOARD (FERRARO), Respondent",
  "name_abbreviation": "City of Pittsburgh/PMA Management Corp. v. Workers' Compensation Appeal Board",
  "decision_date": "1998-01-02",
  "docket_number": "",
  "first_page": "492",
  "last_page": "497",
  "citations": [
    {
      "type": "official",
      "cite": "705 A.2d 492"
    }
  ],
  "court": {
    "name_abbreviation": "Pa. Commw. Ct.",
    "id": 11887,
    "name": "Commonwealth Court of Pennsylvania"
  },
  "jurisdiction": {
    "id": 6,
    "name_long": "Pennsylvania",
    "name": "Pa."
  },
  "cites_to": [
    {
      "cite": "589 A.2d 291",
      "category": "reporters:state_regional",
      "reporter": "A.2d",
      "case_ids": [
        1415182
      ],
      "year": 1991,
      "opinion_index": 0,
      "case_paths": [
        "/pa-commw/139/0015-01"
      ]
    },
    {
      "cite": "658 A.2d 766",
      "category": "reporters:state_regional",
      "reporter": "A.2d",
      "case_ids": [
        472147,
        7872463
      ],
      "weight": 2,
      "year": 1995,
      "pin_cites": [
        {
          "page": "770"
        }
      ],
      "opinion_index": 0,
      "case_paths": [
        "/pa/540/0482-01",
        "/a2d/658/0766-01"
      ]
    },
    {
      "cite": "540 Pa. 482",
      "category": "reporters:state",
      "reporter": "Pa.",
      "case_ids": [
        472147
      ],
      "year": 1995,
      "opinion_index": 0,
      "case_paths": [
        "/pa/540/0482-01"
      ]
    },
    {
      "cite": "655 A.2d 518",
      "category": "reporters:state_regional",
      "reporter": "A.2d",
      "year": 1995,
      "opinion_index": 0
    },
    {
      "cite": "540 Pa. 588",
      "category": "reporters:state",
      "reporter": "Pa.",
      "year": 1995,
      "opinion_index": 0
    },
    {
      "cite": "643 A.2d 151",
      "category": "reporters:state_regional",
      "reporter": "A.2d",
      "case_ids": [
        7861424,
        1461186
      ],
      "year": 1995,
      "pin_cites": [
        {
          "page": "153"
        }
      ],
      "opinion_index": 0,
      "case_paths": [
        "/a2d/643/0151-01",
        "/pa-commw/164/0384-01"
      ]
    },
    {
      "cite": "631 A.2d 1011",
      "category": "reporters:state_regional",
      "reporter": "A.2d",
      "year": 1993,
      "opinion_index": 0
    },
    {
      "cite": "535 Pa. 640",
      "category": "reporters:state",
      "reporter": "Pa.",
      "year": 1993,
      "opinion_index": 0
    },
    {
      "cite": "623 A.2d 955",
      "category": "reporters:state_regional",
      "reporter": "A.2d",
      "case_ids": [
        1443663
      ],
      "year": 1993,
      "pin_cites": [
        {
          "page": "957"
        }
      ],
      "opinion_index": 0,
      "case_paths": [
        "/pa-commw/154/0408-01"
      ]
    },
    {
      "cite": "377 A.2d 1304",
      "category": "reporters:state_regional",
      "reporter": "A.2d",
      "weight": 2,
      "year": 1977,
      "pin_cites": [
        {
          "page": "1306"
        }
      ],
      "opinion_index": 0
    },
    {
      "cite": "516 Pa. 240",
      "category": "reporters:state",
      "reporter": "Pa.",
      "case_ids": [
        1808596
      ],
      "weight": 4,
      "year": 1987,
      "pin_cites": [
        {
          "page": "252"
        },
        {
          "page": "380"
        }
      ],
      "opinion_index": 0,
      "case_paths": [
        "/pa/516/0240-01"
      ]
    }
  ],
  "analysis": {
    "cardinality": 770,
    "char_count": 17666,
    "ocr_confidence": 0.702,
    "pagerank": {
      "raw": 1.327134682231574e-07,
      "percentile": 0.628167510924382
    },
    "sha256": "40a4341f5247f2735ec4280aab6d5e10458a697d2e412a9a566e9da992586fad",
    "simhash": "1:3e75a8ebd5059d6b",
    "word_count": 2953
  },
  "last_updated": "2024-02-27T22:44:40.241489+00:00",
  "provenance": {
    "date_added": "2019-08-29",
    "source": "Harvard",
    "batch": "2018"
  },
  "casebody": {
    "judges": [
      "Before COLINS, President Judge, MeGINLEY, J.(P.), and RODGERS, Senior Judge."
    ],
    "parties": [
      "CITY OF PITTSBURGH/PMA MANAGEMENT CORPORATION, Petitioner, v. WORKERS\u2019 COMPENSATION APPEAL BOARD (FERRARO), Respondent."
    ],
    "opinions": [
      {
        "text": "MeGINLEY, Judge.\nThe City of Pittsburgh (City) appeals from an order of the Workers\u2019 Compensation Appeal Board (Board) which reversed a decision of a referee to suspend Patricia Ferraro\u2019s (Claimant) workers\u2019 compensation benefits.\nThe City employed Claimant as a school crossing guard. On March 23, 1992, Claimant suffered a work-related injury, a lumbar strain. Pursuant to a notice of compensation payable dated April 15, 1992, Claimant received $202.10 per week in compensation benefits based upon an average weekly wage of $225.67. On July 10, 1992, Claimant signed a final receipt acknowledging that she was fully recovered from the work injury. Claimant\u2019s disability recurred, and the parties executed a supplemental agreement dated December 30,1992. Claimant returned to work on March 19, 1993, and the parties again executed a supplemental agreement dated April 23, 1993, and suspended Claimant\u2019s benefits. The parties executed another supplemental agreement on October 15,1993, and total disability benefits resumed on August 30,1993.\nWhile totally disabled, Claimant found that she was no longer able to care for her house, which was located within the City. Claimant stated she was unable to find a suitable residence within the City. She sold her City house and purchased one in- Shaler Township (Township). On September 30, 1993, Claimant, at the direction of her supervisor, resigned from her position as a school crossing guard. On October 6, 1993, Claimant closed on the purchase of the house in the Township.\nOn November 23, 1993, Claimant\u2019s physician, Dr. Paul Spencer Lieber (Dr. Lieber) released Claimant to full duty without restriction. The City then petitioned for termination, or in the alternative, suspension of Claimant\u2019s benefits as of November 23, 1993, on the basis that Dr. Lieber cleared Claimant to work and-that Claimant removed herself from the work force when she moved from the City. Claimant filed an answer denying the City\u2019s allegations.\nReferee\u2019s hearings were held on March 14, 1994, and on December 12, 1994. The City presented the deposition testimony of Elaine Alter (Alter), acting supervisor of school crossing guards for the City, and the deposition testimony of Dr. Lieber. Alter testified that Claimant\u2019s job would have remained available provided Claimant did not resign. Deposition of Elaine Alter, November 15, 1994, at 21; Reproduced Record (R.R.) at 79a.\nDr. Lieber, board certified in physical medicine and rehabilitation and also in elec-trodiagnostic medicine, testified that he treated Claimant fourteen times between December 1992, and March 1, 1994. Dr. Paul Spencer Lieber Deposition (Dr. Lieber Deposition), June 9, 1994, at 11; R.R. at 115a.-Dr. Lieber also testified that Claimant was able to return to work as a crossing guard as of November 23, 1993. Dr. Lieber Deposition at 20-21; R.R. at 124a-125a.\nClaimant testified and also presented the deposition testimony of Gerald W. Pifer, M.D. (Dr. Pifer). Claimant stated that at the time of the hearing the pain continued in her lower back and sometimes prevented her from walking. Notes of Testimony February 24, 1994, (N.T. 2/24/94) at 14; R.R.\u2019 at 18a. Claimant explained that she moved when she could no longer care for her house because of her back pain, and that she unsuccessfully searched for a house or an apartment within the City. Notes of Testimony, December 12, 1994, (N.T. 12/12/94) at 17; R.R. at 52a. Claimant further testified that she resigned from her position as a crossing guard at the direction of her supervisor, and if she were offered a job with the City, she would revoke her resignation. On cross . examination Claimant admitted that she did not seek employment after she resigned from the City.\nDr. Pifer, board certified in orthopedic surgery testified that he twice examined Claimant. Dr. Pifer opined within a reasonable degree of medical certainty that Claimant was disabled from carrying out various physical activities including working as a crossing guard. Dr. Pifer testified .that the cause of Claimant\u2019s disability was her fall in the course of her employment on March 23,1992. Deposition of Dr. Gerald W. Pifer, July 29, 1994, at 10; R.R. at 170a.\nOn June 22, 1995, the referee dismissed the City\u2019s termination petition, granted the City\u2019s suspension petition and made the following relevant findings of fact:\n14. Based upon a review of the foregoing as well as all evidence of record, this judge finds that the employer has met their (sic) burden of proof in the suspension petition.\na. In so finding, this judge accepts as credible and persuasive the testimony of Dr. Paul Lieber, who was the claimant\u2019s treating physician up until March of 1994. It is found that this doctor had various opportunities to evaluate the claimant during the time that she was under his care and was able to return to work for various periods of time.\nb. His testimony that the claimant was capable of performing the job duties of the school crossing guard is accepted as persuasive and credible.\nc. It is found, based upon the testimony of the claimant that she voluntarily removed herself from consideration of employment with the City of Pittsburgh by moving outside of the city limits. The testimony of the claimant that she needed to move because she could not take care of her house, which was a large home, is found to be credible, however, it is specifically found by this judge that the claimant could have moved to a smaller residence within the City of Pittsburgh but instead chose to remove herself from consideration of employment by moving to Shaler which is outside the City of Pittsburgh. It is noted that the Claimant\u2019s testimony reflects that when she told Sergeant Lalle that she had purchased a home in Shaler, she was told that she would not be permitted to continue to work for the employer because she would be living outside of the City of Pittsburgh.\nd. This judge does not find the testimony of Dr. Pifer to be as persuasive as the testimony of Dr. Lieber. It is noted that on neurological examination of Dr. Pifer found the claimant to be normal.\nReferee\u2019s Decision, June 22, 1995, Findings of Fact No. 14 at 10; R.R. at 224a.\nClaimant appealed to the Board which reversed the order of the referee and reinstated Claimant\u2019s benefits. The Board concluded that City had the burden under Kachinski v. Workers\u2019 Compensation Appeal Board (Vepco Construction Co.), 516 Pa. 240, 532 A.2d 374 (1987) to prove that a job was actually available for Claimant and was actually referred to Claimant. Quoting Kachin-ski, the Board defined the term \u201cactually available\u201d as follows:\n[A] position may be found to be \u2018actually available\u2019 or within the Clairiiant\u2019s reach, if it can be performed by the Claimant, having regard to his physical restrictions and limitations, his age, his intellectual capacity, his education, his previous work experience, and other relevant considerations, such as his place of residence, (citations omitted).\nBoard Opinion, February 11, 1997, at 4; R.R. at 232a.\nThe Board also reviewed whether the City was limited to proving the availability of work in the geographical area where Claimant presently lived as opposed to the municipality where she worked at the time of her injury. Adhering to this Court\u2019s decision in Yellow Freight System, Inc. v. Workmen\u2019s Compensation Appeal Board (Dennis), 32 Pa.Cmwlth. 147, 377 A.2d 1304 (1977), the Board reasoned that absent bad faith on the part of Claimant in moving, the City had the burden of proving that a job was available to Claimant that was compatible with her new residence. The Board did not find any evidence of bad faith on the part of Claimant in moving from the City. Therefore, the Board determined that the school crossing guard position the City offered to Claimant in November 1993, was not \u201cactually available\u201d and reversed. The City appeals.\nOn appeal the City contends that the Board erred in reversing the referee\u2019s decision because Claimant was released by Dr. Lieber to perform her time of injury job and could not return for reasons totally unrelated to her work injury. The City also contends that the Board erroneously reversed the referee because Claimant removed herself from the work force by moving outside the City even though she knew that City residency was a condition of employment.\nWhen seeking a suspension of compensation benefits, the employer must establish that the claimant\u2019s disability has decreased to the point that the claimant is capable of performing his pre-injury job or other work without loss of earnings and that such work is available. Carpentertoum Coal & Coke Co. v. Workmen\u2019s Compensation Appeal Board (Seybert), 154 Pa.Cmwlth. 408, 623 A.2d 955, 957, petition for allowance of appeal denied, 535 Pa. 640, 631 A.2d 1011 (1993). Our Pennsylvania Supreme Court adopted the following requirements which an employer must meet to satisfy its burden to modify compensation payments:\n1. The employer who seeks to modify a claimant\u2019s benefits on the basis that he has recovered some or all of his ability must first produce medical evidence of a change in the employee\u2019s condition.\n2. The employer must produce evidence of a referral or referrals to a then open job (or jobs), which fits the occupational category which the claimant has been given medical clearance e.g., light work, sedentary work, etc.\n3. The claimant must then demonstrate that he has in good faith followed through on the job referral(s).\n4. If the referral fails to result in a job then claimant\u2019s benefits should continue.\nKachinski 516 Pa. at 252, 532 A.2d at 380.\nAdditionally, if the claimant unequivocally states that he or she has no intention of seeking future employment, an employer need not prove the availability of employment. Moreno-Leonardo v. Workmen\u2019s Compensation Appeal Board (Kozel Engineering), 164 Pa.Cmwlth. 384, 643 A.2d 151, 153, allocatur granted, 540 Pa. 588, 655 A.2d 518 (1995).\nIn the present case the referee found, based upon the City\u2019s medical evidence, that Claimant\u2019s condition changed and that.she was able to return to work as a crossing guard as of November 23, 1993. The City satisfied the first step of the Kachinski burden.\nAs to the second step of the Kachinski burden, the City did not produce evidence of a referral to an available job. Alter testified that Claimant\u2019s job as a crossing guard would have been available to Claimant if she had not resigned when she moved from the City. This unique situation presents the following difficulty. City employees must reside in the City. Claimant testified that she resigned fi\u2019om her position with the City only because her supervisor told her that she had to resign if she no longer resided in the City. Claimant stated she was willing to revoke her resignation if the City offered her a job as a crossing guard. The City treated Claimant\u2019s move to the Township and resignation as evidence that she. was unable to return to her time of injury job for reasons unrelated to her injury and that she voluntarily removed herself from the work force.\nHowever, as the Board pointed out, the Act does not restrict a disabled employee from moving from the geographical area of his time , of injury job. If the move is made in good faith, an employer, to modify.benefits, must refer the disabled employee to jobs within reach of the employee\u2019s new residence. In Yellow Freight, Forrest Dennis (Dennis), a worker, suffered a work-related injury and received compensation. Dennis was later cleared to work with, some restrictions. Yellow Freight System, Inc. (Yellow Freight), Dennis\u2019 employer, offered Dennis various jobs in Lancaster where Dennis had lived at the time of his injury. However, Dennis had moved to Delaware after the injury. This Court held that Yellow Freight had to find jobs for Dennis which were within geographical reach of his new residence. Yellow Freight, 377 A.2d at 1306.\nHere Claimant moved from the City to the Township based on the belief that she could no longer adequately care for her house. The referee found no bad faith on the part of Claimant in making this move. Even though the Township geographically neighbors the City, Claimant could not return to her time of injury job, if offered, because of the residency requirement. We must answer the question whether a person injured while working a job with a residency requirement should be forced, while disabled, to remain within the municipal boundaries of the employer or risk losing benefits. The City proposes that a disabled City employee who moves from the City, and at the direction of her supervisor tenders a resignation, removes herself from the work force, and is subject to a suspension of benefits.\nWe are not persuaded that a suspension under such circumstances is appropriate. No one contests that Claimant moved to the Township in good faith. In order to satisfy the second step of Kachinski the City must find work available to Claimant within- reach of her current residence. The City failed to produce evidence of referrals for any available jobs and did not meet its burden for a suspension.\nUnderstandably, the City relies on Harle v. Workmen\u2019s Compensation Appeal Board (Telegraph Press, Inc.), 540 Pa. 482, 658 A.2d 766 (1995), but we believe this is the incorrect path. Harle stands for the proposition that an employer is entitled to a suspension of benefits when an employee who has been released to work his time of injury job fails to do so for reasons unrelated to the work injury. In Harle, our Pennsylvania Supreme Court suspended John Harle\u2019s (Harle) benefits after Harle returned to work at a lower paying job in the same field after his employer had ceased operations. The Court reasoned that Harle\u2019s loss in earnings was not the result of his injury but was caused by economic factors unrelated to his injury. The Court suspended Harle\u2019s benefits because Harle still had a work-related injury. Harle, 540 Pa. at 489, 658 A.2d at 770. Pivotal in Harle was that economic factors caused the loss of earnings rather than the relocation of a disabled worker.\nThe record does not support the City\u2019s assertion that Claimant voluntarily removed herself from the work force when she relocated outside the City. Claimant was disabled at the time of her move, and she resigned only because of the City\u2019s demand. She further testified that if the City offered a job to her, she would revoke her resignation.\nAccordingly, the order of the Board is affirmed.\nORDER\nAND NOW, this 2nd day of January, 1998, the order of the Workers\u2019 Compensation Appeal Board at No. A95-2678 and dated February 11,1997, is affirmed.\n. Referees are now called Workers' Compensation Judges under the new amendments effective August 31, 1993, to Section 401 of the Workers\u2019 Compensation Act (Act), Act of June 2, 1-915, P.L. 736, as amended, 77 P.S. \u00a7 701. See Section 14, Act 44, Act of July 2, 1993, P.L. 190. Because this action was commenced prior to the effective date of the amendments, this Court will refer to Pamela L. Briston as a referee and not as a Workers\u2019 Compensation Judge.\n. Attorney Klein, representing Claimant, questioned Claimant concerning her resignation.\nQ: Why did you resign?\nA: I was told that I had to resign.\nQ: If you had not been told that you had to resign in order to move, would you have resigned?\nA: No, because I went through therapy and it returned me back to work and I would be fine for a little while and then the pain came back and I would have to go and see the doctor again and be back on therapy and taking medication and cortisone shots.\nN.T. 2/24/94 at 16, 20; R.R. at 20a, 24a. .\nAt the second hearing Attorney Bum, representing Claimant, questioned Claimant concerning her resignation.\nQ: Why did you leave?\nA: I left because-am I allowed to say that I was told?\nQ: If you give me the name of the person. By whom?\nA: Sergeant Lalley (phonetic) was the only one taking care of me at that time.\nQ: Is that your supervisor?\nA; That was the supervisor at that time. And I told her that I had bought this house and I said it\u2019s a small house and I said I had to have it for my condition. And she said where\u2019s it at. I said it's in Shaler. And she shook her head and she said -You can not live in the City of Pittsburgh. You can not (sic) work for us, if you don\u2019t live in Pittsburgh.\nN.T. 12/12/94 at 12-13; R.R. at 47a-48a.\nClaimant also expressed her desire to work.\nQ: If Mr. Soilis would offer on behalf of the Ci1y of Pittsburgh, offer you a job as a crossing guard for the City of Pittsburgh, would you revoke your resignation?\nA: Yes, I would. I want to work. I am an active woman. I want to work. It\u2019s just that I am afraid with the pain.\nN.T. 2/24/94 at 17; R.R. at 21a.\n. Although the Board\u2019s opinion refers to the City\u2019s offer of Claimant's time of injury job to her in November, 1993, there-is nothing in the record to indicate that the job was offered to her, only that it would have been available had Claimant not resigned.\n. Our review is limited to determining whether constitutional rights were violated, whether an error of law was committed or whether necessary findings of fact are supported by substantial evidence. Vinglinsky v. Workmen's Compensation Appeal Board (Penn Installation), 139 Pa.Cmwlth. 15, 589 A.2d 291 (1991).",
        "type": "majority",
        "author": "MeGINLEY, Judge."
      }
    ],
    "attorneys": [
      "Dale A. Cable, Pittsburgh, for petitioner.",
      "James R. Burn, Jr., Pittsburgh, for respondent."
    ],
    "corrections": "",
    "head_matter": "CITY OF PITTSBURGH/PMA MANAGEMENT CORPORATION, Petitioner, v. WORKERS\u2019 COMPENSATION APPEAL BOARD (FERRARO), Respondent.\nCommonwealth Court of Pennsylvania.\nArgued Nov. 6, 1997.\nDecided Jan. 2, 1998.\nDale A. Cable, Pittsburgh, for petitioner.\nJames R. Burn, Jr., Pittsburgh, for respondent.\nBefore COLINS, President Judge, MeGINLEY, J.(P.), and RODGERS, Senior Judge."
  },
  "file_name": "0492-01",
  "first_page_order": 548,
  "last_page_order": 553
}
