{
  "id": 7345833,
  "name": "Lores GRANVILLE, Appellant, v. James HUNT, Appellee",
  "name_abbreviation": "Granville v. Hunt",
  "decision_date": "1989-11-17",
  "docket_number": "Nos. 88-1073, 88-1074",
  "first_page": "65",
  "last_page": "69",
  "citations": [
    {
      "type": "official",
      "cite": "566 A.2d 65"
    }
  ],
  "court": {
    "name_abbreviation": "D.C.",
    "id": 11933,
    "name": "District of Columbia Court of Appeals"
  },
  "jurisdiction": {
    "id": 56,
    "name_long": "District of Columbia",
    "name": "D.C."
  },
  "cites_to": [
    {
      "cite": "319 F.Supp. 213",
      "category": "reporters:federal",
      "reporter": "F. Supp.",
      "case_ids": [
        3178627
      ],
      "pin_cites": [
        {
          "page": "315"
        }
      ],
      "opinion_index": 0,
      "case_paths": [
        "/f-supp/319/0213-01"
      ]
    },
    {
      "cite": "491 F.2d 751",
      "category": "reporters:federal",
      "reporter": "F.2d",
      "opinion_index": 0
    },
    {
      "cite": "58 F.R.D. 4",
      "category": "reporters:specialty",
      "reporter": "F.R.D.",
      "case_ids": [
        356890
      ],
      "opinion_index": 0,
      "case_paths": [
        "/frd/58/0004-01"
      ]
    },
    {
      "cite": "398 A.2d 354",
      "category": "reporters:state_regional",
      "reporter": "A.2d",
      "case_ids": [
        7977143
      ],
      "pin_cites": [
        {
          "page": "364"
        }
      ],
      "opinion_index": 0,
      "case_paths": [
        "/a2d/398/0354-01"
      ]
    },
    {
      "cite": "311 A.2d 829",
      "category": "reporters:state_regional",
      "reporter": "A.2d",
      "case_ids": [
        8035903
      ],
      "pin_cites": [
        {
          "page": "830"
        }
      ],
      "opinion_index": 0,
      "case_paths": [
        "/a2d/311/0829-01"
      ]
    },
    {
      "cite": "404 A.2d 967",
      "category": "reporters:state_regional",
      "reporter": "A.2d",
      "case_ids": [
        8046973
      ],
      "pin_cites": [
        {
          "page": "970"
        }
      ],
      "opinion_index": 0,
      "case_paths": [
        "/a2d/404/0967-01"
      ]
    },
    {
      "cite": "389 A.2d 1362",
      "category": "reporters:state_regional",
      "reporter": "A.2d",
      "case_ids": [
        8030631
      ],
      "opinion_index": 0,
      "case_paths": [
        "/a2d/389/1362-01"
      ]
    },
    {
      "cite": "476 A.2d 1143",
      "category": "reporters:state_regional",
      "reporter": "A.2d",
      "case_ids": [
        7915705
      ],
      "weight": 4,
      "pin_cites": [
        {
          "page": "1145"
        },
        {
          "page": "1145",
          "parenthetical": "court must consider the reasons for the delay"
        },
        {
          "page": "1145"
        }
      ],
      "opinion_index": 0,
      "case_paths": [
        "/a2d/476/1143-01"
      ]
    },
    {
      "cite": "444 A.2d 932",
      "category": "reporters:state_regional",
      "reporter": "A.2d",
      "case_ids": [
        7980567
      ],
      "opinion_index": 0,
      "case_paths": [
        "/a2d/444/0932-01"
      ]
    },
    {
      "cite": "64 L.Ed.2d 275",
      "category": "reporters:federal",
      "reporter": "L. Ed. 2d",
      "weight": 2,
      "year": 1980,
      "pin_cites": [
        {
          "parenthetical": "since dismissal under Rule 41(b"
        }
      ],
      "opinion_index": 0
    },
    {
      "cite": "100 S.Ct. 1857",
      "category": "reporters:federal",
      "reporter": "S. Ct.",
      "weight": 2,
      "year": 1980,
      "pin_cites": [
        {
          "parenthetical": "since dismissal under Rule 41(b"
        }
      ],
      "opinion_index": 0
    },
    {
      "cite": "446 U.S. 921",
      "category": "reporters:federal",
      "reporter": "U.S.",
      "case_ids": [
        6230758,
        6232999,
        6231688,
        6230953,
        6232681,
        6233966,
        6232367,
        6232029,
        6233619,
        6231197,
        6233305,
        6231421
      ],
      "weight": 2,
      "year": 1980,
      "pin_cites": [
        {
          "parenthetical": "since dismissal under Rule 41(b"
        }
      ],
      "opinion_index": 0,
      "case_paths": [
        "/us/446/0921-01",
        "/us/446/0921-09",
        "/us/446/0921-05",
        "/us/446/0921-02",
        "/us/446/0921-08",
        "/us/446/0921-12",
        "/us/446/0921-07",
        "/us/446/0921-06",
        "/us/446/0921-11",
        "/us/446/0921-03",
        "/us/446/0921-10",
        "/us/446/0921-04"
      ]
    },
    {
      "cite": "407 A.2d 585",
      "category": "reporters:state_regional",
      "reporter": "A.2d",
      "case_ids": [
        7975876
      ],
      "weight": 2,
      "pin_cites": [
        {
          "page": "590"
        }
      ],
      "opinion_index": 0,
      "case_paths": [
        "/a2d/407/0585-01"
      ]
    },
    {
      "cite": "490 A.2d 1151",
      "category": "reporters:state_regional",
      "reporter": "A.2d",
      "case_ids": [
        7912451
      ],
      "weight": 4,
      "pin_cites": [
        {
          "page": "1155",
          "parenthetical": "emphasis in original; citations omitted"
        },
        {
          "page": "1155-56",
          "parenthetical": "trial court must consider lesser sanctions such as dismissal without prejudice in proper exercise of discretion under Rule 41(b)"
        },
        {
          "page": "1155"
        }
      ],
      "opinion_index": 0,
      "case_paths": [
        "/a2d/490/1151-01"
      ]
    }
  ],
  "analysis": {
    "cardinality": 672,
    "char_count": 11895,
    "ocr_confidence": 0.747,
    "pagerank": {
      "raw": 1.0671598183255285e-07,
      "percentile": 0.55865322650085
    },
    "sha256": "cc4b7430bca8febe89b2d14b7538479505f864d61a9694471fdb5e4733774996",
    "simhash": "1:12af7cfd08c68ddf",
    "word_count": 1947
  },
  "last_updated": "2024-02-27T22:16:06.560347+00:00",
  "provenance": {
    "date_added": "2019-08-29",
    "source": "Harvard",
    "batch": "2018"
  },
  "casebody": {
    "judges": [
      "Before NEWMAN, STEADMAN and FARRELL, Associate Judges."
    ],
    "parties": [
      "Lores GRANVILLE, Appellant, v. James HUNT, Appellee."
    ],
    "opinions": [
      {
        "text": "STEADMAN, Associate Judge:\nThis case involves a dismissal with prejudice under Super.Ct.Civ.R. 41(b) for failure to prosecute two actions brought by appellant. Since we find that the trial court did not properly exercise its discretion with respect to its dismissal of appellant\u2019s constructive trust claim, we reverse the dismissal as to that case. We affirm the dismissal with respect to appellant\u2019s assault action.\nIn LaPrade v. Lehman, 490 A.2d 1151 (D.C.1985), we reviewed the controlling legal principles governing Rule 41(b) dismissals with prejudice:\nWe may not, in any case, uphold a dismissal with prejudice under Rule 41(b) absent some showing that the trial court has complied with the guidelines we have set forth for exercises of discretion to dismiss under that rule. We have repeatedly emphasized that a Rule 41(b) dismissal \u201cis a drastic remedy, and should only be granted sparingly.\u201d Since \u201cthe sanction of dismissal is the most severe sanction that a court may apply, its use must be tempered by a careful exercise of judicial discretion.\u201d Dismissal with prejudice is an appropriate sanction only upon \u201cclear evidence of deliberate delay\u201d or upon a showing of \u201ccontumacious conduct by the plaintiff. ...\u201d In the exercise of its discretion under Rule 41(b), the trial court \u201cshould \u25a0first resort to the wide range of lesser sanctions which it may impose.\u201d\n490 A.2d at 1155 (emphasis in original; citations omitted). See also Taylor v. Washington Hospital Center, 407 A.2d 585, 590 (D.C.1979), cert. denied, 446 U.S. 921, 100 S.Ct. 1857, 64 L.Ed.2d 275 (1980) (since dismissal under Rule 41(b) is \u201c \u2018a final and definitive doom\u2019 precluding a preferred disposition on the merits ... the trial court is well-advised to consider apply-mg a lesser sanction, and an appellate court may well find an abuse of discretion where there has been no showing that the defendant actually would be prejudiced by the delay\u201d) (citations omitted).\nThe complaints in the appeal before us were filed in November 1981. The parties are two former lovers who are together the parents of a child. One action principally involved two alleged assaults by the defendant upon the plaintiff. The other sought to reform a deed and impose a constructive trust on the defendant\u2019s record interest in the home occupied by the plaintiff and her children, alleging that the defendant\u2019s name was added to the deed as a tenant in common for the sole purpose of enabling plaintiff to obtain financing and that plaintiff had paid all taxes, mortgage payments, and repair costs since the property\u2019s acquisition in 1977. Following the filing of the complaints, the defendant was served in the assault action but apparently not in the constructive trust action. The motion to dismiss with prejudice was triggered by the service in early 1988 of summons in both cases, following several changes in legal representation.\nEach of appellee\u2019s respective motions to dismiss averred that appellant \u201cin the intervening six and a half years [since the complaints were filed] has failed to take any action in this case or [to] prosecute the claim\u201d and that, \u201cbecause of the extraordinarily large lapse of time without any action on the part of the plaintiff, the defendant would be seriously prejudiced in attempting to prepare a defense to the complaint.\u201d\nA brief hearing was held by the trial court, at which only arguments of counsel were presented. It then granted the motions, stating by way of explanation: \u201cThe length of time involved in and of itself puts such an air of staleness over both of these matters that they cannot continue in this court.\u201d In arguing his motions to dismiss, counsel for the defendant, while advocating dismissal of both cases, nevertheless emphasized that of the two suits, the assault action presented the stronger case for dismissal. Counsel asserted that as to the assault case, defendant \u201cwould be at a great disadvantage seven years later trying to resurrect witnesses, statements, other factors that would be needed to defend the case.\u201d Counsel also pointed to a consent order entered into by the parties in December 1981 as an additional reason why \u201cthat\u2019s the stronger of the two why it should be dismissed.\u201d As for the constructive trust case, counsel did not in any manner particularize for the court the way in which the delay would prejudice his client, but stated simply, \u201c[t]he other case, there hasn\u2019t been service for seven years and I think that\u2019s just too long for any plaintiff to wait.\u201d\nIndeed, in discussing the preelusive effect of a dismissal in each case, counsel for both parties appeared to recognize that the two cases by nature and circumstances were not identically postured. Defendant\u2019s counsel stated \u201cI just can\u2019t see how the assault and battery case can go forward at this late date, even if they were to refile new. The other case is certainly more troubling because it does deal with title to real estate.\u201d Counsel for plaintiff noted that in his view dismissal of the constructive trust action would not have preclusive effect.\nThe court, however, despite the awareness of the parties during the colloquy regarding the differing aspects of the two cases, treated the two identically in disposition, without evidencing in either the oral or written order reasoning tailored to the specifics of each case. See Morgan v. Leitner, 444 A.2d 932 (D.C.1982) (trial court must make a full explication of the factors surrounding its decision to dismiss). Brief inquiry as to the proper preclusive effect of a dismissal in each of the cases is not sufficient to show that the trial court adequately considered the lesser sanction of dismissal without prejudice, LaPrade, supra, 490 A.2d at 1155-56 (trial court must consider lesser sanctions such as dismissal without prejudice in proper exercise of discretion under Rule 41(b)), nor is it clear that the court gave due consideration to all of those factors which we have deemed necessary to the proper exercise of discretion in dismissal cases. See Battle v. Jackson, 476 A.2d 1143, 1145 (D.C.1984) (besides length of delay and resulting prejudice court must consider reasons for the delay).\nWe nonetheless affirm the trial court\u2019s dismissal with respect to the assault case. The trial court did not abuse its discretion in finding in the seven year delay in prosecuting the assault action such inherent prejudice as would justify dismissal of that claim. Concern regarding the prejudice inherent in a time delay in prosecuting an assault case is reflected in the statute of limitations applicable to such an action, which is one year. D.C.Code \u00a7 12-301 (1981). As defendant\u2019s counsel asserted at the hearing, the very nature of the case leads to the supposition that a seven year time delay would have a deleterious effect on the ability of his client to defend himself against the suit.\nAs for the constructive trust action, however, it is not at all self-evident that substantial prejudice to the defendant\u2019s ability to defend himself is an inherent consequence of plaintiff\u2019s delay in prosecuting the case. As distinguishable from a suit over a discrete event, an equitable action involving property rights is by nature not so time-sensitive. This characteristic of a constructive trust action is reflected in the fact that neither D.C.Code \u00a7 12-301(1), providing a fifteen year statute of limitations \u201cfor the recovery of lands, tenements, or hereditaments,\u201d nor the three year \u201ccatchall\u201d statute of limitations of \u00a7 12-301(8) is strictly applicable to constructive trust actions. Rather, the guiding principle is one of laches. Watwood v. Yambrusic, 389 A.2d 1362, 1363 n. 3 (D.C.1978); see Schmittinger v. Schmittinger, 404 A.2d 967, 970 (D.C.1979) (equitable defense of laches established only where court finds an undue and unexplained delay on the part of one party which works an injustice to the other party). Thus, while we unquestionably share the trial court\u2019s concern over the length of the delay, we cannot sustain as a \u201ccareful exercise of judicial discretion,\u201d LaPrade, supra, 490 A.2d at 1155, the trial court\u2019s dismissal of the constructive trust action where the court\u2019s sole basis for its disposition was its view that \u201cstaleness\u201d was inherent in \u201c[t]he length of time in and of itself.\u201d\nFurthermore, although counsel offered by way of explanation for the delay in prosecuting the constructive trust action the fact that the parties had been engaged in negotiations during the years, and that they had reconciled for a time, the court apparently did not take this explanation into account or explore it further. See Battle v. Jackson, supra, 476 A.2d at 1145 (court must consider the reasons for the delay); Wells v. Wynn, 311 A.2d 829, 830 (D.C.1973) (long, unexplained delay requires dismissal); see also Johnson v. United States, 398 A.2d 354, 364 (D.C.1979) (exercise of discretion must rest on \u201cfirm factual foundation\u201d). Nor did the trial court give due regard for the distinctive attributes of the constructive trust action as one sounding in equity or the drastic consequences of a loss to plaintiff of a half-ownership interest in her home. We accordingly reverse the dismissal with regard to the constructive trust action (No. 88-1074), while affirming the dismissal of plaintiffs assault action (No. 88-1073).\nSo ordered.\n. That Rule provides in pertinent part: \"For failure of the plaintiff to prosecute ... defendant may move for dismissal of an action or of any claim against him.\u201d A dismissal under Rule 41(b), unless otherwise specified, is with prejudice. Taylor v. Washington Hospital Center, 407 A.2d 585, 590 n. 3 (D.C.1979), cert. denied, 446 U.S. 921, 100 S.Ct. 1857, 64 L.Ed.2d 275 (1980).\n. An earlier statement of these general principles in the precise context of a lengthy delay in prosecution (although not as extreme as here) appears in Battle v. Jackson, 476 A.2d 1143, 1145 (D.C.1984): \"Among the factors that the court must consider are the length of the delay, the reasons for the delay, and any prejudice to the defendant as a result of the delay.\u201d\n. The complaint also set forth a related claim of false imprisonment and sought repayment of two relatively small loans to defendant.\n. She had two children in addition to that fathered by the defendant.\n.That agreement provided that, pending the outcome of the case, the defendant should stay away from the home, and provided for visitation rights by the defendant with their child.\n. It is true that although defendant was served with process in the assault case, he never filed an answer. (Possibly the entry of the consent order the month following service was considered sufficient for the moment.) However, this failure is not totally determinative.\n[P] Iaintiff cannot shift the responsibility of inaction to the defendant. There is no reason why the party being sued should take any steps to subject himself to the expense and inconvenience of a trial, if the plaintiff\u2019s neglect could reasonably give the defendant the hope or expectation that the case will never be tried.\n5 J. Moore, J. Lucas & J. Wicker, Moore's Federal Practice \u00b641.11[2], at 41-124 to -25 (2d ed. 1988) (citing S & K Airport Drive-In, Inc. v. Paramount Film Distrib. Corp., 58 F.R.D. 4 (E.D.Pa.), aff'd sub nom. S & K Airport Drive-In, Inc. v. Warner, 491 F.2d 751 (3d Cir.1973)); see also Forest Nursery Co. v. Crete Carrier Corp., 319 F.Supp. 213, 315 (E.D.Tenn.1970) (order to show cause why action should not be dismissed for want of prosecution even though defendant had not filed answer six months after service, referring to rule providing for entry of default).",
        "type": "majority",
        "author": "STEADMAN, Associate Judge:"
      }
    ],
    "attorneys": [
      "A. Palmer Ifill filed a brief for appellant."
    ],
    "corrections": "",
    "head_matter": "Lores GRANVILLE, Appellant, v. James HUNT, Appellee.\nNos. 88-1073, 88-1074.\nDistrict of Columbia Court of Appeals.\nSubmitted July 12, 1989.\nDecided Nov. 17, 1989.\nA. Palmer Ifill filed a brief for appellant.\nBefore NEWMAN, STEADMAN and FARRELL, Associate Judges."
  },
  "file_name": "0065-01",
  "first_page_order": 111,
  "last_page_order": 115
}
