{
  "id": 7996513,
  "name": "STATE v. Roland E. BOURDEAU, Jr.",
  "name_abbreviation": "State v. Bourdeau",
  "decision_date": "1982-08-06",
  "docket_number": "No. 81-186-C.A.",
  "first_page": "1247",
  "last_page": "1250",
  "citations": [
    {
      "type": "official",
      "cite": "448 A.2d 1247"
    }
  ],
  "court": {
    "name_abbreviation": "R.I.",
    "id": 10179,
    "name": "Supreme Court of Rhode Island"
  },
  "jurisdiction": {
    "id": 15,
    "name_long": "Rhode Island",
    "name": "R.I."
  },
  "cites_to": [
    {
      "cite": "109 R.I. 371",
      "category": "reporters:state",
      "reporter": "R.I.",
      "case_ids": [
        3150907
      ],
      "weight": 2,
      "year": 1972,
      "opinion_index": 0,
      "case_paths": [
        "/ri/109/0371-01"
      ]
    },
    {
      "cite": "422 A.2d 921",
      "category": "reporters:state_regional",
      "reporter": "A.2d",
      "case_ids": [
        7949730
      ],
      "weight": 3,
      "year": 1980,
      "opinion_index": 0,
      "case_paths": [
        "/a2d/422/0921-01"
      ]
    },
    {
      "cite": "389 A.2d 1229",
      "category": "reporters:state_regional",
      "reporter": "A.2d",
      "case_ids": [
        8519367
      ],
      "year": 1978,
      "opinion_index": 0,
      "case_paths": [
        "/ri/120/0523-01"
      ]
    },
    {
      "cite": "115 R.I. 576",
      "category": "reporters:state",
      "reporter": "R.I.",
      "case_ids": [
        3118410
      ],
      "weight": 2,
      "year": 1976,
      "opinion_index": 0,
      "case_paths": [
        "/ri/115/0576-01"
      ]
    },
    {
      "cite": "113 R.I. 544",
      "category": "reporters:state",
      "reporter": "R.I.",
      "case_ids": [
        3128199
      ],
      "weight": 2,
      "year": 1974,
      "opinion_index": 0,
      "case_paths": [
        "/ri/113/0544-01"
      ]
    },
    {
      "cite": "109 R.I. 360",
      "category": "reporters:state",
      "reporter": "R.I.",
      "case_ids": [
        3150547
      ],
      "weight": 2,
      "year": 1972,
      "opinion_index": 0,
      "case_paths": [
        "/ri/109/0360-01"
      ]
    },
    {
      "cite": "402 A.2d 1185",
      "category": "reporters:state_regional",
      "reporter": "A.2d",
      "case_ids": [
        3185035
      ],
      "weight": 4,
      "year": 1979,
      "pin_cites": [
        {
          "page": "1186"
        },
        {
          "page": "1187"
        },
        {
          "page": "1187"
        }
      ],
      "opinion_index": 0,
      "case_paths": [
        "/ri/121/0766-01"
      ]
    },
    {
      "cite": "112 R.I. 706",
      "category": "reporters:state",
      "reporter": "R.I.",
      "case_ids": [
        3139192
      ],
      "weight": 6,
      "year": 1974,
      "pin_cites": [
        {
          "page": "710"
        },
        {
          "page": "55"
        }
      ],
      "opinion_index": 0,
      "case_paths": [
        "/ri/112/0706-01"
      ]
    },
    {
      "cite": "411 U.S. 778",
      "category": "reporters:federal",
      "reporter": "U.S.",
      "case_ids": [
        10343
      ],
      "weight": 3,
      "year": 1973,
      "opinion_index": 0,
      "case_paths": [
        "/us/411/0778-01"
      ]
    },
    {
      "cite": "113 R.I. 443",
      "category": "reporters:state",
      "reporter": "R.I.",
      "case_ids": [
        3126528
      ],
      "weight": 2,
      "year": 1974,
      "opinion_index": 0,
      "case_paths": [
        "/ri/113/0443-01"
      ]
    },
    {
      "cite": "408 U.S. 471",
      "category": "reporters:federal",
      "reporter": "U.S.",
      "case_ids": [
        1782797
      ],
      "weight": 12,
      "year": 1972,
      "pin_cites": [
        {
          "page": "482"
        },
        {
          "page": "2601"
        },
        {
          "page": "495"
        },
        {
          "page": "489"
        },
        {
          "page": "2604"
        },
        {
          "page": "499"
        },
        {
          "page": "489"
        },
        {
          "page": "2604"
        },
        {
          "page": "499"
        }
      ],
      "opinion_index": 0,
      "case_paths": [
        "/us/408/0471-01"
      ]
    }
  ],
  "analysis": {
    "cardinality": 496,
    "char_count": 8780,
    "ocr_confidence": 0.764,
    "pagerank": {
      "raw": 1.6730771033244833e-06,
      "percentile": 0.9931889851493272
    },
    "sha256": "86ea6f3e30dd01c9ff6353efa414ccbfd63413d4dacdd4b71c4a1359a93776fe",
    "simhash": "1:bee9c8b9a1280f49",
    "word_count": 1439
  },
  "last_updated": "2024-02-27T20:03:03.393785+00:00",
  "provenance": {
    "date_added": "2019-08-29",
    "source": "Harvard",
    "batch": "2018"
  },
  "casebody": {
    "judges": [],
    "parties": [
      "STATE v. Roland E. BOURDEAU, Jr."
    ],
    "opinions": [
      {
        "text": "OPINION\nBEVILACQUA, Chief Justice.\nIn January 1981, a violation hearing was held before a justice of the Superior Court. The trial justice found that the defendant, Roland E. Bourdeau, Jr., had violated the terms of his deferred and suspended sentences previously imposed on October 5, 1978. The defendant appeals, contending that, in finding a violation, the trial justice acted arbitrarily and capriciously.\nAt the hearing, the complaining witness\u2019s testimony indicated that on December 19, 1980, she left her place of employment in Seekonk, Massachusetts, at approximately 11 p. m. and drove to Kennedy Plaza in Providence where she was to meet her girl friend. She arrived at the plaza at approximately 11:30 p. m. and parked her car. While she was waiting in her car for her girl friend, defendant pulled up next to her, requested a match, and thereupon entered her car. After a short conversation, she asked defendant to leave. Instead, he grabbed her by the throat and threatened to kill her if she did not go with him in his ear. Acceding to his demand, she got out of her car and entered defendant\u2019s car. The defendant then drove her to a secluded area in the city of Cranston and forced her to have sexual relations with him. Prior to returning her to the plaza, defendant allowed her to get out of the car and enter a diner to purchase a soda. Finally, she testified that she allowed defendant to have sexual intercourse with her because she was in fear that in the event she resisted or attempted to run away, he would follow through on his threat to kill her.\nIn his testimony, defendant admitted that he had sexual relations with the complaining witness, but stated that she acted voluntarily, and that no threats were made. He testified that, in fact, the encounter was initiated by the complaining witness. The defendant also testified that while riding around the plaza after the incident, he was given a citation for speeding, and the complaining witness was in the car with him. Contrary to defendant\u2019s testimony, the police officer who gave defendant the citation testified that it was given to defendant at approximately 11:25 p. m. and that there was a male passenger in the automobile at the time.\nThe complaining witness\u2019s girl friend testified that at approximately 12:30 a. m., on December 20, 1980, she went to meet the witness at the Kennedy Plaza. When the girl friend arrived at the plaza, the complaining witness was not there, but her car was parked in the lot. Later that day the girl friend spoke with the complaining witness on the telephone and, as a result of such conversation, the girl friend contacted the police department. Subsequently, they drove together to the police station where the complaining witness gave her story of the incident to the police.\nAt the violation hearing, the trial justice reviewed the evidence in great detail and found that defendant\u2019s testimony was completely discredited by the testimony of the other witnesses. He therefore held that under the circumstances he was more than reasonably satisfied that defendant had violated the conditions of his probation. On appeal, defendant claims that his right to due process, as guaranteed by the Fourteenth Amendment and his right to confrontation, under the Sixth Amendment, were denied.\nIt is well established that a probation revocation hearing is not part of a criminal prosecution, and, thus, does not call for the full panoply of rights due a defendant in such a criminal proceeding. Morrissey v. Brewer, 408 U.S. 471, 92 S.Ct. 2593, 33 L.Ed.2d 484 (1972). As we have previously held, the sole purpose of the hearing is to determine whether or not a condition of the probation or the deferred-sentence agreement has been breached. State v. Skirvin, 113 R.I. 443, 322 A.2d 297 (1974). However, a revocation hearing may result in the loss of liberty, and therefore is subject to constitutional safeguards. Gagnon v. Scarpelli, 411 U.S. 778, 93 S.Ct. 1756, 36 L.Ed.2d 656 (1973); Morrissey v. Brewer, 408 U.S. at 482, 92 S.Ct. at 2601, 33 L.Ed.2d at 495; State v. Bettencourt, 112 R.I. 706, 315 A.2d 53 (1974). The minimum due-process requirements of a violation hearing call for notice of the hearing, notice of the claimed violation, the opportunity to be heard and present evidence in defendant\u2019s behalf, and the right to confront and cross-examine the witnesses against defendant. Morrissey v. Brewer, 408 U.S. at 489, 92 S.Ct. at 2604, 33 L.Ed.2d at 499. Because the violation hearing is an informal proceeding, however, strict application of the rules of evidence is not required. State v. Bettencourt, 112 R.I. at 710, 315 A.2d at 55. Moreover, the state is not required to prove a violation beyond a reasonable doubt; rather, the violation need only be established by reasonably satisfactory evidence. State v. Studman, R.I., 402 A.2d 1185 (1979). In addition, hearsay evidence may be introduced at the hearing. Charest v. Howard, 109 R.I. 360, 285 A.2d 381 (1972).\nNeedless to say, if a person at liberty on a suspended sentence does not comply with the terms of his probation, it is within the discretion of the trial justice to vacate the suspension. State v. Studman, R.I., 402 A.2d at 1186. On review, we are limited to a consideration of whether the trial justice acted arbitrarily or capriciously in finding a violation. Gonsalves v. Howard, 113 R.I. 544, 324 A.2d 338 (1974). Nevertheless, the weighing of this evidence and assessment of the credibility of the witnesses at the violation hearing are functions of the trial justice. State v. Studman, R.I., 402 A.2d at 1187; see Raheb v. Lemenski, 115 R.I. 576, 350 A.2d 397 (1976).\nEssentially, the issue before the trial justice in the instant case was one of credibility. The defendant argues that because no evidence was presented by anyone other than the complaining witness to rebut defendant\u2019s testimony, the trial justice acted arbitrarily and capriciously in rejecting defendant\u2019s testimony as a \u201cbundle of lies.\u201d We cannot agree.\nIn his decision, the trial justice examined and analyzed in detail the testimony of all the witnesses and chose to reject defendant\u2019s version and to accept the complaining witness\u2019s testimony. As we have previously held;\n\u201cThis court, with only a barren record before it rather than the flesh and blood of live witnesses, cannot possibly evaluate credibility.\u201d State v. Studman, R.I., 402 A.2d at 1187.\nAccordingly, we hold that the trial justice did not act arbitrarily or capriciously in assessing the credibility of the witnesses at the hearing, and in holding that he was reasonably satisfied that defendant committed a violation.\nThe defendant also argues that the trial justice arbitrarily limited the scope of cross-examination in violation of defendant\u2019s Sixth Amendment right to confrontation. As previously stated, even in a violation hearing, there exists a constitutional right to confront and cross-examine adverse witnesses unless the hearing officer specifically finds good cause for not allowing confrontation. See Morrissey v. Brewer, 408 U.S. at 489, 92 S.Ct. at 2604, 33 L.Ed.2d at 499; State v. DeRoche, R.I., 389 A.2d 1229 (1978). Thus, during the violation hearing, the trial justice must give reasonable latitude to the cross-examiner to allow the defendant to establish possible bias, prejudice, or ulterior motives of the adverse witness. State v. Anthony, R.I., 422 A.2d 921 (1980). However, the scope of cross-examination is subject to the exercise of the trial justice\u2019s sound discretion. Id. We will not disturb the trial justice\u2019s decision on this matter unless there was a clear abuse of discretion, and then only if such abuse constituted prejudicial error. Id.\nAfter a careful examination of the record, we find that the trial justice gave the defendant reasonable latitude to cross-examine the adverse witnesses. In fact, the defendant has failed to point to anything in the record which indicates an abuse of discretion by the trial justice on the scope of cross-examination.\nAccordingly, the defendant\u2019s appeal is denied and dismissed, the judgment appealed from is affirmed, and the case is remanded to the Superior Court for further proceedings.\n. We have previously held that for purposes of constitutional protections there is no distinction between a hearing for violation of a suspended sentence and one for violation of a deferred-sentence agreement. See State v. Bet-tencourt, 112 R.I. 706, 315 A.2d 53 (1974); State v. Plante, 109 R.I. 371, 285 A.2d 395 (1972).",
        "type": "majority",
        "author": "BEVILACQUA, Chief Justice."
      }
    ],
    "attorneys": [
      "Dennis J. Roberts, II, Atty. Gen., Sharon O\u2019Keefe, Thomas H. Caruolo, Sp. Asst. At-tys. Gen., for plaintiff.",
      "Thomas A. Tarro, III, Providence, for defendant."
    ],
    "corrections": "",
    "head_matter": "STATE v. Roland E. BOURDEAU, Jr.\nNo. 81-186-C.A.\nSupreme Court of Rhode Island.\nAug. 6, 1982.\nDennis J. Roberts, II, Atty. Gen., Sharon O\u2019Keefe, Thomas H. Caruolo, Sp. Asst. At-tys. Gen., for plaintiff.\nThomas A. Tarro, III, Providence, for defendant."
  },
  "file_name": "1247-01",
  "first_page_order": 1297,
  "last_page_order": 1300
}
