{
  "id": 6082511,
  "name": "In re Ackerman",
  "name_abbreviation": "In re Ackerman",
  "decision_date": "1934-06-12",
  "docket_number": "No. 3194",
  "first_page": "1192",
  "last_page": "1195",
  "citations": [
    {
      "type": "official",
      "cite": "21 C.C.P.A. 1192"
    },
    {
      "type": "parallel",
      "cite": "71 F.2d 198"
    }
  ],
  "court": {
    "name_abbreviation": "C.C.P.A.",
    "id": 8989,
    "name": "United States Court of Customs and Patent Appeals"
  },
  "jurisdiction": {
    "id": 39,
    "name_long": "United States",
    "name": "U.S."
  },
  "cites_to": [
    {
      "cite": "70 F. (2d) 906",
      "category": "reporters:federal",
      "reporter": "F.2d",
      "case_ids": [
        6082004,
        269622
      ],
      "opinion_index": 0,
      "case_paths": [
        "/ccpa/21-2/1112-01",
        "/f2d/70/0906-01"
      ]
    }
  ],
  "analysis": {
    "cardinality": 455,
    "char_count": 9045,
    "ocr_confidence": 0.471,
    "sha256": "8f5ebc199f4b94b91b1a0eaac80ece6452b94269e106d0e49135747365a69b7f",
    "simhash": "1:e663185be1efb4aa",
    "word_count": 1473
  },
  "last_updated": "2024-02-27T22:19:24.427712+00:00",
  "provenance": {
    "date_added": "2019-08-29",
    "source": "Harvard",
    "batch": "2018"
  },
  "casebody": {
    "judges": [
      "Before Graham, Presiding Judge, and Bland, Hatfield1, Garrett, and Lenroot, Associate Judges"
    ],
    "parties": [
      "In re Ackerman"
    ],
    "opinions": [
      {
        "text": "Hatfield, Judge,\ndelivered the opinion of the court:\nThis is an appeal from the decision of the Board of Appeals of the United States Patent Office affirming the decision of the Primary Examiner rejecting all of the claims, Nos. 1 to 20, inclusive, in appellant\u2019s application for a patent for an alleged invention relating to improvements in a machine for producing perforated tapes \u201c adapted to control the release of matrices and spacers of typographical composing machines, such as linotype machines.\u201d\nClaims 1, 10, and 16 are illustrative. They read:\n1. In a machine for producing a perforated tape adapted to control the release of matrices and spacers of a typographical composing machine, the combinations of a tape perforating apparatus, means for feeding the tape tlierethru, a keyboard controlling the operation of the perforating apparatus and adapted to produce in the tape a series of symbols representative of a line of matrices and spacers to be released by the tape, a set of indicators varying in thickness to correspond to the matrices and spacers of said typographical composing machine, and means actuated by the keyboard for composing in line, one at a time as each symbol is produced in the tape, a series of indicators corresponding in thickness to the matrices and spacers represented by said symbol; whereby the operator may determine with accuracy the number of symbols which should be made in the tape to compose a line of matrices and spacers of a given length.\n10. A perforating machine including, in combination, a perforating mechanism, a composing mechanism, and a single keyboard for operating both of said mechanisms simultaneously.\n16. A perforating machine including, in combination, a tape perforating mechanism for producing a series of symbols representative of a line of characters to\u2018 be reproduced by the tape, a keyboard controlling the operation of said perforated apparatus, a magazine containing a set of typographical elements, escapements controlling the release of said elements from the magazine, a series of escapement actuating reeds, power-operated devices for actuating the reeds, a corresponding series of trip dogs for controlling the operation of the reeds, spring-actuated slides for actuating the trip dogs, and intermediate devices operable automatically and controlled by the actuation of the various finger keys of the keyboard for releasing the slides to actuate the trip dogs, and for locking them in their inactive position against the tension of their actuating springs.\nThe references are:\nNicholas, et al., 964678, July 19, 1910.\nWolters, et al\u201e 1608012, Nov. 23, 1926.\nThe patent to Nicholas et al. relates to a type-composing machine. It discloses a keyboard, an indicator, which includes, among other things, a dial and a pointer, and a set of punches. The tape perfo-rators or punches are operated directly from the keyboard. \u201c The keys simultaneously actuate the punches and register on the indicator the length of line set up.\u201d\nThe patent to Wolters et al. discloses a linotype machine having a magazine operated by a keyboard. Matrices are dropped on an inclined belt and assembled in a \u201c collector.\u201d \u201c The length of line can be varied and pointers indicate the length set on a scale * * *.\nWhen a line is completed it is fed to'the usual elevator and redistributing mechanism.\u201d Lugs or notches on the matrices actuate the perforating mechanism by \u201c sensing feelers.\u201d \u201c The notches are arranged in code combination to actuate punches which perforate a code that may be sensed in a type-casting machine.\u201d\nAppellant\u2019s device consists of a perforating mechanism, a composing mechanism, and, as stated in claim 10, a keyboard for operating \u201c both of said mechanisms simultaneously.\u201d All of the appealed claims, except 5 and 13 to 16, inclusive, were rejected by the tribunals of the Patent Office on the ground that it did not involve invention to \u201c substitute in the modern linotype of Wolters et al. the electrical punch means of Nicholas et al.\u201d\nClaims 5 and 13 to 16, inclusive, were rejected on the ground that they did not define -a true combination, but rather an aggregation, of parts.\nWith reference to claims 1 to 4, inclusive, 6 to 12, inclusive, and 17 to 20, inclusive, the Board of Appeals, among other things, said:\nThe machine of Wolters et al. anticipate applicant's machine to the extent that it has the same or any desired capacity to handle a wide range of sizes of type. The two machines are alike in that they operate on blanks or indicators imitating type in size and utilize them to measure off linos. They differ in the way in which the measured lines are transferred in code to the tape. Every condition of the appealed claims 1 to 4, 6 to 12, and 17 to 20 is satisfied by broadly associating the perforating mechanism of Nicholas et al. with the keyboard and line assembling means of Wolters et al. This requires no more than disconnecting the Nicholas ct al. perforator from the Nicholas et al. keyboard and connecting it in the same way in the Wolters et al. machine. The operator would then observe the line asembling [assembling] element of Wolters et al. instead of the dial of the Nicholas et al. meter. This alteration or substitution does not accomplish any new unobvious result. In the above association the Wolters et al. perforating mechanism could continue to operate if desired or be disconnected. In either case the Nicholas et al. perforating attachment would work in the way it was intended and produce the same result as applicant\u2019s perforator. Such broad association of these known features is not believed to constitute patentable merit.\nWith reference to claims 5 and 13 to 16, inclusive, the board stated:\nClaims 5 and 13 to 16 have been rejected on the ground of aggregation. This relates to the specific mechanism for operating the matrix or blank-feeding elements, and appears to be, as noted by the Examiner, purely an improvement relating to details of conventional composing or linotype machines. These details appear to be altogether independent of the above-discussed combination of a composing machine and tape-perforating mechanism. We agree with the Examiner\u2019s conclusion that this detail is merely aggregative in this relation and should be claimed as a separate subject of improvement. The Examiner, however, points out that the details of it read fairly upon the mechanism of Wolters et al. and would not constitute patentable matter.\nIt is conceded by counsel for appellant that the patent to Wolters et al. discloses, in combination, the \u25a0 three elements defined in the appealed claims. It is contended, however, that those elements are combined in an altogether different way in the Wolters et al. patent; that is,'the patentee\u2019s \u201ckeyboard operates only the composing mechanism by which the circulating elements are set up in line, and the tape perforating mechanism is operated, not by the keyboard, but by the circulating elements thus composed in line \u201d, whereas in appellant\u2019s machine the perforating mechanism and the composing mechanism are both operated simultaneously by the keyboard; that appellant\u2019s combination is broadly new; and that, as it is neither anticipated nor suggested by either of the references, it involves invention and is patentable.\nAppellant points out in his specification that his combined perforating and composing machine, made up of three units, to wit, a perforating mechanism, a composing mechanism, and a keyboard for operating the perforating and composing mechanisms simultaneously, \u201c may be of any well known or approved construction so long as they [the units] are combined in such manner that the composing operations take place simultaneously with the perforating operations.\u201d\nWe have carefully considered the arguments of counsel for appellant in connection with the clear and comprehensive discussion of the issues by the Primary Examiner and by the Board of Appeals, and have reached the conclusion that the tribunals of the Patent Office were right in holding that it did not involve invention to combine the two references so as to simultaneously operate the perforating mechanism and the composing mechanism by a single keyboard, in the manner set forth in claims 1 to 4, inclusive, 6 to 12, inclusive, and 17 to 20, inclusive. We are also of opinion that claims 5 and 13 to 16, inclusive, are unpatentable for the reasons stated in the decisions below. See In re Henry Hueber and Erwin C. Horton, Patent Appeal No. 3291, decided May 31, 1934, 21 C.C.P.A. (Patents) 1112, 70 F. (2d) 906.\nThe decision of the Board of Appeals is affirmed.",
        "type": "majority",
        "author": "Hatfield, Judge,"
      }
    ],
    "attorneys": [
      "Morrison, Kennedy cG OamvpbeU (Luther E. Morrison of counsel) for\u2019 appellant.",
      "T. A. Sostetler (Soward 8. Miller of counsel) for the Commissioner of Patents."
    ],
    "corrections": "",
    "head_matter": "71 F. (2d) 198\nIn re Ackerman\n(No. 3194)\nUnited States Court of Customs and Patent Appeals,\nJune 12, 1934\nMorrison, Kennedy cG OamvpbeU (Luther E. Morrison of counsel) for\u2019 appellant.\nT. A. Sostetler (Soward 8. Miller of counsel) for the Commissioner of Patents.\n[Oral argument January 11, 1934, by Mr. Morrison and Mr. -Miller]\nBefore Graham, Presiding Judge, and Bland, Hatfield1, Garrett, and Lenroot, Associate Judges"
  },
  "file_name": "1192-01",
  "first_page_order": 508,
  "last_page_order": 511
}
