{
  "id": 7870046,
  "name": "CITY OF PORTLAND, et al. v. FISHERMAN'S WHARF ASSOCIATES II",
  "name_abbreviation": "City of Portland v. Fisherman's Wharf Associates II",
  "decision_date": "1988-04-27",
  "docket_number": "",
  "first_page": "160",
  "last_page": "164",
  "citations": [
    {
      "type": "official",
      "cite": "541 A.2d 160"
    }
  ],
  "court": {
    "name_abbreviation": "Me.",
    "id": 9543,
    "name": "Maine Supreme Judicial Court"
  },
  "jurisdiction": {
    "id": 42,
    "name_long": "Maine",
    "name": "Me."
  },
  "cites_to": [
    {
      "cite": "506 A.2d 1160",
      "category": "reporters:state_regional",
      "reporter": "A.2d",
      "case_ids": [
        7918539
      ],
      "pin_cites": [
        {
          "page": "1163-64"
        }
      ],
      "opinion_index": 0,
      "case_paths": [
        "/a2d/506/1160-01"
      ]
    },
    {
      "cite": "381 A.2d 643",
      "category": "reporters:state_regional",
      "reporter": "A.2d",
      "case_ids": [
        7994508
      ],
      "weight": 2,
      "pin_cites": [
        {
          "page": "647"
        }
      ],
      "opinion_index": 0,
      "case_paths": [
        "/a2d/381/0643-01"
      ]
    },
    {
      "cite": "406 A.2d 94",
      "category": "reporters:state_regional",
      "reporter": "A.2d",
      "case_ids": [
        8039455
      ],
      "pin_cites": [
        {
          "page": "97"
        }
      ],
      "opinion_index": 0,
      "case_paths": [
        "/a2d/406/0094-01"
      ]
    },
    {
      "cite": "477 A.2d 741",
      "category": "reporters:state_regional",
      "reporter": "A.2d",
      "case_ids": [
        7903505
      ],
      "pin_cites": [
        {
          "page": "746"
        }
      ],
      "opinion_index": 0,
      "case_paths": [
        "/a2d/477/0741-01"
      ]
    },
    {
      "cite": "42 U.S.C. \u00a7 1983",
      "category": "laws:leg_statute",
      "reporter": "U.S.C.",
      "pin_cites": [
        {
          "parenthetical": "Count VI"
        }
      ],
      "opinion_index": 0
    }
  ],
  "analysis": {
    "cardinality": 759,
    "char_count": 15609,
    "ocr_confidence": 0.749,
    "pagerank": {
      "raw": 3.104655448311133e-07,
      "percentile": 0.8595767552471206
    },
    "sha256": "45149d3cd0d87f79c9e617408f1c79c88673c3120ace9fafaef031f04242b388",
    "simhash": "1:089490f3991e4605",
    "word_count": 2510
  },
  "last_updated": "2024-02-27T22:56:34.904088+00:00",
  "provenance": {
    "date_added": "2019-08-29",
    "source": "Harvard",
    "batch": "2018"
  },
  "casebody": {
    "judges": [
      "Before McKUSICK, C.J., and NICHOLS, ROBERTS, GLASSMAN, SCOLNIK and CLIFFORD, JJ."
    ],
    "parties": [
      "CITY OF PORTLAND, et al. v. FISHERMAN\u2019S WHARF ASSOCIATES II."
    ],
    "opinions": [
      {
        "text": "SCOLNIK, Justice.\nThe City of Portland, the Attorney General and the Working Waterfront Coalition appeal from a judgment of the Superior Court (Cumberland County), declaring that an initiated ordinance cannot be retroactively applied to a development application that the defendant, Fisherman\u2019s Wharf Associates II, filed while the initiated ordinance was pending. The defendant cross-appeals that portion of the judgment that dismissed a number of its counterclaims as moot. We vacate the judgment.\nI.\nOn December 22, 1986, the text of a proposed amendment to the City of Portland\u2019s zoning ordinance was filed with the Portland City Clerk together with an originating petition requesting its submission to the voters for adoption. The proposed amendment essentially sought to limit the development of the Portland waterfront to marine related uses. A provision of the amendment, or initiated ordinance, expressly stated that, if enacted, its provisions \u201cshall be applicable to all pending proced-ings [sic], applications and petitions commenced after December 22, 1986, which is the date of filing this initiative in the City Clerk\u2019s office of the City of Portland.\u201d\nOn February 11, 1987, the defendant, Fisherman\u2019s Wharf Associates II (\u201cFWA II\u201d), a Maine general partnership, filed an application for a permit to develop property located on Commercial Street in Portland known as \u201cFisherman\u2019s Wharf.\u201d FWA II\u2019s predecessor in title, Fisherman\u2019s Wharf Associates, had entered into a purchase and sale agreement for the property with Harris Realty Co. on November 21, 1986 and had closed on the purchase on December 29, 1986. FWA II acquired title to the property from Fisherman\u2019s Wharf Associates on February 19, 1987. The parties have stipulated that both Fisherman\u2019s Wharf Associates and FWA II knew of the contents of the proposed initiated ordinance and its retroactive provisions prior to acquiring title to the property.\nOn February 26, 1987, the period for obtaining signatures on the originating initiative petition closed, and on March 2, 1987, the City Clerk certified that a sufficient number of signatures had been obtained to place the initiated ordinance on the ballot of the May 5, 1987 city-wide election. The City of Portland accepted FWA II\u2019s Application for permit approval and initiated the review and approval process with the knowledge that if the requisite number of signatures were obtained, the initiated ordinance would be voted on in the May 5th election, and that the initiated ordinance, by its terms, would apply to applications filed after December 22, 1986. The project, as filed and as considered by the City, met the land use requirements of Portland\u2019s City Code then in force. It did not, however, meet the requirements of the initiated ordinance.\nOn April 28, 1987, the Planning Board for the City of Portland granted final approval of FWA II\u2019s application for site plan and other approvals subject to certain conditions. On May 5,1987, the citizens of the City of Portland voted in favor of the initiated ordinance, and on May 7, 1987, the initiated ordinance was declared passed. On June 4,1987, the building permit for the project was approved and signed by the city building authority, but was not delivered to FWA II pending a determination of the duties of the appropriate city officials.\nIn a complaint filed on June 4, 1987, the City of Portland, its Director of Planning and Urban Development, and its City Manager sought a declaration of their duties with regard to the issuance of permits to FWA II as well as their right to enforce the initiated ordinance against FWA II. FWA II answered and counterclaimed, asserting that the provisions of 1 M.R.S.A. \u00a7 302 (1979) prohibited the application of the initiated ordinance to its project and requesting the court to order the City and its agencies to issue and deliver the building permit (Counts I & II). FWA II also sought to invalidate the initiated ordinance on other grounds, alleging that it violated the Maine Constitution, state statutes, the Comprehensive Plan for the City of Portland, and the Portland Land Use Code (Count III); that it constituted a deprivation of property without due process of law in violation of the Maine and United States Constitutions (Count IV); that it constituted a taking of property without just compensation (Count V); and that it constituted a violation of FWA II\u2019s civil rights within the meaning of 42 U.S.C. \u00a7 1983 (Count VI).\nOn July 21, 1987, FWA II filed a motion for preliminary injunction and on August 7, 1987, the City of Portland moved for summary judgment. During this time, the \u201cWorking Waterfront Coalition\u201d intervened, and the Attorney General filed a notice of intervention pursuant to 14 M.R. S.A. \u00a7 5963 (1980). A hearing on the motions for injunctive relief and summary judgment was held on September 3, 1987.\nIn an order dated September 10, 1987, the Superior Court ruled that the initiated ordinance did not apply to the pending application filed by FWA II, and that FWA II was entitled to the issuance of the building permit and to the occupancy of the premises when constructed in conformity with the approved plans. Accordingly, as to Counts I and II of FWA II's counterclaim, the court ordered the City of Portland and its agents to issue the building permit as requested. The court dismissed the remaining counts of the counterclaim as moot in light of its ruling on Counts I and II. The City of Portland, the city officials, and the intervenors appeal the judgment, and FWA II appeals that portion of the order dismissing Counts III through VI of its counterclaim as moot.\nII.\nThe novel issue raised by this appeal is whether an ordinance\u2019s provision of re-troactivity should be given effect in light of 1 M.R.S.A. \u00a7 302 (1979), which states in pertinent part:\nActions and proceedings pending at the time of the passage or repeal of an Act or ordinance are not affected thereby. For the purposes of this section, a proceeding shall include but not be limited to petitions or applications for licenses or permits required by law at the time of their filing.\nThe City of Portland, supported by the Attorney General and the Working Waterfront Coalition, essentially argues that section 302 is a rule of construction, the effect of which can be avoided by the contrary intent embodied in a municipal ordinance. FWA II contends that section 302 is a rule of law that prevents municipalities from retroactively applying newly enacted ordinances to prior pending applications. In its decision, the Superior Court agreed with FWA II stating that the plain meaning of section 302 and the policy considerations found in applicable case law support a conclusion that the provisions of the Portland Zoning Ordinance in effect when FWA IPs application was filed and reviewed by City agencies, should govern consideration of the application. We agree with the arguments advanced by the City and its supporters and find the Superior Court's decision to be in error.\nWe have previously stated that 1 M.R.S. A. \u00a7 302 is a \u201cstanding rale of statutory construction.\u201d Bank of Maine v. Weisberger, 477 A.2d 741, 746 (Me.1984). This characterization is firmly grounded in section 302\u2019s legislative history, which originated with Chapter 109 of the Public Laws of 1870 entitled: \u201cAn act to establish certain rales for the construction of statutes.\u201d The act provided in part:\nIn the construction of all statutes hereafter enacted the following rales shall be observed, unless such construction would be repugnant to the express terms of the same statute....\nThird. Actions pending at the time of the passage or repeal of the act, shall not be affected thereby.\nP.L. 1870, ch. 109 (emphasis added). This act indicates the Legislature\u2019s intent that statutes be given prospective application absent express statutory intent to the contrary. Although the statute went through changes in its codification and in its statutory development in the century since its enactment, there is nothing in the applicable legislative history to indicate that 1 M.R.S.A. \u00a7 302 was intended to be anything other than a general rale of statutory construction.\nThe Legislature has repeatedly overridden section 302\u2019s preference for prospectivity with a clear statement of contrary intent. See e.g. 23 M.R.S.A. \u00a7 156 (Supp. 1987) (\u201cNotwithstanding Title 1, section 302, this section shall apply to all actions and proceedings pending on the effective\ndate of this Act.\u201d); P.L.1985, c. 599, \u00a7 4 (making 14 M.R.S.A. \u00a7 8102(2-A)(Supp.l987) retroactive to January 31,1977). We have also recognized the Legislature\u2019s authority to make statutes operate retroactively. See Coates v. Maine Employment Security Comm., 406 A.2d 94, 97 (Me.1979). However, FWA II contends and the Superior Court concluded that even though section 302 became applicable to municipal ordinances in 1973, (P.L. 1973, ch. 146), municipalities do not possess the same authority as the Legislature to override section 302\u2019s preference for pros-pectivity with a statement of contrary intent. This argument lacks merit.\nIn implementing Home Rule powers, the Legislature enacted 30 M.R.S.A. \u00a7 1917, which provides, in relevant part, as follows:\nAny municipality may, by the adoption, amendment or repeal of ordinances or bylaws, exercise any power or function which the Legislature has power to confer upon it, which is not denied either expressly or by clear implication, and exercise any power or function granted to the municipality by the Constitution, general law or charter.\n30 M.R.S.A. \u00a7 1917 (1978). The Legislature clearly has the power to confer upon municipalities the authority to apply municipal ordinances retroactively, and is deemed to have done so by virtue of 30 M.R.S.A. \u00a7 1917, absent any express or clearly implied legislative prohibition. We determine that as a rule of construction, section 302 does not expressly or impliedly prohibit municipalities from applying ordinances retroactively. We are also unable to discern the existence of such a legislative prohibition in any other statute. We therefore conclude that since section 302 does not distinguish between statutes and ordinances, it should be applied to retroactivity clauses in municipal ordinances in the same manner that it is applicable to like clauses in the Legislature\u2019s enactment of statutes \u2014namely that if either a statute or an ordinance contains a provision of retroac-tivity, section 302\u2019s rule of prospectivity is negated. Consequently, in the instant case, the retroactivity clause of the initiated ordinance is operative and therefore FWA II, having filed its application after the effective date of December 22, 1986, is bound by the provisions of the initiated ordinance.\nWe reject FWA II\u2019s additional argument that it relied on existing regulations and municipal approvals to such a degree that it established \u201cvested rights\u201d in its project, and should be allowed to construct and occupy its premises pursuant to the approval it received. Under the criteria we set forth in Thomas v. Zoning Board of Appeals of the City of Bangor, 381 A.2d 643 (Me.1978), FWA II has not demonstrated any acquired vested rights that would overcome the application of the initiated ordinance. Neither FWA II\u2019s application for, nor the City\u2019s issuance of, a building permit provide FWA II with any vested rights. Moreover, no vested rights were acquired as a consequence of the expenses incurred by FWA II in satisfying application requirements. Finally, considering FWA IPs knowledge of the contents of the proposed ordinance and its retroactive provisions prior to acquiring title to the property in question, and the lack of any evidence of bad faith or discriminatory treatment by the City or initiated ordinance proponents, FWA II has failed to establish any vested rights based on equitable grounds. See Id. at 647.\nIn conclusion, we hold that the retroactive provision of the initiated ordinance is valid and controlling, and that FWA II acquired no vested rights in its project. Accordingly, we vacate the judgment. Because the Superior Court failed to reach the merits of Counts III through VI of FWA IPs counterclaim by dismissing them as moot in light of its ruling, we remand those counts for further consideration by the trial court.\nThe entry is:\nJudgment vacated.\nRemanded for further proceedings consistent with the opinion herein.\nAll concurring.\n. The Working Waterfront Coalition\u2019s complaint identifies it as a \"coalition of several organizations joined to secure the waterfront of the City of Portland for marine-related uses and to stop further residential and non-marine related development on the waterfront.\u201d Other parties joining in the Working Waterfront Coalition\u2019s complaint were Keep the Port in Portland, Portland West Neighborhood Organization, Inc., Maine Lobsterman\u2019s Association, Casco Bay Island Development Association, and several individuals.\n. FWA II challenges the Attorney General\u2019s participation in this appeal claiming that 14 M.R.S. A. \u00a7 5963 (1980) entitles the Attorney General \"to be heard\u201d only on the constitutionality of the initiated ordinance and not the applicability of I M.R.S.A. \u00a7 302 (1979) to the ordinance. Since FWA II did not object below to the Attorney General\u2019s intervention or argument of the \u00a7 302 issue, it cannot raise this issue for the first time on appeal. Poire v. Manchester, 506 A.2d 1160, 1163-64 (Me.1986). Moreover, there is nothing in the language of section 5963 that limits the issues on which the Attorney General may be heard once a party claims that an ordinance or statute is unconstitutional.\n. In its order granting the Coalition\u2019s intervention under M.R.Civ.P. 24(b), the Superior Court expressly reserved the questions whether the Coalition meets the criterion for intervention as a matter of right under M.R.Civ.P. 24(a), or whether it has standing to sue. Although FWA II questions whether the Coalition has standing in this litigation, it states in its brief that it waives this issue for purposes of this appeal.\n. When P.L.1870, ch. 109 was codified in 1871, the two paragraphs set forth in the text supra p. 6 were separated. The statement concerning \u201cactions pending\" was placed in a section very similar to section 302 as it appears today, and language similar to the introductory paragraph of P.L.1870, ch. 109, appears in another section that specifically refers to rules of construction:\nSec. 3.... Actions pending at the time of the passage or repeal of an act, shall not be affected thereby.\nSec. 4. The following rules are to be observed in the construction of statutes, unless such construction is inconsistent with the plain meaning of the enactment.\nR.S.1871, ch. 1, \u00a7\u00a7 3, 4.\n.The statutory history of 1 M.R.S.A. \u00a7 302 (1979) is as follows:\nP.L.1870, ch. 109\nR.S.1871, ch. 1, \u00a7 3\nR.S.1883, ch. 1, \u00a7 5\nR.S.1903, ch. 1, \u00a7 5\nR.S.1916, ch. 1, \u00a7 5\nR.S.1930, ch. 1, \u00a7 5\nR.S.1944, ch. 9, \u00a7 20\nR.S.1954, ch. 10, \u00a7 21\nP.L.1967, ch. 10\nP.L.1973, ch. 146",
        "type": "majority",
        "author": "SCOLNIK, Justice."
      }
    ],
    "attorneys": [
      "David A. Lourie (orally), Portland, for City of Portland.",
      "R. John Wuesthoff, Maxine Paul Poura-velis (orally), Portland, for Working Waterfront Coalition.",
      "William Stokes (orally), Asst. Atty. Gen., Augusta, for Intervenor \u2014 Dept, of Atty. Gen.",
      "Orlando E. Delogu, pro se.",
      "F. Paul Frinsko (orally), Catherine O\u2019Connor, Bernstein, Shur, Sawyer & Nelson, Portland, for defendant."
    ],
    "corrections": "",
    "head_matter": "CITY OF PORTLAND, et al. v. FISHERMAN\u2019S WHARF ASSOCIATES II.\nSupreme Judicial Court of Maine.\nArgued March 17, 1988.\nDecided April 27, 1988.\nDavid A. Lourie (orally), Portland, for City of Portland.\nR. John Wuesthoff, Maxine Paul Poura-velis (orally), Portland, for Working Waterfront Coalition.\nWilliam Stokes (orally), Asst. Atty. Gen., Augusta, for Intervenor \u2014 Dept, of Atty. Gen.\nOrlando E. Delogu, pro se.\nF. Paul Frinsko (orally), Catherine O\u2019Connor, Bernstein, Shur, Sawyer & Nelson, Portland, for defendant.\nBefore McKUSICK, C.J., and NICHOLS, ROBERTS, GLASSMAN, SCOLNIK and CLIFFORD, JJ."
  },
  "file_name": "0160-01",
  "first_page_order": 250,
  "last_page_order": 254
}
