{
  "id": 9370560,
  "name": "PARKESBURG BOROUGH v. UNEMPLOYMENT COMPENSATION BOARD OF REVIEW, Virginia Devaney, Intevenor. Petition of Virginia Devaney, Intervenor. Parkesburg Borough v. Unemployment Compensation Board of Review, Virginia Devaney, Intevenor. Cross Petition of Unemployment Compensation Board of Review",
  "name_abbreviation": "Parkesburg Borough v. Unemployment Compensation Board of Review",
  "decision_date": "2003-02-18",
  "docket_number": "",
  "first_page": "1096",
  "last_page": "1096",
  "citations": [
    {
      "type": "official",
      "cite": "816 A.2d 1096"
    }
  ],
  "court": {
    "name_abbreviation": "Pa.",
    "id": 8832,
    "name": "Supreme Court of Pennsylvania"
  },
  "jurisdiction": {
    "id": 6,
    "name_long": "Pennsylvania",
    "name": "Pa."
  },
  "cites_to": [
    {
      "cite": "801 A.2d 487",
      "category": "reporters:state_regional",
      "reporter": "A.2d",
      "case_ids": [
        9409602,
        312823
      ],
      "year": 2002,
      "opinion_index": 0,
      "case_paths": [
        "/a2d/801/0487-01",
        "/pa/569/0139-01"
      ]
    },
    {
      "cite": "569 Pa. 139",
      "category": "reporters:state",
      "reporter": "Pa.",
      "case_ids": [
        312823
      ],
      "year": 2002,
      "opinion_index": 0,
      "case_paths": [
        "/pa/569/0139-01"
      ]
    }
  ],
  "analysis": {
    "cardinality": 67,
    "char_count": 792,
    "ocr_confidence": 0.67,
    "pagerank": {
      "raw": 4.03580807328026e-08,
      "percentile": 0.21696149080506238
    },
    "sha256": "b903f91deec74bfe93d29313fc497e44a78faf5fa1113224bae665c708727b1a",
    "simhash": "1:9d6f6804a242adb6",
    "word_count": 122
  },
  "last_updated": "2024-02-27T22:39:32.009939+00:00",
  "provenance": {
    "date_added": "2019-08-29",
    "source": "Harvard",
    "batch": "2018"
  },
  "casebody": {
    "judges": [],
    "parties": [
      "PARKESBURG BOROUGH v. UNEMPLOYMENT COMPENSATION BOARD OF REVIEW, Virginia Devaney, Intevenor. Petition of Virginia Devaney, Intervenor. Parkesburg Borough v. Unemployment Compensation Board of Review, Virginia Devaney, Intevenor. Cross Petition of Unemployment Compensation Board of Review."
    ],
    "opinions": [
      {
        "text": "ORDER\nPER CURIAM.\nAND NOW, this 18th day of February, 2003, the Petition for Allowance of Appeal at No. 543 MAL 2002 is hereby DENIED. The Cross-Petition for Allowance of Appeal at No. 585 MAL 2002 is hereby GRANTED. The order of the Commonwealth Court is vacated and the matter is remanded for reconsideration in light of Burger v. UCBR, 569 Pa. 139, 801 A.2d 487 (2002).\nJustice LAMB did not participate in the consideration or decision of this matter.",
        "type": "majority",
        "author": "PER CURIAM."
      }
    ],
    "attorneys": [],
    "corrections": "",
    "head_matter": "PARKESBURG BOROUGH v. UNEMPLOYMENT COMPENSATION BOARD OF REVIEW, Virginia Devaney, Intevenor. Petition of Virginia Devaney, Intervenor. Parkesburg Borough v. Unemployment Compensation Board of Review, Virginia Devaney, Intevenor. Cross Petition of Unemployment Compensation Board of Review.\nSupreme Court of Pennsylvania.\nFeb. 18, 2003."
  },
  "file_name": "1096-01",
  "first_page_order": 1144,
  "last_page_order": 1144
}
