{
  "volume_number": "121",
  "title": null,
  "publisher": "West Publishing Company",
  "publication_year": 2007,
  "start_year": 2005,
  "end_year": 2005,
  "series_volume_number": "",
  "jurisdictions": [
    {
      "id": 48,
      "name": "Nev.",
      "name_long": "Nevada"
    }
  ],
  "id": "32044097104186",
  "harvard_hollis_id": "000115228",
  "spine_start_year": 2005,
  "spine_end_year": 2005,
  "publication_city": "Carson City, NV",
  "second_part_of_id": "32044097104194",
  "redacted": true,
  "nominative_reporter": {
    "volume_number": null,
    "nominative_name": "Bloom"
  }
}
