{
  "id": 7348067,
  "name": "WARWICK MALL TRUST et al. v. The STATE of Rhode Island et al.",
  "name_abbreviation": "Warwick Mall Trust v. State",
  "decision_date": "1996-10-11",
  "docket_number": "No. 96-162-Appeal",
  "first_page": "252",
  "last_page": "259",
  "citations": [
    {
      "type": "official",
      "cite": "684 A.2d 252"
    }
  ],
  "court": {
    "name_abbreviation": "R.I.",
    "id": 10179,
    "name": "Supreme Court of Rhode Island"
  },
  "jurisdiction": {
    "id": 15,
    "name_long": "Rhode Island",
    "name": "R.I."
  },
  "cites_to": [
    {
      "cite": "627 A.2d 1246",
      "category": "reporters:state_regional",
      "reporter": "A.2d",
      "case_ids": [
        7368959
      ],
      "pin_cites": [
        {
          "page": "1252"
        }
      ],
      "opinion_index": 0,
      "case_paths": [
        "/a2d/627/1246-01"
      ]
    },
    {
      "cite": "101 R.I. 544",
      "category": "reporters:state",
      "reporter": "R.I.",
      "case_ids": [
        5482922
      ],
      "weight": 2,
      "year": 1967,
      "pin_cites": [
        {
          "page": "565",
          "parenthetical": "since plaintiffs failed to carry their burden of establishing \"beyond a reasonable doubt\" that, as a matter of law, certain legislation was unconstitutional, the trial justice did not err in granting defendants' motion to dismiss"
        },
        {
          "page": "777-78",
          "parenthetical": "since plaintiffs failed to carry their burden of establishing \"beyond a reasonable doubt\" that, as a matter of law, certain legislation was unconstitutional, the trial justice did not err in granting defendants' motion to dismiss"
        }
      ],
      "opinion_index": 0,
      "case_paths": [
        "/ri/101/0544-01"
      ]
    },
    {
      "cite": "116 R.I. 54",
      "category": "reporters:state",
      "reporter": "R.I.",
      "case_ids": [
        12169738
      ],
      "weight": 2,
      "year": 1976,
      "pin_cites": [
        {
          "page": "61"
        },
        {
          "page": "665"
        }
      ],
      "opinion_index": 0,
      "case_paths": [
        "/ri/116/0054-01"
      ]
    },
    {
      "cite": "427 A.2d 332",
      "category": "reporters:state_regional",
      "reporter": "A.2d",
      "case_ids": [
        7943478
      ],
      "pin_cites": [
        {
          "page": "336"
        }
      ],
      "opinion_index": 0,
      "case_paths": [
        "/a2d/427/0332-01"
      ]
    },
    {
      "cite": "196 A.2d 829",
      "category": "reporters:state_regional",
      "reporter": "A.2d",
      "year": 1964,
      "pin_cites": [
        {
          "page": "832"
        }
      ],
      "opinion_index": 0
    },
    {
      "cite": "97 R.I. 200",
      "category": "reporters:state",
      "reporter": "R.I.",
      "case_ids": [
        3089974
      ],
      "year": 1964,
      "pin_cites": [
        {
          "page": "206-07"
        }
      ],
      "opinion_index": 0,
      "case_paths": [
        "/ri/97/0200-01"
      ]
    },
    {
      "cite": "113 R.I. 586",
      "category": "reporters:state",
      "reporter": "R.I.",
      "case_ids": [
        3124823
      ],
      "weight": 10,
      "year": 1974,
      "pin_cites": [
        {
          "page": "590-91",
          "parenthetical": "EDO's predecessor, the Rhode Island Port Authority and Economic Development Corporation"
        },
        {
          "page": "644-45",
          "parenthetical": "EDO's predecessor, the Rhode Island Port Authority and Economic Development Corporation"
        },
        {
          "page": "590-91"
        },
        {
          "page": "644-45"
        },
        {
          "page": "591"
        },
        {
          "page": "645"
        },
        {
          "page": "591"
        },
        {
          "page": "645"
        },
        {
          "page": "596"
        },
        {
          "page": "647"
        }
      ],
      "opinion_index": 0,
      "case_paths": [
        "/ri/113/0586-01"
      ]
    },
    {
      "cite": "107 R.I. 651",
      "category": "reporters:state",
      "reporter": "R.I.",
      "case_ids": [
        3030857
      ],
      "weight": 2,
      "year": 1970,
      "pin_cites": [
        {
          "page": "655",
          "parenthetical": "Rhode Island Water Resources Board"
        },
        {
          "page": "522",
          "parenthetical": "Rhode Island Water Resources Board"
        }
      ],
      "opinion_index": 0,
      "case_paths": [
        "/ri/107/0651-01"
      ]
    },
    {
      "cite": "112 R.I. 151",
      "category": "reporters:state",
      "reporter": "R.I.",
      "case_ids": [
        3141208
      ],
      "weight": 4,
      "year": 1973,
      "pin_cites": [
        {
          "page": "156-57",
          "parenthetical": "Rhode Island Housing and Mortgage Finance Corporation"
        },
        {
          "page": "812",
          "parenthetical": "Rhode Island Housing and Mortgage Finance Corporation"
        },
        {
          "page": "157"
        },
        {
          "page": "812"
        }
      ],
      "opinion_index": 0,
      "case_paths": [
        "/ri/112/0151-01"
      ]
    },
    {
      "cite": "556 A.2d 1000",
      "category": "reporters:state_regional",
      "reporter": "A.2d",
      "case_ids": [
        7900124
      ],
      "pin_cites": [
        {
          "page": "1001"
        }
      ],
      "opinion_index": 0,
      "case_paths": [
        "/a2d/556/1000-01"
      ]
    },
    {
      "cite": "593 A.2d 943",
      "category": "reporters:state_regional",
      "reporter": "A.2d",
      "case_ids": [
        7380231
      ],
      "pin_cites": [
        {
          "page": "950-51"
        }
      ],
      "opinion_index": 0,
      "case_paths": [
        "/a2d/593/0943-01"
      ]
    },
    {
      "cite": "4 L.Ed. 579",
      "category": "reporters:federal",
      "reporter": "L. Ed.",
      "case_ids": [
        4702
      ],
      "weight": 2,
      "year": 1819,
      "pin_cites": [
        {
          "page": "607"
        }
      ],
      "opinion_index": 0,
      "case_paths": [
        "/us/17/0316-01"
      ]
    },
    {
      "cite": "87 A.2d 693",
      "category": "reporters:state_regional",
      "reporter": "A.2d",
      "weight": 4,
      "year": 1952,
      "pin_cites": [
        {
          "page": "696"
        },
        {
          "page": "696"
        },
        {
          "page": "696"
        }
      ],
      "opinion_index": 0
    },
    {
      "cite": "79 R.I. 277",
      "category": "reporters:state",
      "reporter": "R.I.",
      "case_ids": [
        5312490
      ],
      "weight": 3,
      "year": 1952,
      "pin_cites": [
        {
          "page": "280"
        },
        {
          "page": "280"
        },
        {
          "page": "280"
        }
      ],
      "opinion_index": 0,
      "case_paths": [
        "/ri/79/0277-01"
      ]
    },
    {
      "cite": "46 A. 1043",
      "category": "reporters:state_regional",
      "reporter": "A.",
      "year": 1900,
      "pin_cites": [
        {
          "page": "1043",
          "parenthetical": "noting that the \"power to tax necessarily implies a power to exempt\""
        }
      ],
      "opinion_index": 0
    },
    {
      "cite": "22 R.I. 179",
      "category": "reporters:state",
      "reporter": "R.I.",
      "case_ids": [
        4892083
      ],
      "year": 1900,
      "pin_cites": [
        {
          "page": "183",
          "parenthetical": "noting that the \"power to tax necessarily implies a power to exempt\""
        }
      ],
      "opinion_index": 0,
      "case_paths": [
        "/ri/22/0179-01"
      ]
    }
  ],
  "analysis": {
    "cardinality": 1131,
    "char_count": 27801,
    "ocr_confidence": 0.714,
    "pagerank": {
      "raw": 8.138363859351185e-08,
      "percentile": 0.47274590140197364
    },
    "sha256": "9600a7024e6866a9530bd31950ac8453398fac5a5bdb66b66ca1d0b159a6faa5",
    "simhash": "1:e9b035f82aa790b1",
    "word_count": 4568
  },
  "last_updated": "2024-02-27T19:22:16.402098+00:00",
  "provenance": {
    "date_added": "2019-08-29",
    "source": "Harvard",
    "batch": "2018"
  },
  "casebody": {
    "judges": [],
    "parties": [
      "WARWICK MALL TRUST et al. v. The STATE of Rhode Island et al."
    ],
    "opinions": [
      {
        "text": "OPINION\nFLANDERS, Justice.\nThis appeal has challenged the constitutionality of legislation enacted by the Rhode Island General Assembly in 1995 authorizing the Rhode Island Economic Development Corporation (the EDC) and the city of Providence to enter into a long-term tax-exemption agreement with the developer of the proposed Providence Place Project (the Project), a large retail-shopping mall and parking garage to be located in Providence.\nThe plaintiffs, Warwick Mall Trust and Bliss Properties, Inc., are the owner and the operator, respectively, of a shopping mall located in Warwick, Rhode Island. The plaintiff Irving Schwartz is a city of Providence voter and taxpayer. The defendants are the State of Rhode Island; Lincoln C. Almond, in his capacity as Rhode Island\u2019s Governor and as the chairman of the EDC; and the Providence Place Group Limited Partnership, a New York limited partnership that is the Project\u2019s developer.\nThe Superior Court entered a judgment dismissing plaintiffs\u2019 complaint for failing to state a claim upon which relief could be granted. Super. R. Civ. P. 12(b)(6). The plaintiffs then appealed from that adverse judgment, asserting the Enabling Act\u2019s unconstitutionality on the grounds that it violates the municipal voter-approval requirements of the home rule article, constitutes an illegal pledge of the state\u2019s credit by the EDC, and improperly delegates tax-exempting legislative authority to the EDC.\nOn July 19, 1996, after reviewing the parties\u2019 legal briefs, hearing their oral arguments, and considering their respective legal positions, we issued a brief order affirming the Superior Court\u2019s judgment dismissing plaintiffs\u2019 complaint. We now set forth the reasons for our decision.\nI\nBecause the General Assembly Retains Its Exclusive Power to Authorize Municipal Taxation and Borrowing, the Home Rule Article Does Not Require Local Voter Approval of the Enabling Act.\nDespite the addition of the home rule article to Rhode Island\u2019s Constitution in 1951, cities and towns remain powerless \u201cto levy, assess and collect taxes or to borrow money, except as authorized by the general assembly.\u201d R.I. Const., art. XIII, sec. 5. The Enabling Act authorizes the city of Providence to enter into a long-term tax-treaty agreement with the developer of the Project. Pursuant to the proposed tax treaty, the developer\u2019s payments in lieu of taxes are earmarked for the Project\u2019s debt service and are amortized over a thirty-year period. A municipality\u2019s power to negotiate for payments of this kind from property owners located within its jurisdiction and its power to abate such payments, to allocate them for certain purposes, or to exempt certain property in whole or in part from municipal taxation are all actions derivative of and subsumed by its basic authority vel non to levy, to assess, and to collect taxes. See, e.g., Crafts v. Ray, 22 R.I. 179, 183, 46 A. 1043, 1043 (1900) (noting that the \u201cpower to tax necessarily implies a power to exempt\u201d). If a city or a town cannot levy, assess, and collect taxes without General Assembly authorization, then it certainly cannot abate, exempt, or allocate payments it would otherwise be entitled to receive as taxes (or to negotiate for their receipt as payments in lieu of taxes) without such authorization.\nIf consummated, the proposed tax treaty contemplated by the Enabling Act would effectively exempt the Project\u2019s real and personal property from municipal taxation for over thirty years. It would do so by earmarking' what would otherwise constitute payments in lieu of taxes for debt-service payments to the Project\u2019s lenders. In any event the city\u2019s ability \u201cto levy, assess and collect taxes or to borrow money\u201d with respect to the Project will be affected by this legislation for the foreseeable future. Accordingly we deem the Enabling Act to fall within the General Assembly\u2019s exclusive reserved power to authorize local taxation pursuant to article XIII, section 5, of the Rhode Island Constitution.\nDespite the tax-enabling features of this legislation, plaintiffs still argued that because the Enabling Act remained an act \u201cin relation to the property, affairs and government\u201d of a particular home-rule city or town (namely, the city of Providence), it could \u201cbecome effective only upon approval by a majority of the qualified electors of the said city or town voting at a general or special election * * R.I. Const., art. XIII, sec. 4. Although this appears at first blush to be a plausible reading of sec. 4 of the home rule article, that section cannot be read in isolation from sec. 5 of this same article. In construing sec. 5, this court has already opined that, notwithstanding a municipality\u2019s adoption of a home rule charter, the General Assembly still retains \u201cits exclusive power to legislate by general or special acts in granting to a city or town authority \u2018to levy, assess and collect taxes or to borrow money * * This power is expressly reserved to the General Assembly under section 5 of said article [presently section 5 of article XIII].\u201d (Emphases added.) Opinion to the House of Representatives, 79 R.I. 277, 280, 87 A.2d 693, 696 (1952).\nIf, as plaintiffs have contended, local voters in a home-rule city or town like Providence still have the right to approve any specific tax-enabling legislation enacted by the General Assembly pertaining to their municipality, then the Legislature would be powerless to pass such laws without first obtaining local voter approval. However, this result would be inconsistent with the conclusion we reached in Opinion to the House of Representatives that the General Assembly retains the exclusive power to authorize local taxation by general or special acts. Id. Instead of the General Assembly\u2019s retaining an exclusive power to authorize municipal taxation in any particular city or town as provided for in sec. 5, its sec. 5-enabling power would be a shared, conditional, and nonexclusive one. Just as a municipality could pass no local tax legislation without General Assembly authorization, the General Assembly could pass no local tax-enabling laws without local voter approval. Such a prescription for local tax gridlock would be at odds with article XIII, section 5\u2019s refusal to grant cities and towns any power with respect to local taxation except as authorized by the General Assembly.\nMoreover, if plaintiffs\u2019 constitutional interpretation were correct, then municipal voters in home-rule cities would be empowered to veto any local tax-enabling laws enacted by the General Assembly. Par from being powerless and dependent on General Assembly authorization to act on local tax issues, each city or town, through its municipal voters, could stymie the General Assembly\u2019s exercise of its exclusive power to pass \u201cspecial acts in granting to a city or town authority \u2018to levy, assess and collect taxes or to borrow money * * *.\u2019 \u201d Opinion to the House of Representatives, 79 R.I. at 280, 87 A.2d at 696.\nMindful that \u201cto tax and to please, no more than to love and be wise, is not given to men,\u201d we have declined to adopt this interpretation. To do so would conflict with our constitution\u2019s exclusive allocation to the General Assembly of the legislative power to authorize any city or town to levy, to assess, and to collect local taxes and with the rationale of our earlier decision in Opinion to the House of Representatives, which we hereby affirm as it bears on the issues raised by this appeal.\nIn the famous case of M\u2019Culloch v. Maryland, 17 U.S. (4 Wheat.) 316, 4 L.Ed. 579 (1819), Chief Justice John Marshall spoke to this very point in fixing the distribution of the taxation power between a general and a local governmental authority. In rejecting the State of Maryland\u2019s attempt to tax a national bank, Chief Justice Marshall uttered these memorable words:\n\u201cThat the power to tax involves the power to destroy; that the power to destroy may defeat and render useless the power to create; that there is a plain repugnance, in conferring on one government a power to control the constitutional measures of another, which other, with respect to those very measures, is declared to be supreme over that which exerts the control, are propositions not to be denied.\u201d Id. at 431, 4 L.Ed. at 607.\nIn matters pertaining to the authorization of municipal taxation and borrowing, our constitution declares the General Assembly to be supreme over any municipality\u2019s attempts to go it alone or to exert control over state legislative initiatives through home-rule measures such as local voter approval. R.I. Const, art. XIII, sec. 5. Thus, pursuant to our advice in Opinion to the House of Representatives (a decision rendered just one year after Rhode Island adopted the home rule article), we reaffirm that under the Rhode Island Constitution, the General Assembly retains its plenary power to enact special tax-enabling laws in relation to a particular city or town, notwithstanding that municipality\u2019s adoption of a home rule charter. And it can do so without having first to obtain the voters\u2019 approval in that home-rule municipality because local tax-enabling acts, like the one at issue here, that affect a city\u2019s power to levy, to assess, and to collect property taxes or to borrow money are not subject to article XIII, section 4\u2019s requirement of local voter approval.\nGiven our holding that the Enabling Act is not subject to the local voter-approval provisions of the home rule article because of its status as municipal tax-enabling legislation, there is no need for us to reach any of the other arguments advanced by the parties in regard to the question of whether this legislation is subject to any of these provisions.\nII\nThe Challenged Legislation Does Not Authorize the EDC to Pledge the Credit of the State.\nWe also hold that the Enabling Act does not authorize the EDC to pledge the credit of the state in violation of the Rhode Island constitutional provisions set forth in article VI, section 16 (requiring a majority of the qualified electors of the state to approve state debts over $50,000), nor is there anything in this law that pledges the faith and credit of the state for the payment of the obligation of others.\nBy law, this type of obligation issued by the EDC under its enabling statute \u201cshall not constitute a debt, liability or obligation of the state or of any political subdivision thereof other than the [EDC] or a pledge of the faith and credit of the state or any political subdivision other than the [EDC].\u201d General Laws 1956 \u00a7 42-64r-23. We have repeatedly opined that when this or similar disclaimer language is used, debt obligations issued by public corporations like the EDC do not pledge the faith and credit of the state or create a debt enforceable against the state and that, therefore, these public entities are not constitutionally barred from entering into such obligations. See In re Advisory Opinion to the Governor (DEPCO), 593 A.2d 943, 950-51 (R.I.1991) (Rhode Island Depositors Economic Protection Corporation); In re Advisory Opinion to the Governor: Public Drinking Water Protection Act of 1987, 556 A.2d 1000, 1001 (R.I.1989) (Rhode Island Water Resources Board); Opinion to the Governor, 112 R.I. 151, 156-57, 308 A.2d 809, 812 (1973) (Rhode Island Housing and Mortgage Finance Corporation); Opinion to the Governor, 107 R.I. 651, 655, 270 A.2d 520, 522 (1970) (Rhode Island Water Resources Board); see also Advisory Opinion to the Governor, 113 R.I. 586, 590-91, 324 A.2d 641, 644\u201445 (1974) (EDO\u2019s predecessor, the Rhode Island Port Authority and Economic Development Corporation).\nIndeed, in our 1974 advisory opinion concerning the bonds issued by the EDO\u2019s predecessor corporation, we concluded that use of the same capital-reserve funding mechanism contained in section 1 of the Enabling Act did not pledge the credit of the state or create a state obligation. Advisory Opinion to the Governor, 113 R.I. at 590-91, 324 A.2d at 644-45. We also opined that the mere creation of a capital-reserve-fund provision as described in \u00a7 42-64-18(d) \u201cdid not constitute the incurring of a debt or pledge of the state\u2019s credit because the General Assembly retained its right\u201d to refuse to contribute to any capital reserve fund that may be established by failing to appropriate moneys for this program. 113 R.I. at 591, 324 A.2d at 645.\nOur bedrock rationale for all these opinions is that public corporations of the state have \u201ca distinct legal existence from the state and [do not constitute] a department of state government.\u201d See, e.g., \u00a7 42-64-4(a) (discussing the EDC). Although payments to the Project\u2019s developer are to be secured for a term not exceeding twenty years by a so-called capital-reserve fund to be established by the EDC, the General Assembly is under no legal compunction to make any annual appropriation to fund this capital-reserve account, and no creditor can force the state to do so. Thus, because the General Assembly, year in and year out, \u201cstill retains its right to concur or disagree\u201d with the proposed funding of this reserve account, the statute \u201cin no way constitutes an unconstitutional incur-rence of a debt or a pledge of the state\u2019s credit.\u201d See Opinion to the Governor, 112 R.I. at 157, 308 A.2d at 812; see also Advisory Opinion to the Governor, 113 R.I. at 591, 324 A.2d at 645.\nAlthough the state\u2019s credit rating as determined by various bonding agencies and financial authorities may well be affected by the level of debt incurred by a public corporation like the EDC and by its eapital-re-serve-fund provisions that are intended as security for such obligations, these allegations, even if proven, would not convert these public-corporation obligations into state debts or pledges by the state of its faith and credit. This is so because the challenged provisions neither create any legally enforceable obligation or debt collectible from the state nor pledge as a matter of law the faith or the credit of the state to secure such debts.\nIn the future, it may well be that as a practical matter (and depending on its then-existing priorities) the General Assembly will be strongly inclined to fund whatever capital-reserve-fund payments are contemplated by the Enabling Act \u2014 especially if its failure to do so would adversely affect the state\u2019s credit ratings \u2014 but \u201cthe controlling factor is not whether the legislature will exercise its discretion in a given manner, but rather whether the right of discretion exists.\u201d Opinion to the Governor, 97 R.I. 200, 206-07, 196 A.2d 829, 832 (1964). Here, that discretion to fund or not to fund plainly exists.\nFor these reasons we have rejected plaintiffs\u2019 argument that the Enabling Act is invalid under article VI, section 16, of the Rhode Island Constitution for not having been approved by voters in a statewide referendum.\nIll\nThe Challenged Legislation Does Not Improperly Delegate Legislative Power.\nSection 4 of the Enabling Act (amending \u00a7 42-64-20(c)) allows the EDC to authorize its statutory tax exemption to be used by a lessee or sublessee of the corporation\u2019s properties. The plaintiffs have argued that this delegation to a public corporation of the Legislature\u2019s power to exempt property from taxation is too broad and stan-dardless to pass legal muster. We disagree.\nBefore a lessee or sublessee of the EDC can take advantage of these tax-exempt provisions, the EDC must first adopt a resolution that contains the following specific findings: \u201c(1) the project is a project of the [EDC] under R.I. Gen. Laws \u00a7 42-6<h-3(p) and (2) it is in the interest of the [EDC] and of the project that legal title be held by the lessee from the corporation.\u201d See, supra, note 10. In considering whether to make such findings, the EDC\u2019s board of directors is expressly empowered to consider \u201cthe interest of the corporation and of the project.\u201d\nWhen reviewing the Legislature\u2019s delegation of any of its powers, we must interpret the provisions in light of the act as a whole and in conformity with the purposes of the EDC. See Davis v. Wood, 427 A.2d 332, 336 (R.I.1981) (\u201c[i]n determining whether a statute contains sufficient standards, we must read the act as a whole; the provision in question should not be isolated, but must be construed with reference to the entire act\u201d). Among the purposes of the EDC are \u201c[t]o promote and encourage the preservation, expansion, and sound development of new and existing industry, business, commerce, agriculture, tourism, and recreational facilities in the state, promoting thereby the economic development of the state and the general welfare of its citizens.\u201d Section 42-64-5(c), as amended by 1995, ch. 370, art. 12, \u00a7 8. Although the standards for authorizing a tax exemption are broadly drawn, when interpreted in light of the EDO\u2019s statutory purposes, they serve to guide and to constrain the EDC in the exercise of its authority to permit property held in the name of a lessee or sublessee to be tax exempt (to the same extent as if legal title were held by the EDC).\nMoreover, the mere fact that the Enabling Act is contingent on the approval, the execution, and the delivery of specified agreements between the EDC and the Project developer does not impermissibly delegate legislative power. The entry into these agreements is simply part of the process whereby the EDC carries out its delegated powers pursuant to the standards and the purposes set forth in the legislation.\nBecause we have already twice approved the General Assembly\u2019s delegation of powers to the EDC and its subsidiary entities as constitutionally permissible, we need only repeat what we said before: \u201cWe see no reason to reexamine this issue * * In re Advisory Opinion to the Governor (Rhode Island Airport Corporation), 627 A.2d at 1252.\nHere, the function that has been delegated \u2014 determining the tax-exempt status of certain economic-development projects \u2014 is certainly important but nonetheless narrow. The standards accompanying the delegation are also clear: the project in question must be an EDC project, and it must be in the interest of the EDC and the project that legal title be held by the lessee. These determinations must be made in light of the practical, project-specific considerations that are consistent with EDC\u2019s economic-development purposes. And finally, the safeguards provided in the Administrative Procedures Act may, in certain circumstances, serve to cheek potentially arbitrary EDC action. See id. at 1253.\nOur approach to legislation like this, which has been challenged for an alleged lack of a proper delegation of legislative authority, is a utilitarian one. We evaluate such challenges in light of the practical recognition that a modem Legislature has a frequent need \u201cto utilize an administrative agent to accomplish the purpose of the legislation * * J.M. Mills, Inc. v. Murphy, 116 R.I. 54, 61, 352 A.2d 661, 665 (1976). Here, the Enabling Act reflects a legislative decision that the EDC, as an administrative agent, can best decide whether to allow a tax exemption to be used for particular EDC projects in which property is held in the name of a lessee. This is exactly the kind of fact-specific, market-oriented, project-by-project determination in which such a legislative power may be delegated most expediently to an administrative agent, especially when the General Assembly retains the power not to fund the capital-reserve account that secures the Project\u2019s debts. In any event we see no constitutional reason to second-guess that legislative judgment.\nConclusion\nWe have carefully considered these and each of the other arguments raised by the plaintiffs in their appeal, and we find them to be unpersuasive. Here, there were no material facts in dispute that were outcome determinative. Thus, even in ruling on the defendants\u2019 motion to dismiss, see Super. R. Civ. P. 12(b)(6), it was proper for the Superi- or Court to apply a \u201cbeyond a reasonable doubt\u201d standard in deciding whether the plaintiffs\u2019 challenge to the constitutionality of the Enabling Act should be upheld or rejected. See, e.g., Chartier Real Estate Co. v. Chafee, 101 R.I. 544, 565, 225 A.2d 766, 777-78 (1967) (since plaintiffs failed to carry their burden of establishing \u201cbeyond a reasonable doubt\u201d that, as a matter of law, certain legislation was unconstitutional, the trial justice did not err in granting defendants\u2019 motion to dismiss).\nFor the reasons previously stated, we have affirmed the judgment of the Superior Court and denied and dismissed the plaintiffs\u2019 appeal.\n. Public Laws 1995, ch. 400 (the Enabling Act). This legislation passed with the assent of over two-thirds of the members elected to each house of the General Assembly. Journal of the House of Representatives, Vol. 122, No. 76 at H.J.-19 (67 yeas and 33 nays); Journal of the Senate, Vol. 122, No. 77 at S.J.-24 (36 yeas and 13 nays).\n. Article XXXI, section 4, of the Rhode Island Constitution declares:\n\u201cThe general assembly shall have the power to act in relation to the property, affairs and government of any city or town by general laws which shall apply alike to all cities and towns, but which shall not affect the form of government of any city or town. The general assembly shall also have the power to act in relation to the property, affairs and government of a particular city or town provided that such legislative action shall become effective only upon approval by a majority of the qualified electors of the said city or town voting at a general or special election, except that in the case of acts involving the imposition of a tax or the expenditure of money by a town the same shall provide for the submission thereof to those electors in said town qualified to vote upon a proposition to impose a tax or for the expenditure of money.\u201d\n. Article VI, section 16, of our constitution states:\n\"The general assembly shall have no powers, without the express consent of the people, to incur state debts to an amount exceeding fifty thousand dollars, except in time of war, or in case of insurrection or invasion; nor shall it in any case, without such consent, pledge the faith of the state for the payment of the obligations of others. This section shall not be construed to refer to any money that may be deposited with the state by the government of the United States.\u201d\n. Article VI, section 1, provides that \u201c[tjhis Constitution shall be the supreme law of the state, and any law inconsistent therewith shall be void. The general assembly shall pass all laws necessary to carry this Constitution into effect.\u201d Section 2 adds that \"[t]he legislative power, under this Constitution, shall be vested in two houses, the one to be called the senate, the other, the house of representatives * * *.\u201d\n. We assumed without deciding that plaintiffs had standing to mount this constitutional attack on the Enabling Act.\n. Article XIII, section 5, states that \"[njothing contained in [article XIII] shall be deemed to grant to any city or town the power to levy, assess and collect taxes or to borrow money, except as authorized by the general assembly.\u201d\n. We note, for example, that G.L.1956 \u00a7 44-3-9 provides in part:\n\"(a)(1) Except as hereinafter provided, the electors of any town qualified to vote on a proposition to appropriate money or impose a tax when legally assembled, may vote to authorize the town council of the town, for a period not exceeding ten (10) years, and subject to the conditions as hereinafter provided, to exempt from payment, in whole or in part, real and personal property used for manufacturing, or commercial purposes, or to determine a stabilized amount of taxes to be paid on account of the property, notwithstanding the valuation of the property or the rate of tax; * * * \"***\n\u201c(b) Cities shall have the same authority as is granted to towns except that authority granted to the qualified electors of a town and to town councils shall be exercised in the case of a city by the city council.\u201d\n. Edmund Burke, Speech on American Taxation (Apr. 19, 1774), in 2 The Writings & Speeches of Edmund Burke 67 (1901).\n. Section 4 of the home rule article does provide that \"in the case of acts involving the imposition of a tax or the expenditure of money by a town the same shall provide for the submission thereof to those electors in said town qualified to vote upon a proposition to impose a tax or for the expenditure of money.\" However, because the Enabling Act merely \"authorize[s]\u201d the EDC and the city of Providence to enter into a tax treaty on terms that \"both the EDC and the City * * * deem advisable,\u201d P.L.1995, ch. 400, \u00a7 1 (enacting \u00a7 42-63.5-3), it does not involve \"the imposition of a tax or the expenditure of money by a town, as distinguished from a city * * *.\u201d Opinion to the House of Representatives, 79 R.I. 277, 280, 87 A.2d 693, 696 (1952). Thus it does not come within the tax-imposition or money-expenditure-by-a-town provision of article XIII, section 4, but instead falls within the General Assembly's reserved section 5-power to authorize particular municipalities to act on local tax matters.\n. Section 4 of the Enabling Act provides in pertinent part:\n\"For purposes of the exemption from taxes and assessments upon or in respect of any project under subsections (a) or (b) of this section, the corporation shall not be required to hold legal title to any real or personal property, including any fixtures, furnishings or equipment which are acquired and used in the construction and development of such project, but such legal title may be held in the name of a lessee (including sublessees) from the corporation. Such property, which shall not include any goods or inventory used in such project after completion of construction, shall be exempt from taxation to the same extent as if legal title of such property were in the name of the corporation, provided that the board of directors of the corporation adopts a resolution confirming use of such tax exemption for such project by such lessee. Such resolution shall include findings that (1) the project is a project of the corporation under R.I. Gen. Laws 42-64-3(p) and (2) it is in the interest of the corporation and of the project that legal title be held by the lessee from the corporation. In adopting any such resolution, the board of directors may consider any factors it deems relevant to the interests of the corporation or the project including, for example, but without limitation, reduction in potential liability or cost to the corporation or designation of the project as a 'Project of Critical Economic Concern\u2019 pursuant to Chapter 117 of Title 42 of the General Laws.\u201d\n. See In re Advisory Opinion to the Governor (Rhode Island Airport Corporation), 627 A.2d 1246, 1252 (R.I.1993); Advisory Opinion to the Governor, 113 R.I. at 596, 324 A.2d at 647.\n. Even assuming that the plaintiffs would have been able to prove at trial that as a practical matter the financial community, or some significant constituents thereof, may consider the obligations in question to be a pledge of the state\u2019s credit or a de facto state debt, this proof would not matter for the purposes of this decision because from a legal standpoint these obligations simply do not fall into that category and no court would be entitled to enforce them as such.",
        "type": "majority",
        "author": "FLANDERS, Justice."
      }
    ],
    "attorneys": [
      "J. William Harseh, John Marks, Wakefield, for Plaintiff.",
      "Jeffrey B. Pine, Attorney General, Lisa Dinerman, Special Assistant Attorney General, Joseph S. Larisa, Jr., Executive Counsel to Governor William P. Robinson & Mark A Pogue (Edwards & Angel\u00ed) Brendan Y. Sullivan, Jr., John G. Kester, Paul Mogin and Dan S. Sokolov (Williams & Connolly), for Defendant."
    ],
    "corrections": "",
    "head_matter": "WARWICK MALL TRUST et al. v. The STATE of Rhode Island et al.\nNo. 96-162-Appeal.\nSupreme Court of Rhode Island.\nOct. 11, 1996.\nJ. William Harseh, John Marks, Wakefield, for Plaintiff.\nJeffrey B. Pine, Attorney General, Lisa Dinerman, Special Assistant Attorney General, Joseph S. Larisa, Jr., Executive Counsel to Governor William P. Robinson & Mark A Pogue (Edwards & Angel\u00ed) Brendan Y. Sullivan, Jr., John G. Kester, Paul Mogin and Dan S. Sokolov (Williams & Connolly), for Defendant."
  },
  "file_name": "0252-01",
  "first_page_order": 308,
  "last_page_order": 315
}
