{
  "id": 7288335,
  "name": "BORO CONSTRUCTION, INC. v. RIDLEY SCHOOL DISTRICT v. Boro Construction, Inc. Appeal of: Boro Construction, Inc.; Boro Construction, Inc. v. Ridley School District v. Boro Construction, Inc. Appeal of: Ridley School District",
  "name_abbreviation": "Boro Construction, Inc. v. Ridley School District",
  "decision_date": "2010-03-08",
  "docket_number": "",
  "first_page": "208",
  "last_page": "221",
  "citations": [
    {
      "type": "official",
      "cite": "992 A.2d 208"
    }
  ],
  "court": {
    "name_abbreviation": "Pa. Commw. Ct.",
    "id": 11887,
    "name": "Commonwealth Court of Pennsylvania"
  },
  "jurisdiction": {
    "id": 6,
    "name_long": "Pennsylvania",
    "name": "Pa."
  },
  "cites_to": [
    {
      "cite": "813 A.2d 698",
      "category": "reporters:state_regional",
      "reporter": "A.2d",
      "case_ids": [
        9381061,
        716478
      ],
      "year": 2002,
      "pin_cites": [
        {
          "page": "703",
          "parenthetical": "citations omitted"
        }
      ],
      "opinion_index": 0,
      "case_paths": [
        "/a2d/813/0698-01",
        "/pa/572/0001-01"
      ]
    },
    {
      "cite": "572 Pa. 1",
      "category": "reporters:state",
      "reporter": "Pa.",
      "case_ids": [
        716478
      ],
      "year": 2002,
      "pin_cites": [
        {
          "page": "10",
          "parenthetical": "citations omitted"
        }
      ],
      "opinion_index": 0,
      "case_paths": [
        "/pa/572/0001-01"
      ]
    },
    {
      "cite": "883 A.2d 605",
      "category": "reporters:state_regional",
      "reporter": "A.2d",
      "case_ids": [
        8909105
      ],
      "opinion_index": 0,
      "case_paths": [
        "/a2d/883/0605-01"
      ]
    },
    {
      "cite": "825 A.2d 1261",
      "category": "reporters:state_regional",
      "reporter": "A.2d",
      "year": 2003,
      "opinion_index": 0
    },
    {
      "cite": "573 Pa. 697",
      "category": "reporters:state",
      "reporter": "Pa.",
      "year": 2003,
      "opinion_index": 0
    },
    {
      "cite": "795 A.2d 388",
      "category": "reporters:state_regional",
      "reporter": "A.2d",
      "case_ids": [
        163546,
        9423764,
        9423822
      ],
      "opinion_index": 0,
      "case_paths": [
        "/pa/568/0263-01",
        "/a2d/795/0388-01",
        "/a2d/795/0388-02"
      ]
    },
    {
      "cite": "954 A.2d 91",
      "category": "reporters:state_regional",
      "reporter": "A.2d",
      "case_ids": [
        8170311
      ],
      "pin_cites": [
        {
          "page": "93"
        }
      ],
      "opinion_index": 0,
      "case_paths": [
        "/a2d/954/0091-01"
      ]
    },
    {
      "cite": "951 A.2d 409",
      "category": "reporters:state_regional",
      "reporter": "A.2d",
      "case_ids": [
        8213951
      ],
      "opinion_index": 0,
      "case_paths": [
        "/a2d/951/0409-01"
      ]
    },
    {
      "cite": "351 Pa.Super. 32",
      "category": "reporters:state",
      "reporter": "Pa. Super.",
      "case_ids": [
        649812
      ],
      "weight": 2,
      "year": 1985,
      "pin_cites": [
        {
          "page": "1347"
        }
      ],
      "opinion_index": 0,
      "case_paths": [
        "/pa-super/351/0032-01"
      ]
    },
    {
      "cite": "487 A.2d 460",
      "category": "reporters:state_regional",
      "reporter": "A.2d",
      "year": 1985,
      "opinion_index": 0
    },
    {
      "cite": "628 A.2d 1230",
      "category": "reporters:state_regional",
      "reporter": "A.2d",
      "case_ids": [
        1449098
      ],
      "year": 1993,
      "opinion_index": 0,
      "case_paths": [
        "/pa-commw/157/0064-01"
      ]
    },
    {
      "cite": "895 A.2d 1284",
      "category": "reporters:state_regional",
      "reporter": "A.2d",
      "case_ids": [
        8437985
      ],
      "opinion_index": 0,
      "case_paths": [
        "/a2d/895/1284-01"
      ]
    },
    {
      "cite": "254 U.S. 141",
      "category": "reporters:federal",
      "reporter": "U.S.",
      "case_ids": [
        1160508
      ],
      "weight": 4,
      "year": 1920,
      "pin_cites": [
        {
          "page": "143"
        },
        {
          "page": "174"
        }
      ],
      "opinion_index": 0,
      "case_paths": [
        "/us/254/0141-01"
      ]
    },
    {
      "cite": "467 U.S. 51",
      "category": "reporters:federal",
      "reporter": "U.S.",
      "case_ids": [
        6194213
      ],
      "weight": 3,
      "year": 1984,
      "pin_cites": [
        {
          "page": "63",
          "parenthetical": "\"Justice Holmes wrote: 'Men must turn square corners when they deal with the Government.' Rock Island A. & L.R. Co. v. United States, 254 U.S. 141, 143, 41 S.Ct. 55, 65 L.Ed. 188 [(1920"
        },
        {
          "parenthetical": "\"Justice Holmes wrote: 'Men must turn square corners when they deal with the Government.' Rock Island A. & L.R. Co. v. United States, 254 U.S. 141, 143, 41 S.Ct. 55, 65 L.Ed. 188 [(1920"
        },
        {
          "parenthetical": "\"Justice Holmes wrote: 'Men must turn square corners when they deal with the Government.' Rock Island A. & L.R. Co. v. United States, 254 U.S. 141, 143, 41 S.Ct. 55, 65 L.Ed. 188 [(1920"
        }
      ],
      "opinion_index": 0,
      "case_paths": [
        "/us/467/0051-01"
      ]
    },
    {
      "cite": "652 A.2d 1326",
      "category": "reporters:state_regional",
      "reporter": "A.2d",
      "year": 1994,
      "opinion_index": 0
    },
    {
      "cite": "539 Pa. 682",
      "category": "reporters:state",
      "reporter": "Pa.",
      "year": 1994,
      "opinion_index": 0
    },
    {
      "cite": "634 A.2d 1150",
      "category": "reporters:state_regional",
      "reporter": "A.2d",
      "case_ids": [
        1454631
      ],
      "year": 1993,
      "opinion_index": 0,
      "case_paths": [
        "/pa-commw/160/0032-01"
      ]
    },
    {
      "cite": "747 A.2d 859",
      "category": "reporters:state_regional",
      "reporter": "A.2d",
      "case_ids": [
        95786,
        11475423
      ],
      "year": 2000,
      "opinion_index": 0,
      "case_paths": [
        "/pa/560/0634-01",
        "/a2d/747/0859-01"
      ]
    },
    {
      "cite": "560 Pa. 634",
      "category": "reporters:state",
      "reporter": "Pa.",
      "case_ids": [
        95786
      ],
      "year": 2000,
      "opinion_index": 0,
      "case_paths": [
        "/pa/560/0634-01"
      ]
    },
    {
      "cite": "937 A.2d 448",
      "category": "reporters:state_regional",
      "reporter": "A.2d",
      "year": 2007,
      "opinion_index": 0
    },
    {
      "cite": "594 Pa. 718",
      "category": "reporters:state",
      "reporter": "Pa.",
      "year": 2007,
      "opinion_index": 0
    },
    {
      "cite": "926 A.2d 585",
      "category": "reporters:state_regional",
      "reporter": "A.2d",
      "case_ids": [
        8372746
      ],
      "opinion_index": 0,
      "case_paths": [
        "/a2d/926/0585-01"
      ]
    },
    {
      "cite": "166 A.2d 269",
      "category": "reporters:state_regional",
      "reporter": "A.2d",
      "year": 1960,
      "opinion_index": 0
    },
    {
      "cite": "402 Pa. 81",
      "category": "reporters:state",
      "reporter": "Pa.",
      "case_ids": [
        1296768
      ],
      "year": 1960,
      "opinion_index": 0,
      "case_paths": [
        "/pa/402/0081-01"
      ]
    },
    {
      "cite": "156 A.2d 554",
      "category": "reporters:state_regional",
      "reporter": "A.2d",
      "opinion_index": 0
    },
    {
      "cite": "191 Pa. Super. 372",
      "category": "reporters:state",
      "reporter": "Pa. Super.",
      "case_ids": [
        747359
      ],
      "opinion_index": 0,
      "case_paths": [
        "/pa-super/191/0372-01"
      ]
    },
    {
      "cite": "160 A. 696",
      "category": "reporters:state_regional",
      "reporter": "A.",
      "year": 1932,
      "opinion_index": 0
    },
    {
      "cite": "306 Pa. 456",
      "category": "reporters:state",
      "reporter": "Pa.",
      "case_ids": [
        1136891
      ],
      "year": 1932,
      "opinion_index": 0,
      "case_paths": [
        "/pa/306/0456-01"
      ]
    },
    {
      "cite": "812 A.2d 1270",
      "category": "reporters:state_regional",
      "reporter": "A.2d",
      "case_ids": [
        11376291
      ],
      "weight": 3,
      "pin_cites": [
        {
          "page": "1275"
        }
      ],
      "opinion_index": 0,
      "case_paths": [
        "/a2d/812/1270-01"
      ]
    },
    {
      "cite": "613 A.2d 561",
      "category": "reporters:state_regional",
      "reporter": "A.2d",
      "year": 1992,
      "opinion_index": 0
    },
    {
      "cite": "531 Pa. 657",
      "category": "reporters:state",
      "reporter": "Pa.",
      "year": 1992,
      "opinion_index": 0
    },
    {
      "cite": "602 A.2d 499",
      "category": "reporters:state_regional",
      "reporter": "A.2d",
      "case_ids": [
        1426457
      ],
      "year": 1992,
      "opinion_index": 0,
      "case_paths": [
        "/pa-commw/145/0164-01"
      ]
    },
    {
      "cite": "985 A.2d 769",
      "category": "reporters:state_regional",
      "reporter": "A.2d",
      "case_ids": [
        7292680,
        4196114
      ],
      "weight": 3,
      "year": 2009,
      "pin_cites": [
        {
          "page": "775",
          "parenthetical": "citations omitted"
        },
        {
          "page": "777"
        }
      ],
      "opinion_index": 0,
      "case_paths": [
        "/a2d/985/0769-01",
        "/pa/603/0602-01"
      ]
    },
    {
      "cite": "603 Pa. 602",
      "category": "reporters:state",
      "reporter": "Pa.",
      "case_ids": [
        4196114
      ],
      "year": 2009,
      "pin_cites": [
        {
          "page": "612",
          "parenthetical": "citations omitted"
        }
      ],
      "opinion_index": 0,
      "case_paths": [
        "/pa/603/0602-01"
      ]
    },
    {
      "cite": "461 F.Supp. 1232",
      "category": "reporters:federal",
      "reporter": "F. Supp.",
      "case_ids": [
        397757
      ],
      "pin_cites": [
        {
          "page": "1253"
        }
      ],
      "opinion_index": 0,
      "case_paths": [
        "/f-supp/461/1232-01"
      ]
    },
    {
      "cite": "489 A.2d 733",
      "category": "reporters:state_regional",
      "reporter": "A.2d",
      "case_ids": [
        1792344,
        1792341
      ],
      "weight": 3,
      "year": 1985,
      "pin_cites": [
        {
          "page": "736"
        },
        {
          "page": "737"
        },
        {
          "page": "737",
          "parenthetical": "citations and footnote omitted"
        }
      ],
      "opinion_index": 0,
      "case_paths": [
        "/pa/507/0166-01",
        "/pa/507/0165-01"
      ]
    },
    {
      "cite": "507 Pa. 166",
      "category": "reporters:state",
      "reporter": "Pa.",
      "case_ids": [
        1792344
      ],
      "weight": 2,
      "year": 1985,
      "pin_cites": [
        {
          "page": "172"
        },
        {
          "page": "173-174"
        }
      ],
      "opinion_index": 0,
      "case_paths": [
        "/pa/507/0166-01"
      ]
    },
    {
      "cite": "117 U.S. 490",
      "category": "reporters:federal",
      "reporter": "U.S.",
      "case_ids": [
        8300011
      ],
      "weight": 3,
      "year": 1886,
      "opinion_index": 0,
      "case_paths": [
        "/us/117/0490-01"
      ]
    },
    {
      "cite": "185 A. 198",
      "category": "reporters:state_regional",
      "reporter": "A.",
      "year": 1936,
      "opinion_index": 0
    },
    {
      "cite": "322 Pa. 429",
      "category": "reporters:state",
      "reporter": "Pa.",
      "case_ids": [
        1167856
      ],
      "weight": 2,
      "year": 1936,
      "pin_cites": [
        {
          "page": "433"
        }
      ],
      "opinion_index": 0,
      "case_paths": [
        "/pa/322/0429-01"
      ]
    },
    {
      "cite": "316 Pa.Super. 533",
      "category": "reporters:state",
      "reporter": "Pa. Super.",
      "case_ids": [
        88419
      ],
      "weight": 3,
      "year": 1983,
      "pin_cites": [
        {
          "page": "1031",
          "parenthetical": "\" 'An anticipatory breach of a contract occurs whenever there has been a definite and unconditional repudiation of a contract by one party communicated to another. A statement by a party that he will not or cannot perform in accordance with [an] agreement creates such a breach.' \""
        }
      ],
      "opinion_index": 0,
      "case_paths": [
        "/pa-super/316/0533-01"
      ]
    },
    {
      "cite": "64 A. 86",
      "category": "reporters:state_regional",
      "reporter": "A.",
      "year": 1906,
      "pin_cites": [
        {
          "page": "90"
        }
      ],
      "opinion_index": 0
    },
    {
      "cite": "214 Pa. 568",
      "category": "reporters:state",
      "reporter": "Pa.",
      "case_ids": [
        945994
      ],
      "year": 1906,
      "pin_cites": [
        {
          "page": "580"
        }
      ],
      "opinion_index": 0,
      "case_paths": [
        "/pa/214/0568-01"
      ]
    },
    {
      "cite": "57 A.2d 872",
      "category": "reporters:state_regional",
      "reporter": "A.2d",
      "weight": 2,
      "year": 1948,
      "pin_cites": [
        {
          "page": "874-875"
        },
        {
          "page": "875"
        }
      ],
      "opinion_index": 0
    },
    {
      "cite": "358 Pa. 566",
      "category": "reporters:state",
      "reporter": "Pa.",
      "case_ids": [
        8845990
      ],
      "weight": 2,
      "year": 1948,
      "pin_cites": [
        {
          "page": "571-572"
        },
        {
          "page": "572"
        }
      ],
      "opinion_index": 0,
      "case_paths": [
        "/pa/358/0566-01"
      ]
    },
    {
      "cite": "739 A.2d 133",
      "category": "reporters:state_regional",
      "reporter": "A.2d",
      "case_ids": [
        837179,
        11562455
      ],
      "weight": 5,
      "year": 1999,
      "opinion_index": 0,
      "case_paths": [
        "/pa/559/0056-01",
        "/a2d/739/0133-01"
      ]
    },
    {
      "cite": "559 Pa. 56",
      "category": "reporters:state",
      "reporter": "Pa.",
      "case_ids": [
        837179
      ],
      "year": 1999,
      "opinion_index": 0,
      "case_paths": [
        "/pa/559/0056-01"
      ]
    },
    {
      "cite": "944 A.2d 97",
      "category": "reporters:state_regional",
      "reporter": "A.2d",
      "case_ids": [
        8382987
      ],
      "weight": 4,
      "opinion_index": 0,
      "case_paths": [
        "/a2d/944/0097-01"
      ]
    },
    {
      "cite": "938 A.2d 474",
      "category": "reporters:state_regional",
      "reporter": "A.2d",
      "case_ids": [
        8315954
      ],
      "pin_cites": [
        {
          "page": "488"
        }
      ],
      "opinion_index": 0,
      "case_paths": [
        "/a2d/938/0474-01"
      ]
    },
    {
      "cite": "739 A.2d 651",
      "category": "reporters:state_regional",
      "reporter": "A.2d",
      "case_ids": [
        11566145
      ],
      "weight": 4,
      "opinion_index": 0,
      "case_paths": [
        "/a2d/739/0651-01"
      ]
    }
  ],
  "analysis": {
    "cardinality": 1496,
    "char_count": 44484,
    "ocr_confidence": 0.737,
    "pagerank": {
      "raw": 1.3625059762167876e-07,
      "percentile": 0.6365857623359509
    },
    "sha256": "216523bcbb3c57f3a22f1bde7ee8de32efab8cefd213b614fa98f480b0d505d9",
    "simhash": "1:1febf903d324b890",
    "word_count": 7113
  },
  "last_updated": "2024-02-27T23:16:29.910886+00:00",
  "provenance": {
    "date_added": "2019-08-29",
    "source": "Harvard",
    "batch": "2018"
  },
  "casebody": {
    "judges": [
      "BEFORE: PELLEGRINI, Judge, SIMPSON, Judge, and KELLEY, Senior Judge."
    ],
    "parties": [
      "BORO CONSTRUCTION, INC. v. RIDLEY SCHOOL DISTRICT v. Boro Construction, Inc. Appeal of: Boro Construction, Inc. Boro Construction, Inc. v. Ridley School District v. Boro Construction, Inc. Appeal of: Ridley School District."
    ],
    "opinions": [
      {
        "text": "OPINION BY\nSenior Judge KELLEY.\nBoro Construction, Inc. (Boro) and Rid-ley School District (District) have filed cross appeals from the orders entered in the Court of Common Pleas of Delaware County (trial court) denying their motions for post-trial relief and entering judgment in favor of the District and against Boro on the complaint, and in favor of Boro and against the District on the District\u2019s counterclaims. We affirm.\nOn June 7, 1999, Boro and the District entered into contracts for general construction and electrical construction of a new high school building. See Reproduced Record (RR) at 836a-841a, 858a-863a. The sum due for completion under the General Construction Contract totaled $5,411,800.00, and the sum due for completion under the Electrical Contract totaled $4,599,000.00. Id. at 837a, 859a. Both contracts indicated that Boro would achieve substantial completion of the entire work under the contracts by August 15,2002. Id.\nOn May 12, 2004, Boro filed a complaint the Court of Common Pleas of Montgomery County alleging that the District had breached the contracts by failing to pay the final sums due under both the General Construction Contract and the Electrical Contract. In particular, Boro alleged that although the District had paid approximately $10,000,000.00 under the contracts, the District owed Boro the following additional sums: (1) a remaining balance due on the General Construction Contract totaling $44,237.06; (2) a remaining balance due on the Electrical Contract totaling $13,295.20; (3) approved change orders under the Electrical Contract totaling $6,444.60; (4) monies lost due to the improper disposal and use of dumpsters on site by other contractors totaling $64,-157.92; (5) damages for delay in completion of the project totaling $40,026.83; (6) costs for cellular telephone usage on site totaling $2,890.05; (7) costs for revising the building locator maps due to changes in the high school\u2019s room numbers totaling $4,751.25; and (8) costs for the installation of theatrical wiring outside the scope of the contract work totaling $72,026.89. The case was transferred to the trial court at the District\u2019s request.\nOn May 19, 2005, the District filed an answer to the complaint with new matter and counterclaims. In the counterclaims, the District sought damages totaling $27,736.02 for the costs of reinstalling doors and door hardware that had been improperly installed by Boro. The District also sought credit change orders owed by Boro totaling $10,981.02. In addition, the District sought attorney fees pursuant to the \u201cno damages for delay\u201d clause of Section 8.3.4 of the Supplementary Conditions which provided that they could be recovered based on Boro\u2019s claim for delay damages. See RR at 947a.\nA non-jury trial was conducted before the trial court on July 5 through July 7, 2006. On November 6, 2006, the trial court entered a verdict in favor of the District and against Boro on the complaint, and in favor of Boro and against the District on the District\u2019s counterclaims.\nOn May 24, 2007, the trial court issued orders denying the parties\u2019 motions for post-trial relief. Boro and the District then filed the instant appeal and cross-appeal from the trial court\u2019s orders.,\nThe sole claim raised by Boro in its appeal is that the trial court erred in determining that it was not entitled to recover its claims for the remaining balances due under the General Construction Contract and the Electrical Contract because it failed to submit applications for final payment. In contrast, in its appeal, the District claims that the trial court erred in determining that the District was not entitled to attorney fees because they are specifically provided for in a \u201cno damages for delay\u201d clause of the contract.\nBoro claims that the trial court erred in determining that it was not entitled to recover its claims for final payment due under the General Construction Contract or the Electrical Contract because it failed to submit applications for final payment. We do not agree.\nWith respect to Boro\u2019s claim for final payment under the contracts, it is well settled that the fundamental rule in construing the provisions of a contract is to ascertain and to give effect to the intention of the parties. Empire Sanitary Landfill v. Riverside School District, 739 A.2d 651 (Pa.Cmwlth.1999). If the contract terms are clear and unambiguous, the intention of the parties must be ascertained from the document itself. Id. This Court\u2019s inquiry should focus on what the agreement itself expressed, and not on what the parties may have silently intended. Id. It is not appropriate, under the guise of contract construction, to alter the terms to which the parties expressly agreed, whether in wisdom or folly. Id.\nIn addition, \u201c[t]he public contract here is subject to the Procurement Code, specifically Chapter 39. 62 Pa.C.S. \u00a7 102(a); 3901-3942. Section 3931 entitles a contractor who performs in accordance with the contract to prompt payment by the government agency. 62 Pa.C.S. \u00a7 3931[] .... \u201d James Corporation v. North Allegheny School District, 938 A.2d 474, 488 (Pa.Cmwlth.2007) (footnote added). Nevertheless, Section 3932(a) of the Procurement Code provides, in pertinent part, that \u201c[t]he government agency shall pay the contractor ... strictly in accordance with the contract.\u201d 62 Pa.C.S. \u00a7 3932(a).\nMoreover, as this Court has previously noted, a \u201ccondition precedent\u201d may be defined as a condition that must occur before a duty to perform under a contract arises. Beaver Dam Outdoors Club v. Hazleton City Authority, 944 A.2d 97 (Pa.Cmwlth.2008). While the parties to a contract do not need to use any particular words to create a condition precedent, an event or act enumerated in a contract will not be construed as a condition precedent unless it clearly appears to have been the parties\u2019 intention. Id. In determining the purpose of conditions precedent, the general rules of contract interpretation are applied and the intention of the parties is controlling. Id. If a contract contains condition precedent, that condition must be met before a duty to perform under the contract arises. Id. Thus, where a condition precedent has not been fulfilled, the duty to perform under the contract lays dormant and no damages are due for nonperformance. Shovel Transfer and Storage, Inc. v. Pennsylvania Liquor Control Board, 559 Pa. 56, 739 A.2d 133 (1999).\nAs noted above, in this case, both the General Construction Contract and the Electrical Contract contained specific provisions regarding final payment which required \u201c[a] final Project Certificate for Payment [that] has been issued by the Construction Manager and Architect; such final payment shall be made by the Owner not more than 30 days after the issuance of the final Project Certificate for Payment, or as follows ... [i]n accord with Document 00700, Article 9....\u201d RR at 838a, 839a, 860a, 861a (emphasis in original). In turn, the General Conditions incorporated thereby required Boro, upon completion of the work under the contracts, to forward to the Construction Manager a written notice that the work was ready for final inspection and acceptance along with a final application for payment. Id. at 907a. Upon receipt, the Construction Manager was to forward the notice and application to the Architect who would promptly make the inspection. Id. When the Architect, based on the recommendation of the Construction Manager, found the work to be acceptable and that the contracts were fully performed, the Construction Manager and Architect would promptly issue the final certificate for payment. Id. The General Conditions specifically provided that \u201c[t]he Construction Manager\u2019s and Architect\u2019s final Certificate for Payment will constitute a further representation that conditions listed in Subparagraph 9.10.2[] as precedent to the Contractor\u2019s being entitled to final payment have been fulfilled.\u201d Id.\nSuch conditions that are precedent to the tender of final payment under construction contracts have long been recognized by the courts of this Commonwealth. See, e.g., John Conti Co., Inc. v. Donovan, 358 Pa. 566, 571-572, 57 A.2d 872, 874-875 (1948) (\u201c \u2018[W]here the contract provides ... the work be performed subject to the approval of an architect, ... before the builder has a right to recover compensation on his contract, such provision is binding on the parties, and, either expressly or impliedly, makes a ... decision ... of an architect a condition precedent to the right of the builder to recover compensation on his contract, his employer being under no liability to pay unless this is done, or unless the obtaining of such approval ... is excused or waived .... \u2019\u201d) (citation omitted); Payne v. Roberts, 214 Pa. 568, 580, 64 A. 86, 90 (1906) (\u201cSuch a provision as this, requiring the work and materials to meet the satisfaction of the architects, is neither unusual nor unreasonable. True, it confides much in the judgment, impartiality, and integrity of the architect; but it has long been a feature in building contracts, and that it obtains to-day as largely as ever shows that experience has approved it.... \u201d).\nThus, it is clear that Boro was required to establish that it strictly complied with the final payment provisions of the contracts by submitting a final application for payment to the Construction Manager and the Architect as a condition precedent to the District\u2019s duty to tender final payment under those contracts. See, e.g., Sections 3932(a) and 3941(a) of the Procurement Code, 62 Pa.C.S. \u00a7\u00a7 3932(a), 3941(a); John Conti Co., Inc., 358 Pa. at 572, 57 A.2d at 875 (\u201cIn the absence of proof of waiver of the stipulated condition precedent to payment or of collusion between the defendant and the architect, plaintiff is bound by the decision of the architect.... [N]o \u2018collusion\u2019 between the defendant and the architect is alleged and for plaintiff to succeed in its action against defendant it is incumbent that it meet the burden of proof resting upon it; to wit, it must duly establish a waiver by the defendant of the condition precedent. No such waiver is alleged.\u201d).\nAlthough it is not disputed that Boro failed to comply with these express provisions, Boro contends that the condition precedent to the District\u2019s duty to tender final payment was excused in this case. More specifically, Boro asserts that the District committed an anticipatory breach of the contracts thereby relieving Boro of its duty to submit the applications for final payment. In support of this assertion, Boro relies upon the testimony of its Chief Operating Officer at trial in which he stated that some unnamed representative of the District indicated to him that the District would not tender final payment under the contracts unless he dropped his claims regarding payment for extra work outside of the contracts. See Brief for Appellant at 13-16.\nIt is true that an anticipatory repudiation by an obligor will discharge an obligee\u2019s duty to perform a condition precedent. Jonnet Development Corporation v. Dietrich Industries, Inc., 316 Pa.Super. 533, 463 A.2d 1026 (1983). However, with respect to the essential elements demonstrating an anticipatory breach, the Pennsylvania Supreme Court has noted:\n\u201cThe requisite elements of an anticipatory breach were established by this Court in McClelland v. New Amsterdam Casualty Co., 322 Pa. 429, 185 A. 198 (1936). This Court, following the standards set out by the U.S. Supreme Court in Dingley v. Oler, 117 U.S. 490 [6 S.Ct. 850, 29 L.Ed. 984 (1886) ], stated that to constitute anticipatory breach under Pennsylvania law there must be \u2018an absolute and unequivocal refusal to perform or a distinct and positive statement of an inability to do so.\u2019 [McClelland], 322 Pa. at 433, 185 A. [at 200], The McClelland standard is still the rule of law in Pennsylvania.... \u201d\n2401 Pennsylvania Avenue Corporation v. Federation of Jewish Agencies of Greater Philadelphia, 507 Pa. 166, 172, 489 A.2d 733, 736 (1985). Thus, \u201cPennsylvania law is well-settled that more than a threat of non-performance is needed before conduct can amount to an anticipatory breach of contract. The conduct must manifest an absolute and unequivocal refusal to perform .... \u201d McAlpine v. AAMCO Automatic Transmissions, Inc., 461 F.Supp. 1232, 1253 (E.D.Mich.1978) (citations omitted). See also Jonnet Development Corporation, 463 A.2d at 1031 (\u201c \u2018An anticipatory breach of a contract occurs whenever there has been a definite and unconditional repudiation of a contract by one party communicated to another. A statement by a party that he will not or cannot perform in accordance with [an] agreement creates such a breach.\u2019 \u201d) (citations omitted).\nBased on the foregoing, it is clear that the Chief Operating Officer\u2019s testimony, even if deemed to be credible, does not establish the essential elements demonstrating an anticipatory breach of the contracts by the District. The conditional threat purportedly expressed by an unnamed representative of the District does not objectively constitute the required \u201cabsolute and unequivocal refusal to perform or a distinct and positive statement of an inability to do so.\u201d See, e.g., 2401 Pennsylvania Avenue Corporation, 507 Pa. at 173-174, 489 A.2d at 737 (\u201c[A]ppellee\u2019s statement that it had no use for the space and would not consider approving the extension without a release from its obligations under the lease indicates that ap-pellee did recognize at the very least a possible obligation under the contract. The fact that a party seeks to preserve what it deems to be a legal defense to the required performance does not reflect an intention to deliberately breach the agreement. To the contrary, it reflects an intention to avoid performance only if there is a legal basis for the refusal of performance.\u201d).,\nBased on the foregoing, it is clear that Boro\u2019s assertion that it was relieved of its duty to submit an application for final payment to the Construction Manager and the Architect as a condition precedent to the District\u2019s duty to tender final payment under the contracts is patently without merit. It is equally clear that the trial court did not err in determining that Boro was not entitled to recover its claims for the remaining balances due under the General Construction Contract and the Electrical Contract because it failed to submit applications for final payment as required by the express terms of those contracts. In short, Boro\u2019s allegation of error in this regard is patently without merit.\nFinally, the District claims that the trial court erred in determining that it was not entitled to attorney fees where they are specifically provided for in a \u201cno damages for delay\u201d clauses of Section 8.3.4 of the Supplementary Conditions to the General Construction Contract and the Electrical Contract. More specifically, the District asserts that because Boro both pleaded and litigated a claim for delay damages in contravention of Section 8.3.4, and did not prevail on this claim, the trial court erred in failing to award attorney fees under that section.\nAs the Pennsylvania Supreme Court has recently noted:\n\u201c[T]he general rule within this Commonwealth is that each side is responsible for the payment of its own costs and counsel fees absent bad faith or vexatious conduct.\u201d This so-called \u201cAmerican Rule\u201d holds true \u201cunless there is express statutory authorization, a clear agreement of the parties, or some other established exception.\u201d\nMcMullen v. Kutz, 603 Pa. 602, 612, 985 A.2d 769, 775 (2009) (citations omitted). The burden of proving entitlement to attorney fees is on the party claiming such entitlement. Department of Transportation v. Smith, 145 Pa.Cmwlth. 164, 602 A.2d 499, petition for allowance of appeal denied, 531 Pa. 657, 613 A.2d 561 (1992). In addition, where, as here, the fee-shifting provisions are contained in a contract, an appellate court will construe the contractual provisions in accordance with their plain and ordinary meaning. Profit Wize Marketing v. Wiest, 812 A.2d 1270 (Pa.Super.2002). Moreover, \u201c[t]he trial court may consider whether the fees claimed to have been incurred are reasonable, and to reduce the fees claimed if appropriate.\u201d McMullen, 602 Pa. at 615, 985 A.2d at 777.\nAs noted above, Section 8.3.4 of the Supplementary Conditions provides, in pertinent part, that \u201c[n]o payment or compensation or claim for damages shall be made to the Contractor as compensation for damages for any delays or hindrances from any cause whatsoever in the progress of the Work, [... and t]he Contractor\u2019s sole remedy for delays shall be an EXTENSION OF TIME ONLY....\u201d RR at 947a (emphasis in original). In addition, Section 8.3.4 provides that \u201c[i]n the event the Contractor shall choose to litigate this clause or issue and loses said litigation, the Contractor shall reimburse the Owner, Construction Manager, and the Architect for their reasonable attorney\u2019s and expert witness fees and all other costs and expenses incurred by them in the litigation.\u201d Id. Thus, in order to be awarded attorney fees pursuant to the foregoing contractual provisions, the District was required to demonstrate to the trial court\u2019s satisfaction that Boro had \u201clos[t] said litigation\u201d.\nIn refusing to award attorney fees in this case, the trial court stated the following in the opinion filed in support of its order:\nAfter hearing all the evidence presented on Defendant\u2019s counterclaim, the trial court found that [the District] failed to meet its burden of proof that Boro allegedly was responsible for the improper installation of the doors and hardware. Since the Court found in favor of Boro on Ridley\u2019s claim regarding the door installation, the court found that [the District] was not entitled to attorney\u2019s fees as a substantially prevailing party under the terms and provisions of the contract.\nTrial Court Opinion at 6.\nWe discern no error in the trial court\u2019s determination in this regard. The word \u201close\u201d is defined, in pertinent part, as \u201c[t]o fail to win, gain, or obtain <\"a prize> <\"a contest> .... \u201d Merriam-Webster\u2019s Collegiate Dictionary 736 (11th ed. 2008). In turn, \u201clitigate\u201d is defined, in pertinent part, as \u201c[t]o carry on a legal contest by judicial process.... \u201d Id. at 727. Likewise, \u201clitigation\u201d is defined as \u201c[t]he process of carrying on a lawsuit [or a] lawsuit itself....\u201d Black\u2019s Law Dictionary 1017 (9th ed. 2009).\nThus, in light of the specific language of the contracts in this case, the trial court quite properly determined that the District was not entitled to an award of attorney fees based upon its determination that Boro had prevailed with respect to the District\u2019s counterclaims in the instant lawsuit. See, e.g., Profit Wize Marketing, 812 A.2d at 1275 (\u201cBy entering into a stipulation for the entry of a permanent injunction both Executrain and Appellant managed to preserve certain legal rights and willingly relinquished others.... Such a resolution, in keeping with the nature of most settlement agreements, evidences a compromise. Neither party in this case emerges as the clear-cut winner. As the plain and unambiguous meaning of \u2018prevail\u2019 requires Executrain to \u2018triumph\u2019 or \u2018win\u2019 in the underlying action, we do not find that Executrain is entitled to an award of attorney fees and costs.... Additionally, we are not willing, nor are we permitted, to fashion an equitable remedy in the instant case because Executrain \u2018partially prevailed\u2019. Although the lower court attempted to craft such a remedy, the language of the contract does not so provide.\u201d). In short, the District\u2019s allegation of error in this regard is without merit.\nAccordingly, the orders of the trial court are affirmed.\nORDER\nAND NOW, this 8th of March, 2010, the orders of the Court of Common Pleas of Delaware County, dated May 24, 2007 at No. 05-3046, are AFFIRMED.\n. Both contracts contained the following provisions regarding payments to be made under the contracts:\nS.l Based upon Applications for Payment submitted by the Contractor to the Construction Manager, and upon Project Applications and Certificates for Payment issued by the Construction Manager and Architect, the Owner shall make progress payments on account of the Contract Sum to the Contractor as provided below and elsewhere in the Contract Documents.\nARTICLE 6\nFINAL PAYMENT\nFinal Payment, constituting the entire unpaid balance of the Contract Sum, shall be made by the Owner to the Contractor when the Contract has been fully performed by the Contractor except for the Contractor\u2019s responsibility to correct nonconforming Work ... and to satisfy other requirements, if any, which necessarily survive final payment; and (2) a final Project Certificate for Payment has been issued by the Construction Manager and Architect; such final payment shall be made by the Owner not more than 30 days after the issuance of the final Project Certificate for Payment, or as follows ... [i]n accord with Document 00700, Article 9, as modified by Document 00800, Article 9, Paragraphs 9.3.8 and 9.3.9.\nRR at 838a, 839a, 860a, 861a (emphasis in original).\nIn turn, Article 9 of the General Conditions provided, in pertinent part:\n9.3.1 At least fifteen days before the date established for each progress payment, the Contractor shall submit to the Construction Manager an itemized Application for Payment for Work completed in accordance with the schedule of values....\n9.3.1.1 Such applications may include requests for payment on account of changes in the Work which have been properly authorized by Construction Change Directives but not yet included in Change Orders.\n9.6.1 After the Construction Manager and Architect have issued a Project Certificate for Payment, the Owner shall make payment in the manner and within the time provided in the Contract Documents....\n9.10.1 Upon completion of the Work, the Contractor shall forward to the Construction Manager a written notice that the Work is ready for final inspection and acceptance and shall also forward to the Construction Manager a final Contractor\u2019s Application for Payment. Upon receipt, the Construction Manager will forward the notice and Application to the Architect who will promptly make such inspection. When the Architect, based on the recommendation of the Construction Manager, finds the Work acceptable under the Contract Documents and the Contract fully performed, the Construction Manager and Architect will promptly issue a final Certificate for Payment stating that to the best of their knowledge, information and belief, and on the basis of their observations and inspections, the Work has been completed in accordance with terms and conditions of the Contract Documents and that the entire balance found to be due the Contractor and noted in said final Certificate is due and payable. The Construction Manager\u2019s and Architect\u2019s final Certificate for Payment will constitute a further representation that conditions listed in Subparagraph 9.10.2 as precedent to the Contractor's being entitled to final payment have been fulfilled.\n9.10.2 Neither final payment nor any remaining retained percentage shall become due until the Contractor submits to the Architect through the Construction Manager (1) an affidavit that payrolls, bills for materials and equipment, and other indebtedness connected with the Work for which the Owner ... might be responsible ... have been paid or otherwise satisfied, (2) a certificate evidencing that insurance required by the Contract Documents to remain in force after final payment is currently in effect and will not be canceled or allowed to expire until at least 30 days' prior written notice has been given to the Owner, (3) a written statement that the Contractor knows of no substantial reason that the insurance will not be renewable to cover the period required by the Contract Documents, (4) consent of surety, if any, to final payment, and (5), if required by the Owner, other data establishing payment or satisfaction of obligations, such as receipts, releases and waivers of liens, claims, security interests or encumbrances arising out of the Contract, to the extent and in such form as may be designated by the Owner....\n9.10.3If, after Substantial Completion of the Work, final completion thereof is materially delayed through no fault of the Contractor or by issuance of Change Orders affecting final completion, and the Construction Manager and Architect so confirm, the Owner shall, upon application by the Contractor and certification by the Construction Manager and Architect, and without terminating the Contract, make payment of the balance due for that portion of the Work fully completed and accepted. If the remaining balance for Work not fully completed or corrected is less than retain-age stipulated in the Contract Documents, and if bonds have been furnished, the written consent of surety to payment of the balance due for that portion of the Work fully completed and accepted shall be submitted by the Contractor to the Architect through the Construction Manager prior to certification of such payment. Such payment shall be made under terms and conditions governing final payment, except that it shall not constitute a waiver of Claims. The making of final payment shall constitute a waiver of Claims by the Owner as provided in Subparagraph 4.4.5.\nRR at 905a, 906a, 907a.\n. Article 3 of the General Conditions provided, in pertinent part:\n3.15.1 The Contractor shall keep the premises and surrounding area free from accumulation of waste materials or rubbish caused by operations under the Contract. At completion of the Work the Contractor shall remove from and about the Project waste materials, rubbish, the Contractor's tools, construction equipment, machinery and surplus materials.\nRR at 897a.\nIn addition, Section 01500 1.16A.2. of the General Construction Contract provided:\n2. General Contractor will be responsible for the removal of all such trash from the jobsite and the overall cleanliness of the entire jobsite. Those Prime Contractors who do not comply with the General Contractor's overall procedure and standards shall be reported to the Construction Manager and die Owner for possible reduction of their Contract Sum in order to have that Prime Contractor\u2019s trash picked up by another separate contractor.\nRR at 1068a.\n. Section 8.3.4 of the Supplementary Conditions provided:\n8.3.4 No payment or compensation or claim for damages shall be made to the Contractor as compensation for damages for any delays or hindrances from any cause whatsoever in the progress of the Work, notwithstanding whether such delays be avoidable or unavoidable. The Contractor's sole remedy for delays shall be an EXTENSION OF TIME ONLY, pursuant to and only in accordance with this Paragraph 8.3, such extension to be a period equivalent to the time lost by reason of and all of the aforesaid causes, as determined by the Construction Manager. In consideration for this grant of a time extension, the Owner, the Construction Manager and/or Architect shall not be held responsible for any loss or damage or increased costs sustained by the Contractor through any delays cause by the Owner, Construction Manager or Architect or any other Contractor or on account of the aforesaid causes or any other cause of delay. In the event the Contractor shall choose to litigate this clause or issue and loses said litigation, the Contractor shall reimburse the Owner, Construction Manager, and the Architect for their reasonable attorney\u2019s and expert witness fees and all other costs and expenses incurred by them in the litigation.\nRR at 947a.\n.Section 01500 1.05 of the General Construction Contract provided, in pertinent part:\nA. General Contractor shall provide, maintain and pay all fees for an on-site communication service for himself, the Construction Manager, and the Owner\u2019s Representative. The on-site communication service shall incorporate digital phones to standardize contractor communications during construction of the project....\nD. Each Prime Contractor is responsible to provide their own equipment that is compatible with General Contractor's communication service....\nRR at 1063a.\n. More specifically, Section 8.3.4 provides, in pertinent part, that \"[i]n the event the Contractor shall choose to litigate this clause or issue and loses said litigation, the Contractor shall reimburse the Owner, Construction Manager, and the Architect for their reasonable attorney\u2019s and expert witness fees and all other costs and expenses incurred by them in the litigation.\u201d Id.\n. In the opinion filed in support of the verdict, the trial court stated the following, in pertinent part:\n[Article 5 of t]he contracts between Boro and [the District] require that in order for Boro to be paid, it had to submit a payment application as a prerequisite for receiving payment....\nThis provision could not be waived by [the District], Boro was well aware of the formal process. Boro has conceded that it received approximately $10,000,000 in payments for the work performed under the contract by submitting formal payment applications. Boro was clearly aware during the bidding and contract awarding process that it was bidding on a contract with a public entity. As a matter of law in Pennsylvania, contractors are particularly on notice that with regard to public entities and public funds, contractors must comply strictly with the payment procedures before they can receive payment.\n&z3\nPennsylvania Courts have held that contractors cannot recover against public entities where the contractors have failed to submit the proper paperwork, even if the actions of the public entity suggest that such a submission would be unnecessary. Morgan v. City of Johnstown, [306 Pa. 456, 160 A. 696 (1932) ]; Emporium Area Joint School Authority v. Anundson, [191 Pa. Super. 372] 156 A.2d 554 (Pa.Super.[1959), rev'd on other grounds, 402 Pa. 81, 166 A.2d 269 (1960)]. While both of these cases deal with contract revisions regarding work order changes, these cases represent the general concept in Pennsylvania that municipal contract provisions are to be strictly construed. Moreover, if the contractor fails to submit a final application for payment, then the public entity, such as [the District], cannot evaluate the payment requested. If the public entity is not given the opportunity to inspect tire charges, there may be reckless disbursement of public funds. Therefore, strict adherence is necessary for dealing with municipal and/or quasi-municipal contracts.\nAccordingly, the trial court properly found that Boro admitted that it knowingly failed to submit a final payment application as required under the general construction contract, which prevented [the District] from evaluating the requested payment. That failure by Boro violated the express terms of the contract and, therefore, barred Boro\u2019s claim.\nTrial Court Opinion at 3, 4-5.\nWith respect to the District\u2019s counterclaims and request for attorney fees, the trial court stated the following, in pertinent part:\nAfter hearing all the evidence presented on [the District\u2019s counterclaim, the trial court found that [the District] failed to meet its burden of proof that Boro allegedly was responsible for the improper installation of the doors and hardware. Since the Court found in favor of Boro on [the District\u2019s claim regarding the door installation, the court found that [the District] was not entitled to attorney\u2019s fees as a substantially prevailing party under the terms and provisions of the contract.\nId. at 6.\n. Initially, both Boro and the District filed the instant appeals to the Superior Court. However, by order dated November 14, 2008, the Superior Court transferred the appeals to this Court. In addition, by order dated January 7, 2009, this Court sua sponte consolidated the appeals for disposition.\n. This Court's scope of review of an order of a trial court denying a motion for post-trial relief is limited to a determination of whether the trial court abused its discretion or committed an error of law. Wrazien v. Easton Area School District, 926 A.2d 585 (Pa.Cmwlth.), petition for allowance of appeal denied, 594 Pa. 718, 937 A.2d 448 (2007).\n. It is well settled that this Court may affirm the decision of the trial court on any basis without regard to the basis upon which the trial court relied. Shearer v. Naftzinger, 560 Pa. 634, 747 A.2d 859 (2000); Braxton v. Department of Transportation, 160 Pa.Cmwlth. 32, 634 A.2d 1150 (1993), petition for allow once of appeal denied, 539 Pa. 682, 652 A.2d 1326 (1994).\n.More specifically, Section 3931(a) of the Procurement Code states;\n(a) Entitlement of contractor to payment. \u2014 Performance by a contractor in accordance with the provisions of a contract shall entitle the contractor to payment by the government agency.\n62 Pa.C.S. \u00a7 3931(a).\nIn addition, Section 3941(a) provides:\n(a) Contract containing provision for re-tainage. \u2014 A contract containing a provision for retainage as provided in section 3921 (relating to retainage) shall contain a provision requiring the architect or engineer to make final inspection within 30 days of receipt of the request of the contractor for final inspection and application for final payment. If the work is substantially completed, the architect or engineer shall issue a certificate of completion and a final certificate for payment, and the government agency shall make payment in full within 45 days except as provided in section 3921, less only one and one-half times the amount required to complete any then-remaining uncompleted minor items, which amount shall be certified by the architect or engineer and, upon receipt by government agency of any guarantee bonds which may be required, in accordance with the contract, to insure proper workmanship for a designated period of time. The certificate given by the architect or engineer shall list in detail each uncompleted item and a reasonable cost of completion. Final payment of any amount withheld for the completion of the minor items shall be paid upon completion of the items in the certificate of the engineer or architect.\n62 Pa.C.S. \u00a7 3941(a). See also Section 9 of the Contractor and Subcontractor Payment Act, Act of February 17, 1994, P.L. 73, 73 P.S. \u00a7 509(a) (\"(a) Time for payment. \u2014 If payments under a construction contract are subject to retainage, any amounts which have been retained during the performance of the contract and which are due to be released to the contractor upon final completion shall be paid within 30 days after final acceptance of the work.\u201d).\n. See also Section 5 of the Contractor and Subcontractor Payment Act, 73 P.S. \u00a7 505(a) (\"(a) Construction contract. \u2014 The owner shall pay the contractor strictly in accordance with the terms of the construction contract.\u201d).\n. As noted above, Subparagraph 9.10.2 also conditioned Boro\u2019s receipt of final payment upon its providing the architect with: (1) an affidavit that payrolls, bills for materials and equipment, and other indebtedness connected with the project for which the District might be responsible have been paid or otherwise satisfied; (2) a certificate showing that insurance required by the contracts to remain in force after final payment was in effect and would not be canceled or allowed to expire until written notice has been given to the District; (3) a written statement that Boro knew of no substantial reason that the insurance will not be renewable to cover the period required by the contracts; (4) the consent of the surety to final payment; and (5) if required by the District, other information showing the payment or satisfaction of any further obligations, such as receipts, releases and waivers of liens, claims, security interests or encumbrances arising out of the contracts. See RR at 907a.\n. See also 8 Corbin on Contracts \u00a7 31.12 (1999) (\"By the express terms of the agreement, however, the parties can make small and otherwise immaterial performances 'conditions' of a promisor's duty. Often, in construction contracts, the party for whom the work is being done makes a promise to pay expressly conditional upon a supervising architect\u2019s or engineer's presentation of a certificate. This may be a certificate that the work, or that a stated portion of the work, has been completed in accordance with the plans and specifications, or performed to the satisfaction of the engineer. The certificate may be made a condition of the promisor's duty to pay the entire contract price; but it is more likely to be a condition of the duty to pay a final balance of the price, or to the duty to pay an intermediate installment of the price ....\u201d) (footnote omitted).\n. See also Heckler v. Community Health Services of Crawford County, Inc., 467 U.S. 51, 63, 104 S.Ct. 2218, 81 L.Ed.2d 42 (1984) (\"Justice Holmes wrote: \u2018Men must turn square corners when they deal with the Government.\u2019 Rock Island A. & L.R. Co. v. United States, 254 U.S. 141, 143, 41 S.Ct. 55, 65 L.Ed. 188 [(1920)]. This observation has its greatest force when a private party seeks to spend the Government's money. Protection of the public fisc requires that those who seek public funds act with scrupulous regard for the requirements of law; respondent could expect no less than to be held to the most demanding standards in its quest for public funds. This is consistent with the general rule that those who deal with the Government are expected to know the law and may not rely on the conduct of Government agents contrary to the law.\u201d) (footnote omitted).\n. As the Supreme Court explained:\nThe rationale behind the rule of anticipatory repudiation is the prevention of economic waste. An obligee/plaintiff should not be required to perform a useless act as a condition of his right to recover for a breach when the obligor has demonstrated an absolute and unequivocal refusal to perform. However, we reject any argument suggesting a dilution of our long recognized standard of an \"absolute and unequivocal refusal to perform.\u201d Our efforts to avoid economic waste must not be allowed to encourage precipitous breaches of contract. Such an approach undermines the stability of contracts and encourages unnecessary litigation.\nId. at 174, 489 A.2d at 737 (citations and footnote omitted).\n. It is well settled that the trial court, sitting as fact finder, is free to believe all, part, or none of the evidence presented, to make all of the credibility determinations, and to resolve any conflicts in the evidence. Commonwealth v. Holtzapfel, 895 A.2d 1284 (Pa.Cmwlth.2006). Thus, when acting as a fact finder, the trial court is free to reject even uncontradict-ed evidence that it finds lacking in credibility. D'Emilio v. Board of Supervisors of the Township of Bensalem, 157 Pa.Cmwlth. 64, 628 A.2d 1230 (1993). As a result, when presented with conflicting evidence, the trial court does not abuse its discretion nor commit an error of law by choosing to accept one party's evidence over the other party\u2019s evidence. DeBald v. McCarthy, 87 Pa.Cmwlth. 408, 487 A.2d 460 (1985).\n. See also Oak Ridge Construction Company v. Tolley, 351 Pa.Super. 32, 504 A.2d 1343, 1347 (1985) (\"In the instant case, we cannot say that the language in Mr. Tolley's letter constituted a \u2018definite and unconditional repudiation' of the contract which 'amounts to a statement of intention not to perform except on conditions which go beyond the contract.' The letter merely stated that the charges for work performed under item twenty of the contractor's specifications were 'in dispute or disagreement' and requested resolution of the dispute under the arbitration clause of the contract. The letter did not contain an unequivocal refusal to pay the drilling charges or a repudiation of the entire contract. Thus, when Oak Ridge gave the Tolleys ten days notice that it was terminating the contract, the Tolleys had not committed an anticipatory breach.\u201d).\n.As a corollary to this allegation of error, Boro also claims that the District should be equitably estopped from denying compensation based upon the conditional threat purportedly expressed by the unnamed representative of the District. However, Boro did not \u2022 raise this claim in its Concise Statement of Matters Complained of on Appeal that was filed pursuant to Pa.R.A.P. 1925(b). As a result, this claim has been waived for purposes of appeal. Pa.R.A.P. 1925(b)(4)(vii); Colombari v. Port Authority of Allegheny County, 951 A.2d 409 (Pa.Cmwlth.2008).\n. In this appeal, the District also claims that the trial court\u2019s judgment could be affirmed on the alternate basis that Boro failed to pursue mandatory arbitration to resolve the instant disputes as provided for in Sections 4.7 through 4.9 of Article 4 of the General Conditions of the General Construction Contract and the Electrical Contract. However, this was not a basis upon which the trial court relied in entering judgment in this matter and, as outlined above, there is another alternative basis upon which we will affirm the trial court\u2019s judgment in this regard. As a result, we will not accede to the District\u2019s request to consider yet another alternative basis upon which to affirm the trial court in this case.\n. As a corollary to this allegation of error, Boro also argues that the trial court erred in failing to address its claims for additional compensation. However, such a claim is not fairly comprised within the Statement of Questions Involved portion of Boro\u2019s appellate brief. See Brief for Appellant at 3. As a result, any allegation of error in this regard has been waived for purposes of appeal. See Pa.R.A.P. 2116(a) (\"[N]o question will be considered unless it is stated in the statement of questions involved or is fairly suggested thereby. ..G.M. v. Department of Public Welfare, 954 A.2d 91, 93 (Pa.Cmwlth.2008) (\"[Hjowever, because Petitioner failed to include this issue in the Statement of Questions Involved portion of his brief, this issue is waived (citations omitted).\nMoreover, to the extent that any claim of error in this regard has been preserved for our review, it is without merit. In the Concise Statement of Matters Complained of on Appeal, Boro alleged that the trial court\u2019s determination that it is not entitled to the claims for additional compensation was \"contrary to the weight of the evidence\". It is well settled that a claim that the verdict is against the weight of the evidence concedes that there is sufficient evidence to sustain the verdict, but that the verdict was against the weight of the evidence. Fanning v. Davne, 795 A.2d 388 (Pa.Super.2002), petition for allowance of appeal denied, 573 Pa. 697, 825 A.2d 1261 (2003). Thus, an appellate court's review of a weight of the evidence claim is a review of the trial court\u2019s exercise of discretion, and not a review of the underlying question of whether the appellate court believes that the verdict is against the weight of the evidence. Alwine v. Sugar Creek Rest, Inc., 883 A.2d 605 (Pa.Super.2005). As the Pennsylvania Supreme Court has noted, \"[gjiven the unique nature of the power reposed in the trial court concerning a weight claim, this Court has emphasized on a number of occasions that, '[o]ne of the least assailable reasons for granting [or denying] a new trial is the lower court's conviction that the verdict was [or was not] against the weight of the evidence and that new process was [or was not] dictated by the interests of justice.\u2019 \u201d Armbruster v. Horowitz, 572 Pa. 1, 10, 813 A.2d 698, 703 (2002) (citations omitted). As a result, a new trial will only be granted on the basis that the verdict is against the weight of the evidence where the verdict is so contrary to the evidence that it shocks one\u2019s sense of justice. Id.; Fanning.\nOur review of the certified record in this case does not demonstrate the requisite shock to this Court's sense of justice. As a result, Boro\u2019s allegation of error in this regard is likewise without merit.",
        "type": "majority",
        "author": "Senior Judge KELLEY."
      }
    ],
    "attorneys": [
      "Philip A. Yampolsky, Narberth, for appellant, Boro Construction, Inc.",
      "John F.X. Reilly, Media, for appellee, Ridley School District."
    ],
    "corrections": "",
    "head_matter": "BORO CONSTRUCTION, INC. v. RIDLEY SCHOOL DISTRICT v. Boro Construction, Inc. Appeal of: Boro Construction, Inc. Boro Construction, Inc. v. Ridley School District v. Boro Construction, Inc. Appeal of: Ridley School District.\nCommonwealth Court of Pennsylvania.\nArgued Sept. 17, 2009.\nDecided March 8, 2010.\nPhilip A. Yampolsky, Narberth, for appellant, Boro Construction, Inc.\nJohn F.X. Reilly, Media, for appellee, Ridley School District.\nBEFORE: PELLEGRINI, Judge, SIMPSON, Judge, and KELLEY, Senior Judge."
  },
  "file_name": "0208-01",
  "first_page_order": 248,
  "last_page_order": 261
}
