{
  "id": 7353380,
  "name": "William A. SIMPSON, et al., Appellants, v. JACK BAKER, INC., et al., Appellees",
  "name_abbreviation": "Simpson v. Jack Baker, Inc.",
  "decision_date": "1993-02-12",
  "docket_number": "No. 92-CV-519",
  "first_page": "254",
  "last_page": "256",
  "citations": [
    {
      "type": "official",
      "cite": "620 A.2d 254"
    }
  ],
  "court": {
    "name_abbreviation": "D.C.",
    "id": 11933,
    "name": "District of Columbia Court of Appeals"
  },
  "jurisdiction": {
    "id": 56,
    "name_long": "District of Columbia",
    "name": "D.C."
  },
  "cites_to": [
    {
      "cite": "565 A.2d 83",
      "category": "reporters:state_regional",
      "reporter": "A.2d",
      "case_ids": [
        7346051
      ],
      "opinion_index": 0,
      "case_paths": [
        "/a2d/565/0083-01"
      ]
    }
  ],
  "analysis": {
    "cardinality": 327,
    "char_count": 5687,
    "ocr_confidence": 0.731,
    "pagerank": {
      "raw": 4.03580807328026e-08,
      "percentile": 0.18943073515096825
    },
    "sha256": "3d2ac4e08968f60addc047ca40e69d9c594990803a5a992876b6076a22ecfc06",
    "simhash": "1:b5c203beb791427a",
    "word_count": 907
  },
  "last_updated": "2024-02-27T23:00:07.124802+00:00",
  "provenance": {
    "date_added": "2019-08-29",
    "source": "Harvard",
    "batch": "2018"
  },
  "casebody": {
    "judges": [
      "Before TERRY and SULLIVAN, Associate Judges, and PRYOR, Senior Judge, in chambers."
    ],
    "parties": [
      "William A. SIMPSON, et al., Appellants, v. JACK BAKER, INC., et al., Appellees."
    ],
    "opinions": [
      {
        "text": "PER CURIAM:\nThis matter came before the court on the parties\u2019 cross-motions for summary reversal and summary affirmance. On consideration of those motions, and the responses thereto, it is\nORDERED that appellants\u2019 motion for summary reversal is denied. It is\nFURTHER ORDERED that ap-pellees\u2019 motion for summary affirmance is granted, and the order dismissing appellants\u2019 complaint is hereby affirmed for the reasons stated in the trial court\u2019s order of April 7, 1992, which we adopt and incorporate herein by reference. That order is reproduced as an appendix to this opinion.\nAPPENDIX\nSUPERIOR COURT OF THE DISTRICT OF COLUMBIA\nCIVIL DIVISION\nWilliam A. Simpson, et al., Plaintiffs\nv.\nJack Baker, Inc., et al., Defendants\nCase No. CA-91-14089\nORDER\nThis matter is before the Court on defendant Jack Baker, Inc.\u2019s motion to dismiss the complaint. Upon consideration of defendant\u2019s motion, plaintiff\u2019s opposition thereto, all subsequent replies, and the record herein, the motion is hereby GRANTED.\nDefendant essentially moves to dismiss on the grounds that the suit is barred by the applicable three year statute of limitations. Plaintiff does not dispute that the suit was untimely filed. Plaintiff initially relies on ongoing settlement negotiations to justify the delay in filing suit. However, plaintiff has not alleged any actions on behalf of defendant to induce delay. Plaintiff simply, in hopes of settlement, on its own failed to file suit prior to the expiration of the statute of limitations. Therefore, the Court cannot set aside the statute of limitations based on ongoing settlement negotiations.\nPlaintiff next argues that the statute of limitations should be tolled due to pending workmen\u2019s compensation claims both in the District of Columbia and in Maryland. The defendant in the instant ease is not plaintiff\u2019s employer but rather a third party with regard to the workmen\u2019s compensation claim. Plaintiff directs our attention to D.C.Code \u00a7 36-335, which states, in pertinent part:\n(a) If, on account of a disability or death for which compensation is payable under this chapter, the person entitled to such compensation determines that some person other than those enumerated in \u00a7 36-304(b) is liable for damages, he need not elect whether to receive such compensation or to recover damages against such third person.\n(b) Acceptance of such compensation under an award in a compensation order filed with the Mayor shall operate as an assignment to the employer of all rights of the person entitled to compensation to recover damages against such third person unless such person shall commence an action against such third person within 6 months after such award.\nThe above quoted language makes no reference to the tolling of the three year statute of limitations. The above language simply allows the injured employee to collect workmen\u2019s compensation and file suit for any deficiency in the award; also, if the employee fails to file suit within the prescribed time, then the right to file suit subrogates to the employer. The language contained in subsection (a) above similarly notes that the employee need not elect his remedies at the outset; it does not provide for the tolling of the statute of limitations.\nFurthermore, plaintiff\u2019s reliance on Triplett v. George Hyman Const. Co., 565 A.2d 83 (D.C.1989), is misplaced as the court in that case did not address the issue of concern here. The Triplett court simply decided whether or not the six month statute of limitations provided for in D.C.Code \u00a7 36-335 was applicable to the case and, if applicable, when the statute of limitations began to run. The court did not make any determination that the six month statute of limitations in D.C.Code \u00a7 36-335 superseded D.C.Code \u00a7 12-301. Plaintiff focuses on the Triplett court\u2019s use of the term \u201cstatute of limitations\u201d and espouses its applicability to all situations involving time limits. The court\u2019s use of that terminology is clearly limited to the rights between the employer and employee, as delineated in D.C.Code \u00a7 36-335, with regard to bringing third party claims. It does not necessarily set forth the statute of limitations applicable to plaintiff\u2019s claim against the third party. Plaintiff has provided no other basis to support his conclusion that the statute of limitations should be tolled.\nWHEREFORE, it is this 7th day of April, 1992, hereby\nORDERED that defendant Jack Baker, Inc.\u2019s motion to dismiss is GRANTED.\n7s7 Colleen Kollar-Kotelly Judge Colleen Kollar-Kotelly (Signed in Chambers)\n. The Court would note that there are conflicting statements in the record as to whether or not an award has been made in plaintiffs workmen\u2019s compensation claim filed in Maryland. Based on the reasoning set forth in this order, however, it is unnecessary to reach that issue. In addition, plaintiffs workmen's compensation claim in the District of Columbia was filed upon the expiration of the three year statute of limitations. It would be absurd to allow plaintiff to circumvent the statute of limitations set forth in D.C.Code \u00a7 12-301 by simply filing a workmen\u2019s compensation claim after the expiration of the three years and then filing a civil action; this would render the three year statute of limitations a nullity with regard to employment-related claims.",
        "type": "majority",
        "author": "PER CURIAM:"
      }
    ],
    "attorneys": [
      "George A. Teitelbaum, Washington, DC, was on the motion, for summary reversal.",
      "Kenneth G. Roth, Fairfax, VA, was on the motion, for summary affirmance."
    ],
    "corrections": "",
    "head_matter": "William A. SIMPSON, et al., Appellants, v. JACK BAKER, INC., et al., Appellees.\nNo. 92-CV-519.\nDistrict of Columbia Court of Appeals.\nFeb. 12, 1993.\nGeorge A. Teitelbaum, Washington, DC, was on the motion, for summary reversal.\nKenneth G. Roth, Fairfax, VA, was on the motion, for summary affirmance.\nBefore TERRY and SULLIVAN, Associate Judges, and PRYOR, Senior Judge, in chambers."
  },
  "file_name": "0254-01",
  "first_page_order": 328,
  "last_page_order": 330
}
