{
  "id": 7881887,
  "name": "COMMONWEALTH of Pennsylvania v. Michael McNEIL, Appellant",
  "name_abbreviation": "Commonwealth v. McNeil",
  "decision_date": "1995-10-03",
  "docket_number": "",
  "first_page": "1247",
  "last_page": "1252",
  "citations": [
    {
      "type": "official",
      "cite": "665 A.2d 1247"
    }
  ],
  "court": {
    "name_abbreviation": "Pa. Super. Ct.",
    "id": 8775,
    "name": "Superior Court of Pennsylvania"
  },
  "jurisdiction": {
    "id": 6,
    "name_long": "Pennsylvania",
    "name": "Pa."
  },
  "cites_to": [
    {
      "cite": "411 U.S. 778",
      "category": "reporters:federal",
      "reporter": "U.S.",
      "case_ids": [
        10343
      ],
      "weight": 5,
      "year": 1973,
      "opinion_index": 0,
      "case_paths": [
        "/us/411/0778-01"
      ]
    },
    {
      "cite": "519 Pa. 1",
      "category": "reporters:state",
      "reporter": "Pa.",
      "case_ids": [
        1813547
      ],
      "weight": 4,
      "year": 1988,
      "pin_cites": [
        {
          "page": "6-7",
          "parenthetical": "citing Gagnon v. Scarpelli 411 U.S. 778, 93 S.Ct. 1756, 36 L.Ed.2d 656 (1973)"
        },
        {
          "page": "1336",
          "parenthetical": "citing Gagnon v. Scarpelli 411 U.S. 778, 93 S.Ct. 1756, 36 L.Ed.2d 656 (1973)"
        },
        {
          "page": "7"
        },
        {
          "page": "1336"
        }
      ],
      "opinion_index": 0,
      "case_paths": [
        "/pa/519/0001-01"
      ]
    },
    {
      "cite": "445 U.S. 463",
      "category": "reporters:federal",
      "reporter": "U.S.",
      "case_ids": [
        1777603
      ],
      "weight": 3,
      "year": 1980,
      "opinion_index": 0,
      "case_paths": [
        "/us/445/0463-01"
      ]
    },
    {
      "cite": "131 L.Ed.2d 198",
      "category": "reporters:federal",
      "reporter": "L. Ed. 2d",
      "year": 1995,
      "pin_cites": [
        {
          "parenthetical": "citing United States v. Crews, 445 U.S. 463, 100 S.Ct. 1244, 63 L.Ed.2d 537 (1980)"
        }
      ],
      "opinion_index": 0
    },
    {
      "cite": "115 S.Ct. 1317",
      "category": "reporters:federal",
      "reporter": "S. Ct.",
      "year": 1995,
      "pin_cites": [
        {
          "parenthetical": "citing United States v. Crews, 445 U.S. 463, 100 S.Ct. 1244, 63 L.Ed.2d 537 (1980)"
        }
      ],
      "opinion_index": 0
    },
    {
      "cite": "643 A.2d 61",
      "category": "reporters:state_regional",
      "reporter": "A.2d",
      "case_ids": [
        7860810,
        775516,
        775502,
        7860855
      ],
      "year": 1994,
      "pin_cites": [
        {
          "page": "68"
        }
      ],
      "opinion_index": 0,
      "case_paths": [
        "/a2d/643/0061-01",
        "/pa/537/0232-02",
        "/pa/537/0233-01",
        "/a2d/643/0061-02"
      ]
    },
    {
      "cite": "537 Pa. 233",
      "category": "reporters:state",
      "reporter": "Pa.",
      "case_ids": [
        775502
      ],
      "year": 1994,
      "pin_cites": [
        {
          "page": "248"
        }
      ],
      "opinion_index": 0,
      "case_paths": [
        "/pa/537/0233-01"
      ]
    },
    {
      "cite": "13 L.Ed.2d 558",
      "category": "reporters:federal",
      "reporter": "L. Ed. 2d",
      "year": 1965,
      "opinion_index": 0
    },
    {
      "cite": "85 S.Ct. 656",
      "category": "reporters:federal",
      "reporter": "S. Ct.",
      "year": 1965,
      "opinion_index": 0
    },
    {
      "cite": "379 U.S. 965",
      "category": "reporters:federal",
      "reporter": "U.S.",
      "case_ids": [
        11796364,
        11796300,
        11796434,
        11796214,
        11796059,
        11796126
      ],
      "year": 1965,
      "opinion_index": 0,
      "case_paths": [
        "/us/379/0965-05",
        "/us/379/0965-04",
        "/us/379/0965-06",
        "/us/379/0965-03",
        "/us/379/0965-01",
        "/us/379/0965-02"
      ]
    },
    {
      "cite": "201 A.2d 434",
      "category": "reporters:state_regional",
      "reporter": "A.2d",
      "year": 1964,
      "opinion_index": 0
    },
    {
      "cite": "203 Pa.Super. 541",
      "category": "reporters:state",
      "reporter": "Pa. Super.",
      "case_ids": [
        767823
      ],
      "year": 1964,
      "opinion_index": 0,
      "case_paths": [
        "/pa-super/203/0541-01"
      ]
    },
    {
      "cite": "314 A.2d 270",
      "category": "reporters:state_regional",
      "reporter": "A.2d",
      "year": 1974,
      "pin_cites": [
        {
          "page": "272-73"
        }
      ],
      "opinion_index": 0
    },
    {
      "cite": "455 Pa. 163",
      "category": "reporters:state",
      "reporter": "Pa.",
      "case_ids": [
        582176
      ],
      "year": 1974,
      "pin_cites": [
        {
          "page": "168"
        }
      ],
      "opinion_index": 0,
      "case_paths": [
        "/pa/455/0163-01"
      ]
    },
    {
      "cite": "533 Pa. 530",
      "category": "reporters:state",
      "reporter": "Pa.",
      "case_ids": [
        1837519
      ],
      "weight": 2,
      "year": 1993,
      "pin_cites": [
        {
          "parenthetical": "a court has no jurisdiction over an offense unless it occurred within the county of trial, or unless by some statute it need not occur within the county of trial"
        },
        {
          "parenthetical": "a court has no jurisdiction over an offense unless it occurred within the county of trial, or unless by some statute it need not occur within the county of trial"
        }
      ],
      "opinion_index": 0,
      "case_paths": [
        "/pa/533/0530-01"
      ]
    },
    {
      "cite": "498 Pa. 455",
      "category": "reporters:state",
      "reporter": "Pa.",
      "case_ids": [
        1776151
      ],
      "weight": 2,
      "year": 1982,
      "pin_cites": [
        {
          "page": "475"
        },
        {
          "page": "244"
        }
      ],
      "opinion_index": 0,
      "case_paths": [
        "/pa/498/0455-01"
      ]
    },
    {
      "cite": "266 Pa.Super. 359",
      "category": "reporters:state",
      "reporter": "Pa. Super.",
      "case_ids": [
        123375
      ],
      "weight": 2,
      "year": 1979,
      "pin_cites": [
        {
          "page": "378"
        },
        {
          "page": "1339"
        }
      ],
      "opinion_index": 0,
      "case_paths": [
        "/pa-super/266/0359-01"
      ]
    },
    {
      "cite": "335 A.2d 493",
      "category": "reporters:state_regional",
      "reporter": "A.2d",
      "year": 1975,
      "pin_cites": [
        {
          "page": "498",
          "parenthetical": "discussing authority of Courts of Common Pleas under Pennsylvania Constitution"
        }
      ],
      "opinion_index": 0
    },
    {
      "cite": "232 Pa.Super. 134",
      "category": "reporters:state",
      "reporter": "Pa. Super.",
      "case_ids": [
        6771224
      ],
      "year": 1975,
      "pin_cites": [
        {
          "page": "144",
          "parenthetical": "discussing authority of Courts of Common Pleas under Pennsylvania Constitution"
        }
      ],
      "opinion_index": 0,
      "case_paths": [
        "/pa-super/232/0134-01"
      ]
    },
    {
      "cite": "182 A.2d 682",
      "category": "reporters:state_regional",
      "reporter": "A.2d",
      "year": 1962,
      "pin_cites": [
        {
          "page": "686"
        }
      ],
      "opinion_index": 0
    },
    {
      "cite": "408 Pa. 169",
      "category": "reporters:state",
      "reporter": "Pa.",
      "case_ids": [
        1308418
      ],
      "year": 1962,
      "pin_cites": [
        {
          "page": "178"
        }
      ],
      "opinion_index": 0,
      "case_paths": [
        "/pa/408/0169-01"
      ]
    },
    {
      "cite": "102 A.2d 170",
      "category": "reporters:state_regional",
      "reporter": "A.2d",
      "weight": 2,
      "year": 1954,
      "pin_cites": [
        {
          "page": "173",
          "parenthetical": "citations, quotations and emphasis omitted"
        },
        {
          "page": "172"
        }
      ],
      "opinion_index": 0
    },
    {
      "cite": "376 Pa. 305",
      "category": "reporters:state",
      "reporter": "Pa.",
      "case_ids": [
        1246152
      ],
      "weight": 2,
      "year": 1954,
      "pin_cites": [
        {
          "page": "311",
          "parenthetical": "citations, quotations and emphasis omitted"
        },
        {
          "page": "310"
        }
      ],
      "opinion_index": 0,
      "case_paths": [
        "/pa/376/0305-01"
      ]
    },
    {
      "cite": "607 A.2d 250",
      "category": "reporters:state_regional",
      "reporter": "A.2d",
      "year": 1992,
      "opinion_index": 0
    },
    {
      "cite": "530 Pa. 639",
      "category": "reporters:state",
      "reporter": "Pa.",
      "year": 1992,
      "opinion_index": 0
    },
    {
      "cite": "410 Pa.Super. 284",
      "category": "reporters:state",
      "reporter": "Pa. Super.",
      "case_ids": [
        903276
      ],
      "weight": 2,
      "year": 1991,
      "pin_cites": [
        {
          "page": "287"
        },
        {
          "page": "994"
        }
      ],
      "opinion_index": 0,
      "case_paths": [
        "/pa-super/410/0284-01"
      ]
    },
    {
      "cite": "26 Pa. 279",
      "category": "reporters:state",
      "reporter": "Pa.",
      "case_ids": [
        977292
      ],
      "year": 1856,
      "opinion_index": 0,
      "case_paths": [
        "/pa/26/0279-01"
      ]
    },
    {
      "cite": "3 L.Ed.2d 100",
      "category": "reporters:federal",
      "reporter": "L. Ed. 2d",
      "weight": 2,
      "year": 1958,
      "opinion_index": 0
    },
    {
      "cite": "79 S.Ct. 101",
      "category": "reporters:federal",
      "reporter": "S. Ct.",
      "year": 1958,
      "opinion_index": 0
    },
    {
      "cite": "358 U.S. 868",
      "category": "reporters:federal",
      "reporter": "U.S.",
      "case_ids": [
        3658919,
        3659740,
        3653516,
        3656114,
        3655730,
        3657944,
        3656572,
        3659903
      ],
      "year": 1958,
      "opinion_index": 0,
      "case_paths": [
        "/us/358/0868-02",
        "/us/358/0868-07",
        "/us/358/0868-01",
        "/us/358/0868-08",
        "/us/358/0868-05",
        "/us/358/0868-04",
        "/us/358/0868-03",
        "/us/358/0868-06"
      ]
    },
    {
      "cite": "143 A.2d 660",
      "category": "reporters:state_regional",
      "reporter": "A.2d",
      "year": 1958,
      "opinion_index": 0
    },
    {
      "cite": "393 Pa. 535",
      "category": "reporters:state",
      "reporter": "Pa.",
      "case_ids": [
        1279622
      ],
      "year": 1958,
      "opinion_index": 0,
      "case_paths": [
        "/pa/393/0535-01"
      ]
    },
    {
      "cite": "612 A.2d 985",
      "category": "reporters:state_regional",
      "reporter": "A.2d",
      "weight": 2,
      "year": 1992,
      "opinion_index": 0
    },
    {
      "cite": "531 Pa. 646",
      "category": "reporters:state",
      "reporter": "Pa.",
      "year": 1992,
      "opinion_index": 0
    },
    {
      "cite": "413 Pa.Super. 583",
      "category": "reporters:state",
      "reporter": "Pa. Super.",
      "case_ids": [
        907970
      ],
      "weight": 5,
      "year": 1992,
      "pin_cites": [
        {
          "page": "587"
        },
        {
          "page": "1273"
        },
        {
          "page": "588"
        },
        {
          "page": "1273"
        }
      ],
      "opinion_index": 0,
      "case_paths": [
        "/pa-super/413/0583-01"
      ]
    }
  ],
  "analysis": {
    "cardinality": 765,
    "char_count": 12850,
    "ocr_confidence": 0.697,
    "pagerank": {
      "raw": 4.03580807328026e-08,
      "percentile": 0.20049875494671698
    },
    "sha256": "65f33e6e89f3768a724d80933b0d9e0f62d944ba32c3d9316ff45ff56c085d91",
    "simhash": "1:43eb46ba0bfb05b1",
    "word_count": 2075
  },
  "last_updated": "2024-02-27T22:21:08.966883+00:00",
  "provenance": {
    "date_added": "2019-08-29",
    "source": "Harvard",
    "batch": "2018"
  },
  "casebody": {
    "judges": [
      "Before TAMILIA, POPOVICH and CERCONE, JJ."
    ],
    "parties": [
      "COMMONWEALTH of Pennsylvania v. Michael McNEIL, Appellant."
    ],
    "opinions": [
      {
        "text": "CERCONE, Judge:\nThis is an appeal pro se from the dismissal of a second petition under the Post Conviction Relief Act (the \u201cPCRA\u201d), 42 Pa.C.S.A. \u00a7\u00a7 9541-9546. We affirm.\nThe Honorable Joseph I. Papalini has explained the history of the case underlying the present appeal as follows:\n1. In 1986, after a non-jury trial, Petitioner was found guilty of theft and criminal conspiracy. Judge Tama Myers-Clark presided.\n2. The Commonwealth presented evidence that on September 23, 1985, Petitioner was arrested, along with two other males, while in possession of an automobile which had been stolen on that or the previous day from Ernest Pendleton.\n3. No post-verdict motions were filed. Petitioner was sentenced to an aggregate probationary term of four years. No appeal was filed on behalf of petitioner.\n4. Petitioner subsequently entered a guilty plea to a murder charge.\n5. On October 12, 1990, Judge Clark revoked probation and sentenced Petitioner to an aggregate term of imprisonment of 3 to 14 years, consecutive to any sentence he was then serving. No appeal was filed. On March 26, 1992, Petitioner filed a motion for modification of sentence, which was denied on April 27, 1992.\n6. On October 15, 1992, the Defendant filed a Petition for Leave to Appeal Nunc Pro Tune to challenge the discretionary aspect[s] of sentence, which was treated as a PCRA petition. Dale Miller, Esquire was appointed to represent him.\n7. Subsequently, PCRA counsel filed a \u201cno merit\u201d letter indicating that the issues raised in the Defendant\u2019s petition were without arguable merit and after review there were no additional issues which could be raised in a counselled Amended Petition.\n8. On July 1, 1993, this Court dismissed the PCRA petition, and permitted counsel to withdraw.\n9. Petitioner filed a pro se appeal. On September 27, 1993, this Court filed an opinion. On March 8, 1994, Superior Court dismissed the Defendant\u2019s appeal for failure to file a brief.\n10. On June 6, 1994, the Defendant filed a Petition for Writ of Habeas Corpus which was treated as a second PCRA petition.\n11. On September 14, 1994, we dismissed the petition without appointing counsel or affording the Defendant a hearing.\nTrial Court Opinion dated November 30, 1994 at 1-2.\nThe instant timely appeal presents two issues for our consideration:\nI. Whether The Lower Court Erred By Treating Appellant\u2019s Petition For Writ Of Habeas Corpus As A Second PCRA Petition.\nII. Whether The Probation Court Lacked Jurisdiction Over The Matter Due to The Court\u2019s Failure To Hold Its Final Revocation Hearing Within The Time Period As Provided By Law?\nWe shall address these claims in the order presented.\nUnder Pennsylvania statute, habe-as corpus is a civil remedy which lies solely for commitments under criminal process. Commonwealth v. Wolfe, 413 Pa.Super. 583, 587, 605 A.2d 1271, 1273, appeal denied, 531 Pa. 646, 612 A.2d 985 (1992). Habeas corpus is an extraordinary remedy and may only be invoked when other remedies in the ordinary course have been exhausted or are not available. Id. (citing Commonwealth ex rel. Kennedy v. Myers, 393 Pa. 535, 143 A.2d 660, cert. denied, 358 U.S. 868, 79 S.Ct. 101, 3 L.Ed.2d 100 (1958)). If a petitioner is in custody by virtue of a judgment of sentence of a court of competent jurisdiction, the writ generally will not lie. Id. (citing Commonwealth ex rel. Wilson v. Keeper of Jail of Philadelphia County, 26 Pa. 279 (1856)). Pennsylvania law explicitly states that in cases where a person has been restrained by virtue of sentence after conviction for a criminal offense, the writ of habeas corpus shall not be available if a remedy may be had by post conviction hearing proceedings authorized by law. See 42 Pa.C.S.A. \u00a7 6503(b) (Right to apply for a Writ of Habeas Corpus). Issues are not cognizable under the statutory remedy of habeas corpus if they could have been considered and corrected in the regular course of appellate review or by post-conviction proceedings authorized by law. Commonwealth v. Wolfe, 413 Pa.Super. at 588, 605 A.2d at 1273.\nIn this case, appellant alleged the following as the basis for his habeas corpus petition: \u201cPetitioner\u2019s sentence is invalid because the Probation Court failed to revoke probation with reasonable promptness as required by Rules of Criminal Procedure, Rule 1409.\u201d Habeas Corpus Petition filed June 6, 1994 at 3. This issue could have been raised in the appeal nunc pro tunc taken from the order revoking probation. The fact that appellant\u2019s pro se appeal was dismissed for failure to file briefs has foreclosed appellant from raising this claim now in the form of a habeas corpus petition. See Commonwealth v. Wolfe, supra. The lower court was therefore correct in refusing to accord habeas corpus relief.\nThe Post Conviction Relief Act explicitly states that the common law remedies of ha-beas corpus and eoram nobis are now subsumed under the PCRA:\nThis subchapter provides for an action by which persons convicted of crimes they did not commit or serving unlawful sentences may obtain collateral relief and for an action by which persons can raise claims which are properly a basis for Federal habeas corpus relief. The action established in this subchapter shall be the sole means of obtaining collateral relief and encompasses all other common law and statutory remedies for the same purpose that exist when this subchapter takes effect, including habeas corpus and coram nobis. This subchapter is not intended to limit the availability of remedies in the trial court or on direct appeal from the judgment of sentence, nor is this subchap-ter intended to provide a means for raising issues waived in prior proceedings.\n42 Pa.C.S.A. \u00a7 9542 (emphasis added). In light of the statutory provision, it was not error for the trial court to treat appellant\u2019s request as a miscaptioned petition for post conviction relief rather than as a habeas corpus petition.\nThe next question is whether appellant is eligible for relief under the PCRA on the proffered grounds. In the absence of an ineffectiveness claim or an assertion that the original proceedings were conducted by a tribunal lacking jurisdiction, section 9543(a)(2)(vii) establishes the only PCRA category under which a petitioner can advance an argument that probation was improperly revoked. See, e.g., Commonwealth v. Grier, 410 Pa.Super. 284, 287, 599 A.2d 993, 994 (1991), appeal denied, 530 Pa. 639, 607 A.2d 250 (1992). This statutory provision requires a person seeking PCRA relief to plead and prove by a preponderance of the evidence that the conviction resulted in the imposition of a sentence greater than the lawful maximum term. 42 Pa.C.S.A. \u00a7 9543(a)(2)(vii). Appellant does not claim that he received ineffective representation by prior counsel or that the sentence imposed exceeds the legal maximum. However, his argument can be interpreted as a contention that the probation court lost jurisdiction over the matter by failing to hold the revocation hearing \u201cas speedily as possible\u201d pursuant to Pa.R.Crim. P., Rule 1409, 42 Pa.C.S.A. Such a claim is at least colorable under the PCRA which permits inquiry into whether a specific tribunal lacked jurisdiction to conduct a particular proceeding. 42 Pa.C.S.A. \u00a7 9543(a)(2)(viii). Nevertheless, the argument presented instantly demonstrates a fundamental misunderstanding of the meaning of \u201cjurisdiction\u201d in our law.\nAs our Supreme Court has explained:\nThe word \u201cjurisdiction\u201d (jus dicere) is a term of large and comprehensive import [which] embraces every kind of judicial action, and hence every movement by a court is necessarily the exercise of jurisdiction. It includes jurisdiction over the subject matter as well as over the person. In the sense, however, in which the term ordinarily is used, jurisdiction may be concisely stated to be the right to adjudicate concerning the subject matter in a given case.\nStrank v. Mercy Hospital of Johnstown, 376 Pa. 305, 311, 102 A.2d 170, 173 (1954) (citations, quotations and emphasis omitted). In essence, the term \u201cjurisdiction\u201d relates to the competency of an individual court or administrative body to determine controversies of the general class to which a particular case belongs. Delaware River Port Authority v. Pennsylvania Public Utility Commission, 408 Pa. 169, 178, 182 A.2d 682, 686 (1962).\nAll Courts of Common Pleas have original jurisdiction over criminal proceedings. Commonwealth v. Green, 232 Pa.Super. 134, 144, 335 A.2d 493, 498 (1975) (discussing authority of Courts of Common Pleas under Pennsylvania Constitution). The subject matter jurisdiction of a criminal court extends to the offenses committed within the county of trial. Commonwealth v. Guess, 266 Pa.Super. 359, 378, 404 A.2d 1330, 1339 (1979). Subject matter jurisdiction in the trial court exists by virtue of presentation of prima facie evidence that a criminal act occurred within the territorial jurisdiction of the court. Commonwealth v. Goldblum, 498 Pa. 455, 475, 447 A.2d 234, 244 (1982). See Commonwealth v. Conforti, 533 Pa. 530, 626 A.2d 129 (1993) (a court has no jurisdiction over an offense unless it occurred within the county of trial, or unless by some statute it need not occur within the county of trial).\nTo invoke the subject matter jurisdiction of a Court of Common Pleas, the Commonwealth must confront the defendant with a formal and specific accusation of the crimes charged. Commonwealth v. Little, 455 Pa. 163, 168, 314 A.2d 270, 272-73 (1974). In the instant case, this notice requirement was satisfied in September of 1985 when the Commonwealth filed and properly served Criminal Complaint No. 85/09-2368 1/1 bringing charges of theft and criminal conspiracy against appellant for acts alleged to have been committed in Philadelphia County. The question of whether a particular judge acted in a timely fashion pursuant to the Rules of Criminal Procedure when considering a probation violation simply does not impact on whether the Court of Common Pleas of Philadelphia County properly exercised subject matter jurisdiction over appellant\u2019s case.\nWhether a court has jurisdiction over the person of a defendant is a separate question which is a condition subsequent to subject matter jurisdiction. Strank v. Mercy Hospital of Johnstown, 376 Pa. at 310, 102 A.2d at 172. Personal jurisdiction in a criminal matter is secured through the defendant\u2019s presence within the territorial jurisdiction of the court. See, e.g., Commonwealth v. Bruno, 203 Pa.Super. 541, 201 A.2d 434 (1964), cert. denied, 379 U.S. 965, 85 S.Ct. 656, 13 L.Ed.2d 558 (1965). Although lawful process is necessary in order to bring a defendant into court on criminal charges, even an illegal arrest is not a bar to subsequent prosecution nor a defense to a valid conviction. Commonwealth v. Carter, 537 Pa. 233, 248, 643 A.2d 61, 68 (1994), cert. denied, \u2014 U.S. -, 115 S.Ct. 1317, 131 L.Ed.2d 198 (1995) (citing United States v. Crews, 445 U.S. 463, 100 S.Ct. 1244, 63 L.Ed.2d 537 (1980)).\nOur research has failed to uncover any case law or statutory provision which indicates that either subject matter jurisdiction or jurisdiction over the person of a defendant who has been convicted of a crime can be voided because of delay in the application of a procedural rule. To the contrary, with regard to probation revocation, our Supreme Court has explicitly held that the controlling question is whether the facts presented to the court are probative and reliable and not whether traditional rules of procedure have been strictly observed. Commonwealth v. Marchesano, 519 Pa. 1, 6-7, 544 A.2d 1333, 1336 (1988) (citing Gagnon v. Scarpelli 411 U.S. 778, 93 S.Ct. 1756, 36 L.Ed.2d 656 (1973)). This is so because probation is a discretionary penological measure to which a defendant has no absolute right. Id. The rule requiring a prompt revocation hearing is meant to avoid actual prejudice by preventing the absence of essential witnesses or the loss of evidence necessary to a proper determination by the court. Id. 519 Pa. at 7, 544 A.2d at 1336. In this case, appellant has not alleged that the delay in holding the revocation hearing caused actual prejudice which impacted upon the truth determining function of the hearing court. Instead, appellant urges us to find \u201ctechnical\u201d prejudice simply because a delay occurred. Marchesa-no forbids such a result. Under these circumstances, we conclude that the lower court correctly held that appellant is not entitled to PCRA relief.\nOrder affirmed.\n1. Subchapter C of 42 Pa.C.S.A., Chapter 95.",
        "type": "majority",
        "author": "CERCONE, Judge:"
      }
    ],
    "attorneys": [
      "Michael McNeil, pro se, appellant.",
      "Peter J. Gardner, Assistant District Attorney, Philadelphia, for Commonwealth, appel-lee."
    ],
    "corrections": "",
    "head_matter": "COMMONWEALTH of Pennsylvania v. Michael McNEIL, Appellant.\nSuperior Court of Pennsylvania.\nSubmitted Aug. 14, 1995.\nFiled Oct. 3, 1995.\nMichael McNeil, pro se, appellant.\nPeter J. Gardner, Assistant District Attorney, Philadelphia, for Commonwealth, appel-lee.\nBefore TAMILIA, POPOVICH and CERCONE, JJ."
  },
  "file_name": "1247-01",
  "first_page_order": 1315,
  "last_page_order": 1320
}
