{
  "id": 8005976,
  "name": "Robert L. LITTLE, a/k/a Morrell Watson, Appellant, v. UNITED STATES, Appellee",
  "name_abbreviation": "Little v. United States",
  "decision_date": "1981-11-25",
  "docket_number": "No. 79-441",
  "first_page": "1264",
  "last_page": "1269",
  "citations": [
    {
      "type": "official",
      "cite": "438 A.2d 1264"
    }
  ],
  "court": {
    "name_abbreviation": "D.C.",
    "id": 11933,
    "name": "District of Columbia Court of Appeals"
  },
  "jurisdiction": {
    "id": 56,
    "name_long": "District of Columbia",
    "name": "D.C."
  },
  "cites_to": [
    {
      "cite": "522 F.2d 689",
      "category": "reporters:federal",
      "reporter": "F.2d",
      "case_ids": [
        3695921,
        1111765
      ],
      "year": 1975,
      "opinion_index": 0,
      "case_paths": [
        "/us-app-dc/173/0077-01",
        "/f2d/522/0689-01"
      ]
    },
    {
      "cite": "173 U.S.App.D.C. 77",
      "category": "reporters:state",
      "reporter": "U.S. App. D.C.",
      "case_ids": [
        3695921
      ],
      "year": 1975,
      "opinion_index": 0,
      "case_paths": [
        "/us-app-dc/173/0077-01"
      ]
    },
    {
      "cite": "28 U.S.C. \u00a7 2255",
      "category": "laws:leg_statute",
      "reporter": "U.S.C.",
      "year": 1976,
      "opinion_index": 0
    },
    {
      "cite": "237 A.2d 827",
      "category": "reporters:state_regional",
      "reporter": "A.2d",
      "case_ids": [
        8088744
      ],
      "weight": 2,
      "year": 1968,
      "pin_cites": [
        {
          "page": "829"
        }
      ],
      "opinion_index": 0,
      "case_paths": [
        "/a2d/237/0827-01"
      ]
    },
    {
      "cite": "388 A.2d 1214",
      "category": "reporters:state_regional",
      "reporter": "A.2d",
      "case_ids": [
        8021209
      ],
      "year": 1978,
      "opinion_index": 0,
      "case_paths": [
        "/a2d/388/1214-01"
      ]
    },
    {
      "cite": "378 U.S. 139",
      "category": "reporters:federal",
      "reporter": "U.S.",
      "case_ids": [
        6165679
      ],
      "weight": 5,
      "year": 1964,
      "pin_cites": [
        {
          "page": "142"
        },
        {
          "page": "1691"
        }
      ],
      "opinion_index": 0,
      "case_paths": [
        "/us/378/0139-01"
      ]
    },
    {
      "cite": "388 A.2d 883",
      "category": "reporters:state_regional",
      "reporter": "A.2d",
      "case_ids": [
        8015309
      ],
      "year": 1978,
      "opinion_index": 0,
      "case_paths": [
        "/a2d/388/0883-01"
      ]
    },
    {
      "cite": "412 A.2d 17",
      "category": "reporters:state_regional",
      "reporter": "A.2d",
      "case_ids": [
        7942184
      ],
      "year": 1980,
      "pin_cites": [
        {
          "page": "20"
        }
      ],
      "opinion_index": 0,
      "case_paths": [
        "/a2d/412/0017-01"
      ]
    },
    {
      "cite": "126 F.2d 13",
      "category": "reporters:federal",
      "reporter": "F.2d",
      "case_ids": [
        3558145,
        1081477
      ],
      "year": 1942,
      "pin_cites": [
        {
          "page": "15"
        }
      ],
      "opinion_index": 1,
      "case_paths": [
        "/f2d/126/0013-01"
      ]
    },
    {
      "cite": "75 U.S.App.D.C. 223",
      "category": "reporters:state",
      "reporter": "U.S. App. D.C.",
      "case_ids": [
        3558145
      ],
      "year": 1942,
      "pin_cites": [
        {
          "page": "225"
        }
      ],
      "opinion_index": 1,
      "case_paths": []
    },
    {
      "cite": "51 A.2d 302",
      "category": "reporters:state_regional",
      "reporter": "A.2d",
      "case_ids": [
        8154304,
        8154364
      ],
      "year": 1947,
      "pin_cites": [
        {
          "page": "304"
        }
      ],
      "opinion_index": 1,
      "case_paths": [
        "/a2d/51/0302-01",
        "/a2d/51/0302-02"
      ]
    },
    {
      "cite": "90 A.2d 242",
      "category": "reporters:state_regional",
      "reporter": "A.2d",
      "case_ids": [
        8138735
      ],
      "year": 1952,
      "opinion_index": 1,
      "case_paths": [
        "/a2d/90/0242-01"
      ]
    },
    {
      "cite": "292 A.2d 804",
      "category": "reporters:state_regional",
      "reporter": "A.2d",
      "case_ids": [
        11252705
      ],
      "weight": 2,
      "year": 1972,
      "pin_cites": [
        {
          "page": "806"
        }
      ],
      "opinion_index": 1,
      "case_paths": [
        "/a2d/292/0804-01"
      ]
    },
    {
      "cite": "330 A.2d 761",
      "category": "reporters:state_regional",
      "reporter": "A.2d",
      "case_ids": [
        12027482
      ],
      "year": 1975,
      "pin_cites": [
        {
          "page": "763"
        }
      ],
      "opinion_index": 1,
      "case_paths": [
        "/a2d/330/0761-01"
      ]
    },
    {
      "cite": "361 U.S. 220",
      "category": "reporters:federal",
      "reporter": "U.S.",
      "case_ids": [
        6167282
      ],
      "weight": 3,
      "year": 1960,
      "opinion_index": 1,
      "case_paths": [
        "/us/361/0220-01"
      ]
    },
    {
      "cite": "596 F.2d 798",
      "category": "reporters:federal",
      "reporter": "F.2d",
      "case_ids": [
        502974
      ],
      "year": 1979,
      "pin_cites": [
        {
          "page": "799",
          "parenthetical": "per curiam"
        }
      ],
      "opinion_index": 1,
      "case_paths": [
        "/f2d/596/0798-01"
      ]
    },
    {
      "cite": "608 F.2d 386",
      "category": "reporters:federal",
      "reporter": "F.2d",
      "case_ids": [
        1426275
      ],
      "year": 1979,
      "pin_cites": [
        {
          "page": "390"
        }
      ],
      "opinion_index": 1,
      "case_paths": [
        "/f2d/608/0386-01"
      ]
    },
    {
      "cite": "429 U.S. 6",
      "category": "reporters:federal",
      "reporter": "U.S.",
      "case_ids": [
        7350
      ],
      "weight": 3,
      "year": 1976,
      "pin_cites": [
        {
          "parenthetical": "per curiam"
        },
        {
          "parenthetical": "per curiam"
        },
        {
          "parenthetical": "per curiam"
        }
      ],
      "opinion_index": 1,
      "case_paths": [
        "/us/429/0006-01"
      ]
    },
    {
      "cite": "388 A.2d 44",
      "category": "reporters:state_regional",
      "reporter": "A.2d",
      "case_ids": [
        7996870
      ],
      "weight": 2,
      "year": 1978,
      "pin_cites": [
        {
          "page": "47"
        }
      ],
      "opinion_index": 1,
      "case_paths": [
        "/a2d/388/0044-01"
      ]
    },
    {
      "cite": "254 A.2d 411",
      "category": "reporters:state_regional",
      "reporter": "A.2d",
      "case_ids": [
        8078477
      ],
      "weight": 2,
      "year": 1969,
      "pin_cites": [
        {
          "page": "412"
        }
      ],
      "opinion_index": 1,
      "case_paths": [
        "/a2d/254/0411-01"
      ]
    },
    {
      "cite": "58 L.Ed.2d 327",
      "category": "reporters:federal",
      "reporter": "L. Ed. 2d",
      "year": 1978,
      "opinion_index": 1
    },
    {
      "cite": "99 S.Ct. 324",
      "category": "reporters:federal",
      "reporter": "S. Ct.",
      "year": 1978,
      "opinion_index": 1
    },
    {
      "cite": "439 U.S. 932",
      "category": "reporters:federal",
      "reporter": "U.S.",
      "case_ids": [
        11410499,
        11410341,
        11410086,
        11410568,
        11410156,
        11410222,
        11409875,
        11409939,
        11410453,
        11410293,
        11410394,
        11410012,
        11409790,
        11409823
      ],
      "year": 1978,
      "opinion_index": 1,
      "case_paths": [
        "/us/439/0932-13",
        "/us/439/0932-10",
        "/us/439/0932-06",
        "/us/439/0932-14",
        "/us/439/0932-07",
        "/us/439/0932-08",
        "/us/439/0932-03",
        "/us/439/0932-04",
        "/us/439/0932-12",
        "/us/439/0932-09",
        "/us/439/0932-11",
        "/us/439/0932-05",
        "/us/439/0932-01",
        "/us/439/0932-02"
      ]
    },
    {
      "cite": "380 A.2d 1005",
      "category": "reporters:state_regional",
      "reporter": "A.2d",
      "case_ids": [
        8010321
      ],
      "year": 1977,
      "pin_cites": [
        {
          "page": "1008-09"
        }
      ],
      "opinion_index": 1,
      "case_paths": [
        "/a2d/380/1005-01"
      ]
    },
    {
      "cite": "119 A.2d 721",
      "category": "reporters:state_regional",
      "reporter": "A.2d",
      "case_ids": [
        8136702
      ],
      "year": 1956,
      "pin_cites": [
        {
          "page": "722"
        }
      ],
      "opinion_index": 1,
      "case_paths": [
        "/a2d/119/0721-01"
      ]
    },
    {
      "cite": "423 A.2d 193",
      "category": "reporters:state_regional",
      "reporter": "A.2d",
      "case_ids": [
        7942158
      ],
      "weight": 4,
      "year": 1980,
      "pin_cites": [
        {
          "page": "196"
        }
      ],
      "opinion_index": 1,
      "case_paths": [
        "/a2d/423/0193-01"
      ]
    },
    {
      "cite": "428 A.2d 812",
      "category": "reporters:state_regional",
      "reporter": "A.2d",
      "case_ids": [
        7998040
      ],
      "weight": 4,
      "year": 1981,
      "pin_cites": [
        {
          "page": "813"
        }
      ],
      "opinion_index": 1,
      "case_paths": [
        "/a2d/428/0812-01"
      ]
    },
    {
      "cite": "379 A.2d 708",
      "category": "reporters:state_regional",
      "reporter": "A.2d",
      "case_ids": [
        11327974
      ],
      "weight": 2,
      "year": 1977,
      "pin_cites": [
        {
          "page": "709"
        }
      ],
      "opinion_index": 1,
      "case_paths": [
        "/a2d/379/0708-01"
      ]
    },
    {
      "cite": "388 A.2d 883",
      "category": "reporters:state_regional",
      "reporter": "A.2d",
      "case_ids": [
        8015309
      ],
      "year": 1978,
      "pin_cites": [
        {
          "page": "885"
        }
      ],
      "opinion_index": 1,
      "case_paths": [
        "/a2d/388/0883-01"
      ]
    }
  ],
  "analysis": {
    "cardinality": 786,
    "char_count": 16738,
    "ocr_confidence": 0.782,
    "pagerank": {
      "raw": 5.433687123125233e-08,
      "percentile": 0.3421404105026973
    },
    "sha256": "fd171f7ed5d982804e6f63fc50f0a4d0b8c4bbfb0969f6aca563678a52e6ad4a",
    "simhash": "1:f8fe46456b3799fe",
    "word_count": 2795
  },
  "last_updated": "2024-02-27T23:10:55.666860+00:00",
  "provenance": {
    "date_added": "2019-08-29",
    "source": "Harvard",
    "batch": "2018"
  },
  "casebody": {
    "judges": [
      "Before NEWMAN, Chief Judge, MACK, Associate Judge, and PAIR, Associate Judge, Retired."
    ],
    "parties": [
      "Robert L. LITTLE, a/k/a Morrell Watson, Appellant, v. UNITED STATES, Appellee."
    ],
    "opinions": [
      {
        "text": "MACK, Associate Judge:\nIn this appeal we review the trial court\u2019s denial, without a hearing, of appellant\u2019s pro se petition for reconsideration of an earlier court order rejecting a motion under D.C. Code 1973, \u00a7 23-110 for vacation of sentence and resentencing. Finding that the trial court erred in failing to conduct a hearing to determine the merits of appellant\u2019s allegations, we reverse and remand.\nFollowing trial and conviction, appellant was sentenced on November 9, 1977 to a period of incarceration of 5 to 15 years for one count of assault with intent to kill while armed (D.C.Code 1973, \u00a7\u00a7 22-501, -3202) and to a concurrent one-year sentence for one count of carrying a pistol without a license (D.C.Code 1973, \u00a7 22-3204).\nDuring sentencing the trial court advised appellant that he had a right to appeal and that if he desired the clerk would prepare and file a notice of appeal. No notice of direct appeal was filed. However, on December 22, 1977 defense counsel filed a motion for modification and reduction of sentence pursuant to Super.Ct.Cr.R. 35. On January 23, 1978 the motion was denied.\nIn October 1978 pursuant to D.C. Code 1973, \u00a7 23-110(a)(4) appellant filed a pro se motion for vacation of sentence and resentencing claiming that trial counsel failed to file a notice of appeal of the conviction despite appellant\u2019s request that he do so. The trial judge denied the motion without a hearing in December 1978. No appeal was taken.\nOn February 1, 1979 appellant filed a second pro se motion seeking to vacate the court\u2019s previous order denying appellant\u2019s motion for vacation of sentence. On March 19, 1979 the trial judge denied the motion without a hearing ruling that the motion lacked merit and failed to proffer sufficient factual circumstances upon which relief could be granted.\nAppellant\u2019s notice of appeal from the March 19th order was received by the Office of the Clerk, Superior Court, on April 10,1979. In an accompanying letter dated March 30,1979 appellant explained that due to a mix-up in mail delivery at Lorton Reformatory he did not receive notice of the order until March 27, 1979. In connection with this appeal, counsel was appointed one month later.\nBefore considering the merits of the appeal, we must address the government\u2019s contention that this court is without jurisdiction to hear the appeal. In deciding this issue, we assume that D.C.App.R. 4 11(b)(1) (requiring filing of a notice of appeal in a criminal case \u201cwithin ten days after entry of the judgment or order from which the appeal is taken ... \u201d) is applicable.\nThe motion in the instant case was denied on March 19, 1979 outside the presence of appellant who was proceeding pro se. Since the court jacket does not include a docket entry indicating when the order was in fact mailed to appellant, Williams v. United States, D.C.App., 412 A.2d 17, 20 (1980), the government concedes that the ten-day period commenced to run on the date on which appellant received the order \u2014 March 27, 1979.\nThe government contends that since the notice of appeal was received by the court on April 10, 1979 (14 days after appellant received notice), this court is without jurisdiction to consider the appeal. It is argued that Butler v. United States, D.C.App., 388 A.2d 883 (1978), a collateral appeal filed two days beyond the ten-day time limit, established the \u201couter limit\u201d of Fallen v. United States, 378 U.S. 139, 84 S.Ct. 1689, 12 L.Ed.2d 760 (1964).\nIn Fallen, a criminal case, the notice of appeal was received by the court of appeals four days beyond the time limit set out in the court rules. In reversing the lower court, the Supreme Court noted that court rules are not \u201ca rigid code to have an inflexible meaning irrespective of the circumstances.\u201d Id. at 142, 84 S.Ct. at 1691. Since circumstances beyond Fallen\u2019s control prevented timely filing, the Supreme Court held that the court of appeals had jurisdiction to consider the appeal.\nLike Butler and Fallen, appellant was incarcerated and without assistance of counsel at the time the March 19th order was received. Like Fallen, the date at the top of appellant\u2019s letter accompanying his notice of appeal (March 30,1979) was within the ten-day limitation. The envelope in which the notice and letter were sent might have provided a postmark indicating the date on which it was mailed. However, it is not part of the record and is, presumably, lost.\nIn view of the facts before us and in consideration of the admonition of Super. Ct.Cr.R. 2 that the rules \u201cshall be construed to secure simplicity in procedure, fairness in administration and the elimination of unjustifiable expense and delay,\u201d we hold that this court has jurisdiction to consider the appeal.\nTurning to the merits, we note that the trial judge, without conducting a hearing, denied the motion to vacate his previous order on the bases that the motion lacked merit and failed to proffer sufficient factual circumstances upon which relief could be granted.\nAppellant\u2019s motion alleged that he informed the court at sentencing and in the presence of trial counsel that he intended to appeal. (Appellant concedes that the sentencing transcript does not reflect this colloquy.) He further alleged that following his incarceration he left several messages with counsel\u2019s office requesting counsel to contact him concerning his right to appeal. However, counsel did not return the calls. A letter from appellant prompted a visit by counsel on December 9, 1977. During the visit counsel informed appellant that 1) no notice of appeal had been filed and that 2) despite appellant\u2019s objections counsel would file a motion for modification and reduction of sentence.\nAppellant\u2019s allegations are neither vague, conclusory or wholly incredible. Gibson v. United States, D.C.App., 388 A.2d 1214 (1978). The allegations, if true, merit relief in the form of vacation of sentence and resentencing, thereby restoring appellant\u2019s right to a direct appeal. Hines v. United States, D.C.App., 237 A.2d 827, 829 (1968). Thus, we remand with instructions to conduct a hearing to determine the truth of the allegations.\nSo ordered.\n. D.C.Code 1973, \u00a7 23-110. Remedies on motion attacking sentence\n(a) a prisoner in custody under sentence of the Superior Court claiming the right to be released upon the ground that ... (4) the sentence is otherwise subject to collateral attack, may move the court to vacate, set aside, or correct the sentence.\n. Where a defendant is resentenced his right to direct appeal from the conviction is restored. Hines v. United States, D.C.App., 237 A.2d 827 (1968). To preserve that right, the defendant must file a notice of appeal within ten days of resentencing.\n. The envelope in which appellant\u2019s letter was mailed is not part of the court records.\n. The government does not challenge this contention.\n. In October 1979 appellate counsel filed with the trial court another motion for relief under D.C.Code 1973, \u00a7 23-110. The trial court denied the petition on October 25, 1979 on the basis that the allegations set out in the accompanying affidavit were previously raised in appellant\u2019s October 1978 motion which the trial court denied. No notice of appeal was filed.\n. Analogous motions filed in federal courts under 28 U.S.C. \u00a7 2255 (1976) \u201care governed by the rules for civil cases.... \u201d United States v. Tindle, 173 U.S.App.D.C. 77, 81 n.12, 522 F.2d 689, 693 n. 12 (1975).\n. We interpret the statement in Butler (notice filed two days late) that in finding jurisdiction this court was extending Fallen (notice filed four days late) to its \u201couter limit\u201d to mean its factual outer limit.\n. The government concedes that the allegations in appellant\u2019s motions are sufficient to warrant a hearing.",
        "type": "majority",
        "author": "MACK, Associate Judge:"
      },
      {
        "text": "PAIR, Associate Judge, Retired,\ndissenting:\nThe crucial issue in this case \u2014 the one my colleagues have declined to address \u2014 is not the timeliness of the appeal from the March 19, 1979 order, but rather the appealability of that order in the first place. It is settled now that this court\u2019s jurisdiction is limited to review of final orders and judgments. Butler v. United States, D.C.App., 388 A.2d 883, 885 (1978); Brown v. United States, D.C.App., 379 A.2d 708, 709 (1977); D.C. Code 1973, \u00a7 11-721(a). Since it is almost too clear for discussion that no appealable order has been brought here for review, I would dismiss the appeal for want of jurisdiction.\nPerhaps it would be helpful, in putting the issue in perspective, to set forth a chronology of the case:\n11/ 9/77 Appellant sentenced.\n12/22/77 Motion for reduction of sentence filed by appellant\u2019s attorney.\n1/23/78 Motion denied.\n10/ 2/78 Pro se motion for vacation of sentence and resentencing filed. Motion stressed that attorney failed to file timely notice of appeal.\n12/ 5/78 Motion denied without a hearing, but no appeal.\n2/ 1/79 Pro se motion to vacate order denying motion for vacation of sentence and resentencing, and to grant a hearing.\n3/19/79 Motion denied.\n4/10/79 Pro se notice of appeal filed.\n5/14/79 Appellate counsel appointed. 10/23/79 Counsel filed motion to vacate sentence.\n10/25/79 Motion denied. No appeal.\n2/19/80 Appellant\u2019s counsel filed briefs on appeal, but did not appeal 10/25/79 denial of motion to vacate.\nThe foregoing facts of record are fairly stated in the majority opinion with one very important exception, i.e., the characterization of the February 1, 1979 motion as one for reconsideration of the December 5,1978 order denying appellant\u2019s motion to vacate his sentence. The relief sought by the February 1,1979 motion was not reconsideration, but vacation of the December 5, 1978 order.\nNo doubt the reason for this unusual procedure was that although D.C.Code 1973, \u00a7 23-110(f) conferred upon appellant a right to appeal, he failed to exercise that right. See Brown v. United States, D.C.App., 379 A.2d 708 (1977).\nMy colleagues reason that by the simple expedient of treating the February 1, 1979 motion as one for reconsideration, they can restore to appellant the right of appeal which he lost. The fallacy of this reasoning is as crystal clear from this record as it was from the record in In re Alexander, D.C.App., 428 A.2d 812 (1981), and the record in United States v. Jones, D.C.App., 423 A.2d 193 (1980). We have held that neither this court nor the trial court may enlarge the time for filing notice of appeal in a criminal case, absent excusable neglect or other compelling circumstances. See Jackson v. United States, D.C.Mun.App., 119 A.2d 721, 722 (1956). As we said in Hargett v. United States, D.C.App., 380 A.2d 1005, 1008-09 (1977), cert. denied, 439 U.S. 932, 99 S.Ct. 324, 58 L.Ed.2d 327 (1978): \u201c[O]ur rules have been fashioned to provide every opportunity for appeal, but they also dictate that there be an end to litigation.\u201d\nIn their eager activism, my colleagues have overlooked one other controlling consideration. Assuming that, in a proper case, a motion for reconsideration will toll the running of the appeal times prescribed by our Rule 4(a) and (b), it is mandatory that the motion be timely filed. In re Alexander, supra; United States v. Jones, supra. In In re Alexander, it was said in footnote 2 at 814-15:\nThis court has rejected such a contention in the context of appeals in civil cases. In 901 Corp. v. A. Sandler Co., D.C.App., 254 A.2d 411 (1969), this court held that in the absence of specific authority, a motion for reconsideration does not toll the time for filing an appeal. See id. at 412.\nThe rules of this court governing civil appeals since have been amended and now provide:\nThe running of the time for filing a notice of appeal is terminated as to all parties by the timely filing pursuant to the rules of the Superior Court of the following motions... :\n******\na motion to vacate, alter or amend the order or judgment;\n* * * and\nany motion seeking relief in the nature of the foregoing. [D.C.App.R. 4 11(a)(2).]\nIn Coleman v. Lee Washington Hauling Co., D.C.App., 388 A.2d 44 (1978), we held that under the new rule \u201ca motion to reconsider a judgment or other appeala-ble order, filed within ten days of entry of such judgment or order, terminates the running of the time for noting an appeal ... until the motion is acted upon.\u201d Id. at 47.\nBecause appellant filed the motion to reconsider this case after the ten-day appeal period had expired, we need not decide whether a motion to reconsider filed within the appeal period would toll the appeal period in a criminal case. Accord, United States v. Jones, D.C.App., 423 A.2d 193, 196 & n.4 (1980); see United States v. Dieter, 429 U.S. 6, 8 & n.3 [97 S.Ct. 18, 19 & n.3, 50 L.Ed.2d 8 (1976) (per curiam); United States v. Jones, 608 F.2d 386, 390 (9th Cir. 1979); United States v. Woodruff, 596 F.2d 798, 799 (8th Cir. 1979) (per curiam).\nIn the case at bar the motion, treated as a motion for reconsideration, was filed some 58 days after the entry of the December 5, 1978 order denying appellant\u2019s motion to vacate his sentences. Clearly, therefore, the February 1,1979 motion to vacate that order, however treated, did not and could not have had the effect of restoring to appellant the right of appeal which he lost. In re Alexander, supra; United States v. Jones, supra.\nAll of this is consistent with reason, for, if a lost right of appeal can be so easily restored, our Rule 4(a) and (b) would be frustrated in its jurisdictional purpose. United States v. Robinson, 361 U.S. 220, 80 S.Ct. 282, 4 L.Ed.2d 259 (1960); United States v. Fraser, D.C.App., 330 A.2d 761, 763 (1975).\nMy colleagues have apparently overlooked the decision of this court in Irani v. District of Columbia, D.C.App., 292 A.2d 804 (1972). In Irani, appellant, having obtained from the Superior Court an order expunging his arrest record, became convinced that he was entitled to additional relief. To this end, he submitted to the court more than 60 days after the entry of the order of expungement a \u201cProposed Final Order,\u201d spelling out the additional relief to which he felt entitled. The trial court treated the submission as a motion for reconsideration, but denied any additional relief. An appeal followed, which this court for want of jurisdiction, dismissed, holding that the order expunging the arrest record was final and appealable and that the proposed final order, treated as a motion for reconsideration and filed, as it was, more than 30 days after the entry of the order, did not have the effect of enlarging the time for appeal.\nSo it was in the case at bar. The December 5, 1978 order denying the motion to vacate appellant\u2019s sentences was final and appealable. D.C.Code 1973, \u00a7 23-110(f). Appellant failed to exercise .that right and the February 1, 1979 motion filed some 58 days later did not have the effect of restoring the right of appeal, even when viewed with the gloss furnished by my colleagues.\nWhat this case comes down to then is a most injudicious effort to subvert the motions procedures of the Superior Court and the appellate procedures governed by Rule 4 of the Rules of this court. I refuse to join in the enterprise and am therefore in dissent.\n. The March 19, 1979 order denied a motion to vacate an order which denied a motion to vacate, pursuant to D.C.Code 1973, \u00a7 23-110, sentences imposed after appellant\u2019s convictions for assault with intent to kill while armed and carrying a pistol without a license. The order accomplished nothing which disturbed appellant\u2019s status as a convicted felon and was therefore lacking in the essential element of dispositional finality contemplated by D.C.Code 1973, \u00a7 11-721(a). See DeFoe v. National Capital Bank of Washington, D.C.Mun.App., 90 A.2d 242 (1952); Brooks v. Trigg, D.C.Mun.App., 51 A.2d 302, 304 (1947); Jacobsen v. Jacobsen, 75 U.S.App.D.C. 223, 225, 126 F.2d 13, 15 (1942).\n. In re Alexander, D.C.App., 428 A.2d 812, 813 (1981); United States v. Jones, D.C.App., 423 A.2d 193, 196 (1980); Irani v. District of Columbia, D.C.App., 292 A.2d 804, 806 (1972).\n. While the motion was filed pro se, it was prepared by a Staff Attorney in the Office of the Public Defender Service, who undertook to advise appellant.",
        "type": "dissent",
        "author": "PAIR, Associate Judge, Retired,"
      }
    ],
    "attorneys": [
      "Paul D. Waring, appointed by this court, was on the brief for appellant. Dennis M. O\u2019Keefe, Washington, D.C., appointed by this court, also entered an appearance for appellant.",
      "Charles F.C. Ruff, U.S. Atty., and John A. Terry, Michael W. Farrell and Harold Damelin, Asst. U.S. Attys., Washington, D.C. were on the brief for appellee."
    ],
    "corrections": "",
    "head_matter": "Robert L. LITTLE, a/k/a Morrell Watson, Appellant, v. UNITED STATES, Appellee.\nNo. 79-441.\nDistrict of Columbia Court of Appeals.\nSubmitted June 18, 1980.\nDecided Nov. 25, 1981.\nPaul D. Waring, appointed by this court, was on the brief for appellant. Dennis M. O\u2019Keefe, Washington, D.C., appointed by this court, also entered an appearance for appellant.\nCharles F.C. Ruff, U.S. Atty., and John A. Terry, Michael W. Farrell and Harold Damelin, Asst. U.S. Attys., Washington, D.C. were on the brief for appellee.\nBefore NEWMAN, Chief Judge, MACK, Associate Judge, and PAIR, Associate Judge, Retired."
  },
  "file_name": "1264-01",
  "first_page_order": 1248,
  "last_page_order": 1253
}
