{
  "id": 8144523,
  "name": "SINCLAIR REFINING CO. v. NICHOLS",
  "name_abbreviation": "Sinclair Refining Co. v. Nichols",
  "decision_date": "1951-03-16",
  "docket_number": "No. 1027",
  "first_page": "564",
  "last_page": "565",
  "citations": [
    {
      "type": "official",
      "cite": "79 A.2d 564"
    }
  ],
  "court": {
    "name_abbreviation": "D.C.",
    "id": 21806,
    "name": "District of Columbia Municipal Court of Appeals"
  },
  "jurisdiction": {
    "id": 56,
    "name_long": "District of Columbia",
    "name": "D.C."
  },
  "cites_to": [],
  "analysis": {
    "cardinality": 209,
    "char_count": 2656,
    "ocr_confidence": 0.664,
    "pagerank": {
      "raw": 5.12982294956584e-08,
      "percentile": 0.3235464693115313
    },
    "sha256": "0938be562ae4346795f32a88347357a95875a175bc57b9439a908eaa84f5e6c9",
    "simhash": "1:05526a27fd701151",
    "word_count": 443
  },
  "last_updated": "2023-07-14T19:16:58.276999+00:00",
  "provenance": {
    "date_added": "2019-08-29",
    "source": "Harvard",
    "batch": "2018"
  },
  "casebody": {
    "judges": [
      "Before CAYTON, Chief Judge, and HOOD and CLAGETT, Associate Judges."
    ],
    "parties": [
      "SINCLAIR REFINING CO. v. NICHOLS."
    ],
    "opinions": [
      {
        "text": "HOOD, Associate Judge.\nPlaintiff sued defendant for the value of fuel oil and oil burner service alleged to have been delivered and furnished to defendant and her husband. Defendant\u2019s answer alleged that the debt was incurred toy the husband in his name and on his credit, that he had since died, and that she was not personally liable.\nThe statement of proceedings and evidence, approved by the trial court who heard the case without a jury, states that an employee of plaintiff testified that defendant and' her husband purchased and received the oil and service, and that the sale and delivery were to both jointly. The witness identified as correct a written statement showing the dates and charges for the various items. The record then states: \u201cThe court ignored both the testimony of the witness and the written statement.\u201d It is further shown that a written statement \u201cshowing the signature of the defendant authorizing the work\u201d was presented to the witness, \u201cand the court objected to it.\u201d The record then states: \u201cThe court refused to recognize the testimony of the plaintiff\u2019s employee and stated that the witness would not know.\u201d After inquiring if there was a written contract and being told there was none, the court \u201cthen held for the defendant.\u201d The record then shows that defendant testified she did not contract at any time to purchase any oil or service.\nIf the record states the proceedings chronologically, it would appear that defendant testified only after the court had announcecl its ruling in her favor. However that may be, it is definitely shown that the trial court \u201cignored\u201d plaintiff\u2019s testimony and \u201crefused to recognize\u201d it. These may be unfortunate expressions not intended to mean what they say, tout they bear the approval of the trial court and must be taken at face value. To ignore, in its usual sense, is to refuse to take notice of, or to disregard willfully. The trier of facts should never ignore admitted testimony. It is the duty of one who decides the facts to consider and weigh all the evidence. Evidence found to be incredible or unconvincing may be accorded no weight, but evidence cannot be weighed by ignoring it and refusing to recognize it. In view of the affirmative showing that plaintiff\u2019s evidence was ignored, the judgment must be reversed.\nReversed with instructions to grant a new trial.",
        "type": "majority",
        "author": "HOOD, Associate Judge."
      }
    ],
    "attorneys": [
      "Leonard J. Furbee, Washington, D. C., for appellant.",
      "Lillian H. Nichols, appellee, pro se."
    ],
    "corrections": "",
    "head_matter": "SINCLAIR REFINING CO. v. NICHOLS.\nNo. 1027.\nMunicipal Court of Appeals for the District of Columbia.\nArgued Feb. 26, 1951.\nDecided March 16, 1951.\nLeonard J. Furbee, Washington, D. C., for appellant.\nLillian H. Nichols, appellee, pro se.\nBefore CAYTON, Chief Judge, and HOOD and CLAGETT, Associate Judges."
  },
  "file_name": "0564-01",
  "first_page_order": 596,
  "last_page_order": 597
}
