{
  "id": 6077260,
  "name": "In re Haskell",
  "name_abbreviation": "In re Haskell",
  "decision_date": "1946-06-27",
  "docket_number": "No. 5185",
  "first_page": "709",
  "last_page": "712",
  "citations": [
    {
      "type": "official",
      "cite": "34 C.C.P.A. 709"
    },
    {
      "type": "parallel",
      "cite": "157 F.2d 206"
    },
    {
      "type": "parallel",
      "cite": "71 U.S.P.Q. 78"
    }
  ],
  "court": {
    "name_abbreviation": "C.C.P.A.",
    "id": 8989,
    "name": "United States Court of Customs and Patent Appeals"
  },
  "jurisdiction": {
    "id": 39,
    "name_long": "United States",
    "name": "U.S."
  },
  "cites_to": [
    {
      "cite": "53 USPQ 6",
      "category": "reporters:specialty",
      "reporter": "U.S.P.Q. (BNA)",
      "opinion_index": 0
    },
    {
      "cite": "315 U. S. 668",
      "category": "reporters:federal",
      "reporter": "U.S.",
      "case_ids": [
        374734
      ],
      "opinion_index": 0,
      "case_paths": [
        "/us/315/0668-01"
      ]
    }
  ],
  "analysis": {
    "cardinality": 422,
    "char_count": 7991,
    "ocr_confidence": 0.457,
    "pagerank": {
      "raw": 4.03580807328026e-08,
      "percentile": 0.17323249347741895
    },
    "sha256": "e82fcd29f394b94389bc5b120559cd3e41141969a1f501caf79e3acbc43bb6e0",
    "simhash": "1:2119b68e1cf115cc",
    "word_count": 1325
  },
  "last_updated": "2024-02-27T22:26:31.068438+00:00",
  "provenance": {
    "date_added": "2019-08-29",
    "source": "Harvard",
    "batch": "2018"
  },
  "casebody": {
    "judges": [
      "Before Garrett, Presiding Judge, and Bland, Hatfield, Jackson, and O\u2019Connell, Associate Judges"
    ],
    "parties": [
      "In re Haskell"
    ],
    "opinions": [
      {
        "text": "Garrett, Presiding Judge,\ndelivered the opinion of the court:\nThe Board of Appeals of the United States Patent Office affirmed a decision of the Primary Examiner rejecting claims 11 to 14, inclusive, of an application for the reissue of appellant\u2019s patent No-2,264,037, dated November 25, 1941. Claims 1 to 10 inclusive, the-original patent claims, were allowed. From the decision of the board, this appeal was taken.\nClaim 11 is illustrative of the subject matter of the rejected claims- and reads as follows:\n11. The method of selectively sealing more permeable oil depleted strata exposed to a well without sealing less permeable oil strata exposed to said well comprising, injecting a fluid vehicle carrying a substance into the well under such a low pressure and resulting slow flow that the fluid vehicle and substance-enter the more permeable oil depleted sand formations in preference to the-less permeable oil producing sand formations, and said substance being adapted to obstruct the flow of fluid through the more permeable sand formations entered\u2019 by said fluid vehicle and substance without obstructing the flow of fluid through the less permeable sand formations' not entered by said fluid vehicle and substance.\nThe involved application and the patent for which reissue is sought, relate to the production of oil from wells which are nearly depleted. In such wells it had been the practice in the art to drill holes at some distance therefrom, called \u201cinlet wells,\u201d in which water under pressure-forced the oil in the sands between the producing and the inlet wells-into the shaft of the producing well. For the reason that frequently oil sands occur in several strata and are of different permeability,, when oil has been thus forced by water pressure from the sands Water would follow and enter the production well in such quantity as to-make further operations impracticable.\nIn order to procure as much oil as possible from strata of different permeability appellant invented a method comprising a selective plugging off of the exhausted strata. His method comprised the forcing into the inlet well or wells of a slurry containing particles small enough to enter the pores of the most permeable stratum but too large for the pores of strata less permeable. The slurry, which becomes a solid material, thus is used first to block off the more permeable sand, and as each of the successively less permeable sands is treated in this fashion substantially all of the oil may be recovered.\nThis method is known as an \u201cartificial drive.\u201d\nIt appears that at times water, either by nature or introduction into the ground around the producing well at a high enough level, is forced by gravity through the sands into the producing well. That method is known as a \u201cnatural drive.\u201d\nNo prior art was cited, but reference was made to the specification of appellant\u2019s original patent heretofore mentioned. The claims were rejected on the ground that they are not drawn to the invention of \u00edhe original patent, and that failure to obtain those claims therein was due to deliberate election and not to inadvertence.\nThe issues here\u2019are whether or not appellant\u2019s original application,which had in it claims 1, 2, 3, and 7, later cancelled by' appellant* was deliberately confined to an artificial drive, and whether those -claims can be construed to include a natural drive as alleged by appellant, and if so whether their cancellation was a deliberate aban-, \u2022donment of the subject matter of the involved claims.\nIt is clear that neither the original application of appellant nor the claims thereof contain any express disclosure of a natural drive. Appellant does not so contend. He, in effect, argues that since they \u25a0do not expressly exclude the natural drive, such meaning should be read into them.\nThe original application contained only one embodiment of appellant\u2019s invention and that was for a method of plugging the strata or layers of sand through an intake, well by means of an artificial \u25a0drive process. All of the allowed claims were thus limited. It may be noted that the claims on appeal call for the plugging of sands \"through the producing well.\nIn support of his contention that \u201cthe original disclosure was not limited to the plugging of an intake well in an artificial drive process\u201d appellant depends on the scope of the original cancelled claims. They read as follows:\n1. Tlie method of driving oil through subterranean strata having different \u25a0permeabilities that includes successively forcing a fluid through and a slurry into the strata in the order of their reduced permeabilities.\n2. The method of driving oil through subterranean- strata having different permeabilities that includes forcing fluid through the stratum having the greatest permeability to drive the oil therethrough, forcing a slurry into the pores \u2022of said stratum after it has been freed of oil to seal the same, and thereafter forcing fluid through a stratum having less permeability.\n3. The method of driving oil through subterranean \u2022strata having different permeabilities that includes driving the oil through all of the strata by means \u25a0of fluid under pressure and driving a slurry into each successive stratum as it is freed of oil to seal the same.\n7. The method of recovering oil from subterranean strata having different permeabilities and located between a producing well and an inlet well that includes driving the oil from the strata into the producing well by means of fluid under pressure, and sealing the producing well against the entry of such fluid by incorporating a slurry in each successive stratum as it is freed of oil. [Italics ours.]\nContrary to the contention of appellant, the Primary Examiner held, and his reasoning was followed by the board, that steps in those claims such as \u201cdriving oil,\u201d and \u201cforcing of fluid,\u201d require positive action by the operator and may not be met by merely permitting natural forces to operate. It is apparent to us that that holding of the tribunals below was proper. We cannot understand how \u201cdriving oil through a subterranean strata\u201d and \u201csuccessively forcing a fluid through and a slurry into the strata\u201d could indicate anything but positive action. Moreover, it may be noted that cancelled claim 7 expressly states that the strata is \u201clocated between a producing well and an inlet well.\u201d Appellant argues that the last clause in that claim setting out the \u201csealing [of] the producing well against the entry of such fluid\u201d is proof that he is entitled to the allowance of the here rejected claims by reason of such disclosures. However, that claim must be read in its entirety and when so read the sealing of - the producing well must be a sealing of the stratum by means of the slurry under-pressure from the inlet well.\nAppellant now seeks to have allowed claims for sealing the strata ' through the shaft of the producing well. Since this cannot reasonably be said to be disclosed in appellant\u2019s original application, we hold, as did the tribunals below, that the rejection of claims 11 to 14 was proper. The decision in U. S. Industrial Chemicals, Inc. v. Carbide & Carbon Chemicals Corp., 315 U. S. 668, 53 USPQ 6, relied upon by the examiner, in our opinion, is in point.\nSince we hold that the rejected claims do not read on appellant\u2019s original disclosure it is not necessary to discuss any other issue.\nFor the reasons heretofore given the decision of the Board of Appeals is affvrmed.",
        "type": "majority",
        "author": "Garrett, Presiding Judge,"
      }
    ],
    "attorneys": [
      "Blair, Curtis & Hcvyward, and Paul A. Blair (Charles C. Ladd and Marshall M. Holcombe of counsel) for appellant. \u2022",
      "W. W. Cochran {B. L. Reynolds of counsel) for the Commissioner of Patents."
    ],
    "corrections": "",
    "head_matter": "71 USPQ 78; 157 F. (2d) 206\nIn re Haskell\n(No. 5185)\nUnited States Court of Customs and Patent Appeals,\nJune 27, 1946\nBlair, Curtis & Hcvyward, and Paul A. Blair (Charles C. Ladd and Marshall M. Holcombe of counsel) for appellant. \u2022\nW. W. Cochran {B. L. Reynolds of counsel) for the Commissioner of Patents.\n[Oral argument May 13, 1946, by Mr. Holcombe, Mr. Ladd, and Mr. Reynolds]\nBefore Garrett, Presiding Judge, and Bland, Hatfield, Jackson, and O\u2019Connell, Associate Judges\nRehearing denied Sept. 30, 1946; released Oct. 9, 1946."
  },
  "file_name": "0709-01",
  "first_page_order": 27,
  "last_page_order": 30
}
