{
  "id": 12504730,
  "name": "Sergeant First Class Frank CHIOFALO, a Member of the New Jersey State Police (Badge No. 4772), Plaintiff-Petitioner, v. STATE of New Jersey, Division of State Police of the State of New Jersey, and Division of Law and Public Safety, Defendants-Respondents, and Robert Cuomo and Joseph R. Fuentes, Defendants.",
  "name_abbreviation": "Chiofalo v. State",
  "decision_date": "2018-12-17",
  "docket_number": "C-288 September Term 2018; 081607",
  "first_page": "272",
  "last_page": "272",
  "citations": [
    {
      "type": "official",
      "cite": "199 A.3d 272"
    },
    {
      "type": "parallel",
      "cite": "236 N.J. 220"
    }
  ],
  "court": {
    "name_abbreviation": "N.J.",
    "id": 8815,
    "name": "New Jersey Court of Errors and Appeals"
  },
  "jurisdiction": {
    "id": 24,
    "name_long": "New Jersey",
    "name": "N.J."
  },
  "cites_to": [],
  "analysis": {
    "cardinality": 58,
    "char_count": 596,
    "sha256": "f00b03573e08065f01f8eaa1e280529e871bfb3bae1636b56107372b69beba0d",
    "simhash": "1:6a726db0830d8e29",
    "word_count": 94
  },
  "last_updated": "2021-08-27T20:57:42.438369+00:00",
  "provenance": {
    "date_added": "2021-08-27",
    "source": "Fastcase",
    "batch": "2021"
  },
  "casebody": {
    "judges": [],
    "parties": [
      "Sergeant First Class Frank CHIOFALO, a Member of the New Jersey State Police (Badge No. 4772), Plaintiff-Petitioner,\nv.\nSTATE of New Jersey, Division of State Police of the State of New Jersey, and Division of Law and Public Safety, Defendants-Respondents,\nand\nRobert Cuomo and Joseph R. Fuentes, Defendants."
    ],
    "opinions": [
      {
        "text": "A petition for certification of the judgment in A-002349-16 having been submitted to this Court, and the Court having considered the same;\nIt is ORDERED that the petition for certification is granted.",
        "type": "majority",
        "author": null
      }
    ],
    "attorneys": [],
    "corrections": "",
    "head_matter": "Sergeant First Class Frank CHIOFALO, a Member of the New Jersey State Police (Badge No. 4772), Plaintiff-Petitioner,\nv.\nSTATE of New Jersey, Division of State Police of the State of New Jersey, and Division of Law and Public Safety, Defendants-Respondents,\nand\nRobert Cuomo and Joseph R. Fuentes, Defendants.\nC-288 September Term 2018\n081607\nSupreme Court of New Jersey.\nDecember 17, 2018\nORDER"
  },
  "file_name": "0272-01",
  "first_page_order": 272,
  "last_page_order": 272
}
