{
  "id": 12504787,
  "name": "WELLS FARGO BANK, N.A., AS TRUSTEE, FOR CARRINGTON MORTGAGE LOAN TRUST, etc., Plaintiff v. Anthony CZYZ and Catherine Czyz, Defendants-Appellants.",
  "name_abbreviation": "Wells Fargo Bank, N.A. v. Czyz",
  "decision_date": "2019-01-11",
  "docket_number": "M-448 September Term 2018; 080644",
  "first_page": "292",
  "last_page": "292",
  "citations": [
    {
      "type": "official",
      "cite": "199 A.3d 292"
    },
    {
      "type": "parallel",
      "cite": "236 N.J. 253"
    }
  ],
  "court": {
    "name_abbreviation": "N.J.",
    "id": 8815,
    "name": "New Jersey Court of Errors and Appeals"
  },
  "jurisdiction": {
    "id": 24,
    "name_long": "New Jersey",
    "name": "N.J."
  },
  "cites_to": [],
  "analysis": {
    "cardinality": 75,
    "char_count": 617,
    "sha256": "f1647ffd8ddcfa9d3190327268f1e09f4a44f217676e488be7cb365cf11a8bc1",
    "simhash": "1:5296bb2e89532d28",
    "word_count": 98
  },
  "last_updated": "2021-08-27T20:57:42.438369+00:00",
  "provenance": {
    "date_added": "2021-08-27",
    "source": "Fastcase",
    "batch": "2021"
  },
  "casebody": {
    "judges": [],
    "parties": [
      "WELLS FARGO BANK, N.A., AS TRUSTEE, FOR CARRINGTON MORTGAGE LOAN TRUST, etc., Plaintiff\nv.\nAnthony CZYZ and Catherine Czyz, Defendants-Appellants."
    ],
    "opinions": [
      {
        "text": "This matter having been duly presented to the Court on defendants' appeal as of right from the judgment of the Superior Court, Appellate Division in A-000611-17, and the Court having determined that the matter does not raise a substantial constitutional question under Rule 2:2-1(a)(1) and the applicable case law;\nIt is ORDERED that the appeal is dismissed on the Court's own motion.",
        "type": "majority",
        "author": null
      }
    ],
    "attorneys": [],
    "corrections": "",
    "head_matter": "WELLS FARGO BANK, N.A., AS TRUSTEE, FOR CARRINGTON MORTGAGE LOAN TRUST, etc., Plaintiff\nv.\nAnthony CZYZ and Catherine Czyz, Defendants-Appellants.\nM-448 September Term 2018\n080644\nSupreme Court of New Jersey.\nJanuary 11, 2019\nORDER"
  },
  "file_name": "0292-01",
  "first_page_order": 292,
  "last_page_order": 292
}
