{
  "id": 12504906,
  "name": "RYCKMAN, A. v. CRAWFORD COUNTY BOARD OF ELECTIONS",
  "name_abbreviation": "Ryckman v. Crawford Cnty. Bd. of Elections",
  "decision_date": "2018-11-16",
  "docket_number": "472 CD 2018",
  "first_page": "516",
  "last_page": "516",
  "citations": [
    {
      "type": "official",
      "cite": "199 A.3d 516"
    }
  ],
  "court": {
    "name_abbreviation": "Pa. Commw. Ct.",
    "id": 11887,
    "name": "Commonwealth Court of Pennsylvania"
  },
  "jurisdiction": {
    "id": 6,
    "name_long": "Pennsylvania",
    "name": "Pa."
  },
  "cites_to": [
    {
      "cite": "210 Pa. Code \u00a7 69.414",
      "category": "laws:admin_compilation",
      "reporter": "Pa. Code",
      "opinion_index": 0
    }
  ],
  "analysis": {
    "cardinality": 38,
    "char_count": 272,
    "sha256": "4f6712c1b0a13c1dc1bc82834dc08270bcbaf0978a7d712f352a8384f24dcfbc",
    "simhash": "1:270323de00cb6e0a",
    "word_count": 41
  },
  "last_updated": "2024-02-27T16:26:42.618727+00:00",
  "provenance": {
    "date_added": "2021-08-27",
    "source": "Fastcase",
    "batch": "2021"
  },
  "casebody": {
    "judges": [],
    "parties": [
      "RYCKMAN, A.\nv.\nCRAWFORD COUNTY BOARD OF ELECTIONS"
    ],
    "opinions": [
      {
        "text": "Decision filed after Jan. 15, 2008, may be cited for persuasive, non-precedential value. 210 Pa. Code \u00a7 69.414.\nQuashed.",
        "type": "majority",
        "author": null
      }
    ],
    "attorneys": [],
    "corrections": "",
    "head_matter": "RYCKMAN, A.\nv.\nCRAWFORD COUNTY BOARD OF ELECTIONS\n472 CD 2018\nCommonwealth Court of Pennsylvania.\nNovember 16, 2018\nDECISION WITHOUT PUBLISHED OPINION"
  },
  "file_name": "0516-04",
  "first_page_order": 516,
  "last_page_order": 516
}
