{
  "id": 12504912,
  "name": "GINO'S BAR, INC. v. PALCB",
  "name_abbreviation": "Gino's Bar, Inc. v. Palcb",
  "decision_date": "2018-11-20",
  "docket_number": "110 CD 2018",
  "first_page": "518",
  "last_page": "518",
  "citations": [
    {
      "type": "official",
      "cite": "199 A.3d 518"
    }
  ],
  "court": {
    "name_abbreviation": "Pa. Commw. Ct.",
    "id": 11887,
    "name": "Commonwealth Court of Pennsylvania"
  },
  "jurisdiction": {
    "id": 6,
    "name_long": "Pennsylvania",
    "name": "Pa."
  },
  "cites_to": [
    {
      "cite": "210 Pa. Code \u00a7 69.414",
      "category": "laws:admin_compilation",
      "reporter": "Pa. Code",
      "opinion_index": 0
    }
  ],
  "analysis": {
    "cardinality": 41,
    "char_count": 283,
    "sha256": "2672762cfa6b6103e6df412703f911c294ecb4161dadfaabc2c825084741fa15",
    "simhash": "1:25cd6bd288fc4459",
    "word_count": 43
  },
  "last_updated": "2024-02-27T16:26:42.618727+00:00",
  "provenance": {
    "date_added": "2021-08-27",
    "source": "Fastcase",
    "batch": "2021"
  },
  "casebody": {
    "judges": [],
    "parties": [
      "GINO'S BAR, INC.\nv.\nPALCB"
    ],
    "opinions": [
      {
        "text": "Decision filed after Jan. 15, 2008, may be cited for persuasive, non-precedential value. 210 Pa. Code \u00a7 69.414.\nAffirmed.",
        "type": "majority",
        "author": null
      }
    ],
    "attorneys": [],
    "corrections": "",
    "head_matter": "GINO'S BAR, INC.\nv.\nPALCB\n110 CD 2018\nCommonwealth Court of Pennsylvania.\nNovember 20, 2018\nReargument Denied January 8, 2019\nDECISION WITHOUT PUBLISHED OPINION"
  },
  "file_name": "0518-02",
  "first_page_order": 518,
  "last_page_order": 518
}
