{
  "id": 12504956,
  "name": "Irvin M. WESTRY v. US",
  "name_abbreviation": "Westry v. United States",
  "decision_date": "2018-12-07",
  "docket_number": "17-CM-187",
  "first_page": "621",
  "last_page": "621",
  "citations": [
    {
      "type": "official",
      "cite": "199 A.3d 621"
    }
  ],
  "court": {
    "name_abbreviation": "D.C.",
    "id": 11933,
    "name": "District of Columbia Court of Appeals"
  },
  "jurisdiction": {
    "id": 56,
    "name_long": "District of Columbia",
    "name": "D.C."
  },
  "cites_to": [],
  "analysis": {
    "cardinality": 19,
    "char_count": 134,
    "sha256": "5ce4535b5b3f088fc58a56d5dcc68d0dfae2093189f7095abc866ad6f92645c9",
    "simhash": "1:0593528835c4cccc",
    "word_count": 20
  },
  "last_updated": "2021-08-27T20:57:42.438369+00:00",
  "provenance": {
    "date_added": "2021-08-27",
    "source": "Fastcase",
    "batch": "2021"
  },
  "casebody": {
    "judges": [],
    "parties": [
      "Irvin M. WESTRY\nv.\nUS"
    ],
    "opinions": [
      {
        "text": "Affirmed.",
        "type": "majority",
        "author": null
      }
    ],
    "attorneys": [],
    "corrections": "",
    "head_matter": "Irvin M. WESTRY\nv.\nUS\n17-CM-187\nDistrict of Columbia Court of Appeals.\nDecember 07, 2018\nDECISION WITHOUT PUBLISHED OPINION"
  },
  "file_name": "0621-02",
  "first_page_order": 621,
  "last_page_order": 621
}
