{
  "id": 12505032,
  "name": "Valerya WILLIAMS, Petitioner v. BOARD OF REVISION OF TAXES, Respondent",
  "name_abbreviation": "Williams v. Bd. of Revision of Taxes",
  "decision_date": "2018-12-11",
  "docket_number": "No. 269 EAL 2018",
  "first_page": "857",
  "last_page": "857",
  "citations": [
    {
      "type": "official",
      "cite": "199 A.3d 857"
    }
  ],
  "court": {
    "name_abbreviation": "Pa.",
    "id": 8832,
    "name": "Supreme Court of Pennsylvania"
  },
  "jurisdiction": {
    "id": 6,
    "name_long": "Pennsylvania",
    "name": "Pa."
  },
  "cites_to": [],
  "analysis": {
    "cardinality": 33,
    "char_count": 245,
    "sha256": "a92b3a86c708dedca7ec08f9c29117959214802ad256ea06750969a2808de6d5",
    "simhash": "1:d97d423166664eb4",
    "word_count": 40
  },
  "last_updated": "2021-08-27T20:57:42.438369+00:00",
  "provenance": {
    "date_added": "2021-08-27",
    "source": "Fastcase",
    "batch": "2021"
  },
  "casebody": {
    "judges": [],
    "parties": [
      "Valerya WILLIAMS, Petitioner\nv.\nBOARD OF REVISION OF TAXES, Respondent"
    ],
    "opinions": [
      {
        "text": "PER CURIAM.\nAND NOW, this 11th day of December, 2018, the Petition for Allowance of Appeal is DENIED.",
        "type": "majority",
        "author": "PER CURIAM."
      }
    ],
    "attorneys": [],
    "corrections": "",
    "head_matter": "Valerya WILLIAMS, Petitioner\nv.\nBOARD OF REVISION OF TAXES, Respondent\nNo. 269 EAL 2018\nSupreme Court of Pennsylvania.\nDecember 11, 2018\nORDER"
  },
  "file_name": "0857-03",
  "first_page_order": 857,
  "last_page_order": 857
}
