{
  "id": 12505037,
  "name": "COMMONWEALTH of Pennsylvania, Respondent v. Robert J. MCBREARTY, Petitioner",
  "name_abbreviation": "Commonwealth v. McBrearty",
  "decision_date": "2018-12-24",
  "docket_number": "No. 469 MAL 2018",
  "first_page": "861",
  "last_page": "861",
  "citations": [
    {
      "type": "official",
      "cite": "199 A.3d 861"
    }
  ],
  "court": {
    "name_abbreviation": "Pa.",
    "id": 8832,
    "name": "Supreme Court of Pennsylvania"
  },
  "jurisdiction": {
    "id": 6,
    "name_long": "Pennsylvania",
    "name": "Pa."
  },
  "cites_to": [],
  "analysis": {
    "cardinality": 32,
    "char_count": 250,
    "sha256": "4fc2221965d9155d0f3bc8ffcd16b861d5e789c5dca2c1e7902098b2435c7ea9",
    "simhash": "1:4dad6732f12745f5",
    "word_count": 39
  },
  "last_updated": "2021-08-27T20:57:42.438369+00:00",
  "provenance": {
    "date_added": "2021-08-27",
    "source": "Fastcase",
    "batch": "2021"
  },
  "casebody": {
    "judges": [],
    "parties": [
      "COMMONWEALTH of Pennsylvania, Respondent\nv.\nRobert J. MCBREARTY, Petitioner"
    ],
    "opinions": [
      {
        "text": "PER CURIAM.\nAND NOW, this 24th day of December, 2018, the Petition for Allowance of Appeal is DENIED.",
        "type": "majority",
        "author": "PER CURIAM."
      }
    ],
    "attorneys": [],
    "corrections": "",
    "head_matter": "COMMONWEALTH of Pennsylvania, Respondent\nv.\nRobert J. MCBREARTY, Petitioner\nNo. 469 MAL 2018\nSupreme Court of Pennsylvania.\nDecember 24, 2018\nORDER"
  },
  "file_name": "0861-03",
  "first_page_order": 861,
  "last_page_order": 861
}
