{
  "id": 9081897,
  "name": "Sherry B. FRANK, Appellant, v. Alan J. FRANK",
  "name_abbreviation": "Frank v. Frank",
  "decision_date": "2003-09-18",
  "docket_number": "",
  "first_page": "194",
  "last_page": "199",
  "citations": [
    {
      "type": "official",
      "cite": "833 A.2d 194"
    }
  ],
  "court": {
    "name_abbreviation": "Pa. Super. Ct.",
    "id": 8775,
    "name": "Superior Court of Pennsylvania"
  },
  "jurisdiction": {
    "id": 6,
    "name_long": "Pennsylvania",
    "name": "Pa."
  },
  "cites_to": [
    {
      "cite": "394 Pa.Super. 30",
      "category": "reporters:state",
      "reporter": "Pa. Super.",
      "case_ids": [
        879719
      ],
      "weight": 3,
      "year": 1990,
      "pin_cites": [
        {
          "page": "1157"
        }
      ],
      "opinion_index": 0,
      "case_paths": [
        "/pa-super/394/0030-01"
      ]
    },
    {
      "cite": "787 A.2d 436",
      "category": "reporters:state_regional",
      "reporter": "A.2d",
      "case_ids": [
        9454671
      ],
      "pin_cites": [
        {
          "page": "442"
        }
      ],
      "opinion_index": 0,
      "case_paths": [
        "/a2d/787/0436-01"
      ]
    },
    {
      "cite": "670 A.2d 714",
      "category": "reporters:state_regional",
      "reporter": "A.2d",
      "case_ids": [
        732367,
        7862903
      ],
      "year": 1996,
      "opinion_index": 0,
      "case_paths": [
        "/pa-super/448/0133-01",
        "/a2d/670/0714-01"
      ]
    },
    {
      "cite": "448 Pa.Super. 133",
      "category": "reporters:state",
      "reporter": "Pa. Super.",
      "case_ids": [
        732367
      ],
      "year": 1996,
      "opinion_index": 0,
      "case_paths": [
        "/pa-super/448/0133-01"
      ]
    },
    {
      "cite": "592 A.2d 1295",
      "category": "reporters:state_regional",
      "reporter": "A.2d",
      "year": 1991,
      "opinion_index": 0
    },
    {
      "cite": "527 Pa. 627",
      "category": "reporters:state",
      "reporter": "Pa.",
      "year": 1991,
      "opinion_index": 0
    },
    {
      "cite": "395 Pa.Super. 280",
      "category": "reporters:state",
      "reporter": "Pa. Super.",
      "case_ids": [
        881197
      ],
      "weight": 2,
      "year": 1990,
      "pin_cites": [
        {
          "page": "219"
        }
      ],
      "opinion_index": 0,
      "case_paths": [
        "/pa-super/395/0280-01"
      ]
    },
    {
      "cite": "657 A.2d 956",
      "category": "reporters:state_regional",
      "reporter": "A.2d",
      "case_ids": [
        717835,
        11941195
      ],
      "year": 1995,
      "pin_cites": [
        {
          "page": "958"
        }
      ],
      "opinion_index": 0,
      "case_paths": [
        "/pa-super/441/0341-01",
        "/a2d/657/0956-01"
      ]
    },
    {
      "cite": "441 Pa.Super. 341",
      "category": "reporters:state",
      "reporter": "Pa. Super.",
      "case_ids": [
        717835
      ],
      "year": 1995,
      "opinion_index": 0,
      "case_paths": [
        "/pa-super/441/0341-01"
      ]
    },
    {
      "cite": "777 A.2d 418",
      "category": "reporters:state_regional",
      "reporter": "A.2d",
      "case_ids": [
        11079601,
        124733
      ],
      "year": 2001,
      "pin_cites": [
        {
          "page": "435"
        }
      ],
      "opinion_index": 0,
      "case_paths": [
        "/a2d/777/0418-01",
        "/pa/565/0571-01"
      ]
    },
    {
      "cite": "565 Pa. 571",
      "category": "reporters:state",
      "reporter": "Pa.",
      "case_ids": [
        124733
      ],
      "year": 2001,
      "pin_cites": [
        {
          "page": "599"
        }
      ],
      "opinion_index": 0,
      "case_paths": [
        "/pa/565/0571-01"
      ]
    },
    {
      "cite": "631 A.2d 1008",
      "category": "reporters:state_regional",
      "reporter": "A.2d",
      "year": 1993,
      "opinion_index": 0
    },
    {
      "cite": "535 Pa. 637",
      "category": "reporters:state",
      "reporter": "Pa.",
      "year": 1993,
      "opinion_index": 0
    },
    {
      "cite": "419 Pa.Super. 597",
      "category": "reporters:state",
      "reporter": "Pa. Super.",
      "case_ids": [
        918225
      ],
      "weight": 2,
      "year": 1992,
      "pin_cites": [
        {
          "page": "801"
        }
      ],
      "opinion_index": 0,
      "case_paths": [
        "/pa-super/419/0597-01"
      ]
    },
    {
      "cite": "628 P.2d 575",
      "category": "reporters:state_regional",
      "reporter": "P.2d",
      "case_ids": [
        10438593
      ],
      "year": 1981,
      "opinion_index": 0,
      "case_paths": [
        "/p2d/628/0575-01"
      ]
    },
    {
      "cite": "560 P.2d 382",
      "category": "reporters:state_regional",
      "reporter": "P.2d",
      "case_ids": [
        10460278
      ],
      "year": 1977,
      "pin_cites": [
        {
          "page": "386",
          "parenthetical": "the child is the person most interested in litigation over his custody"
        }
      ],
      "opinion_index": 0,
      "case_paths": [
        "/p2d/560/0382-01"
      ]
    },
    {
      "cite": "429 S.E.2d 482",
      "category": "reporters:state_regional",
      "reporter": "S.E.2d",
      "year": 1993,
      "pin_cites": [
        {
          "page": "485",
          "parenthetical": "although child is \"technically not a party to the custody proceeding, the child is the subject of the custody hearing\""
        }
      ],
      "opinion_index": 0
    },
    {
      "cite": "16 Va.App. 314",
      "category": "reporters:state",
      "reporter": "Va. App.",
      "case_ids": [
        2320931
      ],
      "year": 1993,
      "pin_cites": [
        {
          "page": "318",
          "parenthetical": "although child is \"technically not a party to the custody proceeding, the child is the subject of the custody hearing\""
        }
      ],
      "opinion_index": 0,
      "case_paths": [
        "/va-app/16/0314-01"
      ]
    },
    {
      "cite": "311 So.2d 444",
      "category": "reporters:state_regional",
      "reporter": "So. 2d",
      "case_ids": [
        1741090,
        9653636
      ],
      "year": 1975,
      "pin_cites": [
        {
          "page": "446",
          "parenthetical": "even though child is not a party to custody modification proceeding, \"he may be said to have an interest therein\""
        }
      ],
      "opinion_index": 0,
      "case_paths": [
        "/ala-app/54/0620-01",
        "/so2d/311/0444-01"
      ]
    },
    {
      "cite": "54 Ala.App. 620",
      "category": "reporters:state",
      "reporter": "Ala. App.",
      "case_ids": [
        1741090
      ],
      "year": 1975,
      "pin_cites": [
        {
          "page": "623",
          "parenthetical": "even though child is not a party to custody modification proceeding, \"he may be said to have an interest therein\""
        }
      ],
      "opinion_index": 0,
      "case_paths": [
        "/ala-app/54/0620-01"
      ]
    },
    {
      "cite": "521 Pa. 82",
      "category": "reporters:state",
      "reporter": "Pa.",
      "case_ids": [
        1817454
      ],
      "weight": 2,
      "year": 1989,
      "pin_cites": [
        {
          "page": "86-87",
          "parenthetical": "citations omitted"
        },
        {
          "page": "795",
          "parenthetical": "citations omitted"
        }
      ],
      "opinion_index": 0,
      "case_paths": [
        "/pa/521/0082-01"
      ]
    },
    {
      "cite": "682 A.2d 1267",
      "category": "reporters:state_regional",
      "reporter": "A.2d",
      "case_ids": [
        466720,
        7873793,
        466629,
        7873733,
        466631,
        7873884
      ],
      "weight": 4,
      "year": 1996,
      "pin_cites": [
        {
          "page": "1270"
        },
        {
          "page": "1271"
        },
        {
          "page": "1271"
        },
        {
          "page": "1270"
        }
      ],
      "opinion_index": 0,
      "case_paths": [
        "/pa/546/0049-01",
        "/a2d/682/1267-02",
        "/pa/546/0048-01",
        "/a2d/682/1267-01",
        "/pa/546/0047-01",
        "/a2d/682/1267-03"
      ]
    },
    {
      "cite": "546 Pa. 49",
      "category": "reporters:state",
      "reporter": "Pa.",
      "case_ids": [
        466720
      ],
      "weight": 3,
      "year": 1996,
      "pin_cites": [
        {
          "page": "54"
        },
        {
          "page": "55"
        },
        {
          "page": "55"
        }
      ],
      "opinion_index": 0,
      "case_paths": [
        "/pa/546/0049-01"
      ]
    },
    {
      "cite": "346 A.2d 363",
      "category": "reporters:state_regional",
      "reporter": "A.2d",
      "year": 1976,
      "pin_cites": [
        {
          "parenthetical": "noting that we may \"uphold a decision below if there exists any proper basis for the result reached\""
        }
      ],
      "opinion_index": 0
    },
    {
      "cite": "237 Pa.Super. 48",
      "category": "reporters:state",
      "reporter": "Pa. Super.",
      "case_ids": [
        6770117
      ],
      "year": 1976,
      "pin_cites": [
        {
          "parenthetical": "noting that we may \"uphold a decision below if there exists any proper basis for the result reached\""
        }
      ],
      "opinion_index": 0,
      "case_paths": [
        "/pa-super/237/0048-01"
      ]
    }
  ],
  "analysis": {
    "cardinality": 842,
    "char_count": 16999,
    "ocr_confidence": 0.695,
    "pagerank": {
      "raw": 1.200202858645059e-07,
      "percentile": 0.5934400036450002
    },
    "sha256": "06636b00d286ba67ad3e7ddaa7b7405b796d4fb44914df94a8704428619a13eb",
    "simhash": "1:0deb40237c280df4",
    "word_count": 2844
  },
  "last_updated": "2024-02-27T22:17:12.401385+00:00",
  "provenance": {
    "date_added": "2019-08-29",
    "source": "Harvard",
    "batch": "2018"
  },
  "casebody": {
    "judges": [
      "Before: FORD ELLIOTT, MUSMANNO, and ORIE MELVIN, JJ."
    ],
    "parties": [
      "Sherry B. FRANK, Appellant, v. Alan J. FRANK."
    ],
    "opinions": [
      {
        "text": "FORD ELLIOTT, J.\n\u00b6 1 This is an appeal from the trial court\u2019s order of September 20, 2002 which denied the parties\u2019 minor sons, Carl, age 14, and the twins, Michael and Andrew, age 13, (\u201cthe boys\u201d) standing to intervene in their own custody action. After careful review of the pertinent statutes and case law, we affirm the order of the trial court although we base our decision on different grounds. See Weber v. Lynch, 237 Pa.Super. 48, 346 A.2d 363, 366 n. 6 (1976) (noting that we may \u201cuphold a decision below if there exists any proper basis for the result reached\u201d).\n\u00b6 2 The boys\u2019 Mother and Father (\u201cthe parents\u201d) were married on August 22, 1985, separated in September of 1997, and divorced on April 12, 2000. The parents have had shared physical custody of the boys on a weekly basis since the separation. Mother filed a petition for modification of custody, seeking primary physical custody of the boys, on November 7, 2001. An evidentiary hearing took place over several days, and the boys were interviewed on two separate occasions. On May 16, 2002, an order was entered continuing the shared physical custody arrangement.\n\u00b6 3 Mother filed a petition for reconsideration and clarification on May 30, 2002. The relief requested involved the right of the boys to practice and participate in religious activities and worship services. The petition was denied on June 10, 2002. Neither parent appealed.\n\u00b6 4 On August 2, 2002, the boys filed a petition for modification of custody and/or impose restrictions. In the petition, Mother was named guardian ad litem. The relief sought included granting Mother primary physical custody and permitting the boys to exercise their choice of religion. Father filed preliminary objections in which, among other things, he challenged the boys\u2019 standing to bring such an action. Oral argument was held on September 20, 2002. Following the hearing on Father\u2019s preliminary objections, the trial court determined the boys\u2019 petition to be a de facto request for intervention by the boys. The court dismissed the petition by finding the boys lacked standing to bring an action to intervene in their own custody matter. This appeal followed in which the following two issues are raised for our consideration:\nI. WHETHER THE LOWER COURT ERRED IN DISMISSING FOR LACK OF STANDING THE PETITION OF THREE MINOR CHILDREN, BY AND THROUGH THEIR NATURAL GUARDIAN, TO INTERVENE AND/OR TO MODIFY A CUSTODY ORDER GOVERNING THEIR PARENTS\u2019 EXERCISE OF CUSTODY AND PARTIAL CUSTODY RIGHTS OVER THEM.\nII. WHETHER THE LOWER COURT ERRED IN DISMISSING FOR LACK OF STANDING THE PETITION OF THREE MINOR CHILDREN, BY AND THROUGH THEIR NATURAL GUARDIAN, IN THEIR OWN CUSTODY CASE SEEKING TO MODIFY A PRIOR CUSTODY ORDER TO PROTECT THE EXERCISE OF THEIR FIRST AMENDMENT RIGHTS TO FREEDOM OF RELIGION, THE RIGHT TO ASSEMBLE AND FREEDOM OF SPEECH.\nBoys\u2019 brief at 3.\n\u00b6 5 Standing has been defined as having a substantial, direct, and immediate interest in the subject-matter litigation.\nA \u2018substantial\u2019 interest is an interest in the outcome of the litigation which surpasses the common interest of all citizens in procuring obedience to the law. A \u2018direct\u2019 interest requires a showing that the matter complained of caused harm to the party\u2019s interest. An \u2018immediate\u2019 interest involves the nature of the causal connection between the action complained of and the injury to the party challenging it and is shown where the interest the party seeks to protect is within the zone of interests sought to be protected by the statute or constitutional guarantee in question.\nKen R. On Behalf of C.R. v. Arthur Z., 546 Pa. 49, 54, 682 A.2d 1267, 1270 (1996), quoting South Whitehall Township Police Service v. South Whitehall Township, 521 Pa. 82, 86-87, 555 A.2d 793, 795 (1989) (citations omitted).\n\u00b6 6 In Ken R., supra, our supreme court held \u201cthat a sibling does not have standing to seek court ordered visitation with a minor sibling where not specifically authorized to do so by statute.\u201d Id. at 57, 682 A.2d at 1271. In reaching its decision to dismiss the boys\u2019 petition for lack of standing as well as to deny their de facto request for intervention, the trial court relied on Ken R. and stated:\nThe zone of interests sought to be protected in custody actions was defined by the General Assembly in 23 Pa.C.S. \u00a7 5301, which provides:\n[I]t is the public policy of this Commonwealth, when in the best interest of the child, to assure a reasonable and continuing contact of the child with both parents after a separation or dissolution of the marriage and the sharing of the rights and responsibilities of child rearing by both parents and continuing contact of the child or children with grandparents when a parent is deceased, divorced or separated.\n\u2018The statute recognizes the right of parents to raise their children as they see fit without unwarranted governmental intrusion.\u2019 Ken R. On Behalf of C.R. v. Arthur Z., 546 Pa. 49, 55, 682 A.2d 1267, 1271 (1996).\nThe Supreme Court of Pennsylvania in Ken R. On Behalf of C.R. v. Arthur Z., supra, addressed the scope of the zone of interests Section 5301 seeks to protect with regard to standing to pursue a custody action. In that case, an action was brought on behalf of a minor child seeking visitation with her half sisters. The Supreme Court held the minor child did not have standing to pursue visitation because her interests did not fall within the zone of interests protected by the statute. Ken R. On Behalf of C.R. v. Arthur Z., supra. The basis for the ruling was that the statute contained no provision protecting a child\u2019s interest in maintaining a relationship with his or her siblings. Ken R. On Behalf of C.R. v. Arthur Z., 546 Pa. at 55, 682 A.2d at 1270.\nA careful review of Section 5301 shows it does not contain any provision protecting a child\u2019s right to cho[o]se which parent he or she resides with or what religion the child practices in contravention of a parent\u2019s choice. To do so[] would constitute an unwarranted governmental intrusion into the rights of parents to raise their children as they see fit because it would make a court the final arbiter between parents and children. That role has not been authorized for courts by the General Assembly. Hence, the parties\u2019 minor sons do not have standing to pursue the action filed on their behalf.\nTrial court opinion, 12/5/02 at 4-6.\n\u00b6 7 We agree that Ken R. determined that a half-sister\u2019s interest in seeking visitation with her half-sisters was not within the zone of interests protected by 23 P.S. \u00a7 5301. The zone of interests protected by Section 5301 is the preservation of the relationship of parent and child, and to a limited degree grandparents and child, upon the dissolution of a marital/familial relationship. The interests of the half-sister in Ken R. were in conflict with those of her half-sisters\u2019 parents who were opposed to visitation. However, we cannot agree with the trial court\u2019s extension of this holding when it stated that the interests of the child who is the subject of the custody proceeding are beyond the zone of interests protected by Section 5301. To the contrary, the child is not only within the zone of interests for standing purposes, but the child\u2019s best interests define the interests of ah other parties to the proceedings.\n\u00b6 8 We recognize that there are no provisions under our Domestic Relations Code for children to bring their own custody lawsuits. Our statutes provide that parents, grandparents, certain non-relatives, and the state may represent the child\u2019s interests in custody actions. It is apparent that while a child may not be a named party in a custody suit, he or she certainly has an interest in the outcome of a custody proceeding. See, e.g., Leigh v. Aiken, 54 Ala.App. 620, 623, 311 So.2d 444, 446 (1975) (even though child is not a party to custody modification proceeding, \u201che may be said to have an interest therein\u201d); Verrocchio v. Verrocchio, 16 Va.App. 314, 318, 429 S.E.2d 482, 485 (1993) (although child is \u201ctechnically not a party to the custody proceeding, the child is the subject of the custody hearing\u201d); Veazey v. Veazey, 560 P.2d 382, 386 (Alaska 1977) (the child is the person most interested in litigation over his custody), overruled on other grounds, Deivert v. Oseira, 628 P.2d 575 (Alaska 1981). Hence, there is no need for a child to intervene in his or her own custody proceeding, and the boys\u2019 petition to intervene below is ineffectual as being redundant.\n\u00b6 9 All of the issues presented by the boys in the August 2, 2002 petition for modification are the very issues considered by the court in the earlier custody hearing and on reconsideration. The boys\u2019 interests regarding these issues were before the court; they were interviewed by the court; their parents, as their legal guardians, represented their interests; and the court was charged with protecting those interests above all else. All other considerations are subordinate to the child\u2019s best interests including the interests of the adults. Nonnenman v. Elshimy, 419 Pa.Super. 597, 615 A.2d 799, 801 (1992), appeal denied, 535 Pa. 637, 631 A.2d 1008 (1993).\n\u00b6 10 It seems clear to this court that Mother, acting now as guardian ad litem in filing the petition on behalf of the boys, is seeking to relitigate the trial court\u2019s denial of her petition for reconsideration raising these same claims. Murphy v. Duquesne University of the Holy Ghost, 565 Pa. 571, 599, 777 A.2d 418, 435 (2001) (holding that collateral estoppel applies when the issue decided in the prior adjudication was identical with the one presented in the later action; there was a final judgment on the merits; the party against whom the plea is asserted was a party or in privity with a party to the prior adjudication; and the party against whom it is asserted has had a full and fair opportunity to litigate the issue in question in the prior adjudication).\n\u00b6 11 In reaching its earlier decision to award shared physical custody, the trial court addressed the issue regarding parties\u2019 religious differences. The boys now claim \u201ctheir right to practice the religion of their choice (Christianity), their right to assemble and their freedom of speech were being abrogated by the shared custody arrangement set by the trial court.\u201d (Boys\u2019 brief at 7.) Furthermore, the boys claim that the trial court\u2019s ruling denying their petition to intervene \u201chandcuffs [their] attorney and undercuts the goal of the Custody Act which is designed to safeguard their best interests.\u201d (Id.) We disagree.\n\u00b6 12 The desires of a child, while not controlling, are a factor the court must consider. Myers v. DiDomenico, 441 Pa.Super. 341, 657 A.2d 956, 958 (1995). Instantly, the boys were interviewed twice resulting in the following findings of fact:\n41. When the boys were first interviewed, Carl and Michael indicated they wanted the shared custody to continue. Andrew wanted to spend more time with his mother.\n42. After the first hearing, the boys and their father had a falling out when he would not abide by their wishes. As a result, they prepared a joint plan of custody wherein the mother would have primary physical custody.\nTrial court opinion, 5/16/02 at 5.\n\u00b6 13 The trial court was very clear in conveying that Mother and Father have very different styles of parenting. (Id. at 3, finding # 16.) Mother treats the boys as if they were adults and gives them more freedom to make their own decisions. (Id., finding # 17, 19.) Father, on the other hand, is more of a traditional parent who does not give the boys the same freedom as their Mother does. (Id., finding # 20-21.) Based on the preceding, it is fairly easy to discern why the boys\u2019 custodial preference might be with Mother.\n\u00b6 14 A child\u2019s preference for one parent must be based on good reasons, and the child\u2019s maturity and intelligence must be taken into account. Myers, supra. The trial court explained: \u201cHaving tasted the freedom their mother gives them, the boys resent the fact their father does not give them the same freedom. This conflict explains why the boys changed their opinion regarding custody. They were upset that their father was not respecting their opinions.\u201d (Trial court opinion, 5/16/02 at 8.) The trial court, however, believed that both parents bring something different to the parenting of the boys that the other does not and to disrupt that process would harm them. (Id. at 8.)\n\u00b6 15 We also note that nowhere in the trial court\u2019s findings, discussion, or order does the court direct the practice of any particular religion. As we stated in Boylan v. Boylan, 395 Pa.Super. 280, 577 A.2d 218, 219 (1990), appeal denied, 527 Pa. 627, 592 A.2d 1295 (1991), overruled on other grounds, G.B. v. M.M.B., 448 Pa.Super. 133, 670 A.2d 714 (1996), a court must take a neutral stance when parents subject their children to different religions. Here, the court pointed out that Father did not favor the boys\u2019 conversion to Christianity and that religious differences have caused a conflict. (Trial court opinion, 5/16/02 at 2-3, finding # 10, 15.) The court further observed:\nThe religious differences between the parties continues to adversely affect the children. The father does not hide his displeasure over the boys\u2019 practice of Christianity. The mother is not as sensitive to the father\u2019s religious views as she should be. The [boys\u2019] baptism never should have occurred without the father\u2019s prior consent.\nId, at 8.\n\u00b6 16 It is a well-established principle that a court will not interfere with the religious preferences of either parent. Tripathi v. Tripathi, 787 A.2d 436, 442 (Pa.Super.2001). A court can place restrictions upon a parent\u2019s right to inculcate religious beliefs if there is competent evidence that the actions present a substantial threat of present or future physical or emotional harm. Zummo v. Zummo, 394 Pa.Super. 30, 574 A.2d 1130, 1157 (1990).\n\u00b6 17 In its May 16, 2002 order, the trial court directed \u201cthat each party will impress upon the children the need for religious tolerance and not permit any third party to attempt to teach them otherwise.\u201d (Trial court order, 5/16/02 at 12.) Here, there is no threat of present or future physical or emotional harm from the practice of two traditional religions, Judaism or Christianity. For children of divorce, exposure to parents\u2019 conflicting values, lifestyles, and religious beliefs may indeed cause doubts and stress. Stress, however, is not always harmful nor is it always to be avoided and protected against. Zummo, supra. Restrictions must be imposed sparingly. Therefore, we find no error or abuse of discretion on the part of the trial court when it urged tolerance of each parent\u2019s religious faith.\n\u00b6 18 The order of the trial court is affirmed.\n. According to the trial court\u2019s findings of fact, Father is Jewish. Mother converted to Judaism when the parties were married. After the parties separated, Mother left the Jewish faith. She is now a member of a Christian church. Father does not favor the children converting to Christianity. The boys apparently prefer Christianity, and Mother allowed the boys to be baptized without Father\u2019s consent. (Trial court opinion, 5/16/02 at 2.)\n. No record of this proceeding was made. (Trial court opinion, 5/16/02 at 3 n. 2.)\n. On February 3, 2003, an application for relief was filed by Mother as guardian of the boys. Prior to this date, Mother filed a request for correction or modification of the record with the trial court. The trial court denied the request, without a hearing. The relief sought by Mother included:\n(1) that the Superior Court order the trial court to correct the record transmitted to the Superior Court by placing in the record verification that the trial court directed that Carl Frank, Michael Frank and Andrew Frank be and are permitted to read their Christian Bibles and discuss Christianity in the privacy of their rooms while at Appellee/Defen-dant/Father\u2019s residence;\n(2) that the Superior Court enter an order recognizing that the trial court orally directed in Chambers and from the bench in open court that Appellee/De-fendant/Father allow Carl Frank, Michael Frank and Andrew Frank to read their Christian Bibles and discuss their Christian beliefs in the privacy of their rooms while at Appellee/Defendant/Fa-ther's resident; and\n(3)allow the parties to supplement their briefs to include argument on how the trial court directive impacts the issues pending in this appeal.\n\"Rule 1926 Application/Suggestion for Correction or Modification of Trial Court Record,\u201d 2/3/03 at 3 \u2014 4.\nThe boys\u2019 application for relief is denied. It is the obligation of the parties to insure that proceedings are made of record and transcribed.",
        "type": "majority",
        "author": "FORD ELLIOTT, J."
      }
    ],
    "attorneys": [
      "Richard A. Peterson and Christopher St. John, Greenville, for appellant.",
      "Margaret T. Lucas, Mercer, for appellant."
    ],
    "corrections": "",
    "head_matter": "Sherry B. FRANK, Appellant, v. Alan J. FRANK.\nSuperior Court of Pennsylvania.\nArgued May 13, 2003.\nFiled Sept. 18, 2003.\nRichard A. Peterson and Christopher St. John, Greenville, for appellant.\nMargaret T. Lucas, Mercer, for appellant.\nBefore: FORD ELLIOTT, MUSMANNO, and ORIE MELVIN, JJ."
  },
  "file_name": "0194-01",
  "first_page_order": 240,
  "last_page_order": 245
}
