{
  "id": 9085723,
  "name": "Katherine E. STINE, Petitioner, v. UNEMPLOYMENT COMPENSATION BOARD OF REVIEW, Respondent",
  "name_abbreviation": "Stine v. Unemployment Compensation Board of Review",
  "decision_date": "2003-10-16",
  "docket_number": "",
  "first_page": "1192",
  "last_page": "1197",
  "citations": [
    {
      "type": "official",
      "cite": "833 A.2d 1192"
    }
  ],
  "court": {
    "name_abbreviation": "Pa. Commw. Ct.",
    "id": 11887,
    "name": "Commonwealth Court of Pennsylvania"
  },
  "jurisdiction": {
    "id": 6,
    "name_long": "Pennsylvania",
    "name": "Pa."
  },
  "cites_to": [
    {
      "cite": "29 U.S.C. \u00a7 2801-2945",
      "category": "laws:leg_statute",
      "reporter": "U.S.C.",
      "year": 2003,
      "opinion_index": 0
    },
    {
      "cite": "116 Stat. 26",
      "category": "laws:leg_session",
      "reporter": "Stat.",
      "year": 2002,
      "opinion_index": 0
    },
    {
      "cite": "776 A.2d 331",
      "category": "reporters:state_regional",
      "reporter": "A.2d",
      "case_ids": [
        11080858
      ],
      "opinion_index": 0,
      "case_paths": [
        "/a2d/776/0331-01"
      ]
    },
    {
      "cite": "26 U.S.C. \u00a7 3306",
      "category": "laws:leg_statute",
      "reporter": "U.S.C.",
      "weight": 4,
      "pin_cites": [
        {
          "page": "(t)(l)"
        },
        {
          "page": "(t)(2)"
        },
        {
          "page": "(t)(2)(A) and (B)"
        },
        {
          "page": "(C)"
        }
      ],
      "opinion_index": 0
    }
  ],
  "analysis": {
    "cardinality": 632,
    "char_count": 17678,
    "ocr_confidence": 0.73,
    "pagerank": {
      "raw": 1.0531521401225892e-07,
      "percentile": 0.554561096033012
    },
    "sha256": "9dd14335aa323646d277c9abc52edbc45b62b0eef5742a8b3b375b94bde04b04",
    "simhash": "1:7055d685dd061fee",
    "word_count": 2755
  },
  "last_updated": "2024-02-27T22:17:12.401385+00:00",
  "provenance": {
    "date_added": "2019-08-29",
    "source": "Harvard",
    "batch": "2018"
  },
  "casebody": {
    "judges": [
      "BEFORE: COLINS, President Judge, McGINLEY, Judge, and McCLOSKEY, Senior Judge."
    ],
    "parties": [
      "Katherine E. STINE, Petitioner, v. UNEMPLOYMENT COMPENSATION BOARD OF REVIEW, Respondent."
    ],
    "opinions": [
      {
        "text": "OPINION BY\nSenior Judge McCLOSKEY.\nKatherine E. Stine (Petitioner) petitions for review of an order of the Unemployment Compensation Board of Review (Board), dated September 26, 2002, affirming the decision of an Unemployment Compensation Referee (the Referee), thereby denying Temporary Extended Unemployment Compensation (TEUC) benefits to Petitioner. We now reverse.\nPetitioner is an attorney who was laid off from her employment on September 30, 2000. On October 1, 2000, she filed an application for unemployment compensation (UC) benefits, which was ultimately approved. Petitioner exhausted those benefits in April of 2001. During the period from September 20, 2000, through December 31, 2001, Petitioner held several part-time positions as an attorney and as an instructor at Penn State Mont Alto.\nOn or about January 6, 2002, Petitioner filed a claim for UC benefits based on the wages she had earned from September 20, 2000 through December 31, 2001. On January 16, 2002, Petitioner was found to be financially eligible for UC benefits at a weekly benefit rate of $113.00.\nOn February 6, 2002, Petitioner elected to participate in the Self Employment Assistance Program (SEA Program). In connection with that election, Petitioner executed a document entitled \u201cThe Self Employment Assistance Program (SEA) Participation Agreement\u201d (the SEA Agreement). According to the language of the SEA Agreement, Petitioner\u2019s execution of the document represented her \u201cofficial acceptance into the SEA Program.\u201d The SEA Agreement required Petitioner, in part, to participate in self-employment activities, report her income from self-employment activities or other employment, and devote her full-time activities to starting her own business. Income from Petitioner\u2019s self-employment activities was not deductible from her SEA allowance, although income from other employment could be deductible. Under the terms of the SEA Agreement, Petitioner did not have to accept an offer of suitable employment. On the same date that Petitioner executed the SEA Agreement, she signed a certification that she was provided certain information about the SEA Program and its requirements.\nPetitioner exhausted her SEA allowance the week ending July 13, 2002. On July 16, 2002, Petitioner received notification that she was financially eligible for TEUC benefits. The notice stated \u201c[t]his certifies that you are ineligible for regular UC benefits at this time.\u201d Thereafter, Petitioner filed a claim for TEUC benefits.\nBy notice of determination dated August 22, 2002, the Unemployment Compensation Service Center denied Petitioner\u2019s claim for TEUC benefits. Petitioner appealed the notice of determination. A hearing was conducted on September 24, 2002, before the Referee. By decision dated September 26, 2002, the Referee affirmed the notice of determination. Petitioner then timely appealed the Referee\u2019s decision. By order dated November 15, 2002, the Board affirmed the decision of the Referee.\nOn appeal, Petitioner argues that the Board erred when it affirmed the determination that she had failed to exhaust her UC benefits and was, therefore, ineligible for TEUC benefits. Respondent argues that because the SEA allowance was paid \u201cin lieu of\u2019 unemployment compensation benefits, Petitioner has not exhausted her regular unemployment compensation benefits. Petitioner also argues that she was not a \u201cdislocated worker\u201d under the SEA Program and, therefore, she was not prohibited from receiving TEUC benefits under the terms of the SEA Agreement. To the contrary, Respondent contends that Petitioner is a \u201cdislocated worker\u201d such that she is not entitled to TEUC benefits pursuant to the SEA Agreement.\nWith regard to Petitioner\u2019s first argument, Petitioner seeks benefits under the Temporary Extended Unemployment Compensation Act of 2002 (the TEUC Act of 2002). The TEUC Act of 2002 permits a State to enter into and participate in an agreement with the Secretary of Labor whereby the State will make payment of TEUC benefits to eligible individuals. Under the TEUC Act of 2002, TEUC benefits are payable to individuals who have exhausted all rights to regular compensation under State law or under Federal law with respect to a benefit year (excluding any benefit year ending prior to March 15, 2001) and have no rights to regular compensation or extended compensation with respect to a week under any State or Federal unemployment compensation or other law. See Section 202(b)(1) and (2) of the TEUC Act of 2002.\nSection 202(c) of the TEUC Act of 2002 defines \u201cexhaustion of benefits\u201d as follows:\nFor purposes of subsection (b)(1), an individual shall be deemed to have exhausted such individual\u2019s rights to regular compensation under a State law when\n(1) no payments of regular compensation can be made under such law because such individual has received all regular compensation available to such individual based on employment or wages during such individual\u2019s base period; or\n(2) such individual\u2019s rights to such compensation have been terminated by reason of the expiration of the benefit year with respect to which such rights existed.\nWith regard to the SEA Program in which Petitioner participated, federal and State law provides that an individual who meets certain requirements is eligible to participate in an SEA Program and to receive an allowance in lieu of regular UC benefits under the State law for the purpose of assisting such individuals in establishing a business and becoming self-employed. See 26 U.S.C. \u00a7 3306(t)(l), and Section 2 of the SEA Act, 43 P.S. \u00a7 920.2. The SEA allowance is \u201cpayable in the same amount, at the same interval, on the same terms, and subject to the same conditions, as regular\u201d UC benefits. 26 U.S.C. \u00a7 3306(t)(2), and Section 5(a) of the SEA Act, 43 P.S. \u00a7 920.5(a). An individual participating in the SEA Program is not subject to requirements relating to availability for work, active search for work, and refusal to accept work, and, in addition, State requirements relating to disqualifying income are not applicable to income earned from self-employment by such individuals. 26 U.S.C. \u00a7 3306(t)(2)(A) and (B), Section 5(a)(1) and (2) of the SEA Act, 43 P.S. \u00a7 920.(5)(a)(l) and (2). In addition, the sum of the allowances paid under the SEA Act and regular UC benefits paid with respect to any benefit year cannot exceed the maximum amount payable for the benefit year. Section 4 of the SEA Act, 43 P.S. \u00a7 920.4.\nThe federal law specifically provides that individuals receiving SEA allowances \u201care considered to be unemployed for the purposes of Federal and State laws applicable to unemployment compensation.\u201d 26 U.S.C. \u00a7 3306(C). Similarly, the SEA Act specifically provides that \u201cexcept where inconsistent with this act, all terms and conditions of Federal law and the Unemployment Compensation Law applicable to regular benefits shall be applicable to self-employment assistance allowances under this act.\u201d Section 9 of the SEA Act, 43 P.S. \u00a7 920.9.\nUnder the statutory law, SEA benefits are to be treated in a manner similar to UC benefits. Nothing in the statutes specifically prohibits an individual from receiving TEUC benefits after completing an SEA Program. According to the SEA Agreement, an individual who terminates participation in the SEA Program, even after substantial completion, would be eligible for \u201cremaining\u201d UC benefits. In those termination situations, the weeks during which the individual participated in the SEA Program and received an allowance are considered equivalent to weeks during which an individual received UC benefits for purposes of determining the number of weeks of eligibility for remaining UC benefits. Hence, it is only reasonable to conclude that for purposes of determining exhaustion of UC benefits, weeks during which an individual received UC benefits or an allowance under the SEA Program are also considered to be equivalent. Therefore, one must consider the total number of weeks during which the individual received either UC benefits or the allowance under the SEA Program. Otherwise, an individual would be penalized for completing the SEA Program. Applying such an analysis to the facts at hand, we conclude that Petitioner exhausted her UC benefits for purposes of determining eligibility for TEUC benefits.\nPetitioner next argues that she is not a \u201cdislocated worker\u201d and, therefore, she is not prohibited by the terms of the SEA Agreement from receiving TEUC benefits. Based upon the SEA Handbook that Petitioner received, Respondent argues that Petitioner is a \u201cdislocated worker,\u201d and as such, is not entitled to TEUC benefits.\nNeither the TEUC Act of 2002 nor the SEA Act define or even refer to the term \u201cdislocated worker.\u201d However, the SEA Agreement that Petitioner signed contained the following language: \u201cIf I am a Dislocated Worker participating in the SEA Program, I will not be eligible for any extended or emergency unemployment (UC) benefits, should they become available.\u201d The SEA Agreement also does not define the term \u201cdislocated worker,\u201d and it fails to in any way identify those individuals who are to be considered \u201cdislocated workers\u201d for purposes of TEUC benefits.\nWhile the SEA Handbook makes reference to the term \u201cdislocated worker,\u201d its language is vague and ambiguous. The SEA Handbook provides, in one section, as follows:\nThe general guidelines for eligibility consideration for SEA Intensive services include 1) Eligibility for WIA services which is income based 2) Workforce status as a dislocated worker who is receiving Unemployment Compensation Insurance Benefit recipients [sic] or has been profiled for reemployment services.\nIn addition, the SEA Handbook provides a chart which sets forth \u201ca recap of the eligibility requirements and the customer classifications affiliated\u201d with the SEA Program. The chart identifies three \u201ccustomer classifications\u201d as Workforce Investment Act, Dislocated Worker, and Unemployment Compensation \u201cProfiled\u201d Claim Recipient. \u201cDislocated Worker\u201d is defined as a person \u201c18 years of age or older and recently lost their job through no fault of their own and has received notice of termination from the company.\u201d \u201cUnemployment Compensation Profiled Claim Recipient\u201d is defined as \u201c18 years of age, unemployed and be determined eligible for SEA services. Must file for unemployment Compensation (UC), be financially eligible and meet all other UC criteria. Must have received at least 1 but no more than 10 weeks of benefits on current claim of benefits.\u201d No other discussion is included regarding the term \u201cdislocated worker.\u201d No where does the SEA Handbook address eligibility for TEUC benefits.\nBased on the above, Petitioner contends that there are three distinct customer classifications, and that she is in the classification related to \u201cprofiled\u201d recipients. Respondent does not dispute that Petitioner was \u201cprofiled.\u201d Rather, Respondent argues that the SEA Program creates two types of dislocated workers, and that the profiled recipient classification is just one type of dislocated worker. Notwithstanding that argument, Respondent contends that Petitioner also meets the definition of dislocated worker as set forth in the chart.\nBased upon our review of the relevant language of the SEA Handbook, we conclude that it is vague and ambiguous. By no means is the language clear as to whether an individual who has been profiled is considered to be a dislocated worker. Given that the relevant statutory law provides no guidance for determining the meaning of \u201cdislocated worker,\u201d nor does the statutory law cited above even provide that \u201cdislocated workers\u201d would be ineligible for TEUC benefits, and given that the SEA Agreement does not sufficiently identify those individuals who are to be considered \u201cdislocated workers\u201d for purposes of ineligibility for TEUC benefits, we cannot conclude that Petitioner was a dislocated worker such that she is ineligible for TEUC benefits.\nAccordingly, for the reasons set forth above, we reverse the order of the Board.\nORDER\nAND NOW, this 16th, day of October, 2003, the order of the Unemployment Compensation Board of Review, dated September 26, 2002, is reversed.\n. As a general rule, individuals engaged in self-employment activities are excluded from receiving unemployment compensation. See Section 402(h) of the Unemployment Compensation Law, Act of December 5, 1936, Second Ex.Sess., P.L. (1937) 2897, 43 P.S. \u00a7 802(h). However, in 1997, following the passage of similar legislation by the federal government, the Commonwealth of Pennsylvania enacted the Self-Employment Assistance Program Act (the SEA Act), which allows participating individuals to receive an allowance while engaging in self-employment activities. The Self-Employment Assistance Program Act, Act of November 26, 1997, P.L. 504, as amended, 43 P.S. \u00a7\u00a7 920.1-920.12.\n. The SEA Agreement contained the following paragraphs:\nI will submit a SEA Program Withdrawal Form at any time I believe that I must withdraw from the SEA Program, or if terminated because of non-compliance with the SEA Program requirements or activities. If I withdraw from the SEA Program I will once again become eligible to collect my remaining amount of UC benefits and will be required to once again maintain all requirements for UC eligibility and any activity in self-employment would than [sic] result in loss of benefits.\nI can only participate in the SEA Program one time. If I withdraw, or am terminated from the SEA Program, I will not be eligible to participate for the remainder of the program year.\n. The Unemployment Compensation Service Center found that Petitioner had not exhausted all her regular UC benefits; that the benefit year corresponding to her claim for regular UC benefits ended on or before March 10, 2001; that she received the maximum amount of TEUC benefits payable to her; and that she elected to receive SEA allowance in lieu of regular UC benefits. For those reasons, it determined that she was not entitled to TEUC benefits.\n. The Board stated only that the decision was \"proper under the Unemployment Compensation Law and in accordance with the precedent rulings established and the interpretation thereof.\u201d\n. This Court\u2019s scope of review in unemployment compensation cases is limited to determining whether constitutional rights were violated, whether errors of law were committed or whether findings of fact were supported by substantial evidence. Kelly v. Unemployment Compensation Board of Review, 776 A.2d 331 (Pa.Cmwlth.2001).\n. The Temporary Extended Unemployment Compensation Act of 2002, Title II, Pub.L. 107-147, 116 Stat. 26 (2002).\n. See Section 202(a) and (b) of the TEUC Act.\n. Additionally, in order for an individual to be eligible for TEUC benefits, the individual may not be receiving compensation with respect to such week under the unemployment compensation law of Canada and must have filed an initial claim for compensation on or after March 15, 2001. See Section 202(b)(3) and (4) of the TEUC Act of 2002.\n.Respondent relies upon Unemployment Insurance Program Letter No. 18-02 (UIPL), issued by the United States Department of Labor on March 19, 2002. That letter included an attachment, entitled \"Questions and Answers for Clarification of Title II of Public Law 107-147,\u201d that answered questions concerning the TEUC program. Question and answer number 14 read:\n14. Self-Employment Assistance\na. Question: May TEUC be paid to individuals participating in a self-employment assistance (SEA) program?\nAnswer: No. SEA is payable to individuals \u201cin lieu of\u201d regular UC (Section 3306(t)(l) of the Federal Unemployment Tax Act), which means they have not, in effect, exhausted regular compensation. As explained in UIPL 14 \u2014 94,\nIndividuals who have exhausted regular UC are ineligible for SEA allowances. Individuals may not receive SEA allowances in lieu of Federal-State extended benefits (EB), additional benefits (AB) entirely financed by the state, any wholly funded Federal extension of UC, or other types of compensation not meeting the definition of regular UC.\nHowever, if the individual has been terminated from or voluntarily left the SEA program, and if otherwise eligible, the individual may be paid TEUC since the individual is an exhaustee for TEUC qualifying purposes.\nWe disagree that the UIPL even addresses the issue presented in this case, as it relates to individuals \"participating\u201d in the SEA Program, not individuals who previously participated in the SEA Program. Of course individuals who are participating in the SEA Program are prohibited from simultaneously receiving an SEA allowance (in lieu of UC benefits) and TEUC benefits. However, such a prohibition does not automatically extend to those who previously participated in the SEA Program.\n. The sentence from the SEA Handbook states \"[i]f I am a dislocated worker,\u201d which suggests that not all participants in the SEA Program are dislocated workers.\n. \"WIA\u201d stands for \"Workforce Investment Act,\u201d 29 U.S.C. \u00a7 2801-2945 (2003).\n. The interpretations of the language of the SEA Handbook offered by Petitioner and Respondent are both plausible. It is certainly not clear from the language how the eligible participants are to be classified, and, without explanation, it appears that some classifications may be overlapping.",
        "type": "majority",
        "author": "Senior Judge McCLOSKEY."
      }
    ],
    "attorneys": [
      "Katherine E. Stine, Altoona, for petitioner.",
      "Judith M. Gilroy, Harrisburg, for respondent."
    ],
    "corrections": "",
    "head_matter": "Katherine E. STINE, Petitioner, v. UNEMPLOYMENT COMPENSATION BOARD OF REVIEW, Respondent.\nCommonwealth Court of Pennsylvania.\nArgued Sept. 8, 2003.\nDecided Oct. 16, 2003.\nKatherine E. Stine, Altoona, for petitioner.\nJudith M. Gilroy, Harrisburg, for respondent.\nBEFORE: COLINS, President Judge, McGINLEY, Judge, and McCLOSKEY, Senior Judge."
  },
  "file_name": "1192-01",
  "first_page_order": 1228,
  "last_page_order": 1233
}
