{
  "id": 7949230,
  "name": "Vasco SILVEIRA et al. v. Emanuel SANTOS",
  "name_abbreviation": "Silveira v. Santos",
  "decision_date": "1983-06-03",
  "docket_number": "No. 82-237-M.P.",
  "first_page": "413",
  "last_page": "413",
  "citations": [
    {
      "type": "official",
      "cite": "461 A.2d 413"
    }
  ],
  "court": {
    "name_abbreviation": "R.I.",
    "id": 10179,
    "name": "Supreme Court of Rhode Island"
  },
  "jurisdiction": {
    "id": 15,
    "name_long": "Rhode Island",
    "name": "R.I."
  },
  "cites_to": [],
  "analysis": {
    "cardinality": 45,
    "char_count": 343,
    "ocr_confidence": 0.773,
    "sha256": "a968855dda0726979df7d9c0a7c77992999cc1be01a92d1984f277b33e725d47",
    "simhash": "1:d93218b48950f953",
    "word_count": 52
  },
  "last_updated": "2023-07-14T16:54:23.476756+00:00",
  "provenance": {
    "date_added": "2019-08-29",
    "source": "Harvard",
    "batch": "2018"
  },
  "casebody": {
    "judges": [],
    "parties": [
      "Vasco SILVEIRA et al. v. Emanuel SANTOS."
    ],
    "opinions": [
      {
        "text": "ORDER\nSince the plaintiffs\u2019 motion to affirm was denied on the merits, and not because of any procedural defect, plaintiffs\u2019 motion for reconsideration is denied.",
        "type": "majority",
        "author": null
      }
    ],
    "attorneys": [
      "Larry Dub, Providence, for plaintiff.",
      "Carolyn Barone, Warwick, for defendant."
    ],
    "corrections": "",
    "head_matter": "Vasco SILVEIRA et al. v. Emanuel SANTOS.\nNo. 82-237-M.P.\nSupreme Court of Rhode Island.\nJune 3, 1983.\nLarry Dub, Providence, for plaintiff.\nCarolyn Barone, Warwick, for defendant."
  },
  "file_name": "0413-02",
  "first_page_order": 463,
  "last_page_order": 463
}
