{
  "id": 12491698,
  "name": "CHASE v. CHASE",
  "name_abbreviation": "Chase v. Chase",
  "decision_date": "2017-12-15",
  "docket_number": "Pet. Docket No. 318, Sept. Term, 2017",
  "first_page": "142",
  "last_page": "142",
  "citations": [
    {
      "type": "official",
      "cite": "175 A.3d 142"
    },
    {
      "type": "parallel",
      "cite": "456 Md. 506"
    }
  ],
  "court": {
    "name_abbreviation": "Md. App. Ct.",
    "id": 25266,
    "name": "Court of Appeals of Maryland"
  },
  "jurisdiction": {
    "id": 50,
    "name_long": "Maryland",
    "name": "Md."
  },
  "cites_to": [],
  "analysis": {
    "cardinality": 20,
    "char_count": 145,
    "sha256": "c3e9e6089bc53e1ca5de1575ae0e54b696a1facb431c616155f5b79c82d5f843",
    "simhash": "1:176252508509d8a1",
    "word_count": 24
  },
  "last_updated": "2021-08-27T20:57:29.057506+00:00",
  "provenance": {
    "date_added": "2021-08-27",
    "source": "Fastcase",
    "batch": "2021"
  },
  "casebody": {
    "judges": [],
    "parties": [
      "CHASE\nv.\nCHASE"
    ],
    "opinions": [
      {
        "text": "",
        "type": "majority",
        "author": null
      }
    ],
    "attorneys": [
      "Petition for writ of certiorari dismissed."
    ],
    "corrections": "",
    "head_matter": "CHASE\nv.\nCHASE\nPet. Docket No. 318, Sept. Term, 2017\nCourt of Appeals of Maryland.\nDecember 15, 2017\nPetition for writ of certiorari dismissed."
  },
  "file_name": "0142-03",
  "first_page_order": 142,
  "last_page_order": 142
}
