{
  "id": 12491703,
  "name": "GROSS, Reggie Antwan v. STATE of Maryland",
  "name_abbreviation": "Gross v. State",
  "decision_date": "2017-12-15",
  "docket_number": "Pet. Docket No. 332, Sept. Term, 2017",
  "first_page": "143",
  "last_page": "143",
  "citations": [
    {
      "type": "official",
      "cite": "175 A.3d 143"
    },
    {
      "type": "parallel",
      "cite": "456 Md. 508"
    }
  ],
  "court": {
    "name_abbreviation": "Md. App. Ct.",
    "id": 25266,
    "name": "Court of Appeals of Maryland"
  },
  "jurisdiction": {
    "id": 50,
    "name_long": "Maryland",
    "name": "Md."
  },
  "cites_to": [],
  "analysis": {
    "cardinality": 23,
    "char_count": 169,
    "sha256": "f26678e70e0435e28fb8ea0b3f2700cb96107259f128ac1c8eca037c37a6fc62",
    "simhash": "1:29c2c6e8a2094521",
    "word_count": 28
  },
  "last_updated": "2021-08-27T20:57:29.057506+00:00",
  "provenance": {
    "date_added": "2021-08-27",
    "source": "Fastcase",
    "batch": "2021"
  },
  "casebody": {
    "judges": [],
    "parties": [
      "GROSS, Reggie Antwan\nv.\nSTATE of Maryland"
    ],
    "opinions": [
      {
        "text": "",
        "type": "majority",
        "author": null
      }
    ],
    "attorneys": [
      "Petition for writ of certiorari denied."
    ],
    "corrections": "",
    "head_matter": "GROSS, Reggie Antwan\nv.\nSTATE of Maryland\nPet. Docket No. 332, Sept. Term, 2017\nCourt of Appeals of Maryland.\nDecember 15, 2017\nPetition for writ of certiorari denied."
  },
  "file_name": "0143-04",
  "first_page_order": 143,
  "last_page_order": 143
}
