{
  "id": 8047551,
  "name": "Marie OTTMAN v. Dean FISHER et al.",
  "name_abbreviation": "Ottman v. Fisher",
  "decision_date": "1974-04-30",
  "docket_number": "",
  "first_page": "56",
  "last_page": "64",
  "citations": [
    {
      "type": "official",
      "cite": "319 A.2d 56"
    }
  ],
  "court": {
    "name_abbreviation": "Me.",
    "id": 9543,
    "name": "Maine Supreme Judicial Court"
  },
  "jurisdiction": {
    "id": 42,
    "name_long": "Maine",
    "name": "Me."
  },
  "cites_to": [
    {
      "cite": "42 U.S.C.A. \u00a7 601",
      "category": "laws:leg_statute",
      "reporter": "U.S.C.",
      "weight": 2,
      "opinion_index": 0
    },
    {
      "cite": "42 U.S.C.A. \u00a7 606",
      "category": "laws:leg_statute",
      "reporter": "U.S.C.",
      "weight": 2,
      "pin_cites": [
        {
          "page": "(a)"
        },
        {
          "page": "(a)"
        }
      ],
      "opinion_index": 0
    },
    {
      "cite": "397 U.S. 280",
      "category": "reporters:federal",
      "reporter": "U.S.",
      "case_ids": [
        12052772
      ],
      "weight": 3,
      "year": 1970,
      "opinion_index": 0,
      "case_paths": [
        "/us/397/0280-01"
      ]
    },
    {
      "cite": "310 A.2d 736",
      "category": "reporters:state_regional",
      "reporter": "A.2d",
      "case_ids": [
        8037687
      ],
      "weight": 3,
      "year": 1973,
      "pin_cites": [
        {
          "page": "746"
        },
        {
          "page": "746"
        }
      ],
      "opinion_index": 0,
      "case_paths": [
        "/a2d/310/0736-01"
      ]
    },
    {
      "cite": "394 U.S. 618",
      "category": "reporters:federal",
      "reporter": "U.S.",
      "case_ids": [
        6177874
      ],
      "weight": 3,
      "year": 1969,
      "pin_cites": [
        {
          "page": "1327"
        },
        {
          "page": "611"
        }
      ],
      "opinion_index": 0,
      "case_paths": [
        "/us/394/0618-01"
      ]
    },
    {
      "cite": "374 U.S. 398",
      "category": "reporters:federal",
      "reporter": "U.S.",
      "case_ids": [
        8490
      ],
      "weight": 3,
      "year": 1963,
      "opinion_index": 0,
      "case_paths": [
        "/us/374/0398-01"
      ]
    },
    {
      "cite": "357 U.S. 513",
      "category": "reporters:federal",
      "reporter": "U.S.",
      "case_ids": [
        6164109
      ],
      "weight": 3,
      "year": 1958,
      "opinion_index": 0,
      "case_paths": [
        "/us/357/0513-01"
      ]
    },
    {
      "cite": "350 U.S. 551",
      "category": "reporters:federal",
      "reporter": "U.S.",
      "case_ids": [
        12034225
      ],
      "weight": 2,
      "year": 1956,
      "opinion_index": 0,
      "case_paths": [
        "/us/350/0551-01"
      ]
    },
    {
      "cite": "100 L.Ed. 692",
      "category": "reporters:federal",
      "reporter": "L. Ed.",
      "year": 1956,
      "opinion_index": 0
    },
    {
      "cite": "397 U.S. 254",
      "category": "reporters:federal",
      "reporter": "U.S.",
      "case_ids": [
        12052726
      ],
      "weight": 6,
      "pin_cites": [
        {
          "page": "262"
        },
        {
          "page": "1017"
        },
        {
          "page": "295-296"
        },
        {
          "page": "256"
        },
        {
          "page": "292"
        }
      ],
      "opinion_index": 0,
      "case_paths": [
        "/us/397/0254-01"
      ]
    },
    {
      "cite": "42 U.S.C.A. \u00a7 604",
      "category": "laws:leg_statute",
      "reporter": "U.S.C.",
      "weight": 2,
      "opinion_index": 0
    },
    {
      "cite": "392 U.S. 309",
      "category": "reporters:federal",
      "reporter": "U.S.",
      "case_ids": [
        6171069
      ],
      "weight": 8,
      "year": 1968,
      "pin_cites": [
        {
          "page": "316"
        },
        {
          "page": "1125"
        },
        {
          "page": "318"
        },
        {
          "page": "2134"
        },
        {
          "page": "1126"
        }
      ],
      "opinion_index": 0,
      "case_paths": [
        "/us/392/0309-01"
      ]
    },
    {
      "cite": "397 U.S. 397",
      "category": "reporters:federal",
      "reporter": "U.S.",
      "case_ids": [
        12054712
      ],
      "weight": 3,
      "pin_cites": [
        {
          "page": "406"
        },
        {
          "page": "452"
        }
      ],
      "opinion_index": 0,
      "case_paths": [
        "/us/397/0397-01"
      ]
    },
    {
      "cite": "404 U.S. 282",
      "category": "reporters:federal",
      "reporter": "U.S.",
      "case_ids": [
        6172598
      ],
      "weight": 8,
      "year": 1971,
      "pin_cites": [
        {
          "page": "286"
        },
        {
          "page": "505"
        },
        {
          "page": "453"
        }
      ],
      "opinion_index": 0,
      "case_paths": [
        "/us/404/0282-01"
      ]
    },
    {
      "cite": "406 U.S. 598",
      "category": "reporters:federal",
      "reporter": "U.S.",
      "case_ids": [
        6172556
      ],
      "weight": 6,
      "year": 1972,
      "pin_cites": [
        {
          "page": "600"
        },
        {
          "page": "1934"
        },
        {
          "page": "355"
        }
      ],
      "opinion_index": 0,
      "case_paths": [
        "/us/406/0598-01"
      ]
    },
    {
      "cite": "449 F.2d 456",
      "category": "reporters:federal",
      "reporter": "F.2d",
      "case_ids": [
        799305
      ],
      "year": 1971,
      "opinion_index": 0,
      "case_paths": [
        "/f2d/449/0456-01"
      ]
    },
    {
      "cite": "405 U.S. 919",
      "category": "reporters:federal",
      "reporter": "U.S.",
      "case_ids": [
        11728226,
        11728099,
        11727846,
        11728167,
        11727949,
        11727728,
        11727990,
        11728056,
        11727802,
        11727902
      ],
      "year": 1972,
      "opinion_index": 0,
      "case_paths": [
        "/us/405/0919-10",
        "/us/405/0919-08",
        "/us/405/0919-03",
        "/us/405/0919-09",
        "/us/405/0919-05",
        "/us/405/0919-01",
        "/us/405/0919-06",
        "/us/405/0919-07",
        "/us/405/0919-02",
        "/us/405/0919-04"
      ]
    },
    {
      "cite": "92 S.Ct. 945",
      "category": "reporters:federal",
      "reporter": "S. Ct.",
      "year": 1972,
      "opinion_index": 0
    },
    {
      "cite": "30 L.Ed.2d 789",
      "category": "reporters:federal",
      "reporter": "L. Ed. 2d",
      "year": 1972,
      "opinion_index": 0
    },
    {
      "cite": "300 F.Supp. 409",
      "category": "reporters:federal",
      "reporter": "F. Supp.",
      "case_ids": [
        5437601
      ],
      "opinion_index": 0,
      "case_paths": [
        "/f-supp/300/0409-01"
      ]
    },
    {
      "cite": "396 U.S. 5",
      "category": "reporters:federal",
      "reporter": "U.S.",
      "case_ids": [
        11325578,
        11325662
      ],
      "year": 1969,
      "opinion_index": 0,
      "case_paths": [
        "/us/396/0005-01",
        "/us/396/0005-02"
      ]
    },
    {
      "cite": "90 S.Ct. 25",
      "category": "reporters:federal",
      "reporter": "S. Ct.",
      "year": 1969,
      "opinion_index": 0
    },
    {
      "cite": "24 L.Ed.2d 5",
      "category": "reporters:federal",
      "reporter": "L. Ed. 2d",
      "year": 1969,
      "opinion_index": 0
    },
    {
      "cite": "288 A.2d 463",
      "category": "reporters:state_regional",
      "reporter": "A.2d",
      "case_ids": [
        4673109
      ],
      "year": 1972,
      "opinion_index": 0,
      "case_paths": [
        "/vt/130/0176-01"
      ]
    },
    {
      "cite": "363 F.Supp. 823",
      "category": "reporters:federal",
      "reporter": "F. Supp.",
      "case_ids": [
        3495636
      ],
      "weight": 2,
      "pin_cites": [
        {
          "page": "826"
        }
      ],
      "opinion_index": 0,
      "case_paths": [
        "/f-supp/363/0823-01"
      ]
    },
    {
      "cite": "493 F.2d 54",
      "category": "reporters:federal",
      "reporter": "F.2d",
      "case_ids": [
        198774
      ],
      "opinion_index": 0,
      "case_paths": [
        "/f2d/493/0054-01"
      ]
    },
    {
      "cite": "363 F.Supp. 1293",
      "category": "reporters:federal",
      "reporter": "F. Supp.",
      "case_ids": [
        3496484
      ],
      "opinion_index": 0,
      "case_paths": [
        "/f-supp/363/1293-01"
      ]
    },
    {
      "cite": "364 F.Supp. 123",
      "category": "reporters:federal",
      "reporter": "F. Supp.",
      "case_ids": [
        3500928
      ],
      "opinion_index": 0,
      "case_paths": [
        "/f-supp/364/0123-01"
      ]
    },
    {
      "cite": "358 F.Supp. 1147",
      "category": "reporters:federal",
      "reporter": "F. Supp.",
      "case_ids": [
        3478673
      ],
      "weight": 3,
      "pin_cites": [
        {
          "page": "1154"
        }
      ],
      "opinion_index": 0,
      "case_paths": [
        "/f-supp/358/1147-01"
      ]
    },
    {
      "cite": "354 F.Supp. 620",
      "category": "reporters:federal",
      "reporter": "F. Supp.",
      "case_ids": [
        3460741
      ],
      "year": 1973,
      "opinion_index": 0,
      "case_paths": [
        "/f-supp/354/0620-01"
      ]
    },
    {
      "cite": "311 F.Supp. 1379",
      "category": "reporters:federal",
      "reporter": "F. Supp.",
      "opinion_index": 0
    },
    {
      "cite": "159 Me. 4",
      "category": "reporters:state",
      "reporter": "Me.",
      "case_ids": [
        474104
      ],
      "year": 1963,
      "opinion_index": 0,
      "case_paths": [
        "/me/159/0004-01"
      ]
    },
    {
      "cite": "187 A.2d 59",
      "category": "reporters:state_regional",
      "reporter": "A.2d",
      "year": 1963,
      "opinion_index": 0
    },
    {
      "cite": "317 A.2d 816",
      "category": "reporters:state_regional",
      "reporter": "A.2d",
      "case_ids": [
        8054447
      ],
      "year": 1974,
      "opinion_index": 0,
      "case_paths": [
        "/a2d/317/0816-01"
      ]
    },
    {
      "cite": "441 F.2d 266",
      "category": "reporters:federal",
      "reporter": "F.2d",
      "case_ids": [
        764898,
        764932
      ],
      "year": 1971,
      "opinion_index": 0,
      "case_paths": [
        "/f2d/441/0266-01",
        "/f2d/441/0266-02"
      ]
    },
    {
      "cite": "297 F.Supp. 1109",
      "category": "reporters:federal",
      "reporter": "F. Supp.",
      "case_ids": [
        5409665
      ],
      "pin_cites": [
        {
          "page": "1114"
        }
      ],
      "opinion_index": 0,
      "case_paths": [
        "/f-supp/297/1109-01"
      ]
    },
    {
      "cite": "49 Stat. 627",
      "category": "laws:leg_session",
      "reporter": "Stat.",
      "opinion_index": 0
    },
    {
      "cite": "42 U.S.C.A. \u00a7\u00a7 601-610",
      "category": "laws:leg_statute",
      "reporter": "U.S.C.",
      "opinion_index": 0
    },
    {
      "cite": "118 U.Pa.L.Rev. 1219",
      "category": "journals:journal",
      "reporter": "U. Pa. L. Rev.",
      "year": 1970,
      "opinion_index": 0
    },
    {
      "cite": "362 F.Supp. 180",
      "category": "reporters:federal",
      "reporter": "F. Supp.",
      "case_ids": [
        5681356
      ],
      "weight": 4,
      "year": 1973,
      "pin_cites": [
        {
          "page": "184"
        },
        {
          "page": "186"
        }
      ],
      "opinion_index": 0,
      "case_paths": [
        "/f-supp/362/0180-01"
      ]
    },
    {
      "cite": "494 F.2d 743",
      "category": "reporters:federal",
      "reporter": "F.2d",
      "case_ids": [
        192851
      ],
      "opinion_index": 0,
      "case_paths": [
        "/f2d/494/0743-01"
      ]
    }
  ],
  "analysis": {
    "cardinality": 1284,
    "char_count": 26363,
    "ocr_confidence": 0.757,
    "pagerank": {
      "raw": 1.3812937269970377e-07,
      "percentile": 0.6405549126609312
    },
    "sha256": "d9c195aadb6c330a7e23124bbf87c927e39268ae6fb29261f2557315d50e9750",
    "simhash": "1:fbc9333e7b154ec4",
    "word_count": 4168
  },
  "last_updated": "2024-02-27T22:21:45.765754+00:00",
  "provenance": {
    "date_added": "2019-08-29",
    "source": "Harvard",
    "batch": "2018"
  },
  "casebody": {
    "judges": [
      "Before DUFRESNE, C. J., and WEATHERBEE, POMEROY, WER-NICIC, ARCHIBALD and DELAHANTY, JJ-",
      "All Justices concurring."
    ],
    "parties": [
      "Marie OTTMAN v. Dean FISHER et al."
    ],
    "opinions": [
      {
        "text": "POMEROY, Justice.\nMrs. Marie Ottman, appellee herein, assumed actual custody and support of three minor children who were related to her only as first cousins once removed.\nHer application for Aid to Families with Dependent Children (AFDC) was at first granted and later withdrawn by appellant herein. Appeal from such withdrawal was seasonably taken, Rule 80B, Maine Rules of Civil Procedure, being used as the vehicle therefor.\nSuch appeal was fruitful.\nDean Fisher, Commissioner of Health and Welfare of the State of Maine, then seasonably filed this appeal.\nWe deny the appeal.\nThe controversy affords us a view of the curious governmental and administrative procedures which are often spawned when sovereign states and the federal government engage in so-called \u201ccooperative federalism\u201d for the purposes of extending benefits to the citizenry.\nThough not formally named in the litigation which led to this appeal, the real parties in interest here are three young children whose actual custody and support was assumed by appellee and who were the ultimate beneficiaries of the disputed AFDC grant.\nThe children\u2019s mother and father had been divorced.\nCustody of the children had been awarded the father.\nAppellee took the children into her home and assumed responsibility for their support, when the father was admitted to a mental institution.\nThe mother\u2019s whereabouts is unknown.\nOn August 23, 1971, the Commissioner determined, after a hearing, that the three children were \u201cfirst cousins once removed\u201d of appellee, and that as such appellee qualified as an AFDC recipient on behalf of the children.\nIn this initial decision the Commissioner stated that\n\u201c . . .a \u2018first cousin once-removed\u2019 is intended as a proper recipient of a grant for eligible children on the basis that such a person is recognized as being in as close kinship as one designated \u2018great-great.\u2019 \u201d\nThe Commissioner added that this interpretation \u201cwould appear to carry out the spirit of the regulation.\u201d\nApproximately two months after issuing this decision the Commissioner received a letter from the Commissioner of the Regional Office of HEW, situated in Boston, Mass. In this letter, the Regional Commissioner stated that he had\n\u201c . . . reviewed the recommendation of your Department Fair Hearing Officer with respect to the denial of AFDC to a child living with a cousin once removed, on the basis that the degree of relationship required by Section 406(a) of the Social Security Act docs not exist.\u201d\nThe letter then continued \u201cfirst cousins once removed are not relatives for purposes thereof.\u201d (See 406(a) Social Security Act.)\nThis interpretation was based upon Sec. 3432 of Part IV of the HEW Handbook of Public Assistance, which in turn interpreted 42 U.S.C.A. \u00a7 606(a), and from which the language in 45 C.F.R. 233.90, (n 2), was drawn. Since he discerned in these source materials no expansion of the term \u201cfirst cousin,\u201d the Regional Commissioner opined that the term includes only first cousins \u201cas such\u201d and not \u201csecond cousins,\u201d which he equated to \u201cfirst cousins once removed.\u201d\nAs a direct result of the Regional Commissioner\u2019s letter, a second \u201cfair hearing\u201d was held in appellee\u2019s case, following which, on January 5, 1972, appellant reversed himself and decided \u201cthat the grant be closed.\u201d\nIn this latter decision, appellant stated:\n\u201cAt issue [in the hearing] was whether a first-cousin once removed is a proper payee. Social Security Law specifies who may be a payee. It permits \u2018great-great\u2019 but is silent on \u2018first cousin once removed.\u2019 Originally it had been ruled that, because both these designations are equally near to the grantee, a \u2018first cousin once removed\u2019 was a proper payee. The Regional office of Health, Education and Welfare has overruled this rul ing. The Department must therefore reverse itself.\u201d (Emphasis added)\nOn appeal to the Superior Court, the presiding Justice remanded to the Commissioner for action not inconsistent with that Court\u2019s ruling that\n\u201c . . .a first cousin once-removed is in the fifth degree and that a second cousin is in the sixth degree and therefore a first cousin once-removed is not the same as a second cousin. Therefore, by inference, a first cousin includes a first cousin once-removed. \u201cAnd finally, it is wholly consistent with the purpose of the statute that a first cousin once-removed be included within the breadth of the statute.\u201d\nWithout yet considering the correctness of the reasoning in the ruling below, we feel it will be helpful to those charged with administering the AFDC program to examine the propriety of the manner in which the Commissioner revoked appellee\u2019s AFDC benefits in the first instance, on the basis of the letter of opinion from the HEW Regional Commissioner.\nWe are not here concerned with the formal procedural steps which preceded the second \u201cfair hearing\u201d after which the Commissioner terminated payments. Nor need we consider the quality of the hearing itself, in terms of the procedural rights and safeguards to which appellee, as a welfare recipient, was constitutionally entitled. See Goldberg v. Kelly, supra (n 1); Wheeler v. Montgomery, 397 U.S. 280, 90 S.Ct. 1026, 25 L.Ed.2d 307 (1970). These particular matters were not raised below, nor are they raised here, and we note that appellee\u2019s complaint in Superior Court was based solely on the claim that the Commissioner\u2019s second decision\n\u201c . . .is founded upon a misconception of law and accordingly is arbitrary and capricious and has prejudiced and aggrieved and directly affected the rights of the plaintiff.\u201d\nThe apparent satisfaction of procedural formalities does not, however, insulate the Commissioner\u2019s decision from the challenge that it is \u201carbitrary and capricious\u201d for other reasons.\nWe have held that \u201cadministrative agencies are constitutionally required to adhere to the \u2018fundamentals of fair play! \u201d In Re Maine Clean Fuels, Inc., Me., 310 A.2d 736, 746 (1973). In addition,\n\u201c . . . the minimal requirements of administrative \u2018fair play,\u2019 something less than that demanded of our courts but something more than unfettered administrative action, are to be determined \u2018from case to case in accordance zvith differing circumstances.\u2019 \u201d Id. at 746. (Citations omitted)\nIn a similar vein but more specifically, the United States Supreme Court has addressed the relationship of welfare benefits to constitutional guarantees. In Goldberg v. Kelly, supra, wherein the Court focuses upon procedural due process in holding that an evidentiary hearing is required before withdrawal of public assistance payments, Mr. Justice Brennan expressed the view of five Court members that\n\u201cSuch benefits are a matter of statutory entitlement for persons qualified to receive them. (Footnote omitted) Their termination involves state action that adjudicates important rights. The constitutional challenge cannot be answered by an argument that public assistance benefits are \u2018a \u201cprivilege\u201d and not a \u201cright\u201d \u2019. Shapiro v. Thompson, 394 U.S. 618, 627 n. 6, 89 S.Ct. 1322, 1327, 22 L.Ed.2d 600, 611 (1969). Relevant constitutional restraints apply as much to the withdrawal of public assistance benefits as to disqualification for unemployment compensation, Sherbert v. Verner, 374 U.S. 398, 83 S.Ct. 1790, 10 L.Ed.2d 965 (1963); or to denial of a tax exemption, Speiser v. Randall, 357 U.S. 513, 78 S.Ct. 1332, 2 L.Ed.2d 1460 (1958); or to discharge from public employment, Slochower v. Board of Higher Education, 350 U.S. 551, 76 S.Ct. 637, 100 L.Ed. 692 (1956).\u201d 397 U.S. 254, 262, 90 S.Ct. 1011, 1017, 25 L.Ed.2d 287, 295-296.\nIn the case at bar we entertain no doubt that the Commissioner\u2019s second ruling on appellee\u2019s eligibility for AFDC payments was preordained by the letter from the Regional HEW Office, which the Commissioner apparently regarded as a directive from a superior binding upon him as a subordinate. The Commissioner himself made this clear when he said\n\u201cThe Regional Office of Health, Education and Welfare has overruled this ruling. The Department must therefore reverse itself.\u201d\nWe infer from this that the appellant erroneously, though in good faith, felt the issue as to the applicable law was completely closed and that he lacked authority to reexamine the law and exercise his own judgment.\nBased upon our conception of the relationship between appellant Commissioner and the Regional HEW Officer, we find that the mere fact that the AFDC payments were terminated solely on the basis of the Regional Commissioner\u2019s letter, rendered the \u201cfair hearing\u201d preceding the termination an empty exercise violative of the \u201cminimal requirements of administrative 7air play,\u2019 \u201d In Re Maine Clean Fuels, Inc., supra, and in contravention of the requirements of due process.\nThe basic purposes of \u201cfair hearings,\u201d as described in the Public Assistance Payments Manual, appear to be the presentation of evidence for the purpose of facilitating fact-finding, and the provision of an opportunity for a recipient of assistance to present a position, pro se or through counsel, on eligibility questions, agency interpretations of the law, or modification, suspension or discontinuance of assistance payments entirely. Public Assistance Payments Manual, Chap. I, Sec. C, p. 1.\nThe hearing in question here, by virtue of the circumstances which occasioned its being called, could not have satisfied any of these ends.\nAppellee\u2019s opportunity to defend her position was no opportunity at all.\nThe facts and circumstances surrounding her case were already settled when the Fair Hearing Officer was appointed by appellant Commissioner.\nThe decision on the matter was formulated before the hearing was commenced.\nThat decision was founded upon appellant\u2019s incorrect allegiance to a federal official\u2019s judgment.\nWe are aware that federal participating funds for State AFDC programs may be terminated under circumstances in which a state AFDC plan is found not to comply with federal requirements embodied in the Social Security Act or correlative HEW regulations. 42 U.S.C.A. \u00a7 604; see generally King v. Smith, 392 U.S. 309, 316, 88 S. Ct. 2128, 20 L.Ed.2d 1118, 1125 (1968); Rosado v. Wyman, 397 U.S. 397, 406 (n 8), 90 S.Ct. 1207, 25 L.Ed.2d 442, 452 (1970); Townsend v. Swank, 404 U.S. 282, 92 S.Ct. 502, 30 L.Ed.2d 448 (1971); Carleson v. Remillard, 406 U.S. 598, 92 S.Ct. 1932, 32 L.Ed.2d 352 (1972); Arizona Dept. of Public Welfare v. Department of Health, Education & Welfare, 449 F.2d 456 (9th Cir. 1971), cert. den. 405 U.S. 919, 92 S.Ct. 945, 30 L.Ed.2d 789 (1972); Solman v. Shapiro, 300 F.Supp. 409 (D.Conn.1969), affd. 396 U.S. 5, 90 S.Ct. 25, 24 L.Ed.2d 5 (1969); In Re Fowler, Vt., 288 A.2d 463 (1972).\nGenerally, state noncompliance has arisen in the context of state restrictions upon benefits and related rights otherwise secured under the federal assistance scheme. Discrepancies between federal and state practices have been eliminated in most cases by means of judicial invalidation of inconsistent state provisions, rather than by wholesale withdrawal of federal funds under the authority of 42 U.S.C.A. \u00a7 604.\nThus, in a Supreme Court trilogy comprised of King v. Smith, supra, Townsend v. Swank, supra, and Carleson v. Remil-lard, supra, the rule has evolved that\n. .at least in the absence of congressional authorization for the exclusion clearly evidenced from the Social Security Act or its legislative history, a state eligibility standard that excludes persons eligible for assistance under federal AFDC standards violates the Social Security Act and is therefore invalid under the Supremacy Clause.\u201d Townsend v. Swank, supra, 404 U.S. 282, 286, 92 S.Ct. 502, 505, 30 L.Ed.2d 448, 453.\nThe first in time of the three cases, King v. Smith invalidated as inconsistent with Sec. 406(a) of the Social Security Act, an Alabama regulation defining \u201cparent\u201d in such a way that needy children otherwise eligible for AFDC benefits under federal standards were excluded if the mothers of such children were cohabiting with other men, notwithstanding the continued absence of the father.\nAdopting and expanding on the King v. Smith reasoning, the Supreme Court in Townsend similarly invalidated an Illinois statute and regulation excluding from AFDC eligibility college students 18-20 years of age, when that class was specifically placed within the definition of \u201cdependent child\u201d eligible for AFDC under the Social Security Act.\nThe third such case, Carleson v. Remil-lard, struck down a California regulation denying AFDC to so-called \u201cmilitary orphans,\u201d whose fathers were not deemed to be \u201cabsent\u201d for California AFDC purposes because of active military service elsewhere. Writing for a unanimous Court, Mr. Justice Douglas restated the King and Townsend holdings in finding the California regulation impermissibly at odds with the federal approach, and clarified that the Social Security Act\n\u201c. . . places on each State participating in the AFDC program the requirement that \u2018aid to families with dependent children shall he furnished with reasonable promptness to all eligible individuals\u2019 \u2018Eligibility,\u2019 so defined, must be measured by federal standards.\u201d 406 U.S. 598, 600, 92 S.Ct. 1932, 1934, 32 L. Ed.2d 352, 355 (1972).\nIn a series of more recent federal decisions, the rule of the Supreme Court trilogy has been applied to invalidate various state regulations denying AFDC benefits to unborn children, in the face of express recognition of eligibility for such children in HEW regulations, and a longstanding (since 1941) HEW practice of permitting payments to this class. Doe v. Lukhard, 363 F.Supp. 823 (E.D.Va.1973), affd. on other grounds 493 F.2d 54 (4th Cir. 2/26/74); Harris v. Mississippi State Department of Public Welfare, 363 F.Supp. 1293 (N.D.Miss.1973); Green v. Stanton, 364 F.Supp. 123 (N.D.Ind.1973); Alcala v. Burns, supra, n. 6; Wilson v. Weaver, 358 F.Supp. 1147 (N.D.Ill.1973); contra Parks v. Harden, 354 F.Supp. 620 (N.D.Ga. 1973); Poole v. Endsley, 311 F.Supp. 1379 (D.N.Fla. 3/4/74).\nAs expressed by the District Court in Doe v. Lukhard, the established HEW policy making unborn children eligible was particularly significant, when measured against the State bar to such eligibility,\n. . by virtue of the well-settled rule that '(T)he construction of a statute by those charged with its execution should be followed unless there are compelling indications that it is wrong, especially when Congress has refused to alter the administrative construction.\u2019 \u201d (Citations omitted) 363 F.Supp. 823 at 826.\nWe do not regard either this rule of deference to administrative interpretation, or the underlying principles of King, Townsend, and Remillard as requiring a result different from the one we reach today.\nFirst, we view the instant case as unique and therefore distinguishable from those cases which developed and applied the foregoing rules. The facts here present a federal policy under which a class of children would be excluded from AFDC benefits, even though under a more liberal Maine policy, embodied in appellant Commissioner\u2019s original decision, the class would be eligible.\nFederal case law, it seems, has not addressed this reverse situation. Absent more definite precedent, we are not prepared to read King v. Smith and its progeny as authority for the proposition that a participating state may not have a more liberal eligibility standard for AFDC recipients than that required as a minimum in the view of one federal official. In other words, we reject the argument that the Supremacy Clause of the Federal Constitution prohibits a State from granting AFDC benefits to needy individuals unrecognized as eligible by at least one HEW spokesman.\nMoreover, we do not regard the \u201cadvice\u201d from the Regional Commissioner to appellant here as representing that type of HEW policy, \u201clongstanding\u201d or otherwise, to which we ought pay the deference contemplated by the principle of respect for agency interpretation of the law it administers.\nNot only does the letter from the Regional Commissioner lack the force of a regulation promulgated in the official course of HEW operation, but we are also unable to discern any agency-wide adoption, indorsement, or compliance with the policy expressed therein.\nIt seems instead that the Regional Commissioner, though in apparent good faith, acted under an assumption (alien to this Court) that even though the Maine AFDC plan had been deemed satisfactory under federal standards, there attached to him as a federal administrator a legal supervisory or adjudicative authority over case-by-case operation of the State system.\nThe conceivable but remote possibility that the appellant Maine Commissioner\u2019s first interpretation of the Maine regulation, if inconsistent with the interpretation by the Regional Commissioner of a parallel federal regulation, could result in a challenge to the overall validity of the Maine AFDC program and consequent withdrawal of federal funds, was not a proper factor to consider with respect to a specific adjudicative determination of appellee\u2019s continued AFDC eligibility.\nIn view of his misplaced reliance upon the Regional Commissioner\u2019s opinion, we find that appellant acted arbitrarily and capriciously, and in excess of his statutory authority, in sua sponte reviewing appellee\u2019s case and withdrawing her benefits.\nAlthough the Commissioner\u2019s decision is therefore void, we consider this case to be of sufficient significance to warrant our consideration of the other issue presented: whether first cousins once removed may be included in the class of relatives eligible to receive Maine AFDC payments on behalf of dependent children.\nWe agree with the conclusion of the presiding Justice in the Superior Court that such relatives are permissible recipients under the Maine statute and regulations.\nThe designations \u201cfirst cousin,\u201d \u201cfirst cousin once removed,\u201d and \u201csecond cousin,\u201d despite their varying meanings in lay usage, describe legal relationships of the fourth, fifth and sixth degree, respectively, by the civil law method of computing kinship. 23 Am.Jur.2d, Descent and Distribution, Sec. 60.\nWe neither intimate nor decide whether a second cousin may qualify for Maine AFDC benefits, since that issue is not before us.\nWe do find, however, that the difference in one degree between first cousins and first cousins once removed does not ipso facto exclude the latter class from the AFDC program.\nPayments to other relatives in the fifth degree of kinship, e. g., great-great aunts and uncles, are permitted under both the federal and Maine regulations. It is thus clear that the regulations embody no flat prohibition upon AFDC payments to relatives beyond the fourth degree. First cousins once removed cannot, therefore, be excluded for the sole reason that they exceed by one degree first cousins per se, as appellant suggests.\nWe likewise reject appellant\u2019s reasoning that the narrow interpretations of the word \u201ccousin\u201d adopted in will construction cases, including Ferguson v. Johnson, 159 Me. 4, 187 A.2d 59 (1963), are in any way controlling on the meaning of the words \u201cfirst cousin\u201d as used in the AFDC context.\nThis is so because in interpreting the words of the Social Security Act we must be guided by the purpose of AFDC as described in 42 U.S.C.A. \u00a7 601. In interpreting the words of a will the lodestone is the intention of the testator as gleaned, not only from the words employed, but if such words are ambiguous, or subject to more than one meaning, in the context of the amount of his estate, his general purpose as ascertained from reading the entire instrument, and the relationship which existed between him and the claimed beneficiaries of his largesse. See Robert W. Traip Academy v. Rose Cook Staples et al., Me.,'317 A.2d 816 (1974).\nIt serves no useful purpose to look to the meaning courts have given a word used in wills in ascertaining the meaning of a word used in the statute now under consideration.\nAs a final argument that first cousins once removed should be denied AFDC benefits, appellant cites a lone federal decision reaching such a conclusion. We have examined the brief decision of the District Court in the case, Cobb et al. v. Department of Public Welfare, unrecorded, (M. D.Fla.1970), affd. per curiam 441 F.2d 266 (5th Cir. 1971), and find therein no forceful reasoning in support of the Court\u2019s result which would alter our own analysis of the Maine or federal regulation.\nMore important to our agreement with the presiding Justice here, however, is what we regard as the compelling spirit of the AFDC program itself.\nIt is clear that Maine has adopted, through 22 M.R.S.A. \u00a7 3741, the same goals for its AFDC program as those adopted by Congress. Westberry v. Fisher, 297 F.Supp. 1109, 1114 (D.Me.1969). Those goals are stated in 42 U.S.C.A. \u00a7 601, which provides that AFDC is\n\u201c(F)or the purpose of encouraging the care of dependent children in their own homes or in the homes of relatives by enabling each State to furnish financial assistance and rehabilitation and other services, as far as practicable under the conditions in such State, to needy dependent children and the parents or relatives with whom they are living to help maintain and strengthen family life and to help such parents or relatives to attain or retain capability for the maximum self-support' and personal independence consistent with the maintenance of continuing parental care and protection,\nWe interpret this broad statement of benevolent purpose in light of the United States Supreme Court\u2019s recognition that\n\u201c(T)here is no question that States have considerable latitude in allocating their AFDC resources, since each State is free to set its own standard of need . . \u201d King v. Smith, supra, 392 U.S. 309, 318, 88 S.Ct. 2128, 2134, 20 L. Ed.2d 1118, 1126.\nWithin this latitude exercisable by the State of Maine, and consistent with the liberal design of the AFDC program as it exists in Maine, we hold, as did the Court below, that Mrs. Ottman\u2019s AFDC payments must be continued.\nThe entry must be,\nAppeal denied.\nAll Justices concurring.\n. AFDC was first established by the Social Security Act of 1935, 49 Stat. 627, as amended, 42 U.S.C.A. \u00a7\u00a7 601-610. As stated in Goldberg v. Kelly, 397 U.S. 254, 256, 90 S.Ct. 1011, 25 L.Ed.2d 287, 292 (1970):\n\u201cIt [AFDC] is a categorical assistance program supported by federal grants-in-aid but administered by the States according to regulations of the Secretary of Health, Education, and Welfare.\u201d\nIn Maine, the AFDC program is operated by the Department of Health and Welfare under the authority granted in 22 M.R.S.A. \u00a7 3741, which states:\n\u201cThe department is authorized to administer and operate a program of aid to dependent children within the Federal Social Security Act and any amendments and additions thereto.\u201d\n. In order to be eligible for AFDC, the children on whose behalf the grant is made must, among other requirements, be living with their \u201cfather, mother, grandfather, grandmother, brother, sister, stepfather, stepmother, stepbrother, stepsister, uncle, aunt, first cousin, nephew or niece, . . . .\u201d 42 U.S.C.A. \u00a7 606(a).\nThe Department of Health, Education and Welfare lias interpreted this section to include\n\u201cAny blood relative, including those of half-blood, and including first cousins, nephews, or nieces, and persons of preceding generations as denoted by prefixes of grand, great, or great-great; . . . .\u201d 45 C.F.R. 233.90\nThe Maine Department of Health and Welfare has adopted a similar interpretation, as set out in the Maine Public Assistance Payments Manual, Chap. II, Sec. C:\n\u201cSpecified relatives who may api>ly for and receive assistance on behalf of the child are:\n4. Legal grandfather, grandmother, uncle or aunt or the same relatives of preceding generations as denoted by prefixes of great and great-great, or first cousin, nephew or niece; \u201d\n. This analysis of relationships by the Commissioner is only partially correct. By the civil method of determining kinship, 18 M.R. S.A. \u00a7 1002, a \u201cfirst cousin once removed\u201d does stand in the same degree to the subject (fifth) as does a great-great aunt or uncle. However, it is not equivalent to a great-great grandparent, which stands in the fourth degree.\n. We do not have before us any \u201crecommendation\u201d of a Fair Hearing Officer; only the decision by appellant Commissioner. We are certain, however, that the Regional Commissioner\u2019s letter was focused upon the ruling allowing the grant, rather than upon any prior or subsidiary recommendations by Commission staff.\n. In fact, federal initiation of administrative proceedings to force state conformity with federal welfare standards under penalty of losing participating funds is a rare occurrence. See Comment, \u201cAFDC Eligibility Requirements Unrelated to Need: The Impact of King v. Smith,\u201d 118 U.Pa.L.Rev. 1219 (1970).\n. The rationale under which an unborn child is deemed to have rights to AFDC benefits is expressed in Alcala v. Burns, 362 F.Supp. 180 (S.D.Iowa 1973), wherein the Court relied upon medical testimony respecting\n\u201c . . . the additional needs of the child and mother during this prenatal period and the serious consequences that flow to the family if the nutritional and medical needs of the child are not met during this prenatal period.\u201d 362 F.Supp. 180 at 184. Affd. 494 F.2d 743 (8th Cir. 3/29/74).\n. Public Assistance Payments Manual, Chap. II, Sec. C, p. 1.\n. 45 C.E'.R. 233.90.\n. \u2022 See Notes 2 and 3, supra.\n. In one of the series of \u201cunborn child\u201d cases, Wilson v. Weaver, supra, the District Court rejected a similar contention that AFDC definitions might be drawn from other legal uses of the terminology:\n\u201c . . . any uncertainty about the meaning of the word child should be resolved in light of the broad remedial goals of the\nAFDC program .... Thus, defendant\u2019s analogies to the status of unborn children for purposes of inheritance, federal taxation, abortion, or actions to recover for wrongful death or pre-natal injuries are simply inapposite.\u201d 358 F.Supp. 1147 at 1154.\nSee also Alcala v. Burns, supra, 362 F.Supp. 180, 186.",
        "type": "majority",
        "author": "POMEROY, Justice."
      }
    ],
    "attorneys": [
      "Locke, Campbell & Chapman by Harry N. Starbranch, Augusta, for plaintiff.",
      "Robert B. Calkins, Asst. Atty. Gen., Augusta, for defendants."
    ],
    "corrections": "",
    "head_matter": "Marie OTTMAN v. Dean FISHER et al.\nSupreme Judicial Court of Maine.\nApril 30, 1974.\nLocke, Campbell & Chapman by Harry N. Starbranch, Augusta, for plaintiff.\nRobert B. Calkins, Asst. Atty. Gen., Augusta, for defendants.\nBefore DUFRESNE, C. J., and WEATHERBEE, POMEROY, WER-NICIC, ARCHIBALD and DELAHANTY, JJ-"
  },
  "file_name": "0056-01",
  "first_page_order": 94,
  "last_page_order": 102
}
