{
  "id": 12490786,
  "name": "GEDDES v. PEOPLE'S COUNSEL",
  "name_abbreviation": "Geddes v. People's Counsel",
  "decision_date": "2017-08-25",
  "docket_number": "Pet. Docket No. 141, Sept. Term, 2017",
  "first_page": "60",
  "last_page": "60",
  "citations": [
    {
      "type": "official",
      "cite": "168 A.3d 60"
    },
    {
      "type": "parallel",
      "cite": "455 Md. 443"
    }
  ],
  "court": {
    "name_abbreviation": "Md. App. Ct.",
    "id": 25266,
    "name": "Court of Appeals of Maryland"
  },
  "jurisdiction": {
    "id": 50,
    "name_long": "Maryland",
    "name": "Md."
  },
  "cites_to": [],
  "analysis": {
    "cardinality": 22,
    "char_count": 152,
    "sha256": "506fc7ea4548843a5174122ec6e07a6d966741cf5a9474cf449415f867852e21",
    "simhash": "1:9596023854195211",
    "word_count": 25
  },
  "last_updated": "2021-08-27T20:57:14.022556+00:00",
  "provenance": {
    "date_added": "2021-08-27",
    "source": "Fastcase",
    "batch": "2021"
  },
  "casebody": {
    "judges": [],
    "parties": [
      "GEDDES\nv.\nPEOPLE'S COUNSEL"
    ],
    "opinions": [
      {
        "text": "",
        "type": "majority",
        "author": null
      }
    ],
    "attorneys": [
      "Petition for writ of certiorari denied."
    ],
    "corrections": "",
    "head_matter": "GEDDES\nv.\nPEOPLE'S COUNSEL\nPet. Docket No. 141, Sept. Term, 2017\nCourt of Appeals of Maryland.\nAugust 25, 2017\nPetition for writ of certiorari denied."
  },
  "file_name": "0060-02",
  "first_page_order": 60,
  "last_page_order": 60
}
