{
  "id": 9289162,
  "name": "PRUDENTIAL PROPERTY AND CASUALTY INSURANCE COMPANY, Petitioner v. Joseph HOLDEN, Respondent",
  "name_abbreviation": "Prudential Property & Casualty Insurance v. Holden",
  "decision_date": "2003-12-31",
  "docket_number": "",
  "first_page": "917",
  "last_page": "917",
  "citations": [
    {
      "type": "official",
      "cite": "842 A.2d 917"
    }
  ],
  "court": {
    "name_abbreviation": "Pa.",
    "id": 8832,
    "name": "Supreme Court of Pennsylvania"
  },
  "jurisdiction": {
    "id": 6,
    "name_long": "Pennsylvania",
    "name": "Pa."
  },
  "cites_to": [
    {
      "cite": "830 A.2d 958",
      "category": "reporters:state_regional",
      "reporter": "A.2d",
      "case_ids": [
        588056,
        9099577
      ],
      "opinion_index": 0,
      "case_paths": [
        "/pa/574/0333-01",
        "/a2d/830/0958-01"
      ]
    }
  ],
  "analysis": {
    "cardinality": 51,
    "char_count": 439,
    "ocr_confidence": 0.648,
    "pagerank": {
      "raw": 2.1995933875888662e-07,
      "percentile": 0.7595350749324447
    },
    "sha256": "9e0c39e0e4a1ea9f538024d19898ad00e7ac59a79caf8f543aa0a96fc69de8c5",
    "simhash": "1:4e30720ca3d13df6",
    "word_count": 72
  },
  "last_updated": "2024-02-27T21:16:07.968320+00:00",
  "provenance": {
    "date_added": "2019-08-29",
    "source": "Harvard",
    "batch": "2018"
  },
  "casebody": {
    "judges": [],
    "parties": [
      "PRUDENTIAL PROPERTY AND CASUALTY INSURANCE COMPANY, Petitioner v. Joseph HOLDEN, Respondent."
    ],
    "opinions": [
      {
        "text": "ORDER\nPER CURIAM.\nAND NOW, this 31st day of December 2003, the Petition for Allowance of Appeal is GRANTED. The order of the Superior Court is REVERSED and this matter is REMANDED to the Superior Court for review on the merits. See State Farm Fire and Casualty Co. v. Craley, 830 A.2d 958 (Pa.2003).",
        "type": "majority",
        "author": "PER CURIAM."
      }
    ],
    "attorneys": [],
    "corrections": "",
    "head_matter": "PRUDENTIAL PROPERTY AND CASUALTY INSURANCE COMPANY, Petitioner v. Joseph HOLDEN, Respondent.\nSupreme Court of Pennsylvania.\nDec. 31, 2003."
  },
  "file_name": "0917-01",
  "first_page_order": 951,
  "last_page_order": 951
}
