{
  "id": 7293414,
  "name": "James GREEN a/k/a Theodore Hill, Appellant v. COMMONWEALTH of Pennsylvania, PENNSYLVANIA BOARD OF PROBATION AND PAROLE, Appellee",
  "name_abbreviation": "Green v. Commonwealth, Pennsylvania Board of Probation & Parole",
  "decision_date": "2009-11-18",
  "docket_number": "",
  "first_page": "508",
  "last_page": "508",
  "citations": [
    {
      "type": "official",
      "cite": "982 A.2d 508"
    }
  ],
  "court": {
    "name_abbreviation": "Pa.",
    "id": 8832,
    "name": "Supreme Court of Pennsylvania"
  },
  "jurisdiction": {
    "id": 6,
    "name_long": "Pennsylvania",
    "name": "Pa."
  },
  "cites_to": [
    {
      "cite": "190 A.2d 438",
      "category": "reporters:state_regional",
      "reporter": "A.2d",
      "year": 1963,
      "pin_cites": [
        {
          "page": "439",
          "parenthetical": "\"In order for a judgment on the pleadings to be granted, all relevant and material averments of fact made by the opposing party must be taken as true.\""
        }
      ],
      "opinion_index": 0
    },
    {
      "cite": "410 Pa. 505",
      "category": "reporters:state",
      "reporter": "Pa.",
      "case_ids": [
        1884619
      ],
      "year": 1963,
      "pin_cites": [
        {
          "parenthetical": "\"In order for a judgment on the pleadings to be granted, all relevant and material averments of fact made by the opposing party must be taken as true.\""
        }
      ],
      "opinion_index": 0,
      "case_paths": [
        "/pa/410/0505-01"
      ]
    }
  ],
  "analysis": {
    "cardinality": 94,
    "char_count": 972,
    "ocr_confidence": 0.654,
    "pagerank": {
      "raw": 4.03580807328026e-08,
      "percentile": 0.188346502054753
    },
    "sha256": "7bafe511b97e0a1b3602d7dd77d9975b60fe5cbe21d0dc9317aeb38229805c20",
    "simhash": "1:6d4b4bb3a321852a",
    "word_count": 159
  },
  "last_updated": "2024-02-27T22:54:53.859611+00:00",
  "provenance": {
    "date_added": "2019-08-29",
    "source": "Harvard",
    "batch": "2018"
  },
  "casebody": {
    "judges": [],
    "parties": [
      "James GREEN a/k/a Theodore Hill, Appellant v. COMMONWEALTH of Pennsylvania, PENNSYLVANIA BOARD OF PROBATION AND PAROLE, Appellee."
    ],
    "opinions": [
      {
        "text": "ORDER\nPER CURIAM.\nAND NOW, this 18th day of November, 2009, the April 2, 2009 Order of the Commonwealth Court granting judgment on the pleadings in favor of the Board of Probation and Parole is VACATED. See Miami National Bank v. Willens, 410 Pa. 505, 190 A.2d 438, 439 (1963) (\u201cIn order for a judgment on the pleadings to be granted, all relevant and material averments of fact made by the opposing party must be taken as true.\u201d) The matter is remanded to the Commonwealth Court with instructions to deny Appellant\u2019s motion for judgment on the pleadings and to consider the issue raised in Appellant\u2019s Petition for Review and Answer to New Matter. The February 23, 2009 Order of the Commonwealth Court granting the Greene County Public Defender\u2019s application to withdraw as counsel is AFFIRMED.",
        "type": "majority",
        "author": "PER CURIAM."
      }
    ],
    "attorneys": [],
    "corrections": "",
    "head_matter": "James GREEN a/k/a Theodore Hill, Appellant v. COMMONWEALTH of Pennsylvania, PENNSYLVANIA BOARD OF PROBATION AND PAROLE, Appellee.\nSupreme Court of Pennsylvania.\nNov. 18, 2009."
  },
  "file_name": "0508-01",
  "first_page_order": 544,
  "last_page_order": 544
}
