{
  "id": 11628298,
  "name": "ANTHEM CASUALTY INSURANCE COMPANY, Appellant v. William P. MILLER and Gloria Fay, Appellees",
  "name_abbreviation": "Anthem Casualty Insurance v. Miller",
  "decision_date": "1999-05-05",
  "docket_number": "",
  "first_page": "1227",
  "last_page": "1229",
  "citations": [
    {
      "type": "official",
      "cite": "729 A.2d 1227"
    }
  ],
  "court": {
    "name_abbreviation": "Pa. Super. Ct.",
    "id": 8775,
    "name": "Superior Court of Pennsylvania"
  },
  "jurisdiction": {
    "id": 6,
    "name_long": "Pennsylvania",
    "name": "Pa."
  },
  "cites_to": [
    {
      "cite": "512 Pa. 365",
      "category": "reporters:state",
      "reporter": "Pa.",
      "case_ids": [
        1800508,
        1800495
      ],
      "weight": 2,
      "year": 1986,
      "opinion_index": 0,
      "case_paths": [
        "/pa/512/0365-02",
        "/pa/512/0365-01"
      ]
    },
    {
      "cite": "343 Pa.Super. 497",
      "category": "reporters:state",
      "reporter": "Pa. Super.",
      "case_ids": [
        635301
      ],
      "weight": 2,
      "year": 1985,
      "pin_cites": [
        {
          "page": "576"
        }
      ],
      "opinion_index": 0,
      "case_paths": [
        "/pa-super/343/0497-01"
      ]
    },
    {
      "cite": "486 Pa. 146",
      "category": "reporters:state",
      "reporter": "Pa.",
      "case_ids": [
        1757610
      ],
      "weight": 6,
      "year": 1979,
      "pin_cites": [
        {
          "page": "169-70"
        },
        {
          "page": "684-85"
        },
        {
          "page": "158-59"
        },
        {
          "page": "678-79",
          "parenthetical": "recognizing that \"a causal link between psychic injuries suffered by the bystander and the shock or fright attendant to having witnessed the accident\" can now be established due to advancements in medical science"
        }
      ],
      "opinion_index": 0,
      "case_paths": [
        "/pa/486/0146-01"
      ]
    },
    {
      "cite": "701 A.2d 255",
      "category": "reporters:state_regional",
      "reporter": "A.2d",
      "case_ids": [
        11892487
      ],
      "pin_cites": [
        {
          "page": "258"
        }
      ],
      "opinion_index": 0,
      "case_paths": [
        "/a2d/701/0255-01"
      ]
    }
  ],
  "analysis": {
    "cardinality": 412,
    "char_count": 7184,
    "ocr_confidence": 0.744,
    "pagerank": {
      "raw": 1.61983063965423e-07,
      "percentile": 0.6870311744043764
    },
    "sha256": "788c22dbde82b112d15d3ab3f8cb89f7feac4199e261174a60a6df83790059f2",
    "simhash": "1:56e327e5ce61c3f0",
    "word_count": 1153
  },
  "last_updated": "2024-02-27T22:03:27.217003+00:00",
  "provenance": {
    "date_added": "2019-08-29",
    "source": "Harvard",
    "batch": "2018"
  },
  "casebody": {
    "judges": [
      "Before JOHNSON, FORD ELLIOTT, and ORIE MELVIN, JJ."
    ],
    "parties": [
      "ANTHEM CASUALTY INSURANCE COMPANY, Appellant v. William P. MILLER and Gloria Fay, Appellees."
    ],
    "opinions": [
      {
        "text": "JOHNSON, J.:\n\u00b6 1 Anthem Casualty Insurance Company (Anthem) appeals from the order entering summary judgment in favor of Gloria Fay. We affirm.\n\u00b6 2 On July 3, 1997, Anthem commenced the instant declaratory judgment action to determine, among other things, whether William P. Miller\u2019s automobile insurance policy with Anthem covers Fay\u2019s claim for negligent infliction of emotional distress. Fay\u2019s claim arises out of an automobile accident that occurred in January 1996 in Stewart Township, Fayette County, Pennsylvania, when Miller\u2019s auto struck Fay\u2019s husband Daniel while he was standing beside his parked vehicle. Fay was sitting inside the vehicle when her husband was struck. She suffered no immediate physical injuries. Fay\u2019s husband, however, died as a result of his injuries.\n\u00b6 3 At the time of the accident, Miller\u2019s automobile insurance policy with Anthem had a liability limit of $25,000 per person and $50,000 per occurrence. Fay, as ad-ministratrix of her husband\u2019s estate, made a claim against Miller for her husband\u2019s death, which was settled for the policy\u2019s $25,000 per person liability limit. Fay then presented Anthem with a claim for the emotional distress that she allegedly sustained from observing the accident. Fay asserted that her emotional distress constituted a separate bodily injury under the policy. Thereafter, Miller assigned his rights under the policy to Fay.\n\u00b6 4 After Anthem filed the instant declaratory judgment, Anthem then filed a motion for judgment on the pleadings, arguing, among other things, that Fay\u2019s claim for negligent infliction of emotional distress was not a bodily injury that would trigger coverage under Miller\u2019s policy with Anthem. In February 1998, the trial court denied Anthem\u2019s motion as it pertained to Fay\u2019s emotional distress claim. Subsequently, Fay filed a motion for summary judgment, based on the trial court\u2019s February 1998 order, requesting the court to declare that Anthem has the duty to defend and indemnify Miller for Fay\u2019s claim for negligent infliction of emotional distress. The court granted this motion. Anthem filed this timely appeal.\n\u00b6 5 On appeal, Anthem raises only one issue for review:\nI. Is the wife\u2019s claim for negligent infliction of emotional distress arising out of the same motor vehicle accident in which her husband was killed subject to the same \u201cper person\u201d liability as the claim which she presented to the other driver\u2019s liability insurer as administratrix of her husband\u2019s estate?\nBrief for Appellant at 4.\n\u00b6 6 Our standard of review of appeals from orders granting summary judgment is well settled:\nWhen presented with a challenge to an order granting summary judgment, we view the record in the light most favorable to the non-moving party, resolving all doubts as to the existence of a genuine issue of material fact against the moving party. Concerning questions of law, our scope of review is plenary. We are not bound by a trial court\u2019s conclusions of law; instead, we may draw our own inferences and reach our own conclusions.\nBorden, Inc. v. Advent Ink Co., 701 A.2d 255, 258 (Pa.Super.1997) (citations omitted).\n\u00b6 7 Anthem first argues that Fay\u2019s claim for negligent infliction of emotional distress does not constitute a separate bodily injury under the policy. Specifically, Anthem contends that Fay can recover for her claim of emotional distress only if her emotional distress constitutes bodily injury that is separate and distinct from the bodily injuries sustained by her husband. Anthem concludes, without discussion, that it does not. Because Fay\u2019s injuries arose out of the bodily injury sustained by her husband in a single accident, Anthem further concludes that Fay\u2019s claim \u201cis logically derivative of her husband\u2019s underlying bodily injury and the per person liability limit of $25,000.00 is the maximum liability coverage available for all damages flowing from Mr. Fay\u2019s fatal injuries, including Mrs. Fay\u2019s emotional distress.\u201d Brief for Appellant at 11. Anthem asserts that Fay\u2019s claim for emotional distress is analogous to a claim for loss of consortium, which Pennsylvania law treats as a derivative claim. The trial court disagreed and determined that Fay\u2019s claim was separate from her husband\u2019s estate claims. We agree. Anthem\u2019s position is contrary to prior law.\n\u00b6 8 In Sinn v. Burd, 486 Pa. 146, 404 A.2d 672 (1979), our Supreme Court was presented with the question of whether to permit recovery for emotional distress by a plaintiff who, while outside the zone of danger, witnessed an automobile accident that caused serious injury to a close relative. The Court determined that such a cause of action exists if the infliction of emotional distress was reasonably foreseeable. Id. at 169-70, 404 A.2d at 684-85. In Brooks v. Decker, 343 Pa.Super. 497, 495 A.2d 575, 576 (1985), aff'd, 512 Pa. 365, 516 A.2d 1380 (1986), a child, while riding his bicycle, was struck by an automobile. The father, however, did not witness the accident, but subsequently arrived at the scene and observed his son\u2019s injuries before his son was taken to the hospital. We rejected the father\u2019s argument that he could rely upon the separate tort claim of his son to meet the threshold requirements for the father\u2019s claim of negligent infliction of emotional distress. There we stated: \u201cThe father\u2019s claim for emotional distress is a separate cause of action; it is not derivative of the son\u2019s right to recover fohis injuries.\u201d Id. at 576. Thus, a claim for negligent infliction of emotional distress does not arise from the injuries sustained by the victim, but rather it arises from the witnessing of the accident. See Sinn, 486 Pa. at 158-59, 404 A.2d at 678-79 (recognizing that \u201ca causal link between psychic injuries suffered by the bystander and the shock or fright attendant to having witnessed the accident\u201d can now be established due to advancements in medical science).\n\u00b6 9 Although Anthem cites several cases to this Court, none of the cases involve claims for negligent infliction of emotional distress, but instead involve claims for loss of consortium as a result of injuries sustained by a spouse in an automobile accident. Consequently, Anthem\u2019s contention that Fay\u2019s claim for negligent infliction of emotional distress is a derivative action must fail.\n\u00b6 10 Anthem also argues that because Fay\u2019s claim for emotional distress is not a separate bodily injury covered by Miller\u2019s policy with Anthem, but instead arises from the injuries sustained by her husband, Anthem has no duty under the policy to defend Miller against Fay\u2019s emotional distress claim. Because we have determined that Fay\u2019s claim is a separate claim, not derived from her husband\u2019s underlying bodily injury, we need not reach the merits of this issue.\n\u00b6 11 Based on the foregoing, we affirm the order granting summary judgment entered July 23,1998.\n\u00b6 12 Order AFFIRMED.",
        "type": "majority",
        "author": "JOHNSON, J.:"
      }
    ],
    "attorneys": [
      "Timothy J. Burdette, Pittsburgh, for appellant.",
      "William M. Radeliffe, Uniontown, for Fay, appellee."
    ],
    "corrections": "",
    "head_matter": "ANTHEM CASUALTY INSURANCE COMPANY, Appellant v. William P. MILLER and Gloria Fay, Appellees.\nSuperior Court of Pennsylvania.\nArgued March 4, 1999.\nFiled May 5, 1999.\nTimothy J. Burdette, Pittsburgh, for appellant.\nWilliam M. Radeliffe, Uniontown, for Fay, appellee.\nBefore JOHNSON, FORD ELLIOTT, and ORIE MELVIN, JJ."
  },
  "file_name": "1227-01",
  "first_page_order": 1277,
  "last_page_order": 1279
}
