{
  "id": 9188251,
  "name": "Dante J. COLA, Petitioner v. STATE CIVIL SERVICE COMMISSION (DEPARTMENT OF CONSERVATION AND NATURAL RESOURCES and Spring E. Reilly), Respondents",
  "name_abbreviation": "Cola v. State Civil Service Commission",
  "decision_date": "2004-11-12",
  "docket_number": "",
  "first_page": "434",
  "last_page": "438",
  "citations": [
    {
      "type": "official",
      "cite": "861 A.2d 434"
    }
  ],
  "court": {
    "name_abbreviation": "Pa. Commw. Ct.",
    "id": 11887,
    "name": "Commonwealth Court of Pennsylvania"
  },
  "jurisdiction": {
    "id": 6,
    "name_long": "Pennsylvania",
    "name": "Pa."
  },
  "cites_to": [
    {
      "cite": "700 A.2d 427",
      "category": "reporters:state_regional",
      "reporter": "A.2d",
      "case_ids": [
        17444,
        11899463
      ],
      "year": 1997,
      "opinion_index": 0,
      "case_paths": [
        "/pa/549/0065-01",
        "/a2d/700/0427-01"
      ]
    },
    {
      "cite": "549 Pa. 65",
      "category": "reporters:state",
      "reporter": "Pa.",
      "case_ids": [
        17444
      ],
      "year": 1997,
      "opinion_index": 0,
      "case_paths": [
        "/pa/549/0065-01"
      ]
    },
    {
      "cite": "667 A.2d 499",
      "category": "reporters:state_regional",
      "reporter": "A.2d",
      "case_ids": [
        7862224
      ],
      "opinion_index": 0,
      "case_paths": [
        "/a2d/667/0499-01"
      ]
    },
    {
      "cite": "594 A.2d 847",
      "category": "reporters:state_regional",
      "reporter": "A.2d",
      "case_ids": [
        1419177
      ],
      "year": 1991,
      "opinion_index": 0,
      "case_paths": [
        "/pa-commw/141/0033-01"
      ]
    },
    {
      "cite": "612 A.2d 986",
      "category": "reporters:state_regional",
      "reporter": "A.2d",
      "year": 1992,
      "opinion_index": 0
    },
    {
      "cite": "531 Pa. 648",
      "category": "reporters:state",
      "reporter": "Pa.",
      "year": 1992,
      "opinion_index": 0
    },
    {
      "cite": "606 A.2d 547",
      "category": "reporters:state_regional",
      "reporter": "A.2d",
      "case_ids": [
        1428599
      ],
      "weight": 2,
      "year": 1992,
      "opinion_index": 0,
      "case_paths": [
        "/pa-commw/146/0381-01"
      ]
    },
    {
      "cite": "509 Pa. 267",
      "category": "reporters:state",
      "reporter": "Pa.",
      "case_ids": [
        1795308
      ],
      "weight": 2,
      "year": 1985,
      "pin_cites": [
        {
          "page": "273"
        },
        {
          "page": "1387"
        }
      ],
      "opinion_index": 0,
      "case_paths": [
        "/pa/509/0267-01"
      ]
    },
    {
      "cite": "531 Pa. 287",
      "category": "reporters:state",
      "reporter": "Pa.",
      "case_ids": [
        1834345
      ],
      "weight": 3,
      "year": 1992,
      "pin_cites": [
        {
          "page": "436"
        }
      ],
      "opinion_index": 0,
      "case_paths": [
        "/pa/531/0287-01"
      ]
    }
  ],
  "analysis": {
    "cardinality": 511,
    "char_count": 8488,
    "ocr_confidence": 0.68,
    "pagerank": {
      "raw": 9.615283942336718e-08,
      "percentile": 0.5268058099140143
    },
    "sha256": "7ba9df1d8fbbcfe7764631bc6412e3fc783c96a1ca98da31d0e00eb5ab75cca8",
    "simhash": "1:045c5d1655d67810",
    "word_count": 1314
  },
  "last_updated": "2024-02-27T23:02:56.765441+00:00",
  "provenance": {
    "date_added": "2019-08-29",
    "source": "Harvard",
    "batch": "2018"
  },
  "casebody": {
    "judges": [
      "BEFORE: COLINS, President Judge, McGINLEY, Judge, and McCLOSKEY, Senior Judge."
    ],
    "parties": [
      "Dante J. COLA, Petitioner v. STATE CIVIL SERVICE COMMISSION (DEPARTMENT OF CONSERVATION AND NATURAL RESOURCES and Spring E. Reilly), Respondents."
    ],
    "opinions": [
      {
        "text": "OPINION BY\nPresident Judge COLINS.\nDante J. Cola (Cola) petitions for review of the order of the State Civil Service Commission (Commission) that dismissed Cola\u2019s appeal of his non-selection for the position of Environmental Education Specialist (EES) at Bald Eagle State Park (Bald Eagle). We affirm.\nCola alleges that the reason for his non-selection was sex discrimination. After two hearings held before the Commission on January 7, 2003 and March 31, 2003, the Commission dismissed Cola\u2019s appeal, coneludiiig that he had failed to demonstrate sex discrimination in the selection process for the Bald Eagle EES position. Cola subsequently appealed to this Court.\nThe standard of review involving agency adjudications is limited to a determination of whether constitutional rights have been violated, errors of law have been committed, or whether the findings of the agency are supported by substantial evidence. Bethenergy Mines, Inc. v. Workmens\u2019 Compensation Appeal Board (Skirpan), 531 Pa. 287, 612 A.2d 434 (1992). The reviewing court is not directed to inquire into the administrative agency\u2019s adjudication, but rather only to determine whether it was supported by substantial evidence. Id., at 436. Substantial evidence has been defined as \u201csuch relevant evidence as a reasonable mind might accept as adequate to support a conclusion.\u201d Peak v. Unemployment Compensation Board of Review, 509 Pa. 267, 273, 501 A.2d 1383, 1387 (1985).\nSection 905.1 of the Civil Service Act states that \u201c[n]o officer or employe of the Commonwealth shall discriminate against any person in recruitment, examination, appointment, training, promotion, retention or any other personnel action with respect to the classified service because of political or religious opinions or affiliations or because of labor union affiliations or because of race, national origin or other non-merit factors.\u201d In discrimination claims arising under Section 905.1, the person claiming discrimination in personnel actions has the burden of presenting evidence to support such charge. Dept. of Corrections v. Weaver, 146 Pa.Cmwlth. 381, 606 A.2d 547, petition for review denied 531 Pa. 648, 612 A.2d 986 (1992). If the claimant alleging employment discrimination establishes a prima facie case, the burden shifts to the appointing authority to clearly advance legitimate nondiscriminatory reasons for the personnel action. Com. Dept. of Health v. Nwogwugwu, 141 Pa.Cmwlth. 33, 594 A.2d 847 (1991). The claimant can make a prima facie case of sex discrimination by producing sufficient evidence that, if believed and unexplained, indicates that more likely than not discrimination has occurred. Dept. of Environmental Resources v. Bowman, 667 A.2d 499 (Pa.Cmwlth.1995), reversed in part, 549 Pa. 65, 700 A.2d 427 (1997).\nCola was hired as a Park Ranger I at Bald Eagle in 1990 and was promoted to Park Manager I in 1994. Cola held the Park Manager I position when he applied for, and was interviewed for, the EES position.\nIn 1996, Bald Eagle hired its first EES. Prior to that time Cola had performed all EES-type duties at Bald Eagle. In 2002, the EES position at Bald Eagle was vacant, and the appointing authority posted the position for bidding. In April 2002, Cola bid for the position. Also in April 2002, Spring Reilly (Reilly) and Timothy Morey (Morey) bid for the same EES position at Bald Eagle. Ten candidates, including Cola, Reilly, and Morey, were selected for interviews. Ultimately, the appointing authority unanimously selected Reilly for the position, and Morey was ranked second. No other candidates were ranked, and only the selected applicant\u2019s references were reviewed.\nThe minimum experience and training requirements for the EES position include a bachelor\u2019s degree in environmental education, education, natural sciences, social sciences, or parks and recreation, or any equivalent combination of training and experience. Of those who bid, seven males and three females, were selected to be interviewed. Each candidate interviewed was found to be qualified for the EES position prior to being offered an interview. The interview was considered the crucial element in selecting the appropriate candidate. All candidates were asked the same questions. In addition, any environmental education program provided by the State was required to address the Department of Education\u2019s Academic Standards for Environment and Ecology. Knowledge of these standards and awareness of their importance was considered vital to finding the appropriate candidate for the EES position at Bald Eagle because of its central location in the state.\nDuring the two hearings before the Commission, Cola presented no evidence to demonstrate unequal treatment in the interviewing process, from which the ultimate selection for the EES position was made. All applicants were asked the same questions and evaluated upon their responses to those questions. The interviewing panel members have testified that Reilly did the best job of answering the questions asked by showing that she understood the Department of Education\u2019s Academic Standards for Environment and Ecology, and she asked pertinent questions on what goals were set for Bald Eagle\u2019s EES. This testimony is not disputed and was found credible by the Commission.\nCola has failed to demonstrate anything in the interviewing process that creates an inference of discrimination. Rather, Cola relied on his own testimony, along with that of one former Park Manager at Bald Eagle, another current Park Manager from a different park, and the program director of Shaver\u2019s Creek Environmental Center at Pennsylvania State University. None of those who testified had anything to do with the selection process for the Bald Eagle EES position at issue in this case. In fact, Cola\u2019s own witness, the Park Manager from Little Buffalo State Park, testified that he had selected a male candidate for an EES position from a pool of six men and one female. The female candidate withdrew prior to the selection, but Cola\u2019s witness testified that he would have made the same selection regardless.\nIn addition to this testimony, Cola submitted documentation relating to other EES positions and the appointing authority\u2019s Equal Employment Opportunity Plan in support of his sex discrimination claim. According to the record, the current statistics on EES positions throughout the state show that 42 females and 28 males currently hold EES positions. While this indicates that the EES positions have been filled with over 70 percent females, this does not necessarily demonstrate discrimination without more evidence. Indeed, a closer inspection of these statistics demonstrates that 18 females and 16 males hold full-time, salaried EES positions, like the one at issue in this case. And there are four females and seven males in supervisory EES positions. Moreover, the fact that the Equal Opportunity Plan for the EES position established an equal opportunity objective for females is not evidence of sex discrimination without more. Equal opportunity objectives also exist for African American males in the EES position. Also, the Court notes from the record that two of the three persons on the interviewing panel, which selected Reilly, testified that they were not even aware of the appointing authority\u2019s Equal Opportunity Plan as it related to females in the EES position. Therefore, Cola has failed to carry his burden of establishing a prima facie case and the burden of proof has not shifted to the appointing authority. Weaver, 146 Pa.Cmwlth. 381, 606 A.2d 547; thus, it is unnecessary to address the evidence presented by the appointing authority-\nAccordingly, we affirm the Commission\u2019s order.\nORDER\nAND NOW, this 12th day of November 2004, the order of the Civil Service Commission is affirmed.\n. Section 905.1 of the Civil Service Law, Act of August 5, 1941, P.L. 752, as amended, 71 P.S. \u00a7 741.905a., added by Section 25 of the Act of August 27, 1963, P.L. 1257.",
        "type": "majority",
        "author": "President Judge COLINS."
      }
    ],
    "attorneys": [
      "Elliot A. Strokoff, Harrisburg, for petitioner.",
      "Virginia J. Davison, Harrisburg, for respondent, Dept, of Conservation and Natural Resources.",
      "John F. Yaninek, Harrisburg, for respondent, S. Reilly."
    ],
    "corrections": "",
    "head_matter": "Dante J. COLA, Petitioner v. STATE CIVIL SERVICE COMMISSION (DEPARTMENT OF CONSERVATION AND NATURAL RESOURCES and Spring E. Reilly), Respondents.\nCommonwealth Court of Pennsylvania.\nArgued Sept. 7, 2004.\nDecided Nov. 12, 2004.\nElliot A. Strokoff, Harrisburg, for petitioner.\nVirginia J. Davison, Harrisburg, for respondent, Dept, of Conservation and Natural Resources.\nJohn F. Yaninek, Harrisburg, for respondent, S. Reilly.\nBEFORE: COLINS, President Judge, McGINLEY, Judge, and McCLOSKEY, Senior Judge."
  },
  "file_name": "0434-01",
  "first_page_order": 468,
  "last_page_order": 472
}
