{
  "id": 7896028,
  "name": "Robert W. BARNEY v. STATE TAX ASSESSOR",
  "name_abbreviation": "Barney v. State Tax Assessor",
  "decision_date": "1985-04-02",
  "docket_number": "",
  "first_page": "223",
  "last_page": "226",
  "citations": [
    {
      "type": "official",
      "cite": "490 A.2d 223"
    }
  ],
  "court": {
    "name_abbreviation": "Me.",
    "id": 9543,
    "name": "Maine Supreme Judicial Court"
  },
  "jurisdiction": {
    "id": 42,
    "name_long": "Maine",
    "name": "Me."
  },
  "cites_to": [
    {
      "cite": "422 U.S. 332",
      "category": "reporters:federal",
      "reporter": "U.S.",
      "case_ids": [
        9525
      ],
      "weight": 3,
      "year": 1975,
      "pin_cites": [
        {
          "page": "343-45"
        },
        {
          "page": "2289"
        }
      ],
      "opinion_index": 0,
      "case_paths": [
        "/us/422/0332-01"
      ]
    },
    {
      "cite": "15 L.Ed.2d 12",
      "category": "reporters:federal",
      "reporter": "L. Ed. 2d",
      "year": 1965,
      "opinion_index": 0
    },
    {
      "cite": "86 S.Ct. 57",
      "category": "reporters:federal",
      "reporter": "S. Ct.",
      "year": 1965,
      "opinion_index": 0
    },
    {
      "cite": "382 U.S. 16",
      "category": "reporters:federal",
      "reporter": "U.S.",
      "case_ids": [
        6167674,
        6167756
      ],
      "year": 1965,
      "opinion_index": 0,
      "case_paths": [
        "/us/382/0016-01",
        "/us/382/0016-02"
      ]
    },
    {
      "cite": "241 Or. 580",
      "category": "reporters:state",
      "reporter": "Or.",
      "case_ids": [
        2121542
      ],
      "weight": 4,
      "year": 1964,
      "opinion_index": 0,
      "case_paths": [
        "/or/241/0580-01"
      ]
    },
    {
      "cite": "1 L.Ed.2d 38",
      "category": "reporters:federal",
      "reporter": "L. Ed. 2d",
      "year": 1956,
      "opinion_index": 0
    },
    {
      "cite": "77 S.Ct. 47",
      "category": "reporters:federal",
      "reporter": "S. Ct.",
      "year": 1956,
      "opinion_index": 0
    },
    {
      "cite": "352 U.S. 805",
      "category": "reporters:federal",
      "reporter": "U.S.",
      "case_ids": [
        6163218,
        6163175,
        6163327,
        6163271
      ],
      "year": 1956,
      "opinion_index": 0,
      "case_paths": [
        "/us/352/0805-02",
        "/us/352/0805-01",
        "/us/352/0805-04",
        "/us/352/0805-03"
      ]
    },
    {
      "cite": "133 N.E.2d 711",
      "category": "reporters:state_regional",
      "reporter": "N.E.2d",
      "opinion_index": 0
    },
    {
      "cite": "150 N.Y.S.2d 203",
      "category": "reporters:state",
      "reporter": "N.Y.S.2d",
      "opinion_index": 0
    },
    {
      "cite": "1 N.Y.2d 680",
      "category": "reporters:state",
      "reporter": "N.Y.2d",
      "case_ids": [
        2241525
      ],
      "opinion_index": 0,
      "case_paths": [
        "/ny-2d/1/0680-01"
      ]
    },
    {
      "cite": "146 N.Y.S.2d 172",
      "category": "reporters:state",
      "reporter": "N.Y.S.2d",
      "opinion_index": 0
    },
    {
      "cite": "286 A.D. 694",
      "category": "reporters:state",
      "reporter": "A.D.",
      "case_ids": [
        2927279
      ],
      "opinion_index": 0,
      "case_paths": [
        "/ad/286/0694-01"
      ]
    },
    {
      "cite": "67 L.Ed.2d 610",
      "category": "reporters:federal",
      "reporter": "L. Ed. 2d",
      "year": 1981,
      "pin_cites": [
        {
          "parenthetical": "upholding New Mexico's proration scheme"
        }
      ],
      "opinion_index": 0
    },
    {
      "cite": "101 S.Ct. 1475",
      "category": "reporters:federal",
      "reporter": "S. Ct.",
      "year": 1981,
      "pin_cites": [
        {
          "parenthetical": "upholding New Mexico's proration scheme"
        }
      ],
      "opinion_index": 0
    },
    {
      "cite": "450 U.S. 961",
      "category": "reporters:federal",
      "reporter": "U.S.",
      "case_ids": [
        6304132,
        6303597,
        6304405,
        6303862,
        6303381,
        6303157,
        6302941
      ],
      "year": 1981,
      "pin_cites": [
        {
          "parenthetical": "upholding New Mexico's proration scheme"
        }
      ],
      "opinion_index": 0,
      "case_paths": [
        "/us/450/0961-06",
        "/us/450/0961-04",
        "/us/450/0961-07",
        "/us/450/0961-05",
        "/us/450/0961-03",
        "/us/450/0961-02",
        "/us/450/0961-01"
      ]
    },
    {
      "cite": "94 N.M. 802",
      "category": "reporters:state",
      "reporter": "N.M.",
      "case_ids": [
        1573106
      ],
      "weight": 2,
      "pin_cites": [
        {
          "page": "1319"
        }
      ],
      "opinion_index": 0,
      "case_paths": [
        "/nm/94/0802-01"
      ]
    },
    {
      "cite": "455 A.2d 57",
      "category": "reporters:state_regional",
      "reporter": "A.2d",
      "case_ids": [
        7957728
      ],
      "opinion_index": 0,
      "case_paths": [
        "/a2d/455/0057-01"
      ]
    },
    {
      "cite": "252 U.S. 60",
      "category": "reporters:federal",
      "reporter": "U.S.",
      "case_ids": [
        551428
      ],
      "weight": 6,
      "year": 1920,
      "pin_cites": [
        {
          "page": "75-76"
        },
        {
          "page": "230"
        },
        {
          "page": "75-76"
        },
        {
          "page": "230"
        },
        {
          "page": "79-81"
        }
      ],
      "opinion_index": 0,
      "case_paths": [
        "/us/252/0060-01"
      ]
    },
    {
      "cite": "420 U.S. 656",
      "category": "reporters:federal",
      "reporter": "U.S.",
      "case_ids": [
        11644421
      ],
      "weight": 7,
      "year": 1975,
      "pin_cites": [
        {
          "page": "665"
        },
        {
          "page": "1197"
        },
        {
          "page": "664"
        },
        {
          "page": "1197"
        },
        {
          "page": "662, n. 8"
        },
        {
          "page": "1195, n. 8"
        }
      ],
      "opinion_index": 0,
      "case_paths": [
        "/us/420/0656-01"
      ]
    },
    {
      "cite": "252 U.S. 37",
      "category": "reporters:federal",
      "reporter": "U.S.",
      "case_ids": [
        551414
      ],
      "weight": 9,
      "year": 1920,
      "pin_cites": [
        {
          "page": "57"
        },
        {
          "page": "227"
        },
        {
          "page": "52"
        },
        {
          "page": "225"
        },
        {
          "page": "57"
        },
        {
          "page": "227"
        },
        {
          "page": "57"
        },
        {
          "page": "57"
        }
      ],
      "opinion_index": 0,
      "case_paths": [
        "/us/252/0037-01"
      ]
    },
    {
      "cite": "539 F.2d 301",
      "category": "reporters:federal",
      "reporter": "F.2d",
      "case_ids": [
        1039689
      ],
      "pin_cites": [
        {
          "page": "308"
        }
      ],
      "opinion_index": 0,
      "case_paths": [
        "/f2d/539/0301-01"
      ]
    },
    {
      "cite": "97 L.Ed. 617",
      "category": "reporters:federal",
      "reporter": "L. Ed.",
      "year": 1953,
      "opinion_index": 0
    },
    {
      "cite": "344 U.S. 624",
      "category": "reporters:federal",
      "reporter": "U.S.",
      "case_ids": [
        11300925
      ],
      "weight": 2,
      "year": 1953,
      "pin_cites": [
        {
          "page": "627-28"
        },
        {
          "page": "467"
        }
      ],
      "opinion_index": 0,
      "case_paths": [
        "/us/344/0624-01"
      ]
    },
    {
      "cite": "4 U.S.C. \u00a7 106",
      "category": "laws:leg_statute",
      "reporter": "U.S.C.",
      "opinion_index": 0
    },
    {
      "cite": "282 A.2d 597",
      "category": "reporters:state_regional",
      "reporter": "A.2d",
      "case_ids": [
        8075175
      ],
      "opinion_index": 0,
      "case_paths": [
        "/a2d/282/0597-01"
      ]
    }
  ],
  "analysis": {
    "cardinality": 585,
    "char_count": 9357,
    "ocr_confidence": 0.788,
    "pagerank": {
      "raw": 1.1217246614665676e-07,
      "percentile": 0.5736220528687194
    },
    "sha256": "dfd13c1ed76cca0677be4fa207b809d38298a832cfb380ea8b879530ce874109",
    "simhash": "1:73eb48701c8307c3",
    "word_count": 1546
  },
  "last_updated": "2024-02-27T20:26:06.575170+00:00",
  "provenance": {
    "date_added": "2019-08-29",
    "source": "Harvard",
    "batch": "2018"
  },
  "casebody": {
    "judges": [
      "Before McKUSICK, C.J., and NICHOLS, VIOLETTE, WATHEN, GLASSMAN and SCOLNIK, JJ."
    ],
    "parties": [
      "Robert W. BARNEY v. STATE TAX ASSESSOR."
    ],
    "opinions": [
      {
        "text": "SCOLNIK, Justice.\nRobert W. Barney, a New Hampshire resident, appeals from a judgment of the Superior Court, York County, affirming a decision of the State Tax Assessor that denied a refund of his Maine income tax for the years 1980 and 1981. Barney challenges the authority of the State to tax his income earned at the Portsmouth Naval Shipyard, a federal enclave within Maine, on the alleged ground that it has not regained the jurisdiction to tax there that it ceded to the federal government in 1863. He further argues that the Privileges and Immunities Clause of Article IV of the United States Constitution bars Maine from prorating his deductions and exemptions according to the ratio of his Maine-earned to total income. Finding no merit in either contention, we affirm the judgment.\nAppellant\u2019s first contention is disposed of by our decision in Morse v. Johnson, 282 A.2d 597 (Me.1971). By the Buck Act, 4 U.S.C. \u00a7 106, Congress in 1940 receded to Maine the jurisdiction to tax all incomes earned in a federal enclave within the State\u2019s geographical boundaries. Howard v. Commissioners of Sinking Fund of City of Louisville, 344 U.S. 624, 627-28, 73 S.Ct. 465, 467, 97 L.Ed. 617 (1953); United States v. Lewisburg Area School Dist., 539 F.2d 301, 308 (3d Cir.1976). The Act removed the dam of federal exclusivity to that extent, allowing Maine\u2019s jurisdiction to flow back. See 1 M.R.S.A. \u00a7 1.\nBarney and his wife earned in Maine 74% of the \u201cadjusted gross income\u201d declared on their federal tax return in 1980, and 72.5% in 1981. Accordingly, they were permitted by 36 M.R.S.A. \u00a7\u00a7 5144-A and 5145 to deduct and exempt on their Maine income tax returns only 74 and 72.5 percent respectively of the deductions and exemptions they would have been allowed as residents by 36 M.R.S.A. \u00a7\u00a7 5125 and 5126 in those years. They were, of course, only required to pay tax to Maine on the portion of their income earned in Maine, since their New Hampshire income is constitutionally beyond this State\u2019s reach. Shaffer v. Carter, 252 U.S. 37, 57, 40 S.Ct. 221, 227, 64 L.Ed. 445 (1920). The balance of their income was presumably entirely tax-free, since New Hampshire levies no State tax on earned income. They had, therefore, no other opportunity to claim any tax benefits beyond the portion allowed them by Maine.\nConcluding that Maine thereby denied them \u201csubstantial equality of treatment\u201d with its own residents, without a justification satisfying the ideal of interstate comity enforced by the Privileges and Immunities Clause, Austin v. New Hampshire, 420 U.S. 656, 665, 95 S.Ct. 1191, 1197, 43 L.Ed.2d 530 (1975), the Barneys claim a refund of the amount by which their tax would have been reduced had they been allowed 100% of a resident\u2019s deductions: a total of $271.52. We think that, not only is Maine\u2019s proration scheme \u201cnot more onerous in its effect\u201d upon non-residents, Shaffer v. Carter, 252 U.S. at 52, 40 S.Ct. at 225, but it also effectuates a clearly sufficient State purpose, viz., \u201cfunding\u201d no more than that share of tax benefits that is attributable to income earned within, and therefore taxable by, Maine. Id. at 57, 40 S.Ct. at 227; Travis v. Yale & Towne Mfg. Co., 252 U.S. 60, 75-76, 40 S.Ct. 228, 230, 64 L.Ed. 460 (1920).\nWe do not agree with the appellant that Maine\u2019s scheme imposes a higher effective rate of tax on non-residents than on similarly situated residents. A resident and a non-resident are \u201csimilarly situated\u201d when they have the same total income. Maine prorates deductions and exemptions exactly in proportion to the share of total income that it constitutionally may tax. This ensures that, like the non-resident in Shaffer v. Carter, the taxpayer is \u201ccalled upon to make no more than his ratable contribution to the support of the state government.\u201d Austin, 420 U.S. at 664, 95 S.Ct. at 1197. Maine\u2019s scheme is neutral in its effect on residents and non-residents. Looking at any non-resident taxpayer\u2019s total income, it is clear that any variation between his effective rate and that of a similarly situated Maine resident will depend on his own State\u2019s base rate and tax benefit policy. In fact, like the appellant here, every New Hampshire resident whose income is partly earned in Maine and partly in New Hampshire will incur a lower effective tax rate on his total income than the similarly situated Maine resident. Maine\u2019s approach does not impose a greater burden on nonresidents as a class, nor on any single taxpayer because he is not a resident.\nIn arguing that Maine must allow him the deductions and exemptions taken by a resident with the same Maine adjusted gross income, irrespective of how much other income he has, the appellant misapprehends the nature of deductions and exemptions. They are nothing but tax benefits, without any independent existence. The extent of Barney\u2019s eligibility for them is properly linked to the extent of his liability for taxes.\nThe United States Supreme Court has held that a State need not allow deductions not incurred in producing income within the State. Shaffer v. Carter, 252 U.S. at 57, 40 S.Ct. at 227. The companion case refuted the argument that New York improperly denied a deduction for home mortgage interest paid in Connecticut because, \u201cthere is no unconstitutional discrimination against citizens of other states in confining the deduction of expenses, losses, etc. in the case of non-resident taxpayers to such as are connected with income arising from sources within the taxing state_\u201d Travis v. Yale & Towne Mfg. Co., 252 U.S. at 75-76, 40 S.Ct. at 230. Maine takes a more generous approach. Recognizing that, like Barney, a non-resident taxpayer may have more \u201cpersonal\u201d than \u201cbusiness\u201d deductions, Maine allows that portion that is funded by income earned in Maine. Gordon v. State Tax Assessor, 455 A.2d 57 (Me.1983). The best way to determine for all taxpayers what portion is attributable to Maine-earned income is to prorate that income against the taxpayer\u2019s total income.\nThe same approach is taken with \u201cpersonal exemptions,\u201d tax benefits that compensate for the cost of living, not the cost of producing income. While Maine may not entirely deny exemptions to all non-resident taxpayers, Travis v. Yale & Towne Mfg. Co., 252 U.S. at 79-81, 40 S.Ct. at 231-232, it may disallow that portion that corresponds to their actual out-of-state income. See id. at 81, 40 S.Ct. at 232; Lung v. O\u2019Chesky, 94 N.M. 802, 617 P.2d 1317, 1319 (N.M.1980), app. dis., 450 U.S. 961, 101 S.Ct. 1475, 67 L.Ed.2d 610 (1981) (upholding New Mexico\u2019s proration scheme). Maine\u2019s obligation to fund no more than a pro-rata share of a non-resident\u2019s tax benefits is a \u201cnecessary corollary\u201d of the constitutional prohibition against taxing his out-of-State income. Goodwin v. State Tax Comm\u2019n, 146 N.Y.S.2d at 177; Shaffer v. Carter, 252 U.S. at 57, 40 S.Ct. at 227.\nThe entry is:\nJudgment affirmed.\nAll concurring.\n. 36 M.R.S.A. \u00a7 5144-A provides that,\n[t]he itemized deductions of a non-resident individual shall be determined in accordance with the provisions for a resident individual as contained in section 5125 and multiplied by a percentage arrived at by dividing the non-resident's adjusted gross income from sources within this State by his adjusted gross income he would be required to report if he were a resident.\n36 M.R.S.A. \u00a7 5145 provides that,\n[a] non-resident individual shall be allowed the personal exemptions allowed to resident individuals under section 5126, multiplied by a percentage arrived at by dividing the nonresident individual's adjusted gross income from sources within this State by his adjusted gross income he would be required to report if he were a resident.\n. Article IV, Section 2, Clause 1 of the United States Constitution provides that \"[t]he Citizens of each State shall be entitled to all Privileges and Immunities of Citizens in the several States.\u201d\n\"For purposes of analyzing a taxing scheme under the Privileges and Immunities Clause the terms \u2018citizen\u2019 and \u2018resident\u2019 are essentially interchangeable.\u201d Austin v. New Hampshire, 420 U.S. at 662, n. 8, 95 S.Ct. at 1195, n. 8.\n. Several States have followed these decisions in denying non-residents any deductions not connected with producing income within the taxing State. See, e.g., Goodwin v. State Tax Comm'n, 286 A.D. 694, 146 N.Y.S.2d 172 (App.Div.1955), aff\u2019d mem., 1 N.Y.2d 680, 150 N.Y.S.2d 203, 133 N.E.2d 711 (N.Y.1956), app. dis., 352 U.S. 805, 77 S.Ct. 47, 1 L.Ed.2d 38 (1956); Berry v. State Tax Comm'n, 241 Or. 580, 397 P.2d 780 (1964), reh. den., 241 Or. 580, 399 P.2d 164, app. dis., 382 U.S. 16, 86 S.Ct. 57, 15 L.Ed.2d 12 (1965). In each of those cases the United States Supreme Court rendered a decision on the merits of the Privileges and Immunities Clause challenge by dismissing the appeal for want of a substantial federal question. Hicks v. Miranda, 422 U.S. 332, 343-45, 95 S.Ct. 2281, 2289, 45 L.Ed.2d 223 (1975).",
        "type": "majority",
        "author": "SCOLNIK, Justice."
      }
    ],
    "attorneys": [
      "Nutter, McClennen & Fish, Joseph J. Hurley (orally), Stuart R. Malis, Boston, Mass., Ralph A. Dyer, Portland, for plaintiff.",
      "James E. Tierney, Atty. Gen., Clifford B. Olson, Asst. Atty. Gen. (orally), Augusta, for defendant."
    ],
    "corrections": "",
    "head_matter": "Robert W. BARNEY v. STATE TAX ASSESSOR.\nSupreme Judicial Court of Maine.\nArgued March 15, 1985.\nDecided April 2, 1985.\nNutter, McClennen & Fish, Joseph J. Hurley (orally), Stuart R. Malis, Boston, Mass., Ralph A. Dyer, Portland, for plaintiff.\nJames E. Tierney, Atty. Gen., Clifford B. Olson, Asst. Atty. Gen. (orally), Augusta, for defendant.\nBefore McKUSICK, C.J., and NICHOLS, VIOLETTE, WATHEN, GLASSMAN and SCOLNIK, JJ."
  },
  "file_name": "0223-01",
  "first_page_order": 277,
  "last_page_order": 280
}
