{
  "id": 7901589,
  "name": "STATE of Delaware v. Thomas B. WYNN, Defendant",
  "name_abbreviation": "State v. Wynn",
  "decision_date": "1985-02-22",
  "docket_number": "",
  "first_page": "605",
  "last_page": "610",
  "citations": [
    {
      "type": "official",
      "cite": "490 A.2d 605"
    }
  ],
  "court": {
    "name_abbreviation": "Del. Super. Ct.",
    "id": 9286,
    "name": "Delaware Superior Court"
  },
  "jurisdiction": {
    "id": 8,
    "name_long": "Delaware",
    "name": "Del."
  },
  "cites_to": [
    {
      "cite": "295 F.2d 743",
      "category": "reporters:federal",
      "reporter": "F.2d",
      "case_ids": [
        221694
      ],
      "year": 1961,
      "opinion_index": 0,
      "case_paths": [
        "/f2d/295/0743-01"
      ]
    },
    {
      "cite": "362 U.S. 402",
      "category": "reporters:federal",
      "reporter": "U.S.",
      "case_ids": [
        6164747
      ],
      "weight": 3,
      "year": 1960,
      "opinion_index": 0,
      "case_paths": [
        "/us/362/0402-01"
      ]
    },
    {
      "cite": "383 U.S. 375",
      "category": "reporters:federal",
      "reporter": "U.S.",
      "case_ids": [
        6171240
      ],
      "weight": 4,
      "year": 1966,
      "opinion_index": 0,
      "case_paths": [
        "/us/383/0375-01"
      ]
    },
    {
      "cite": "344 A.2d 251",
      "category": "reporters:state_regional",
      "reporter": "A.2d",
      "case_ids": [
        8056904
      ],
      "year": 1975,
      "opinion_index": 0,
      "case_paths": [
        "/a2d/344/0251-01"
      ]
    },
    {
      "cite": "481 F.2d 94",
      "category": "reporters:federal",
      "reporter": "F.2d",
      "case_ids": [
        1318086
      ],
      "year": 1973,
      "opinion_index": 0,
      "case_paths": [
        "/f2d/481/0094-01"
      ]
    },
    {
      "cite": "354 F.Supp. 1060",
      "category": "reporters:federal",
      "reporter": "F. Supp.",
      "case_ids": [
        3457411
      ],
      "year": 1972,
      "opinion_index": 0,
      "case_paths": [
        "/f-supp/354/1060-01"
      ]
    },
    {
      "cite": "275 A.2d 777",
      "category": "reporters:state_regional",
      "reporter": "A.2d",
      "case_ids": [
        8106961
      ],
      "year": 1971,
      "opinion_index": 0,
      "case_paths": [
        "/a2d/275/0777-01"
      ]
    },
    {
      "cite": "391 F.2d 460",
      "category": "reporters:federal",
      "reporter": "F.2d",
      "case_ids": [
        3578912,
        2103162
      ],
      "weight": 2,
      "year": 1968,
      "opinion_index": 0,
      "case_paths": [
        "/f2d/391/0460-01"
      ]
    },
    {
      "cite": "465 A.2d 912",
      "category": "reporters:state_regional",
      "reporter": "A.2d",
      "year": 1983,
      "opinion_index": 0
    },
    {
      "cite": "123 N.H. 719",
      "category": "reporters:state",
      "reporter": "N.H.",
      "case_ids": [
        2350127
      ],
      "year": 1983,
      "opinion_index": 0,
      "case_paths": [
        "/nh/123/0719-01"
      ]
    },
    {
      "cite": "444 A.2d 404",
      "category": "reporters:state_regional",
      "reporter": "A.2d",
      "case_ids": [
        7964177
      ],
      "year": 1982,
      "opinion_index": 0,
      "case_paths": [
        "/a2d/444/0404-01"
      ]
    },
    {
      "cite": "482 A.2d 436",
      "category": "reporters:state_regional",
      "reporter": "A.2d",
      "case_ids": [
        7904336
      ],
      "weight": 2,
      "year": 1984,
      "opinion_index": 0,
      "case_paths": [
        "/a2d/482/0436-01"
      ]
    },
    {
      "cite": "443 A.2d 108",
      "category": "reporters:state_regional",
      "reporter": "A.2d",
      "year": 1982,
      "opinion_index": 0
    },
    {
      "cite": "293 Md. 247",
      "category": "reporters:state",
      "reporter": "Md.",
      "case_ids": [
        1971096
      ],
      "year": 1982,
      "opinion_index": 0,
      "case_paths": [
        "/md/293/0247-01"
      ]
    },
    {
      "cite": "256 A.2d 752",
      "category": "reporters:state_regional",
      "reporter": "A.2d",
      "case_ids": [
        8090134
      ],
      "year": 1969,
      "opinion_index": 0,
      "case_paths": [
        "/a2d/256/0752-01"
      ]
    },
    {
      "cite": "56 L.Ed.2d 406",
      "category": "reporters:federal",
      "reporter": "L. Ed. 2d",
      "year": 1978,
      "opinion_index": 0
    },
    {
      "cite": "98 S.Ct. 2241",
      "category": "reporters:federal",
      "reporter": "S. Ct.",
      "year": 1978,
      "opinion_index": 0
    },
    {
      "cite": "436 U.S. 908",
      "category": "reporters:federal",
      "reporter": "U.S.",
      "case_ids": [
        1490277,
        1490183,
        1490665,
        1490380,
        1490604,
        1490670,
        1490607,
        1490222,
        1490161,
        1490226,
        1490540,
        1490516,
        1490360,
        1490617
      ],
      "year": 1978,
      "opinion_index": 0,
      "case_paths": [
        "/us/436/0908-10",
        "/us/436/0908-03",
        "/us/436/0908-12",
        "/us/436/0908-02",
        "/us/436/0908-04",
        "/us/436/0908-13",
        "/us/436/0908-07",
        "/us/436/0908-06",
        "/us/436/0908-01",
        "/us/436/0908-08",
        "/us/436/0908-14",
        "/us/436/0908-05",
        "/us/436/0908-09",
        "/us/436/0908-11"
      ]
    },
    {
      "cite": "378 A.2d 117",
      "category": "reporters:state_regional",
      "reporter": "A.2d",
      "case_ids": [
        7980944
      ],
      "year": 1977,
      "opinion_index": 0,
      "case_paths": [
        "/a2d/378/0117-01"
      ]
    },
    {
      "cite": "410 A.2d 500",
      "category": "reporters:state_regional",
      "reporter": "A.2d",
      "case_ids": [
        7982746
      ],
      "year": 1979,
      "opinion_index": 0,
      "case_paths": [
        "/a2d/410/0500-01"
      ]
    }
  ],
  "analysis": {
    "cardinality": 742,
    "char_count": 15599,
    "ocr_confidence": 0.785,
    "pagerank": {
      "raw": 1.3738940687379014e-07,
      "percentile": 0.6390725868573804
    },
    "sha256": "d0ad016e56618a6a6217d3115bf717eaac31b9f250c185b1c5536a08074a430b",
    "simhash": "1:cf36a3dcd7a2e82d",
    "word_count": 2548
  },
  "last_updated": "2024-02-27T20:26:06.575170+00:00",
  "provenance": {
    "date_added": "2019-08-29",
    "source": "Harvard",
    "batch": "2018"
  },
  "casebody": {
    "judges": [],
    "parties": [
      "STATE of Delaware v. Thomas B. WYNN, Defendant."
    ],
    "opinions": [
      {
        "text": "O\u2019HARA, Judge.\nOn September 14,1983, Thomas B. Wynn (\u201cdefendant\u201d) was indicted on two counts of Attempted Murder in the First Degree, in violation of 11 Del.C. \u00a7\u00a7 531 and 636, and one count of Possession of a Deadly Weapon During the Commission of a Felony, in violation of 11 Del.C. \u00a7 1447. The indictment charges that defendant attempted to murder his wife on May 11, 1983, by placing capsules of Drano among capsules of her prescription drug, and again on August 7, 1983, by shooting her in the back of the neck while she was sleeping.\nFollowing the August 17 incident, defendant gave a taped statement to the Newark police, confessing to the crimes. At the present time, however, defendant maintains his innocence. While he contends that the person on the tape does not sound like him, defendant suggests that if it is him, he must have been drugged by the police. Defendant insists that the police were anxious to \u201cclear the books\u201d, and in their zeal, \u201cset [him] up.\u201d He maintains that \u201cGod is on [his] ... side\u201d, and eventually will secure his acquittal.\nIn March, 1984, defendant retained Dr. Cono Galliani, a licensed psychologist, to determine whether defendant lacked the \u201crequisite mental capacity\u201d at the time of the alleged offenses and at the time of his statement to police; and to determine whether defendant could participate in his defense. After meeting with defendant on two separate occasions during March, Dr. Galliani concluded that defendant was aware of what he was doing at the time of the alleged offenses and at the time of his statement to police. He also concluded that defendant has a factual understanding of the charges and a rational understanding of the proceedings against him.\nWith respect to defendant\u2019s ability to assist counsel, however, Dr. Galliani reported that:\nI believe he [defendant] cannot assist counsel in preparing a defense. His apparently vehement belief that he was not the one interviewed by ... [the police], that it is not his voice on the tape, or that, if it is his voice, he, therefore, must have been drugged by the police to clear the record is tantamount to a delusional system which could seriously hamper his rational involvement ...\nThe delusional system apparently served the purpose of exonerating himself [sic] from morally unacceptable acts. Basically, he perceives himself to be an extremely religious individual \u2014 \u201ca disciple of God\u201d \u2014 and he believes further ... that he is being put through an ordeal ... \u201ca trial and tribulation to test (him).\u201d ... After the \u201cconfession,\u201d and, quite possibly, upon further (religious) meditation, the confession was (delusionally) eradicated from his \u201cmind,\u201d but. in order for the incident to make sense, the' events were reconstructed \u2014 at an unconscious level \u2014 through a delusion.\nDr. Galliani considered, but rejected, the possibility that defendant is malingering. He based his opinion on the fact that defendant is \u201cnot especially intellectually astute\u201d, and on the fact that psychological testing of defendant indicated a chronic state of maladjustment.\nIn response to Dr. Galliani\u2019s report; the State moved for a mental examination of defendant. The Court granted the motion, and on two separate occasions during May, 1984, defendant was interviewed by Dr. Kutas Dogan, a psychiatrist at the Delaware State Hospital. Dr. Dogan reported that she could not offer a precise opinion regarding defendant\u2019s mental capacity at the time of the alleged offenses without further evaluation, although she did report that, judging from defendant\u2019s statement to police, it appears that he was generally in contact with his surroundings, whereabouts, and actions at the time of the alleged offenses. Like Dr. Galliani, Dr. Do-gan concluded that the defendant' understood what he was doing at the time of his statement to police. Dr. Dogan similarly concluded that while defendant has a basic understanding of court proceedings generally and of the nature of the charges against him, his \u201cparanoid and delusional ideas [i.e., that he was \u201cset-up\u201d, God is on his side, and God will secure his acquittal] are of a sufficient severity to impair his capacity to relate to his attorney in a rational manner and to advise his attorney adequately in preparation of an effective defense.\u201d\nBoth the State and the defense have submitted memoranda on the issue of defendant\u2019s competency to stand trial at the present time. In addition, a hearing was held on November 13, and 14, 1984, at which Drs. Galliani and Dogan were the sole witnesses.\nBased on the findings of Drs. Galliani and Dogan, defendant argues that he suffers from a mental illness or mental defect (a delusion) which renders him incapable of assisting counsel in the preparation of his defense, see 11 Del. C. \u00a7 404(a), and therefore, incompetent to stand trial. The State, on the other hand, contends that defendant\u2019s \u201cdelusional system\u201d simply results in amnesia concerning the circumstances of the alleged offenses, a condition which does not, as a matter of law, render defendant incompetent to stand trial. Wilson v. United States, D.C.Cir., 391 F.2d 460 (1968); Parson v. State, Del.Supr., 275 A.2d 777 (1971), petition for writ of habeas corpus denied sub nom. United States Ex Rel. Parson v. Anderson, D.Del., 354 F.Supp. 1060 (1972), aff'd, 3d Cir., 481 F.2d 94 (1973); see also Smith v. State, Del. Supr., 344 A.2d 251 (1975). While defendant rejects the State\u2019s amnesia argument on the ground that defendant, unlike an amnesiac, cannot rationally evaluate the evidence presented, he argues that even if the Court accepts the State\u2019s argument, he should be ruled incompetent to stand trial since his lack of memory concerns the circumstances of the alleged offenses. Wilson v. United States, supra; Parson v. State, supra.\nDue process requires that a defendant be competent to stand trial. See Pate v. Robinson, 383 U.S. 375, 86 S.Ct. 836, 15 L.Ed.2d 815 (1966). The test of legal competency is whether the defendant has sufficient present ability to consult with his lawyer with a reasonable degree of rational understanding and whether he has a rational as well as factual understanding of the proceedings against him. Dusky v. United States, 362 U.S. 402, 80 S.Ct. 788, 4 L.Ed.2d 824 (1960), conviction aff\u2019d after new trial, 8th Cir., 295 F.2d 743 (1961); Harris v. State, Del.Supr., 410 A.2d 500 (1979); Williams v. State, Del.Supr., 378 A.2d 117 (1977), cert. denied, 436 U.S. 908, 98 S.Ct. 2241, 56 L.Ed.2d 406 (1978); Mills v. State, Del.Supr., 256 A.2d 752 (1969).\nAmnesia is relevant to the determination of competency only when the loss of memory concerns the circumstances of the alleged crime. Wilson v. United States, supra; Parson v. State, supra. Moreover, even amnesia concerning the facts of the offense does not render an accused incompetent as a matter of law. See Morrow v. State, 293 Md. 247, 443 A.2d 108 (1982). Rather, in determining competency when amnesia concerning the circumstances of the crime is the fact, a court should consider the extent to which the amnesia affects the accused\u2019s ability to consult with his lawyer; the extent to which the amnesia affects the defendant\u2019s ability to testify on his own behalf; the extent to which the evidence in the suit could be extrinsically reconstructed in view of the defendant\u2019s amnesia including evidence relating to the crime itself, as well as any reasonably possible alibi; the extent to which the State assisted the accused and his counsel in that reconstruction; the strength of the prosecution\u2019s case; that is, whether it is such as to negate all reasonable hypotheses of innocence; and any other facts and circumstances which would indicate whether the defendant had a fair trial. Wilson v. United States, supra; Parson v. State, supra.\nDespite the utility of the guidelines set forth in Wilson and adopted by our Supreme Court in Parson, the Court is not persuaded by the State\u2019s amnesia argument for two reasons. First, in both Wilson and Parson, the evidence demonstrated and the Courts assumed that the defendant, while lacking memory of the circumstances of the alleged offenses, could nevertheless rationally evaluate those circumstances when they were presented to him. In the instant case, both of the doctors who examined the defendant believe that he cannot rationally integrate what he is told about the circumstances of the alleged offenses into his assessment of the offenses. Dr. Galliani stated that \u201cthe information that ... [defendant] receives undergoes a rather drastic delusional transformation. So that what goes in more often than not has very little to do with what comes out, primarily in the areas of the charges.\u201d\nSecond, while loss of memory may play some part in defendant\u2019s behavior, both doctors testified that amnesia does not explain defendant\u2019s behavior. Defendant has not simply forgotten the facts. Indeed, defendant\u2019s statements to Dr. Galliani indicate that he has some memory of at least the August 17 incident. Defendant, unlike a mere amnesiac, misinterprets and views irrationally the facts presented to him.\nIn the instant case, the examining doctors agree that defendant understands the nature of the proceedings against him. Dr. Dogan also believes that \u201cin some areas of evidence [defendant] ... is capable. He has own account of his whereabouts and his actions.\u201d Nevertheless, Dr. Dogan testified that defendant probably could not testify rationally about the events of the alleged offenses. Dr. Galliani likewise testified that as of the date of his examination of defendant, he did not believe that defendant could give evidence that would be rational or would be rationally able to assist counsel in the overall preparation of his case.\nIn their reports, both doctors opined that defendant could not adequately assist counsel. In her testimony, however, Dr. Dogan was more tentative. She indicated that defendant would be able to: (1) make reasonably rational contributions to a discussion about who he would like to have sit on his jury; (2) discuss with his attorney what questions counsel should ask of a witness; and (3) assist his attorney in determining who he should call as a witness as part of his defense. In fact, Dr. Dogan testified that defendant had named a couple of potential witnesses with whom he thought she should talk. Moreover, Dr. Dogan testified that her opinion that defendant would not be able to meaningfully advise counsel was based solely on the fact that he would not discuss the charges with her. She indicated that defendant may very well be willing to discuss the charges with his attorney. While Dr. Dogan testified that she does not feel that defendant is malingering, she admitted that she does not have any facts to substantiate such an impression.\nLike Dr. Dogan, Dr. Galliani was somewhat more tentative in his testimony. Dr. Galliani emphasized that defendant does not have any difficulty understanding what he is being told. The \u201cmain problem arises when he has to integrate this information and give it back [in] a rational way.\u201d Despite his belief that defendant is not malingering, Dr. Galliani admitted that the competency test he administered to defendant could be easily faked. Moreover, he acknowledged that defendant may be manipulative, and further admitted that he had to rely upon defendant\u2019s subjective answers to various subjects.\nWhile both doctors opine that defendant cannot assist his counsel, and therefore, is incompetent to stand trial, the Court rejects such opinions as medical conclusions, accord State v. Knights, Me. Supr., 482 A.2d 436 (1984), not well-supported by the doctors\u2019 own findings. Dr. Dogan concludes that defendant cannot adequately assist his attorney. Nevertheless, she admits that he could assist his counsel in the selection of jurors and the procurement of witnesses on his behalf, and indeed may be able to discuss the charges against him with counsel. Dr. Galliani concludes that defendant is not malingering. Nevertheless, he concedes that defendant could have faked the competency test he administered and could have manipulated the psychological test results. Dr. Galliani also concludes that as of the date of his examination of defendant, defendant could not give evidence on his behalf. Yet, the psychologist\u2019s report indicates that defendant has some recollection \u2014 rational or irrational \u2014 of the facts of at least the August 17 incident. Finally, both doctors\u2019 opinions are based on mental evaluations conducted nearly one year ago.\nDue process requires that the defendant be afforded a fair, not a perfect trial, and that he be able to consult with his lawyer with a reasonable, not a perfect degree of rational understanding. The fact that defendant may suffer from some level of mental disturbance does not mean that he is incompetent in the legal sense. See State v. Ledger, Me.Supr., 444 A.2d 404 (1982); see also State v. Knights, supra. In fact, and on balance, the Court concludes that the defendant, on this record, is legally competent to stand trial.\nIn reaching this conclusion of competency, the Court is not unaware that the medical evidence presented tends toward an opposite conclusion. The Court is also aware of the possibility of changes in defendant\u2019s condition and the fact that a substantial period of time has elapsed since defendant was last tested, in depth. The Court, therefore, directs that this matter should be scheduled for trial as soon as possible. Immediately prior to trial, the parties should be prepared to submit updated mental evaluations of defendant to the trial court. If the trial Judge deems it appropriate, another hearing to determine defendant\u2019s competency at that time can be held on the eve of trial.\nIT IS SO ORDERED.\n. Dr. Dogan also saw defendant briefly on August 30, 1984. Following that encounter, she reported that \"[t]he only thing I can state about Mr. Wynn at this time with certainty is that he is not competent to stand trial.\u201d\n. Title 11, Section 404(a) of the Delaware Code provides, in relevant part, that:\n\u201c[w]henever the court is satisfied, after hearing, that an accused person, because of mental illness or mental defect, is unable to understand the nature of the proceedings against him, or to give evidence in his own defense or to instruct counsel on his behalf, the court may order the accused person to be confined and treated in the Delaware State Hospital until he is capable of standing trial\"\n. If there is a substantial possibility (shown by the evidence) that the defendant could, but for his loss of memory, establish an alibi or other defense, it should be presumed that he would have been able to do so. Wilson v. United States, supra; Parson v. State, supra.\n. In Wilson and Parson, the defendants' competency was considered post-trial.\n. Defendant told Dr. Galliani that on the evening of August 17, he got up to take the trash out and was gone about ten minutes. When he returned, he went to the kitchen, heard a noise in the bedroom, and upon turning on the bedroom light, found that his wife had been shot.\n. Competency to stand trial is a legal, not a medical concept. See State v. Bertrand, 123 N.H. 719, 465 A.2d 912 (1983).\n. See note 5, supra.\n. The Court suggests that the evaluations be conducted not more than one month prior to trial.",
        "type": "majority",
        "author": "O\u2019HARA, Judge."
      }
    ],
    "attorneys": [
      "Christopher J. Curtin, Deputy Atty. Gen., Dept, of Justice, for the State.",
      "Clifford B. Hearn, Jr., Wilmington, for defendant."
    ],
    "corrections": "",
    "head_matter": "STATE of Delaware v. Thomas B. WYNN, Defendant.\nSuperior Court of Delaware, New Castle County.\nSubmitted: Dec. 20, 1984.\nDecided: Feb. 22, 1985.\nChristopher J. Curtin, Deputy Atty. Gen., Dept, of Justice, for the State.\nClifford B. Hearn, Jr., Wilmington, for defendant."
  },
  "file_name": "0605-01",
  "first_page_order": 659,
  "last_page_order": 664
}
