{
  "id": 11241914,
  "name": "PHILADELPHIA GAS WORKS to the Use of the CITY OF PHILADELPHIA, Appellant, v. COMMONWEALTH of Pennsylvania, BOARD OF FINANCE AND REVENUE, Appellee",
  "name_abbreviation": "Philadelphia Gas Works ex rel. City of Philadelphia v. Commonwealth, Board of Finance & Revenue",
  "decision_date": "2000-08-22",
  "docket_number": "",
  "first_page": "360",
  "last_page": "361",
  "citations": [
    {
      "type": "official",
      "cite": "757 A.2d 360"
    }
  ],
  "court": {
    "name_abbreviation": "Pa.",
    "id": 8832,
    "name": "Supreme Court of Pennsylvania"
  },
  "jurisdiction": {
    "id": 6,
    "name_long": "Pennsylvania",
    "name": "Pa."
  },
  "cites_to": [],
  "analysis": {
    "cardinality": 33,
    "char_count": 308,
    "ocr_confidence": 0.692,
    "sha256": "0337e140a326f16d48538cbc7803821f73976a3d0fd70ce8fd72c9d09526dd94",
    "simhash": "1:e01d06ad43e77922",
    "word_count": 50
  },
  "last_updated": "2023-07-14T18:11:43.136578+00:00",
  "provenance": {
    "date_added": "2019-08-29",
    "source": "Harvard",
    "batch": "2018"
  },
  "casebody": {
    "judges": [],
    "parties": [
      "PHILADELPHIA GAS WORKS to the Use of the CITY OF PHILADELPHIA, Appellant, v. COMMONWEALTH of Pennsylvania, BOARD OF FINANCE AND REVENUE, Appellee."
    ],
    "opinions": [
      {
        "text": "ORDER\nPER CURIAM:\nAND NOW, this 22 nd day of August, 2000, the order of the Commonwealth Court is hereby affirmed.",
        "type": "majority",
        "author": "PER CURIAM:"
      }
    ],
    "attorneys": [],
    "corrections": "",
    "head_matter": "PHILADELPHIA GAS WORKS to the Use of the CITY OF PHILADELPHIA, Appellant, v. COMMONWEALTH of Pennsylvania, BOARD OF FINANCE AND REVENUE, Appellee.\nSupreme Court of Pennsylvania.\nAug. 22, 2000."
  },
  "file_name": "0360-02",
  "first_page_order": 412,
  "last_page_order": 413
}
