{
  "id": 11915131,
  "name": "Edward WINSCHEL, Appellant, v. SCOTT TOWNSHIP",
  "name_abbreviation": "Winschel v. Scott Township",
  "decision_date": "1997-04-14",
  "docket_number": "No. 1526 C.D. 1996",
  "first_page": "637",
  "last_page": "641",
  "citations": [
    {
      "type": "official",
      "cite": "692 A.2d 637"
    }
  ],
  "court": {
    "name_abbreviation": "Pa. Commw. Ct.",
    "id": 11887,
    "name": "Commonwealth Court of Pennsylvania"
  },
  "jurisdiction": {
    "id": 6,
    "name_long": "Pennsylvania",
    "name": "Pa."
  },
  "cites_to": [
    {
      "cite": "618 A.2d 1206",
      "category": "reporters:state_regional",
      "reporter": "A.2d",
      "case_ids": [
        1439961
      ],
      "year": 1992,
      "opinion_index": 0,
      "case_paths": [
        "/pa-commw/152/0285-01"
      ]
    },
    {
      "cite": "376 A.2d 679",
      "category": "reporters:state_regional",
      "reporter": "A.2d",
      "year": 1977,
      "opinion_index": 0
    },
    {
      "cite": "332 A.2d 839",
      "category": "reporters:state_regional",
      "reporter": "A.2d",
      "year": 1975,
      "opinion_index": 0
    },
    {
      "cite": "552 A.2d 745",
      "category": "reporters:state_regional",
      "reporter": "A.2d",
      "case_ids": [
        1381103
      ],
      "year": 1989,
      "opinion_index": 0,
      "case_paths": [
        "/pa-commw/122/0516-01"
      ]
    }
  ],
  "analysis": {
    "cardinality": 643,
    "char_count": 12981,
    "ocr_confidence": 0.701,
    "pagerank": {
      "raw": 4.03580807328026e-08,
      "percentile": 0.24421346572715244
    },
    "sha256": "7cb31670a96c84cbea5c5802c5be62367d9635fbae92d5319080dfe7aceddbb8",
    "simhash": "1:ece264e66d5a1f79",
    "word_count": 2023
  },
  "last_updated": "2024-02-27T17:42:36.720171+00:00",
  "provenance": {
    "date_added": "2019-08-29",
    "source": "Harvard",
    "batch": "2018"
  },
  "casebody": {
    "judges": [
      "Before McGINLEY, and FLAHERTY, JJ., and NARICK, Senior Judge."
    ],
    "parties": [
      "Edward WINSCHEL, Appellant, v. SCOTT TOWNSHIP."
    ],
    "opinions": [
      {
        "text": "NARICK, Senior Judge.\nThe issues presented in this appeal require us to determine what rights an appointee to a township police department is entitled dining his probationary period.\nEdward Winschel (Winschel) appeals from the order of the Court of Common Pleas of Allegheny County that dismissed Winsehel\u2019s appeal from his discharge as a probationary police officer by the Scott Township Board of Commissioners (Board). We affirm.\nBy letter dated February 10, 1993, the Board notified Winschel that he had been hired to a full-time police officer\u2019s position with a one-year probationary period. Win-schel was assigned Officer James Secreet, as a training officer. Secreet spent three months with Winschel during which time Secreet prepared written notes called \u201cad-visements,\u201d evaluating Winschel\u2019s performance. The advisements critiqued and evaluated Winschel\u2019s conduct as a police officer. The advisements were presented to and discussed with Winschel and indicated the following: 1) Winschel failed to notify his training officer before initiating police action, contrary to instructions; 2) Winschel loitered in the police building while on duty, contrary to policy; 3) Winschel failed to properly investigate a situation with obvious signs of criminal conduct and reacted to the failure to investigate as humorous; 4) Win-schel was inattentive to his duties while on patrol and demonstrated unprofessional conduct by reading a newspaper in his vehicle on several occasions while on patrol; and 5) Winschel abused his sick-day privileges. Secreet also presented these advisements to Police Chief Stanley Butkus. In addition to the incidents referenced by Officer Secreet in the advisements, Sergeant Frank Augustine informed Chief Butkus of an incident involving a street fight where Augustine intervened but Winschel passively watched from across the street and failed to assist Augustine.\nOn June 26, 1993, Chief Butkus issued a recommendation to the Board that Winschel be terminated. The Board voted to terminate Winschel from his employment immediately and advised Winschel of his right to a post-termination hearing as established in Elmer v. Board of Commissioners of Wilkins Township, 122 Pa.Cmwlth. 516, 552 A.2d 745 (1989). Winschel was also notified that the Township\u2019s Ordinances Nos. 1035-78 and 1375-93 would be applicable.\nAt the hearing, Officer Secreet and Sergeant Augustine testified as well as Chief Butkus. Winschel did not testify at the hearing. The Board affirmed the decision to terminate Winschel. Winschel appealed and the trial court affirmed.\nOn appeal to this Court, Winschel argues the following: 1) improper notice; 2) failure to establish cause under Section 637 of The First Class Township Code (Code), Act of June 24,1931, P.L. 1206, as amended, 53 P.S. \u00a7 55637; 3) that cause under Section 637 must be determined by the Civil Service Commission and not the Board; 4) the Board\u2019s rebanee on Ordinance No. 1375-93 was improper; 5) improper commingling of prosecutorial and adjudicatorial functions; and 6) his constitutional rights were abridged.\nFirst, Winschel asserts that he did not receive proper notice of the factual basis for his termination. Winschel also asserts that the notification that he would be entitled to an Elmer-type hearing was confusing because Elmer addressed the type of hearing at the conclusion of the probationary period and not the type of hearing required when an officer is terminated during his probationary period.\nWhile the Township\u2019s notice of Winschel\u2019s termination did not set forth the factual basis for the termination, Winschel received detailed written advisements and admitted to Chief Butkus that he abused the Township\u2019s sick-leave policy. Winschel had the opportunity to challenge the advisements presented at the hearing but chose not to testify.\nWe agree with the trial court that concluded:\nAppellant was fully informed of the nature of the hearing to be conducted and fully informed of all of the reports and recommendations under consideration constituting the charges against him for which he might be terminated. Appellant was advised in writing of all the causes for his termination. He was given \u201cadvisements\u201d as they occurred. Despite the fact that it was stated that these were not to be held against him, any reasonable prudent probationary employee should be aware if there are sufficient number of problems that they will be acted upon by an employer. (Attachment # 1 at p. 3.)\nAs to Winschel\u2019s alleged confusion with Elmer applying only to hearings at the end of the probationary period, we are not persuaded. A reading of Elmer clearly demonstrates that Elmer requires nothing more than post-termination hearings for probationary employees. Certainly an employee who was not considered capable of concluding probationary employment would not be entitled to more rights than one that has completed the probationary period, albeit unsuccessfully.\nNext, Winschel asserts that the Board could only discharge him for cause. Section 640 of the Code states, in pertinent part:\nAll original appointments to any position in the police force ... shall be for a probationary period of not less than six months and not more than one year, but during the probationary period an appointee may be dismissed only for a cause specified in Section 6S7 of this subdivision. If at the close of a probationary period the conduct or fitness of the Probationer has not been satisfactory to the Township Commissioners, the Probationer shall be notified in writing that he will not receive a permanent appointment. Thereupon, his appointment shall cease; otherwise, his retention shall be equivalent to a permanent position. (Emphasis added.)\n53 P.S. \u00a7 55640.\nSection 637 of the Code states that a probationary police officer may be terminated where the police officer is:\nThe commission may refuse to examine or, if examined, may refuse to certify after examination as eligible, any applicant who is found to lack any of the minimum qualifications for examination prescribed in the rules and regulations adopted for the position of employment for which he has applied, or who is physically disabled and unfit for the performance of the duties of the position to which he seeks employment, or who is addicted to the habitual use of intoxicating liquors or narcotic drugs, or who has been guilty of any crime involving moral turpitude or of infamous or notoriously disgraceful conduct, or who has been dismissed from public service for delinquency or misconduct in office, or who is affiliated with any group whose politics or activities are subversive to the form of government set forth in the constitution and laws of the United States and Pennsylvania.\nThe Board terminated Winsehel on the basis that his conduct was deficient under Section 637 of the Code, stating it found Winschel\u2019s conduct fit under the rubric of \u201cinfamous\u201d or \u201cnotoriously disgraceful conduct.\u201d The Board, as affirmed by the trial court, found that substantial evidence supported the conclusion that Winsehel was \u201cunfit for duty as a police officer; performed his duties unsatisfactorily; neglected his official duties; disobeyed rules; and that his conduct was unbecoming of an officer thereby justifying its termination action.\u201d Trial court opinion at 5.\nWinsehel asserts, however, that Section 637 requires him to have been found guilty of a crime involving infamous or notoriously disgraceful conduct. We do not agree with this interpretation. While there are crimes involving moral turpitude, we have found no crimes which are necessarily defined as \u201cinfamous\u201d or \u201cnotoriously disgraceful conduct.\u201d While Section 637 of the Code does not contain a list of activities which define the words \u201cinfamous\u201d or the phrase \u201cnotoriously disgraceful conduct,\u201d the Board found Winschel\u2019s aetions/inactions constituted infamous conduct and/or notoriously disgraceful conduct for which he was rightfully terminated.\nWinsehel next contends that Ordinance No. 1035-78 should be the ordinance which controls whether the Board had the authority to discharge him during his probationary period and that standing alone, Ordinance No. 1035-78 did not give the Board such authority. Winsehel asserts that only when it enacted Ordinance No. 1375-93 was such authority attained. We do not agree.\nOrdinance No. 1375-93 served to amend and conform the 1978 Ordinance to the language and provisions of Section 640 of the Code. Winsehel asserts that the Township, by enacting Ordinance No. 1375-93 authorized itself to discharge probationary police officers during their probationary period, something it was not allowed to do under Ordinance No. 1035-78, and thus, the Board exceeded its authority. However, we believe that the Board did not exceed its authority because Ordinance No. 1375-93 only embellished the Board\u2019s interpretation of Section 637 of the Code.\nFinally, Winsehel asserts that he is entitled to a de novo hearing or a trial by jury on his constitutional claims. These claims are based on the following: 1) the Board\u2019s refusal to allow Winsehel to call Commissioner Fallon as a witness to discuss the circumstances of a public safety meeting; 2) the Board\u2019s refusal to allow Winsehel to cross-examine Chief Butkus on who the Township planned to hire to replace him; and 3) the Board\u2019s refusal to admit into evidence the list of eligible applicants. Win-schel asserts that the factual issues associated with the constitutional claims would not necessarily be part of the record before the local agency and thus, the trial court erred in rejecting his claims.\nThe trial court found that Winschel\u2019s constitutional claims were without merit as he failed to meet his burden of showing bias or discrimination under Cunningham v. State Civil Service Commission, 17 Pa.Cmwlth. 375, 332 A.2d 839 (1975). We must agree.\nWinschel made no allegations of any specific wrongdoing by the Board, nor that he had been treated discriminatorily. We have carefully reviewed the record and agree with the trial court that Winschel had a full and complete opportunity to present and cross-examine witnesses, enter documentary evidence and give personal sworn testimony. Therefore, we hold that the trial court properly determined that Winschel\u2019s constitutional rights had not been abridged.\nAccordingly, we affirm.\nORDER\nAND NOW, this 14th day of April, 1997, the order of the Court of Common Pleas of Allegheny County in the above-captioned matter is hereby affirmed.\n. Ordinance No. 1375-93 which was enacted immediately prior to Winschel\u2019s termination stated that a Township could terminate an employee during his probationary period if \"the Board is convinced from any police department report that said appointee does not have the attitude to become a good police officer.\u201d Winschel asserts that Ordinance No. 1035-78 did not authorize the Township to terminate a probationary police officer during his probation period, but only provided for the termination of a probationary police officer at the conclusion of the probation and thus, passage of ordinance No. 1375-93 was only to legitimate his termination.\n. Winschel filed a 10-count civil action at GD94-006116, naming as defendants the Township, the Board, each of the nine commissioners and Chief Butkus. The defendants filed preliminary objections which were granted as to nine counts, leaving only the wrongful discharge-tort claim which has been stayed pending a final decision on this statutory appeal.\n. Because no additional evidence was taken by the trial court, our scope of review is limited to determining whether the Board abused its discretion or committed an error of law. Warwick Land Development Corp. v. Supervisors of Warwick Township, 31 Pa.Cmwlth. 450, 376 A.2d 679 (1977).\n. Winsehel argues that in In Re: Appeal of Carlson, 152 Pa.Cmwlth. 285, 618 A.2d 1206 (1992), that we interpreted Section 613 of the Code, 55 P.S. \u00a7 55613, to require a hearing before the Civil Service Commission when an applicant had his name stricken off of an eligibility list. Win-schel asserts that an employee, as opposed to a mere applicant, should be entitled to at least the same level of protection under Section 637. However, we do not agree because in the striking off of an eligibility list it is the Board which makes such recommendation. If the Board were to conduct the Section 613 hearing, there would be a commingling of the adjudicatorial and pros-ecutorial functions. In Section 637 cases, it is the police chief that recommends to the Board that an employee not be retained. Thus, when the Board conducts the hearing there is no commingling of the prosecutorial and adjudicatorial functions.",
        "type": "majority",
        "author": "NARICK, Senior Judge."
      }
    ],
    "attorneys": [
      "Richard J. Joyce, Pittsburgh, for appellant.",
      "Patricia Liptak-McGrail, Pittsburgh, for appellee."
    ],
    "corrections": "",
    "head_matter": "Edward WINSCHEL, Appellant, v. SCOTT TOWNSHIP.\nCommonwealth Court of Pennsylvania.\nArgued March 13, 1997.\nDecided April 14, 1997.\nRichard J. Joyce, Pittsburgh, for appellant.\nPatricia Liptak-McGrail, Pittsburgh, for appellee.\nBefore McGINLEY, and FLAHERTY, JJ., and NARICK, Senior Judge."
  },
  "file_name": "0637-01",
  "first_page_order": 705,
  "last_page_order": 709
}
