{
  "id": 7871843,
  "name": "Carl K. COLLINS et al. v. TRIUS, INC.",
  "name_abbreviation": "Collins v. Trius, Inc.",
  "decision_date": "1995-08-15",
  "docket_number": "",
  "first_page": "570",
  "last_page": "573",
  "citations": [
    {
      "type": "official",
      "cite": "663 A.2d 570"
    }
  ],
  "court": {
    "name_abbreviation": "Me.",
    "id": 9543,
    "name": "Maine Supreme Judicial Court"
  },
  "jurisdiction": {
    "id": 42,
    "name_long": "Maine",
    "name": "Me."
  },
  "cites_to": [
    {
      "cite": "2 S.C.R. 267",
      "category": "reporters:state",
      "reporter": "S.C.",
      "year": 1978,
      "opinion_index": 0
    },
    {
      "cite": "2 S.C.R. 287",
      "category": "reporters:state",
      "reporter": "S.C.",
      "year": 1978,
      "opinion_index": 0
    },
    {
      "cite": "2 S.C.R. 229",
      "category": "reporters:state",
      "reporter": "S.C.",
      "case_ids": [
        8715982
      ],
      "year": 1978,
      "opinion_index": 0,
      "case_paths": [
        "/sc/2/0229-01"
      ]
    },
    {
      "cite": "489 N.Y.S.2d 802",
      "category": "reporters:state",
      "reporter": "N.Y.S.2d",
      "year": 1985,
      "pin_cites": [
        {
          "page": "806"
        }
      ],
      "opinion_index": 0
    },
    {
      "cite": "109 A.D.2d 80",
      "category": "reporters:state",
      "reporter": "A.D.2d",
      "case_ids": [
        5654312
      ],
      "year": 1985,
      "opinion_index": 0,
      "case_paths": [
        "/ad2d/109/0080-01"
      ]
    },
    {
      "cite": "83 Colum.L.Rev. 772",
      "category": "journals:journal",
      "reporter": "Colum. L. Rev.",
      "year": 1983,
      "pin_cites": [
        {
          "page": "799"
        }
      ],
      "opinion_index": 0
    },
    {
      "cite": "443 A.2d 932",
      "category": "reporters:state_regional",
      "reporter": "A.2d",
      "case_ids": [
        7998051
      ],
      "weight": 3,
      "pin_cites": [
        {
          "page": "934",
          "parenthetical": "citations and footnote omitted"
        },
        {
          "page": "934"
        }
      ],
      "opinion_index": 0,
      "case_paths": [
        "/a2d/443/0932-01"
      ]
    },
    {
      "cite": "265 A.2d 610",
      "category": "reporters:state_regional",
      "reporter": "A.2d",
      "case_ids": [
        8073424
      ],
      "weight": 2,
      "pin_cites": [
        {
          "page": "616-17"
        }
      ],
      "opinion_index": 0,
      "case_paths": [
        "/a2d/265/0610-01"
      ]
    },
    {
      "cite": "639 A.2d 623",
      "category": "reporters:state_regional",
      "reporter": "A.2d",
      "case_ids": [
        7862415
      ],
      "pin_cites": [
        {
          "page": "624"
        }
      ],
      "opinion_index": 0,
      "case_paths": [
        "/a2d/639/0623-01"
      ]
    }
  ],
  "analysis": {
    "cardinality": 632,
    "char_count": 10268,
    "ocr_confidence": 0.752,
    "pagerank": {
      "raw": 3.2632595140874894e-07,
      "percentile": 0.8696425930623755
    },
    "sha256": "422d1741fe27fb1b90e7d6a95cb980cb11188a30d07f02a5234b48ce17e430f6",
    "simhash": "1:461c50df01aa5697",
    "word_count": 1673
  },
  "last_updated": "2024-02-27T19:04:44.243352+00:00",
  "provenance": {
    "date_added": "2019-08-29",
    "source": "Harvard",
    "batch": "2018"
  },
  "casebody": {
    "judges": [
      "Before WATHEN, C.J., and ROBERTS, CLIFFORD, RUDMAN, DANA, and LIPEZ, JJ."
    ],
    "parties": [
      "Carl K. COLLINS et al. v. TRIUS, INC."
    ],
    "opinions": [
      {
        "text": "DANA, Justice.\nThe case we consider was reported to us by the Superior Court (Penobscot County, Mead, J.) after it denied Trius, Inc.\u2019s motion to have Canada\u2019s law of damages applied to this action rather than Maine\u2019s. Trius contends that Canadian damages law, which limits recovery in tort for \u201cpain and suffering,\u201d should apply. We agree and vacate the decision of the Superior Court.\nI.\nTrius, a Canadian corporation, is engaged in the business of operating motor coaches for hire. A tour bus owned and operated by Trius was involved in an accident in Clifton, Maine, on December 3, 1992. The bus left the roadway and overturned after striking a pickup truck driven by Michael Treadwell. Eight passengers brought actions in the Superior Court. The bus passengers and bus driver were all residents of Canada. The bus was registered in Canada, and the passengers had purchased their tickets in Canada. The bus trip originated in New Brunswick and was to arrive in New York on December 4, 1992, before returning to Canada on December 10, 1992.\nII.\nWe review questions of law de novo. See Lord v. New England Soc\u2019y for the Preservation of Antiquities, Inc., 639 A.2d 623, 624 (Me.1994). We abandoned the rigid lex loci delicti choice of law rule with respect to an action for a personal injury in Beaulieu v. Beaulieu, 265 A.2d 610 (Me.1970). In Adams v. Buffalo Forge Co., 443 A.2d 932 (Me.1982), we explained:\nIn Beaulieu we cited favorably the approach of the Restatement (Second) of Conflict of Laws \u00a7 379, comment d, p. 9 (Tent. Draft No. 9) (1964) which implemented the use of the more flexible \u201cmost significant contacts and relationships\u201d test. 265 A.2d at 616-17. Since our decision in Beaulieu the official draft of the Restatement (Second) of Conflict of Laws (1971) has been approved and published by the American Law Institute. Sections 145 and 146 of the Restatement (Second) continue to advocate the \u201cmost significant contacts and relationships\u201d test promulgated by the earlier drafts. Section 146 now provides that \u201c[i]n an action for a personal injury, the local law of the state where the injury occurred determines the rights and liabilities of the parties, unless, with respect to the particular issue, some other state has a more significant relationship ... to the occurrence and the parties....\u201d\nAdams, 443 A.2d at 934 (citations and footnote omitted).\nIn applying the \u201cmost significant contacts and relationships\u201d test, it is necessary to isolate the issue, to identify the policies embraced in the laws in conflict, and finally to examine the contacts with the respective jurisdictions to determine which jurisdiction has a superior interest in having its policy or law applied. Here, the specific issue is whether Canadian damages law, which limits recovery in tort for non-pecuniary harm, should apply to this action. Although Maine has a significant interest in regulating conduct on its highways, the rule at issue is primarily \u201closs-allocating\u201d rather than \u201cconduct-regulating.\u201d In the so-called \u201cTrilogy\u201d cases, Canada has demonstrated a profound interest in achieving a measure of uniformity in tort recovery among Canadian residents.\nThere is general agreement that the one incontestably valuable contribution of the choice-of-law revolution in the tort conflict field is the line of decisions applying common-domicile law in cases where the parties are codomiciliaries of the same state. Harold L. Korn, The Choice-of-Law Revolution: A Critique, 83 Colum.L.Rev. 772, 799 (1983) cited in Thomas v. Hanmer, 109 A.D.2d 80, 489 N.Y.S.2d 802, 806 (1985). The superiority of the common domicile as the source of law governing loss-distribution issues is evident. At its core is the notion of a social contract, whereby a resident assents to easting her lot with others in accepting burdens as well as benefits of identification with a particular community, and ceding to its lawmaking agencies the authority to make judgments striking the balance between her private substantive interests and competing ones of other members of the community.\nIn Adams, we found it particularly significant that the case was not one \u201cin which the only connection [was] the fortuitous fact that the injury was sustained in Maine.\u201d Adams, 443 A.2d at 934. Here, in contrast, Maine has little contact with this case except that the accident occurred within our boundaries. The bus passengers and bus driver were all residents of Canada, the bus was registered in Canada, the passengers had purchased their tickets in Canada, and the bus trip originated in and would return to New Brunswick. We conclude that Canada has the most significant interest with respect to the issue of damages for non-pecuniary harm in this case, and therefore Canadian damages law should apply.\nThe entry is:\nDecision vacated. Remanded to the Superior Court for further proceedings consistent with the opinion herein.\nAll concurring.\n. M.R.Civ.P. 72(c) provides:\n(c) Report of Interlocutory Rulings. If the court is of the opinion that a question of law involved in an interlocutory order or ruling made by it in any action in the Superior Court ought to be determined by the Law Court before any further proceedings are taken therein, it may on motion of the aggrieved party report the case to the Law Court for that purpose and stay all further proceedings except such as are necessary to preserve the rights of the parties without making any decision therein.\n. The Canadian limit of $100,000 (Canadian) on non-pecuniaiy losses was established in the so-called \u201cTrilogy\u201d cases: Andrews v. Grand & Toy Alberta Ltd., 2 S.C.R. 229 (1978); Arnold v. Teno, 2 S.C.R. 287 (1978); Thornton v. Board of Sch. Trustees of Sch. Dist. No. 57 (Prince George), 2 S.C.R. 267 (1978). The \u201cTrilogy\u201d cap is adjusted for inflation. See Sivret v. Kenney, 142 N.B.R.2d 161 (1993) (\u201cTrilogy\u201d cap equivalent to $233,000 in 1993 Canadian dollars).\n. Trius holds an Interstate Commerce Commission Motor Carrier Permit. It also holds a permit issued by the Secretary of State for the State of Maine, authorizing Trius in accordance with 29 M.R.S.A. \u00a7 2703 (Supp.1994) to operate motor coaches in Maine. In addition, as required by 29 M.R.S.A. \u00a7 2708-A(2)(C)(2) (Supp.1994), Trius had filed a proof of insurance bond in the sum of $5,000,000 (U.S.).\n. Carl K. Collins, Katheren B. Collins, Frances A. Coloris, William C. Green, Constance M. Murphy, Gertrude V. Seely, and Mabel E. Seely brought an action in January 1993. Helen Nelson brought an action in February 1993. In addition, Judith Collins, James Coloris, and Roger Nelson were not passengers on the bus but brought claims for loss of consortium. These actions were later consolidated. Treadwell, the only Maine resident involved in the accident, also filed an action in the Superior Court which was included in the consolidation. That action has been settled and dismissed. Similarly, the claims of Roger and Helen Nelson were settled and dismissed in June 1995. The plaintiffs seek compensation for pain and suffering, mental anguish, permanent impairment, loss of enjoyment of life, medical expense, loss of income past and future, and loss of consortium. The actions are based on the alleged negligent operation by Trius\u2019s employee and on the alleged negligence of Trius in supervising its employee.\n.Section 145 enunciates the \u201cgeneral principle\" as follows:\n(1) The rights and liabilities of the parties with respect to an issue in tort are determined by the local law of the state which, with respect to that issue, has the most significant relationship to the occurrence and the parties under the principles stated in \u00a7 6.\n(2) Contacts to be taken into account in applying the principles of \u00a7 6 to determine the law applicable to an issue include:\n(a) the place where the injury occurred,\n(b) the place where the conduct causing the injury occurred,\n(c) the domicil, residence, nationality, place of the parties, and\n(d) the place where the relationship, if any, between the parties is centered.\nThese contacts are to be evaluated according to their relative importance with respect to the particular issue.\nSection 6 provides in pertinent part:\n(2) [T]he factors relevant to the choice of the applicable rule of law include\n(a) the needs of the interstate and international systems,\n(b) the relevant policies of the forum,\n(c) the relevant policies of other interested states and the relative interests of those states in the determination of the particular issue,\n(d) the protection of justified expectations,\n(e) the basic policies underlying the particular field of law,\n(f) certainty, predictability and uniformity of result, and\n(g) ease in the determination and application of the law to be applied.\n. We note that when by virtue of a conflict of laws rule of the forum the question that requires adjudication is governed by the law of a foreign country, the reference may be' either to the corresponding conflict of laws rule of that foreign country or exclusively to the appropriate \"internal or domestic\u201d substantive law of that country. The Restatement (Second) of Conflict of Laws \u00a7 4 defines \"law\u201d as \u201cthat state's local law, together with its rules of Conflict of Laws.\" It defines \"local law\u201d as \u201cthe body of standards, principles and rules, exclusive of its rules of Conflict of Laws, which the courts of that state apply in the decision of controversies brought before them.\u201d Sections 145 and 146 of the Restatement (Second) expressly refer to the \u201clocal law\u201d of the state of the applicable law. Section 145 comment h further explains that \"reference is to the \u2018local law\u2019 of the state of the applicable law and not that state\u2019s \u2018law,\u2019 which means the totality of its rules including its choice-of-law rules.\u201d We agree with the Restatement analyses and therefore apply Canadian law exclusive of its conflict of laws rules.",
        "type": "majority",
        "author": "DANA, Justice."
      }
    ],
    "attorneys": [
      "Samuel W. Lanham, Jr. (orally), Cuddy & Lanham, Bangor, Paul S. Douglass (orally), Platz & Thompson, Lewiston, for plaintiffs.",
      "Bernard J. Kubetz (orally), Eaton, Peabody, Bradford & Veague, Bangor, for defendant."
    ],
    "corrections": "",
    "head_matter": "Carl K. COLLINS et al. v. TRIUS, INC.\nSupreme Judicial Court of Maine.\nArgued March 1, 1995.\nDecided Aug. 15, 1995.\nSamuel W. Lanham, Jr. (orally), Cuddy & Lanham, Bangor, Paul S. Douglass (orally), Platz & Thompson, Lewiston, for plaintiffs.\nBernard J. Kubetz (orally), Eaton, Peabody, Bradford & Veague, Bangor, for defendant.\nBefore WATHEN, C.J., and ROBERTS, CLIFFORD, RUDMAN, DANA, and LIPEZ, JJ."
  },
  "file_name": "0570-01",
  "first_page_order": 652,
  "last_page_order": 655
}
