{
  "id": 11187972,
  "name": "In the Matter of Anne P. LORENZ. Petition for Reinstatement from Inactive Status",
  "name_abbreviation": "In re Lorenz",
  "decision_date": "2000-09-14",
  "docket_number": "No. 49 DB 2000",
  "first_page": "845",
  "last_page": "846",
  "citations": [
    {
      "type": "official",
      "cite": "760 A.2d 845"
    }
  ],
  "court": {
    "name_abbreviation": "Pa.",
    "id": 8832,
    "name": "Supreme Court of Pennsylvania"
  },
  "jurisdiction": {
    "id": 6,
    "name_long": "Pennsylvania",
    "name": "Pa."
  },
  "cites_to": [],
  "analysis": {
    "cardinality": 80,
    "char_count": 829,
    "ocr_confidence": 0.705,
    "sha256": "733df3f28a952cc3305d9b2e2cc38ec7a7bbf0ac4650cb5e3a009f683d4b4e44",
    "simhash": "1:50b9a5fc8293569e",
    "word_count": 137
  },
  "last_updated": "2023-07-14T19:02:41.788515+00:00",
  "provenance": {
    "date_added": "2019-08-29",
    "source": "Harvard",
    "batch": "2018"
  },
  "casebody": {
    "judges": [],
    "parties": [
      "In the Matter of Anne P. LORENZ. Petition for Reinstatement from Inactive Status."
    ],
    "opinions": [
      {
        "text": "ORDER\nPER CURIAM:\nAND NOW, this 14th day of September, 2000, The Report and Recommendations of The Disciplinary Board of the Supreme Court of Pennsylvania dated August 17, 2000, are approved and IT IS ORDERED that ANNE P. LORENZ, who has been on inactive status, has never been suspended or disbarred, and has demonstrated that she has the moral qualifications, competency and learning in law required for admission to practice in the Commonwealth, shall be and is, hereby reinstated to active status as a member of the Bar of this Commonwealth. The expenses incurred by the Board in the investigation and processing of the Petition for Reinstatement shall be paid by the Petitioner.",
        "type": "majority",
        "author": "PER CURIAM:"
      }
    ],
    "attorneys": [],
    "corrections": "",
    "head_matter": "In the Matter of Anne P. LORENZ. Petition for Reinstatement from Inactive Status.\nNo. 49 DB 2000.\nSupreme Court of Pennsylvania.\nSept. 14, 2000."
  },
  "file_name": "0845-03",
  "first_page_order": 903,
  "last_page_order": 904
}
