{
  "id": 11188640,
  "name": "COMMONWEALTH of Pennsylvania, Appellee, v. Earl Drew BALDWIN, Jr. a/k/a Earl Parker, Appellant (Two Cases)",
  "name_abbreviation": "Commonwealth v. Baldwin",
  "decision_date": "2000-09-27",
  "docket_number": "",
  "first_page": "883",
  "last_page": "886",
  "citations": [
    {
      "type": "official",
      "cite": "760 A.2d 883"
    }
  ],
  "court": {
    "name_abbreviation": "Pa. Super. Ct.",
    "id": 8775,
    "name": "Superior Court of Pennsylvania"
  },
  "jurisdiction": {
    "id": 6,
    "name_long": "Pennsylvania",
    "name": "Pa."
  },
  "cites_to": [
    {
      "cite": "665 A.2d 1161",
      "category": "reporters:state_regional",
      "reporter": "A.2d",
      "case_ids": [
        7880394,
        459054
      ],
      "year": 1995,
      "pin_cites": [
        {
          "page": "1162"
        }
      ],
      "opinion_index": 0,
      "case_paths": [
        "/a2d/665/1161-01",
        "/pa/542/0112-01"
      ]
    },
    {
      "cite": "542 Pa. 112",
      "category": "reporters:state",
      "reporter": "Pa.",
      "case_ids": [
        459054
      ],
      "year": 1995,
      "opinion_index": 0,
      "case_paths": [
        "/pa/542/0112-01"
      ]
    },
    {
      "cite": "698 A.2d 1327",
      "category": "reporters:state_regional",
      "reporter": "A.2d",
      "case_ids": [
        12015765
      ],
      "pin_cites": [
        {
          "page": "1333"
        }
      ],
      "opinion_index": 0,
      "case_paths": [
        "/a2d/698/1327-01"
      ]
    },
    {
      "cite": "45 F.Supp.2d 453",
      "category": "reporters:federal",
      "reporter": "F. Supp. 2d",
      "case_ids": [
        11603445
      ],
      "pin_cites": [
        {
          "page": "456"
        }
      ],
      "opinion_index": 0,
      "case_paths": [
        "/f-supp-2d/45/0453-01"
      ]
    },
    {
      "cite": "42 U.S.C. \u00a7 13704",
      "category": "laws:leg_statute",
      "reporter": "U.S.C.",
      "weight": 3,
      "pin_cites": [
        {
          "page": "(a)(3)(A)"
        },
        {
          "page": "(a)(3)(B)"
        },
        {
          "page": "(a)(3)(A)"
        }
      ],
      "opinion_index": 0
    },
    {
      "cite": "701 A.2d 577",
      "category": "reporters:state_regional",
      "reporter": "A.2d",
      "year": 1997,
      "pin_cites": [
        {
          "parenthetical": "citations and quotation marks omitted"
        }
      ],
      "opinion_index": 0
    },
    {
      "cite": "549 Pa. 716",
      "category": "reporters:state",
      "reporter": "Pa.",
      "year": 1997,
      "pin_cites": [
        {
          "parenthetical": "citations and quotation marks omitted"
        }
      ],
      "opinion_index": 0
    },
    {
      "cite": "685 A.2d 1000",
      "category": "reporters:state_regional",
      "reporter": "A.2d",
      "case_ids": [
        772877,
        7357087
      ],
      "year": 1997,
      "pin_cites": [
        {
          "page": "1004-1005",
          "parenthetical": "citations and quotation marks omitted"
        }
      ],
      "opinion_index": 0,
      "case_paths": [
        "/pa-super/454/0428-01",
        "/a2d/685/1000-01"
      ]
    },
    {
      "cite": "454 Pa.Super. 428",
      "category": "reporters:state",
      "reporter": "Pa. Super.",
      "case_ids": [
        772877
      ],
      "year": 1997,
      "pin_cites": [
        {
          "parenthetical": "citations and quotation marks omitted"
        }
      ],
      "opinion_index": 0,
      "case_paths": [
        "/pa-super/454/0428-01"
      ]
    },
    {
      "cite": "136 L.Ed.2d 255",
      "category": "reporters:federal",
      "reporter": "L. Ed. 2d",
      "year": 1996,
      "pin_cites": [
        {
          "parenthetical": "citation and quotation marks omitted"
        }
      ],
      "opinion_index": 0
    },
    {
      "cite": "117 S.Ct. 364",
      "category": "reporters:federal",
      "reporter": "S. Ct.",
      "year": 1996,
      "pin_cites": [
        {
          "parenthetical": "citation and quotation marks omitted"
        }
      ],
      "opinion_index": 0
    },
    {
      "cite": "519 U.S. 951",
      "category": "reporters:federal",
      "reporter": "U.S.",
      "case_ids": [
        11678945,
        11678722,
        11678465,
        11678116,
        11678053,
        11679021,
        11678318,
        11678222,
        11678798,
        11678165,
        11678645,
        11678584,
        11678265,
        11678524,
        11678878
      ],
      "year": 1996,
      "pin_cites": [
        {
          "parenthetical": "citation and quotation marks omitted"
        }
      ],
      "opinion_index": 0,
      "case_paths": [
        "/us/519/0951-14",
        "/us/519/0951-11",
        "/us/519/0951-07",
        "/us/519/0951-02",
        "/us/519/0951-01",
        "/us/519/0951-15",
        "/us/519/0951-06",
        "/us/519/0951-04",
        "/us/519/0951-12",
        "/us/519/0951-03",
        "/us/519/0951-10",
        "/us/519/0951-09",
        "/us/519/0951-05",
        "/us/519/0951-08",
        "/us/519/0951-13"
      ]
    },
    {
      "cite": "672 A.2d 293",
      "category": "reporters:state_regional",
      "reporter": "A.2d",
      "case_ids": [
        461481,
        7348286
      ],
      "year": 1996,
      "pin_cites": [
        {
          "page": "298",
          "parenthetical": "citation and quotation marks omitted"
        }
      ],
      "opinion_index": 0,
      "case_paths": [
        "/pa/543/0429-01",
        "/a2d/672/0293-01"
      ]
    },
    {
      "cite": "543 Pa. 429",
      "category": "reporters:state",
      "reporter": "Pa.",
      "case_ids": [
        461481
      ],
      "year": 1996,
      "pin_cites": [
        {
          "page": "440",
          "parenthetical": "citation and quotation marks omitted"
        }
      ],
      "opinion_index": 0,
      "case_paths": [
        "/pa/543/0429-01"
      ]
    },
    {
      "cite": "750 A.2d 872",
      "category": "reporters:state_regional",
      "reporter": "A.2d",
      "case_ids": [
        11530029
      ],
      "weight": 2,
      "pin_cites": [
        {
          "page": "877"
        }
      ],
      "opinion_index": 0,
      "case_paths": [
        "/a2d/750/0872-01"
      ]
    },
    {
      "cite": "42 U.S.C. \u00a7\u00a7 13701",
      "category": "laws:leg_statute",
      "reporter": "U.S.C.",
      "opinion_index": 0
    }
  ],
  "analysis": {
    "cardinality": 500,
    "char_count": 8011,
    "ocr_confidence": 0.711,
    "pagerank": {
      "raw": 1.283762387462424e-07,
      "percentile": 0.6182184752856248
    },
    "sha256": "b15e1f28a74e3525bb7bfb59d05968b8919dee0fd39630c165421c317c29c9dc",
    "simhash": "1:bf1c45f3f6e7169a",
    "word_count": 1286
  },
  "last_updated": "2024-02-27T20:34:26.722537+00:00",
  "provenance": {
    "date_added": "2019-08-29",
    "source": "Harvard",
    "batch": "2018"
  },
  "casebody": {
    "judges": [
      "BEFORE: JOYCE, TODD and TAMILIA, JJ."
    ],
    "parties": [
      "COMMONWEALTH of Pennsylvania, Appellee, v. Earl Drew BALDWIN, Jr. a/k/a Earl Parker, Appellant (Two Cases)."
    ],
    "opinions": [
      {
        "text": "JOYCE, J.:\n\u00b6 1 These consolidated appeals are from the judgment of sentence entered after Appellant, Earl Drew Baldwin, Jr., pled guilty to multiple counts of robbery and criminal attempt. For the following reasons, we affirm. Before addressing the merits of this appeal, we will recount the pertinent facts of this case.\n\u00b6 2 Appellant entered into a negotiated plea agreement pursuant to which he would plead guilty to four (4) counts of robbery and one (1) count of criminal attempt in exchange for which he would receive a sentence of seven and one-half (7%) to twenty (20) years\u2019 imprisonment. Appellant\u2019s plea was tendered to and accepted by the trial court on August 8, 1999. Thereafter, the trial court sentenced Appellant in accordance with the terms of his agreement.\n\u00b6 3 Appellant was represented by members of the Public Defender\u2019s Office, who filed a timely notice of appeal on Appellant\u2019s behalf. This appeal was docketed at No. 1521 WDA 1999. The trial court then ordered Appellant to file a statement of matters complained of on appeal pursuant to Pa.R.A.P. 1925(b). This statement was filed January 7, 2000.\n\u00b6 4 Apparently, unbeknownst to his counsel, Appellant filed a pro se postsen-tence motion seeking to modify/reduce his sentence on August 23,1999. Appellant\u2019s pro se motion was later denied by operation of law. At this point Appellant\u2019s counsel filed a second notice of appeal from the judgment of sentence, as made final by the denial of Appellant\u2019s post-sentencing motion. This appeal was docketed at No. 171 WDA 2000. This Court sua sponte consolidated the appeals.\n\u00b6 5 The sole issue presented for our review is whether trial counsel was ineffective for failing to adequately explain the terms of the plea to Appellant. Without any reference to authority or citation, Appellant opines that the Pennsylvania Board of Probation and Parole interprets the Violent Offender Incarceration and Truth in Sentencing Grants Act (42 U.S.C. \u00a7\u00a7 13701, et seq.) to require defendants to serve 85 percent of their maximum sentence. Appellant\u2019s Brief at 12. Appellant refers to the Truth in Sentencing Grants Act (TIS) and has demonstrated that our Commonwealth has qualified for and received funds from this grant. This much is not in dispute. Nevertheless, Appellant fails to direct us to or cite to any authority to demonstrate that the Probation and Parole Board now requires inmates to serve 85 percent of their maximum sentence. Accordingly this claim is waived. Commonwealth v. Owens, 750 A.2d 872, 877 (Pa.Super.2000). Even were we to address this claim, Appellant\u2019s argument still fails.\n\u00b6 6 Appellant asserts that counsel failed to explain that under the TIS, he would be required to serve 85% of his maximum sentence, or seventeen (17) years, prior to being eligible for parole. Id. Thus, his plea was entered under the mistaken impression that he would be eligible for parole in seven and one-half (7/t) years, not in seventeen (17) years. Therefore, he argues his plea was involuntary and unknowingly entered.\n\u00b6 7 Considering the issue of counsel\u2019s ineffectiveness, we recognize that:\nThe threshold inquiry ... is whether the issue/argument/tactic which counsel has foregone and which forms the basis for the assertion of ineffectiveness is of arguable merit; for counsel cannot be ineffective for failing to assert a meritless claim. Once this threshold is met[,] we apply the reasonable basis test to determine whether counsel\u2019s chosen course was designed to effectuate his client\u2019s interest. If we conclude that the particular course chosen by counsel had some reasonable basis, our inquiry ceases and counsel\u2019s assistance is deemed effective. If we determine that there was no reasonable basis for counsel\u2019s chosen course[,] then the accused must demonstrate that counsel\u2019s ineffectiveness worked to his prejudice. The burden of establishing counsel\u2019s ineffectiveness is on the [defendant] because counsel\u2019s stewardship of the trial is presumptively effective.\nCommonwealth v. Wilson, 543 Pa. 429, 440, 672 A.2d 293, 298, cert. denied, 519 U.S. 951, 117 S.Ct. 364, 136 L.Ed.2d 255 (1996) (citation and quotation marks omitted).\nMoreover, claims of counsel\u2019s ineffectiveness in connection with a guilty plea will provide a basis for relief only if the ineffectiveness caused an involuntary or unknowing plea....\nThe law does not require that Appellant be pleased with the outcome of his decision to enter a guilty plea[;][a]ll that is required is that Appellant\u2019s decision to plead guilty be knowingly, voluntarily and intelligently made.\nCommonwealth v. Yager, 454 Pa.Super. 428, 685 A.2d 1000, 1004-1005, appeal denied, 549 Pa. 716, 701 A.2d 577 (1997) (citations and quotation marks omitted).\n\u00b6 8 Pennsylvania\u2019s sentencing and release guidelines provide that, at the discretion of the Parole Board, parole may be granted after the expiration of the minimum term, (emphasis added) 61 P.S. \u00a7 831.21. Furthermore, the minimum term may not exceed one-half the maximum term. 42 Pa.C.S.A. \u00a7 9756(b). Pursuant to the TIS, a state is eligible for the grant when a person convicted of certain specified violent crimes, serves on average, not less than 85 percent of the prison term established under that State\u2019s sentencing and release guidelines, (emphasis added) 42 U.S.C. \u00a7 13704(a)(3)(A). Another way a state may qualify for the TIS grant is by demonstrating that inmates serve on average, not less than 85 percent of the maximum prison term. 42 U.S.C. \u00a7 13704(a)(3)(B). However, Pennsylvania does not qualify under this second provision, rather it qualifies under subsection (A). See for example Carter v. Muller, 45 F.Supp.2d 453, 456 (E.D.Pa.1999) (finding that Pennsylvania qualifies for the TIS grant under subsection (A) and therefore is not required to keep its prisoners imprisoned for 85 percent of their maximum terms.)\n\u00b6 9 Accordingly, Appellant\u2019s claim that he will be forced to serve 85 percent of his maximum sentence is without merit. In fact, Appellant will serve 100 percent of his minimum sentence, thereby meeting the 85 percent criteria set forth in 42 U.S.C. \u00a7 13704(a)(3)(A). Regardless of the fact that Pennsylvania qualifies for TIS funds, Appellant will still be eligible for parole upon completion of his minimum sentence. We remind Appellant this does not guarantee he will earn parole. \u201cParole is a matter of grace and mercy shown to a prisoner who has demonstrated to the Board\u2019s satisfaction his ability to function as a law abiding member of society.\u201d Commonwealth v. Stark, 698 A.2d 1327, 1333 (Pa.Super.1997). We thus conclude that this claim is meritless as Appellant\u2019s plea was entered knowingly, voluntarily and intelligently. Finding that no relief is due, we affirm the judgment of sentence.\n\u00b6 10 Judgment of sentence affirmed.\n. 18 Pa.C.S.A. \u00a7 3701(a)(l)(i) and (ii).\n. 18 Pa.C.S.A. \u00a7 901(a).\n.The Public Defender\u2019s Office represented Appellant during the plea, sentencing, and appeal proceedings. They continue to represent Appellant.\n. Generally, a public defender may not argue the ineffectiveness of the same public defender\u2019s office since appellate counsel is essentially deemed to have asserted a claim of his or her own ineffectiveness. When Appellate counsel asserts his own ineffectiveness, the case should be remanded so that new counsel may be appointed except where it is clear from the record that counsel was ineffective or it is clear from the record that the ineffectiveness is meritless. Commonwealth v. Ciptak, 542 Pa. 112, 665 A.2d 1161, 1162 (1995). In this case, it is clear from the record that the ineffectiveness claim is meritless, thus we do not need to remand.",
        "type": "majority",
        "author": "JOYCE, J.:"
      }
    ],
    "attorneys": [
      "Mitchell A. Kaufman, Public Defender, Pittsburgh, for appellant.",
      "Robert A. Willig, Asst. Dist. Atty., Pittsburgh, for Com., appellee."
    ],
    "corrections": "",
    "head_matter": "COMMONWEALTH of Pennsylvania, Appellee, v. Earl Drew BALDWIN, Jr. a/k/a Earl Parker, Appellant (Two Cases).\nSuperior Court of Pennsylvania.\nSubmitted June 26, 2000.\nFiled Sept. 27, 2000.\nMitchell A. Kaufman, Public Defender, Pittsburgh, for appellant.\nRobert A. Willig, Asst. Dist. Atty., Pittsburgh, for Com., appellee.\nBEFORE: JOYCE, TODD and TAMILIA, JJ."
  },
  "file_name": "0883-01",
  "first_page_order": 941,
  "last_page_order": 944
}
