{
  "id": 6081087,
  "name": "Borm v. Champayne",
  "name_abbreviation": "Borm v. Champayne",
  "decision_date": "1939-04-10",
  "docket_number": "No. 4078",
  "first_page": "1095",
  "last_page": "1103",
  "citations": [
    {
      "type": "official",
      "cite": "26 C.C.P.A. 1095"
    },
    {
      "type": "parallel",
      "cite": "102 F.2d 862"
    }
  ],
  "court": {
    "name_abbreviation": "C.C.P.A.",
    "id": 8989,
    "name": "United States Court of Customs and Patent Appeals"
  },
  "jurisdiction": {
    "id": 39,
    "name_long": "United States",
    "name": "U.S."
  },
  "cites_to": [
    {
      "cite": "76 F. (2d) 407",
      "category": "reporters:federal",
      "reporter": "F.2d",
      "case_ids": [
        958065,
        6081985
      ],
      "opinion_index": 0,
      "case_paths": [
        "/f2d/76/0407-01",
        "/ccpa/22-2/1161-01"
      ]
    },
    {
      "cite": "55 F. (2d) 465",
      "category": "reporters:federal",
      "reporter": "F.2d",
      "case_ids": [
        1807449,
        6080812
      ],
      "opinion_index": 0,
      "case_paths": [
        "/f2d/55/0465-01",
        "/ccpa/19-2/0964-01"
      ]
    },
    {
      "cite": "34 App. D. C. 141",
      "category": "reporters:state",
      "reporter": "App. D.C.",
      "case_ids": [
        1360994
      ],
      "opinion_index": 0,
      "case_paths": [
        "/app-dc/34/0141-01"
      ]
    },
    {
      "cite": "54 F. (2d) 147",
      "category": "reporters:federal",
      "reporter": "F.2d",
      "case_ids": [
        1810554,
        6078827
      ],
      "weight": 2,
      "opinion_index": 0,
      "case_paths": [
        "/f2d/54/0147-01",
        "/ccpa/19-2/0773-01"
      ]
    },
    {
      "cite": "36 F. (2d) 838",
      "category": "reporters:federal",
      "reporter": "F.2d",
      "case_ids": [
        1769946
      ],
      "opinion_index": 0,
      "case_paths": [
        "/f2d/36/0838-01"
      ]
    },
    {
      "cite": "36 F. (2d) 292",
      "category": "reporters:federal",
      "reporter": "F.2d",
      "case_ids": [
        1769826
      ],
      "opinion_index": 0,
      "case_paths": [
        "/f2d/36/0292-01"
      ]
    }
  ],
  "analysis": {
    "cardinality": 797,
    "char_count": 20765,
    "ocr_confidence": 0.418,
    "pagerank": {
      "raw": 3.6856254361847664e-07,
      "percentile": 0.8917062346105893
    },
    "sha256": "9173b4928e0a97c51268ad949db7326c6c3307367640b7d27d015d67c0dc2d0b",
    "simhash": "1:131043f0e9945aa3",
    "word_count": 3486
  },
  "last_updated": "2024-02-27T22:14:37.962341+00:00",
  "provenance": {
    "date_added": "2019-08-29",
    "source": "Harvard",
    "batch": "2018"
  },
  "casebody": {
    "judges": [
      "Before Gabeett, Presiding Judge, and Bland, Hatfield, Lenroot, and Jackson, Associate Judges"
    ],
    "parties": [
      "Borm v. Champayne"
    ],
    "opinions": [
      {
        "text": "Hatfield, Judge,\ndelivered tbe opinion of tbe court:\nThis is an appeal in an interference proceeding from tbe decision of tbe Board of Appeals of tbe United States Patent Office affirming tbe decision of tbe Examiner of Interferences awarding priority of the subject matter defined in the single count in issue to appellee, Noy J. Champayne.\nTbe invention relates to a power-operated tool for use in \u201crestoring bent and dented sheet metal to its original shape,\u201d particularly \u201cdamaged fenders and other sheet metal parts of automobiles.\u201d\nFor the, purpose of this case, tbe tool is sufficiently described in (be count which reads:\nA power operated tool of the character described comprising in combination a generally U-shaped frame member of reduced cross-section whereby it has a desired degree of flexibility, said frame member being so formed that it is adapted to straddle a metal body to be hammered, a hammer head having a power operated striker reciproeable therein and arranged to engage one side of the work, a die arranged to engage the other side of the work, a die holder whereon the die is removably held, and tubular bearing portions provided on the hammer head and die holder larger in cross-section than the frame member, whereby the bearing portion on the hammer head is adapted to serve as a handle, and said portions are adapted to receive therein the ends of said frame member to mount the head and die thereon.\nTbe interference is between appellant\u2019s application No. 15,542, filed April 10, 1935, and appellee\u2019s application No. 754,716, filed November 26, 1934.\nThe count originated in appellee\u2019s application.\nAppellant is tbe junior party and tbe burden was upon him to establish priority of invention by a preponderance of tbe evidence.\nThe tribunals'of the Patent Office concurred in bolding thab'tlie evidence introduced by appellee established conception by him at least as early as February 15, 1934, and that be successfully reduced the invention to practice as early as tbe summer of that year.\nAppellee offered in evidence a structure (appellee\u2019s Exhibit No. 6) which conforms to tbe count in issue, except that it does not have a striker mechanism consisting of a piston and cylinder.\nIt appears from tbe record that tbe striker mechanism originally a part of tbe structure (appellee\u2019s Exhibit No. 6) was lost. However, appellee introduced in evidence a striker mechanism consisting of a piston and cylinder (appellee\u2019s Exhibit No. 8) which was made by him early in February 1934. Combining Exhibits Nos. 6 and 8, the structure clearly conforms to tbe involved count.\nSeveral witnesses for appellee testified that they saw a device similar to the combined structures (Exhibits Nos. 6 and 8) operated by appellee in the first part of February 1934. They identified Exhibit No. 8 as being similar to the striker mechanism that was originally a part of appellee\u2019s Exhibit No. 6.\nAppellee\u2019s witness J. B. Bobeck testified that he operated a device similar to the combined structures (Exhibits Nos. 6 and 8) in ap-pellee\u2019s place of business sometime during the last part of January or the first part of February 1934.\nThe witnesses Bobert Houghton, Fred Dickman, Max \u00c9. Dayton,. Frank H. Andrews, Eay A. Brown, and Gladys Champayne (wife of appellee) testified that they saw a device similar to the combined structures (Exhibits Nos. 6 and 8) successfully operated in appellee\u2019s place of business in. the first part of February 1934.\nIn his decision, the Examiner of Interferences reviewed the evidence relative to the activities of appellee in considerable detail, and held that a device similar to the combined structures (appellee\u2019s Exhibits Nos. 6 and 8) was constructed and successfully operated by appellee during the early part of February 1934, and that such device conformed to the involved count.\nIn his decision, the Examiner of Interferences said, inter alia:\nThe hammer, as described by these witnesses [Bobeck, Andrews, Brown, and Gladys Champayne] and by those [Houghton, Dickman, and Dayton] whose testimony is quoted above, is believed lo embody the invention defined, in the counts, and it is therefore held that Champayne is entitled to a date of conception at least as early as February 15, 1934.\nThe testimony of these witnesses is also to the effect that the hammer was successfully used about this time * * *. Champayne then proceeded to have patterns and eastings made of a commercial type of hammer * * *. Hammers of 1he type shown by exhibit 31 were made and tried out * * *.\nManufacturo was subsequently begun, and many documents are offered to establish Champayne\u2019s activity. Exhibit 20 is one of the manufactured hammers which was sold in June, 1934 * * *. [Italics ours.]\nTbe witness Orie M. Plankey stated that lie was an automobile refinisher, employed by the Bock County Auto Company, Beloit, Wisconsin; that a salesman for the Time Cutting Tool Corporation (appellee\u2019s company) demonstrated one of appellee\u2019s devices to him on or about the first of J une 1934; that his company purchased one of appellee\u2019s tools, appellee\u2019s Exhibit No. 20, on June 2, 1934; that it operated satisfactorily; that he was able to identify Exhibit No. 20' because of a \u201cbroken place on the upper part of the head\u201d; and that he did not know what caused the tool to break \u201cwhether it was inferior workmanship or it was dropped.\u201d\nOther hammers were manufactured and sold by appellee\u2019s company during the period from June 1, 1934 to the filing of appellee\u2019s involved application, November 26, 1934.\nWe have carefully considered the testimony of appellee\u2019s witnesses and the criticisms of counsel for appellant of it, and are of opinion that it clearly establishes that appellee constructed a device conforming to the involved count in the latter part of January 1934, and successfully operated it as early as the first part of February of that year, and that he. is entitled to a date as early as February 1, 1934 \u2022for conception of the invention, and a date sometime between the 1st and 15th of February for reduction to practice.\nDue to the views we hold regarding the earliest date to which \u25a0appellant is entitled for conception of the invention, it is a matter of no importance, so far as the issues here are concerned, whether appellee be given a date for actual reduction to practice as of February 1934 or the first part of June 1934 (when a commercial model was successfully operated and demonstrated to appellee\u2019s witness Plankey), as the record clearly establishes that appellee was diligent from the first part of February until June 2, 1934, when his first commercial device was sold to the Rock County Auto Company.\nThe tribunals of the Patent Office concurred in holding that, due to the allegations contained in appellant\u2019s preliminary statement, he was entitled to no earlier date than March 1, 1934 for conception, and November 6,1934 for reduction to practice of the involved invention. Due to the importance of appellant\u2019s preliminary statement, we quote the pertinent part of it;\n* * * that lie conceived the invention set forth in the declaration of interference on or about November 1, 1933; that on or about March 1, 1984, he first made drawings of the invention; that on or about the 23d day of \u2022October, 1934, he made the first written description of the invention; that on or about June 15,1934, he first disclosed the invention to others; that he made his first model on or about March 1, 1934, and that he embodied his invention in a full size working device which was completed on or about November 6, 1934; that he began actively exercising reasonable diligence in adapting and perfecting the invention about November 1, 1933; that said device was first successfully operated in the City of Elgin, County of Kane and State of Illinois, on or about November 6, 1934; and he has since continued to use the same and that he had manufactured others for use and sale to the extent of Six Hundred (600). [Italics ours.]\nIt will be observed that appellant stated in Ms preliminary statement that he conceived the invention on or about November 1, 1933; that he first made drawings of the invention and made his first model of it on or about March 1, 1931; that he made his first written description of the invention on or about October 23, 1934; that he first disclosed the invention to others on or about June IS, 193Ip; that he embodied his invention in a full-sim device, which was completed \u25a0on or about November 6, 1931, and successfully operated, it on or \u2022about that date.\nEvidence was introduced by appellant for tbe purpose of establishing that he conceived the invention in the fall of 1933. Appellant here relies on certain testimony and his physical exhibits (Nos. 17, 18, and 19) and documentary exhibits (Nos. 13, 21, 22, and 23).\nAppellant\u2019s physical Exhibit No. 17 is a \u201ccylinder and piston,\u201d claimed to have been made a few days subsequent to October 23,1933, from appellant\u2019s documentary Exhibit No. 21 (hereinafter described) and verbal instructions from appellant, and said to be for use as a part of an air hammer.\nPhysical Exhibit No. 18, claimed to have been made a few days subsequent to November 2, 1933, from appellant\u2019s documentary Exhibit No. 22 (hereinafter described) and verbal instructions from appellant, is a \u201cdie handle.\u201d\nAppellant\u2019s Exhibit No. 19, claimed to have been made a few days subsequent to November 10, 1933, from appellant\u2019s documentary Exhibit No.. 23 (hereinafter described) and verbal instructions from appellant, is said to be a \u201chead for an air hammer.\u201d\nAppellant\u2019s documentary exhibits are as follows: Exhibit No. 13 is a sketch or drawing of an air hammer, -claimed by counsel for appellant to conform to the appealed count. It is claimed to have been made by appellant\u2019s witness Fay E. Crawford. It is dated January 22,1934, and bears the signature of F. E. Crawford. Exhibit No. 21 is dated October 23, 1933, and consists of a series of drawings, claimed to represent parts of an air hammer. The exhibit bears the notation \u201cPrell [one of appellant\u2019s witnesses] bore out any material you have to dimensions above and must fit plunger tight see other side Bonn.\u201d The quoted notation and the date of the exhibit are in the hand writing of appellant. Exhibit No. 22 consists of a series of drawings. It is said that the drawings represent a \u201cswivel joint.\u201d The following notations in appellant\u2019s handwriting appear thereon: \u201cset bolt any size you have \u2014 must turn free \u2014 over\u201d and \u201cThese two parts are to complete a swivel joint with a locking screw, thread is not particular but it must lock at right angles. Mr. Prell, kindly rush these parts make of any material you have.\u201d The exhibit is dated November 2, 1933, and bears appellant\u2019s signature. Exhibit No. 23 is claimed to be a \u201cdrawing of a head for an air hammer.\u201d The exhibit contains the notation \u201cMr. Prell here is pencil sketch of a motor do not be fussy about out side dimensions, make piston and body hole good fit the hole in the handle must be big enough so a %\" rod fits inside.\u201d It bears the signature of appellant, and the date (in appellant\u2019s handwriting) November 10,1933.\nCounsel for appellant contend that the exhibits hereinbefore described are established by the unimpeached testimony of appellant and four corroborating witnesses, and that the quoted notations made on Exhibits Nos. 21, 22, and 23 \u201care not \u2018drawings\u2019 and should not, be restricted to March 1,1934, because of a preliminary statement as to \u2018drawings.\u2019 They arc corroborative evidence of conception as of the dates made and are in the handwriting of the party Borin.\u201d Relative to appellant\u2019s Exhibit No. 13, counsel for appellant state that it is a drawing of a complete air hammer; that it was made by the witness Crawford under the supervision and direction of appellant; that it was signed by the witness Crawford; and that, regardless of the fact that appellant alleged in his preliminary statement that he first made drawings of the invention on or about March 1, 1934, the exhibit should be held by the court to be sufficient to establish conception by appellant as early as January 22, 1934 \u201cfor the reason that it was not made by Bonn but by Gratoford wider Bonn\u2019s directions.\u201d [Italics ours.]\nIt is further contended by counsel for appellant that it has been established by the evidence that,appellant constructed an air hammer conforming to the involved count and successfully operated it on March 1, 1934, and that he is entitled to that date for reduction to practice. In explanation of appellant\u2019s assertions in his preliminary statement \u201cthat he embodied his invention in a full size working device which was completed on or about November 6, 1934,\u201d and \u201cthat said device was first successfully operated * * * on or about November 6, 1934,\u201d counsel for appellant state in their brief that appellant testified \u201cthat although the hammer of March 1, 1934. was a full size working device at that time which took dents out of metal, it was called a model device because it was just connected with an air hose and was not provided with an air valve whereas the. hammer which was completed about the last part of October or first of November, 1934, and tested at that time was a complete air hammer ready for the market, which he [appellant] understood to mean reduction to practice and first successful operation; * * * that he [appellant] believed that first reduction to practice and successful operation meant that the air hammer -was completed and ready for sale\u201d; and that as appellant vras ill and \u2018Svas being urged by his attorney to prepare and have the [preliminary] statement filed in order to reach the Patent Office before July 15, 1935,\u201d the allegations contained in his preliminary statement were made from memory, and\u2019 that \u201cUnder the special circumstances inherent in this case and upon every consideration, it is respectfully submitted that Borni is entitled to March 1, 1934, for reduction to practice. Accorded that date, he should be noAV entitled to a date at least as early as November 15. 1933, for conception.\u201d\nRule 110 of the Rules of Practice in the United States Patent Office requires that a preliminary statement shall be under oath; that it shall include statements as to \u2014 (1), the elate upon which the first drawing and written description of the invention were made; (2) the date on which it was first disclosed to others; (3) the date of the first \u201cact or acts\u201d other than drawings, written description, or disclosure to others \u201cwhich, if proven, would establish conception of \u2022the invention, and a brief description of such act or acts\u201d; (4) the date of reducing the invention to practice; and (5) the date when he \u201cbegan actively exercising reasonable diligence in adapting and perfecting the invention.\u201d The rule also provides that if a party \u201cprove any date earlier than alleged in his preliminary statement, such proof will be held to establish the date alleged and none other.\u201d [Italics ours.]\nRule 113 of the Rules of Practice in the United States Patent Office provides that in the event there is a material error in a preliminary statement arising through inadvertence or mistake, the preliminar}7 statement may be corrected upon a satisfactory showing that the \u201ccorrection is essential to the ends of justice,\u201d but a motion for that purpose must be made as soon as practicable after the discovery of the error, and, if possible, before the talcing of testimony.\nNo motion to amend his preliminary statement was filed by appellant before the taking of testimony, nor was one filed during or after the taking of testimony for the purpose of making his preliminary statement conform to the evidence introduced by him.\nThat a party is restricted to the dates alleged in his preliminary statement for .conception (which ordinarily involves proof of disclosure to others) and reduction to practice of an invention, is well settled. Harry P. Townsend v. Henry L. Smith, 17 C. C. P. A. (Patents) 647, 36 F. (2d) 292; Sarah E. Nolop v. Samuel Herbert Smith, 17 C. C. P. A. (Patents) 768, 36 F. (2d) 838; Fenton R. Brydle v. Harry H. Honigbaum, 19 C. C. P. A. (Patents) 773, 54 F. (2d) 147.\nIt is true, as contended by counsel for appellant, that a party may establish conception of an invention by some act other than a disclosure to others, and that a structure, drawing, or written description of such invention may, if properly authenticated, be sufficient to establish conception. Peters v. Hopkins, 34 App. D. C. 141; Orvis F. Rowe v. Frederick C. Holtz, 19 C. C. P. A. (Patents) 964, 55 F. (2d) 465; Garand v. Pedersen, 22 C. C. P. A. (Patents) 1161, 76 F. (2d) 407. Nevertheless, the date when such drawing, written description, or structure was made must be alleged in the preliminary statement, and a party may not be awarded a date for conception prior to that so alleged. Harry P. Townsend v. Henry L. Smith, supra; Sarah E. Nolop v. Samuel Herbert Smith, supra; Fenton R. Brydle v. Harry H. Honigbaum, supra.\nAlthough appellant alleged in his preliminary statement that he made his first drawings and the first model of the invention defined in the appealed count on or about March 1, 1934 that he disclosed the invention to others on or about June 15, 1934; and that his first written description of it was made on or about October 23, 1934, he now relies on drawings and sketches and certain notations thereon (which notations would be meaningless in the absence of the drawings and sketches), certain testimony (which, in effect, amounts to a disclosure of the invention), and certain physical exhibits (which do not disclose the invention) to establish that he conceived the invention prior to the dates alleged in his preliminary statement for the making of such drawings, disclosure, and written description, and we, in effect, are asked to suspend, for the purpose of this decision, the operation of applicable principles of law in order that appellant may be awarded dates for conception and reduction to practice of the invention earlier than those to which appellant thought, or, at least, stated, he was entitled at the time he filed his preliminary statement. To that request, we must decline to accede.\nIn conformity with' the provisions of rules 110 and 113, supra, and the decisions hereinbefore cited, we hold that appellant is not entitled to a date prior to March 1, 1934 for conception of the invention, and November 6, 1934 for reduction of it to practice. Accordingly, as appellee was the first to conceive and the first to reduce the invention to practice, he is entitled to an award of priority.\nOn November 25, 1938, appellant was given permission by the court to file a reply brief relating to charges in appellee\u2019s brief that appellant and some of his witnesses committed fraud and perjury in the preparation and trial of this case.\nAppellant\u2019s reply brief was filed December 24, 1938.\nOn January 9, 1939, counsel for appellee filed a motion to strike appellant\u2019s reply brief on the ground that it was not confined to matters contained in appellee\u2019s brief, and that it also contained statements relating to matters outside the record.\nWe find no merit in appellee\u2019s motion. It is, therefore, denied.\nIt may be well to observe that the brief of counsel for appellee in this court relates to a considerable extent to charges of fraud and perjury. Although, according to the record and the briefs of counsel for the parties, such charges have been \u201creferred\u201d to the Department of Justice for official action and are now before the United States District Attorney in Chicago, counsel for appellee requests this court to make definite findings with regard thereto for the reason, as stated by counsel, that the \u201cDepartment of Justice and the United States District Attorney\u201d are looking to this court to make \u201cthe ruling which will be their instruction'to jnoceed\u201d to investigate those charges.\nReplying to the request of counsel, we think it sufficient to say \u25a0that the Department of Justice needs neither advice nor instruction from this court on matters of this character. Furthermore, for the reasons hereinbefore fully set forth, we have found it unnecessary for a proper disposition of the issue of priority of invention to -weigh the evidence submitted by appellant.\nThe decision is affirmed.",
        "type": "majority",
        "author": "Hatfield, Judge,"
      }
    ],
    "attorneys": [
      "Joshua JR. 3J. Potts (Eugene Vincent Olarke and Basel E. Bru\u00f1e of counsel) for appellant.",
      "MeOamna, Wintercom & Morshach (Andrew E. Wvntercom of counsel) for appellee."
    ],
    "corrections": "",
    "head_matter": "102 F. (2d) 862\nBorm v. Champayne\n(No. 4078)\nUnited States Court of Customs and Patent Appeals,\nApril 10, 1939\nJoshua JR. 3J. Potts (Eugene Vincent Olarke and Basel E. Bru\u00f1e of counsel) for appellant.\nMeOamna, Wintercom & Morshach (Andrew E. Wvntercom of counsel) for appellee.\n[Oral argument January 12, 1939, by Mr. Clarice and Mr. Wintercorn]\nBefore Gabeett, Presiding Judge, and Bland, Hatfield, Lenroot, and Jackson, Associate Judges"
  },
  "file_name": "1095-01",
  "first_page_order": 413,
  "last_page_order": 421
}
