{
  "id": 7372040,
  "name": "Octavio FRIAS and Joao Santos. v. Richard L. JURCZYK",
  "name_abbreviation": "Frias v. Jurczyk",
  "decision_date": "1993-11-19",
  "docket_number": "92-183-Appeal",
  "first_page": "679",
  "last_page": "684",
  "citations": [
    {
      "type": "official",
      "cite": "633 A.2d 679"
    }
  ],
  "court": {
    "name_abbreviation": "R.I.",
    "id": 10179,
    "name": "Supreme Court of Rhode Island"
  },
  "jurisdiction": {
    "id": 15,
    "name_long": "Rhode Island",
    "name": "R.I."
  },
  "cites_to": [
    {
      "cite": "535 A.2d 766",
      "category": "reporters:state_regional",
      "reporter": "A.2d",
      "case_ids": [
        7876308
      ],
      "pin_cites": [
        {
          "page": "772"
        }
      ],
      "opinion_index": 0,
      "case_paths": [
        "/a2d/535/0766-01"
      ]
    },
    {
      "cite": "102 R.I. 379",
      "category": "reporters:state",
      "reporter": "R.I.",
      "case_ids": [
        3071532
      ],
      "weight": 2,
      "year": 1967,
      "pin_cites": [
        {
          "parenthetical": "holding that trial justice's denial of the plaintiffs request for last-clear-chance instruction was not error because doctrine did not apply to facts of the case"
        },
        {
          "parenthetical": "holding that trial justice's denial of the plaintiffs request for last-clear-chance instruction was not error because doctrine did not apply to facts of the case"
        }
      ],
      "opinion_index": 0,
      "case_paths": [
        "/ri/102/0379-01"
      ]
    },
    {
      "cite": "180 A.2d 821",
      "category": "reporters:state_regional",
      "reporter": "A.2d",
      "year": 1962,
      "pin_cites": [
        {
          "page": "825"
        }
      ],
      "opinion_index": 0
    },
    {
      "cite": "94 R.I. 367",
      "category": "reporters:state",
      "reporter": "R.I.",
      "case_ids": [
        4448545
      ],
      "year": 1962,
      "pin_cites": [
        {
          "page": "373-74"
        }
      ],
      "opinion_index": 0,
      "case_paths": [
        "/ri/94/0367-01"
      ]
    },
    {
      "cite": "114 R.I. 541",
      "category": "reporters:state",
      "reporter": "R.I.",
      "case_ids": [
        5519270
      ],
      "weight": 2,
      "year": 1975,
      "pin_cites": [
        {
          "page": "548-49",
          "parenthetical": "quoting Piacitelli v. Saldin, 94 R.I. 367, 373-74, 180 A.2d 821, 825 (1962)"
        },
        {
          "page": "853",
          "parenthetical": "quoting Piacitelli v. Saldin, 94 R.I. 367, 373-74, 180 A.2d 821, 825 (1962)"
        }
      ],
      "opinion_index": 0,
      "case_paths": [
        "/ri/114/0541-01"
      ]
    },
    {
      "cite": "612 A.2d 698",
      "category": "reporters:state_regional",
      "reporter": "A.2d",
      "case_ids": [
        7938921
      ],
      "weight": 3,
      "pin_cites": [
        {
          "page": "707"
        },
        {
          "page": "707"
        },
        {
          "page": "707"
        }
      ],
      "opinion_index": 0,
      "case_paths": [
        "/a2d/612/0698-01"
      ]
    },
    {
      "cite": "433 A.2d 242",
      "category": "reporters:state_regional",
      "reporter": "A.2d",
      "case_ids": [
        7975498
      ],
      "pin_cites": [
        {
          "page": "246-47"
        }
      ],
      "opinion_index": 0,
      "case_paths": [
        "/a2d/433/0242-01"
      ]
    },
    {
      "cite": "621 A.2d 1247",
      "category": "reporters:state_regional",
      "reporter": "A.2d",
      "case_ids": [
        9054185
      ],
      "pin_cites": [
        {
          "page": "1249"
        }
      ],
      "opinion_index": 0,
      "case_paths": [
        "/a2d/621/1247-01"
      ]
    },
    {
      "cite": "100 A. 64",
      "category": "reporters:state_regional",
      "reporter": "A.",
      "weight": 8,
      "year": 1917,
      "pin_cites": [
        {
          "page": "116-17"
        },
        {
          "page": "73-74"
        },
        {
          "page": "116"
        },
        {
          "page": "73-74"
        },
        {
          "page": "117"
        },
        {
          "page": "74"
        }
      ],
      "opinion_index": 0
    },
    {
      "cite": "40 R.I. 89",
      "category": "reporters:state",
      "reporter": "R.I.",
      "case_ids": [
        4942219
      ],
      "year": 1917,
      "opinion_index": 0,
      "case_paths": [
        "/ri/40/0089-01"
      ]
    },
    {
      "cite": "122 R.I. 339",
      "category": "reporters:state",
      "reporter": "R.I.",
      "case_ids": [
        5543813
      ],
      "weight": 2,
      "year": 1979,
      "pin_cites": [
        {
          "page": "347"
        },
        {
          "page": "1216"
        }
      ],
      "opinion_index": 0,
      "case_paths": [
        "/ri/122/0339-01"
      ]
    },
    {
      "cite": "114 R.I. 731",
      "category": "reporters:state",
      "reporter": "R.I.",
      "case_ids": [
        5525512
      ],
      "weight": 2,
      "year": 1975,
      "pin_cites": [
        {
          "page": "743"
        },
        {
          "page": "265-66"
        }
      ],
      "opinion_index": 0,
      "case_paths": [
        "/ri/114/0731-01"
      ]
    },
    {
      "cite": "446 A.2d 1006",
      "category": "reporters:state_regional",
      "reporter": "A.2d",
      "case_ids": [
        8010010
      ],
      "pin_cites": [
        {
          "page": "1010"
        }
      ],
      "opinion_index": 0,
      "case_paths": [
        "/a2d/446/1006-01"
      ]
    },
    {
      "cite": "557 A.2d 471",
      "category": "reporters:state_regional",
      "reporter": "A.2d",
      "case_ids": [
        7888182
      ],
      "weight": 3,
      "pin_cites": [
        {
          "page": "473"
        },
        {
          "page": "473"
        },
        {
          "page": "473"
        }
      ],
      "opinion_index": 0,
      "case_paths": [
        "/a2d/557/0471-01"
      ]
    },
    {
      "cite": "522 A.2d 208",
      "category": "reporters:state_regional",
      "reporter": "A.2d",
      "case_ids": [
        7882747
      ],
      "weight": 4,
      "pin_cites": [
        {
          "page": "210"
        },
        {
          "page": "211"
        },
        {
          "page": "211"
        }
      ],
      "opinion_index": 0,
      "case_paths": [
        "/a2d/522/0208-01"
      ]
    },
    {
      "cite": "535 A.2d 321",
      "category": "reporters:state_regional",
      "reporter": "A.2d",
      "case_ids": [
        7869996
      ],
      "pin_cites": [
        {
          "page": "324"
        }
      ],
      "opinion_index": 0,
      "case_paths": [
        "/a2d/535/0321-01"
      ]
    },
    {
      "cite": "599 A.2d 1026",
      "category": "reporters:state_regional",
      "reporter": "A.2d",
      "case_ids": [
        7360202
      ],
      "weight": 4,
      "pin_cites": [
        {
          "page": "1032"
        },
        {
          "page": "1032"
        }
      ],
      "opinion_index": 0,
      "case_paths": [
        "/a2d/599/1026-01"
      ]
    }
  ],
  "analysis": {
    "cardinality": 842,
    "char_count": 17866,
    "ocr_confidence": 0.71,
    "pagerank": {
      "raw": 2.934922847266899e-07,
      "percentile": 0.847642082607905
    },
    "sha256": "edbcb50d0ba2d827c3c8faae1417c10976fdcdc6bc1addc79743b87495527ad9",
    "simhash": "1:94eea7c949cf5d28",
    "word_count": 2959
  },
  "last_updated": "2024-02-27T23:13:25.308524+00:00",
  "provenance": {
    "date_added": "2019-08-29",
    "source": "Harvard",
    "batch": "2018"
  },
  "casebody": {
    "judges": [
      "FAY, C.J., did not participate."
    ],
    "parties": [
      "Octavio FRIAS and Joao Santos. v. Richard L. JURCZYK."
    ],
    "opinions": [
      {
        "text": "OPINION\nMURRAY, Justice.\nThis matter came before this court on September 28, 1993 pursuant to an order requiring the plaintiffs to appear and show cause why their appeal should not be summarily denied and dismissed. Octavio Frias (Frias) and Joao Santos (Santos) appeal from a Superior Court judgment on a jury verdict in favor of Richard L. Jurczyk (Jurczyk). After hearing the arguments of counsel and reviewing the memoranda that the parties submitted, this court concludes that cause has not been shown.\nEarly on the rainy morning of November 6, 1986, a gray, two-door 1978 Camaro and an eighteen-wheel tractor-trailer truck collided on Route 195 East in Providence. The parties\u2019 testimony regarding the facts of the accident diverged on various issues.\nSantos, the driver of the ear, testified that, at five o\u2019clock that morning, he picked up his coworker Frias at Frias\u2019s house in Providence and entered Route 95 North from Allens Avenue. He then exited that highway to go onto Route 195 East. He testified that, because of the inclement weather, he was driving with care at about forty to forty-five miles per hour with both the headlights and the windshield wipers on. He further testified that, as he passed the first exit on Route 195 East, he was in the first lane on the right. After passing the exit, he noticed a truck in the breakdown lane, moving faster than he was. Frias warned Santos that the truck was about to hit the car, so Santos tried to move to the left, but the truck struck his car. After impact, Santos lost control of the ear, which traveled about 100 feet and hit the left side of the \u201cwall.\u201d The impact with this wall forced Santos\u2019s chest into the steering column, and he subsequently passed out.\nFrias testified that, as the ear entered onto Route 195, it ended up in the second lane from the right and continued in that lane. As the ear passed the first exit, it was traveling at about forty-five miles per hour. The truck was traveling at about fifty to fifty-five miles per hour in the first lane from the right and \u201cwas swaying back and forth and was trying to pass us.\u201d The truck then struck the car, which did a full turn and hit the barrier dividing the highway. The car spun around again, and \u201cbounced back\u201d to the other side of the highway, at which point the truck hit it a second time.\nThe defendant, Jurczyk, presented a quite different account of the accident. He testified that he was driving in the right lane of Route 195 at approximately forty to forty-five miles per hour. Santos\u2019s car passed his truck, driving in the extreme left lane at about sixty to sixty-five miles per hour. At this point the vehicles were proceeding with a lane between them. Jurzeyk testified that Santos lost control of his car, skidded into the \u201cconcrete median divider\u201d on the left of the highway, and rolled backward across the lanes of travel. Jurczyk attempted to brake his vehicle to reach a controlled stop, but just past the Wickenden Street exit the driver\u2019s side door of Santos\u2019s car and his right front bumper \u201ccame into contact.\u201d The truck then \u201cpushed\u201d Santos\u2019s car about eighty feet down the highway. Contrary to each plaintiffs testimony, Jurczyk testified that he did not sti\u2019ike Santos\u2019s ear before it went out of control or at any time other than when the car ended up in his lane.\nSantos filed a complaint against Jurczyk in the Superior Court, claiming that Jurczyk had been negligent in the operation of his motor vehicle. Frias filed a complaint against Santos and Jurczyk, alleging that both Santos and Jurczyk had been negligent in the operation of their respective motor vehicles. Upon Jurczyk\u2019s motion, the trial justice subsequently consolidated the two cases.\nFrias\u2019s claim against Santos settled on the day of trial. The jury returned a verdict for Jurczyk on the remaining claims. Subsequently, the trial justice denied Jurezyk\u2019s motion for a directed verdict. He later denied Santos\u2019s and Frias\u2019s motions for new trial.\nOn appeal, Santos and Frias argue that errors on the part of the trial justice in three critical areas warrant reversal. They claim that the trial justice erred by (1) making a prejudicial remark and issuing an insufficient curative instruction, (2) admitting the testimony of an expert witness regarding accident reconstruction, and (3) instructing the jury inadequately on comparative negligence and refusing to instruct the jury regarding the last-clear-chance doctrine.\nI\nSantos and Frias first challenge a comment that the trial justice made and the subsequent curative instruction that he issued to the jury. Santos testified on cross-examination that his native language was Portuguese and that he felt more comfortable speaking Portuguese during the trial. He also testified that he spoke and understood some English. This was apparent to those in the courtroom during his testimony because he answered some questions without waiting for their translation by the interpreter. The following exchange took place when Jurczyk\u2019s attorney questioned Santos on cross-examination:\n\u201cDEFENDANT\u2019S COUNSEL: Well, when I asked you how you got around the house on the walker or crutches, your answer was crutches. You didn\u2019t indicate that you dragged yourself around.\n\u201cWITNESS/PLAINTIFF SANTOS: I\u2014\n\u201cSANTOS\u2019S COUNSEL: Objection, Your Honor.\n\u201cTHE COURT: Sustained. This is one of those examples of the witness understanding more English than he\u2019s willing to admit. You don\u2019t have to answer a question when I sustain it.\n\u201cWITNESS/PLAINTIFF SANTOS: Sorry, Your Honor.\u201d\nBoth plaintiffs moved for the trial justice to pass the case on the basis of his remark regarding Santos\u2019s ability to understand English and his willingness to admit to such ability. They argued that the remark could raise questions in the jurors\u2019 minds concerning Santos\u2019s credibility. Additionally, although Frias had not yet testified, his attorney was concerned about the impact that the remark might have on the jury\u2019s perception of Frias\u2019s use of an interpreter. The trial justice denied the motion to pass, but immediately issued a cautionary instruction that directed the jurors not to draw any inference \u201cadverse to this witness because he exercises his right or any other witness who exercises a similar right to testify in a primary language.\u201d The trial justice\u2019s instruction also pointed out that \u201ceven if [the witness] speaks fluent English, he has an absolute right to testify in his primary language.\u201d\nWe have held that the decision to pass a case falls within \u201cthe sound discretion of the trial justice.\u201d State v. Usenia, 599 A.2d 1026, 1032 (R.I.1991) (citing State v. Agin, 535 A.2d 321, 324 (R.I.1988)). When a party moves to pass a ease on the basis of a claim that a prejudicial remark was made, \u201cthe trial justice must assess the prejudicial impact of the statements.\u201d Usenia, 599 A.2d at 1032 (citing State v. Brown, 522 A.2d 208, 210 (R.I.1987)). The trial justice must examine the comment and determine whether it \u201cso inflames the passions of the jury as to prevent their calm and dispassionate examination of the evidence.\u201d State v. James, 557 A.2d 471, 473 (R.I.1989) (quoting State v. Brown, 522 A.2d at 211). If the trial justice does find that a remark has a prejudicial impact, however, he or she is not automatically required to grant the motion to pass. Usenla, 599 A.2d at 1032. If in the trial justice\u2019s view the prejudice can be cured, he or she must give a timely and effective instruction to the jury. Id. (citing State v. Brown, 522 A.2d at 210 and State v. Collazo, 446 A.2d 1006, 1010 (R.I.1982)). If the comments are \u201cineradicable or inexpiable,\u201d however, the trial justice must grant the motion to pass. James, 557 A.2d at 473.\nThe plaintiffs argue that the trial justice\u2019s comment was prejudicial, impugned Santos\u2019s credibility, and could not be cured by an instruction. They also assert that, if the impact of the comment could have been cured by an instruction, the trial justice\u2019s instruction was insufficient. The defendant contends that Santos had already admitted that he understood English and that the jurors would not be swayed in their assessment of Santos\u2019s credibility by a factually incorrect comment by the trial justice.\nWe conclude that, although the trial justice\u2019s remark was inappropriate, a jury composed of laypersons would not have been prejudiced by such a remark. See State v. Howard, 114 R.I. 731, 743, 339 A.2d 259, 265-66 (1975). Nor would the comment \u201cso inflame[ ] the passions of the jury as to prevent their calm and dispassionate examination of the evidence.\u201d James, 557 A.2d at 473 (quoting State v. Brown, 522 A.2d at 211). The jurors already knew that Santos spoke and understood some English because they observed him answering some questions in English, before they were translated into Portuguese. Furthermore, on cross-examination, Santos clearly was willing to admit that he understood and spoke some English. The trial justice determined that his remark was not so prejudicial that it could not be cured by an instruction, and he promptly issued an effective charge. We agree that his remark was not incurable and find that the trial justice did not abuse his discretion in denying plaintiffs\u2019 motion to pass.\nAdditionally, plaintiffs argue that the trial justice\u2019s instruction should have included statements that the jurors are the sole triers of fact and the only ones to determine the credibility of witnesses or the weight of the evidence. This is indeed the rule if the trial justice comments on the evidence in his or her instructions to the jury. See State v. Holland, 122 R.I. 339, 347, 405 A.2d 1211, 1216 (1979). This .rule does not apply in this ease, however. The trial justice did not comment on the evidence but rather on Santos\u2019s ability to understand English and his willingness to admit to it. A party\u2019s ability or willingness to testify in a particular language is not evidence in an action arising out of a motor-vehicle accident.\nIt is important to distinguish this case from State v. Deslovers, 40 R.I. 89, 100 A. 64 (1917), which plaintiffs cite in support of their claim. In Deslovers, this court held, among other things, that a complimentary remark by the trial justice to a witness in a murder trial constituted reversible error. See id. at 116-17, 100 A. at 73-74. After the defendant\u2019s counsel had asked the trial justice to instruct the witness to answer responsively, the trial justice remarked, \u201cI believe that the witness is trying to do the best she can.\u201d Id. 100 A. at 116, 100 A. at 73-74. The court noted that \u201c[cjourts have been very careful in eliminating any remarks by the trial judge the tendency of which would be to intimate to the jury his [or her] personal view, would amount to criticism of counsel, or be complimentary to a witness by way of expressing confidence in his or her credibility.\u201d Id. at 117, 100 A. at 74. In the instant case, the trial justice made an offhand remark that was factually incorrect and significantly less prejudicial.\nII\nSantos and Frias also challenge the admission of the testimony of defendant\u2019s expert witness, Professor Marc Richman (Richman), an accident reconstructionist. They both had sought exclusion of the expert testimony by way of a motion in limine. Santos challenges the denial of the motion in limine. He also questions whether the determination of the cause of the accident was properly subject to expert testimony and whether allowing the expert\u2019s opinion regarding causation was an error based on the expert\u2019s omission of certain facts in evidence. Frias appeals the denial of the motion in limine and claims that the testimony was not helpful to the jury. He also argues that the trial justice should have granted his motion to strike the testimony because the testimony failed to reach the required degree of scientific and professional certainty.\nRule 702 of the Rhode Island Rules of Evidence governs the admissibility of expert testimony. It provides that\n\u201c[i]f scientific, technical, or other specialized knowledge will assist the trier of fact to understand the evidence or to determine a fact in issue, a witness qualified as an expert by knowledge, skill, experience, training, or education, may testify thereto in the form of fact or opinion.\u201d\nThe trial justice allowed Riehman to testify despite plaintiffs\u2019 objections. Both before and after the adoption of the Rhode Island Rules of Evidence in 1987, this court has refused to disturb a trial justice\u2019s decision regarding the admissibility of expert testimony unless it finds that the justice abused his or her discretion. See, e.g., State v. Morales, 621 A.2d 1247, 1249 (R.I.1993); State v. Capalbo, 433 A.2d 242, 246-47 (R.I.1981). The facts of the accident were very much in dispute, and the testimony of the parties was inconsistent on various points. It was not an abuse of discretion to conclude that the jury would find it helpful to hear testimony regarding such issues as what happens when a 1978 Chevrolet Camaro spins, the effect of the drag factor of wet, worn asphalt, and how many spins it would take a Camaro to use up all its energy so that the car would come to a stop. Therefore, we find that the trial justice did not abuse his discretion in admitting Richman\u2019s testimony.\nIll\nFinally, plaintiffs claim that the trial justice erred in his instructions to the jury. They argue that the trial justice gave an inadequate instruction regarding comparative negligence and committed error in refusing to instruct the jury on the last-clear-chance doctrine.\nThe trial justice informed the jurors that they had a right to look at Santos\u2019s conduct in driving his car to determine whether he was negligent. He also explained to the jurors the interrogatories that they were to answer during their deliberations. The interrogatories concerned whether Jurczyk or Santos was guilty of any negligence and included the following:\n\u201c3. Assume total negligence to equal 100%. What percentage of negligence do you ascribe to:\nRICHARD L. JURCZYK _%\nJOAO C. SANTOS _%\n100%\u201d\nFurthermore, after a sidebar conference at which counsel for plaintiffs objected to the lack of a specific charge on comparative negligence and the trial justice stated that he thought he had \u201ccovered negligence six ways from Sunday,\u201d the trial justice told the jury:\n\u201c[W]e have a comparative negligence law in Rhode Island. As to one of these plaintiffs, the doctrine of comparative negligence would apply. I then would reduce any award to that particular plaintiff by the amount of any comparative negligence you found the operator of the vehicle, if you find the operator of the vehicle was guilty of negligence.\u201d\nWe conclude that the trial justice committed no error in his instructions regarding comparative negligence. We find that his charge sufficed to instruct the jury about the rule of law regarding comparative negligence that had to be applied to the issues raised at trial. See State v. Mastracchio, 612 A.2d 698, 707 (R.I.1992).\nSantos and Frias also challenge the trial justice\u2019s denial of their request for an instruction on the last-clear-chance doctrine.\n\u201cIt is clear that in those cases where the occasion has arisen for a discussion of the limits of the doctrine the court has held it applicable only where the evidence disclosed that the plaintiff had negligently placed himself [or herself] or his [or her] property in a position of peril; that defendant thereafter had become aware or in the exercise of due care ought to have become aware of plaintiffs peril and his [or her] lack of comprehension of it or apparent inability to extricate himself [or herself] from it; that the defendant if he [or she] had been in the exercise of due care had a reasonable opportunity thereafter to avoid injuring the plaintiff; and that defendant failed to exercise such care.\u201d Fontaine v. Devonis, 114 R.I. 541, 548-49, 336 A.2d 847, 853 (1975) (quoting Piacitelli v. Saldin, 94 R.I. 367, 373-74, 180 A.2d 821, 825 (1962)).\nUnder plaintiffs\u2019 theory of how the accident occurred, defendant\u2019s negligence caused the accident. Neither plaintiff has claimed that he negligently placed himself in a position of peril. Therefore, the last-clear-chance doctrine does not appeal- to be applicable to this case. See Major v. Grieg, 102 R.I. 379, 230 A.2d 846 (1967) (holding that trial justice\u2019s denial of the plaintiffs request for last-clear-chance instruction was not error because doctrine did not apply to facts of the case).\nThis court has often stated that \u201ca trial justice need only instruct a jury regarding those rules of law that must be applied to the issues raised at the trial.\u201d Mastracchio, 612 A.2d at 707 (quoting State v. Medeiros, 535 A.2d 766, 772 (R.I.1987)). Moreover, the trial justice should not give a requested instruction if it is not supported by the evidence admitted at trial because such an instruction might mislead or confuse the jury. Mastracchio, 612 A.2d at 707. We conclude, therefore, that the trial justice correctly refused to instruct the jury on the last-clear-chance doctrine.\nWe note that Jurczyk cross-appealed the trial justice\u2019s denial of his motion for a directed verdict, which he made at the close of all the evidence. Because of our decision on the plaintiffs\u2019 appeal, however, we need not reach the merits of Jurczyk\u2019s cross-appeal.\nThe plaintiffs\u2019 appeal is therefore denied and dismissed, and the judgment of the Superior Court is affirmed. The case is remanded to the Superior Court.\nFAY, C.J., did not participate.",
        "type": "majority",
        "author": "MURRAY, Justice."
      }
    ],
    "attorneys": [
      "Merrill J. Friedemann, Providence, for Frias.",
      "James P. Howe, Annette Elseth, Lovett, Schrefin & Gallogly, Edward R. McCormick, III, Providence, for Santos.",
      "Cheryl DiMeo, Law Offices of Kevin Cain, Providence, for defendant."
    ],
    "corrections": "",
    "head_matter": "Octavio FRIAS and Joao Santos. v. Richard L. JURCZYK.\n92-183-Appeal.\nSupreme Court of Rhode Island.\nNov. 19, 1993.\nMerrill J. Friedemann, Providence, for Frias.\nJames P. Howe, Annette Elseth, Lovett, Schrefin & Gallogly, Edward R. McCormick, III, Providence, for Santos.\nCheryl DiMeo, Law Offices of Kevin Cain, Providence, for defendant."
  },
  "file_name": "0679-01",
  "first_page_order": 731,
  "last_page_order": 736
}
