{
  "id": 8132638,
  "name": "James W. PALMER and Richard M. Palmer, partners, Trading as Mercury Instrument Co., Appellants, v. John C. GARVES, Appellee",
  "name_abbreviation": "Palmer v. Garves",
  "decision_date": "1956-06-27",
  "docket_number": "No. 1802",
  "first_page": "611",
  "last_page": "613",
  "citations": [
    {
      "type": "official",
      "cite": "123 A.2d 611"
    }
  ],
  "court": {
    "name_abbreviation": "D.C.",
    "id": 21806,
    "name": "District of Columbia Municipal Court of Appeals"
  },
  "jurisdiction": {
    "id": 56,
    "name_long": "District of Columbia",
    "name": "D.C."
  },
  "cites_to": [
    {
      "cite": "79 U.S.App.D.C. 33",
      "category": "reporters:state",
      "reporter": "U.S. App. D.C.",
      "case_ids": [
        5697925
      ],
      "opinion_index": 0,
      "case_paths": []
    },
    {
      "cite": "142 F.2d 9",
      "category": "reporters:federal",
      "reporter": "F.2d",
      "case_ids": [
        5697925,
        3689422
      ],
      "opinion_index": 0,
      "case_paths": [
        "/f2d/142/0009-01"
      ]
    },
    {
      "cite": "123 F.2d 969",
      "category": "reporters:federal",
      "reporter": "F.2d",
      "case_ids": [
        1093685
      ],
      "opinion_index": 0,
      "case_paths": [
        "/f2d/123/0969-01"
      ]
    },
    {
      "cite": "316 U.S. 664",
      "category": "reporters:federal",
      "reporter": "U.S.",
      "case_ids": [
        368417,
        368297,
        368369,
        368177,
        368282
      ],
      "opinion_index": 0,
      "case_paths": [
        "/us/316/0664-02",
        "/us/316/0664-01",
        "/us/316/0664-05",
        "/us/316/0664-04",
        "/us/316/0664-03"
      ]
    },
    {
      "cite": "62 S.Ct. 944",
      "category": "reporters:federal",
      "reporter": "S. Ct.",
      "opinion_index": 0
    },
    {
      "cite": "86 L.Ed. 1741",
      "category": "reporters:federal",
      "reporter": "L. Ed.",
      "opinion_index": 0
    },
    {
      "cite": "46 F.2d 263",
      "category": "reporters:federal",
      "reporter": "F.2d",
      "case_ids": [
        1838655
      ],
      "opinion_index": 0,
      "case_paths": [
        "/f2d/46/0263-01"
      ]
    },
    {
      "cite": "299 F. 559",
      "category": "reporters:federal",
      "reporter": "F.",
      "case_ids": [
        1273545
      ],
      "opinion_index": 0,
      "case_paths": [
        "/f/299/0559-01"
      ]
    },
    {
      "cite": "44 F. 669",
      "category": "reporters:federal",
      "reporter": "F.",
      "case_ids": [
        6733256
      ],
      "opinion_index": 0,
      "case_paths": [
        "/f/44/0669-01"
      ]
    },
    {
      "cite": "34 A.2d 126",
      "category": "reporters:state_regional",
      "reporter": "A.2d",
      "case_ids": [
        8150169
      ],
      "opinion_index": 0,
      "case_paths": [
        "/a2d/34/0126-01"
      ]
    },
    {
      "cite": "119 Cal.App.2d 432",
      "category": "reporters:state",
      "reporter": "Cal. App. 2d",
      "case_ids": [
        2206090
      ],
      "opinion_index": 0,
      "case_paths": [
        "/cal-app-2d/119/0432-01"
      ]
    },
    {
      "cite": "260 P.2d 126",
      "category": "reporters:state_regional",
      "reporter": "P.2d",
      "opinion_index": 0
    },
    {
      "cite": "171 Okl. 413",
      "category": "reporters:state",
      "reporter": "Okla.",
      "case_ids": [
        21431
      ],
      "opinion_index": 0,
      "case_paths": [
        "/okla/171/0413-01"
      ]
    },
    {
      "cite": "43 P.2d 108",
      "category": "reporters:state_regional",
      "reporter": "P.2d",
      "opinion_index": 0
    },
    {
      "cite": "82 Ga.App. 1",
      "category": "reporters:state",
      "reporter": "Ga. App.",
      "case_ids": [
        1549517
      ],
      "opinion_index": 0,
      "case_paths": [
        "/ga-app/82/0001-01"
      ]
    },
    {
      "cite": "60 S.E.2d 411",
      "category": "reporters:state_regional",
      "reporter": "S.E.2d",
      "opinion_index": 0
    },
    {
      "cite": "53 Ga.App. 434",
      "category": "reporters:state",
      "reporter": "Ga. App.",
      "case_ids": [
        1476479
      ],
      "opinion_index": 0,
      "case_paths": [
        "/ga-app/53/0434-01"
      ]
    },
    {
      "cite": "186 S.E. 448",
      "category": "reporters:state_regional",
      "reporter": "S.E.",
      "opinion_index": 0
    }
  ],
  "analysis": {
    "cardinality": 408,
    "char_count": 5325,
    "ocr_confidence": 0.655,
    "pagerank": {
      "raw": 7.532304481863435e-08,
      "percentile": 0.4474901818600235
    },
    "sha256": "0c0822571e760d9923b73008304bcad69b2240f07b20fb34f8472931c7b22f6b",
    "simhash": "1:b607f2ce3772b95c",
    "word_count": 903
  },
  "last_updated": "2024-02-27T22:31:58.238602+00:00",
  "provenance": {
    "date_added": "2019-08-29",
    "source": "Harvard",
    "batch": "2018"
  },
  "casebody": {
    "judges": [
      "Before ROVER, Chief Judge, and HOOD and QUINN, Associate Judges."
    ],
    "parties": [
      "James W. PALMER and Richard M. Palmer, partners, Trading as Mercury Instrument Co., Appellants, v. John C. GARVES, Appellee."
    ],
    "opinions": [
      {
        "text": "QUINN, Associate Judge.\nAppellee, to whom we shall refer for convenience as plaintiff, sued defendants for unpaid salary in the amount of $2,-207.16. Defendants in their answer denied the indebtedness in the amount claimed. At trial they endeavored to prove that plaintiff was a partner and that an agreement had been entered into whereby they were to pay $1,000 in full settlement of his claim, of which amount $240 had been paid, leaving a balance of $760. Trial by the court resulted in a finding and judgment for plaintiff for $1,500.\nNo useful purpose would be served by setting forth the testimony in detail. It is sufficient if we relate only that testimony which points up the conflict as to the type of relationship which existed between plaintiff and defendants. There was testimony that plaintiff was employed as general manager at a salary of $125 per week, with the expectation of becoming a partner if and when he paid the sum of $500; that he received less than the agreed salary during the years 1953 and 1954 because of a shortage of funds; that there came a time when defendants decided to move their business to Connecticut; that prior to leaving they agreed to pay plaintiff $100 per month until they had paid the amount they owed him, with the further understanding that if they were financially able to accumulate $1,000, plaintiff would accept it and cancel the debt. No payments were made. Plaintiff testified that he then forwarded for their signature a note in the amount of $1,600 which was to be in full settlement, but received a counteroffer to the effect that if he would give defendants a release for $2,400 they would send him $760 in full settlement. This he rejected. He further testified that defendants, after consulting with their attorney, told him it would be inadvisable for them to sign the note since there was no evidence indicating that they owed him any money. Defendants\u2019 accountant testified that in preparing the firm\u2019s tax returns he did not list plaintiff as a partner since he had been informed by defendants that plaintiff was not a member of the partnership.\nThe gist of defendants\u2019 testimony was that plaintiff was a partner and that he had a drawing account of $125 per week so long as there were any funds. Certain exhibits signed by plaintiff and defendants were introduced in evidence which indicated that plaintiff was held out as a partner in connection with the signing of certain contracts, the opening of a bank account, etc. Defendants also testified that they agreed to pay plaintiff $100 per month until they raised $1,000 in lump sum, the payment of which would cancel the debt. However, defendants admitted that no payments were made under this agreement.\nThe only substantial question presented by this appeal is whether there was sufficient evidence to support the finding of the trial judge. It should be noted that the defense of partnership was not raised in the answer. However, it was placed in issue at trial with sharply conflicting evidence being offered as to whether plaintiff was an employee or a partner. In such a situation the principle laid down in Nolan v. Werth, 79 U.S.App.D.C. 33, 142 F.2d 9, is controlling. There it was said that where\n\u201c * * * the evidence was such that either one of two different conclusions might reasonably have been drawn from it, * * * the decision is for the trial court; * * * and * * * the appellate court may not reweigh the evidence or override the findings, except where it clearly appears they are manifestly wrong.\u201d\nOur study of the record fully satisfies us that the finding has ample support in the evidence and therefore we have no right to disturb it.\nOne other point requires our consideration. Defendants contend that the amount of the finding is unsupported by the evidence. This contention is without merit. It is the general rule that the fact that a judgment or verdict is for a lesser sum, or awards less relief, than the prevailing party is entitled to, furnishes no ground for complaint by the party against whom such judgment or verdict is rendered. It is clear from the record that the evidence would probably sustain a judgment for the full amount for which plaintiff sued. If the court committed error in rendering judgment for a lesser amount, it was to defendants\u2019 advantage and they are in no position to complain.\nAffirmed.\n. Langroise v. Cummings, 9 Cir., 123 F.2d 969, certiorari denied 316 U.S. 664, 62 S.Ct. 944, 86 L.Ed. 1741; Ohio Boulevard Land Corporation v. Greggory, 6 Cir., 46 F.2d 263; Denton v. Brocksmith, 5 Cir., 299 F. 559; Kingory v. United States, C.C.La., 44 F. 669; Shlopak v. Davison, D.C.Mun.App., 34 A.2d 126; H. Moffat Co. v. Rosasco, 119 Cal.App.2d 432, 260 P.2d 126; Fagras v. Marks, 171 Okl. 413, 43 P.2d 108; Mabry v. Holcomb, 82 Ga.App. 1, 60 S.E.2d 411; Lokey v. Malcom, 53 Ga.App. 434, 186 S.E. 448.",
        "type": "majority",
        "author": "QUINN, Associate Judge."
      }
    ],
    "attorneys": [
      "Isadore Brill, Irving B. Yochelson and Solomon Grossberg, Washington, D. C., for appellants.",
      "Russell F. Barrett, Washington, D. C., for appellee."
    ],
    "corrections": "",
    "head_matter": "James W. PALMER and Richard M. Palmer, partners, Trading as Mercury Instrument Co., Appellants, v. John C. GARVES, Appellee.\nNo. 1802.\nMunicipal Court of Appeals for the District of Columbia.\nSubmitted May 14, 1956.\nDecided June 27, 1956.\nIsadore Brill, Irving B. Yochelson and Solomon Grossberg, Washington, D. C., for appellants.\nRussell F. Barrett, Washington, D. C., for appellee.\nBefore ROVER, Chief Judge, and HOOD and QUINN, Associate Judges."
  },
  "file_name": "0611-01",
  "first_page_order": 651,
  "last_page_order": 653
}
