{
  "id": 11885860,
  "name": "RHODE ISLAND COUNCIL 94, AFSCME, AFL-CIO v. WOONSOCKET SCHOOL COMMITTEE",
  "name_abbreviation": "Rhode Island Council 94 v. Woonsocket School Committee",
  "decision_date": "1997-12-18",
  "docket_number": "No. 96-484-Appeal",
  "first_page": "756",
  "last_page": "758",
  "citations": [
    {
      "type": "official",
      "cite": "703 A.2d 756"
    }
  ],
  "court": {
    "name_abbreviation": "R.I.",
    "id": 10179,
    "name": "Supreme Court of Rhode Island"
  },
  "jurisdiction": {
    "id": 15,
    "name_long": "Rhode Island",
    "name": "R.I."
  },
  "cites_to": [
    {
      "cite": "120 R.I. 907",
      "category": "reporters:state",
      "reporter": "R.I.",
      "case_ids": [
        8520765
      ],
      "weight": 2,
      "year": 1978,
      "opinion_index": 0,
      "case_paths": [
        "/ri/120/0907-01"
      ]
    },
    {
      "cite": "440 A.2d 124",
      "category": "reporters:state_regional",
      "reporter": "A.2d",
      "case_ids": [
        7941232
      ],
      "opinion_index": 0,
      "case_paths": [
        "/a2d/440/0124-01"
      ]
    }
  ],
  "analysis": {
    "cardinality": 346,
    "char_count": 5812,
    "ocr_confidence": 0.689,
    "pagerank": {
      "raw": 4.03580807328026e-08,
      "percentile": 0.2438603563373772
    },
    "sha256": "f1c0ef2ea7ce3c205f5682ecbe73d583fd5edcdf5be522dbdf34154476c8d7f7",
    "simhash": "1:505f63813b408f68",
    "word_count": 885
  },
  "last_updated": "2024-02-27T17:28:48.823445+00:00",
  "provenance": {
    "date_added": "2019-08-29",
    "source": "Harvard",
    "batch": "2018"
  },
  "casebody": {
    "judges": [
      "Before WEISBERGER, C.J., and LEDERBERG, BOURCIER, FLANDERS and GOLDBERG, JJ."
    ],
    "parties": [
      "RHODE ISLAND COUNCIL 94, AFSCME, AFL-CIO v. WOONSOCKET SCHOOL COMMITTEE."
    ],
    "opinions": [
      {
        "text": "OPINION\nPER CURIAM.\nThis ease came before the Supreme Court on November 10, 1997, pursuant to an order directing both parties to appear and show cause why the issues raised by the plaintiffs appeal from a final judgment of the Superior Court denying a motion to confirm an arbitrator\u2019s award should not be summarily decided.\nAfter hearing the arguments of counsel and considering the memoranda submitted by the parties, we are of the opinion that cause has not been shown. The issues raised in the appeal will be decided at this time.\nThe city of Woonsocket (Woonsocket) had operated its own school-lunch program for more than twenty years. Most of the workers involved with that school-lunch program were state employees. However, three employees, a coordinator and two truekdrivers, were employed directly by the school committee. When Woonsocket decided to privatize its school-lunch program in 1993, as permitted by G.L.1956 \u00a7 16-8-10, it did so by subcontracting the work out to the Marriott Corporation (Marriott), including the three positions formerly filled by appointment by the local school committee. At the time of the privatization of the lunch program, there was only one truck driver employee and a coordinator; the remaining truckdriver position was vacant. Both persons previously employed as the truckdriver and the coordinator were transferred to other higher paying positions within the school department after the privatization.\nRhode Island Council 94, AFSCME, AFL-CIO (the union), plaintiffs, filed two grievances on June 28, 1993, on behalf of the two employees who had been removed from their positions and transferred to higher paying positions by the privatization. Those grievances proceeded to arbitration pursuant to the collective-bargaining agreement between Woonsocket and the union representing the school department employees. At issue in the grievances was whether the elimination of the three positions, including the vacant truckdriver position, violated article 41 of the collective-bargaining agreement. Article 41.1 provided:\n\u201cNo one outside the bargaining unit shall perform work normally assigned to employees within the bargaining unit nor shall they displace said employees. However, the School Department may subcontract work outside the bargaining unit when:\na. Such work that is subcontracted will not result in termination or layoff or failure to recall from layoff any employee qualified to do the work.\nb. Special projects and/or additional work above and beyond that assigned to bargaining unit employees cannot be completed because of time constraints, lack of skills or qualifications to carry out the work.\u201d\nArticle 41.2 provided:\n\u201cThe School Department agrees that it will not subcontract work which can be satisfactorily and more economically performed by bargaining unit employees, provided it has the facilities for doing the work, and the available personnel.\u201d\nIn a decision rendered on May 24, 1995, the arbitrator concluded that Woonsocket was able to contract with the Marriott for the school-lunch program pursuant to \u00a7 16-8-10. He further found that because the truckdri-ver positions normally assigned to union members were being performed by Marriott employees after the privatization, the use of the Marriott employees constituted a violation of the provisions of article 41.1 of the collective-bargaining agreement. The school committee was required by the arbitrator\u2019s award to reinstate union members to those two positions. The arbitrator, however, found that as a result of the elimination of the two truckdriver positions, no one suffered any financial harm and that no individual on layoff was denied the opportunity to return to that position. Because the work of the program-coordinator position was not being performed by Marriott employees, the arbitrator found that that position need not be reinstated.\nThe union thereafter, on September 19, 1995, sought confirmation of the arbitrator\u2019s award in the Superior Court. Woonsocket objected to the union\u2019s award confirmation request and filed a motion to vacate the award. A hearing on the union\u2019s request and Woonsocket\u2019s motion followed before a Superior Court trial justice on May 14, 1996.\nThe trial justice at the hearing recognized the appellate-review deference accorded an arbitrator\u2019s award by G.L.1956 \u00a7 28-9-18. See also Providence Teachers Union v. Providence School Committee, 440 A.2d 124 (R.I.1982); Jacinto v. Egan, 120 R.I. 907, 391 A.2d 1173 (1978). Nevertheless, the trial justice concluded that the arbitrators award was irrational. Consequently, he refused to confirm the award. Final judgment was entered on June 27, 1996. The trial justice failed, however, to vacate the award despite having sustained Woonsocket\u2019s objection to the confirmation of the award and he did not otherwise modify or correct the award. The union appealed from the trial justice\u2019s refusal to confirm the arbitrator\u2019s award.\nWe have reviewed the record below, and we perceive no error in the trial justice\u2019s decision. Accordingly, we deny and dismiss the union\u2019s appeal and affirm the judgment below. In sustaining Woonsocket\u2019s objection to the union\u2019s complaint requesting confirmation of the arbitrator\u2019s award, the trial justice neglected to vacate that award as he is required to do, pursuant to G.L.1956 \u00a7\u00a7 28-9-18 and 28-9-17. Upon remand of the papers in this case to the Superior Court, we direct that court to enter the appropriate order vacating the arbitrator\u2019s award.",
        "type": "majority",
        "author": "PER CURIAM."
      }
    ],
    "attorneys": [
      "Gerard P. Cobleigh, Warwick, for Plaintiff.",
      "Richard R. Ackerman, Woonsocket, for Defendant."
    ],
    "corrections": "",
    "head_matter": "RHODE ISLAND COUNCIL 94, AFSCME, AFL-CIO v. WOONSOCKET SCHOOL COMMITTEE.\nNo. 96-484-Appeal.\nSupreme Court of Rhode Island.\nDec. 18, 1997.\nGerard P. Cobleigh, Warwick, for Plaintiff.\nRichard R. Ackerman, Woonsocket, for Defendant.\nBefore WEISBERGER, C.J., and LEDERBERG, BOURCIER, FLANDERS and GOLDBERG, JJ."
  },
  "file_name": "0756-01",
  "first_page_order": 810,
  "last_page_order": 812
}
