{
  "id": 8245216,
  "name": "CHESTERFIELD ASSOCIATES, INC. v. SHEEPSCOT RIVER HOLDINGS I, LLC, et al.",
  "name_abbreviation": "Chesterfield Associates, Inc. v. Sheepscot River Holdings I, LLC",
  "decision_date": "2008-05-27",
  "docket_number": "",
  "first_page": "580",
  "last_page": "582",
  "citations": [
    {
      "type": "official",
      "cite": "948 A.2d 580"
    },
    {
      "type": "parallel",
      "cite": "2008 ME 88"
    }
  ],
  "court": {
    "name_abbreviation": "Me.",
    "id": 9543,
    "name": "Maine Supreme Judicial Court"
  },
  "jurisdiction": {
    "id": 42,
    "name_long": "Maine",
    "name": "Me."
  },
  "cites_to": [
    {
      "cite": "622 A.2d 1171",
      "category": "reporters:state_regional",
      "reporter": "A.2d",
      "case_ids": [
        7361049
      ],
      "pin_cites": [
        {
          "page": "1172"
        }
      ],
      "opinion_index": 0,
      "case_paths": [
        "/a2d/622/1171-01"
      ]
    },
    {
      "cite": "2007 ME 125",
      "category": "reporters:neutral",
      "reporter": "ME",
      "case_ids": [
        8346976
      ],
      "weight": 2,
      "pin_cites": [
        {
          "page": "\u00b6\u00b6 12-13"
        },
        {
          "page": "543-44"
        }
      ],
      "opinion_index": 0,
      "case_paths": [
        "/a2d/932/0539-01"
      ]
    }
  ],
  "analysis": {
    "cardinality": 393,
    "char_count": 7842,
    "ocr_confidence": 0.696,
    "pagerank": {
      "raw": 4.03580807328026e-08,
      "percentile": 0.20171369064374023
    },
    "sha256": "4f76ececd16dfac2f7f3880afd3c37da7a3c2cecd2c59b212a51ac3519205cb6",
    "simhash": "1:effac6a244029f5c",
    "word_count": 1195
  },
  "last_updated": "2024-02-27T21:02:53.272447+00:00",
  "provenance": {
    "date_added": "2019-08-29",
    "source": "Harvard",
    "batch": "2018"
  },
  "casebody": {
    "judges": [
      "Panel: SAUFLEY, C.J., and LEVY, SILVER, MEAD, and GORMAN, JJ."
    ],
    "parties": [
      "CHESTERFIELD ASSOCIATES, INC. v. SHEEPSCOT RIVER HOLDINGS I, LLC, et al."
    ],
    "opinions": [
      {
        "text": "GORMAN, J.\n[\u00b6 1] Sheepscot River Holdings I, LLC, Edgecomb Development, LLC, and Roger Bintliff (collectively, Sheepscot) appeal a summary judgment entered in the District Court (Wiscasset, Tucker, J.) in favor of Chesterfield Associates, Inc., and the court\u2019s denial of their motion to alter or amend the judgment.\n[\u00b6 2] Sheepscot raises six issues on appeal. Chesterfield filed a cross-appeal raising one issue. We vacate a portion of the court\u2019s judgment and remand, dismissing Sheepscot\u2019s appeal of the grant of summary judgment as interlocutory.\nI. BACKGROUND\n[\u00b6 3] In September 2004, Sheepscot River Holdings contracted with Chesterfield, a construction contractor, to do some work that, among other things, included the installation of a water main and sewer force main across the Sheepscot River. Sheepscot River Holdings soon after assigned its interest in the project to Edge-comb. Based on issues arising out of this contractual arrangement, including the enforceability of a related \u201csettlement agreement\u201d and a promissory note executed in favor of Chesterfield by Edgecomb\u2019s member-manager, Roger Bintliff, Chesterfield filed a complaint on May 15, 2006, against Sheepscot containing four causes of action: (1) an action based on the Maine Mechanic's Lien Statute, 10 M.R.S. \u00a7\u00a7 3251-3269 (2007); (2) breach of contract; (3) unjust enrichment; and (4) an action based on the promissory note.\n[\u00b6 4] Sheepscot filed an answer in which it asserted several affirmative defenses. Sheepscot also filed an eight-count counterclaim, claiming: (1) two counts of breach of contract; (2) breach of the settlement agreement; (3) that hens were improperly placed on Sheepscot\u2019s property, amounting to slander of title; (4) fraud; (5) breach of express and implied warranties relating to Chesterfield\u2019s work pursuant to the contract; (6) liquidated damages under the contract; and (7) interference with contractual relationships. Chesterfield then filed an answer asserting several affirmative defenses.\n[\u00b6 5] On March 20, 2007, Chesterfield filed a motion for summary judgment on all counts in its own complaint as well as on all causes of action set forth in Sheep-scot\u2019s counterclaims. Sheepscot filed an opposition to Chesterfield\u2019s motion for summary judgment and included additional material facts, asking that the court deny Chesterfield\u2019s motion \u201cand, if appropriate, ... enter Summary Judgment against\u201d Chesterfield on its complaint. Chesterfield opposed Sheepscot\u2019s motion for summary judgment and replied to Sheepscot\u2019s additional material facts, including three additional facts in its reply. Sheepscot filed a second opposing statement of material facts in response to the additional facts Chesterfield had included with its reply.\n[\u00b6 6] The court considered Chesterfield\u2019s motion for summary judgment and Sheepscot\u2019s motion for partial summary judgment without holding a hearing, entering summary judgment on June 15, 2007, in favor of Chesterfield on the count concerning amounts due and payable on the promissory note (Count IV) and ordering Sheepscot to pay Chesterfield $50,000. The court then dismissed Chesterfield\u2019s other three counts as moot and dismissed all of Sheepscot\u2019s counterclaims. Sheep-scot filed a motion to alter or amend the judgment on June 25, 2007, which the court denied. Sheepscot and Chesterfield filed this appeal and cross-appeal, respectively.\nII. DISCUSSION\n[\u00b6 7] Among other things, Sheepscot argues that the court erred in dismissing each of its counterclaims against Chesterfield because Chesterfield\u2019s motion for summary judgment, including its statement of material facts, did not properly address or relate to all counts of the counterclaim, particularly Sheepscot\u2019s warranty, fraud, and breach of contract claims.\n[\u00b6 8] The court granted summary judgment to Chesterfield on one count, but dismissed all of the remaining counts in Chesterfield\u2019s complaint as well as all of Sheepscot\u2019s counterclaims, finding that \u201cboth sides have submitted insufficient evidence on these claims so these claims are hereby dismissed.\u201d The trial court erred in doing so. The only motions pending before the court were Chesterfield\u2019s motion for summary judgment as to its claims and Sheepscot\u2019s counterclaims, and Sheepscot\u2019s motion for summary judgment as to Chesterfield\u2019s claims. Because neither party had filed a motion to dismiss claims in the case, the court erred when it dismissed any claims. The court should have granted or denied, in whole or in part, the competing motions for summary judgment, and gone forward to trial with any claims or counterclaims with respect to which summary judgment was not granted. See M.R. Civ. P. 56(d). Accordingly, we vacate that part of the court\u2019s decision dismissing Chesterfield\u2019s claims and Sheepscot\u2019s counterclaims.\nThe entry is:\nSheepscot\u2019s appeal of the summary judgment on Count IV of Chesterfield\u2019s complaint is dismissed. The portion of the judgment dismissing Counts I, II, and III of Chesterfield\u2019s complaint and Sheepscot\u2019s counterclaims is vacated. Remanded for further proceedings.\n. Apparently on or around September 1, 2006, Chesterfield filed a motion to amend its complaint to add a fifth count. Due to a filing error, the court was unaware of the motion, never ruled on it, and did not address the fifth count in its summaiy judgment.\n. M.R. Civ. P. 56(h) permits a party to file \u201cadditional\u201d statements of fact only with the opposition to a motion for summary judgment.\n. See supra note 2.\n. Chesterfield argues that the court\u2019s dismissal of all of Sheepscot's counterclaims should be affirmed because they were related to the contract and transactions at issue in Chesterfield\u2019s motion for summary judgment and were \"make-weight, side-show\u201d counterclaims.\n.The court\u2019s judgment first states that:\nWith regards to the other claims and counterclaims raised by both sides over the other side's performance under the contract, both sides have submitted insufficient evidence on these claims so these claims are hereby dismissed. These claims are dismissed as secondary to the primary dispute over the enforcement of the $50,000 note. The judgment subsequently states that\n\"Count IV of the plaintiff[\u2019s] complaint is granted. Counts I, II, & III are dismissed as moot. The defendant\u2019s counter-claims are denied.\u201d Despite the inconsistent language, it is apparent that the court's intention was to dismiss Sheepscot\u2019s counterclaims as well as Counts I, II, and III of Chesterfield\u2019s complaint; \"Final Judgment Case Closed\u201d was entered on the docket as of the same day the court entered the summary judgment.\n. If the court\u2019s judgment can possibly be read to mean that it granted Chesterfield\u2019s motion for summary judgment as to Sheepscot\u2019s counterclaims, the court nonetheless erred. Chesterfield\u2019s motion with respect to Sheep-scot\u2019s counterclaims, particularly Sheepscot\u2019s counterclaims alleging breach of contract, breach of warranty, and fraud, was not supported by a proper (or any) statement of material facts as required by M.R. Civ. P. 56(h). See Reid v. Town of Mt. Vernon, 2007 ME 125, \u00b6\u00b6 12-13, 932 A.2d 539, 543-44.\n. We do not address the merits of Sheepscot\u2019s appeal of the entry of summary judgment in favor of Chesterfield on Count IV of its complaint, To do so would constitute improper interlocutory appellate review. See Williams v. Bromley, 622 A.2d 1171, 1172 (Me.1993).",
        "type": "majority",
        "author": "GORMAN, J."
      }
    ],
    "attorneys": [
      "John D. Clifford, IV, Esq., Clifford & Golden, PA, Lisbon Falls, ME, for Sheep-scot River Holdings, LLC, Edgecomb Development, LLC, and Roger Bintliff.",
      "Eliot Field, Esq., Wiscasset, ME, for Chesterfield Associates, Inc."
    ],
    "corrections": "",
    "head_matter": "2008 ME 88\nCHESTERFIELD ASSOCIATES, INC. v. SHEEPSCOT RIVER HOLDINGS I, LLC, et al.\nSupreme Judicial Court of Maine.\nSubmitted on Briefs: April 2, 2008.\nDecided: May 27, 2008.\nJohn D. Clifford, IV, Esq., Clifford & Golden, PA, Lisbon Falls, ME, for Sheep-scot River Holdings, LLC, Edgecomb Development, LLC, and Roger Bintliff.\nEliot Field, Esq., Wiscasset, ME, for Chesterfield Associates, Inc.\nPanel: SAUFLEY, C.J., and LEVY, SILVER, MEAD, and GORMAN, JJ."
  },
  "file_name": "0580-01",
  "first_page_order": 610,
  "last_page_order": 612
}
