{
  "id": 7935969,
  "name": "In re Lydia ARTIS, Appellant",
  "name_abbreviation": "In re Artis",
  "decision_date": "1992-12-28",
  "docket_number": "No. 88-FM-1339",
  "first_page": "1148",
  "last_page": "1153",
  "citations": [
    {
      "type": "official",
      "cite": "615 A.2d 1148"
    }
  ],
  "court": {
    "name_abbreviation": "D.C.",
    "id": 11933,
    "name": "District of Columbia Court of Appeals"
  },
  "jurisdiction": {
    "id": 56,
    "name_long": "District of Columbia",
    "name": "D.C."
  },
  "cites_to": [
    {
      "cite": "507 A.2d 155",
      "category": "reporters:state_regional",
      "reporter": "A.2d",
      "case_ids": [
        7883529
      ],
      "opinion_index": 0,
      "case_paths": [
        "/a2d/507/0155-01"
      ]
    },
    {
      "cite": "467 A.2d 971",
      "category": "reporters:state_regional",
      "reporter": "A.2d",
      "case_ids": [
        7980721
      ],
      "weight": 3,
      "pin_cites": [
        {
          "page": "975"
        },
        {
          "page": "975"
        }
      ],
      "opinion_index": 0,
      "case_paths": [
        "/a2d/467/0971-01"
      ]
    },
    {
      "cite": "419 F.2d 617",
      "category": "reporters:federal",
      "reporter": "F.2d",
      "case_ids": [
        2162688
      ],
      "year": 1969,
      "pin_cites": [
        {
          "page": "623"
        }
      ],
      "opinion_index": 0,
      "case_paths": [
        "/f2d/419/0617-01"
      ]
    },
    {
      "cite": "124 U.S.App.D.C. 264",
      "category": "reporters:state",
      "reporter": "U.S. App. D.C.",
      "case_ids": [
        3657100
      ],
      "year": 1966,
      "pin_cites": [
        {
          "page": "266"
        }
      ],
      "opinion_index": 0,
      "case_paths": []
    },
    {
      "cite": "364 F.2d 657",
      "category": "reporters:federal",
      "reporter": "F.2d",
      "case_ids": [
        811257,
        3657100
      ],
      "year": 1966,
      "pin_cites": [
        {
          "page": "659-60"
        }
      ],
      "opinion_index": 0,
      "case_paths": [
        "/f2d/364/0657-01"
      ]
    },
    {
      "cite": "546 A.2d 356",
      "category": "reporters:state_regional",
      "reporter": "A.2d",
      "case_ids": [
        7938194
      ],
      "weight": 4,
      "pin_cites": [
        {
          "page": "360"
        },
        {
          "page": "360"
        }
      ],
      "opinion_index": 0,
      "case_paths": [
        "/a2d/546/0356-01"
      ]
    },
    {
      "cite": "441 A.2d 975",
      "category": "reporters:state_regional",
      "reporter": "A.2d",
      "case_ids": [
        7979181
      ],
      "opinion_index": 0,
      "case_paths": [
        "/a2d/441/0975-01"
      ]
    },
    {
      "cite": "178 A.2d 919",
      "category": "reporters:state_regional",
      "reporter": "A.2d",
      "case_ids": [
        8114755
      ],
      "pin_cites": [
        {
          "page": "920"
        }
      ],
      "opinion_index": 0,
      "case_paths": [
        "/a2d/178/0919-01"
      ]
    },
    {
      "cite": "473 A.2d 375",
      "category": "reporters:state_regional",
      "reporter": "A.2d",
      "case_ids": [
        7956047
      ],
      "pin_cites": [
        {
          "page": "376"
        }
      ],
      "opinion_index": 0,
      "case_paths": [
        "/a2d/473/0375-01"
      ]
    },
    {
      "cite": "602 A.2d 154",
      "category": "reporters:state_regional",
      "reporter": "A.2d",
      "case_ids": [
        7936074
      ],
      "pin_cites": [
        {
          "page": "159"
        }
      ],
      "opinion_index": 0,
      "case_paths": [
        "/a2d/602/0154-01"
      ]
    },
    {
      "cite": "549 A.2d 728",
      "category": "reporters:state_regional",
      "reporter": "A.2d",
      "case_ids": [
        7878782
      ],
      "pin_cites": [
        {
          "page": "731"
        }
      ],
      "opinion_index": 0,
      "case_paths": [
        "/a2d/549/0728-01"
      ]
    },
    {
      "cite": "597 A.2d 892",
      "category": "reporters:state_regional",
      "reporter": "A.2d",
      "case_ids": [
        11944561
      ],
      "weight": 5,
      "pin_cites": [
        {
          "page": "899"
        },
        {
          "page": "903-06"
        },
        {
          "page": "908"
        }
      ],
      "opinion_index": 0,
      "case_paths": [
        "/a2d/597/0892-01"
      ]
    },
    {
      "cite": "423 A.2d 188",
      "category": "reporters:state_regional",
      "reporter": "A.2d",
      "case_ids": [
        7942143
      ],
      "pin_cites": [
        {
          "page": "191"
        }
      ],
      "opinion_index": 0,
      "case_paths": [
        "/a2d/423/0188-01"
      ]
    },
    {
      "cite": "408 A.2d 1233",
      "category": "reporters:state_regional",
      "reporter": "A.2d",
      "case_ids": [
        8009932
      ],
      "pin_cites": [
        {
          "page": "1238"
        }
      ],
      "opinion_index": 0,
      "case_paths": [
        "/a2d/408/1233-01"
      ]
    },
    {
      "cite": "433 A.2d 1069",
      "category": "reporters:state_regional",
      "reporter": "A.2d",
      "case_ids": [
        8011311
      ],
      "pin_cites": [
        {
          "page": "1070-71"
        }
      ],
      "opinion_index": 0,
      "case_paths": [
        "/a2d/433/1069-01"
      ]
    },
    {
      "cite": "507 A.2d 150",
      "category": "reporters:state_regional",
      "reporter": "A.2d",
      "case_ids": [
        7883456
      ],
      "weight": 2,
      "pin_cites": [
        {
          "page": "152"
        },
        {
          "page": "154"
        }
      ],
      "opinion_index": 0,
      "case_paths": [
        "/a2d/507/0150-01"
      ]
    },
    {
      "cite": "531 A.2d 661",
      "category": "reporters:state_regional",
      "reporter": "A.2d",
      "case_ids": [
        7883692
      ],
      "weight": 3,
      "pin_cites": [
        {
          "page": "664"
        },
        {
          "page": "666"
        }
      ],
      "opinion_index": 0,
      "case_paths": [
        "/a2d/531/0661-01"
      ]
    },
    {
      "cite": "441 U.S. 418",
      "category": "reporters:federal",
      "reporter": "U.S.",
      "case_ids": [
        1780484
      ],
      "weight": 3,
      "year": 1979,
      "opinion_index": 0,
      "case_paths": [
        "/us/441/0418-01"
      ]
    },
    {
      "cite": "112 S.Ct. 1780",
      "category": "reporters:federal",
      "reporter": "S. Ct.",
      "case_ids": [
        11727947
      ],
      "weight": 2,
      "year": 1992,
      "opinion_index": 0,
      "case_paths": [
        "/us/504/0071-01"
      ]
    }
  ],
  "analysis": {
    "cardinality": 1061,
    "char_count": 20220,
    "ocr_confidence": 0.756,
    "pagerank": {
      "raw": 6.282445765652433e-08,
      "percentile": 0.3871868591566535
    },
    "sha256": "76b11d27aed8bb56ffd655cbf9fae8281c3aea56454fa1ff9ba9a06310a4449f",
    "simhash": "1:8233f5f7760b2dfb",
    "word_count": 3073
  },
  "last_updated": "2024-02-27T21:37:11.948043+00:00",
  "provenance": {
    "date_added": "2019-08-29",
    "source": "Harvard",
    "batch": "2018"
  },
  "casebody": {
    "judges": [
      "Before STEADMAN and KING, Associate Judges, and PRYOR, Senior Judge."
    ],
    "parties": [
      "In re Lydia ARTIS, Appellant."
    ],
    "opinions": [
      {
        "text": "PRYOR, Senior Judge:\nLydia Artis appeals her civil commitment to D.C. Village Nursing Home after a unanimous jury found her to be mentally ill and likely to injure herself if allowed to remain at liberty. D.C.Code \u00a7 21-545(b) (1981) (\u201cErvin Act\u201d). Appellant maintains on appeal that (1) the evidence adduced at trial was insufficient to support the jury\u2019s determination; (2) the government counsel\u2019s single mention during voir dire that the jury was \u201cto determine whether Lydia Artis required further treatment\u201d constituted reversible error; and (3) by choosing a nursing home for appellant, the trial court failed (a) to choose the \u201cleast restrictive alternative\u201d available, and (b) to issue explicit findings supporting his decision. We find no error and affirm.\nI.\nOn January 8, 1987, appellant was admitted to Saint Elizabeths Hospital pursuant to application by Dr. Robert Keisling, the director of the District of Columbia\u2019s emergency mental health services program at the time. D.C.Code \u00a7 21-521 (1981). The following day, appellee successfully petitioned the court seeking to extend appellant\u2019s emergency hospitalization. Four days later, the Superintendent of the Hospital\u2019s timely petition seeking appellant\u2019s continued hospitalization for seven more days was granted after an ex parte hearing. D.C.Code \u00a7 21-523 (1981). Subsequently, in accordance with D.C.Code \u00a7 21-541 (1981), the Superintendent filed a petition for appellant\u2019s judicial hospitalization. A hearing was convened before the Superi- or Court\u2019s Commission on Mental Health. The Commission found appellant suffering from Bipolar Affective Disorder \u2014 Manic, delusions, and impaired memory, judgment and insight. They concluded that she was likely to injure herself if allowed to remain at liberty and recommended placement in a nursing home, where she could receive necessary daily supervision. When these recommendations were filed with the trial court, appellant requested and was granted a jury trial. D.C.Code \u00a7 21-545 (1981).\nThe Evidence at Trial\nThe hospital presented three witnesses: Constance Laurent-Roy, Vice President for Clinical Affairs and Director of Residential Programs, JMC Associates; Mary Cromar-tie, R.N., Saint Elizabeths Hospital; and Dr. Toledo, appellant\u2019s treating psychiatrist at Saint Elizabeths.\nMs. Laurent-Roy testified that in October 1986, upon referral from the Crisis Resolution Branch at D.C. General Hospital, appellant had been accepted into the residential crisis bed program of JMC Associates. Placement in the JMC Euclid Residence was triggered by appellant\u2019s eviction from her home following foreclosure proceedings. Based upon daily contact with appellant, Ms. Laurent-Roy related that the JMC program could not accommodate appellant for more than a few weeks due to her physical and mental circumstance. In particular, appellant exhibited chronic incontinence; refused to maintain a diet necessary to control her elevated blood pressure and diabetes; and was either incapable or unwilling to self-administer her medication. As a result, on December 18, 1986, Ms. Laurent-Roy personally returned appellant to the Crisis Resolution Branch at D.C. General, from where she was subsequently transferred to Saint Eliz-abeths.\nMary Cromartie, a nurse for thirty years, has been employed at Saint Elizabeths since 1976. Based on numerous encounters with appellant, she maintained that appellant was unable to care for herself, citing severe personal hygiene problems centering around appellant\u2019s incontinence. Ms. Cromartie opined that appellant\u2019s refusal to bathe aggravated her diabetic condition, increasing her susceptibility to infection. As a result, the hospital staff was often forced to bathe her. Consistent with previous testimony, Ms. Cromartie affirmed that appellant refused to self-administer her prescribed insulin despite several attempts at instruction by hospital staff.\nFinally, Dr. Amanda Toledo, upon being qualified without objection as an expert in the treatment and diagnosis of mental illness, testified that appellant suffered from Bipolar Disorder, Manic, and exhibited symptoms such as increased psychomotor activity, pressure of speech, flight of ideas, paranoid thoughts, and delusions. Based on her review of the record, Dr. Toledo described appellant\u2019s living conditions prior to her present commitment as being without heat or electricity and with evidence of Ms. Artis\u2019 incontinence everywhere. Of particular note, Dr. Toledo testified to appellant\u2019s failure to appreciate the potentially fatal consequences of her diabetic condition if untreated. Dr. Toledo concluded that appellant was a danger to herself as a result of her mental illness, resulting from her inability to regularly take her required medicine and care for her personal hygiene \u2014 conditions further exacerbated by appellant being homeless and without family upon whom to rely.\nMs. Artis was the sole witness in her own behalf. During her testimony, she maintained, inter alia, that she was a doctor of medicine as well as the past Superintendent of Saint Elizabeths during the late 1930s, all of which is refuted by public records. Upon cross-examination, she revealed that for some time her home had neither heat nor electricity and despite the foreclosure proceedings precipitating her eviction, she intended to return there upon her release.\nAfter appropriate instructions, the jury found there was clear and convincing evidence that Ms. Artis was mentally ill and likely to injure herself.\nThe Disposition Hearing\nOn January 13-14, 1988, an evidentiary hearing was conducted pursuant to D.C.Code \u00a7 21-545(b) (1981), and Super.Ct.Ment.H.R. 6(a). Dr. Betsy Cooper, a psychiatrist at Saint Elizabeth\u2019s Long-Term Program who treated appellant from August 1987 to the time of the hearing, described appellant\u2019s mental condition as delusional and unrealistic about her condition, and found that her insulin-dependent diabetes, hypertension, anemia, cataracts, obesity, urinary incontinence and infections should be supervised by the hospital. In particular, Dr. Cooper recommended hospitalization to properly care for appellant\u2019s mental and physical condition. Regarding less restrictive alternatives, she emphasized that appellant suffered from a variety of ailments requiring \u201cdifferent types of intervention and different types of followup\u201d which she was unlikely to receive outside the structured setting of a hospital. It was her opinion, that outside a hospital environment, appellant would not have the required access to necessary medical and psychiatric care; this lack of access would only be aggravated by appellant\u2019s demonstrated reluctance to regularly take her medicine.\nDr. Maureen Polsby testified on appellant\u2019s behalf. Relying on her review of the record and a single interview with appellant, and notwithstanding that she never conferred directly with appellant\u2019s treating psychiatrists, Dr. Polsby testified that appellant was capable of independent living with visiting-nursing supervision, and was capable of learning to self-administer her needed medication.\nAt the conclusion of the hearing, appellant requested, and the court granted, the opportunity to present additional evidence of alternative commitment locations. On June 10, 1988, Ms. Sheryl Jones, a social worker with the Public Defender Service, Mental Health Division, testified that appellant was an eligible candidate for a planned outpatient program, the Evergreen Complex Program, which would offer her an opportunity for monitored independent living. Requesting more information, the court reconvened on June 29 to hear further testimony about the proposed facility. On September 9, 1988, the court, by signed order, adopted the recommendation of the Mental Health Commission committing appellant to a nursing home facility.\nII.\nA civil commitment proceeding spotlights the mental condition of the appellant at the time of the hearing. At the proceeding, the factfinder\u2019s role is to determine whether clear and convincing evidence shows that the person before it is currently mentally ill and likely to injure herself or others if allowed to remain at liberty. See Foucha v. Louisiana, \u2014 U.S. -, 112 S.Ct. 1780, 118 L.Ed.2d 437 (1992); Addington v. Texas, 441 U.S. 418, 99 S.Ct. 1804, 60 L.Ed.2d 323 (1979); In re Gahan, 531 A.2d 661, 664 (D.C.1987); In re Samuels, 507 A.2d 150, 152 (D.C.1986); In re Mendoza, 433 A.2d 1069, 1070-71 (D.C.1981); In re Nelson, 408 A.2d 1233, 1238 (D.C.1979). To rise to the level of appropriate \u201cinjury,\u201d all that is required is that the subject be prone to \u201cinadvertently place [herjself in a position of danger or ... to suffer harm.\u201d In re Snowden, 423 A.2d 188, 191 (D.C.1980).\nAppellant maintains that the trial court erred by repeatedly admitting both hearsay and lay opinion testimony. She argues that if this tainted evidence is segregated from that which was properly admitted, the resulting sum is insufficient to support the jury\u2019s findings. Appellant initially challenges the ability of Dr. Toledo, as a psychiatrist, to accurately predict whether appellant would injure herself in the future. This argument that psychiatrists, as a professional group, lack the expertise to forecast dangerousness has been squarely foreclosed by our recent decision in In re Melton, 597 A.2d 892 (D.C.1991). There, we held that \u201c[a] trained psychiatrist must surely be qualified, a for-tiori, to assess [a patient\u2019s] dangerousness to himself or others, especially where, as here, that assessment is based on the patient's need for medication and his failure in the past to take it with the requisite regularity.\u201d Id. at 899. By way of emphasis, we noted that \u201c[i]n asking us to divide psychiatrists into those who are experts on dangerousness and those who are not, [appellant] places \u2018too much focus on a [purported] specialty and too little focus upon the [facts] alleged.\u2019 \u201d Id. at 900 n. 9, (quoting Omoff v. Kuhn and Kogan Chartered, 549 A.2d 728, 731 (D.C.1989)).\nSecondly, appellant questions Dr. Toledo\u2019s testimonial reliance on hospital records and general out-of-court statements and materials. Admittedly hearsay, we defer to the well-settled proposition that expert opinions may be properly based on information such as medical charts, transfer memo-randa, etc. This position comports with the Advisory Committee\u2019s Notes to Federal Rule 703 which states that\na physician in his [or her] own practice bases his [or her] diagnosis on information from numerous sources and of considerable variety, including ... reports and opinions from nurses, technicians, and other doctors, hospital records.... His [or her] validation, expertly performed and subject to cross examination, ought to suffice for judicial purposes.\nSee In re Melton, 597 A.2d 892, 903-06 (D.C.1991).\nThirdly, appellant takes issue with government counsel\u2019s failure to elicit a specific finding that the hospital records employed at trial by Dr. Toledo were of the kind \u201ccustomarily relied on by similar experts.\u201d See Federal Rule 703. In Melton, we visited this precise issue and held that \u201cin spite of the trial judge\u2019s failure to make an explicit finding on the question on which the admission of the contested evidence depended, [we are persuaded] that the drafters of [Federal Rule 703] viewed psychiatric reliance on information provided by family members and hospital records as reliable in principle.\u201d Melton, supra, 597 A.2d at 908.\nFinally, appellant finds fault with the opinion and hearsay testimony of the nurse, Ms. Cromartie. After failing to object during direct examination and choosing not to cross-examine, appellant now urges that these admissions constituted reversible error. The government rejoins, and we agree, that since appellant failed to make a timely objection during trial, she is confronted with a body of law limiting our consideration. In Harris v. United States, 602 A.2d 154, 159 (D.C.1992), we held that \u201creversal under the plain error doctrine is justified only in exceptional circumstances where a miscarriage of justice would otherwise result. Stated otherwise, errors complained of must be so clearly prejudicial to substantial rights as to jeopardize the very fairness and integrity of the trial.\u201d (Citations omitted). Applied to the present situation, the trial court gave due consideration to the lengthy tenure of the witness and appropriately instructed the jury on weighing the testimony of lay witnesses. Given this instruction, coupled with counsel\u2019s failure to object, we find no reversible error.\nIn examining a claim of insufficiency, the applicable standard of review is \u201cwhether there is any substantial evidence which will support the conclusion reached by the trier of fact below.\u201d Boynton v. Lopez, 473 A.2d 375, 376 (D.C.1984) (quoting Hart v. Cherner, 178 A.2d 919, 920 (D.C.1962)). Here, the record amply supports the jury\u2019s decision that appellant was both mentally ill and likely to injure herself. The testimony of all three government witnesses consistently echoed appellant\u2019s unrefuted history of mental illness; her inability \u2014 or refusal \u2014 to maintain a needed regimen of daily medication; an alarming disregard for personal hygiene; and an apparent incapacity to appreciate the potentially fatal implications of her conditions.\nIII.\nDuring voir dire, the government advised the prospective panel of jurors: \u201cyou\u2019re going to be asked to decide whether Lydia Artis in this case should have further treatment or whether she must be immediately released if she so desired.\u201d Appellant urges that this statement improperly deflected the panel\u2019s attention from their limited statutory duty \u2014 determining mental illness and dangerousness\u2014 to the improper consideration of further treatment \u2014 the sole province of the trial court. Moreover, appellant maintains this assertion so polluted the entire proceedings that it was not mitigated by numerous subsequent instructions from both the bench and counsel. While appellant is correct that counsel\u2019s remark does misstate the specific function of a civil commitment jury, we held in In re Bumper, 441 A.2d 975 (D.C.1982), that it was not reversible error for a court to instruct the jury on alternative treatments in an effort to illuminate the panel\u2019s understanding of the proceedings. In fact, we commended this reference \u201cto be consistent with the broader responsibility of the jury in civil commitment proceedings_\u201d Even assuming error, in light of the judge\u2019s closing instructions correctly advising them of their statutory duty, and the fact that counsel\u2019s remark was only mentioned once before the jury was impaneled, we find it harmless.\nIV.\nFinally, during the dispositional phase, the court was presented with three alternatives: (1) inpatient psychiatric hospitalization, recommended by the hospital; (2) nursing home commitment, recommended by the Mental Health Commission; and (3) community living with assistance and supervision, recommended by Ms. Artis. The court decided that Ms. Artis\u2019 circumstance would benefit most by placement in a nursing home. Appellant counters that this decision does not conform with this jurisdiction\u2019s mandate that the trial court choose the \u201cleast restrictive alternative which would serve the purposes of commitment.\u201d In re Stokes, 546 A.2d 356, 360 (D.C.1988). While theoretically correct, appellant misreads the law by choosing to emphasize the first part of the phrase to the exclusion of the latter. In deciding what best \u201cserve[s] the purposes of commitment,\u201d the court has before it \u201cthe entire spectrum of services ... available, including outpatient treatment, foster care halfway houses, day hospitals, nursing homes, etc.\u201d Lake v. Cameron, 364 F.2d 657, 659-60, 124 U.S.App.D.C. 264, 266 (1966). In the case before us, the trial court held extensive evidentiary hearings eliciting testimony regarding treatment alternatives. It was only after \u201cexplor[ing] alternatives within the hospital, Covington v. Harris, 419 F.2d 617, 623 (1969), and outside the hospital, Lake v. Cameron, supra,\u201d that the judge rendered his decision to commit appellant to a nursing home. In re Mills, 467 A.2d 971, 975 (D.C.1983).\nThe trial court\u2019s failure to enunciate findings of fact that nursing home commitment was the least restrictive form of treatment is of no particular moment. Super.Ct. Ment.H.R. 5(c) provides in pertinent part:\nIf trial is by the court, the court shall make a general finding as to whether the respondent is mentally ill or, if so, whether because of that illness he is likely to injure himself or other persons if allowed to remain at liberty. Upon request of a party, the court shall in addition find the facts specifically, except that findings of fact with respect to disposition and future treatment shall be made at the disposition hearing.\n(Emphasis supplied). The record before us reveals no instance where appellant requested any particularized findings from the court. Appellant misapplies our decisions in In re Stokes, 546 A.2d 356 (D.C.1988), and In re James, 507 A.2d 155 (D.C.1986), as standing for the proposition that an explicit finding is required in all civil commitment proceedings. In those cases, we considered the revocation of an outpatient commitment and noted our discomfort with a trial court\u2019s adopting a patient\u2019s diagnosis of mental illness and propensity for injury from a prior adjudication without making an explicit finding of least restriction. See In re Mills, supra, 467 A.2d at 975. In the case before us, the trial court was not interpreting a prior decree, but rather made a de novo determination following a jury trial and dispositional hearing over which he presided. Accordingly, we find no error.\nSo ordered.\n. Appellant\u2019s contention that \"[s]imply because there are concerns that a person might not be able to care for herself is not enough to demonstrate by clear and convincing evidence that she is likely to injure herself,\u201d misstates the law. It is precisely the union of mental illness with the inability of a person to adequately care for herself that raises the inference of \u201cdanger\u201d and \"injury\" to self and triggers the statutory provisions. See In re Gahan, supra, 531 A.2d at 666.\n. In addition, any reference to those records by the government in closing remarks \u2014 absent a cautionary instruction by the trial court \u2014 was harmless error, considering they were not \"inherently inadmissible but could have been offered under the business records exception to the hearsay rule.\u201d In re Samuels, 507 A.2d 150, 154 (D.C. 1986).\n. Appellant focuses primarily on Ms. Cromar-tie\u2019s opinion that appellant\u2019s poor hygiene had a particularly deleterious effect on her diabetic condition; and that she did not personally witness some of the incidents she describes.\n. In fact, the record does reveal that the trial court, sua sponte, verbalized concern regarding its authority to place appellant in the Evergreen facility before they officially opened, and prior to appellant being officially accepted into the program. Moreover, the court explicitly emphasized that its role was to determine the least restrictive type of placement under the circumstances.\n. In revoking outpatient commitment, the trial judge ... made comments indicating his perception that the obligation to consider less restrictive alternatives was the duty of the original committing court, but that it was not necessary for him to undertake a search for a less restrictive treatment at the outpatient revocation stage. This construction, of course, runs counter to the underlying purpose of the Act.\nIn re Stokes, supra, 546 A.2d at 360.",
        "type": "majority",
        "author": "PRYOR, Senior Judge:"
      }
    ],
    "attorneys": [
      "S. Pamela Thomas, Public Defender Service, with whom James Klein and Laurie B. Davis, Public Defender Service, were on the brief, for appellant.",
      "Sheila Kaplan, Asst. Corp. Counsel, with whom John Payton, Corp. Counsel, Charles L. Reischel, Deputy Corp. Counsel, and Ann O\u2019Regan Keary, Deputy Corp. Counsel at the time the brief was filed, were on the brief, for the District of Columbia."
    ],
    "corrections": "",
    "head_matter": "In re Lydia ARTIS, Appellant.\nNo. 88-FM-1339.\nDistrict of Columbia Court of Appeals.\nArgued Oct. 6, 1992.\nDecided Dec. 28, 1992.\nS. Pamela Thomas, Public Defender Service, with whom James Klein and Laurie B. Davis, Public Defender Service, were on the brief, for appellant.\nSheila Kaplan, Asst. Corp. Counsel, with whom John Payton, Corp. Counsel, Charles L. Reischel, Deputy Corp. Counsel, and Ann O\u2019Regan Keary, Deputy Corp. Counsel at the time the brief was filed, were on the brief, for the District of Columbia.\nBefore STEADMAN and KING, Associate Judges, and PRYOR, Senior Judge."
  },
  "file_name": "1148-01",
  "first_page_order": 1180,
  "last_page_order": 1185
}
