{
  "id": 9158808,
  "name": "Mark E. ADAMS, Respondent v. COMMONWEALTH of Pennsylvania, DEPARTMENT OF TRANSPORTATION, BUREAU OF DRIVER LICENSING, Petitioner",
  "name_abbreviation": "Adams v. Commonwealth, Department of Transportation, Bureau of Driver Licensing",
  "decision_date": "2004-11-30",
  "docket_number": "",
  "first_page": "101",
  "last_page": "102",
  "citations": [
    {
      "type": "official",
      "cite": "862 A.2d 101"
    }
  ],
  "court": {
    "name_abbreviation": "Pa.",
    "id": 8832,
    "name": "Supreme Court of Pennsylvania"
  },
  "jurisdiction": {
    "id": 6,
    "name_long": "Pennsylvania",
    "name": "Pa."
  },
  "cites_to": [
    {
      "cite": "2004 WL 2359860",
      "category": "reporters:specialty_west",
      "reporter": "WL",
      "year": 2004,
      "opinion_index": 0
    },
    {
      "cite": "860 A.2d 76",
      "category": "reporters:state_regional",
      "reporter": "A.2d",
      "case_ids": [
        9145771,
        1100756
      ],
      "year": 2004,
      "opinion_index": 0,
      "case_paths": [
        "/a2d/860/0076-01",
        "/pa/580/0259-01"
      ]
    }
  ],
  "analysis": {
    "cardinality": 53,
    "char_count": 521,
    "ocr_confidence": 0.656,
    "sha256": "9fe033c699a47a5a475ca524e69e3ff750fe30277cbdd5db223eecc3970d5a85",
    "simhash": "1:9dbe2a5f61276dff",
    "word_count": 81
  },
  "last_updated": "2024-02-27T16:13:35.586725+00:00",
  "provenance": {
    "date_added": "2019-08-29",
    "source": "Harvard",
    "batch": "2018"
  },
  "casebody": {
    "judges": [],
    "parties": [
      "Mark E. ADAMS, Respondent v. COMMONWEALTH of Pennsylvania, DEPARTMENT OF TRANSPORTATION, BUREAU OF DRIVER LICENSING, Petitioner."
    ],
    "opinions": [
      {
        "text": "ORDER\nPER CURIAM.\nAND NOW, this 30th day of November, 2004, the Petition for Allowance of Appeal is GRANTED. The order of the Commonwealth Court is REVERSED and this case is REMANDED to the trial court for consideration of any remaining issues. See Siekierda v. Commonwealth of Pennsylvania Dep\u2019t of Transp., 860 A.2d 76, 2004 WL 2359860 (2004).",
        "type": "majority",
        "author": "PER CURIAM."
      }
    ],
    "attorneys": [],
    "corrections": "",
    "head_matter": "Mark E. ADAMS, Respondent v. COMMONWEALTH of Pennsylvania, DEPARTMENT OF TRANSPORTATION, BUREAU OF DRIVER LICENSING, Petitioner.\nSupreme Court of Pennsylvania.\nNov. 30, 2004."
  },
  "file_name": "0101-03",
  "first_page_order": 143,
  "last_page_order": 144
}
