{
  "id": 9159057,
  "name": "Stanley E. WHEELER, Petitioner v. PENNSYLVANIA BOARD OF PROBATION AND PAROLE, Respondent",
  "name_abbreviation": "Wheeler v. Pennsylvania Board of Probation & Parole",
  "decision_date": "2004-11-17",
  "docket_number": "",
  "first_page": "127",
  "last_page": "131",
  "citations": [
    {
      "type": "official",
      "cite": "862 A.2d 127"
    }
  ],
  "court": {
    "name_abbreviation": "Pa. Commw. Ct.",
    "id": 11887,
    "name": "Commonwealth Court of Pennsylvania"
  },
  "jurisdiction": {
    "id": 6,
    "name_long": "Pennsylvania",
    "name": "Pa."
  },
  "cites_to": [
    {
      "cite": "829 A.2d 1228",
      "category": "reporters:state_regional",
      "reporter": "A.2d",
      "case_ids": [
        9103245
      ],
      "pin_cites": [
        {
          "page": "1232"
        }
      ],
      "opinion_index": 0,
      "case_paths": [
        "/a2d/829/1228-01"
      ]
    },
    {
      "cite": "154 L.Ed.2d 462",
      "category": "reporters:federal",
      "reporter": "L. Ed. 2d",
      "weight": 2,
      "year": 2002,
      "pin_cites": [
        {
          "parenthetical": "reasoning that incarcerated persons retain only those rights that are not inconsistent with legitimate penological goals"
        },
        {
          "parenthetical": "citations omitted"
        }
      ],
      "opinion_index": 0
    },
    {
      "cite": "123 S.Ct. 558",
      "category": "reporters:federal",
      "reporter": "S. Ct.",
      "weight": 2,
      "year": 2002,
      "pin_cites": [
        {
          "parenthetical": "reasoning that incarcerated persons retain only those rights that are not inconsistent with legitimate penological goals"
        },
        {
          "parenthetical": "citations omitted"
        }
      ],
      "opinion_index": 0
    },
    {
      "cite": "537 U.S. 1039",
      "category": "reporters:federal",
      "reporter": "U.S.",
      "case_ids": [
        9300993,
        9301378,
        9301251,
        9301027,
        9301223,
        9301096,
        9301193,
        9301420,
        9301133,
        9301071,
        9301168,
        9301305,
        9301338
      ],
      "weight": 2,
      "year": 2002,
      "pin_cites": [
        {
          "parenthetical": "reasoning that incarcerated persons retain only those rights that are not inconsistent with legitimate penological goals"
        },
        {
          "parenthetical": "citations omitted"
        }
      ],
      "opinion_index": 0,
      "case_paths": [
        "/us/537/1039-01",
        "/us/537/1039-12",
        "/us/537/1039-09",
        "/us/537/1039-02",
        "/us/537/1039-08",
        "/us/537/1039-04",
        "/us/537/1039-07",
        "/us/537/1039-13",
        "/us/537/1039-05",
        "/us/537/1039-03",
        "/us/537/1039-06",
        "/us/537/1039-10",
        "/us/537/1039-11"
      ]
    },
    {
      "cite": "291 F.3d 617",
      "category": "reporters:federal",
      "reporter": "F.3d",
      "case_ids": [
        9431710
      ],
      "weight": 2,
      "pin_cites": [
        {
          "page": "621"
        },
        {
          "page": "621"
        }
      ],
      "opinion_index": 0,
      "case_paths": [
        "/f3d/291/0617-01"
      ]
    },
    {
      "cite": "381 U.S. 479",
      "category": "reporters:federal",
      "reporter": "U.S.",
      "case_ids": [
        6172057
      ],
      "weight": 3,
      "year": 1965,
      "opinion_index": 0,
      "case_paths": [
        "/us/381/0479-01"
      ]
    },
    {
      "cite": "724 A.2d 319",
      "category": "reporters:state_regional",
      "reporter": "A.2d",
      "case_ids": [
        11635899,
        1702003
      ],
      "weight": 3,
      "year": 1999,
      "pin_cites": [
        {
          "page": "322"
        },
        {
          "page": "322"
        }
      ],
      "opinion_index": 0,
      "case_paths": [
        "/a2d/724/0319-01",
        "/pa/555/0285-01"
      ]
    },
    {
      "cite": "555 Pa. 285",
      "category": "reporters:state",
      "reporter": "Pa.",
      "case_ids": [
        1702003
      ],
      "year": 1999,
      "opinion_index": 0,
      "case_paths": [
        "/pa/555/0285-01"
      ]
    },
    {
      "cite": "642 A.2d 488",
      "category": "reporters:state_regional",
      "reporter": "A.2d",
      "year": 1994,
      "opinion_index": 0
    },
    {
      "cite": "537 Pa. 635",
      "category": "reporters:state",
      "reporter": "Pa.",
      "year": 1994,
      "opinion_index": 0
    },
    {
      "cite": "632 A.2d 1",
      "category": "reporters:state_regional",
      "reporter": "A.2d",
      "case_ids": [
        1451034
      ],
      "year": 1993,
      "opinion_index": 0,
      "case_paths": [
        "/pa-commw/158/0248-01"
      ]
    },
    {
      "cite": "388 A.2d 775",
      "category": "reporters:state_regional",
      "reporter": "A.2d",
      "year": 1978,
      "pin_cites": [
        {
          "page": "776",
          "parenthetical": "decided under former version of Administrative Agency Law (AAL)"
        }
      ],
      "opinion_index": 0
    }
  ],
  "analysis": {
    "cardinality": 513,
    "char_count": 8151,
    "ocr_confidence": 0.681,
    "pagerank": {
      "raw": 1.0850972934338915e-07,
      "percentile": 0.5634670206641391
    },
    "sha256": "7fcbd3076e8ae8993eb791fcbe4b04adb5ec7343f58e4365a28df2cec1a73b8c",
    "simhash": "1:7372032df660474b",
    "word_count": 1306
  },
  "last_updated": "2024-02-27T16:13:35.586725+00:00",
  "provenance": {
    "date_added": "2019-08-29",
    "source": "Harvard",
    "batch": "2018"
  },
  "casebody": {
    "judges": [
      "BEFORE: McGINLEY, Judge, and COHN JUBELIRER, Judge, and FLAHERTY, Senior Judge."
    ],
    "parties": [
      "Stanley E. WHEELER, Petitioner v. PENNSYLVANIA BOARD OF PROBATION AND PAROLE, Respondent."
    ],
    "opinions": [
      {
        "text": "OPINION BY\nJudge COHN JUBELIRER.\nStanley Wheeler petitions for review of a letter written by the District Director of the Williamsport District Office of the Pennsylvania Board of Probation and Parole (Board) denying his request to revoke a special parole condition that he \u201cnot contact or associate with Deborah Linden-muth except as permitted, in writing, by parole agent \u2014 Mandatory.\u201d On appeal, Wheeler asserts that the Board abused its discretion by failing to revoke the condition.\nIn response to Wheeler\u2019s petition for review, the Board has filed a Motion to Dismiss for Want of Jurisdiction in the Unified Judicial System, which is also before us for disposition. In its motion, the Board asserts, inter alia, that the letter is not an \u201cadjudication,\u201d and, therefore, is not subject to appeal. Because we agree with the Board that the District Director\u2019s letter is not an \u201cadjudication\u201d and, therefore, not subject to any right of appeal, we grant the Motion to Dismiss.\nArticle V, Section 9 of the Pennsylvania Constitution of 1968 provides for a right of appeal from an administrative agency to a court of record. However, this provision does not apply to agency actions that are not \u201cadjudications\u201d or decisions that are not judicial in nature. McVickar v. Department of Transportation, 36 Pa.Cmwlth. 561, 388 A.2d 775, 776 (1978) (decided under former version of Administrative Agency Law (AAL)). Accord Concerned Citizens of Chestnuthill Township v. Department of Environmental Resources, 158 Pa.Cmwlth. 248, 632 A.2d 1 (1993), petition for allowance of appeal denied, 537 Pa. 635, 642 A.2d 488 (1994). \u201cAdjudication\u201d is defined in Section 101 of the AAL as:\nAny final order, decree, decision, determination or ruling by an agency affecting personal or property rights, privileges, immunities, duties, liabilities or obligations of any or all of the parties to the proceeding in which the adjudication is made. The term does not include any order ... which involves parole s....\n2 Pa.C.S. \u00a7 101 (emphasis added). In addition, our Supreme Court has held that when the Board exercises its paroling power, that action is not adjudicatory in nature. Rogers v. Pennsylvania Board of Probation and Parole, 555 Pa. 285, 724 A.2d 319 (1999). The Court stated in Rogers:\n[T]he definition of adjudication clearly and unambiguously provides that parole decisions are not ones which are subject to appellate review by the courts. \u25a0Therefore, because the General Assembly, in its wisdom, has conferred upon the Parole Board sole discretion to determine whether a prisoner is sufficiently rehabilitated to serve the remainder of his sentence outside of the confines of prison, we hold that the courts of the Commonwealth do not have statutory jurisdiction to conduct appellate review of a decision of the Board, since such a decision does not constitute an adjudication.\nId. at 291, 724 A.2d at 322. It, therefore, follows that when the Board imposes a condition of parole, which is really a \u201clesser included power\u201d within the general power to grant parole, its action cannot be deemed an \u201cadjudication\u201d for purposes of appellate review.\nWheeler asserts, however, that the condition at issue here concerns his \u201cright to marital privacy\u201d and, thus, impacts on a \u201cpersonal right,\u201d bringing his situation within the definition of adjudication. We do not agree.\nWe recognize that couples have a privacy right attendant to marriage. Griswold v. Connecticut, 381 U.S. 479, 85 S.Ct. 1678, 14 L.Ed.2d 510 (1965). Nothing in Griswold suggests, however, that such a right applies to parole conditions placed on convicts in situations where, as here, there has been a documented history of domestic violence. Griswold concerned the privacy rights of a married couple to use birth control methods. Neither marital partner was a convict on parole, nor did the case give any indication that domestic violence was an issue there.\nOne who is subject to incarceration, by virtue of that status, gives up certain constitutional rights, for example, the right to liberty or to travel. Wheeler, as a parolee, has been granted leave to serve his sentence outside prison walls, but, because of his status as a parolee, is subject to restrictions that might otherwise run afoul of constitutional principles. See Rogers, 555 at 291, 724 A.2d at 322.\nSection 1 of what is colloquially known as the Parole Act, Act of August 6, 1941, P.L. 861, as amended, 61 P.S. \u00a7 311.1, provides that when the Board considers a paroling action it shall \u201cfirst and foremost seek to protect the safety of the public.\u201d This directive clearly envisions that restrictions can legitimately be placed on a parolee, similar to the restrictions legitimately placed on incarcerated persons. Those restrictions, of course, must relate to the goals of the Parole Act. Cf. Gerber v. Hickman, 291 F.3d 617, 621 (9th Cir.2002), cert. denied, 537 U.S. 1039, 123 S.Ct. 558, 154 L.Ed.2d 462 (2002) (reasoning that incarcerated persons retain only those rights that are not inconsistent with legitimate penological goals). Certainly, prohibiting a parolee from having contact with a spouse he has physically abused in the past serves the Parole Act\u2019s goal of protecting the public. Thus, we conclude that Wheeler has no cognizable \u201cpersonal right\u201d that would entitle him to an adjudication or to appellate review of the paroling condition at issue.\nAccordingly, because we agree with the Board that this matter is not an adjudication subject to appeal, we will grant the Motion to Dismiss the petition for review.\nORDER\nNOW, November 17, 2004, the Motion to Dismiss for Want of Jurisdiction in the Unified Judicial System filed by the Pennsylvania Board of Probation and Parole in the above-captioned matter is hereby granted, and the Petition for Review is dismissed.\n. Lindenmuth is allegedly Wheeler\u2019s wife. For purposes of this case, we assume that she is.\n. Because of the procedural posture of this case, the record is minimal and does not indicate the details of Wheeler\u2019s criminal or ongoing parole history. It does appear, however, that he was serving a five year sentence for driving under the influence.\n. The Board indicates in its brief that, since the filing of this case, Wheeler\u2019s parole has been revoked and, therefore, it asserts that the matter is moot. However, there is an exception to the mootness doctrine where the conduct at issue is capable of repetition, but likely to evade review; the issue involved is important to the public interest; or the party will suffer some detriment without the court\u2019s decision. Musheno v. Department of Public Welfare, 829 A.2d 1228, 1232 (Pa.Cmwlth.2003). In this case, the issue is capable of repetition, yet can avoid review, because the condition seems to have been one imposed on Wheeler in previous paroles. Further, it does involve an alleged violation of the \"right to marital privacy,\u201d a question of public importance. Therefore, we will not dismiss the case on grounds of mootness. Gerber v. Hickman, 291 F.3d 617, 621 (9th Cir.2002), cert. denied, 537 U.S. 1039, 123 S.Ct. 558, 154 L.Ed.2d 462 (2002) (citations omitted)(emphasis in original).\n. As one federal court has observed:\n\"Many aspects of marriage that make it a basic civil right, such as cohabitation, sexual intercourse, and the bearing and rearing of children, are superseded by the fact of confinement.\u201d Thus, while' the basic right to marry survives imprisonment, most of the attributes of marriage \u2014 cohabitation, physical intimacy, and bearing and raising children \u2014 do not. \"Rights of marital privacy, like the right to many and procreate, are necessarily and substantially abridged in a prison setting.\u201d\n. Due to our disposition of this issue, we do not reach the other arguments made by Wheeler or the Board.",
        "type": "majority",
        "author": "Judge COHN JUBELIRER."
      }
    ],
    "attorneys": [
      "Christian A. Lovecchio, Williamsport, for petitioner.",
      "Arthur R. Thomas, Harrisburg, for respondent."
    ],
    "corrections": "",
    "head_matter": "Stanley E. WHEELER, Petitioner v. PENNSYLVANIA BOARD OF PROBATION AND PAROLE, Respondent.\nCommonwealth Court of Pennsylvania.\nSubmitted on Briefs Oct. 8, 2004.\nDecided Nov. 17, 2004.\nChristian A. Lovecchio, Williamsport, for petitioner.\nArthur R. Thomas, Harrisburg, for respondent.\nBEFORE: McGINLEY, Judge, and COHN JUBELIRER, Judge, and FLAHERTY, Senior Judge."
  },
  "file_name": "0127-01",
  "first_page_order": 169,
  "last_page_order": 173
}
