{
  "id": 9258460,
  "name": "Marian WARD, Plaintiff, v. SHONEY'S, INC., Defendant",
  "name_abbreviation": "Ward v. Shoney's, Inc.",
  "decision_date": "2002-06-24",
  "docket_number": "C.A. No. 98C-09-032-JRS",
  "first_page": "367",
  "last_page": "382",
  "citations": [
    {
      "type": "official",
      "cite": "847 A.2d 367"
    }
  ],
  "court": {
    "name_abbreviation": "Del. Super. Ct.",
    "id": 9286,
    "name": "Delaware Superior Court"
  },
  "jurisdiction": {
    "id": 8,
    "name_long": "Delaware",
    "name": "Del."
  },
  "cites_to": [
    {
      "cite": "522 U.S. 136",
      "category": "reporters:federal",
      "reporter": "U.S.",
      "case_ids": [
        11471033
      ],
      "weight": 3,
      "year": 1997,
      "pin_cites": [
        {
          "page": "146"
        }
      ],
      "opinion_index": 0,
      "case_paths": [
        "/us/522/0136-01"
      ]
    },
    {
      "cite": "1999 WL 743927",
      "category": "reporters:specialty_west",
      "reporter": "WL",
      "opinion_index": 0
    },
    {
      "cite": "264 Mont. 1",
      "category": "reporters:state",
      "reporter": "Mont.",
      "case_ids": [
        4620700
      ],
      "weight": 2,
      "year": 1994,
      "pin_cites": [
        {
          "page": "56"
        }
      ],
      "opinion_index": 0,
      "case_paths": [
        "/mont/264/0001-01"
      ]
    },
    {
      "cite": "9 J. Prod. Liab. 107",
      "category": "journals:journal",
      "reporter": "J. Prod. Liab.",
      "opinion_index": 0
    },
    {
      "cite": "35 F.3d 717",
      "category": "reporters:federal",
      "reporter": "F.3d",
      "case_ids": [
        10528111
      ],
      "pin_cites": [
        {
          "page": "741"
        }
      ],
      "opinion_index": 0,
      "case_paths": [
        "/f3d/35/0717-01"
      ]
    },
    {
      "cite": "753 F.2d 1224",
      "category": "reporters:federal",
      "reporter": "F.2d",
      "case_ids": [
        292480
      ],
      "pin_cites": [
        {
          "page": "1241"
        }
      ],
      "opinion_index": 0,
      "case_paths": [
        "/f2d/753/1224-01"
      ]
    },
    {
      "cite": "475 U.S. 574",
      "category": "reporters:federal",
      "reporter": "U.S.",
      "case_ids": [
        6205783
      ],
      "weight": 3,
      "year": 1986,
      "opinion_index": 0,
      "case_paths": [
        "/us/475/0574-01"
      ]
    },
    {
      "cite": "723 F.2d 238",
      "category": "reporters:federal",
      "reporter": "F.2d",
      "case_ids": [
        1914575
      ],
      "pin_cites": [
        {
          "page": "279"
        }
      ],
      "opinion_index": 0,
      "case_paths": [
        "/f2d/723/0238-01"
      ]
    },
    {
      "cite": "941 F.Supp. 1395",
      "category": "reporters:federal",
      "reporter": "F. Supp.",
      "case_ids": [
        5662445
      ],
      "pin_cites": [
        {
          "page": "1417"
        }
      ],
      "opinion_index": 0,
      "case_paths": [
        "/f-supp/941/1395-01"
      ]
    },
    {
      "cite": "789 F.2d 1052",
      "category": "reporters:federal",
      "reporter": "F.2d",
      "case_ids": [
        1573884
      ],
      "weight": 2,
      "pin_cites": [
        {
          "page": "1055"
        }
      ],
      "opinion_index": 0,
      "case_paths": [
        "/f2d/789/1052-01"
      ]
    },
    {
      "cite": "980 F.2d 299",
      "category": "reporters:federal",
      "reporter": "F.2d",
      "case_ids": [
        10512689
      ],
      "pin_cites": [
        {
          "page": "305"
        }
      ],
      "opinion_index": 0,
      "case_paths": [
        "/f2d/980/0299-01"
      ]
    },
    {
      "cite": "66 F.3d 1119",
      "category": "reporters:federal",
      "reporter": "F.3d",
      "case_ids": [
        11324586
      ],
      "pin_cites": [
        {
          "page": "1124"
        }
      ],
      "opinion_index": 0,
      "case_paths": [
        "/f3d/66/1119-01"
      ]
    },
    {
      "cite": "24 S.W.3d 357",
      "category": "reporters:state_regional",
      "reporter": "S.W.3d",
      "case_ids": [
        11244042
      ],
      "weight": 2,
      "pin_cites": [
        {
          "page": "360"
        }
      ],
      "opinion_index": 0,
      "case_paths": [
        "/sw3d/24/0357-01"
      ]
    },
    {
      "cite": "526 U.S. 137",
      "category": "reporters:federal",
      "reporter": "U.S.",
      "case_ids": [
        11132917
      ],
      "weight": 10,
      "year": 1999,
      "pin_cites": [
        {
          "page": "141",
          "parenthetical": "citation omitted"
        },
        {
          "parenthetical": "citation omitted"
        },
        {
          "parenthetical": "citation omitted"
        },
        {
          "page": "150"
        },
        {
          "page": "152"
        },
        {
          "page": "137"
        }
      ],
      "opinion_index": 0,
      "case_paths": [
        "/us/526/0137-01"
      ]
    },
    {
      "cite": "628 A.2d 69",
      "category": "reporters:state_regional",
      "reporter": "A.2d",
      "case_ids": [
        7357585
      ],
      "year": 1993,
      "pin_cites": [
        {
          "page": "73-74"
        }
      ],
      "opinion_index": 0,
      "case_paths": [
        "/a2d/628/0069-01"
      ]
    },
    {
      "cite": "750 A.2d 1174",
      "category": "reporters:state_regional",
      "reporter": "A.2d",
      "case_ids": [
        11532400
      ],
      "weight": 3,
      "pin_cites": [
        {
          "page": "1187"
        },
        {
          "page": "1181"
        },
        {
          "page": "1182"
        }
      ],
      "opinion_index": 0,
      "case_paths": [
        "/a2d/750/1174-01"
      ]
    },
    {
      "cite": "793 A.2d 422",
      "category": "reporters:state_regional",
      "reporter": "A.2d",
      "case_ids": [
        9448435
      ],
      "pin_cites": [
        {
          "page": "427-431"
        }
      ],
      "opinion_index": 0,
      "case_paths": [
        "/a2d/793/0422-01"
      ]
    },
    {
      "cite": "737 A.2d 513",
      "category": "reporters:state_regional",
      "reporter": "A.2d",
      "case_ids": [
        11570257
      ],
      "weight": 2,
      "pin_cites": [
        {
          "page": "521-22"
        },
        {
          "page": "521"
        }
      ],
      "opinion_index": 0,
      "case_paths": [
        "/a2d/737/0513-01"
      ]
    },
    {
      "cite": "791 A.2d 826",
      "category": "reporters:state_regional",
      "reporter": "A.2d",
      "case_ids": [
        9476352
      ],
      "weight": 12,
      "pin_cites": [
        {
          "page": "846"
        },
        {
          "page": "833-46",
          "parenthetical": "tracing the history of American jurisprudence regarding the admissibility of expert testimony"
        },
        {
          "page": "843"
        },
        {
          "page": "843"
        },
        {
          "page": "844"
        },
        {
          "page": "846"
        },
        {
          "page": "846",
          "parenthetical": "nearly identical process employed"
        },
        {
          "page": "850, n. 29",
          "parenthetical": "citation omitted"
        }
      ],
      "opinion_index": 0,
      "case_paths": [
        "/a2d/791/0826-01"
      ]
    },
    {
      "cite": "15 Harv. L.Rev. 40",
      "category": "journals:journal",
      "reporter": "Harv. L. Rev.",
      "year": 1901,
      "opinion_index": 0
    },
    {
      "cite": "2000 WL 303311",
      "category": "reporters:specialty_west",
      "reporter": "WL",
      "year": 2000,
      "pin_cites": [
        {
          "parenthetical": "hereinafter ''Shoney's I \""
        }
      ],
      "opinion_index": 0
    },
    {
      "cite": "509 U.S. 579",
      "category": "reporters:federal",
      "reporter": "U.S.",
      "case_ids": [
        355769
      ],
      "weight": 25,
      "year": 1993,
      "pin_cites": [
        {
          "parenthetical": "spawning Federal and Delaware progeny"
        },
        {
          "parenthetical": "spawning Federal and Delaware progeny"
        },
        {
          "parenthetical": "spawning Federal and Delaware progeny"
        },
        {
          "page": "579"
        },
        {
          "parenthetical": "the United States Supreme Court's seminal decision announcing the trial court's responsibilities under the Federal Rules of Evidence to scrutinize the qualifications, methodology, and ultimate conclusions of the expert and characterizing this exercise as the court's \"gatekeeping\" function"
        },
        {
          "page": "591"
        },
        {
          "page": "590"
        },
        {
          "page": "594"
        },
        {
          "page": "592"
        },
        {
          "page": "588-89"
        },
        {
          "page": "590"
        },
        {
          "page": "590"
        },
        {
          "page": "593"
        },
        {
          "page": "595-96"
        }
      ],
      "opinion_index": 0,
      "case_paths": [
        "/us/509/0579-01"
      ]
    },
    {
      "cite": "674 P.2d 770",
      "category": "reporters:state_regional",
      "reporter": "P.2d",
      "case_ids": [
        10426764
      ],
      "year": 1983,
      "pin_cites": [
        {
          "page": "778",
          "parenthetical": "\"human factors\" defined as \"the study of human behavior with respect to equipment and working environment, and the attempt to modify conditions in the workplace to eliminate 'induced human errors' \""
        }
      ],
      "opinion_index": 0,
      "case_paths": [
        "/p2d/674/0770-01"
      ]
    },
    {
      "cite": "658 N.E.2d 371",
      "category": "reporters:state_regional",
      "reporter": "N.E.2d",
      "year": 1995,
      "pin_cites": [
        {
          "page": "374",
          "parenthetical": "expert defined \"human factors engineering\" as \"a study of the relationship of man to machinery, including human motor coordination and reaction time\""
        }
      ],
      "opinion_index": 0
    },
    {
      "cite": "212 Ill.Dec. 889",
      "category": "reporters:state",
      "reporter": "Ill. Dec.",
      "year": 1995,
      "pin_cites": [
        {
          "parenthetical": "expert defined \"human factors engineering\" as \"a study of the relationship of man to machinery, including human motor coordination and reaction time\""
        }
      ],
      "opinion_index": 0
    },
    {
      "cite": "167 Ill.2d 542",
      "category": "reporters:state",
      "reporter": "Ill. 2d",
      "case_ids": [
        222740
      ],
      "year": 1995,
      "pin_cites": [
        {
          "parenthetical": "expert defined \"human factors engineering\" as \"a study of the relationship of man to machinery, including human motor coordination and reaction time\""
        }
      ],
      "opinion_index": 0,
      "case_paths": [
        "/ill-2d/167/0542-01"
      ]
    },
    {
      "cite": "1 S.W.3d 239",
      "category": "reporters:state_regional",
      "reporter": "S.W.3d",
      "case_ids": [
        11499732
      ],
      "pin_cites": [
        {
          "page": "244"
        }
      ],
      "opinion_index": 0,
      "case_paths": [
        "/sw3d/1/0239-01"
      ]
    }
  ],
  "analysis": {
    "cardinality": 1711,
    "char_count": 45259,
    "ocr_confidence": 0.711,
    "pagerank": {
      "raw": 4.03580807328026e-08,
      "percentile": 0.2159722439416352
    },
    "sha256": "31d3d63a03dc1f2a99c75482d78288302175715f7d8c2d01e082263e5f6a51ed",
    "simhash": "1:e160f58c27163f85",
    "word_count": 7123
  },
  "last_updated": "2024-02-27T16:28:23.467280+00:00",
  "provenance": {
    "date_added": "2019-08-29",
    "source": "Harvard",
    "batch": "2018"
  },
  "casebody": {
    "judges": [],
    "parties": [
      "Marian WARD, Plaintiff, v. SHONEY\u2019S, INC., Defendant."
    ],
    "opinions": [
      {
        "text": "SLIGHTS, J.\nI. INTRODUCTION\nIn this case, the Court is called upon again to fulfill its responsibility as \u201cgatekeeper\u201d to ensure that expert testimony proffered for presentation at trial is relevant and reliable. The expert testimony in question here principally involves so-called \u201chuman factors\u201d engineering, loosely defined as \u201cthe study of how humans act and react in certain situations.\u201d The plaintiff in this trip-and-fall personal injury action, Marian Ward, seeks to offer the testimony of a civil/structural engineer with experience in human factors engineering to support the proposition that the defendant, Shoney\u2019s, Inc. (\u201cShoney\u2019s\u201d), negligently designed the walkway and adjoining landscaping leading into its restaurant by failing to anticipate that the landscaping, in certain circumstances, could constitute a tripping hazard. Specifically, the expert would testify that Shoney\u2019s should have anticipated that patrons intentionally would depart from the walkway and enter the landscaping when rounding the corner of the restaurant. According to the expert, the raised edging separating the landscaping from the sidewalk was a dangerous condition of which Shoney\u2019s should have been aware.\nShoney\u2019s has moved in limine for an order excluding the expert\u2019s testimony on the ground that it is not competent under D.R.E. 702. While Shoney\u2019s motion implicates a well-settled standard of review, grounded in seminal Federal and developing Delaware authority, the application of this standard of review to the testimony sub judice is complicated by the nature of the testimony itself. Plaintiffs expert has offered nothing by way of published or even anecdotal support for his opinions. Instead, his opinion derives solely from his own experience designing structures to accommodate anticipated human behavior, and general references to the similar experiences of others in his field.\nIn most instances, the failure to support an expert opinion with measurable foundation would render, the opinion per se inadmissible. Yet this expert correctly observes that his opinion is not animated by laboratory science or precise standards of engineering, but rather by the peculiarities of human behavior in particular circumstances. According to the plaintiff, the Court cannot expect a study, regulation, standard, guideline or protocol to address every aspect of human behavior in every situation. She contends that in the field of human factors engineering, the Court must permit the expert, in certain instances, to draw solely upon his training and personal experience while constructing his opinions. And implicit in the plaintiffs argument is the notion that to require more foundation from the human factors expert would be tantamount to a blanket exclusion of experts in this field from Delaware courtrooms. It is this potential outcome that has caused the Court to step especially carefully through the Daubert analysis.\nFor the reasons stated below, the Court has concluded that Shoney\u2019s motion in li-mine must be GRANTED. The subjective opinions of the expert, without more to support them, are unreliable and, consequently, inadmissible. Because the plaintiff has failed to support her claim of negligence with competent expert testimony, the Court has no choice but to enter summary judgment in favor of Shoney\u2019s.\nII. FACTS\nA. The Accident\nOn September 19, 1996, Ms. Ward fell outside a Shoney\u2019s Restaurant owned and operated by defendant, Shoney\u2019s. Her complaint alleges that Shoney\u2019s negligently maintained the walkway surrounding its restaurant. The parties do not dispute for present purposes that Ms. Ward tripped and fell after she stepped off the walkway which ran along the exterior of the restaurant and entered a landscaped area which ran adjacent to the walkway. Ms. Ward was on her way to purchase a newspaper from a vending machine located just outside the entrance of the restaurant. As she approached the entrance of the building, she departed from the paved walkway while rounding the corner of the restaurant. She tripped on the raised edging that separated the landscaping from the sidewalk. It is undisputed that she intended to walk through the landscaping to \u201ccut the corner\u201d, i.e., she intended to take a \u201cshort cut.\u201d\nPlaintiffs negligence case has been pared down to two claims: (1) Shoney\u2019s was negligent for failing to anticipate that pedestrians would \u201ccut the corner\u201d through its landscaping; and (2) Shoney\u2019s negligently maintained a \u201craised edge\u201d along the border of the landscaping in a manner which created a tripping hazard for pedestrians who did \u201ccut the corner.\u201d\nB. The Human Factors Expert\u2019s Opinion\nJudge Quillen already has determined that plaintiff cannot sustain a prima facie case of negligence absent expert support for her claims. At the time Judge Quillen reached this conclusion, plaintiff already had engaged her engineering expert. It appears that Plaintiff engaged David H. Fleisher, P.E. some time prior to June 1, 1999. According to his written report of that date, Mr. Fleisher conducted a site inspection of the area outside the Shoney\u2019s restaurant and reviewed the complaint, plaintiffs interrogatory answers, an incident report prepared by Shoney\u2019s, a letter from plaintiffs counsel, notes from a private investigator engaged by plaintiffs counsel and photographs of the scene. Based on this investigation, he opined that:\n\u2022 The landscape edging was a trip hazard and a cause of the this accident.\n\u2022 Certain landscape edging was visible to pedestrians walking along the side of Shoney\u2019s Restaurant toward the front.\n\u2022 Conditions outside of this restaurant were available to distracted [sic] the attention of pedestrians walking along the side of the building towards the front.\nMr. Fleisher gave his first discovery deposition on June 14, 1999. He opined that Shoney\u2019s should have anticipated that pedestrians entering and leaving its restaurant would \u201ccut the corner\u201d through the landscaping. Based on this well-known propensity of human behavior, Mr. Fleisher opined that the raised edging which separated the walkway and the landscaped area constituted a dangerous condition of which Shoney\u2019s should have been aware.\nIn connection with its motion for summary judgment, Shoney\u2019s argued that Mr. Fleisher\u2019s opinion was incompetent and should be disregarded. Judge Quillen rejected the argument in the context of the motion for summary judgment but allowed that \u201cdefendant can again challenge the admissibility of the expert\u2019s opinion at trial if it so elects.\u201d Judge Quillen observed that Mr. Fleisher\u2019s \u201c[deposition] testimony was particularly short on the practice within the restaurant and related businesses [with respect to the maintenance of edging between sidewalks and landscaping],\u201d and that \u201c[t]he testimony may look less probative in the context of the full evidence.\u201d\nExcerpts from the Fleisher deposition reveal the origin of Judge Quillen\u2019s concerns regarding the starkness of his opinions:\nQ. Was there anything else about this area that was misleading (referring to the witness\u2019 previous characterization of the accident site) in some way?\nA. I think that the misleading part of this is that the anticipation that people are going to cut corners negated the use of this type of material along this area. And that the edge of the sidewalk should have been used as a retention devise for the mulch in the bed. And the bed should have been appropriately adjusted to accommodate that.\n* * *\nQ. Okay. To your knowledge, is there any publication upon which you relied to establish that the landscaping edging should not have been as it was at Shoney\u2019s Restaurant on September 19,1996?\nA. Yes.\nQ. And what publication would that be?\nA. Pedestrian Falling Accidents in Transit Terminals.\n* * *\nQ. Okay. And what is it about this publication that fits the situation here?\nA. The clearance between the bottom of footwear and a walking surface establishes height of objects which are tripping hazards.\nQ. Could you just read the two pages, what portion of that report says that?\nA. [] \u201cBoth the heel strike and the push-off are the points in the walking cycle when a person is likely to trip. Tripping would likely occur when the leg is swung forward and there is insufficient ground clearance for the foot. Minimum ground clearance of the toe when the foot is swung forward were observed to average 0.6 inches in range between three-eighths and one-and-one-half inches in one controlling study.\n* * *\nQ. [] Is there any publication which states that there may not be landscape edging of any height, whether it be one inch, two inches or as the inches are in this case, upon which you relied?\nA. Not that I\u2019m familiar with at this time, at this particular location, for this particular situation.\nQ. Are there any peer reviews in the sense that other people within the area of civil engineering, architecture, landscape architecture, landscape engineering, and peer reviews which are published or state in any publication, that which you\u2019re aware, that there cannot be landscape edging of the height the landscaping involved in this incident that we\u2019ve been talking about for the last couple hours?\nA. Not that I\u2019m presently familiar with as it applies to the specific arrangement where the incident occurred in front of this restaurant.\nQ. Are You Aware Of Any Scientific Or Technical Theories In Any Field, Whether It Be Architecture, Engineering, Civil Engineering, Or Any Scientific Theory Published Or Written, Which States That There May Not Be Landscaping Of The Type Used At The Shoney\u2019s Restaurant, The Type We\u2019ve Been Talking About Here For The Last Several Hours That Says That?\nA. You\u2019re referring specifically to the landscape edging. It\u2019s my position that it\u2019s recognized that people tend to cut corners, and that this was a corner that was known ahead of time that people cut. I observed, during my examination, people cutting this corner. And it\u2019s something that Shoney\u2019s should have anticipated. As such, this particular material was not properly used at this particular point. Although there might be good applications for this material, this was not, in my view, a safe application of the material where somebody was going to cut corners. And since you know that people are going to be cutting corners here, and you know what the required clearance is from ground to footwear, and I\u2019ve produced the materials for you which demonstrate that, this is a tripping hazard. And the landscape edging should not have been there. It should have been eliminated.\nQ. I understand that, but the question was a little more simple than that. Are you aware of any scientific publications in any fields which share that opinion?\nA. I am not currently aware of that. You\u2019re talking about experience and knowledge of human characteristics.\nQ. Are you aware of any tests or experiments by others in the scientific or technical community which support the proposition that you assert that there should not be landscaping in the area as it was in the Shoney\u2019s Restaurant in September of 1996?\nA. Again, the same answer. This is a pretty isolated thing that normally would not be written about or studied, but I think it\u2019s something that is recognized within the practices of engineering that people do tend to cut corners, like this, especially right in front of this particular restaurant. And that having an edge projecting higher than the sidewalk imposes a tripping hazard on people, since that is something that the people tend to do.\nQ. Then, you are not aware of any writings which would so support your opinion?\nA. Not presently.\nQ. You\u2019re not aware of any studies which would support your opinion?\nA. I cited one already. (Referring to the Pedestrian Falling Accidents in Transit Terminals study).\n* * *\nQ. Okay. Well, you seem to be saying that, based on your experience, people should know, that is, Shoney\u2019s should know that people cut corners. If people cut corners, there shouldn\u2019t be landscape edging with a lip. Is there anything Shoney\u2019s could have looked at to support that opinion? I mean, could it have looked at BOCA codes? Could it have looked at a publication? Could it have looked at an architectural guide or a publication? Could it have looked at regulations? Could it have looked at a treatise? Could it have looked at a book? Could it have looked at anything to say, before you got involved in this case, that this is not the appropriate thing to do?\nA. I\u2019m not familiar with something that they could have looked at. I think it\u2019s based upon engineering experience and judgment.\nQ. Your engineering experience and judgment?\nA. Yes. That\u2019s what I base my opinions on.\nJudge Quillen concluded Shoney\u2019s I by providing a deadline by which Mr. Fleisher could supplement his report in advance of trial. The new deadline was clearly the Court\u2019s invitation to the plaintiff to invigorate Mr. Fleisher\u2019s theretofore languid effort to find support for his opinion. Plaintiff declined the Court\u2019s invitation; Mr. Fleisher did nothing.\nAt a status conference in August, 2001, Shoney\u2019s again expressed its view that Mr. Fleisher\u2019s expert opinion was not admissible. The Court advised the parties of its preference that the matter be addressed in advance of trial and, on September 7, 2001, set forth a schedule by which Shoney\u2019s renewed motion would be submitted to the Court for consideration. After considering the papers submitted, the Court asked the parties to supplement the record with sworn testimony from Mr. Fleisher addressing the following questions:\n1. The specific nature of the opinion being offered by Mr. Fleisher (e.g. is he testifying with respect to human factors, design, or both)?\n2. What are Mr. Fleisher\u2019s qualifications to offer a human factors opinion?\n3. Would Mr. Fleisher\u2019s conclusions pass muster under recognized methodologies within his field of practice?\n4. Does not the field of engineering contemplate some scientific methodology?\n5. Are there industry standards which address the design of walkways to and from commercial establishments?\n6. Are there general human factors studies which address the propensities refereed to by Mr. Fleisher, i.e., the tendency of pedestrians to cut corners?\nWith respect to Question 1, Mr. Fleisher confirmed that his opinion implicated \u201chuman factors as it is applied by engineers in their design work on an ordinary basis.\u201d In essence, he testified that engineers should design structures, including sidewalks, with an understanding and anticipation of how the structure will be used. This, he explained, is the application of human factors to engineering.\nIn response to Question 2, Mr. Fleisher testified that he is not a \u201chuman factors\u201d engineer; he is a civil engineer. There was no separate curriculum for human factors when Mr. Fleisher studied engineering. Nevertheless, he explained that \u201chuman factors is an essential application to civil engineering and to structural engineering in construction, and as to the design and evaluation of walkway surfaces.\u201d According to Mr. Fleisher, his training and experience as a civil engineer qualify him to offer opinions with respect to human factors engineering.\nAddressing his methodology (in response to Question 3), Mr. Fleisher testified that his experience with other \u201cperpendicular hard walkway surfaces\u201d which intersect into a corner is that people regularly will \u201ccut the corner.\u201d He pointed to \u201cwear patterns\u201d he has observed in grassy areas adjacent to the \u201ccorner junction\u201d of walkways designed without a concrete \u201cdiagonal\u201d to round out the corner. While his answer to Question 3 (and the follow up questions) were quite long, the essence of Mr. Fleisher\u2019s testimony was that the \u201cmethodology\u201d he employed in this case was personal observation and experience.\nAsked whether \u201cengineering\u201d involved \u201cscientific methodology\u201d (Question 4), Mr. Fleisher replied that the observation of past human behavior when confronted with certain walkway patterns, and the application of those experiences to a given walkway design, did implicate \u201cscientific methodology.\u201d He acknowledged, however, that he was unaware of any studies, scientific or otherwise, that document this well-known phenomenon of human behavior, i.e., when given the opportunity, pedestrians will leave a designated walkway to \u201ccut the corner.\u201d\nIn response to Question 5, Mr. Fleisher testified that there were potentially applicable industry standards. He went on to explain, however, that none of the standards addresses the propensities of pedestrians to \u201ccut corners.\u201d Instead, the one standard he specifically identified addresses tripping hazards in general, both for \u201cable\u201d pedestrians and \u201cdisabled\u201d pedestrians. If there are other applicable standards, Mr. Fleisher did not identify or discuss them.\nMr. Fleisher was unaware of any \u201chuman factors studies\u201d which address the propensity of pedestrians to cut corners (Question 6). Interestingly, Mr. Fleisher is the chairman of the subcommittee of the American Society for Testing Materials (\u201cASTM\u201d) which has promulgated standards regarding tripping hazards. Yet his ASTM subcommittee has done nothing to promulgate standards or guidelines governing the tripping hazard purportedly caused by the failure to design a walkway which will accommodate our propensity to cut corners. Mr. Fleisher had been involved in this case for nearly three years at the time he gave his deposition\nIII. DISCUSSION\nA. The Daubert Analysis\n\u201cNo one will deny that the law should in some way effectively use expert knowledge wherever it will aid in settling disputes.\u201d Nevertheless, as Judge Quillen has observed,\n[0]ur scepticism of such compensated advocacy is high and we no longer rest on the mere proper credentials of the expert witnesses or even on being satisfied as to the general relevancy of the expert\u2019s opinion. The basis of the opinion must have \u201cgood grounds\u201d when judged by experts in the same general field as the witness. The Trial Judge must determine whether the reasoning and methodology is valid by the professional standards of the scientific, professional, or business field of the expert. And the Trial Judge must determine whether the expert\u2019s reasoning or methodology can be applied to the facts at issue. The burden is a heavy one and one that will tax even the best Trial Judges, a hearty breed who pride themselves as decision-making pragmatists in the field of battle. But there can be no question that the burden has been imposed.\nThe \u201cburden\u201d to which my predecessor referred is the Court\u2019s obligation to act as \u201cgatekeeper\u201d each time a party to litigation seeks to make or bolster its case with the testimony of a witness purportedly expert in a field relevant to the eontro-versy. The progression of Delaware law setting forth the parameters of this \u201cga-tekeeping\u201d responsibility, and the requisite judicial dissection of expert testimony necessary to discharge the responsibility, has been well documented by Delaware courts and will not be repeated at length again here. Suffice it to say, a motion in li-mine challenging the admissibility of expert testimony implicates the review process mandated by Daubert.\nBoiled down to its essence, Daubert requires the Court to answer two fundamental questions before admitting expert testimony: (1) is the testimony relevant?; and (2) is the testimony reliable? The party offering the testimony bears the burden of establishing both prongs of the Daubert analysis, i.e., relevancy and reliability, by a preponderance of the evidence.\nThe Court need look no further than the Delaware Uniform Rules of Evidence for guidance on the question of relevancy. D.R.E. 401 defines \u201crelevant evidence\u201d as \u201cevidence having any tendency to make the existence of any fact that is of consequence to the determination of the action more probable or less probable than it would be without the evidence.\u201d D.R.E. 702 requires that expert testimony be admitted only if it \u201cwill assist the trier of fact to understand the evidence or to determine a fact in issue.\u201d While other rules of evidence may be implicated by the relevancy prong of the Daubert analysis, D.R.E. 401 and 702 are at its heart.\nD.R.E. 702 also injects a \u201creliability\u201d component into the admissibility analysis. The \u201creliability\u201d of the expert\u2019s opinion obviously depends, in part, upon his competency within his field, i.e., the expert must be qualified to render the opinions he intends to offer at trial. In addition, by referring specifically to \u201cscientific, technical or other specialized knowledge,\u201d D.R.E. 702 implicitly requires \u201ca grounding [of the opinion] in the methodology and procedures\u201d of the proffered expert\u2019s specialized discipline. And the reference to \u201cknowledge\u201d in D.R.E. 702 \u201cconnotes more than subjective belief or unsupported speculation.\u201d\nCertain factors may guide the Court\u2019s analysis of the \u201creliability\u201d of the expert\u2019s testimony including \u201ctesting, peer review, error rates, and \u2018acceptability\u2019 in the relevant scientific community.\u201d These factors, however, are neither exclusive nor exhaustive. The Rule 702 review is a \u201cflexible one;\u201d the \u201cgatekeeping inquiry must be \u2018tied to the facts\u2019 of a particular \u2018case.\u2019 \u201d Regardless of its ingredients, the key to the \u201creliability\u201d inquiry is to ensure that \u201can expert, whether basing testimony upon professional studies or personal experience, employs in the courtroom the same level of intellectual rigor that characterizes the practice of an expert in the relevant field.\u201d\nB. The Daubert Hearing\nDaubert instructs: \u201c[when] [f]aced with a proffer of expert [ ] testimony, then, the Trial Judge must determine at the outset, pursuant to Rule 104(a), whether the expert is proposing to testify to: (1) scientific knowledge that (2) will assist the trier of fact to understand or determine a fact at issue.\u201d \u201cAnd, with that statement, the so-called Daubert hearing was born.\u201d Daubert did not, however, lay the parameters for the evidentiary process it had created. Confusion among the circuits followed. It was not until Kumho Tire that the Court definitively addressed whether a full evidentiary hearing is required before the Court can adequately perform its gatekeeping function. It is not. A full evidentiary hearing must be conducted only if \u201cspecial circumstances\u201d warrant. Otherwise, it is sufficient if the Court considers the expert\u2019s report, the expert\u2019s deposition testimony, and any supporting affidavits.\nHere, the Court offered to conduct a Daubert hearing but the parties declined the invitation. Instead, the parties suggested that a further deposition be taken of Mr. Fleisher to consider the issues enumerated by the Court in its December 10, 2001 letter to counsel. The supplemental deposition was taken on January 24, 2002 and submitted to the Court on March 11, 2002. Mr. Fleisher was asked to respond to the issues identified by the Court as well as further questions from counsel regarding his qualifications and methodology. The Court is satisfied that this process was more than adequate to facilitate the Court\u2019s gatekeeping responsibility.\nC. Relevancy\nShoney\u2019s has not argued that Mr. Fleisher\u2019s testimony, if admitted, would not tend to make the existence of a fact \u201cof consequence\u201d more probable. Mr. Fle-isher opined, based on his engineering experience, that Shoney\u2019s should have designed its walkway in anticipation of a known tendency of pedestrians to cut corners. This opinion goes to the heart of plaintiffs negligence claim and is obviously relevant under D.R.E. 401. Instead, Sho-ney\u2019s relevancy argument relies upon D.R.E. 702\u2019s requirement that the expert\u2019s opinion \u201cassist the trier of fact to understand the evidence or to determine a fact in issue.\u201d\n\u201cThat a witness has knowledge, skill, expertise or training does not necessarily mean that the witness can assist the trier of fact.\u201d Some courts have held that \u201c[w]hen the jury is equally competent to form an opinion about the ultimate fact issues or the expert\u2019s testimony is within the common knowledge of the jury, the trial court should exclude the expert\u2019s testimony.\u201d\nProfessor Weinstein explains that a split has developed among the United States Circuit Courts of Appeal regarding the extent to which an expert may testify about matters which fall within the realm of common knowledge and common sense. He suggests that the better-reasoned view is to \u201cadmit the testimony if there is any chance at all that it will be beneficial to the finder of fact.\u201d Stated differently, \u201cdoubts about whether an expert\u2019s testimony will be useful should generally be resolved in favor of admissibility.\u201d The line of cases to which Professor Weinstein refers draws its strength from the \u201cliberal thrust\u201d of the Federal Rules of Evidence which take a \u201cgeneral approach [to relax] the traditional barriers to \u2018opinion\u2019 testimony.\u201d\nAt first glance, Mr. Fleisher\u2019s opinion would appear to encompass matters of common sense and common knowledge well within the grasp of lay jurors. He opines that when given the opportunity, pedestrians will take \u201cshort cuts\u201d to get to their destination more quickly, even if they must depart from designated walkways to do so. Jurors necessarily are pedestrians (\u201cable\u201d or \u201cdisabled\u201d). If pedestrians are prone to cut corners, jurors know of this propensity as well as any expert. But Mr. Fleisher\u2019s opinion extends beyond this general observation of human behavior. He opines that Shoney\u2019s should have designed its walkway and landscaping in a manner which would accommodate this behavior and that it failed to do so in this instance. If properly supported, this opinion arguably is beyond lay understanding such that expert guidance is appropriate. Adopting a liberal view of relevancy and \u201chelpfulness,\u201d as endorsed by Dauberb and Professor Weinstein, the Court finds that Mr. Fleisher\u2019s opinion passes through Daubert\u2019s first admissibility filter (albeit somewhat diluted): the opinion is relevant.\nD. Reliability\n1. Mr. Fleisher\u2019s Qualifications\nMr. Fleisher acknowledges that he has received no special education or training in the field of human factors engineering. He does not consider himself to be a human factors engineer; he is licensed as a \u201ccivil engineer.\u201d Yet he regularly confronts human factors issues in his work and suggests they are integral to any engineer\u2019s design work. The Court is satisfied that Mr. Fleisher is competent to offer opinions in human factors engineering based on his extensive work experience designing structures with their intended and expected use in mind.\n2. Mr. Fleisher\u2019s Opinion Implicates Both Science and \u201cTechnical Knowledge\u201d\nTo determine if Mr. Fleisher\u2019s proffered testimony is rehable, the Court must first focus on exactly what science or technical experience forms his \u201cexpert\u201d opinions. Mr. Fleisher admits that his opinions are based in the study of human factors, and that this discipline implicates principles of science and engineering, as well as other disciplines. Mr. Fleisher\u2019s characterization of human factors is consistent with the characterization utilized by one of the largest societies of human factors professionals. The website for the International Ergonomics Association (\u201cIEA\u201d) states that \u201cergonomics... (or human factors) is the scientific discipline concerned with the understanding of interactions among humans and other elements of our system, and the profession that applies theory, principles, data and methods to design in order to optimize human well-being and overall system performance.\u201d\nIt is believed the discipline first surfaced during World War II as control panels for weaponry and aircraft became increasingly complex and difficult to manage in the field of battle. The goal of the human factors engineer was to simplify the controls while retaining the original design features of the equipment. The human factors engineers initially compiled empirical data based on controlled laboratory and field studies in the context of user tendencies with military equipment, but it was later discovered that these studies had much broader utility. Not surprisingly, after the war, the work of the military\u2019s human factors engineers was offered to industry to be incorporated in the design of commercial products. By the 1970\u2019s, human factors was incorporated in the design of virtually every product category.\nCourts have characterized human factors as \u201cscientific knowledge.\u201d This distinction does not direct the Court\u2019s standard of review \u2014 Daubert clearly applies to scientific and non-scientific expert testimony alike \u2014 but it does suggest that some methodology will be utilized by the expert who purports to draw on the principles encompassed within the discipline to form his opinions. Even if the Court ignored the \u201cscience tag\u201d that Mr. Fleisher himself placed on his work in this case, and the characterization of the discipline by one of the largest human factors professional societies, the-Court would be left with an opinion from an expert who proffered his \u201ctechnical knowledge\u201d as being helpful to the jury. And \u201c[technical] \u2018knowledge\u2019 connotes more than subjective belief or unsupported speculation.\u201d Under either scenario, there can be no doubt that an expert\u2019s opinion that relies solely upon the ipse dixit of the expert cannot pass through the evidentiary gate.\nMr. Fleisher has acknowledged that his methodology amounted to no more than drawing upon his \u201cpractical knowledge.\u201d He did not refer to specific industry standards, studies, guidelines, regulations, scholarly works, or peer reviewed information of any kind. While it is true that published works need not form the basis of the expert\u2019s opinion, the absence of such foundation \u201cis one factor in determining whether an expert\u2019s opinion is based on good grounds.\u201d Not only did Mr. Fleisher decline to cite objective information in support of his opinion, he also declined to provide even anecdotal support. He mentioned nothing of other eases or incidents which support the contention that Shoney\u2019s should have known that Ms. Ward would walk through its landscaping and trip over the edging. And, perhaps most importantly, Mr. Fle-isher could point to nothing other than his \u201csay so\u201d to support the notion that the design of the walkway was flawed, or that the landscaping was a dangerous condition of which Shoney\u2019s should have been aware.\nThe Court must reject plaintiffs argument that cross-examination will place Mr. Fleisher\u2019s opinions in proper context. While it is true that cross-examination can, in certain instances, effectively expose a weak expert opinion, the cross-examination of an expert whose opinion is based solely on his subjective belief is tantamount to wasted breath. Under these circumstances, the skilled expert witness is virtually untouchable on cross-examination. Accordingly, before the Court will allow a \u201cshaky\u201d expert opinion to pass through the courtroom \u201cgate\u201d on the expectation that cross-examination will serve as an equalizer, the Court should be satisfied that cross-examination can be \u201cvigorous.\u201d Vigorous cross examination simply is not possible when neither counsel, the Court, nor the expert himself can discern a process or method by which the expert\u2019s opinion was generated.\nThe methodology employed by Mr. Fle-isher (which amounted to no methodology at all) is inadequate to permit his opinion to be presented to the jury. The opinion cannot pass through Daubert\u2019s second admissibility filter: the opinion is not reliable. In the face of this record, the Court cannot abrogate its responsibility to act as gatekeeper; it has no choice but to exclude Mr. Fleisher\u2019s testimony.\nAs a final thought, the Court returns to the concern that prompted this lengthy (perhaps too lengthy) opinion: if more than the expert\u2019s \u201csay so\u201d is required, will human factors experts ever be permitted to testify in a Delaware courtroom? From this judge\u2019s perspective, the answer to this question is: \u201cit depends.... \u201d If the opinion is based simply upon the ipse dixit of the expert, and that is all the human factors experts are able to muster in support of their opinions, they will find a gatekeeper unwilling to admit them into the courtroom. If, on the other hand, the human factors expert is able to demonstrate some rehable methodology at the heart of his opinion, the gate will be opened and the opinion will be admitted in evidence (subject, of course, to admissibility under other applicable rules of evidence). The Court is satisfied that process and methodology are not foreign to the human factors expert, even when he addresses the peculiarities of human behavior. Accordingly, the Court is confident that this opinion will not be misconstrued as a broad attack on the discipline of human factors engineering, or as a blanket exclusion of these experts from Delaware litigation. Neither consequence is inteiyied or justified.\nE. Summary Judgment\nIn Shoney\u2019s I, Judge Quillen ruled that plaintiff cannot make a prima facie case of negligence absent competent expert testimony. The Court already has determined that this ruling is the \u201claw of the case\u201d and reiterates that conclusion here. \u201cThe law of the case doctrine, like the stare decisis doctrine, is founded on the principle of stability and respect for court processes and precedent.\u201d The Court may ignore the law of the case only in instances where the prior decision was \u201cclearly erroneous\u201d or its continued application would produce an \u201cunjust result.\u201d Neither exception applies here.\nIV. CONCLUSION\nBased on the foregoing, Shoney\u2019s motion in limine is GRANTED. Mr. Fleisher\u2019s opinions are not reliable and, therefore, not admissible. Consequently, in view of the law of the case, and the absence of competent expert support for plaintiffs claim, Shoney\u2019s motion for summary judgment must be GRANTED as well.\nIT IS SO ORDERED.\n. See Honeycutt v. KMart Corp., 1 S.W.3d 239, 244 (Tex.App.1999). See also Zavala v. Powermatic, Inc., 167 Ill.2d 542, 212 Ill.Dec. 889, 658 N.E.2d 371, 374 (1995)(expert defined \"human factors engineering\u201d as \"a study of the relationship of man to machinery, including human motor coordination and reaction time\u201d); Parker Drilling Co. v. O'Neill, 674 P.2d 770, 778 (Alaska 1983)(\u201chuman factors\u201d defined as \"the study of human behavior with respect to equipment and working environment, and the attempt to modify conditions in the workplace to eliminate 'induced human errors' \u201d).\n. See Daubert v. Merrell Dow Pharm. Inc., 509 U.S. 579, 113 S.Ct. 2786, 125 L.Ed.2d 469 (1993)(spawning Federal and Delaware progeny).\n. A diagram of the area appears in Judge Quillen\u2019s decision on defendant's motion for summary judgment. See Ward v. Shoney\u2019s, Inc., Del.Super., C.A. No. 98C-09-032, Quillen, J., 2000 WL 303311 (Feb. 24, 2000)(hereinafter ''Shoney\u2019s I \u201d)(Letter Op. at 2).\n. This characterization has been used by the parties to describe Ms. Ward\u2019s conduct. It will be adopted by the Court for purposes of this opinion.\n.Shoney\u2019s would dispute these facts at trial. According to Shoney\u2019s, Ms. Ward has denied that she tripped in the landscaping. Eyewitnesses claim she did trip while walking in the landscaping. In any event, for purposes of the motion sub judice, both parties have assumed that Ms. Ward tripped while attempting to take a short cut from the prescribed path leading into the restaurant.\n.Shoney\u2019s I, supra, (Letter Op. at 2-3)(\"It is simply difficult for a lay factfinder to draw the inference that Shoney\u2019s was negligent from the fact that it used raised landscape edging, a very common practice\u201d).\n. Id. at 3.\n. Id.\n. Fleisher Depo. at 99 (June 14, 1999).\n. Id. at 102.\n.Id. at 103-04.\n. Id. at 104-08.\n. Although Dr. Seuss-like in its cadence, this lengthy question clearly is intended to query whether Mr. Fleisher\u2019s opinions could find any support, specific or general, in the universe of references typically utilized by experts to sustain their opinions.\n. Id. at 110-11.\n. Shoney\u2019s I, supra, Letter Op. at 3.\n. This approach differed from the approach suggested by Judge Quillen in Shoney\u2019s I. There, Judge Quillen stated that a pretrial hearing was not his preference. Rather, he preferred to resolve questions regarding the admissibility of Mr. Fleisher\u2019s opinion at trial. Shoney\u2019s I, supra, Letter Op. at 3. While this is certainly an appropriate approach and, at times, perhaps the only available approach given the Court's often overwhelming docket, this judge prefers to resolve Daubert issues in advance of trial when practicable.\n. Websters' defines \u201cengineering\u201d as \"the putting of scientific knowledge in various branches to practical uses.\u201d Websters' New World Dictionary of the American Language, at 204 (2d Ed. 1974).\n. Fleisher Depo. at 135 (Jan. 24, 2002).\n. Id. at 136.\n. Id. at 135-37.\n. Id. at 135.\n. Id. at 136.\n. id.\n. Id.\n. Id. at 145.\n. Id.\n. Id. at 147-48.\n. Id. at 148-49.\n.Id. at 149.\n. Mat 169-71.\n. Id. at 171.\n. Id. at 172.\n. Id. at 151.\n. Id. at 152-53.\n. Id.\n. Id. at 154.\n. Learned Hand, Historical and Practical Considerations Regarding Expert Testimony, 15 Harv. L.Rev. 40 (1901).\n. Minner v. American Mortg. & Guar. Co., 791 A.2d 826, 846 (Del.Super.2000).\n. See Daubert 509 U.S. at 579, 589 n. 7, 113 S.Ct. 2786 (1993)(the United States Supreme Court\u2019s seminal decision announcing the trial court\u2019s responsibilities under the Federal Rules of Evidence to scrutinize the qualifications, methodology, and ultimate conclusions of the expert and characterizing this exercise as the court\u2019s \"gatekeeping\u201d function). See also D.R.E. 104(a)(identical to its Federal counterpart, this rule requires the Court to determine preliminarily such matters as the \"qualification of a person to be a witness\u201d and \"the admissibility of evidence...\u201d).\n. See e.g. M.G. Bancorporation, Inc. v. Le Beau, 737 A.2d 513, 521-22 (Del.1999)(apply-ing Daubert to non-scientific expert testimony); Crowhorn v. Boyle, 793 A.2d 422, 427-431 (Del.Super.2002)(tracing the history of Delaware\u2019s approach to the admissibility of expert testimony); Minner, 791 A.2d at 833-46(tracing the history of American jurisprudence regarding the admissibility of expert testimony).\n. Id. at 843.\n. Id.\n. For instance, D.R.E. 403 requires the Court to consider the likelihood of prejudice or confusion before admitting otherwise relevant evidence. The D.R.E. 403 \"balancing test\u201d applies with no less force when considering the admissibility of expert evidence as compared to any other type or character of evidence. See Gannett Co. v. Kanaga, 750 A.2d 1174, 1187 (Del.2000)(\"A[n][ ] analysis under Rule 703 is not a substitute for a hearsay ruling or a balancing exercise under Rule 403\u201d).\n. Daubert, 509 U.S. at 591, 113 S.Ct. 2786 (interpreting the identical Federal counterpart to D.R.E. 702). See also 4 Weinstein & Berger Weinstein\u2019s Federal Evidence, \u00a7 702.03[1] at 702-33 (2d Ed.2002)(\"The helpfulness requirement of Rule 702 is, thus, akin to the relevance requirement of Rule 401, which is applicable to all proffered evidence\u201d).\n. Nelson v. State, 628 A.2d 69, 73-74 (Del. 1993).\n. Daubert, 509 U.S. at 590, 113 S.Ct. 2786.\n. Id.\n. M.G. Bancorporation, Inc., 737 A.2d at 521 (quoting Kumho Tire Co., Ltd. v. Carmichael, 526 U.S. 137, 141, 119 S.Ct. 1167, 143 L.Ed.2d 238 (1999) (citation omitted)).\n. Kumho Tire Co., Ltd., 526 U.S. at 150, 119 S.Ct. 1167(quoting Daubert, 509 U.S. at 594, 113 S.Ct. 2786).\n. Id.\n. Id. at 152, 119 S.Ct. 1167.\n. Daubert, 509 U.S. at 592, 113 S.Ct. 2786; Minner, 791 A.2d at 843.\n. Minner, 791 A.2d at 844.\n. Kumho Tire, 526 U.S. at 152, 119 S.Ct. 1167 (\"we conclude that the trial judge must have considerable leeway in deciding in a particular case how to go about determining whether particular expert testimony is reliable\u201d).\n. Minner, 791 A.2d at 846.\n. Id.\n. (D.I.69, Ex. A)\n. See Minner, 791 A.2d at 846 (nearly identical process employed).\n. See D.R.E. 401.\n. K-Mart Corp. v. Honeycutt, 24 S.W.3d 357, 360 (Tex.2000)(excluding human factors testimony).\n. Id. See also Getter v. Wal-Mart Stores, Inc., 66 F.3d 1119, 1124 (10th Cir.1995)(jury could draw its own conclusions about safety of floor based on lay testimony of eyewitnesses and, therefore, could not be assisted by expert testimony); Salas v. Carpenter, 980 F.2d 299, 305 (5th Cir.1992)(proffered expert must bring more to the finder of fact than the lawyer can offer in closing argument); Scott v. Sears, Roebuck & Co., 789 F.2d 1052, 1055 (4th Cir.1986)(\"Rule 702 makes inadmissible expert testimony as to a matter which obviously is within the common knowledge of jurors because such testimony, almost by definition, can be of no assistance\u201d).\n. 4 Weinstein & Berger Weinstein\u2019s Federal Evidence, \u00a7 702.03[2][b] at 702-35-36 (2d ed.2002).\n. Id. at \u00a7 702.03[2][c] at 702-37 (citing Finch v. Hercules, Inc., 941 F.Supp. 1395, 1417 (D.Del.1996)(''a lay juror could have a 'general sense about the ages at which persons commonly retire,' \u201d but \"a better informed lay juror is one who has his or her \u2018general sense\u2019 augmented with facts and data\u201d provided by an expert witness)).\n. In re Japanese Electronic Products Antitrust Litig., 723 F.2d 238, 279 (3d Cir.1983), rev'd on other grounds sub nom, Matsushita Elec. Indus. Co. v. Zenith Radio Corp., 475 U.S. 574, 106 S.Ct. 1348, 89 L.Ed.2d 538 (1986). See also United States v. Downing, 753 F.2d 1224, 1241 (3d Cir.1985)(holding that F.R.E. 702 establishes \u201ca presumption of helpfulness\u201d in favor of expert testimony).\n. Daubert, 509 U.S. at 588-89, 113 S.Ct. 2786.\n. Mr. Fleisher\u2019s terms.\n. See In re Paoli R.R. Yard PCB Litig., 35 F.3d 717, 741 (3d Cir.1994)(recognizing liberal qualification standards for expert witnesses extend to substantive experience as well as formal qualifications).\n. \" 'Ergonomics\u2019 is the name used in European countries for the study of human factors. Human factors engineering and ergonomics are synonymous, and an 'ergonomist' is, for all intents and purposes, a human factors engineer.\u201d Robert B. Yules, Human-Factors Experts in Products Liability Litigation, 9 J. Prod. Liab. 107, 111 n. 6 (1986).\n. www.iea.cc/index (Emphasis supplied)\n. Yules, 9 J. Prod. Liab. at 110-11.\n. Id.\n. 3B Louis R. Frumer & Melvin I. Friedman, Products Liability, \u00a7 99.01[1] (1992).\n. Id.\n. E.g. Hart-Albin Co. v. McLees, Inc., 264 Mont. 1, 870 P.2d 51, 56 (1994).\n. Kumho Tire, 526 U.S. at 137, 119 S.Ct. 1167.\n. See www.iea.cc/ergonomics/ (\"human factors is [a] scientific discipline ... that applies theory, principles, data and methods... \u201d)(emphasis supplied) See also Daubert, 509 U.S. at 590, 113 S.Ct. 2786 (\"the adjective 'scientific' implies a grounding in the methods and procedures of science\u201d); Pfizer, Inc. v. Advanced Monobloc Corp., 1999 WL 743927, at-*3, 1999 Del.Super. LEXIS 330, at *12 (\"Daubert does not create a test where the expert opinion must have the best foundation, but rather, whether any particular opinion is based on valid reasoning and methodology\u201d) (citation omitted).\n. Fleisher Depo. at 148-49 (Jan. 24, 2002)\n. Daubert, 509 U.S. at 590, 113 S.Ct. 2786.\n. Minner, 791 A.2d at 851 (citing General Elec. Co. v. Joiner, 522 U.S. 136, 146, 118 S.Ct. 512, 139 L.Ed.2d 508 (1997)).\n. Fleisher Depo. at 159-60 (Jan. 24, 2002).\n. See Daubert, 509 U.S. at 593, 113 S.Ct. 2786 (\"publication (which is but one element of peer review) is not a sine qua non of admissibility; it does not necessarily correlate with reliability\u201d).\n. Minner, 791 A.2d at 850, n. 29 (citation omitted).\n. Indeed, Mr. Fleisher testified that engineers \"learn from mistakes that have been made in the past.\u201d Fleisher Depo. at 147 (Jan. 24, 2002). Yet he failed to mention any \"past mistake\u201d known either to experts in his field generally, or to Shoney\u2019s in particular, which would or should have guided the proper design of this walkway. This sort of anecdotal information may well have been adequate to ground his opinion in reliable foundation.\n. Mr. Fleisher's reference to the study entitled \"Pedestrian Falling Accidents in Transit Terminals\u201d misses the mark. This study simply addressed the ground clearance necessary to enable a pedestrian to walk normally without tripping. Fleisher Depo. at 102-04 (June 14, 1999). The study says nothing of requisite design criteria to avoid tripping hazards in general, or walkway design specifically. Id.\n. See Daubert, 509 U.S. at 595-96, 113 S.Ct. 2786 (\u201cVigorous cross-examination, presentation of contrary evidence, and careful instruction on the burden of proof are the traditional and appropriate means of attacking shaky but admissible evidence\u201d)(emphasis supplied).\n. See www.iea.cc/ergonomics (describing a discipline which applies \"theory, principles, data, and methods\u201d); Fruman & Friedman, Products Liability, supra, at \u00a7 99.01 [l](describing methodology of human factors engineering).\n. Shoney\u2019s I, supra, Letter Op. at 2.\n. (D.I. 65 at 2)\n. Gannett Co., Inc. v. Kanaga, 750 A.2d 1174, 1181 (Del.2000).\n. Id. at 1182.",
        "type": "majority",
        "author": "SLIGHTS, J."
      }
    ],
    "attorneys": [
      "Andrew G. Ahern, III, Esquire, Joseph W. Benson, P.A., Wilmington, Delaware. Attorney for Plaintiff.",
      "Cohn M. Shalk, Esquire, Casarino, Christman & Shalk, Wilmington, Delaware. Attorney for Defendant."
    ],
    "corrections": "",
    "head_matter": "Marian WARD, Plaintiff, v. SHONEY\u2019S, INC., Defendant.\nC.A. No. 98C-09-032-JRS.\nSuperior Court of Delaware. New Castle County.\nSubmitted: May 1, 2002.\nDecided: June 24, 2002.\nAndrew G. Ahern, III, Esquire, Joseph W. Benson, P.A., Wilmington, Delaware. Attorney for Plaintiff.\nCohn M. Shalk, Esquire, Casarino, Christman & Shalk, Wilmington, Delaware. Attorney for Defendant."
  },
  "file_name": "0367-01",
  "first_page_order": 415,
  "last_page_order": 430
}
