{
  "id": 7900422,
  "name": "Norman E. MINOR, and Robert A. Perry, Appellants, v. UNITED STATES, Appellee",
  "name_abbreviation": "Minor v. United States",
  "decision_date": "1984-05-17",
  "docket_number": "Nos. 82-1059, 82-1209",
  "first_page": "414",
  "last_page": "417",
  "citations": [
    {
      "type": "official",
      "cite": "475 A.2d 414"
    }
  ],
  "court": {
    "name_abbreviation": "D.C.",
    "id": 11933,
    "name": "District of Columbia Court of Appeals"
  },
  "jurisdiction": {
    "id": 56,
    "name_long": "District of Columbia",
    "name": "D.C."
  },
  "cites_to": [
    {
      "cite": "387 A.2d 1108",
      "category": "reporters:state_regional",
      "reporter": "A.2d",
      "case_ids": [
        8077055
      ],
      "pin_cites": [
        {
          "page": "1112"
        }
      ],
      "opinion_index": 0,
      "case_paths": [
        "/a2d/387/1108-01"
      ]
    },
    {
      "cite": "398 A.2d 25",
      "category": "reporters:state_regional",
      "reporter": "A.2d",
      "case_ids": [
        7963293
      ],
      "pin_cites": [
        {
          "page": "26"
        }
      ],
      "opinion_index": 0,
      "case_paths": [
        "/a2d/398/0025-01"
      ]
    },
    {
      "cite": "91 L.Ed.2d 1850",
      "category": "reporters:federal",
      "reporter": "L. Ed. 2d",
      "year": 1947,
      "opinion_index": 0
    },
    {
      "cite": "67 S.Ct. 1511",
      "category": "reporters:federal",
      "reporter": "S. Ct.",
      "year": 1947,
      "opinion_index": 0
    },
    {
      "cite": "331 U.S. 837",
      "category": "reporters:federal",
      "reporter": "U.S.",
      "case_ids": [
        6178168,
        6177801,
        6178044,
        6177919
      ],
      "year": 1947,
      "opinion_index": 0,
      "case_paths": [
        "/us/331/0837-04",
        "/us/331/0837-01",
        "/us/331/0837-03",
        "/us/331/0837-02"
      ]
    },
    {
      "cite": "160 F.2d 229",
      "category": "reporters:federal",
      "reporter": "F.2d",
      "case_ids": [
        1119363
      ],
      "year": 1947,
      "pin_cites": [
        {
          "page": "232"
        }
      ],
      "opinion_index": 0,
      "case_paths": [
        "/f2d/160/0229-01"
      ]
    },
    {
      "cite": "81 U.S.App.D.C. 389",
      "category": "reporters:state",
      "reporter": "U.S. App. D.C.",
      "year": 1947,
      "pin_cites": [
        {
          "page": "392"
        }
      ],
      "opinion_index": 0
    },
    {
      "cite": "375 F.2d 332",
      "category": "reporters:federal",
      "reporter": "F.2d",
      "case_ids": [
        2034780,
        3658759
      ],
      "year": 1967,
      "pin_cites": [
        {
          "page": "334"
        }
      ],
      "opinion_index": 0,
      "case_paths": [
        "/f2d/375/0332-01"
      ]
    },
    {
      "cite": "126 U.S. App.D.C. 156",
      "category": "reporters:state",
      "reporter": "U.S. App. D.C.",
      "case_ids": [
        3658759
      ],
      "year": 1967,
      "pin_cites": [
        {
          "page": "158"
        }
      ],
      "opinion_index": 0,
      "case_paths": []
    },
    {
      "cite": "382 F.2d 150",
      "category": "reporters:federal",
      "reporter": "F.2d",
      "case_ids": [
        4067813,
        2076063
      ],
      "year": 1967,
      "opinion_index": 0,
      "case_paths": [
        "/f2d/382/0150-01"
      ]
    },
    {
      "cite": "127 U.S.App.D.C. 201",
      "category": "reporters:state",
      "reporter": "U.S. App. D.C.",
      "case_ids": [
        4067813
      ],
      "year": 1967,
      "opinion_index": 0,
      "case_paths": []
    },
    {
      "cite": "362 A.2d 706",
      "category": "reporters:state_regional",
      "reporter": "A.2d",
      "case_ids": [
        8011007
      ],
      "opinion_index": 0,
      "case_paths": [
        "/a2d/362/0706-01"
      ]
    },
    {
      "cite": "383 A.2d 1086",
      "category": "reporters:state_regional",
      "reporter": "A.2d",
      "case_ids": [
        8004257
      ],
      "opinion_index": 0,
      "case_paths": [
        "/a2d/383/1086-01"
      ]
    },
    {
      "cite": "350 U.S. 11",
      "category": "reporters:federal",
      "reporter": "U.S.",
      "case_ids": [
        12031157
      ],
      "weight": 3,
      "year": 1955,
      "pin_cites": [
        {
          "page": "16",
          "parenthetical": "\"This right of trial by jury ranks very high in our catalogue of constitutional safeguards.\""
        },
        {
          "page": "5",
          "parenthetical": "\"This right of trial by jury ranks very high in our catalogue of constitutional safeguards.\""
        },
        {
          "parenthetical": "\"This right of trial by jury ranks very high in our catalogue of constitutional safeguards.\""
        }
      ],
      "opinion_index": 0,
      "case_paths": [
        "/us/350/0011-01"
      ]
    },
    {
      "cite": "386 U.S. 18",
      "category": "reporters:federal",
      "reporter": "U.S.",
      "case_ids": [
        6168882
      ],
      "weight": 5,
      "year": 1967,
      "pin_cites": [
        {
          "page": "22"
        },
        {
          "page": "827"
        }
      ],
      "opinion_index": 0,
      "case_paths": [
        "/us/386/0018-01"
      ]
    },
    {
      "cite": "375 F.2d 135",
      "category": "reporters:federal",
      "reporter": "F.2d",
      "case_ids": [
        2034651
      ],
      "year": 1967,
      "pin_cites": [
        {
          "page": "148"
        }
      ],
      "opinion_index": 0,
      "case_paths": [
        "/f2d/375/0135-01"
      ]
    },
    {
      "cite": "397 U.S. 358",
      "category": "reporters:federal",
      "reporter": "U.S.",
      "case_ids": [
        12054393
      ],
      "weight": 3,
      "year": 1970,
      "pin_cites": [
        {
          "page": "364"
        },
        {
          "page": "1072"
        }
      ],
      "opinion_index": 0,
      "case_paths": [
        "/us/397/0358-01"
      ]
    },
    {
      "cite": "91 L.Ed.2d 973",
      "category": "reporters:federal",
      "reporter": "L. Ed. 2d",
      "year": 1946,
      "opinion_index": 0
    },
    {
      "cite": "330 U S. 395",
      "category": "reporters:federal",
      "reporter": "U.S.",
      "case_ids": [
        353686
      ],
      "weight": 4,
      "year": 1946,
      "pin_cites": [
        {
          "page": "782, n. 19"
        },
        {
          "page": "409"
        },
        {
          "page": "783",
          "parenthetical": "instructional error found not to be harmless"
        }
      ],
      "opinion_index": 0,
      "case_paths": [
        "/us/330/0395-01"
      ]
    },
    {
      "cite": "342 U.S. 246",
      "category": "reporters:federal",
      "reporter": "U.S.",
      "case_ids": [
        641097
      ],
      "weight": 9,
      "year": 1952,
      "pin_cites": [
        {
          "page": "274"
        },
        {
          "page": "255"
        },
        {
          "page": "274"
        },
        {
          "page": "255",
          "parenthetical": "citation omitted"
        }
      ],
      "opinion_index": 0,
      "case_paths": [
        "/us/342/0246-01"
      ]
    },
    {
      "cite": "430 U.S. 564",
      "category": "reporters:federal",
      "reporter": "U.S.",
      "case_ids": [
        12126181
      ],
      "weight": 3,
      "year": 1976,
      "pin_cites": [
        {
          "page": "572-73"
        },
        {
          "page": "1355"
        }
      ],
      "opinion_index": 0,
      "case_paths": [
        "/us/430/0564-01"
      ]
    },
    {
      "cite": "442 U.S. 510",
      "category": "reporters:federal",
      "reporter": "U.S.",
      "case_ids": [
        1531962
      ],
      "weight": 4,
      "year": 1979,
      "pin_cites": [
        {
          "page": "2455, n. 5"
        }
      ],
      "opinion_index": 0,
      "case_paths": [
        "/us/442/0510-01"
      ]
    }
  ],
  "analysis": {
    "cardinality": 575,
    "char_count": 7941,
    "ocr_confidence": 0.758,
    "pagerank": {
      "raw": 1.30183582871862e-07,
      "percentile": 0.6222905273627922
    },
    "sha256": "4fe1b330320eac54191bd4d8ffe69181d79cd8da8f0b43dba49665f46d327631",
    "simhash": "1:0fc8af622a71893b",
    "word_count": 1314
  },
  "last_updated": "2024-02-27T17:43:37.522735+00:00",
  "provenance": {
    "date_added": "2019-08-29",
    "source": "Harvard",
    "batch": "2018"
  },
  "casebody": {
    "judges": [
      "Before NEBEKER, MACK and ROGERS, Associate Judges."
    ],
    "parties": [
      "Norman E. MINOR, and Robert A. Perry, Appellants, v. UNITED STATES, Appellee."
    ],
    "opinions": [
      {
        "text": "NEBEKER, Associate Judge:\nAt their joint trial, the appellants were both charged with second-degree burglary, D.C.Code \u00a7 22-1801(b) (1981), grand larceny, id. \u00a7 22-2201, and receiving stolen property, id. \u00a7 22-2205. The jury found them guilty of only the latter offense. Appellants now challenge their convictions on the grounds of insufficiency of evidence as to the value of the property stolen and error in the trial court\u2019s partial directed verdict. We conclude that the partial directed verdict of the criminal charges was reversible error. See id. \u00a7 ll-721(e). Accordingly, we reverse and remand for a new trial.\nI\nOn April 28, 1982, the Connecticut Avenue offices of Barnes, Morris and Pardoe, a realtor, were burglarized. Numerous items, later identified by employees and officers of the realtor, were taken at that time, including a brass dish, a transcriber, a postage machine, several adding machines and calculators, a camera, a radio and an electric razor.\nShortly after 8:00 p.m. on April 28, as they were walking northbound on Sixth Street, N.W., appellants were seen by police. According to police testimony, after appellants saw the police but before the two groups actually encountered, each appellant dropped a bag that he had been carrying and began to walk away from the bags and the police. Police then stopped appellants, picked up the bags and questioned appellants regarding the contents of the bags and their behavior. Not aware at that time of any reported burglary, the officers noted appellants\u2019 identifications, released them, but took the bags into custody. The contents of the bags were later identified as the items stolen from Barnes, Morris and Pardoe, and appellants were arrested.\nAt trial, testimony from employees and officers of the real estate firm established the purchase price, purchase date and present condition of each item of stolen property. The government, however, did not introduce into evidence expert appraisals of the present value of the goods at the time of the burglary. In its instructions concerning the $100 value requirement for larceny and for receipt of stolen goods, the court stated to the jury:\n[A]s a matter of law, I find that the property had such value. [Transcript, June 15, 1982 at 262 (in reference to the larceny charge).]\n# 5\u215d \u215d * 5\u215d Jji\n[A]s a matter of law, I find that the value is in excess of $100.00. [Id. at 263 (in reference to the receipt of stolen goods charge).]\nNo objection was raised with regard to the instructions. The court did not further charge the jury so as to put the factfinding responsibility regarding value back in the jury\u2019s hands.\nII\nAppellantsi argue that the partial directed verdicts I violated their constitutional right to triajl by jury. They are correct.\nWe hjave no difficulty adhering to the general proposition that \u201cverdicts may not be directed against defendants in criminal cases,\u201d Sandstrom v. Montana, 442 U.S. 510, 516j n. 5, 99 S.Ct. 2450, 2455, n. 5, 61 L.Ed.2d 39 (1979), nor to the application of the maxinji to this case. The proscription regarding directed verdicts in criminal proceedings !has been made applicable where evidentiary presumption, Sandstrom v. Montana, supra; United States v. Martin Linen Supply, 430 U.S. 564, 572-73, 97 S.Ct. 1349, 1355, 51 L.Ed.2d 642 (1976), and where instructions to the jury, Morissette v. United States, 342 U.S. 246, 72 S.Ct. 240, 96 L.Ed.2d 288 (1952); United Brotherhoods of Carpenters v. United States, 330 U S. 395, 408-09 n. 19, 67 S.Ct. 775, 782, n. 19, 91 L.Ed.2d 973 (1946), have had the effect of directing the verdict. Here, the directive from the bench took the valuation determination out of the jury\u2019s hands, and a^ such, constituted a directed verdict. C. j Wright, Law of FEDERAL Courts at 463-64 (1976 ed.) (defining a directed verdict).\nJust jas a directed criminal verdict is proscribed, iso a partial directed verdict, regarding an! essential element of the crime, is similarly prohibited. Here, the value element of the crimes charged was removed from the jury\u2019s province. However, after In, re Winship, 397 U.S. 358, 364, 90 S.Ct. 1068, 1072, 25 L.Ed.2d 368 (1970), there should be no doubt that each element of a ([rime must be proven, to the jury, beyond a reasonable doubt, by the government. Id.; Morissette, supra, 342 U.S. at 274, 72 S.Ct. at 255; see Mims v. United States 375 F.2d 135, 148 (5th Cir. 1967).\nJurors mayl be perverse; the ends of justice may |be defeated by unrighteous verdicts but i so long as the functions of the judge and jury are distinct, the one responding tjo the law and the other to the facts, neither can invade the province of the other without destroying the significance of trial by court and jury.\nMorissette, supra, 342 U.S. at 274, 72 S.Ct. at 255 (citation omitted).\nThe last question of moment is whether these partial directed criminal verdicts constitute harmless error under Chapman v. California, 386 U.S. 18, 87 S.Ct. 824, 17 L.Ed.2d 705 (1967). We conclude there is no harmless error. Depriving a defendant of a jury determination concerning an essential element of a crime charged is not an error \u201cso unimportant and insignificant that [it] may, consistent with the Federal Constitution, be deemed harmless, not requiring automatic reversal of the conviction.\u201d Id. at 22, 87 S.Ct. at 827. Cf. United Brotherhood of Carpenters v. United States, supra, 330 U.S. at 409, 67 S.Ct. at 783 (instructional error found not to be harmless); United States ex rel. Toth v. Quarles, 350 U.S. 11, 16, 76 S.Ct. 1, 5, 100 L.Ed.2d 8 (1955) (\u201cThis right of trial by jury ranks very high in our catalogue of constitutional safeguards.\u201d). (Footnote omitted.)\nWe wish to point out what we see are the limits of our decision. Here, we are faced with statements from the bench during instructions which are unambiguously directed verdicts on an essential element- of the crime; it is not a comment by the court on the evidence, e.g., Hall v. United States, 383 A.2d 1086 (D.C.1978), or an instructional error, e.g., Watts v. United States, 362 A.2d 706 (D.C.1976) (en banc) (jury nullification instruction); Belton v. United States, 127 U.S.App.D.C. 201, 382 F.2d 150 (1967).\nIll\nAs to the question of the sufficiency of the evidence regarding valuation, we conclude that there was sufficient record evidence to allow the question to go to the jury. Crawford v. United States, 126 U.S. App.D.C. 156, 158, 375 F.2d 332, 334 (1967); Curley v. United States, 81 U.S.App.D.C. 389, 392, 160 F.2d 229, 232, cert. denied, 331 U.S. 837, 67 S.Ct. 1511, 91 L.Ed.2d 1850 (1947). Testimony from various owners, Comber v. United States, 398 A.2d 25, 26 (D.C.1979), was introduced regarding more than one dozen items; the sum of the total purchase prices well exceeded $1,000. And over one-half of the items were less than one year old. We are satisfied that sufficient evidence was introduced to create a jury question. Johnson v. United States, 387 A.2d 1108, 1112 (D.C.1978).\nIn view of our holding of non-harmless constitutional error regarding the partial directed verdicts, but of no error regarding the weight of the evidence, we reverse the conviction and remand for a new trial.\nReversed and remanded.",
        "type": "majority",
        "author": "NEBEKER, Associate Judge:"
      }
    ],
    "attorneys": [
      "Susan L. Schneider, Public Defender Service, Washington, D.C., with whom James Klein, Public Defender Service, Washington, D.C., was on the brief, for appellant Minor.",
      "Ronald A. Goodbread, Washington, D.C., appointed by this court, for appellant Perry-",
      "Mary Ellen Abrecht, Asst. U.S. Atty., Washington, D.C., with whom Stanley S. Harris, U.S. Atty., Washington, D.C., at the time the brief was filed, and Michael W. Farrell, Asst. U.S. Atty., Washington, D.C., were on the brief, for appellee."
    ],
    "corrections": "",
    "head_matter": "Norman E. MINOR, and Robert A. Perry, Appellants, v. UNITED STATES, Appellee.\nNos. 82-1059, 82-1209.\nDistrict of Columbia Court of Appeals.\nArgued Feb. 7, 1984.\nDecided May 17, 1984.\nSusan L. Schneider, Public Defender Service, Washington, D.C., with whom James Klein, Public Defender Service, Washington, D.C., was on the brief, for appellant Minor.\nRonald A. Goodbread, Washington, D.C., appointed by this court, for appellant Perry-\nMary Ellen Abrecht, Asst. U.S. Atty., Washington, D.C., with whom Stanley S. Harris, U.S. Atty., Washington, D.C., at the time the brief was filed, and Michael W. Farrell, Asst. U.S. Atty., Washington, D.C., were on the brief, for appellee.\nBefore NEBEKER, MACK and ROGERS, Associate Judges."
  },
  "file_name": "0414-01",
  "first_page_order": 470,
  "last_page_order": 473
}
