{
  "id": 7919753,
  "name": "MAINE SAVINGS BANK v. Danny A. KARTER, et al.",
  "name_abbreviation": "Maine Savings Bank v. Karter",
  "decision_date": "1984-05-24",
  "docket_number": "",
  "first_page": "1149",
  "last_page": "1150",
  "citations": [
    {
      "type": "official",
      "cite": "475 A.2d 1149"
    }
  ],
  "court": {
    "name_abbreviation": "Me.",
    "id": 9543,
    "name": "Maine Supreme Judicial Court"
  },
  "jurisdiction": {
    "id": 42,
    "name_long": "Maine",
    "name": "Me."
  },
  "cites_to": [
    {
      "cite": "458 A.2d 430",
      "category": "reporters:state_regional",
      "reporter": "A.2d",
      "case_ids": [
        7977110
      ],
      "opinion_index": 0,
      "case_paths": [
        "/a2d/458/0430-01"
      ]
    }
  ],
  "analysis": {
    "cardinality": 131,
    "char_count": 1131,
    "ocr_confidence": 0.783,
    "pagerank": {
      "raw": 5.4033266686372354e-08,
      "percentile": 0.33960493449618107
    },
    "sha256": "0ee36847be5b3e6c86c64f9d71fb08b12069ddd71dbccf5bcca269f9698709ea",
    "simhash": "1:75b85b75484a0721",
    "word_count": 169
  },
  "last_updated": "2024-02-27T17:43:37.522735+00:00",
  "provenance": {
    "date_added": "2019-08-29",
    "source": "Harvard",
    "batch": "2018"
  },
  "casebody": {
    "judges": [
      "Before NICHOLS, ROBERTS, WATHEN, GLASSMAN and SCOLNIK, JJ., and DUFRESNE, A.R.J."
    ],
    "parties": [
      "MAINE SAVINGS BANK v. Danny A. KARTER, et al."
    ],
    "opinions": [
      {
        "text": "MEMORANDUM OF DECISION.\nDanny A. and Victoria L. Karter appeal from a summary judgment entered in the Superior Court, Kennebec County, upon a complaint for foreclosure of their mortgage initiated by Maine Savings Bank pursuant to 14 M.R.S.A. \u00a7\u00a7 6321-6325 (1980 & Supp.1983). The Karters allege that the bank\u2019s breach of certain side agreements caused their default in the mortgage payments. These allegations, however, are not sufficient to avoid summary judgment unless the Karters submit affidavits alleging facts which generate these issues. Depositors Trust Co. v. Herold, 458 A.2d 430 (Me.1983). This they have failed to do.\nThe entry is:\nJudgment affirmed.\nAll concurring.",
        "type": "majority",
        "author": null
      }
    ],
    "attorneys": [
      "Verrill & Dana, A.M. Horton (orally), Christopher S. Neagle, Portland, for plaintiff.",
      "Daviau, Jabar & Batten, J. William Batten (orally), Waterville, for defendants.",
      "Harlan J. Choate, Sp. Asst. U.S. Atty., Augusta, for Small Business Administration."
    ],
    "corrections": "",
    "head_matter": "MAINE SAVINGS BANK v. Danny A. KARTER, et al.\nSupreme Judicial Court of Maine.\nArgued May 4, 1984.\nDecided May 24, 1984.\nVerrill & Dana, A.M. Horton (orally), Christopher S. Neagle, Portland, for plaintiff.\nDaviau, Jabar & Batten, J. William Batten (orally), Waterville, for defendants.\nHarlan J. Choate, Sp. Asst. U.S. Atty., Augusta, for Small Business Administration.\nBefore NICHOLS, ROBERTS, WATHEN, GLASSMAN and SCOLNIK, JJ., and DUFRESNE, A.R.J."
  },
  "file_name": "1149-01",
  "first_page_order": 1205,
  "last_page_order": 1206
}
