{
  "id": 8098468,
  "name": "Lewis C. BAILEY, Defendant Below, Appellant, v. The STATE of Delaware, Plaintiff Below, Appellee",
  "name_abbreviation": "Bailey v. State",
  "decision_date": "1967-07-26",
  "docket_number": "",
  "first_page": "469",
  "last_page": "470",
  "citations": [
    {
      "type": "official",
      "cite": "231 A.2d 469"
    }
  ],
  "court": {
    "name_abbreviation": "Del.",
    "id": 9322,
    "name": "Delaware Supreme Court"
  },
  "jurisdiction": {
    "id": 8,
    "name_long": "Delaware",
    "name": "Del."
  },
  "cites_to": [
    {
      "cite": "10 Terry 503",
      "category": "reporters:state",
      "reporter": "Terry",
      "year": 1955,
      "opinion_index": 0
    },
    {
      "cite": "119 A.2d 894",
      "category": "reporters:state_regional",
      "reporter": "A.2d",
      "year": 1955,
      "opinion_index": 0
    },
    {
      "cite": "179 Ind. 575",
      "category": "reporters:state",
      "reporter": "Ind.",
      "case_ids": [
        1624374
      ],
      "year": 1913,
      "opinion_index": 0,
      "case_paths": [
        "/ind/179/0575-01"
      ]
    },
    {
      "cite": "101 N.E. 1009",
      "category": "reporters:state_regional",
      "reporter": "N.E.",
      "year": 1913,
      "opinion_index": 0
    },
    {
      "cite": "31 N.J.Super. 411",
      "category": "reporters:state",
      "reporter": "N.J. Super.",
      "case_ids": [
        380415
      ],
      "year": 1954,
      "opinion_index": 0,
      "case_paths": [
        "/nj-super/31/0411-01"
      ]
    },
    {
      "cite": "107 A.2d 13",
      "category": "reporters:state_regional",
      "reporter": "A.2d",
      "year": 1954,
      "opinion_index": 0
    },
    {
      "cite": "54 N.M. 272",
      "category": "reporters:state",
      "reporter": "N.M.",
      "case_ids": [
        1582011
      ],
      "weight": 2,
      "year": 1950,
      "opinion_index": 0,
      "case_paths": [
        "/nm/54/0272-01"
      ]
    }
  ],
  "analysis": {
    "cardinality": 300,
    "char_count": 4006,
    "ocr_confidence": 0.777,
    "pagerank": {
      "raw": 1.2039759690099695e-07,
      "percentile": 0.5943323336611517
    },
    "sha256": "a785ebd57f44590f69be30f0e11d098fddf163e3efc5a3214deb31065f14c7b5",
    "simhash": "1:b82fcd568226c2aa",
    "word_count": 671
  },
  "last_updated": "2024-02-27T23:47:27.532249+00:00",
  "provenance": {
    "date_added": "2019-08-29",
    "source": "Harvard",
    "batch": "2018"
  },
  "casebody": {
    "judges": [
      "WOLCOTT, Chief Justice, HERR-MANN, Justice, and McNEILLY, Judge, sitting."
    ],
    "parties": [
      "Lewis C. BAILEY, Defendant Below, Appellant, v. The STATE of Delaware, Plaintiff Below, Appellee."
    ],
    "opinions": [
      {
        "text": "HERRMANN, Justice.\nThis appeal requires interpretation of the word \u201center\u201d as used in 11 Del.C. \u00a7 395, making it an offense to \u201cbreak and enter\u201d a building with intent to commit a crime therein. The word is defined by the Statute [11 Del.C. \u00a7 391(d)] as follows:\n\u201c(d) Enter. The word \u2018enter\u2019, as used in this section, includes the entrance of the offender into such building or apartment, or the insertion therein of any part of his body or of any instrument or weapon held in his hand, and used, or intended to be used, to threaten or intimidate the inmates, or to detach or remove property.\u201d\n\u2022 The defendant Lewis Bailey was charged with breaking and entering a building which housed an advertising company, with intent to commit larceny therein. At his trial before a jury, the State adduced evidence showing that Bailey left home in the early morning hours carrying a 17 inch crowbar. At about 3:00 A.M., he used the crowbar to pry off part of the door panel of the building involved. The crowbar pierced through the door to the interior of the premises. Because of the arrival of a police officer, the defendant fled without further entry into the building. He admitted to the officer, however, that he intended to burglarize the premises.\nThe jury found the defendant guilty as charged. At the close of the State\u2019s case, at the close of all the evidence, and again after the verdict, the defendant moved for judgment of acquittal under Superior Court Criminal Rule 29 Del.C.Ann. on the ground that the State failed to prove an entry. From the denial of those motions, the defendant appeals.\nIn our opinion, the Trial Court was correct in holding that there was sufficient evidence of an \u201centry\u201d, within the statutory definition, to sustain the conviction. The Statute proscribes, as an entry, the \u201cinsertion\u201d into the building of any \u201cinstrument\u201d held in the defendant\u2019s hand and \u201cintended to be used\u201d to \u201cdetach or remove property\u201d. We think that the defendant\u2019s conduct falls within the proscription of the Statute.\nNeither expressly nor by necessary implication does the Statute require that the offender must intend the detachment or removal of property to occur at the moment of insertion only. This was the common law requirement. See 3 Burdick, Law of Crime, \u00a7 704a; 2 Wharton\u2019s Criminal Law and Procedure (Anderson Ed.) \u00a7 421. The common law definition was enlarged, in our view, by \u00a7 391(d). From the language used, we think that the Legislature intended to relate the intended detachment or removal of property not only to the moment of insertion but also to a later time as well.\nThe evidence, with all permissible inferences deducible therefrom, must be considered for present purposes from the viewpoint most favorable to the State. State v. Biter, 10 Terry 503, 119 A.2d 894 (1955); 8 Moore\u2019s Federal Practice (2d Ed.) \u00b6\u00b6 29.06, 29.09 [2]. From that point of view, it is permissible and reasonable to infer from the evidence that the defendant selected and used the crowbar not only as a tool for the breaking but also with intent to detach or remove property with it after he was inside the premises.\nThe defendant relies upon Mattox v. State, 179 Ind. 575, 101 N.E. 1009 (1913); State v. O\u2019Leary, 31 N.J.Super. 411, 107 A.2d 13 (1954); State v. Grubaugh, 54 N.M. 272, 221 P.2d 1055 (1950): We find those cases inapposite because of distinguishing facts and because none involved a statutory definition such as ours.\nAccordingly, it is held that there was evidence of an entry, within the statutory definition, sufficient to sustain the conviction. The judgment of the Superior Court is affirmed.",
        "type": "majority",
        "author": "HERRMANN, Justice."
      }
    ],
    "attorneys": [
      "Michael F. Tucker, Asst. Public Defender, Wilmington, for defendant below, appellant.",
      "Richard G. Elliott, Jr., Deputy Atty. Gen., Wilmington, for plaintiff below, ap-pellee."
    ],
    "corrections": "",
    "head_matter": "Lewis C. BAILEY, Defendant Below, Appellant, v. The STATE of Delaware, Plaintiff Below, Appellee.\nSupreme Court of Delaware.\nJuly 26, 1967.\nMichael F. Tucker, Asst. Public Defender, Wilmington, for defendant below, appellant.\nRichard G. Elliott, Jr., Deputy Atty. Gen., Wilmington, for plaintiff below, ap-pellee.\nWOLCOTT, Chief Justice, HERR-MANN, Justice, and McNEILLY, Judge, sitting."
  },
  "file_name": "0469-01",
  "first_page_order": 507,
  "last_page_order": 508
}
