{
  "id": 9177238,
  "name": "Jude BRUNSON, Petitioner v. PENNSYLVANIA DEPARTMENT OF CORRECTIONS et al., Respondents",
  "name_abbreviation": "Brunson v. Pennsylvania Department of Corrections",
  "decision_date": "2005-02-10",
  "docket_number": "",
  "first_page": "378",
  "last_page": "379",
  "citations": [
    {
      "type": "official",
      "cite": "868 A.2d 378"
    }
  ],
  "court": {
    "name_abbreviation": "Pa.",
    "id": 8832,
    "name": "Supreme Court of Pennsylvania"
  },
  "jurisdiction": {
    "id": 6,
    "name_long": "Pennsylvania",
    "name": "Pa."
  },
  "cites_to": [],
  "analysis": {
    "cardinality": 53,
    "char_count": 492,
    "ocr_confidence": 0.646,
    "sha256": "b806a42257b599634ede190816464e28cda978241579a1e96d26bce479d3b5cb",
    "simhash": "1:75294afde306a1b0",
    "word_count": 76
  },
  "last_updated": "2023-07-14T15:08:23.611420+00:00",
  "provenance": {
    "date_added": "2019-08-29",
    "source": "Harvard",
    "batch": "2018"
  },
  "casebody": {
    "judges": [],
    "parties": [
      "Jude BRUNSON, Petitioner v. PENNSYLVANIA DEPARTMENT OF CORRECTIONS et al., Respondents."
    ],
    "opinions": [
      {
        "text": "ORDER\nPER CURIAM:\nAND NOW, this 10th day of February, 2005, the Petition for Allowance of Appeal having been improvidently filed, the document is hereby regarded as a notice of appeal from the order of the Commonwealth Court. See Pa.R.A.P. 1103. As Petitioner\u2019s allegations of error are without merit, the order of the Commonwealth Court is hereby AFFIRMED.",
        "type": "majority",
        "author": "PER CURIAM:"
      }
    ],
    "attorneys": [],
    "corrections": "",
    "head_matter": "Jude BRUNSON, Petitioner v. PENNSYLVANIA DEPARTMENT OF CORRECTIONS et al., Respondents.\nSupreme Court of Pennsylvania.\nFeb. 10, 2005."
  },
  "file_name": "0378-03",
  "first_page_order": 418,
  "last_page_order": 419
}
