{
  "id": 12492275,
  "name": "STATE of New Jersey, Plaintiff-Respondent, v. Vernon J. PARKER, Defendant-Petitioner.",
  "name_abbreviation": "State v. Parker",
  "decision_date": "2018-02-02",
  "docket_number": "C\u2013546 Sept. Term 2017; 079891",
  "first_page": "1260",
  "last_page": "1260",
  "citations": [
    {
      "type": "official",
      "cite": "178 A.3d 1260"
    },
    {
      "type": "parallel",
      "cite": "232 N.J. 138"
    }
  ],
  "court": {
    "name_abbreviation": "N.J.",
    "id": 8815,
    "name": "New Jersey Court of Errors and Appeals"
  },
  "jurisdiction": {
    "id": 24,
    "name_long": "New Jersey",
    "name": "N.J."
  },
  "cites_to": [],
  "analysis": {
    "cardinality": 45,
    "char_count": 416,
    "sha256": "ed13176f7484952099f013ea1047c1ccb07f17d6479b0f33f2d22529f843b82c",
    "simhash": "1:343a2ca59438d528",
    "word_count": 63
  },
  "last_updated": "2021-09-08T21:16:17.237805+00:00",
  "provenance": {
    "date_added": "2021-08-27",
    "source": "Fastcase",
    "batch": "2021"
  },
  "casebody": {
    "judges": [],
    "parties": [
      "STATE of New Jersey, Plaintiff-Respondent,\nv.\nVernon J. PARKER, Defendant-Petitioner."
    ],
    "opinions": [
      {
        "text": "",
        "type": "majority",
        "author": null
      }
    ],
    "attorneys": [
      "A petition for certification of the judgment in A-3133-13 and A-373-15 having been submitted to this Court, and the Court having considered the same;",
      "It is ORDERED that the petition for certification is denied."
    ],
    "corrections": "",
    "head_matter": "STATE of New Jersey, Plaintiff-Respondent,\nv.\nVernon J. PARKER, Defendant-Petitioner.\nC-546 Sept. Term 2017\n079891\nSupreme Court of New Jersey.\nFebruary 2, 2018\nTo the Appellate Division, Superior Court:\nA petition for certification of the judgment in A-3133-13 and A-373-15 having been submitted to this Court, and the Court having considered the same;\nIt is ORDERED that the petition for certification is denied."
  },
  "file_name": "1260-02",
  "first_page_order": 1260,
  "last_page_order": 1260
}
