{
  "id": 12492301,
  "name": "Alexandra RODRIGUEZ, Plaintiff-Movant, v. WAL-MART STORES, INC., and/or Wal-Mart Stores East, LP, and/or Wal-Mart Stores East I, LP, Defendants-Respondents.",
  "name_abbreviation": "Rodriguez v. Wal-Mart Stores, Inc.",
  "decision_date": "2018-02-09",
  "docket_number": "M\u2013516 September Term 2017; 079470",
  "first_page": "1269",
  "last_page": "1269",
  "citations": [
    {
      "type": "official",
      "cite": "178 A.3d 1269"
    },
    {
      "type": "parallel",
      "cite": "232 N.J. 153"
    }
  ],
  "court": {
    "name_abbreviation": "N.J.",
    "id": 8815,
    "name": "New Jersey Court of Errors and Appeals"
  },
  "jurisdiction": {
    "id": 24,
    "name_long": "New Jersey",
    "name": "N.J."
  },
  "cites_to": [],
  "analysis": {
    "cardinality": 36,
    "char_count": 304,
    "sha256": "fc182322d791ac2c20dfb906c48c3a51d487aaeda833d460484c599310f681e9",
    "simhash": "1:13fa626bbb118c69",
    "word_count": 45
  },
  "last_updated": "2021-09-08T21:16:17.237805+00:00",
  "provenance": {
    "date_added": "2021-08-27",
    "source": "Fastcase",
    "batch": "2021"
  },
  "casebody": {
    "judges": [],
    "parties": [
      "Alexandra RODRIGUEZ, Plaintiff-Movant,\nv.\nWAL-MART STORES, INC., and/or Wal-Mart Stores East, LP, and/or Wal-Mart Stores East I, LP, Defendants-Respondents."
    ],
    "opinions": [
      {
        "text": "It is ORDERED that the motion to expand the record is denied.",
        "type": "majority",
        "author": null
      }
    ],
    "attorneys": [],
    "corrections": "",
    "head_matter": "Alexandra RODRIGUEZ, Plaintiff-Movant,\nv.\nWAL-MART STORES, INC., and/or Wal-Mart Stores East, LP, and/or Wal-Mart Stores East I, LP, Defendants-Respondents.\nM-516 September Term 2017\n079470\nSupreme Court of New Jersey.\nFebruary 9, 2018\nORDER"
  },
  "file_name": "1269-02",
  "first_page_order": 1269,
  "last_page_order": 1269
}
