{
  "id": 12492315,
  "name": "STATE of New Jersey, Plaintiff-Respondent, v. Brandon J. FRITZ, Defendant-Petitioner.",
  "name_abbreviation": "State v. Fritz",
  "decision_date": "2018-02-09",
  "docket_number": "C\u2013599 September Term 2017; 079803",
  "first_page": "1274",
  "last_page": "1274",
  "citations": [
    {
      "type": "official",
      "cite": "178 A.3d 1274"
    },
    {
      "type": "parallel",
      "cite": "232 N.J. 161"
    }
  ],
  "court": {
    "name_abbreviation": "N.J.",
    "id": 8815,
    "name": "New Jersey Court of Errors and Appeals"
  },
  "jurisdiction": {
    "id": 24,
    "name_long": "New Jersey",
    "name": "N.J."
  },
  "cites_to": [],
  "analysis": {
    "cardinality": 44,
    "char_count": 409,
    "sha256": "d95a5a684afe5eb83bc0ae10bd4fad59ff56d9d31b779de2996886a06a889a85",
    "simhash": "1:16f22d75d53be628",
    "word_count": 61
  },
  "last_updated": "2021-09-08T21:16:17.237805+00:00",
  "provenance": {
    "date_added": "2021-08-27",
    "source": "Fastcase",
    "batch": "2021"
  },
  "casebody": {
    "judges": [],
    "parties": [
      "STATE of New Jersey, Plaintiff-Respondent,\nv.\nBrandon J. FRITZ, Defendant-Petitioner."
    ],
    "opinions": [
      {
        "text": "",
        "type": "majority",
        "author": null
      }
    ],
    "attorneys": [
      "A petition for certification of the judgment in A-005322-13 having been submitted to this Court, and the Court having considered the same;",
      "It is ORDERED that the petition for certification is denied."
    ],
    "corrections": "",
    "head_matter": "STATE of New Jersey, Plaintiff-Respondent,\nv.\nBrandon J. FRITZ, Defendant-Petitioner.\nC-599 September Term 2017\n079803\nSupreme Court of New Jersey.\nFebruary 9, 2018\nTo the Appellate Division, Superior Court:\nA petition for certification of the judgment in A-005322-13 having been submitted to this Court, and the Court having considered the same;\nIt is ORDERED that the petition for certification is denied."
  },
  "file_name": "1274-01",
  "first_page_order": 1274,
  "last_page_order": 1274
}
