{
  "id": 12488070,
  "name": "Ramone Monte Jones v. United States",
  "name_abbreviation": "Jones v. United States",
  "decision_date": "2016-08-31",
  "docket_number": "NO. 14-CO-878",
  "first_page": "1282",
  "last_page": "1282",
  "citations": [
    {
      "type": "official",
      "cite": "150 A.3d 1282"
    }
  ],
  "court": {
    "name_abbreviation": "D.C.",
    "id": 11933,
    "name": "District of Columbia Court of Appeals"
  },
  "jurisdiction": {
    "id": 56,
    "name_long": "District of Columbia",
    "name": "D.C."
  },
  "cites_to": [],
  "analysis": {
    "cardinality": 21,
    "char_count": 149,
    "sha256": "239c0e829bb2ea44b18c877d9afdf320cf99818468597d1e43bfec2a8d84c724",
    "simhash": "1:2fcfb251229dda59",
    "word_count": 22
  },
  "last_updated": "2021-08-27T20:57:14.005530+00:00",
  "provenance": {
    "date_added": "2021-08-27",
    "source": "Fastcase",
    "batch": "2021"
  },
  "casebody": {
    "judges": [],
    "parties": [
      "Ramone Monte Jones\nv.\nUnited States"
    ],
    "opinions": [
      {
        "text": "Affirmed.",
        "type": "majority",
        "author": null
      }
    ],
    "attorneys": [],
    "corrections": "",
    "head_matter": "Ramone Monte Jones\nv.\nUnited States\nNO. 14-CO-878\nDistrict of Columbia Court of Appeals\nAugust 31, 2016\nDECISION WITHOUT PUBLISHED OPINION"
  },
  "file_name": "1282-06",
  "first_page_order": 1282,
  "last_page_order": 1282
}
