{
  "id": 8088649,
  "name": "STATE of Maine v. Harold L. McINTYRE (two cases)",
  "name_abbreviation": "State v. McIntyre",
  "decision_date": "1968-05-07",
  "docket_number": "",
  "first_page": "600",
  "last_page": "602",
  "citations": [
    {
      "type": "official",
      "cite": "241 A.2d 600"
    }
  ],
  "court": {
    "name_abbreviation": "Me.",
    "id": 9543,
    "name": "Maine Supreme Judicial Court"
  },
  "jurisdiction": {
    "id": 42,
    "name_long": "Maine",
    "name": "Me."
  },
  "cites_to": [
    {
      "cite": "202 A.2d 794",
      "category": "reporters:state_regional",
      "reporter": "A.2d",
      "opinion_index": 0
    },
    {
      "cite": "378 U.S. 478",
      "category": "reporters:federal",
      "reporter": "U.S.",
      "case_ids": [
        6166688
      ],
      "weight": 3,
      "opinion_index": 0,
      "case_paths": [
        "/us/378/0478-01"
      ]
    },
    {
      "cite": "236 A.2d 66",
      "category": "reporters:state_regional",
      "reporter": "A.2d",
      "case_ids": [
        8066535
      ],
      "opinion_index": 0,
      "case_paths": [
        "/a2d/236/0066-01"
      ]
    }
  ],
  "analysis": {
    "cardinality": 443,
    "char_count": 6910,
    "ocr_confidence": 0.807,
    "pagerank": {
      "raw": 4.03580807328026e-08,
      "percentile": 0.2007777287401698
    },
    "sha256": "76d9184ced6720b7e64abd99f30204832f52655df69298a7f612bff07ddb79a6",
    "simhash": "1:77aab199fb44b315",
    "word_count": 1130
  },
  "last_updated": "2024-02-27T18:40:20.421336+00:00",
  "provenance": {
    "date_added": "2019-08-29",
    "source": "Harvard",
    "batch": "2018"
  },
  "casebody": {
    "judges": [
      "Before WILLIAMSON, C. J., and WEBBER, TAPLEY, MARDEN and WEATHERBEE, JJ.",
      "DUFRESNE, J., did not sit."
    ],
    "parties": [
      "STATE of Maine v. Harold L. McINTYRE (two cases)."
    ],
    "opinions": [
      {
        "text": "WEBBER, Justice.\nAppeals from two convictions for the crime of kidnapping were combined and argued together. The first case (Law Docket #166) was tried before a jury on May 9, 1966. Jury trial in the second case (Law Docket #167) was commenced on May 24, 1966, a new jury having been empaneled.\n#166\nThe complainant in this case was a taxi driver who was forced by the respondent at gun point to operate his taxi on a course and at speeds dictated by respondent. This enforced transportation included attempted evasion of police pursuit and culminated in respondent\u2019s apprehension and arrest at a police roadblock. The State relied primarily on the testimony of the complainant whose evidence, if believed by the jury, was sufficient to prove the crime of kidnapping beyond a reasonable doubt. The State also presented evidence of admissions made by the respondent to police officers shortly after his arrest and after he had been fully advised of his constitutional rights. These admissions corroborated the testimony of the kidnapping victim. No question was raised as to the voluntariness of these admissions and they were in fact admitted into evidence without objection. No evidence was offered by the defense.\nAs the case has been briefed and argued it is not entirely clear as to what specific ground is relied upon as the basis for setting this verdict aside on appeal. We gather, however, that respondent\u2019s only complaint is that he was not adequately represented by competent counsel. It is apparent upon examination of the trial record that this accusation is frivolous. Upon arraignment, respondent having demonstrated his indigency and requested the appointment of counsel, the presiding Justice appointed the counsel of respondent\u2019s own choice. Thereafter motions were seasonably made and argued and in the course of trial, the witnesses for the State carefully cross-examined by respondent\u2019s attorney. Counsel are not to be charged with incompetence merely because they are unable to obtain an acquittal in the face of overwhelming evidence of guilt. State v. Sinclair, (Me.1967) 236 A.2d 66.\n#167\nIn this case the jury could have found on the basis of credible and undisputed evidence that respondent entered the home of the complainant without permission; that he held her, and later her husband as well, prisoner for some hours, again by the display of a revolver and the threat to use it if his orders were not obeyed; that thereafter by the same means of force he compelled complainant to drive him in her automobile to a destination of his selection at which point she was released. Here again the State introduced evidence of admissions made by respondent to police officers which confirmed and corroborated the testimony of complainant and her husband.\nIn this case respondent first requested that the attorney who had represented him in the trial of #166 be again appointed to represent him in #167. Later, at his request and with his approval, another attorney was appointed to serve as co-counsel in #167 and thereafter respondent was represented by two experienced practitioners. The presiding Justice continued the case for four days to permit the newly appointed attorney to prepare for trial. If appellant intends that his charge of incompetency of counsel pertain also to the trial of #167 it suffices to say that there was no failure to afford the respondent adequate representation and a fair trial.\nThe primary contention of appellant relates to' his claim of deprivation of constitutional rights with respect to his admissions introduced into evidence. The point was preserved by means of a motion to strike. It is not disputed that the events constituting the criminal offense charged in #167 occurred during the evening of December 15, 1965 and continued into the early morning of December 16, 1965. Shortly after his release of the complainant in #167 the respondent hired a taxi and there began the series of acts which based the kidnapping charge proven in #166. As already noted, these events culminated in the arrest of respondent. He was thence taken to the Caribou police station. While respondent was in the custody of the arresting officer, Mr. Bernard, chief of police of that town, respondent requested that an attorney be called. He specifically stated that he \u201cwanted the youngest lawyer in town.\u201d Chief Bernard called on his behalf the attorney who answered that description and this attorney came to the police station and conferred with respondent. Sergeant Dumond and Trooper Watson, members of the State Police Department who were working on the case, had gone to another community to pursue their investigation and the attorney waited \u201cmost of the afternoon\u201d for them to return. Late in the afternoon and after the attorney had left, these officers returned and interrogated the respondent, Chief Bernard then being absent. Sergeant Dumond first advised the respondent of all of his constitutional rights. The respondent said, \u201cOh, I\u2019ve heard this before,\u201d to which the officer replied, \u201cThat doesn\u2019t make any difference. I will tell you just the same.\u201d These officers did not know and were not told by the respondent or anyone else that respondent had an attorney or had consulted an attorney. On the contrary, the officers asked him if he wanted an attorney and he replied that \u201che did not care for one at this time.\u201d Thereafter the respondent freely and willingly answered the questions put to him. There is no evidence that respondent was under any disadvantage as to age, intelligence or experience with court procedure. On the contrary, although he did not testify, his participation in the trial in the making of motions and colloquy with the Court supports the view expressed by the presiding Justice that respondent was intelligently aware of his rights and especially his right to counsel. Escobedo v. State of Illinois, (1964) 378 U.S. 478, 84 S.Ct. 1758, 12 L.Ed.2d 977, relied upon by respondent, recognizes that the right to counsel at any stage may be knowingly and understandingly waived. We conclude that respondent\u2019s right to have his counsel present was waived, and there being no constitutional deprivation in connection with the interrogation, the motion to strike the evidence of his admissions was properly denied.\nWe do not understand that respondent now seriously contends that the indictments were faulty. It suffices to say that in both #166 and #167 the indictments sufficiently charged the crime of kidnapping. Austin, Pet\u2019r. v. State of Maine, (1964) 160 Me. 240D, 202 A.2d 794.\nThe entry in each case will be\nAppeal denied.\nDUFRESNE, J., did not sit.",
        "type": "majority",
        "author": "WEBBER, Justice."
      }
    ],
    "attorneys": [
      "Forrest W. Barnes, Asst. County Atty., Houlton, for appellant.",
      "Ferris A. Freme, Caribou, for appellee."
    ],
    "corrections": "",
    "head_matter": "STATE of Maine v. Harold L. McINTYRE (two cases).\nSupreme Judicial Court of Maine.\nMay 7, 1968.\nForrest W. Barnes, Asst. County Atty., Houlton, for appellant.\nFerris A. Freme, Caribou, for appellee.\nBefore WILLIAMSON, C. J., and WEBBER, TAPLEY, MARDEN and WEATHERBEE, JJ."
  },
  "file_name": "0600-01",
  "first_page_order": 638,
  "last_page_order": 640
}
