{
  "id": 8373683,
  "name": "GIANT FOOD, INC. and Lumbermen's Mutual Casualty Company, Petitioners, and Lula M. Lloyd, Cross-Petitioner v. DISTRICT OF COLUMBIA DEPARTMENT OF EMPLOYMENT SERVICES, Respondent",
  "name_abbreviation": "Giant Food, Inc. v. District of Columbia Department of Employment Services",
  "decision_date": "2007-09-11",
  "docket_number": "Nos. 04-AA-1337, 04-AA-1374",
  "first_page": "921",
  "last_page": "924",
  "citations": [
    {
      "type": "official",
      "cite": "934 A.2d 921"
    }
  ],
  "court": {
    "name_abbreviation": "D.C.",
    "id": 11933,
    "name": "District of Columbia Court of Appeals"
  },
  "jurisdiction": {
    "id": 56,
    "name_long": "District of Columbia",
    "name": "D.C."
  },
  "cites_to": [
    {
      "cite": "2006 WL 2041509",
      "category": "reporters:specialty_west",
      "reporter": "WL",
      "year": 2006,
      "opinion_index": 0
    },
    {
      "cite": "2006 WL 1766673",
      "category": "reporters:specialty_west",
      "reporter": "WL",
      "year": 2006,
      "opinion_index": 0
    },
    {
      "cite": "761 A.2d 840",
      "category": "reporters:state_regional",
      "reporter": "A.2d",
      "case_ids": [
        11160504
      ],
      "weight": 2,
      "pin_cites": [
        {
          "page": "842"
        }
      ],
      "opinion_index": 0,
      "case_paths": [
        "/a2d/761/0840-01"
      ]
    },
    {
      "cite": "503 U.S. 181",
      "category": "reporters:federal",
      "reporter": "U.S.",
      "case_ids": [
        6223783
      ],
      "weight": 3,
      "year": 1992,
      "pin_cites": [
        {
          "page": "191"
        }
      ],
      "opinion_index": 0,
      "case_paths": [
        "/us/503/0181-01"
      ]
    },
    {
      "cite": "126 S.Ct. 2422",
      "category": "reporters:federal",
      "reporter": "S. Ct.",
      "case_ids": [
        3500303
      ],
      "weight": 2,
      "year": 2006,
      "pin_cites": [
        {
          "page": "2432"
        }
      ],
      "opinion_index": 0,
      "case_paths": [
        "/us/548/0030-01"
      ]
    },
    {
      "cite": "511 U.S. 244",
      "category": "reporters:federal",
      "reporter": "U.S.",
      "case_ids": [
        1147362
      ],
      "weight": 8,
      "year": 1994,
      "pin_cites": [
        {
          "page": "265"
        },
        {
          "page": "269-70"
        }
      ],
      "opinion_index": 0,
      "case_paths": [
        "/us/511/0244-01"
      ]
    },
    {
      "cite": "26 U.S.C. \u00a7 401",
      "category": "laws:leg_statute",
      "reporter": "U.S.C.",
      "pin_cites": [
        {
          "page": "et seq."
        }
      ],
      "opinion_index": 0
    }
  ],
  "analysis": {
    "cardinality": 620,
    "char_count": 9870,
    "ocr_confidence": 0.738,
    "pagerank": {
      "raw": 7.452205406242247e-08,
      "percentile": 0.4443278353293956
    },
    "sha256": "4fb5013e680db7dc3fc76488d20cab6c0d32218d5d7f5b6cea55e90c1eb1bb48",
    "simhash": "1:edfa21df007aba4a",
    "word_count": 1601
  },
  "last_updated": "2024-02-27T23:29:18.944022+00:00",
  "provenance": {
    "date_added": "2019-08-29",
    "source": "Harvard",
    "batch": "2018"
  },
  "casebody": {
    "judges": [
      "Before KRAMER, FISHER and THOMPSON, Associate Judges."
    ],
    "parties": [
      "GIANT FOOD, INC. and Lumbermen\u2019s Mutual Casualty Company, Petitioners, and Lula M. Lloyd, Cross-Petitioner v. DISTRICT OF COLUMBIA DEPARTMENT OF EMPLOYMENT SERVICES, Respondent."
    ],
    "opinions": [
      {
        "text": "KRAMER, Associate Judge:\nCross-Petitioner Lula M. Lloyd suffered an injury in the course of her employment with petitioner Giant Food, Inc. (\u201cGiant\u201d) in 1996. Ms. Lloyd received workers\u2019 compensation from Giant for this injury. Her injury limited her to working 15 hours per week. In 1998, the Council of the District of Columbia amended the Workers\u2019 Compensation Act, repealing a provision that affected payments made by employers after a claimant\u2019s retirement. These changes took effect on April 16, 1999. Ms. Lloyd retired the next month on May 13,1999.\nThereafter, Giant sought to reduce its payments to Ms. Lloyd, applying the Act as it read at the time Ms. Lloyd was injured. An administrative law judge ruled in Giant\u2019s favor, but the Director of the Department of Employment Services reversed, applying the amended version of the Act which had taken effect on April 16, 1999, before Ms. Lloyd retired. Lloyd v. Giant Foods, Inc., Dir. Dkt. No. 03-70, OHA No. 97-110E, OWC Nos. 501519, 230297, 265731, 2004 DC Wrk. Comp. Lexis 298 (Sept. 30, 2004). Giant now petitions this court to rule that the controlling law is the law in effect at the time that Ms. Lloyd was injured, not the law in effect when she retired.\nThe repealed provision of the D.C.Code stated:\nIn no event shall the total money allowance payable to an employee or his dependent survivor(s): (1) As compensation for an injury or death under this chapter; (2) as federal old age, and survivors insurance benefits; and (3) from employee benefit plans subject to the Employee Retirement Income Security Act of 1974 (26 U.S.C. \u00a7 401 et seq.) and such income maintenance plans solely funded by the employer (computed weekly) exceed in the aggregate the higher of 80% of the employee\u2019s average weekly wage or the total of federal payments and employee benefit plans payments. In the event the total aggregate money allowance payable to an employee or his survivor(s) exceeds this limitation, the amounts otherwise payable as compensation or death benefits under this chapter shall be reduced accordingly-\nD.C.Code \u00a7 36-308(9) (1981) (repealed 1999).\nThe 1998 Act repealed this subsection in its entirety. Workers\u2019 Compensation Amendment Act, 46 D.C.Reg. 891 \u00a7 2(e)(4) (Feb. 5, 1999); D.C.Code \u00a7 32-1508(9) (2001) formerly D.C.Code \u00a7 36-308(9) (1981). The parties do not dispute that employers may not reduce their payments under this subsection for injuries that occurred after April 16, 1999, the date the repeal became effective. See Notice, D.C. Law 12-229, 46 D.C.Reg. \u00a7 3851 (Apr. 30, 1999). Giant, however, argues that the repeal should affect only payments attributable to injuries that occurred after April 16, 1999. The District of Columbia urges us to interpret the Director\u2019s decision to focus the analysis on the date of a claimant\u2019s retirement. Under this interpretation, an employer would not be entitled to the reduction set out in D.C.Code \u00a7 36-308(9) for a claimant who retired after April 16,1999.\nGiant argues that the Director erred by applying the statute retroactively, because Ms. Lloyd\u2019s injury occurred before the Council repealed \u00a7 36-308(9). \u201c[T]he presumption against retroactive legislation ... embodies a legal doctrine centuries older than our Republic.\u201d Landgraf v. USI Film Prods., 511 U.S. 244, 265, 114 S.Ct. 1483, 128 L.Ed.2d 229 (1994). However,\n[a] statute does not operate \u201cretrospectively\u201d merely because it is applied in a case arising from conduct antedating the statute\u2019s enactment or upsets expectations based on prior law. Rather, the court must ask whether the new provision attaches new legal consequences to events completed before its enactment. The conclusion that a particular rule operates \u201cretroactively\u201d comes at the end of a process of judgment concerning the nature and extent of the change in the law and the degree of connection between the operation of the new rule and a relevant past event.... [Fjamil-iar considerations of fair notice, reasonable reliance, and settled expectations offer sound guidance.\nId. at 269-70, 114 S.Ct. 1483. The question here, therefore, is whether the change in law \u201coperate[d] retrospectively\u201d with regard to Ms. Lloyd\u2019s injury, or whether it operated only prospectively, by reference to her retirement date. See, e.g., Fernandez-Vargas v. Gonzales, 548 U.S. -, -, 126 S.Ct. 2422, 2432, 165 L.Ed.2d 323 (2006) (\u201cThus, it is the conduct of remaining in the country after entry that is the predicate action; the statute applies to stop an indefinitely continuing violation that the alien himself could end at any time by voluntarily leaving the country. It is therefore the alien\u2019s choice to continue his illegal presence, after illegal reentry and after the effective date of the new law, that subjects him to the new and less generous legal regime, not a past act that he is helpless to undo up to the moment the Government finds him out.\u201d).\nWe hold the Director\u2019s decision to be reasonable as applied under the circumstances here. Ms. Lloyd\u2019s retirement benefits remained uncertain until the date of her retirement. Any offset to be taken by Giant was not a \u201csettled transaction\u201d when the statute was amended because Ms. Lloyd had not yet retired. See General Motors Corp. v. Romein, 503 U.S. 181, 191, 112 S.Ct. 1105, 117 L.Ed.2d 328 (1992). It was Giant\u2019s choice to offer its early retirement package after the Council had already passed the new statute. The fact that an injury occurring years ago affected the transaction is not enough to make the law retroactive. See Landgraf, supra, 511 U.S. at 269 n. 24, 114 S.Ct. 1483 (\u201cEven uncontroversially prospective statutes may unsettle expectations and impose burdens on past conduct: a new property tax or zoning regulation may upset the reasonable expectations that prompted those affected to acquire property; a new law banning gambling harms the person who had begun to construct a casino before the law\u2019s enactment or spent his life learning to count cards.\u201d).\nWe do not find the District\u2019s interpretation of the statute to be impermissibly retroactive. Because we find application of the statute as it existed at the time of the employee\u2019s retirement to be a reasonable interpretation of the statute, we must defer to the Director\u2019s decision. See Mushroom Transp. v. District of Columbia Dep\u2019t of Employment Servs., 761 A.2d 840, 842 (D.C.2000) (holding that \u201cthis court defers to an administrative agency\u2019s interpretation of the statute that it administers if that interpretation is a reasonable one in light of the language of the statute and its legislative history....\u201d). For this reason, Giant\u2019s petition for review is\nDenied.\n. It appears from the face of the opinion, however, that the Director ruled the controlling date is not the date of retirement but the date of payment. Lloyd v. Giant Foods, Inc., Dir. Dkt. No. 03-70, OHA No. 97-110E, OWC Nos. 501519, 230297, 165731, at 6 (\"Therefore, as of April 16, 1999, an employer is not permitted to take the statutory offset for monies identified in the D.C. Official Code \u00a7 32-1508(9) [formerly \u00a7 36-308(9)] that an injured worker receives after April 16, 1999.\u201d). Thus, under the Director\u2019s rule, no employer is entitled to an offset for payments made after the effective date. The Director rejected the argument that such a rule is retroactive in nature, reasoning that a retroactive rule would entitle claimants to recover from employers which had offset payments received before April 16, 1999. Id. We take no position on this aspect of the Director\u2019s opinion, but confine our review to the situation of Ms. Lloyd, who retired after the Council repealed the provision. We note that in subsequent cases, the Compensation Review Board has interpreted the Director's decision in this case to mean that the offset does not apply to permanently disabled employees who applied for Social Security benefits after the Council repealed the provision. See Oubre v. A.A. Beiro Constr. Co., AHD No. 85-276B, OWC No. 56181, 2005 DC Wrk. Comp. Lexis 362 (Dec. 29, 2005), aff'd, CRB No. 06-26, 2006 WL 1766673, 2006 DC Wrk. Comp. Lexis 200 (May 3, 2006); Giardina v. Hillwood Museum, OHA No. 93-61 IF, OWC No. 250354, 2004 DC Wrk. Comp. Lexis 267 (Nov. 10, 2004), aff'd, CRB (Dir.Dkt.) No. 05-16, 2006 WL 2041509, 2006 DC Wrk. Comp. Lexis 243 (June 22, 2006).\n. We are furthermore unmoved by Giant\u2019s arguments against \u201cdouble recovery.\u201d In repealing \u00a7 36-308(9), the Council clearly intended to allow what Giant characterizes as \"double recovery\u201d for, at the very least, inju-r\u00edes occurring after April 16, 1999. Giant's policy arguments against such a system apply with equal force to injuries old and new. We therefore decline to address policy arguments which do not specifically target injuries occurring before April 16, 1999.\n. Because we are affirming the Director\u2019s decision narrowly on the facts of this case, we also decline to address Ms. Lloyd's cross-petition seeking broad application of the new statute.",
        "type": "majority",
        "author": "KRAMER, Associate Judge:"
      }
    ],
    "attorneys": [
      "Kevin J. O\u2019Connell, with whom Emily C. Hvizdos, was on the brief, for petitioners.",
      "Laura V. Farthing, for cross-petitioner.",
      "Donna M. Murasky, Senior Assistant Attorney General, with whom Robert J. Spagnoletti, Attorney General at the time the brief was filed, Todd S. Kim, Solicitor General, and Edward E. Schwab, Deputy Attorney General, were on the brief, for respondent."
    ],
    "corrections": "",
    "head_matter": "GIANT FOOD, INC. and Lumbermen\u2019s Mutual Casualty Company, Petitioners, and Lula M. Lloyd, Cross-Petitioner v. DISTRICT OF COLUMBIA DEPARTMENT OF EMPLOYMENT SERVICES, Respondent.\nNos. 04-AA-1337, 04-AA-1374.\nDistrict of Columbia Court of Appeals.\nArgued Jan. 5, 2007.\nDecided Sept. 11, 2007.\nKevin J. O\u2019Connell, with whom Emily C. Hvizdos, was on the brief, for petitioners.\nLaura V. Farthing, for cross-petitioner.\nDonna M. Murasky, Senior Assistant Attorney General, with whom Robert J. Spagnoletti, Attorney General at the time the brief was filed, Todd S. Kim, Solicitor General, and Edward E. Schwab, Deputy Attorney General, were on the brief, for respondent.\nBefore KRAMER, FISHER and THOMPSON, Associate Judges.\nThe decision in this case was originally issued as an unpublished Memorandum Opinion and Judgment. At the request of the respondent, it is being published as an opinion."
  },
  "file_name": "0921-01",
  "first_page_order": 959,
  "last_page_order": 962
}
