{
  "id": 8375816,
  "name": "CASINO FREE PHILADELPHIA, The Multi-Community Alliance, Barbara Dowdall, Georjean Brinkley, Neighbors Allied For The Best Riverfront, Joanne and Paul Sherman, Edward Verrall, Northern Liberties Neighbors Association, Deborah Rudman, R & K Standard, Inc. d/b/a Standard Tap and Manpants, LLC d/b/a Johnny Brenda's Tavern, Petitioners v. PENNSYLVANIA GAMING CONTROL BOARD, Respondent and HSP Gaming, LP, Intervenor",
  "name_abbreviation": "Casino Free Philadelphia v. Pennsylvania Gaming Control Board",
  "decision_date": "2007-11-21",
  "docket_number": "",
  "first_page": "1249",
  "last_page": "1254",
  "citations": [
    {
      "type": "official",
      "cite": "934 A.2d 1249"
    }
  ],
  "court": {
    "name_abbreviation": "Pa.",
    "id": 8832,
    "name": "Supreme Court of Pennsylvania"
  },
  "jurisdiction": {
    "id": 6,
    "name_long": "Pennsylvania",
    "name": "Pa."
  },
  "cites_to": [
    {
      "cite": "523 Pa. 347",
      "category": "reporters:state",
      "reporter": "Pa.",
      "case_ids": [
        1820355
      ],
      "weight": 3,
      "year": 1989,
      "pin_cites": [
        {
          "page": "636"
        }
      ],
      "opinion_index": 0,
      "case_paths": [
        "/pa/523/0347-01"
      ]
    },
    {
      "cite": "877 A.2d 383",
      "category": "reporters:state_regional",
      "reporter": "A.2d",
      "case_ids": [
        8955235,
        687750,
        687765,
        687766,
        8955098,
        8955131
      ],
      "weight": 5,
      "year": 2005,
      "pin_cites": [
        {
          "parenthetical": "\"PAGE\""
        },
        {
          "page": "416-17"
        },
        {
          "page": "419"
        },
        {
          "page": "419",
          "parenthetical": "emphasis supplied"
        }
      ],
      "opinion_index": 0,
      "case_paths": [
        "/a2d/877/0383-03",
        "/pa/583/0274-02",
        "/pa/583/0274-01",
        "/pa/583/0275-01",
        "/a2d/877/0383-01",
        "/a2d/877/0383-02"
      ]
    },
    {
      "cite": "583 Pa. 275",
      "category": "reporters:state",
      "reporter": "Pa.",
      "case_ids": [
        687766
      ],
      "year": 2005,
      "pin_cites": [
        {
          "parenthetical": "\"PAGE\""
        }
      ],
      "opinion_index": 0,
      "case_paths": [
        "/pa/583/0275-01"
      ]
    },
    {
      "cite": "877 A.2d 383",
      "category": "reporters:state_regional",
      "reporter": "A.2d",
      "case_ids": [
        8955235,
        687750,
        687765,
        687766,
        8955098,
        8955131
      ],
      "weight": 2,
      "year": 2005,
      "pin_cites": [
        {
          "parenthetical": "\"PAGE\""
        },
        {
          "page": "419"
        }
      ],
      "opinion_index": 1,
      "case_paths": [
        "/a2d/877/0383-03",
        "/pa/583/0274-02",
        "/pa/583/0274-01",
        "/pa/583/0275-01",
        "/a2d/877/0383-01",
        "/a2d/877/0383-02"
      ]
    },
    {
      "cite": "583 Pa. 275",
      "category": "reporters:state",
      "reporter": "Pa.",
      "case_ids": [
        687766
      ],
      "year": 2005,
      "pin_cites": [
        {
          "parenthetical": "\"PAGE\""
        }
      ],
      "opinion_index": 1,
      "case_paths": [
        "/pa/583/0275-01"
      ]
    }
  ],
  "analysis": {
    "cardinality": 841,
    "char_count": 16495,
    "ocr_confidence": 0.738,
    "pagerank": {
      "raw": 4.03580807328026e-08,
      "percentile": 0.20321068911739643
    },
    "sha256": "69f42cdc0ba1334fc1edb01385f9cb9badd759fe87b730e47a2260e0fd60aab5",
    "simhash": "1:760440b3cf4d4c62",
    "word_count": 2500
  },
  "last_updated": "2024-02-27T23:29:18.944022+00:00",
  "provenance": {
    "date_added": "2019-08-29",
    "source": "Harvard",
    "batch": "2018"
  },
  "casebody": {
    "judges": [
      "BEFORE: CAPPY, C.J., CASTILLE, SAYLOR, EAKIN, BAER, BALDWIN and FITZGERALD, JJ."
    ],
    "parties": [
      "CASINO FREE PHILADELPHIA, The Multi-Community Alliance, Barbara Dowdall, Georjean Brinkley, Neighbors Allied For The Best Riverfront, Joanne and Paul Sherman, Edward Verrall, Northern Liberties Neighbors Association, Deborah Rudman, R & K Standard, Inc. d/b/a Standard Tap and Manpants, LLC d/b/a Johnny Brenda\u2019s Tavern, Petitioners v. PENNSYLVANIA GAMING CONTROL BOARD, Respondent and HSP Gaming, LP, Intervenor."
    ],
    "opinions": [
      {
        "text": "OPINION\nChief Justice CAPPY.\nThis matter raises a challenge to a subsection of the Pennsylvania Race Horse Development and Gaming Act (\u201cGaming Act\u201d), 4 Pa.C.S. \u00a7 1101 et seq. Petitioners filed an Application for Leave to File Petition in the Nature of a Complaint Seeking Declaratory Judgment and Injunctive Relief (\u201cApplication\u201d). Via an order dated May 10, 2007, we directed that this matter be submitted on briefs. For the reasons that follow, we deny Petitioners\u2019 request for injunctive relief as moot and deny their request for declaratory relief on its merits.\nPetitioners are civic organizations, businesses and individuals who either reside or conduct- business in Philadelphia. Petitioners specifically note that they are not challenging any particular decision of the Gaming Control Board (\u201cBoard\u201d). See Petitioners\u2019 Brief at 2. Rather, they launch a facial constitutional challenge against 4 Pa.C.S. \u00a7 1102. Accordingly, this matter arises in this Court\u2019s original jurisdiction. 4 Pa.C.S. \u00a7 1904 (Pennsylvania Supreme Court has exclusive jurisdiction \u201cto hear any challenges to or to enter a declaratory judgment concerning the constitutionality of [the Gaming Act].\u201d)\nPetitioners\u2019 constitutional challenge to 4 Pa.C.S. \u00a7 1102 does not encompass the entirety of that provision but rather focuses on Section 1102(10). This subsection states that \u201c[t]he public interest of the citizens of this Commonwealth and the social effect of gaming shall be taken into consideration in any decision or order made pursuant to this part.\u201d Petitioners assert that this subsection violates Article II, \u00a7 1 of the Pennsylvania Constitution (\u201cthe anti-delegation clause\u201d). The anti-delegation clause provides that \u201c[t]he legislative power of this Commonwealth shall be vested in a General Assembly, which shall consist of a Senate and a House of Representatives.\u201d Pa. Const, art. II, \u00a7 1. Petitioners claim that Section 1102(10) violates this constitutional provision because the Legislature did not include any standards by which the Board is to evaluate the social effects of gaming.\nIn support of this argument, Petitioners rely heavily on our decision in Pennsylvanians Against Gambling Expansion Fund v. Commonwealth, 583 Pa. 275, 877 A.2d 383 (2005) (\u201cPAGE\u201d). PAGE, in pertinent part, considered a constitutional challenge to 4 Pa.C.S. \u00a7 1506. At the time PAGE was decided, Section 1506 provided that the siting of a gaming facility\nshall not be prohibited or otherwise regulated by any ordinance, home rule charter provision, resolution, rule or regulation of any political subdivision or any local or State instrumentality or authority that relates to zoning or land use to the extent that the licensed facility has been approved by the board.\n4 Pa.C.S. \u00a7 1506. Petitioners in PAGE argued that Section 1506 constituted a violation of the anti-delegation clause because it did not provide guidance to the Board as to how the Board was to make zoning determinations. The Board, which was a respondent in PAGE, countered that the policies and objectives listed by the Legislature in 4 Pa.C.S. \u00a7 1102 as well as standards provided in other sections in the Gaming Act sufficiently funneled the Boards discretion with regard to zoning. PAGE, 877 A.2d at 416-17. We rejected the Boards argument. While we acknowledged that \u201cthe eligibility requirements and additional criteria guide the Board\u2019s discretion in determining whether to approve a licensee, we find that they do not provide adequate standards upon which the Board may rely in considering the local zoning and land use provisions for the site of the facility itself.\u201d Id. at 419. We thus declared 4 Pa.C.S. \u00a7 1506 to be unconstitutional and severed it from the Gaming Act. We also observed that this declaration of unconstitutionality \u201cis obviously without prejudice to the Legislature\u2019s ability to cure the defects, via subsequent amendments that are consistent with this opinion.\u201d Id\nPAGE, in turn, built on a long line of cases interpreting the anti-delegation clause. One of the seminal decisions with regard to this area of the law is Blackwell v. State Ethics Comm\u2019n, 523 Pa. 347, 567 A.2d 630 (1989). In Blackwell, we stated that \u201cthe Legislature cannot constitutionally delegate the power to make law to any other branch of government or to any other body or authority.\u201d Blackwell, 567 A.2d at 636. \u2018While the General Assembly may, with adequate standards and guidelines, constitutionally delegate the power and authority to execute or administer a law, the prohibition against delegation of \u2018legislative power\u2019 requires that the basic policy choices be made by the General Assembly.\u201d Id. at 637 (emphasis in the original). Blackwell spoke in terms of \u201cbasic policy choices\u201d. The decision in no fashion required the Legislature to provide a detailed how-to manual within each and every legislative act.\nPetitioners argue that Section 1102(10) provides no guidance to the Board. Thus, they assert, per PAGE, we should strike Section 1102(10) as violative of the anti-delegation clause. We reject this argument and find that Section 1102 does not violate the anti-delegation clause. Petitioners, by isolating the \u201csocial effect\u201d language from the rest of Section 1102, attempt to portray the Legislature as having given scant direction to the Board to execute or administer its responsibilities. This blinkered reading of Section 1102 produces a false picture. The statute lists nearly a dozen different policies and objectives that the Board should consider, one of which is the social effect provision; this does not constitute legislation that confers carte blanche legislative power on an administrative agency to declare basic policy questions. To the contrary, it shows a significant channeling of discretion. Furthermore, there is nothing in the anti-delegation clause that would require an exhaustive definition of each of these eleven purposes and objectives. The Legislature is not constitutionally required to micromanage the administrative agencies it creates.\nIn addition, we do not find that PAGE in particular offers support for Petitioners position. PAGE did not herald a new, broader reading of the anti-delegation clause. Rather, it represented an application of an established standard, namely, that basic policy choices must be made by the Legislature. In PAGE, it was not simply that an isolated phrase or subsection of the zoning provision was ill-defined; instead, the entire zoning provision was particularly amorphous. Furthermore, PAGE in no fashion opened the door to anti-delegation clause attacks on the Gaming Act in particular. In fact, we clearly limited PAGE. As stated supra, the PAGE Court considered the Board\u2019s argument that provisions such as Section 1102 provided sufficient guidance to the Board\u2019s Section 1506 decision making process. We agreed in a limited fashion with the Board\u2019s argument, stating that indeed \u201cthe eligibility requirements and additional criteria guide the Board\u2019s discretion in determining whether to approve a licensee. ...\u201d PAGE, 877 A.2d at 419 (emphasis supplied). Yet, the PAGE Court found that the guidance provided in Section 1102 and other provisions could not save the wholly separate zoning provision of Section 1506 from violating the anti-delegation clause. Id. Such language certainly does not serve as an indication that the Gaming Act is rife with violations of the anti-delegation clause.\nAccordingly, Petitioners\u2019 request for in-junctive relief is denied as moot and Petitioners\u2019 request for a declaration that 4 Pa.C.S. \u00a7 1102(10) is unconstitutional is denied.\nJustices CASTILLE, EAKIN and BAER, BALDWIN and FITZGERALD join the opinion.\nJustice SAYLOR files a concurring opinion.\n. In their Application, Petitioners requested that we grant injunctive relief in the nature of staying the Gaming Control Board\u2019s decision-making process with regard to Class 2 licenses, licenses that authorize the placement and operation of slot machines in stand-alone facilities. See 4 Pa.C.S. \u00a7 1304. Shortly after Petitioners filed their Application, and prior to our order directing that this matter be submitted on briefs, the Gaming Control Board issued its Adjudications with regard to all Class 2 licenses in the Commonwealth. Accordingly, Petitioners' request that we enjoin the Gaming Control Board from issuing any determinations with regard to the Class 2 licenses is denied as moot.\n. Even though Petitioners commence their brief by observing that this is a facial challenge and that they are not attacking the propriety of any particular decision, they disregard that limitation in subsequent portions of their brief. Throughout their brief, Petitioners raise specific challenges to various Board decisions. See, e.g., Petitioners\u2019 brief at 8-9 (arguing that in awarding a Philadelphia gaming license to SugarHouse, the Board acted improperly when it \u201cdid not make any specific findings regarding the potential negative ..., nor did it make any explicit comparisons between the proposals regarding the factors relating to such negative social effects....\u201d); Petitioner\u2019s brief at 14, 15-16 nn. 3 and 4 (asserting that Board failed to consider social effects in awarding Philadelphia gaming licenses). Such case-specific challenges are inappropriate in a declaratory judgment matter that raises a facial constitutional challenge. Accordingly, we will not address these arguments.\n. 4 Pa.C.S. \u00a7 1102 provides that:\nThe General Assembly recognizes the following public policy purposes and declares that the following objectives of the Commonwealth are to be served by this part:\n(1) The primary objective of this part to which all other objectives and purposes are secondary is to protect the public through the regulation and policing of all activities involving gaming and practices that continue to be unlawful.\n(2) The authorization of limited gaming by the installation and operation of slot machines as authorized in this part is intended to enhance live horse racing, breeding programs, entertainment and employment in this Commonwealth.\n(3) The authorization of limited gaming is intended to provide a significant source of new revenue to the Commonwealth to support property tax relief, wage tax reduction, economic development opportunities and other similar initiatives.\n(4) The authorization of limited gaming is intended to positively assist the Commonwealth\u2019s horse racing industry, support programs intended to foster and promote horse breeding and improve the living and working conditions of personnel who work and reside in and around the stable and backside areas of racetracks.\n(5) The authorization of limited gaming is intended to provide broad economic opportunities to the citizens of this Commonwealth and shall be implemented in such a manner as to prevent possible monopolization by establishing reasonable restrictions on the control of multiple licensed gaming facilities in this Commonwealth.\n(6) The authorization of limited gaming is intended to enhance the further development of the tourism market throughout this Commonwealth, including, but not limited to, year-round recreational and tourism locations in this Commonwealth.\n(7) Participation in limited gaming authorized under this part by any licensee or permittee shall be deemed a privilege, conditioned upon the proper and continued qualification of the licensee or permittee and upon the discharge of the affirmative responsibility of each licensee to provide the regulatory and investigatory authorities of the Commonwealth with assistance and information necessary to assure that the policies declared by this part are achieved.\n(8) Strictly monitored and enforced control over all limited gaming authorized by this part shall be provided through regulation, licensing and appropriate enforcement actions of specified locations, persons, associations, practices, activities, licensees and permittees.\n(9) Strict financial monitoring and controls shall be established and enforced by all licensees or permittees.\n(10) The public interest of the citizens of this Commonwealth and the social effect of gaming shall be taken into consideration in any decision or order made pursuant to this part.\n(11) It is necessary to maintain the integrity of the regulatory control and legislative oversight over the operation of slot machines in this Commonwealth; to prevent the actual or appearance of corruption that may result from large campaign contributions; ensure the bipartisan administration of this part; and avoid actions that may erode public confidence in the system of representative government.\n. Subsequent to PAGE, the Legislature amended Section 1506. See Act 2006-135, amendment effective November 1, 2006. In their brief to this Court, Petitioners seem to argue that we should now invalidate the amended Section 1506. Apparently, Petitioners believe that the Legislature failed to comply with our PAGE directives when it amended Section 1506 and would have us declare the second version of that statut\u00e9 in violation of Article II, \u00a7 1 of the Pennsylvania Constitution. Petitioners raised no constitutional challenge to Section 1506 in their Application; accordingly, we will not address this putative issue.",
        "type": "majority",
        "author": "Chief Justice CAPPY."
      },
      {
        "text": "Justice SAYLOR\nconcurring.\nI agree with the majority that Section 1102(10) of the Gaming Act, in and of itself, does not represent an unconstitutional delegation of legislative authority. I also agree that various challenges raised by Petitioners are outside the proper scope of the present proceeding invoking this Court\u2019s jurisdiction under Section 1904 of the Gaming Act, 4 Pa.C.S. \u00a7 1904, which concerns constitutional challenges to provisions of that act. On the non-delegation question, however, my reasoning is as follows.\nI regard the social effects of land development as a subset of the concerns of traditional zoning regulation. See e.g., 53 P.S. \u00a7 10105 (reflecting the General Assembly\u2019s purpose, in enacting a comprehensive Municipalities Planning Code governing, inter alia, comprehensive planning and zoning matters, to \u201cprotect and promote safety, health and morals\u201d). Thus, I believe that Section 1102(10)\u2019s \u201csocial effects\u201d provision, see 4 Pa.C.S. \u00a7 1102(10), functioned in tandem with the initial legislative scheme investing in the Gaming Control Board the power to supplant local zoning and land use regulations which would affect the location of casinos. However, in light of the decision in Pennsylvanians Against Gambling Expansion Fund v. Commonwealth, 583 Pa. 275, 877 A.2d 383 (2005) (\u201cPAGE\u201d), which deemed this delegation unconstitutional as conferred, see id. at 335, 877 A.2d at 419, the statute may no longer be read as overriding existing local regulation. In my view, a delegation of discretion to select casino locations subject to local zoning and land use regulation is far more reserved than delegation of power to select locations in spite of local regulation. Thus, I believe that the delegation issue assumes lesser significance- in the post -PAGE landscape.",
        "type": "concurrence",
        "author": "Justice SAYLOR"
      }
    ],
    "attorneys": [
      "John James Grogan, Irv Ackelsberg, Langer & Grogan, P.C., Philadelphia, for Casino Free Philadelphia, petitioner.",
      "Kenneth Scott Roy, Office of Gen. Counsel, Howard Greeley Hopkirk, PA Office of Atty. Gen., for the Com. of PA, et al., respondents.",
      "Francis T. Donaghue, PA Gamming Control Bd., for PA Gamming Control Bd., respondent.",
      "Stephen David Sehrier, Obermayer Reb-mann Maxwell & Hippel, L.L.P., Cherry Hill, NJ, for Philadelphia Entertainment and Development Partners, L.P., amicus curiae.",
      "Jennifer M. McHugh, Stephen A. Cozen, F. Warren Jacoby, Cozen O\u2019Connor, West Conshohocken, for HSP Gaming, L.P., participant."
    ],
    "corrections": "",
    "head_matter": "CASINO FREE PHILADELPHIA, The Multi-Community Alliance, Barbara Dowdall, Georjean Brinkley, Neighbors Allied For The Best Riverfront, Joanne and Paul Sherman, Edward Verrall, Northern Liberties Neighbors Association, Deborah Rudman, R & K Standard, Inc. d/b/a Standard Tap and Manpants, LLC d/b/a Johnny Brenda\u2019s Tavern, Petitioners v. PENNSYLVANIA GAMING CONTROL BOARD, Respondent and HSP Gaming, LP, Intervenor.\nSupreme Court of Pennsylvania.\nSubmitted June 26, 2007.\nDecided Nov. 21, 2007.\nJohn James Grogan, Irv Ackelsberg, Langer & Grogan, P.C., Philadelphia, for Casino Free Philadelphia, petitioner.\nKenneth Scott Roy, Office of Gen. Counsel, Howard Greeley Hopkirk, PA Office of Atty. Gen., for the Com. of PA, et al., respondents.\nFrancis T. Donaghue, PA Gamming Control Bd., for PA Gamming Control Bd., respondent.\nStephen David Sehrier, Obermayer Reb-mann Maxwell & Hippel, L.L.P., Cherry Hill, NJ, for Philadelphia Entertainment and Development Partners, L.P., amicus curiae.\nJennifer M. McHugh, Stephen A. Cozen, F. Warren Jacoby, Cozen O\u2019Connor, West Conshohocken, for HSP Gaming, L.P., participant.\nBEFORE: CAPPY, C.J., CASTILLE, SAYLOR, EAKIN, BAER, BALDWIN and FITZGERALD, JJ.\n. Petitioners also named Governor Edward G. Rendell as a respondent. We directed that Governor Rendell be dismissed as a party to this action by the order dated 5/10/2007. Accordingly, Governor Rendell\u2019s name does not appear in the caption of this opinion."
  },
  "file_name": "1249-01",
  "first_page_order": 1287,
  "last_page_order": 1292
}
