{
  "id": 9272231,
  "name": "In re DANIELLE S.",
  "name_abbreviation": "In re Danielle S.",
  "decision_date": "2004-02-25",
  "docket_number": "",
  "first_page": "1148",
  "last_page": "1150",
  "citations": [
    {
      "type": "official",
      "cite": "844 A.2d 1148"
    },
    {
      "type": "parallel",
      "cite": "2004 ME 19"
    }
  ],
  "court": {
    "name_abbreviation": "Me.",
    "id": 9543,
    "name": "Maine Supreme Judicial Court"
  },
  "jurisdiction": {
    "id": 42,
    "name_long": "Maine",
    "name": "Me."
  },
  "cites_to": [
    {
      "cite": "2001 ME 138",
      "category": "reporters:neutral",
      "reporter": "ME",
      "case_ids": [
        9494916
      ],
      "weight": 2,
      "pin_cites": [
        {
          "page": "\u00b6 19"
        },
        {
          "page": "961-62"
        }
      ],
      "opinion_index": 0,
      "case_paths": [
        "/a2d/779/0957-01"
      ]
    },
    {
      "cite": "2002 ME 126",
      "category": "reporters:neutral",
      "reporter": "ME",
      "case_ids": [
        9405843
      ],
      "weight": 2,
      "pin_cites": [
        {
          "page": "\u00b6 23"
        },
        {
          "page": "981"
        }
      ],
      "opinion_index": 0,
      "case_paths": [
        "/a2d/802/0976-01"
      ]
    },
    {
      "cite": "568 A.2d 513",
      "category": "reporters:state_regional",
      "reporter": "A.2d",
      "case_ids": [
        7349250
      ],
      "weight": 2,
      "pin_cites": [
        {
          "page": "515"
        },
        {
          "page": "515"
        }
      ],
      "opinion_index": 0,
      "case_paths": [
        "/a2d/568/0513-01"
      ]
    },
    {
      "cite": "2002 ME 31",
      "category": "reporters:neutral",
      "reporter": "ME",
      "case_ids": [
        9473961
      ],
      "weight": 2,
      "pin_cites": [
        {
          "page": "\u00b64"
        },
        {
          "page": "99"
        }
      ],
      "opinion_index": 0,
      "case_paths": [
        "/a2d/791/0098-01"
      ]
    },
    {
      "cite": "2002 ME 159",
      "category": "reporters:neutral",
      "reporter": "ME",
      "case_ids": [
        11431652
      ],
      "weight": 3,
      "pin_cites": [
        {
          "page": "\u00b6\u00b6 14-15, 19"
        },
        {
          "page": "1250-51"
        }
      ],
      "opinion_index": 0,
      "case_paths": [
        "/a2d/809/1245-01"
      ]
    },
    {
      "cite": "684 A.2d 1306",
      "category": "reporters:state_regional",
      "reporter": "A.2d",
      "case_ids": [
        7366074
      ],
      "pin_cites": [
        {
          "page": "1316"
        }
      ],
      "opinion_index": 0,
      "case_paths": [
        "/a2d/684/1306-01"
      ]
    }
  ],
  "analysis": {
    "cardinality": 290,
    "char_count": 3895,
    "ocr_confidence": 0.681,
    "pagerank": {
      "raw": 1.3373731559256798e-07,
      "percentile": 0.6303886828923231
    },
    "sha256": "3465a90ec8c8e3ac609798ffa1d0f7ee1b3fb1db4decd64015a0745ddbd49684",
    "simhash": "1:b14ff7cf9a4c926d",
    "word_count": 643
  },
  "last_updated": "2024-02-27T19:39:59.515132+00:00",
  "provenance": {
    "date_added": "2019-08-29",
    "source": "Harvard",
    "batch": "2018"
  },
  "casebody": {
    "judges": [
      "Panel: CLIFFORD, RUDMAN, DANA, ALEXANDER, CALKINS, and LEVY, JJ."
    ],
    "parties": [
      "In re DANIELLE S."
    ],
    "opinions": [
      {
        "text": "CLIFFORD, J.\n[\u00b6 1] The father of Danielle S. appeals from a judgment entered in the District Court (Wiscasset, Westcott, J.) ordering, pursuant to 22 M.R.S.A. \u00a7 4055 (1992 & Supp.2003), that his parental rights to his daughter be terminated. The father contends that (1) the court acted beyond its discretion when it allowed the Department of Human Services to present additional testimony and evidence after the close of the termination hearing; (2) the court erred when it considered evidence of his relationship with another one of his children, who was not a party to the present case, as a basis for termination; and (3) the court\u2019s decision to terminate his parental rights was not supported by sufficient evidence. We are unpersuaded by the father\u2019s contentions, and we affirm the court\u2019s decision to terminate the father\u2019s parental rights as to Danielle S.\n[\u00b6 2] The reopening of evidence is governed by M.R. Civ. P. 43(j): \u201cA party who has rested cannot thereafter introduce further evidence except in rebuttal unless by leave of court.\u201d The trial court has discretion in determining whether a party may reopen its case after the close of the evidence. Glidden v. Belden, 684 A.2d 1306, 1316 (Me.1996). We have held that a court should reopen the evidence in a termination proceeding when there is evidence relevant to the issues in the case. In re Michaela C., 2002 ME 159, \u00b6\u00b6 14-15, 19, 809 A.2d 1245, 1250-51.\n[\u00b6 3] Evidence introduced at the termination hearing included testimony from several people that the father\u2019s ability to control his anger and impulsiveness was improving, and that his visitations with Danielle were going well. Evidence of the father\u2019s conduct during a visit with Danielle that took place on April 29, 2003, subsequent to the close of the termination hearing on April 7, 2003, rebuts the evidence that he was making progress controlling his anger. The evidence of that post-hearing visit was very relevant to Danielle\u2019s best interests, as well as to the father\u2019s ability to protect her from jeopardy and to take responsibility for her, and accordingly, to the court\u2019s determination of whether the father\u2019s parental rights should be terminated. The court acted within its discretion when it reopened the evidence to allow testimony about the father\u2019s recent supervised visit with Danielle. Id.\n[\u00b6 4] Furthermore, the District Court did not act beyond its discretion in considering, among other evidence, the circumstances surrounding the father\u2019s relationship with another daughter in deciding whether to terminate the father\u2019s parental rights as to Danielle. See In re Melissa T., 2002 ME 31, \u00b64, 791 A.2d 98, 99; see In re David W., 568 A.2d 513, 515 (Me.1990) (stating that a finding of jeopardy as to one child can be based on evidence of a parent\u2019s actions toward another child).\n[\u00b6 5] The record also supports the court\u2019s findings by clear and convincing evidence that the father is unable to protect Danielle from jeopardy and these circumstances are unlikely to change within a time which is reasonably calculated to meet Danielle\u2019s needs, In re David W., 568 A.2d at 515; that he is unable to take responsibility for Danielle within a time which is reasonably calculated to meet Danielle\u2019s needs, see In re Alana S., 2002 ME 126, \u00b6 23, 802 A.2d 976, 981; and that termination of his parental rights is in Danielle\u2019s best interest, see In re Frederick P., 2001 ME 138, \u00b6 19, 779 A.2d 957, 961-62.\nThe entry is:\nJudgment affirmed.",
        "type": "majority",
        "author": "CLIFFORD, J."
      }
    ],
    "attorneys": [
      "William F. Pagnano, Rockland, for appellant.",
      "G. Steven Rowe, Attorney General, Matthew Pollack, Asst. Attorney General, Augusta, for appellee.",
      "Harold Hainke, Whitefield, Guardian ad Litem.",
      "Thomas Berry, Boothbay Harbor, for mother."
    ],
    "corrections": "",
    "head_matter": "2004 ME 19\nIn re DANIELLE S.\nSupreme Judicial Court of Maine.\nSubmitted on Briefs: Jan. 13, 2004.\nDecided: Feb. 25, 2004.\nWilliam F. Pagnano, Rockland, for appellant.\nG. Steven Rowe, Attorney General, Matthew Pollack, Asst. Attorney General, Augusta, for appellee.\nHarold Hainke, Whitefield, Guardian ad Litem.\nThomas Berry, Boothbay Harbor, for mother.\nPanel: CLIFFORD, RUDMAN, DANA, ALEXANDER, CALKINS, and LEVY, JJ."
  },
  "file_name": "1148-01",
  "first_page_order": 1200,
  "last_page_order": 1202
}
