{
  "id": 6081274,
  "name": "In re Henry W. Reese",
  "name_abbreviation": "In re Reese",
  "decision_date": "1961-06-02",
  "docket_number": "No. 6660",
  "first_page": "1015",
  "last_page": "1023",
  "citations": [
    {
      "type": "official",
      "cite": "48 C.C.P.A. 1015"
    },
    {
      "type": "parallel",
      "cite": "290 F. 2d 839; 129 U.S.P.Q. 402"
    }
  ],
  "court": {
    "name_abbreviation": "C.C.P.A.",
    "id": 8989,
    "name": "United States Court of Customs and Patent Appeals"
  },
  "jurisdiction": {
    "id": 39,
    "name_long": "United States",
    "name": "U.S."
  },
  "cites_to": [
    {
      "cite": "129 USPQ 402",
      "category": "reporters:specialty",
      "reporter": "U.S.P.Q. (BNA)",
      "opinion_index": -1
    },
    {
      "cite": "290 F. 2d 839",
      "category": "reporters:federal",
      "reporter": "F.2d",
      "case_ids": [
        1992155
      ],
      "opinion_index": -1,
      "case_paths": [
        "/f2d/290/0839-01"
      ]
    },
    {
      "cite": "241 F. 2d 731",
      "category": "reporters:federal",
      "reporter": "F.2d",
      "case_ids": [
        417570,
        6078181
      ],
      "opinion_index": 0,
      "case_paths": [
        "/f2d/241/0731-01",
        "/ccpa/44-2/0764-01"
      ]
    },
    {
      "cite": "44 CCPA 764",
      "category": "reporters:specialty",
      "reporter": "C.C.P.A.",
      "case_ids": [
        6078181
      ],
      "weight": 2,
      "pin_cites": [
        {
          "page": "766"
        }
      ],
      "opinion_index": 0,
      "case_paths": [
        "/ccpa/44-2/0764-01"
      ]
    }
  ],
  "analysis": {
    "cardinality": 858,
    "char_count": 20976,
    "ocr_confidence": 0.463,
    "pagerank": {
      "raw": 1.1554159523239703e-07,
      "percentile": 0.5823789340614066
    },
    "sha256": "458c13a846bcfb7b1b14b939bd48a3971a3f48073f1553b0449d5de7d56fe9a1",
    "simhash": "1:f595f00877252cbb",
    "word_count": 3479
  },
  "last_updated": "2024-02-27T23:14:35.908289+00:00",
  "provenance": {
    "date_added": "2019-08-29",
    "source": "Harvard",
    "batch": "2018"
  },
  "casebody": {
    "judges": [
      "Before Worley, Chief Judge, and Rich, Martin, and Smith, Associate Judges, and Judge William H. Kirkpatrick"
    ],
    "parties": [
      "In re Henry W. Reese"
    ],
    "opinions": [
      {
        "text": "Smith, Judge,\ndelivered the opinion of the court:\nAppellant seeks reversal of the decision of the Board of Appeals, which affirmed the examiner and held that claims 39-42, all of the claims in the case, are unpatentable over the prior art, and for the further reason that the application is barred by some twenty years of what the examiner and the board found to be prior public use.\nThe invention disclosed in the instant application, Serial Number 392,980, filed November 18,1953, relates to improvements in a \u201cMedicinal Carrier.\u201d One form of the invention, said to be especially useful, is a tablet for insertion in the vaginal cavity where, upon disintegration of the tablet, a medicinal agent, which may also be a spermicide, is released.\nThe assignee of the present application is Fomos Laboratories, Inc. Applicant has been associated with Fomos Laboratories, Inc., since 1936, and his affidavits of record herein establish some of the historical background of the present invention. From the affidavits we find that Fomos Laboratories, Inc., has been making and selling vaginal tablets under the name \u201cFomos\u201d since 1932, and that the subject matter of the claims on appeal relates to asserted improvements in such tablets.\nThe affidavits also establish that the original \u201cFomos\u201d tablets were compounded from the same active ingredients as the tablet disclosed in the application before us, namely: sodium bicarbonate, boric acid, tartaric acid, a medicinal agent, a foaming agent, a wetting agent, filler, and a binder. These original tablets were intended to perform their function as carriers by dissolving upon contact with the moisture of the body cavity after which a reaction of the ingredients occurred resulting in the production of a gas-generated foam which carried the medicinal agent into contact with the walls of the body cavity.\nIt is asserted in the affidavits that in actual use, the original \u201cFomos\u201d tablets did not always function as intended. Complaints were received from users claiming that the tablet did not dissolve, and thus was useless. Even when the tablet did dissolve, users frequently complained of a burning sensation resulting from the reaction. Moreover, reports indicated that the tablets were stable for something less than six months.\nIt was discovered that even with a fresh tablet, frequently there was insufficient body moisture to dissolve the tablet and permit reaction of the ingredients. It also was found that the tablet did not dissolve as rapidly as desired. Variations in the amount of body moisture available to support the desired reactions were found to be a principal reason why varying results were obtained from fresh undeteriorated tablets.\nIn order to assure the desired operation of the old \u201cFomos\u201d tablets it was necessary to so compound them that they were readily reactive to small amounts of moisture. This resultsd in the production of relatively unstable tablets which had an undesirably short shelf life. The contact of water vapor from the air caused the boric acid and tartaric acid of the tablets to react and produce more water, which, in turn, caused further interreaction of the constituents of the tablet. That reaction, for practical purposes, resulted in the deterioration of the tablets while still in the supplier\u2019s stock.\nThe tablets here disclosed as an improvement on the original \u201cFomos\u201d tablets are asserted to have solved the problem of how to provide adequate moisture to facilitate the desired reaction under all conditions of use and yet to provide a tablet having an adequate shelf life. The tablets are said to be more sensitive to moisture under the conditions of use than were the original \u201cFomos\u201d tablets and thus are said to be readily disintegrated to ensure full and rapid reaction with whatever moisture is present in the body cavity. Yet the tablet of the present invention is said to be sufficiently insensitive to moisture prior to its use so that the shelf life was doubled over that of the old \u201cFomos\u201d tablets.\nApplicant has changed the proportions of boric acid, tartaric acid and sodium bicarbonate in the original \u201cFomos\u201d tablets to obtain the benefit of the water-producing reaction between the boric and tartaric acids. The water produced by this reaction together with the structure of the tablet are asserted to improve the solubility of the tablet.\nThe shelf life and stability of the tablet are asserted by applicant to result from the new tablet structure. Applicant separately coats each of the active ingredients of the tablet with different binders, and separately granulates such coated ingredients. After drying they are formed into a single tablet. Applicant uses methyl cellulose as a coating for the tartaric acid, to provide a moisture barrier to isolate the tartaric acid from both the boric and the solium bicarbonate. The sodium bicarbonate is coated with a foaming agent, and the boric acid is coated with a water solution of a common binder and the desired medicinal agent.\nSince the rejection on the ground of public use goes to all the claims and the other issues relating to patentability of the claims become moot if that rejection is sustained, we shall first consider that ground. The board\u2019s finding that the tablets defined in the claims of the instant application were \u201cin public use for twenty years prior to the filing date of the application,\u201d and were therefore not patentable under 35 U.S.0.102 (b), raises an issue of fact. The precise question is whether the evidence of record supports the finding of the board that there was public use or sale of the tablet claimed in the application prior to November 18, 1952. The only evidence of record before us is found in affidavits submitted by the applicant, which affidavits were directed primarily to the issue of utility which had been raised by the examiner. We shall review these affidavits in chronological sequence.\nOn January 17, 1955, Reuben Posner, one of the assignees of the instant application, and president of the other assignee, Fomos Laboratories, Inc., submitted an affidavit which contained the following paragraph:\nI annex to this application a true copy of a report made by the Planned Parenthood Federation of America, Inc. I state that the formula of the Fomos tablet mentioned in this report is exactly the same as the formula of the tablet in the application.\nIn that report, under the heading \u201cSTATEMENT OF BACKGROUND MATERIAL,\u201d is the following- statement:\nThe manufacturer reports that Fomos tablets have been used by physicians in private practice for twenty years.\nOn J anuary 2,1957, Posner submitted another affidavit, annexed to \u25a0which was an \u201cExhibit A,\u201d which appears to be the same report of the Planned Parenthood Federation of America that had been annexed to his affidavit of J anuary 17,1955. However, in his affidavit filed January 2,1957, Posner stated:\nThe \u201cFomos\u201d tablets mentioned in \u201cExhibit A\u201d are the tablets disclosed in this application, and are not the tablets previously manufactured under the name \u201cFomos\u2019\u2019 prior to November 18,1952.\nThe applicant Reese also submitted an affidavit on J anuary 2,1957. Reese distinguished between the \u201cFomos\u201d tablets of the application and those made and sold prior to November 18, 1952, and stated that the tablet disclosed in the application never was sold in the United States of America prior to November 18,1952. Reese also pointed out the differences between the \u201cFomos\u201d tablets sold in the United States prior to November 18,1952 and the tablets claimed in his application.\nOn October 3, 1957, attorneys for applicant filed an amendment in which they traversed the examiner\u2019s rejection on public use, stated that there was no such issue in the case, and explained that there are two tablets known as \u201cFomos\u201d tablets, the old tablets and those of the application. An affidavit signed by Reese on September 24, 1957 was attached. In that affidavit Reese again distinguished between the old \u201cFomos\u201d tablet which had been sold by Fomos Laboratories since 1934, and the \u201cFomos\u201d tablet of the application, the \u201cnew\u201d \u201cFomos\u201d tablet, which had not been sold or offered for sale prior to November 18, 1952. Reese expressly traverses the examiner\u2019s finding that the \u201cExhibit A\u201d statement about twenty years use by physicians referred to the \u201cFomos\u201d tablets of the application.\nThe examiner and the board in rejecting the application as being for an invention in public use or on sale more than one year prior to the filing date of the application (35 U.S.C. 102(b)), appear to rely mainly upon the Posner affidavit filed J anuary 2, 1957 and \u201cExhibit A,\u201d attached thereto, from which it is asserted that the applicant did not show that the examiner erred in finding such public use.\nWe find no reasonable basis for the finding that there was public use of the claimed tablets prior to November 18, 1952. If Posner\u2019s affidavit and the \u201cExhibit A\u201d are taken at face value, they constitute a factual contradiction, rather than an admission. It is impossible that the same tablet could have been in use for twenty years in 1954, and was never \u201cmanufactured * * * prior to November 18, 1952.\u201d Taken at face value the affidavit and \u201cExhibit A\u201d seem to make these contradictory assertions. It is only by ignoring the second half of the sentence in Posner\u2019s affidavit that the Patent Office tribunals were able to construe the affidavit and \u201cExhibit A\u201d as an admission of prior public use.\nThe brief on behalf of the Commissioner of Patents criticizes the affidavits submitted saying, \u201cNone of the affidavits includes a statement purporting to establish that the claimed tablets were not in use as opposed to being sold prior to November 18, 1952.\u201d We think this position is not warranted. The clear implication is that tablets could not be in use prior to their manufacture.\nEven if the affidavit and exhibit could be construed as such an admission, such an admission is contra to the positive averment made by Reese in the oath accompanying the application. The evidence submitted subsequently seems to us to clearly support the position of Reese and not to support the position of the board. The board seems to have relied upon the alleged failure of the applicant to respond to the examiner\u2019s rejection, and indicates that applicant failed to state that the tablet of the application had never been used before November 18, 1952, and was equivocal with respect to the matter of sales prior to that date.\nWe do not find satisfactory support in the record for the board\u2019s position. The applicant repeatedly stated under oath that the tablets had not been sold prior to the critical date. There is nothing equivocal in those averments. In applicant\u2019s affidavit filed on January 2, 1957, each of the novel features relied upon is set forth and applicant stated under oath that each of them had never been used before the critical date. Again, these averments are completely unequivocal. While the board was correct in noting that applicant is an interested party, and while that interest should be taken into account in weighing the evidence, it is not enough, alone, to support a conclusion that he perjured himself in swearing there had been neither use nor sale of the improved tablets prior to the critical date.\nFinding, as we do, that there never was an admission of use or sale prior to the critical date, and that the confusion created in the record by the language of \u201cExhibit A\u201d was subsequently clarified, we reverse the rejection by the board based upon a finding of public use.\nThe other ground of rejection by the board is based on finding of obviousness of the claimed invention over the prior art. (35 U.S.C. 103.) The issue thus presented is whether the differences between the subject matter sought to be patented and the prior art are such that the subject matter as a whole would have been obvious at the time the invention was made to a person having ordinary skill in the art to which said subject matter pertains.\nClaim 39 is as follows:\n39. A dry vaginal tablet wbicb is soluble in water; said tablet consisting substantially wholly of dry granulated sodium bicarbonate which is coated with a foaming agent; and dry granulated tartaric acid which is coated with methyl cellulose which is resistant to water vapor; and dry granulated ortho-boric acid which is intermixed with a medicinal agent in a non-toxic level of said medicinal agent; and a filler; and a wetting agent; said tablet having substantially equal ratios by dry weight of said dry granulated tartaric acid and of said dry granulated ortho-boric acid, the total weight of said dry granulated tartaric acid and of said dry granulated ortho-boric acid being substantially 52% of the weight of said tablet; the total dry weight of said granulated sodium bicarbonate and said granulated tartaric acid and said granulated ortho-boric acid being substantially 84% of the weight of said tablet.\nClaim 39, while setting forth the proportion of ingredients defines the assertedly new structure of the tablet. Claim 40 is dependent upon claim 39, differing from the latter only in limiting the medicinal agent to a spermicide.\nClaim 41 is as follows:\n41. A water-soluble dry vaginal tablet which consists of sodium bicarbonate, tartaric acid, ortho-boric acid, a filler, a wetting agent, and a medicinal agent in a non-toxic level of said medicinal agent; substantially 84% by weight of said tablet consisting of sodium bicarbonate, tartaric acid and ortho-boric acid; said tablet having substantially equal weights of tartaric acid and ortho-boric acid, the total weight of said tartaric acid and said ortho-boric acid being substantially 52% of the weight of said tablet.\nClaim 42 is dependent on claim 41, and like it, relies for novelty on the assertedly new proportions of the ingredients.\nThe references relied upon to support this rejection are as follows:\nCurtis, 2,382,546, Aug. 14, 1945.\nLebram (Br.), 11,601, Nov. 2, 1905.\nGutman, Modern Drug Encyclopedia and Therapeutic Guide, N.Y. (1934) page 446.\nDickinson, Control of Conception, Williams and Wilkins Co., Baltimore, Md., 2d Ed (1938) pages 7L-75.\nLesser, Drug and Cosmetic Industry, Vol. 62, No. 6 (June 1948), pages 750-751.\nThe Gutman reference discloses the ingredients of the old \u201cTomos\u201d tablet. However, Gutman is silent as to the proportion of the ingredients used and as to the structure of the tablet.\nThe Curtis patent is relied upon for showing that a greater degree of dissociation of boric acid may be achieved by adding to the mixture tartaric acid, which increases the H ion concentration of the mixture by the formation of complex, highly ionizable substances. It was concluded by the examiner and the board that Curtis taught that the reaction between boric acid and tartaric acid had long been known to increase the solubility of the two acids.\nThe Dickinson publication, \u201cControl of Conception,\u2019\u2019 refers to the known spermicidal effectiveness of the medicinal agents, hydroquinone and oxyquinoline sulfate, which applicant discloses. However, since applicant disclaims any reliance upon the specific spermicides used, we see no occasion to apply this reference.\nThe Lebram British patent issued in 1905 relates to an improvement in effervescent mineral baths. It appears from this reference to have been common practice to make mineral baths effervescent by adding a dilute, weak acid to them, and then pouring sodium bicarbonate into the solution. However, frequently the reaction was undesirably violent. Lebram sought to control the reaction by coating the bicarbonate with a water soluble gum or resin. Thus the reaction was inhibited by the film of gum or resin which had to dissolve before the reagents could come into contact.\nThe Lesser article describes the use of methyl cellulose as a binder for aspirin tablets. Comparative tests with other binders ranked methyl cellulose first as to sieving, compression and disintegration, equalled only by a gum Karaya mucilage. As to disintegration, methyl cellulose compared favorably with starch because it absorbed water to produce an explosive type of disintegration.\nAs pointed out by the board, and as shown by the record here, claims 41 and 42 cover no more than what applicant asserts to be optimum quantities of each of Gutman\u2019s three principal ingredients to achieve a stated result. Since the result sought and the ingredients used were known, we agree with the board it was within the expected skills of one having ordinary skill in this art to arrive at the optimum proportion of those ingredients. The knowledge that boric acid would react with tartaric acid tells such a person that an optimum ratio exists. In view of the prior art teachings we agree with the conclusion that the proportions of ingredients would have been obvious to a person having ordinary skill in the art at the time the invention as claimed in claims 41 and 42 was made. Since the improved results alleged by applicant resulted from experimentation of an obvious nature and were nothing more than one would expect, they may not be relied upon to warrant the allowance of claims 41 and 42. \u201cIt has been repeatedly held that a patent should not be granted for an applicant\u2019s discovery of a result which would flow naturally from the teachings of the prior art.\u201d In re Tanczyn, 44 CCPA 764, 766, 241 F. 2d 731, 112 USPQ 483.\nTherefore, as to claims 41 and 42, which distinguish the tablet over the prior art only by the recited proportions of ingredients and the designation of a spermicidal agent, we affirm the rejection by the Board of Appeals.\nClaim 39 and its dependent claim 40, differ from claims 41 and 42 in defining details of the structure of the tablet.\nThe board held that since the Lebram patent suggests coating the ingredients with a binder and the Lesser article suggests using methyl cellulose, that claims 39 and 40 are drawn to an obvious, hence un-patentable, composition. But we think it is clear that applicant is claiming neither the use of binders, as disclosed by Lebram, nor the use of methyl cellulose as a binder. Applicant\u2019s invention as claimed in claims 39 and 40 is a tablet which results from the separate moistening of the ingredients with a foaming agent, methyl cellulose and a gum binder respectively, and in the separate granulation and drying of each of the three ingredients of the tablet in such a manner that when they are compounded in the tablet by means of an additional binder they can interact under the conditions of intended use to achieve the purpose of the tablet. The tablets have a lengthened shelf life during which the ingredients are protected from vapor and interaction so that their initial properties are preserved and rendered effective when used.\nLebram teaches what has been done in the old \u201cFomos\u201d tablets for years, namely: to mix the dried, combined ingredients with a binder, which incidentally inhibited their desired reaction. Lesser teaches the use of methyl cellulose in place of the other binder resins suggested by Lebram. Applicant, on the other hand, has in our opinion, produce4 a novel combination which was unobvious to one of ordinary skill in the art. We therefore reverse the rejection of claims 39 and 40.\nThere remains one further matter to be disposed of. In his brief the solicitor states that applicant\u2019s assertion that \u201cthe sales of said prior \u2018Fomos\u2019 tablets dropped steadily\u201d was without support in the way of business records and other evidence. Whereupon applicant moved for leave to file a memorandum and affidavit to prove decrease in the sales of old \u201cFomos\u201d tablets on the ground that the solicitor had raised a new issue. The solicitor opposed the introduction of evidence which had not been before the Patent Office.\nThe solicitor\u2019s position on this point is well taken and applicant\u2019s motion is denied. No claims for the new \u201cFomos\u201d tablet can be allowed on the basis of the commercial failure of the old \u201cFomos\u201d tablet, and thus the additional evidence would not be pertinent to the issues here before the court.\nThe decision of the board is reversed as to its rejection of all claims on the ground of prior public use or sale and as to its rejection of claims 39 and 40. It is affirmed as to the rejection of claims 41 and 42 on the prior art.",
        "type": "majority",
        "author": "Smith, Judge,"
      }
    ],
    "attorneys": [
      "Alfred, M. Page and Blum, Moscovita, Friedman & Blum, for appellant. Clarence W. Moore (S. Wm. Cochran, of counsel) for the Commissioner of Patents."
    ],
    "corrections": "",
    "head_matter": "290 F. 2d 839; 129 USPQ 402\nIn re Henry W. Reese\n(No. 6660)\nUnited States Court of Customs and Patent Appeals,\nJune 2, 1961\nAlfred, M. Page and Blum, Moscovita, Friedman & Blum, for appellant. Clarence W. Moore (S. Wm. Cochran, of counsel) for the Commissioner of Patents.\n[Oral argument January 12, 1961, by Mr. Cochran; submitted on brief by appellant]\nBefore Worley, Chief Judge, and Rich, Martin, and Smith, Associate Judges, and Judge William H. Kirkpatrick\nUnited States Senior District Judge for the Eastern District of Pennsylvania, designated to participate in place of Judge O\u2019Connell, pursuant to provisions of Section 294(d), Title 28, United States Code."
  },
  "file_name": "1015-01",
  "first_page_order": 333,
  "last_page_order": 341
}
