{
  "id": 7340463,
  "name": "La Stanza Diva Ristorante, Inc. vs. Bank Three Realty Trust, and others",
  "name_abbreviation": "La Stanza Diva Ristorante, Inc. v. Bank Three Realty Trust",
  "decision_date": "2013-05-24",
  "docket_number": "",
  "first_page": "95",
  "last_page": "98",
  "citations": [
    {
      "type": "official",
      "cite": "2013 Mass. App. Div. 95"
    }
  ],
  "court": {
    "name_abbreviation": "Mass. App. Div.",
    "id": 15177,
    "name": "Massachusetts Appellate Division"
  },
  "jurisdiction": {
    "id": 4,
    "name_long": "Massachusetts",
    "name": "Mass."
  },
  "cites_to": [
    {
      "cite": "2003 Mass. App. Div. 98",
      "category": "reporters:state",
      "reporter": "Mass. App. Div.",
      "case_ids": [
        9295880
      ],
      "pin_cites": [
        {
          "page": "99"
        }
      ],
      "opinion_index": 0,
      "case_paths": [
        "/mass-app-div-annual/2003/0098-01"
      ]
    },
    {
      "cite": "2011 Mass. App. Div. 42",
      "category": "reporters:state",
      "reporter": "Mass. App. Div.",
      "case_ids": [
        7340960
      ],
      "pin_cites": [
        {
          "page": "45"
        }
      ],
      "opinion_index": 0,
      "case_paths": [
        "/mass-app-div-annual/2011/0042-01"
      ]
    },
    {
      "cite": "393 Mass. 287",
      "category": "reporters:state",
      "reporter": "Mass.",
      "case_ids": [
        894324
      ],
      "year": 1984,
      "pin_cites": [
        {
          "page": "289"
        }
      ],
      "opinion_index": 0,
      "case_paths": [
        "/mass/393/0287-01"
      ]
    },
    {
      "cite": "2002 Mass. App. Div. 190",
      "category": "reporters:state",
      "reporter": "Mass. App. Div.",
      "case_ids": [
        9384103
      ],
      "pin_cites": [
        {
          "page": "191"
        }
      ],
      "opinion_index": 0,
      "case_paths": [
        "/mass-app-div-annual/2002/0190-01"
      ]
    },
    {
      "cite": "2008 Mass. App. Div. 88",
      "category": "reporters:state",
      "reporter": "Mass. App. Div.",
      "case_ids": [
        8186929
      ],
      "pin_cites": [
        {
          "page": "89"
        }
      ],
      "opinion_index": 0,
      "case_paths": [
        "/mass-app-div-annual/2008/0088-01"
      ]
    },
    {
      "cite": "15 Mass. App. Ct. 553",
      "category": "reporters:state",
      "reporter": "Mass. App. Ct.",
      "case_ids": [
        5738769
      ],
      "year": 1983,
      "pin_cites": [
        {
          "page": "555"
        }
      ],
      "opinion_index": 0,
      "case_paths": [
        "/mass-app-ct/15/0553-01"
      ]
    },
    {
      "cite": "80 Mass. App. Ct. 909",
      "category": "reporters:state",
      "reporter": "Mass. App. Ct.",
      "case_ids": [
        3844520
      ],
      "year": 2011,
      "pin_cites": [
        {
          "page": "910"
        }
      ],
      "opinion_index": 0,
      "case_paths": [
        "/mass-app-ct/80/0867-01"
      ]
    }
  ],
  "analysis": {
    "cardinality": 560,
    "char_count": 10712,
    "ocr_confidence": 0.888,
    "pagerank": {
      "raw": 4.03580807328026e-08,
      "percentile": 0.1890905608782597
    },
    "sha256": "e92fb70e2ef21bb6934088e6e152f64a3e3823929c0010ac0443d19007967d54",
    "simhash": "1:edb2f53477f90cc4",
    "word_count": 1736
  },
  "last_updated": "2024-02-27T17:22:48.734828+00:00",
  "provenance": {
    "date_added": "2019-08-29",
    "source": "Harvard",
    "batch": "2018"
  },
  "casebody": {
    "judges": [
      "Present: Greco, P.J., Coven & Swan, JJ."
    ],
    "parties": [
      "La Stanza Diva Ristorante, Inc. vs. Bank Three Realty Trust, and others"
    ],
    "opinions": [
      {
        "text": "Coven, J.\nThe plaintiff is the former tenant of the defendants under a written lease for commercial property used by the plaintiff for a restaurant. The plaintiff brought this action for deceit, fraud, and breach of contract. The defendants were defaulted and damages were assessed in the amount of $35,000.00. Attorney\u2019s fees in the amount of $5,400.00 were also awarded. The defendants have appealed under Dist./Mun. Cts. R. A. D. A., Rule 8C, arguing that: (1) the default judgment was improperly entered and the defendants\u2019 motion to vacate the default judgment was improperly denied, (2) damages were not properly awarded because the plaintiff failed to prove damages, the judge failed to hold an evidentiary hearing, and no written findings were issued, and (3) the damages award was affected by the court\u2019s G.L.c. 239, \u00a74 rulings as to when an execution is levied upon in a summary process action.\nBefore proceeding to identify the issues raised in this appeal, we first address whether this appeal is properly before this Division. Procedurally, on January 30, 2012, the defendants were defaulted for failing to appear at a pretrial conference held by an assistant clerk-magistrate. A judgment in the amount of $11,170.14 was entered on the trial court docket on January 31, 2012. On March 8,2012, the defendants filed a motion to vacate the default judgment. Their motion was denied on March 15, 2012. Despite that action, an assessment of damages hearing was scheduled; and on August 9, 2012, a judge in a marginal note on a memorandum supporting plaintiff\u2019s request for an assessment of damages and award of attorney\u2019s fees, assessed damages in the amount of $35,000.00 and awarded $5,400.00 in attorney\u2019s fees. The assessment is not entered on the docket as a judgment.\nThe record demonstrates that the plaintiff\u2019s claim of damages was unliquidated. Therefore, a default judgment could not have been entered by the assistant clerk-magistrate, see Mass. R. Civ. R, Rule 55(b)(1), although a default could have been properly entered. See District Court Joint Standing Order 1.04, \u00a7IV(A). The scheduling of an assessment of damages hearing was apparently in recognition of this error. In effect, although the defendants\u2019 motion to vacate the default judgment that was entered on the action of the clerk-magistrate was docketed as denied, the court vacated the judgment, but allowed the default to stand.\n\"[A] judgment only exists when written on a separate paper and entered on the docket.\u201d Lindor v. McDonald\u2019s Restaurants of Mass., Inc., 80 Mass. App. Ct. 909, 910 (2011). See Mass. R. Civ. P., Rule 58. There has not been compliance with Rule 58. But \u201cto further the economical administration of justice, we will discuss the merits and leave it to the parties to arrange with the clerk of the [District] Court for entry of a proper judgment.\u201d Zoning Board of Appeals of Greenfield v. Housing Appeals Comm., 15 Mass. App. Ct. 553, 555 (1983).\nUnderlying this action is a prior summary process action. From our review of the record, it appears that in the summary process action, an agreement for judgment was entered into, and, based on asserted issues of noncompliance with the agreement, a writ of execution was issued. The defendants, who were the plaintiffs in the summary process action, had a constable levy on the execution. Essentially, on January 10,2010, the constable went to the premises and turned the contents of the property found therein over to the defendants. Nothing was removed by the constable.\nThe plaintiffs claims of deceit, fraud, and breach of contract in this case arise out of the actions taken by the defendants under the terms of the agreement for judgment that the parties entered into in the underlying summary process action. Of particular note in this action is the assertion by the plaintiff in its complaint that the defendants refused to allow the plaintiff access to the premises following the levy on the execution so that it could retrieve its business property and records.\nThe status of the property held by the defendants became a focused issue. A temporary restraining order was sought, a preliminary injunction was issued, and the defendants were found in contempt of the injunction order. Basic to the issuance of the injunction was a determination by the issuing judge that the defendants failed to comply with G.L.c. 239, \u00a74, when the constable upon levying on the execution turned the property that remained at the business location over to the defendants instead of having placed the property in a licensed public warehouse or storage facility.\nThe preliminary injunction was issued on July 23, 2010. On November 14, 2011 and January 30,2012, the defendants failed to appear for a scheduled pretrial conference. As discussed above, a default was entered upon the second failure to appear. On March 6, 2012, the defendants\u2019 motion to remove the default judgment was entered on the docket. In an affidavit accompanying the motion, defendant Sean Lahey stated that he had defended against the plaintiff\u2019s claim \u201cvigorously,\u201d \u201casserted counterclaims,\u201d and \u201cengaged in discovery.\u201d He asserted that the default judgment resulted from \u201cmiscommunications\u201d and a \u201cmisunderstanding\u201d between him and defense counsel. He further claimed \u201cvalid and meritorious defenses, affirmative defenses, and counterclaims.\u201d The affidavit and accompanying memorandum lack a factual basis for these assertions.\nThe record does not contain a transcription of what occurred at the August 9, 2012 damages assessment hearing. In their motion for reconsideration of the damages assessed, the defendants claim that, at the hearing, the \u201c [p]laintiff was obligated to introduce testimony and documentary evidence to prove its damages,\u201d and the \u201c[defendants were entitled to call witness [sic], to cross-examine Plaintiffs witness, and to admit documentary evidence.\u201d The defendants assert that, at the hearing, they brought to the judge\u2019s attention the failure of the plaintiff to comply with a subpoena to produce documents and requested the court to deny the assessment and award the plaintiff only $1.00 in damages because of its failure to comply with the subpoena request.\nThe denial of the defendants\u2019 motion to remove the default judgment was not error. As previously noted, the motion was allowed to the extent that the judgment was vacated and an assessment of damages hearing was scheduled. But on the record, there was no abuse of discretion in not removing the default. \u201c[D]efault removal may be properly predicated only upon the defendant\u2019s showing, preferably by affidavit, of \u2018good cause\u2019 for the default, prompt action by the defendant to vacate the default, and a meritorious defense to the plaintiff\u2019s claim.\u201d Evangelidis v. Cuevas, 2008 Mass. App. Div. 88, 89. \u201cAbare allegation of [a meritorious defense] will not suffice. There should be support in the form of affidavits or reference material.\u201d Carlson v. Silvia, 2002 Mass. App. Div. 190, 191.\nThe defendants failed to satisfy their burden. Assuming that their motion was timely filed, \u201cgood cause\u201d was not established through their conclusory statements of miscommunications or misunderstandings, nor did conclusory assertions that there existed valid and meritorious defenses, affirmative defenses, and counterclaims constitute a basis for relief. The decision on a motion to remove a default is in the sound discretion of the trial judge and will not be reversed on appeal unless there is an abuse of that discretion. Burger Chef Sys., Inc. v. Servfast of Brockton, Inc., 393 Mass. 287, 289 (1984). There was no abuse of discretion in these circumstances.\nTurning to the remaining issues, we begin by observing that \u201can appellant cannot satisfy its burden of proving judicial error or abuse of discretion in the absence of an adequate record containing all material necessary for appellate review.\u201d Consumer Prod. Distribs., Inc. v. Toy Town Pit Stop, Inc., 2011 Mass. App. Div. 42, 45. The defendants argue that erroneous rulings regarding G.L.c. 239, \u00a74 by a judge infected the determination of damages awarded by another judge. They further argue that no evidentiary hearing was held on the issue of damages. We are in no position to address these claims of error because we have not been provided a copy of the transcript of what occurred at the assessment hearing, nor have we been provided with a proper record of what occurred in the context of the motion of the defendants to reconsider the award. \u2018This Court is hobbled in rendering a decision without an opportunity thoroughly to examine the full transcript.\u201d Oakwood Living Ctrs., Inc. v. Saquet, 2003 Mass. App. Div. 98, 99.\nJudgment affirmed.\nSo ordered.\nThe plaintiff sought $5,400.00 in attorney\u2019s fees on its \u201cBreach of Lease\u201d claim and an additional award of $5,270.40 for attorney\u2019s fees associated with a \u201cContempt Order\u201d issued against the defendants.\nGeneral Laws c. 239, \u00a74 deals with circumstances in which \u201can officer, serving an execution issued on a judgment for the plaintiff for possession of land or tenements, removes personal property, belonging to a person other than the plaintiff.\u201d The judge dealing with the injunction portion of this case appears to have taken the position that removal of the plaintiff\u2019s property was required. Because we are unable to address the claimed errors, we take no view on the correctness of this position.\nThe docket sheet contains the following entry on October 9, 2012 as to the motion for reconsideration: \u201cMotion of Defendants for Reconsideration denied. Without hearing (decision given to both sides in open court) On 10/5/12.\u201d Yet the docket also contains the entry that the motion was scheduled for a hearing on October 4,2012; and on that date, there is the following entry: \u201cResult: Event Begun But Not Completed.\u201d\nRule 8C(a) of Dist./Mun. Cts. R. A. D. A. provides that \u201c [i]f an appeal is not claimed and perfected under Rule 8A or 8B, a party may appeal based on the record of the proceedings as provided in this rule. The record of proceedings shall consist of a typewritten transcript of the electronic or stenographic recording of the proceedings or, where no such record is available, a statement of the evidence, as provided below. No transcript or statement of the evidence shall be required for appeal under this rule where the issue or issues presented is raised solely by the pleadings.\u201d",
        "type": "majority",
        "author": "Coven, J."
      }
    ],
    "attorneys": [
      "Thomas R. Beauvais for the plaintiff.",
      "Dana A. Curhan for the defendant."
    ],
    "corrections": "",
    "head_matter": "La Stanza Diva Ristorante, Inc. vs. Bank Three Realty Trust, and others\nNorthern District\nMay 24, 2013.\nPresent: Greco, P.J., Coven & Swan, JJ.\nThomas R. Beauvais for the plaintiff.\nDana A. Curhan for the defendant.\nSean Lahey, individually and as trustee of Bank Three Realty Trust."
  },
  "file_name": "0095-01",
  "first_page_order": 101,
  "last_page_order": 104
}
