{
  "id": 6080129,
  "name": "In re Lurelle Guild, Etc.",
  "name_abbreviation": "In re Guild",
  "decision_date": "1953-04-15",
  "docket_number": "No. 5967",
  "first_page": "996",
  "last_page": "1001",
  "citations": [
    {
      "type": "official",
      "cite": "40 C.C.P.A. 996"
    },
    {
      "type": "parallel",
      "cite": "98 U.S.P.Q. 68"
    },
    {
      "type": "parallel",
      "cite": "204 F.2d 700"
    }
  ],
  "court": {
    "name_abbreviation": "C.C.P.A.",
    "id": 8989,
    "name": "United States Court of Customs and Patent Appeals"
  },
  "jurisdiction": {
    "id": 39,
    "name_long": "United States",
    "name": "U.S."
  },
  "cites_to": [
    {
      "cite": "157 F. (2d) 198",
      "category": "reporters:federal",
      "reporter": "F.2d",
      "case_ids": [
        6077149,
        1130781
      ],
      "opinion_index": 0,
      "case_paths": [
        "/ccpa/34-2/0701-01",
        "/f2d/157/0198-01"
      ]
    },
    {
      "cite": "48 F. (2d) 428",
      "category": "reporters:federal",
      "reporter": "F.2d",
      "case_ids": [
        6557001,
        1832030
      ],
      "opinion_index": 0,
      "case_paths": [
        "/ccpa/18-2/1119-01",
        "/f2d/48/0428-01"
      ]
    },
    {
      "cite": "93 U. S. 366",
      "category": "reporters:federal",
      "reporter": "U.S.",
      "case_ids": [
        5645670
      ],
      "opinion_index": 0,
      "case_paths": [
        "/us/93/0366-01"
      ]
    },
    {
      "cite": "36 App. D. C. 104",
      "category": "reporters:state",
      "reporter": "App. D.C.",
      "case_ids": [
        1364196
      ],
      "opinion_index": 0,
      "case_paths": [
        "/app-dc/36/0104-01"
      ]
    }
  ],
  "analysis": {
    "cardinality": 702,
    "char_count": 13322,
    "ocr_confidence": 0.477,
    "pagerank": {
      "raw": 2.370720433844705e-07,
      "percentile": 0.7953228161178509
    },
    "sha256": "861a9bd0de5bcf74fad1c65da323fb8b1983ec1f9f3e1e0df350d46d4e284605",
    "simhash": "1:a7cf13b205a87528",
    "word_count": 2170
  },
  "last_updated": "2024-02-27T23:14:35.906970+00:00",
  "provenance": {
    "date_added": "2019-08-29",
    "source": "Harvard",
    "batch": "2018"
  },
  "casebody": {
    "judges": [
      "Before Garrett, Chief Judge, and O\u2019Connell, Johnson, Worley, and Cole, Associate Judges"
    ],
    "parties": [
      "In re Lurelle Guild, Etc."
    ],
    "opinions": [
      {
        "text": "Cole, Judge,\ndelivered the opinion of the court:\nThe subject matter involved in this appeal relates to a design patent application for a building roof. \u25a0\nIn proceedings before the Primary Examiner of the United States Patent Office, the single claim of the application was rejected, three grounds therefor being assigned. The Board of Appeals affirmed the examiner\u2019s decision, reversal of the first ground of rejection, however, specifically being manifested.\nThe claim reads as follows:\nThe ornamental design for a building roof substantially as shown and described.\nWith the consent of the Patent Office, the application drawing has been supplemented on appeal by mor.e accurate reproductions of the design in question and while technically not a part of the record before us, said reproductions will be considered in arriving at the decision of the court.\nA clear description of applicant\u2019s design is found in the opinion of the Primary Examiner, as follows:\nThe subject matter of the instant application relates to a building roof made up of shingles of the type having granules on the surfaces thereof. Said granules are arranged in batches which vary in hue, chroma and value embedded in areas on the surface of the shingles with adjacent areas blended together so that when the shingles are laid on the roof an optical effect of deep shadows below the butts of the shingle units is produced simulating shingles of greater than actual thickness, the blending of adjacent areas of the granules of different hue, chroma and value arranged irregularly depthwise of the roof revealing a non-banding visual appearance laterally of the roof of gradually deepening color value throughout the entire exposed area of each shingle unit from butt to overlap and the blending of the granules of different hue and chroma in areas laterally of the roof arranged irregularly widthwise in each shingle unit to reveal a non-banding appearance depthwise of the roof, the pattern of distribution of granules of different hue, chroma and value being different in each shingle unit.\nIt is essential tbat the terms \u201chue,\u201d \u201cchroma,\u201d and \u201cvalue\u201d (color value), used in the foregoing description, be understood. In this connection, the applicant has stated in his brief that every colored article, exclusive of black and white or intermediates therebetween, has three qualities. Hue commonly means color, i. e., red, green, blue, yellow, or intermediates thereof. Chroma has particular reference to whether the hue is intense, weak, faded, etc. Color value is indicative of the degree of luminosity.\nIt appears to us that the applicant, by arranging areas of mineral granules on the shingles which vary in hue and- chroma, but which gradually deepen in color value -from butt to overlap, achieves the non-banding shadow blend roof effect which is claimed to be the essence of the invention. More concretely, the overall concept amounts to this: Constantly change the areas of different hue and chroma laterally of the roof and, at the same time, maintain a constantly changing color value vertically of the roof panel.\nIn rejecting the application on appeal, the Board of Appeals placed reliance upon the following references:\nMcKay, 1,208,595, December 12, 1916.\nHouse and Garden, page 50, April 1950.\nThe McKay reference is a product patent for prepared roofing while the latter publication is pertinent in connection with alleged copyright protection granted the present applicant covering the identical roof design claimed in the instant appeal.\nConsidering now the patent to McKay, the tribunals below predicated their rejection of the appealed claim on the ground that the subject matter thereof was not patentably distinct from that disclosed by the reference. That a product patent, such as the McKay reference, can, if pertinent, be cited as a disclosure to anticipate the design application on appeal is not disputed.\nMcKay\u2019s drawing shows a shingle darker at the lap end which gradually becomes lighter at the butt end. The applicant agrees that the following analysis of the McKay specification, as set forth by the board in its opinion, is correct:\nMcKay states that he attains fictitious or illusory shadow-values by the graduated blending or merging of a lighter-colored -color-layer into the darker mass of a plastic main layer and that by the coordination of the resultant illusory \u201cdeep-shadow\u201d areas and \u201cshadow-blends\u201d with the physical elevation and depressions of the prepared roofing surface, he attains the optical illusion of depth of relief which greatly exceeds the physical depth of the material. McKay also states that the two layers may be so blended as to graduate the color of the color coating into the dark appearance of the deep-shadow area in the resultant \u201cshadow-blend\u201d areas. * * *\nConcededly, McKay suggests a shadow blend giving an artificial appearance of thickness to the shingles. Persistently urging, however, that McKay\u2019s idea was completely inoperative to produce anything which resembles the appearance of that inventor\u2019s drawing, the applicant, to strengthen such a conclusion, has submitted the affidavit of one Howard Callahan, a man considered to be highly skilled in the art in question. The Callahan affidavit is clear to the effect that following diligent efforts to practice McKay\u2019s invention, according to tbe tenor of tbe patent disclosure, the affiant was wholly unable to produce any likeness to the patentee\u2019s drawing. A specimen piece of roofing allegedly made in accordance with the McKay process was placed in evidence. That it differs in appearance from the drawing of Figure 1 of the McKay patent is quite apparent.\nThe sum and substance of applicant\u2019s position would thus seem to be based on alleged inoperativeness of the McKay disclosure insofar as producing anything having the appearance of what is shown in the drawing of that patent. The applicant believes that \u201cthe draftsman made a mistake as to what McKay\u2019s roll roofing would look like\u201d and further that \u201cit is purely a chance showing having no basis in the specification.\u201d Applicant submits that justification for its conclusion is readily found in McKay\u2019s failure to avoid \u201cbanding.\u201d The applicant insists that it is only by varying the hue, chroma and color value of the granules that \u201cbanding\u201d is avoided, and that McKay allegedly fails to achieve this result is, according to applicant, evidence of inoperativeness, regardless of what the reference drawing discloses.\nIn applying the McKay reference, the Primary Examiner said:\n* * * the drawing disclosure of McKay clearly illustrates a shingle which is darker at the lap end and gradually becomes lighter at the butt end. It would appear that McKay accomplishes the same result as to appearance when his shingles are laid in a finished roof. Applicant, in support of his traversal of this rejection, has submitted a sample roof section alleged to have been made by the process outlined by McKay. It is admitted that it differs in appearance from the roof section shown in the McKay patent, and applicant states in effect that this is an indication that the McKay patent is inoperative and that the showing thereon is merely the Draftsman\u2019s notion of how a roof made in accordance with the McKay patent should look and this is not supported by the facts. As designs are based solely on' appearance and the McKay drawing disclosure appears to clearly show the identical appearance as presented by applicant\u2019s drawing, it is not seen to be material whether McKay\u2019s process would produce the shingles shown thereon or not. The fact remains that the showing of McKay is deemed to substantially duplicate applicant\u2019s showing and as McKay is old enough to be a publication reference against the instant case, such showing alone is a valid reference.\nIt is a fundamental principle of patent law that the patenta-bility of a design application is to be tested in the light of its appearance as a whole. Bearing in mind that the law applicable to design patents is not different from that applicable to other patents, the determinative factor relative to the issue of anticipation is founded in identity or substantial similarity of appearances.\nShould we accept the McKay reference as sufficient to reject the application before us, that would preclude any need for consideration of the other objection. Obviously, if the applicant has but presented a design sufficiently similar to that of McKay, as evidenced by a comparison of the respective drawings, then the applicant must recognize his efforts as being non-patentable.\nIn approaching what we consider the controlling and decisive issue, it is well to keep in mind that a patent enjoys a presumption of validity and a party attacking its validity on the ground of inop-erativeness must establish his case by a preponderance of proof.\nAs previously noted, the applicant, in attempting to satisfactorily meet the aforesaid burden of proof, submitted the affidavit of Callahan attesting to the inoperativeness of the McKay process. For obvious reasons, an ex parte affidavit, while not to be lightly disregarded, is seldom acceptable as being conclusive of the factual matter stated therein, and, in general, such affidavits are accorded the status of an expression of opinion by an expert in the art. The prime importance of the ex parte affidavit to the applicant seeking to avoid an asserted anticipation must, however, be fully recognized as it is one of the few practical mediums through which the applicant can successfully operate in endeavoring to prove his case. Yet, the law demands close scrutiny of such affidavits, particularly in those instances wherein the affiant is not a disinterested party. See In re McKenna, et al., 40 C. C. P. A. (Patents) 937, for a more detailed discussion of ex parte affidavits.\nThe tribunals below in discounting the effectiveness of the fia.na.ha.-n affidavit to establish the alleged inoperativeness of the reference patent did so, presumably, only after a sound appraisal of said affidavit. We have carefully reviewed the Callahan affidavit in the course of our study of the case but when viewed in the light of all surrounding circumstances, we must hold that it is not sufficiently convincing.\nLooking to Figure 1 of the McKay patent, we believe that it adequately expresses the content of that inventor\u2019s disclosure. Looking then to the drawing accompanying the application on review, there is practically no difference. Both drawings present shingles which are darker at the lap end and gradually lighten in color at the butt end. This cannot be disputed by anyone looking at the two side by side. Design patents are presumably based on what the application therefor discloses its appearance to be. While, as indicated, the applicant asks that this rule be not applied in this instance because, as evidenced by the proof submitted by him, the McKay process would not actually produce shingles like those shown in the drawings. We agree thoroughly with the examiner and Board of Appeals in rejecting this contention by applicant.\nEven assuming that the McKay process is inoperative, as claimed by the applicant, our jurisdictional predecessor, the Court of Appeals for the District of Columbia, in the case of In re Decker, 36 App. D. C. 104, said: (headnote) \u201ca patent will not be granted for a product described in prior patents even though the devices for making the product as so described are inoperative.\u201d By parallel, this language might easily be applied to the facts of the instant case where, although McKay\u2019s process may be inop'erative, his conception of the roof design in question was clear and complete, thus, indicating lack of invention in the design covered by the appealed claim. See Cohn v. United States Corset Co., 93 U. S. 366; In re Marden et al., 18 C. C. P. A. (Patents) 1119, 48 F. (2d) 428; In re Crosby, 34 C. C. P. A. (Patents) 701, 157 F. (2d) 198, and authorities cited therein. .\nThis case impresses us as being confined to one decisive issue, and we feel that the Board of Appeals was manifestly correct and cite with approval the following from its opinion:\n* * * It seems to us that McKay does disclose in Figure 1, and in various parts of his specification, a roof design which is substantially the same as appellant\u2019s. * * * Furthermore, it seems to us wholly immaterial for the purposes of a design disclosure how the roof design shown in Figure 1 of McKay is produced since it clearly discloses a certain concept which could be put into-practice by merely painting or stippling the shingles to look like the design disclosed in the specification and illustrated in Figure 1. It is our opinion that McKay clearly discloses the design shown in appellant\u2019s drawing and the Examiner\u2019s rejection thereon is affirmed.\nFor the reasons hereinbefore stated, the decision of the Board of Appeals is affirmed.",
        "type": "majority",
        "author": "Cole, Judge,"
      }
    ],
    "attorneys": [
      "Allen \u00e9 Allen (Erastus S. Allen of counsel) for appellant.",
      "E. L. Reynolds (S'. S. Miller of counsel) for the Commissioner of Patents."
    ],
    "corrections": "",
    "head_matter": "204 F. (2d) 700; 98 USPQ 68\nIn re Lurelle Guild, Etc.\n(No. 5967)\nUnited States Court of Customs and Patent Appeals,\nApril 15, 1953\nAllen \u00e9 Allen (Erastus S. Allen of counsel) for appellant.\nE. L. Reynolds (S'. S. Miller of counsel) for the Commissioner of Patents.\n[Oral argument March 13, 1953, by Mr. Erastus S. Allen and Mr. Miller]\nBefore Garrett, Chief Judge, and O\u2019Connell, Johnson, Worley, and Cole, Associate Judges"
  },
  "file_name": "0996-01",
  "first_page_order": 316,
  "last_page_order": 321
}
