{
  "id": 7959694,
  "name": "Jean Marie ROSE v. BOARD OF REVIEW, DEP. OF EMPLOYMENT SECURITY",
  "name_abbreviation": "Rose v. Board of Review, Dep. of Employment Security",
  "decision_date": "1982-12-02",
  "docket_number": "No. 82-470-M.P.",
  "first_page": "389",
  "last_page": "390",
  "citations": [
    {
      "type": "official",
      "cite": "453 A.2d 389"
    }
  ],
  "court": {
    "name_abbreviation": "R.I.",
    "id": 10179,
    "name": "Supreme Court of Rhode Island"
  },
  "jurisdiction": {
    "id": 15,
    "name_long": "Rhode Island",
    "name": "R.I."
  },
  "cites_to": [],
  "analysis": {
    "cardinality": 50,
    "char_count": 378,
    "ocr_confidence": 0.728,
    "sha256": "bbd982c3cc376b7387a5dc3533d5f2359bfcdb54d9f4f5704574e2b375de8faa",
    "simhash": "1:7436d035c3c3e45d",
    "word_count": 60
  },
  "last_updated": "2023-07-14T18:20:38.163642+00:00",
  "provenance": {
    "date_added": "2019-08-29",
    "source": "Harvard",
    "batch": "2018"
  },
  "casebody": {
    "judges": [
      "SHEA, J., did not participate."
    ],
    "parties": [
      "Jean Marie ROSE v. BOARD OF REVIEW, DEP. OF EMPLOYMENT SECURITY."
    ],
    "opinions": [
      {
        "text": "ORDER\nThe petition for writ of certiorari is denied. The stay previously entered in this case is vacated.\nSHEA, J., did not participate.",
        "type": "majority",
        "author": null
      }
    ],
    "attorneys": [
      "Joseph A. Capineri, Pawtucket, for petitioner.",
      "Pat Nero, Legal Counsel, Board of Review, Cranston, for respondent."
    ],
    "corrections": "",
    "head_matter": "Jean Marie ROSE v. BOARD OF REVIEW, DEP. OF EMPLOYMENT SECURITY.\nNo. 82-470-M.P.\nSupreme Court of Rhode Island.\nDec. 2, 1982.\nJoseph A. Capineri, Pawtucket, for petitioner.\nPat Nero, Legal Counsel, Board of Review, Cranston, for respondent."
  },
  "file_name": "0389-04",
  "first_page_order": 445,
  "last_page_order": 446
}
