{
  "id": 8116784,
  "name": "Willis DANIELS, Petitioner, v. DIRECTOR OF VEHICLES AND TRAFFIC OF DISTRICT OF COLUMBIA, Respondent",
  "name_abbreviation": "Daniels v. Director of Vehicles & Traffic",
  "decision_date": "1958-06-20",
  "docket_number": "No. 2120",
  "first_page": "95",
  "last_page": "96",
  "citations": [
    {
      "type": "official",
      "cite": "143 A.2d 95"
    }
  ],
  "court": {
    "name_abbreviation": "D.C.",
    "id": 21806,
    "name": "District of Columbia Municipal Court of Appeals"
  },
  "jurisdiction": {
    "id": 56,
    "name_long": "District of Columbia",
    "name": "D.C."
  },
  "cites_to": [
    {
      "cite": "116 A.2d 926",
      "category": "reporters:state_regional",
      "reporter": "A.2d",
      "case_ids": [
        8138021
      ],
      "opinion_index": 0,
      "case_paths": [
        "/a2d/116/0926-01"
      ]
    },
    {
      "cite": "124 A.2d 301",
      "category": "reporters:state_regional",
      "reporter": "A.2d",
      "case_ids": [
        8129031
      ],
      "pin_cites": [
        {
          "page": "303"
        }
      ],
      "opinion_index": 0,
      "case_paths": [
        "/a2d/124/0301-01"
      ]
    }
  ],
  "analysis": {
    "cardinality": 234,
    "char_count": 3225,
    "ocr_confidence": 0.701,
    "pagerank": {
      "raw": 1.2944214923034268e-07,
      "percentile": 0.6206539454616852
    },
    "sha256": "0956f1c4a840028eee0b8be46b7981366d87a77d7fd59fca47b3f8f17ac50902",
    "simhash": "1:010e01e535c21203",
    "word_count": 519
  },
  "last_updated": "2024-02-27T18:27:25.408889+00:00",
  "provenance": {
    "date_added": "2019-08-29",
    "source": "Harvard",
    "batch": "2018"
  },
  "casebody": {
    "judges": [
      "Before ROVER, Chief Judge, and HOOD and QUINN, Associate Judges."
    ],
    "parties": [
      "Willis DANIELS, Petitioner, v. DIRECTOR OF VEHICLES AND TRAFFIC OF DISTRICT OF COLUMBIA, Respondent."
    ],
    "opinions": [
      {
        "text": "ROVER, Chief Judge.\nA total of twelve points assessed for moving traffic violations results in revocation of an operator\u2019s permit under the \u201cpoint system\u201d in the District of Columbia. When petitioner accumulated fourteen points, seven of which were assessed for various traffic infractions on October 27, 1956, he was notified his permit would be revoked. Following a hearing in the office of the Director of Vehicles and Traffic, an order of revocation was issued and pursuant to Code 1951, \u00a7 11-772 (Supp. VI), this appeal was brought.\nAt the hearing petitioner attempted to establish that he was in Lorain, Ohio, when the violations of October 27 were committed and that his brother was driving with a duplicate of petitioner\u2019s permit. He assigns as error the Director\u2019s refusal to consider documentary evidence which he contends would confirm this. This evidence, which does not appear in the record but is attached to the petition for review, consists of the affidavits of petitioner and his brother. In one petitioner states he was employed in Ohio on October 27; in the other his brother states the violations for which the seven points were assessed on that date were committed by him. The remaining document is a 1099 form of the Internal Revenue Service and indicates only that a sum of $11.72 was paid to Willis Daniels in Lorain, Ohio, for transportation between October 23 and December 27, 1956.\nAn examination of the affidavits discloses that they were made on a date subsequent to the hearing. No new evidence is presented; the matter contained in them was essentially that urged by petitioner at the hearing. Since the evidence was obviously available at the time of the hearing and could have been submitted in the form of affidavits, we cannot hold that petitioner was prejudiced when the evidence was rejected. As this court pointed out, \u201cThe purpose of the hearing is not to retry [the] violations; it is merely to afford the motorist an opportunity to show why, notwithstanding the violations, he should be permitted to retain his permit.\u201d Petitioner was represented by counsel at the hearing and was given full opportunity to present any evidence in extenuation. To permit a reconsideration of evidence offered subsequent to the hearing would only prolong unnecessarily the administrative processes.\nAffirmed.\n. For an explanation of the \u201cpoint system\u201d see Traffic and Motor Vehicle Regulations for the District of Columbia, Part V; Lambert v. Board of Com\u2019rs of District of Columbia, D.C.Mun.App., 116 A.2d 926.\n. Ritch v. Director of Vehicles & Traffic of D. of C., D.C.Mun.App., 124 A.2d 301, 303.",
        "type": "majority",
        "author": "ROVER, Chief Judge."
      }
    ],
    "attorneys": [
      "Harvey C. Beavers, Washington, D. C., for petitioner.",
      "Hubert B. Pair, Asst. Corporation Counsel, Washington, D. C., with whom Chester H. Gray, Corporation Counsel, Milton D. Korman, Principal Asst. Corporation Counsel, and Richard W. Barton, Asst. Corporation Counsel, Washington, D. C., were on the brief, for respondent."
    ],
    "corrections": "",
    "head_matter": "Willis DANIELS, Petitioner, v. DIRECTOR OF VEHICLES AND TRAFFIC OF DISTRICT OF COLUMBIA, Respondent.\nNo. 2120.\nMunicipal Court of Appeals for the District of Columbia.\nArgued March 10, 1958.\nDecided June 20, 1958.\nHarvey C. Beavers, Washington, D. C., for petitioner.\nHubert B. Pair, Asst. Corporation Counsel, Washington, D. C., with whom Chester H. Gray, Corporation Counsel, Milton D. Korman, Principal Asst. Corporation Counsel, and Richard W. Barton, Asst. Corporation Counsel, Washington, D. C., were on the brief, for respondent.\nBefore ROVER, Chief Judge, and HOOD and QUINN, Associate Judges."
  },
  "file_name": "0095-01",
  "first_page_order": 127,
  "last_page_order": 128
}
