{
  "id": 8116872,
  "name": "Georgianna PARKER, Appellant, v. UNITED STATES, Appellee",
  "name_abbreviation": "Parker v. United States",
  "decision_date": "1958-06-20",
  "docket_number": "No. 2112",
  "first_page": "98",
  "last_page": "99",
  "citations": [
    {
      "type": "official",
      "cite": "143 A.2d 98"
    }
  ],
  "court": {
    "name_abbreviation": "D.C.",
    "id": 21806,
    "name": "District of Columbia Municipal Court of Appeals"
  },
  "jurisdiction": {
    "id": 56,
    "name_long": "District of Columbia",
    "name": "D.C."
  },
  "cites_to": [
    {
      "cite": "90 U.S.App.D.C. 125",
      "category": "reporters:state",
      "reporter": "U.S. App. D.C.",
      "case_ids": [
        3542198
      ],
      "opinion_index": 0,
      "case_paths": []
    },
    {
      "cite": "194 F.2d 150",
      "category": "reporters:federal",
      "reporter": "F.2d",
      "case_ids": [
        3542198,
        507974
      ],
      "opinion_index": 0,
      "case_paths": [
        "/f2d/194/0150-01"
      ]
    },
    {
      "cite": "99 U.S.App.D.C. 97",
      "category": "reporters:state",
      "reporter": "U.S. App. D.C.",
      "pin_cites": [
        {
          "page": "98"
        }
      ],
      "opinion_index": 0
    },
    {
      "cite": "237 F.2d 578",
      "category": "reporters:federal",
      "reporter": "F.2d",
      "case_ids": [
        427237
      ],
      "pin_cites": [
        {
          "page": "579"
        }
      ],
      "opinion_index": 0,
      "case_paths": [
        "/f2d/237/0578-01"
      ]
    },
    {
      "cite": "135 A.2d 854",
      "category": "reporters:state_regional",
      "reporter": "A.2d",
      "case_ids": [
        8127406
      ],
      "pin_cites": [
        {
          "page": "856"
        }
      ],
      "opinion_index": 0,
      "case_paths": [
        "/a2d/135/0854-01"
      ]
    },
    {
      "cite": "137 A.2d 721",
      "category": "reporters:state_regional",
      "reporter": "A.2d",
      "case_ids": [
        8124960
      ],
      "opinion_index": 0,
      "case_paths": [
        "/a2d/137/0721-01"
      ]
    },
    {
      "cite": "132 A.2d 150",
      "category": "reporters:state_regional",
      "reporter": "A.2d",
      "case_ids": [
        8119321
      ],
      "opinion_index": 0,
      "case_paths": [
        "/a2d/132/0150-01"
      ]
    }
  ],
  "analysis": {
    "cardinality": 199,
    "char_count": 2338,
    "ocr_confidence": 0.699,
    "pagerank": {
      "raw": 9.457899346099144e-08,
      "percentile": 0.5174114398175338
    },
    "sha256": "2f648b7debe9cf8a1f03e1bf66b15e6a156dc6ad299970ca6d3e163e85ef6431",
    "simhash": "1:8733d5ed7f62a86d",
    "word_count": 376
  },
  "last_updated": "2024-02-27T18:27:25.408889+00:00",
  "provenance": {
    "date_added": "2019-08-29",
    "source": "Harvard",
    "batch": "2018"
  },
  "casebody": {
    "judges": [
      "Before ROVER, Chief Judge, and HOOD and QUINN, Associate Judges."
    ],
    "parties": [
      "Georgianna PARKER, Appellant, v. UNITED STATES, Appellee."
    ],
    "opinions": [
      {
        "text": "ROVER, Chief Judge.\nAppellant was convicted of soliciting for the purpose of prostitution under the provisions of Code 1951, \u00a7 22-2701 (Supp. VI). The person solicited was a police officer, and if the court believed his testimony, which it obviously did, it was justified in finding her guilty.\nCounsel for appellant contends that the decision in Kelly v. United States, 90 U.S.App.D.C. 125, 194 F.2d 150, concerning the necessity for corroboration of the testimony of the person solicited, controls this case and that there being no such corroboration his client was entitled to an acquittal. We disagree.\nAs we understand the ruling in Kelly, it was bottomed on the fact that the offense of which the defendant was charged involved homosexuality. In Guarro v. United States, 99 U.S.App.D.C. 97, 98, 237 F.2d 578, 579, decided some years after the Kelly case, the court, construing its own decision in the latter case, said, \u201cIt was based rather on the peculiar nature of a charge involving homosexual conduct, * * (Emphasis supplied.) This court, in a case involving the same crime as we are concerned with here, said, \u201cIn the present case there is no element of homosexuality and we rule that the Kelly case has no application.\u201d (Emphasis supplied.)\nEven if corroboration were necessary, another police officer observed the parties involved and his evidence substantially corroborated his fellow officer\u2019s testimony as to time, place, and circumstances as required in Kelly. It should also be noted that the defendant, testifying in her defense, supported the testimony of both officers as to time, place, and some of the circumstances.\nAffirmed.\n. Price v. United States, D.C.Mun.App., 135 A.2d 854, 856. See also McGhee v. District of Columbia, D.C.Mun.App., 137 A.2d 721.\n. See also Howard v. District of Columbia, D.C.Mun.App., 132 A.2d 150.",
        "type": "majority",
        "author": "ROVER, Chief Judge."
      }
    ],
    "attorneys": [
      "De Long Harris, Washington, D. C., for appellant.",
      "Nathan J. Paulson, Asst. U. S. Atty., Washington, D. C., with whom Oliver Gasch, U. S. Atty., Lewis Carroll and Thomas M. O\u2019Malley, Asst. U. S. Attys., Washington, D. C., were on the brief, for appellee."
    ],
    "corrections": "",
    "head_matter": "Georgianna PARKER, Appellant, v. UNITED STATES, Appellee.\nNo. 2112.\nMunicipal Court of Appeals for the District of Columbia.\nArgued Feb. 10, 1958.\nDecided June 20, 1958.\nDe Long Harris, Washington, D. C., for appellant.\nNathan J. Paulson, Asst. U. S. Atty., Washington, D. C., with whom Oliver Gasch, U. S. Atty., Lewis Carroll and Thomas M. O\u2019Malley, Asst. U. S. Attys., Washington, D. C., were on the brief, for appellee.\nBefore ROVER, Chief Judge, and HOOD and QUINN, Associate Judges."
  },
  "file_name": "0098-01",
  "first_page_order": 130,
  "last_page_order": 131
}
