{
  "id": 8167882,
  "name": "ALLIANCE DATA SYSTEMS CORPORATION, Plaintiff, v. BLACKSTONE CAPITAL PARTNERS V L.P. and Aladdin Solutions, Inc. f/k/a Aladdin Holdco, Inc., Defendants",
  "name_abbreviation": "Alliance Data Systems Corp. v. Blackstone Capital Partners V L.P.",
  "decision_date": "2009-01-15",
  "docket_number": "C.A. No. 3796-VCS",
  "first_page": "746",
  "last_page": "770",
  "citations": [
    {
      "type": "official",
      "cite": "963 A.2d 746"
    }
  ],
  "court": {
    "name_abbreviation": "Del. Ch.",
    "id": 9908,
    "name": "Delaware Court of Chancery"
  },
  "jurisdiction": {
    "id": 8,
    "name_long": "Delaware",
    "name": "Del."
  },
  "cites_to": [
    {
      "cite": "609 A.2d 668",
      "category": "reporters:state_regional",
      "reporter": "A.2d",
      "opinion_index": 0
    },
    {
      "cite": "575 A.2d 1131",
      "category": "reporters:state_regional",
      "reporter": "A.2d",
      "case_ids": [
        7385765
      ],
      "pin_cites": [
        {
          "page": "1143"
        }
      ],
      "opinion_index": 0,
      "case_paths": [
        "/a2d/575/1131-01"
      ]
    },
    {
      "cite": "1991 WL 58387",
      "category": "reporters:specialty_west",
      "reporter": "WL",
      "year": 1991,
      "opinion_index": 0
    },
    {
      "cite": "622 A.2d 14",
      "category": "reporters:state_regional",
      "reporter": "A.2d",
      "case_ids": [
        7347883
      ],
      "pin_cites": [
        {
          "page": "23"
        }
      ],
      "opinion_index": 0,
      "case_paths": [
        "/a2d/622/0014-01"
      ]
    },
    {
      "cite": "498 A.2d 151",
      "category": "reporters:state_regional",
      "reporter": "A.2d",
      "case_ids": [
        7912789
      ],
      "pin_cites": [
        {
          "page": "159"
        }
      ],
      "opinion_index": 0,
      "case_paths": [
        "/a2d/498/0151-01"
      ]
    },
    {
      "cite": "878 A.2d 434",
      "category": "reporters:state_regional",
      "reporter": "A.2d",
      "case_ids": [
        8942379
      ],
      "pin_cites": [
        {
          "page": "442"
        }
      ],
      "opinion_index": 0,
      "case_paths": [
        "/a2d/878/0434-01"
      ]
    },
    {
      "cite": "586 F.Supp. 551",
      "category": "reporters:federal",
      "reporter": "F. Supp.",
      "case_ids": [
        3666533
      ],
      "opinion_index": 0,
      "case_paths": [
        "/f-supp/586/0551-01"
      ]
    },
    {
      "cite": "217 A.2d 497",
      "category": "reporters:state_regional",
      "reporter": "A.2d",
      "case_ids": [
        8099505
      ],
      "opinion_index": 0,
      "case_paths": [
        "/a2d/217/0497-01"
      ]
    },
    {
      "cite": "726 A.2d 1215",
      "category": "reporters:state_regional",
      "reporter": "A.2d",
      "case_ids": [
        11595645
      ],
      "pin_cites": [
        {
          "page": "1224"
        }
      ],
      "opinion_index": 0,
      "case_paths": [
        "/a2d/726/1215-01"
      ]
    },
    {
      "cite": "2006 WL 2947483",
      "category": "reporters:specialty_west",
      "reporter": "WL",
      "year": 2006,
      "pin_cites": [
        {
          "page": "*13",
          "parenthetical": "interpreting a covenant similar to \u00a7 6.5.6 as promising \"not to take certain types of actions before the closing\" without consent"
        }
      ],
      "opinion_index": 0
    },
    {
      "cite": "562 N.E.2d 871",
      "category": "reporters:state_regional",
      "reporter": "N.E.2d",
      "weight": 2,
      "opinion_index": 0
    },
    {
      "cite": "561 N.Y.S.2d 546",
      "category": "reporters:state",
      "reporter": "N.Y.S.2d",
      "opinion_index": 0
    },
    {
      "cite": "76 N.Y.2d 886",
      "category": "reporters:state",
      "reporter": "N.Y.2d",
      "case_ids": [
        2350785,
        2351289,
        2350201,
        2350641
      ],
      "opinion_index": 0,
      "case_paths": [
        "/ny-2d/76/0886-02",
        "/ny-2d/76/0886-03",
        "/ny-2d/76/0886-01",
        "/ny-2d/76/0886-04"
      ]
    },
    {
      "cite": "553 N.Y.S.2d 864",
      "category": "reporters:state",
      "reporter": "N.Y.S.2d",
      "pin_cites": [
        {
          "page": "867"
        }
      ],
      "opinion_index": 0
    },
    {
      "cite": "159 A.D.2d 902",
      "category": "reporters:state",
      "reporter": "A.D.2d",
      "case_ids": [
        3627238
      ],
      "opinion_index": 0,
      "case_paths": [
        "/ad2d/159/0902-01"
      ]
    },
    {
      "cite": "913 A.2d 572",
      "category": "reporters:state_regional",
      "reporter": "A.2d",
      "case_ids": [
        8438434
      ],
      "pin_cites": [
        {
          "page": "581"
        }
      ],
      "opinion_index": 0,
      "case_paths": [
        "/a2d/913/0572-01"
      ]
    },
    {
      "cite": "2006 WL 1980337",
      "category": "reporters:specialty_west",
      "reporter": "WL",
      "year": 2006,
      "pin_cites": [
        {
          "page": "*3",
          "parenthetical": "\"Conclusory statements, without supporting factual averments, will be disregarded for the purposes of defendants' 12(b)(6) motion to dismiss.\""
        }
      ],
      "opinion_index": 0
    },
    {
      "cite": "746 A.2d 244",
      "category": "reporters:state_regional",
      "reporter": "A.2d",
      "case_ids": [
        11468448
      ],
      "pin_cites": [
        {
          "page": "253"
        }
      ],
      "opinion_index": 0,
      "case_paths": [
        "/a2d/746/0244-01"
      ]
    },
    {
      "cite": "783 A.2d 543",
      "category": "reporters:state_regional",
      "reporter": "A.2d",
      "case_ids": [
        9469513
      ],
      "pin_cites": [
        {
          "page": "549"
        }
      ],
      "opinion_index": 0,
      "case_paths": [
        "/a2d/783/0543-01"
      ]
    },
    {
      "cite": "2006 WL 224058",
      "category": "reporters:specialty_west",
      "reporter": "WL",
      "weight": 2,
      "year": 2006,
      "pin_cites": [
        {
          "page": "*2",
          "parenthetical": "\"[I]t is not the job of a court to relieve sophisticated parties of the burdens of contracts they wish they had drafted differently but in fact did not.\""
        },
        {
          "page": "*2"
        }
      ],
      "opinion_index": 0
    },
    {
      "cite": "937 A.2d 810",
      "category": "reporters:state_regional",
      "reporter": "A.2d",
      "case_ids": [
        8363072
      ],
      "pin_cites": [
        {
          "page": "830"
        }
      ],
      "opinion_index": 0,
      "case_paths": [
        "/a2d/937/0810-01"
      ]
    },
    {
      "cite": "361 F.3d 50",
      "category": "reporters:federal",
      "reporter": "F.3d",
      "case_ids": [
        645559
      ],
      "pin_cites": [
        {
          "page": "59"
        }
      ],
      "opinion_index": 0,
      "case_paths": [
        "/f3d/361/0050-01"
      ]
    },
    {
      "cite": "752 A.2d 1175",
      "category": "reporters:state_regional",
      "reporter": "A.2d",
      "case_ids": [
        11513282
      ],
      "pin_cites": [
        {
          "page": "1180"
        }
      ],
      "opinion_index": 0,
      "case_paths": [
        "/a2d/752/1175-01"
      ]
    },
    {
      "cite": "603 A.2d 818",
      "category": "reporters:state_regional",
      "reporter": "A.2d",
      "case_ids": [
        7939599
      ],
      "weight": 3,
      "pin_cites": [
        {
          "parenthetical": "emphasis in original"
        }
      ],
      "opinion_index": 0,
      "case_paths": [
        "/a2d/603/0818-01"
      ]
    },
    {
      "cite": "592 A.2d 473",
      "category": "reporters:state_regional",
      "reporter": "A.2d",
      "case_ids": [
        7372317
      ],
      "weight": 2,
      "pin_cites": [
        {
          "page": "478"
        },
        {
          "page": "478"
        }
      ],
      "opinion_index": 0,
      "case_paths": [
        "/a2d/592/0473-01"
      ]
    },
    {
      "cite": "702 A.2d 1228",
      "category": "reporters:state_regional",
      "reporter": "A.2d",
      "case_ids": [
        11898623
      ],
      "weight": 2,
      "pin_cites": [
        {
          "page": "1232"
        },
        {
          "page": "1232"
        }
      ],
      "opinion_index": 0,
      "case_paths": [
        "/a2d/702/1228-01"
      ]
    },
    {
      "cite": "616 A.2d 1192",
      "category": "reporters:state_regional",
      "reporter": "A.2d",
      "case_ids": [
        7935787
      ],
      "pin_cites": [
        {
          "page": "1196"
        }
      ],
      "opinion_index": 0,
      "case_paths": [
        "/a2d/616/1192-01"
      ]
    },
    {
      "cite": "693 A.2d 1059",
      "category": "reporters:state_regional",
      "reporter": "A.2d",
      "case_ids": [
        12004138
      ],
      "pin_cites": [
        {
          "page": "1061"
        }
      ],
      "opinion_index": 0,
      "case_paths": [
        "/a2d/693/1059-01"
      ]
    },
    {
      "cite": "1995 WL 707916",
      "category": "reporters:specialty_west",
      "reporter": "WL",
      "year": 1995,
      "opinion_index": 0
    },
    {
      "cite": "2004 WL 2694912",
      "category": "reporters:specialty_west",
      "reporter": "WL",
      "year": 2004,
      "pin_cites": [
        {
          "page": "*2",
          "parenthetical": "citing Bell Atlantic Meridian Systems v. Octel Commc'ns Corp., 1995 WL 707916 (Del.Ch. Nov.28, 1995)"
        }
      ],
      "opinion_index": 0
    },
    {
      "cite": "910 A.2d 1020",
      "category": "reporters:state_regional",
      "reporter": "A.2d",
      "case_ids": [
        8450439
      ],
      "weight": 2,
      "pin_cites": [
        {
          "page": "1030"
        },
        {
          "page": "1035",
          "parenthetical": "holding that a plaintiff \"cannot use the implied covenant of good faith and fair dealing to avoid the consequences of the plain language of the contract\""
        }
      ],
      "opinion_index": 0,
      "case_paths": [
        "/a2d/910/1020-01"
      ]
    }
  ],
  "analysis": {
    "cardinality": 2036,
    "char_count": 77285,
    "ocr_confidence": 0.7,
    "pagerank": {
      "raw": 1.0349023525329673e-07,
      "percentile": 0.5491748746741605
    },
    "sha256": "3808cdafac92d27fab99ee0543c603003f95ea74ad312bc52c941a0f24151515",
    "simhash": "1:0a0586f84061c244",
    "word_count": 12469
  },
  "last_updated": "2024-02-27T22:55:33.803959+00:00",
  "provenance": {
    "date_added": "2019-08-29",
    "source": "Harvard",
    "batch": "2018"
  },
  "casebody": {
    "judges": [],
    "parties": [
      "ALLIANCE DATA SYSTEMS CORPORATION, Plaintiff, v. BLACKSTONE CAPITAL PARTNERS V L.P. and Aladdin Solutions, Inc. f/k/a Aladdin Holdco, Inc., Defendants."
    ],
    "opinions": [
      {
        "text": "OPINION\nSTRINE, Vice Chancellor.\nI. Introduction\nAlliance Data Systems Corporation (\u201cADS\u201d) has brought this action to recover cash it feels it is owed by defendant Blackstone Capital Partners V L.P. (\u201cBCP V\u201d) after BCP V\u2019s failed acquisition of ADS (the \u201cMerger\u201d). On May 17, 2007 \u2014 near the end of the most recent mergers and acquisition upsurge \u2014 ADS entered into an Agreement and Plan of Merger (the \u201cMerger Agreement\u201d) with defendant Aladdin Solutions, Inc. (\u201cAladdin Solutions\u201d) and Aladdin Merger Sub, Inc. (\u201cAladdin Merger Sub,\u201d together with Aladdin Solutions, \u201cAladdin\u201d), two companies formed by BCP V and its affiliates for the purpose of acquiring ADS. BCP V is controlled by the Blackstone Group, L.P. (the \u201cBlackstone Group,\u201d together with its non-Aladdin affiliates, \u201cBlackstone\u201d), a large private equity firm. Neither BCP V nor Blackstone signed the Merger Agreement, and they are outside the clear definition of \u201cParty\u201d used in that Agreement.\nAmong the conditions in the Merger Agreement to Aladdin\u2019s obligation to close the acquisition of ADS is a requirement that certain regulatory approvals be obtained. Because ADS owns World Financial Network National Bank (\u201cWorld Financial\u201d), the Merger required the approval of the Office of the Comptroller of the Currency (the \u201cOCC\u201d). In the Merger Agreement, Aladdin promised to use its reasonable best efforts to obtain the OCC\u2019s approval. But, Aladdin made no promise that it would cause BCP V or any BCP V affiliate to undertake any affirmative action to achieve OCC approval.\nWhen OCC approval was sought for Aladdin\u2019s acquisition of World Financial, the OCC refused to give that approval unless Blackstone promised to provide any extra capital and liquidity World Financial might need. Blackstone objected, not wanting to put its own assets, or those of its investment funds, on the line to ensure that a single subsidiary met regulatory requirements. But, there is no dispute that Aladdin itself, consistent with its obligations to use its reasonable best efforts, made substantial concessions to the OCC in order to meet the OCC\u2019s concerns. The OCC was not satisfied, however, with assurances offered by Aladdin alone, and insisted on holding the Blackstone Group \u2014 and a dozen or so of its affiliates\u2014 responsible for certain assurances. In months of negotiations over approval, Blackstone and the OCC never successfully bridged this conceptual gap. Although the OCC changed the extent of the commitment it required over time, it continued to ask that Blackstone pledge some support for World Financial, and it wanted Blackstone and its affiliates to sign a wide-ranging acknowledgment of World Financial\u2019s regulatory requirements. As a bottom-line, the OCC made it clear that \u201cBlackstone must provide some type and measure of financial support for [World Financial].\u201d Blackstone ultimately refused to sign any agreement that made it and its affiliates \u2014 other than Aladdin itself \u2014 responsible for ensuring that World Financial met its capital and liquidity requirements. As a result, the Merger was not completed within the time frame set out in the Merger Agreement, and Aladdin purported to terminate the Agreement.\nIn the Merger Agreement, ADS forewent the remedy of specific performance except in certain, defined circumstances and accepted a cap on its ability to recover monetary damages for breach. When ADS seeks a monetary remedy in the event of a breach by Aladdin resulting in non-consummation of the Merger, as in this case, ADS is limited to the recovery of a termination fee \u2014 termed a \u201cBusiness Interruption Fee\u201d \u2014 in the amount of $170 million from Aladdin. The payment of this Fee by Aladdin, in the event it is owed to ADS, is guaranteed by BCP V through a Limited Guarantee that ADS and BCP V entered into on the same day the Merger Agreement was executed.\nADS brought this suit alleging that Aladdin breached its obligations under the Merger Agreement by failing to reach an accord with the OCC, and that the Business Interruption Fee is due and owing. ADS has sued Aladdin and BCP V, seeking to require them to pay the Business Interruption Fee.\nADS argues that Aaddin breached the Merger Agreement by failing to cause Blackstone to assent to the demands the OCC made of Blackstone and its affiliated funds. Characterizing the OCC\u2019s final proposal as virtually costless to Blackstone, despite the fact that the OCC thought the proposal important enough to insist on it, ADS argues that Aaddin had a responsibility under the Merger Agreement to force Blackstone to agree to the OCC\u2019s terms. To support this argument, ADS cites three provisions of the Merger Agreement: a promise by Aaddin to use Aaddin\u2019s reasonable best efforts to get OCC approval; a promise by Aaddin to keep Blackstone from preventing the completion of the Merger; and a representation by Aaddin that it had the power to fulfill its commitments under the Merger Agreement.\nIn this opinion, I grant the defendants\u2019 motion to dismiss ADS\u2019s \u201cAmended Verified Complaint\u201d (the \u201cComplaint\u201d). For starters, I find that any contractual claim against the defendants must be predicated on a breach by Aaddin because it is the only party, aside from ADS, that signed the Merger Agreement. Next, looking at the Merger Agreement, I find that there was no requirement that Aaddin somehow force Blackstone to enter into any arrangement with the OCC. The first provision ADS cites, which requires that Aad-din use its reasonable best efforts, clearly applies only to Aaddin\u2019s efforts. The Complaint is devoid of any contention that Aaddin itself was unwilling to comply with the demanding conditions the OCC asked of it. The Complaint only faults Aaddin because Blackstone, a non-party to the Merger Agreement, would not enter into arrangements with the OCC. But, Blackstone had no contractual obligation to enter into such arrangements, and Aaddin made no contractual promise that it would get Blackstone to do so.\nWhat Aaddin did contractually promise is that it would ensure (at the cost of committing a compensable breach) that Blackstone would not \u201ctake or cause or permit to be taken any action (including the acquisition of businesses or assets) which would reasonably be expected to prevent or materially impair or delay the consummation of the transactions contemplated by this Agreement.\u201d That is, Aaddin agreed to a negative covenant promising to assure that Blackstone would not thwart the Merger by taking action to impede its closing. ADS seizes upon this promise and tortures its plain meaning by arguing that Blackstone\u2019s failure to assent to the OCC\u2019s demands amounted to an action that impaired the consummation of the Merger. In other words, ADS seeks to turn a negative covenant with an accepted commercial meaning into a wide-ranging promise to take any affirmative action necessary to obtain regulatory approval. The language of the covenant will not sustain such a reading, and that reading is also inconsistent with the structure of the Merger Agreement itself. The Merger Agreement has a section that governs the obligations of the parties to take affirmative steps to obtain regulatory approvals. That section creates an affirmative obligation on Aladdin\u2019s part to use its own best efforts to achieve OCC approval, but does not, in stark contrast to the negative covenant, obligate Aladdin to get Blackstone to do anything affirmative toward that end.\nADS also seeks to infer from Aladdin\u2019s promises about Blackstone that ADS was representing that it had control over Blackstone. But, while Aladdin did make promises about Blackstone, those promises were carefully cabined. Aladdin only promised that it could make Blackstone behave in certain ways, not that it could force Blackstone to agree to financial commitments not found in the Merger Agreement.\nAs its overarching argument, ADS departs entirely from the text of the Merger Agreement itself. In the Complaint, ADS contends that all the negotiators of the Merger Agreement were aware that the OCC was likely to demand that Blackstone enter into certain commitments with the OCC as a condition to approving the Merger. ADS says that during negotiations Blackstone knew that the OCC would require that Blackstone submit to some form of liability. But, ADS argues, when the debt markets turned and Blackstone was under pressure from its financing partners not to go forth with the Merger, Blackstone refused to agree to any terms from the OCC, even terms that involved minimal risk to it. This behavior, according to ADS, supports its claim of breach.\nBut, ADS has eschewed any fraud claim and its attempt to introduce parol evidence is unavailing in the face of clear contractual language. If, as ADS alleges, it was obvious that the OCC would require not just Aladdin, but Blackstone itself, to enter into certain regulatory agreements, then ADS should have insisted that Aladdin be held responsible in the event that Blackstone failed to use best efforts to obtain regulatory approval. In the Merger Agreement, ADS extracted an even stronger form of such a promise from Aladdin in the context of antitrust approval by requiring Aladdin to get Blackstone to take whatever steps were necessary to get antitrust approval, including divesting other holdings. But, as to OCC approval, all that ADS got was a promise from Aladdin itself to use reasonable best efforts, and no obligation on Aladdin\u2019s part to cause Blackstone to do anything. The time for ADS to have protected itself from the risk that the OCC would make demands that Blackstone would not accept was when negotiating the words of the Merger Agreement. Instead of getting contractual assurances from Aladdin that Aladdin would pay the Business Interruption Fee unless Blackstone used best efforts \u2014 or some other form of efforts \u2014 to satisfy the OCC, ADS got nothing. Having struck a clear bargain, ADS cannot resort to extrinsic evidence to manufacture contractual obligations that are clearly foreclosed by an unambiguous Merger Agreement.\nFor that same reason, and for the additional reason that it never pled this claim in the Complaint, ADS\u2019s argument that the implied covenant of good faith and fair dealing holds Aladdin responsible for the failure of Blackstone, a non-party, to enter into a regulatory agreement that Blackstone had no duty to accept is without force. The explicit terms of the Merger Agreement are inconsistent with any implied duty on Aladdin of this kind.\nBecause ADS has not pled a viable claim for breach of the Merger Agreement, I dismiss its claim.\nII. Factual Background\nBecause this is a motion to dismiss, I have drawn all reasonable inferences in favor of ADS, who is the plaintiff in this action. All of the facts I rely upon are drawn either from the Complaint or the numerous documents ADS attached to the Complaint. ADS chose to incorporate into the Complaint not only the Merger Agreement and the Limited Guarantee, but also a substantial set of documents related to the OCC merger approval process, including: letters from Blackstone to the OCC; OCC letters to Blackstone; the agreements that the OCC wanted Blackstone to sign; a Blackstone press release; and several letters among various players in the negotiations between ADS, Aaddin, and Blackstone regarding the obstacles to closing the Merger.\nBecause ADS chose to attach these documents, I consider them, but construe any ambiguities in them in favor of ADS, consistent with the plaintiff-friendly standard applicable on a Rule 12(b)(6) motion.\nA. The Parties\nPlaintiff ADS is a Delaware corporation that describes itself as a \u201cprovider of marketing, loyalty and transaction services, managing over 120 million customer relationships for some of North America\u2019s most recognizable companies.\u201d Among its subsidiaries is World Financial, a \u201ccredit card bank regulated by the OCC.\u201d\nDefendant BCP V is a Delaware limited partnership. It is a $20 billion acquisition fund, which, put simply, means it is an investment fund that exists to buy and sell operating companies with the intention of generating profitable returns for the fund\u2019s investors. BCP V is one of several such funds operated by the Blackstone Group. ADS has not sued the Blackstone Group in this case.\nDefendant Aaddin Solutions is a Delaware corporation. It was formed by Blackstone for the purpose of acquiring ADS. At the time of the Merger Agreement, Aaddin Solutions was known as Aaddin Holdco, Inc., and owned 100% of Aaddin Merger Sub, another Delaware corporation. In its Complaint, ADS characterizes both Aaddin Solutions and Aad-din Merger Sub as \u201cassetless shell companies.\u201d This, of course, is a rhetorical flourish that is a tad overstated. Aaddin likely had assets in the form of contractual commitments by BCP V and certain investment banks to provide the equity and debt funding necessary to consummate the acquisition of ADS. But, the bottom line is that ADS is accurate in pointing out that Aaddin was an acquisition vehicle with no business or cash of its own, other than assets given to it to enable it to acquire ADS. Equally clear, however, is that ADS was well aware of this at the time it entered the Merger Agreement with only Aaddin, and not Blackstone, as a signatory on the buyer\u2019s side.\nB. ADS And Aladdin Sign The Merger Agreement\nAfter what ADS describes as \u201cdetailed due diligence and negotiations,\u201d ADS entered into the Merger Agreement with Aladdin Solutions and Aladdin Merger Sub on May 17, 2007. Under that Agreement\u2019s terms, Aladdin Merger Sub was to merge into ADS. Every share of ADS was to be canceled and exchanged for $81.75 in cash, and Aladdin was to assume all of ADS\u2019s debt. All in, BCP V\u2019s acquisition costs would have been $7.8 billion. To raise that money, BCP V planned to invest $1.8 billion of its own cash in equity and to borrow an additional $6.6 billion.\nThe only signatories to the Merger Agreement were ADS on the sell side, and the Aladdin entities on the other. Neither BCP V nor Blackstone itself was a signatory. The definition of \u201cParties\u201d in the Merger Agreement does not include either BCP V or Blackstone.\nADS alleges in the Complaint that during the course of the negotiations over the Merger Agreement, its representatives discussed with negotiators on the buy side the likelihood that the OCC would seek commitments Blackstone, and not simply Aladdin, regarding the capital levels and solvency of World Financial. According to ADS, the negotiators discussed a previous transaction in which the OCC demanded financial assurances from the ultimate parent of a bank as a condition to approving a merger, making the OCC\u2019s later demands to Blackstone something predictable to the negotiators of the Merger Agreement. ADS also claims that later, during post-signing negotiations about how to obtain OCC approval, Blackstone indicated that it was willing to provide assurances similar to what had been required in the previous transaction. The Complaint does not allege that Blackstone said it would accept these conditions when the Merger Agreement was being negotiated. Instead, ADS pleads only that during the contract negotiations no Blackstone representative \u201csuggested that Blackstone was unwilling to provide\u201d the type of guarantee the OCC eventually sought.\nBecause this is a motion to dismiss, these allegations must be accepted as true. But, at the same time, because ADS has brought claims for breach of contract, these allegations are also extrinsic evidence. What is perhaps most striking about them is the discordance between them and the actual contractual commitments that ADS extracted at the bargaining table. In other words, if one accepts, as I must do for present purposes, that oral banter of the kind just described occurred, and that it should have been obvious that the OCC would require a commitment from Blackstone, what is most striking is how far short of embodying that discussion and the accompanying reality in a binding contractual commitment ADS fell.\nA review of the provisions of the Merger Agreement that are especially important to the resolution of this motion begins the demonstration of this reality. First, it is worth reiterating that neither Blackstone nor BCP V even signed the Merger Agreement. At best, therefore, as we shall see, ADS negotiated to hold Aladdin responsible in certain limited situations for behavior by Blackstone. But, the Merger Agreement imposed no direct contractual obligations on either Blackstone or BCP V to act to obtain OCC approval.\nSecond, the closing is conditioned on certain regulatory approvals having been obtained, including approval by the OCC, an indication that the drafters focused on the particular regulatory risk at issue in this case. If all the necessary regulatory approvals were not obtained, then neither party had to go through with the Merger. At the same time, in \u00a7 6.5.1, the parties to the Merger Agreement (ADS, Aladdin Solutions, and Aladdin Merger Sub) promised to each use their:\nreasonable best efforts to take, or cause to be taken, all actions, and to do, or cause to be done, and to assist and cooperate with the other parties in doing, all things necessary, proper or advisable under applicable Laws to consummate and make effective, in the most expeditious manner practicable, the transactions provided for in this Agreement, including ... the taking of such actions as are necessary to obtain any requisite approvals, consents, Orders, exemptions or waivers by, or to avoid an action by, any Third Party or Governmental Entity relating to antitrust, merger and acquisition, competition, trade, banking or other regulatory matters.\nSection 6.5.1 did not impose any obligation on Aladdin to secure cooperation from Blackstone in obtaining approval from the OCC, a reality made clear by the fact that \u00a7 6.5.1 did impose such a duty on Aladdin as to antitrust approval. To that end, in a subsequent sentence of \u00a7 6.5.1, Aladdin covenants to cause Blackstone to act in whatever way is necessary to secure antitrust approval. But, in sharp contrast to that antitrust provision, the only best efforts obligation as to OCC approval was imposed on Aladdin alone, and not Blackstone.\nThe most that ADS extracted as to Blackstone, in terms of the OCC approval process, was a negative covenant. In \u00a7 6.5.6, Aladdin covenanted to \u201ccause [Aladdin Solutions and its affiliates] not to\u201d take any action \u201cwhich would reasonably be expected to prevent or materially impair or delay [the Merger].\u201d That is, ADS did get Aladdin to commit that it would be liable for breach of contract if it could not get Blackstone to refrain from taking any actions that would prevent or delay the Merger.\nThe Merger Agreement also strictly limits Aladdin\u2019s exposure to monetary liability in the event it commits a breach of the contract. In a case for monetary damages, ADS is only entitled to receive a $170 million Business Interruption Fee from Aladdin Solutions. ADS protected its ability to receive the Business Interruption Fee by entering into a \u201cLimited Guarantee\u201d with ADS to ensure that someone with cash would be liable if there was a breach giving rise to a right of ADS to receive the Business Interruption Fee. The Limited Guarantee was a purely financial commitment, only designed to make sure that if there is a breach, ADS was not left trying to sue companies that lacked the resources to compensate ADS. Nothing in the Guarantee required BCP V or any other part of Blackstone to undertake any obligation to see that the Merger itself was consummated.\nC. The OCC Approval Process Derails The Merger\nBecause Aaddin would acquire World Financial, a credit card bank, as part of the Merger, the transaction needed the OCC\u2019s blessing. But, once the approval process got underway, it became evident that the OCC and Blackstone had very different pictures of Blackstone\u2019s post-Merger role: Blackstone saw itself as an investor protected by limited liability, whereas the OCC saw Blackstone as a source of funds that would make sure that World Financial continued to meet its regulatory obligations.\nThis was a divide of precedential importance for both the OCC and Blackstone. From the OCC\u2019s perspective, it was wary of the high leverage with which private equity firms manage their operating companies, and it wished to establish that the ultimate private equity parent of any bank the OCC regulated was on the hook to support that bank. From Blackstone\u2019s perspective, it was reluctant to assent to having one of its funds, much less the ultimate core Blackstone parent entity, on the hook to a federal regulatory agency for a particular portfolio company\u2019s capital levels and solvency. It was one thing for the regulatory agency to extract capital and other requirements from the operating company itself, but to go further and have a particular Blackstone fund \u2014 with obligations to its investors to return their capital on agreed terms \u2014 tie up its capital through agreements with a federal regulator was highly problematic. As we shall see, this fundamental impasse in viewpoints was never resolved.\nIn late June 2007, a little over a month after the Merger Agreement was signed, Blackstone, BCP V, and Aladdin submitted a Notice of Change of Control to the OCC. Mmost five months later, on November 19, the OCC sent Blackstone a proposal requiring that it provide \u201can unlimited source of strength commitment\u201d in exchange for the OCC\u2019s approval. As then contemplated by the OCC, Blackstone would promise to provide any financial support necessary to make sure that World Financial complied with its minimum liquidity and capital requirements. This would have forced Blackstone to pay out a potentially unlimited amount of its own money to ensure that World Financial met regulatory requirements. But, Blackstone was not anxious to pierce its limited liability and put all of its assets at risk. Blackstone\u2019s business model is to operate a series of funds, of which BCP V is an example. These funds make money for their owners by investing in operating businesses that are operated through limited liability entities to prevent the under-performance of any single company from harming a fund\u2019s investment in other companies. In other words, Blaekstone seeks to cabin its risk for any portfolio company by restricting its investment in each company in a disciplined way. Likewise, its portfolio companies are held through specific funds, which each have specific investment horizons and criteria and obligations to their investors to return their capital after particular time periods have elapsed. For BCP V itself to enter into an obligation forcing it to deploy additional capital to a particular portfolio company was therefore highly problematic, and the notion that the ultimate Blaekstone parent entity (or its family of funds) would do so was even more difficult. Therefore, in several ensuing submissions, Blaekstone attempted to persuade the OCC that its demand that a private equity firm like Blaekstone give unlimited commitments was unreasonable and unnecessary.\nBlackstone\u2019s efforts at persuasion had only a limited effect. The OCC made a second proposal (the \u201cOCC Proposal\u201d) that included two agreements of particular relevance to this motion: a \u201cCapital Assurance and Liquidity Maintenance Agreement\u201d and a \u201cCapital and Liquidity Support Agreement\u201d (together the \u201cProposed Agreements\u201d). Unless Blaekstone signed those Agreements, the OCC stated that it would consider Blackstone\u2019s application to be incomplete and would not even \u201cdecide whether or not to disapprove\u201d the Merger.\nThe Proposed Agreements themselves are rather odd documents. In addition to the signatures of the parties to the Merger Agreement (Aladdin Solutions, Aladdin Merger Sub, and ADS) and World Financial, the OCC wanted the signatures of the Blaekstone Group and a dozen of its affiliates (together, the \u201cBlaekstone Entities\u201d). The Proposed Agreements start with broad and lengthy acknowledgments whose precise legal effect is not apparent, but whose breadth could provide the OCC with strong political and public relations leverage in a situation where World Financial suffered a liquidity or capital shortage. As proposed, the Blaekstone Entities had to \u201cacknowledge that [World Financial] is obligated to maintain sufficient capital such that [World Financial\u2019s] capital meets or exceeds the levels required by the Operating Agreement.\u201d Similar \u201cacknowledgments\u201d had to be made about World Financial\u2019s liquidity. And, in the event that World Financial needed money to meet its minimum capital and liquidity requirements, it was to \u201cimmediately notify\u201d the Blaekstone Entities.\nUnder ADS\u2019s reading, both at the time that negotiations with the OCC were ongoing and in the context of this litigation, these broad acknowledgments were rendered meaningless by the rest of the Agreements. Specifically, ADS asserted, and continues to assert, that Blackstone should not care about the fact that the OCC wanted Blackstone to make broad declarations to the federal government because this commitment was carefully cab-ined under the rest of the Proposed Agreements.\nIn the mechanics of the Proposed Agreements, ADS and Aladdin Solutions were to act as a first line of defense. They were to contractually promise to provide whatever funds were necessary to maintain World Financial\u2019s capital and liquidity requirements, and, almost immediately after the Proposed Agreements were signed, ADS and Aladdin Solutions would have had to provide a $400 million credit facility that World Financial could use to support itself (the \u201cADS Fund\u201d).\nIf ADS and Aladdin Solutions did not create the ADS Fund or failed to maintain it, then the Blackstone signatories would have had to provide a $400 million credit facility of their own. World Financial would then be able to draw down on that credit facility to maintain its minimum liquidity and capital requirements. Thus, although Blackstone\u2019s commitment was second in line, the OCC continued to require that Blackstone guarantee that World Financial would meet its ongoing regulatory requirements.\nBut, the parties fundamentally disagree about what this requirement actually meant. ADS argues that Blackstone would have had no responsibilities unless the ADS Fund was never funded, became inaccessible, or had investment losses. Blackstone contends that the OCC Proposal would have also required a commitment in the event that the ADS Fund was depleted and World Financial needed more capital or liquidity.\nUnfortunately, the OCC did not help to clarify this matter in the letters it sent to Blackstone\u2019s lawyers while the discussions about the OCC Proposal were ongoing. In an early letter, the OCC stated that Blackstone would only have to provide a source of strength if ADS and Aladdin Solutions \u201chad not provided or maintained the collateral or other security required of them.\u201d But, in a subsequent letter, sent only two days before the Merger Agreement\u2019s drop dead date, the OCC stated that Blackstone would have to fund any shortfall at World Financial \u201cif ADS and [Aladdin Solutions] had failed to perform on their obligations ... and the [ADS Fund] had failed.\u201d Because this is a motion to dismiss, I give ADS the benefit of this dispute, meaning that I evaluate this motion as if the OCC only required that Blackstone provide a credit facility if the ADS Fund was never funded or was not properly maintained.\nAfter the January 2008 OCC Proposal, the relationship between Blackstone and Aladdin apparently became much more strained. Two days after the OCC communicated its Proposal, Aladdin contacted ADS to inform it that the OCC Proposal demanded \u201cextraordinary measures\u201d from ADS, Aladdin, and Blackstone and, as a result, OCC approval would likely not be obtained, and thus the Merger Agreement\u2019s closing conditions would likely not be met. This was followed three days later by a press release in which Blackstone stated that it remained committed to the Merger, but the OCC was requiring \u201cunprecedented and unacceptable financial and operational requirements that would impose an unlimited and indefinite liability\u201d on Blackstone.\nADS brought its first lawsuit in late January 2008, arguing that Aladdin was breaching the Merger Agreement by refusing to assent to the OCC\u2019s demands. Within ten days of filing, ADS withdrew its suit, and Aladdin continued to seek OCC approval of the Merger, with ADS offering concessions to help bridge the gap between Blackstone and the OCC.\nSpecifically, in February 2008, ADS offered to reduce the purchase price in the Merger Agreement by $400 million to induce Blackstone to agree to the OCC Proposal. ADS contends that Blackstone could have put the $400 million it would have paid to ADS stockholders in U.S. Treasury securities and used those assets to secure the ADS Fund. Thus, in ADS\u2019s estimation, the creation of the ADS Fund would not have placed an additional burden on Blackstone, and with the money supporting that Fund invested in Treasury securities, there would be little chance that Blackstone\u2019s own assets would ever be called upon under its secondary commitments. In ADS\u2019s reading, the OCC Proposal would not \u201cexposfe] Blackstone to any meaningful risk or expense.\u201d The defendants, however, stress that Blackstone would have had to set aside $400 million in capital to satisfy Blackstone\u2019s commitment in case it was ever called, and that, regardless, Blackstone was still being asked to assume a contingent liability, even if the probability of ever paying out was relatively small. It is also clear from the OCC communications attached to the Complaint that the OCC viewed Blackstone\u2019s written commitment to be materially and substantively valuable to it as a regulatory agency.\nTaking advantage of ADS\u2019s concession, Aladdin made its own counter-proposal to the OCC. On February 19, Aladdin offered to accept a number of conditions at the World Financial and ADS levels and to put the $400 million concession by ADS into liquid securities (defined to be cash, treasuries, insured deposits, and anything else the OCC agreed to) and pledge those securities to guarantee that World Financial meets its minimum capital and liquidity requirements. The result would have been exactly what ADS wanted Blackstone to agree to, just without Blackstone\u2019s secondary commitment, which ADS portrays as not a meaningful risk or expense. But, the OCC, apparently feeling as Blackstone did that the OCC Proposal did require some meaningful commitment on Blackstone\u2019s part, refused to approve the new arrangement. Consistent with its previous statements, the OCC refused to give its approval unless Blackstone and twelve of its affiliates provided a backup source of strength that could be drawn down if the ADS Fund failed. Ultimately, it wanted Blackstone to be on the hook for something, stressing that \u201cthe OCC believes in this case it is appropriate to require some form of financial responsibility from the ultimate controlling owners,\u201d and that \u201cBlackstone must provide some type and measure of financial support for [World Financial].\u201d\nThis fundamental divide was never closed. Despite several rounds of letters among ADS, Blackstone, Aladdin, and the OCC, the OCC continued to demand that Blackstone provide a backup source of strength, and Blackstone refused to incur any obligation on the part of itself or any entities it controlled besides Aladdin Solutions and Aladdin Merger Sub.\nOn April 18, Aladdin attempted to terminate the Merger pursuant to \u00a7 8.1(b)(ii) of the Merger Agreement, which allows any non-breaching party to terminate the Agreement if the Merger did not close by April 18. ADS maintains that Aladdin\u2019s termination was invalid because Aladdin had breached the Agreement, and responded by terminating the Merger Agreement under another provision that allows ADS to terminate the Merger Agreement in the event of a breach by Aladdin and which entitles ADS to the Business Interruption Fee.\nD. The Counts In The Complaint\nADS brings its Complaint against only Aladdin Solutions and BCP V, and not the Blackstone Group. In the first count of the Complaint, ADS alleges that Aladdin breached the Merger Agreement by refusing to pay the Business Interruption Fee, as well as $3 million in fees and expenses that ADS incurred in connection with the Merger approval process. ADS contends that Aladdin is liable because its failure to use its reasonable best efforts to secure the OCC\u2019s approval, and its failure to keep Blackstone from impeding the Merger\u2019s approval (by declining to agree to the OCC\u2019s demands), were material breaches of \u00a7\u00a7 6.5.1 and 6.5.6 of the Merger Agreement that gave rise to the failure of the regulatory approval closing condition. In the second count of the Complaint, ADS alleges that BCP V breached the Limited Guarantee by not paying ADS the Business Interruption Fee and other amounts ADS claims it is owed.\nThe defendants have moved to dismiss both claims under Rule 12(b)(6), asserting that ADS has not stated a claim that Aladdin breached the Merger Agreement, and therefore neither Aladdin nor BCP V was ever obligated to pay ADS the Business Interruption Fee or its expenses. Their core argument is that the Merger Agreement imposed no duty on Blackstone (or on Aladdin to cause Blackstone) to take any affirmative action to obtain the OCC\u2019s approval for the Merger. Because the Merger Agreement imposed no obligation on Blackstone to assent to any demands by the OCC, and because the only beef ADS has with Aladdin is based on Blackstone\u2019s refusal to bend to the will of the OCC, ADS has, in the defendants\u2019 view, failed to state a claim for breach of the Merger Agreement.\nIII. Legal Analysis\nThe question before this court is whether the Complaint states a claim that Aladdin breached the Merger Agreement. \u201cUnder Delaware law, the proper interpretation of language in a contract is a question of law.\u201d When interpreting a contract, a court\u2019s task is to \u201csatisfy the reasonable expectations of the parties at the time they entered into the contract.\u201d In doing so, a court will only look at evidence outside of the contract where \u201cthe provisions in controversy are reasonably or fairly susceptible of different interpretations or may have two or more different meanings.\u201d\nThus, even though I must accept ADS\u2019s allegations regarding the Merger Agreement negotiation process as true, that par-ol evidence is irrelevant if the Merger Agreement is unambiguous and susceptible of only one reasonable interpretation In this regard, it bears emphasis that ADS has not brought a fraud claim and relies entirely on a theory of contractual breach.\nThe parties also agreed that the Merger Agreement contains the entirety of their bargain. The Merger Agreement states that \u201c[t]his Agreement [and certain related documents] constitute the entire agreement of the Parties and supersede all prior agreements and undertakings, both written and oral, between the Parties, or any of them, with respect to the subject matter hereof and thereof.\u201d In addition, although the parties to the Merger Agreement made many representations in the Merger Agreement, they prominently disclaimed any other representations they might have made:\nEXCEPT FOR THE REPRESENTATIONS AND WARRANTIES CONTAINED IN THIS AGREEMENT, NONE OF [Aladdin Solutions], [Aladdin Merger Sub] AND [ADS] MAKES ANY OTHER REPRESENTATIONS OR WARRANTIES, AND EACH HEREBY disclaims any other representations or warranties made by itself [or any of its representatives] with respect to the execution and delivery of this Agreement or the Merger [except for certain representations related to disclosure and other documentation].\nA. No Blackstone Entity Was A Party To The Merger Agreement\nAbsent unusual circumstances not present here, the ordinary rule is that only the formal parties to a contract are bound by its terms. The Merger Agreement was only signed by three parties: Aladdin Merger Sub, Aladdin Solutions, and ADS. Accordingly, only those three parties had obligations under that Agreement. No other Blackstone affiliate entered into the Merger Agreement, and thus they did not have any obligations under the Agreement.\nThe only other entity that signed an agreement with ADS was BCP V. In conjunction with the Merger, BCP V entered into the Limited Guarantee, under which it promised ADS that it would guarantee Aladdin\u2019s payment of the $170 million Business Interruption Fee, as well as up to $3 million in ADS costs related to financing and debt tender offers. But that was the extent of BCP Vs' commitment in the Limited Guarantee. BCP V only promised to pay those fees if Aladdin had to pay those fees. It did not promise to perform in any other way.\nADS recognizes that Blackstone and BCP V have no direct obligations under the Merger Agreement themselves. What it does argue, however, is that Aladdin agreed to be responsible for a breach in certain circumstances if Blackstone and BCP V failed to take certain actions related to the OCC approval process. Thus, both BCP V\u2019s and Aladdin\u2019s liability turn on the same fundamental question: is Aladdin liable for a breach of the Merger Agreement because Blackstone refused to agree to the OCC\u2019s demands?\nB. The Merger Agreement Did Not Make Aladdin Contractually Responsible For Any Refusal Of Blackstone To Negotiate With Or Agree To Terms With The OCC\nADS bases its claims on three provisions of the Merger Agreement summarized earlier: (1) \u00a7 6.5.1, a covenant by Aladdin to use its reasonable best efforts to secure necessary regulatory approvals; (2) \u00a7 6.5.6, a covenant by Aladdin to keep Blackstone from preventing or impeding the completion of the Merger; and (3) \u00a7 5.2, a representation in which Aladdin stated that it had the power to fulfill its obligations under the Merger Agreement. The crux of ADS\u2019s argument under all three provisions is that Aladdin was responsible for making Blackstone agree to the OCC Proposal, and because Blackstone did not agree to what ADS considers to be a fair proposal, there was a breach of the Merger Agreement. But, none of those provisions makes Aladdin responsible for forcing Blackstone to agree to the OCC Proposal. Thus, ADS cannot state a claim for breach of contract by complaining that Blackstone did not agree to the OCC Proposal.\n1. ADS Does Not State A Claim That Aladdin Breached \u00a7 6.5.1 Of The Merger Agreement\nThe first provision in the Merger Agreement that ADS claims was breached, \u00a7 6.5.1, is a promise by the parties to that Agreement to use their reasonable best efforts to complete the Merger. ADS contends that in this section Aladdin promises to make Blackstone act to get OCC approval. But, that argument fails because the clear and unambiguous language of the Merger Agreement shows that, in contrast to certain other sections in the Merger Agreement, in \u00a7 6.5.1, Aladdin only promises that it will use its own reasonable best efforts, not that Blackstone will use any effort. And, ADS has not stated a claim that Aladdin did not use its reasonable best efforts.\na. Section 6.5.1 Only Required Aladdin, And Not Blackstone, To Use Its Reasonable Best Efforts To Secure Regulatory Approval\nThe covenant concerning OCC approval, and most of the other regulatory approvals, appears in the first sentence of \u00a7 6.5.1. That sentence is an affirmative covenant stating that:\nEach of the Parties shall use its reasonable best efforts to ... do, or cause to be done, ... all things necessary, proper or advisable under applicable Laws to consummate and make effective, in the most expeditious manner practicable, the transactions provided for in this Agreement, including ... the taking of such actions as are necessary to obtain any requisite approvals, consents, Orders, exemptions or waivers by, or to avoid an action by, any Third Party or Governmental Entity relating to antitrust, merger and acquisition, competition, trade, banking or other regulatory matters....\nThis sentence only covers the \u201cParties,\u201d a term defined in the Merger Agreement to be Aladdin Solutions, Aladdin Merger Sub, and ADS. The plain meaning of the above-quoted part of \u00a7 6.5.1 imposes no obligation on Blackstone to use any effort, or for Aladdin to cause Blackstone to use any effort. This is in sharp contrast to what respected authorities advocate that a seller should extract in the acquisition agreement, which is a covenant by the acquirer that its parent will also work toward completion of the transaction.\nNotwithstanding this gap, ADS seizes on the phrase \u201ccause to be done\u201d and argues that this language means that Aladdin was somehow required to cause Blackstone to act. But, as will now be shown, in other sections of the Merger Agreement, when Aladdin was to be contractually on the hook for \u201ccausing\u201d Blackstone to do or not do something, the parties made that explicit.\nThat is, the fact that the parties to the Merger Agreement did not intend to bind Blackstone in the relevant part of \u00a7 6.5.1 is underscored by the presence of express covenants about Blackstone in other places in the Agreement. The definitions section of the Merger Agreement includes the phrase \u201cParent Group,\u201d which is defined to include Aladdin Solutions and its affiliates (i.e., Blackstone). That term is used in several places throughout the Merger Agreement. Most notably, in the sentence after the above-quoted language in \u00a7 6.5.1, Aladdin covenants that it will make Blackstone act to obtain antitrust approval. Specifically, Aladdin covenants that it \u201cshall, and shall cause each other member of the Parent Group to ... offer to commit to take any action which it is capable of taking [to get antitrust approval].\u201d Thus, as to antitrust approval, but not OCC approval, Aladdin committed itself to being held liable for breach of contract if it could not get Blackstone to do what was necessary to get regulatory approval.\nSimilarly, there are other specific parts of the Merger Agreement where Aladdin agreed to be contractually responsible for actions of Blackstone. Most prominently, Aladdin promised in \u00a7 6.5.6 to be liable if Blackstone prevents or impedes the closing of the Merger. In another section, Aladdin made representations about Blackstone\u2019s investments. Therefore, it is clear that ADS knew how to make Aladdin liable for the actions of Blackstone. And, the parties clearly understood that Blackstone and BCP V were separate legal entities from Aladdin. That was why they carefully and specifically identified those instances where Aladdin was responsible for the actions of those entities. The fact that ADS made sure to negotiate for a Limited Guarantee from BCP V is another example of this reality. Understanding that Aladdin Solutions and Aladdin Merger Sub were acquisition vehicles with limited assets, ADS secured a commitment from BCP V to ensure that the Business Interruption Fee would be paid if Aladdin committed a breach.\nStated summarily, the Merger Agreement is clear about those limited instances when Aladdin was on the hook for Blackstone\u2019s conduct. The Merger Agreement carefully distinguishes between those entities that are parties and those that are not. The Merger Agreement itself also reflects a recognition that regulators might require the actions of non-parties in connection with approving the Merger by holding Aladdin responsible for Blackstone\u2019s willingness to take actions necessary to obtain antitrust approval.\nRealizing these problems for its position, ADS\u2019s skillful advocates attempt to turn a weakness in their case into a strength. To this end, ADS argues that the specific provisions to the antitrust approval process \u2014 which are potent and impose liability on Aladdin if Blackstone fails to take any action, however extreme, necessary to secure antitrust approval \u2014 are simply an example of the uncabined obligations that Aladdin and Blackstone had as to every regulatory approval. But, the clear intention of the antitrust \u201chell or high water\u201d provision was to reflect an instance where much greater protection was afforded to ADS on a specific regulatory issue. The only reference in the antitrust sentence to the previous provisions is that the antitrust sentence begins with the phrase \u201c[w]ithout limiting the foregoing.\u201d Although that indicates that the antitrust sentence does not limit the effect of the general proposition in \u00a7 6.5.1, it cannot reasonably be read as broadening the plain and limited meaning of the first sentence of \u00a7 6.5.1. That first sentence requires reasonable best efforts to secure regulatory approvals only by Aladdin, and does not impose any liability on Aladdin for any refusal of Blackstone to enter agreements with regulators.\nADS is a sophisticated party that, by its own admission, was aware of the need for OCC approval of the Merger. But, it failed to secure any commitment from Aladdin that Blackstone would use any form of effort \u2014 much less reasonable best efforts \u2014 to secure OCC approval. ADS secured only commitments from Aladdin itself. Although ADS may now regret the bargain it struck, that bargain is not unclear, and this court cannot change the terms of the deal by considering parol evidence. ADS only has a remedy under \u00a7 6.5.1 if Aladdin itself did not use its reasonable best efforts to secure OCC approval.\nb. ADS Does Not Allege Facts Supporting An Inference That Aladdin Failed To Exert Reasonable Best Efforts To Obtain The OCC\u2019s Approval\nADS alleges in a conclusory manner that Aladdin did not use its reasonable best efforts to obtain OCC approval. But, even though this is a motion to dismiss, ADS is only entitled to reasonable inferences of fact in its favor. Although pled facts are taken as true, unsupported con-. clusory statements are not afforded such deference.\nHere, ADS concedes that Aladdin itself was willing to enter into assurances of the kind the OCC was demanding. Its only complaint about Aladdin\u2019s behavior is that Aladdin did not somehow force Blackstone to agree to the OCC\u2019s demands. As just explained, Aladdin had no contractual obligation to make Blackstone exert best efforts to secure OCC approval.\nThe apparent reason that ADS focuses so singularly on Blackstone\u2019s non-agreement with the OCC and not on anything Aladdin failed to do is simple: the OCC communications attached to the Complaint make it clear that nothing that Aladdin could have done in isolation from Blackstone would have satisfied the OCC. Indeed, Aladdin offered to set up the ADS Fund on terms agreeable to the OCC, and to live with other stringent capital and leverage requirements which would have had the indirect effect of limiting BCP V\u2019s return on investment from its acquisition of ADS. But, the OCC continued to require that the Blackstone Group and twelve of its affiliates make a commitment, and thus Aladdin was unable to get the consent on its own.\nDespite the fact that it has not provided any reason to believe that Aladdin had any power to compel Blackstone, ADS argues that it is a question of fact as to whether Aladdin used its reasonable best efforts because other courts have interpreted this issue as a question of fact. But, under Delaware law, the actual meaning of the Merger Agreement is a question of law. And, although I must grant ADS the benefit of rational inferences, I need not accept its conclusory allegations. ADS\u2019s only gripe is with the fact that Blackstone did not agree to what the OCC proposed. Without pleading any facts to support the inference that Aladdin had the contractual duty to cause Blackstone to agree to the OCC\u2019s demands, Blackstone\u2019s inaction does not constitute a failure to act on Aladdin\u2019s part. As a result, the Complaint fails to allege any failure by Aladdin itself to use reasonable best efforts to secure OCC approval, and ADS has failed to state a claim for breach of \u00a7 6.5.1 of the Merger Agreement.\n2. ADS Has Not Stated A Claim That Aladdin Breached Its Obligations Under \u00a7 6.5.6\nAs we have seen, \u00a7 6.5.1 of the Merger Agreement was an affirmative covenant pledging that Aladdin would use its own reasonable best efforts to secure OCC approval. That covenant did not require Aladdin to cause Blackstone to undertake any effort at all toward that end. As an answer to this difficult dilemma for itself, ADS has seized on a different section of the Merger Agreement: \u00a7 6.5.6, a negative covenant, which holds Aladdin responsible if Blackstone takes certain actions. This provision states, in its entirety, that:\nExcept as expressly contemplated by this Agreement, neither [Aladdin Solutions] nor [Aladdin Merger Sub] shall, and each of [Aladdin Solutions] and [Aladdin Merger Sub] shall cause each member of the Parent Group not to, take or cause or permit to be taken any action (including the acquisition of businesses or assets) which would reasonably be expected to prevent or materially impair or delay the consummation of the transactions contemplated by this Agreement.\nThis covenant is plainly limited to keeping Blackstone from acting in an affirmative way to prevent, impair, or delay the closing of the Merger. In this sense, it is distinct from \u00a7 6.5.1. Section 6.5.1 was an affirmative covenant obligating Aladdin to use reasonable best efforts to obtain regulatory approval, whereas \u00a7 6.5.6 was a negative covenant directed toward making sure that Aladdin and its Parent Group did not take affirmative action designed to thwart the closing of the Merger.\nADS fails to identify any affirmative step Blackstone took that impeded the Merger\u2019s closing in any way. Rather, it complains about what Blackstone did not do, which was to agree with the OCC\u2019s demands. ADS attempts to convert this inaction into an affirmative, impeding act by phrasing Blackstone\u2019s inaction in affirmative terms, for example, that Blackstone was \u201crejecting proposals\u201d by failing to accept the OCC\u2019s demands. ADS also tries to punish Blackstone for even engaging with the OCC by contending that Blackstone did not show good faith in its negotiations with the OCC. But, of course, Blackstone had no obligation to engage with the OCC at all. At bottom, the only genuine argument that ADS raises about Blackstone\u2019s good faith is that Blackstone, for its own business reasons, concluded that accepting the OCC\u2019s terms was not in its own financial best interests.\nThese allegations are not the stuff of which a violation of a negative covenant like \u00a7 6.5.6 is made. By its clear terms, \u00a7 6.5.6 is only concerned with preventing Blackstone from acting to impede the Merger\u2019s closing. ADS itself admits as much, noting that \u201c[sjection 6.5.1 defines the scope of what actions Aladdin must take or cause others to take .... [sjection 6.5.6 identifies actions Aaddin must not take and must prevent the Blackstone Parent Group from taking.\u201d This tracks a generally acknowledged distinction in merger agreements between affirmative and negative covenants: affirmative covenants require that a bound party take action while negative covenants forbid action.\nBecause liability under a negative covenant can only arise from an action, Blackstone\u2019s refusal to consent to the OCC Proposal is not a violation of a negative covenant. ADS\u2019s creative rephrasing of Blackstone\u2019s negative response to the OCC\u2019s demands for affirmative action does not change this reality. \u201cRejecting\u201d the OCC Proposal is the same thing as not agreeing to that Proposal.\nTo read \u00a7 6.5.6 as ADS contends would not only distort its plain meaning, it would override the carefully negotiated provision of the Merger Agreement dealing with the parties\u2019 duties to take certain affirmative actions necessary to secure regulatory approval: \u00a7 6.5.1. If, as ADS contends, \u00a7 6.5.6 requires Aladdin and Blackstone not to \u201crefuse\u201d any OCC demand necessary to get regulatory approval, what is the need for \u00a7 6.5.1? And, why the limitations on Aaddin\u2019s responsibilities under \u00a7 6.5.1? Section 6.5.1 limits Aladdin to using \u201creasonable best efforts,\u201d while \u00a7 6.5.6 contains no qualifying language. And \u00a7 6.5.1, of course, clearly omits any requirement that Aladdin be held responsible for any lack of affirmative effort on Blackstone\u2019s part to get OCC approval, while simultaneously holding Aladdin responsible if Blackstone did not honor a \u201chell or high water\u201d obligation to clear antitrust approval. Given that \u00a7 6.5.1 clearly covers the affirmative obligations of the parties in the regulatory context, it disrupts the sensible structure of the Merger Agreement to read \u00a7 6.5.6 as being other than what it purports to be: a negative covenant that has the limited and complementary purpose of prohibiting parties from taking affirmative action with the likely effect of impeding the Merger\u2019s closing.\nPut simply, \u00a7 6.5.1 of the Merger Agreement makes clear that Aladdin had no contractual responsibility to make Blackstone do anything affirmative to obtain OCC approval. Section \u00a7 6.5.6 does not override that, and Blackstone\u2019s refusal to assent to the OCC\u2019s demands was not an affirmative act impeding the Merger in the sense prohibited by the negative covenant contained in \u00a7 6.5.6. ADS has thus failed to state a claim for breach of \u00a7 6.5.6.\n3. Aladdin Did Not Breach The Merger Agreement By Representing That It Controls Blackstone\nADS also asserts that Aladdin breached the Merger Agreement by falsely representing that it had the power to control Blackstone. To do so, ADS seizes upon the fact that Aladdin agreed to make Blackstone act or prevent Blackstone from acting in provisions like the antitrust sentence of \u00a7 6.5.1 or the negative covenant in \u00a7 6.5.6. ADS argues that these provisions, combined with Aladdin\u2019s representation in \u00a7 5.2 that it had the power necessary to complete the Merger, indicate that Aladdin somehow represented that it controlled Blackstone, when all the parties knew that the reverse was true: Blackstone controlled Aladdin. This argument fails because it misconstrues what Aladdin said it could do. Aladdin only represented that it could make Blackstone behave in the specific and narrow ways that it promised, not that it had unlimited control to make Blackstone and all of its affiliates do whatever Aladdin wished.\nADS\u2019s argument here turns on Aladdin\u2019s representation that:\nEach of [Aladdin Solutions] and [Aladdin Merger Sub] has all necessary corporate power and authority to execute and deliver this Agreement, to perform its obligations hereunder and to consummate the transactions provided for herein. The execution and delivery of this Agreement, by each of [Aladdin Solutions] and [Aladdin Merger Sub], and the consummation by [Aladdin Solutions] and [Aladdin Merger Sub] of the transactions provided for herein have been duly and validly authorized by all necessary corporate action on the part of [Aladdin Solutions] and [Aladdin Merger Sub], and no other corporate proceedings on the part of [Aladdin Solutions] or [Aladdin Merger Sub] and no vote of [Aladdin Solutions\u2019] stockholders are necessary to authorize this Agreement or to consummate the transactions provided for herein.\nADS says that \u00a7 5.2, when read in light of other provisions in the Merger Agreement that recognize the necessity for Blackstone to take certain steps in connection with the Merger approval process, must be read as a general representation that Aladdin had the power to control Blackstone and cause it to do anything reasonably necessary to secure approval of the Merger.\nThat is a strained argument that distorts the plain meaning of a common term in acquisition agreements. The essence of \u00a7 5.2 is that Aladdin has the power to do what it says it will do. In this case, the operative language is \u201call necessary corporate power and authority ... to perform its obligations hereunder and to consummate the transactions provided for herein.\u201d In making that representation, Aladdin only represents it has the power to do what it promises to do in the Merger Agreement.\nAs detailed previously, when Aladdin was willing to be held accountable for the actions of Blackstone, the parties detailed that specifically in the Merger Agreement. For example, Aladdin promised to keep Blackstone from issuing a press release in certain circumstances, and to cause Blackstone to divest itself of certain assets to obtain antitrust approval. But, the fact that Aladdin was willing to be held responsible in specific situations for Blackstone\u2019s behavior provides no rational basis for reading \u00a7 5.2 as a general assurance that Aladdin had the power to make Blackstone do anything it wished. Aladdin only contracted that it had the ability to prevent Blackstone from acting or to cause Blackstone to act in a small number of carefully defined ways.\nThe Merger Agreement specifically defines Aladdin\u2019s \u201cParent Group\u201d precisely to clarify those situations when Aladdin was responsible for the Parent Group\u2019s actions. Reading \u00a7 5.2 as silently embodying a contractual promise by Aladdin that it would guarantee that the Parent Group (i.e., Blackstone) would take any action required of Aladdin itself would undermine all the careful work the parties did in specifically articulating those situations when Aladdin was responsible for Blackstone\u2019s behavior. Put simply, if Aladdin had the contractual duty to make Blackstone do everything Aladdin itself was bound to do, then Blackstone would not have been defined as part of a \u201cParent Group,\u201d and there would have been no need for specific provisions discussing Aladdin\u2019s responsibility for Blackstone\u2019s behavior in certain contexts.\nIn its arguments, ADS has made much of the alleged fact that Blackstone and Aladdin are both controlled by Stephen Schwarzman, the CEO of the Blackstone Group. For purposes of this motion, one can assume that Schwarzman has substantial influence over Blackstone and could have caused it to do what the OCC wished, if that was in Blackstone\u2019s interest. But, ADS is not entitled to a remedy by proving that mundane reality. ADS knew, as the plain terms of the Merger Agreement show, that it was not striking a deal with the Blackstone Group, BCP V, or Schwarz-man. ADS was doing a deal with Aladdin. ADS is only entitled to what it was promised from the entities that made those promises. The issue is not one of Blackstone\u2019s or Schwarzman\u2019s power; it is whether Blackstone or Schwarzman had any contractual duty to ADS, and the answer is clearly that they did not. Likewise, the issue is not whether Schwarzman had sufficient managerial power to cause Blackstone to act at the OCC\u2019s behest; the question is whether Aladdin had any duty to cause Blackstone to act to meet the OCC\u2019s demand, or any liability if Blackstone chose not do so. The answer to this question is also clear: Aladdin did not.\nA huge amount of wealth generation results from the use of distinct entities by corporate parents to conduct business. This allows parents to engage in risky endeavors precisely because the parents can cabin the amount of risk they are undertaking by using distinct entities to carry out certain activities. Delaware law respects corporate formalities, absent a basis for veil-piercing, recognizing that the wealth-generating potential of corporate and other limited liability entities would be stymied if it did otherwise.\nTo follow this traditional practice here works no unfairness to ADS. ADS knew with whom it was contracting and with whom it was not. The bottom line for ADS is that it only contracted with Aladdin, and in \u00a7 5.2 simply got an assurance that Aladdin had the authority and power to do all that it was required to do under the Merger Agreement. ADS has made no allegation that Aladdin lacked such power as to its own duties. The fact that ADS -wishes it had struck a bargain with Blackstone directly does not change the reality that ADS knew that the Merger Agreement did not impose obligations on Blackstone directly. ADS has not stated a claim for breach of \u00a7 5.2 of the Merger Agreement.\nC. A Reading Of The Entirety Of The Merger Agreement Does Not Support A Finding That Aladdin Breached The Agreement\nIn a brief snippet of its answering brief, ADS argues that, even if nothing in the Merger Agreement actually obligated Aladdin to somehow force its parent to agree to the OCC Proposal, the overall plan of that Agreement shows that the parties intended to bind Blackstone to use its best efforts to obtain OCC approval. But, while it is true that in interpreting a contract \u201ca court must construe the agreement as a whole,\u201d a reading of the Merger Agreement reveals no intention to force Blackstone to act. The Merger Agreement is a highly negotiated document that stretches over almost seventy, single-spaced pages. It carefully distinguishes between situations when the parties alone had obligations and situations when the parties would be responsible for conduct of their affiliates. Most notably, ADS successfully got Aladdin to make itself liable if Blackstone did not do whatever it could to get antitrust approval. But, ADS did not get Aladdin to make any promises about what Blackstone would do to get the OCC\u2019s approval. That is the bargain that ADS made, and its attempt to introduce extrinsic evidence to contradict the plain terms of the Merger Agreement is not permitted by the contract law of this state.\nD. Aladdin Did Not Breach The Implied Covenant Of Good Faith And Fair Dealing\nFor similar reasons, I reject an argument that ADS introduced in another small part of its answering brief, which is that, even if there is nothing in the Merger Agreement which obligates Aaddin to make Blackstone agree to the OCC Proposal, this court should use the covenant of good faith and fair dealing to read such a commitment into the Merger Agreement.\nThe implied covenant is a backstop and \u201crequires \u2018a party in a contractual relationship to refrain from arbitrary or unreasonable conduct which has the effect of preventing the other party to the contract from receiving the fruits\u2019 of the bargain.\u201d But, it is not an exception to the rule that courts will not alter the terms of a bargain sophisticated parties entered into willingly because a party now regrets the deal. As a result, the implied covenant only applies where a contract lacks specific language governing an issue and the obligation the court is asked to imply advances, and does not contradict, the purposes reflected in the express language of the contract. Here, the Merger Agreement has a carefully negotiated provision that only makes Aaddin responsible for making sure that it uses its reasonable best efforts to secure OCC approval. This provision clearly does not make Aaddin responsible for causing Blackstone to help secure OCC approval. To imply such an obligation on Aaddin\u2019s part would not vindicate an expectation clearly signaled by the express terms of the Merger Agreement; instead, it would impose an after-the-fact obligation on Aaddin that ADS was unable to obtain in the contractual negotiations and contradict the plain terms of the Merger Agreement. Thus, ADS has not stated a claim that Aaddin breached the implied covenant of good faith and fair dealing.\nIV. Conclusion\nFor the foregoing reasons, the Amended Verified Complaint is dismissed in its entirety. IT IS SO ORDERED.\n. Amended Verified Complaint (\"Compl.\u201d) Ex. C (letter from Lawrence E. Beard, Deputy Comptroller, Office of the Comptroller of the Currency, to John L. Walker, Simpson Thacher & Bartlett LLP (Mar. 5, 2008)) at 7 (emphasis added).\n. Compl. Ex. A (\"Merger Agreement\u201d) \u00a7 6.5.6.\n. See Ct. Ch. R. 10(c) (\"A copy of any written instrument which is an exhibit to a pleading is a part thereof for all purposes.\u201d).\n. Compl. \u00b6 6.\n. Id.\n. Compl. \u00b6 7.\n. Compl. \u00b6 8.\n. The Complaint does not indicate what the extra $600 million was for.\n. See Merger Agreement at 1.\n. Compl. \u00b6 24. Unfortunately, ADS\u2019s Complaint is not a model of clarity as to when the relevant discussions took place. The relevant paragraph in the Complaint does not state the date these discussions occurred. See id. And, at oral argument, ADS admitted that some of Blackstone\u2019s alleged statements were made when the parties were seeking OCC approval, after the Merger Agreement was executed. Tr. at 92. But, the paragraph in question follows a discussion about what should have been known before the signing of the Merger Agreement, so I consider the issue as if the matters in \u00b6 24 were discussed before signing.\n. Compl. \u00b6 31.\n. Compl. \u00b6 25.\n. Merger Agreement \u00a7 7.1.2.\n. Merger Agreement \u00a7 6.5.1.\n. Id.\n. Merger Agreement \u00a7 6.5.6.\n. Merger Agreement \u00a7\u00a7 8.1(c)(i); 8.5.1.\n. BCP V also guaranteed up to $3 million dollars in compensable ADS expenses related to securing financing and engaging in debt tender offers. Compl. Ex. B (\u201cLimited Guarantee\u201d) \u00a7 1; Merger Agreement \u00a7\u00a7 6.15, 6.16.3, 6.16.6.\n. Defs.\u2019 Op. Br. at 2; Pl.'s Ans. Br. at 2.\n. Compl. \u00b6 28. ADS apparently had made such a commitment before the events at issue in this litigation. Id.\n. See Compl. Ex. F (letter from Lawrence E. Beard, Deputy Comptroller, Office of the Comptroller of the Currency, to John L. Walker, Simpson Thacher & Bartlett LLP (Jan. 23, 2008)) at 4 (noting that one of the proposed agreements in the OCC\u2019s initial proposal would have obligated Blackstone \u201cto provide the financial support needed for [World Financial] to remain in compliance with its capital and liquidity requirements\u201d).\n. Among Blackstone\u2019s submissions were \"various liquidation scenarios demonstrating that, even under the most pessimistic scenarios, [World Financial] could fulfill its obligations without ever having to draw on any backup source of strength commitment from Blaekstone.\u201d Compl. \u00b6 32.\n. Compl. Ex. F at 1.\n. Compl. Ex. G (\"Capital Assurance and Liquidity Maintenance Agreement\") art. I \u00a7 1; see also Compl. Ex. H (\"Capital and Liquidity Support Agreement\u201d) art. II \u00a7 1.\n. Capital Assurance and Liquidity Maintenance Agreement art. II \u00a7 1; see also Capital and Liquidity Support Agreement art. III \u00a7 1.\n. Capital Assurance and Liquidity Maintenance Agreement art. I \u00a7 2, II \u00a7 2; see also Capital and Liquidity Support Agreement art. II \u00a7 2, III \u00a7 2.\n. The Proposed Agreements gave ADS and Aladdin the choice of providing a pledge of collateral, obtaining a letter of credit, or obtaining a revolving credit facility. See, e.g., Capital Assurance and Liquidity Maintenance Agreement art. Ill \u00a7 1, art. IV \u00a7 1, art. V \u00a7 1. For simplicity\u2019s sake, I refer to these possibilities as obtaining a credit facility.\n. Capital Assurance and Liquidity Maintenance Agreement art. VI \u00a7 1.\n. Capital Assurance and Liquidity Maintenance Agreement art. VI \u00a7 3.\n. Defs.\u2019 Op. Br. at 9.\n. Compl. Ex. C at 5.\n. Compl. Ex. R (letter from Lawrence E. Beard, Deputy Comptroller, Office of the Comptroller of the Currency, to John L. Walker, Simpson Thacher & Bartlett LLP (Apr. 16, 2008)) at 1.\n. Compl. Ex. I (letter from Aladdin Solutions, Inc. to Alliance Data Systems Corporation (Jan. 25, 2008)).\n. Compl. Ex. J (Press Release, The Blackstone Group, Blackstone Willing to Try to Complete Alliance Deal (Jan. 28, 2008)).\n. In early February, a group of ADS stockholders also offered to provide $400 million to create the ADS Fund.\n. Compl. \u00b6 68.\n. See Compl. Ex. K.\n. Compl. Ex. C at 6-7 (emphasis added).\n. See Merger Agreement \u00a7 8.1(c)(i).\n. Allied Capital Corp. v. GC-Sun Holdings, L.P., 910 A.2d 1020, 1030 (Del.Ch.2006).\n. Liquor Exch., Inc. v. Tsaganos, 2004 WL 2694912, at *2 (Del.Ch. Nov.16, 2004) (citing Bell Atlantic Meridian Systems v. Octel Commc'ns Corp., 1995 WL 707916 (Del.Ch. Nov.28, 1995)).\n. E.I. du Pont de Nemours & Co. v. Allstate Ins. Co., 693 A.2d 1059, 1061 (Del.1997) (quoting Rhone-Poulenc Basic Chems. Co. v. Am. Motorists Ins. Co., 616 A.2d 1192, 1196 (Del.1992)).\n. See Eagle Indus., Inc. v. DeVilbiss Health Care, Inc., 702 A.2d 1228, 1232 (Del.1997) (\"If a contract is unambiguous, extrinsic evidence may not be used to interpret the intent of the parties, to vary the terms of the contract or to create an ambiguity.\u201d (citing Pellaton v. Bank of New York, 592 A.2d 473, 478 (Del.1991); Citadel Holding Corp. v. Roven, 603 A.2d 818 (Del.1992))).\n. Tr. at 93 (\u201cBut there\u2019s no fraud claim we made here. It\u2019s a contractual claim.\u201d).\n. Merger Agreement \u00a7 9.5.\n. Id. (emphasis in original).\n. Wallace ex rel. Cencom Cable Income Partners II, Inc., L.P. v. Wood, 752 A.2d 1175, 1180 (Del.Ch.1999) (\"It is a general principle of contract law that only a party to a contract may be sued for breach of that contract.\u201d).\n. See Merger Agreement.\n. See Limited Guarantee.\n. Merger Agreement \u00a7 6.5.1 (emphasis added).\n. Merger Agreement at 1.\n. See Committee on Negotiated Acquisitions, Model Stock Purchase Agreement With Commentary \u00a7 6.1 (1995) (\"Buyer will, and will cause each Related Person to, ... cooperate with Sellers in obtaining all consents....\u201d); Charles A. Sharf et al., Acquisitions, Mergers, Sales Buyouts and Takeovers: A Handbook with Forms 373 (4th ed.1991) (noting that, to bind a corporate parent, the parent should either be a party to the contract or a covenant should be made about its actions).\n. See, e.g., Merger Agreement \u00a7 6.5.6.\n. Merger Agreement at 5.\n. Merger Agreement \u00a7 6.5.1 (emphasis added).\n. Merger Agreement \u00a7 6.5.6.\n. Merger Agreement \u00a7 5.11.\n. See PL\u2019s Ans. Br. at 22.\n. Merger Agreement \u00a7 6.5.1.\n. This argument also fails because it ignores the clear difference between the extent of the commitments Aladdin agreed to under the two sentences. In contrast to the antitrust sentence, the first sentence of \u00a7 6.5.1 only requires reasonable best efforts. Although it does not have a specific meaning, \"reasonable best efforts\u201d is, at least, clearly understood by transactional lawyers to be less than an unconditional commitment. See, e.g., James C. Freund, Anatomy of a Merger: Strategies and Techniques for Negotiating Corporate Acquisitions 289-91 (1975) (discussing when it is appropriate to use a best efforts requirement versus an absolute commitment); Lou R. Kling and Eileen T. Nugent, Negotiated Acquisitions of Companies, Subsidiaries and Divisions \u00a7 13.06 (17th ed.2001) (noting that it is not clear how far a party must go to satisfy best efforts, which is a more rigorous standard than reasonable best efforts). The distinction between a \"best efforts\u201d obligations and an unconditional commitment is also reflected in case law. See, e.g., Coady Corp. v. Toyota Motor Distribs., Inc., 361 F.3d 50, 59 (1st Cir.2004) (\u201c 'Best efforts' is implicitly qualified by a reasonableness test \u2014 it cannot mean everything possible under the sun.\u201d). The second sentence of \u00a7 6.5.1 simply reflects a much stronger and broader commitment with respect to a discrete regulatory subject: antitrust approval. This is the exception that proves the rule: the parties knew how to create tougher obligations and how to hold Aladdin responsible for Blackstone's behavior, but ADS did not successfully negotiate for this in all circumstances. Having decided to sign an agreement that did not obligate Aladdin to do everything possible to get OCC approval or oblige Blackstone to do anything to that end, ADS cannot now get this court to enhance its rights because it wishes it had made a different deal.\n. See United Rentals, Inc. v. RAM Holdings, Inc., 937 A.2d 810, 830 (Del.Ch.2007) (\u201d[E]x-trinsic, parol evidence cannot be used to manufacture an ambiguity in a contract that facially has only one reasonable meaning.\u201d); see also DeLucca v. KKAT Mgmt., L.L.C., 2006 WL 224058, at *2 (Del.Ch. Jan.23, 2006) (\"[I]t is not the job of a court to relieve sophisticated parties of the burdens of contracts they wish they had drafted differently but in fact did not.\u201d).\n. Compl. \u00b6 68.\n. White v. Panic, 783 A.2d 543, 549 (Del.2001) (quoting Brehm v. Eisner, 746 A.2d 244, 253 (Del.2000)).\n. AIG Ret. Servs., Inc. v. Barbizet, 2006 WL 1980337, at *3 (Del.Ch. July 11, 2006) (\"Conclusory statements, without supporting factual averments, will be disregarded for the purposes of defendants' 12(b)(6) motion to dismiss.\u201d).\n. See Majkowski v. Am. Imaging Mgmt. Servs., LLC, 913 A.2d 572, 581 (Del.Ch.2006) (\"Under Delaware law, the proper interpretation of language in a contract is a question of law.\u201d).\n. See NBT Bancorp, Inc. v. Fleet/Norstar Fin. Group, 159 A.D.2d 902, 553 N.Y.S.2d 864, 867 (N.Y.App.Div.1990) (dismissing claim for breach of a best efforts clause on a motion to dismiss), appeal dismissed, 76 N.Y.2d 886, 561 N.Y.S.2d 546, 562 N.E.2d 871 (N.Y.1990).\n.Merger Agreement \u00a7 6.5.6.\n. Compl. \u00b6 68.\n. See id.\n. Pl.\u2019s Ans. Br. at 31 n. 11.\n. See Energy Partners, Ltd. v. Stone Energy Corp., 2006 WL 2947483, at *13 (Del.Ch. Oct.11, 2006) (interpreting a covenant similar to \u00a7 6.5.6 as promising \"not to take certain types of actions before the closing\u201d without consent); Black's Law Dictionary 391 (8th ed.2004) (defining an affirmative covenant as \"[a] covenant that obligates a party to do some act\u201d); id. at 392 (defining a negative covenant as \"[a] covenant that requires a party to refrain from doing something\u201d); Freund, supra note 60, at 286 (noting that merger agreements generally contain: \"(i) negative covenants that restrict the seller (and sometimes the purchaser) from taking certain actions prior to closing without the consent of the purchaser (or seller, if applicable), and (ii) affirmative covenants that obligate one or both of the parties to take certain action\u201d); see also Committee on Negotiated Acquisitions, The M & A Process: A Practical Guide for the Business Lawyer 229 (2005) (noting that pre-closing covenants about the operation of the business generally include affirmative covenants and negative covenants); Robert M. Davis, Purchase Agreements, in Mergers and Acquisitions 246, 258-59 (Jim McCord ed.1969) (explaining the difference between affirmative and negative covenants).\n.For example, ADS contends that Blackstone\u2019s alleged failure to respond to certain OCC requests for information was an affirmative impeding act. But, the Merger Agreement imposed no duty on Blackstone to engage with the OCC at all.\n. Merger Agreement \u00a7 5.2.\n. See Kling & Nugent, supra note 60, \u00a7 12.03[1] (\u201cIn the Authors\u2019 experience ... the Buyer will generally represent to the Seller ... as to due authorization to consummate the transaction\u201d); Committee on Negotiated Acquisitions, supra note 52, \u00a7 4.2 (containing a similar representation).\n. Merger Agreement \u00a7 5.2 (emphasis added).\n. Merger Agreement \u00a7 6.7.\n. Merger Agreement \u00a7 6.5.1.\n. Defs.' Ans. Br. at 23.\n.For the first time at oral argument, ADS attempted to base a breach of contract claim on \u00a7 6.5.3 of the Merger Agreement. But, as ADS never claimed liability based on this section in the Complaint or briefing, that argument was waived and was not fairly presented. See Emerald. Partners v. Berlin, 726 A.2d 1215, 1224 (Del.1999) (\"Issues not briefed are deemed waived.\").\n. E.I. du Pont de Nemours, 498 A.2d at 1113 (Del.1985) (citing State v. Dobson, 217 A.2d 497 (Del.1966); Bamdad Mech. Co. v. United Techs. Corp., 586 F.Supp. 551 (D.Del.1984)).\n. Eagle Indus., 702 A.2d at 1232 (\u201cIf a contract is unambiguous, extrinsic evidence may not be used to interpret the intent of the parties, to vary the terms of the contract or to create an ambiguity.\u201d (citing Pellaton, 592 A.2d at 478; Citadel, 603 A.2d 818)).\n. Dunlap v. State Farm Fire & Cas. Co., 878 A.2d 434, 442 (Del.2005) (quoting Wilgus v. Salt Pond Inv. Co., 498 A.2d 151, 159 (Del.Ch.1985)).\n. See DeLucca, 2006 WL 224058, at *2 (\"[I]t is not the job of a court to relieve sophisticated parties of the burdens of contracts they wish they had drafted differently but in fact did not.\u201d).\n. See Allied Capital, 910 A.2d at 1035 (holding that a plaintiff \"cannot use the implied covenant of good faith and fair dealing to avoid the consequences of the plain language of the contract\u201d); Dave Greytak Enters., Inc. v. Mazda Motors of Am., Inc., 622 A.2d 14, 23 (Del.Ch.1992) (\"[W]here the subject at issue is expressly covered by the contract, or where the contract is intentionally silent as to that subject, the implied duty to perform in good faith does not come into play.\u201d (citing Williams Natural Gas Co. v. Amoco Prod. Co., 1991 WL 58387 (Del.Ch. Apr.16, 1991)); Gilbert v. El Paso Co., 575 A.2d 1131, 1143 (Del.1990)), aff'd, 609 A.2d 668 (Del.1992).",
        "type": "majority",
        "author": "STRINE, Vice Chancellor."
      }
    ],
    "attorneys": [
      "Joel Friedlander, Esquire, Evan 0. Wil-liford, Esquire, Bouchard Margules & Friedlander, P.A., Wilmington, Delaware; R. Laurence Macon, Esquire, Mary L. O\u2019Connor, Esquire, Lisa S. Gallerano, Esquire, Edwin T. Aradi, Esquire, Akin Gump Strauss Hauer & Feld LLP, Dallas, Texas; Stuart L. Shapiro, Esquire, Michael I. Allen, Esquire, Yoram J. Miller, Esquire, Shapiro Forman Allen & Sava LLP, New York, New York, Attorneys for Plaintiff.",
      "A. Gilchrist Sparks III, Esquire, R. Judson Scaggs, Jr., Esquire, Leslie A. Polizoti, Esquire, Christine J. Dealy, Esquire, Morris, Nichols, Arsht & Tunnell LLP, Wilmington, Delaware; Bruce D. Angiolillo, Esquire, Jonathan K. Youngwood, Esquire, Alan C. Turner, Esquire, Simpson Thacher & Bartlett LLP, New York, New York, Attorneys for Defendants."
    ],
    "corrections": "",
    "head_matter": "ALLIANCE DATA SYSTEMS CORPORATION, Plaintiff, v. BLACKSTONE CAPITAL PARTNERS V L.P. and Aladdin Solutions, Inc. f/k/a Aladdin Holdco, Inc., Defendants.\nC.A. No. 3796-VCS.\nCourt of Chancery of Delaware.\nSubmitted: Oct. 17, 2008.\nDecided: Jan. 15, 2009.\nJoel Friedlander, Esquire, Evan 0. Wil-liford, Esquire, Bouchard Margules & Friedlander, P.A., Wilmington, Delaware; R. Laurence Macon, Esquire, Mary L. O\u2019Connor, Esquire, Lisa S. Gallerano, Esquire, Edwin T. Aradi, Esquire, Akin Gump Strauss Hauer & Feld LLP, Dallas, Texas; Stuart L. Shapiro, Esquire, Michael I. Allen, Esquire, Yoram J. Miller, Esquire, Shapiro Forman Allen & Sava LLP, New York, New York, Attorneys for Plaintiff.\nA. Gilchrist Sparks III, Esquire, R. Judson Scaggs, Jr., Esquire, Leslie A. Polizoti, Esquire, Christine J. Dealy, Esquire, Morris, Nichols, Arsht & Tunnell LLP, Wilmington, Delaware; Bruce D. Angiolillo, Esquire, Jonathan K. Youngwood, Esquire, Alan C. Turner, Esquire, Simpson Thacher & Bartlett LLP, New York, New York, Attorneys for Defendants."
  },
  "file_name": "0746-01",
  "first_page_order": 794,
  "last_page_order": 818
}
