{
  "id": 8112079,
  "name": "Ora Spinks DeSIPIO, Appellant, v. Joseph DeSIPIO, Appellee",
  "name_abbreviation": "DeSipio v. DeSipio",
  "decision_date": "1962-12-17",
  "docket_number": "No. 3146",
  "first_page": "624",
  "last_page": "628",
  "citations": [
    {
      "type": "official",
      "cite": "186 A.2d 624"
    }
  ],
  "court": {
    "name_abbreviation": "D.C.",
    "id": 21806,
    "name": "District of Columbia Municipal Court of Appeals"
  },
  "jurisdiction": {
    "id": 56,
    "name_long": "District of Columbia",
    "name": "D.C."
  },
  "cites_to": [
    {
      "cite": "72 App.D.C. 145",
      "category": "reporters:state",
      "reporter": "App. D.C.",
      "opinion_index": 0
    },
    {
      "cite": "112 F.2d 44",
      "category": "reporters:federal",
      "reporter": "F.2d",
      "case_ids": [
        1026918
      ],
      "opinion_index": 0,
      "case_paths": [
        "/f2d/112/0044-01"
      ]
    },
    {
      "cite": "52 App.D.C. 35",
      "category": "reporters:state",
      "reporter": "App. D.C.",
      "opinion_index": 0
    },
    {
      "cite": "280 F. 1009",
      "category": "reporters:federal",
      "reporter": "F.",
      "case_ids": [
        6725339
      ],
      "opinion_index": 0,
      "case_paths": [
        "/f/280/1009-01"
      ]
    },
    {
      "cite": "153 A.2d 663",
      "category": "reporters:state_regional",
      "reporter": "A.2d",
      "case_ids": [
        8123554
      ],
      "opinion_index": 0,
      "case_paths": [
        "/a2d/153/0663-01"
      ]
    },
    {
      "cite": "79 U.S.App.D.C. 357",
      "category": "reporters:state",
      "reporter": "U.S. App. D.C.",
      "case_ids": [
        5699153
      ],
      "pin_cites": [
        {
          "page": "359"
        }
      ],
      "opinion_index": 0,
      "case_paths": []
    },
    {
      "cite": "147 F.2d 154",
      "category": "reporters:federal",
      "reporter": "F.2d",
      "case_ids": [
        5699153,
        1261125
      ],
      "opinion_index": 0,
      "case_paths": [
        "/f2d/147/0154-01"
      ]
    },
    {
      "cite": "76 U.S.App.D.C. 56",
      "category": "reporters:state",
      "reporter": "U.S. App. D.C.",
      "pin_cites": [
        {
          "page": "57"
        }
      ],
      "opinion_index": 0
    },
    {
      "cite": "129 F.2d 39",
      "category": "reporters:federal",
      "reporter": "F.2d",
      "case_ids": [
        1158849
      ],
      "opinion_index": 0,
      "case_paths": [
        "/f2d/129/0039-01"
      ]
    },
    {
      "cite": "74 App.D.C. 309",
      "category": "reporters:state",
      "reporter": "App. D.C.",
      "opinion_index": 0
    },
    {
      "cite": "122 F.2d 219",
      "category": "reporters:federal",
      "reporter": "F.2d",
      "case_ids": [
        460563
      ],
      "opinion_index": 0,
      "case_paths": [
        "/f2d/122/0219-01"
      ]
    },
    {
      "cite": "180 A.2d 888",
      "category": "reporters:state_regional",
      "reporter": "A.2d",
      "case_ids": [
        8113842
      ],
      "pin_cites": [
        {
          "page": "890"
        }
      ],
      "opinion_index": 0,
      "case_paths": [
        "/a2d/180/0888-01"
      ]
    },
    {
      "cite": "179 A.2d 720",
      "category": "reporters:state_regional",
      "reporter": "A.2d",
      "case_ids": [
        8113673
      ],
      "pin_cites": [
        {
          "page": "721"
        }
      ],
      "opinion_index": 0,
      "case_paths": [
        "/a2d/179/0720-01"
      ]
    },
    {
      "cite": "184 A.2d 853",
      "category": "reporters:state_regional",
      "reporter": "A.2d",
      "case_ids": [
        8114366
      ],
      "weight": 2,
      "pin_cites": [
        {
          "page": "note 6"
        }
      ],
      "opinion_index": 0,
      "case_paths": [
        "/a2d/184/0853-01"
      ]
    },
    {
      "cite": "88 U.S.App.D.C. 193",
      "category": "reporters:state",
      "reporter": "U.S. App. D.C.",
      "opinion_index": 0
    },
    {
      "cite": "188 F.2d 31",
      "category": "reporters:federal",
      "reporter": "F.2d",
      "case_ids": [
        1218608
      ],
      "opinion_index": 0,
      "case_paths": [
        "/f2d/188/0031-01"
      ]
    },
    {
      "cite": "163 A.2d 127",
      "category": "reporters:state_regional",
      "reporter": "A.2d",
      "case_ids": [
        8109597
      ],
      "opinion_index": 0,
      "case_paths": [
        "/a2d/163/0127-01"
      ]
    },
    {
      "cite": "8 App.D.C. 528",
      "category": "reporters:state",
      "reporter": "App. D.C.",
      "case_ids": [
        6100940
      ],
      "pin_cites": [
        {
          "page": "531"
        }
      ],
      "opinion_index": 0,
      "case_paths": [
        "/app-dc/8/0528-01"
      ]
    }
  ],
  "analysis": {
    "cardinality": 582,
    "char_count": 9626,
    "ocr_confidence": 0.709,
    "pagerank": {
      "raw": 2.736627641714514e-07,
      "percentile": 0.8315648904627259
    },
    "sha256": "f67a6147f442e7a855eafcbae62908f46150d9ca526d1b66687b1ae51f364bc5",
    "simhash": "1:e22c9a37b091c71c",
    "word_count": 1656
  },
  "last_updated": "2024-02-27T17:34:35.567006+00:00",
  "provenance": {
    "date_added": "2019-08-29",
    "source": "Harvard",
    "batch": "2018"
  },
  "casebody": {
    "judges": [
      "Before HOOD, Chief Judge, and QUINN and MYERS, Associate Judges."
    ],
    "parties": [
      "Ora Spinks DeSIPIO, Appellant, v. Joseph DeSIPIO, Appellee."
    ],
    "opinions": [
      {
        "text": "MYERS, Associate Judge.\nThe trial court awarded appellant wife $175 a month as temporary support and directed her at a later hearing to produce \u201ccompetent medical testimony to the effect that she is physically incapacitated for gainful employment of any kind * * * or oral and documentary evidence describing the effort she has made to obtain such employment.\u201d She was admonished that unless such evidence were produced the order awarding support would be terminated; but if she were gainfully employed at the time of the next hearing, the amount, if any, to be awarded her in addition to her earnings, would be considered. Thereafter the court terminated the previously ordered support on the ground that appellant \u201cis now or will be very soon in a position where she can use her education and experience in gainful employment.\u201d\nThe sole question on this appeal is whether the trial court upon the evidence abused its discretion in terminating all support.\nThe wife, a person of good educational background, had been regularly employed to October 10, 1960, but at the time of the final hearing her only source of income was from her husband who had left her in 1958 for no justifiable cause. She had undergone recent surgery and was apparently passing through her period of menopause. Except for the wife, all witnesses were in agreement that she drank excessively and she admitted she spent part of her support to buy alcoholic beverages. A medical witness described her as a \u201cprogressive alcoholic\u201d for whom recovery could only begin by her admission that she had a drinking problem, her abstinence from the use of alcohol, and her employment in a pay status. The wife testified that although she had applied at various government agencies, she had been unable to obtain work. The husband is employed at a good salary and is financially able to contribute to his wife\u2019s maintenance and to provide for his minor daughter committed to his charge.\nOur Code, \u00a7 16-415 provides that the court may award maintenance to a wife if the husband fails or refuses to support her although able to do so. The statute does not compel an award but leaves it to the discretion of the trial judge whose judgment will not be disturbed except upon a clear showing of abuse. Whether a husband has failed to provide, whether he should be required to maintain his wife, separately, and, if so, how much he should be required to pay are questions which cannot be considered and decided in a vacuum. Various factors enter into the final determination. Support may be granted to a wife who is at fault; it may, in a proper case, be denied against a husband who is at fault; and its amount is elastic. Misconduct of a wife may defeat her claim to support, but if the husband asserts her misconduct as a defense, he must plead and prove it. A wife need not exhaust her own resources before she is entitled to receive separate maintenance. The purpose of maintenance is not to penalize the husband but to prevent the wife from becoming a public charge. Suits for maintenance are regarded as equitable rather than legal, and the court is guided by considerations of fairness and justice while exercising its dis-cretionar'y powers in this area. Although the duty of a husband to meet the reasonable needs of his wife within his financial capabilities is absolute and remains unimpaired as long as the marital relationship exists, the court, in enforcing this obligation, must remain equally mindful of the husband\u2019s welfare and avoid penalizing him by the imposition of harsh financial terms.\nAbsent any showing that appellant was not in need of support, or that the husband had not failed or refused to contribute thereto although able to do so, or that she had been guilty of misconduct of such character as to affect her claim, appellant was entitled to be awarded some amount. Chronic alcoholism, although frequently a cause of much unhappiness in family relationships, is not to be equated with misconduct. It is a disease, difficult to control or permanently cure, and seriously affects the employability of the victim.\nThe conclusion is inescapable that the court denied all maintenance for the sole reason that appellant had failed to show either that she was incapacitated for any work or that she had made diligent effort to secure work of some kind. We know of no authority in law (and no case has been called to our attention) requiring that a wife, in order to be eligible for separate maintenance under the statute, must first prove that she is either physically unable to work or that she has sought diligently but without success to obtain employment of any kind. As we have pointed out, misconduct of a wife may be a factor in denying or reducing the support a husband may be required to pay. There seems no doubt that the wife is addicted to the heavy use of alcoholic beverages, which seriously affects her employability, but that fact does not justify under the statute depriving the wife of all support from her husband.\nThere being no basis in fact upon which the trial judge could legally deny appellant wife all separate maintenance from her husband, the order terminating her support must be set aside and the case returned to the trial judge to fix some amount for that purpose and for the taking of additional testimony on that point if he deems it necessary.\nReversed and remanded with instructions.\n. The trial judge found: \u201c4. That the leaving of Joseph DeSipio was not with sufficient just cause or excuse to award him a divorce on the grounds of constructive desertion and that further, the acts of the Plaintiif [Mrs. DeSipio] do not constitute such cruelty as to excuse or justify the separation and thereby to serve as a basis for constructive desertion.\u201d\n. Howard v. Howard, 72 App.D.C. 145, 112 F.2d 44; Reed v. Reed, 52 App.D.C. 35, 280 F. 1009; Shelton v. Shelton, D.C. Mun.App., 153 A.2d 663.\n. Gill v. Gill, 79 U.S.App.D.C. 357, 359, 147 F.2d 154.\n. Melvin v. Melvin, 76 U.S.App.D.C. 56, 57, 129 F.2d 39.\n. Brown v. Brown, 74 App.D.C. 309, 122 F.2d 219; Miller v. Miller, D.C.Mun.App., 180 A.2d 888, 890; Johnson v. Johnson, D.C.Mun.App., 179 A.2d 720, 721.\n. Foley v. Foley, D.C.Mun.App., 184 A.2d 853.\n. Wheeler v. Wheeler, 88 U.S.App.D.C. 193, 188 F.2d 31; Foley v. Foley, supra, note 6.\n. Johnson v. Johnson, D.C.Mun.App., 163 A.2d 127.\n. Carey v. Carey, 8 App.D.C. 528, 531.\n. Johnson v. Johnson, supra, note 8.",
        "type": "majority",
        "author": "MYERS, Associate Judge."
      },
      {
        "text": "HOOD, Chief Judge\n(dissenting).\nI must dissent and the basis for my position requires some statement of the factual background of the case. The parties were married in 1944; a daughter was born to them in 1951; and they separated in 1958, I do not think it is accurate to say, as the majority opinion does, that the husband left the wife for no justifiable cause. It is true that the trial court, in denying his counterclaim for a divorce on the ground of constructive desertion, found that the conduct of the wife did not constitute a basis for constructive desertion; but the court also specifically found that the parties voluntarily separated on January 27, 1958. At the same time the trial court found that the husband was entitled to custody of the child.\nAfter the voluntary separation in 1958, the wife, who had been employed throughout the married life except for a period after the birth of the child, continued to work and support herself until the latter part of 1960.\nIn 1961 she brought the present action for maintenance and custody of the child, alleging she was without regular employment and was unable to support herself. After a full hearing over a period of several days the court granted the wife temporary support in order that she might undergo a necessary operation and then regain employment. This support extended from January 29, 1962, until May 31, 1962.\nFrom the entire record I think it is obvious that the court terminated the wife\u2019s support for three basic reasons: (1) The wife was able to support herself and did not require support from her husband; (2) regular employment and self-support by the wife would be far more beneficial to her than would be support from the husband; and (3) to require the husband to support the wife would result in the child being deprived of advantages most essential to her well-being. I shall elaborate only on this third reason.\nI do not agree with, and I think the record does not support, the statement in the majority opinion that the husband is financially able to contribute to his wife\u2019s maintenance arid to provide for his daughter. He must provide a home for himself and his daughter and meet all their living expenses. He has been sending the child to an excellent private, and necessarily expensive, school and all of the witnesses, including the wife herself, agree that this is for the best interest of the little girl. To maintain the home, meet the living expenses and pay for the schooling of the child requires practically every cent of his salary. If he must contribute to the wife, then the home life or schooling of the child must suffer. In short, he can maintain a home for himself and the child but he can\u2019t maintain that home and another home for the wife.\nI find no abuse of discretion in the order of the trial court and I think it should be affirmed.",
        "type": "dissent",
        "author": "HOOD, Chief Judge"
      }
    ],
    "attorneys": [
      "Edward L. Genn, Washington, D. C., for appellant.",
      "George J. Goldsborough, Jr., Washington, D. C., for appellee."
    ],
    "corrections": "",
    "head_matter": "Ora Spinks DeSIPIO, Appellant, v. Joseph DeSIPIO, Appellee.\nNo. 3146.\nMunicipal Court of Appeals for the District of Columbia.\nArgued Nov. 5, 1962.\nDecided Dec. 17, 1962.\nEdward L. Genn, Washington, D. C., for appellant.\nGeorge J. Goldsborough, Jr., Washington, D. C., for appellee.\nBefore HOOD, Chief Judge, and QUINN and MYERS, Associate Judges."
  },
  "file_name": "0624-01",
  "first_page_order": 662,
  "last_page_order": 666
}
