{
  "id": 8102127,
  "name": "UNITED STATES, Appellant, v. Charles E. KETTERMAN, Michael G. Worden, and Barbara H. Worden, Appellees",
  "name_abbreviation": "United States v. Ketterman",
  "decision_date": "1971-04-15",
  "docket_number": "No. 5479",
  "first_page": "243",
  "last_page": "247",
  "citations": [
    {
      "type": "official",
      "cite": "276 A.2d 243"
    }
  ],
  "court": {
    "name_abbreviation": "D.C.",
    "id": 11933,
    "name": "District of Columbia Court of Appeals"
  },
  "jurisdiction": {
    "id": 56,
    "name_long": "District of Columbia",
    "name": "D.C."
  },
  "cites_to": [
    {
      "cite": "391 F.2d 507",
      "category": "reporters:federal",
      "reporter": "F.2d",
      "case_ids": [
        2103066
      ],
      "weight": 2,
      "year": 1967,
      "opinion_index": 0,
      "case_paths": [
        "/f2d/391/0507-01"
      ]
    },
    {
      "cite": "227 A.2d 395",
      "category": "reporters:state_regional",
      "reporter": "A.2d",
      "case_ids": [
        8088160
      ],
      "year": 1967,
      "opinion_index": 0,
      "case_paths": [
        "/a2d/227/0395-01"
      ]
    },
    {
      "cite": "11 L.Ed.2d 118",
      "category": "reporters:federal",
      "reporter": "L. Ed. 2d",
      "year": 1963,
      "opinion_index": 0
    },
    {
      "cite": "84 S.Ct. 167",
      "category": "reporters:federal",
      "reporter": "S. Ct.",
      "year": 1963,
      "opinion_index": 0
    },
    {
      "cite": "375 U.S. 888",
      "category": "reporters:federal",
      "reporter": "U.S.",
      "case_ids": [
        11758724,
        11759174,
        11758855,
        11759272,
        11758538,
        11758924,
        11758605,
        11759087,
        11759002,
        11758651,
        11758783
      ],
      "year": 1963,
      "opinion_index": 0,
      "case_paths": [
        "/us/375/0888-04",
        "/us/375/0888-10",
        "/us/375/0888-06",
        "/us/375/0888-11",
        "/us/375/0888-01",
        "/us/375/0888-07",
        "/us/375/0888-02",
        "/us/375/0888-09",
        "/us/375/0888-08",
        "/us/375/0888-03",
        "/us/375/0888-05"
      ]
    },
    {
      "cite": "293 F.2d 539",
      "category": "reporters:federal",
      "reporter": "F.2d",
      "case_ids": [
        208115
      ],
      "year": 1963,
      "opinion_index": 0,
      "case_paths": [
        "/f2d/293/0539-01"
      ]
    },
    {
      "cite": "110 U.S.App.D.C. 351",
      "category": "reporters:state",
      "reporter": "U.S. App. D.C.",
      "year": 1963,
      "opinion_index": 0
    },
    {
      "cite": "331 U.S. 145",
      "category": "reporters:federal",
      "reporter": "U.S.",
      "case_ids": [
        6157337
      ],
      "weight": 3,
      "year": 1947,
      "opinion_index": 0,
      "case_paths": [
        "/us/331/0145-01"
      ]
    },
    {
      "cite": "369 F.2d 799",
      "category": "reporters:federal",
      "reporter": "F.2d",
      "case_ids": [
        2053197,
        2053254
      ],
      "year": 1966,
      "pin_cites": [
        {
          "page": "802"
        }
      ],
      "opinion_index": 0,
      "case_paths": [
        "/f2d/369/0799-02",
        "/f2d/369/0799-01"
      ]
    },
    {
      "cite": "418 F.2d 1150",
      "category": "reporters:federal",
      "reporter": "F.2d",
      "case_ids": [
        2165992
      ],
      "year": 1969,
      "pin_cites": [
        {
          "page": "1151"
        }
      ],
      "opinion_index": 0,
      "case_paths": [
        "/f2d/418/1150-01"
      ]
    },
    {
      "cite": "135 U.S.App.D.C. 314",
      "category": "reporters:state",
      "reporter": "U.S. App. D.C.",
      "year": 1969,
      "pin_cites": [
        {
          "page": "315"
        }
      ],
      "opinion_index": 0
    },
    {
      "cite": "376 U.S. 528",
      "category": "reporters:federal",
      "reporter": "U.S.",
      "case_ids": [
        379836
      ],
      "weight": 3,
      "year": 1964,
      "opinion_index": 0,
      "case_paths": [
        "/us/376/0528-01"
      ]
    },
    {
      "cite": "48 F.Supp. 986",
      "category": "reporters:federal",
      "reporter": "F. Supp.",
      "case_ids": [
        4202812
      ],
      "pin_cites": [
        {
          "page": "997"
        }
      ],
      "opinion_index": 0,
      "case_paths": [
        "/f-supp/48/0986-01"
      ]
    },
    {
      "cite": "6 F.2d 401",
      "category": "reporters:federal",
      "reporter": "F.2d",
      "case_ids": [
        1673888
      ],
      "pin_cites": [
        {
          "page": "402"
        }
      ],
      "opinion_index": 0,
      "case_paths": [
        "/f2d/6/0401-01"
      ]
    },
    {
      "cite": "362 P. 2d 47",
      "category": "reporters:state_regional",
      "reporter": "P.2d",
      "weight": 3,
      "year": 1961,
      "pin_cites": [
        {
          "page": "52"
        },
        {
          "page": "54"
        }
      ],
      "opinion_index": 0
    },
    {
      "cite": "13 Cal.Rptr. 415",
      "category": "reporters:state",
      "reporter": "Cal. Rptr.",
      "weight": 3,
      "year": 1961,
      "pin_cites": [
        {
          "page": "420"
        }
      ],
      "opinion_index": 0
    },
    {
      "cite": "55 Cal.2d 789",
      "category": "reporters:state",
      "reporter": "Cal. 2d",
      "case_ids": [
        4380958
      ],
      "year": 1961,
      "opinion_index": 0,
      "case_paths": [
        "/cal-2d/55/0789-01"
      ]
    },
    {
      "cite": "262 A.2d 341",
      "category": "reporters:state_regional",
      "reporter": "A.2d",
      "case_ids": [
        8086221
      ],
      "year": 1970,
      "opinion_index": 0,
      "case_paths": [
        "/a2d/262/0341-01"
      ]
    },
    {
      "cite": "473 P.2d 698",
      "category": "reporters:state_regional",
      "reporter": "P.2d",
      "case_ids": [
        4637900
      ],
      "year": 1970,
      "opinion_index": 0,
      "case_paths": [
        "/colo/172/0285-01"
      ]
    },
    {
      "cite": "83 L.Ed, 401",
      "category": "reporters:federal",
      "reporter": "L. Ed.",
      "year": 1938,
      "opinion_index": 0
    },
    {
      "cite": "59 S.Ct. 89",
      "category": "reporters:federal",
      "reporter": "S. Ct.",
      "year": 1938,
      "opinion_index": 0
    },
    {
      "cite": "305 U.S. 626",
      "category": "reporters:federal",
      "reporter": "U.S.",
      "case_ids": [
        6158025,
        6157940,
        6157974,
        6157911
      ],
      "year": 1938,
      "opinion_index": 0,
      "case_paths": [
        "/us/305/0626-04",
        "/us/305/0626-02",
        "/us/305/0626-03",
        "/us/305/0626-01"
      ]
    },
    {
      "cite": "99 F. 2d 353",
      "category": "reporters:federal",
      "reporter": "F.2d",
      "case_ids": [
        986577
      ],
      "year": 1938,
      "pin_cites": [
        {
          "page": "355"
        }
      ],
      "opinion_index": 0,
      "case_paths": [
        "/f2d/99/0353-01"
      ]
    },
    {
      "cite": "69 App.D.C. 120",
      "category": "reporters:state",
      "reporter": "App. D.C.",
      "year": 1938,
      "pin_cites": [
        {
          "page": "122"
        }
      ],
      "opinion_index": 0
    },
    {
      "cite": "275 U.S. 192",
      "category": "reporters:federal",
      "reporter": "U.S.",
      "case_ids": [
        6139499
      ],
      "weight": 3,
      "year": 1927,
      "pin_cites": [
        {
          "page": "196"
        }
      ],
      "opinion_index": 0,
      "case_paths": [
        "/us/275/0192-01"
      ]
    },
    {
      "cite": "358 U.S. 307",
      "category": "reporters:federal",
      "reporter": "U.S.",
      "case_ids": [
        3650729
      ],
      "weight": 3,
      "year": 1959,
      "opinion_index": 0,
      "case_paths": [
        "/us/358/0307-01"
      ]
    },
    {
      "cite": "25 F.R.D. 194",
      "category": "reporters:specialty",
      "reporter": "F.R.D.",
      "case_ids": [
        3781025
      ],
      "pin_cites": [
        {
          "page": "195"
        }
      ],
      "opinion_index": 0,
      "case_paths": [
        "/frd/25/0194-01"
      ]
    },
    {
      "cite": "317 F.2d 173",
      "category": "reporters:federal",
      "reporter": "F.2d",
      "case_ids": [
        3647840,
        165250
      ],
      "year": 1963,
      "pin_cites": [
        {
          "page": "177"
        }
      ],
      "opinion_index": 0,
      "case_paths": [
        "/f2d/317/0173-01"
      ]
    },
    {
      "cite": "115 U.S.App.D.C. 110",
      "category": "reporters:state",
      "reporter": "U.S. App. D.C.",
      "case_ids": [
        3647840
      ],
      "year": 1963,
      "pin_cites": [
        {
          "page": "114"
        }
      ],
      "opinion_index": 0,
      "case_paths": []
    },
    {
      "cite": "157 F.2d 442",
      "category": "reporters:federal",
      "reporter": "F.2d",
      "case_ids": [
        1130929
      ],
      "year": 1946,
      "opinion_index": 0,
      "case_paths": [
        "/f2d/157/0442-01"
      ]
    },
    {
      "cite": "81 U.S.App.D.C. 259",
      "category": "reporters:state",
      "reporter": "U.S. App. D.C.",
      "year": 1946,
      "opinion_index": 0
    },
    {
      "cite": "378 U.S. 108",
      "category": "reporters:federal",
      "reporter": "U.S.",
      "case_ids": [
        6165107
      ],
      "weight": 6,
      "year": 1964,
      "pin_cites": [
        {
          "page": "114"
        },
        {
          "page": "1514"
        }
      ],
      "opinion_index": 0,
      "case_paths": [
        "/us/378/0108-01"
      ]
    },
    {
      "cite": "393 U.S. 410",
      "category": "reporters:federal",
      "reporter": "U.S.",
      "case_ids": [
        11317375
      ],
      "weight": 3,
      "year": 1969,
      "pin_cites": [
        {
          "page": "587"
        }
      ],
      "opinion_index": 0,
      "case_paths": [
        "/us/393/0410-01"
      ]
    },
    {
      "cite": "26 U.S.C. \u00a7 4704",
      "category": "laws:leg_statute",
      "reporter": "U.S.C.",
      "pin_cites": [
        {
          "page": "(a)"
        }
      ],
      "opinion_index": 0
    }
  ],
  "analysis": {
    "cardinality": 696,
    "char_count": 10586,
    "ocr_confidence": 0.771,
    "pagerank": {
      "raw": 1.5191249344292478e-07,
      "percentile": 0.6689648701526614
    },
    "sha256": "8fb5507b9c6cda6f81c7705e31830e15d2ac0f783a6140eb6dc44a421a1354fb",
    "simhash": "1:93a1f8405ba5d98b",
    "word_count": 1687
  },
  "last_updated": "2024-02-27T16:07:00.607159+00:00",
  "provenance": {
    "date_added": "2019-08-29",
    "source": "Harvard",
    "batch": "2018"
  },
  "casebody": {
    "judges": [
      "Before HOOD, Chief Judge, and FICK-LING and NEBEKER, Associate Judges."
    ],
    "parties": [
      "UNITED STATES, Appellant, v. Charles E. KETTERMAN, Michael G. Worden, and Barbara H. Worden, Appellees."
    ],
    "opinions": [
      {
        "text": "NEBEKER, Associate Judge:\nThis is an appeal by the United States from an order granting appellee-defend-ants\u2019 motion to suppress marihuana and other narcotics and related paraphernalia seized upon execution of a search warrant. The trial court ruled that the warrant was legally insufficient. The Government alleges that the trial court erred in ruling against its contentions that the warrant was issued upon a showing of probable cause and did describe the items to be seized with sufficient particularity. We conclude that a substantial part of the search warrant and supporting affidavit complies with Fourth Amendment requirements. Accordingly, we reverse without prejudice to appellees\u2019 raising any issues respecting the execution of the warrant after entry into the apartment.\nThe magistrate\u2019s warrant was based on an affidavit revealing receipt of information from a confidential and reliable informant that narcotics and a pistol known to have been stolen were located in a certain apartment. The affidavit stated that the informant had been in the apartment\n\u201cwithin the past 36 hours when [the informant] had seen narcotics and the pistol. The source informed the [affiant] that the serial number on the pistol was #776328, and that it was a Smith and Wesson, .38 caliber special. A check with Wales, National Crime Investigating Center revealed that the above gun, a .38 caliber Smith and Wesson, serial #776328, was stolen in Texas on May II, 1970.\u201d\nThe affidavit also recited that the narcotics were violative of 26 U.S.C. \u00a7 4704(a). As to previous reliability, the affidavit declared that the informant had earlier provided information on narcotics and gun violations which had proven true and reliable through later investigation.\nThe search warrant with the affidavit attached authorized the police to search the apartment for, inter alia, \u201ca .38 caliber special pistol, and narcotics * * * which are in violation of Title 26 U.S.C. Section 4704(a) and Title 22 D.C.Code Section 2205.\u201d Upon execution, the police seized the pistol and other items including a plastic bag containing a \u201cgreen weed [and] 2 pipes\u201d, and vials containing suspected contraband. Subsequently, it was learned that the pistol had been purchased by one of the appellees in California, but the record is unclear whether the same weapon could also have been accurately reported as stolen. We conclude that this potential factual error is without legal significance.\nIn order to determine whether the warrant was properly issued, we may only consider the information submitted to the magistrate, Spinelli v. United States, 393 U.S. 410, 413 n. 3, 89 S.Ct. 584, 587, 21 L. Ed.2d 637 (1969), citing Aguilar v. Texas, 378 U.S. 108, 109 n. 1, 84 S.Ct. 1509, 12 L. Ed.2d 723 (1964), since \u201c[i]t is sufficient that the affidavit showed probable cause at the time the warrant was issued.\u201d Kenney v. United States, 81 U.S.App.D.C. 259, 157 F.2d 442 (1946). See, also Schoeneman v. United States, 115 U.S.App.D.C. 110, 114, 317 F.2d 173, 177 (1963); United States v. Gianaris, 25 F.R.D. 194, 195 (D.D.C.1960) (Holtzoff, J.). At that time there was adequate basis under Fourth Amendment standards for concluding that the gun was stolen.\nAs to the sufficiency of the underlying circumstances justifying issuance of the warrant, we cannot agree with the hearing judge in light of Supreme Court authority. The predicate for the officer\u2019s request was the fresh, detailed, personally obtained information from a confidential and reliable informant coupled with the \u201cWales\u201d check. The well-established standard by which information from an informant is sufficient for issuance of a warrant is stated in Aguilar v. Texas, supra:\n\u201c[T]he magistrate must be informed of some of the underlying circumstances from which the informant concluded that the narcotics were where he claimed they were, and some of the underlying circumstances from which the officer concluded that the informant * * * was \u2018credible\u2019. * * * \u201d [378 U.S. at 114, 84 S.Ct. at 1514.]\nHere this standard was met. The informant had been in the apartment within the last 36 hours and had personally seen the narcotics and the pistol. In addition, a \u201cWales\u201d computer check of the pistol, aside from establishing the gun was probably stolen, compellingly corroborated the informant\u2019s assertion that he had been in the apartment and had seen what he reported. Draper v. United States, 358 U.S. 307, 79 S.Ct. 329, 3 L.Ed.2d 327 (1959). Underlying circumstances revealing reliability were also adequately set forth.\nAs to the issue whether the items to be seized were sufficiently described, we conclude that the hearing judge took a too narrow and grammatically technical approach. The warrant need only identify the property with reasonable particularity. Marron v. United States, 275 U.S. 192, 196, 48 S.Ct. 74, 72 L.Ed. 231 (1927). The gun was so described. As to the narcotics, a detailed description, such as chemical composition, is unnecessary since a more general description is sufficient to describe and thus limit what the executing officer may seize. Nuckols v. United States, 69 App.D.C. 120, 122, 99 F. 2d 353, 355, cert. denied, Floratos v. United States, 305 U.S. 626, 59 S.Ct. 89, 83 L.Ed, 401 (1938); People v. Schmidt, Colo., 473 P.2d 698 (1970). Requiring verification by chemical analysis before seizing suspected narcotics would be impossible and amount to applying a forbidden reasonable doubt standard rather than a probable cause standard. See United States v. Cumberland, D.C.App., 262 A.2d 341 (1970).\nThe warrant described \u201ca .38 caliber special pistol and narcotics * * * as set forth in the affidavit attached hereto which are in violation of [relevant statutes].\u201d The language deleted above referred to \u201cany other instrumentalities of the crime of Narcotics & Receiving Stolen Property and any other proceeds of the crime of Narcotics & Receiving Stolen Property and property constituting evidence of such crime. * * * \u201d The hearing judge seized on those words to criticize the magistrate for lack of proper phrasing and overgeneralization.\nThe validity of the seizure here challenged does not depend on the validity of the warrant as a whole. The Supreme Court of California, sitting in banc, in Aday v. Superior Court of Alameda County, 55 Cal.2d 789, 13 Cal.Rptr. 415, 362 P. 2d 47 (1961), held:\n\u201cAlthough the warrant was defective in the respects noted, it does not follow that it was invalid as a whole. Such a conclusion would mean that the seizure of certain articles, even though proper if viewed separately, must be condemned merely because the warrant was defective with respect to other articles. The invalid portions of the warrant are sev-erable from the authorization relating to the named books which formed the principal basis of the charge of obscenity. The search for and seizure of these books, if otherwise valid, were not rendered illegal by the defects concerning other articles. Cf. United States v. Nine 200-Barrel Tanks (Approximately Full) of Beer, D.C., 6 F.2d 401, 402; United States v. Bell, D.C., 48 F.Supp. 986, 997.\u201d [13 Cal.Rptr. at 420, 362 P.2d at 52.]\nCf. Rugendorf v. United States, 376 U.S. 528, 84 S.Ct. 825, 11 L.Ed.2d 887 (1964); James v. United States, 135 U.S.App.D.C. 314, 315, 418 F.2d 1150, 1151 (1969); United States v. Sterling, 369 F.2d 799, 802 (3d Cir. 1966). We subscribe to the holding in the Aday case. In this case the description of the stolen gun and narcotics was sufficiently particular to make valid the entry of the police to execute the warrant.\nTherefore, the question of seizure of other property must be determined by reference to various descriptions in the warrant or what otherwise appeared to the police after their entry. Aday v. Superior Court of Alameda County, supra, 13 Cal.Rptr. 415, 362 P.2d at 54. See also Marron v. United States, supra; Harris v. United States, 331 U.S. 145, 67 S.Ct. 1098, 91 L.Ed. 1399 (1947); Johnson v. United States, 110 U.S.App.D.C. 351, 293 F.2d 539, cert. denied, 375 U.S. 888, 84 S.Ct. 167, 11 L.Ed.2d 118 (1963); Edelin v. United States, D.C.App., 227 A.2d 395 (1967). Accordingly, the motion to suppress should not have been granted for invalidity of the warrant.\nReversed.\n. See D.C.Code 1967, \u00a7 23-105(b) (Supp. III, 1970).\n. \u201cWales\u201d, the Washington Area Law Enforcement System, has access to a computer data bank respecting nationwide information on criminal activities.\n. Another sentence of the affidavit asserts previous reliability because information supplied \u201cled to the arrest of five persons * * * for violations of narcotics and gun laws.\u201d In light of other indicia of reliability, we need not decide whether this assertion is enough in itself to establish reliability. Possibly the affiant meant that through these arrests incidental searches revealed the contraband and thus enhanced the reliability of the informant. On the other hand, to base reliability merely on previous arrests would permit bootstrapping by informants and add nothing to the reliability scale.\n. Appellees\u2019 reliance on unsupported language and conclusions in United States v. Roth, 391 F.2d 507 (7th Cir. 1967), for the proposition that a reviewing court may consider matters which subsequently discredit assertions in the affidavit is unpersuasive in light of the foregoing authorities.\n. The hearing judge appears at one point to have become overly concerned with use of the term \u201cnarcotic\u201d without further chemical description pointing to illegality. He labored the point that some narcotics are lawful. However, with the reference to the specific statute in the affidavit, raising such issue, sua sponte, was pointless. United States v. Eisner, 297 E.2d 595 (6th Cir. 1962).\n. We emphasize, as did the California court, that warrants essentially general in character may not be saved by minor items described with requisite particularity. Id.",
        "type": "majority",
        "author": "NEBEKER, Associate Judge:"
      }
    ],
    "attorneys": [
      "John E. Rogers, Asst. U. S. Atty., with whom Thomas A. Flannery, U. S. Atty., John A. Terry and John E. Drury, III, Asst. U. S. Attys., were on the motion for summary reversal, for appellant.",
      "Matthew W. Black, Jr., Washington, D. C, appointed by this court, for appellee Ketterman; Donald Couvillon, appointed by this court, for appellee Michael G. Worden; and Colenester B. Jones, for ap-pellee Barbara H. Worden."
    ],
    "corrections": "",
    "head_matter": "UNITED STATES, Appellant, v. Charles E. KETTERMAN, Michael G. Worden, and Barbara H. Worden, Appellees.\nNo. 5479.\nDistrict of Columbia Court of Appeals.\nArgued Feb. 22, 1971.\nDecided April 15, 1971.\nJohn E. Rogers, Asst. U. S. Atty., with whom Thomas A. Flannery, U. S. Atty., John A. Terry and John E. Drury, III, Asst. U. S. Attys., were on the motion for summary reversal, for appellant.\nMatthew W. Black, Jr., Washington, D. C, appointed by this court, for appellee Ketterman; Donald Couvillon, appointed by this court, for appellee Michael G. Worden; and Colenester B. Jones, for ap-pellee Barbara H. Worden.\nBefore HOOD, Chief Judge, and FICK-LING and NEBEKER, Associate Judges."
  },
  "file_name": "0243-01",
  "first_page_order": 279,
  "last_page_order": 283
}
