{
  "id": 9123009,
  "name": "ESTATE OF Antonio A. FONTES Jr., et al. v. John L. SALOMONE, D.D.S., et al.",
  "name_abbreviation": "Estate of Fontes v. Salomone",
  "decision_date": "2003-06-03",
  "docket_number": "No. 2002-91-Appeal",
  "first_page": "433",
  "last_page": "439",
  "citations": [
    {
      "type": "official",
      "cite": "824 A.2d 433"
    }
  ],
  "court": {
    "name_abbreviation": "R.I.",
    "id": 10179,
    "name": "Supreme Court of Rhode Island"
  },
  "jurisdiction": {
    "id": 15,
    "name_long": "Rhode Island",
    "name": "R.I."
  },
  "cites_to": [
    {
      "cite": "110 R.I. 606",
      "category": "reporters:state",
      "reporter": "R.I.",
      "case_ids": [
        3143744
      ],
      "weight": 4,
      "year": 1972,
      "pin_cites": [
        {
          "page": "614"
        },
        {
          "page": "682"
        }
      ],
      "opinion_index": 0,
      "case_paths": [
        "/ri/110/0606-01"
      ]
    },
    {
      "cite": "505 A.2d 418",
      "category": "reporters:state_regional",
      "reporter": "A.2d",
      "case_ids": [
        7908157
      ],
      "pin_cites": [
        {
          "page": "422"
        }
      ],
      "opinion_index": 0,
      "case_paths": [
        "/a2d/505/0418-01"
      ]
    },
    {
      "cite": "118 R.I. 389",
      "category": "reporters:state",
      "reporter": "R.I.",
      "case_ids": [
        5500633
      ],
      "weight": 2,
      "year": 1977,
      "pin_cites": [
        {
          "page": "396-97"
        },
        {
          "page": "777"
        }
      ],
      "opinion_index": 0,
      "case_paths": [
        "/ri/118/0389-01"
      ]
    },
    {
      "cite": "710 A.2d 161",
      "category": "reporters:state_regional",
      "reporter": "A.2d",
      "case_ids": [
        11828474
      ],
      "pin_cites": [
        {
          "page": "164"
        }
      ],
      "opinion_index": 0,
      "case_paths": [
        "/a2d/710/0161-01"
      ]
    },
    {
      "cite": "694 A.2d 1213",
      "category": "reporters:state_regional",
      "reporter": "A.2d",
      "case_ids": [
        11992140
      ],
      "pin_cites": [
        {
          "page": "1215-16"
        }
      ],
      "opinion_index": 0,
      "case_paths": [
        "/a2d/694/1213-01"
      ]
    },
    {
      "cite": "799 A.2d 267",
      "category": "reporters:state_regional",
      "reporter": "A.2d",
      "case_ids": [
        9411923
      ],
      "weight": 2,
      "pin_cites": [
        {
          "page": "271"
        }
      ],
      "opinion_index": 0,
      "case_paths": [
        "/a2d/799/0267-01"
      ]
    },
    {
      "cite": "818 A.2d 608",
      "category": "reporters:state_regional",
      "reporter": "A.2d",
      "case_ids": [
        9353884
      ],
      "pin_cites": [
        {
          "page": "617"
        }
      ],
      "opinion_index": 0,
      "case_paths": [
        "/a2d/818/0608-01"
      ]
    }
  ],
  "analysis": {
    "cardinality": 684,
    "char_count": 14405,
    "ocr_confidence": 0.689,
    "pagerank": {
      "raw": 8.27848158966899e-08,
      "percentile": 0.4788808150591019
    },
    "sha256": "6cd681a0ceb501874b64be13768ac67cfe2241f4662765cd563065c9caccc4ba",
    "simhash": "1:9d50cbbb1ccd6048",
    "word_count": 2270
  },
  "last_updated": "2024-02-27T16:46:00.967259+00:00",
  "provenance": {
    "date_added": "2019-08-29",
    "source": "Harvard",
    "batch": "2018"
  },
  "casebody": {
    "judges": [
      "Present: WILLIAMS, C.J., FLANDERS, and GOLDBERG, JJ.",
      "Justice FLAHERTY did not participate."
    ],
    "parties": [
      "ESTATE OF Antonio A. FONTES Jr., et al. v. John L. SALOMONE, D.D.S., et al."
    ],
    "opinions": [
      {
        "text": "OPINION\nWILLIAMS, Chief Justice.\nThis appeal concerns the tragic death of Antonio A. Fontes, Jr. (Fontes or Mr. Fontes), who died because he did not receive proper medical care. The plaintiff, Leeann Fontes (plaintiff), filed a wrongful death action as the administratrix of Fontes\u2019s estate against defendants, John L. Salomone, D.D.S. (Dr. Salomone) and his employer Ocean State Endodontics, Inc. (OSE) (collectively referred to as defendants). A jury found Dr. Salomone liable for the negligent medical care of Fontes. The defendants now appeal, arguing that the trial justice erred when he decided (1) not to grant their motion for judgment as a matter of law, and (2) not to instruct the jury on the affirmative defense of superseding intervening cause. We disagree with the defendants and deny and dismiss the appeal. The pertinent facts are as follows.\nI\nFacts and Travel\nOn December 12, 1995, Mr. Fontes went to Dr. Salomone\u2019s dental office for a root canal. Doctor Salomone prescribed penicillin but did not actually perform the root canal until December 27, 1995. On that day, Dr. Salomone performed the root canal on Fontes\u2019s number twenty tooth. On January 10,1996, two weeks after the root canal, Mr. Fontes returned to Dr. Salo-mone\u2019s office complaining that he was experiencing pain in the general area of the root canal. Doctor Salomone treated Fontes at that time, but Fontes returned five days later and complained that the symptoms had worsened. Doctor Salo-mone\u2019s partner Patrick Morganti, D.D.S. (Dr. Morganti) treated him and determined that the real problem was with tooth number eighteen. Doctor Morganti performed a root canal on tooth number eighteen.\nOn January 16,1996, Fontes returned to Dr. Salomone\u2019s office complaining of continued pain and swelling on the left side of his mouth. Doctor Salomone prescribed more penicillin but Fontes reported the following day that he was now experiencing swelling on the right side of his mouth. On January 18, 1996, Fontes again returned to the office, complaining of increased swelling and difficulty swallowing. At this point, Dr. Salomone referred Fontes to Stephen T. Skoly, D.M.D. (Dr. Skoly), who is an oral surgeon.\nFontes saw Dr. Skoly for treatment at approximately 2 p.m. on January 18, 1996. Doctor Skoly diagnosed Fontes with impending Ludwig\u2019s angina and stated in the discharge report that Fontes would have to be hospitalized immediately for surgical incision, drainage and eventual procurement of a safe airway to ventilate him. Doctor Skoly told Fontes that if he did not go to the hospital immediately, he would die before the end of the evening. Doctor Skoly added in his discharge report that \u201cwe\u2019ll meet him in a few minutes\u201d at the hospital.\nFontes arrived at the hospital at 2:43 p.m. and underwent preadmission testing and evaluation until 3:50 p.m., when he was admitted to the holding area. At that time, Fontes was evaluated and prepared by the anesthesiologist, Dr. Prinscott, who performed a preanesthesia assessment and began administering intravenous fluids, which took approximately thirty minutes. Doctor Prinscott remained with Fontes in the holding area until Dr. Skoly arrived around 5:30 p.m., and Dr. Prinscott began administering anesthesia ten minutes later.\nBefore all the anesthesia could be administered and surgery could begin, Dr. Prinscott attempted to establish a secure airway by performing a fiberoptic nasal intubation on Fontes in the operating room. After several attempts, Dr. Prin-scott determined that swelling in Fontes\u2019s throat created an unsafe condition in which to perform a fiberoptic intubation. He decided that the better course of action would be to perform a tracheostomy.\nAt this time surgeon James G. Fingle-ton, M.D. (Dr. Fingleton), attempted to perform the tracheostomy. During this process, Fontes stopped breathing and Dr. Prinscott could not ventilate him despite numerous attempts. Fontes died at 6:54 p.m. The medical examiner stated that the cause of death was a right tension pneu-mothorax, a condition in which pressure in the pleural cavity causes the lung to collapse, thus compromising the blood flow to the heart. Doctor Skoly opined that Ludwig\u2019s angina was the cause of death and Dr. Fingleton listed the cause of death as prolonged hypoxia as a result of extended airway obstruction.\nOn November 6, 1997, plaintiff filed an action in Superior Court against Drs. Fin-gleton and Prinscott, and St. Joseph Health Services of Rhode Island, for wrongful death as a result of negligent medical care. The defendants were added as parties by an amended complaint dated July 2, 1998. On September 11, 2000, defendants moved to amend their answer to include the special defense that \u201cthe actions alleged by the plaintiff against [Drs. Prinscott and Fingleton] were the superseding intervening cause of [Fontes\u2019s] death.\u201d The trial justice granted defendants\u2019 motion to amend.\nA jury trial began on May 15, 2001. During plaintiffs case-in-chief, defendants elicited, through cross-examination, evidence of Dr. Skoly\u2019s statements that (1) Fontes should go to the hospital immediately or he might be dead by the end of the evening, and (2) that Dr. Skoly would meet Fontes there in a few minutes. After plaintiffs case-in-chief was presented, defendants made a motion for judgment as a matter of law pursuant to Rule 50 of the Superior Court Rules of Civil Procedure. The defendants argued that because Dr. Skoly did not arrive at the hospital until several hours after Fontes arrived, he breached the duty of care he had established by promising to meet Fontes at the hospital in a few minutes. Therefore, according to defendants, Dr. Skoly\u2019s actions were negligent and constituted a superseding intervening cause that relieved defendants of liability. The plaintiff objected, arguing that there was insufficient evidence to present this theory. The trial justice denied defendants\u2019 Rule 50 motion.\nDuring defendants\u2019 case-in-chief the defendants elicited the same information about Dr. Skoly\u2019s words and actions from David Brewster, M.D., and Dr. Fingleton based on their review of the records. Furthermore, defendants attempted to solicit from Dr. Fingelton whether Dr. Skoly had a duty to get to the hospital within a few minutes of treating Fontes. The plaintiff contended that there was insufficient evidence to establish Dr. Skoly\u2019s contribution to the cause of death. The trial justice sustained the objection. The defendants did not attempt to obtain or present any further testimony about Dr. Skoly\u2019s role in Fontes\u2019s death.\nAt the close of all the evidence, defendants renewed their Rule 50 motion, again alleging that Dr. Skoly\u2019s actions constituted a superseding intervening cause. The plaintiff objected for the same reasons previously stated. The defendants also argued that the jury should be allowed to consider whether Dr. Skoly\u2019s role in this case constituted a superseding intervening cause.\nThe trial justice denied defendants\u2019 Rule 50 motion and their requested jury instruction. Specifically, the trial justice determined that expert testimony was absolutely necessary to establish causation in a medical malpractice case such as this. Because defendants presented no such testimony about the alleged superseding intervening negligence of Dr. Skoly, judgment as a matter of law was inappropriate, as was the jury instruction permitting an inference that Dr. Skoly\u2019s conduct constituted a superseding intervening cause. The jury found that Dr. Salomone was negligent in his treatment of Mr. Fontes and that his negligence was the proximate cause of Fontes\u2019s death. Consequently, the jury awarded plaintiff $500,000. The jury also found that Dr. Prinscott and Dr. Fingleton were not liable. The defendants timely appealed.\nOn appeal, defendants argue that the trial justice erred in (1) denying their Rule 50 motion, and (2) refusing to instruct the jury that they could infer that Dr. Skoly was a superseding intervening cause. We address each argument seriatim.\nII\nDenial of the Defendants\u2019\nRule 50 Motion\nThe defendants contend that the trial justice should have granted their Rule 50 motion to dismiss plaintiffs case because the evidence established that Dr. Skoly\u2019s actions were a superseding intervening cause that relieved them of liability for Fontes\u2019s death. We disagree.\nWhen we review a decision on a judgment as a matter of law, we, like the trial justice, examine:\n\u201cthe evidence in the light most favorable to the nonmoving party, without weighing the evidence or evaluating the credibility of witnesses, and draw from the record all reasonable inferences that support the position of the nonmoving party. * * * If, after such a review, there remain factual issues upon which reasonable persons might draw different conclusions, the motion for [judgment as a matter of law] must be denied, and the issues must be submitted to the jury for determination.\u201d Filippi v. Filippi, 818 A.2d 608, 617 (R.I.2003) (quoting Marketing Design Source, Inc. v. Pranda North America, Inc., 799 A.2d 267, 271 (R.I.2002)).\n\u2018When there are no relevant factual issues and \u2018defendant is entitled to judgment as a matter of law, then the trial justice should grant the motion and dismiss the complaint.\u2019\u201d Id.\nTo establish that Dr. Skoly\u2019s conduct was a superseding intervening cause relieving defendants of liability, defendants would have to demonstrate that Dr. Skoly was negligent, that his negligence was a proximate cause of Fontes\u2019s death and that Dr. Skoly\u2019s negligence was not a reasonably foreseeable consequence of defendants\u2019 original negligence. See Pantalone v. Advanced Energy Delivery Systems, Inc., 694 A.2d 1213, 1215-16 (R.I.1997). To meet that burden defendants should have introduced expert evidence that (1) Dr. Skoly\u2019s delay in treating Fontes deviated from the standard of care of a reasonably prudent oral surgeon, see Sheeley v. Memorial Hospital, 710 A.2d 161, 164 (R.I.1998), and (2) that Dr. Skoly\u2019s delay was the proximate cause of the death. See Evans v. Liguori, 118 R.I. 389, 396-97, 374 A.2d 774, 777 (1977).\nThe defendants did not present any expert testimony concerning the appropriate standard of care for Dr. Skoly, nor- did they offer expert testimony demonstrating that Dr. Skoly\u2019s delay was a proximate cause of Fontes\u2019s death. Viewing the facts in a light most favorable to plaintiff, and given the fact that defendants could not meet the evidentiary requirements for the defense of a superseding intervening cause, the trial justice did not err in denying defendants\u2019 Rule 50 motion.\nWe note that it was not until after plaintiff presented her case-in-chief that defendants provided notice that it would argue that Dr. Skoly\u2019s actions constituted a superseding intervening cause. This is a clear instance of trial by ambush. Although we do not countenance defendants\u2019 trial strategy, we need not address the issue of whether the pleadings should have been amended to include this defense because, even if the pleadings were amended to include the defense that Dr. Skoly\u2019s actions constituted an intervening superseding act of negligence, defendants failed to properly prove this with the requisite expert testimony.\nIll\nJury Instructions\nThe defendants also argue that the trial justice erred by not issuing jury instructions on superseding intervening cause. We disagree.\n\u201c[T]he charge given to the jury must be applicable to the facts that have been adduced in evidence and that a request for instructions is properly denied when there is no basis for such instruction in the evidence.\u201d Brodeur v. Desrosiers, 505 A.2d 418, 422 (R.I.1986). As we state above, the defendants failed to present the requisite expert testimony to establish that Dr. Skoly\u2019s actions were negligent and that such negligence was the proximate cause of Fontes\u2019s death. Therefore, there was no basis for an instruction to the jurors that they could properly consider whether Dr. Skoly\u2019s actions constituted a superseding intervening cause. Accordingly, the trial justice did not err by refusing to issue the defendants\u2019 proposed instruction.\nConclusion\nFor the reasons set out above, the defendants\u2019 appeal is denied and dismissed. The judgment of the Superior Court is affirmed. The papers of the case may be returned to the Superior Court.\nJustice FLAHERTY did not participate.\n. The plaintiff also sued James G. Fingleton, M.D. (Dr. Fingleton), John D. Prinscott, M.D. (Dr. Prinscott) and St. Joseph Health Services of Rhode Island (St. Joseph). Because the jury found only Dr. Salomone negligent, Dr. Fingelton, Dr. Prinscott and St. Joseph are not parties to this appeal.\n. \"Ludwig\u2019s\u201d angina consists of cellulitis that causes \u201cpainful swelling of the floor of the mouth, elevation of the tongue, dysphasia, dysphonia,\u201d and blockage of the airway. PDR Medical Dictionary 83 (1st ed.1995).\n. A fiberoptic nasal intubation is a process by which Dr. Prinscott would insert a fiberoptic scope through the nose and past Fontes\u2019s vocal cords into the trachea, where the tube would be left in place as a secure airway to administer oxygen during the operation.\n. The defendants rely on Wilkinson v. Vesey, 110 R.I. 606, 295 A.2d 676 (1972), for the proposition that Dr. Skoly's deposition testimony and his statements on the discharge report can be substituted for the required expert testimony on standard of care and causation. This reliance is misplaced. In Wilkinson, this Court determined that the requisite standard of care in a medical malpractice case could be adduced by invoking the adverse witness statute. See id. at 614, 295 A.2d at 682. The adverse witness statute, formerly codified at G.L.1956 \u00a7 9-17-14, was repealed in 1987 (P.L.1987, ch. 381, \u00a7 4) and replaced by the Rhode Island Rules of Evidence. Even if that statute were still in effect, however, defendants never called Dr. Skoly to testify as an adverse witness. Therefore defendants would not have been able to invoke that statute to present Dr. Skoly\u2019s deposition testimony and discharge report in lieu of expert testimony.",
        "type": "majority",
        "author": "WILLIAMS, Chief Justice."
      }
    ],
    "attorneys": [
      "Mark H. Grimm, Vincent D. Morgera, Providence, for plaintiff.",
      "David W. Carroll, Michael Sarli, Providence, Francis A. Sarli, for defendant."
    ],
    "corrections": "",
    "head_matter": "ESTATE OF Antonio A. FONTES Jr., et al. v. John L. SALOMONE, D.D.S., et al.\nNo. 2002-91-Appeal.\nSupreme Court of Rhode Island.\nJune 3, 2003.\nMark H. Grimm, Vincent D. Morgera, Providence, for plaintiff.\nDavid W. Carroll, Michael Sarli, Providence, Francis A. Sarli, for defendant.\nPresent: WILLIAMS, C.J., FLANDERS, and GOLDBERG, JJ."
  },
  "file_name": "0433-01",
  "first_page_order": 469,
  "last_page_order": 475
}
