{
  "id": 11595318,
  "name": "Thomas A. DiLUGLIO v. RHODE ISLAND ETHICS COMMISSION",
  "name_abbreviation": "DiLuglio v. Rhode Island Ethics Commission",
  "decision_date": "1999-03-26",
  "docket_number": "No. 97-330-M.P.",
  "first_page": "1149",
  "last_page": "1153",
  "citations": [
    {
      "type": "official",
      "cite": "726 A.2d 1149"
    }
  ],
  "court": {
    "name_abbreviation": "R.I.",
    "id": 10179,
    "name": "Supreme Court of Rhode Island"
  },
  "jurisdiction": {
    "id": 15,
    "name_long": "Rhode Island",
    "name": "R.I."
  },
  "cites_to": [
    {
      "cite": "463 A.2d 1352",
      "category": "reporters:state_regional",
      "reporter": "A.2d",
      "case_ids": [
        7994891
      ],
      "pin_cites": [
        {
          "page": "1358"
        }
      ],
      "opinion_index": 0,
      "case_paths": [
        "/a2d/463/1352-01"
      ]
    },
    {
      "cite": "688 A.2d 1289",
      "category": "reporters:state_regional",
      "reporter": "A.2d",
      "case_ids": [
        7369706
      ],
      "pin_cites": [
        {
          "page": "1293"
        }
      ],
      "opinion_index": 0,
      "case_paths": [
        "/a2d/688/1289-01"
      ]
    },
    {
      "cite": "668 A.2d 1246",
      "category": "reporters:state_regional",
      "reporter": "A.2d",
      "case_ids": [
        7874359
      ],
      "pin_cites": [
        {
          "page": "1248"
        }
      ],
      "opinion_index": 0,
      "case_paths": [
        "/a2d/668/1246-01"
      ]
    },
    {
      "cite": "634 A.2d 285",
      "category": "reporters:state_regional",
      "reporter": "A.2d",
      "case_ids": [
        7358691
      ],
      "pin_cites": [
        {
          "page": "290"
        }
      ],
      "opinion_index": 0,
      "case_paths": [
        "/a2d/634/0285-01"
      ]
    },
    {
      "cite": "544 A.2d 582",
      "category": "reporters:state_regional",
      "reporter": "A.2d",
      "case_ids": [
        7941640
      ],
      "opinion_index": 0,
      "case_paths": [
        "/a2d/544/0582-01"
      ]
    },
    {
      "cite": "494 A.2d 897",
      "category": "reporters:state_regional",
      "reporter": "A.2d",
      "case_ids": [
        7918295
      ],
      "pin_cites": [
        {
          "page": "898"
        }
      ],
      "opinion_index": 0,
      "case_paths": [
        "/a2d/494/0881-01"
      ]
    }
  ],
  "analysis": {
    "cardinality": 679,
    "char_count": 14092,
    "ocr_confidence": 0.758,
    "pagerank": {
      "raw": 4.2546110485373766e-08,
      "percentile": 0.269428449303415
    },
    "sha256": "75df6506b1817e3657f6c2c66a5acb453089723ecc3566f0ac13e39d2914326b",
    "simhash": "1:bca6278dec620cf4",
    "word_count": 2230
  },
  "last_updated": "2024-02-27T21:29:02.465658+00:00",
  "provenance": {
    "date_added": "2019-08-29",
    "source": "Harvard",
    "batch": "2018"
  },
  "casebody": {
    "judges": [
      "Present WEISBERGER, C.J., and LEDERBERG, FLANDERS, and GOLDBERG, JJ."
    ],
    "parties": [
      "Thomas A. DiLUGLIO v. RHODE ISLAND ETHICS COMMISSION."
    ],
    "opinions": [
      {
        "text": "OPINION\nPER CURIAM.\nThis is a petition for certiorari concerning a former legislator\u2019s alleged violation of G.L. 1956 \u00a7 36 \u2014 14\u20145(e), the so-called revolving-door legislation. The petitioner, Thomas A. DiLuglio, a former state senator, asks us to reverse a Superior Court judgment that affirmed a decision and order of the Conflict of Interest Commission (former commission), a predecessor entity to the Rhode Island Ethics Commission (commission). The former commission assessed a civil penalty against the petitioner for representing a client before the Rhode Island State Senate (senate) within a year after leaving his public office where he served as a member of that body. The petitioner also challenges an interlocutory Superior Court order substituting the commission for its predecessor agency, the former commission, in petitioner\u2019s then-pending Superior Court appeal from the former commission\u2019s order that adjudged the petitioner a violator of \u00a7 36-14-5(e). We ordered the parties to show cause why we should not resolve this petition summarily. After reviewing the parties\u2019 legal submissions and listening to their oral arguments, we conclude that no such cause has been shown. Hence, we proceed to resolve this petition without further briefing and argument.\nFacts and Travel\nThe petitioner is an attorney who served as a member of the senate from January 1975 until July 1983. The Rhode Island Bottlers of Carbonated Beverages, also known as the Rhode Island Soft Drink Association (bottlers), retained petitioner shortly after he left the senate to represent the bottlers in their attempt to defeat a bill relating to litter control and recycling that was then pending before the Rhode Island General Assembly. On April 11, 1984, petitioner registered as a legislative agent. For petitioner\u2019s work in opposing the bill in question, the bottlers paid him approximately $5,300. The petitioner initiated telephone conferences with and prepared letters of information to state senators opposing the bill. The petitioner also attended senate sessions during April and May of 1984, wearing his lobbyist badge and arranged at least two dinners at a Providence restaurant between state senators and representatives of the soft-drink industry for the purpose of providing information in opposition to the bill. However, when the Senate Finance Committee convened to consider this bill, another attorney rather than petitioner appeared on behalf of the bottlers and submitted a formal presentation to the committee opposing the bill.\nAnalysis\nI\nSubstitution of the Commission-for Its Predecessor\nThe 1987 legislation creating the commission, P.L.1987, ch. 195, \u00a7 1 (the act), repealed the enabling legislation of the former commission. However, the act provided the commission with the authority to continue the former commission\u2019s work in progress as of its effective date (June 25, 1987). P.L. 1987, ch. 195, \u00a7\u00a7 4, 6. For example, \u00a7 6 of the act authorized the commission to take action on any appeals from former commission orders pending before the Superior Court in the event that the court remanded any such case to the commission. We are of the opinion that such a provision necessarily contemplated that the commission would be able to enter an appearance as a party in such pending appeals, either to request such a remand or to respond to any request for a remand that any other party to the appeal may present to the court. In addition, \u00a7 4(d) of the act essentially transferred to the commission all complaints pending before the former commission for which it had closed the record in a formal hearing but had not yet rendered a final judgment as of the effective date of the act. Here, the former commission had \u201ccompleted and formally closed the record in a formal hearing on the said complaint\u201d prior to the act\u2019s effective date. Id. Nonetheless, because of petitioner\u2019s pending Superior Court appeal, the former commission had not yet rendered a final judgment on the complaint against petitioner. See Welsh Manufacturing, Division of Textron, Inc. v. Pinkerton\u2019s Inc., 494 A.2d 897, 898 (R.I.1985) (holding that a judgment is final only when the parties have exhausted their respective right(s) to appeal or if no party to the action filed a timely appeal). As a result, \u00a7 4(d) authorized the commission to \u201cadjudicate and/or dispose of the said complaint in accordance with the procedures established by this act.\u201d\nConsistent with this legislative intent, the commission had enacted so-called Miscellaneous Regulation B, which established a substitution-of-party mechanism for the commission\u2019s staff to follow in substituting the commission for its predecessor agency in pending court cases involving the former commission. In construing provisions of the act, we have previously permitted the commission to substitute itself for the former commission as the party defendant. See Celona v. Rhode Island Ethics Commission, 544 A.2d 582, 583 n. 1 (R.I.1988) (acknowledging the substitution of the commission for the former commission during the pendency of the litigation). Indeed, any other interpretation would contravene the clear intent of \u00a7\u00a7 4 and 6 of the act and would not promote the policies and obvious purposes behind the establishment of the commission as a successor entity to the former commission. See, e.g., Kirby v. Planning Board of Review of Middletown, 634 A.2d 285, 290 (R.I.1993) (recognizing that the Court will not interpret a legislative enactment literally when to do so would provide a result at odds with its legislative intent and that in this instance, the Court must interpret the enactment consistent with its policy or obvious purpose); see also In re Advisory to the Governor (Judicial Nominating Commission), 668 A.2d 1246, 1248 (R.I.1996) (stating that when interpreting a legislative enactment containing ambiguous language, the Court will construe the statutory provision in its entirety, attributing to the act the meaning most consistent with the policies and purposes of the legislation). Thus, we agree with the Superior Court that the Legislature intended for the commission to possess the authority to step into the shoes of the former commission, by substituting itself for that entity in any pending court cases involving the former commission, including any pending appeals to the Superior Court from orders entered by the former commission in contested eases.\nII\nWhether Petitioner Violated \u00a7 36-14-5(e) by Representing the Interests of His Client Before the Senate Within a Year of Leaving Office\nThe petitioner argues that the Superi- or Court incorrectly ruled that he represented the interests of his client, the bottlers, before the senate within a year after leaving public office. He contends that no evidence existed to show that he made a formal presentation on behalf of the bottlers before the senate. However, after analyzing petitioner\u2019s acts without the aid of the definition that is now set forth in \u00a7 36-14-2(13), we conclude that petitioner \u201crepresented\u201d the bottlers in violation of that term as it was used in \u00a7 36 \u2014 14\u20145(e)(2) when petitioner engaged in the challenged conduct.\nSpecifically, the evidence here indicates that after agreeing to serve as a representative for the bottlers, petitioner (1) registered as a legislative agent; (2) attended senate sessions and appeared on the floor wearing his legislative lobbyist tag; (3) initiated telephone conferences with state senators relating to the litter control and recycling bill; (4) prepared letters of information that were distributed to senators in opposition to the bill at issue; (5) arranged at least two dinners between state senators and representatives of the soft-drink industry to provide information in opposition to the bill; and (6) admitted in his billings that he was serving as a legislative agent. Moreover, petitioner\u2019s employer reported the above-described conduct as lobbying activity in forms it filed with the Secretary of State.\nThese circumstances lead us to conclude that petitioner unlawfully represented the bottlers before the senate notwithstanding that he did not formally appear on behalf of the bottlers in making any committee presentations to the senate. As Black\u2019s Law Dictionary 1169 (5th ed.1979) states, \u201c[t]o represent a person [or persons] is to stand in his [or their] place,\u201d or \u201cto speak or act with authority on behalf of such person [or persons].\u201d Contacting senators individually and as members of small groups, and performing other professional services in his capacity as a paid, registered lobbyist constituted representation of petitioner\u2019s client\u2019s interests within the generally understood meaning of that term as it was used in the applicable statute. As recognized by the Superior Court, the interpretation suggested by petitioner \u2014 namely, that only a formal presentation to a senate committee would constitute representation before the senate \u2014 would open up a gaping hole in, and thereby defeat the intent of, the revolving-door legislation. For up to one year after leaving public service, this legislation prevents former government officials from improperly engaging in what amounts to \u201cinsider trading\u201d on the benefits of their former government posts before the very public bodies of which they were members. The petitioner has not offered any convincing arguments concerning how and why the Legislature would have intended to limit the scope of \u00a7 36-14-5(e)(2) only to formal appearances before senate committees and to other such official presentations, and we are unable to posit any such reasons on our own why it would have intentionally drawn such a bootless distinction.\nThe petitioner also argues that the Superi- or Court\u2019s interpretation of the term \u201crepresents\u201d impermissibly limits a former member of a government entity from associating with members of his or her former government agency, and/or divests the member of his or her right to petition a public official for redress. Nothing in the Superior Courts opinion, however, justifies such an expansive reading of its ruling. Considering that the bottlers hired the petitioner for the purpose of defeating a litter and recycling bill, and that the petitioner registered as a lobbyist for this purpose, initiated telephone conferences with state senators regarding the bill, attended senate sessions wearing his lobbyist badge, arranged dinners between state senators and his client, and prepared letters of information opposing the bill that were distributed to state senators, both the former commission and the Superior Court were entitled to conclude that the petitioner represented the interests of his client before the senate within a year of leaving office as a state senator and that such conduct violated \u00a7 36-14-5(e). Neither the Superior Court\u2019s judgment nor the underlying order of the former commission impermissibly limited the petitioner\u2019s right to associate with members of the senate or to petition his or her representatives for relief. Rather, the effect of the ruling was merely to confirm that the petitioner, while acting as the representative of another party, was unable to lobby the very public body of which he was formerly a member within a year of leaving public service. Therefore, given the evidence of the petitioner\u2019s conduct on behalf of his client, both the commission and the reviewing court correctly ruled that the petitioner violated \u00a7 36 \u2014 14\u20145(e).\nConclusion\nFor the reasons set forth above, we deny the petition for certiorari, quash the writ previously granted, affirm the Superior Courts judgment, and remand the papers in this case to the Superior Court with our decision endorsed thereon.\nJustice BOURCIER did not participate.\n. General Laws 1956 \u00a7 36-14-5 provides, in pertinent part, as follows:\n\"(e) No person subject to this code of ethics shall:\n\u201c(2) Represent any other person before any state or municipal agency of which he or she is a member or by which he or she is employed.\n\"(4) Shall engage in any of the activities prohibited by subsection (e)(1), (e)(2), or (e)(3) of this section for a period of one year after he or she has officially severed his or her position with said state or municipal agency; provided, however, that this prohibition shall not pertain to a matter of public record in a court of law.\u201d\n. Miscellaneous Regulation B provided that \"[f]or all cases pending before the courts involving the [former commission], the [commission] shall forthwith be substituted as party in interest with counsel indicating that he or she appears for the [commission] in each of said proceedings.\u201d The petitioner never challenged the issuance of this regulation under the procedures set forth in the Administrative Procedures Act, and therefore we presume it to be valid. See Parkway Towers Associates v. Godfrey, 688 A.2d 1289, 1293 (R.I.1997); Lerner v. Gill, 463 A.2d 1352, 1358 (R.I.1983).\n. The definition of the term \"represents\u201d is set forth in \u00a7 36-14-2(13). Under this definition, adopted in 1987, an official represents the interests of another party before a state or municipal agency when the official is authorized to, and does in fact, act as another person\u2019s attorney-at-law or attorney-in-fact \"in the presentation of evidence or arguments before that agency for the purpose of influencing the judgment of the agency in favor of that other person.\u201d Section 36-14-2(13). Because this definition of \"represents\u201d was not in effect when petitioner engaged in the challenged conduct (the term \u201crepresents\" was undefined at that time), we do not apply it here. However, even if it had been in effect we would still hold that petitioner's actions were tantamount to representation before the senate according to the provisions in this definition.",
        "type": "majority",
        "author": "PER CURIAM."
      }
    ],
    "attorneys": [
      "Patricia Buckley; Joseph A. Kelly, Providence, for Plaintiff.",
      "Martin F. Healy, Colleen A. Brown, for Defendant."
    ],
    "corrections": "",
    "head_matter": "Thomas A. DiLUGLIO v. RHODE ISLAND ETHICS COMMISSION.\nNo. 97-330-M.P.\nSupreme Court of Rhode Island.\nMarch 26, 1999.\nPatricia Buckley; Joseph A. Kelly, Providence, for Plaintiff.\nMartin F. Healy, Colleen A. Brown, for Defendant.\nPresent WEISBERGER, C.J., and LEDERBERG, FLANDERS, and GOLDBERG, JJ."
  },
  "file_name": "1149-01",
  "first_page_order": 1217,
  "last_page_order": 1221
}
