{
  "id": 11138068,
  "name": "In re Melvin C. BELLI, Respondent. A Member of the Bar of the District of Columbia Court of Appeals",
  "name_abbreviation": "In re Belli",
  "decision_date": "2001-01-25",
  "docket_number": "No. 99-BG-1625",
  "first_page": "526",
  "last_page": "527",
  "citations": [
    {
      "type": "official",
      "cite": "766 A.2d 526"
    }
  ],
  "court": {
    "name_abbreviation": "D.C.",
    "id": 11933,
    "name": "District of Columbia Court of Appeals"
  },
  "jurisdiction": {
    "id": 56,
    "name_long": "District of Columbia",
    "name": "D.C."
  },
  "cites_to": [
    {
      "cite": "664 A.2d 364",
      "category": "reporters:state_regional",
      "reporter": "A.2d",
      "case_ids": [
        7865603
      ],
      "pin_cites": [
        {
          "page": "367-68"
        }
      ],
      "opinion_index": 0,
      "case_paths": [
        "/a2d/664/0364-01"
      ]
    },
    {
      "cite": "650 A.2d 1829",
      "category": "reporters:state_regional",
      "reporter": "A.2d",
      "opinion_index": 0
    },
    {
      "cite": "591 A.2d 1292",
      "category": "reporters:state_regional",
      "reporter": "A.2d",
      "case_ids": [
        7382485
      ],
      "pin_cites": [
        {
          "page": "1298"
        }
      ],
      "opinion_index": 0,
      "case_paths": [
        "/a2d/591/1292-01"
      ]
    },
    {
      "cite": "579 A.2d 190",
      "category": "reporters:state_regional",
      "reporter": "A.2d",
      "case_ids": [
        7356987
      ],
      "weight": 2,
      "pin_cites": [
        {
          "page": "191",
          "parenthetical": "emphasis added"
        }
      ],
      "opinion_index": 0,
      "case_paths": [
        "/a2d/579/0190-01"
      ]
    },
    {
      "cite": "654 A.2d 1285",
      "category": "reporters:state_regional",
      "reporter": "A.2d",
      "case_ids": [
        7879377
      ],
      "pin_cites": [
        {
          "page": "1288"
        }
      ],
      "opinion_index": 0,
      "case_paths": [
        "/a2d/654/1285-01"
      ]
    },
    {
      "cite": "507 A.2d 145",
      "category": "reporters:state_regional",
      "reporter": "A.2d",
      "case_ids": [
        7883389
      ],
      "pin_cites": [
        {
          "page": "147"
        }
      ],
      "opinion_index": 0,
      "case_paths": [
        "/a2d/507/0145-01"
      ]
    }
  ],
  "analysis": {
    "cardinality": 299,
    "char_count": 3862,
    "ocr_confidence": 0.688,
    "pagerank": {
      "raw": 1.7835313899155192e-07,
      "percentile": 0.7138682602730893
    },
    "sha256": "90b9412ce596c1533171e073aa7c70dc4b6e48967d2416370d03d87745b0c58b",
    "simhash": "1:2a4744cc17e08627",
    "word_count": 610
  },
  "last_updated": "2024-02-27T20:00:36.867443+00:00",
  "provenance": {
    "date_added": "2019-08-29",
    "source": "Harvard",
    "batch": "2018"
  },
  "casebody": {
    "judges": [
      "Before STEADMAN, FARRELL, and GLICKMAN, Associate Judges."
    ],
    "parties": [
      "In re Melvin C. BELLI, Respondent. A Member of the Bar of the District of Columbia Court of Appeals."
    ],
    "opinions": [
      {
        "text": "PER CURIAM;\nRespondent was suspended from the practice of law in California, with a portion of the suspension stayed in favor of probation. The discipline stemmed from respondent\u2019s conversion to his own use of money from an oral trust established by his father (Melvin Belli, Sr.) on behalf of respondent and his then-minor sister. Respondent had been made trustee and administrator of the trust. His misappropriation of the funds was stipulated in California to have resulted from \u201cgross negligen[ce].\u201d In keeping with the California discipline, the Board recommends that respondent (1) be suspended from practicing law in the District of Columbia for two years, with a showing of fitness required for reinstatement, but (2) be permitted to seek a vaca-tur of the sanction upon a showing that he has satisfied the requirements of probation imposed by California.\nThe matter is before us on the recommendation of the Board on Professional Responsibility for reciprocal discipline. In such a case both D.C. Bar R. XI, \u00a7 11 and notions of comity dictate that we give deference to the assessment of an attorney\u2019s conduct and the measure of discipline imposed by the other jurisdiction. See In re Velasquez, 507 A.2d 145, 147 (D.C.1986) (\u201c[Tjhere is merit in the idea of granting due deference \u2014 for its sake alone \u2014 to the opinions and actions of a sister jurisdiction with respect to attorneys over whom we share supervisory authority.\u201d). Moreover when, as in this case, neither the respondent nor Bar Counsel has objected to the Board\u2019s recommended discipline, the deference we normally afford to the Board\u2019s recommendation, see Rule XI, \u00a7 9(g), is reinforced. See In re Goldsborough, 654 A.2d 1285, 1288 (D.C.1995).\nPartly because of these considerations, we elect not to resolve in this case a potentially important question raised by California\u2019s determination that respondent acted with \u201cgross negligen[ce]\u201d in misappropriating funds from the family trust. The Board\u2019s recommendation of suspension for two years (or less) could be read to be inconsistent with our holding in In re Addams, 579 A.2d 190 (D.C.1990) (en banc), that \u201cin virtually all cases of misappropriation, disbarment will be the only appropriate sanction unless it appears that the misconduct resulted from nothing more than simple negligence.\u201d Id. at 191 (emphasis added); see In re Cooper, 591 A.2d 1292, 1298 (D.C.1991) (remanding to Board for consideration of whether attorney\u2019s conduct involved \u201csomething more serious than simple negligence.\u201d). In this case, however, besides the fact that we deal with an unopposed recommendation for reciprocal discipline, the record before us is too sparse to enable us to assess\u2014 even within the limitations of a reciprocal proceeding \u2014 the degree of negligence involved in respondent\u2019s conduct.\nIt is, therefore, ORDERED that respondent be suspended from the practice of law in the District of Columbia in accordance with the recommendation of the Board set forth above. This order is contingent upon respondent\u2019s compliance with the other terms and conditions of probation imposed by California. The sanction shall run nunc pro tunc from July 21, 1999, the date of the California suspension, respondent having complied with the requirements for receiving such retroactive treatment. See In re Slosberg, 650 A.2d 1829 (D.C.1994)\nSo ordered.\nThat record does suggest, however, that respondent\u2019s behavior occurred as part of what appears to have been a family affair rather than in the context of an attorney-client relationship. See In re Confidential, 664 A.2d 364, 367-68 (D.C.1995).",
        "type": "majority",
        "author": "PER CURIAM;"
      }
    ],
    "attorneys": [],
    "corrections": "",
    "head_matter": "In re Melvin C. BELLI, Respondent. A Member of the Bar of the District of Columbia Court of Appeals.\nNo. 99-BG-1625.\nDistrict of Columbia Court of Appeals.\nSubmitted Dec. 18, 2000.\nDecided Jan. 25, 2001.\nBefore STEADMAN, FARRELL, and GLICKMAN, Associate Judges."
  },
  "file_name": "0526-01",
  "first_page_order": 576,
  "last_page_order": 577
}
