{
  "id": 11139605,
  "name": "Cynthia L. KRIEBEL, now Cynthia A. Lundeen, Appellant v. Gary A. KRIEBEL, Appellee",
  "name_abbreviation": "Kriebel v. Kriebel",
  "decision_date": "2000-12-22",
  "docket_number": "",
  "first_page": "854",
  "last_page": "859",
  "citations": [
    {
      "type": "official",
      "cite": "766 A.2d 854"
    }
  ],
  "court": {
    "name_abbreviation": "Pa. Super. Ct.",
    "id": 8775,
    "name": "Superior Court of Pennsylvania"
  },
  "jurisdiction": {
    "id": 6,
    "name_long": "Pennsylvania",
    "name": "Pa."
  },
  "cites_to": [
    {
      "cite": "689 A.2d 264",
      "category": "reporters:state_regional",
      "reporter": "A.2d",
      "case_ids": [
        947379,
        11924311
      ],
      "year": 1997,
      "opinion_index": 0,
      "case_paths": [
        "/pa-super/455/0587-01",
        "/a2d/689/0264-01"
      ]
    },
    {
      "cite": "455 Pa.Super. 587",
      "category": "reporters:state",
      "reporter": "Pa. Super.",
      "case_ids": [
        947379
      ],
      "year": 1997,
      "opinion_index": 0,
      "case_paths": [
        "/pa-super/455/0587-01"
      ]
    },
    {
      "cite": "335 Pa.Super. 10",
      "category": "reporters:state",
      "reporter": "Pa. Super.",
      "case_ids": [
        620738
      ],
      "weight": 2,
      "year": 1984,
      "opinion_index": 0,
      "case_paths": [
        "/pa-super/335/0010-01"
      ]
    },
    {
      "cite": "397 Pa.Super. 321",
      "category": "reporters:state",
      "reporter": "Pa. Super.",
      "case_ids": [
        884253
      ],
      "weight": 3,
      "year": 1990,
      "pin_cites": [
        {
          "page": "323"
        }
      ],
      "opinion_index": 0,
      "case_paths": [
        "/pa-super/397/0321-01"
      ]
    },
    {
      "cite": "701 A.2d 210",
      "category": "reporters:state_regional",
      "reporter": "A.2d",
      "case_ids": [
        18124,
        11891830
      ],
      "year": 1997,
      "opinion_index": 0,
      "case_paths": [
        "/pa/549/0309-01",
        "/a2d/701/0210-01"
      ]
    },
    {
      "cite": "549 Pa. 309",
      "category": "reporters:state",
      "reporter": "Pa.",
      "case_ids": [
        18124
      ],
      "year": 1997,
      "opinion_index": 0,
      "case_paths": [
        "/pa/549/0309-01"
      ]
    },
    {
      "cite": "530 Pa. 176",
      "category": "reporters:state",
      "reporter": "Pa.",
      "case_ids": [
        1832988
      ],
      "weight": 2,
      "year": 1992,
      "opinion_index": 0,
      "case_paths": [
        "/pa/530/0176-01"
      ]
    },
    {
      "cite": "722 A.2d 725",
      "category": "reporters:state_regional",
      "reporter": "A.2d",
      "case_ids": [
        11775826
      ],
      "opinion_index": 0,
      "case_paths": [
        "/a2d/722/0725-01"
      ]
    },
    {
      "cite": "505 S.E.2d 147",
      "category": "reporters:state_regional",
      "reporter": "S.E.2d",
      "year": 1998,
      "opinion_index": 0
    },
    {
      "cite": "131 N.C.App. 1",
      "category": "reporters:state",
      "reporter": "N.C. App.",
      "case_ids": [
        11196691
      ],
      "year": 1998,
      "opinion_index": 0,
      "case_paths": [
        "/nc-app/131/0001-01"
      ]
    }
  ],
  "analysis": {
    "cardinality": 708,
    "char_count": 17270,
    "ocr_confidence": 0.705,
    "pagerank": {
      "raw": 4.03580807328026e-08,
      "percentile": 0.23800267892066293
    },
    "sha256": "d0e5931d8d8c2256426d1d708d4632e95a4f267a6bdeb1c5440eda53f19543cb",
    "simhash": "1:cae949a242431bdc",
    "word_count": 2711
  },
  "last_updated": "2024-02-27T20:00:36.867443+00:00",
  "provenance": {
    "date_added": "2019-08-29",
    "source": "Harvard",
    "batch": "2018"
  },
  "casebody": {
    "judges": [
      "Before POPOVICH, FORD ELLIOTT and BECK, JJ."
    ],
    "parties": [
      "Cynthia L. KRIEBEL, now Cynthia A. Lundeen, Appellant v. Gary A. KRIEBEL, Appellee."
    ],
    "opinions": [
      {
        "text": "BECK, J.:\n\u00b6 1 This appeal requires a determination of whether Pennsylvania currently has jurisdiction over custody determinations involving the parties and their children. Under the Uniform Child Custody Jurisdiction Act, 23 Pa.C.S.A. \u00a7\u00a7 5341-5366 (UCCJA), we find that although Pennsylvania had initial jurisdiction, this state does not have continuing jurisdiction because the children no longer have significant connections with this Commonwealth.\n\u00b6 2 Appellant Cynthia L. Kriebel (Mother) and Appellee Gary A. Kriebel (Father) married in July 1980. They separated in May 1993 and divorced in July 1997. They are the parents of three children born in 1983, 1985 and 1989. After the parties\u2019 separation, they agreed that the children would reside with Mother and Father would have partial custody.\n\u00b6 3 On May 12, 1994, Mother filed a complaint in divorce in Pennsylvania including a claim for custody. In November 1994, Father agreed that Mother could move with the children to North Carolina. A consent order, drafted by Mother\u2019s counsel, permitting the relocation and setting out certain economic terms was approved by the trial court and entered as its order. Two and one half years later in May of 1997, Father filed a Motion for a Custody Conciliation Conference.\n\u00b6 4 On June 12, 1997, Mother filed a complaint for child custody in North Carolina. In Pennsylvania she filed Preliminary Objections to Father\u2019s motion for a Custody Consolidation Conference asserting that Pennsylvania lacked subject matter jurisdiction to decide Father\u2019s petition under the UCCJA. On July 10, 1997, in the Pennsylvania action the parties agreed to an Interim Custody Order setting the terms of Father\u2019s partial custody. The order preserved each party\u2019s right to challenge jurisdiction and, for enforcement purposes, was entered in the courts of both states.\n\u00b6 5 In May 1998, Father again filed in Pennsylvania a Petition for Special Relief as to custody. Mother then petitioned in Pennsylvania to schedule argument on her objection to jurisdiction in response to Father\u2019s motion for a Custody Conciliation Conference filed in 1997. Prior to the hearing, the Honorable Paul B. Greiner,, discussed the matter with his North Carolina counterpart, Judge Joseph Buckner. They agreed the custody hearing would proceed in Pennsylvania but the question of jurisdiction would remain open. At the hearing, a partial custody order was entered and argument was heard on the jurisdiction issue. On June 12, 1998, the court overruled Mother\u2019s preliminary objections as to jurisdiction and held that \u201ccontinuing jurisdiction\u201d remained in Pennsylvania on the basis, inter alia, of Father\u2019s and the children\u2019s significant contacts in the state.\n\u00b6 6 On June 80, 1998, Mother filed a Motion to Modify Custody in North Carolina. Judge Buckner refused to consider the motion unless Pennsylvania relinquished jurisdiction. He affirmed that Judge Greiner\u2019s order of June 5, 1998, was entitled.to full faith and credit in North Carolina. Mother appealed the North Carolina order in North Carolina.\n\u00b6 7 While her appeal was pending, Father filed a Motion for a Custody Hearing in Pennsylvania. The hearing was scheduled for June 29, 1999. On June 17, 1999, the North Carolina Court of Appeals vacated Judge Buckner\u2019s order and remanded the case for reexamination of the jurisdictional issue in light of Potter v. Potter, 131 N.C.App. 1, 505 S.E.2d 147 (1998), a case interpreting the Parental Kidnapping Prevention Act, 28 U.S.C.A. \u00a7 1738A (PKPA), and North Carolina\u2019s version of the UCCJA. Mother immediately filed a Motion for Continuance of the custody conference scheduled for June 29th in Pennsylvania. On June 25, 1999, the North Carolina District Court held that North Carolina had jurisdiction over custody. On June 29, 1999, after argument, Judge Greiner denied Mother\u2019s request for a continuance, found that Pennsylvania continued to have jurisdiction, and, in the absence of Mother\u2019s counsel, established Father\u2019s partial custody schedule. Mother appeals from the court order incorporating those rulings.\n\u00b68 On appeal Mother presents five questions. The gravamen of her first three issues is that the trial court abused its discretion in finding that Pennsylvania could exercise jurisdiction over custody when North Carolina had validly asserted jurisdiction. Her remaining issues are:\nWhether the Lower Court erred in proceeding immediately following the jurisdiction argument to a custody hearing, on Appellee\u2019s request for partial custody and making a substantive Order, in the absence of Appellant and/or her counsel?\nWhether the Lower Court abused its discretion entering its Order contrary to the \u201cbest interests\u201d standard of Pennsylvania and without full knowledge of the facts of the case, necessary to enter such an Order?\nAppellant\u2019s Brief at 6.\n\u00b6 9 Our standard of review of a trial court decision to exercise or decline jurisdiction in a matter involving interstate custody issues is abuse of discretion. Van Dyke v. Van Dyke, 722 A.2d 725 (Pa.Super.1998). An abuse of discretion occurs only when there is an error in judgment, a misapplication of the law or when there is insufficient evidence of record to support the trial court\u2019s findings. O\u2019Callaghan v. O\u2019Callaghan, 530 Pa. 176, 607 A.2d 735 (1992).\n\u00b6 10 In her first three issues, Mother asserts that the exercise of jurisdiction by the Pennsylvania trial court violated both the UCCJA and the PKPA by not recognizing the primacy of home state jurisdiction and by failing to give full faith and credit to the North Carolina order. She claims that when she filed her custody complaint in North Carolina in 1997, a custody determination had never been made in Pennsylvania. Accordingly, she argues that, as the children\u2019s home state, North Carolina properly had initial jurisdiction over child custody and has continuing jurisdiction on the same basis. In the alternative, she argues that North Carolina is also the appropriate jurisdiction under the significant connections test of the UCCJA and the Pennsylvania court erred in finding to the contrary. Father counters that the 1994 order permitting Mother and the children to relocate was a custody determination and, as the children\u2019s home state at the time, Pennsylvania had initial jurisdiction in this case. He claims that Pennsylvania retains jurisdiction because he resides here and the children have significant connections to the state.\n\u00b6 11 We find Mother is incorrect in asserting that North Carolina had initial jurisdiction. It is clear that the Pennsylvania court when it approved the parties\u2019 relocation agreement in 1994 and issued an order pursuant thereto was properly exercising its jurisdiction. At the time the order was issued the thee Kreibel children and their parents lived in Pennsylvania. Pennsylvania was the children\u2019s home state. Therefore, Pennsylvania was the state of initial jurisdiction.\n\u00b6 12 We turn then to the critical question in this case: whether Pennsylvania continues to have jurisdiction over custody matters pertaining to the Kreibel children.\n\u00b6 13 Where more than one state asserts jurisdiction, we must examine the UCCJA. Questions of jurisdiction in Pennsylvania are controlled by Pennsylvania\u2019s version of the UCCJA, which provides, in relevant part, that a court in this Commonwealth has jurisdiction over matters as follows:\n(a) General rule. \u2014 A court of this Commonwealth which is competent to decide child custody matters has jurisdiction to make a child custody determination by initial or modification decree if:\n(1) this Commonwealth:\n(i) is the home state of the child at the time of commencement of the proceeding; or\n(ii) had been the home state of the child within six months before commencement of the proceeding and the child is absent from this Commonwealth because of his removal or retention by a person claiming his custody or for other reasons, and a parent or person acting as parent continues to live in this Commonwealth;\n(2) it is in the best interest of the child that a court of this Commonwealth assume jurisdiction because:\n(i) the child and his parents, or the child and at least one contestant, have a significant connection with this Commonwealth; and\n(ii) there is available in this Commonwealth substantial evidence concerning the present or future care, protection, training and personal relationships of the child....\n23 Pa.C.S. \u00a7 5344(a)(l)(2). \u201cHome state\u201d is defined under the UCCJA as \u201c[t]he state in which the child immediately preceding the time involved lived with his parents, a parent or a person acting as parent ... for at least six consecutive months,....\u201d 23 Pa.C.S. \u00a7 5343.\n\u00b6 14 Under the UCCJA, Pennsylvania would have continuing jurisdiction to modify a child custody order only if the juris-dietional prerequisites of the UCCJA continue to be met. The first inquiry is whether Pennsylvania is now the home state. Judge Greiner concedes in his opinion that North Carolina is the home state. However, based on significant connections he finds Pennsylvania has continuing jurisdiction. Specifically, he wrote:\nalthough we find North Carolina to be the home state, it is in the best interest of the children that the Commonwealth of Pennsylvania retain continuing jurisdiction in this custody action because father and the children have significant contacts with Pennsylvania, and more significantly, Clarion County provides the optimum access to the relevant evidence concerning the issue at [sic] father\u2019s partial custody.\nTrial Court Opinion, 6/12/98 at 2.\n\u00b6 15 Mother, however, argues forcefully on appeal, that since 1994 all the children\u2019s \u201csignificant contacts have been in North Carolina.\u201d She points specifically to the fact that the children\u2019s school and social life, medical and psychological care, and their relationships with friends as well as Mother\u2019s family are all based in North Carolina. Moreover, their contact with Pennsylvania has been minimal, limited to infrequent trips to visit Father and his family because Father usually exercises his custody by visiting the children in North Carolina. Father simply asserts that the trial court correctly found sufficient contacts to allow Pennsylvania to retain jurisdiction.\n\u00b6 16 Pennsylvania courts applying a significant connections analysis under the UCCJA have consistently construed the standard as a maximum significant connections test. Dincer v. Dincer, 549 Pa. 309, 701 A.2d 210 (1997); Barndt v. Barndt, 397 Pa.Super. 321, 580 A.2d 320 (1990). The rationale for this interpretation is found in the Commissioners\u2019 notes in Section 2 of the UCCJA:\n... [the section\u2019s] purpose is to limit jurisdiction rather than to proliferate it. The first clause of the paragraph is important: jurisdiction exists only if it is in the child\u2019s interest, not merely the interest or convenience of the feuding parties, to determine custody in a particular state. The interest of the child is served when the forum has optimum access to relevant evidence about the child and family. There must be maximum rather than minimum contact with the state.\nId. at 323 (quoting Uniform Child Custody Jurisdiction Act \u00a7 3). Thus, our courts have declined to exercise jurisdiction under Section 2 in cases of initial jurisdiction where significant connections are insufficient. Dincer, supra. Courts have relinquished jurisdiction to modify their own orders, in cases where factual changes such as the relocation of children to another state, have significantly attenuated relevant contacts with Pennsylvania. See Blinkoff v. Blinkoff, 335 Pa.Super. 10, 483 A.2d 929 (1984).\n\u00b6 17 On this record, the facts simply do not support the exercise of continuing jurisdiction in Pennsylvania. Although Father resides in Pennsylvania, the children no longer have enough significant connections in this state. The focus of their fives is, and has been, in North Carolina where they have lived and gone to school for the past six years. As an obvious corollary, evidence as to their care, education and relationships is overwhelmingly in North Carolina. Contrary to Father\u2019s argument, testimony about the children\u2019s fives, not about the way he would exercise his partial custody, is the relevant testimony under the UCCJA. Moreover, under the consent order of November 1994, Father agreed that he would not require the children to testify in a Pennsylvania proceeding. It goes without saying that in determining their best interests, the children\u2019s testimony must be carefully considered. Swope v. Swope, 455 Pa.Super. 587, 689 A.2d 264 (1997).\n\u00b6 18 For all these reasons, we find that there are insufficient connections in Pennsylvania for this state to assert continuing jurisdiction. The record does not support the trial court\u2019s finding to the contrary. The best interests of the Kreibel children are clearly served if Pennsylvania relinquishes jurisdiction.\n\u00b6 19 We find that Pennsylvania did not have jurisdiction to issue its order of June 29, 1999. Nonetheless, we hold that the order as it relates to Father\u2019s partial custody shall remain in effect until such time as the North Carolina court issues an order relating to custody and partial custody of the three children. At that time the June 29, 1999 order shall be vacated. The Superior Court relinquishes its jurisdiction.\n. Specifically, Mother\u2019s first three questions are:\nWhether following only oral argument, the Court abused its discretion in denying Mother\u2019s Motion for Stay and Continuance in direct contravention of the UCCJA and the Federal PKPA, not only based on the facts of this case, but after it was advised of and presented with a certified copy of the Findings of Fact and Order of Court dated June 25, 1999 entered by the presiding District Court Judge of the General Court of Justice, District Court Division, County of Orange, State of North Carolina, at Case Number 97 CVD 826, identical caption and parties, which Order confirmed custody jurisdiction with the State of North Carolina, the Court holding that \"North Carolina has jurisdiction over all questions of child custody and visitation in this matter\u201d?\nWhether the Lower Court abused its discretion in making its finding, stated in (1) above, after it was advised of the fact that above-referenced Order was entered pursuant to a remand Order of the North Carolina Court of Appeals, dated June 1, 1999, with the direction that \"on remand the trial court shall reexamine the threshold issue of whether North Carolina has the authority to exercise jurisdiction ... and shall make findings of fact and conclusions of law in support of its determination\u201d and given that said Appellate Order found that it was un-controverted that North Carolina was the \"home state\u201d of the children?\nWhether the Lower Court abused its discretion by failing to give the North Carolina Order of June 25, 1999 full faith and credit pursuant to the UCCJA and PKPA, by failing to follow the procedures outlined in the UCCJA for situations where simultaneous proceedings are pending in different states and by refusing to stay and continue the Clarion County, Pennsylvania proceedings pending any discussion with the North Carolina Court and/or immediately relinquishing jurisdiction to the Court of appropriate jurisdiction, thus resulting in significant prejudice to Appellant?\nAppellant's Brief at 6.\n. A relocation order approved and entered by the court, whether arrived at by settlement of the parties or by decision of the court, is a \"custody determination\u201d providing instructions as to the custody of a child. See 23 Pa.C.S. \u00a7 5343. Here the order clearly provides explicit as well as implicit instructions about the custody of the three Kreibel children. Mother is given the specific right to relocate custody of the children and by implication is allowed to exercise her primary physical custody in the new jurisdiction. Procedurally, the order was properly entered in the Clarion County court because divorce and custody matters were pending there under Mother\u2019s complaint of May 12, 1994.\n. The trial court\u2019s opinion provided no additional factual or legal rationale for his jurisdictional holding. In a supplemental opinion, however, the court stated \"what 'significant contacts\u2019 the children had in Pennsylvania is contained in Defendant's brief reciting the numerous family members with whom the children had contact in the Clarion County, Pennsylvania area, as well as appropriate health services and Clarion County Children and Youth Services available for monitoring the welfare of the children while father exercises his visitation/partial custody privileges.\u201d Memorandum Opinion, July 29, 1998 at 1.\n. The maternal grandparents live in South Carolina.\n. Details of the 1998 and 1999 partial custody orders entered by Judge Greiner attest to the many extracurricular activities of the children in North Carolina including summer camps, school sports and the North Carolina Boys Choir.",
        "type": "majority",
        "author": "BECK, J.:"
      }
    ],
    "attorneys": [
      "Serena M. Williams, Pittsburgh, for appellant.",
      "Joanne R. Wilder, Pittsburgh, for appel-lee."
    ],
    "corrections": "",
    "head_matter": "Cynthia L. KRIEBEL, now Cynthia A. Lundeen, Appellant v. Gary A. KRIEBEL, Appellee.\nSuperior Court of Pennsylvania.\nArgued Sept. 20, 2000.\nFiled Dec. 22, 2000.\nReargument Denied March 2, 2001.\nSerena M. Williams, Pittsburgh, for appellant.\nJoanne R. Wilder, Pittsburgh, for appel-lee.\nBefore POPOVICH, FORD ELLIOTT and BECK, JJ."
  },
  "file_name": "0854-03",
  "first_page_order": 904,
  "last_page_order": 909
}
