{
  "id": 8400930,
  "name": "Manuel VENTURA, Appellant, v. UNITED STATES, Appellee",
  "name_abbreviation": "Ventura v. United States",
  "decision_date": "2007-06-21",
  "docket_number": "No. 04-CF-475",
  "first_page": "1090",
  "last_page": "1106",
  "citations": [
    {
      "type": "official",
      "cite": "927 A.2d 1090"
    }
  ],
  "court": {
    "name_abbreviation": "D.C.",
    "id": 11933,
    "name": "District of Columbia Court of Appeals"
  },
  "jurisdiction": {
    "id": 56,
    "name_long": "District of Columbia",
    "name": "D.C."
  },
  "cites_to": [
    {
      "cite": "452 A.2d 1173",
      "category": "reporters:state_regional",
      "reporter": "A.2d",
      "case_ids": [
        8011315
      ],
      "year": 1982,
      "pin_cites": [
        {
          "page": "1180"
        }
      ],
      "opinion_index": 0,
      "case_paths": [
        "/a2d/452/1173-01"
      ]
    },
    {
      "cite": "597 A.2d 36",
      "category": "reporters:state_regional",
      "reporter": "A.2d",
      "case_ids": [
        11934708
      ],
      "pin_cites": [
        {
          "page": "41"
        }
      ],
      "opinion_index": 0,
      "case_paths": [
        "/a2d/597/0036-01"
      ]
    },
    {
      "cite": "137 F.3d 579",
      "category": "reporters:federal",
      "reporter": "F.3d",
      "case_ids": [
        105991
      ],
      "pin_cites": [
        {
          "page": "583"
        }
      ],
      "opinion_index": 0,
      "case_paths": [
        "/f3d/137/0579-01"
      ]
    },
    {
      "cite": "867 A.2d 245",
      "category": "reporters:state_regional",
      "reporter": "A.2d",
      "case_ids": [
        9024713
      ],
      "pin_cites": [
        {
          "page": "251"
        }
      ],
      "opinion_index": 0,
      "case_paths": [
        "/a2d/867/0245-01"
      ]
    },
    {
      "cite": "912 A.2d 1150",
      "category": "reporters:state_regional",
      "reporter": "A.2d",
      "case_ids": [
        8446305
      ],
      "pin_cites": [
        {
          "page": "1166"
        }
      ],
      "opinion_index": 0,
      "case_paths": [
        "/a2d/912/1150-01"
      ]
    },
    {
      "cite": "880 A.2d 258",
      "category": "reporters:state_regional",
      "reporter": "A.2d",
      "case_ids": [
        8934646
      ],
      "pin_cites": [
        {
          "page": "261"
        }
      ],
      "opinion_index": 0,
      "case_paths": [
        "/a2d/880/0258-01"
      ]
    },
    {
      "cite": "866 A.2d 54",
      "category": "reporters:state_regional",
      "reporter": "A.2d",
      "case_ids": [
        9035422
      ],
      "pin_cites": [
        {
          "page": "59"
        }
      ],
      "opinion_index": 0,
      "case_paths": [
        "/a2d/866/0054-01"
      ]
    },
    {
      "cite": "745 A.2d 354",
      "category": "reporters:state_regional",
      "reporter": "A.2d",
      "case_ids": [
        11475635
      ],
      "pin_cites": [
        {
          "page": "357"
        }
      ],
      "opinion_index": 0,
      "case_paths": [
        "/a2d/745/0354-01"
      ]
    },
    {
      "cite": "256 A.2d 782",
      "category": "reporters:state_regional",
      "reporter": "A.2d",
      "case_ids": [
        8091035
      ],
      "pin_cites": [
        {
          "page": "787"
        }
      ],
      "opinion_index": 0,
      "case_paths": [
        "/a2d/256/0782-01"
      ]
    },
    {
      "cite": "494 U.S. 370",
      "category": "reporters:federal",
      "reporter": "U.S.",
      "case_ids": [
        4909
      ],
      "weight": 3,
      "year": 1990,
      "pin_cites": [
        {
          "page": "384"
        }
      ],
      "opinion_index": 0,
      "case_paths": [
        "/us/494/0370-01"
      ]
    },
    {
      "cite": "599 A.2d 775",
      "category": "reporters:state_regional",
      "reporter": "A.2d",
      "case_ids": [
        7356498
      ],
      "pin_cites": [
        {
          "page": "786"
        }
      ],
      "opinion_index": 0,
      "case_paths": [
        "/a2d/599/0775-01"
      ]
    },
    {
      "cite": "745 A.2d 953",
      "category": "reporters:state_regional",
      "reporter": "A.2d",
      "case_ids": [
        11483913
      ],
      "pin_cites": [
        {
          "page": "959"
        }
      ],
      "opinion_index": 0,
      "case_paths": [
        "/a2d/745/0953-01"
      ]
    },
    {
      "cite": "388 A.2d 461",
      "category": "reporters:state_regional",
      "reporter": "A.2d",
      "case_ids": [
        8006709
      ],
      "opinion_index": 0,
      "case_paths": [
        "/a2d/388/0461-01"
      ]
    },
    {
      "cite": "88 L.Ed.2d 339",
      "category": "reporters:federal",
      "reporter": "L. Ed. 2d",
      "year": 1985,
      "opinion_index": 0
    },
    {
      "cite": "106 S.Ct. 420",
      "category": "reporters:federal",
      "reporter": "S. Ct.",
      "year": 1985,
      "opinion_index": 0
    },
    {
      "cite": "474 U.S. 981",
      "category": "reporters:federal",
      "reporter": "U.S.",
      "case_ids": [
        6459904,
        6460929,
        6460070,
        6460294,
        6460198,
        6460525,
        6460431,
        6459729,
        6460818,
        6459537,
        6459825,
        6459992,
        6460605,
        6460735
      ],
      "year": 1985,
      "opinion_index": 0,
      "case_paths": [
        "/us/474/0981-04",
        "/us/474/0981-14",
        "/us/474/0981-06",
        "/us/474/0981-08",
        "/us/474/0981-07",
        "/us/474/0981-10",
        "/us/474/0981-09",
        "/us/474/0981-02",
        "/us/474/0981-13",
        "/us/474/0981-01",
        "/us/474/0981-03",
        "/us/474/0981-05",
        "/us/474/0981-11",
        "/us/474/0981-12"
      ]
    },
    {
      "cite": "476 A.2d 164",
      "category": "reporters:state_regional",
      "reporter": "A.2d",
      "case_ids": [
        7905012
      ],
      "pin_cites": [
        {
          "page": "170-72"
        }
      ],
      "opinion_index": 0,
      "case_paths": [
        "/a2d/476/0164-01"
      ]
    },
    {
      "cite": "485 A.2d 596",
      "category": "reporters:state_regional",
      "reporter": "A.2d",
      "case_ids": [
        7912130
      ],
      "pin_cites": [
        {
          "page": "599"
        }
      ],
      "opinion_index": 0,
      "case_paths": [
        "/a2d/485/0596-01"
      ]
    },
    {
      "cite": "819 A.2d 963",
      "category": "reporters:state_regional",
      "reporter": "A.2d",
      "case_ids": [
        9353844
      ],
      "pin_cites": [
        {
          "page": "967"
        }
      ],
      "opinion_index": 0,
      "case_paths": [
        "/a2d/819/0963-01"
      ]
    },
    {
      "cite": "871 A.2d 1185",
      "category": "reporters:state_regional",
      "reporter": "A.2d",
      "case_ids": [
        8982447
      ],
      "pin_cites": [
        {
          "page": "1192"
        }
      ],
      "opinion_index": 0,
      "case_paths": [
        "/a2d/871/1185-01"
      ]
    },
    {
      "cite": "826 A.2d 398",
      "category": "reporters:state_regional",
      "reporter": "A.2d",
      "case_ids": [
        9110411
      ],
      "weight": 5,
      "pin_cites": [
        {
          "page": "410"
        },
        {
          "page": "410"
        },
        {
          "page": "410"
        },
        {
          "page": "410"
        }
      ],
      "opinion_index": 0,
      "case_paths": [
        "/a2d/826/0398-01"
      ]
    },
    {
      "cite": "436 A.2d 821",
      "category": "reporters:state_regional",
      "reporter": "A.2d",
      "case_ids": [
        11290739
      ],
      "pin_cites": [
        {
          "page": "826"
        }
      ],
      "opinion_index": 0,
      "case_paths": [
        "/a2d/436/0821-01"
      ]
    },
    {
      "cite": "733 A.2d 321",
      "category": "reporters:state_regional",
      "reporter": "A.2d",
      "case_ids": [
        11545606
      ],
      "weight": 10,
      "pin_cites": [
        {
          "page": "325"
        },
        {
          "page": "327"
        },
        {
          "page": "325"
        },
        {
          "page": "327",
          "parenthetical": "citations, internal quotation, and alteration omitted"
        },
        {
          "page": "327",
          "parenthetical": "footnote omitted"
        },
        {
          "page": "327"
        },
        {
          "page": "325",
          "parenthetical": "\"[T]o be admissible under this exception a statement consistent with the witness' trial testimony must have been made at a time when the witness did not have a motive to fabricate.\""
        }
      ],
      "opinion_index": 0,
      "case_paths": [
        "/a2d/733/0321-01"
      ]
    },
    {
      "cite": "565 A.2d 26",
      "category": "reporters:state_regional",
      "reporter": "A.2d",
      "case_ids": [
        7345924
      ],
      "pin_cites": [
        {
          "page": "32"
        }
      ],
      "opinion_index": 0,
      "case_paths": [
        "/a2d/565/0026-01"
      ]
    },
    {
      "cite": "167 L.Ed.2d 242",
      "category": "reporters:federal",
      "reporter": "L. Ed. 2d",
      "weight": 2,
      "year": 2007,
      "pin_cites": [
        {
          "parenthetical": "citations, internal quotes, and alterations omitted"
        }
      ],
      "opinion_index": 0
    },
    {
      "cite": "127 S.Ct. 1503",
      "category": "reporters:federal",
      "reporter": "S. Ct.",
      "year": 2007,
      "opinion_index": 0
    },
    {
      "cite": "896 A.2d 198",
      "category": "reporters:state_regional",
      "reporter": "A.2d",
      "case_ids": [
        8425825
      ],
      "pin_cites": [
        {
          "page": "216"
        }
      ],
      "opinion_index": 0,
      "case_paths": [
        "/a2d/896/0198-01"
      ]
    },
    {
      "cite": "221 U.S. 106",
      "category": "reporters:federal",
      "reporter": "U.S.",
      "case_ids": [
        3658750
      ],
      "weight": 3,
      "year": 1911,
      "pin_cites": [
        {
          "page": "179-80"
        }
      ],
      "opinion_index": 0,
      "case_paths": [
        "/us/221/0106-01"
      ]
    },
    {
      "cite": "221 U.S. 1",
      "category": "reporters:federal",
      "reporter": "U.S.",
      "case_ids": [
        3658404
      ],
      "weight": 3,
      "year": 1911,
      "pin_cites": [
        {
          "page": "69-70"
        }
      ],
      "opinion_index": 0,
      "case_paths": [
        "/us/221/0001-01"
      ]
    },
    {
      "cite": "727 A.2d 865",
      "category": "reporters:state_regional",
      "reporter": "A.2d",
      "case_ids": [
        11631684
      ],
      "pin_cites": [
        {
          "page": "868"
        }
      ],
      "opinion_index": 0,
      "case_paths": [
        "/a2d/727/0865-01"
      ]
    },
    {
      "cite": "829 A.2d 221",
      "category": "reporters:state_regional",
      "reporter": "A.2d",
      "case_ids": [
        9100277
      ],
      "weight": 2,
      "pin_cites": [
        {
          "page": "224"
        }
      ],
      "opinion_index": 0,
      "case_paths": [
        "/a2d/829/0221-01"
      ]
    }
  ],
  "analysis": {
    "cardinality": 1636,
    "char_count": 47435,
    "ocr_confidence": 0.73,
    "pagerank": {
      "raw": 1.2828020120538367e-07,
      "percentile": 0.6180387350768327
    },
    "sha256": "ce79b5eef8a92b697b568af69991f42233fbd21100926f11ae90540983627b5c",
    "simhash": "1:af95a1177f29c4f8",
    "word_count": 7722
  },
  "last_updated": "2024-02-27T21:17:56.578554+00:00",
  "provenance": {
    "date_added": "2019-08-29",
    "source": "Harvard",
    "batch": "2018"
  },
  "casebody": {
    "judges": [
      "Before BLACKBURNE-RIGSBY and THOMPSON, Associate Judges, and KERN, Senior Judge."
    ],
    "parties": [
      "Manuel VENTURA, Appellant, v. UNITED STATES, Appellee."
    ],
    "opinions": [
      {
        "text": "KERN, Senior Judge:\nThis is an appeal from a judgment of conviction the trial court entered after a jury found appellant guilty of assault with intent to commit robbery while armed in violation of D.C.Code \u00a7\u00a7 22-401, -4502 (2001) and carrying a dangerous weapon, a knife, outside the home or place of business in violation of D.C.Code \u00a7 22-4504(a) (2001). Appellant seeks reversal of his convictions on the grounds (1) that the trial court erroneously denied his pretrial request for a DNA test of blood stains on the clothing that he was wearing at the time of the alleged robbery and that was later recovered from his apartment as he was being transported by ambulance for treatment of a stab wound; and (2) that the trial court erred by failing to intervene sua sponte when (a) the prosecutor at trial improperly elicited prior consistent statements of the complainant through the testimony of various witnesses, and (b) the prosecutor made inflammatory comments and emphasized to the jury the fear the complainant had suffered as a consequence of appellant\u2019s alleged actions.\nWe are not persuaded upon the particular facts and circumstances of record that the trial court\u2019s actions constituted reversible error. We first set forth the general background of the case and then, for each claim of error, discuss the salient facts and our reasoning as to why we reach our conclusion that the judgment of conviction must be affirmed.\nI.\nBackground\nThe record contains the testimony of four prosecution witnesses: (1) the complainant, Mauro Contreras; (2) Muhammad Jallow, the security guard who was on duty at the time of the robbery in the apartment building where both the complainant and appellant resided; (3) Officer Joseph Belfiore, the first responding officer from the Metropolitan Police Department (\u201cMPD\u201d); and (4) Officer Eldred Bo-ria, a Spanish-speaking MPD officer, who responded to the scene initially to investigate the robbery and then again, less than an hour later, to investigate a report from appellant\u2019s cousin that appellant had been stabbed.\nThe complainant, Mr. Contreras, testified that on July 17, 2003, shortly after 11:00 p.m., he began walking home from the Columbia Heights Metro Station to the apartment building in which he lived, in the 1400 block of Ogden Street, Northwest, after finishing his shift as a cook at a restaurant in Chinatown. After passing appellant and another man sitting together in a park, the complainant became aware that these men had begun to follow him. The complainant observed that appellant, who is Hispanic, was wearing dark pants and a white t-shirt and carrying a jacket under his arm; appellant\u2019s companion, an African American, was wearing black pants and a blue jacket. As the complainant quickened his walk homeward, the men kept pace, and then the complainant began to run as appellant called out in Spanish for' him to \u201cstop.\u201d The complainant reached the door to his apartment building moments before appellant arrived, while appellant\u2019s companion stayed back a little distance as if to serve as a lookout.\nThe complainant unsuccessfully tried to unlock the building\u2019s door with several hasty swipes of his keycard at the door\u2019s external card reader. Before the complainant could unlock the door, appellant arrived and stepped between the complainant and the card reader, blocking the complainant\u2019s access to the card reader and thus to the building. Appellant ordered the complainant to \u201cgive me your money,\u201d and the complainant explained that he did not have any money. Appellant then demanded the bracelet and two gold chains that the complainant was wearing, for which the complainant had paid over $1,000, and the complainant noticed that appellant was brandishing a knife in his right hand. The complainant refused to give appellant anything, and appellant struck the complainant twice in the face with his left hand, causing an injury to the complainant\u2019s eye. Nevertheless, the complainant again refused to give appellant anything, and appellant tried to stab the complainant with the knife he was wielding. The complainant deflected the attempt, using two hands to push appellant\u2019s attacking arm across appellant\u2019s body and turning the hand that held the knife towards the left side of appellant\u2019s body.\nThe complainant testified that he did not try to stab appellant, did not notice whether appellant got cut during their struggle, and did not observe any blood on appellant. Appellant, however, drew back from the complainant after their struggle, and in this moment of separation, the complainant again swiped his keycard at the card reader and this time gained access to the building. The complainant ran into the building yelling \u201cSecurity\u201d to summon the on-site security guard, who stepped out of a nearby laundry room. The complainant told the security guard what had happened, pointing out appellant as he fled away from the building. The complainant and security guard then went back into the building, encountered appellant\u2019s mother, and told her what had just happened. The police were called, and the complainant gave a statement to the responding officers. About an hour and fifteen minutes later, police officers returned to the complainant\u2019s apartment and asked him to look through the blinds on his third-floor apartment window to view a suspect in police custody outside. The complainant positively identified appellant as his assailant. Subsequently at trial, the complainant again identified appellant as his assailant.\nThe security guard, Muhammad Jallow, testified that he was on duty inside the apartment building about 11:20 p.m. on July 17, 2003, when he heard someone screaming, \u201cSecurity, security, help me, help me.\u201d Mr. Jallow rushed toward the front door and saw the complainant entering the building and pointing at a man about six feet away from him. Mr. Jallow, who had worked in the building since 1999, recognized both men as residents of the building. Mr. Jallow testified that he had been introduced to appellant approximately two months before the assault \u201cas the son of Maria, the resident of [a first floor apartment],\u201d and that he usually saw appellant \u201cup to three or four times a day\u201d as appellant entered or exited the apartment building. Mr. Jallow observed that appellant was wearing a camouflage, military-style jacket.\nMr. Jallow testified that he watched appellant \u201cjog\u201d away from the front of the building as the complainant explained that appellant had just attempted to rob him with a knife. Mr. Jallow observed that the side of the complainant\u2019s face under the eye was \u201cred and kind of swollen,\u201d but saw no other injuries to the complainant. Mr. Jallow called inside to Maria, appellant\u2019s mother, whom he had just seen in the laundry room. Appellant\u2019s mother came to the lobby and the men told her what had just transpired. Mr. Jallow then called the police. When MPD officers arrived, Mr. Jallow accompanied them to the apartment that he knew to be the residence of appellant and told appellant\u2019s cousin, Roxana Flores, that the police were there looking for \u201cMaria\u2019s son.\u201d Appellant was not home, so the police officers obtained appellant\u2019s name and date of birth from Ms. Flores.\nMr. Jallow further testified that approximately an hour later, MPD officers asked him to accompany them back to the apartment of appellant\u2019s mother \u201c[b]ecause the police wanted me to have a look at somebody.\u201d Mr. Jallow observed appellant lying on his stomach on a bed with paramedics attending to his lower back, but did not see a wound or any blood because the paramedics were holding gauze over the area. Mr. Jallow identified appellant as the man he had seen running away from the building earlier that evening. Mr. Jal-low also made an in-court identification of appellant.\nOfficer Joseph Belfiore, who has only \u201c[a] very minimal understanding\u201d of Spanish, and his partner were the first officers on the scene in response to a radio dispatch for a robbery. Officer Belfiore testified that he recognized a potential language barrier and immediately called for a Spanish-speaking officer to respond; in the meantime, he determined the details of the robbery attempt and got a description of the suspect by communicating with the complainant through a combination of English, Spanish, and pantomime gestures. Officer Belfiore observed that the complainant was \u201cagitated\u201d and \u201cperspiring\u201d and that he had \u201c[bjright redness around the higher cheekbone area and around the eye and the beginning stages of bruising.\u201d Officer Belfiore did not see any additional injuries that the complainant may have sustained. Officer Belfiore looked for but did not find any blood at the scene of the incident.\nMetropolitan Police Officer Eldred Bo-ria, who is fluent in Spanish, arrived on the scene shortly after Officer Belfiore and obtained a more detailed statement from the complainant in Spanish. Officer Boria testified that the complainant\u2019s \u201cface was red, and he said his shoulder was hurting.\u201d The security guard, Mr. Jallow, took Officer Boria to the apartment in which appellant lived with his mother, and the officer spoke with appellant\u2019s cousin, Ms. Flores. However, appellant was not home at the time.\nOfficer Boria further testified that approximately one hour later, he returned to the apartment building in which the complainant and appellant lived in response to a radio dispatch for a stabbing victim in the same apartment unit that he had visited earlier when he had been looking for appellant. Once inside the unit, Officer Boria observed appellant lying on a bed with a stab wound in his lower left back, and the officer saw that there was wet blood around the wound, on appellant\u2019s clothes, and on the sheets. Mr. Jallow had accompanied Officer Boria into this room and identified appellant as the man he previously had seen in front of the building after the complainant cried out for help.\nAppellant told Officer Boria that approximately one hour earlier, a Hispanic male had tried to rob him in front of the apartment building and had stabbed him, but that he did not see the man\u2019s face. Appellant told the officer that he had been accompanied by an African American male at the time, but appellant did not know that man\u2019s name or address. As paramedics and officers were escorting appellant out of the building, Officer Boria asked the complainant to look out his window for a show-up identification, and the complainant made a positive identification of appellant as his assailant. At this time, appellant was placed under arrest.\nOfficer Boria testified that before appellant was transported by ambulance to the hospital, the officer returned to appellant\u2019s apartment unit and asked Ms. Flores to retrieve a change of clothes for appellant; the t-shirt appellant was wearing, for example, \u201cwas all torn up.\u201d As appellant\u2019s cousin looked around for a pair of pants, she picked up a pair with blood stains on them and identified them as the pair appellant had taken off when he came home injured. She offered these pants to Officer Boria, along with a green, camouflage military-style jacket with a bloodstain on its back; Officer Boria did not request these articles of clothing, but he did accept them. Police officers also searched the area in front of the building and other areas around the perimeter of the building, but did not locate the knife or any sign of blood.\nIn the defense case, only one witness was called to testify: appellant\u2019s cousin, Roxana Flores, who shared the Ogden Street apartment with appellant and his mother. Ms. Flores testified that after appellant returned home on the evening of the incident, she observed that he was bleeding from a wound on his back and had \u201clots of blood\u201d on his clothing. She recalled appellant telling her that he had been attacked from behind in a robbery attempt by an unknown assailant in a park near their apartment building. Ms. Flores testified that she called 911 and asked for the police and an ambulance because \u201csomebody had been held up\u201d and \u201che was badly wounded.\u201d At the conclusion of Ms. Flores\u2019 testimony, the trial court permitted appellant to enter the well of the court and lift his shirt to show the jury the scar from the injury.\nII.\nAppellant\u2019s Request for Pretrial DNA Testing\nOn appeal, appellant first contends that the trial court erred when it denied his pretrial request for a test of the DNA contained in the biological material on his bloody clothing. The issue first was raised sua sponte by the trial court pursuant to its obligation under the Innocence Protection Act (\u201cIPA\u201d), D.C.Code \u00a7 22-4131 et seq. (Supp. 2002), to provide certain notifications to a defendant under qualifying circumstances. Specifically, the IPA provides, in a section entitled \u201cPre-conviction DNA testing,\u201d that\n(a)Prior to trial for or the entry of a plea to a crime of violence, the defendant shall be informed in open court of physical evidence seized or recovered in the investigation or prosecution of the case which may contain biological material and of the results of any DNA testing that has been performed on such evidence.\n(b)A defendant charged with a crime of violence shall be informed in open court:\n(1)That he or she may request or waive independent DNA testing prior to trial or the entry of a plea if:\n(A) (i)DNA testing has resulted in the inclusion of the defendant as a source of the biological material; or (ii)Under circumstances that are probative of the perpetrator\u2019s identity, DNA testing has resulted in the inclusion of the victim as a source of the biological material; and\n(B)There is sufficient biological material to conduct another DNA test;\n(2)That he or she may request or waive DNA testing of biological material prior to trial or the entry of a plea if the biological material has not been subjected to DNA testing; and\n(3)Of the potential evidentiary value of DNA evidence in the defendant\u2019s case and the consequences of requesting or waiving DNA testing.\n(c)A defendant who makes a knowing, intelligent, and voluntary waiver of DNA testing or independent DNA testing pursuant to subsection (b) of this section prior to trial or the entry of a plea is not eligible for post-conviction DNA testing under \u00a7 22-4133 unless the defendant is entitled to have the conviction to which the DNA evidence relates set aside under \u00a7 23-110 or Rule 32 of the Superior Court Rules of Criminal Procedure.\nD.C.Code \u00a7 22-4132 (Supp.2002).\nThe trial court held a pretrial hearing and entertained oral argument on the matter \u2014 including an ex parte proffer by defense counsel of the defense theory of the relevance of the evidence. During this hearing, defense counsel argued that testing was available under D.C.Code \u00a7 22-4132(b)(1), relying on the statutory language that counsel claimed indicated \u201cthat my client may request independent DNA testing prior to trial or the entry of a plea if DNA testing has resulted in the inclusion of the defendant as the source of biological material.\u201d\nAt the conclusion of the hearing, the trial court denied the request for DNA testing because D.C.Code \u00a7 22 \u2014 4132(b)(1) refers to \u201ccircumstances that are probative of the perpetrator\u2019s identity\u201d and the judge concluded: \u201cI don\u2019t think this goes to the perpetrator in this case.\u201d The court continued:\nThere\u2019s no question about identity here, the question is what happened.\nAnd I understand how you may say well, although it doesn\u2019t go to identity, it goes to my theory of how this all occurred. You may be entitled to that for some other reason but not under this Act. This Act is narrow.... [I]t\u2019s Innocence Protection Act. It\u2019s focused on a particular thing, on wrong people being accused. It\u2019s focused on where someone else, how it all came about. It\u2019s not a broad thing of you have a right to DNA testing, another right to defendant.\nIf it doesn\u2019t go to identity, then you may ask for this but not under the statute.[]\nOn the record before us, we conclude that the trial court did not err in denying defense counsel\u2019s request for DNA testing under D.C.Code \u00a7 22-4132(b)(1). DNA testing was not done in this case, and thus DNA testing did not \u201cresult[ ] in the inclusion of the defendant ... or ... the victim as a source of the biological material.\u201d Consequently, D.C.Code \u00a7 22-4132(b)(l) had no applicability to the particular facts of the present case.\nHowever, in this appeal, appellant invokes a different subsection of the IPA, D.C.Code \u00a7 22 \u2014 4132(b)(2), for his conten- ' tion that he was entitled to DNA testing. Subsection (b)(2) provides that a defendant charged with a crime of violence shall be informed in open court\nThat he or she may request or waive DNA testing of biological material prior to trial or the entry of a plea if the biological material has not been subjected to DNA testing....\nD.C.Code \u00a7 22\u20144132(b)(2).\nAppellant contends that, regardless of relevance, DNA testing was still warranted because a trial court has no discretion under D.C.Code \u00a7 22-4132(b)(2) to deny a \u201crequest\u201d for pretrial DNA testing. We disagree, concluding, first, that D.C.Code \u00a7 22^4132(b)(2) does not confer an automatic \u201cright\u201d to pretrial DNA testing upon request, and second, that under the particular facts and circumstances of this case, the trial judge did not abuse his discretion in denying appellant\u2019s request for pretrial DNA testing.\nA.\nWe conclude that a trial court has discretion to deny a request for pretrial DNA testing under D.C.Code \u00a7 22-4132(b)(2). As this court has stated:\nThe primary and general rule of statutory construction is that the intent of the lawmaker is to be found in the language that he has used. Therefore, in determining the meaning of a statute, we must examine first its language to determine if it is plain and admits of no more than one meaning. In examining the statute, we give the words used the meaning ordinarily attributed to them. This court will look beyond the ordinary meaning of the words of a statute only where there are persuasive reasons for doing so. Such circumstances would include: (1) when the legislative history or alternative constructions reveal ambiguities; (2) the literal meaning would produce absurd results; and (3) when necessary to effectuate the statutory purpose as gleaned from the statute as a whole or its legislative history.\nSullivan v. District of Columbia, 829 A.2d 221, 224 (D.C.2003) (citations and internal quotations omitted). Our review of the trial court\u2019s interpretation of the statute is de novo. Id.\nWith these familiar principles in mind, we examine the relevant language of the IPA. D.C.Code \u00a7 22-4132(b)(2) provides:\nA defendant charged with a crime of violence shall be informed in open court: ... (2)That he or she may request or waive DNA testing of biological material prior to trial or the entry of a plea if the biological material has not been subjected to DNA testing....\nFor present purposes, the operative word in \u00a7 22-4132(b) is the verb \u201crequest,\u201d which in this context we understand to mean \u201cto ask\u201d for something, to do something, or for permission or opportunity to do something. E.g., WebsteR\u2019s ThiRD New International Dictionary 1929 (Philip Babcock Gove ed., Merriam-Webster 2002) (1961). Trial courts frequently consider \u201crequests\u201d from defendants and must exercise discretion when responding thereto; any motion is, in effect, a formal request for action from the court, the response to which is subject to judicial discretion as appropriate within the parameters of the relevant rule or statute. The Legislature\u2019s use of non-mandatory language in \u00a7 22-4132(b) is revealing, because \u201c[ejven when a statute uses mandatory language, such as the word \u2018shall,\u2019 the courts are to construe the statute in the light of reasonableness.\u201d Brown v. District of Columbia, 727 A.2d 865, 868 (D.C.1999) (citing Standard Oil Co. v. United States, 221 U.S. 1, 69-70, 31 S.Ct. 502, 55 L.Ed. 619 (1911), and United States v. Am. Tobacco Co., 221 U.S. 106, 179-80, 31 S.Ct. 632, 55 L.Ed. 663 (1911)).\nWe note that if no judicial discretion were contemplated in a trial court\u2019s response to a party\u2019s \u201crequest,\u201d many of the applicable procedural rules would contain superfluous language. See, e.g., Super. Ct. Crim. R. 4(a) & (d)(3)-(4) (directing what action \u201cshall\u201d be taken with regard to warrants upon request of the prosecutor or defendant); Rule 9(a) & (c)(2) (same); Rule 6(e)(3)(C)(ii) & (iv) (discussing the circumstances under which the trial court \u201cmay\u201d disclose matters otherwise prohibited upon request of the defendant or of an attorney for the government); Rule 11(e)(1)(B) (noting that a defendant\u2019s \u201crequest\u201d for a particular sentence or sen-fencing range is not binding on the trial court, even if recommended or unopposed by the prosecutor); Rule 15(b) (providing that a defendant not in custody \u201cshall have the right to be present\u201d at a deposition \u201cupon request subject to such terms as may be fixed by the Court\u201d); Rule 16 (providing what \u201cmust\u201d or \u201cshall\u201d be furnished, disclosed or permitted during discovery upon request); Rule 30 (providing that a party \u201cshall\u201d be given the opportunity to object to instructions out of the presence of the jury upon request); Rule 31(d) (providing that the trial court \u201cshall\u201d individually poll the jurors upon a party\u2019s request); Rule 45(b) (providing that the court in its discretion \u201cmay\u201d order the enlargement of a specified time period upon timely request).\nWe note further that within D.C.Code \u00a7 22-4133 (Supp.2002), the section on post-conviction DNA testing enacted alongside \u00a7 22-4132, the D.C. Council included standards to constrain the court\u2019s traditional discretion in responding to a request. In light of the absence of such a limiting mechanism in \u00a7 22-4132(b)(2), and the unambiguous language of \u201crequest\u201d rather than \u201cright,\u201d we find nothing within \u00a7 22-4132(b)(2) that constrains a trial court\u2019s traditional discretion when responding to a request for pretrial DNA testing.\nFinally, we note that the court\u2019s traditional discretion includes the power and responsibility to weigh the relevance, or probative value, of all evidence against the danger of unfair prejudice. See, e.g., Hartridge v. United States, 896 A.2d 198, 216 (D.C.2006), cert. denied, \u2014 U.S. \u2014, 127 S.Ct. 1503, 167 L.Ed.2d 242 (2007). \u201cRelevant evidence is simply that which tends to make the existence or nonexistence of a contested fact more or less probable than it would be without the evidence.\u201d Id. (citations, internal quotes, and alterations omitted). Without losing sight of the IPA\u2019s goal, broadly read, of encouraging the use of DNA testing in appropriate cases, see Bouknight, supra note 11, 867 A.2d at 251-52, we conclude that a trial court has discretion to deny a request for pretrial DNA testing under D.C.Code \u00a7 22-4132(b) when the results of such testing would not be admissible at trial, as when, for example, the results of that testing could have no potential relevance to the issues before the court.\nB.\nTurning now to the particular facts and circumstances of the present case, and viewing the facts and arguments as they were available to the trial judge at the time of his ruling, we cannot conclude that the judge abused his discretion by denying appellant\u2019s request for DNA testing because no potential relevance was established for the results of that testing. As the government indicated at the pretrial hearing, the prosecution case relied upon appellant\u2019s clothing only for identification purposes because it demonstrated to the jury that such clothing matched the physical description of the clothing worn by the complainant\u2019s assailant. The presence of biological material, viz., the blood, simply was not relevant.\nWe note that the trial judge required defense counsel to articulate a defense theory for the relevance of the result of DNA testing, eventually resorting to an ex parte bench conference to preserve the integrity of defense counsel\u2019s trial strategy. Defense counsel advanced two theories for the relevance of the results of DNA testing: (1) if the test results showed only the presence of the appellant\u2019s DNA, then those results could serve as evidence that appellant did not have a subsequent bloody encounter with a third person following the attempted robbery of the complainant; and (2) if the test results showed also the presence of the complainant\u2019s DNA, then those results could serve to impeach the complainant\u2019s account that he was not cut during the encounter. We are not persuaded that either theory demonstrates sufficient relevance so as to support a conclusion that the trial judge abused his discretion in denying appellant\u2019s request for testing of the blood on his clothes.\nWe conclude that the absence of a third person\u2019s DNA on the clothes fails to support appellant\u2019s contention that he was not involved in a violent encounter with a third person, and, more importantly, evidence showing that appellant had a subsequent encounter with another person is not relevant to appellant\u2019s guilt or innocence with regard to the offense with which he was charged. Furthermore, because under this theory of relevance, appellant is searching only for the presence vel non of the blood of a third person to disprove the occurrence of a separate encounter, rather than the presence of the blood of the perpetrator or victim of the present offense, we conclude that this theory does not even provide appellant an avenue under the IPA to request DNA testing of the blood, much less provide a right to such testing. See D.C.Code \u00a7 22-4131(2) (limiting the definition of \u201cbiological material\u201d to that \u201cwhich apparently derived from the perpetrator of a crime or, under circumstances that may be probative of the perpetrator\u2019s identity, apparently derived from the victim of a crime\u201d). Thus, the trial court did not abuse its discretion by denying appellant\u2019s request for the DNA testing of the blood pursuant to appellant\u2019s first theory of relevance.\nAs to appellant\u2019s second theory of relevance, viz., the possibility that the bloodstains on appellant\u2019s clothing consisted, at least in part, of the complainant\u2019s blood, we note that defense counsel could proffer no evidence that the complainant ever bled during the encounter. Thus, the security guard and the police officers who all saw the complainant\u2019s condition immediately after the attempted robbery testified that the only injuries they observed were contusions on the complainant\u2019s face. (Indeed, it was to appellant\u2019s benefit that there were no bleeding knife wounds that only would have served to bolster the complainant\u2019s story that he was the one assaulted.) We note further that at the pretrial phase of the case, when the trial judge ruled upon appellant\u2019s request for DNA testing, the possible impeachment value of the DNA test results was wholly speculative.\nIn sum, we are satisfied that the results of DNA testing properly could have been excluded at trial because they were not relevant. Thus, under the circumstances, we conclude that the trial court did not abuse its discretion in denying the pretrial request for DNA testing.\nIII.\nAdmission of Prior Consistent Statements\nAppellant next contends that the trial court erred by failing to intervene sua sponte when the prosecutor elicited prior consistent statements of the complainant through the testimony of the complainant, the security guard, and the investigating police officers. Defense counsel did not object to the admission of these statements, and thus we review the present challenge for plain error. See Irick v. United States, 565 A.2d 26, 32 (D.C.1989).\n\u201cIn general, prior statements consistent with a witness\u2019 trial testimony are inadmissible on the theory that mere repetition does not imply veracity, and that once an inconsistency in statement is shown, evidence of additional consistent statements does not remove the inconsistencies.\u201d Daye v. United States, 733 A.2d 321, 325 (D.C.1999) (quoting Warren v. United States, 436 A.2d 821, 826 (D.C.1981)) (internal quotation omitted). Thus, \u201c[t]he exclusion of prior consistent statements is intended to avoid the prejudice of unfairly bolstering the witness\u2019 credibility.\u201d Porter v. United States, 826 A.2d 398, 410 (D.C.2003) (citing Daye, 733 A.2d at 327). Exceptions exist, and prior consistent statements may be admissible, for example, where statements are used in rebuttal to overcome a charge of recent fabrication, if the statements were made before the motive to fabricate arose, see Daye, 733 A.2d at 325, or where the statements are ones of prior identification, see Porter, 826 A.2d at 410.\nWhere prior consistent statements have been improperly admitted, we have repeatedly recognized that \u201cthe harm that may occur even if the jury should credit [the] prior consistent statements is less serious than the inadmissible introduction of clearly prejudicial evidence.\u201d Daye, supra, 733 A.2d at 327 (citations, internal quotation, and alteration omitted); see also Porter, supra, 826 A.2d at 410. \u201c[S]ince the reason for their general inadmissibility is that \u2018mere repetition does not imply veracity,\u2019 it is not unreasonable to assume in practice that juries can be made to see this point and \u2014 aided by counsel\u2019s argument \u2014 tend to discount the weight of statements wrongly introduced.\u201d See Daye, 733 A.2d at 327 (footnote omitted). \u201cAnd only in a case where the government\u2019s proof of guilt was \u2018marginal\u2019 have we thought the prejudice from this impermissible bolstering enough to warrant reversal without more.\u201d Id.; accord Porter, 826 A.2d at 410. We are unable to conclude that, upon the record before the court, this case presents a case of \u201cmarginal\u201d proof of guilt.\nPreliminarily, we assume here that the prior consistent statements were improperly admitted because they were admitted on direct examination rather than rebuttal and no foundation was laid to show that they had been made before the motive to fabricate arose or that they otherwise were admissible under a separate hearsay exception. However, under the circumstances, appellant has failed to satisfy the plain error standard.\nFirst, we agree with the government\u2019s argument that defense counsel at least partially invited the error when counsel indicated that the defense would not object to testimony containing prior out-of-court statements of the complainant so long as those statements were made directly to the testifying police witness rather than through an interpreter. See McClain v. United States, 871 A.2d 1185, 1192 (D.C.2005) (\u201cCourts are especially reluctant to reverse for plain error when it is \u2018invited.\u2019 \u201d) (citations omitted). Second, we perceive no prejudice from the prosecutor\u2019s eliciting of prior consistent statements because defense counsel also elicited prior consistent statements from the same witnesses. Next, we view the defense counsel\u2019s lack of objection and his own eliciting of prior consistent statements as a strategic decision, especially in light of defense closing arguments that emphasized that the statements in fact were not consistent and thus were not credible; consequently, any sua sponte intervention by the trial judge might have impeded the effectiveness of counsel and intruded on the attorney/client relationship.\nFinally, the evidence of appellant\u2019s guilt was not \u201cmarginal.\u201d See Daye, supra, 733 A.2d at 327. Apart from the prior consistent statements repeated by the witnesses, the prosecution\u2019s case rested on the eyewitness testimony of the complainant, the identification testimony from the security guard who came on the scene in response to cries for \u201chelp,\u201d and reasonable inferences that could be drawn from the facts and the timing of events, as against appellant\u2019s unsubstantiated and self-serving report, via his cousin\u2019s testimony, that he was the one assaulted and robbed; it is axiomatic that determinations of credibility and the' weighing of evidence are within the province of the fact-finder. E.g., Jackson v. United States, 819 A.2d 963, 967 (D.C.2003). Accordingly, we are satisfied that under the circumstances, the trial court\u2019s failure to intervene sua sponte did not result in a miscarriage of justice. See McGrier, supra note 14, 597 A.2d at 41.\nIV.\nImproper Prosecutorial Argument\nFinally, appellant contends that the trial court erred in failing to intervene sua sponte when the prosecutor in closing argument and elsewhere (1) made allegedly inflammatory comments about the complainant not wanting to be a victim and (2) emphasized to the jury the fear the complainant had suffered as a consequence of appellant\u2019s actions. When reviewing a claim of improper comments by the prosecutor, this court has stated:\nFirst, we must determine whether any or all of the of the challenged comments by the prosecutor were improper. If we conclude that they were, we must then, viewing the remarks in context, consider the gravity of the impropriety, its relationship to the issue of guilt, the effect of any corrective action by the trial judge, and the strength of the government\u2019s case.\nMcGrier, supra note 14, 597 A.2d at 41 (citations, internal quotations, and alterations omitted). Although preserved error is reviewed for \u201csubstantial prejudice,\u201d when the defendant has failed to object to the prosecutor\u2019s supposedly improper remarks, as in this case, the defendant must demonstrate plain error. Id.\nWe perceive no error with regard to the first set of challenged comments, in which appellant contends that the prosecutor improperly appealed to the prejudices of the jury by discussing how the complainant did not want to be a victim and how the complainant had worked for the money to purchase his expensive jewelry. Rather than inviting the jury to make a statement with its verdict about the evil of the charged crime, as appellant contends, the government appears to have been merely responding to the defense theme during the trial, later reiterated in the defense closing argument, that the complainant\u2019s story was not credible because he risked injury to protect his property.\nThe second set of challenged comments, viz., those discussing the fear the complainant experienced at the time of the assault, constitutes a more serious contention. \u201cThis court has repeatedly held that it is improper for the prosecutor to employ inflammatory tactics and devices intended to appeal to the passions and fears of the jurors or to seek a verdict reflecting sympathy for the victim.\u201d Powell v. United States, 485 A.2d 596, 599 (D.C.1984) (citing Hawthorne v. United States, 476 A.2d 164, 170-72 (D.C.1984)), cert. denied, 474 U.S. 981, 106 S.Ct. 420, 88 L.Ed.2d 339 (1985).\nAppellant, however, still has failed to satisfy the plain error standard. First, rather than being unduly prejudicial, the complainant\u2019s fear at the time of the crime had particular relevance in this case: both to explain why the complainant ran home and then struggled with his assailant and also to prove an element of robbery for the offense of assault with intent to rob while armed. See Dublin v. United States, 388 A.2d 461, 464 n. 4 (D.C.1978). Second, rather than objecting, defense counsel instead made a strategic decision to respond to the prosecutor\u2019s comments about fear in the defense closing argument. Third, the trial court instructed the jury that \u201c[t]he statements and arguments of the lawyers are not evidence,\u201d and a jury is presumed to follow instructions. See Plater v. United States, 745 A.2d 953, 959 (D.C.2000); see also Mills v. United States, 599 A.2d 775, 786 (D.C.1991) (\u201c[Ajrguments of counsel generally carry less weight with a jury than do instructions from the court.\u201d) (quoting Boyde v. California, 494 U.S. 370, 384, 110 S.Ct. 1190, 108 L.Ed.2d 316 (1990)). Finally, as discussed above, the evidence of appellant\u2019s guilt was substantial. See Clarke v. United States, 256 A.2d 782, 787 (D.C.1969) (\u201cWhere ... the evidence of guilt is otherwise strong, courts are reluctant to reverse a conviction because of indiscriminate remarks during closing argument.\u201d). Even if the prosecutor\u2019s comments might have marginally exceeded the bounds of permissibility, we are satisfied that the judge\u2019s failure to interrupt closing arguments to intervene sua sponte did not substantially sway the judgment, much less result in a miscarriage of justice. See McGrier, supra note 14, 597 A.2d at 41.\nAffirmed.\n. The complainant, who is originally from Mexico, testified through a Spanish-speaking interpreter.\n. The complainant also testified that he personally suffered no additional injuries during the struggle over the knife.\n. Mr. Jallow recalled that the complainant told him the knife fell from appellant\u2019s hand during the struggle. Officer Boria, whose testimony is discussed below, did not recall being told this detail. The police searched the area, but no knife was ever recovered at the scene.\n. Officer Belfiore also received some translation assistance from Mr. Jallow; however, at trial, the officer\u2019s testimony was limited to only what appellant told him directly.\n. These two articles of clothes were admitted into evidence at trial as Government\u2019s Exhibits 2 and 1, respectively.\n. Ms. Flores testified via a Spanish-speaking interpreter.\n. In the briefs and at oral argument, the parties suggested that pretrial DNA testing of the blood stains may have been available pursuant to Super. Ct.Crim. R. 16, which provides:\nUpon request of the defendant the prosecutor shall permit the defendant to inspect and copy or photograph ... tangible objects ... which are within the possession, custody or control of the government, and which are material to the preparation of the defendant\u2019s defense, or are intended for use by the government as evidence in chief at the trial, or were obtained from or belong to the defendant.\nSuper. Ct.Crim. R. 16(a)(1)(C) (2006). We need not address this possibility, however, because defense counsel did not argue to the trial court that DNA testing of the blood stains was available under Rule 16 and appellant has not challenged on appeal the trial court\u2019s failure to order the DNA testing under Rule 16 sua sponte.\n. The plain error standard generally applies to contentions not raised before the trial court, see Brawner v. United States, 745 A.2d 354, 357 (D.C.2000), and defense counsel did not invoke D.C.Code \u00a7 22-4132(b)(2) at trial. Appellant suggests that the plain error standard is inappropriate here because \u201c[d]efense counsel made an apparently inadvertent reference to a different subsection of the IPA\u201d and \u201ccounsel made clear that he was seeking initial testing of the blood.\u201d This assertion is belied by the record; in particular, we note the separate discussions of subsections (b)(l)(A)(i) and (b)(l)(A)(ii) and the concern expressed over whether the evidence was \"probative of the perpetrator's identity,\u201d language that appears only in subsection (b)(1). However, in light of our conclusion\u2014based on the facts and circumstances of record\u2014\u2022 that the trial judge did not err by denying pretrial DNA testing, we need not consider whether any error was reversible error under the plain error standard.\n. See, e.g., Ferguson v. United States, 866 A.2d 54, 59 (D.C.2005) (reviewing the denial of a request for sanctions under Rule 16 for abuse of discretion); Burns v. United States, 880 A.2d 258, 261 (D.C.2005) (reviewing trial court\u2019s decision to deny a Rule 118 motion without a hearing for abuse of discretion); Tyer v. United States, 912 A.2d 1150, 1166 (D.C.2006) (reviewing trial court's decision to deny request for missing evidence instruction for abuse of discretion).\n. D.C.Code \u00a7 22-4133(d) provides:\nThe court shall order DNA testing pursuant to an application made under subsection (a) of this section upon a determination that the application meets the criteria set forth in subsections (a) and (b) of this section and there is a reasonable probability that testing will produce non-cumulative evidence that would help establish that the applicant was actually innocent of the crime for which the applicant was convicted or adjudicated as delinquent.\n(Emphasis added.)\n.The IPA section on pretrial DNA testing was introduced through an amendment after the D.C. Council\u2019s first reading of the proposed legislation, which was primarily inspired by \"the absence of a judicial remedy for persons who obtain new evidence that affirmatively shows their innocence more than three years after conviction or plea of guilty.\u201d See Bouknight v. United States, 867 A.2d 245, 251 (D.C.2005) (emphasis added).\n. The parties agree, as do we, that the blood on appellant\u2019s clothing is properly considered \"biological material\u201d under the IPA. See D.C.Code \u00a7 22-4131(2) (\u201c'Biological material\u2019 means ... blood ... which apparently derived from the perpetrator of a crime or, under circumstances that may be probative of the perpetrator\u2019s identity, apparently derived from the victim of a crime.\u201d).\n. Although scientific advances continue to improve DNA testing procedures, we note that a decision to allow pretrial DNA testing may add significant costs and delays to a criminal trial. See, e.g., United States v. Van Chase, 137 F.3d 579, 583 (8th Cir.1998) (excusing trial delay resulting from DNA testing backlog at FBI laboratory). These administrative realities should not limit the availability of DNA testing in appropriate cases; however, they do reinforce our conclusion that the trial court retains its traditional discretion as the gatekeeper for admissible evidence.\n. Plain error must be \"so clearly prejudicial to substantial rights as to jeopardize the very fairness and integrity of the trial,\u201d and reversal of a conviction \"is appropriate only in a particularly egregious case, when a miscarriage of justice would otherwise result.\u201d McGrier v. United States, 597 A.2d 36, 41 (D.C.1991) (citations and internal quotations omitted).\n. Indeed, the prosecution would have had difficulty laying such a foundation, because under the defense theory of the case, the complainant\u2019s motive to fabricate arose at the time the incident occurred. See Daye, supra, 733 A.2d at 325 (\u201d[T]o be admissible under this exception a statement consistent with the witness\u2019 trial testimony must have been made at a time when the witness did not have a motive to fabricate.\u201d) (quoting Reed v. United States, 452 A.2d 1173, 1180 (D.C. 1982)).\n. At the beginning of Officer Belfiore's testimony, defense counsel requested a bench conference to express a concern as to whether Officer Belfiore, who did not speak Spanish, \u201cwas able to get the information from Mr. Contreras directly, or if it was provided from someone translating on his behalf, and if that\u2019s the case, then it\u2019s hearsay.\u201d After the prosecutor explained that the information was conveyed directly from the complainant to Officer Belfiore and offered to lay a foundation, defense counsel continued:\nI obviously have no objection to the information that is provided directly \u2014 well, I'm not going to be objecting to the information provided to him by the complaining witness provided that it\u2019s information that went directly from the complaining witness to the police officer. If there\u2019s some intermediary, then I have an objection on that portion. If there\u2019s a foundation laid that he did \u2014 that the information that he is conveying here on the stand was provided without the need of any interpreter, then I have no objection to that portion, but I would request that a foundation be laid.\nOfficer Belfiore then proceeded to testify only about what he had been told by the complainant directly.\n. In his brief, appellant noted his intention to file during the pendency of this appeal a motion to vacate his conviction based on defense counsel\u2019s \"failure to object to the admission of the prior consistent statements\u201d and repetition, on cross-examination of Officer Boria, Officer Belfiore, and the complainant, of \"some of the prosecutor's questions that had elicited details of the complainant\u2019s story-\u201d\n. In his closing argument, defense counsel stated:\nNow, the Government takes the position that there were three consistent stories. Let\u2019s talk about what are the consistent stories. Well, let\u2019s talk about what exactly are the consistent stories. You have through pantomime a description of how things happened, and some English and Spanish with the first officer, and then you have \u2014 and there was Officer Belfiore. And then you have Officer Boria, who was, in fact, the one who spoke Spanish and seemed to be the one who got most of the story. And then you have Mr. Muhammad Jallow, who was also part of this.\nWe are talking not about consistent stories, we are talking about different stories,\ndifferent versions, I\u2019ve already pointed out. Defense counsel then proceeded to identify possible inconsistencies between the various versions of events: the way the complainant deflected the knife and whether the knife was dropped; what appellant had been wearing; how many times the complainant was struck in the face; the order of the events including the requests for money and jewelry, the punches to the complainant\u2019s face, and the brandishing of the knife; and whether appellant was blocking the complainant\u2019s access to the card reader, the door, or both.\n. In closing, defense counsel argued:\nNow let's talk about Mr. Contreras\u2019 story, because I was pretty impressed by it. I was pretty impressed by it because I am amazed that a person has the wherewithal to stand up to someone over some jewelry. Now, don\u2019t get me wrong, I think that was clear. This jewelry was very important to him. He was more than happy to show it and tell you the price he paid for it. And it\u2019s very nice jewelry, don\u2019t get me wrong, but to risk your life over it \u2014 not so much \u2014 I can understand, no. But then \u2014 you know, and the person not being armed. But then pulling out a knife and then saying no; but then taking the additional step of this person is three steps away from me, and you know what? I\u2019m going to turn my back on him so that I can get my passkey open, which I will \u2014 which I have to take time to do. Ladies and Gentlemen, this is not believable.\n. The defense closing argument began:\nFear. That was the first word out of the Government's mouth. Fear. That\u2019s what we are talking about, fear. Ladies and gentlemen, this isn\u2019t about fear.\nNow, actually it was occurring to me that I heard the word fear before; twice actually. The first time was in the Government\u2019s opening statement. They want to talk about the fear Mr. Contreras had. I also recall the judge saying the word fear. He said it when he said you should determine the facts without prejudice, fear, sympathy or favoritism.\nLadies and gentlemen, you should determine the facts. That\u2019s what we\u2019re here for, not fear. We are here for facts. So let\u2019s talk about the facts.",
        "type": "majority",
        "author": "KERN, Senior Judge:"
      }
    ],
    "attorneys": [
      "Leila Thamer, Public Defender Service, with whom James Klein, Jaclyn Frankfurt and Andrea Roth, Public Defender Service, were on the brief, for appellant.",
      "Suzanne C. Nyland, Assistant United States Attorney, with whom Kenneth L. Wainstein, United States Attorney at the time the brief was filed, Roy W. McLeese III, Thomas J. Tourish, Jr., and Kimya Jones, Assistant United States Attorneys, were on the brief, for appellee."
    ],
    "corrections": "",
    "head_matter": "Manuel VENTURA, Appellant, v. UNITED STATES, Appellee.\nNo. 04-CF-475.\nDistrict of Columbia Court of Appeals.\nArgued Feb. 22, 2007.\nDecided June 21, 2007.\nLeila Thamer, Public Defender Service, with whom James Klein, Jaclyn Frankfurt and Andrea Roth, Public Defender Service, were on the brief, for appellant.\nSuzanne C. Nyland, Assistant United States Attorney, with whom Kenneth L. Wainstein, United States Attorney at the time the brief was filed, Roy W. McLeese III, Thomas J. Tourish, Jr., and Kimya Jones, Assistant United States Attorneys, were on the brief, for appellee.\nBefore BLACKBURNE-RIGSBY and THOMPSON, Associate Judges, and KERN, Senior Judge."
  },
  "file_name": "1090-01",
  "first_page_order": 1138,
  "last_page_order": 1154
}
