{
  "id": 6092112,
  "name": "In re George P. Moran, Frank A. Fedosh and Carl A. Maxwell",
  "name_abbreviation": "In re Moran",
  "decision_date": "1967-12-28",
  "docket_number": "No. 7851",
  "first_page": "803",
  "last_page": "807",
  "citations": [
    {
      "type": "official",
      "cite": "55 C.C.P.A. 803"
    },
    {
      "type": "parallel",
      "cite": "156 U.S.P.Q. 149"
    }
  ],
  "court": {
    "name_abbreviation": "C.C.P.A.",
    "id": 8989,
    "name": "United States Court of Customs and Patent Appeals"
  },
  "jurisdiction": {
    "id": 39,
    "name_long": "United States",
    "name": "U.S."
  },
  "cites_to": [
    {
      "cite": "394 F. 2d 595",
      "category": "reporters:federal",
      "reporter": "F.2d",
      "case_ids": [
        2153762
      ],
      "opinion_index": -1,
      "case_paths": [
        "/f2d/394/0595-01"
      ]
    },
    {
      "cite": "229 F. 2d 476",
      "category": "reporters:federal",
      "reporter": "F.2d",
      "case_ids": [
        6077968,
        67329
      ],
      "opinion_index": 0,
      "case_paths": [
        "/ccpa/43-2/0758-01",
        "/f2d/229/0476-01"
      ]
    },
    {
      "cite": "43 CCPA 758",
      "category": "reporters:specialty",
      "reporter": "C.C.P.A.",
      "case_ids": [
        6077968
      ],
      "weight": 2,
      "opinion_index": 0,
      "case_paths": [
        "/ccpa/43-2/0758-01"
      ]
    },
    {
      "cite": "383 U.S. 39",
      "category": "reporters:federal",
      "reporter": "U.S.",
      "case_ids": [
        6167032
      ],
      "opinion_index": 0,
      "case_paths": [
        "/us/383/0039-01"
      ]
    }
  ],
  "analysis": {
    "cardinality": 486,
    "char_count": 8924,
    "ocr_confidence": 0.422,
    "pagerank": {
      "raw": 4.03580807328026e-08,
      "percentile": 0.17350509624306282
    },
    "sha256": "49ceb48aca7164307eaf065c738b856976da74dca14fe19625471dfa590ab515",
    "simhash": "1:8c7a8c9acceeff2d",
    "word_count": 1492
  },
  "last_updated": "2024-02-27T17:09:53.194820+00:00",
  "provenance": {
    "date_added": "2019-08-29",
    "source": "Harvard",
    "batch": "2018"
  },
  "casebody": {
    "judges": [
      "Before Worley, Chief Judge, and Judges Rich, Smith, Almond, Kirkpatrick"
    ],
    "parties": [
      "In re George P. Moran, Frank A. Fedosh and Carl A. Maxwell"
    ],
    "opinions": [
      {
        "text": "KiRkpatRiok, Judge,\ndelivered the opinion of the court:\nThis appeal is from the decision of the Board of Appeals of the Patent Office affirming the rejection on prior art of claims 1 through 4- of application serial No. 296,629, filed July 22,1963, for \u201cShell and Tube Heat Exchangers.\u201d No claim is allowed.\nThe invention relates to a head portion of a heat exchanger for feedwater heaters. The structure is shown in the single figure of the application drawing:\nThe tobe sheet 20 of the head is formed with a flat plate area through which heat exchanger tubes 18 extend and an annular upstanding shoulder 40 which flares upwardly and outwardly to define generally a segment of a sphere. Hemispherical channel member 24, which completes the head, is welded to the shoulder 40 of the plate by circular weld 42. The head is provided with a partition plate 28 separating portions comunicating with outlet and inlet ducts 30 and 32, respectively. There is also an access opening 34 closed by manhole cover 36.\nIn operation, a high pressure fluid at high temperature is passed into the head through inlet 32, through the tubes, and out the outlet 30 so as to heat the feedwater which is passed through heat exchanger shell 12 in contact with the outer surface of the tubes.\nClaim 1 is representative:\n1. A heat exchanger including a head comprising a cup-shaped tube sheet and a hemispherical channel member welded to said tube sheet, said tube sheet including a flat circular plate area to whieh the tubes of the heat exchanger are connected and an annular upstanding shoulder portion integrally formed with the plate area flaring upwardly and outwardly away from the periphery of plate area, said hemispherical channel member having a free edge portion of approximately the same shape as the free edge portion of the upstanding shoulder portion, and a maximum diameter substantially greater than the diameter of the flat plate area, defining with said shoulder portion a head having a generally spherical configuration.\nClaim 2 differs from claim 1 in defining the tobe sheet as forged. Claim 3 refers to the heat-shield function of the shoulder portion of the tube sheet. In claim 4, the shoulder portion is described as flaring outwardly but limited in height so as to avoid its interfering with the installation of tubes in the tube sheet.\nThe references relied on by the board are:\nHaight__. 2,919,906 Jan. 5,1960\nJackson_ 2, 391, 244 Dec. 18, 1945\nFrench patent (herein called \u201cFrench\u201d)_ 946, 944 Dec. 27, 1948\nHaight discloses a heat exchanger having a head and tube sheet shown as of the same substantially spherical shape and relative dimensions as appellants\u2019. However, the tube sheet lacks appellants\u2019 outwardly extending shoulder and the remaining portion of the head is an integral member having the shape of appellants\u2019 hemispherical channel and shoulder section taken together. Thus the circular weld joining the tube sheet with the head is at the peripheral edge of the tube sheet instead of spaced therefrom.\nJackson discloses a heat exchanger head comprising a hemispherical tube sheet welded by a circular weld to a hemispherical head portion. The tube sheet lacks appellants\u2019 flat, thickened area.\nFrench, discloses a heat exchanger having a cylindrical head portion welded to the shoulder of a flat tube sheet. The inside of the shoulder on the tube sheet flares upwardly and outwardly but is not in the shape of a segment of a sphere.\nThe examiner rejected the claims on Haight in view of French and Jackson \u201cunder the provisions of 35 TJ.S.C. 103.\u201d He noted the teaching in French of spacing the welded joint from the tube sheet by an integral upstanding flange and of the showing in Jackson of spacing the welded joint from the area where the tubes are joined to the tube sheet and using a hemispherical head portion. His view was that it was obvious from French and Jackson to space the welded joint in Haight from the tube sheet by moving the joint to the equatorial position on the head. The board affirmed.\nAppellants emphasize two advantages of their construction. As one advantage, they refer in their application to the added strength offered by a spherical configuration. Concerning that feature, they argue:\nWhat appellants are teaching is the cost advantage in forming a sphere having a diameter substantially greater than the tube sheet from a cup-shaped tube sheet and hemispherical head, or in essence, providing a spherical head without sacrificing either the advantage of a flat tube plate or the cost advantage of a hemispherical head. \u215c * \u215c\nAs another advantage, they cite action of the shoulder on the tube sheet as a barrier to welding heat. The application states:\nThe plate shoulder or extension on the tube sheet is of sufficient length to provide a barrier to the heat resulting from welding the channel member to the rim and stress relieving the weld area, thus preventing the flow of heat to the tuibed area of the tube sheet plate and damage to the tube to tube sheet joints. This permits the tubes to be installed within the tube sheet prior to welding the head to the tube sheet, thereby facilitating construction of the heat exchanger. A further important aspect of the invention is that the heat barrier provided avoids the setting-up of loeked-in stresses in the tube plate created by a temperature gradient in the plate, to reduce the possibility of stress failure.\nConcerning this asserted advantage, they state in their brief:\n* * * welding takes place rapidly, and subsequent to welding, it is quite possible that the temperature of the tubed area in the French patent from the heat retained in the members through welding is so high as to require stress relieving, despite the stub flange. In appellants\u2019 design, only the flange need be stress relieved. (Stress relieving is heating a part to a high temperature and cooling it at a controlled rate to relieve locked-in stresses.)\nAppellants further argue:\n* * \u215c the Board and the Examiner have only the appearances of the tube sheets shown by Jackson and the French patent on which to rely, and as such, it is submitted the rejection is based only on hindsight.\nThey additionally rely on an affidavit they submitted to show commercial success.\nOur consideration of the record in the light of the arguments leaves us satisfied that the board\u2019s decision is free from reversible error.\nWe think that one skilled in the art would be fully aware that the portions of the tube sheet extending away from the area to which the tubes are joined in French and Jackson, including particularly the shoulder in French, would function as a barrier tending to protect the said area from the welding heat. We think such person would find it obvious to provide such a barrier in Haight if heat from the weld there caused trouble with the attachment of tubes to the tube sheet. We also think the person of ordinary skill in the art would be aware of the obvious fabrication and assembly advantages of using a hemispherical channel member as in Jackson for completing the head. It would thus be obvious within the meaning of 35 USC 103 to modify Haight, which already embodies a spherical construction with its well known advantage of superior strength, in accordance with French and Jackson to provide its tube sheet with an integral flange for welded connection to a hemispherical channel member which completes the head. No unobvious advantage is seen in the construction as defined in any of the claims.\nIn reaching our conclusion, we have considered the affidavit relating to comercial success, which affidavit reports sales of fifteen units at prices totaling $1,453,196 in a two year period. However, that affidavit is not persuasive of patentability when balanced against the weighty evidence of obviousness provided by the prior art.\nSince the modifications of Haight relied on in the rejection are clearly suggested by Jackson and French, appellants\u2019 argument that the rejection is \u201cbased only on hindsight\u201d fails. The rejection is not contrary to United States v. Adams et al., 383 U.S. 39, as urged by appellants. Also, In re Shaffer, 43 CCPA 758, 229 F. 2d 476, 108 USPQ, 326, additionally relied on by appellants, is not applicable since the secondary references here clearly suggest the modifications in Haight which the board considered obvious.\nThe decision is affirmed.",
        "type": "majority",
        "author": "KiRkpatRiok, Judge,"
      }
    ],
    "attorneys": [
      "Richard H. Thomas, John G. Smith, Jr., Watson, Cole, Grindle & Watson for appellants.",
      "Joseph Schimmel (Fred W. Bherling, of counsel) for the Commissioner of patents."
    ],
    "corrections": "",
    "head_matter": "394 F. 2d 595; 156 USPQ 149\nIn re George P. Moran, Frank A. Fedosh and Carl A. Maxwell\n(No. 7851)\nUnited States Court of Customs and Patent Appeals,\nDecember 28, 1967\nRichard H. Thomas, John G. Smith, Jr., Watson, Cole, Grindle & Watson for appellants.\nJoseph Schimmel (Fred W. Bherling, of counsel) for the Commissioner of patents.\n[Oral argument November 9,1967 by Mr. Thomas and Mr. Sterling]\nBefore Worley, Chief Judge, and Judges Rich, Smith, Almond, Kirkpatrick\nSenior District Judge, Eastern District of Pennsylvania, sitting by designation."
  },
  "file_name": "0803-01",
  "first_page_order": 143,
  "last_page_order": 147
}
