{
  "id": 6092534,
  "name": "In re Allan A. Hayatian",
  "name_abbreviation": "In re Hayatian",
  "decision_date": "1968-06-06",
  "docket_number": "No. 7969",
  "first_page": "1325",
  "last_page": "1335",
  "citations": [
    {
      "type": "official",
      "cite": "55 C.C.P.A. 1325"
    },
    {
      "type": "parallel",
      "cite": "158 U.S.P.Q. 29"
    }
  ],
  "court": {
    "name_abbreviation": "C.C.P.A.",
    "id": 8989,
    "name": "United States Court of Customs and Patent Appeals"
  },
  "jurisdiction": {
    "id": 39,
    "name_long": "United States",
    "name": "U.S."
  },
  "cites_to": [
    {
      "cite": "395 F.2d 1010",
      "category": "reporters:federal",
      "reporter": "F.2d",
      "case_ids": [
        2151119
      ],
      "opinion_index": -1,
      "case_paths": [
        "/f2d/395/1010-01"
      ]
    },
    {
      "cite": "347 F.2d 620",
      "category": "reporters:federal",
      "reporter": "F.2d",
      "case_ids": [
        860448,
        12165993
      ],
      "opinion_index": 0,
      "case_paths": [
        "/f2d/347/0620-01",
        "/ccpa/52-2/1497-01"
      ]
    },
    {
      "cite": "52 CCPA 1497",
      "category": "reporters:specialty",
      "reporter": "C.C.P.A.",
      "case_ids": [
        12165993
      ],
      "weight": 2,
      "opinion_index": 0,
      "case_paths": [
        "/ccpa/52-2/1497-01"
      ]
    },
    {
      "cite": "253 F.2d 238",
      "category": "reporters:federal",
      "reporter": "F.2d",
      "case_ids": [
        688640,
        6078602
      ],
      "opinion_index": 0,
      "case_paths": [
        "/f2d/253/0238-01",
        "/ccpa/45-2/0830-01"
      ]
    },
    {
      "cite": "45 CCPA 830",
      "category": "reporters:specialty",
      "reporter": "C.C.P.A.",
      "case_ids": [
        6078602
      ],
      "weight": 2,
      "opinion_index": 0,
      "case_paths": [
        "/ccpa/45-2/0830-01"
      ]
    },
    {
      "cite": "383 U.S. 1",
      "category": "reporters:federal",
      "reporter": "U.S.",
      "case_ids": [
        6166987
      ],
      "opinion_index": 0,
      "case_paths": [
        "/us/383/0001-01"
      ]
    },
    {
      "cite": "370 F.2d 961",
      "category": "reporters:federal",
      "reporter": "F.2d",
      "case_ids": [
        6086105,
        2050044
      ],
      "opinion_index": 0,
      "case_paths": [
        "/ccpa/54-2/0999-01",
        "/f2d/370/0961-01"
      ]
    },
    {
      "cite": "54 CCPA 999",
      "category": "reporters:specialty",
      "reporter": "C.C.P.A.",
      "case_ids": [
        6086105
      ],
      "weight": 2,
      "opinion_index": 0,
      "case_paths": [
        "/ccpa/54-2/0999-01"
      ]
    },
    {
      "cite": "388 U. S. 1",
      "category": "reporters:federal",
      "reporter": "U.S.",
      "case_ids": [
        6167184
      ],
      "year": 1966,
      "opinion_index": 1,
      "case_paths": [
        "/us/388/0001-01"
      ]
    }
  ],
  "analysis": {
    "cardinality": 1103,
    "char_count": 27285,
    "ocr_confidence": 0.418,
    "pagerank": {
      "raw": 4.03580807328026e-08,
      "percentile": 0.17351841748302702
    },
    "sha256": "11fc558db455211719bb57e5cf2ca5a884a70011bf96509e28f0b2dece36929e",
    "simhash": "1:4e7ff83264722312",
    "word_count": 4590
  },
  "last_updated": "2024-02-27T17:09:53.194820+00:00",
  "provenance": {
    "date_added": "2019-08-29",
    "source": "Harvard",
    "batch": "2018"
  },
  "casebody": {
    "judges": [
      "Before Worley, Chief Judge, and Judges Rich, Smith, Almond, Kirkpatrick."
    ],
    "parties": [
      "In re Allan A. Hayatian"
    ],
    "opinions": [
      {
        "text": "Almond, Judge,\ndelivered the opinion of the court:\nThis is an appeal from the decision of the Patent Office Board of Appeals affirming the rejection of the sole remaining claim of appellant\u2019s application entitled \u201cSeal for Track Links.\u201d\nThe invention relates to a metal-to-metal seal which serves to keep abrasive material such as sand and gravel dust out of the area where adjacent crawler-type tractor tread links are pivotally joined together. An over-all view of the treads, showing the method of connection of two links is illustrated in Figure 1 of appellant\u2019s application, and a detailed view of the metal-to-metal seal of the invention is illustrated in Figures 2 and 4.\nEach link 11 has a laterally outwardly offset boss 12 and, further, is relieved at its inner face as shown by reference numeral 13 to permit overlapping of end 14 of the adjacent link. End 14 is relieved at its outer face as indicated by reference numeral 16 to accommodate the end of the first-mentioned link. It is essential that the two adjacent links 11L and HR as designated in Fig. 1 flex relative to each other about axis 17 as the chain travels around the drive and idler sprockets (not shown) which drive the track. It is also apparent from Fig. 1 that the links 11 are arranged in pairs on the inside and outside of the tractor. Thus, link 11L has as its mate link 21L which is the same in construction but oppositely facing.\nThe inner face of boss 12 is formed with a counterbore 22 of substantial depth surrounding the central bore 23 of said boss 12, bores 22 and 23 having the common axis 17. Fitting into bore 28 with a forced fit is pin 24 which interconnects the pair of links 11L, 21L. Surrounding pin 24 is a sleeve or bushing 26 which can rotate or oscillate relative to pin 24. Bushing 26 is forced into the bore 27 of end 14 of link HR and its outer end enters counterbore 22 but does not reach the bottom thereof. The diameter of counterbore 22 is slightly greater than the outside diameter of bushing 26. Accordingly, bushing 26 turns relative to boss 12 but not relative to end 14. whereas pin 24 turns inside bushing 26 but does not turn relative to-boss 12. Bushing 26 enters the corresponding counterbore 22 in the boss 12 of link 21L.\nThe structure as described thus far is conventional. In such a structure, abrasive material enters the crevice indicated at 28 in Fig. 1 between the links, and also into the interface between offsets 13 and 16, and thence between the outside of bushing 26 and the-cylindrical surface of counterbore 22. Once such abrasive material enters the space between the relatively oscillating surfaces, rapid wear of the parts ensues.\nAppellant\u2019s invention is a metal-to-metal seal which prevents entrance of abrasive material to the space surrounding pine 24. As. shown in Fig. 2, the seal consists of a flat washer 32 against the surface of the counterbore in bass 12, and a truncated conical (Belle-ville) washer 33 having its small diameter end facing the flat washer-32 and its large diameter end facing the end of bushing 26. When assembled, the washers are compressed axially, and the Belleville washer is flattened as shown in Fig. 4. However, the Belleville washer retains its resiliency, and thus will maintain a seal as the washers, wear, and a crevice opens up between the washers.\nAppellant\u2019s specification states that because the diameter of the large end of the Belleville washer has greater frictional resistance-to rotation than the small end, it will tend to remain stationary relative to bushing 26, and the small diameter end will tend to turn relative to pin 24. On the other hand, washer 32 tends to remain stationary with respect to boss 12. Hence, wear occurs as the small diameter end 36 oscillates relative to washer 32. This arrangement is said to insure that the wear of the relative movement of the two-washers is absorbed by the washers themselves rather than the permanent members of tbe link assembly against which they fit, thereby preserving the life of links 11 and bushing 26.\nThe sole claim on appeal is:\n1. A track link assembly comprising a first link Raving at a first end thereof a laterally outward offset boss and a flat face facing inward on the inner face of said boss, said first link formed with a first bore extending through said boss normal to said inner face and a counterbore in said inner face, a second link having a second end partially overlapping said first end and oscillatable relative to said first link about the axis of said first bore, said second end having an outer face parallel and inwardly offset relative to said inner face, said second link formed with a second bore normal to and extending through said outer face coaxial with said first bore, said second bore of a diameter larger than said first bore and slightly less than said counterbore, a bushing force fit in said second bore with its outer end projecting beyond said outer face and partially into said counterbore and turnable in said counterbore relative to said first link, a pin rotatable inside said bushing and having an outer end force fit in said first bore, a Belleville-type first washer in said counter-bore around said pin having its large diameter end against the adjacent end of said bushing, and a flat second washer in the bottom of said counterbore around said pin, said second washer on the small diameter side of said first washer, said first and second washers, having substantially the same outside diameter slightly less than the diameter of said counterbore, said first and second washers having substantially the same inside diameter slightly greater than the diameter of said pin said washers squeezed between the bottom of said counterbore and the outer end of said bushing until said first washer is approximately flattened, said washers rotatably sealing said first link and said bushing around said pin and exerting an axial thrust relative to said first and second links\u2019.\nThe references relied upon are:\nBurgman 2,906,562, September 29, 1959\nSimpson et al. 3,050,346, August 21, 1962\n(Simpson)\nSimpson is the basic reference, and it shows that identical link structure, but having a metal-to-metal seal consisting of two Belle-ville washers having their small diameter ends abutting. Because of its pertinence to the discussion which follows, Fig. 8 of the Simpson reference is reproduced below:\nThe advantages alleged by Simpson for his seal are substantially identical to those alleged by appellant. The disclosure of Simpson Is that due to the greater engagement of the large diameter ends of the washers, the washers will remain stationary with respect to the hushing and boss, and will rotate relative to each other. Wear is thus said to be restricted to the faces of the washers. It should be noted that Simpson also compresses the washers during assembly, and that the crevice shown in Fig. 3 opens up upon wear, similar to the crevice in appellant\u2019s device.\nBurgman also discloses seals for tread links. The Burgman seal comprises a rubber seal having a metal face. This metal face contacts a smooth hardened bearing washer disposed in a recess in the bushing, the bearing washer serving \u201cas a facing for the recess.\u201d\nThe examiner rejected the claim as being obvious under 35 TJSC 103. After noting that the sole difference between the claimed invention and the Simpson device is the substitution of a flat washer for \u25a0one of the conical washers, and that Burgman suggests the use of a flat washer as a wear-bearing surface in a resilient seal, the examiner reasoned:\nThe use of conical washers as sealing elements is well known in the art. Such washers are frequently employed either in multiple arrangement or as single washers depending upon the space to be filled or the amount of resiliency desired. Flat washers are also well known as haying innumerable applications including that of providing wearing surfaces. One having ordinary skill in the art once having become aware of the application of conical washers to an \u25a0endless track by virtue of the Simpson et al disclosure would recognize especially in view of the suggestion of Burgman that a flat washer could be substituted for either one of the conical washers 18 without substantially adversely \u25a0affecting the operation of the seal.\nThe board affirmed, noting that Simpson discloses that the two Belleville washers, by virtue of their configuration, will be stationary relative to the parts their outer diameters engage and will rotate relative to each other. The board said:\nIf this in fact takes place, the disclosure of Simpson et al. clearly negatives any possible patentability of the instant case since it is perfectly obvious to substitute for one of the two Belleville washers a flat hard bearing washer to obtain only the same result, flat bearing washers being well-known to the art as exemplified by Burgman.\nAppellant bases his appeal to this court primarily on the argument that the Simpson device, which he states is in wide commercial use, has an inherent defect which his invention overcomes. It is appellant\u2019s position that although Simpson states that his Belleville washers rotate relative to each other, as a practical matter it sometimes happens that foreign matter wedges in the crevice between the Belleville washers, locking them together, so that instead of turning relative to each other they turn together. When this occurs, the sharp comer on the large diameter end of the outer washer digs into the relative soft material of the outer link and accordingly scores and enlarges the counterbore until it is severely worn. Such wear reduces the resilient effect of the seal and also enables abrasive material to enter through the enlarged counterbore into contact with the pin and the bore in the outer link, damaging the structure.\nAppellant claims by affidavit that his invention solves this problem. The affidavit, by the appellant himself, states that he is head of the Engineering Department of WesTrac, largest independent manufacturer of tractor track replacement parts in the United States; that he has examined many worn tractor links embodying the Simpson invention; that a substantial number of these have the counterbore of the outer link scored by turning of the Belleville washer; that in a substantial number of cases this scoring is caused by the two Belleville washers \u201cfreezing\u201d together through lodging of abrasive material between the Bellevilles, sufficient heat of friction generated between the rotating parts, or for some other reason; and that such scoring creates a passage whereby abrasive material can by-pass the seal and bring about destruction of the link seal.\nHaving thus made a statement based upon personally observed factual matter concerning the problem of the prior art device, appellant alleged the following:\nAffiant\u2019s construction shown in Fig. 2 has an advantage over Simpson in that the broad expanse of the flat washer 32 in contact with the bottom of the counterbore 22 provides a frictional area of contact of great amplitude as compared with Simpson and insures that the washer 32 will not turn relative to link 11L. Since the washer 32 is very hard as compared with the material of which the link is formed and since the Belleville washer 33 is also very hard, the sharp corner of the Belleville washer 33 does not destroy the washer 32 and hence wear of the bottom of the eounterbore is eliminated. Furthermore, there is no substantial reduction in the sealing effect in applicant\u2019s construction as compared with Simpson. Thus, the structure of Fig. 2 of the present application reduces the possibility of eventual destruction of the seal by wear into the counterbore and is more effective in preserving a sealing effect over prolonged use than in Simpson.\nThe examiner was critical of the affidavit on the ground that it was nothing more than an expression of opinion not substantiated by facts. The examiner suggested that photographs should have been submitted to show wear or scoring of the prior art structure. Further, the examiner felt that the affidavit lacked any factual basis for concluding that appellant\u2019s device was any improvement over the prior art. On this point he suggested that comparative tests would be required.\nThe board agreed that under the facts of the present case, an opinion affidavit of an interested party is insufficient, and that a comparative test of the reference and application devices is a proper requisite.\nWe are in partial disagreement with the examiner and the board as to the weight to be given the affidavit. The first part of the affidavit represents a report of the first-hand visual observation of factual matter by a person who is unquestionably qualified to observe and evaluate the subject matter. While the affidavit contains conclusions concerning the cause and effect of the scoring, these are the conclusions of an engineering executive in a company which is vitally concerned with observing and evaluating causes of failure in tractor treads. The conclusions drawn relative to the Simpson device appear reasonable and to be within the competence of the affiant. In re Neave, 54 CCPA 999, 370 F.2d 961, 152 USPQ 274. We therefore accept the affidavit as evidence that the Simpson device will occasionally fail due to \u201cfreezing\u201d of the Belleville washers.\nWe agree with the examiner and the board, however, that the affidavit is unpersuasive insofar as it attempts to show superiority of appellant\u2019s device over the Simpson device. In effect, the affiant-inventor says no more than that he thinks his device is better than the prior art device. Since he alleges his familiarity with the prior art device, we would have inferred from the mere fact that he filed an application that he thought his device to be an improvement in some respect. Thus we consider the affidavit no more persuasive than the application itself on this point. In evaluating the obviousness of an invention, we are concerned with facts, Graham v. John Deere Co., 383 U.S. 1, and an affidavit which does no more than to express the unsubstantiated opinions of affiants as to the relative merits of the appellant\u2019s device and prior art devices is entitled to no weight in ordinary circumstances. In re Hollingsworth, 45 CCPA 830, 253 F.2d 238, 117 USPQ 182.\nAppellant argues that it should be self-evident that the flat washer of his invention is less likely than the Belleville of Simpson to \u201cfreeze\u201d to the opposing Belleville. His position is\n* \u215c \u215e that a broad, flat washer such as the washer 32 of applicant has a greater area of contact with the bottom of counterbore 22 and hence that it does not tend to turn relative to the counterbore as easily as would be the ease where a Belleville washer has merely its end edge in contact with the bottom of the counterbore, a much lesser area. Since the frictional resistance between two bodies is proportional to the area of contact, and since the area of contact between the flat washer of applicant is much greater than the area of contact of the end edge of the Simpson washer, the fact that the flat washer is less likely to turn relative to the link than the Belleville washer is evident. * * * [Emphasis added.]\nThis argument was totally demolished by the Solicitor, who pointed out that appellant\u2019s major premise is contrary to Coulomb\u2019s second law of friction, and derived equations to demonstrate to the court that the Belleville washer actually has a greater restraining torque than the flat washer. Appellant has not controverted the application of Coulomb\u2019s law or the mathematical derivation.\nAppellant also protests the requirement of the examiner and the board that he present comparative tests showing the alleged superiority of his device in order to overcome the obviousness rejection. Insofar as the language used by the board might be taken to indicate that comparative tests were the only evidence which could overcome the rejection, we would disagree with it. However, in the face of a strong obviousness rejection, as is presented here, it is certainly proper for the examiner or the board to require an applicant to come forward with such facts as will be effective to shift the burden of proof to the examiner to come forward with further support for his conclusion of obviousness. In re Katzschmann, 52 CCPA 1497, 347 F.2d 620, 146 USPQ 66. Certainly comparative tests would be highly persuasive as showing such facts.\nOn this record, appellant has failed to produce a factual showing adequate to overcome the strong suggestion of obviousness presented in the art of record.\nThe decision of the board is affirmed.\nSerial No. 267,747 filed March 25, 1963.\nEncyclopedia Americana (1964 ed.), Subject \u2014 Friction, subtopic \u2014 Coulomb\u2019s Laws:\n\u201cMost texts In mechanics are agreed upon a set of conclusions first published by Charles Augustin de Coulomb in 1785 and supplemented by extensive work of Arthur Jules Morin (1832) * * *\n*******\nThe laws of Coulomb friction are : (1) The frictional force is directly proportional to the force or load pushing the two bodies together. (2) For a given load, the frictional force is independent of the area of contact. (3) The kinetic frictional force is independent of the velocity of sliding. (4) The co-efficient of friction, static or kinetic, for any pair of surfaces depends upon the nature of the materials, their hardness and smoothness.\u201d",
        "type": "majority",
        "author": "Almond, Judge,"
      },
      {
        "text": "Rich, Judge,\ndissenting, with whom Smith, Judge, joins.\nThe structure of the invention and the disclosure of the closest prior art, the patent to Simpson et al., No. 3,050,346, are adequately described in Judge Almond\u2019s opinion. The only issue in this case is obviousness under 35 USC 103. This is a case in which we clearly must be wary of making a judgment of obviousness on purely theoretical considerations and heed the voice of experience as it speaks to us from the record. We must also try to avoid hindsight reconstruction of prior art disclosures in the light of appellant\u2019s teachings.\nCaterpillar Tractor Co., the leader in the field, well-knowing the need for a track link seal and what it must accomplish, devised the Simpson seal. In theory it would appear to solve the sealing problem. Its Simpson patent states:\nWear of the ends of the bushings and the inner faces of the recesses 17 * * * is also eUmmated because the washers 18 do not rotate relative to the bushing and the recess. All tendency toward wear in this area is between the hard faces of the washers 18 and is greatly minimized because of their hardness and the inability of abrasive materials to enter between their contacting surfaces. [Emphasis added.]\nThis appears to have been theorizing on the part of Simpson, or his patent solicitor. It also appears to have been erroneous.\nApplicant, head of the engineering department of WesTrac Company, assignee of th application at bar and largest independent manufacturer of replacement parts for tractor tracks in the United States, has filed an affidavit reciting the following facts:\nThe principal portion of the business of WesTrac is .supplying replacement parts with [for?] worn Caterpillar tractors. Recent models of Caterpillar tractors use the structure shown in \u215c \u215c \u215c Simpson Patent No. 8,050,346. In the course of affiant\u2019s duties, he has had occasion to examine worn Caterpillar track links and determine the cause of failure thereof.\nIn a substantial number of worn Caterpillar tracks, it has been found that the counterbore of the outer link has become scored by turning of the sharp outer edge of the adjacent Belleville washer indicated by reference numeral 18 in Eig. 1 of Simpson. Such washer 18 is of a very hard material Whereas the link boss 16 is of a relatively soft material and any turning movement of the sharp comers of the washer results in a scoring of the bottom of the counter-bore.\nAccepting these facts, as the majority opinion does, it follows that in a \u201csubstantial number\u201d of cases Caterpillar\u2019s Simpson seal fails to operate as intended, or as it is supposed to operate in theory, and one is forced to the inevitable conclusion that solving the problem of sealing this particular tractor tread joint is not as easy as it looks. Simpson did not solve it with his invention and he had available to him Burgman\u2019s disclosure of rubber seals faced with flat washers as wearing surfaces. Burgman\u2019s patent issued Sept. 29, 1959. Simpson did not file until Jan. 24, 1961. Burgman was no help to Simpson. Equally, his teachings are of no help in curing the defects of Simpson\u2019s seal.\nThe majority also expressly accepts the showing of Hayatian\u2019s affidavit that the theory of Simpson\u2019s patent is fallacious, at least in a substantial number of cases where grit gets between his Belle-ville washers, causing them to rotate together. The affidavit showing on this matter is as follows:\nTheoretically, the two Belleville washers 18 of Simpson should turn relative to each other rather than relative to the link and relative to the bushing 13, and hence theoretically the washer should not dig into the bottom of the counter-bore. However, in practice, in a substantial number of cas'es, it has been found by affiant that for some reason such as the lodging of abrasive material between the two Bellevilles, sufficient heat generated by friction between the rotating parts, or for some other reason, the two Bellevilles \u201cfreeze\u201d relative to each \u2022other and no longer turn. When this happens, the Belleville washer 18 at the top of Fig. 1 tends to dig mto the soft bottom of the counterbore and to score the bottom of the counterbore. When this occurs, the space between the end of the bushing 13 and the bottom of the counterbore effectively increases, thereby reducing the resilient effect of the seal and lessening the seal. Further such scoring of the bottom of the counterbore provides a passage whereby the abrasive material can by-pass the seal and get into the bottom of the counterbore, pin 14, and bushing 13, and soon bring about the destruction of the link seal. [Emphasis added.]\nThe alleged obviousness here is predicated on the disclosures of the Simpson and Burgman patents and on nothing else. But it seems clear that from reading the Simpson patent it is not even known how the Simpson seal actually operates in practice or what its defects are. Appellant, due to his advantageous position in this art, made his invention in three steps. First, he discovered what the defects of the Simpson seal are; second, he reasoned out what the causes of those defects are; third, he devised a different combination of old elements which would avoid those defects. I am unable to see wherein what he did was obvious in the sense of 35 USO 103.\nThe legal defect of the majority opinion is the same as that of the examiner and the board. All three proceed on the premise that appellant may have his patent if he supplies persuasive evidence of the superiority of his seal over that of Simpson\u2019s. Such proof is demanded, of course, on the premise that appellant\u2019s seal is prima facie obvious from the references, which I find not to be the case. The record here shows very clearly that even the defects of Simpson which started appellant\u2019s inventive process were anything but obvious. Appellant\u2019s invention resides as much-in finding the cause of the problem created by those defects as in overcoming it. How, then, can the invention \u201cas a whole\u201d be obvious, as required by section 103?\nSince there is no prima facie obviousness, it is beyond legal propriety for the Patent Office to demand evidence of superiority over Simpson. As a practical matter, it should also be considered what is entailed in supplying such evidence. It can be presumed that Caterpillar tractor tread linkages in such a commercially successful tractor as is produced by Caterpillar do not wear out except after considerable use. It can be further presumed that it would take at least as long to prove superiority of appellant\u2019s seal construction as it would to develop, through use, the defects in the Caterpillar Simpson seals. Since only a \u201csubstantial number\u201d of Simpson seals \u2014whatever that may mean \u2014 develop the defects recited in the affidavit, it would further require that appellant install his seals in a statistically significant number of tractors and somehow manage to get them into parallel service with an equal number of otherwise identical tractors having Simpson seals, running them under a kind of test-track supervision until a \u201csubstantial number\u201d of the Simpson seals have been found to break down and then tear down his own seals to find out how much they have worn in comparison. It seems to me that to demand this kind of evidence is to demand the impossible. It might take years, if we assume it is practicable at all, and where, meanwhile, - has the Patent Office prosecution gone?\nOn its face, appellant\u2019s proposed solution appears to be a workable one and an advance in the art. He should have his patent with his single claim. Should it turn out that his seal is not in fact superior, after a number of years of trial, only his assignee will be the loser. Certainly the public will not be injured by another patent on a commercially unsuccessful device. On the other hand, if it turns out that appellant\u2019s seal is superior in fact to Simpson\u2019s in accordance with appellant\u2019s educated belief, then his assignee should be protected from imitation without compensation. Such prospective commercial success is a \u201csecondary consideration\u201d indicative of patentability. Graham v. John Deere Co., 388 U. S. 1 (1966).\nThe theoretical arguments advanced by the solicitor and accepted by the majority based on Coulomb\u2019s second law of friction, like the theories in the Simpson patent, are as much open to question when they come to be tested against the operation of tractor tread link joints in mud, dust, and sand where theories based on laboratory experiments do not seem always to work out in practice. This argument is an afterthought to bolster up a legal argument and entitled to little weight. Even if the theory worked out in practice and the flat washer rotated contrary to appellant\u2019s theory, it seems evident that it would not cut the groove in the bottom of the counterbore cut by the edge of a Belleville washer and so would not open up the seal as does the Belleville, beside which grit under the flat washer might cause it to stand still in spite of Coulomb\u2019s second law of friction. One theory seems to be as good as another \u2014 and as useless \u2014 in this area and I think we should be practical and listen to the only expert who has had anything to say of record, the appellant.\nFor the above reasons I would reverse.",
        "type": "dissent",
        "author": "Rich, Judge,"
      }
    ],
    "attorneys": [
      "Julian G apian for appellant.",
      "Joseph Schimmel (Jere W. Sears, of counsel) for the Commissioner of Pat ents."
    ],
    "corrections": "",
    "head_matter": "395 F.2d 1010; 158 USPQ 29\nIn re Allan A. Hayatian\n(No. 7969)\nUnited States Court of Customs and Patent Appeals,\nJune 6, 1968\nJulian G apian for appellant.\nJoseph Schimmel (Jere W. Sears, of counsel) for the Commissioner of Pat ents.\n[Oral argument April 5, 1968 by Mr. Caplan and Mr. Sears]\nBefore Worley, Chief Judge, and Judges Rich, Smith, Almond, Kirkpatrick.\nPetition for rebearing granted for the sole purpose of changing certain language in original opinion ; otherwise it is denied. 'See 56 COPA.\nSenior District Judge, Eastern District of Pennsylvania, sitting by designation."
  },
  "file_name": "1325-01",
  "first_page_order": 665,
  "last_page_order": 675
}
