{
  "id": 6078714,
  "name": "Yard-Man, Inc. v. Savage Arms Corp.",
  "name_abbreviation": "Yard-Man, Inc. v. Savage Arms Corp.",
  "decision_date": "1955-03-30",
  "docket_number": "No. 6118",
  "first_page": "862",
  "last_page": "864",
  "citations": [
    {
      "type": "official",
      "cite": "42 C.C.P.A. 862"
    },
    {
      "type": "parallel",
      "cite": "105 U.S.P.Q. 284"
    },
    {
      "type": "parallel",
      "cite": "220 F.2d 782"
    }
  ],
  "court": {
    "name_abbreviation": "C.C.P.A.",
    "id": 8989,
    "name": "United States Court of Customs and Patent Appeals"
  },
  "jurisdiction": {
    "id": 39,
    "name_long": "United States",
    "name": "U.S."
  },
  "cites_to": [
    {
      "cite": "99 USPQ 215",
      "category": "reporters:specialty",
      "reporter": "U.S.P.Q. (BNA)",
      "opinion_index": 0
    }
  ],
  "analysis": {
    "cardinality": 382,
    "char_count": 5915,
    "ocr_confidence": 0.462,
    "pagerank": {
      "raw": 1.436341961914816e-07,
      "percentile": 0.6522822373041826
    },
    "sha256": "c14bb0f8fc890407aff92d6454795c1b4c525af1492a7c2d4c03d62e6ab450cd",
    "simhash": "1:654fb1340c82f46a",
    "word_count": 928
  },
  "last_updated": "2024-02-27T19:28:26.016035+00:00",
  "provenance": {
    "date_added": "2019-08-29",
    "source": "Harvard",
    "batch": "2018"
  },
  "casebody": {
    "judges": [
      "Before Garrett, Chief Judge, and O\u2019Connell, Johnson, Worley, and Cole, Associate Judges"
    ],
    "parties": [
      "Yard-Man, Inc. v. Savage Arms Corp."
    ],
    "opinions": [
      {
        "text": "Cole, Judge,\ndelivered the opinion of the court:\nThe Savage Arms Corporation, appellee herein, adopted and has used since August, 1949, a composite trade-mark consisting of the pictorial representation of the head of an Indian Chief enclosed within a circle, the word \u201cSavage\u201d in large block letters superimposed thereon, and \u201cYard Chief\u201d written in smaller scrip letters within the enclosure. The mark, applied to gasoline power driven lawn mowers, was registered on the Principal Register of the United States Patent Office on January 9,1951, \u201cYard\u201d being disclaimed.\nYard-Man, Inc., appellant herein, adopted and has continuously' used since 1933 the trade-mark notation \u201cYard-Man,\u201d as applied to hand and motor propelled lawn mowers. The mark was registered on the Principal Register on June 11,1940, and republished July 6,1948, under the Trade-Mark Act of 1946.\nOn August 28,1951, appellant petitioned for cancellation of appel-lee\u2019s mark on the ground that the latter\u2019s composite notation so resembled its mark, \u201cYard-Man,\u201d as to be likely, when applied to the goods of the parties, to cause confusion, mistake, or deception of purchasers as to the source of origin of such goods.\nIn lieu of taking testimony, counsel for the respective parties stipulated all facts deemed material to a proper determination of the controversy. Included in the agreed statement of facts was a concession by the cancellation petitioner (appellant) that appellee\u2019s composite mark was dominated by its corporate name, \u201cSavage,\u201d and the picture of the head of an Indian Chief.\nThe Examiner of Interferences of the Patent Office, before whom the case came for hearing, held that the marks considered as a whole were not likely to cause confusion in trade if concurrently used. This decision dismissing appellant\u2019s petition was affirmed by the Assistant Commissioner of Patents. Yard-Man, Inc. v. Savage Arms Corporation, 99 USPQ 215. In the latter\u2019s opinion, confusion was unlikely for the following reasons:\nTie two marks differ widely in appearance. An examination o\u00ed respondent\u2019s mark shows that it is dominated by the word \u201cSavage\u201d in large black letters and the representation of an Indian chief\u2019s head in red. The words \u201cYard Chief\u201d are secondary in size and position. Petitioner\u2019s mark consists only of the compound word \u201cYard-Man.\u201d\nThe marks differ widely in significance. The word \u201cSavage,\u201d the pictorial representation of the head of an Indian, and the word \u201cChief\u201d result in a single connotation completely different from the connotation of petitioner\u2019s compound word \u201cYard-Man.\u201d\nThe sound of the marks \u2014 \u201cYard-Man\u201d and \u201cSavage Yard Chief\u201d \u2014 is different.\nThe appeal here is seemingly predicated on appellant\u2019s belief that \u201cYard-Man\u201d and \u201cYard Chief,\u201d standing alone, are confusingly or deceptively similar and that such is sufficient reason to entitle appellant to prevail in a cancellation proceeding. Appellant contends that its mark is well established, unique, and of great value. It urges recognition of the asserted fact that appellee, a late-comer, has appropriated the essential portion of that mark by the mere addition of another word or feature, citing cases of this and other courts in condemnation of that practice.\nWe do not think the appellant\u2019s position is well taken. First, it is elementary that trade-marks alleged to be confusingly similar must be considered and compared in their respective entireties. Second, the word \u201cSavage\u201d and the pictorial representation of the head of the Indian Chief clearly dominate appellee\u2019s composite mark as conceded by appellant in the stipulation to which we have hereinbefore referred.\nThe predominating features of appellee\u2019s mark have per se been in use as a trade-mark by appellee since 1906, presumably in connection with its manufacture and sale of firearms and ammunition. Appellant has stated in its brief that such trade-mark usage by appellee is \u201cso well known as to warrant judicial notice of that fact.\u201d\nThere is a likelihood of confusion between trade-marks if their over-all presentations in any of the particulars sound, appearance, or meaning are such as would lead the purchasing public into believing that the products to which the marks, are affixed emanate from the same source. In applying this test, it is well settled that the dominant word or feature of a mark may be given greater force and effect than other portions thereof.\nThat \u201cYard-Man\u201d and \u201cSavage Yard Chief\u201d (\u201cSavage\u201d being dominant) differ sufficiently in sound to obviate any likelihood of confusion is manifest. Equally evident is the difference in appearance between the contested marks, the prominently displayed Indian head in appellee\u2019s mark being an eye-catching and well remembered medium of identification in combination with the compound word expression, \u201cSavage Yard Chief.\u201d In meaning, the word \u201cSavage\u201d has direct reference either to the Indian or appellee\u2019s corporate name, and thus is not comparable in significance to appellant\u2019s \u201cYard-Man.\u201d\nWe cannot divorce one segment of appellee\u2019s composite mark from the whole and then proceed to compare the portion so isolated with the mark of another. It becomes apparent, therefore, and as we view it free from any doubt, that the decision of the Assistant Commissioner of Patents is clearly correct and should not be disturbed. So clearly is this the case that nothing would be served by prolonging this opinion and discussing other questions raised in the appellant\u2019s brief.\nThe decision appealed from is accordingly affirmed.",
        "type": "majority",
        "author": "Cole, Judge,"
      }
    ],
    "attorneys": [
      "Townsend F. Beaman (Robert J. Patch of counsel) for appellant.",
      "Francis J. Sullivan for appellee."
    ],
    "corrections": "",
    "head_matter": "220 F. (2d) 782; 105 USPQ 284\nYard-Man, Inc. v. Savage Arms Corp.\n(No. 6118)\nUnited States Court of Customs and Patent Appeals,\nMarch 30, 1955\nTownsend F. Beaman (Robert J. Patch of counsel) for appellant.\nFrancis J. Sullivan for appellee.\n[Oral argument March 9, 1955, by Mr. Beaman and Mr. Sullivan]\nBefore Garrett, Chief Judge, and O\u2019Connell, Johnson, Worley, and Cole, Associate Judges"
  },
  "file_name": "0862-01",
  "first_page_order": 200,
  "last_page_order": 202
}
