{
  "id": 8921651,
  "name": "Jennifer NEAL v. BAVARIAN MOTORS, INC., Aded Benaleou and Ashir Benaleou, MFN Financial Corporation, Mercury Finance Company, LLC, & Consumer Portfolio Services Appeal of MFN Financial Corporation, Mercury Finance Company, LLC & Consumer Portfolio Services; Jennifer Neal v. Bavarian Motors, Inc., and MFN Financial Corporation, Mercury Finance Company, LLC, & Consumer Portfolio Services Appeal of: Bavarian Motors, Inc.",
  "name_abbreviation": "Neal v. Bavarian Motors, Inc.",
  "decision_date": "2005-09-02",
  "docket_number": "",
  "first_page": "1022",
  "last_page": "1034",
  "citations": [
    {
      "type": "official",
      "cite": "882 A.2d 1022"
    }
  ],
  "court": {
    "name_abbreviation": "Pa. Super. Ct.",
    "id": 8775,
    "name": "Superior Court of Pennsylvania"
  },
  "jurisdiction": {
    "id": 6,
    "name_long": "Pennsylvania",
    "name": "Pa."
  },
  "cites_to": [
    {
      "cite": "822 A.2d 810",
      "category": "reporters:state_regional",
      "reporter": "A.2d",
      "case_ids": [
        9132556
      ],
      "opinion_index": 0,
      "case_paths": [
        "/a2d/822/0810-01"
      ]
    },
    {
      "cite": "728 A.2d 949",
      "category": "reporters:state_regional",
      "reporter": "A.2d",
      "case_ids": [
        607150,
        11626887
      ],
      "year": 1999,
      "pin_cites": [
        {
          "page": "951"
        }
      ],
      "opinion_index": 0,
      "case_paths": [
        "/pa/556/0422-01",
        "/a2d/728/0949-01"
      ]
    },
    {
      "cite": "556 Pa. 422",
      "category": "reporters:state",
      "reporter": "Pa.",
      "case_ids": [
        607150
      ],
      "year": 1999,
      "pin_cites": [
        {
          "page": "425"
        }
      ],
      "opinion_index": 0,
      "case_paths": [
        "/pa/556/0422-01"
      ]
    },
    {
      "cite": "671 A.2d 228",
      "category": "reporters:state_regional",
      "reporter": "A.2d",
      "case_ids": [
        732407,
        7859839
      ],
      "year": 1996,
      "pin_cites": [
        {
          "page": "233"
        }
      ],
      "opinion_index": 0,
      "case_paths": [
        "/pa-super/448/0224-01",
        "/a2d/671/0228-01"
      ]
    },
    {
      "cite": "448 Pa.Super. 224",
      "category": "reporters:state",
      "reporter": "Pa. Super.",
      "case_ids": [
        732407
      ],
      "year": 1996,
      "opinion_index": 0,
      "case_paths": [
        "/pa-super/448/0224-01"
      ]
    },
    {
      "cite": "421 Pa.Super. 353",
      "category": "reporters:state",
      "reporter": "Pa. Super.",
      "case_ids": [
        921940
      ],
      "weight": 2,
      "year": 1992,
      "opinion_index": 0,
      "case_paths": [
        "/pa-super/421/0353-01"
      ]
    },
    {
      "cite": "526 Pa. 54",
      "category": "reporters:state",
      "reporter": "Pa.",
      "case_ids": [
        1825965
      ],
      "weight": 2,
      "year": 1990,
      "opinion_index": 0,
      "case_paths": [
        "/pa/526/0054-01"
      ]
    },
    {
      "cite": "429 Pa.Super. 360",
      "category": "reporters:state",
      "reporter": "Pa. Super.",
      "case_ids": [
        934748
      ],
      "weight": 2,
      "year": 1993,
      "opinion_index": 0,
      "case_paths": [
        "/pa-super/429/0360-01"
      ]
    },
    {
      "cite": "751 A.2d 683",
      "category": "reporters:state_regional",
      "reporter": "A.2d",
      "case_ids": [
        11511029
      ],
      "weight": 6,
      "pin_cites": [
        {
          "page": "685"
        },
        {
          "page": "685-686"
        },
        {
          "page": "685"
        }
      ],
      "opinion_index": 0,
      "case_paths": [
        "/a2d/751/0683-01"
      ]
    },
    {
      "cite": "383 Pa.Super. 435",
      "category": "reporters:state",
      "reporter": "Pa. Super.",
      "case_ids": [
        464419
      ],
      "weight": 4,
      "year": 1989,
      "pin_cites": [
        {
          "page": "20"
        },
        {
          "page": "20",
          "parenthetical": "\"an effort should be made to apportion the time spent by counsel on the distinct causes of action\""
        }
      ],
      "opinion_index": 0,
      "case_paths": [
        "/pa-super/383/0435-01"
      ]
    },
    {
      "cite": "699 A.2d 755",
      "category": "reporters:state_regional",
      "reporter": "A.2d",
      "case_ids": [
        11910420
      ],
      "weight": 4,
      "pin_cites": [
        {
          "page": "762"
        },
        {
          "page": "763"
        }
      ],
      "opinion_index": 0,
      "case_paths": [
        "/a2d/699/0755-01"
      ]
    },
    {
      "cite": "797 A.2d 915",
      "category": "reporters:state_regional",
      "reporter": "A.2d",
      "year": 2002,
      "opinion_index": 0
    },
    {
      "cite": "568 Pa. 723",
      "category": "reporters:state",
      "reporter": "Pa.",
      "year": 2002,
      "opinion_index": 0
    },
    {
      "cite": "783 A.2d 296",
      "category": "reporters:state_regional",
      "reporter": "A.2d",
      "case_ids": [
        9467750
      ],
      "opinion_index": 0,
      "case_paths": [
        "/a2d/783/0296-01"
      ]
    },
    {
      "cite": "832 A.2d 1112",
      "category": "reporters:state_regional",
      "reporter": "A.2d",
      "case_ids": [
        9089128
      ],
      "pin_cites": [
        {
          "page": "1118"
        }
      ],
      "opinion_index": 0,
      "case_paths": [
        "/a2d/832/1112-01"
      ]
    },
    {
      "cite": "616 A.2d 985",
      "category": "reporters:state_regional",
      "reporter": "A.2d",
      "year": 1992,
      "opinion_index": 0
    },
    {
      "cite": "532 Pa. 665",
      "category": "reporters:state",
      "reporter": "Pa.",
      "year": 1992,
      "opinion_index": 0
    },
    {
      "cite": "413 Pa.Super. 308",
      "category": "reporters:state",
      "reporter": "Pa. Super.",
      "case_ids": [
        907974
      ],
      "weight": 2,
      "year": 1992,
      "pin_cites": [
        {
          "page": "376"
        }
      ],
      "opinion_index": 0,
      "case_paths": [
        "/pa-super/413/0308-01"
      ]
    },
    {
      "cite": "798 A.2d 788",
      "category": "reporters:state_regional",
      "reporter": "A.2d",
      "case_ids": [
        9435198
      ],
      "weight": 3,
      "pin_cites": [
        {
          "page": "796"
        }
      ],
      "opinion_index": 0,
      "case_paths": [
        "/a2d/798/0788-01"
      ]
    },
    {
      "cite": "719 A.2d 799",
      "category": "reporters:state_regional",
      "reporter": "A.2d",
      "case_ids": [
        11682218
      ],
      "pin_cites": [
        {
          "page": "806-807"
        }
      ],
      "opinion_index": 0,
      "case_paths": [
        "/a2d/719/0799-01"
      ]
    },
    {
      "cite": "764 A.2d 1070",
      "category": "reporters:state_regional",
      "reporter": "A.2d",
      "year": 2000,
      "opinion_index": 0
    },
    {
      "cite": "564 Pa. 711",
      "category": "reporters:state",
      "reporter": "Pa.",
      "year": 2000,
      "opinion_index": 0
    },
    {
      "cite": "748 A.2d 1235",
      "category": "reporters:state_regional",
      "reporter": "A.2d",
      "case_ids": [
        11462528
      ],
      "pin_cites": [
        {
          "page": "1240-1241"
        }
      ],
      "opinion_index": 0,
      "case_paths": [
        "/a2d/748/1235-01"
      ]
    },
    {
      "cite": "790 A.2d 1012",
      "category": "reporters:state_regional",
      "reporter": "A.2d",
      "year": 2001,
      "opinion_index": 0
    },
    {
      "cite": "567 Pa. 754",
      "category": "reporters:state",
      "reporter": "Pa.",
      "year": 2001,
      "opinion_index": 0
    },
    {
      "cite": "771 A.2d 803",
      "category": "reporters:state_regional",
      "reporter": "A.2d",
      "case_ids": [
        11102141
      ],
      "pin_cites": [
        {
          "page": "813"
        }
      ],
      "opinion_index": 0,
      "case_paths": [
        "/a2d/771/0803-01"
      ]
    },
    {
      "cite": "675 A.2d 1248",
      "category": "reporters:state_regional",
      "reporter": "A.2d",
      "weight": 2,
      "year": 1996,
      "opinion_index": 0
    },
    {
      "cite": "544 Pa. 630",
      "category": "reporters:state",
      "reporter": "Pa.",
      "weight": 2,
      "year": 1996,
      "opinion_index": 0
    },
    {
      "cite": "664 A.2d 102",
      "category": "reporters:state_regional",
      "reporter": "A.2d",
      "case_ids": [
        724025,
        7862471
      ],
      "weight": 2,
      "year": 1995,
      "pin_cites": [
        {
          "page": "105"
        },
        {
          "page": "105"
        }
      ],
      "opinion_index": 0,
      "case_paths": [
        "/pa-super/444/0334-01",
        "/a2d/664/0102-01"
      ]
    },
    {
      "cite": "444 Pa.Super. 334",
      "category": "reporters:state",
      "reporter": "Pa. Super.",
      "case_ids": [
        724025
      ],
      "weight": 2,
      "year": 1995,
      "opinion_index": 0,
      "case_paths": [
        "/pa-super/444/0334-01"
      ]
    },
    {
      "cite": "531 Pa. 160",
      "category": "reporters:state",
      "reporter": "Pa.",
      "case_ids": [
        1834340
      ],
      "weight": 4,
      "year": 1992,
      "pin_cites": [
        {
          "page": "166"
        },
        {
          "page": "1176"
        },
        {
          "page": "165"
        },
        {
          "page": "1176"
        }
      ],
      "opinion_index": 0,
      "case_paths": [
        "/pa/531/0160-01"
      ]
    },
    {
      "cite": "176 A.2d 440",
      "category": "reporters:state_regional",
      "reporter": "A.2d",
      "year": 1962,
      "pin_cites": [
        {
          "page": "445"
        }
      ],
      "opinion_index": 0
    },
    {
      "cite": "405 Pa. 500",
      "category": "reporters:state",
      "reporter": "Pa.",
      "case_ids": [
        1303559
      ],
      "year": 1962,
      "pin_cites": [
        {
          "page": "509"
        }
      ],
      "opinion_index": 0,
      "case_paths": [
        "/pa/405/0500-01"
      ]
    },
    {
      "cite": "640 A.2d 367",
      "category": "reporters:state_regional",
      "reporter": "A.2d",
      "case_ids": [
        7861618,
        1843156,
        1843189,
        7861671
      ],
      "opinion_index": 0,
      "case_paths": [
        "/a2d/640/0367-01",
        "/pa/536/0452-01",
        "/pa/536/0451-01",
        "/a2d/640/0367-02"
      ]
    },
    {
      "cite": "536 Pa. 452",
      "category": "reporters:state",
      "reporter": "Pa.",
      "case_ids": [
        1843156
      ],
      "opinion_index": 0,
      "case_paths": [
        "/pa/536/0452-01"
      ]
    },
    {
      "cite": "406 Pa.Super. 606",
      "category": "reporters:state",
      "reporter": "Pa. Super.",
      "case_ids": [
        898257
      ],
      "weight": 2,
      "year": 1991,
      "pin_cites": [
        {
          "page": "76"
        }
      ],
      "opinion_index": 0,
      "case_paths": [
        "/pa-super/406/0606-01"
      ]
    },
    {
      "cite": "656 A.2d 494",
      "category": "reporters:state_regional",
      "reporter": "A.2d",
      "case_ids": [
        7869729,
        715950
      ],
      "year": 1995,
      "pin_cites": [
        {
          "page": "496-497"
        }
      ],
      "opinion_index": 0,
      "case_paths": [
        "/a2d/656/0494-01",
        "/pa-super/440/0525-01"
      ]
    },
    {
      "cite": "440 Pa.Super. 525",
      "category": "reporters:state",
      "reporter": "Pa. Super.",
      "case_ids": [
        715950
      ],
      "year": 1995,
      "opinion_index": 0,
      "case_paths": [
        "/pa-super/440/0525-01"
      ]
    },
    {
      "cite": "263 Pa.Super. 174",
      "category": "reporters:state",
      "reporter": "Pa. Super.",
      "case_ids": [
        117441
      ],
      "weight": 2,
      "year": 1979,
      "opinion_index": 0,
      "case_paths": [
        "/pa-super/263/0174-01"
      ]
    },
    {
      "cite": "332 Pa.Super. 185",
      "category": "reporters:state",
      "reporter": "Pa. Super.",
      "case_ids": [
        614768
      ],
      "weight": 5,
      "year": 1984,
      "pin_cites": [
        {
          "page": "189"
        },
        {
          "page": "1251"
        },
        {
          "page": "189"
        },
        {
          "page": "1251"
        }
      ],
      "opinion_index": 0,
      "case_paths": [
        "/pa-super/332/0185-01"
      ]
    },
    {
      "cite": "295 Pa.Super. 126",
      "category": "reporters:state",
      "reporter": "Pa. Super.",
      "case_ids": [
        180108
      ],
      "weight": 4,
      "year": 1982,
      "pin_cites": [
        {
          "page": "130-131"
        },
        {
          "page": "383"
        }
      ],
      "opinion_index": 0,
      "case_paths": [
        "/pa-super/295/0126-01"
      ]
    },
    {
      "cite": "337 Pa.Super. 617",
      "category": "reporters:state",
      "reporter": "Pa. Super.",
      "case_ids": [
        623984
      ],
      "weight": 4,
      "year": 1985,
      "pin_cites": [
        {
          "page": "622"
        },
        {
          "page": "434"
        },
        {
          "page": "622"
        },
        {
          "page": "434"
        }
      ],
      "opinion_index": 0,
      "case_paths": [
        "/pa-super/337/0617-01"
      ]
    },
    {
      "cite": "728 A.2d 949",
      "category": "reporters:state_regional",
      "reporter": "A.2d",
      "case_ids": [
        607150,
        11626887
      ],
      "year": 1999,
      "pin_cites": [
        {
          "page": "951"
        }
      ],
      "opinion_index": 1,
      "case_paths": [
        "/pa/556/0422-01",
        "/a2d/728/0949-01"
      ]
    },
    {
      "cite": "556 Pa. 422",
      "category": "reporters:state",
      "reporter": "Pa.",
      "case_ids": [
        607150
      ],
      "year": 1999,
      "pin_cites": [
        {
          "page": "425"
        }
      ],
      "opinion_index": 1,
      "case_paths": [
        "/pa/556/0422-01"
      ]
    },
    {
      "cite": "383 Pa.Super. 435",
      "category": "reporters:state",
      "reporter": "Pa. Super.",
      "case_ids": [
        464419
      ],
      "weight": 5,
      "year": 1989,
      "pin_cites": [
        {
          "parenthetical": "quoting 41 P.S. \u00a7 503"
        },
        {
          "page": "20",
          "parenthetical": "quoting 41 P.S. \u00a7 503"
        },
        {
          "page": "20"
        }
      ],
      "opinion_index": 1,
      "case_paths": [
        "/pa-super/383/0435-01"
      ]
    },
    {
      "cite": "699 A.2d 755",
      "category": "reporters:state_regional",
      "reporter": "A.2d",
      "case_ids": [
        11910420
      ],
      "weight": 3,
      "pin_cites": [
        {
          "page": "763"
        }
      ],
      "opinion_index": 1,
      "case_paths": [
        "/a2d/699/0755-01"
      ]
    }
  ],
  "analysis": {
    "cardinality": 1379,
    "char_count": 33631,
    "ocr_confidence": 0.691,
    "pagerank": {
      "raw": 2.762355144237972e-07,
      "percentile": 0.8336706116843106
    },
    "sha256": "e8c96ab5d488e82e0a2d33814c7b38c70f403c859d8f6001e14d405675b364ef",
    "simhash": "1:8dbff70c2e072c7c",
    "word_count": 5521
  },
  "last_updated": "2024-02-27T22:53:59.853125+00:00",
  "provenance": {
    "date_added": "2019-08-29",
    "source": "Harvard",
    "batch": "2018"
  },
  "casebody": {
    "judges": [
      "Before: TODD, KELLY, JJ., and McEWEN, P.J.E."
    ],
    "parties": [
      "Jennifer NEAL v. BAVARIAN MOTORS, INC., Aded Benaleou and Ashir Benaleou, MFN Financial Corporation, Mercury Finance Company, LLC, & Consumer Portfolio Services Appeal of MFN Financial Corporation, Mercury Finance Company, LLC & Consumer Portfolio Services. Jennifer Neal v. Bavarian Motors, Inc., and MFN Financial Corporation, Mercury Finance Company, LLC, & Consumer Portfolio Services Appeal of: Bavarian Motors, Inc."
    ],
    "opinions": [
      {
        "text": "McEWEN, P.J.E.:\n\u00b6 1 These consolidated appeals have been brought from the judgment that was entered in favor of Jennifer Neal (plaintiff below), in her action against appellants that was founded upon the sale to her of a stolen car under the guise of a legitimate business transaction. Appellants at Appeal No. 2438 EDA 2004 are MFN Financial Corporation, Mercury Finance Company, LLC, and Consumer Portfolio Services (hereinafter referred to as \u201cMercury\u201d). Appellant at Appeal No. 2439 EDA 2004 is Bavarian Motors, Inc. (hereinafter referred to as \u201cBavarian Motors\u201d). We affirm in part and reverse in part.\n\u00b62 The distinguished Judge Mary D. Colins, who presided over the jury trial in this case, has provided this Court with the following summary of the facts and procedural history of this matter:\nIn January 2001, Bavarian Motors sold a vehicle to plaintiff that it either knew or should have known was stolen. The car was financed through Mercury, a third party lender. Plaintiff made timely payments but never received permanent registration or title from the defendants [appellants]. In September 2002, plaintiff was contacted by the Pennsylvania State Police and informed that the car that she had purchased from Bavarian Motors was a stolen vehicle. The police subsequently impounded the vehicle.\nPlaintiff Jennifer Neal filed suit on October 18, 2002, against [appellants] with the following claims: breach of contract, violation of Pennsylvania\u2019s Unfair Trade Practices and Consumer Protection Law (\u201cUTPCPL\u201d) (73 P.S. \u00a7 201 \u2014 9.2(a)); breach of warranty of title (13 Pa.C.S. \u00a7 2312(a)); fraud, misrepresentation and violation of the Pennsylvania Motor Vehicle Sales Finance Act.\nThe case was tried before a jury and resulted in a verdict for plaintiff on May 13, 2004. The jury awarded plaintiff total damages in the amount of $31,000. -The jury found Bavarian Motors liable to plaintiff for $1[7],000.00 and Mercury liable to plaintiff for $14,000.00. Bavarian Motors was found liable on six counts: breach of contract, violations of UTPCPL, breach of warranty [under Pa.C.S. \u00a7 2312(a)], fraud, misrepresentation and violation of the PA Motor Vehicle Sales Finance. Act. [Mercury was found liable on four counts: breach of contract, violations of the UTPCPL, breach of warranty under Pa.C.S. \u00a7 2312(a), and violation of the PA Motor Vehicle Sales Finance Act.] The jury made special findings that attributed $2,854.66 of Bavarian Motor\u2019s total liability of $17,000 to violations of the UTPCPL and $1,000 of Mercury\u2019s total liability of $14,000 to violations of the UTPCPL.\nOn May 24, 2004, the plaintiff filed a motion to mold the verdict to list all parties\u2019 names in the final verdict. In addition, plaintiff filed a motion for treble damages, attorney fees and costs pursuant to the provision of the UTPCPL. Defendants filed a motion for remittitur of damages on June 14, 2004. [The trial court] granted plaintiffs motion to mold the verdict to list all parties\u2019 names as to the Mercury defendants, but denied plaintiffs motion as to the Bavarian Motors defendants [which excluded the personal liability of the individuals employed by Bavarian Motors]. [The trial court] ordered that the verdict be remitted to $17,869.48 to conform to the evidence. Additionally, [the trial court] added the following sums to the jury\u2019s verdict pursuant to UTPCPL: damages in the amount of $1,000, ... were trebled to $3,000.00; (2) damages in the amount of $2,854.66 ... were trebled to $8,563.98; (3) plaintiffs counsel fees, in the amount of $42,599.50 were granted; and (4) costs in the amount of $4,500.00 were granted. Thus the post-verdict award for the plaintiff totaled $70,678.30 [sic].\nSlip Opinion, September 28, 2004, at pp. 1-3. Judgment was thereafter entered, and these appeals followed.\n\u00b6 3 In the appeal at No. 2438 EDA 2004, Mercury sets out the following questions for our review:\nWhether the trial court abused its discretion or committed and error of law in its calculation of damages and imposition of joint and several liability?\nWhether the trial court abused its discretion by failing to fully remit damages?\nWhether the trial court abused its discretion or committed an error of law in its award of attorney fees, costs and treble damages under the Unfair Trade Practices and Consumer Protection Law (UTPCPL)?\nIn the appeal at No. 2439 EDA 2004, the questions raised by Bavarian Motors are as follows:\nWhether the trial court abused its discretion by failing to fully remit damages?\nWhether the trial court abused its discretion or committed an error of law in its award of attorney fees and costs under the Unfair Trade Practices and Consumer Protection Law (UTPCPL)?\nGiven the identical procedural history of these two appeals, and the commonality of two of the questions raised by the respective appellants, we have elected to consolidate these appeals for purposes of disposition.\n\u00b6 4 Mercury first claims that the trial judge erred in molding the verdict to impose joint and several liability upon it and Bavarian Motors. The basis for imposing joint and several liability is recited in the Restatement (Second) of Torts as follows:\n(1) Damages for harm are to be apportioned among two or more causes where\n(a) there are distinct harms, or\n(b) there is a reasonable basis for determining the contribution of each cause to a single harm.\n(2) Damages for any other harm cannot be apportioned among two or more causes.\nRestatement (Second) of Torts \u00a7 43BA.\nIf the tortious conduct of each of two or more persons is a legal cause of harm that cannot be apportioned, each is subject to liability for the entire harm, irrespective of whether their conduct is concurring or consecutive.\nRestatement (Second) of Torts \u00a7 879. These concise statements of the law have been adopted into the jurisprudence of Pennsylvania, and the law governing the assessment of liability between or among multiple tortfeasors was well summarized by our former colleague, the eminent Justice Thomas G. Saylor, when he wrote:\n\u201cWhether liability for harm to a plaintiff is capable of apportionment is a question of law for the court, not a question of fact for the jury.\u201d Harka v. Nabati, 337 Pa.Super. 617, 622, 487 A.2d 432, 434 (1985), quoting Voyles v. Corwin, 295 Pa.Super. 126, 441 A.2d 381 (1982). In determining whether the harm to a plaintiff is capable of apportionment, that is, whether the defendants are separate or joint tortfeasors, courts consider several factors:\nthe identity of a cause of action against each of two or more defendants; the existence of a common, or like duty; whether the same evidence will support an action against each; the single, indivisible nature of the injury to the plaintiffs; identity of the facts as to time, place or result; whether the injury is direct and immediate, rather than consequential; responsibility of the defendants for the same injuria as distinguished from the same damnum.\nVoyles v. Corwin, 295 Pa.Super. at 130-131, 441 A.2d at 383 (1982) and Harka v. Nabati 337 Pa.Super. at 622, 487 A.2d at 434 (1985), both citing Prosser, Law of Torts, \u00a7 46 n. 2 (4th Ed. 1971).\n\u201cIf two or more causes combine to produce a single harm which is incapable of being divided on any logical, reasonable, or practical basis, and each cause is a substantial factor in bringing about the harm, an arbitrary apportionment should not be made.\u201d Capone v. Donovan, 332 Pa.Super. 185, 189, 480 A.2d 1249, 1251 (1984), citing Restatement (Second) of Torts \u00a7 433A, citing Comment i (1977) and Prosser, Law of Torts \u00a7 47 (1941). \u201cMost personal injuries are by their very nature incapable of division.\u201d Id.\n\u201cIf the tortious conduct of two or more persons causes a single harm which cannot be apportioned, the actors are joint tortfeasors even though they may have acted independently.\u201d Capone v. Donovan, 332 Pa.Super. at 189, 480 A.2d at 1251 (1984), citing Restatement (Second) of Torts \u00a7 879 (1977). Joint tortfeasors are:\n\u201c...two or more persons jointly or severally liable in tort for the same injury to persons or property, whether or not judgment has been recovered against all or some of them.\u201d 12 P.S. \u00a7 2082. In Black\u2019s Law Dictionary, to be a joint tortfeasor, \u201cthe parties must either act together in committing the wrong, or their acts, if independent of each other, must unite in causing a single injury.\u201d 4th Ed. (1968) page 1661. A joint tort is defined as \u201cwhere two or more persons owe to another the same duty and by their common neglect such other is injured ...\u201d Id. at 973.\nLasprogata v. Qualls, 263 Pa.Super. 174, 179 n. 4, 397 A.2d 803, 805 n. 4 (1979).\nSmith v. Pulcinella, 440 Pa.Super. 525, 656 A.2d 494, 496-497 (1995). In this case Mercury and Bavarian Motors, as amply demonstrated by the record, acted in concert to facilitate the sale of this stolen vehicle to plaintiff. Regardless of whether Mercury\u2019s actions were less culpable than that of Bavarian Motors, the inexcusable failure of Mercury to comply with required procedures in financing a vehicle contributed to the harm suffered-by the plaintiff. Thus, we detect no error in the decision of the trial court to impose joint and several liability.\n\u00b6 5 Next, both appellants contend that the trial court erred when it refused to grant a greater remittitur of the verdict so as to account for a \u201cuse of vehicle\u201d offset for the value of the use of the vehicle by plaintiff during the time she possessed and used the car \u2014 a period of approximately twenty months. The trial judge, in granting appellants\u2019 post trial request for remittitur, computed the damages as being composed of the $16,283.13 purchase price plus the cost of $1,586.35 in accessories that plaintiff had added to the vehicle, and thereby remitted the jury verdict of $31,000.00 to $17,869.48. Appellants contend that the trial judge erred in using the full purchase price of the vehicle and should have used a depreciated value based upon the testimony that was elicited from plaintiffs expert on cross-examination.\n\u00b6 6 The law on remittitur was aptly summarized by our venerable deceased President Judge Emeritus William F. Cercone, when he wrote:\n\u201cA remittitur should fix the highest amount any jury could properly award, giving due weight to all the evidence offered.\u201d Cashdollar v. Mercy Hospital of Pittsburgh, 406 Pa.Super. 606, 595 A.2d 70, 76 (1991). Therefore, the correct question on review is whether the award of damages \u201cfalls within the uncertain limits \"of fair and reasonable compensation or whether the verdict so shocks the sense of justice as to suggest that the jury was influenced by partiality, prejudice, mistake, or corruption.\u201d Haines v. Raven Arms, supra, [536 Pa. 452, 640 A.2d 367], (citing Carminati v. Philadelphia Transp. Co., 405 Pa. 500, 509, 176 A.2d 440, 445 (1962)). On appeal, the Superior Court is not free to substitute its judgment for that of the fact finder. Botek v. Mine Safety Appliance Corp., 531 Pa. 160, 166, 611 A.2d 1174, 1176 (1992). Rather, it is our task to determine whether the post-trial motions judge committed a \u201cclear\u201d or \u201cgross\u201d abuse of discretion when conducting its initial evaluation of a defendant\u2019s request for remittitur. Id. at 165, 611 A.2d at 1176.\nDoe v. Raezer, 444 Pa.Super. 334, 664 A.2d 102, 105 (1995), appeal denied, 544 Pa. 630, 675 A.2d 1248 (1996). Accord: Bindschusz v. Phillips, 771 A.2d 803, 813 (Pa.Super.2001), appeal denied, 567 Pa. 754, 790 A.2d 1012 (2001); Gunn v. Grossman, 748 A.2d 1235, 1240-1241 (Pa.Super.2000), appeal denied, 564 Pa. 711, 764 A.2d 1070 (2000); Petrasovits v. Kleiner, 719 A.2d 799, 806-807 (Pa.Super.1998).\n\u00b6 7 Consequently, if there is evidence in the record to support the award of the trial court, then this Court is not free to substitute its judgment by altering the award. Therefore, since it was within the purview of the jury to reject the testimony of the expert as to the amount of any suggested offset, and since the decision of the trial judge has a solid evidentiary foundation that comports with the mandate that \u201c[a] remittitur should fix the highest amount any jury could properly award,\u201d we find no basis upon which to disagree with the remitted amount chosen by the trial judge.\n\u00b6 8 Appellants further claim that the trial court erred in its decision to award treble damages, costs, and legal fees to plaintiff under the UTPCPL. In considering this contention, we are mindful that we may not disturb a trial judge\u2019s assessment of these amounts unless there has been an abuse of discretion. Skurnowicz v. Lucci, 798 A.2d 788, 796 (Pa.Super.2002).\n\u00b6 9 The general purpose of the UTPCPL is to protect the public from fraud and unfair or deceptive business practices. Pirozzi v. Penske Olds-Cadillac-GMC, Inc., 413 Pa.Super. 308, 605 A.2d 373, 376, appeal denied, 532 Pa. 665, 616 A.2d 985 (1992). The UTPCPL, by virtue of the following language, authorizes the trial judge to grant a successful litigant an award for additional damages, reasonable attorney fees, and costs:\nAny person who purchases or leases goods or services primarily for personal, family or household purposes and thereby suffers any ascertainable loss of money or property, real or personal, as a result of the use or employment by any person of a method, act or practice declared unlawful by section 3 of this act, may bring a private action to recover actual damages or one hundred dollars ($ 100), whichever is greater. The court may, in its discretion, award up to three times the actual damages sustained, but not less than one hundred dollars ($ 100), and may provide such additional relief as it deems necessary or proper. The court may award to the plaintiff, in addition to other relief provided in this section, costs and reasonable attorney fees.\n73 P.S. \u00a7 201 \u2014 9.2(a).\n\u00b6 10 We need not tarry long with the challenge to the award of treble damages since the argument offered consists of but two short paragraphs in appellant Mercury\u2019s brief, and is unsupported by any development or citation to relevant authority. Consequently, we may dismiss this challenge on grounds of waiver. See: Connor v. Crozer Keystone Health System, 832 A.2d 1112, 1118 (Pa.Super.2003). Even if we were to address it, however, we would find no basis upon which to award relief, since any violation of the UTPCPL empowers the trial judge to consider the additional remedies provided thereunder, and on this record, where the conduct of the appellants was egregious and their liability clear, we detect no abuse of discretion in the decision of the trial judge to award treble damages. See: Stokes v. Gary Barbera Enterprises, Inc., 783 A.2d 296 (Pa.Super.2001), appeal denied, 568 Pa. 723, 797 A.2d 915 (2002).\n\u00b6 11 Appellants, in their challenge to the award of litigation costs, argue that the trial judge erred in failing to itemize the award to appellees of the sum of $4,500.00 for costs. The trial judge, in ruling upon the parties\u2019 post-trial motions, provided the following explanation for her choice of an appropriate amount to be paid by appellants toward the reimbursement of those costs:\nThe plaintiff is seeking to recover $9,326.31 in costs, which are totaled through May 21, 2004. Plaintiff has provided a list of expenses. Of that total, $7,172.50 is attributed to plaintiffs expert witness. The Court finds that the expert\u2019s fee is excessive and awards costs in the amount of $4,500.00.\nSlip Opinion, July 28, 2004, 2004, p. 13. It is clear from this explanation that the trial judge awarded plaintiff partial reimbursement for the cost of hiring an expert, while denying plaintiffs request for certain other costs. Since appellants do not dispute the fact that the retention of an expert (who prepared a pretrial report and testified at trial) was necessary, we find no basis on which to conclude that the trial judge abused her discretion in awarding partial reimbursement for the cost of that expert.\n\u00b6 12 Finally, appellants contend that the trial court erred in awarding plaintiff the full amount of her claim for attorney fees, namely, $42,599.50. The law relevant to determining attorney fees under the UTPCPL was well stated by our esteemed colleague Judge Joseph A. Hudock in Sewak v. Lockhart, 699 A.2d 755 (Pa.Super.1997):\nIn a case involving a lawsuit which in-elude[s] claims under the UTPCPL ... the following factors should be considered when assessing the reasonableness of counsel fees:\n(1) The time and labor required, the novelty and difficulty of the questions involved and the skill requisite properly to conduct the case; (2) The customary charges of the members of the bar for similar services; (3) The amount involved in the controversy and the benefits resulting to the clients from the services; and (4) The contingency or certainty of the compensation.\nId. at 762, citing Croft v. P. & W. Foreign Car Service, 383 Pa.Super. 435, 557 A.2d 18, 20 (1989).\n\u00b6 13 Subsequently, in McCauslin v. Reliance Finance Company, 751 A.2d 683, 685 (Pa.Super.2000), this Court held that prior to awarding counsel fees to a plaintiff on a UTPCPL claim, the defendant must have \u201ca fair opportunity to address\u201d the legitimacy of the claim. In remanding the case for further proceedings this Court made the following observations: (1) there should be \u201ca sense of proportionality between an award of damages [under the UTPCPL] and an award of attorney\u2019s fees,\u201d and (2) whether plaintiff has pursued other theories of recovery in addition to a UTPCPL claim \u201cshould [be] given consideration\u201d in arriving at an appropriate award of fees. Id. at 685-686. See also: Skurnowicz v. Lucci, supra.\n\u00b6 14 While the multiple of UTPCPL damages to the attorney fee award is clearly beyond that which was present in McCauslin, supra, we do not find that it is inappropriate under the facts of this case, nor do we find it precluded by the reasoning of that case. The Court in McCauslin did not mandate a proportion that would be the limit of acceptability, but only suggested that there be a \u201csense of proportionality\u201d between the two amounts. Nor would it have been appropriate for this Court to fix a proportionate amount that would define the limit of recoverable fees, since the General Assembly specifically chose not to include such a factor in the statute. Therefore, we do not accept appellants\u2019 argument that the award of counsel fees in this case is reversible solely on the basis that the total of the award is disproportionate to the amount of the UTPCPL recovery.\n\u00b6 15 We do, however, find merit in the argument that a court in awarding attorney fees under the UTPCPL must link the attorney fee award to the amount of damages a plaintiff sustained under that Act, and eliminate from the award of attorney fees the efforts of counsel to recover on non-UTPCPL theories. As this Court stated in McCauslin, supra, 751 A.2d at 685, there is \u201cno statutory authority for awarding attorney\u2019s fees for time spent pursuing [non-UTPCPL] counts\u201d \u2014 a view previously expressed by this Court in Croft v. P. & W. Foreign Car Service, supra, 557 A.2d at 20 (\u201can effort should be made to apportion the time spent by counsel on the distinct causes of action\u201d). Moreover, the wisdom of that view is apparent under the facts of this case, where plaintiff initiated this case by filing a complaint containing six separate causes of action, only one of which was pleaded under the UTPCPL, the case thereafter proceeded through all pretrial and trial stages with each of these causes of action extant, and the jury was ultimately instructed on each count and required to separately deliberate each count. The jury performed its function in a diligent manner, and thereafter returned a verdict that specifically allocated the ver-diet between damages under the UTPCPL and damages under the other theories of relief. Thus the decision by plaintiff to proceed against defendants under multiple theories, while defensible as a strategy, substantially added to the complexity of this case, and required counsel for all parties to prepare for and be acquainted with questions of law that would arise under each theory. At all times, through to the jury charging conference at which trial judge finalized the proposed instructions to the jury, plaintiff had the option of withdrawing individual counts, and proceeding on her UTPCPL count alone. Having chosen not to do so, and given the well established rule in Pennsylvania that, absent special circumstances, litigants bear them own attorney fees, to permit plaintiff to recover counsel fees for all of the counts upon which she recovered damages, would not only be inequitable, but would be contrary to the law.\n\u00b6 16 Therefore, we are obliged to vacate the award of attorney fees, and remand this case to the trial court for a re-eompu-tation of that award.\n\u00b6 17 Judgment affirmed in part and reversed in part. Case remanded for proceedings consistent with this Opinion. Jurisdiction relinquished.\n\u00b6 18 KELLY, J., Files a Concurring Statement.\n. The respective questions have been set forth in the order we have chosen to address them.\n. It bears remarking that this matter was filed and tried prior to the amendments to 42 Pa. C.S. \u00a7 7102, which altered the manner in which joint and several liability is assessed against multiple defendants. See: 42 Pa.C.S. \u00a7 7102(b.l), Act of July 15, 2004, P.L. 736, No. 87, \u00a7 5.\n. On cross examination plaintiff's expert had testified that the value of the vehicle had depreciated over the time it was in the possession of the plaintiff, and that plaintiff had derived a \u201ctransportation value\u201d from having control of the vehicle for the time period prior to it being seized by the police. See: N.T. May 12, 2004, pp. 21-29.\n.The law is well settled that\n[a] jury is entitled to believe all, part, or none of the evidence presented. Rafter v. Raymark Industries, Inc., 429 Pa.Super. 360, 632 A.2d 897 (1993). A jury can believe any part of a witness\u2019 testimony that they choose, and may disregard any portion of the testimony that they disbelieve. Mitzelfelt v. Kamrin, 526 Pa. 54, 584 A.2d 888 (1990). Credibility determinations are for the jury. Sundlun v. Shoemaker, 421 Pa.Super. 353, 617 A.2d 1330 (1992).\nRandt v. Abex Corp., 448 Pa.Super. 224, 671 A.2d 228, 233 (1996).\n. Doe v. Raezer, 444 Pa.Super. 334, 664 A.2d 102, 105 (1995), appeal denied, 544 Pa. 630, 675 A.2d 1248 (1996).\n. Appellants do not contest the finding of the jury that they were in fact culpable for violating the UTPCPL, only that the discretionary decision of the trial judge in assessing these additional amounts was excessive.\n. In Sewak v. Lockhart, 699 A.2d 755 (Pa.Super.1997), this Court affirmed, as being within the discretion of the trial court, the computation of a reasonable assessment for attorney\u2019s fees, and rejected the prevailing plaintiffs' claim that the award should have been greater. The trial court had concluded that \u201c[biased on (1) [its] familiarity with customary charges of Bucks County attorneys for similar cases, (2) on the simplicity of the facts of the case and the legal issues presented, and (3) the $5,000 amount in controversy, ... the fair and reasonable attorney's fees in this case were $5,000.00.\u201d Id. at 763. Subsequently, this Court reversed a trial court grant of attorney fees to a prevailing UTPCPL plaintiff on the grounds that the trial court had not considered the four factor Sewak test and other considerations set out in McCauslin v. Reliance Finance Company, 751 A.2d 683 (Pa.Super.2000). See: Skurnowicz v. Lucci, 798 A.2d 788 (Pa.Super.2002).\n. As noted above, the jury in this case specifically allocated that portion of the verdict which was attributable to the co-defendants\u2019 violations of the UTPCPL, from that portion of the verdict which was attributable to their liability under other legal theories: the amount of assessed UTPCPL damages against Mercury was $1,000.00, and the amount of assessed UTPCPL damages against Bavarian Motors was $2,854.66. Since the responsibility for the payment of the counsel fees in the amount of $42,599.50 was made \u201cjoint and several,\u201d the validity of which we have already discussed, the mathematical relationship between the award of counsel fees and the award of liability under the UTPCPL must be computed by totaling the two UPTCPL awards, i.e., a sum of $3,854.66, so that the UTPCPL counsel fee award was approximately 11.5 times the amount of the UTPCPL jury award (and 3.5 times the amount of the trebled award of $11,563.98).\n.By contrast, the General Assembly did specify a multiple of three as the outside limit of \"punitive\u201d damages.\n. To cite but one example, the attorneys for each side were required to prepare proposed jury instructions on each theory that was to be presented to the jury.\n. \u201c[T|here can be no recovery of attorneys' fees from an adverse party, absent an express statutory authorization, a clear agreement by the parties or some other established exception.\u201d Merlino v. Delaware County, 556 Pa. 422, 425, 728 A.2d 949, 951 (1999). See generally: Berg v. Georgetown Builders, Inc., 822 A.2d 810 (Pa.Super.2003).\n. In remanding this case to the trial court for the re-computation of the award of attorney fees, we are cognizant of the difficulties that will face the parties and the trial judge. It seems, however, that since the jury's award of UTPCPL damages in the aggregate amount of $3,854.66 represented 21.6% of the presently adjusted remitted verdict on all counts of $17,869.48, it would not be unreasonable for the judge on remand to apply that percentage to the plaintiff's request for attorney fees. As the trial judge reflects upon the appropriate sum to be awarded as UTPCPL counsel fees, the trial judge would wisely review the attorney-client compensation agreement between plaintiff and her counsel. That agreement does not appear to have been presented to the trial judge in counsel\u2019s motion for attorney fees (a conclusion drawn from the fact that it does not appear in the certified record), but has been included in the reproduced record which plaintiff assembled and submitted to this Court. We also suggest a review of the fee agreement, since we are concerned with the fact that the agreement contains (1) both an hourly and a contingent method of calculating fees, and (2) a condition that \u201cto the extent that the Court award our attorneys' fees in an amount less than our total billable hours and fee arrangement, the remainder of our fee will be payable by you out of the proceeds of your recovery.\u201d\nThe Pennsylvania Rules of Professional Conduct provide in relevant part:\nA lawyer shall not enter into an agreement for, charge, or collect an illegal or clearly excessive fee. The factors to be considered in determining the propriety of a fee include the following:\n(1) whether the fee is fixed or contingent.] Pa.R.P.C. 1.5(a)(1). The absence of any provision in the Rules for \"hybrid\u201d agreements suggests that such agreements, while perhaps permissible, should be closely scrutinized. Moreover, the trial judge shall decide whether any part of the plaintiff\u2019s UTPCPL recovery, including the trebled damages, can be accessed for the payment of any counsel fees beyond the amount of counsel fees specifically awarded under the UTPCPL.\n. We take judicial notice of the fact that the original trial judge, the learned Judge Mary D. Collins, is no longer presiding as a judge of the Court of Common Pleas of Philadelphia. This case, therefore, shall be remanded to the President Judge of that court for reassignment.",
        "type": "majority",
        "author": "McEWEN, P.J.E.:"
      },
      {
        "text": "KELLY, J.,\nConcurring.\n\u00b6 1 I join the well-reasoned and thorough majority opinion, but I write separately because I disagree with my esteemed colleagues\u2019 recommendation that attorney fees should be directly proportional to the percentage of UTPCPL-relat-ed damages from the whole. Instead, I would emphasize that determining the amount of UTPCPL-related attorney fees is very fact-specific and should be assessed on a case-by-case basis. Furthermore, because Appellees were awarded treble damages based on Appellants\u2019 UTPCPL violations, I would suggest these treble damages should also be taken into consideration in awarding additional attorney fees.\n\u00b6 2 As the majority aptly notes, in assessing attorney fees, a court may consider:\n(1) The time and labor required, the novelty and difficulty of the questions involved and the skill requisite [] to conduct the case [properly]; (2) The customary charges of the members of the bar for similar services; (3) The amount involved in the controversy and the benefits resulting to the client or clients from the services[;] and (4) The contingency or certainty of the compensation.\nCroft v. P & W Foreign Car Service, Inc., 383 Pa.Super. 435, 557 A.2d 18, 20 (1989) (quoting 41 P.S. \u00a7 503). However, the Croft Court also noted apportioning UTPCPL-related damages \u201cmay prove difficult given that these claims are based on a common core of facts and related legal theories.\u201d Id. Recognizing this difficulty, this Court remanded because the trial court used the jury award as a cap on attorney fees instead of investigating the reasonableness of the fees in light of the aforementioned elements. Id.\n\u00b6 3 Similarly, in Sewak v. Lockhart, 699 A.2d 755 (Pa.Super.1997), this Court affirmed the trial court\u2019s award of $5,000 in attorney fees, even though the claimed fees exceeded $22,000. The trial court followed the test in Croft, noting \u201cthe time and labor required was not considerable, and that no novel or difficult legal issues were presented ... [and] Buyers\u2019 counsel spent unnecessary time researching the admissibility of a summary offense.\u201d Id. at 763. The trial court also had \u201cfamiliarity with customary charges of Bucks County attorneys for similar cases\u201d and found $180 an hour to be excessive. Id. Thus, in both Croft and Sewak, this Court refused to award attorney fees based on the percentage of UTPCPL damages as distinguished from the total damage award.\n\u00b6 4 In the instant case, the trial court was provided with Appellee\u2019s itemized billed hours and the Community Legal Services Attorney Fees Schedule of Hourly Rates. The trial court was also provided with verifications of qualifications from Appellee\u2019s counsel. The trial court was not provided with the original fee agreement, although it was included for us in the reproduced record. The trial court\u2019s justification for awarding $42,599.50 in attorney fees was based on the fact that Appellants refused to refund the money and insisted on continuing in court. While this finding would undoubtedly increase the hours Appellee\u2019s counsel worked on the case in pursuing UTPCPL-related damages, there is no mention of any statutory exception or agreement by the parties to justify awarding the full amount of attorney fees. See Merlino v. Delaware County, 556 Pa. 422, 425, 728 A.2d 949, 951 (1999). Therefore, the trial court must still separate UTPCPL from non-UTPCPL billed hours.\n\u00b6 5 The majority states that since the UTPCPL damages represent 21.6% of the adjusted remitted verdict, \u201cit would not be unreasonable for the judge on remand to apply that percentage to the plaintiff\u2019s request for attorney fees.\u201d (Majority Opinion at 16 n. 12). Because of the similarity of strategies between UTPCPL and non-UTPCPL damages, however, it may be inherently difficult to separate attorney fees based on a strict percentage because research was undoubtedly performed by counsel in support of multiple theories. Thus, I believe awarding UTPCPL attorney fees based on a strict percentage would not accurately reflect the amount of time spent actually pursuing UTPCPL-re-lated theories. See Croft, supra at 20.\n\u00b6 6 In its reassessment of the attorney fees, I would instruct the trial court to take into consideration the information provided to it by Appellee, including the original fee agreement. The trial court should be especially mindful that research performed by counsel supported multiple legal theories. The fact that Appellee was awarded treble damages would also suggest the award of attorney fees should increase accordingly.\n\u00b6 7 On a further note, I agree the \u201chybrid agreement\u201d should be scrutinized. (See Majority Opinion at 1033 n. 12). I would further advise the trial court to inquire as to whether Appellee\u2019s counsel would be willing to withdraw the 10% recovery contingency in lieu of receiving the hourly rate. In determining Appellee\u2019s counsels\u2019 rate per hour \u201creasonable for an experienced law attorney with [six] to [ten] years of experience,\u201d the trial court makes no mention of the 10% contingency added to the billable hours. (See Trial Court Opinion, filed September 28, 2004, at 4). Had the trial court been aware of such a contingency, the hourly rate may not have seemed as reasonable.\n\u00b6 8 In all other respects, I join the majority opinion.\n. I note, however, that the date of the schedule took effect on November 18, 2003, while Appellee's billable hours began in July, 2002.",
        "type": "concurrence",
        "author": "KELLY, J.,"
      }
    ],
    "attorneys": [
      "Reid R. Coppock, Exton, for MFN, Mercury & Consumer Portfolio.",
      "Cary L. Flitter, Narberth, for Neal.",
      "Andrew G. Gay, Philadelphia, for Bavarian Motors, Inc. and Benaleou."
    ],
    "corrections": "",
    "head_matter": "Jennifer NEAL v. BAVARIAN MOTORS, INC., Aded Benaleou and Ashir Benaleou, MFN Financial Corporation, Mercury Finance Company, LLC, & Consumer Portfolio Services Appeal of MFN Financial Corporation, Mercury Finance Company, LLC & Consumer Portfolio Services. Jennifer Neal v. Bavarian Motors, Inc., and MFN Financial Corporation, Mercury Finance Company, LLC, & Consumer Portfolio Services Appeal of: Bavarian Motors, Inc.\nSuperior Court of Pennsylvania.\nArgued March 16, 2005.\nFiled Sept. 2, 2005.\nReid R. Coppock, Exton, for MFN, Mercury & Consumer Portfolio.\nCary L. Flitter, Narberth, for Neal.\nAndrew G. Gay, Philadelphia, for Bavarian Motors, Inc. and Benaleou.\nBefore: TODD, KELLY, JJ., and McEWEN, P.J.E."
  },
  "file_name": "1022-01",
  "first_page_order": 1040,
  "last_page_order": 1052
}
