{
  "id": 12491433,
  "name": "IN RE: C.W.",
  "name_abbreviation": "In re C.W.",
  "decision_date": "2017-11-17",
  "docket_number": "Pet. Docket No. 253, Sept. Term, 2017",
  "first_page": "157",
  "last_page": "157",
  "citations": [
    {
      "type": "official",
      "cite": "173 A.3d 157"
    },
    {
      "type": "parallel",
      "cite": "456 Md. 260"
    }
  ],
  "court": {
    "name_abbreviation": "Md. App. Ct.",
    "id": 25266,
    "name": "Court of Appeals of Maryland"
  },
  "jurisdiction": {
    "id": 50,
    "name_long": "Maryland",
    "name": "Md."
  },
  "cites_to": [],
  "analysis": {
    "cardinality": 21,
    "char_count": 139,
    "sha256": "a0e49d44180ca32c65ffba51e4512b2e557f32072a105cc3e629b2a218b66c61",
    "simhash": "1:fbfa02bdce1dc705",
    "word_count": 24
  },
  "last_updated": "2021-08-27T20:57:28.835885+00:00",
  "provenance": {
    "date_added": "2021-08-27",
    "source": "Fastcase",
    "batch": "2021"
  },
  "casebody": {
    "judges": [],
    "parties": [
      "IN RE: C.W."
    ],
    "opinions": [
      {
        "text": "",
        "type": "majority",
        "author": null
      }
    ],
    "attorneys": [
      "Petition for writ of certiorari denied."
    ],
    "corrections": "",
    "head_matter": "IN RE: C.W.\nPet. Docket No. 253, Sept. Term, 2017\nCourt of Appeals of Maryland.\nNovember 17, 2017\nPetition for writ of certiorari denied."
  },
  "file_name": "0157-04",
  "first_page_order": 157,
  "last_page_order": 157
}
