{
  "id": 12491522,
  "name": "STATE of Connecticut v. Pawel SIENKIEWICZ",
  "name_abbreviation": "State v. Sienkiewicz",
  "decision_date": "2017-11-07",
  "docket_number": "AC 39051",
  "first_page": "955",
  "last_page": "959",
  "citations": [
    {
      "type": "official",
      "cite": "173 A.3d 955"
    },
    {
      "type": "parallel",
      "cite": "177 Conn. App. 863"
    }
  ],
  "court": {
    "name_abbreviation": "Conn. App. Ct.",
    "id": 8801,
    "name": "Connecticut Appellate Court"
  },
  "jurisdiction": {
    "id": 2,
    "name_long": "Connecticut",
    "name": "Conn."
  },
  "cites_to": [
    {
      "cite": "2016 WL 901567",
      "category": "reporters:specialty_west",
      "reporter": "WL",
      "year": 2016,
      "opinion_index": 0
    },
    {
      "cite": "400 Fed.Appx. 599",
      "category": "reporters:federal",
      "reporter": "Fed. Appx.",
      "year": 2010,
      "pin_cites": [
        {
          "page": "599-600"
        }
      ],
      "opinion_index": 0
    },
    {
      "cite": "2009 WL 3713235",
      "category": "reporters:specialty_west",
      "reporter": "WL",
      "weight": 2,
      "year": 2009,
      "pin_cites": [
        {
          "page": "*1"
        }
      ],
      "opinion_index": 0
    },
    {
      "cite": "326 Conn. 206",
      "category": "reporters:state",
      "reporter": "Conn.",
      "case_ids": [
        12489840
      ],
      "weight": 4,
      "year": 2017,
      "opinion_index": 0,
      "case_paths": [
        "/a3d/162-2/0692-01"
      ]
    },
    {
      "cite": "901 A.2d 1194",
      "category": "reporters:state_regional",
      "reporter": "A.2d",
      "weight": 2,
      "year": 2006,
      "opinion_index": 0
    },
    {
      "cite": "279 Conn. 293",
      "category": "reporters:state",
      "reporter": "Conn.",
      "case_ids": [
        3668678
      ],
      "year": 2006,
      "opinion_index": 0,
      "case_paths": [
        "/conn/279/0293-01"
      ]
    },
    {
      "cite": "57 A.3d 366",
      "category": "reporters:state_regional",
      "reporter": "A.3d",
      "year": 2012,
      "pin_cites": [
        {
          "parenthetical": "ineffective assistance of counsel claim regarding possible immigration consequences would have been more appropriately raised in habeas corpus proceeding, even though facts did not indicate that removal proceedings had been initiated"
        }
      ],
      "opinion_index": 0
    },
    {
      "cite": "139 Conn. App. 308",
      "category": "reporters:state",
      "reporter": "Conn. App.",
      "case_ids": [
        6778821
      ],
      "year": 2012,
      "pin_cites": [
        {
          "page": "318",
          "parenthetical": "ineffective assistance of counsel claim regarding possible immigration consequences would have been more appropriately raised in habeas corpus proceeding, even though facts did not indicate that removal proceedings had been initiated"
        }
      ],
      "opinion_index": 0,
      "case_paths": [
        "/conn-app/139/0308-01"
      ]
    },
    {
      "cite": "439 A.2d 377",
      "category": "reporters:state_regional",
      "reporter": "A.2d",
      "year": 1981,
      "opinion_index": 0
    },
    {
      "cite": "183 Conn. 383",
      "category": "reporters:state",
      "reporter": "Conn.",
      "case_ids": [
        1955163
      ],
      "year": 1981,
      "pin_cites": [
        {
          "page": "385"
        }
      ],
      "opinion_index": 0,
      "case_paths": [
        "/conn/183/0383-01"
      ]
    },
    {
      "cite": "787 A.2d 514",
      "category": "reporters:state_regional",
      "reporter": "A.2d",
      "year": 2002,
      "opinion_index": 0
    },
    {
      "cite": "259 Conn. 1",
      "category": "reporters:state",
      "reporter": "Conn.",
      "case_ids": [
        360143
      ],
      "year": 2002,
      "pin_cites": [
        {
          "page": "3"
        }
      ],
      "opinion_index": 0,
      "case_paths": [
        "/conn/259/0001-01"
      ]
    },
    {
      "cite": "968 A.2d 367",
      "category": "reporters:state_regional",
      "reporter": "A.2d",
      "year": 2009,
      "opinion_index": 0
    },
    {
      "cite": "291 Conn. 356",
      "category": "reporters:state",
      "reporter": "Conn.",
      "case_ids": [
        5765104
      ],
      "year": 2009,
      "pin_cites": [
        {
          "page": "370"
        }
      ],
      "opinion_index": 0,
      "case_paths": [
        "/conn/291/0356-01"
      ]
    },
    {
      "cite": "6 A.3d 52",
      "category": "reporters:state_regional",
      "reporter": "A.3d",
      "weight": 3,
      "year": 2010,
      "opinion_index": 0
    },
    {
      "cite": "298 Conn. 690",
      "category": "reporters:state",
      "reporter": "Conn.",
      "case_ids": [
        4343719
      ],
      "year": 2010,
      "pin_cites": [
        {
          "page": "696"
        }
      ],
      "opinion_index": 0,
      "case_paths": [
        "/conn/298/0690-01"
      ]
    },
    {
      "cite": "108 A.3d 1125",
      "category": "reporters:state_regional",
      "reporter": "A.3d",
      "weight": 6,
      "year": 2015,
      "opinion_index": 0
    },
    {
      "cite": "154 Conn. App. 587",
      "category": "reporters:state",
      "reporter": "Conn. App.",
      "weight": 4,
      "year": 2015,
      "pin_cites": [
        {
          "page": "592"
        },
        {
          "page": "590"
        },
        {
          "page": "589"
        }
      ],
      "opinion_index": 0
    },
    {
      "cite": "8 U.S.C. \u00a7 1182",
      "category": "laws:leg_statute",
      "reporter": "U.S.C.",
      "pin_cites": [
        {
          "page": "(d)(3)"
        }
      ],
      "opinion_index": 0
    },
    {
      "cite": "8 U.S.C. \u00a7 1101",
      "category": "laws:leg_statute",
      "reporter": "U.S.C.",
      "weight": 3,
      "year": 2012,
      "pin_cites": [
        {
          "page": "et seq."
        },
        {
          "page": "(a)(15)(U)"
        },
        {
          "page": "(a)(15)(U)(i)(III) and (IV)"
        }
      ],
      "opinion_index": 0
    }
  ],
  "analysis": {
    "cardinality": 732,
    "char_count": 15336,
    "pagerank": {
      "raw": 5.8591662004228935e-08,
      "percentile": 0.3676675744415987
    },
    "sha256": "763980e5ed39b4829faae5a43da1c461e88c2c6265f621dde1bde31e1f802ad8",
    "simhash": "1:9d6753bb050300e7",
    "word_count": 2562
  },
  "last_updated": "2024-02-27T18:34:58.363485+00:00",
  "provenance": {
    "date_added": "2021-08-27",
    "source": "Fastcase",
    "batch": "2021"
  },
  "casebody": {
    "judges": [],
    "parties": [
      "STATE of Connecticut\nv.\nPawel SIENKIEWICZ"
    ],
    "opinions": [
      {
        "text": "BEACH, J.\nThe defendant, Pawel Sienkiewicz, appeals from the judgment of the trial court granting the state's motion to dismiss his petition for a writ of error coram nobis. The defendant claims that the court erred in holding that it did not have jurisdiction to consider the merits of his petition and, therefore, erred in dismissing his petition for a writ of error coram nobis. We affirm the judgment of the trial court.\nThe following facts and procedural history are relevant to our disposition of this appeal. The defendant is a native and citizen of Poland who legally entered the United States on a tourist visa but unlawfully overstayed that visa's authorized term. By 2009, federal authorities initiated removal proceedings against the defendant, ultimately leading to a final order of removal.\nOn September 5, 2010, while removal proceedings against the defendant were pending, the defendant assaulted a woman and was charged in a substitute information with assault in the third degree in violation of General Statutes \u00a7 53a-61. On April 3, 2011, the defendant was arrested on a charge of operating a motor vehicle while under the influence of alcohol or drugs. He was charged as a third offender in violation of General Statutes \u00a7 14-227a, which is a felony pursuant to General Statutes \u00a7 53a-25. Following a jury trial, the defendant was found guilty of operating a motor vehicle while under the influence, and the defendant pleaded guilty to the part B information charging him with being a persistent offender. On July 12, 2013, the court held a sentencing hearing on the conviction of operating under the influence as a third offender. The court sentenced the defendant to three years incarceration, execution suspended after twenty-two months, to be followed by three years probation, on the conviction of operating under the influence. Also at the July 12, 2013 hearing, the defendant pleaded guilty to assault in the third degree in violation of \u00a7 53a-61, in the case arising from the September, 2010 assault. Prior to accepting his plea, the court asked whether he understood that this conviction may have \"consequences of deportation, exclusion from readmission or denial of naturalization, pursuant to federal law,\" to which he responded, \"[y]es.\" The defendant's attorney added that \"with regard to the immigration consequences, I've gone over that very thoroughly with the defendant and also spoken to his immigration counsel, so I'm confident that he's been advised with regard to those consequences.\" The court then sentenced the defendant to one year of imprisonment on the assault charge, to be served concurrently with the three year sentence he had received earlier that day.\nMeanwhile, while the criminal charges were pending, the defendant on August 2, 2011, filed a petition for a U nonimmigrant status (U visa) and the accompanying application for advance permission to enter as a nonimmigrant (application for advance entry), which, if granted, would have provided him relief from removal. On February 27, 2014, the defendant was notified that his petition for a U visa and application for advance entry had been placed on a wait list. On March 26, 2015, the United States Citizenship and Immigration Services (immigration services) division of the Department of Homeland Security sent the defendant a letter notifying him that he had been removed from the U visa wait list because he had been placed on the wait list in error, and that he was potentially ineligible for the U visa. Accordingly, immigration services intended to deny his application for advance entry. The letter explained that the defendant is \"inadmissible to the United States under section [1182] (a) (2) (A) (i) (I) (crime involving moral turpitude) of the Immigration and Nationality Act (the Act)\"; 8 U.S.C. \u00a7 1101 et seq. (2012) ; but that immigration services has discretion to waive this ground of inadmissibility under subdivisions (d) (3) or (14) of \u00a7 1182 of the act. Section 1182(a)(2)(A)(i) of title 8 of the United States Code provides in relevant part that \"any alien convicted of ... (I) a crime involving moral turpitude ... is inadmissible.\" Section 1182(a) of title 8 of the United States Code provides in relevant part that \"aliens who are inadmissible under [subsection (a) ] are ineligible to receive visas and ineligible to be admitted to the United States ....\" Regarding a \"crime of moral turpitude,\" the letter noted that \"[a]fter a thorough review of the file [immigration services had] determined that [the defendant had] not addressed the fact that by [his] actions [he had] created a victim,\" then proceeded to describe the September, 2010 assault. The letter concluded by providing the defendant a period of thirty-three days to \"submit evidence to demonstrate that [immigration services] should exercise its discretion to approve [his] application for a waiver under [ 8 U.S.C. \u00a7 1182(d)(3) ] or that approving [the defendant's] request for the waiver is in the national or public interest, pursuant to [ \u00a7 1182(d)(14) ].\" The record does not reflect whether the defendant ever submitted such evidence.\nOn June 19, 2015, the defendant filed a petition for a writ of error coram nobis, requesting that the court allow him to withdraw his guilty plea as to the charge of assault and to vacate or void the assault conviction. He argued that he had not understood that serious immigration consequences, namely, his removal from the U visa wait list, would result from his plea and sentence, and that his attorney's failure to advise him of these consequences constituted ineffective assistance of counsel. The state moved to dismiss his petition, arguing that the court may issue a writ of error coram nobis only if no adequate remedy is provided by law and that the defendant did not satisfy this requirement \"because he failed to timely pursue a writ of habeas corpus.\" After a hearing, the court issued its March 11, 2016 memorandum of decision, granting the state's motion to dismiss. The court agreed that the defendant could have petitioned for a writ of habeas corpus while in custody. The court held that it did \"not have jurisdiction to reach the merits of the petition for a writ of error coram nobis\" because an alternative legal remedy had been available to the defendant. This appeal followed.\nThe defendant claims that the court erred in dismissing his petition for a writ of error coram nobis on the ground that it did not have jurisdiction to hear the merits of his petition. The defendant primarily argues that a writ of habeas corpus had been unavailable to him because he had been unaware that his guilty plea would cause his removal from the U visa wait list until after he had been released from custody for his assault conviction. The state argues that the trial court lacked jurisdiction to issue the writ because the defendant had several legal remedies available to him and that pursuant to State v. Stephenson, 154 Conn. App. 587, 592, 108 A.3d 1125 (2015), the relevant question is not whether the defendant took advantage of those remedies but, rather, whether he could have pursued them. We agree with the state.\nWe begin our analysis by setting forth the applicable standard of review. Our Supreme Court has long held that \"because [a] determination regarding a trial court's subject matter jurisdiction is a question of law, our review is plenary.... [A] court lacks discretion to consider the merits of a case over which it is without jurisdiction ....\" (Internal quotation marks omitted.) Richardson v. Commissioner of Correction, 298 Conn. 690, 696, 6 A.3d 52 (2010).\nPreliminarily, the state suggests that the remedy of a writ of error coram nobis is no longer an available remedy under Connecticut law. The state essentially argues that even if the remedy was available in the distant past, its function has long been replaced by other remedies, such as the petition for a new trial and expanded habeas corpus availability. We decline the state's invitation to announce the demise of the writ of error coram nobis. Although the writ has not been invoked successfully in many years, the Supreme Court has continued to describe the writ and its limitations in the present tense, and has never declared it moribund. See, e.g., id., at 700 n.8, 6 A.3d 52 ; State v. Das, 291 Conn. 356, 370, 968 A.2d 367 (2009) (\"[a] writ of error coram nobis is an ancient common-law remedy which authorized the trial judge ... to vacate the judgment of the same court if the party aggrieved by the judgment could present facts, not appearing in the record, which, if true, would show that such judgment was void or voidable\" [internal quotation marks omitted] ); State v. Henderson, 259 Conn. 1, 3, 787 A.2d 514 (2002) ; State v. Grisgraber, 183 Conn. 383, 385, 439 A.2d 377 (1981).\nWe assume, then, as we must, that the remedy of the writ of error coram nobis still exists. Nonetheless, the scope of cases in which the remedy may be available is exceedingly narrow. As we recently stated in State v. Stephenson, supra, 154 Conn. App. at 590, 108 A.3d 1125, \"[a] writ of error coram nobis lies only in the unusual situation where no adequate remedy is provided by law.... Moreover, when habeas corpus affords a proper and complete remedy the writ of error coram nobis will not lie.... The errors in fact on which a writ of error [coram nobis] can be predicated are few.... This can be only where the party had no legal capacity to appear, or where he had no legal opportunity, or where the court had no power to render judgment.\" (Citation omitted; internal quotation marks omitted.)\nThe state argues, and we agree, that the defendant had the ability to commence a petition for a writ of habeas corpus at any time that he was in custody on the assault charge in issue. The defendant claims that he did not know that he would be removed from the U visa wait list during some or all of the time he was in custody as a result of the assault conviction, and that an action brought prior to this denial of his request for discretionary relief would not be \"ripe ....\" There can be no doubt, however, that the defendant would have had the ability to contest the effectiveness of counsel and the validity of his plea in a habeas action even if removal from the U visa wait list was not imminent. In State v. Stephenson, supra, 154 Conn. App. at 589, 108 A.3d 1125, itself, \"[t]he record [did] not reflect that any adverse immigration consequences [had] yet occurred\" by the time the defendant was no longer in custody on the sentence in issue, and we held that the defendant could have brought an action seeking a writ of habeas corpus. Id., at 592, 108 A.3d 1125 ; see also State v. James, 139 Conn. App. 308, 318, 57 A.3d 366 (2012) (ineffective assistance of counsel claim regarding possible immigration consequences would have been more appropriately raised in habeas corpus proceeding, even though facts did not indicate that removal proceedings had been initiated). The issue is not whether the defendant would have been successful in pursuing a timely action, but whether the remedy was available to him. During the entire period of his custody pursuant to the sentence in question, he was subject to adverse immigration consequences.\nThere is, then, no meaningful distinction between this case and State v. Stephenson, supra, 154 Conn. App. 587, 108 A.3d 1125. In both cases, the defendant had a remedy of habeas corpus available to him, in which he could challenge the effectiveness of counsel in the plea process, and in both cases the opportunity vanished when custody pursuant to the sentence in question terminated. Stephenson clearly holds that the prior availability of the writ of habeas corpus defeats the jurisdiction of the trial court to entertain a petition for a writ of error coram nobis. Id., at 592, 108 A.3d 1125.\nThe judgment is affirmed.\nIn this opinion the other judges concurred.\nIn its initial brief to this court, the state claimed that this appeal was moot in light of State v. Aquino, 279 Conn. 293, 901 A.2d 1194 (2006). After this appeal was argued orally in this court, the Supreme Court issued its opinion in State v. Jerzy G., 326 Conn. 206, 162 A.3d 692 (2017). We ordered supplemental briefing addressing the effect of Jerzy G. on this appeal. Both parties urged that, in light of the intervening authority, this case was not moot. Because the underlying circumstances of this case are strikingly similar to those of Jerzy G., we agree with the parties and hold that the present appeal is not moot. As in Jerzy G., but unlike in Aquino, the record clearly established the reason for the defendant's deportation. See State v. Jerzy G., supra, at 223, 162 A.3d 692 ; State v. Aquino, supra, at 298, 901 A.2d 1194. Further, there was in Jerzy G. and in the present case a reasonable possibility that the defendant would face prejudicial collateral consequences in that the \"pending criminal charge against the defendant could be a significant factor in\" determining whether the defendant could reenter the country. State v. Jerzy G., supra, at 223-24, 162 A.3d 692.\nThe record before us indicates that on April 21, 2009, a federal immigration judge denied the defendant's requests for further continuance of previously initiated proceedings and for voluntary departure. In re Pawel Sienkiewicz, No. A089 013 624, 2009 WL 3713235, *1 (B.I.A. October 20, 2009), aff'g No. A089 013 624 (Immig. Ct. Hartford, Conn. April 21, 2009). On October 20, 2009, the Board of Immigration Appeals (board) dismissed the defendant's appeal of that decision. Id. On November 17, 2010, the United States Court of Appeals for the Second Circuit denied the defendant's request for review of the board's order and vacated any stay of removal that had been issued. Sienkiewicz v. Holder, 400 Fed.Appx. 599, 599-600 (2d Cir. 2010) ; see also Sienkiewicz v. Lynch, Docket No. 3:15-CV-1871 (VAB), 2016 WL 901567 (D. Conn. March 9, 2016). At oral argument before this court, the defendant's attorney represented that the defendant has since been removed.\n\"U visa\" refers to subdivision (U) of the Immigration and Nationality Act's definition of \"immigrant.\" See 8 U.S.C. \u00a7 1101(a)(15)(U) (2012). To be eligible for a U visa, the alien must demonstrate that he is a victim of a crime, has information regarding the crime, and \"has been helpful, is being helpful, or is likely to be helpful ... [in] investigating or prosecuting criminal activity\" and that \"the criminal activity ... violated the laws of the United States or occurred in the United States ....\" 8 U.S.C. \u00a7 1101(a)(15)(U)(i)(III) and (IV) (2012).\nPerhaps recognizing the binding precedent of Stephenson, the defendant has also urged us to overrule it. Consistent with this claim, the defendant filed a motion requesting that this court hear the appeal en banc. We denied the motion.",
        "type": "majority",
        "author": "BEACH, J."
      }
    ],
    "attorneys": [
      "Michael W. Brown, assigned counsel, for the appellant (defendant).",
      "Melissa L. Streeto, senior assistant state's attorney, with whom, on the brief, were Brian Preleski, state's attorney, and Jennifer Miller, assistant state's attorney, for the appellee (state)."
    ],
    "corrections": "",
    "head_matter": "STATE of Connecticut\nv.\nPawel SIENKIEWICZ\nAC 39051\nAppellate Court of Connecticut.\nArgued April 18, 2017\nOfficially released November 7, 2017\nMichael W. Brown, assigned counsel, for the appellant (defendant).\nMelissa L. Streeto, senior assistant state's attorney, with whom, on the brief, were Brian Preleski, state's attorney, and Jennifer Miller, assistant state's attorney, for the appellee (state).\nKeller, Prescott and Beach, Js."
  },
  "file_name": "0955-01",
  "first_page_order": 955,
  "last_page_order": 959
}
