{
  "id": 9434949,
  "name": "OFFICE OF DISCIPLINARY COUNSEL, Petitioner, v. Salvatore DeLELLO, Jr., Respondent",
  "name_abbreviation": "Office of Disciplinary Counsel v. DeLello",
  "decision_date": "2002-04-30",
  "docket_number": "No. 567 Disciplinary Docket No. 3",
  "first_page": "891",
  "last_page": "892",
  "citations": [
    {
      "type": "official",
      "cite": "797 A.2d 891"
    }
  ],
  "court": {
    "name_abbreviation": "Pa.",
    "id": 8832,
    "name": "Supreme Court of Pennsylvania"
  },
  "jurisdiction": {
    "id": 6,
    "name_long": "Pennsylvania",
    "name": "Pa."
  },
  "cites_to": [
    {
      "cite": "766 A.2d 335",
      "category": "reporters:state_regional",
      "reporter": "A.2d",
      "case_ids": [
        1276720,
        11137090
      ],
      "weight": 2,
      "year": 2001,
      "pin_cites": [
        {
          "page": "340-41"
        }
      ],
      "opinion_index": 1,
      "case_paths": [
        "/pa/564/0205-01",
        "/a2d/766/0335-01"
      ]
    },
    {
      "cite": "564 Pa. 205",
      "category": "reporters:state",
      "reporter": "Pa.",
      "case_ids": [
        1276720
      ],
      "year": 2001,
      "opinion_index": 1,
      "case_paths": [
        "/pa/564/0205-01"
      ]
    }
  ],
  "analysis": {
    "cardinality": 169,
    "char_count": 1808,
    "ocr_confidence": 0.65,
    "pagerank": {
      "raw": 4.03580807328026e-08,
      "percentile": 0.21759666297147054
    },
    "sha256": "8421bc3216d5d3a73324a9accab06d164eb77295c465b16d90c24d1031e21935",
    "simhash": "1:8ee8128752cfb8f8",
    "word_count": 284
  },
  "last_updated": "2024-02-27T21:18:29.522873+00:00",
  "provenance": {
    "date_added": "2019-08-29",
    "source": "Harvard",
    "batch": "2018"
  },
  "casebody": {
    "judges": [
      "Justice CASTILLE files a dissenting statement in which Justice SAYLOR joins.",
      "Justice SAYLOR joins this dissenting statement."
    ],
    "parties": [
      "OFFICE OF DISCIPLINARY COUNSEL, Petitioner, v. Salvatore DeLELLO, Jr., Respondent."
    ],
    "opinions": [
      {
        "text": "ORDER\nPER CURIAM:\nAND NOW, this 30th day of April, 2002, upon consideration of the Report and Recommendations of the Disciplinary Board dated February 26, 2002, it is hereby\nORDERED that SALVATORE De-LELLO, JR., be and he is SUSPENDED from the Bar of this Commonwealth for a period of two (2) years, retroactive to March 3, 2000, the date of his temporary suspension, and he shall comply with all the provisions of Rule 217 Pa.R.D.E.\nIt is further ORDERED that respondent shall pay costs to the Disciplinary Board pursuant to Rule 208(g), Pa.R.D.E.\nJustice CASTILLE files a dissenting statement in which Justice SAYLOR joins.",
        "type": "majority",
        "author": "PER CURIAM:"
      },
      {
        "text": "Justice CASTILLE,\ndissenting.\nI respectfully dissent. I would make respondent\u2019s suspension congruent with the suspension that respondent received in the State of New Jersey, thereby avoiding a situation where respondent may be reinstated to the practice of law in Pennsylvania while simultaneously serving a suspension imposed by the State of New Jersey. At this Court noted in In re Iulo, 564 Pa. 205, 766 A.2d 335 (2001):\n[DJeterrence is a considerable factor in matters of reciprocal discipline. Pennsylvania will not tolerate a reputation for welcoming disbarred attorneys from other jurisdictions to practice law with impunity in our courtrooms. Although we have always favored a system of professional discipline that weighs each individual case on its merits, we acknowledge that sometimes a brightline rule must be drawn. The need to deter other similarly situated attorneys from swarming to our courts is cause to create such a brightline rule.\nId. at 340-41.\nJustice SAYLOR joins this dissenting statement.",
        "type": "dissent",
        "author": "Justice CASTILLE,"
      }
    ],
    "attorneys": [],
    "corrections": "",
    "head_matter": "OFFICE OF DISCIPLINARY COUNSEL, Petitioner, v. Salvatore DeLELLO, Jr., Respondent.\nNo. 567 Disciplinary Docket No. 3.\nSupreme Court of Pennsylvania.\nApril 30, 2002."
  },
  "file_name": "0891-03",
  "first_page_order": 947,
  "last_page_order": 948
}
