{
  "id": 7350696,
  "name": "STATE of Maine v. Kathy McLAUGHLIN",
  "name_abbreviation": "State v. McLaughlin",
  "decision_date": "1989-07-14",
  "docket_number": "",
  "first_page": "574",
  "last_page": "574",
  "citations": [
    {
      "type": "official",
      "cite": "560 A.2d 574"
    }
  ],
  "court": {
    "name_abbreviation": "Me.",
    "id": 9543,
    "name": "Maine Supreme Judicial Court"
  },
  "jurisdiction": {
    "id": 42,
    "name_long": "Maine",
    "name": "Me."
  },
  "cites_to": [
    {
      "cite": "495 A.2d 825",
      "category": "reporters:state_regional",
      "reporter": "A.2d",
      "case_ids": [
        7920105
      ],
      "pin_cites": [
        {
          "page": "826"
        }
      ],
      "opinion_index": 0,
      "case_paths": [
        "/a2d/495/0825-01"
      ]
    },
    {
      "cite": "379 A.2d 996",
      "category": "reporters:state_regional",
      "reporter": "A.2d",
      "case_ids": [
        11339194
      ],
      "opinion_index": 0,
      "case_paths": [
        "/a2d/379/0996-01"
      ]
    },
    {
      "cite": "389 A.2d 314",
      "category": "reporters:state_regional",
      "reporter": "A.2d",
      "case_ids": [
        8014452
      ],
      "pin_cites": [
        {
          "page": "315-16"
        }
      ],
      "opinion_index": 0,
      "case_paths": [
        "/a2d/389/0314-01"
      ]
    },
    {
      "cite": "460 A.2d 1017",
      "category": "reporters:state_regional",
      "reporter": "A.2d",
      "case_ids": [
        8014945
      ],
      "pin_cites": [
        {
          "page": "1023"
        }
      ],
      "opinion_index": 0,
      "case_paths": [
        "/a2d/460/1017-01"
      ]
    }
  ],
  "analysis": {
    "cardinality": 152,
    "char_count": 1843,
    "ocr_confidence": 0.73,
    "pagerank": {
      "raw": 4.03580807328026e-08,
      "percentile": 0.18940949839160506
    },
    "sha256": "d10e302d7502de594136f2ae297c633e0509f2f5664b9017905fe18acfe2d3e9",
    "simhash": "1:e6e9c0f19ac146aa",
    "word_count": 293
  },
  "last_updated": "2024-02-27T22:09:17.821105+00:00",
  "provenance": {
    "date_added": "2019-08-29",
    "source": "Harvard",
    "batch": "2018"
  },
  "casebody": {
    "judges": [
      "Before McKUSICK, C.J., and WATHEN, GLASSMAN, CLIFFORD, HORNBY and COLLINS, JJ."
    ],
    "parties": [
      "STATE of Maine v. Kathy McLAUGHLIN."
    ],
    "opinions": [
      {
        "text": "WATHEN, Justice.\nDefendant appeals from her conviction of disorderly conduct following a jury trial, in Superior Court (Kennebec County, Brody, J.). Defendant argues on appeal that: the trial justice erred in reserving decision on defendant\u2019s motion for judgment of acquittal; the complaint lacks sufficient specificity to charge the crime of disorderly conduct; and the evidence is insufficient to support the conviction of disorderly conduct.\nAt the conclusion of the State\u2019s case, counsel for the defendant moved for a judgment of acquittal. The Superior Court reserved decision on the motion at that time. After the jury returned a verdict of guilty on the charge of disorderly conduct, the trial justice denied the motion. We have previously held that it is error for a trial justice to reserve decision on a motion for judgment of acquittal made at the conclusion of the State\u2019s case. M.R.Crim.P. 29(a); State v. White, 460 A.2d 1017, 1023 (Me.1983); State v. Smith, 389 A.2d 314, 315-16 (Me.1978). Because the record reflects that defendant was not entitled to a judgment of acquittal on the basis of the evidence introduced by the State, the error in this case was harmless. With regard to defendant\u2019s remaining arguments, we conclude that the complaint is sufficiently specific, see State v. Creamer, 379 A.2d 996 (Me.1977), and that the evidence supports the verdict. State v. Barry, 495 A.2d 825, 826 (Me.1985).\nThe entry is:\nJudgment affirmed.\nAll concurring.",
        "type": "majority",
        "author": "WATHEN, Justice."
      }
    ],
    "attorneys": [
      "David W. Crook, Dist.- Atty., Pamela J. Ames, Asst. Dist. Atty., Augusta, Me., for the State.",
      "John D. Pelletier, Goodspeed & O\u2019Donnell, Augusta, Me., for defendant."
    ],
    "corrections": "",
    "head_matter": "STATE of Maine v. Kathy McLAUGHLIN.\nSupreme Judicial Court of Maine.\nSubmitted on Briefs June 12, 1989.\nDecided July 14, 1989.\nDavid W. Crook, Dist.- Atty., Pamela J. Ames, Asst. Dist. Atty., Augusta, Me., for the State.\nJohn D. Pelletier, Goodspeed & O\u2019Donnell, Augusta, Me., for defendant.\nBefore McKUSICK, C.J., and WATHEN, GLASSMAN, CLIFFORD, HORNBY and COLLINS, JJ."
  },
  "file_name": "0574-01",
  "first_page_order": 642,
  "last_page_order": 642
}
