{
  "id": 9512032,
  "name": "OFFICE OF DISCIPLINARY COUNSEL, Petitioner, v. Clark W. PEASE, Respondent",
  "name_abbreviation": "Office of Disciplinary Counsel v. Pease",
  "decision_date": "2002-02-27",
  "docket_number": "Nos. 695 Disciplinary Docket No. 3, 143 DB 2001",
  "first_page": "592",
  "last_page": "592",
  "citations": [
    {
      "type": "official",
      "cite": "792 A.2d 592"
    }
  ],
  "court": {
    "name_abbreviation": "Pa.",
    "id": 8832,
    "name": "Supreme Court of Pennsylvania"
  },
  "jurisdiction": {
    "id": 6,
    "name_long": "Pennsylvania",
    "name": "Pa."
  },
  "cites_to": [],
  "analysis": {
    "cardinality": 78,
    "char_count": 691,
    "ocr_confidence": 0.665,
    "sha256": "6e9beee42e05084749e740a4db85823d8d2612f1ec53134d4e8d93b2d8b8e258",
    "simhash": "1:51e0920dc1416d60",
    "word_count": 111
  },
  "last_updated": "2023-07-14T16:07:06.565898+00:00",
  "provenance": {
    "date_added": "2019-08-29",
    "source": "Harvard",
    "batch": "2018"
  },
  "casebody": {
    "judges": [],
    "parties": [
      "OFFICE OF DISCIPLINARY COUNSEL, Petitioner, v. Clark W. PEASE, Respondent."
    ],
    "opinions": [
      {
        "text": "ORDER\nPER CURIAM.\nAND NOW, this 27th day of February, 2002, on certification by the Disciplinary Board that the respondent, CLARK W. PEASE, who was suspended by Order of this Court dated October 11, 2001, for a period of three months, has filed a verified statement showing compliance with all the terms and conditions of the Order of Suspension and Rule 217, Pa.R.D.E., and there being no other outstanding order of suspension or disbarment, CLARK W. PEASE, is hereby reinstated to active status, effective immediately.",
        "type": "majority",
        "author": "PER CURIAM."
      }
    ],
    "attorneys": [],
    "corrections": "",
    "head_matter": "OFFICE OF DISCIPLINARY COUNSEL, Petitioner, v. Clark W. PEASE, Respondent.\nNos. 695 Disciplinary Docket No. 3, 143 DB 2001.\nSupreme Court of Pennsylvania.\nFeb. 27, 2002."
  },
  "file_name": "0592-02",
  "first_page_order": 658,
  "last_page_order": 658
}
