{
  "id": 8002816,
  "name": "Albert R. HENSLEY, Appellant, Claimant, Employee below, v. ARTIC ROOFING, INC., Appellee, Employer below",
  "name_abbreviation": "Hensley v. Artic Roofing, Inc.",
  "decision_date": "1976-12-28",
  "docket_number": "",
  "first_page": "678",
  "last_page": "679",
  "citations": [
    {
      "type": "official",
      "cite": "369 A.2d 678"
    }
  ],
  "court": {
    "name_abbreviation": "Del.",
    "id": 9322,
    "name": "Delaware Supreme Court"
  },
  "jurisdiction": {
    "id": 8,
    "name_long": "Delaware",
    "name": "Del."
  },
  "cites_to": [
    {
      "cite": "164 A.2d 686",
      "category": "reporters:state_regional",
      "reporter": "A.2d",
      "year": 1960,
      "opinion_index": 0
    },
    {
      "cite": "3 Storey 74",
      "category": "reporters:state",
      "reporter": "Storey",
      "year": 1960,
      "opinion_index": 0
    },
    {
      "cite": "226 A.2d 910",
      "category": "reporters:state_regional",
      "reporter": "A.2d",
      "case_ids": [
        8100107
      ],
      "year": 1967,
      "opinion_index": 0,
      "case_paths": [
        "/a2d/226/0910-01"
      ]
    },
    {
      "cite": "231 A.2d 258",
      "category": "reporters:state_regional",
      "reporter": "A.2d",
      "case_ids": [
        8084539
      ],
      "year": 1967,
      "opinion_index": 0,
      "case_paths": [
        "/a2d/231/0258-01"
      ]
    }
  ],
  "analysis": {
    "cardinality": 341,
    "char_count": 4644,
    "ocr_confidence": 0.734,
    "pagerank": {
      "raw": 1.2514423364493507e-07,
      "percentile": 0.6102608684907884
    },
    "sha256": "e6e40f29696f802a29070176f2a1335f0b7007452b432c38ab4249c649782549",
    "simhash": "1:4f1378a8eba6cfbb",
    "word_count": 752
  },
  "last_updated": "2024-02-27T16:15:14.947696+00:00",
  "provenance": {
    "date_added": "2019-08-29",
    "source": "Harvard",
    "batch": "2018"
  },
  "casebody": {
    "judges": [
      "Before HERRMANN, Chief Justice, DUFFY and McNEILLY, Justices."
    ],
    "parties": [
      "Albert R. HENSLEY, Appellant, Claimant, Employee below, v. ARTIC ROOFING, INC., Appellee, Employer below."
    ],
    "opinions": [
      {
        "text": "PER CURIAM.\nClaimant appeals from an order of the Superior Court affirming a decision of the Industrial Accident Board (Board) which awarded him only temporary total disability and permanent partial disability benefits. Claimant contends that total disability continues after the six-month period approved by the Board. The critical issues concern his right to continuing benefits beyond the six-month period and whether or not he qualifies for permanent total disability benefits under the \u201cdisplaced worker doctrine.\u201d Ham v. Chrysler Corporation, Del.Supr., 231 A.2d 258 (1967); M. A. Hartnett, Inc. v. Coleman, Del.Supr., 226 A.2d 910 (1967).\nThe scope of review in this type o\u00ed appeal is well settled: the Court must determine whether the decision of the Board is supported by substantial evidence. Hartnett, supra, at 911, 912; General Motors Corporation v. Freeman, Del.Supr., 3 Storey 74, 164 A.2d 686 (1960).\nTo qualify in this case for permanent total disability benefits under the \u201cdisplaced worker doctrine,\u201d the claimant must satisfy two requirements: first, he must show that he is an unskilled worker, unable to perform any task other than general labor; second, he must demonstrate that his inability to perform the duties of a general laborer is causally related to the accident in issue. Once he has shown these, the burden then passes to his employer \u201cto show the availability of regular employment within [his] . . . capabilities.\u201d Ham, supra, at 262.\nWithout question, claimant satisfies the first requirement and neither the decision of the Board nor the opinion of the Superior Court suggests the contrary. However, as to the second requirement, it appears that both the Board and the Superior Court did not reach this because, as stated in the former\u2019s opinion,\n\u201cDr. Strange\u2019s testimony was that the claimant would be available for full employment 6 months after the accident.\u201d\nOur examination of the record indicates that Dr. Strange did not so testify. Indeed, his testimony was to the contrary, as indicated in the footnote.\nWhile the claimant\u2019s current condition may have been complicated by past accidents, with both psychological and physiological consequences, the record clearly indicates that the accident in question was determinative of his present disability. And, significantly, there is uncontroverted medical evidence that as a result of such accident and its attendant surgery, claimant will never be able to return to employment as a general laborer. Therefore, his present disability is causally related to the industrial accident in issue and he is entitled to consideration for permanent total disability benefits under the \u201cdisplaced worker doctrine.\u201d Ham v. Chrysler Corporation, supra.\n* * \u2021 i{C 5{C jji\nThe judgment of the Superior Court is reversed and the case is remanded for further proceedings consistent herewith.\nOn cross examination Dr. Strange, an orthopedic specialist, testified as follows:\n\u201cBY MR. BERG:\nQ. We have to imagine, sir, as best you\u2019re able ,to just what effect the incident of March 2, 1970 played on this man as divorced from his prior illnesses and the total-disability picture. So would it be a fair statement to say that as a result of .the herniation that he would have been healed and been able to return to full employment in approximately three months if we divorce ourselves from the \u201963, \u201967, \u201968 and \u201969 accidents? Is that a fair statement?\nA. Well, no.t full employment. Full employment\u2014\nQ. Absent those?\nA. Full employment with the restrictions of no heavy lifting, pushing, shoving, that sort of thing.\nQ. Are those taken into consideration in the prior insults to the back or not?\nA. No. This would be from the surgery alone.\nQ. From the surgery alone?\nA. Yes.\nQ. Okay. All right. Can you tell us, sir, when, from the surgery alone, he might be expected to resume full employment?\nA. In what capacity? As a laborer, as heavy work?\nQ. Yes, or\u2014\nA. Never.\nQ. \u2014performing as a result of the surgery alone?\nA. No, I would never tell one of my laminectomy patients to go back to laborious work after they have had a laminectomy.\nQ. In any event?\nA. In any event.\nQ. You would tell him to seek other employment?\nA. Try and get another way to make a living.\u201d",
        "type": "majority",
        "author": "PER CURIAM."
      }
    ],
    "attorneys": [
      "Julian D. Winslow, of Winslow & Wins-low, Wilmington, for appellant.",
      "Howard M. Berg and Jules Komissaroff, of Berg, Komissaroff & Sawyer, Wilmington, for appellee."
    ],
    "corrections": "",
    "head_matter": "Albert R. HENSLEY, Appellant, Claimant, Employee below, v. ARTIC ROOFING, INC., Appellee, Employer below.\nSupreme Court of Delaware.\nSubmitted Oct. 18, 1976.\nDecided Dec. 28, 1976.\nJulian D. Winslow, of Winslow & Wins-low, Wilmington, for appellant.\nHoward M. Berg and Jules Komissaroff, of Berg, Komissaroff & Sawyer, Wilmington, for appellee.\nBefore HERRMANN, Chief Justice, DUFFY and McNEILLY, Justices."
  },
  "file_name": "0678-01",
  "first_page_order": 726,
  "last_page_order": 727
}
