{
  "id": 7943740,
  "name": "Mary E. VINCENT v. Paul CHIONCHIO and Donald Chionchio",
  "name_abbreviation": "Vincent v. Chionchio",
  "decision_date": "1981-02-26",
  "docket_number": "No. 81-39-M.P.",
  "first_page": "343",
  "last_page": "343",
  "citations": [
    {
      "type": "official",
      "cite": "427 A.2d 343"
    }
  ],
  "court": {
    "name_abbreviation": "R.I.",
    "id": 10179,
    "name": "Supreme Court of Rhode Island"
  },
  "jurisdiction": {
    "id": 15,
    "name_long": "Rhode Island",
    "name": "R.I."
  },
  "cites_to": [],
  "analysis": {
    "cardinality": 38,
    "char_count": 345,
    "ocr_confidence": 0.815,
    "sha256": "8eb1af769dbd9b5b4fdffa7aa53020919b28a4d18356e100c069de324a07cdad",
    "simhash": "1:eda51013564b6d0f",
    "word_count": 45
  },
  "last_updated": "2023-07-14T18:05:01.903490+00:00",
  "provenance": {
    "date_added": "2019-08-29",
    "source": "Harvard",
    "batch": "2018"
  },
  "casebody": {
    "judges": [],
    "parties": [
      "Mary E. VINCENT v. Paul CHIONCHIO and Donald Chionchio."
    ],
    "opinions": [
      {
        "text": "ORDER\nThe petition for writ of certiorari is denied.",
        "type": "majority",
        "author": null
      }
    ],
    "attorneys": [
      "Tobin & Silverstein Incorporated, Max Wistow, Providence, for plaintiff-respondent.",
      "Anderson, Henning & Anderson, Charles H. Anderson, Providence, for defendants-petitioners."
    ],
    "corrections": "",
    "head_matter": "Mary E. VINCENT v. Paul CHIONCHIO and Donald Chionchio.\nNo. 81-39-M.P.\nSupreme Court of Rhode Island.\nFeb. 26, 1981.\nTobin & Silverstein Incorporated, Max Wistow, Providence, for plaintiff-respondent.\nAnderson, Henning & Anderson, Charles H. Anderson, Providence, for defendants-petitioners."
  },
  "file_name": "0343-02",
  "first_page_order": 407,
  "last_page_order": 407
}
