{
  "id": 7945984,
  "name": "Marilyn J. Lindholm BAZINET v. Charles HOWE et al.; and David CLARK et al. v. Charles HOWE et al.",
  "name_abbreviation": "Bazinet v. Howe",
  "decision_date": "1981-04-03",
  "docket_number": "",
  "first_page": "494",
  "last_page": "497",
  "citations": [
    {
      "type": "official",
      "cite": "427 A.2d 494"
    }
  ],
  "court": {
    "name_abbreviation": "Me.",
    "id": 9543,
    "name": "Maine Supreme Judicial Court"
  },
  "jurisdiction": {
    "id": 42,
    "name_long": "Maine",
    "name": "Me."
  },
  "cites_to": [
    {
      "cite": "399 A.2d 1333",
      "category": "reporters:state_regional",
      "reporter": "A.2d",
      "case_ids": [
        8008252
      ],
      "year": 1979,
      "opinion_index": 0,
      "case_paths": [
        "/a2d/399/1333-01"
      ]
    },
    {
      "cite": "405 A.2d 213",
      "category": "reporters:state_regional",
      "reporter": "A.2d",
      "case_ids": [
        8046451
      ],
      "year": 1979,
      "opinion_index": 0,
      "case_paths": [
        "/a2d/405/0213-01"
      ]
    }
  ],
  "analysis": {
    "cardinality": 527,
    "char_count": 9758,
    "ocr_confidence": 0.804,
    "pagerank": {
      "raw": 1.6662563103742997e-07,
      "percentile": 0.6952243161666954
    },
    "sha256": "2ecbce782284d670772ca7f68383239c658ed3eef188b9afa10e50d072606f1f",
    "simhash": "1:e6c5c48b6f974468",
    "word_count": 1654
  },
  "last_updated": "2024-02-27T16:29:20.438457+00:00",
  "provenance": {
    "date_added": "2019-08-29",
    "source": "Harvard",
    "batch": "2018"
  },
  "casebody": {
    "judges": [
      "Before WERNICK, GODFREY, NICHOLS, ROBERTS and CARTER, JJ."
    ],
    "parties": [
      "Marilyn J. Lindholm BAZINET v. Charles HOWE et al. and David CLARK et al. v. Charles HOWE et al."
    ],
    "opinions": [
      {
        "text": "WERNICK, Justice.\nThis case is before the Law Court on appeal from a judgment entered in the Superior Court (Kennebec County) in civil actions alleging trespass against real estate. The actions, ultimately consolidated, were brought by plaintiffs Marilyn Bazinet and David and Virginia Clark against defendants Charles and Muriel Howe, and they were precipitated by a dispute over the location on the face of the earth of a boundary line between residential properties of the parties in Hallowed. During the course of the action, pursuant to Rule 53(b) M.R. Civ.P., this issue of the location of the boundary line was submitted to a referee. After a hearing, the referee filed his report, which the Superior Court accepted. The Superior Court\u2019s judgment, based on its adoption of the referee\u2019s report, fixed the location of the disputed boundary line in a manner settling the dispute in favor of the plaintiffs.\nA11 the parties trace their titles through deeds identifying the disputed boundary by name as either the \u201cVaughan line\u201d or the \u201cEastman line.\u201d Since the \u201cEastman line\u201d, it is agreed, was merely a derivation of the \u201cVaughan line\u201d designation, the focal inquiry was the determination of the location on the face of the earth of the Vaughan line.\nThe Vaughan line was referred to in the deeds as a portion of the dividing line between \u201cGreat Lot 21\u201d and \u201cGreat Lot 22\u201d of the \u201cKennebec Purchase.\u201d It became the practice to refer to this particular dividing line as the \u201cVaughan line\u201d because in 1802 it was the Vaughan family, then owners of a portion of Great Lot 22, who commissioned a survey of a section of the dividing line, apparently for the purpose of subdividing a portion of Great Lot 22. Unfortunately, no record of this survey, performed by Samuel Titcomb, can now be found.\nThe location of the Vaughan line being the heart of the dispute, and no record existing of the Titcomb survey fixing the Vaughan line, each side obtained the services of a surveyor in an effort to reconstruct its location on the face of the earth. At trial, extensive testimony was presented by each of these surveyors explaining the reasons for locating the Vaughan line as he did. Each surveyor utilized field evidence, the recollections of area residents, and deeds from the disputed area.\nThe plaintiffs hired Edward Coffin as their surveyor. He did two surveys of the area. He made his first survey (Coffin 1) prior to the commencement of litigation, and in it he located the Vaughan line as a straight line with the bearing N 59\u00b020'W. If accepted as correct, this location of the Vaughan line would give all the disputed property to defendants Charles and Muriel Howe. Mr. Coffin, however, further testified that at the time of his first survey, he was unaware of a series of 1842 conveyances in the disputed area. Later, when he learned of them, he ascertained that they contain information that gave him additional assistance in his efforts to locate the Vaughan line on the face of the earth. For this reason, Mr. Coffin testified, he felt obliged to disavow the correctness of his first survey and to make a second one (Coffin 2). In Coffin 2 the Vaughan line is so located on the face of the earth as to give the entirety of the land in dispute to the plaintiffs.\nDefendants engaged William Rollins as their surveyor. We disregard his survey for the purposes of this appeal bee luse defendants themselves have repudiated it and assert as their position on appeal that the correct location of the Vaughan line on the face of the earth is fixed in accordance with the Coffin 1 survey rather than, as held by the referee and the Superior Court, the Coffin 2 survey.\nDefendants\u2019 contention is that to adopt the Coffin 2 survey, the referee (and the Superior Court) committed the errors of relying on irrelevant evidence and of misinterpreting particular calls of the 1842 deeds.\nWe deny the appeal and affirm the judgment of the Superior Court because, first, we find ample evidence in the record supporting the referee\u2019s finding as to the location of the disputed boundary on the face of the earth, which is a question of fact, Grant v. Warren Bros. Co., Me., 405 A.2d 213 (1979); Sargent v. Coolidge, Me., 399 A.2d 1333 (1979); and, second, we find that the record reveals that no other contention by defendants raises m issue of law, which is the only kind of is sue cognizable on appeal.\nDefendants argue that the referee placed total reliance on a granite marker with the number \u201c15\u201d carved on it, which, defendants say, was irrelevant because there was nothing in past deeds or othor historical records to connect that marker with the Vaughan line. The contention fails because its premise is incorrect. The c iscovery of marker 15 was not the sole basis on which Mr. Coffin adjusted his location of the Vaughan line and, therefore, it was not the sole basis of the referee\u2019s determination. Coffin\u2019s testimony was that he was led to reevaluate his initial conclusion as to the location of the Vaughan line primarily because he became aware of the convey mees made in the disputed area in 1842. T! ius, even if the referee, in reaching his conclusion, may have utilized as a makeweight ti e existence of a stone marker (\u201c15\u201d) arguably having no identifiable connection with the Vaughan line, his finding of fact as to the whereabouts of that line on the face of the earth is not to be upset if it is amply supported by other adequate evidence.\nWe conclude there was such other evidence that was sufficient to support the referee\u2019s acceptance of the location of the Vaughan line as fixed by the Coffin 2 survey. Apart from the existence of granite marker \u201c15\u201d, Mr. Coffin testified that he found several numbered stone markers that could be related directly to the original Titcomb survey. These numbered markers were found in areas largely undisturbed by development: a marker numbered with a \u201c5\u201d was found upright, and a marker numbered with a \u201c3\u201d was found on its side. Mr. Coffin\u2019s field survey also disclosed the existence of a significant tree line, several old fences and a foundation.\nIn addition, the \u201cHinkley houselot\u201d deeds of 1842 have great value as supporting evidence. The Hinkley houselot is in the line of title of the property presently owned by the Peters family. The two 1842 deeds creating this houselot establish that the Vaughan line passed through the houselot. Only the Coffin 2 location of the line would conform to these deeds.\nThis reference to the corroborative impact of the Hinkley houselot deeds leads into the second of defendants\u2019 contentions: that the referee committed error of law in that he misinterpreted the series of conveyances in 1842 that included not only the Hinkley houselot deeds but also those leading to the creation of the Eastman strip, so-called. Defendants argue that either the referee ignored the existence of the \u201cEastman strip\u201d deeds, or if he considered them, he wrongly conceived their import in relation to the Hinkley houselot deeds.\nWe reject the first alternative of defendants\u2019 argument because the referee\u2019s opinion plainly discloses that he did consider both the Eastman strip and the Hinkley houselot sets of conveyances.\nAs to the second alternative of argument, we conclude that it can avail defendants nothing because it does not establish that the referee committed an error of law. There neither is, nor could there validly be, a claim by defendants that any of the 1842 conveyances involves ambiguities, or inconsistencies, in its textual language or calls. Without question, each of these deeds plainly, and with internal consistency, describes a parcel of land that does exist in fact somewhere on the face of the earth. The question arising from the 1842 conveyances, therefore, relates not to the legal matter of the correct interpretation of the meaning of the language of any of the deeds. Rather, the issue pertains to whether by following the textually plain and internally consistent calls of each of the totality of relevant 1842 conveyances, a consistent location of areas on the face of the earth results, and, if not, which among these possible locations on the face of the earth is to be selected. This kind of determination is not one of law; it is, rather, a determination of fact.\nHere, relating the plain and unambiguous calls of the \u201cEastman strip\u201d set of deeds and of the \u201cHinkley houselot\u201d set of deeds to the face of the earth produced, without violation of independent legal principles, different locations of the Vaughan line on the face of the earth. The referee resolved this factual difficulty by concluding that the totality of the evidence made it more probable than not that the Vaughan line on the face of the earth passed through the Hinkley houselot, and, therefore, the line was located as shown by the Coffin 2 survey.\nWe decide that this ultimate determination of fact was adequately supported by the evidence and, therefore, must be held conclusive on appeal.\nIn light of our decision we need not address the alternative position of plaintiff Bazinet, that in any event she owned a portion of the land in dispute by reason of adverse possession.\nThe entry shall be:\nAppeal denied; judgment of the Superior Court affirmed.\nAll concurring.",
        "type": "majority",
        "author": "WERNICK, Justice."
      }
    ],
    "attorneys": [
      "Smith, Stein & Bernotavicz, Gordon E. Stein (orally), Hallowell, for David Clark, et al.",
      "Gregory J. Farris, Mark E. Susi (orally), Gardiner, for Bazinet.",
      "Sewall, Mittel & Hefferan, Robert Edmond Mittel (orally), Portland, for Howe.",
      "Malcolm Lyons, Augusta, for Tondreau."
    ],
    "corrections": "",
    "head_matter": "Marilyn J. Lindholm BAZINET v. Charles HOWE et al. and David CLARK et al. v. Charles HOWE et al.\nSupreme Judicial Court of Maine.\nArgued Jan. 5, 1981.\nDecided April 3, 1981.\nSmith, Stein & Bernotavicz, Gordon E. Stein (orally), Hallowell, for David Clark, et al.\nGregory J. Farris, Mark E. Susi (orally), Gardiner, for Bazinet.\nSewall, Mittel & Hefferan, Robert Edmond Mittel (orally), Portland, for Howe.\nMalcolm Lyons, Augusta, for Tondreau.\nBefore WERNICK, GODFREY, NICHOLS, ROBERTS and CARTER, JJ."
  },
  "file_name": "0494-01",
  "first_page_order": 558,
  "last_page_order": 561
}
