{
  "id": 7978567,
  "name": "STATE of Delaware, v. Michael CHAPLIN, Defendant",
  "name_abbreviation": "State v. Chaplin",
  "decision_date": "1981-02-17",
  "docket_number": "",
  "first_page": "327",
  "last_page": "330",
  "citations": [
    {
      "type": "official",
      "cite": "433 A.2d 327"
    }
  ],
  "court": {
    "name_abbreviation": "Del.",
    "id": 9322,
    "name": "Delaware Supreme Court"
  },
  "jurisdiction": {
    "id": 8,
    "name_long": "Delaware",
    "name": "Del."
  },
  "cites_to": [
    {
      "cite": "395 A.2d 1082",
      "category": "reporters:state_regional",
      "reporter": "A.2d",
      "case_ids": [
        8038705
      ],
      "year": 1978,
      "opinion_index": 0,
      "case_paths": [
        "/a2d/395/1082-01"
      ]
    },
    {
      "cite": "446 U.S. 420",
      "category": "reporters:federal",
      "reporter": "U.S.",
      "case_ids": [
        6183794
      ],
      "weight": 3,
      "opinion_index": 0,
      "case_paths": [
        "/us/446/0420-01"
      ]
    },
    {
      "cite": "428 U.S. 153",
      "category": "reporters:federal",
      "reporter": "U.S.",
      "case_ids": [
        6176749
      ],
      "weight": 3,
      "opinion_index": 0,
      "case_paths": [
        "/us/428/0153-01"
      ]
    },
    {
      "cite": "408 U.S. 238",
      "category": "reporters:federal",
      "reporter": "U.S.",
      "case_ids": [
        1782791
      ],
      "weight": 3,
      "opinion_index": 0,
      "case_paths": [
        "/us/408/0238-01"
      ]
    }
  ],
  "analysis": {
    "cardinality": 565,
    "char_count": 12254,
    "ocr_confidence": 0.814,
    "pagerank": {
      "raw": 1.0479451706754965e-07,
      "percentile": 0.5527272053312761
    },
    "sha256": "deaca5a6f040cca10d33bdb53a322653aa58ba299800b15643ec2d9650671011",
    "simhash": "1:7b4caed2fd3ed55f",
    "word_count": 1990
  },
  "last_updated": "2024-02-27T20:27:02.607962+00:00",
  "provenance": {
    "date_added": "2019-08-29",
    "source": "Harvard",
    "batch": "2018"
  },
  "casebody": {
    "judges": [],
    "parties": [
      "STATE of Delaware, v. Michael CHAPLIN, Defendant."
    ],
    "opinions": [
      {
        "text": "O\u2019HARA, Judge.\nIn the aftermath of the jury verdict, returned February 12, 1981, finding the defendant guilty of First Degree Murder, a question has arisen with respect to the request of the State regarding instructions to be given to the jury in the punishment hearing scheduled for Tuesday, February 17, 1981.\nThe history of capital punishment in this country is an extensive one and will not be reviewed here except for more recent events which are relevant to an understanding of the issue which has been raised in this case.\nThe United States Supreme Court in the case of Furman v. Georgia, 408 U.S. 238, 92 S.Ct. 2726, 33 L.Ed.2d 346, decided June 29, 1972, determined that the penalty of death may not be imposed under sentencing provisions that create a substantial risk that the punishment would be imposed in a manner which might be described as arbitrary or capricious. Thereafter, the same Court, on July 2, 1976, in the case of Gregg v. Georgia, 428 U.S. 153, 96 S.Ct. 2909, 49 L.Ed.2d 859, had occasion to examine the sentencing procedures established by the State of Georgia to determine whether or not they met the constitutional test set forth in the Fur-man decision. The Court upheld the Georgia system, with respect to the imposition of the death penalty, holding that it did not violate the Eighth and Fourteenth Amendments to the United States Constitution.\nAs a consequence of the Gregg decision, many States throughout the country quickly enacted legislation approximating the system established in Georgia in an effort to also meet the mandate of the Furman decision and the requirements of the Eighth and Fourteenth Amendments. Delaware was one of those States adopting what is now \u00a7 4209 of Title 11 of the Delaware Code, which became effective May 14, 1977.\nIn summary form, \u00a7 4209 provides that when a jury finds a defendant guilty of Murder in the First Degree, there will be a second, or bifurcated hearing, before the same jury, for the purposes of determining the punishment which should be meted out to the defendant. A sentence of death, under the Delaware law, cannot be imposed unless the jury unanimously finds, beyond a reasonable doubt, that at least one statutory aggravating circumstance existed and, also, that they unanimously recommend that a sentence of death be imposed. If the jury cannot unanimously find that at least one statutory aggravating circumstance exists and cannot unanimously recommend death, then the Court automatically imposes a sentence of life imprisonment without benefit of probation or parole\nIn subsection (e)(1) of \u00a7 4209 the Delaware law sets forth a list of aggravating circumstances which, in its original form, were 19 in number, at least one of which the jury must find to have existed before the sentence of death may be imposed in any case. In this case the State requests that the Court instruct the jury with respect to the aggravating circumstance described in \u00a7 4209(e)(l)n (referred to hereafter as \u201c(e)(l)n\u201d). The defendant, on the other hand, objects to the State\u2019s requested instruction contending that the aggravating circumstance described in \u00a7 (e)(l)n violates the Eighth and Fourteenth Amendments to the United States Constitution and the standards enunciated in the Furman decision.\nThe aggravating circumstance set forth in \u00a7 (e)(l)n reads as follows:\n\u201cn. The murder was outrageously or wantonly vile, horrible or inhuman.\u201d\n\u00a7 (e)(l)n is concededly the only statutory aggravating circumstance which could possible apply to the facts presented in the case, so that the issue joined is whether or not this particular aggravating circumstance meets the constitutional test.\nIn the Gregg case the United States Supreme Court upheld the general scheme or system adopted in Georgia, in cases involving a potential death penalty, but was not called upon specifically to rule upon the aggravating circumstance presented in this case. It is interesting to note, however, that in the Gregg case, the jury, at trial, was presented with three possible aggravating circumstances, including the seventh statutory aggravating circumstance listed in the Georgia statute, (referred to hereafter as \u201c\u00a7 (b)(7)\u201d), which authorized the imposition of the death penalty if the murder was \u201coutrageously or wantonly vile, horrible or inhuman in that it involved torture, depravity of mind, or an aggravated battery to the victim.\u201d The Georgia jury, in its verdicts found that the other two aggravating circumstances presented to them did, in fact, exist, but did not make such a finding with respect to \u00a7 (b)(7) statutory aggravating circumstance. The Supreme Court, nevertheless, in its opinion, dealt with this particular aggravating circumstance because the defendant attacked it as part of his argument that the entire statutory scheme under the Georgia law should be found unconstitutional. The Supreme Court disagreed that this aggravating circumstance was so broad that capital punishment could be imposed in any murder case, saying there was no reason to assume that the Supreme Court of Georgia would construe any murder case to involve depravity of mind or an aggravated battery. The Court did, therefore, seem to have sustained the legitimacy of the Georgia \u00a7 (b)(7) statutory aggravating circumstance at least to the extent of holding that it was not unconstitutional on its face.\nThe \u00a7 (b)(7) statutory aggravating circumstance under the Georgia law is similar to that found in \u00a7 (e)(l)n under the Delaware law, with the exception that the language \u201cin that it involved torture, depravity of mind, or an aggravated battery to the victim\u201d, appearing at the end of the Georgia statutory circumstance, does not appear at all in the Delaware statutory circumstance. The question would then appear to be whether this difference in language would affect the legitimacy of the Delaware law in view of the Gregg holding which sustained the broader language.\nAssistance in resolving this issue can be gained from the decision of the United States Supreme Court in Godfrey v. Georgia, 446 U.S. 420, 100 S.Ct. 1759, 64 L.Ed.2d 398, decided May 19, 1980. In the Godfrey case the defendant was found, within a short period of time, to have murdered his estranged wife by shooting her through a window and then his mother-in-law, in direct confrontation. He was convicted of Murder in the First Degree as to both kill-mgs. The case was presented to the Georgia jury with the only aggravating circumstance possibly applying being \u00a7 (b)(7). The jury found that circumstance to apply to both murders involved and the defendant was sentenced to death. Although the jury had been instructed by the Court as to the language of \u00a7 (b)(7), in its extended form, as I have read it to you, the jury, nevertheless, in returning its verdicts said that the aggravating circumstance as to each conviction was that the offense was \u201coutrageously or wantonly vile, horrible or inhuman.\u201d The jury did not include in its findings the additional language found in \u00a7 (b)(7) but, in fact, set forth their findings in the exact language found in the Delaware statute. The United States Supreme Court concluded that the sentence of death in the God-frey case was based on nothing more than a finding that the offense was \u201coutrageously or wantonly vile, horrible or inhuman,\u201d and held that:\n\u201cThere is nothing in these few words standing alone that implies any inherent restraint on the arbitrary and capricious infliction of the death sentence. There is no principled way to distinguish this case in which the death penalty was imposed, from the many cases in which it was not. Accordingly, the judgment of the Georgia Supreme Court, insofar as it leaves standing the petitioner\u2019s death sentences, is reversed.\u201d\nIn striking down the death penalty sentences in the Godfrey ease, the United States Supreme Court pointed out that to meet constitutional requirements, a State\u2019s system providing for the death penalty necessarily must include an independent review of the record by the State\u2019s highest Court to prevent death sentences being imposed by or in the uncontrolled discretion of a jury. The Georgia system does provide for such a review but in the Godfrey case itself the jury, in its verdicts, did not specify that they found all of the matters required under the language of \u00a7 (b)(7) making it impossible for the reviewing Court to determine whether the jury concluded that the evidence presented would support the particular aggravating circumstance found. The Court in examining the evidence concluded that, in any event, it would not have supported the full statement of the standard required under \u00a7 (b)(7). The United States Supreme Court, having found the language, which we now find is the entirety of the language of Delaware\u2019s \u00a7 (e)(l)n, to be insufficient to meet the constitutional test, it would seem to follow that that section of the Delaware statute is unconstitutional and cannot be presented to a jury for consideration as an aggravating circumstance.\nWhile this particular aggravating circumstance has not been ruled upon by the Delaware Supreme Court, the Delaware Court has been called upon to determine whether or not other of the statutory aggravating circumstances found in \u00a7 4209(e)(1) are constitutional. In State v. White, Del.Supr., 395 A.2d 1082 (1978), the Delaware Supreme Court was called upon to determine the validity of statutory aggravating circumstances described solely as the victim being \u201celderly\u201d or \u201cdefenseless\u201d [subsection (e)(l)r and s]. The Court in the White case had this to say with respect to these two statutory circumstances:\n\u201cThe defendants assert that the aggravating circumstances which are designated in our statute simply as \u2018elderly\u2019 and \u2018defenseless\u2019 victims, without further definition, are unconstitutionally broad and vague; that those aggravating circumstances do not provide adequate guidelines to channel the discretion of the sentencing authority sufficiently to constitute the clear and objective statutory standard mandated by Gregg and its companion cases. We agree.\n* * % * * *\n.... It cannot be said that the words have a common and ordinary meaning sufficiently definite to meet their usage in the context of the Statute.\n* * * * * *\nManifestly, words such as \u2018elderly\u2019 and \u2018defenseless\u2019, without legislative definition of scope and meaning, are susceptible of widely differing interpretations. Thus, by the use of such vague terminology, there is substantial risk that sentencing authorities will inflict the death penalty in an arbitrary and diversified manner. Such vague terms have particular constitutional shortcomings and are particularly unacceptable, when they are applied to the imposition of the death penalty-\nAt the risk of objectional repetition, the crux of the matter is this: The cornerstone of the Eighth and Fourteenth Amendment guarantee against cruel and unusual punishment is that the death penalty not be imposed in a \u2018freakish and wanton\u2019 or arbitrary and capricious manner. It is essential that the jury, or judge where applicable, must be provided by the Statute with clear and objective standards such that their discretion may not be misguided.\u201d\nThe language of our Supreme Court in the White case can and must apply with equal force to the language of \u00a7 (e)(l)n. It is this Court\u2019s conclusion, therefore, that such language is unconstitutionally broad and vague. It is not without significance that the United States Supreme Court in God-frey took time to note that all other statutory aggravating circumstances under the Georgia law are \u201cconsiderably more specific or objectively measurable than \u00a7 (b)(7),\u201d reciting all nine of such circumstances. An identical comment would apply to all the aggravating circumstances under Delaware law after striking \u00a7 (e)(l)n, and the two involving \u201celderly\u201d and \u201cdefenseless\u201d.\nDefendant\u2019s objection to the requested instruction on \u00a7 (e)(l)n must be sustained.\nIT IS SO ORDERED.",
        "type": "majority",
        "author": "O\u2019HARA, Judge."
      }
    ],
    "attorneys": [
      "Stephen M. Walther, Deputy Atty. Gen., Dept, of Justice, Wilmington, for State.",
      "Joseph B. Green, Asst. Public Defender, Wilmington, for defendant."
    ],
    "corrections": "",
    "head_matter": "STATE of Delaware, v. Michael CHAPLIN, Defendant.\nSuperior Court of Delaware, New Castle County.\nSubmitted Feb. 12, 1981.\nDecided Feb. 17, 1981.\nStephen M. Walther, Deputy Atty. Gen., Dept, of Justice, Wilmington, for State.\nJoseph B. Green, Asst. Public Defender, Wilmington, for defendant."
  },
  "file_name": "0327-01",
  "first_page_order": 381,
  "last_page_order": 384
}
