{
  "id": 8073549,
  "name": "JEFFERSON CHEMICAL COMPANY, Inc., a Delaware corporation, Plaintiff, v. MOBAY CHEMICAL COMPANY, a Delaware corporation, Defendant",
  "name_abbreviation": "Jefferson Chemical Co. v. Mobay Chemical Co.",
  "decision_date": "1970-06-10",
  "docket_number": "",
  "first_page": "635",
  "last_page": "637",
  "citations": [
    {
      "type": "official",
      "cite": "267 A.2d 635"
    }
  ],
  "court": {
    "name_abbreviation": "Del. Ch.",
    "id": 9908,
    "name": "Delaware Court of Chancery"
  },
  "jurisdiction": {
    "id": 8,
    "name_long": "Delaware",
    "name": "Del."
  },
  "cites_to": [
    {
      "cite": "253 A.2d 512",
      "category": "reporters:state_regional",
      "reporter": "A.2d",
      "case_ids": [
        8111618
      ],
      "year": 1969,
      "opinion_index": 0,
      "case_paths": [
        "/a2d/253/0512-01"
      ]
    },
    {
      "cite": "156 A. 501",
      "category": "reporters:state_regional",
      "reporter": "A.",
      "year": 1931,
      "opinion_index": 0
    },
    {
      "cite": "18 Del.Ch. 121",
      "category": "reporters:state",
      "reporter": "Del. Ch.",
      "case_ids": [
        474532
      ],
      "year": 1931,
      "opinion_index": 0,
      "case_paths": [
        "/del-ch/18/0121-01"
      ]
    },
    {
      "cite": "29 A. 1039",
      "category": "reporters:state_regional",
      "reporter": "A.",
      "year": 1894,
      "opinion_index": 0
    },
    {
      "cite": "1 Marv. 32",
      "category": "reporters:state",
      "reporter": "Marvel",
      "case_ids": [
        67697
      ],
      "year": 1894,
      "opinion_index": 0,
      "case_paths": [
        "/del/15/0032-01"
      ]
    },
    {
      "cite": "68 C 1227",
      "category": "reporters:state",
      "reporter": "Cow.",
      "opinion_index": 0
    },
    {
      "cite": "U.S. Patent No. 3,102,875",
      "category": "laws:admin_filing",
      "reporter": "U.S. Patent",
      "opinion_index": 0
    }
  ],
  "analysis": {
    "cardinality": 491,
    "char_count": 7639,
    "ocr_confidence": 0.77,
    "pagerank": {
      "raw": 2.0682525599083789e-07,
      "percentile": 0.7574157798389018
    },
    "sha256": "ec8e9f1a41babde6b5dbc6f89b294c6087909276b696bd1199653b3cb273103d",
    "simhash": "1:c297c6a66bd01044",
    "word_count": 1262
  },
  "last_updated": "2024-02-27T22:56:09.945800+00:00",
  "provenance": {
    "date_added": "2019-08-29",
    "source": "Harvard",
    "batch": "2018"
  },
  "casebody": {
    "judges": [],
    "parties": [
      "JEFFERSON CHEMICAL COMPANY, Inc., a Delaware corporation, Plaintiff, v. MOBAY CHEMICAL COMPANY, a Delaware corporation, Defendant."
    ],
    "opinions": [
      {
        "text": "DUFFY, Chancellor:\nOn July 30, 1968 Mobay Chemical Company, defendant, (Mobay), notified Jefferson Chemical Company, Inc., plaintiff (Jefferson), of its intention to re-acquire rights to U.S. Letters Patent No. 3,102,875 (\u201cHeiss patent\u201d) and a pending patent application pursuant to an agreement between the parties dated January 26, 1966. Thereafter, Jefferson filed in this Court a complaint for declaratory relief in which it seeks to remove this cloud on its rights to the Heiss patent. This is the decision on Jefferson\u2019s motion for summary judgment.\nA.\nJefferson contends that Mobay may not assert, as a failure of condition to the 1966 contract, Jefferson\u2019s agreement on June 12, 1968 to dismissal of a patent infringement action in the United States District Court for the Northern District of Illinois against The General Tire & Rubber Company (General Tire). That action was filed by Jefferson on January 25, 1968, one day before expiration of a two-year period during which (under the 1966 contract) it was to have either (a) granted a license under the Heiss patent, or (b) \u201cfiled at least one complaint in a Federal District Court charging at least one party with infringement\u201d of the Heiss patent. General Tire moved to dismiss for improper venue, and the order of dismissal states that Jefferson has\n\u201c * * * represented to the Court that it will not contest this procedural motion because it does not feel it should expend the necessary time and money when there is pending' in the Southern District of New York, a complaint for Declaratory Judgment brought by the defendant herein, against the plaintiff on the same U.S. Patent No. 3,102,875 involved here, Civil Action 68 C 1227, filed March 26, 1968, which complaint plaintiff herein has answered and against which it has brought its counterclaims and in which action plaintiff can proceed on the merits of the issues which would be involved in the present proceeding.\u201d\nThus Jefferson had counterclaimed in the Southern District of New York alleging the same interference that it had pleaded in Illinois. But Mobay argues that Jefferson\u2019s dismissal in Illinois was a \u201ctermination\u201d within the meaning of the contractual provision which states:\n\u201c5.1C In the event Jefferson terminates the lawsuit instituted by the complaint of paragraph 5.IB hereof without obtaining a judgment on the question of infringement or without granting a license on terms no less favorable to Jefferson than those recited in paragraph 4.2 hereof, Jefferson agrees to reassign promptly to Mobay * * * [the Heiss patent and the application].\u201d\nFor this reason, says Mobay, the motion for summary judgment should be denied.\nIt is the province of courts to interpret (and not to make) contracts by ascertaining the legal import of the language employed by the parties themselves to express their agreement. Dover Glass Works Co. v. American Fire Ins. Co., 1 Marv. 32, 29 A. 1039 (1894). Our function is not to re-write or re-state what the parties have said. We read what is written and when it is plain, when only one meaning can be found in the words used, our duty is to state that meaning and go on to the next step in the judicial process.\nJefferson argues that the word \u201cterminates\u201d in \u00a7 5.1C means \u201cterminates finally without revival in the same or a different forum.\u201d To adopt that view is to engraft on what the parties said. The word needs no construction. Terminate means terminate \u2014 to end. And Jefferson did just that to its lawsuit. There is no doubt, either, that the action which it ended was the same suit it filed to meet the contract provision with respect to charging infringement of the Heiss patent. Since Jefferson terminated \u201cthe\u201d lawsuit without obtaining a judgment in its favor or without granting a license, it follows that it has not any benefit under \u00a7 5.1C.\nB.\nBut to say this is not to end the matter, because there remains the question of whether Mobay may rely on Jefferson\u2019s termination as a basis of its claim to reassignment of the patent. Jefferson argues that to require re-assignment under the circumstances would be to enforce a forfeiture. I agree.\nEquity, of course, abhors a forfeiture. And it is not obliged to permit a party to get the advantages which a forfeiture would give him. Old Time Petroleum Co. v. Turcol, 18 Del.Ch. 121, 156 A. 501 (1931). It will disregard a forfeiture occasioned by failure to comply with the very letter of an agreement when it has been substantially performed. 2 Pomeroy\u2019s Equity Jurisprudence (5 ed) \u00a7 451b. I think that principle is applicable here. And I say this because Jefferson had at all relevant times formally sought in an appropriate pleading to obtain from a Federal court \u201ca judgment on the question of infringement\u201d. Specifically, it had submitted that issue in its counterclaim in New York before it dismissed in Illinois. Clearly that was the substantive objective sought under \u00a7 5.1C and Jefferson had that issue in litigation without interruption. This section seems directed only to requiring prosecution to judgment of the infringement issue and, indeed, no other purpose has been suggested. In any event, it was hardly designed to require maintenance of a lawsuit without reference to its purpose.\nDismissal by Jefferson in Illinois was a technical mistake (a stay should probably have been sought) which I think this Court should not turn into the basis for a judgment against it. This is particularly true when there is no showing of bad faith on Jefferson\u2019s part (as regards the dismissal), when it was proceeding to litigate diligently in New York, and when it has spent some $55,000 in counsel fees for that purpose. I should also note that it had paid Mobay some $90,000 pursuant to the contract.\nJefferson\u2019s motion does not include, and I do not decide, Mobay\u2019s right to judgment on its counterclaim based on Jefferson\u2019s alleged failure to use all reasonable efforts to license the Heiss patent within two years from the date of the contract.\nOrder on notice.\n. The material facts are stated in a prior opinion of this Court, Del.Ch., 253 A.2d 512 (1969).\n. Mobay argues that the situation here is analogous to that which arises when an action brought within the period of limitations is dismissed and a new action is filed beyond the statutory period. 34 Am. Jur., Limitations of Actions, \u00a7 281. But I do not regard the analogy to statutory limitation at law as persuasive. Mobay also says that there is a strong tendency in the cases to leave parties, particularly sophisticated corporations, to their own devices, even to the extent of enforcing a forfeiture. The contract, in particular that part of it spelling out forfeiture, and the circumstances of default are all significant factors in determining what a court does. I am' not persuaded that the Court should here enforce a forfeiture following what I believe is a technical default in ending a given lawsuit. In my view the parties did not contract for a forfeiture. 2 Pomeroy, supra, \u00a7 450.",
        "type": "majority",
        "author": "DUFFY, Chancellor:"
      }
    ],
    "attorneys": [
      "James M. Tunnell, Jr., and Paul P. Welsh, of Morris, Nichols, Arsht & Tun-nell, Wilmington, Carl G. Ries, Houston, Tex., and John R. Allen and James R. Sweeney, of Hofgren, Wegner, Allen, Stellman & McCord, Chicago, Ill., for plaintiff.",
      "David F. Anderson, E. Dickinson Grif-fenberg, Jr., and Michael D. Goldman, of Potter, Anderson & Corroon, Wilmington, Clelle W. Upchurch, District of Columbia, and John H. Sutherland, St. Louis, Mo., for defendant."
    ],
    "corrections": "",
    "head_matter": "JEFFERSON CHEMICAL COMPANY, Inc., a Delaware corporation, Plaintiff, v. MOBAY CHEMICAL COMPANY, a Delaware corporation, Defendant.\nCourt of Chancery of Delaware, New Castle.\nJune 10, 1970.\nJames M. Tunnell, Jr., and Paul P. Welsh, of Morris, Nichols, Arsht & Tun-nell, Wilmington, Carl G. Ries, Houston, Tex., and John R. Allen and James R. Sweeney, of Hofgren, Wegner, Allen, Stellman & McCord, Chicago, Ill., for plaintiff.\nDavid F. Anderson, E. Dickinson Grif-fenberg, Jr., and Michael D. Goldman, of Potter, Anderson & Corroon, Wilmington, Clelle W. Upchurch, District of Columbia, and John H. Sutherland, St. Louis, Mo., for defendant."
  },
  "file_name": "0635-01",
  "first_page_order": 667,
  "last_page_order": 669
}
