{
  "id": 7874441,
  "name": "Michele L. SCHROEDER and John Schroeder, W/H Appellees, v. Richard D. SCHRADER, Appellant",
  "name_abbreviation": "Schroeder v. Schrader",
  "decision_date": "1996-08-28",
  "docket_number": "",
  "first_page": "1305",
  "last_page": "1310",
  "citations": [
    {
      "type": "official",
      "cite": "682 A.2d 1305"
    }
  ],
  "court": {
    "name_abbreviation": "Pa. Super. Ct.",
    "id": 8775,
    "name": "Superior Court of Pennsylvania"
  },
  "jurisdiction": {
    "id": 6,
    "name_long": "Pennsylvania",
    "name": "Pa."
  },
  "cites_to": [
    {
      "cite": "664 A.2d 1081",
      "category": "reporters:state_regional",
      "reporter": "A.2d",
      "case_ids": [
        7875001
      ],
      "pin_cites": [
        {
          "page": "1084"
        }
      ],
      "opinion_index": 0,
      "case_paths": [
        "/a2d/664/1081-01"
      ]
    },
    {
      "cite": "331 Pa.Super. 373",
      "category": "reporters:state",
      "reporter": "Pa. Super.",
      "case_ids": [
        612895
      ],
      "weight": 2,
      "year": 1984,
      "pin_cites": [
        {
          "parenthetical": "the No-Fault Act provides for basic loss benefits for recovery of wages actually lost, but not for lost earning capacity"
        },
        {
          "parenthetical": "the No-Fault Act provides for basic loss benefits for recovery of wages actually lost, but not for lost earning capacity"
        }
      ],
      "opinion_index": 0,
      "case_paths": [
        "/pa-super/331/0373-01"
      ]
    },
    {
      "cite": "337 Pa.Super. 419",
      "category": "reporters:state",
      "reporter": "Pa. Super.",
      "case_ids": [
        624045
      ],
      "weight": 2,
      "year": 1985,
      "pin_cites": [
        {
          "parenthetical": "trial court erred in- molding the verdict by deducting an amount representing possible wage loss benefits collectible from her no-fault carrier"
        },
        {
          "parenthetical": "trial court erred in- molding the verdict by deducting an amount representing possible wage loss benefits collectible from her no-fault carrier"
        }
      ],
      "opinion_index": 0,
      "case_paths": [
        "/pa-super/337/0419-01"
      ]
    },
    {
      "cite": "341 Pa.Super. 280",
      "category": "reporters:state",
      "reporter": "Pa. Super.",
      "case_ids": [
        631031
      ],
      "weight": 2,
      "year": 1985,
      "pin_cites": [
        {
          "parenthetical": "based on judge's instructions to the jury on loss of future earning capacity, an award for future lost earnings was not intended to compensate for future wages actually lost"
        },
        {
          "parenthetical": "based on judge's instructions to the jury on loss of future earning capacity, an award for future lost earnings was not intended to compensate for future wages actually lost"
        }
      ],
      "opinion_index": 0,
      "case_paths": [
        "/pa-super/341/0280-01"
      ]
    },
    {
      "cite": "664 A.2d 1038",
      "category": "reporters:state_regional",
      "reporter": "A.2d",
      "case_ids": [
        725697,
        7874491
      ],
      "year": 1995,
      "opinion_index": 0,
      "case_paths": [
        "/pa-super/445/0121-01",
        "/a2d/664/1038-01"
      ]
    },
    {
      "cite": "445 Pa.Super. 121",
      "category": "reporters:state",
      "reporter": "Pa. Super.",
      "case_ids": [
        725697
      ],
      "year": 1995,
      "opinion_index": 0,
      "case_paths": [
        "/pa-super/445/0121-01"
      ]
    },
    {
      "cite": "417 Pa.Super. 145",
      "category": "reporters:state",
      "reporter": "Pa. Super.",
      "case_ids": [
        914303
      ],
      "weight": 2,
      "year": 1992,
      "pin_cites": [
        {
          "parenthetical": "both the majority and dissenting opinions emphasize Pennsylvania's policy of limiting an injured employee to a single recovery through the interplay between sections 1720 and 1722"
        },
        {
          "parenthetical": "both the majority and dissenting opinions emphasize Pennsylvania's policy of limiting an injured employee to a single recovery through the interplay between sections 1720 and 1722"
        }
      ],
      "opinion_index": 0,
      "case_paths": [
        "/pa-super/417/0145-01"
      ]
    },
    {
      "cite": "636 A.2d 1130",
      "category": "reporters:state_regional",
      "reporter": "A.2d",
      "case_ids": [
        937930,
        7374183
      ],
      "year": 1994,
      "pin_cites": [
        {
          "page": "1137"
        }
      ],
      "opinion_index": 0,
      "case_paths": [
        "/pa-super/431/0366-01",
        "/a2d/636/1130-01"
      ]
    },
    {
      "cite": "431 Pa.Super. 366",
      "category": "reporters:state",
      "reporter": "Pa. Super.",
      "case_ids": [
        937930
      ],
      "year": 1994,
      "pin_cites": [
        {
          "page": "379"
        }
      ],
      "opinion_index": 0,
      "case_paths": [
        "/pa-super/431/0366-01"
      ]
    },
    {
      "cite": "656 A.2d 102",
      "category": "reporters:state_regional",
      "reporter": "A.2d",
      "case_ids": [
        472138,
        7864534
      ],
      "weight": 2,
      "year": 1995,
      "pin_cites": [
        {
          "page": "106",
          "parenthetical": "affirming and quoting the Superior Court's opinion in Ducjai v. Dennis, 431 Pa.Super. 366, 379, 636 A.2d 1130, 1137 (1994)"
        }
      ],
      "opinion_index": 0,
      "case_paths": [
        "/pa/540/0103-01",
        "/a2d/656/0102-01"
      ]
    },
    {
      "cite": "540 Pa. 103",
      "category": "reporters:state",
      "reporter": "Pa.",
      "case_ids": [
        472138
      ],
      "weight": 2,
      "year": 1995,
      "pin_cites": [
        {
          "page": "112",
          "parenthetical": "affirming and quoting the Superior Court's opinion in Ducjai v. Dennis, 431 Pa.Super. 366, 379, 636 A.2d 1130, 1137 (1994)"
        }
      ],
      "opinion_index": 0,
      "case_paths": [
        "/pa/540/0103-01"
      ]
    },
    {
      "cite": "557 A.2d 1064",
      "category": "reporters:state_regional",
      "reporter": "A.2d",
      "case_ids": [
        466352,
        1817482,
        1817471
      ],
      "year": 1989,
      "pin_cites": [
        {
          "page": "1066",
          "parenthetical": "emphasis added"
        }
      ],
      "opinion_index": 0,
      "case_paths": [
        "/pa-super/384/0100-01",
        "/pa/521/0536-01",
        "/pa/521/0537-01"
      ]
    },
    {
      "cite": "384 Pa.Super. 100",
      "category": "reporters:state",
      "reporter": "Pa. Super.",
      "case_ids": [
        466352
      ],
      "year": 1989,
      "pin_cites": [
        {
          "page": "103-04",
          "parenthetical": "emphasis added"
        }
      ],
      "opinion_index": 0,
      "case_paths": [
        "/pa-super/384/0100-01"
      ]
    },
    {
      "cite": "647 A.2d 616",
      "category": "reporters:state_regional",
      "reporter": "A.2d",
      "case_ids": [
        1466732,
        7866988
      ],
      "year": 1994,
      "opinion_index": 0,
      "case_paths": [
        "/pa-commw/167/0060-01",
        "/a2d/647/0616-01"
      ]
    },
    {
      "cite": "167 Pa. Commw. 60",
      "category": "reporters:state",
      "reporter": "Pa. Commw.",
      "case_ids": [
        1466732
      ],
      "year": 1994,
      "opinion_index": 0,
      "case_paths": [
        "/pa-commw/167/0060-01"
      ]
    },
    {
      "cite": "674 A.2d 257",
      "category": "reporters:state_regional",
      "reporter": "A.2d",
      "case_ids": [
        7859977,
        734378
      ],
      "weight": 3,
      "year": 1996,
      "pin_cites": [
        {
          "page": "260"
        },
        {
          "page": "401"
        },
        {
          "page": "260-61",
          "parenthetical": "citations omitted"
        }
      ],
      "opinion_index": 0,
      "case_paths": [
        "/a2d/674/0257-01",
        "/pa-super/449/0395-01"
      ]
    },
    {
      "cite": "449 Pa.Super. 395",
      "category": "reporters:state",
      "reporter": "Pa. Super.",
      "case_ids": [
        734378
      ],
      "year": 1996,
      "pin_cites": [
        {
          "page": "400-01"
        }
      ],
      "opinion_index": 0,
      "case_paths": [
        "/pa-super/449/0395-01"
      ]
    },
    {
      "cite": "634 A.2d 224",
      "category": "reporters:state_regional",
      "reporter": "A.2d",
      "year": 1993,
      "opinion_index": 0
    },
    {
      "cite": "535 Pa. 661",
      "category": "reporters:state",
      "reporter": "Pa.",
      "year": 1993,
      "opinion_index": 0
    },
    {
      "cite": "418 Pa.Super. 375",
      "category": "reporters:state",
      "reporter": "Pa. Super.",
      "case_ids": [
        916886
      ],
      "weight": 4,
      "year": 1992,
      "pin_cites": [
        {
          "page": "379"
        },
        {
          "page": "322"
        },
        {
          "page": "379"
        },
        {
          "page": "322"
        }
      ],
      "opinion_index": 0,
      "case_paths": [
        "/pa-super/418/0375-01"
      ]
    },
    {
      "cite": "637 A.2d 689",
      "category": "reporters:state_regional",
      "reporter": "A.2d",
      "case_ids": [
        7360587,
        1456462
      ],
      "weight": 2,
      "year": 1994,
      "pin_cites": [
        {
          "page": "694"
        }
      ],
      "opinion_index": 0,
      "case_paths": [
        "/a2d/637/0689-01",
        "/pa-commw/161/0453-01"
      ]
    },
    {
      "cite": "161 Pa.Commw. 453",
      "category": "reporters:state",
      "reporter": "Pa. Commw.",
      "case_ids": [
        1456462
      ],
      "weight": 2,
      "year": 1994,
      "pin_cites": [
        {
          "page": "463"
        }
      ],
      "opinion_index": 0,
      "case_paths": [
        "/pa-commw/161/0453-01"
      ]
    },
    {
      "cite": "665 A.2d 1167",
      "category": "reporters:state_regional",
      "reporter": "A.2d",
      "case_ids": [
        458972,
        7880612
      ],
      "year": 1995,
      "pin_cites": [
        {
          "page": "1170"
        }
      ],
      "opinion_index": 0,
      "case_paths": [
        "/pa/542/0124-01",
        "/a2d/665/1167-01"
      ]
    },
    {
      "cite": "542 Pa. 124",
      "category": "reporters:state",
      "reporter": "Pa.",
      "case_ids": [
        458972
      ],
      "year": 1995,
      "pin_cites": [
        {
          "page": "130"
        }
      ],
      "opinion_index": 0,
      "case_paths": [
        "/pa/542/0124-01"
      ]
    }
  ],
  "analysis": {
    "cardinality": 855,
    "char_count": 19061,
    "ocr_confidence": 0.691,
    "pagerank": {
      "raw": 4.03580807328026e-08,
      "percentile": 0.20043002507095972
    },
    "sha256": "1358b8fa7f5232ab669244bd9b66cd69dc9aaacb1e40f2c8daad1d18e394c11c",
    "simhash": "1:8ca9b0ce7e4dcd78",
    "word_count": 3023
  },
  "last_updated": "2024-02-27T19:34:00.047482+00:00",
  "provenance": {
    "date_added": "2019-08-29",
    "source": "Harvard",
    "batch": "2018"
  },
  "casebody": {
    "judges": [
      "Before POPOVICH, SAYLOR and EAKIN, JJ."
    ],
    "parties": [
      "Michele L. SCHROEDER and John Schroeder, W/H Appellees, v. Richard D. SCHRADER, Appellant."
    ],
    "opinions": [
      {
        "text": "EAKIN, Judge:\nRichard Schrader appeals from the June 9, 1995 order granting the post-trial motion filed by appellees Michele and John Schroeder. The order reinstated the jury verdict of $43,500 for future loss of earnings, with the jury verdict of $13,000 for past and future noneconomic damage. Judgment was duly entered June 19, 1996, and upon careful review of the issues raised by appellant, we now reverse.\nOn September 26, 1992, appellee Michele Schroeder was injured in a vehicle collision in Shamokin Dam, Snyder County. As she was in the course of her employment at the time, appellee began receiving weekly workers\u2019 compensation benefits of $227.50 on October 22,1992.\nShe sued appellant, the driver of the other car. Prior to trial, the court ruled that any award in favor of appellee would be reduced by amounts paid or payable to appellee by her insurance and workers\u2019 compensation. The court based its ruling on section 1722 of the Motor Vehicle Financial Responsibility Law (\u201cMVFRL\u201d) as it existed on the date of the incident, September 26, 1992. That section, along with section 1720, was modified, in 1993 as part of various reforms of the Workers\u2019 Compensation Act.\nAppellant stipulated to negligence and the case proceeded to trial, which commenced on March 21,1995. The jury returned a verdict in favor of appellees, and awarded her past lost earnings of $33,500.00, future lost earnings of $43,500.00 (based on a three year period of disability), and $13,000.00 for pain and suffering. Consistent with its pre-trial ruling, the court molded the award to reflect amounts paid to appellee from other sources; specifically, he reduced the award for past lost earnings to zero, and molded the award for future lost earnings to $8,010.00.\nAppellees filed a motion for post-trial relief challenging the court\u2019s interpretation of section 1722 and the molding of the award for future lost earnings ($8,010.00). The trial court granted the motion, concluding that at the time the complaint was filed, plaintiffs were no longer precluded from recovering benefits payable in the future under workers\u2019 compensation; the court reversed itself as to the molded future lost earnings award, and reinstated the jury\u2019s verdict of $43,500.00. This appeal followed.\nAppellant raises the following issues on appeal:\n1. Whether the trial court erred in holding that 75 Pa.C.S.A. \u00a7 1722, as amended by Act 44 of 1993, applies to cases arising from motor vehicle accidents occurring prior to the amended statute\u2019s effective date of August 31,1993?\n2. Whether the version of 75 Pa.C.S. \u00a7 1722 in effect at the time of the motor vehicle accident, September 26, 1992, precluded Plaintiff Michele Schroeder from recovering amounts payable to her in the future in the form of workers\u2019 compensation disability benefits?\nAppellant\u2019s Brief at 3.\nWe initially note that our standard of review is plenary, as we are reviewing a question of law. Phillips v. A-Best Products Company, 542 Pa. 124, 130, 665 A.2d 1167, 1170 (1995).\nAt the time the accident occurred, on September 26, 1992, section 1720 of the MVFRL provided:\nIn actions arising out of the maintenance or use of a motor vehicle, there shall be no right of subrogation or reimbursement from a claimant\u2019s tort recovery with respect to workers\u2019 compensation benefits, benefits available under section 1711 (relating to required benefits), 1712 (relating to availability of benefits) or 1715 (relating to availability of adequate limits) or benefits paid or payable by a program, group contract or other arrangement whether primary or excess under section 1719 (relating to coordination of benefits.\n75 Pa.C.S. \u00a7 1720 (emphasis added). On that date, section 1722 of the MVFRL provided:\nIn any action for damages against a tortfeasor, or in any uninsured or underin-sured motorist proceeding, arising out of the maintenance or use of a motor vehicle, a person who is eligible to receive benefits under the coverages set forth in this sub-chapter, or workers\u2019 compensation, or any program, group contract or other arrangement for payment of benefits as defined in section 1719 (relating to coordination of benefits) shall be precluded from recovering the amount of benefits paid or payable under this subchapter, or workers\u2019 compensation, or any program, group contract or other arrangement for payment of benefits as defined in section 1719.\n75 Pa.C.S. \u00a7 1722 (emphasis added). Effective August 31, 1993, revisions to the Workers\u2019 Compensation Act repealed sections 1720 and 1722 to the extent that they relate to workers\u2019 compensation payments or other benefits under that Act.\nThus, before the amendment, a claimant could not recover amounts paid or payable under workers\u2019 compensation and, balanced against that provision, a workers\u2019 compensation carrier had no right of subrogation for workers\u2019 compensation benefits. By contrast, after the 1993 amendments, a plaintiffs recovery is not reduced by the amount of workers\u2019 compensation benefits, and the workers\u2019 compensation carrier has the right of subrogation for any benefits paid in connection with the action.\nIn this case, the accident occurred on September 26,1992. Sections 1720 and 1722 were amended effective August 31, 1993. The complaint was filed March 29, 1994. Thus, when the cause of action arose, appel-lee was not entitled to recover amounts paid or payable under workers\u2019 compensation and, correlatively, her employer\u2019s workers\u2019 compensation carrier had no right of subrogation. When the complaint was filed, however, the law had been changed to allow both recovery and subrogation. The question is: which versions of 1720 and 1722 are applicable to this case?\nIn Byard F. Brogan, Inc. v. W.C.A.B. (Morrissey), 161 Pa.Commw. 453, 637 A.2d 689 (1994), the Commonwealth Court held that the 1993 amendment of section 1720 does not apply to cases where the injury occurred prior to the effective date of the amendment, since it is a provision dealing with substantive rights and may not be applied retroactively. Brogan makes it clear that the workers\u2019 compensation carrier has no right of subrogation. That is, as a substantive change, the amendment cannot apply to change rights as they existed on the date of the accident.\nBut what, then is the effect of amended section 1722? The trial court determined that, unlike section 1720, section 1722 is procedural in nature, and thus, it should be applied as it exists at time of trial, even where the cause of action arose before the date of amendment. The trial court\u2019s decision, in light of Brogan, creates a window of opportunity for appellee to receive a double recovery; she was allowed to recover again for damages already paid to her, with no obligation to subrogate the original payor. Appellant urges this court to reject such a construction as a violation of the legislature\u2019s intent to prevent double recovery for injuries also compensable under workers\u2019 compensation.\nA statute is generally applied prospectively. Sanders v. Loomis Armored, Inc., 418 Pa.Super. 375, 379, 614 A.2d 320, 322 (1992), alloc. denied, 535 Pa. 661, 634 A.2d 224 (1993). \u201cNo statute shall be construed to be retroactive unless clearly and manifestly so intended by the General Assembly.\u201d 1 Pa.C.S. \u00a7 1926. Although amendments involving procedural matters may be applied to cases filed after their effective date, substantive rights are governed by the law which is in effect at the time the cause of action arises. Stroback v. Camaioni, 449 Pa.Super. 395, 400-01, 674 A.2d 257, 260 (1996). The distinction between procedural and substantive matters can be elusive; we are generally guided by the following principles:\nA law is only retroactive in its application when it relates back and gives a previous transaction a legal effect different from that which it had under the law in effect when it transpired. Only where no substantive right or contractual obligation is involved may a subsequently enacted statute be applied to a condition existing on its effective date where the condition results from events occurring prior to the effective date of the statute. A newly enacted law may be applied retroactively if it impairs no contract and disturbs no vested right, but only varies remedies, cures defects in proceedings otherwise fair, and does not vary existing obligations contrary to their situation when originally undertaken. Moreover, amendatory statutes are not to be construed as retroactive unless such a construction is so clear as to preclude all question as to the intention of the legislature. This rule of statutory construction is particularly applicable when the legislation in question interferes with existing contractual obligations or antecedent rights.\nId. at 401, 674 A.2d at 260-61 (citations omitted).\nThe Brogan court recognized the distinction between procedural matters and substantive law when it concluded that section 1720 may not be construed retroactively. The Commonwealth Court has recognized that an employers\u2019 right to subrogation is a substantive right which cannot be altered by retroactive application of subsequent legislation. Fulmer v. Commonwealth of Pennsylvania, Pennsylvania State Police, 167 Pa. Commw. 60, 62-66 n. 3, 647 A.2d 616, 618-19 n. 3 (1994); Brogan, 161 Pa.Commw. at 463, 637 A.2d at 694.\nWe also note the principle of statutory construction which disfavors extending liability:\nA statute creating a new liability or increasing an existing liability, or even a remedial statute giving a remedy against a person who would not otherwise be liable, must be strictly construed in favor of persons sought to be subjected to their operation. Such statutes will not be so extended as to include liabilities other than those designated or fairly within their terms. However, the rule of strict construction does not authorize the court to thwart, by a narrow construction, a clear legislative intent to impose a new liability.\nGoebert v. Ondek, 384 Pa.Super. 100, 103-04, 557 A.2d 1064, 1066 (1989) (emphasis added).\nApplying the foregoing principles to this case, we see there is no indication that the legislature intended a retroactive application of sections 1720 and 1722, and neither party advances such an argument. Therefore, the amended version of section 1722 must be construed prospectively unless it is determined to involve only matters of procedure. The trial court determined that application of the 1993 amended version of section 1722 was procedural in nature because it would affect only damages. While this may be a correct observation, we fail to discern a significant difference between a workers\u2019 compensation carrier\u2019s right of subrogation, a substantive right according to the Commonwealth Court, and a defendant\u2019s rights and obligations regarding damages it must pay under a plaintiff\u2019s verdict. That is, to the appellee, it may seem a matter of mere procedure to determine from which pocket she will be paid for her damages. It is not merely procedural to the owners of those pockets. To the appellant, the amendments create an obligation to pay certain matters which he had no pre-amendment obligation to pay; that is no less substantive than is the obligation of appellee to repay her employer, the issue decided in Brogan.\nEach party is affected by the damages it is ultimately responsible to pay, and each party has a vested right or interest under the MVFRL, which controls its obligation to the claimant. Thus, in the instant case, each party\u2019s rights and obligations regarding the ultimate source of damages are fixed at the time the cause of action accrued, i.e., pre-amendment. Just as Brogan holds that ap-pellee need not repay her employer amounts received, we hold that appellant need not pay them to her. His substantive obligations were fixed on the date of the collision, and expanding them is more than simply a procedural adjustment. Our conclusion regarding section 1722 is consistent with the Commonwealth Court\u2019s determination regarding section 1720: the amended 1993 versions of neither section 1720 nor 1722 apply to this case.\nA contrary conclusion would defeat the legislative intent underlying sections 1720 and 1722. Both this court and our Supreme Court have expressly acknowledged the interplay between sections 1720 and 1722, and commented that the 1993 amendments \u201creaffirm[ed] the principle that an employee may not seek double recovery for a work-related injury.\u201d Ducjai v. Dennis, 540 Pa. 103, 112, 656 A.2d 102, 106 (1995) (affirming and quoting the Superior Court\u2019s opinion in Ducjai v. Dennis, 431 Pa.Super. 366, 379, 636 A.2d 1130, 1137 (1994)). See also Danish v. Gidley, 417 Pa.Super. 145, 611 A.2d 1307 (1992) (both the majority and dissenting opinions emphasize Pennsylvania\u2019s policy of limiting an injured employee to a single recovery through the interplay between sections 1720 and 1722).\nCompare Palmosina v. Laidlaw Transit Co., Inc., 445 Pa.Super. 121, 664 A.2d 1038 (1995), where this court, construing sections 1722 and 1720, permitted double recovery by an injured employee because of a (presumably inadvertent) legislative omission in a prior amendment. We note that the 1993 amendments contain no such omission; both 1720 and 1722 were modified at the same time and, clearly, were intended to operate together and give effect to the other\u2019s terms in precluding a double recovery.\nOnce we determine that the pre-amendment version of section 1722 applies to this case, we must then address appellant\u2019s contention that this precludes recovery of workers\u2019 compensation benefits payable in the future to appellee Michelle Schroeder. In her post-trial motion, appellee had argued that her award for future lost earnings is not reduced by section 1722, asserting that the award was actually for loss of future earning capacity, not loss of future wages, that insufficient proof of her workers\u2019 compensation benefits was offered at trial, and that molding of an award for future economic losses is speculative. The trial court did not address this issue in its opinion granting the post-trial motion, as it granted the motion on alternate grounds.\nAppellee contends that the pre-amendment version of section 1722 does not preclude her recovery of future loss of earnings and earning capacity. To support this contention, appellee relies on three eases decided under the No-Fault Act, which makes a distinction between loss of earning capacity and actual lost income. See Wilson v. Jones, 341 Pa.Super. 280, 491 A.2d 262 (1985) (based on judge\u2019s instructions to the jury on loss of future earning capacity, an award for future lost earnings was not intended to compensate for future wages actually lost); (Lewis v. Pruitt, 337 Pa.Super. 419, 487 A.2d 16 (1985) (trial court erred in- molding the verdict by deducting an amount representing possible wage loss benefits collectible from her no-fault carrier); Williams v. Dulaney, 331 Pa.Super. 373, 480 A.2d 1080 (1984) (the No-Fault Act provides for basic loss benefits for recovery of wages actually lost, but not for lost earning capacity).\nAppellee\u2019s reliance on these cases is misplaced, as these decisions were based on the language of the repealed No-Fault Act, not the MVFRL. It is the MVFRL, along with the Workers\u2019 Compensation Act, which controls the disposition of this case. Our review of the record shows that the trial judge\u2019s instructions to the jury made no distinction between loss of future earning capacity and future lost wages. Moreover, we can discern no such distinction in the reports of appellee\u2019s expert economist, Dr. Andrew Ver-zilli. For purposes of workers\u2019 compensation benefits, we note that the term \u201cdisability\u201d is synonymous with a loss of earning power. Banic v. W.C.A.B. (Trans-Bridge Lines, Inc.), 664 A.2d 1081, 1084 (Pa.Commw.1995). Appellee submits no controlling or persuasive authority to support a distinction between future lost wages and loss of future earnings capacity.\nThe plain language of section 1722 precludes recovery of benefits \u201cpaid or payable\u201d under workers\u2019 compensation, a term we must construe according to its plain meaning. 1 Pa.C.S. \u00a7 1903(a); Sanders, 418 Pa.Super. at 379, 614 A.2d at 322. While not defined in the Workers\u2019 Compensation Act, the word \u201cpayable\u201d is generally defined as \u201c[c]apable of being paid; suitable to be paid; admitting or demanding payment; justly due; legally enforceable.\u201d Black\u2019s Law Dictionary 1016 (5th ed. 1979). Absent a statutory or judicial definition to the contrary, the word \u201cpayable\u201d plainly refers to a claimant\u2019s entitlement to future payments, until such time as the payments are modified or terminated. See 77 P.S. \u00a7 772.\nFurther, we are not persuaded by appellee\u2019s argument that molding the award for future lost earnings is speculative. She first argues that at trial insufficient evidence was presented of the workers\u2019 compensation payments she has received and will receive in the future. Plaintiffs Exhibit 35 (Notice of Compensation Payable), indicates that weekly benefits of $227.50 were payable effective October 22, 1992. The record reflects no actual adjudication of her entitlement to workers\u2019 compensation benefits. The plaintiff in Ducjai advanced the argument that although she was receiving workers\u2019 compensation benefits, she was also entitled to seek traditional negligence damages in addition to workers\u2019 compensation benefits because her injuries were never formally adjudicated as work-related by a workers\u2019 compensation referee. Our Supreme Court rejected this argument as \u201cfrivolous.\u201d Ducjai 540 Pa. at 106 n. 2, 656 A.2d at 103 n. 2. Appellee\u2019s argument in this case is similarly meritless.\nAccording to the Notice of Compensation Payable, appellee will receive weekly benefits of $227.50 until such time as those payments are modified or terminated. Based on a three year period of disability as determined by the jury, we see nothing speculative about the molding of the verdict by the court for those amounts \u201cpayable.\u201d\nFor the foregoing reasons, we conclude that the version of section 1722 in effect on September 26, 1992, the date of appellee\u2019s accident, controls the disposition of this case and applies to the jury\u2019s award for future lost earnings. Accordingly, the trial court erred as a matter of law when it reinstated the award of $43,500.00 for future lost earnings.\nThe trial court\u2019s order of June 9, 1995 is reversed to the extent that it reinstated the jury\u2019s award of $43,500.00 for future loss of earnings. Consistent with this opinion, the trial court is ordered to reinstate the molded award of $8,010.00. Jurisdiction relinquished.\n. The jury did not award damages to John Schroeder for his loss of consortium claim.\n. Section 25(b) of the Act of July 2, 1993, P.L. 190, No. 44.",
        "type": "majority",
        "author": "EAKIN, Judge:"
      }
    ],
    "attorneys": [
      "Michael Zicollello, Williamsport, for appellant.",
      "Kathleen L. Daerr-Bannon, Philadelphia, for appellees."
    ],
    "corrections": "",
    "head_matter": "Michele L. SCHROEDER and John Schroeder, W/H Appellees, v. Richard D. SCHRADER, Appellant.\nSuperior Court of Pennsylvania.\nArgued March 19, 1996.\nFiled Aug. 28, 1996.\nMichael Zicollello, Williamsport, for appellant.\nKathleen L. Daerr-Bannon, Philadelphia, for appellees.\nBefore POPOVICH, SAYLOR and EAKIN, JJ."
  },
  "file_name": "1305-01",
  "first_page_order": 1365,
  "last_page_order": 1370
}
