{
  "id": 11609794,
  "name": "Brennan R. DEASY, Appellee, v. Lisa J. DEASY, Appellant; Brennan R. Deasy, Appellant, v. Lisa J. Deasy, Appellee",
  "name_abbreviation": "Deasy v. Deasy",
  "decision_date": "1999-04-15",
  "docket_number": "",
  "first_page": "500",
  "last_page": "503",
  "citations": [
    {
      "type": "official",
      "cite": "730 A.2d 500"
    }
  ],
  "court": {
    "name_abbreviation": "Pa. Super. Ct.",
    "id": 8775,
    "name": "Superior Court of Pennsylvania"
  },
  "jurisdiction": {
    "id": 6,
    "name_long": "Pennsylvania",
    "name": "Pa."
  },
  "cites_to": [
    {
      "cite": "703 A.2d 1049",
      "category": "reporters:state_regional",
      "reporter": "A.2d",
      "case_ids": [
        11887060
      ],
      "opinion_index": 0,
      "case_paths": [
        "/a2d/703/1049-01"
      ]
    },
    {
      "cite": "681 A.2d 775",
      "category": "reporters:state_regional",
      "reporter": "A.2d",
      "case_ids": [
        7862465,
        769252
      ],
      "year": 1996,
      "pin_cites": [
        {
          "page": "777"
        }
      ],
      "opinion_index": 0,
      "case_paths": [
        "/a2d/681/0775-01",
        "/pa-super/452/0194-01"
      ]
    },
    {
      "cite": "452 Pa.Super. 194",
      "category": "reporters:state",
      "reporter": "Pa. Super.",
      "case_ids": [
        769252
      ],
      "year": 1996,
      "opinion_index": 0,
      "case_paths": [
        "/pa-super/452/0194-01"
      ]
    },
    {
      "cite": "384 Pa.Super. 210",
      "category": "reporters:state",
      "reporter": "Pa. Super.",
      "case_ids": [
        466295
      ],
      "weight": 2,
      "year": 1989,
      "pin_cites": [
        {
          "page": "90-91"
        }
      ],
      "opinion_index": 0,
      "case_paths": [
        "/pa-super/384/0210-01"
      ]
    },
    {
      "cite": "359 Pa.Super. 12",
      "category": "reporters:state",
      "reporter": "Pa. Super.",
      "case_ids": [
        661903
      ],
      "weight": 2,
      "year": 1986,
      "pin_cites": [
        {
          "page": "322"
        }
      ],
      "opinion_index": 0,
      "case_paths": [
        "/pa-super/359/0012-01"
      ]
    },
    {
      "cite": "684 A.2d 192",
      "category": "reporters:state_regional",
      "reporter": "A.2d",
      "case_ids": [
        7347507,
        770991
      ],
      "year": 1996,
      "pin_cites": [
        {
          "page": "195",
          "parenthetical": "en banc"
        }
      ],
      "opinion_index": 0,
      "case_paths": [
        "/a2d/684/0192-01",
        "/pa-super/453/0576-01"
      ]
    },
    {
      "cite": "453 Pa.Super. 576",
      "category": "reporters:state",
      "reporter": "Pa. Super.",
      "case_ids": [
        770991
      ],
      "year": 1996,
      "pin_cites": [
        {
          "parenthetical": "en banc"
        }
      ],
      "opinion_index": 0,
      "case_paths": [
        "/pa-super/453/0576-01"
      ]
    },
    {
      "cite": "688 A.2d 1219",
      "category": "reporters:state_regional",
      "reporter": "A.2d",
      "case_ids": [
        7367785,
        947356
      ],
      "year": 1997,
      "pin_cites": [
        {
          "page": "1222",
          "parenthetical": "citing Leister v. Leister, 453 Pa.Super. 576, 684 A.2d 192, 195 (1996) (en banc)"
        }
      ],
      "opinion_index": 0,
      "case_paths": [
        "/a2d/688/1219-01",
        "/pa-super/455/0526-01"
      ]
    },
    {
      "cite": "455 Pa.Super. 526",
      "category": "reporters:state",
      "reporter": "Pa. Super.",
      "case_ids": [
        947356
      ],
      "year": 1997,
      "pin_cites": [
        {
          "parenthetical": "citing Leister v. Leister, 453 Pa.Super. 576, 684 A.2d 192, 195 (1996) (en banc)"
        }
      ],
      "opinion_index": 0,
      "case_paths": [
        "/pa-super/455/0526-01"
      ]
    },
    {
      "cite": "695 A.2d 787",
      "category": "reporters:state_regional",
      "reporter": "A.2d",
      "year": 1997,
      "opinion_index": 0
    },
    {
      "cite": "548 Pa. 649",
      "category": "reporters:state",
      "reporter": "Pa.",
      "year": 1997,
      "opinion_index": 0
    },
    {
      "cite": "685 A.2d 581",
      "category": "reporters:state_regional",
      "reporter": "A.2d",
      "case_ids": [
        772897,
        7351637
      ],
      "year": 1996,
      "opinion_index": 0,
      "case_paths": [
        "/pa-super/454/0374-01",
        "/a2d/685/0581-01"
      ]
    },
    {
      "cite": "454 Pa.Super. 374",
      "category": "reporters:state",
      "reporter": "Pa. Super.",
      "case_ids": [
        772897
      ],
      "year": 1996,
      "opinion_index": 0,
      "case_paths": [
        "/pa-super/454/0374-01"
      ]
    },
    {
      "cite": "681 A.2d 809",
      "category": "reporters:state_regional",
      "reporter": "A.2d",
      "case_ids": [
        769272,
        7862780
      ],
      "year": 1996,
      "opinion_index": 0,
      "case_paths": [
        "/pa-super/452/0264-01",
        "/a2d/681/0809-01"
      ]
    },
    {
      "cite": "452 Pa.Super. 264",
      "category": "reporters:state",
      "reporter": "Pa. Super.",
      "case_ids": [
        769272
      ],
      "year": 1996,
      "opinion_index": 0,
      "case_paths": [
        "/pa-super/452/0264-01"
      ]
    },
    {
      "cite": "716 A.2d 1249",
      "category": "reporters:state_regional",
      "reporter": "A.2d",
      "year": 1998,
      "opinion_index": 0
    },
    {
      "cite": "552 Pa. 697",
      "category": "reporters:state",
      "reporter": "Pa.",
      "year": 1998,
      "opinion_index": 0
    },
    {
      "cite": "698 A.2d 1321",
      "category": "reporters:state_regional",
      "reporter": "A.2d",
      "case_ids": [
        12015658
      ],
      "pin_cites": [
        {
          "page": "1324"
        }
      ],
      "opinion_index": 0,
      "case_paths": [
        "/a2d/698/1321-01"
      ]
    }
  ],
  "analysis": {
    "cardinality": 478,
    "char_count": 8992,
    "ocr_confidence": 0.686,
    "pagerank": {
      "raw": 1.0425522352207791e-07,
      "percentile": 0.5512595521978308
    },
    "sha256": "012be70a2ba2cf9e2b0d5aa3d8f70263370ebf9cbffef48fda7eb77c4cc2ec13",
    "simhash": "1:17ab8a0e5d00f9a0",
    "word_count": 1471
  },
  "last_updated": "2024-02-27T16:58:39.931965+00:00",
  "provenance": {
    "date_added": "2019-08-29",
    "source": "Harvard",
    "batch": "2018"
  },
  "casebody": {
    "judges": [
      "Before CAVANAUGH, ORIE MELVIN, and BROSKY, JJ."
    ],
    "parties": [
      "Brennan R. DEASY, Appellee, v. Lisa J. DEASY, Appellant. Brennan R. Deasy, Appellant, v. Lisa J. Deasy, Appellee."
    ],
    "opinions": [
      {
        "text": "ORIE MELVIN, J.:\n\u00b6 1 Lisa Deasy (Mother) appeals and Brennan Deasy (Father) cross appeals from an Order granting in part Father\u2019s exceptions to a hearing officer\u2019s recommendation to enforce a separation agreement. Because the Order is interlocutory and non-appealable, we quash Mother\u2019s appeal and Father\u2019s cross-appeal.\n\u00b6 2 The facts and procedural history may be summarized as follows. Mother and Father were married on May 23, 1987 and are the parents of two minor children. The parties separated in February 1997. On March 2, 1997 both parties signed a separation agreement which was prepared by Mother\u2019s attorney. Father was not represented by counsel at this time. The separation agreement provided that by entering into this agreement, the parties wished to bypass Mother\u2019s filing of a formal complaint in support. The second paragraph of page two of the agreement provided Mother would receive as child support an amount equivalent to 80% of Father\u2019s net income which at that time was $4,578.00 per month making his child support obligation $850.00 per week. The separation agreement was silent as to whether the obligations set forth would merge into a subsequent divorce decree. In addition, the separation agreement contained no provisions regarding the duration Father was obligated to pay 80% of his net income in child support. Father filed a complaint in divorce on May 5, 1997 setting forth claims of equitable distribution and partial custody of the children. To date, no divorce decree has been entered.\n\u00b6 3 Father made full payments under the separation agreement until July 1997 when he reduced the payments to $450.00 per week. On July 10, 1997 Father filed a motion to void the separation agreement as unconscionable and confiscatory or to modify the agreement. At the same time, Mother filed a motion for rule to show cause why the separation agreement should not be enforced. After a hearing, the hearing officer recommended the trial court grant Mother\u2019s motion and enforce the agreement. The hearing officer also recommended that judgment for arrearag-es be entered and that wage attachment issue to Father\u2019s employer. This recommendation was translated into a temporary child support Order. Father filed exceptions and a hearing on the exceptions took place on December 19, 1997.\n\u00b6 4 By Order dated January 15,1998 the trial court granted Father\u2019s exceptions in part. The trial court determined that the separation agreement was enforceable but because it contained no provision as to its duration was terminable at will by either party. Accordingly, the trial court found that as of July 10, 1997, the date of the presentation of Father\u2019s motion to void the separation agreement as unconscionable and confiscatory or to modify the agreement, the separation agreement was terminated. The trial court also found Father was required to make child support payments pursuant to the terms of the separation agreement until July 10, 1997. Finally, the trial court ordered the case be remanded to a hearing officer to set a child support order under the support guidelines retroactive to July 10, 1997. The hearing was held February 10, 1998. On February 13, 1998 Mother filed a notice of appeal from the trial court\u2019s January 15, 1998 Order. On that same date, the hearing officer entered an Order under the support guidelines recommending Father pay $1,120.00 per month for support of the two children retroactive to July 10, 1997. Neither Mother nor Father filed exceptions from the February 13, 1998 Order.\n\u00b6 5 At the outset, we recognize parties\u2019 agreements pertaining to matters of child support or child custody are always subject to court intervention. Thomson v. Rose, 698 A.2d 1321, 1324 (Pa.Super.1997), appeal denied, 552 Pa. 697, 716 A.2d 1249 (1998). In the present case, Father\u2019s filing of his complaint in divorce gave the trial court jurisdiction over all matters involving divorce, equitable distribution and custody. 23 Pa.C.S.A. \u00a7 3104(a)(1) and (3). The jurisdiction of the trial court continued when Father filed his motion to void and/or modify the separation agreement, and Mother filed her motion for rule to show cause why the separation agreement should not be enforced. Therefore, the trial court had the authority to treat these motions as a claim for support or resolution of a separation agreement. The trial court also had the right to review the separation agreement and modify it upon a showing of changed circumstances pursuant to 23 Pa.C.S.A. \u00a7 3105(b) which provides:\n\u00a7 3105. Effect of agreement between parties\n(b) Certain provisions subject to modification. \u2014 A provision of an agreement regarding child support, visitation or custody shall be subject to modification by the court upon a showing of changed circumstances.\n23 Pa.C.S.A \u00a7 3105(b).\n\u00b6 6 Although the trial court clearly had jurisdiction over the domestic relations proceedings, there remains a question as to whether we may exercise jurisdiction over this appeal. Mother claims that the instant Order is final and appealable because it put her out of court as to her contractual rights under the separation agreement. Father claims that the Order in question is a non-appealable interlocutory Order. He argues that Mother\u2019s proper course of action was to file exceptions to the hearing officer\u2019s February 13, 1998 recommendation, have that issue decided, and then appeal the appropriate order to the Superior Court.\n\u00b6 7 It is well settled that an appeal will lie only from a final order unless otherwise permitted by statute. Robec Inc. v. Paul, 452 Pa.Super. 264, 681 A.2d 809 (1996); 42 Pa.C.S.A. \u00a7 742. A final order is (1) any order that disposes of all claims or of all parties, (2) any order that is expressly defined as a final order by statute, or (3) any order entered as a final order pursuant to subsection (c) of Pa. R.A.P. 341. Redevelopment Authority of Cambria v. International Insurance Co., 454 Pa.Super. 374, 685 A.2d 581 (1996), appeal denied, 548 Pa. 649, 695 A.2d 787 (1997); 42 Pa.R.A.P. 341.\n\u00b6 8 A spousal support order entered during the pendency of a divorce action is not appealable until all claims connected with the divorce action are resolved. Shellhamer v. Shellhamer, 455 Pa.Super. 526, 688 A.2d 1219, 1222 (1997) (citing Leister v. Leister, 453 Pa.Super. 576, 684 A.2d 192, 195 (1996) (en banc)). Unlike spousal support, child support orders require immediate review \u201cto protect the interest of the child, to avoid hardship and to assure uninterrupted maintenance by its parents.\u201d Ritter v. Ritter, 359 Pa.Super. 12, 518 A.2d 319, 322 (1986); Griffin v. Griffin, 384 Pa.Super. 210, 558 A.2d 86, 90-91 (1989).\n\u00b6 9 However, in this case we are not presented with a final order disposing of all claims as related to an award of child support. Instead, the January 15, 1998 Order granted in part Father\u2019s exceptions to the hearing officer\u2019s recommendation to enforce the separation agreement and remanded the case for a hearing before a hearing officer to determine an award of child support under the support guidelines. Because the January 15, 1998 Order did not resolve all issues related to an award of child support we conclude this appeal does not lie from a final order. Moreover, in reviewing the remaining elements necessary to establish whether an order is final we find there is no statutory provision that defines it as a final order and nothing in the record to establish that it was entered as a final order pursuant to Rule 341(c). Therefore, the Order is interlocutory.\n\u00b6 10 Interlocutory appeals are only subject to appellate review in limited circumstances. An interlocutory appeal may be taken as of right (Pa.R.A.P.311), by permission (Pa.R.AP.313), or from a collateral order (Pa.R.A.P.313). Miller v. Steinbach, 452 Pa.Super. 194, 681 A.2d 775, 777 (1996). We find that the instant Order does not fall within these classes of interlocutory orders. Furthermore, the parties have not sought review under one of the above alternatives by which an interlocutory order may be subject to appellate review.\n\u00b6 11 Because we find the Order at issue is interlocutory, we need not address the issues raised by the parties in this appeal. We therefore quash Mother\u2019s appeal and Father\u2019s cross-appeal.\n. At the time of the proceedings in the trial court, the minor children were ages four and one.\n. We note Mother did not seek to enforce the separation agreement by filing a breach of-contract action in equity or at law. Patterson v. Robbins, 703 A.2d 1049 (Pa.Super.1997).\n. Father subsequently filed a notice of appeal from the trial court's January 15, 1998 Order.",
        "type": "majority",
        "author": "ORIE MELVIN, J.:"
      }
    ],
    "attorneys": [
      "Sandra MacPherson, Verona, for Lisa J. Deasy.",
      "John J. Dean, Pittsburgh, for Brennan R. Deasy."
    ],
    "corrections": "",
    "head_matter": "Brennan R. DEASY, Appellee, v. Lisa J. DEASY, Appellant. Brennan R. Deasy, Appellant, v. Lisa J. Deasy, Appellee.\nSuperior Court of Pennsylvania.\nArgued Nov. 4, 1998.\nFiled April 15, 1999.\nReargument Denied June 22, 1999.\nSandra MacPherson, Verona, for Lisa J. Deasy.\nJohn J. Dean, Pittsburgh, for Brennan R. Deasy.\nBefore CAVANAUGH, ORIE MELVIN, and BROSKY, JJ."
  },
  "file_name": "0500-01",
  "first_page_order": 538,
  "last_page_order": 541
}
