{
  "id": 12492160,
  "name": "COUSINS, Earl Sylvester v. STATE of Maryland",
  "name_abbreviation": "Cousins v. State",
  "decision_date": "2018-01-19",
  "docket_number": "Pet. Docket No. 403, Sept. Term, 2017",
  "first_page": "75",
  "last_page": "75",
  "citations": [
    {
      "type": "official",
      "cite": "177 A.3d 75"
    },
    {
      "type": "parallel",
      "cite": "457 Md. 143"
    }
  ],
  "court": {
    "name_abbreviation": "Md. App. Ct.",
    "id": 25266,
    "name": "Court of Appeals of Maryland"
  },
  "jurisdiction": {
    "id": 50,
    "name_long": "Maryland",
    "name": "Md."
  },
  "cites_to": [],
  "analysis": {
    "cardinality": 24,
    "char_count": 171,
    "sha256": "4dc419a51cfd825641a7826b1452102d20d40592a12c0860d7194393af98c52a",
    "simhash": "1:22fa0ab8824d1215",
    "word_count": 28
  },
  "last_updated": "2021-08-27T20:57:29.164649+00:00",
  "provenance": {
    "date_added": "2021-08-27",
    "source": "Fastcase",
    "batch": "2021"
  },
  "casebody": {
    "judges": [],
    "parties": [
      "COUSINS, Earl Sylvester\nv.\nSTATE of Maryland"
    ],
    "opinions": [
      {
        "text": "",
        "type": "majority",
        "author": null
      }
    ],
    "attorneys": [
      "Petition for writ of certiorari denied."
    ],
    "corrections": "",
    "head_matter": "COUSINS, Earl Sylvester\nv.\nSTATE of Maryland\nPet. Docket No. 403, Sept. Term, 2017\nCourt of Appeals of Maryland.\nJanuary 19, 2018\nPetition for writ of certiorari denied."
  },
  "file_name": "0075-01",
  "first_page_order": 75,
  "last_page_order": 75
}
