{
  "id": 12492062,
  "name": "BEAVER LAKE REALTY COMPANY, Plaintiff, v. NJ DEPARTMENT OF ENVIRONMENTAL PROTECTION, Defendant-Respondent.",
  "name_abbreviation": "Beaver Lake Realty Co. v. NJ Dep't of Envtl. Prot.",
  "decision_date": "2017-12-08",
  "docket_number": "M\u2013422 September Term 2017; 080162",
  "first_page": "117",
  "last_page": "117",
  "citations": [
    {
      "type": "official",
      "cite": "177 A.3d 117"
    },
    {
      "type": "parallel",
      "cite": "231 N.J. 538"
    }
  ],
  "court": {
    "name_abbreviation": "N.J.",
    "id": 8815,
    "name": "New Jersey Court of Errors and Appeals"
  },
  "jurisdiction": {
    "id": 24,
    "name_long": "New Jersey",
    "name": "N.J."
  },
  "cites_to": [],
  "analysis": {
    "cardinality": 37,
    "char_count": 268,
    "sha256": "81d90318a7407ff0dde5225f519e42a5645455c304bb5d2e09168991989e6bd5",
    "simhash": "1:9be7e024dd476c29",
    "word_count": 41
  },
  "last_updated": "2021-09-08T21:16:17.237805+00:00",
  "provenance": {
    "date_added": "2021-08-27",
    "source": "Fastcase",
    "batch": "2021"
  },
  "casebody": {
    "judges": [],
    "parties": [
      "BEAVER LAKE REALTY COMPANY, Plaintiff,\nv.\nNJ DEPARTMENT OF ENVIRONMENTAL PROTECTION, Defendant-Respondent."
    ],
    "opinions": [
      {
        "text": "It is ORDERED that the motion of Robert Moss for leave to appeal is denied.",
        "type": "majority",
        "author": null
      }
    ],
    "attorneys": [],
    "corrections": "",
    "head_matter": "BEAVER LAKE REALTY COMPANY, Plaintiff,\nv.\nNJ DEPARTMENT OF ENVIRONMENTAL PROTECTION, Defendant-Respondent.\nM-422 September Term 2017\n080162\nSupreme Court of New Jersey.\nDecember 8, 2017\nORDER"
  },
  "file_name": "0117-01",
  "first_page_order": 117,
  "last_page_order": 117
}
