{
  "id": 7945235,
  "name": "Jackie IRBY, Appellant, v. UNITED STATES, Appellee",
  "name_abbreviation": "Irby v. United States",
  "decision_date": "1983-07-22",
  "docket_number": "No. 81-1333",
  "first_page": "136",
  "last_page": "141",
  "citations": [
    {
      "type": "official",
      "cite": "464 A.2d 136"
    }
  ],
  "court": {
    "name_abbreviation": "D.C.",
    "id": 11933,
    "name": "District of Columbia Court of Appeals"
  },
  "jurisdiction": {
    "id": 56,
    "name_long": "District of Columbia",
    "name": "D.C."
  },
  "cites_to": [
    {
      "cite": "59 L.Ed.2d 637",
      "category": "reporters:federal",
      "reporter": "L. Ed. 2d",
      "year": 1978,
      "opinion_index": 0
    },
    {
      "cite": "99 S.Ct. 1428",
      "category": "reporters:federal",
      "reporter": "S. Ct.",
      "year": 1978,
      "opinion_index": 0
    },
    {
      "cite": "440 U.S. 948",
      "category": "reporters:federal",
      "reporter": "U.S.",
      "case_ids": [
        6318913,
        6318177,
        6317699,
        6318658,
        6319194,
        6317222,
        6318426,
        6319886,
        6319410,
        6317497,
        6317018,
        6319675,
        6317918
      ],
      "year": 1978,
      "opinion_index": 0,
      "case_paths": [
        "/us/440/0948-09",
        "/us/440/0948-06",
        "/us/440/0948-04",
        "/us/440/0948-08",
        "/us/440/0948-10",
        "/us/440/0948-02",
        "/us/440/0948-07",
        "/us/440/0948-13",
        "/us/440/0948-11",
        "/us/440/0948-03",
        "/us/440/0948-01",
        "/us/440/0948-12",
        "/us/440/0948-05"
      ]
    },
    {
      "cite": "392 A.2d 516",
      "category": "reporters:state_regional",
      "reporter": "A.2d",
      "case_ids": [
        8004822
      ],
      "opinion_index": 0,
      "case_paths": [
        "/a2d/392/0516-01"
      ]
    },
    {
      "cite": "368 U.S. 448",
      "category": "reporters:federal",
      "reporter": "U.S.",
      "case_ids": [
        6173353
      ],
      "weight": 3,
      "year": 1962,
      "opinion_index": 0,
      "case_paths": [
        "/us/368/0448-01"
      ]
    },
    {
      "cite": "382 F.2d 479",
      "category": "reporters:federal",
      "reporter": "F.2d",
      "case_ids": [
        4067305,
        2075939
      ],
      "year": 1967,
      "pin_cites": [
        {
          "page": "482"
        }
      ],
      "opinion_index": 0,
      "case_paths": [
        "/f2d/382/0479-01"
      ]
    },
    {
      "cite": "127 U.S.App.D.C. 263",
      "category": "reporters:state",
      "reporter": "U.S. App. D.C.",
      "case_ids": [
        4067305
      ],
      "year": 1967,
      "pin_cites": [
        {
          "page": "266"
        }
      ],
      "opinion_index": 0,
      "case_paths": []
    },
    {
      "cite": "354 A.2d 510",
      "category": "reporters:state_regional",
      "reporter": "A.2d",
      "case_ids": [
        8072338
      ],
      "weight": 3,
      "pin_cites": [
        {
          "page": "512"
        },
        {
          "page": "512-13"
        }
      ],
      "opinion_index": 0,
      "case_paths": [
        "/a2d/354/0510-01"
      ]
    },
    {
      "cite": "331 F.2d 85",
      "category": "reporters:federal",
      "reporter": "F.2d",
      "case_ids": [
        132659
      ],
      "year": 1964,
      "opinion_index": 0,
      "case_paths": [
        "/f2d/331/0085-01"
      ]
    },
    {
      "cite": "118 U.S.App.D.C. 11",
      "category": "reporters:state",
      "reporter": "U.S. App. D.C.",
      "year": 1964,
      "opinion_index": 0
    },
    {
      "cite": "364 A.2d 138",
      "category": "reporters:state_regional",
      "reporter": "A.2d",
      "case_ids": [
        8003755
      ],
      "pin_cites": [
        {
          "page": "142"
        }
      ],
      "opinion_index": 0,
      "case_paths": [
        "/a2d/364/0138-01"
      ]
    },
    {
      "cite": "407 F.2d 1199",
      "category": "reporters:federal",
      "reporter": "F.2d",
      "case_ids": [
        3580319,
        2112359
      ],
      "year": 1968,
      "opinion_index": 0,
      "case_paths": [
        "/f2d/407/1199-01"
      ]
    },
    {
      "cite": "132 U.S.App.D.C. 264",
      "category": "reporters:state",
      "reporter": "U.S. App. D.C.",
      "case_ids": [
        3580319
      ],
      "year": 1968,
      "opinion_index": 0,
      "case_paths": []
    },
    {
      "cite": "45 App.D.C. 112",
      "category": "reporters:state",
      "reporter": "App. D.C.",
      "case_ids": [
        1781601
      ],
      "year": 1916,
      "pin_cites": [
        {
          "page": "119"
        }
      ],
      "opinion_index": 0,
      "case_paths": [
        "/app-dc/45/0112-01"
      ]
    }
  ],
  "analysis": {
    "cardinality": 693,
    "char_count": 12353,
    "ocr_confidence": 0.781,
    "pagerank": {
      "raw": 1.4697595127074983e-07,
      "percentile": 0.6589339764596315
    },
    "sha256": "dfe0689ba4df1d2ab686595acbe3bc09f7204c8d3dfa981571e24034ab7f3be8",
    "simhash": "1:ade7b76b06259d63",
    "word_count": 1963
  },
  "last_updated": "2024-02-27T23:49:58.020167+00:00",
  "provenance": {
    "date_added": "2019-08-29",
    "source": "Harvard",
    "batch": "2018"
  },
  "casebody": {
    "judges": [
      "Before NEBEKER and FERREN, Associate Judges, and REILLY, Chief Judge, Retired. '"
    ],
    "parties": [
      "Jackie IRBY, Appellant, v. UNITED STATES, Appellee."
    ],
    "opinions": [
      {
        "text": "NEBEKER, Associate Judge:\nA jury convicted appellant of two counts of obtaining a narcotic drug unlawfully, D.C.Code \u00a7 33-521 (1981), and two counts of embezzlement, D.C.Code \u00a7 22-1202 (1981). Two years supervised probation was imposed after suspension of term sentences. Appellant raises several issues on appeal. First, she contends that D.C.Code \u00a7 33-521 is a statute applicable only to specific groups of which she is not a member. Second, she asserts that the two offenses with which she was charged are inconsistent as a matter of law and that the trial judge erred when he failed to so instruct the jury. Third, appellant argues that the government failed to produce sufficient evidence to support a conviction on any count. Appellant additionally asserts that the verdicts against her should be reversed because there was a likelihood of non-unanimity among the jurors. She further claims that various prosecutorial questions and arguments unfairly prejudiced her case. Finally, she asserts that the government\u2019s failure to grant her the option of diversion denied her the equal protection of the law. Since the elements of the two offenses with which appellant was charged are inconsistent as a matter of law, we affirm appellant\u2019s embezzlement convictions, but reverse her convictions for obtaining a narcotic drug unlawfully. We reject the other arguments.\nAppellant was a temporary nurse working at George Washington University Medical Center on September 3, 1980. At 4:30 p.m. that afternoon and again at 7:00 p.m. that evening, appellant signed out a dose of meperidine, a synthetic narcotic drug, for a patient, Lenet. Appellant testified at trial that she administered the first dose to Len-et, but that he had refused the second dose. According to appellant, she placed the second dose in her pocket where it somehow opened up and leaked, forcing her to discard it.\nJudith Tivnan, a staff nurse who reported to work at 11:15 p.m. on September 3, noted the two narcotics charge slips for Lenet signed by appellant. Concerned that Lenet had taken a turn for the worse, Tivnan checked in on him and found him awake and alert. In response to her questions, he indicated that he had not received any mep-eridine for several days. Tivnan checked Lenet\u2019s medication chart and found that no entry had been made reflecting the administration of meperidine that day. Tivnan then approached appellant and requested an explanation for the situation. Appellant informed her that she had administered one dose of meperidine to Lenet and had \u201cwasted\u201d the other after it had opened. Tivnan stated that appellant appeared nervous during this confrontation, experiencing shaking and hand tremors.\nAppellant was also confronted by Ann Chaloux, the night shift nursing supervisor. In Chaloux\u2019s presence, appellant charted an entry for the dose of meperidine she claimed she administered to Lenet and, at Chaloux\u2019s request, she wrote her account of the incident. Chaloux described appellant as having droopy eyes, slurred speech, shaking hands and a dry mouth. According to a medical expert who testified at trial, these symptoms compare to the side effects associated with meperidine.\nAppellant testified that she had neglected to note the administration of meperidine on Lenet\u2019s chart because she had been called away to do other things. She stated that although she knew that hospital procedures required that any \u201cwasting\u201d of narcotic drugs be witnessed, she had not had another nurse observe her \u201cwasting\u201d of the second dose because none had been in the area at the time and that she had acquired the bad habit of dispensing with this procedure at another hospital where enforcement of such practices was lax. Appellant stated that Lenet\u2019s was the only narcotic dose she \u201cwasted\u201d that evening. This claim was impeached, however, by hospital records showing that a second patient, Chambers, had had three doses of meperidine signed out by appellant, only two of which were noted in Chambers\u2019 chart. The records indicated that all three doses were signed out within a three hour period, although Chambers\u2019 chart indicated that she was to receive one dose every three hours. Appellant explained that she was suffering from a cold, sore throat, headache and cramps on September 3rd and that the Actifed and Tylenol III which she took caused the physical symptoms described by Tivnan and Chal-oux.\nAppellant mistakenly asserts that the provisions of D.C.Code \u00a7 33-621 (1981) cover only select groups such as those who professionally dispense drugs. Not so. This statute prohibits any person from unlawfully obtaining narcotic drugs. The Uniform Narcotic Drug Act of the District of Columbia, of which D.C.Code \u00a7 33-521 is but one part, defines the word \u201cperson\u201d as including any corporation, association, co-partnership, or one or more individuals. D.C.Code \u00a7 33-501 (1981). Nothing within \u00a7 33-521 indicates that a more restrictive meaning of the word person was intended.\nWe do, however, find merit in appellant\u2019s allegation that the elements of the two offenses with which she was charged make the crimes mutually exclusive. Given the facts of this case, in order for the jury to find appellant guilty of obtaining narcotic drugs unlawfully, they would have to determine that she did \u201cobtain or attempt to obtain [meperidine] ... by fraud, deceit, misrepresentation, or subterfuge ... . \u201d D.C.Code \u00a7 33-521 (1981). Concurrently, their embezzlement verdict required a finding that appellant wrongfully converted to her own use or fraudulently took and secreted, with intent to convert to her own use, meperidine which had come into her possession by virtue of her employment at George Washington University Medical Center. D.C.Code \u00a7 22-1202 (1981). Basically, the two statutes differ with regard to the manner in which possession of the property is originally procured; the unlawful obtaining charge requires a finding of a wrongful possession ab initio and the embezzlement charge requires \u201ca fraudulent conversion of property the possession of which was lawfully acquired.\u201d Ambrose v. United States, 45 App.D.C. 112, 119 (1916). Because in any given situation only one of these two scenarios of possession can be true, the two offenses are inconsistent as a matter of law. A defendant cannot, therefore, be convicted of both offenses. Fuller v. United States, 132 U.S.App.D.C. 264, 407 F.2d 1199 (1968). Thus, we hold that the counts of obtaining a narcotic drug unlawfully and embezzlement are mutually exclusive and the jury should have been so charged. The trial court\u2019s refusal to do so was, therefore, error.\nThe facts as presented do not support a finding of guilt for unlawfully obtaining narcotic drugs. It was undisputed that appellant had unchallenged access to narcotic drugs because of her position as a temporary nurse at George Washington University Medical Center. Thus, it cannot be said that appellant\u2019s initial obtaining of the drug was unlawful. For this reason, appellant\u2019s conviction based upon D.C.Code \u00a7 33-521 cannot stand.\nThe government did, however, present sufficient evidence to convict appellant on the embezzlement counts. Appellant admitted having signed out two doses of meperidine for the patient, Lenet. Len-et denied receiving any meperidine that day and his patient records supported his testimony. The government presented evidence of a similar occurrence with respect to a second patient, Chambers. Additionally, appellant failed to follow the prescribed procedure for wasting narcotic drugs although she was aware that any wasting must be witnessed.\nAppellant argues that all four verdicts should be reversed because of the likelihood that the findings were not unanimously reached by the jury. We find no basis for this contention. Appellant was charged with, and convicted of, four separate counts arising out of two incidents in which she used her professional position to procure meperidine. The jurors were instructed by the trial court that appellant was charged with a separate offense for each count, that each offense was to be considered separately, that a separate verdict was to be returned on each count, and that they must return a unanimous verdict. The verdict form clearly indicated each count and specified the transaction to which it pertained. The mere fact that multiple counts were charged provides no basis to allege that the verdicts returned were other than unanimous. The fact that we have found the resulting verdicts inconsistent as a matter of law does not cast doubt upon the unanimity of the verdict as originally returned.\nAppellant claims that questions asked by the prosecutor and statements made by him during closing argument concerning her demeanor on the evening of the incident and about the physical tolerance and addictive aspects of meperidine constituted prejudicial error. We disagree, as we find that these questions were both relevant and probative. Further, the fact that appellant was seen carrying her purse to the ladies\u2019 room after her confrontations with Tivnan and Chaloux was properly argued to the jury as suggesting that appellant had the opportunity to either use the drugs or dispose of them. It is fundamental that \u201c[a] prosecutor is entitled to make reasonable comments on the evidence and [urge] such inferences from the testimony as will support his theory of the case.\u201d Tuckson v. United States, 364 A.2d 138, 142 (D.C.1976). Additionally, while the prosecutor originally desired to use the evidence relating to a second patient, Chambers, solely to impeach appellant\u2019s claim that she had wasted only one dose of meperidine that evening, the trial court did not err when it subsequently allowed the government to use this evidence directly against appellant to show motive, intent, or absence of mistake or accident under the rule of Drew v. United States, 118 U.S.App.D.C. 11, 331 F.2d 85 (1964).\nFinally, appellant\u2019s charge that she was denied due process/equal protection because she was not granted diversion must fail. It is undisputed that appellant had no right to diversion. Rather, diversion is a program initiated by the United States Attorney\u2019s Office and \u201cowes its existence and operation solely to prosecutorial discretion.\u201d United States v. Smith, 354 A.2d 510, 512 (D.C.1976). The selection of participants for this program is left to the decision of the prosecutor, and \u201cno court has any jurisdiction to inquire into or review his decision.\u201d Newman v. United States, 127 U.S.App.D.C. 263, 266, 382 F.2d 479, 482 (1967). Moreover, in order to support a claim of this type, appellant \u201cbears a heavy burden of showing that the government\u2019s selection of [her] for prosecution has been based upon some form of invidious or otherwise impermissible form of discrimination, or is arbitrary and capricious.\u201d United States v. Smith, supra, 354 A.2d at 512-13, citing Oyler v. Boles, 368 U.S. 448, 82 S.Ct. 501, 7 L.Ed.2d 446 (1962). Appellant fails to carry this burden by merely asserting that one other similarly situated person received diversion.\nAccordingly, we vacate appellant\u2019s convictions for obtaining a narcotic drug unlawfully, and remand the case to the trial court for resentencing. Franklin v. United States, 392 A.2d 516 (D.C.), cert. denied, 440 U.S. 948, 99 S.Ct. 1428, 59 L.Ed.2d 637 (1978).\nRemanded for further proceedings.\n. This statute provides in pertinent part:\n\u00a7 33-521. Unlawful obtaining of narcotic drugs.\n(a) No person shall obtain or attempt to obtain an (sic) narcotic drug, or procure or attempt to procure the administration of a narcotic drug:\n(1)By fraud, deceit, misrepresentation, or subterfuge; or\n(2) By the forgery or alteration of a prescription or of any written order; or\n(3) By the concealment of a material fact; or\n(4) By the use of a false name or the giving of a false address.",
        "type": "majority",
        "author": "NEBEKER, Associate Judge:"
      }
    ],
    "attorneys": [
      "James M. Fallon, Jr., Washington, D.C., appointed by this court, for appellant.",
      "Patricia A. Broderick, Asst. U.S. Atty., Washington, D.C., with whom Stanley S. Harris, U.S. Atty., Michael W. Farrell, and John R. Fisher, Asst. U.S. Attys., Washington, D.C., were on brief, for appellee."
    ],
    "corrections": "",
    "head_matter": "Jackie IRBY, Appellant, v. UNITED STATES, Appellee.\nNo. 81-1333.\nDistrict of Columbia Court of Appeals.\nArgued May 16, 1983.\nDecided July 22, 1983.\nJames M. Fallon, Jr., Washington, D.C., appointed by this court, for appellant.\nPatricia A. Broderick, Asst. U.S. Atty., Washington, D.C., with whom Stanley S. Harris, U.S. Atty., Michael W. Farrell, and John R. Fisher, Asst. U.S. Attys., Washington, D.C., were on brief, for appellee.\nBefore NEBEKER and FERREN, Associate Judges, and REILLY, Chief Judge, Retired. '"
  },
  "file_name": "0136-01",
  "first_page_order": 184,
  "last_page_order": 189
}
