{
  "id": 6067588,
  "name": "Fall River Trust vs. Harbour Chrysler-Plymouth, Inc.",
  "name_abbreviation": "Fall River Trust v. Harbour Chrysler-Plymouth, Inc.",
  "decision_date": "1980-09-08",
  "docket_number": "",
  "first_page": "130",
  "last_page": "133",
  "citations": [
    {
      "type": "official",
      "cite": "1980 Mass. App. Div. 130"
    }
  ],
  "court": {
    "name_abbreviation": "Mass. App. Div.",
    "id": 15177,
    "name": "Massachusetts Appellate Division"
  },
  "jurisdiction": {
    "id": 4,
    "name_long": "Massachusetts",
    "name": "Mass."
  },
  "cites_to": [
    {
      "cite": "Mass. App. Div. Adv. Sh. (1979) 240",
      "category": "reporters:state",
      "reporter": "Mass. App. Div. Adv. Sh.",
      "pin_cites": [
        {
          "page": "243-244"
        }
      ],
      "opinion_index": 0
    },
    {
      "cite": "196 Mass. 440",
      "category": "reporters:state",
      "reporter": "Mass.",
      "case_ids": [
        56104
      ],
      "year": 1907,
      "pin_cites": [
        {
          "page": "445-446"
        }
      ],
      "opinion_index": 0,
      "case_paths": [
        "/mass/196/0440-01"
      ]
    },
    {
      "cite": "251 Mass. 383",
      "category": "reporters:state",
      "reporter": "Mass.",
      "case_ids": [
        4026717
      ],
      "year": 1925,
      "pin_cites": [
        {
          "page": "384"
        }
      ],
      "opinion_index": 0,
      "case_paths": [
        "/mass/251/0383-01"
      ]
    },
    {
      "cite": "279 Mass. 445",
      "category": "reporters:state",
      "reporter": "Mass.",
      "case_ids": [
        3831481
      ],
      "year": 1932,
      "pin_cites": [
        {
          "page": "450"
        }
      ],
      "opinion_index": 0,
      "case_paths": [
        "/mass/279/0445-01"
      ]
    },
    {
      "cite": "366 Mass. 688",
      "category": "reporters:state",
      "reporter": "Mass.",
      "case_ids": [
        314547
      ],
      "year": 1975,
      "pin_cites": [
        {
          "page": "692-693"
        }
      ],
      "opinion_index": 0,
      "case_paths": [
        "/mass/366/0688-01"
      ]
    },
    {
      "cite": "5 Mass. App. Ct. 551",
      "category": "reporters:state",
      "reporter": "Mass. App. Ct.",
      "case_ids": [
        5732848
      ],
      "year": 1977,
      "pin_cites": [
        {
          "page": "552"
        }
      ],
      "opinion_index": 0,
      "case_paths": [
        "/mass-app-ct/5/0551-01"
      ]
    },
    {
      "cite": "369 Mass. 971",
      "category": "reporters:state",
      "reporter": "Mass.",
      "case_ids": [
        309825
      ],
      "year": 1976,
      "opinion_index": 0,
      "case_paths": [
        "/mass/369/0971-01"
      ]
    },
    {
      "cite": "368 Mass. 174",
      "category": "reporters:state",
      "reporter": "Mass.",
      "case_ids": [
        307090
      ],
      "year": 1975,
      "pin_cites": [
        {
          "page": "178"
        }
      ],
      "opinion_index": 0,
      "case_paths": [
        "/mass/368/0174-01"
      ]
    },
    {
      "cite": "369 Mass. 550",
      "category": "reporters:state",
      "reporter": "Mass.",
      "case_ids": [
        309679
      ],
      "year": 1976,
      "pin_cites": [
        {
          "page": "553"
        }
      ],
      "opinion_index": 0,
      "case_paths": [
        "/mass/369/0550-01"
      ]
    },
    {
      "cite": "4 Mass. App. Ct. 102",
      "category": "reporters:state",
      "reporter": "Mass. App. Ct.",
      "case_ids": [
        3950877
      ],
      "year": 1976,
      "pin_cites": [
        {
          "page": "105"
        }
      ],
      "opinion_index": 0,
      "case_paths": [
        "/mass-app-ct/4/0102-01"
      ]
    },
    {
      "cite": "265 Mass. 163",
      "category": "reporters:state",
      "reporter": "Mass.",
      "case_ids": [
        3824130
      ],
      "year": 1928,
      "pin_cites": [
        {
          "page": "164-165"
        }
      ],
      "opinion_index": 0,
      "case_paths": [
        "/mass/265/0163-01"
      ]
    },
    {
      "cite": "4 Met. 478",
      "category": "reporters:state",
      "reporter": "Met.",
      "case_ids": [
        2065841
      ],
      "year": 1842,
      "pin_cites": [
        {
          "page": "480"
        }
      ],
      "opinion_index": 0,
      "case_paths": [
        "/mass/45/0478-01"
      ]
    },
    {
      "cite": "281 Mass. 209",
      "category": "reporters:state",
      "reporter": "Mass.",
      "case_ids": [
        3832525
      ],
      "year": 1932,
      "pin_cites": [
        {
          "page": "210"
        }
      ],
      "opinion_index": 0,
      "case_paths": [
        "/mass/281/0209-01"
      ]
    },
    {
      "cite": "169 Mass. 578",
      "category": "reporters:state",
      "reporter": "Mass.",
      "case_ids": [
        469583
      ],
      "year": 1897,
      "pin_cites": [
        {
          "page": "580"
        }
      ],
      "opinion_index": 0,
      "case_paths": [
        "/mass/169/0578-01"
      ]
    },
    {
      "cite": "137 Mass. 536",
      "category": "reporters:state",
      "reporter": "Mass.",
      "case_ids": [
        757830
      ],
      "year": 1884,
      "pin_cites": [
        {
          "page": "539"
        }
      ],
      "opinion_index": 0,
      "case_paths": [
        "/mass/137/0536-01"
      ]
    },
    {
      "cite": "353 Mass. 771",
      "category": "reporters:state",
      "reporter": "Mass.",
      "case_ids": [
        3864080,
        3864668
      ],
      "year": 1968,
      "pin_cites": [
        {
          "page": "772"
        }
      ],
      "opinion_index": 0,
      "case_paths": [
        "/mass/353/0771-01",
        "/mass/353/0771-02"
      ]
    },
    {
      "cite": "330 Mass. 205",
      "category": "reporters:state",
      "reporter": "Mass.",
      "case_ids": [
        46008
      ],
      "year": 1953,
      "pin_cites": [
        {
          "page": "206"
        }
      ],
      "opinion_index": 0,
      "case_paths": [
        "/mass/330/0205-01"
      ]
    },
    {
      "cite": "314 Mass. 713",
      "category": "reporters:state",
      "reporter": "Mass.",
      "case_ids": [
        932210
      ],
      "year": 1943,
      "pin_cites": [
        {
          "page": "715"
        }
      ],
      "opinion_index": 0,
      "case_paths": [
        "/mass/314/0713-01"
      ]
    },
    {
      "cite": "317 Mass. 346",
      "category": "reporters:state",
      "reporter": "Mass.",
      "case_ids": [
        927281
      ],
      "year": 1944,
      "pin_cites": [
        {
          "page": "347"
        }
      ],
      "opinion_index": 0,
      "case_paths": [
        "/mass/317/0346-01"
      ]
    },
    {
      "cite": "322 Mass. 490",
      "category": "reporters:state",
      "reporter": "Mass.",
      "case_ids": [
        501937
      ],
      "year": 1948,
      "pin_cites": [
        {
          "page": "491"
        }
      ],
      "opinion_index": 0,
      "case_paths": [
        "/mass/322/0490-01"
      ]
    },
    {
      "cite": "343 Mass. 547",
      "category": "reporters:state",
      "reporter": "Mass.",
      "case_ids": [
        4024786
      ],
      "year": 1962,
      "pin_cites": [
        {
          "page": "551-552"
        }
      ],
      "opinion_index": 0,
      "case_paths": [
        "/mass/343/0547-01"
      ]
    },
    {
      "cite": "336 Mass. 625",
      "category": "reporters:state",
      "reporter": "Mass.",
      "case_ids": [
        881865
      ],
      "year": 1958,
      "pin_cites": [
        {
          "page": "626"
        }
      ],
      "opinion_index": 0,
      "case_paths": [
        "/mass/336/0625-01"
      ]
    }
  ],
  "analysis": {
    "cardinality": 635,
    "char_count": 10349,
    "ocr_confidence": 0.892,
    "pagerank": {
      "raw": 4.03580807328026e-08,
      "percentile": 0.17305140183848555
    },
    "sha256": "47ec3a9c1a406e071f44815e23465f66eb9f531f84c9d5d050f5611d5298a2cf",
    "simhash": "1:ae224660290017ed",
    "word_count": 1765
  },
  "last_updated": "2024-02-27T22:26:05.269868+00:00",
  "provenance": {
    "date_added": "2019-08-29",
    "source": "Harvard",
    "batch": "2018"
  },
  "casebody": {
    "judges": [
      "Present: Rider, Welsh & Black, JJ."
    ],
    "parties": [
      "Fall River Trust vs. Harbour Chrysler-Plymouth, Inc."
    ],
    "opinions": [
      {
        "text": "Welsh, J.\nThis is a civil action brought by the plaintiff as assignee of a retail installment sales contract and note against the defendant as assignor, based upon an alleged breach of an express warranty made in connection with the assignment. The portion of the written warranty that is material to the issues presented is as follows:\nFor the purpose of inducing the assignee to purchase... the seller does hereby warrant and represent to the assignee that at the time of the execution and delivery of the note and contract... the buyer is of full age and had capacity to execute said note and contract...\nThe answer stated that if any breach of the warranty occurred, it was cured; that the plaintiff suffered no loss as a result of any alleged breach; and that the plaintiff should be denied relief on the equitable grounds of laches.\nThe plaintiff moved for summary judgment under Dist./Mun. Cts. R. Civ. P., Rule 56. The court, after hearing argument thereon, reserved the case and decided on its own motion to report the matter to the Appellate Division as a \u201ccase stated\u201d under the provisions of General Laws Chapter 231, \u00a7 108, with a finding for the plaintiff. The motion for summary judgment was submitted to the court on the basis of the complaint, with various exhibits attached, the answer, an admission of facts under Mass. R. Civ. P., Rule 36, the plaintiff\u2019s response to the defendant\u2019s request for production of documents under Mass. R. Civ. P., Rule 34, and plaintiff\u2019s affidavit in support of motion for summary judgment. The defendant did not submit an affidavit in opposition to the motion.\nThe court reported as \u201cundisputed facts\u201d the following:\nJames Miranda, bom May 26,1953, purchased aused 1970 Plymouth Sport Suburban Wagon from the defendant for the sum of $2,205.00. The purchase was dated October 10, 1973, and was financed by an installment loan which was assigned to the plaintiff, Fall River Trust Company without recourse, but a right of recourse was received as provided in a warranty which expressly stated that \u2018For the purpose of inducing the Assignee to purchase... the Seller does hereby warrant and represent to the Assignee that at the time of the execution and delivery of the note and contract... the Buyer is of full age and had capacity to execute said note and contract.... The loan history reflects that a series of payments were made by James Miranda until August 19,1974. A notice of default and intent to repossess was sent to the buyer, James Miranda, on September 27, 1974. The constable who was sent to effect repossession learned that the vehicle had been stolen, whereupon the matter was referred to an attorney who subsequently learned that the buyer was a minor at the time of purchase. The age of majority was reduced from 21 to 18 effective January 1,1974, almost two months after the date of purchase. There was no disaffirmance by the buyer of the sale and/or installment loan contract. On or about April 10, 1979, demand was made upon the Defendant, Harbour Chrysler-Plymouth, Inc., and payment was refused, whereupon this action was commenced on April 24, 1979. The balance due on the note with accumulated interest as of the date of suit was $2,200.47. The note also provided for reasonable attorney\u2019s fees, and the Court finds that $500.00 would be a reasonable fee. Judgment was entered in the amount of $2,200.47, plus attorney\u2019s fees of $500.00.\nWe determine that there was prejudicial error and that the case stated ought to be discharged.\n1. Manifestly, the judge intended this as a report of a \u201ccase stated\u2019 \u2019 with a finding for the plaintiff. This was not intended as a discretionary report of an interlocutory ruling. Contrast: Harrison Mfg. Co. Inc. v. Philip Rothman & Son, Inc., 336 Mass. 625, 626 (1958); Dist./Mun, Cts. R. Civ. P., Rule (4)(d). The judge quite properly determined that requests for rulings of law have no standing where the matter is submitted as a \u201ccase stated.\u201d Quintin Vespa Co. Inc. v. Construction Service Co., 343 Mass. 547, 551-552 (1962); the duty of the judge in such cases is fully discharged by entry of the correct judgment. Associates Discount Corp. v. Gillineau, 322 Mass. 490, 491 (1948); Caissie v. Cambridge, 317 Mass. 346, 347 (1944).\nIn order to constitute a \u2018 \u2018 case stated, \u201d it is required that there be an agreement between the parties as to the material facts upon which the rights of the parties depend. Pequod Realty Corp. v. Jeffries, 314 Mass. 713, 715 (1943). It follows that if there remains disagreement as to any of the material facts, there can be no \u201ccase stated\u201d. Lapp Insulator Co. Inc. v. Boston & Maine Railroad, 330 Mass. 205, 206 (1953). It is also required that all the facts upon which the rights of the parties depend be included. Failure to include all material facts will result in the \u201ccase stated\u201d being discharged. Delle Chiaie v. Commonwealth, 353 Mass. 771, 772 (1968); Old Colony Railroad v. Wilder, 137 Mass. 536, 539 (1884). If a question on a material fact remains there cannot be a judgment on a \u201ccase stated. \u2019 \u2019 Gallagher v. Hathaway Manufacturing Corp., 169 Mass. 578, 580 (1897). Both the trial court and the appellate courts have the authority, in the exercise of discretion, to order that a \u201ccase stated\u201d be discharged and that the matter stand for trial in the interest of justice. Paper Trucking Co. v. Russo, 281 Mass. 209, 210 (1932); Gregory v. Pierce, 4 Met. 478, 480 (1842).\nIn the instant case, it does not appear that all material facts were agreed to by the parties. For example, the defendant, in his oral argument on appeal, contests the statement in the report, viz, \u2018 \u2018There was no disaffirmance by the buyer of the sale and/or installment loan contract.\u201d The factual conclusion that a minor has disaffirmed a contract may be based upon words, or conduct, or a combination of the two. Tracy v. Brown, 265 Mass. 163, 164-165 (1928). In addition, there are material facts which appear to have been omitted from the report. For example, General Laws Chapter 90, \u00a7 2C, which was in effect at the time of execution of the conditional sales contract and note in question, provided for the legal capacity of minors 18 years of age and older in contracts for the purchase of motor vehicles if the parent or guardian of the minor assented thereto in writing. The required parental assent need not be contained-in the instruments relating to the sale and transfer of the motor vehicle in question. See: Moy v. Jack Madden Ford Sales, Inc., 4 Mass. App. Ct. 102, 105 (1976). Thus, the two essential elements of assent as to the material facts and of completeness are lacking.\n2. The case came before the court on the plaintiffs motion for summary judgment. The judge\u2019s duty was to determine, based upon the pleadings, admissions, affidavits and other relevant documents, whether there existed any genuine issue of material fact so as to require a trial on the merits. Community National Bank v. Dawes, 369 Mass. 550, 553 (1976). Ifhe determines thatno genuine issue of material fact exists, he should order the entry of judgment for the party entitled to it. Judgment may be awarded to one other than the moving party. Id., at p. 553; Mass. R. Civ. P. Rule 56 (c). The party aggrieved by such action can then appeal. If the court determines that there exists a genuine issue of material fact, the motion should be denied, and the moving party must normally abide the result of trial and may then appeal. In certain cases, it may be appropriate for the judge, in his discretion, to make a voluntary report of his interlocutory order denying the motion for summary judgment, rather than requiring that the moving party first undergo atrial. See: Rollins Environmental Services, Inc. v. Superior Court, 368 Mass. 174, 178 (1975). However, since a judgment entered pursuant to an order allowing a motion for summary judgment is normally appealable without delay under prescribed procedures, it would not generally be appropriate for the trial judge to make a voluntary report of such order. Id, at p. 180; Corbett v. Kargman, 369 Mass. 971 (1976). But see: Mansfield v. GAF Corp., 5 Mass. App. Ct. 551, 552 (1977). Again we emphasize the distinction between a voluntary report by a trial judge of a \u201ccase stated\u2019 \u2019 and a voluntary report of an interlocutory order or ruling. See: Younis v. Mario Musto Corp., Mass. App. Dec. (1979)\n3. Since we have determined that a trial on the merits must take place, we suggest, by way of illustration only, some factual issues which ought to be considered. In addition to the question of disaffirmance and the possible application of General Laws Chapter 90, \u00a7 2C as then in effect, thus eliminating infancy as a legal issue, the judge as a finder of fact should consider whether or not the minor who made the contract was emancipated and whether the automobile was a necessity. See: Slaney v. Westwood Auto, Inc., 366 Mass. 688, 692-693 (1975); Welch v. King, 279 Mass. 445, 450, (1932); J.G. Pierce Co. v. Wallace, 251 Mass. 383, 384 (1925). Another question to be resolved is whether or not, postulating that a breach of warranty exists regarding the contractual capacity of the person who executed the conditional sales contract and note, the damages which occurred in this case were a natural consequence and the proximate result of such breach, or may be reasonably supposed to have been within the contemplation of the parties of the time the warranty was made. Leavitt v. Fiberloid Co., 196 Mass. 440, 445-446 (1907).\nFor the foregoing reasons, the report of the \u201ccase stated\u201d with the finding for the plaintiff is ordered discharged. The case is remanded to the trial court, with the direction that entry be made denying the motion for summary judgment. The case is to stand for trial on the merits.\nSo ordered.\ninserted by St. 1969, c. 405. This section was repealed by St. 1973,C. 925,\u00a7 11, effective January 1, 1974.\nOf course, a trial judge may determine that no genuine issues of material fact exist as to liability only, and thus, allow a partial summary judgment. Mass. R. Civ. P. Rule 56 (c).\nMass. App. Div. Adv. Sh. (1979) 240, 243-244.",
        "type": "majority",
        "author": "Welsh, J."
      }
    ],
    "attorneys": [
      "Andrew Shabsbelowitz for the plaintiff.",
      "Janice Robbins for the defendant."
    ],
    "corrections": "",
    "head_matter": "Fall River Trust vs. Harbour Chrysler-Plymouth, Inc.\nSouthern District\nSeptember 8, 1980\nPresent: Rider, Welsh & Black, JJ.\nAndrew Shabsbelowitz for the plaintiff.\nJanice Robbins for the defendant."
  },
  "file_name": "0130-01",
  "first_page_order": 136,
  "last_page_order": 139
}
