{
  "id": 6080835,
  "name": "Morton Foods, Inc. v. The Frito Company",
  "name_abbreviation": "Morton Foods, Inc. v. Frito Co.",
  "decision_date": "1963-03-20",
  "docket_number": "No. 6936",
  "first_page": "1105",
  "last_page": "1107",
  "citations": [
    {
      "type": "official",
      "cite": "50 C.C.P.A. 1105"
    },
    {
      "type": "parallel",
      "cite": "137 U.S.P.Q. 58"
    },
    {
      "type": "parallel",
      "cite": "314 F.2d 822"
    }
  ],
  "court": {
    "name_abbreviation": "C.C.P.A.",
    "id": 8989,
    "name": "United States Court of Customs and Patent Appeals"
  },
  "jurisdiction": {
    "id": 39,
    "name_long": "United States",
    "name": "U.S."
  },
  "cites_to": [
    {
      "cite": "127 USPQ 85",
      "category": "reporters:specialty",
      "reporter": "U.S.P.Q. (BNA)",
      "year": 1960,
      "opinion_index": 0
    },
    {
      "cite": "86 USPQ 460",
      "category": "reporters:specialty",
      "reporter": "U.S.P.Q. (BNA)",
      "year": 1950,
      "opinion_index": 0
    }
  ],
  "analysis": {
    "cardinality": 315,
    "char_count": 4717,
    "ocr_confidence": 0.455,
    "pagerank": {
      "raw": 4.8172472706271035e-08,
      "percentile": 0.30210815379583905
    },
    "sha256": "c06d04564d32b441aace463981081e73986e87b4ca1551bc28b1f64c73fe07e6",
    "simhash": "1:ef18e2a17ecde39d",
    "word_count": 784
  },
  "last_updated": "2024-02-28T00:04:51.562281+00:00",
  "provenance": {
    "date_added": "2019-08-29",
    "source": "Harvard",
    "batch": "2018"
  },
  "casebody": {
    "judges": [
      "Before Rich, Acting Chief Judge, and Martin, Smith, and Almond, Jr., Associate Judges."
    ],
    "parties": [
      "Morton Foods, Inc. v. The Frito Company"
    ],
    "opinions": [
      {
        "text": "Smith, Judge,\ndelivered the opinion of the court:\nAppellant\u2019s opposition to appellee\u2019s application for registration of its trademark \u201cCHEE.TOS\u201d was dismissed by the Trademark Trial and Appeal Board on appellee\u2019s motion which raises the sole issue in this case: Does appellant\u2019s Notice of Opposition, as a matter of law, state a claim upon which the requested relief can be granted ?\nThe specific allegation in the Notice of Opposition which is pertinent to this issue is:\n5. In view of the infringement action against opposer, based in part on the unregistered trademark \u201cCHEE-TOS\u201d, [sic] opposer believes it would be damaged by the registration of such mark by reason of the advantages that would accrue to applicant as plaintiff in the infringement suit by having a Federal trademark registration for \u201cCHEE-TOS\u201d, [sic] such advantages, among others, being set forth in the Trademark Act of July 6, 1946, Sections 33(a) and 39; 15 U.S.C. 1115(a) and 1121.\nThe pending infringement action referred to in the above-quoted allegation is Civil Action 9292, The Frito Company v. Morton Foods, Inc., U.S.D.C., W.D. Oklahoma, now pending on appeal to the Court of Appeals, 10th Circuit.\nThus, the issue here stated more precisely is: Whether the specified procedural advantages which accrue to the owner of a registered mark, constitute, as a matter of law, such \u201cdamage\u201d to the defendant in an infringement action as to support an opposition brought under Sec. 13 of the Lanham Act (15 U.S.C. 1063) ?\nWhile we may agree with appellant that granting of a registration of the trademark in issue may give applicant some tactical advantage in the other litigation between the parties, we do not agree that this constitutes \u201cdamage\u201d to appellant in the sense contemplated by Sec. 13 of the Lanham Act (15 U.S.C. 1063).\nThe precise question to be determined in the pending civil litigation between the parties here appears to be whether opposer has the right to use \u201cchip-O\u2019s\u201d in the manner it is now being used. Thus, opposer is in effect here arguing that its right to use its mark in commerce would be impaired by giving applicant an alleged tactical advantage in pending litigation which seeks to determine whether opposer has such a right to use. Merely because applicant in the pending infringement action seeks an adjudication as to the legal rights of the parties in connection with the marks there involved, it cannot be said that such advantages as may be gained by applicant from the granting of a registration here will constitute \u201cdamage\u201d to the opposer in the sense of Section 13 of the Lanham Act, supra.\nThe decision of the Trademark Trial and Appeal Board lists a number of its own prior decisions and prior decisions of the Commissioner of Patents as support for its holding that such facts as are alleged here by opposer do not constitute a showing of damage within the meaning of Section 13 of the Lanham- Act, sufra. We have reviewed these decisions and agree with this result.\nThe decision of the Trademark Trial and Appeal Board is therefore affirmed.\nApplication Ser. No. 107,432, filed Oct. 31, 1960, for a \u201ccheese flavored corn product In puffed form.\u201d .The mark is shown in the specimen filed with the application as:\nIn so stating the issue we have not overlooked the averment in the Notice of Opposition in which opposer has alleged that:\n8. The Frito Company, applicant here, has filed an opposition against Morton Foods, Unc., Opposition No. 40,887, to oppose the registration to Morton Foods of the trademark \u201c\u2018chip-O\u2019s\u201d. In said opposition The Frito Company has alleged ownership of a family of -trademarks ending in OS and TOS, including among others the trademark \u201cCHEE-TOS\". [sic]\nWe do not think that this allegation states any cause of action of which cognizance \u2022can properly he taken in the present proceeding. Registration of its mark gives appellee no '.rights in any other mark. Appellee\u2019s filing of a trademark opposition involving appellant\u2019s application to register its mark does not constitute \u201cdamage\u201d to opposer as will be seen from our opinion.\nE.g., Brown & Bigelow v. The International Silver Company, 86 USPQ 460 (Commr., 1950) and Conde Nast Publications, Inc. v. Swann, 127 USPQ 85 (TT&A Bd., 1960).",
        "type": "majority",
        "author": "Smith, Judge,"
      }
    ],
    "attorneys": [
      "Melvin B. Jenney, James P. Burns, Burns, Doane, Benedict, Swecker <6 Mathis, Kenway, Jenney & Hildreth, for appellant.",
      "Gerrit P. Groen, Byron, Hume, Groen & Clement, for appellee."
    ],
    "corrections": "",
    "head_matter": "314 F. 2d 822; 137 USPQ 58\nMorton Foods, Inc. v. The Frito Company\n(No. 6936)\nUnited States Court of Customs and Patent Appeals,\nMarch 20, 1963\nMelvin B. Jenney, James P. Burns, Burns, Doane, Benedict, Swecker <6 Mathis, Kenway, Jenney & Hildreth, for appellant.\nGerrit P. Groen, Byron, Hume, Groen & Clement, for appellee.\n[Oral argument February 6, 1963, by Mr. Jenney and Mr. Groen]\nBefore Rich, Acting Chief Judge, and Martin, Smith, and Almond, Jr., Associate Judges."
  },
  "file_name": "1105-01",
  "first_page_order": 429,
  "last_page_order": 431
}
