{
  "id": 11882056,
  "name": "Farmers & Mechanics Savings Bank, and another vs. Gerard Trainor, and another",
  "name_abbreviation": "Farmers & Mechanics Savings Bank v. Trainor",
  "decision_date": "1997-04-07",
  "docket_number": "",
  "first_page": "46",
  "last_page": "47",
  "citations": [
    {
      "type": "official",
      "cite": "1997 Mass. App. Div. 46"
    }
  ],
  "court": {
    "name_abbreviation": "Mass. App. Div.",
    "id": 15177,
    "name": "Massachusetts Appellate Division"
  },
  "jurisdiction": {
    "id": 4,
    "name_long": "Massachusetts",
    "name": "Mass."
  },
  "cites_to": [
    {
      "cite": "1994 Mass. App. Div. 88",
      "category": "reporters:state",
      "reporter": "Mass. App. Div.",
      "case_ids": [
        6811958
      ],
      "opinion_index": 0,
      "case_paths": [
        "/mass-app-div-annual/1994/0088-01"
      ]
    },
    {
      "cite": "6 Mass. App. Ct. 684",
      "category": "reporters:state",
      "reporter": "Mass. App. Ct.",
      "case_ids": [
        5732821
      ],
      "year": 1978,
      "pin_cites": [
        {
          "page": "685-691"
        }
      ],
      "opinion_index": 0,
      "case_paths": [
        "/mass-app-ct/6/0684-01"
      ]
    },
    {
      "cite": "359 Mass. 191",
      "category": "reporters:state",
      "reporter": "Mass.",
      "case_ids": [
        294611
      ],
      "year": 1971,
      "opinion_index": 0,
      "case_paths": [
        "/mass/359/0191-01"
      ]
    },
    {
      "cite": "411 Mass. 802",
      "category": "reporters:state",
      "reporter": "Mass.",
      "year": 1992,
      "pin_cites": [
        {
          "page": "810-812"
        }
      ],
      "opinion_index": 0
    },
    {
      "cite": "5 Mass. App. Ct. 864",
      "category": "reporters:state",
      "reporter": "Mass. App. Ct.",
      "case_ids": [
        5731290
      ],
      "weight": 2,
      "year": 1977,
      "pin_cites": [
        {
          "page": "867"
        }
      ],
      "opinion_index": 0,
      "case_paths": [
        "/mass-app-ct/5/0864-01"
      ]
    }
  ],
  "analysis": {
    "cardinality": 213,
    "char_count": 2053,
    "ocr_confidence": 0.843,
    "pagerank": {
      "raw": 4.03580807328026e-08,
      "percentile": 0.24383776814787272
    },
    "sha256": "cec2a4e4cac24bb791a7592dd9cebe0686eb71539e3a40034980e7f27654e22e",
    "simhash": "1:71930b318b2c96a4",
    "word_count": 350
  },
  "last_updated": "2024-02-27T21:30:19.431360+00:00",
  "provenance": {
    "date_added": "2019-08-29",
    "source": "Harvard",
    "batch": "2018"
  },
  "casebody": {
    "judges": [
      "Present: Aguiar, PJ., Welsh & Crimmins, JJ."
    ],
    "parties": [
      "Farmers & Mechanics Savings Bank, and another vs. Gerard Trainor, and another"
    ],
    "opinions": [
      {
        "text": "Welsh, J.\nThis is an action to recover a balance allegedly due on a promissory note. The trial judge found for the defendant, implicitly finding that the plaintiffs were not holders in due course, an issue on which the plaintiffs had the burden of proof. G.L.c. 106, \u00a73-307(3); see Perry v. Schlaikjer, 5 Mass. App. Ct. 864 (1977). The judge made no findings of fact; he was not required to do so. See Dist./Mun. Cts. R Civ. P., Rule 52(a). It cannot be gainsaid that the plaintiff\u2019s ipse dixit that they were holders in due course was valueless in satisfying that element of their prima facie case. Id. at 867.\nWe do not reach the merits of this appeal. The record is deficient in many important respects. The record does not contain a copy of the pleadings. There is no record appendix as required by Rule 18C(a), Dist/Mun. Cts. R.A.D.A. The record consists of a transcript The appellant failed to file a brief. A record appendix is not merely a formal requirement: it is essential for appellate review. Shawmut Community Bank N.A. v. Zagami, 411 Mass. 802, 810-812 (1992). This requirement is not satisfied by filing a transcript. James H. Boyle & Sons, Inc. v. Prudential Ins. Co. of America, 359 Mass. 191, 193 n.2 (1971). There is an excellent discussion of the rationale for the general rule the appellate courts usually decline to examine parts in the trial court that are not included in Kunen v. First Agricultural National Bank of Berkshire County, 6 Mass. App. Ct. 684, 685-691 (1978). Finally, failure to file a brief in accordance with Rule 19(c), Dist./Mun. Cts. RADA is generally deemed a forfeiture of the right to appellate review. Bettencourt v. Poirier, 1994 Mass. App. Div. 88; Rosenthal v. Colonna, 1996, Mass. App. Div. 111, 112.\nThe appeal is dismissed.\nSo ordered.",
        "type": "majority",
        "author": "Welsh, J."
      }
    ],
    "attorneys": [
      "William Korkuch for the plaintiffs.",
      "David Cook for the defendants."
    ],
    "corrections": "",
    "head_matter": "Farmers & Mechanics Savings Bank, and another vs. Gerard Trainor, and another\nSouthern District\nApril 7, 1997.\nPresent: Aguiar, PJ., Welsh & Crimmins, JJ.\nWilliam Korkuch for the plaintiffs.\nDavid Cook for the defendants.\nRothchild Group, Inc.\nSandra A. Trainor."
  },
  "file_name": "0046-01",
  "first_page_order": 52,
  "last_page_order": 53
}
