{
  "id": 11882487,
  "name": "East Coast Mechanical vs. Paul O'Leary",
  "name_abbreviation": "East Coast Mechanical v. O'Leary",
  "decision_date": "1997-05-21",
  "docket_number": "",
  "first_page": "66",
  "last_page": "67",
  "citations": [
    {
      "type": "official",
      "cite": "1997 Mass. App. Div. 66"
    }
  ],
  "court": {
    "name_abbreviation": "Mass. App. Div.",
    "id": 15177,
    "name": "Massachusetts Appellate Division"
  },
  "jurisdiction": {
    "id": 4,
    "name_long": "Massachusetts",
    "name": "Mass."
  },
  "cites_to": [
    {
      "cite": "37 Mass. App. Dec. 36",
      "category": "reporters:state",
      "reporter": "Mass. App. Dec.",
      "case_ids": [
        4045683
      ],
      "year": 1967,
      "pin_cites": [
        {
          "page": "38"
        }
      ],
      "opinion_index": 0,
      "case_paths": [
        "/mass-app-dec/37/0036-01"
      ]
    },
    {
      "cite": "347 Mass. 636",
      "category": "reporters:state",
      "reporter": "Mass.",
      "case_ids": [
        3857106
      ],
      "year": 1964,
      "pin_cites": [
        {
          "page": "646"
        }
      ],
      "opinion_index": 0,
      "case_paths": [
        "/mass/347/0636-01"
      ]
    },
    {
      "cite": "338 Mass. 488",
      "category": "reporters:state",
      "reporter": "Mass.",
      "case_ids": [
        515518
      ],
      "year": 1959,
      "pin_cites": [
        {
          "page": "493"
        }
      ],
      "opinion_index": 0,
      "case_paths": [
        "/mass/338/0488-01"
      ]
    },
    {
      "cite": "412 Mass. 251",
      "category": "reporters:state",
      "reporter": "Mass.",
      "case_ids": [
        3899704
      ],
      "year": 1991,
      "pin_cites": [
        {
          "page": "256, 257"
        }
      ],
      "opinion_index": 0,
      "case_paths": [
        "/mass/412/0251-01"
      ]
    },
    {
      "cite": "355 Mass. 796",
      "category": "reporters:state",
      "reporter": "Mass.",
      "case_ids": [
        302650,
        302733
      ],
      "year": 1969,
      "opinion_index": 0,
      "case_paths": [
        "/mass/355/0796-01",
        "/mass/355/0796-02"
      ]
    },
    {
      "cite": "322 Mass. 490",
      "category": "reporters:state",
      "reporter": "Mass.",
      "case_ids": [
        501937
      ],
      "year": 1948,
      "pin_cites": [
        {
          "page": "493"
        }
      ],
      "opinion_index": 0,
      "case_paths": [
        "/mass/322/0490-01"
      ]
    },
    {
      "cite": "422 Mass. 158",
      "category": "reporters:state",
      "reporter": "Mass.",
      "case_ids": [
        890058
      ],
      "year": 1996,
      "pin_cites": [
        {
          "page": "169"
        }
      ],
      "opinion_index": 0,
      "case_paths": [
        "/mass/422/0158-01"
      ]
    },
    {
      "cite": "294 Mass. 187",
      "category": "reporters:state",
      "reporter": "Mass.",
      "case_ids": [
        481374
      ],
      "year": 1936,
      "pin_cites": [
        {
          "page": "190"
        }
      ],
      "opinion_index": 0,
      "case_paths": [
        "/mass/294/0187-01"
      ]
    },
    {
      "cite": "1996 Mass. App. Div. 41",
      "category": "reporters:state",
      "reporter": "Mass. App. Div.",
      "case_ids": [
        6811205
      ],
      "pin_cites": [
        {
          "page": "42"
        }
      ],
      "opinion_index": 0,
      "case_paths": [
        "/mass-app-div-annual/1996/0041-01"
      ]
    },
    {
      "cite": "1996 Mass. App. Div. 191",
      "category": "reporters:state",
      "reporter": "Mass. App. Div.",
      "case_ids": [
        6813334
      ],
      "pin_cites": [
        {
          "page": "192"
        }
      ],
      "opinion_index": 0,
      "case_paths": [
        "/mass-app-div-annual/1996/0191-01"
      ]
    }
  ],
  "analysis": {
    "cardinality": 356,
    "char_count": 4460,
    "ocr_confidence": 0.825,
    "pagerank": {
      "raw": 1.0912473009932478e-07,
      "percentile": 0.565677960375296
    },
    "sha256": "188666d8390ff06085b0d257e4dbcd397c144519017b10579d0ee7cf8907c0c6",
    "simhash": "1:aa37c4bd442b06c8",
    "word_count": 752
  },
  "last_updated": "2024-02-27T21:30:19.431360+00:00",
  "provenance": {
    "date_added": "2019-08-29",
    "source": "Harvard",
    "batch": "2018"
  },
  "casebody": {
    "judges": [
      "Present: Aguiar, P.J., Welsh & Crimmins, JJ."
    ],
    "parties": [
      "East Coast Mechanical vs. Paul O\u2019Leary"
    ],
    "opinions": [
      {
        "text": "Welsh, J.\nThis is an action for property damages to a motor vehicle which was oper-\u00e1ted by the defendant while in the employ of the plaintiff in St Thomas, Virgin Islands.\nThe judge found for the plaintiff on the negligence count and awarded damages of $685.35. Judgment was entered on September 13,1996.\n1. Although a notice of appeal was seasonably filed and an Expedited Appeal pursuant to Rule 8A Dist/Mun. Cts. E.1D.A was docketed, the notice of appeal substantially deviates from the requirements of Rule 3(c) (2) and (4) in that it does not include a concise statement of the issues of law presented for review and does not make reference to the rulings or other actions by the judge by which the appellant claims to be aggrieved. Failure to include an issue in the notice of appeal as required by Rule 3(c) DisL /Mun. Cts. R.AD.A forecloses appellant\u2019s right to obtain appellate review under Rule 8A Dist/Mun. Cts. R. A. D. A. New England Technical Sales Corp. v. S.E.E.Q. Technology, Inc., 1996 Mass. App. Div. 191, 192. The requirement of specificity of the rulings or issues sought to be reviewed represents a significant departure from Rule 3(c) of the Mass. RAR counterpart. The notice of appeal filed in this case simply asserts that the appellant claims to be aggrieved by the judgment Rule 3(c) expressly provides that the notice of appeal shall limit the scope of appeal. We conclude that the complete omission of any statement of issues sought to be raised on appeal should result in a forfeiture of the right to appellate review. See Pettie v. The Stop & Shop Supermarket Company, 1996 Mass. App. Div. 41, 42.\n2. Apar t from the non-compliance with Rule 3 (c), this appeal is flawed in another significant respect The appellant essentially seeks to have this court review the admission into evidence of a certain document purporting to be a repair bill for the vehicle in question, alleging that die document was hearsay and was admitted without foundation. In the absence of a transcript or an agreed summary as to the evidence or as to any offer of proof, it is virtually impossible to assess this claim of aggrievement on appeal. Also, in the absence of a transcript or an agreed summary of evidence we cannot determine whether any supposed error in the admission of the repair bill was cured by the reception of other competent evidence on the question of diminution of value. The burden rests upon appellant not only to demonstrate error but also to show that the error was prejudicial. MacDonald v. Adamian, 294 Mass. 187, 190 (1936); G.E.B. v. S.R.W., 422 Mass. 158, 169 (1996).\n3. In any event, the appellant\u2019s claims of aggrievement are devoid of merit Whether or not there was proof of ownership by the plaintiff on the date of the acddent causing the property damage is beside the point, in view of the judge\u2019s implicit finding that the plaintiff had a sufficient possessory interest in the vehicle to bring this action for damages. Associates Discount Corp. v. Gillineau, 322 Mass. 490, 493 (1948). Even if we were to conclude that the admission into evidence of the repair bill was erroneous, we would hold that such error was harmless. See Corrado v. Rolland, 355 Mass. 796 (1969). We note that the judge awarded damages substantially less than that shown on the repair bill. While damages must be reasonably ascertainable from the evidence [(See Stuart v. Brookline, 412 Mass. 251, 256, 257 (1991)], plaintiff is not required to establish the damages with the precision of a mathematical demonstration. Bond Pharmacy, Inc. v. Cambridge, 338 Mass. 488, 493 (1959). We see no reason to disturb the judge\u2019s estimate of damages even if based upon somewhat meager evidence. Carlo Bianchi & Co. v. Builders Equipment and Supply Co., 347 Mass. 636, 646 (1964). The judge was not precluded from applying his own experience and general knowledge in his determination of damages where the matter is one within common experience. Arlington Realty Corp. v. Bradley, 37 Mass. App. Dec. 36, 38 (1967).\nAppeal dismissed.\nSo ordered.\nThere were additional counts seeking recovery for allegedly failing to complete the term of employment and for using the vehicle without plaintiff\u2019s authori-zatio66n. These counts were not the subject of this appeal.",
        "type": "majority",
        "author": "Welsh, J."
      }
    ],
    "attorneys": [
      "Brian E.F. Meade for the plaintiff.",
      "Joseph W. MacDonald for the defendant."
    ],
    "corrections": "",
    "head_matter": "East Coast Mechanical vs. Paul O\u2019Leary\nSouthern District\nMay 21, 1997.\nPresent: Aguiar, P.J., Welsh & Crimmins, JJ.\nBrian E.F. Meade for the plaintiff.\nJoseph W. MacDonald for the defendant."
  },
  "file_name": "0066-01",
  "first_page_order": 72,
  "last_page_order": 73
}
