{
  "id": 11884239,
  "name": "John A. Marino vs. Virginia Kandris",
  "name_abbreviation": "Marino v. Kandris",
  "decision_date": "1997-08-18",
  "docket_number": "",
  "first_page": "129",
  "last_page": "132",
  "citations": [
    {
      "type": "official",
      "cite": "1997 Mass. App. Div. 129"
    }
  ],
  "court": {
    "name_abbreviation": "Mass. App. Div.",
    "id": 15177,
    "name": "Massachusetts Appellate Division"
  },
  "jurisdiction": {
    "id": 4,
    "name_long": "Massachusetts",
    "name": "Mass."
  },
  "cites_to": [
    {
      "cite": "406 Mass. 641",
      "category": "reporters:state",
      "reporter": "Mass.",
      "case_ids": [
        3885554
      ],
      "year": 1990,
      "pin_cites": [
        {
          "page": "644"
        }
      ],
      "opinion_index": 0,
      "case_paths": [
        "/mass/406/0641-01"
      ]
    },
    {
      "cite": "1986 Mass. App. Div. 8",
      "category": "reporters:state",
      "reporter": "Mass. App. Div.",
      "case_ids": [
        6812799
      ],
      "opinion_index": 0,
      "case_paths": [
        "/mass-app-div-annual/1986/0008-01"
      ]
    },
    {
      "cite": "1989 Mass. App. Div. 164",
      "category": "reporters:state",
      "reporter": "Mass. App. Div.",
      "case_ids": [
        6814277
      ],
      "pin_cites": [
        {
          "page": "165"
        }
      ],
      "opinion_index": 0,
      "case_paths": [
        "/mass-app-div-annual/1989/0164-01"
      ]
    },
    {
      "cite": "1994 Mass. App. Div. 27",
      "category": "reporters:state",
      "reporter": "Mass. App. Div.",
      "case_ids": [
        6811284
      ],
      "opinion_index": 0,
      "case_paths": [
        "/mass-app-div-annual/1994/0027-01"
      ]
    },
    {
      "cite": "1995 Mass. App. Div. 153",
      "category": "reporters:state",
      "reporter": "Mass. App. Div.",
      "case_ids": [
        6812890
      ],
      "pin_cites": [
        {
          "page": "154"
        }
      ],
      "opinion_index": 0,
      "case_paths": [
        "/mass-app-div-annual/1995/0153-01"
      ]
    },
    {
      "cite": "1997 Mass. App. Div. 31",
      "category": "reporters:state",
      "reporter": "Mass. App. Div.",
      "case_ids": [
        11881633
      ],
      "opinion_index": 0,
      "case_paths": [
        "/mass-app-div-annual/1997/0031-01"
      ]
    },
    {
      "cite": "17 Mass. App. Ct. 453",
      "category": "reporters:state",
      "reporter": "Mass. App. Ct.",
      "case_ids": [
        3980610
      ],
      "weight": 2,
      "year": 1984,
      "pin_cites": [
        {
          "page": "458"
        },
        {
          "page": "460"
        }
      ],
      "opinion_index": 0,
      "case_paths": [
        "/mass-app-ct/17/0453-01"
      ]
    },
    {
      "cite": "1996 Mass. App. Div. 185",
      "category": "reporters:state",
      "reporter": "Mass. App. Div.",
      "case_ids": [
        6813256
      ],
      "year": 1984,
      "pin_cites": [
        {
          "page": "187"
        }
      ],
      "opinion_index": 0,
      "case_paths": [
        "/mass-app-div-annual/1996/0185-01"
      ]
    },
    {
      "cite": "1 Mass. App. Ct. 58",
      "category": "reporters:state",
      "reporter": "Mass. App. Ct.",
      "case_ids": [
        3941198
      ],
      "year": 1973,
      "pin_cites": [
        {
          "page": "61"
        }
      ],
      "opinion_index": 0,
      "case_paths": [
        "/mass-app-ct/1/0058-01"
      ]
    },
    {
      "cite": "348 Mass. 716",
      "category": "reporters:state",
      "reporter": "Mass.",
      "case_ids": [
        522222
      ],
      "year": 1965,
      "pin_cites": [
        {
          "page": "719"
        }
      ],
      "opinion_index": 0,
      "case_paths": [
        "/mass/348/0716-01"
      ]
    },
    {
      "cite": "342 Mass. 161",
      "category": "reporters:state",
      "reporter": "Mass.",
      "case_ids": [
        3854821
      ],
      "year": 1961,
      "pin_cites": [
        {
          "page": "165"
        }
      ],
      "opinion_index": 0,
      "case_paths": [
        "/mass/342/0161-01"
      ]
    },
    {
      "cite": "394 Mass. 222",
      "category": "reporters:state",
      "reporter": "Mass.",
      "case_ids": [
        385176
      ],
      "year": 1985,
      "pin_cites": [
        {
          "page": "224"
        }
      ],
      "opinion_index": 0,
      "case_paths": [
        "/mass/394/0222-01"
      ]
    },
    {
      "cite": "407 Mass. 31",
      "category": "reporters:state",
      "reporter": "Mass.",
      "case_ids": [
        3885909
      ],
      "year": 1990,
      "pin_cites": [
        {
          "page": "35"
        }
      ],
      "opinion_index": 0,
      "case_paths": [
        "/mass/407/0031-01"
      ]
    },
    {
      "cite": "1994 Mass. App. Div. 217",
      "category": "reporters:state",
      "reporter": "Mass. App. Div.",
      "case_ids": [
        6814199
      ],
      "pin_cites": [
        {
          "page": "218"
        }
      ],
      "opinion_index": 0,
      "case_paths": [
        "/mass-app-div-annual/1994/0217-01"
      ]
    },
    {
      "cite": "1 Mass. App. Ct. 846",
      "category": "reporters:state",
      "reporter": "Mass. App. Ct.",
      "case_ids": [
        3942711
      ],
      "year": 1973,
      "pin_cites": [
        {
          "page": "847"
        }
      ],
      "opinion_index": 0,
      "case_paths": [
        "/mass-app-ct/1/0846-01"
      ]
    },
    {
      "cite": "1995 Mass. App. Div. 91",
      "category": "reporters:state",
      "reporter": "Mass. App. Div.",
      "case_ids": [
        6812080
      ],
      "pin_cites": [
        {
          "page": "94-95"
        }
      ],
      "opinion_index": 0,
      "case_paths": [
        "/mass-app-div-annual/1995/0091-01"
      ]
    }
  ],
  "analysis": {
    "cardinality": 504,
    "char_count": 8913,
    "ocr_confidence": 0.838,
    "pagerank": {
      "raw": 1.8676177422720265e-07,
      "percentile": 0.7257399948800104
    },
    "sha256": "e03bbb587734b6d7eec8e62068565e07f7c9be23a8045896991dadb930019223",
    "simhash": "1:293ad6f6d838b92c",
    "word_count": 1547
  },
  "last_updated": "2024-02-27T21:30:19.431360+00:00",
  "provenance": {
    "date_added": "2019-08-29",
    "source": "Harvard",
    "batch": "2018"
  },
  "casebody": {
    "judges": [
      "Present: Sherman, P.J., Merrick & Coven, JJ."
    ],
    "parties": [
      "John A. Marino vs. Virginia Kandris"
    ],
    "opinions": [
      {
        "text": "Merrick, J.\nThis is a Dist./Mun. Cts. RA.D A, Rule 8C appeal by the plaintiff of the denial of both his motion to file an appeal fee late and his G.L.C. 231, \u00a7102C request to retransfer this action. >.\nThis action for breach of a commercial real estate lease was commenced in the Superior Court and transferred for trial to the Gloucester Division of the District Court Department. Summary judgment was there entered for the defendant on the grounds that the action was barred on principles of res judicata and issue preclusion by a prior summary process judgment. The latter judgment is not at issue on this appeal.\nSummary judgment was entered on April 17, 1996. As the ten day period prescribed by Dist/Mun. Cts. RA.D A, Rule 4(a) expired on Saturday, April 27,1996, the plaintiff had until Monday, April 29,1996 to file a notice of appeal and filing fee. As indicated by the trial court clerk\u2019s date stamp on the document itself, by the docket entries and by a later finding by a trial court judge, the plaintiff\u2019s notice of appeal was not filed until Tuesday, April 30,1996. The notice was unaccompanied by the required filing fee. Plaintiffs counsel had apparently arranged for the fee to be filed by the plaintiff himself, and the fee was not received by the trial court until May 10,1996 when it was delivered in the form of a check drawn on the account of Gail Marino. By letter of May 13,1996, the clerk returned the check to Ms. Marino and advised her that the notice of appeal and fee should have been filed within ten days of April 17,1996.\nApparently unaware that the notice of appeal itself was late, plaintiff\u2019s counsel filed a \u201cMotion to File Appeal Fee Late\u201d on August 14, 1996. The defendant opposed the motion on the grounds that the plaintiff\u2019s notice of appeal itself was untimely and that neither a motion to extend the filing time for the notice of appeal, nor a demonstration of excusable neglect or other good cause, had been presented to the court. The trial court denied the plaintiff\u2019s \u201cMotion to File Appeal Fee Late\u201d on August 27,1996.\nOn September 6,1996, the defendant filed a request for retransfer of the action to the Superior Court pursuant to G.L.c. 231, \u00a7102C. The defendant\u2019s request was denied.\n1. The trial judge could not have allowed the plaintiff\u2019s \u201cMotion to File Appeal Fee Late\u201d given the feet that the notice of appeal was untimely filed. No motion to extend the time for filing a notice of appeal has ever been submitted by the plaintiff. There are procedures under Dist/Mun. Cts. RADA, Rules 4(c) and 14(b) for obtaining an extension of time to file a late appeal. See Oyegbola v. DeSimone, 1995 Mass. App. Div. 91, 94-95. Those rules need not be discussed here except to note that they require either a \u201cshowing of excusable neglect or other good reason\u201d or \u201cgood cause shown.\u201d Thus even if the trial judge or this Division chose to treat the plaintiffs \u201cMotion to File Appeal Fee Late\u201d as including a request to file the notice of appeal late, the plaintiff would still not be entitled to relief as he has failed absolutely to make any demonstration of good cause. Plaintiffs counsel instead argued at the motion hearing on August 27,1996 that she mailed the notice of appeal on April 27,1996, and asserted in a later affidavit that \u201cto the best of [her] knowledge and belief\u2019 she hand delivered the notice of appeal on April 29,1997. Such assertion is contrary to both trial court records and a specific finding by the judge.\n2. There was also no error in the denial of the plaintiffs G.L.c. 231, \u00a7102C request for retransfer.\nA district court trial judge has no discretion to permit retransfer more than ten days after the entry of judgment. Griffin v. Powers, 1 Mass. App. Ct. 846, 847 (1973); Barrett v. Lynn Ladder & Scaffolding Co., 1994 Mass. App. Div. 217, 218. It is true that the Supreme Judicial Court has held that an appeal to the Appellate Division of a \u00a7102C transferred case effectively tolls the 10 day retransfer period, which then recommences after the decision of the Appellate Division. Bender v. Automotive Specialties, Inc., 407 Mass. 31, 35 (1990); Sroczynski v. Shell Oil Co., 394 Mass. 222, 224 (1985); Lubell v. First Nat\u2019l Stores, Inc., 342 Mass. 161, 165 (1961). Even where a timely appeal to the Appellate Division was dismissed for procedural reasons rather than decided on the merits, the Court reasoned that \u201c[ujntil the [appeal] was dismissed its pendency was as effective in preventing the case from being ready for retransfer as in any case where a party is successful in obtaining a ruling from the Appellate Division [emphasis supplied].\u201d McGloin v. Nilson, 348 Mass. 716, 719 (1965).\nTo toll the statutory retransfer period, however, there must be a \u201cviable\u201d appeal to the Appellate Division. Hall v. Opacki, 1 Mass. App. Ct. 58, 61 (1973). In the instant case, there was no valid notice of appeal to the Appellate Division during the 10 days available for retransfer and thus no \u201cpendency\u201d of an appeal preventing the case from retransfer. A late notice of appeal to the Appellate Division, whether it is tardy by one day or one year, does not resuscitate the right of retransfer.\n3. Rule 25 of the Dist./Mun. Cts. RADA, provides:\nIf the Appellate Division shall determine that an appeal is frivolous, or that either party has acted in bad faith in proceeding under these rules, it may award to the aggrieved party just damages and single or double costs, and such interest on the amount of the judgment as may be allowed by law.\nThe present case would warrant imposition of damages and double costs against the plaintiff. See Handman v. Spector, 1996 Mass. App. Div. 185, 187. \u201cWhen the law is well settled, when there can be no reasonable expectation of a reversal, an appeal is frivolous.\u201d Allen v. Batchelder, 17 Mass. App. Ct. 453, 458 (1984). Rule 25 damages may include attorney\u2019s fees. Id. at 460.\nHowever, the defendant has also sought counsel fees pursuant to G.L.c. 231, \u00a76F which governs frivolous actions in certain courts. Section 6E of G.L.c. 231, which lists the courts in which \u00a76F is applicable, does not include the District Court. Taupa Lithuanian Fed. Credit Union v. Bajercius, 1997 Mass. App. Div. 31, 32 n. 3; Nissenbaum v. McGovern, 1995 Mass. App. Div. 153, 154; Spunt v. Green, 1994 Mass. App. Div. 27, 29 n. 5; Mullen v. Connolly, 1989 Mass. App. Div. 164, 165; Brentwood Nursing Home, Inc. v. Goldstein, 1986 Mass. App. Div. 8. In view of the repeated decisions to this effect it would appear that efforts to recover under \u00a76F in the District Court Department should themselves be regarded as frivolous. The defendant in this case will thus forfeit the Rule 25 damages and costs which we may otherwise have awarded.\nAccordingly, the trial court\u2019s denial of the plaintiffs \u201cMotion to File Appeal Fee Late\u201d and of his request for retransfer are affirmed. Appeal dismissed.\nSo ordered.\nPursuant to Dist./Mun. Cts. RADA, Rule 3(a), the \u201cvalidity of the appeal\u201d is contingent upon both the timely filing of a notice of appeal and payment of the filing fee.\nRule 4(c) provides: \u201cExtension of Time for Filing Notice of Appeal. Upon a showing of excusable neglect or other good reason, the trial court may extend the time for filing the notice of appeal by any party for a period not to exceed ten days from the expiration of the time otherwise prescribed by this rule. Such an extension may be granted before or after the time otherwise prescribed by this rule has expired. A request for an extension shall be made by motion with such notice as the trial court shall deemed appropriate, and in no event shall the court permit the filing of a notice of appeal later than 180 days after entry of the judgment or post-judgment order of which appeal is sought [emphasis supplied].\u201d\nRule 14(b) provides: \u201cEnlargement of Time. The trial court or Appellate Division for good cause shown may upon motion enlarge the time prescribed by these rules or by its order for doing any act, or may permit an act to be done after the expiration of such time; but the time for filing a notice of appeal may not be enlarged beyond 180 days from the date of entry of the judgment or order sought to be reviewed [emphasis supplied].\u201d\nThis finding was made in response to a later motion by the defendant for a correction or modification of the record. At the motion hearing, plaintiff\u2019s counsel asserted inter alia that clerk\u2019s office personnel had been rude and had deliberately stamped and docketed her notice a day late. We also disregard plaintiff\u2019s argument that tiie clerk\u2019s office had some affirmative responsibility to notify her counsel that the appeal had been filed late. See Brown v. Quinn, 406 Mass. 641, 644 (1990).",
        "type": "majority",
        "author": "Merrick, J."
      }
    ],
    "attorneys": [
      "Martha M. Ryan for the plaintiff.",
      "Patricia S. Johnstone for the defendant."
    ],
    "corrections": "",
    "head_matter": "John A. Marino vs. Virginia Kandris\nNorthern District\nAugust 18, 1997.\nPresent: Sherman, P.J., Merrick & Coven, JJ.\nMartha M. Ryan for the plaintiff.\nPatricia S. Johnstone for the defendant."
  },
  "file_name": "0129-01",
  "first_page_order": 135,
  "last_page_order": 138
}
