{
  "id": 11885996,
  "name": "Josephine Montgomery vs. Rustcraft Realty Trust, and another",
  "name_abbreviation": "Montgomery v. Rustcraft Realty Trust",
  "decision_date": "1997-12-12",
  "docket_number": "",
  "first_page": "204",
  "last_page": "205",
  "citations": [
    {
      "type": "official",
      "cite": "1997 Mass. App. Div. 204"
    }
  ],
  "court": {
    "name_abbreviation": "Mass. App. Div.",
    "id": 15177,
    "name": "Massachusetts Appellate Division"
  },
  "jurisdiction": {
    "id": 4,
    "name_long": "Massachusetts",
    "name": "Mass."
  },
  "cites_to": [
    {
      "cite": "365 Mass. 747",
      "category": "reporters:state",
      "reporter": "Mass.",
      "year": 1974,
      "opinion_index": 0
    },
    {
      "cite": "33 Mass. App. Ct. 27",
      "category": "reporters:state",
      "reporter": "Mass. App. Ct.",
      "year": 1992,
      "pin_cites": [
        {
          "page": "596"
        }
      ],
      "opinion_index": 0
    },
    {
      "cite": "30 Mass. App. Ct. 951",
      "category": "reporters:state",
      "reporter": "Mass. App. Ct.",
      "case_ids": [
        1418748
      ],
      "weight": 2,
      "year": 1991,
      "pin_cites": [
        {
          "page": "571"
        },
        {
          "page": "953"
        }
      ],
      "opinion_index": 0,
      "case_paths": [
        "/mass-app-ct/30/0951-01"
      ]
    }
  ],
  "analysis": {
    "cardinality": 368,
    "char_count": 5823,
    "ocr_confidence": 0.835,
    "pagerank": {
      "raw": 4.03580807328026e-08,
      "percentile": 0.243862093890416
    },
    "sha256": "d69141807d64ac318a40bbd8689e6bbe02c6f91d6b408ce8a39041b906ebe162",
    "simhash": "1:2d8a50e92c07df95",
    "word_count": 960
  },
  "last_updated": "2024-02-27T21:30:19.431360+00:00",
  "provenance": {
    "date_added": "2019-08-29",
    "source": "Harvard",
    "batch": "2018"
  },
  "casebody": {
    "judges": [
      "Present: Aguiar, P.J., Minehan & Belford, JJ."
    ],
    "parties": [
      "Josephine Montgomery vs. Rustcraft Realty Trust, and another"
    ],
    "opinions": [
      {
        "text": "Aguiar, J.\nThis appeal raises the issue of whether the trial court judge abused his discretion in finding that the plaintiff failed to show good cause for failing to serve the defendants with process in accordance with Mass. R. Civ. R, Rule 4\u00ae.\nWe find there was no error.\nThis lawsuit arises out of a slip and fall which occurred on February 14,1992, allegedly on the defendants\u2019 property. The plaintiff filed her complaint in the Norfolk Superior Court on February 14,1995, exactly three years to the day following the accident. The defendants were not served with the complaint and summons until May 13,1996.\nOn June 19, 1995, the plaintiff\u2019s complaint was dismissed, sua sponte, by the Norfolk Superior Court. The plaintiff filed a motion to vacate order of dismissal which was allowed by the Superior Court. In allowing said motion, Judge Thomas Connolly extended the time for service of the plaintiff\u2019s complaint upon the defendants until April 1,1996. Plaintiff\u2019s counsel stated in her motion that the summons and complaint would be served by February 27,1996.\nThe plaintiff served the summons and complaint upon the defendants on May 13, 1996, fifteen months after it was filed, and forty-four days after the Court ordered deadline for service. The case subsequently was remanded to the Dedham District Court.\nOn or about November 5, 1996, the defendants filed the motion of the defendants to dismiss plaintiff\u2019s complaint pursuant to Mass. R. Civ R, Rule 4\u00ae. The Court allowed said motion and the plaintiff\u2019s complaint was dismissed on June 4, 1997.\nMass. R. Civ R, Rule 4\u00ae states as follows: \u201cSummons: Time Limit of Service. If a service of the summons and complaint is not made upon a defendant within 90 days after the filing of the complaint and the party on whose behalf such service was required cannot show good cause why such service was not made within that period, the action shall be dismissed as to that defendant without prejudice upon the court\u2019s own initiative with notice to such party or upon motion.\u201d\nThe suit against Rustcraft Realty Trust, the landowner, was dismissed because the recorded lease between the defendant bank and the landowner requires the bank to take care of snow and ice removal.\nPlaintiff argues that at the time suit was filed, Multibank disappeared. The bank\u2019s charter was terminated in June of 1994, but Multibank Financial Corp. Inc. was not dissolved until June 6, 1996. Multibank Financial Corp. Inc. was consolidated with Bank of Boston, now Bank Boston, before plaintiff filed her lawsuit. Plaintiff further argues that the unusually difficult weather conditions in the winter and spring of 1996 and the state of her own health (foot injuries which included two fractures) made service on the defendant difficult. Plaintiff further argues that the defendant has not been prejudiced by the delay of service, that plaintiff\u2019s situation is that the case is time barred by the statute of limitations, and that plaintiff has good cause and excusable neglect under Rule 4\u00ae to warrant reversal of the motion to dismiss.\nWe disagree with the plaintiff. \u201cThe burden is on the plaintiff to show good cause why service was not made within the time period required by the rule..\u201d Shuman v. The Stanley Works, 30 Mass. App. Ct. 951, 571, N.E. 2d, 634 (1991).\nThe plaintiff\u2019s brief argues that Multibank Center has failed to allege specific prejudice as a result of the plaintiff\u2019s fifteen (15) month delay in service, despite the fact that Massachusetts law unequivocally states that the prejudice standard does not apply. Hull v. Attleboro Savings Bank, 33 Mass. App. Ct. 27, 596, N.E. 2d, 363 (1992).\nPlaintiff\u2019s contention that she could not properly serve the defendants due to a \u201ccorporate maze,\u201d which was involved with identifying the owner of the premises where plaintiff fell, is unconvincing. Plaintiff\u2019s counsel only needed to identify the landowner at the local municipal office or at the county registry of deeds, serve said landowner with process, and by way of discovery, identify the responsible entity, a process which is commonly followed. Simply serving the landowner and either relying on the landowner to implead other parties or amending her complaint to add additional parties, would have been the simple method of proceeding with this litigation. This was a mistake by the plaintiff.\nPlaintiff made a further mistake by failing to comply with the extension of time which was given to her by the Superior Court judge. Plaintiff has not shown due diligence in abiding by an extremely generous court order which allowed her ten additional weeks to effectuate service.\nThe failure of plaintiff\u2019s counsel to request an additional extension of time for service under Mass. R. Civ. R, Rule 6(b), 365 Mass. 747 (1974), \u201cis some evidence of lack of diligence.\u201d Shuman, 30 Mass. App. Ct at 953, 571 N.E. 2d at 635.\nThe plaintiff\u2019s inability to refile her complaint due to the expiration of the statute of limitations is irrelevant to the disposition of this appeal. In Hull v. Attleboro Savings Bank, the Massachusetts Court of Appeals considered this precise issue and stated as follows: \u201cWe recognize that a dismissal without prejudice would likely mean that the plaintiff\u2019s cause of action in this case would be time-barred by the statute of limitations ... This will, of course, sometimes be the inevitable consequence of such a dismissal. It does not prevent the operation of Rule 4(j), much less provide a basis of a finding of good cause for the failure to make service.\u201d\nFor all of the above reasons, the appeal is dismissed.",
        "type": "majority",
        "author": "Aguiar, J."
      }
    ],
    "attorneys": [
      "Carole A.Z. Root for the plaintiff.",
      "Brian W. Brady for the defendants."
    ],
    "corrections": "",
    "head_matter": "Josephine Montgomery vs. Rustcraft Realty Trust, and another\nSouthern District\nDecember 12, 1997.\nPresent: Aguiar, P.J., Minehan & Belford, JJ.\nCarole A.Z. Root for the plaintiff.\nBrian W. Brady for the defendants.\nMultibank Center."
  },
  "file_name": "0204-01",
  "first_page_order": 210,
  "last_page_order": 211
}
