{
  "id": 7997743,
  "name": "Columbia WILLIAMS, Appellant, v. Lisbon WILLIAMS, Appellee",
  "name_abbreviation": "Williams v. Williams",
  "decision_date": "1977-09-30",
  "docket_number": "No. 10354",
  "first_page": "668",
  "last_page": "670",
  "citations": [
    {
      "type": "official",
      "cite": "378 A.2d 668"
    }
  ],
  "court": {
    "name_abbreviation": "D.C.",
    "id": 11933,
    "name": "District of Columbia Court of Appeals"
  },
  "jurisdiction": {
    "id": 56,
    "name_long": "District of Columbia",
    "name": "D.C."
  },
  "cites_to": [
    {
      "cite": "21 Ariz.App. 284",
      "category": "reporters:state",
      "reporter": "Ariz. App.",
      "case_ids": [
        1251058
      ],
      "weight": 2,
      "year": 1974,
      "opinion_index": 0,
      "case_paths": [
        "/ariz-app/21/0284-01"
      ]
    },
    {
      "cite": "296 A.2d 710",
      "category": "reporters:state_regional",
      "reporter": "A.2d",
      "case_ids": [
        8050873
      ],
      "year": 1972,
      "opinion_index": 0,
      "case_paths": [
        "/a2d/296/0710-01"
      ]
    },
    {
      "cite": "23 D.C. Reg. 5869",
      "category": "laws:leg_session",
      "reporter": "D.C. Reg.",
      "year": 1977,
      "opinion_index": 0
    },
    {
      "cite": "283 A.2d 26",
      "category": "reporters:state_regional",
      "reporter": "A.2d",
      "case_ids": [
        8059014
      ],
      "weight": 3,
      "year": 1971,
      "pin_cites": [
        {
          "page": "28"
        }
      ],
      "opinion_index": 0,
      "case_paths": [
        "/a2d/283/0026-01"
      ]
    },
    {
      "cite": "248 A.2d 822",
      "category": "reporters:state_regional",
      "reporter": "A.2d",
      "case_ids": [
        8088977
      ],
      "year": 1969,
      "opinion_index": 0,
      "case_paths": [
        "/a2d/248/0822-01"
      ]
    }
  ],
  "analysis": {
    "cardinality": 398,
    "char_count": 7011,
    "ocr_confidence": 0.793,
    "pagerank": {
      "raw": 6.41038138808986e-08,
      "percentile": 0.3965343153210863
    },
    "sha256": "8e41c301cb9460a78e5effed34fd019adf9f7bcf8291c22ee68cf4ebb37a8fe4",
    "simhash": "1:92be3e243858ddc2",
    "word_count": 1157
  },
  "last_updated": "2024-02-27T23:49:41.278948+00:00",
  "provenance": {
    "date_added": "2019-08-29",
    "source": "Harvard",
    "batch": "2018"
  },
  "casebody": {
    "judges": [
      "Before FICKLING, GALLAGHER and YEAGLEY, Associate Judges."
    ],
    "parties": [
      "Columbia WILLIAMS, Appellant, v. Lisbon WILLIAMS, Appellee."
    ],
    "opinions": [
      {
        "text": "PER CURIAM:\nAppellant seeks to have overturned a judgment granting appellee an absolute divorce on the ground of voluntary separation for more than one year without cohabitation pursuant to D.C.Code 1973, \u00a7 16-904, and dismissing appellant\u2019s counterclaim for an absolute divorce on the ground of adultery. Appellant contends that several errors were made in the court below, but we need deal with only two of the assignments of error.\nAppellant maintains that the lower court lacked jurisdiction to enter a decree of divorce because neither party had been a resident of the District of Columbia for one year at the time the complaint was filed as is required by D.C.Code 1973, \u00a7 16-902. This assertion is based on the fact that seven months prior to filing her complaint in Superior Court appellee had filed a complaint for divorce in Montgomery County, Maryland, in which she averred that she was a resident of Montgomery County. This was explored in the trial court here and its finding that appellee was a resident of the District of Columbia for the requisite period of time may not be disturbed unless it is found to be clearly erroneous. Springer v. Springer, D.C.App., 248 A.2d 822 (1969). Such a conclusion is not warranted here because there is evidence to support the court\u2019s finding. Consequently, there was jurisdiction of this cause of action.\nAppellant contends our decision in Bondurant v. Bondurant, D.C.App., 283 A.2d 26 (1971), requires a reversal. In Bondurant, the wife had counterclaimed on March 22, 1970 for an absolute divorce on the ground of voluntary separation for more than one year, and it had been granted. The wife had left the family home on February 3, 1969, a parting which the trial judge had not found to have been voluntary. The trial judge found, however, that the separation had matured into a voluntary separation by virtue of the husband\u2019s silent acquiescence. This court held that, because the period of time between the date when the plaintiff-wife had moved out of the family home and the date one year prior to the filing of her counterclaim was only six weeks, it was necessary that the trial court find \u201cthe exact or at least approximate date\u201d when the separation ripened into a voluntary separation in order to satisfy the jurisdictional requirement of D.C.Code 1973, \u00a7 16-904. Because the trial judge had not made such a finding, the case was reversed and remanded for a new trial.\nThe facts of this case are quite similar to those of Bondurant. Mrs. Williams moved out of the family home on June 11, 1971 and filed a complaint for an absolute divorce on September 14, 1972. At the time of trial, a person who sought a divorce on the ground of voluntary separation was required to prove a voluntary separation for a period of one year prior to the filing of the complaint. Bondurant v. Bondurant, supra at 27 n. 3. The trial court did not find that the separation was voluntary at its inception. Therefore, it became incumbent upon the trial court to make a finding as to when the separation became voluntary in order to determine whether the separation satisfied the jurisdictional requirement of a one year\u2019s voluntary separation prior to the filing of the complaint. Id. at 28. Because the trial court did not find when the separation became voluntary during the three months preceding the beginning of the jurisdictional one-year period, there was no support for the determination that the jurisdictional prerequisite of a one year\u2019s voluntary separation had been satisfied. The record does not show that the separation had become voluntary during the three months. Yet, a finding that the separation had become voluntary by the beginning of the jurisdictional one-year period would be essential in order to satisfy the statutory requirement.\nUnder Bondurant, it would be necessary to remand the case for a new trial on the issue of voluntary separation. Under the law existing at time of trial, the issue of the property rights of the parties would also be retried because the finding of a voluntary separation may have influenced the award of those.\nWhile we must remand the proceeding, there are some unusual circumstances to be considered upon remand. Only recently, and subsequent to the trial in this case, and for that matter after argument on appeal, there became effective in this jurisdiction a new divorce law (District of Columbia Marriage and Divorce Act, No. 1-193, 23 D.C. Reg. 5869 (1977)). Insofar as pertinent, the new law reduces substantially the requirements for a divorce based upon separation. Consequently, in the circumstances of this case, we should think that in applying the new statute on remand the principal issue relating to separation should become rather simplified, as should the proceedings. We leave open to the court on remand the matter of property settlement.\nWe conclude that the award of custody and support for the minor child and attorney\u2019s fees were proper and therefore to this extent the judgment is affirmed.\nAffirmed in part; remanded in part.\n. Appellant also contended that: (1) the lower court had erroneously ruled that the alleged co-respondent had not been validly served; and (2) the evidence was not sufficient to support a finding that the separation was voluntary and mutual as is required by D.C.Code 1973, \u00a7 16-904. As to appellant\u2019s first contention, the court correctly ruled that the appellant\u2019s process server had failed to make a proper return. Because appellant failed to make the alleged co-respondent a party, his counterclaim for divorce was not maintainable, D.C.Code 1973, \u00a7 16-917, and therefore it was properly dismissed. Because the case is being remanded, it is not necessary to deal with the second contention, as will appear later in the opinion.\n. This cause of action was dismissed on at least two occasions \u2014 March IS, 1973 and October 29, 1973 \u2014 for failure to prosecute pursuant to Super.Ct.Dom.Rel.R. 41(f). Shortly after each of the above dates, the cause was reinstated. The effect of the reinstatements is to restore the action to its predismissal status. York & York Construction Co. v. Alexander, D.C.App., 296 A.2d 710 (1972). Accordingly, we are required to conclude that the suit was filed on September 14, 1972, the date stamped on ap-pellee\u2019s complaint for divorce by the Clerk of the Superior Court.\n. See, e. g., Fox v. Superior Court for County of Maricopa, 21 Ariz.App. 284, 518 P.2d 1001 (1974).",
        "type": "majority",
        "author": "PER CURIAM:"
      }
    ],
    "attorneys": [
      "S.Richard O\u2019Day, Rockville, Md., for appellant. Michael R. Gordon, Baltimore, Md., also entered an appearance for appellant.",
      "Dovey J. Roundtree, Washington, D.C., for appellee."
    ],
    "corrections": "",
    "head_matter": "Columbia WILLIAMS, Appellant, v. Lisbon WILLIAMS, Appellee.\nNo. 10354.\nDistrict of Columbia Court of Appeals.\nArgued Nov. 9, 1976.\nDecided Sept. 30, 1977.\nS.Richard O\u2019Day, Rockville, Md., for appellant. Michael R. Gordon, Baltimore, Md., also entered an appearance for appellant.\nDovey J. Roundtree, Washington, D.C., for appellee.\nBefore FICKLING, GALLAGHER and YEAGLEY, Associate Judges.\nAssociate Judge Fickling was a member of this division at the time the case was argued but did not participate in the decision as he died before the opinion was published."
  },
  "file_name": "0668-01",
  "first_page_order": 716,
  "last_page_order": 718
}
