{
  "id": 6815660,
  "name": "John L. Mason, Jr. vs. Richard Perlman",
  "name_abbreviation": "Mason v. Perlman",
  "decision_date": "1986-12-18",
  "docket_number": "",
  "first_page": "181",
  "last_page": "182",
  "citations": [
    {
      "type": "official",
      "cite": "1986 Mass. App. Div. 181"
    }
  ],
  "court": {
    "name_abbreviation": "Mass. App. Div.",
    "id": 15177,
    "name": "Massachusetts Appellate Division"
  },
  "jurisdiction": {
    "id": 4,
    "name_long": "Massachusetts",
    "name": "Mass."
  },
  "cites_to": [
    {
      "cite": "50 Mass. App. Dec. 145",
      "category": "reporters:state",
      "reporter": "Mass. App. Dec.",
      "case_ids": [
        4336127
      ],
      "weight": 2,
      "year": 1973,
      "pin_cites": [
        {
          "page": "148-149"
        }
      ],
      "opinion_index": 0,
      "case_paths": [
        "/mass-app-dec/50/0145-01"
      ]
    },
    {
      "cite": "362 Mass. 642",
      "category": "reporters:state",
      "reporter": "Mass.",
      "case_ids": [
        43882
      ],
      "year": 1972,
      "opinion_index": 0,
      "case_paths": [
        "/mass/362/0642-01"
      ]
    },
    {
      "cite": "284 Mass. 503",
      "category": "reporters:state",
      "reporter": "Mass.",
      "case_ids": [
        3834550
      ],
      "year": 1933,
      "opinion_index": 0,
      "case_paths": [
        "/mass/284/0503-01"
      ]
    },
    {
      "cite": "370 Mass. 255",
      "category": "reporters:state",
      "reporter": "Mass.",
      "case_ids": [
        312674
      ],
      "year": 1976,
      "opinion_index": 0,
      "case_paths": [
        "/mass/370/0255-01"
      ]
    }
  ],
  "analysis": {
    "cardinality": 275,
    "char_count": 3713,
    "ocr_confidence": 0.766,
    "pagerank": {
      "raw": 6.5754854646575e-08,
      "percentile": 0.4027180735247499
    },
    "sha256": "51a6d289c7ab99649ee6c3701a9a214df92104a3149c234c5d028a33b0481c2c",
    "simhash": "1:36b9542fffdab50f",
    "word_count": 653
  },
  "last_updated": "2024-02-27T20:47:32.884485+00:00",
  "provenance": {
    "date_added": "2019-08-29",
    "source": "Harvard",
    "batch": "2018"
  },
  "casebody": {
    "judges": [
      "Present: Doyle, P.J., Forte & Jodrey, JJ."
    ],
    "parties": [
      "John L. Mason, Jr. vs. Richard Perlman"
    ],
    "opinions": [
      {
        "text": "Forte, J.\nThe report sub judice attempts to present the following issue: is it error for a trial judge to dismiss a report without a hearing after a timely request for a hearing on the draft report has been filed?\nAfter a finding for the plaintiff was docketed on October 4, 1985, the defendant filed a motion for a new trial and a motion for amendment of findings and judgment. These were denied on October 30,1985. Thirteen days later, the defendant filed a draft report and thirteen days thereafter filed a request for a hearing. The docket indicates that on December 24, 1985 the following entry was made: \u201cDraft report dismissed without hearing.\u201dThe order dismissing the report stated:\nThe \u2018Draft Report\u2019 filed by the defendant so utterly fails to comply with District Court/BMC (sic) Rules of Civil Procedure 64(c)(2), and so ignores the requirement to \u2018follow the model printed as Form 33,\u2019 that a hearing thereon would be an exercise in futility.\nAccordingly, the Draft Report is dismissed without a hearing.\nRule 64(c)(4) of the Dist./Mun. Cts. R. Civ. P. permits a party, within fifteen days after filing a draft report, to file a request for a hearing on the draft report. The defendant filed a timely request for a hearing on the draft report in this case. Rule 64(c)(4) further states that \u201c(s)uch a hearing shall be held in any event unless the court intends to allow the draft report as submitted (emphasis supplied).\u201d The purpose of the hearing is to put the report in proper form and to have it contain the proper information. See Comfort Air Systems v. Cacopardo, 370 Mass. 255 (1976); Kelly v. Foley, 284 Mass. 503 (1933).\n(I)t is not contemplated in these rules that the trial justice, who has the power to amend, alter or change the draft report as to form before it is settled as his report, should deprive litigants from their right under G.L. c. 231, \u00a7108. Substantial conformity to the model draft report requires judicial and procedural fairness in the appellate process. A draft report is in the nature of a pleading and our courts have long-abandoned the notion of strict adherence to pleadings when to do so would give preference to form over substance. Knowles v. Gilchrist Co., 362 Mass. 642 (1972).\nPeabody Action Realty, Inc. v. Falkowski, 50 Mass. App. Dec. 145, 148-149 (1973).\nHowever, although when a request for a hearing on a draft report is filed, the trial judge need not conduct a hearing if the draft report is subject to dismissal. An example is when the draft report is not timely filed.\nDist./Mun. Cts. R. Civ. P., Rule 64(c)(l)(ii) states draft reports shall be filed within ten days after entry of judgment. Rule 6(a) states: \u201c.. .The last day of the period so computed shall be included, unless it is a Saturday, Sunday or a legal holiday, in which event the period runs until the end of the next day which is not a Saturday, Sunday or a legal holiday...\u201d (emphasis supplied) In this case, the tenth day after entry of judgment was a Saturday, the eleventh a Sunday, and the twelfth was a legal holiday, Monday, November 11, 1985. Therefor, although the draft report was filed on the thirteenth day (a Tuesday) it was timely and not subject to dismissal.\nThe action is returned to the trial court to conduct a hearing on the draft report in accordance with Peabody Action Realty, Inc. v. Falkowski, supra.\nAlthough the docket indicates the draft report was filed on November 14,1985, the draft report is date-stamped as being filed on November 12,1985.\nThe ten days begin to run after post trial motions are decided.",
        "type": "majority",
        "author": "Forte, J."
      }
    ],
    "attorneys": [
      "Richard H. Perlman pro se."
    ],
    "corrections": "",
    "head_matter": "John L. Mason, Jr. vs. Richard Perlman\nNorthern District \u2014\nDecember 18, 1986.\nPresent: Doyle, P.J., Forte & Jodrey, JJ.\nRichard H. Perlman pro se."
  },
  "file_name": "0181-01",
  "first_page_order": 189,
  "last_page_order": 190
}
