{
  "id": 8047255,
  "name": "George F. HOLMES, Defendant Below, Appellant, v. STATE of Delaware, Plaintiff Below, Appellee",
  "name_abbreviation": "Holmes v. State",
  "decision_date": "1972-11-27",
  "docket_number": "",
  "first_page": "6",
  "last_page": "8",
  "citations": [
    {
      "type": "official",
      "cite": "300 A.2d 6"
    }
  ],
  "court": {
    "name_abbreviation": "Del.",
    "id": 9322,
    "name": "Delaware Supreme Court"
  },
  "jurisdiction": {
    "id": 8,
    "name_long": "Delaware",
    "name": "Del."
  },
  "cites_to": [
    {
      "cite": "441 P.2d 625",
      "category": "reporters:state_regional",
      "reporter": "P.2d",
      "year": 1968,
      "opinion_index": 0
    },
    {
      "cite": "68 Cal.Rptr. 817",
      "category": "reporters:state",
      "reporter": "Cal. Rptr.",
      "year": 1968,
      "opinion_index": 0
    },
    {
      "cite": "68 Cal.2d 714",
      "category": "reporters:state",
      "reporter": "Cal. 2d",
      "case_ids": [
        2306174
      ],
      "year": 1968,
      "opinion_index": 0,
      "case_paths": [
        "/cal-2d/68/0714-01"
      ]
    },
    {
      "cite": "233 N.E.2d 367",
      "category": "reporters:state_regional",
      "reporter": "N.E.2d",
      "year": 1968,
      "opinion_index": 0
    },
    {
      "cite": "39 Ill.2d 125",
      "category": "reporters:state",
      "reporter": "Ill. 2d",
      "case_ids": [
        2858633
      ],
      "year": 1968,
      "opinion_index": 0,
      "case_paths": [
        "/ill-2d/39/0125-01"
      ]
    },
    {
      "cite": "392 F.2d 552",
      "category": "reporters:federal",
      "reporter": "F.2d",
      "case_ids": [
        2106516
      ],
      "year": 1968,
      "opinion_index": 0,
      "case_paths": [
        "/f2d/392/0552-01"
      ]
    },
    {
      "cite": "434 S.W.2d 1",
      "category": "reporters:state_regional",
      "reporter": "S.W.2d",
      "case_ids": [
        10126099
      ],
      "year": 1968,
      "opinion_index": 0,
      "case_paths": [
        "/sw2d/434/0001-01"
      ]
    },
    {
      "cite": "392 F.2d 849",
      "category": "reporters:federal",
      "reporter": "F.2d",
      "case_ids": [
        2106369
      ],
      "year": 1968,
      "opinion_index": 0,
      "case_paths": [
        "/f2d/392/0849-01"
      ]
    },
    {
      "cite": "384 U.S. 436",
      "category": "reporters:federal",
      "reporter": "U.S.",
      "case_ids": [
        12046400
      ],
      "weight": 7,
      "year": 1966,
      "pin_cites": [
        {
          "page": "1627"
        },
        {
          "page": "1616"
        }
      ],
      "opinion_index": 0,
      "case_paths": [
        "/us/384/0436-01"
      ]
    }
  ],
  "analysis": {
    "cardinality": 376,
    "char_count": 5682,
    "ocr_confidence": 0.832,
    "pagerank": {
      "raw": 4.03580807328026e-08,
      "percentile": 0.2007400817576623
    },
    "sha256": "82554e0e227d862f2c06addbd287e4768728f20b3b8b0ad7c9f8ede01722b60c",
    "simhash": "1:fee1ffdfce63da80",
    "word_count": 930
  },
  "last_updated": "2024-02-27T17:31:30.484559+00:00",
  "provenance": {
    "date_added": "2019-08-29",
    "source": "Harvard",
    "batch": "2018"
  },
  "casebody": {
    "judges": [
      "Before WOLCOTT, C. J., and CAREY and HERRMANN, JJ."
    ],
    "parties": [
      "George F. HOLMES, Defendant Below, Appellant, v. STATE of Delaware, Plaintiff Below, Appellee."
    ],
    "opinions": [
      {
        "text": "HERRMANN, Justice:\nThis appeal from a burglary conviction involves a violation of a rule of Miranda v. Arizona, 384 U.S. 436, 86 S.Ct. 1602, 16 L.Ed.2d 694 (1966).\nThe defendant was arrested at approximately 12:30 p. m. When first interrogated about the offense by police at headquarters, after Miranda-type warnings, the defendant repeated \u201cno comment\u201d in response to the questioning \u201cat least ten or a dozen times)\u2019 according to the defendant, and about six times according to the police.\nAfter about an hour of unsuccessful questioning, the defendant was placed in a cell; all of his clothes were taken from him; only his underwear was ultimately returned to him, although he complained of frost-bitten feet and the cold.\nThe defendant was taken from the cell at about 6:00 p. m. and again interrogated. He again responded \u201cno comment\u201d several times; but the police officers persisted and, finally, the defendant yielded and gave a written inculpatory statement. The statement was admitted in evidence over objections based upon Miranda and the above facts developed upon voir dire.\nIt was reversible error to admit the statement in evidence. The applicable rule is stated in Miranda as follows: (86 S.Ct. at 1627)\n\u201cOnce warnings have been given, this subsequent procedure is clear. If the individual indicates in any manner, at anytime prior to or during questioning, that he wishes to remain silent, the interrogation must cease. At this point he has shown that he intends to exercise his Fifth Amendment privilege; any statement taken after the person invokes his privilege cannot be other than the product of compulsion, subtle or otherwise. Without the right to cut off questioning, the setting of in-custody interrogation operates on the individual to overcome free choice in producing a statement after the privilege has been once invoked.\u201d\nThere was no \u201cknowing and intelligent waiver\u201d by the defendant of his Miranda rights. Compare United States v. Nielson, 7 Cir., 392 F.2d 849 (1968). The waiver cases cited by the State are inapposite: State v. Auger, Mo., 434 S.W.2d 1 (1968); Hodge v. United States, 5 Cir., 392 F.2d 552 (1968); People v. Hill, 39 Ill.2d 125, 233 N.E.2d 367 (1968). Compare People v. Fioritto, 68 Cal.2d 714, 68 Cal.Rptr. 817, 441 P.2d 625 (1968).\nWe do not reach the other grounds of appeal.\nAccordingly, the judgment below must be reversed and the cause remanded for new trial.\nUPON MOTION FOR REARGUMENT (December 29, 1972)\nThe State has moved for reargument on the ground that the manner of incarceration of the defendant was a factual issue resolved against the defendant at trial \u201cin conflicting testimony, in that the officers from the Bridgeville Police denied taking his clothes except during the initial search\u201d.\nWe think it clear on the face of the Opinion that the quantity of clothing taken from the defendant was not the primary basis of the holding that the inculpatory statement was obtained from the defendant in violation of the governing mandate of the United States Supreme Court as set forth in the Miranda case. The clothing issue in the instant case is collateral to the controlling rule prohibiting persistent police interrogation over a prolonged period of time after a prisoner has stated an unwillingness to talk.\nUpon this reconsideration of the matter, however, we take the occasion to clarify the record as to the items of clothing taken from the defendant by the Bridgeville Police ; for we wish to avoid any unwarranted criticisms of the police officers involved.\nThe portion of the Opinion to which the motion is addressed is the following:\n\u201cAfter about an hour of unsuccessful questioning, the defendant was placed in a cell; all of his clothes were taken from him; only his underwear was ultimately returned to him, although he complained of frost-bitten feet and the cold.\u201d\nThe foregoing factual statement was based upon contentions of the defendant\u2014 contentions which were not controverted by the State either in the briefs or the oral argument before this Court.\nUpon review of the trial transcript, however, it appears that the police officers testified that, while in the cell, the defendant had all of his clothing except sweater, belt, and shoes; that the sweater was returned to him when he complained of the cold, but that the shoes were not returned until after the confession was obtained, even though the defendant complained of the effect of the cold upon his feet from which several toes had been amputated previously due to frost bite. The officers testified that the shoes and belt were kept from the prisoner, under routine procedures, to avoid suicide attempts and, as to the shoes, to avoid concealment of weapons or evidence therein.\nIn the light of such testimony of the police officers at the trial, the paragraph of the Opinion in question will be changed to read as follows:\n\u201cAfter about an hour of unsuccessful questioning, the defendant was placed in a cell without certain items of his clothing, including his shoes, although he complained of frost-bitten feet and the cold.\u201d\nThe motion for reargument is denied.\nThe removal of jmsoners\u2019 clothing is recognized, however, as an insidious method of psychological coercion practiced in some quarters to obtain confessions. See Miranda v. Arizona, 384 U.S. 436, 86 S.Ct. 1602, 1616, f.n. 17, 16 L.Ed.2d 694 (1966).",
        "type": "majority",
        "author": "HERRMANN, Justice:"
      }
    ],
    "attorneys": [
      "Karl Haller, Georgetown, for defendant below, appellant.",
      "H. Newton White, Deputy Atty. Gen., Georgetown, for plaintiff below, appellee."
    ],
    "corrections": "",
    "head_matter": "George F. HOLMES, Defendant Below, Appellant, v. STATE of Delaware, Plaintiff Below, Appellee.\nSupreme Court of Delaware.\nNov. 27, 1972.\nKarl Haller, Georgetown, for defendant below, appellant.\nH. Newton White, Deputy Atty. Gen., Georgetown, for plaintiff below, appellee.\nBefore WOLCOTT, C. J., and CAREY and HERRMANN, JJ."
  },
  "file_name": "0006-01",
  "first_page_order": 46,
  "last_page_order": 48
}
