{
  "id": 12121907,
  "name": "Isaac Guion, against William Shephard, Treasurer of Public Buildings for Craven County, in Error",
  "name_abbreviation": "Guion v. Shephard",
  "decision_date": "1800-06",
  "docket_number": "",
  "first_page": "26",
  "last_page": "28",
  "citations": [
    {
      "type": "nominative",
      "cite": "1 Cam. & Nor. 26"
    },
    {
      "type": "official",
      "cite": "1 N.C. 26"
    }
  ],
  "court": {
    "name_abbreviation": "N.C. Ct. Conference",
    "id": 22933,
    "name": "North Carolina Court of Conference"
  },
  "jurisdiction": {
    "id": 5,
    "name_long": "North Carolina",
    "name": "N.C."
  },
  "cites_to": [],
  "analysis": {
    "cardinality": 188,
    "char_count": 2720,
    "ocr_confidence": 0.523,
    "sha256": "32213742d7416dd5aa83306f93e8c630faaa11e448f969b1753fbc9c6a7c5b1f",
    "simhash": "1:df6572f36c5f8e5e",
    "word_count": 480
  },
  "last_updated": "2023-07-14T21:20:43.520532+00:00",
  "provenance": {
    "date_added": "2019-08-29",
    "source": "Harvard",
    "batch": "2018"
  },
  "casebody": {
    "judges": [],
    "parties": [
      "Isaac Guion, against William Shephard, Treasurer of Public Buildings for Craven County, in Error."
    ],
    "opinions": [
      {
        "text": "Johnston, Judge\nErrors should be assigned and filed with the proceedings at the time by law pointed out for filing them with the Clerk of the Superior Court\u2014I am therefore of the opinion that the Writ of Error be dismissed.\nMacay, Judge.\nThe errors ought to be assigned and filed fifteen days before the time of holding the Superior Court of Law, to which the Writ of Error is returnable.\nWrit of Error dismissed.",
        "type": "majority",
        "author": "Johnston, Judge Macay, Judge."
      }
    ],
    "attorneys": [],
    "corrections": "",
    "head_matter": "Isaac Guion, against William Shephard, Treasurer of Public Buildings for Craven County, in Error.\nTHE record in this case stated, that at a court held for Craven county, on the second Monday of September, in the year of our Lord one thousand seven hundred and ninety-eight, William Shephard, by Thomas Badger, Esq. his attorney, produced to the court the following notice against Isaac Guion, late Treasurer of Public Buildings in Craven county, viz. \u201cNewbern, 24th July, 1798\u2014Sir, I received your note and should have no objection to your continuing to have the management of repairing the Jail, if with propriety, such a thing could be done; on examining the act of Assembly under which the Treasurer holds his office, I find that he alone is answerable for the proper disposition of the monies, and for the sufficiency of the repairs\u2014he of course cannot delegate his authority to any other person. I must therefore insist that you pay over to me the amount of the monies in your hands, before the ensuing Court, to be held for Craven county, otherwise I shall then move for judgment to be entered up against you, agreeable to act of Assembly, for the amount and interest up to that time.\nI am your obedient servant,\nWILLIAM SHEPHARD.\"\n\"To Isaac Guion, Esq.\u201d\n\u201cJuly 26th 1798, this day delivered Isaac Guion, Esq. a notice of which this is a true copy.\nWILLIAM DUDLEY, Dep. Sheriff.\"\nOn motion of the plaintiff\u2019s attorney, judgment was entered up against Isaac Guion, for the monies in his hands as late Treasurer, with interest. The defendant prayed and was allowed a writ of error, returnable to the March term of Newbern Superior Court, 1799; and on the second day of April, 1799, being the 13th day of the term of March, 1799, Edward Graham. Esq. attorney for plaintiff in error, assigned error in the following words, to wit: \u201cThe want of trial by Jury,\u201d and the court ordered the following entry to be made on the minutes and records of the court for that day, to wit: \"the second day of April 1799, being the 13th day of March term 1799.\nIsaac Guion,\nvs.\nWilliam Shephard, Treasurer, &c.\nWrit of Error, Errors assigned by the plaintiff in error this day, saving all objections of the defendant.\u201d\nAnd now the question was, at what time ought the plaintiff in error to file his assignment of errors."
  },
  "file_name": "0026-01",
  "first_page_order": 26,
  "last_page_order": 28
}
