{
  "id": 8125055,
  "name": "HABER & CO., Inc., Appellant, v. Alvin GOINS, Appellee",
  "name_abbreviation": "Haber & Co. v. Goins",
  "decision_date": "1958-10-28",
  "docket_number": "No. 2239",
  "first_page": "452",
  "last_page": "452",
  "citations": [
    {
      "type": "official",
      "cite": "145 A.2d 452"
    }
  ],
  "court": {
    "name_abbreviation": "D.C.",
    "id": 21806,
    "name": "District of Columbia Municipal Court of Appeals"
  },
  "jurisdiction": {
    "id": 56,
    "name_long": "District of Columbia",
    "name": "D.C."
  },
  "cites_to": [
    {
      "cite": "144 A.2d 106",
      "category": "reporters:state_regional",
      "reporter": "A.2d",
      "case_ids": [
        8118661
      ],
      "pin_cites": [
        {
          "page": "107"
        }
      ],
      "opinion_index": 0,
      "case_paths": [
        "/a2d/144/0106-01"
      ]
    }
  ],
  "analysis": {
    "cardinality": 162,
    "char_count": 1812,
    "ocr_confidence": 0.674,
    "pagerank": {
      "raw": 9.212842755703095e-08,
      "percentile": 0.5100028997829603
    },
    "sha256": "8dd3b17489feed2b4509968b0b045a673cde4cc5d80d9982445b7b71e2422048",
    "simhash": "1:abe3629693ac103c",
    "word_count": 297
  },
  "last_updated": "2024-02-27T19:08:53.623287+00:00",
  "provenance": {
    "date_added": "2019-08-29",
    "source": "Harvard",
    "batch": "2018"
  },
  "casebody": {
    "judges": [],
    "parties": [
      "HABER & CO., Inc., Appellant, v. Alvin GOINS, Appellee."
    ],
    "opinions": [
      {
        "text": "PER CURIAM.\nIn February 1954 appellant Haber & Co. sued appellee Goins and his wife for $66.42 on account of purchases of merchandise by the wife. For reasons not disclosed by the record service of process was not made until May 1956. Appellee promptly answered, denying any indebtedness. His wife, through other counsel, moved to dismiss for delay in prosecution and her motion was granted by consent in June 1956. No other action was taken in the case until December 1957 when appellant\u2019s present counsel had the case placed on the trial calendar. (Appellant had been previously represented in this matter by at least four other counsel.) When the case was called for trial in January 1958 appellee orally moved to dismiss for lack of diligence in prosecution. His motion was granted. Appellant thereafter moved to reinstate and when this motion was denied brought this appeal.\nThere is no merit in the appeal. The mere recitation of the history of the case demonstrates a complete lack of diligence in prosecution. \u201c * * * a plaintiff is required to prosecute his action with due diligence, and * * * lack of such diligence warrants dismissal of the action.\u201d Shakesnider v. Rosenfeld, D.C.Mun.App., 144 A.2d 106, 107. It would have been obviously unfair to have compelled appellee in 1958 to defend a suit filed against him in 1954 for alleged purchases by his wife (from whom he is now divorced) in 1953, without a showing of justifiable excuse for such delay. No such showing was made.\nAffirmed.",
        "type": "majority",
        "author": "PER CURIAM."
      }
    ],
    "attorneys": [
      "Jack Politz, Washington, D. C., for appellant.",
      "Alvin Goins, appellee, pro se."
    ],
    "corrections": "",
    "head_matter": "HABER & CO., Inc., Appellant, v. Alvin GOINS, Appellee.\nNo. 2239.\nMunicipal Court of Appeals for the District of Columbia.\nArgued Sept. 8, 1958.\nDecided Oct. 28, 1958.\nJack Politz, Washington, D. C., for appellant.\nAlvin Goins, appellee, pro se.\nBefore ROVER, Chief Judge, and HOOD and QUINN, Associate Judges."
  },
  "file_name": "0452-01",
  "first_page_order": 488,
  "last_page_order": 488
}
