{
  "id": 7338404,
  "name": "Victor SIMMONS, Petitioner v. COMMONWEALTH of Pennsylvania, Respondent",
  "name_abbreviation": "Simmons v. Commonwealth",
  "decision_date": "2011-03-11",
  "docket_number": "No. 164 EM 2010",
  "first_page": "429",
  "last_page": "429",
  "citations": [
    {
      "type": "official",
      "cite": "15 A.3d 429"
    }
  ],
  "court": {
    "name_abbreviation": "Pa.",
    "id": 8832,
    "name": "Supreme Court of Pennsylvania"
  },
  "jurisdiction": {
    "id": 6,
    "name_long": "Pennsylvania",
    "name": "Pa."
  },
  "cites_to": [],
  "analysis": {
    "cardinality": 39,
    "char_count": 305,
    "ocr_confidence": 0.705,
    "sha256": "fa6e12935355afa9075939e846f27aa34543e464df31d962c10b31d700fa6590",
    "simhash": "1:5db09327f3c20d3c",
    "word_count": 49
  },
  "last_updated": "2023-07-14T22:02:36.433777+00:00",
  "provenance": {
    "date_added": "2019-08-29",
    "source": "Harvard",
    "batch": "2018"
  },
  "casebody": {
    "judges": [],
    "parties": [
      "Victor SIMMONS, Petitioner v. COMMONWEALTH of Pennsylvania, Respondent."
    ],
    "opinions": [
      {
        "text": "ORDER\nPER CURIAM.\nAND NOW, this 11th day of March, 2011, the Application for Leave to File Original Process is GRANTED, and the Petition for Writ of Mandamus is DENIED.",
        "type": "majority",
        "author": "PER CURIAM."
      }
    ],
    "attorneys": [],
    "corrections": "",
    "head_matter": "Victor SIMMONS, Petitioner v. COMMONWEALTH of Pennsylvania, Respondent.\nNo. 164 EM 2010.\nSupreme Court of Pennsylvania.\nMarch 11, 2011."
  },
  "file_name": "0429-01",
  "first_page_order": 481,
  "last_page_order": 481
}
