{
  "id": 11213136,
  "name": "SMITHFIELD VOTERS FOR RESPONSIBLE DEVELOPMENT, INC. v. Alberto L. LAGRECA et al.",
  "name_abbreviation": "Smithfield Voters for Responsible Development, Inc. v. Lagreca",
  "decision_date": "2000-05-12",
  "docket_number": "No. 99-557-M.P.",
  "first_page": "837",
  "last_page": "838",
  "citations": [
    {
      "type": "official",
      "cite": "755 A.2d 837"
    }
  ],
  "court": {
    "name_abbreviation": "R.I.",
    "id": 10179,
    "name": "Supreme Court of Rhode Island"
  },
  "jurisdiction": {
    "id": 15,
    "name_long": "Rhode Island",
    "name": "R.I."
  },
  "cites_to": [],
  "analysis": {
    "cardinality": 122,
    "char_count": 1145,
    "ocr_confidence": 0.687,
    "sha256": "126aa54a0faf1977a1244fd208faac85f127d69b49f32ea65fa0f0f81e0e6c52",
    "simhash": "1:da335c0c191b095c",
    "word_count": 180
  },
  "last_updated": "2023-07-14T17:18:23.629765+00:00",
  "provenance": {
    "date_added": "2019-08-29",
    "source": "Harvard",
    "batch": "2018"
  },
  "casebody": {
    "judges": [],
    "parties": [
      "SMITHFIELD VOTERS FOR RESPONSIBLE DEVELOPMENT, INC. v. Alberto L. LAGRECA et al."
    ],
    "opinions": [
      {
        "text": "ORDER\nThis case came before the Supreme Court for oral argument on May 8, 2000, and after reviewing the parties\u2019 legal briefs and considering their oral arguments, the Court enters the following order:\n1. The plaintiff Smithfield Voters for Responsible Development, Inc., a nonprofit corporation, lacked standing under applicable law to challenge the zoning amendment at issue before the Superior Court.\n2. As a result, we vacate the Superior Court\u2019s judgment in favor of plaintiff and affirm the Smithfield Town Council\u2019s zoning amendment.\n3. A written decision explaining our reasoning shall be filed in due course. Based upon the need for an expedited ruling on this appeal, we have issued this order in advance of our decision.",
        "type": "majority",
        "author": null
      }
    ],
    "attorneys": [
      "Andrew M. Teitz, Nancy Giorgi, Johnston, for Smithfield Voters for Responsible Dev.",
      "Walter J. Kane, Greenville, Edmund L. Alves, Jr., Providence, for Alberto Lagre-ca.",
      "Lauren E. Jones, Carl B. Lisa, Robert G. Branca, Providence, David L. Krech, for W/S Smithfield Ass\u2019n."
    ],
    "corrections": "",
    "head_matter": "SMITHFIELD VOTERS FOR RESPONSIBLE DEVELOPMENT, INC. v. Alberto L. LAGRECA et al.\nNo. 99-557-M.P.\nSupreme Court of Rhode Island.\nMay 12, 2000.\nAndrew M. Teitz, Nancy Giorgi, Johnston, for Smithfield Voters for Responsible Dev.\nWalter J. Kane, Greenville, Edmund L. Alves, Jr., Providence, for Alberto Lagre-ca.\nLauren E. Jones, Carl B. Lisa, Robert G. Branca, Providence, David L. Krech, for W/S Smithfield Ass\u2019n."
  },
  "file_name": "0837-01",
  "first_page_order": 877,
  "last_page_order": 878
}
