{
  "id": 8088435,
  "name": "Eli I. GOODMAN and Arlene S. Goodman, Appellants, v. Tighe WOODS, Appellee",
  "name_abbreviation": "Goodman v. Woods",
  "decision_date": "1969-12-12",
  "docket_number": "No. 4740",
  "first_page": "594",
  "last_page": "596",
  "citations": [
    {
      "type": "official",
      "cite": "259 A.2d 594"
    }
  ],
  "court": {
    "name_abbreviation": "D.C.",
    "id": 11933,
    "name": "District of Columbia Court of Appeals"
  },
  "jurisdiction": {
    "id": 56,
    "name_long": "District of Columbia",
    "name": "D.C."
  },
  "cites_to": [
    {
      "cite": "86 A.2d 624",
      "category": "reporters:state_regional",
      "reporter": "A.2d",
      "case_ids": [
        8150369
      ],
      "year": 1952,
      "opinion_index": 0,
      "case_paths": [
        "/a2d/86/0624-01"
      ]
    },
    {
      "cite": "109 A.2d 779",
      "category": "reporters:state_regional",
      "reporter": "A.2d",
      "case_ids": [
        8131254
      ],
      "year": 1954,
      "opinion_index": 0,
      "case_paths": [
        "/a2d/109/0779-01"
      ]
    }
  ],
  "analysis": {
    "cardinality": 330,
    "char_count": 5082,
    "ocr_confidence": 0.728,
    "pagerank": {
      "raw": 4.6922169990516086e-08,
      "percentile": 0.29484962250694924
    },
    "sha256": "8046f01454409c0ca1f3895840610091dde470ee74c0aeb20386e44a9a762783",
    "simhash": "1:489c53a3362ea691",
    "word_count": 838
  },
  "last_updated": "2024-02-27T21:45:05.661941+00:00",
  "provenance": {
    "date_added": "2019-08-29",
    "source": "Harvard",
    "batch": "2018"
  },
  "casebody": {
    "judges": [
      "Before HOOD, Chief Judge, and FICK-LING and NEBEKER, Associate Judges."
    ],
    "parties": [
      "Eli I. GOODMAN and Arlene S. Goodman, Appellants, v. Tighe WOODS, Appellee."
    ],
    "opinions": [
      {
        "text": "FICKLING, Associate Judge:\nThis is an action for damages for breach of fiduciary obligations instituted by purchasers of a house (appellants) against the real-estate broker (appellee). The purchasers contacted the broker with respect to the purchase of a house and were shown several houses, including one on Ritten-house Street. They examined the Ritten-house Street property in the presence of the vendors and discussed with them the driveway which adjoined the neighboring property and which was used jointly by the vendors and the adjoining property owners. Thereafter, in May 1966, a sales contract for this property was entered into by the purchasers and vendors which provided that the broker\u2019s commission be paid by vendors and that settlement would be no later than September 10,\nAfter ordering title search from a title company pursuant to the contract, the broker received a \u201cbinder\u201d which stated that the right-of-way over the west 4 feet of the neighboring property adjoining on the east was of doubtful validity. He did not notify the purchasers of the receipt of this \u201cbinder\u201d or its contents. However, at settlement, at which the purchasers were present, mention of the questionable right-of-way over the driveway was made to them by the settlement clerk and the purchasers were asked if they wanted owner\u2019s title insurance; when advised that it would not cover any questions involving the driveway, they refused such insurance and settled on the contract. They moved into the house shortly thereafter and used, and continue to use, the driveway, as had their vendors.\nPrior to settlement the vendors and the adjoining property owner executed an agreement purporting to convey to the latter any right that the former had to the use of the right-of-way. This was done without the knowledge of any party to this action. When the agreement between the vendors and adjoining property owner was recorded after settlement, the purchasers made a claim against the vendors which was settled for $1,000, after which this action was brought against the broker.\nAfter a trial on the merits, the trial court sitting without a jury concluded, as a matter of law, that although the broker had a duty to disclose the existence of the questionable title as reported in the \u201cbinder,\u201d the purchasers had proved no damage as a result of such failure to disclose the report and the court rendered judgment for the broker.\nWe affirm the judgment although we disagree with the court\u2019s conclusion that the broker had a duty to disclose the contents of the \u201cbinder\u201d sent by the title company to the broker. As a general rule of law, a broker may not serve both parties to the transaction without their full and free consent. 12 C.J.S. Brokers \u00a7 43 (1938). And to establish an agency relationship, the agent must 'consent to act as such. Restatement (Second) of Agency \u00a7 IS (1957). The sales contract entered into by the purchasers, the broker, and the vendors, expressly designated the broker as the vendors\u2019 agent. There is no expression of consent, implicit or otherwise, by the vendors or broker to the broker\u2019s acting as the purchasers\u2019 agent. The contract merely \u201cauthorize^] the undersigned agent [broker] to order examination of title\u201d (emphasis supplied), but that provision can hardly be construed as creating any legal duty on the broker\u2019s part to disclose the contents of the \u201cbinder\u201d if it is sent to him rather than the purchaser.\nA thorough review of the record here convinces us that the purchasers failed to prove that an agency relationship existed, Goldberg v. Barta, D.C.Mun.App., 109 A.2d 779 (1954), McDonald v. Stone, D.C.Mun.App., 86 A.2d 624 (1952), and, therefore, no duty to disclose could have arisen.\nIn addition, and no doubt dispositive of this case, is the fact that the purchasers in the sales contract \u201cexpressly released [the broker] from all liability for damages by reason of any defect in title\u201d (emphasis supplied). Suing for breach of fiduciary duty does not disguise the nature of this action: the purchasers are suing the broker for alleged damages due to an alleged defect in title. This they cannot do under their sales agreement of May 1966.\nFinally we note that, in any event, the purchasers settled their claim regarding the driveway with the vendors and have been using and continue to use the driveway, as had their predecessors, from the day they entered into possession. They have suffered no injury due to the acts or omissions of the broker.\nAffirmed.\n. In this ease, we construe this document as a preliminary notice of the status of the record title and as an offer by the title company to insure the title to the property subject to certain conditions.",
        "type": "majority",
        "author": "FICKLING, Associate Judge:"
      }
    ],
    "attorneys": [
      "Milton Eisenberg, Washington, D. C., for appellants.",
      "Donald Cefaratti, Jr., and William E. Cumberland, Washington, D. C., for appel-lee."
    ],
    "corrections": "",
    "head_matter": "Eli I. GOODMAN and Arlene S. Goodman, Appellants, v. Tighe WOODS, Appellee.\nNo. 4740.\nDistrict of Columbia Court of Appeals.\nSubmitted Sept. 30, 1969.\nDecided Dec. 12, 1969.\nMilton Eisenberg, Washington, D. C., for appellants.\nDonald Cefaratti, Jr., and William E. Cumberland, Washington, D. C., for appel-lee.\nBefore HOOD, Chief Judge, and FICK-LING and NEBEKER, Associate Judges."
  },
  "file_name": "0594-01",
  "first_page_order": 634,
  "last_page_order": 636
}
