{
  "volume_number": "648",
  "title": "Atlantic Reporter Cases Argued and Determined in the Courts of Connecticut, Delaware, District of Columbia, Maine, Maryland, New Hampshire, New Jersey, Pennsylvania, Rhode Island, Vermont",
  "publisher": "West Publishing Co.",
  "publication_year": 1995,
  "start_year": 0,
  "end_year": 0,
  "series_volume_number": "",
  "jurisdictions": [
    {
      "id": 56,
      "name": "D.C.",
      "name_long": "District of Columbia"
    },
    {
      "id": 8,
      "name": "Del.",
      "name_long": "Delaware"
    },
    {
      "id": 42,
      "name": "Me.",
      "name_long": "Maine"
    },
    {
      "id": 6,
      "name": "Pa.",
      "name_long": "Pennsylvania"
    },
    {
      "id": 9,
      "name": "Regional",
      "name_long": "Regional"
    },
    {
      "id": 15,
      "name": "R.I.",
      "name_long": "Rhode Island"
    },
    {
      "id": 39,
      "name": "U.S.",
      "name_long": "United States"
    },
    {
      "id": 17,
      "name": "Vt.",
      "name_long": "Vermont"
    }
  ],
  "id": "32044109584391",
  "harvard_hollis_id": "000114138",
  "spine_start_year": 0,
  "spine_end_year": 0,
  "publication_city": "St. Paul, MN",
  "second_part_of_id": null,
  "redacted": true,
  "nominative_reporter": null
}
