{
  "id": 11084384,
  "name": "ALBA IRIS LUGO NAZARIO Recurrida v. ANTONIO BENVENUTTI LAGO Peticionario",
  "name_abbreviation": "Lugo Nazario v. Benvenutti Lago",
  "decision_date": "2000-11-30",
  "docket_number": "N\u00fam. KLCE-00-01165",
  "first_page": "906",
  "last_page": "911",
  "citations": [
    {
      "type": "official",
      "cite": "6 T.C.A. 906"
    },
    {
      "type": "parallel",
      "cite": "2001 DTA 63"
    }
  ],
  "court": {
    "name_abbreviation": "P.R. Cir.",
    "id": 16431,
    "name": "Puerto Rico Circuit Court of Appeals"
  },
  "jurisdiction": {
    "id": 25,
    "name_long": "Puerto Rico",
    "name": "P.R."
  },
  "cites_to": [
    {
      "cite": "104 D.P.R. 797",
      "category": "reporters:state",
      "reporter": "P.R. Dec.",
      "case_ids": [
        8814235
      ],
      "year": 1976,
      "pin_cites": [
        {
          "page": "813"
        }
      ],
      "opinion_index": 0,
      "case_paths": [
        "/pr-dec/104/0797-01"
      ]
    },
    {
      "cite": "132 D.P.R. 115",
      "category": "reporters:state",
      "reporter": "P.R. Dec.",
      "case_ids": [
        11556024
      ],
      "year": 1992,
      "pin_cites": [
        {
          "page": "124"
        }
      ],
      "opinion_index": 0,
      "case_paths": [
        "/pr-dec/132/0115-01"
      ]
    },
    {
      "cite": "136 D.P.R. 881",
      "category": "reporters:state",
      "reporter": "P.R. Dec.",
      "case_ids": [
        11557697
      ],
      "year": 1994,
      "opinion_index": 0,
      "case_paths": [
        "/pr-dec/136/0881-01"
      ]
    },
    {
      "cite": "124 D.P.R. 794",
      "category": "reporters:state",
      "reporter": "P.R. Dec.",
      "case_ids": [
        8810169
      ],
      "weight": 2,
      "year": 1989,
      "opinion_index": 0,
      "case_paths": [
        "/pr-dec/124/0794-01"
      ]
    },
    {
      "cite": "16 D.P.R. 398",
      "category": "reporters:state",
      "reporter": "P.R. Dec.",
      "year": 1910,
      "opinion_index": 0
    },
    {
      "cite": "115 D.P.R. 232",
      "category": "reporters:state",
      "reporter": "P.R. Dec.",
      "case_ids": [
        8756695
      ],
      "year": 1984,
      "pin_cites": [
        {
          "page": "239-240"
        }
      ],
      "opinion_index": 0,
      "case_paths": [
        "/pr-dec/115/0232-01"
      ]
    },
    {
      "cite": "375 U.S. 311",
      "category": "reporters:federal",
      "reporter": "U.S.",
      "case_ids": [
        11719477
      ],
      "year": 1964,
      "opinion_index": 0,
      "case_paths": [
        "/us/375/0311-01"
      ]
    },
    {
      "cite": "98 D.P.R. 255",
      "category": "reporters:state",
      "reporter": "P.R. Dec.",
      "case_ids": [
        8812493
      ],
      "year": 1970,
      "pin_cites": [
        {
          "page": "260"
        }
      ],
      "opinion_index": 0,
      "case_paths": [
        "/pr-dec/98/0255-01"
      ]
    },
    {
      "cite": "75 D.P.R. 712",
      "category": "reporters:state",
      "reporter": "P.R. Dec.",
      "case_ids": [
        8815247
      ],
      "year": 1953,
      "pin_cites": [
        {
          "page": "730"
        }
      ],
      "opinion_index": 0,
      "case_paths": [
        "/pr-dec/75/0712-01"
      ]
    },
    {
      "cite": "128 D.P.R. 842",
      "category": "reporters:state",
      "reporter": "P.R. Dec.",
      "case_ids": [
        11983243
      ],
      "year": 1991,
      "pin_cites": [
        {
          "page": "855"
        }
      ],
      "opinion_index": 0,
      "case_paths": [
        "/pr-dec/128/0842-01"
      ]
    },
    {
      "cite": "118 D.P.R. 93",
      "category": "reporters:state",
      "reporter": "P.R. Dec.",
      "case_ids": [
        8757284
      ],
      "year": 1986,
      "pin_cites": [
        {
          "page": "98-99"
        }
      ],
      "opinion_index": 0,
      "case_paths": [
        "/pr-dec/118/0093-01"
      ]
    }
  ],
  "analysis": {
    "cardinality": 782,
    "char_count": 14889,
    "ocr_confidence": 0.858,
    "pagerank": {
      "raw": 4.03580807328026e-08,
      "percentile": 0.23736538307831848
    },
    "sha256": "f48492918aecd89249a1ec3c54df0278a9a4c2b1e1eb96c8bf1f50795e912b82",
    "simhash": "1:aab0cc59204958c7",
    "word_count": 2390
  },
  "last_updated": "2024-02-27T20:50:45.282427+00:00",
  "provenance": {
    "date_added": "2019-08-29",
    "source": "Harvard",
    "batch": "2018"
  },
  "casebody": {
    "judges": [
      "Panel integrado por su Presidente, el Juez Brau Ram\u00edrez, el Juez Ortiz Cam\u00f3n y la Juez Pab\u00f3n Chameco",
      "Brau Ram\u00edrez, Juez Ponente"
    ],
    "parties": [
      "ALBA IRIS LUGO NAZARIO Recurrida v. ANTONIO BENVENUTTI LAGO Peticionario"
    ],
    "opinions": [
      {
        "text": "TEXTO COMPLETO DE LA SENTENCIA\nI\nEl peticionario, Antonio Benvenutti Lago, solicita la revisi\u00f3n de una orden emitida, el 25 de septiembre de 2000, por el Tribunal de Primera Instancia, Sala Superior de Ponce, en el procedimiento sobre otorgamiento de escritura presentado contra el peticionario por la parte recurrida, Alba Lugo Nazario. Mediante el dictamen en cuesti\u00f3n, el Tribunal de Primera Instancia orden\u00f3 la anotaci\u00f3n de rebeld\u00eda al peticionario, quien reside en el Estado de Florida y fue emplazado a trav\u00e9s de su apoderado, por la omisi\u00f3n del peticionario de comparecer a Puerto Rico a una deposici\u00f3n citada por la parte recurrida.\nMediante resoluci\u00f3n emitida el 2 de noviembre de 2000, ordenamos la paralizaci\u00f3n de los procedimientos y concedimos t\u00e9rmino a la recurrida para que compareciera a mostrar causa por la cual no deb\u00edamos expedir el auto solicitado y revocar la resoluci\u00f3n recurrida.\nEl t\u00e9rmino concedido ha transcurrido. Procedemos seg\u00fan lo intimado.\nII\nEl presente recurso tiene su origen en la demanda presentada ante el Tribunal de Primera Instancia por la recurrida, quien es abuela del peticionario, contra \u00e9ste. En su demanda, la recurrida aleg\u00f3 que hab\u00eda llevado a cabo una transacci\u00f3n simulada de compraventa con el peticionario, mediante la cual se le hab\u00eda transferido a \u00e9ste el t\u00edtulo sobre la residencia de la recurrida, situada en la Calle #8 de la Urbanizaci\u00f3n Luchetti del Barrio Jacanas de Yauco. Alegadamente, el peticionario hab\u00eda convenido a devolver la propiedad a la recurrida posteriormente, mediante el otorgamiento de una escritura p\u00fablica, a lo que se hab\u00eda negado en ausencia de remuneraci\u00f3n.\nSeg\u00fan surge del expediente, el peticionario es residente del estado de Florida. No obstante, a la fecha de la demanda, hab\u00eda otorgado en dicho Estado un poder general a favor de Rafael Alem\u00e1n Crespo, el cual fue protocolizado en Puerto Rico, mediante la Escritura N\u00fam. 11 otorgada el 30 de marzo de 1998 ante el Notario P\u00fablico Edgardo Santiago Llor\u00e9ns. El referido poder autorizaba al Sr. Alem\u00e1n a representar al peticionario \"en todo juicio y expediente civil, gubernativo y de jurisdicci\u00f3n voluntaria, pendiente o que se promueva ante cualquier tribunal de justicia insular o federal, agencia o instrumentalidad gubernamental, corporaciones p\u00fablicas u oficina administrativa de cualquier \u00edndole; gestionando como demandante o defendi\u00e9ndose como demandada, o en cualquier otra forma que crea m\u00e1s conveniente, designando abogados cuando proceda, conviniendo y pagando sus honorarios e inste los procedimientos, embargos y anotaciones de demanda o cualquier otro recurso que crea conveniente y necesario para la mejor defensa de los intereses del [peticionario],\"\nA base de dicho poder, el peticionario fue emplazado a trav\u00e9s de un diligenciamiento personal efectuado sobre el Sr. Alem\u00e1n, su apoderado.\nOportunamente, el peticionario compareci\u00f3 solicitando se declarara la nulidad del emplazamiento, aduciendo que el Sr. Alem\u00e1n no ten\u00eda la facultad de recibir el mismo a su nombre. Esta moci\u00f3n fue denegada por el Tribunal de Primera Instancia, mediante orden emitida el 19 de enero del 2000, quien concluy\u00f3 que el Sr. Alem\u00e1n \"est\u00e1 facultado para sustituir al demandado en cualquier acci\u00f3n judicial.\"\nEl 23 de febrero de 2000, el peticionario contest\u00f3 la demanda, \"sin someterse a la jurisdicci\u00f3n\", y neg\u00f3 las alegaciones. Present\u00f3, adem\u00e1s, una reconvenci\u00f3n en la que aleg\u00f3 que la recurrida le adeudaba c\u00e1nones de arrendamiento por la propiedad y solicit\u00f3 su desahucio.\nPosteriormente, la recurrida notific\u00f3 varios avisos de deposici\u00f3n al peticionario. La deposici\u00f3n fue citada para tener lugar en Ponce, en las oficinas de la representaci\u00f3n legal de la recurrida. El peticionario se opuso a ser citado para deposici\u00f3n en Puerto Rico, alegando que \u00e9l era residente de Florida e insistiendo en que el Tribunal carec\u00eda de jurisdicci\u00f3n sobre \u00e9l.\nLa recurrida replic\u00f3 expresando que entend\u00eda que el peticionario pod\u00eda comparecer a una deposici\u00f3n a Puerto Rico. La recurrida, no obstante, indic\u00f3 su disposici\u00f3n de que se tomara la deposici\u00f3n en Miami, sujeto a que el peticionario asumiera los gastos de viaje de la recurrida.\nEl Tribunal no se expres\u00f3 sobre la objeci\u00f3n presentada por el peticionario a ser depuesto en Puerto Rico. Este incumpli\u00f3 los avisos de deposici\u00f3n enviados. As\u00ed las cosas, la recurrida present\u00f3 varias solicitudes de sanciones bajo la Regla 34 de las de Procedimiento Civil, 32 L.P.R.A. Ap. Ill, R. 34.\nDe primera instancia, el tribunal impuso al peticionario los gastos de las deposiciones suspendidas. El 4 de agosto de 2000, ante el incumplimiento reiterado del peticionario con los avisos, el Tribunal advirti\u00f3 a dicha parte que habr\u00eda de eliminarle sus alegaciones si volv\u00eda a incomparecer. Para esa fecha, sin embargo, el Tribunal no se hab\u00eda pronunciado expresamente sobre el lugar de la deposici\u00f3n.\nEl 30 de agosto de 2000, el Tribunal de Primera Instancia deneg\u00f3 la objeci\u00f3n del peticionario a ser depuesto en Puerto Rico, as\u00ed como el planteamiento de dicha parte de que el Tribunal no hab\u00eda adquirido jurisdicci\u00f3n sobre \u00e9l. El tribunal concedi\u00f3 un t\u00e9rmino adicional de cuarenta y cinco (45) d\u00edas a las partes para tomar la deposici\u00f3n.\nAntes del vencimiento de dicho plazo, el 25 de septiembre de 2000, el Tribunal orden\u00f3 la anotaci\u00f3n de rebeld\u00eda al peticionario por su dilaci\u00f3n y obstrucci\u00f3n al descubrimiento de prueba.\nInsatisfecho, el peticionario acudi\u00f3 ante este Tribunal.\nni\nEn su recurso, el peticionario alega que el Tribunal de. Primera Instancia err\u00f3 al concluir que hab\u00eda, adquirido jurisdicci\u00f3n sobre el peticionario, al ordenar que se sometiera a una. deposici\u00f3n, en Puerto Rico y al ordenar la anotaci\u00f3n de su rebeld\u00eda.\nEl emplazamiento, seg\u00fan se conoce, es el mecanismo procesal mediante el cual se notifica a un demandado que existe un procedimiento judicial en su contra y que permite al Tribunal adquirir jurisdicci\u00f3n sobre su persona. Se trata, seg\u00fan ha aclarado el Tribunal Supremo de Puerto Rico, de un requisito de debido proceso de ley, indispensable para que el demandado-pueda tener una debida oportunidad para comparecer al juicio y ser o\u00eddo. Dada su trascendencia constitucional, el procedimiento para su diligenciamiento debe ser estrictamente observado. First Bank of P.R. v. Inmobiliaria Nacional, Inc., 144 D.P.R. _ (1998), 98 J.T.S. 18, a la p\u00e1g. 599; M\u00e1rquez Resto v. Barreto Lima, 143 D.P.R. _ (1997), 97 J.T.S. 66, a la p\u00e1g. 992; Rodr\u00edguez v. Nasrallah, 118 D.P.R. 93, 98-99 (1986).\nLa Regla 4.4 de las de Procedimiento Civil, 32 L.P.R.A. Ap. Ill, R. 4.4, establece, en su inciso (a), en este sentido, que el emplazamiento de una persona mayor de edad se diligenciar\u00e1 \"entreg\u00e1ndole copia del emplazamiento y de la demanda a ella personalmente o a un agente autorizado por ella ... para recibir emplazamientos.\"\nLa autorizaci\u00f3n contemplada por dicho precepto, desde luego, puede producirse contractualmente. Nuestro ordenamiento admite los convenios de sumisi\u00f3n a la jurisdicci\u00f3n de un tribunal, siempre que no sean contrarios al orden p\u00fablico. V\u00e9anse, e.g., Unisys v. Ramallo Brothers, 128 D.P.R. 842, 855 (1991); Rodr\u00edguez v. Registrador, 75 D.P.R. 712, 730 (1953). Se contempla, incluso, la renuncia al emplazamiento. V\u00e9ase, la Regla 35.4 de las de Procedimiento Civil, 32 L.P.R.A. Ap. III, R. 35.4; E.L.A. v. Isla Verde Inv. Corp., 98 D.P.R. 255, 260 (1970); v\u00e9ase, adem\u00e1s, National Equipment Rental v. Szukhent, 375 U.S. 311 (1964).\nEn la situaci\u00f3n de autos, hemos considerado el poder otorgado por eLpeticionario a favor del Sr. Alem\u00e1n, el cual constituye un contrato de mandato bajo nuestro ordenamiento. 31 L.P.R.A. sees. 4421 y ss. Coincidimos con la distinguida Sala recurrida en tomo a que la amplitud del lenguaje utilizado para describir las facultades delegadas a su apoderado por el peticionario, conlleva su sumisi\u00f3n voluntarias la jurisdicci\u00f3n de los tribunales locales a trav\u00e9s de \u00e9ste.\nNo debe perderse de vista, despu\u00e9s de todo, que la representaci\u00f3n de una parte que un abogado realiza ante un tribunal y que somete a \u00e9sta a la jurisdicci\u00f3n del foro, goza esencialmente de la naturaleza de un mandato V\u00e9ase, Col\u00f3n Prieto v. G\u00e9igel, 115 D.P.R. 232, 239-240 (1984); cf. Webb v. Porto Rican American Tobacco Co., 16 D.P.R. 398 (1910) (la representaci\u00f3n constituye el fondo esencial del contrato de mandato y su resultado es convertir la ausencia real en presencia jur\u00eddica, consistiendo la esencia de dicho contrato, en obrar por cuenta ajena, en realizar actos jur\u00eddicos en nombre de otro cuya personalidad asume el mandatario).\nAs\u00ed como el peticionario podr\u00eda haber contratado un abogado para que compareciera en su representaci\u00f3n en el litigio, someti\u00e9ndose de este modo a la autoridad del Tribunal, el ordenamiento le autoriza a delegar dicha facultad en otra persona. Concluimos que el foro de Primera Instancia adquiri\u00f3 v\u00e1lidamente jurisdicci\u00f3n sobre el peticionario a trav\u00e9s del emplazamiento de su apoderado.\nEl peticionario tambi\u00e9n se queja de que el Tribunal ordenara que la deposici\u00f3n avisada por la recurrida le fuera tomada en Puerto Rico, a pesar de ser \u00e9l un residente de Florida.\nEl principio general, recogido en la Regla 40.4(b) de las de Procedimiento Civil, 32 L.P.R.A. Ap. IH, R. ! 40.4(b), es que las deposiciones se toman en el lugar de residencia de los testigos. El precepto autoriza al Tribunal a establecer otro lugar \"conveniente\", cuando las circunstancias as\u00ed lo justifican.\nEn Irizarry Seda v. Almacenes Rodr\u00edguez, Inc., 124 D.P.R. 794 (1989), el Tribunal Supremo de Puerto Rico aclar\u00f3 que, al determinar el lugar de una deposici\u00f3n, el Tribunal debe ponderar los siguientes factores: (1) el lugar donde se radic\u00f3 el pleito; (2) el lugar de residencia del demandante, (3) el lugar de residencia del demandado; (4) el lugar de residencia y empleo del deponente; (5) cu\u00e1l es la parte promovente de la deposici\u00f3n; y (6) por \u00faltimo, \"en un plano secundario\", el lugar donde esten localizadas las oficinas de los abogados de todas las partes. 124 D.P.R. a la p\u00e1g. 799.\nEl factor primordial, seg\u00fan aclar\u00f3 el Tribunal Supremo, es \"facilitarle al deponente la accesibilidad al lugar de la deposici\u00f3n\". Id.\nEn la situaci\u00f3n de autos, el peticionario, aunque es parte en el proceso, es residente en el estado de la Florida, donde tiene su lugar de empleo. La deposici\u00f3n ha sido citada por la parte recurrida, presumiblemente para la obtenci\u00f3n de evidencia por dicha parte para establecer sus alegaciones. El peticionario ha expresado su disposici\u00f3n de someterse a la deposici\u00f3n en Florida. La representaci\u00f3n legal de la recurrida tambi\u00e9n indic\u00f3 que estar\u00eda dispuesta a que dicha deposici\u00f3n se tomara en Miami. En estas circunstancias, consideramos que el Tribunal abus\u00f3 de su discreci\u00f3n al ordenar que la deposici\u00f3n fuese tomada en Puerto Rico.\nCabe hacer hincapi\u00e9 en que el peticionario fue emplazado a trav\u00e9s de un apoderado designado por \u00e9l para atender sus asuntos en Puerto Rico, lo que apunta precisamente a su falta de disponibilidad para estar presente en la Isla en todo momento. Debe recordarse que, conforme al precedente citado del Tribunal Supremo de Puerto Rico, lo primordial es facilitar al deponente la accesibilidad al lugar de la deposici\u00f3n. 124 D.P.R. a la p\u00e1g. 799. Creemos que una consideraci\u00f3n de los criterios enumerados por el Tribunal Supremo de Puerto Rico en Irizarry Seda v. Almacenes Rodr\u00edguez, Inc., sugiere que la deposici\u00f3n debe ser tomada en el estado de Florida.\nEn cualquier caso, consideramos que la determinaci\u00f3n de anotar la rebeld\u00eda al peticionario constituia una sanci\u00f3n excesiva. Existe una incuestionable pol\u00edtica p\u00fablica en nuestra jurisdicci\u00f3n que favorece que los casos se vean en sus m\u00e9ritos. PFZ Props, Inc. v. Gen. Acc. Ins. Co., 136 D.P.R. 881, 915 n. 20 (1994); Rivera et al v. Superior Pkg., Inc. et al., 132 D.P.R. 115, 124 (1992). En el presente caso, el peticionario hab\u00eda presentado una objeci\u00f3n a ser depuesto en Puerto Rico, la cual no fue expresamente adjudicada por el Tribunal, sino hasta poco antes de su orden anotando la rebeld\u00eda al peticionario.\nEn sus escritos ante el Tribunal de Primera Instancia, la recurrida ha planteado que la Regla 40.4 (b) permite que un no residente sea llamado a deponer en Puerto Rico, al lugar donde se le notifique la citaci\u00f3n o a cualquier lugar conveniente fijado por el tribunal. No estimamos, sin embargo, que ello tome inaplicable el an\u00e1lisis de Irizarry Seda a este tipo de situaciones.\nA nuestro juicio, cuando un no residente comparece a nuestra jurisdicci\u00f3n como parte demandante, ha de someterse a los rigores del proceso celebrado ante nuestros tribunales, lo que incluye comparecer a Puerto Rico a ser depuesto. Lo contrario implicar\u00eda transferir a la parte demandada, quien no ha comparecido por voluntad propia ante el Tribunal, los gastos adicionales que conlleva el descubrimiento de prueba en estos casos.\nEn la situaci\u00f3n de autos, sin embargo, el peticionario comparece ante nos como demandado. Y si bien dicha parte ha presentado una reconvenci\u00f3n en la causa, la misma surge de los mismos hechos que han sido puestos en controversia por la recurrida.\nLa recurrida, seg\u00fan indicado, ha expresado su disposici\u00f3n de tomar la deposici\u00f3n en Florida, sujeto a que se le adelanten los gastos de viaje, como costas interlocutorias. Aunque coincidimos en que dicha opci\u00f3n puede estar disponible cuando una parte no cuenta con los medios necesarios para asumir los gastos asociados a la deposici\u00f3n de un no residente, sujeto al reembolso de los gastos adelantados de acuerdo al resultado del litigio, cf\u201e Mel\u00e9ndez v. Levitt & Sons of P.R., 104 D.P.R. 797, 813 (1976), en el caso de autos, la parte recurrida no ha establecido que carezca de los medios para tomar una deposici\u00f3n fuera de Puerto Rico.\nResolvemos, en vista de lo anterior, que la deposici\u00f3n del peticionario debe tener lugar en el estado de Florida, en el lugar que pueda ser seleccionado por mutuo acuerdo entre las partes o, en su defecto, en un lugar conveniente en dicha jurisdicci\u00f3n fijado por el Tribunal de Primera Instancia. Los gastos asociados a la misma, incluyendo gastos de viaje y estad\u00eda, podr\u00e1n en su d\u00eda ser recobrables como costas por la parte recurrida, de prevalecer en el litigio.\nPor los fundamentos expresados, se expide el auto y se revoca la resoluci\u00f3n recurrida. Se devolver\u00e1 el asunto al Tribunal de Primera Instancia para procedimientos consistentes con esta sentencia.\nLo acord\u00f3 y manda el Tribunal y lo certifica la se\u00f1ora Subsecretar\u00eda General.\nGladys E. Ortega Ram\u00edrez\nSubsecretar\u00eda General",
        "type": "majority",
        "author": null
      }
    ],
    "attorneys": [],
    "corrections": "",
    "head_matter": "2001 DTA 63\nTRIBUNAL DE CIRCUITO DE APELACIONES CIRCUITO REGIONAL Y DE PONCE Y AIBONITO\nALBA IRIS LUGO NAZARIO Recurrida v. ANTONIO BENVENUTTI LAGO Peticionario\nN\u00fam. KLCE-00-01165\nSan Juan, Puerto Rico, a 30 de noviembre de 2000\nPanel integrado por su Presidente, el Juez Brau Ram\u00edrez, el Juez Ortiz Cam\u00f3n y la Juez Pab\u00f3n Chameco\nBrau Ram\u00edrez, Juez Ponente"
  },
  "file_name": "0906-01",
  "first_page_order": 398,
  "last_page_order": 403
}
