{
  "id": 12164418,
  "name": "Geo. A. Hormel & Co. (Assignee of Stark, Wetzel & Co., Inc.) v. Hereford Heaven Brands, Inc.",
  "name_abbreviation": "Geo. A. Hormel & Co. v. Hereford Heaven Brands, Inc.",
  "decision_date": "1965-02-18",
  "docket_number": "No. 7278",
  "first_page": "1012",
  "last_page": "1015",
  "citations": [
    {
      "type": "official",
      "cite": "52 C.C.P.A. 1012"
    },
    {
      "type": "parallel",
      "cite": "144 U.S.P.Q. 493"
    },
    {
      "type": "parallel",
      "cite": "341 F.2d 158"
    }
  ],
  "court": {
    "name_abbreviation": "C.C.P.A.",
    "id": 8989,
    "name": "United States Court of Customs and Patent Appeals"
  },
  "jurisdiction": {
    "id": 39,
    "name_long": "United States",
    "name": "U.S."
  },
  "cites_to": [
    {
      "cite": "263 F. 2d 350",
      "category": "reporters:federal",
      "reporter": "F.2d",
      "case_ids": [
        6078493,
        433191
      ],
      "opinion_index": 0,
      "case_paths": [
        "/ccpa/46-2/0787-01",
        "/f2d/263/0350-01"
      ]
    },
    {
      "cite": "46 CCPA 787",
      "category": "reporters:specialty",
      "reporter": "C.C.P.A.",
      "case_ids": [
        6078493
      ],
      "weight": 2,
      "opinion_index": 0,
      "case_paths": [
        "/ccpa/46-2/0787-01"
      ]
    },
    {
      "cite": "114 USPQ 406",
      "category": "reporters:specialty",
      "reporter": "U.S.P.Q. (BNA)",
      "year": 1956,
      "opinion_index": 0
    },
    {
      "cite": "245 F. 2d 505",
      "category": "reporters:federal",
      "reporter": "F.2d",
      "case_ids": [
        404368,
        6080024
      ],
      "year": 1956,
      "opinion_index": 0,
      "case_paths": [
        "/f2d/245/0505-01",
        "/ccpa/44-2/0965-01"
      ]
    },
    {
      "cite": "44 CCPA 965",
      "category": "reporters:specialty",
      "reporter": "C.C.P.A.",
      "case_ids": [
        6080024
      ],
      "weight": 3,
      "year": 1956,
      "pin_cites": [
        {
          "page": "972"
        }
      ],
      "opinion_index": 0,
      "case_paths": [
        "/ccpa/44-2/0965-01"
      ]
    },
    {
      "cite": "109 USPQ 16",
      "category": "reporters:specialty",
      "reporter": "U.S.P.Q. (BNA)",
      "year": 1956,
      "opinion_index": 0
    },
    {
      "cite": "107 USPQ 295",
      "category": "reporters:specialty",
      "reporter": "U.S.P.Q. (BNA)",
      "year": 1955,
      "opinion_index": 0
    }
  ],
  "analysis": {
    "cardinality": 446,
    "char_count": 7647,
    "ocr_confidence": 0.561,
    "pagerank": {
      "raw": 6.953181076708474e-08,
      "percentile": 0.42149831901396567
    },
    "sha256": "04e0b3cc64815e417d09e71a4ca7324fb92807acda5c694c50df08553488750e",
    "simhash": "1:4ee72cb86dbe565a",
    "word_count": 1267
  },
  "last_updated": "2024-02-27T16:56:34.096021+00:00",
  "provenance": {
    "date_added": "2019-08-29",
    "source": "Harvard",
    "batch": "2018"
  },
  "casebody": {
    "judges": [
      "Before Worley, Cliief Judge, and Rich, Martin, Smith, and Almond, Jr., Associate Judges"
    ],
    "parties": [
      "Geo. A. Hormel & Co. (Assignee of Stark, Wetzel & Co., Inc.) v. Hereford Heaven Brands, Inc."
    ],
    "opinions": [
      {
        "text": "MaRTIN, Judge,\ndelivered the opinion of tlie court:\nGeo. A. Hormel & Co. (hereinafter Hormel), user of the mark LITTLE SIZZLERS, has appealed a decision of the Trademark Trial and Appeal Board dismissing' its opposition to the registration of the mark SIZZLE used by appellee Hereford Heaven Brands, Inc. (hereinafter Hereford).\nWhile the major issue is whether there would be a likelihood of confusion between LITTLE SIZZLERS as a mark for fresh pork sausage and SIZZLE as a mark for fresh and frozen packaged meats, there is a secondary issue raised by appellee Hereford which will necessitate a full exposition of the facts leading to the present opposition, No. 40,970.\nAppellee Hereford filed its application to register SIZZLE, serial No. 106,714, on October 19, 1960 alleging use since December 1, 1959. Hormel applied to register LITTLE SIZZLERS serial No. 107,569, on November 1, 1960, alleging use since September 9, 1960. Stark, Wetzel & Co., later the assignor to and licensee of Hormel, also applied to register LITTLE SIZZLERS, serial No. 119,435, on May 5, 1961, alleging use since 1948.\nThe board described the subsequent proceedings, which led to this opposition on appeal, in its opinion as follows:\n* * * [Hereford] on the basis of its present application for registration, was * * * involved in an interference [interference No. 5893] with Geo. A. Hormel & Co. (hereinafter referred to as Hormel) which had filed an application to register \u201cLITTLE SIZZLERS\u201d for pork sausage [serial No. 107,569]. When these applications were published subject to such interference, they were both opposed by Stark, Wetzler [Wetzel] & Co., Inc., (hereinafter referred to as Stark), and at approximately the same time Stark filed an application for registration of \u201cLITTLE SIZZLERS\u201d for pork sausages [serial No. 119,435, May 5, 1961], Following a denial by the Examiner of Trademarks of a motion to dissolve the interference made by Hormel, which was consented to by Hereford, Hormel expressly abandoned its application, thereby terminating both the interference and opposition [opposition No. 40,973] in which this application was involved. Shortly thereafter, Stark assigned to Hormel its entire rights, title and interest in the mark \u201cLITTLE SIZZLERS\u201d, and upon filing of the instrument assigning the mark in the Patent Office, Hormel was substituted as party opposer in this proceedings. Concurrent with the assignment of the mark, Hormel executed an agreement granting Stark a non-exclusive license to use the mark in the same market area in which it had previously marketed its goods.\nAccording to the record, Stark has continuously used the mark \u201cLITTLE SIZZLERS\u201d on fresh pork link sausage since as early as 1948 and has marketed such products in the State of Indiana, and in parts of Illinois, Michigan, Ohio and Kentucky. Stark has advertised its sausage in newspapers and on radio, television, and billboards. Since November 1954, sales of \u201cLITTLE SIZZLERS\u201d sausages have been in excess of 100,000 tons.\nThe board then considered \u201cthe nature of the marks together with the overall differences in both sound and appearance\u201d and concluded that Hereford\u2019s mark SIZZLE \u201cdiffers sufficiently\u201d from Hormel\u2019s mark LITTLE SIZZLERS as to avoid a likelihood of confusion as a result of using the marks on their respective goods.\nWe do not agree with the board. There is no significant difference between the goods of the parties. While appellee stresses that its goods are in fact breaded cubed beef patties, the application is drawn to use on \u201cfresh and frozen packaged meats\u201d which includes the goods, sausages and sausage meat, of appellant. Further, the channels of trade are the same.\nAlthough \u201cSizzlers\u201d as used in LITTLE SIZZLERS is a noun and \u201cSizzle,\u201d as used by appellee, is a verb, they both conjure up identical mental images, i.e., meat making a hissing sound while cooking. Thus we believe that the concurrent use of LITTLE SIZZLERS and SIZZLE on the respective goods of the parties is likely to cause confusion, mistake or deception.\nAppellee Hereford challenges the status of Hormel in this opposition. Appellee states in its brief:\nIn view of the license given to Stark, Wetzel as a part of the assignment agreements it is likely that the entire assignment is invalid as an assignment in gross * * *.\nHowever, it also states:\n* * * [Hormel] then purchased from Stark its trademark \u201cLITTLE SIZZLERS\u201d, the application to register same, goodwill, etc. A copy of this instrument has been made a part of this record and is the Hormel exhibit No. 10. There is nothing suspicious or objectionable about the assignment as such. * * * [Emphasis supplied.]\nIn the light of its brief and the facts of the case, we take the thrust of these contentions not as challenging the initial assignment to be invalid, but that the subsequent license, being what is termed a \u201cnaked license,\u201d has resulted in an abandonment by Hormel of its rights in LITTLE SIZZLERS for failure to exercise control over the nature and quality of the goods marketed under the mark licensed to Stark. The issue of abandonment is one of subsequent, not prior use. By the assignment, the prior use of Stark inures to the benefit of its assignee, Hormel. In any event, since Hereford took no testimony, it is restricted to its filing date, while Hormel has shown by adequate testimony that it has been the user in its own right since September 9, 1960, which is prior to Hereford\u2019s filing date of October 19,1960.\nWe find appellee\u2019s reliance on Roger & Gallet v. Janmarie, Inc., 107 USPQ 295 (Commr. 1955), aff'd on rehearing 109 USPQ 16 (Commr. 1956), to be inappropriate to support its position that the assignment is invalid because both parties continued to use the mark as they had prior to the assignment, since that case was reversed and remanded by this court, 44 CCPA 965, 245 F. 2d 505, 114 USPQ 238, rev'd on other grounds on remand 114 USPQ 406 (Commr. 1956), aff'd 46 CCPA 787, 263 F. 2d 350, 120 USPQ 484. As we stated in reversing (44 CCPA at 972) :\nOn the next point, that the parties were doing the same things after the assignment they were doing before, we think this is of little or no significance on the question of the validity of the assignment and of no help in deciding that issue. The important thing is not what they did do, but what they could do.\nHere, Hormel is a user of the mark, and the assignment did affect its position by giving it standing in this opposition. Stark\u2019s continued use does not affect that change of parties in this opposition. We think the burden of proving Hormel abandoned the mark by failing to control the use by Stark under the license, is on appellee. Inferences which might be drawn from Hormel\u2019s testimony here do not meet that burden. We must agree with the conclusion of the board that \u201cit cannot at this time be said that Hormel has failed to exercise such control\u201d as to preclude its right in this opposition.\nSince we find a likelihood of confusion between the marks, we must reverse the decision of the board.\nSmith, J., concurs in the result.\nThe board\u2019s footnotes have been omitted, and the matter in brackets added to identify the several applications, interferences and oppositions.",
        "type": "majority",
        "author": "MaRTIN, Judge,"
      }
    ],
    "attorneys": [
      "Fred S. Lockicood, for appellant.",
      "Jim W. Gipple, for appellee."
    ],
    "corrections": "",
    "head_matter": "341 F. 2d 158; 144 USPQ 493\nGeo. A. Hormel & Co. (Assignee of Stark, Wetzel & Co., Inc.) v. Hereford Heaven Brands, Inc.\n(No. 7278)\nUnited States Court of Customs and Patent Appeals,\nFebruary 18, 1965\nFred S. Lockicood, for appellant.\nJim W. Gipple, for appellee.\n[Oral argument December 9, 1964, by Mr. Lockwood and Mr. Gipple]\nBefore Worley, Cliief Judge, and Rich, Martin, Smith, and Almond, Jr., Associate Judges"
  },
  "file_name": "1012-01",
  "first_page_order": 336,
  "last_page_order": 339
}
