{
  "id": 9087422,
  "name": "The SCHOOL DISTRICT OF the CITY OF ERIE, Appellant, v. PENNSYLVANIA LABOR RELATIONS BOARD and Erie Education Association",
  "name_abbreviation": "School District of Erie v. Pennsylvania Labor Relations Board",
  "decision_date": "2003-09-18",
  "docket_number": "",
  "first_page": "562",
  "last_page": "569",
  "citations": [
    {
      "type": "official",
      "cite": "832 A.2d 562"
    }
  ],
  "court": {
    "name_abbreviation": "Pa. Commw. Ct.",
    "id": 11887,
    "name": "Commonwealth Court of Pennsylvania"
  },
  "jurisdiction": {
    "id": 6,
    "name_long": "Pennsylvania",
    "name": "Pa."
  },
  "cites_to": [
    {
      "cite": "298 Pa.Super. 27",
      "category": "reporters:state",
      "reporter": "Pa. Super.",
      "case_ids": [
        187869
      ],
      "weight": 2,
      "year": 1982,
      "pin_cites": [
        {
          "parenthetical": "attorney for estate could not be classified as \"personal representative\" as that term was defined by the Probate, Estates and Fiduciaries Code where decedent died intestate and attorney was not appointed as administrator"
        },
        {
          "parenthetical": "attorney for estate could not be classified as \"personal representative\" as that term was defined by the Probate, Estates and Fiduciaries Code where decedent died intestate and attorney was not appointed as administrator"
        }
      ],
      "opinion_index": 0,
      "case_paths": [
        "/pa-super/298/0027-01"
      ]
    },
    {
      "cite": "719 A.2d 835",
      "category": "reporters:state_regional",
      "reporter": "A.2d",
      "case_ids": [
        11682698
      ],
      "opinion_index": 0,
      "case_paths": [
        "/a2d/719/0835-01"
      ]
    },
    {
      "cite": "763 A.2d 548",
      "category": "reporters:state_regional",
      "reporter": "A.2d",
      "case_ids": [
        11171042
      ],
      "opinion_index": 0,
      "case_paths": [
        "/a2d/763/0548-01"
      ]
    },
    {
      "cite": "771 A.2d 1293",
      "category": "reporters:state_regional",
      "reporter": "A.2d",
      "year": 2001,
      "opinion_index": 0
    },
    {
      "cite": "565 Pa. 659",
      "category": "reporters:state",
      "reporter": "Pa.",
      "year": 2001,
      "opinion_index": 0
    },
    {
      "cite": "757 A.2d 442",
      "category": "reporters:state_regional",
      "reporter": "A.2d",
      "case_ids": [
        11242383
      ],
      "weight": 2,
      "pin_cites": [
        {
          "page": "447"
        }
      ],
      "opinion_index": 0,
      "case_paths": [
        "/a2d/757/0442-01"
      ]
    },
    {
      "cite": "645 A.2d 1340",
      "category": "reporters:state_regional",
      "reporter": "A.2d",
      "case_ids": [
        945906,
        7874823
      ],
      "year": 1994,
      "pin_cites": [
        {
          "parenthetical": "Superior Court is bound by internal definitions provided by statute"
        }
      ],
      "opinion_index": 0,
      "case_paths": [
        "/pa-super/435/0360-01",
        "/a2d/645/1340-01"
      ]
    },
    {
      "cite": "435 Pa.Super. 360",
      "category": "reporters:state",
      "reporter": "Pa. Super.",
      "case_ids": [
        945906
      ],
      "year": 1994,
      "pin_cites": [
        {
          "parenthetical": "Superior Court is bound by internal definitions provided by statute"
        }
      ],
      "opinion_index": 0,
      "case_paths": [
        "/pa-super/435/0360-01"
      ]
    },
    {
      "cite": "194 A.2d 199",
      "category": "reporters:state_regional",
      "reporter": "A.2d",
      "year": 1963,
      "pin_cites": [
        {
          "parenthetical": "by specifically defining \"manufacture,\" the legislature indicated its intent that the term be construed in accordance with the statutory language and that the construction of such word was not controlled by prior judicial construction of the word under prior tax statutes"
        }
      ],
      "opinion_index": 0
    },
    {
      "cite": "412 Pa. 132",
      "category": "reporters:state",
      "reporter": "Pa.",
      "case_ids": [
        1887264
      ],
      "year": 1963,
      "pin_cites": [
        {
          "parenthetical": "by specifically defining \"manufacture,\" the legislature indicated its intent that the term be construed in accordance with the statutory language and that the construction of such word was not controlled by prior judicial construction of the word under prior tax statutes"
        }
      ],
      "opinion_index": 0,
      "case_paths": [
        "/pa/412/0132-01"
      ]
    },
    {
      "cite": "470 A.2d 185",
      "category": "reporters:state_regional",
      "reporter": "A.2d",
      "year": 1984,
      "opinion_index": 0
    },
    {
      "cite": "440 A.2d 673",
      "category": "reporters:state_regional",
      "reporter": "A.2d",
      "year": 1982,
      "pin_cites": [
        {
          "page": "675"
        }
      ],
      "opinion_index": 0
    },
    {
      "cite": "601 A.2d 872",
      "category": "reporters:state_regional",
      "reporter": "A.2d",
      "case_ids": [
        1424934
      ],
      "opinion_index": 0,
      "case_paths": [
        "/pa-commw/144/0359-01"
      ]
    },
    {
      "cite": "655 A.2d 621",
      "category": "reporters:state_regional",
      "reporter": "A.2d",
      "case_ids": [
        7866589
      ],
      "opinion_index": 0,
      "case_paths": [
        "/a2d/655/0621-01"
      ]
    },
    {
      "cite": "587 A.2d 25",
      "category": "reporters:state_regional",
      "reporter": "A.2d",
      "case_ids": [
        1410925
      ],
      "opinion_index": 0,
      "case_paths": [
        "/pa-commw/137/0429-01"
      ]
    },
    {
      "cite": "426 A.2d 1203",
      "category": "reporters:state_regional",
      "reporter": "A.2d",
      "opinion_index": 0
    },
    {
      "cite": "631 A.2d 1069",
      "category": "reporters:state_regional",
      "reporter": "A.2d",
      "case_ids": [
        1451043
      ],
      "year": 1993,
      "pin_cites": [
        {
          "parenthetical": "Harbor Creek II"
        }
      ],
      "opinion_index": 0,
      "case_paths": [
        "/pa-commw/158/0396-01"
      ]
    },
    {
      "cite": "640 A.2d 899",
      "category": "reporters:state_regional",
      "reporter": "A.2d",
      "case_ids": [
        1843213,
        7867383
      ],
      "year": 1994,
      "pin_cites": [
        {
          "parenthetical": "Harbor Creek I"
        }
      ],
      "opinion_index": 0,
      "case_paths": [
        "/pa/536/0574-01",
        "/a2d/640/0899-01"
      ]
    },
    {
      "cite": "536 Pa. 574",
      "category": "reporters:state",
      "reporter": "Pa.",
      "case_ids": [
        1843213
      ],
      "year": 1994,
      "pin_cites": [
        {
          "parenthetical": "Harbor Creek I"
        }
      ],
      "opinion_index": 0,
      "case_paths": [
        "/pa/536/0574-01"
      ]
    },
    {
      "cite": "606 A.2d 666",
      "category": "reporters:state_regional",
      "reporter": "A.2d",
      "case_ids": [
        1428629
      ],
      "weight": 2,
      "year": 1992,
      "pin_cites": [
        {
          "page": "667"
        }
      ],
      "opinion_index": 0,
      "case_paths": [
        "/pa-commw/146/0631-01"
      ]
    },
    {
      "cite": "616 A.2d 185",
      "category": "reporters:state_regional",
      "reporter": "A.2d",
      "case_ids": [
        1438703
      ],
      "year": 1992,
      "pin_cites": [
        {
          "page": "137"
        }
      ],
      "opinion_index": 0,
      "case_paths": [
        "/pa-commw/151/0138-01"
      ]
    },
    {
      "cite": "769 A.2d 554",
      "category": "reporters:state_regional",
      "reporter": "A.2d",
      "case_ids": [
        11111324
      ],
      "opinion_index": 0,
      "case_paths": [
        "/a2d/769/0554-01"
      ]
    }
  ],
  "analysis": {
    "cardinality": 805,
    "char_count": 17464,
    "ocr_confidence": 0.637,
    "pagerank": {
      "raw": 1.4387046136686263e-07,
      "percentile": 0.6526978986033549
    },
    "sha256": "23a6703ecad7922dd753d903e6aad1217360fcbb8df80a37528efebe33e50afd",
    "simhash": "1:e6ab41f610cf24c6",
    "word_count": 2686
  },
  "last_updated": "2024-02-27T20:53:06.260474+00:00",
  "provenance": {
    "date_added": "2019-08-29",
    "source": "Harvard",
    "batch": "2018"
  },
  "casebody": {
    "judges": [
      "BEFORE: McGINLEY, Judge, LEAVITT, Judge, and JIULIANTE, Senior Judge."
    ],
    "parties": [
      "The SCHOOL DISTRICT OF the CITY OF ERIE, Appellant, v. PENNSYLVANIA LABOR RELATIONS BOARD and Erie Education Association."
    ],
    "opinions": [
      {
        "text": "OPINION BY\nSenior Judge JIULIANTE.\nThe School District of the City of Erie (School District) appeals from the August 6, 2002 order of the Court of Common Pleas of Erie County (trial court) that affirmed the order of the Pennsylvania Labor Relations Board (Board) and dismissed the School District\u2019s appeal. The Board\u2019s order dismissed the School District\u2019s exceptions to a proposed order by Hearing Examiner Peter Lassi that recommended dismissal of the School District\u2019s petition for unit clarification. We affirm.\nOn May 16, 1997, the School District filed a petition for unit clarification with the Board, seeking to exclude over 300 extracurricular positions (supplemental positions) from the bargaining unit of professional employees represented by the Erie Education Association (Association). On June 30, 1997, the Secretary of the Board issued an order directing that a hearing on the matter be held before Hearing Examiner Thomas McConnell. Although a hearing did not occur, the School District and the Association filed a stipulation naming each supplemental position, its current holder, and the fact that it did not require a Pennsylvania Department of Education (PDE) certificate.\nThereafter, on June 22, 1998, the School District filed a motion in limine requesting that the issue be decided based on the stipulation alone and that no evidentiary hearing be held to receive additional evidence. The Association filed a brief in opposition to the School District\u2019s motion on August 31,1998.\nBecause Hearing Examiner McConnell left the Board\u2019s employ, Hearing Examiner John Audi was assigned to hear the matter. By letter dated March 24, 1999, Hearing Examiner Audi granted the School District\u2019s motion in limine and declared that the matter would be decided based solely on the parties\u2019 stipulation. Hearing Examiner Audi also afforded the parties 30 days in which to file briefs in support of their respective positions. The Association filed a letter brief on April 25, 1999; the School District did not file an additional brief.\nIn July 2000, the School District inquired of the Board as to the status of the case. By letter of August 30, 2000, the Board informed the parties that Hearing Examiner Audi was no longer employed by the Board and that Hearing Examiner Lassi was assigned to dispose of the matter.\nOn October 31, 2001, Hearing Examiner Lassi issued an order proposing to dismiss the School District\u2019s unit clarification petition. The School District filed exceptions, which were dismissed by the Board. The School District then appealed the Board\u2019s final order to the trial court. By order dated August 6, 2002, the trial court dismissed the School District\u2019s appeal.\nThe School District contends that the trial court erred (1) in failing to conclude that the supplemental positions are nonprofessional as a matter of law and (2), in determining that the School District failed to sustain its burden of proof. Our review of the Board\u2019s final order is limited to determining whether the necessary findings of fact are supported by substantial evidence and whether the conclusions drawn from those facts are reasonable and not arbitrary, capricious or illegal. Montgomery County v. Pennsylvania Labor Relations Board, 769 A.2d 554 (Pa.Cmwlth.2001). Moreover, we recognize that \u201cthe [Board] possesses administrative expertise in the area of public employee labor relations and should be shown deference; the Commonwealth Court will not lightly substitute its judgment for that of the [Board].\u201d American Fed\u2019n of State, County & Mun. Employees, Council 13, AFL-CIO v. Pennsylvania Labor Relations Board, 150 Pa.Cmwlth. 642, 616 A.2d 185, 137 (1992).\nIn support of its position that the supplemental positions are nonprofessional as a matter of law, the School District directs our attention to Harbor Creek Sch. Dist. v. Harbor Creek Educ. Ass\u2019n, 146 Pa.Cmwlth. 681, 606 A.2d 666 (1992), aff'd, 536 Pa. 574, 640 A.2d 899 (1994) (Harbor Creek I) and Harbor Creek Sch. Dist. v. Pennsylvania Labor Relations Board, 158 Pa.Cmwlth. 396, 631 A.2d 1069 (1993) (Harbor Creek II). The underlying facts of both cases, as recited in Harbor Creek I, are as follows:\nThe [Harbor Creek School District (school district)] maintains a program of extracurricular and non-instructional activities, a portion of which involves an athletic program. The athletic program was historically overseen by an \u201cathletic director\u201d who was also a professional employee and a member of the bargaining unit represented by the [Harbor Creek Education Association (education association) ]. The scope of the extracurricular program grew over time and a need developed for the athletic director position to assume added responsibility. On August 1, 1984, the [school district] issued a revised description for the position of \u201cathletic director.\u201d The new description was posted the next day. The [education association] responded by filing a grievance over the new job description. On May 23, 1985, an arbitrator sustained the grievance and advocated negotiation by the parties to modify the description of athletic director. At a meeting on June 9, 1989, the Board of School Directors approved a resolution to create the position of an Assistant Principal for Student and Supplemental Activities. This new position would, inter alia, include all of the duties for which the part-time athletic director had previously been responsible. The following week, the [school district] informed the [education association] that the athletic director position previously performed by a full-time professional employee, Mr. O\u2019Neil, had been eliminated and the position of Assistant Principal created. Mr. O\u2019Neil, the previous athletic director, was appointed to the newly created position and left the bargaining unit to assume the full-time responsibilities of the new position.\nHarbor Creek I, 606 A.2d at 667.\nThe education association filed a grievance alleging that the elimination of the supplemental position of athletic director, and the simultaneous transfer of bargaining unit work to a non-bargaining unit individual, violated the collective bargaining agreement (CBA). After a hearing on the matter, the arbitrator found the grievance arbitrable and sustained it on the merits. The court of common pleas then quashed the school district\u2019s motion to vacate the arbitration award.\nThe issue on appeal to this Court in Harbor Creek I was whether the court of common pleas erred in determining that the grievance was arbitrable. Concluding that it was not, we stated that\n[t]he [CBA] herein specifically states that it covers professional employees. We have held as a matter of law, citing [Greater Johnstown Area Vocational-Technical Sch. v. Greater Johnstown Area Vocational-Technical Educ. Ass\u2019n, 57 Pa.Cmwlth. 195, 426 A.2d 1203 (Pa.Cmwlth.1981) ], that [CBAs] covering professional employees of a school district do not apply to supplementary contracts wherein teachers perform duties not within, but additional to, the realm of professional employees as defined in the Public School Code of 1949 ([School Code]). In re Grievance by Glover, [137 Pa.Cmwlth. 429, 587 A.2d 25 (Pa.Cmwlth.1991), overruled by Chester Upland Sch. Dist. v. McLaughlin, 655 A.2d 621 (Pa.Cmwlth.1995)]. In so holding, we are cognizant of previous judicial recognition allowing greater flexibility in the selection of athletic coaches than is allowed in the hiring and firing of teachers. Greater Johnstown. We have also determined that teachers acting in extracurricular capacities are not professional employees as defined in the [School] Code. [Moriarta v. State Coll. Area Sch. Dist., 144 Pa.Cmwlth. 359, 601 A.2d 872 (Pa.Cmwlth.1992)]; In re Glover; Greater Johnstown.\nId. at 668 (footnote omitted, footnote added).\nBased on the foregoing, we concluded that because the athletic director position was a supplementary agreement not within the definition of professional employee covered by the CBA and the School Code, the grievance was not arbitrable. Additionally, although the individual who performed the extracurricular duties was a professional employee, he was not acting in that capacity at the time. Therefore, he was precluded from resolving disputes through the grievance procedure. Accordingly, we reversed the court of common pleas\u2019 order quashing the school district\u2019s appeal.\nIn Harbor Creek II, the same factual scenario existed and, in addition to filing a grievance under the CBA, the education association filed an unfair labor practice with the Board. A hearing examiner concluded that the school district had improperly transferred the work of the athletic director to the newly created position without having bargained with the education association and, thus, had engaged in an unfair labor practice.\nThe court of common pleas affirmed the Board\u2019s decision dismissing the school district\u2019s exceptions and, on appeal, we again reversed. We reasoned that since Harbor Creek I had established that the duties of the athletic director were not covered by the CBA, those duties were not bargaining unit work. Consequently, the school district did not have an obligation to bargain before taking the action that it did.\nBased on our decisions in Harbor Creek I and II, the School District vehemently argues that supplemental positions are nonprofessional as a matter of law. However, the decisions in Harbor Creek I and II were essentially limited by the definitions of \u201cprofessional employe\u201d as contained in the CBA and the School Code.\nThe present action, however, was initiated under Section 604 of the Public Employe Relations Act (PERA), which gives the Board authority to determine the appropriateness of a bargaining unit for a public employer. \u201cThe purpose of a unit clarification procedure under the PERA is to determine whether certain job classifications are properly included in a bargaining unit, based upon the actual functions of the job.\u201d School Dist. of the Tp. of Mill- creek v. Millcreek Educ. Ass\u2019n, 64 Pa.Cmwlth. 389, 440 A.2d 673, 675 (1982). Additionally, this Court has recognized the need for unit clarification as a means to insure flexibility in the composition of the bargaining unit as more positions are created or existing positions are changed. Gateway Sch. Dist. v. Pennsylvania Labor Relations Board, 79 Pa.Cmwlth. 506, 470 A.2d 185 (1984).\n\u201cProfessional employe\u201d is defined in Section 301(7) of the PERA as\nany employe whose work: (i) is predominantly intellectual and varied in character; (ii) requires consistent exercise of discretion and judgment; (iii) requires knowledge of an advanced nature in the field of science or learning customarily acquired by specialized study in an institution of higher learning or its equivalent; and (iv) is of such character that the output or result accomplished cannot be standardized in relation to a given period of time.\n43 P.S. \u00a7 1101.301(7).\nThe School Code, however, limits the term \u201cprofessional employe\u201d to include\nthose who are certificated as teachers, supervisors, supervising principals, principals, assistant principals, vice-principals, directors of vocational education, dental hygienists, visiting teachers, home and school visitors, school counselors, child nutrition program specialists, school librarians, school secretaries the selection of whom is on the basis of merit as determined by eligibility lists and school nurses.\nSection 1101(1) of the School Code, 24 P.S. \u00a7 11-1101(1).\nClearly, the PERA provides a broader definition of professional employee than the School Code. In Millcreek, we rejected the school district\u2019s argument that the Board erred in determining that substitute teachers were professional employees under the PERA since the School Code did not include \u201csubstitute teacher\u201d in its definition of \u201cteacher\u201d and the CBAs between the union and the school district were limited in application to teachers and professional employees. We found no merit to the argument, declaring that \u201cthe provisions of the [School Code] are not dispositive of employee status under the PERA.\u201d Id. at 675.\nThe School District maintains that Millcreek is inapplicable because the issue in that case did not involve the professional employee status in the first instance and because the positions in Millcreek required PDE certification. We disagree and conclude that Millcreek is particularly applicable. It holds that the definition found in one statute is not controlling where another statute provides its own definition of the same term. Where a statute provides internal definitions, the meanings of the terms provided are controlling. See Commonwealth v. Sitkin\u2019s Junk Co., 412 Pa. 132, 194 A.2d 199 (1963) (by specifically defining \u201cmanufacture,\u201d the legislature indicated its intent that the term be construed in accordance with the statutory language and that the construction of such word was not controlled by prior judicial construction of the word under prior tax statutes); Hodges v. Rodriguez, 435 Pa.Super. 360, 645 A.2d 1340 (1994) (Superior Court is bound by internal definitions provided by statute); Lynch v. Hook, 298 Pa.Super. 27, 444 A.2d 157 (1982) (attorney for estate could not be classified as \u201cpersonal representative\u201d as that term was defined by the Probate, Estates and Fiduciaries Code where decedent died intestate and attorney was not appointed as administrator).\nThe Board, the entity empowered to prevent unfair labor practices, is thus required to use the definition of professional employee as provided in the PERA. In determining whether the supplemental positions at issue were properly part of the bargaining unit, Hearing Examiner Lassi was required to consider whether the public employees have an identifiable community of interest and the effects of over-fragmentization. 48 P.S. \u00a7 1101.604; State Sys. of Higher Educ. v. Pennsylvania Labor Relations Board, 757 A.2d 442 (Pa.Cmwlth.2000), appeal denied, 565 Pa. 659, 771 A.2d 1293 (2001).\nTo that extent, the distinction of professional employees as defined by the PERA and the School Code is but one factor to be considered when determining an identifiable community of interest under the PERA. Millcreek. Similarly, the requirement or lack thereof of PDE certification should also be considered. State Sys. of Higher Educ.\nGiving deference to the Board\u2019s expertise in the area of labor relations, Berks/Lehigh Valley Coll. v. Pennsylvania Labor Relations Board, 763 A.2d 548 (Pa.Cmwlth.2000), we cannot conclude that the Board erred in determining that the term \u201cprofessional employee\u201d as defined in the PERA includes the supplemental positions sought to be excluded by the School District. Its determination is not arbitrary, capricious or illegal and is in accordance with our decision in Millcreek.\nIn the alternative, the School District contends that the stipulation describing the supplemental positions was sufficient to meet its burden of proof in seeking to exclude said positions from the bargaining unit. In Board proceedings, the party seeking to exclude a position from a bargaining unit has the burden of proving by substantial evidence that the statutory exclusion applies. School Dist. of Philadelphia v. Pennsylvania Labor Relations Board, 719 A.2d 835 (Pa.Cmwlth.1998).\nA sample supplemental position described in the stipulation is as follows:\nCENTRAL HIGH SCHOOL VARSITY BOYS FOOTBALL COACH\nThe holder of the position ... is responsible for coaching the Boys Varsity Football team at Central High School. No certification from the Pennsylvania Department of Education is required for the position.\n(R.R. 7a) Each of the remaining supplemental positions is similarly described.\nIf this matter was governed by the definition of professional employee as provided by the School Code, the School District\u2019s argument would have merit. Nevertheless, because the definition of professional employee in the PERA is controlling, the School District was required to show more than the lack of state certification.\nIn considering whether the positions shared a community of interest, the Board needed to consider, inter alia, the \u201ctype of work performed, educational and skill requirements, pay scales, hours and benefits, working conditions, interchange of employees, grievance procedures, and bargaining history.\u201d State Sys. of Higher Educ., 757 A.2d at 447. The stipulation offered by the parties completely ignores these other factors. Thus, we cannot conclude that the trial court erred in determining that the School District failed to carry its burden of proof.\nAccordingly, we affirm.\nORDER\nAND NOW, this 18th day of September, 2003, the August 6, 2002 order of the Court of Common Pleas of Erie County is AFFIRMED.\n. Act of March 10, 1949, P.L. 30, as amended, 24P.S. \u00a7\u00a7 1-[ XXX-XX-XXXX ].\n. Act of July 23, 1970, P.L. 563, as amended, 43P.S. \u00a7 1101.604.\n.Although the PERA does not set forth the procedure for unit clarification, the Board\u2019s regulations do provide for unit clarification proceedings. See 34 Pa.Code \u00a7 95.23.\n. See Section 1141(1) of the School Code, 24 P.S. \u00a7 11-1141(1).\n. 20 Pa.C.S. \u00a7\u00a7 101-8815.",
        "type": "majority",
        "author": "Senior Judge JIULIANTE."
      }
    ],
    "attorneys": [
      "Mark J. Kuhar, Erie, for appellant.",
      "John B. Neurohr, Harrisburg, for appel-lee."
    ],
    "corrections": "",
    "head_matter": "The SCHOOL DISTRICT OF the CITY OF ERIE, Appellant, v. PENNSYLVANIA LABOR RELATIONS BOARD and Erie Education Association.\nCommonwealth Court of Pennsylvania.\nArgued May 6, 2003.\nDecided Sept. 18, 2003.\nMark J. Kuhar, Erie, for appellant.\nJohn B. Neurohr, Harrisburg, for appel-lee.\nBEFORE: McGINLEY, Judge, LEAVITT, Judge, and JIULIANTE, Senior Judge."
  },
  "file_name": "0562-01",
  "first_page_order": 618,
  "last_page_order": 625
}
