{
  "id": 11249755,
  "name": "The WASHINGTON THEATER CLUB, INC., Petitioner, v. DISTRICT OF COLUMBIA DEPARTMENT OF FINANCE AND REVENUE, PROPERTY ASSESSMENT DIVISION, Respondent",
  "name_abbreviation": "Washington Theater Club, Inc. v. District of Columbia Department of Finance & Revenue, Property Assessment Division",
  "decision_date": "1973-03-20",
  "docket_number": "No. 6837",
  "first_page": "231",
  "last_page": "232",
  "citations": [
    {
      "type": "official",
      "cite": "302 A.2d 231"
    }
  ],
  "court": {
    "name_abbreviation": "D.C.",
    "id": 11933,
    "name": "District of Columbia Court of Appeals"
  },
  "jurisdiction": {
    "id": 56,
    "name_long": "District of Columbia",
    "name": "D.C."
  },
  "cites_to": [
    {
      "cite": "32 A.2d 540",
      "category": "reporters:state_regional",
      "reporter": "A.2d",
      "case_ids": [
        8154245
      ],
      "year": 1943,
      "opinion_index": 0,
      "case_paths": [
        "/a2d/32/0540-01"
      ]
    }
  ],
  "analysis": {
    "cardinality": 183,
    "char_count": 2415,
    "ocr_confidence": 0.765,
    "pagerank": {
      "raw": 4.03580807328026e-08,
      "percentile": 0.23892667101441048
    },
    "sha256": "110582339f22db18ec89f5ec4d60dc11d2eaeec93f565d9973179ccd5ecc2310",
    "simhash": "1:bbc60be496f1e54b",
    "word_count": 376
  },
  "last_updated": "2024-02-27T22:25:05.967803+00:00",
  "provenance": {
    "date_added": "2019-08-29",
    "source": "Harvard",
    "batch": "2018"
  },
  "casebody": {
    "judges": [
      "Before REILLY, Chief Judge, and FICKLING and NEBEKER, Associate Judges, in chambers."
    ],
    "parties": [
      "The WASHINGTON THEATER CLUB, INC., Petitioner, v. DISTRICT OF COLUMBIA DEPARTMENT OF FINANCE AND REVENUE, PROPERTY ASSESSMENT DIVISION, Respondent."
    ],
    "opinions": [
      {
        "text": "PER CURIAM:\nUpon denial of exemption as an institution under D.C.Code 1967, \u00a7 47-1208 and assessment of taxes due by the District of Columbia Department of Finance and Revenue, Property Assessment Division, petitioner sought review in this court under the District of Columbia Administrative Procedure Act. The District of Columbia moved to dismiss for lack of jurisdiction, which we granted. On petition for rehearing, petitioner argues that Lindner v. District of Columbia, D.C.Mun.App., 32 A.2d 540 (1943), decided that there can be more than one mode of review available to petitioner, and that D.C.Code 1967, \u00a7 1 \u2014 1508 (Supp. V, 1972), is not limited to \u201ccontested\u201d cases as defined in D.C.Code 1967, \u00a7 1-1502(8) (Supp. V, 1972). Nevertheless, we hold pursuant to D.C.Code 1967, \u00a711-1201 (Supp. V, 1972) and D.C.Code 1967, \u00a7 11-1202 (Supp. V, 1972) that the exclusive remedy lies in the Tax Division of the Superior Court. Whatever may be said for a completely literal reading of the Administrative Procedure Act, the foregoing sections specifically granting that division exclusive jurisdiction to review such tax cases must be deemed a superseding limitation on the breadth of the language of \u00a7 1-1508.\nAccordingly, the petition for rehearing is\nDenied.\n. D.C.Code 1967, \u00a7 1-1501 et seq. (Supp. V, 1972). See also D.C.Code 1967, \u00a7 11-722 (Supp. V, 1972).\n.\u00a7 11-1201. Exclusive jurisdiction\nThe Tax Division of the Superior Court shall be assigned exclusive jurisdiction of\u2014\n(1) nil appeals from and petitions for review of assessments of tax (and civil penalties thereon) made by the District of Columbia ....\n. \u00a7 11-1202. Abolition of other remedies\nNotwithstanding any other provision of law, the jurisdiction of the Tux Division of the Superior Court to review the validity and amount of all assessments of tax made by the District of Columbia is exclusive. . . . (Emphasis added.)\n. See note 1, supra.",
        "type": "majority",
        "author": "PER CURIAM:"
      }
    ],
    "attorneys": [
      "Charles T. Duncan and Richard J. Med-alie, Washington, D. C., for petitioner.",
      "C. Francis Murphy, Corporation Counsel, and Kenneth R. West and Henry E. Wix-on, Asst. Corporation Counsels, for respondent."
    ],
    "corrections": "",
    "head_matter": "The WASHINGTON THEATER CLUB, INC., Petitioner, v. DISTRICT OF COLUMBIA DEPARTMENT OF FINANCE AND REVENUE, PROPERTY ASSESSMENT DIVISION, Respondent.\nNo. 6837.\nDistrict of Columbia Court of Appeals.\nMarch 20, 1973.\nCharles T. Duncan and Richard J. Med-alie, Washington, D. C., for petitioner.\nC. Francis Murphy, Corporation Counsel, and Kenneth R. West and Henry E. Wix-on, Asst. Corporation Counsels, for respondent.\nBefore REILLY, Chief Judge, and FICKLING and NEBEKER, Associate Judges, in chambers."
  },
  "file_name": "0231-01",
  "first_page_order": 265,
  "last_page_order": 266
}
