{
  "id": 11894663,
  "name": "KHODARA ENVIRONMENTAL, INC., General Partner, on Behalf of EAGLE ENVIRONMENTAL, L.P., Appellant, v. COMMONWEALTH of Pennsylvania, FISH AND BOAT COMMISSION, Appellee",
  "name_abbreviation": "Khodara Environmental, Inc. ex rel. Eagle Environmental, L.P. v. Commonwealth, Fish & Boat Commission",
  "decision_date": "1997-10-21",
  "docket_number": "Direct Appeal, No. 052 Middle District Appeal Docket 1997",
  "first_page": "849",
  "last_page": "849",
  "citations": [
    {
      "type": "official",
      "cite": "702 A.2d 849"
    }
  ],
  "court": {
    "name_abbreviation": "Pa.",
    "id": 8832,
    "name": "Supreme Court of Pennsylvania"
  },
  "jurisdiction": {
    "id": 6,
    "name_long": "Pennsylvania",
    "name": "Pa."
  },
  "cites_to": [],
  "analysis": {
    "cardinality": 35,
    "char_count": 315,
    "ocr_confidence": 0.691,
    "sha256": "ed0c20c3efcad4d5b646a6194e8b6b4fcee3d14b5be47387c398489cab7a0262",
    "simhash": "1:7c9f3b6371ebb521",
    "word_count": 46
  },
  "last_updated": "2023-07-14T15:09:56.746135+00:00",
  "provenance": {
    "date_added": "2019-08-29",
    "source": "Harvard",
    "batch": "2018"
  },
  "casebody": {
    "judges": [],
    "parties": [
      "KHODARA ENVIRONMENTAL, INC., General Partner, on Behalf of EAGLE ENVIRONMENTAL, L.P., Appellant, v. COMMONWEALTH of Pennsylvania, FISH AND BOAT COMMISSION, Appellee."
    ],
    "opinions": [
      {
        "text": "ORDER\nPER CURIAM:\nAnd now this 21st day of October, 1997, the order of Commonwealth Court is affirmed.",
        "type": "majority",
        "author": "PER CURIAM:"
      }
    ],
    "attorneys": [],
    "corrections": "",
    "head_matter": "KHODARA ENVIRONMENTAL, INC., General Partner, on Behalf of EAGLE ENVIRONMENTAL, L.P., Appellant, v. COMMONWEALTH of Pennsylvania, FISH AND BOAT COMMISSION, Appellee.\nSupreme Court of Pennsylvania.\nOct. 21, 1997."
  },
  "file_name": "0849-02",
  "first_page_order": 903,
  "last_page_order": 903
}
