{
  "id": 11735834,
  "name": "In the Matter of Peter A. ALMONTE",
  "name_abbreviation": "In re Almonte",
  "decision_date": "1996-07-10",
  "docket_number": "No. 96-137-M.P.",
  "first_page": "457",
  "last_page": "458",
  "citations": [
    {
      "type": "official",
      "cite": "678 A.2d 457"
    }
  ],
  "court": {
    "name_abbreviation": "R.I.",
    "id": 10179,
    "name": "Supreme Court of Rhode Island"
  },
  "jurisdiction": {
    "id": 15,
    "name_long": "Rhode Island",
    "name": "R.I."
  },
  "cites_to": [
    {
      "cite": "634 A.2d 861",
      "category": "reporters:state_regional",
      "reporter": "A.2d",
      "case_ids": [
        7370157
      ],
      "pin_cites": [
        {
          "page": "861"
        }
      ],
      "opinion_index": 0,
      "case_paths": [
        "/a2d/634/0861-01"
      ]
    }
  ],
  "analysis": {
    "cardinality": 295,
    "char_count": 4476,
    "ocr_confidence": 0.701,
    "pagerank": {
      "raw": 6.591602451318339e-07,
      "percentile": 0.9616296162440359
    },
    "sha256": "5c3d94d26b774fe53641c395f79f98849060a1a3c17cfa05aa05b67833ebcf1f",
    "simhash": "1:33571eae5b096c0d",
    "word_count": 743
  },
  "last_updated": "2024-02-27T23:22:48.284349+00:00",
  "provenance": {
    "date_added": "2019-08-29",
    "source": "Harvard",
    "batch": "2018"
  },
  "casebody": {
    "judges": [],
    "parties": [
      "In the Matter of Peter A. ALMONTE."
    ],
    "opinions": [
      {
        "text": "OPINION\nPER CURIAM.\nThis disciplinary proceeding is before the court pursuant to a petition for discipline brought by this court\u2019s disciplinary counsel in accordance with the provisions of Article III, Rule 12(d) of the Supreme Court Rules of Disciplinary Procedure. Rule 12(d) provides that \u201c[u]pon receipt of a certificate of a conviction of any attorney for a crime * * * [which is punishable by imprisonment of one year or less in this or any other jurisdiction,] this Court shall take such [disciplinary] action as it deems warranted.\u201d\nThe facts giving rise to these proceedings are as follows. On January 16,1996, respondent, Peter A. Almonte, entered a plea of nolo contendere to each count of a five-count criminal information charging him with willful failure to file a Rhode Island personal income-tax return for the years 1988 through 1992, inclusive, in violation of G.L.1956 \u00a7 44-30-51. Section 44-30-94 provides that willful failure to file a personal income tax return is a felony punishable by a term of imprisonment of not more than one year or a fine of not more than $10,000 or both. The respondent was sentenced to a concurrent period of twelve months\u2019 probation on four of the counts contained in the criminal information and an additional period of six months\u2019 probation, to be served consecutively, on the remaining count. No fine was imposed by the sentencing court.\nThe only issue presented for consideration is the appropriate level of professional discipline to impose upon respondent for his conviction on the above-noted charges. We have previously stated that \u201c[i]n all but the rarest of cases the final conviction on a felony offense * * * brings about the disbarment of the attorney in question from the practice of law in this state.\u201d In the Matter of Donovan, 634 A.2d 861, 861 (R.I.1993). Our review of the facts of this ease reveals that this is one of those rare cases.\nThe respondent has been a member of the Rhode Island Bar since 1964. In his thirty-two years of practice before the courts of this state he has never been the subject of any disciplinary proceedings, nor has he ever been charged with the commission of any other crime. The respondent had filed his Rhode Island personal-income-tax returns for all calendar years in which he was required to file a return prior to 1988. He filed his federal-income-tax returns and paid all federal income taxes due for each of the years in which he failed to file his state-income-tax returns.\nThe respondent\u2019s total income tax liability to the State of Rhode Island for the five years in which he faded to file an income-tax return was $14,625 all of which has been paid to the state prior to the institution of these proceedings. Had the respondent filed a return, he would have been entitled to a tax refund in the amount of $1,528 for calendar year 1989. However, any claim for a refund for that year was waived by his failure to file a return and a claim for a refund within the statutorily mandated time.\nThe respondent\u2019s conduct in failing to file a personal-income-tax return for the years \u2022 1988 through 1992 appears to be an anomaly. His financial difficulties arose when changes in the federal tax code made certain of his commercial real estate investments less profitable, and his sale of those investments resulted in substantial federal tax liabilities. The respondent sold many of his personal assets to meet his federal tax obligations. Unfortunately, he neglected his tax obligations to the State of Rhode Island.\nAlthough this court cannot condone the failure of any attorney to comply with the requirements imposed by the law, we do not believe that the respondent\u2019s conduct warrants the imposition of the sanction of disbarment. The purpose of professional discipline is not to punish the attorney. The respondent has been punished for this conduct by the imposition of a term of probation by the sentencing court. The purposes of professional discipline are to protect the public and to maintain the integrity of the profession. In our opinion those dual purposes of professional discipline can best be served in this instance by the imposition of a public censure.\nAccordingly the respondent is hereby publicly censured for his failure to file state personal-income-tax returns.",
        "type": "majority",
        "author": "PER CURIAM."
      }
    ],
    "attorneys": [
      "David A. Curtin, Providence, for Plaintiff.",
      "Joseph A. Kelly, Providence, for Defendant."
    ],
    "corrections": "",
    "head_matter": "In the Matter of Peter A. ALMONTE.\nNo. 96-137-M.P.\nSupreme Court of Rhode Island.\nJuly 10, 1996.\nDavid A. Curtin, Providence, for Plaintiff.\nJoseph A. Kelly, Providence, for Defendant."
  },
  "file_name": "0457-01",
  "first_page_order": 527,
  "last_page_order": 528
}
