{
  "id": 12486481,
  "name": "Com. v. L. Martinez",
  "name_abbreviation": "Com. v. Martinez",
  "decision_date": "2016-03-07",
  "docket_number": "NO. 799 MDA 2015",
  "first_page": "191",
  "last_page": "191",
  "citations": [
    {
      "type": "official",
      "cite": "144 A.3d 191"
    }
  ],
  "court": {
    "name_abbreviation": "Pa. Super. Ct.",
    "id": 8775,
    "name": "Superior Court of Pennsylvania"
  },
  "jurisdiction": {
    "id": 6,
    "name_long": "Pennsylvania",
    "name": "Pa."
  },
  "cites_to": [],
  "analysis": {
    "cardinality": 16,
    "char_count": 95,
    "sha256": "d1e1d6439a384b381dc3d8e29d5e9ca4303cc9dabd1288ef657934eff5211714",
    "simhash": "1:968fdf00f0931029",
    "word_count": 16
  },
  "last_updated": "2021-08-27T20:57:14.000741+00:00",
  "provenance": {
    "date_added": "2021-08-27",
    "source": "Fastcase",
    "batch": "2021"
  },
  "casebody": {
    "judges": [],
    "parties": [
      "Com.\nv.\nL. Martinez"
    ],
    "opinions": [
      {
        "text": "",
        "type": "majority",
        "author": null
      }
    ],
    "attorneys": [],
    "corrections": "",
    "head_matter": "Com.\nv.\nL. Martinez\nNO. 799 MDA 2015\nSuperior Court of Pennsylvania.\nMarch 07, 2016\nAffirmed."
  },
  "file_name": "0191-08",
  "first_page_order": 191,
  "last_page_order": 191
}
