{
  "id": 12486553,
  "name": "Com. v. R. Lewis",
  "name_abbreviation": "Com. v. Lewis",
  "decision_date": "2016-03-11",
  "docket_number": "NO. 1606 EDA 2015",
  "first_page": "196",
  "last_page": "196",
  "citations": [
    {
      "type": "official",
      "cite": "144 A.3d 196"
    }
  ],
  "court": {
    "name_abbreviation": "Pa. Super. Ct.",
    "id": 8775,
    "name": "Superior Court of Pennsylvania"
  },
  "jurisdiction": {
    "id": 6,
    "name_long": "Pennsylvania",
    "name": "Pa."
  },
  "cites_to": [],
  "analysis": {
    "cardinality": 16,
    "char_count": 93,
    "sha256": "b886ba76a882af8314a918d9da7316017437fba99fbf092b68dbe845f439ef38",
    "simhash": "1:f701c6922ba818d4",
    "word_count": 16
  },
  "last_updated": "2021-08-27T20:57:14.000741+00:00",
  "provenance": {
    "date_added": "2021-08-27",
    "source": "Fastcase",
    "batch": "2021"
  },
  "casebody": {
    "judges": [],
    "parties": [
      "Com.\nv.\nR. Lewis"
    ],
    "opinions": [
      {
        "text": "",
        "type": "majority",
        "author": null
      }
    ],
    "attorneys": [],
    "corrections": "",
    "head_matter": "Com.\nv.\nR. Lewis\nNO. 1606 EDA 2015\nSuperior Court of Pennsylvania.\nMarch 11, 2016\nAffirmed."
  },
  "file_name": "0196-08",
  "first_page_order": 196,
  "last_page_order": 196
}
