{
  "id": 12486565,
  "name": "Com. v. L. Allen",
  "name_abbreviation": "Com. v. Allen",
  "decision_date": "2016-03-11",
  "docket_number": "NO. 1328 MDA 2015",
  "first_page": "197",
  "last_page": "197",
  "citations": [
    {
      "type": "official",
      "cite": "144 A.3d 197"
    }
  ],
  "court": {
    "name_abbreviation": "Pa. Super. Ct.",
    "id": 8775,
    "name": "Superior Court of Pennsylvania"
  },
  "jurisdiction": {
    "id": 6,
    "name_long": "Pennsylvania",
    "name": "Pa."
  },
  "cites_to": [],
  "analysis": {
    "cardinality": 16,
    "char_count": 93,
    "sha256": "9f70d2dc182cf48000ce225bc7aa0c49dec9fd736ce9bc52825f7b7629abb813",
    "simhash": "1:a88b67fd18e010c0",
    "word_count": 16
  },
  "last_updated": "2021-08-27T20:57:14.000741+00:00",
  "provenance": {
    "date_added": "2021-08-27",
    "source": "Fastcase",
    "batch": "2021"
  },
  "casebody": {
    "judges": [],
    "parties": [
      "Com.\nv.\nL. Allen"
    ],
    "opinions": [
      {
        "text": "",
        "type": "majority",
        "author": null
      }
    ],
    "attorneys": [],
    "corrections": "",
    "head_matter": "Com.\nv.\nL. Allen\nNO. 1328 MDA 2015\nSuperior Court of Pennsylvania.\nMarch 11, 2016\nAffirmed."
  },
  "file_name": "0197-06",
  "first_page_order": 197,
  "last_page_order": 197
}
