{
  "id": 12486731,
  "name": "In Re: Adopt. of G.J.A. etc Appeal of: P.H.A. father",
  "name_abbreviation": "In re G.J.A.",
  "decision_date": "2016-03-23",
  "docket_number": "NO. 1493 WDA 2015",
  "first_page": "208",
  "last_page": "208",
  "citations": [
    {
      "type": "official",
      "cite": "144 A.3d 208"
    }
  ],
  "court": {
    "name_abbreviation": "Pa. Super. Ct.",
    "id": 8775,
    "name": "Superior Court of Pennsylvania"
  },
  "jurisdiction": {
    "id": 6,
    "name_long": "Pennsylvania",
    "name": "Pa."
  },
  "cites_to": [],
  "analysis": {
    "cardinality": 20,
    "char_count": 129,
    "sha256": "045f897f8159caeefd6e64098e3114f8a21f4902c4b0cc18f7e6c3a8eec7820d",
    "simhash": "1:92b9bc1505c00401",
    "word_count": 22
  },
  "last_updated": "2021-08-27T20:57:14.000741+00:00",
  "provenance": {
    "date_added": "2021-08-27",
    "source": "Fastcase",
    "batch": "2021"
  },
  "casebody": {
    "judges": [],
    "parties": [
      "In Re: Adopt. of G.J.A. etc"
    ],
    "opinions": [
      {
        "text": "",
        "type": "majority",
        "author": null
      }
    ],
    "attorneys": [],
    "corrections": "",
    "head_matter": "In Re: Adopt. of G.J.A. etc\nAppeal of: P.H.A. father\nNO. 1493 WDA 2015\nSuperior Court of Pennsylvania.\nMarch 23, 2016\nAffirmed."
  },
  "file_name": "0208-15",
  "first_page_order": 208,
  "last_page_order": 208
}
