{
  "id": 8034753,
  "name": "STATE of Maine v. Ricki COLUMBO",
  "name_abbreviation": "State v. Columbo",
  "decision_date": "1976-12-09",
  "docket_number": "",
  "first_page": "852",
  "last_page": "854",
  "citations": [
    {
      "type": "official",
      "cite": "366 A.2d 852"
    }
  ],
  "court": {
    "name_abbreviation": "Me.",
    "id": 9543,
    "name": "Maine Supreme Judicial Court"
  },
  "jurisdiction": {
    "id": 42,
    "name_long": "Maine",
    "name": "Me."
  },
  "cites_to": [
    {
      "cite": "264 A.2d 8",
      "category": "reporters:state_regional",
      "reporter": "A.2d",
      "case_ids": [
        8058451
      ],
      "year": 1970,
      "pin_cites": [
        {
          "page": "11"
        }
      ],
      "opinion_index": 0,
      "case_paths": [
        "/a2d/264/0008-01"
      ]
    },
    {
      "cite": "247 A.2d 122",
      "category": "reporters:state_regional",
      "reporter": "A.2d",
      "case_ids": [
        8065985
      ],
      "weight": 3,
      "year": 1968,
      "pin_cites": [
        {
          "page": "124"
        },
        {
          "page": "123"
        }
      ],
      "opinion_index": 0,
      "case_paths": [
        "/a2d/247/0122-01"
      ]
    }
  ],
  "analysis": {
    "cardinality": 292,
    "char_count": 4419,
    "ocr_confidence": 0.814,
    "pagerank": {
      "raw": 7.08753378081372e-08,
      "percentile": 0.42634609199223583
    },
    "sha256": "a046eb40656e571cc8530e895c467b4148d003322b33413239fa587cac5e1219",
    "simhash": "1:c437932433b7a909",
    "word_count": 728
  },
  "last_updated": "2024-02-27T23:10:53.001557+00:00",
  "provenance": {
    "date_added": "2019-08-29",
    "source": "Harvard",
    "batch": "2018"
  },
  "casebody": {
    "judges": [
      "Before DUFRESNE, C. J., WEATH-ERBEE, POMEROY, WERNICK and ARCHIBALD, JJ.",
      "DELAHANTY, J., did not sit."
    ],
    "parties": [
      "STATE of Maine v. Ricki COLUMBO."
    ],
    "opinions": [
      {
        "text": "PER CURIAM.\nAfter hearing, appellant\u2019s probation was revoked and he was ordered to stand in execution of the sentence previously imposed. This appeal is from such revocation of probation.\nWe deny the appeal.\nAppellant had been convicted of the crime of breaking, entering, and larceny, formerly 17 M.R.S.A. \u00a7 2103. Sentencing followed. The judgment entered was that appellant was to be imprisoned in Maine State Prison for a period of not less than two years nor more than four years. There was further provision that execution of the sentence was to be suspended after appellant had served sixty days of the sentence, and he was placed on probation. It was during the period his probation was in full force and effect that the events occurred which resulted in revocation of his probation.\nIn an appropriate manner, the probation officer had alleged the appellant had violated the conditions of his probation by his\n\u201clf]ailure to maintain good behavior on August 29, 1975 by driving a 1968 Ford into [name omitted], causing [name omitted] to flip over onto the hood and onto the ground.\u201d\nAn evidentiary hearing was held, at which hearing appellant was represented by counsel. After such hearing, the presiding justice entered an order revoking the probation and ordering execution of the unexecuted portion of the sentence previously imposed, i. e., imprisonment for the period of not less than two years nor more than four years.\nThe specific finding of the presiding justice was that\n\u201cthe defendant has violated one or more of the conditions of probation attached to said judgment, . . . .\u201d\nIn his oral statement made at the conclusion of the evidence, the court said,\n\u201cBoth sides having rested, the Court finds in each of these matters that the defendant, Ricki Columbo, has violated the terms and conditions of his probation in failing to maintain good behavior by driving an automobile into [name omitted] on the 29th day of August, 1975, as alleged in the motions for revocation of probation in each of these two matters.\u201d\nAppellant premises his argument on his claim that the term \u201cgood behavior\u201d as defined by this court in State v. Oliver, Me., 247 A.2d 122 (1968), is intended to describe only a violation of law. Appellant continues his argument by pointing out that the presiding justice made no specific finding that appellant had violated a provision of the law. Though he concedes the evidence was sufficient to justify a conclusion that appellant was guilty of assault and battery or reckless driving or operating a motor vehicle in such a manner as to endanger a person, he says it would equally support a finding that the appellant was merely negligent.\nIt is clear to us that in the circumstances of this case the presiding justice\u2019s finding that the appellant failed to maintain good behavior must be considered as a finding that the appellant\u2019s conduct was not conformable to law.\n\u201cGood behavior is conduct conformable to law.\u201d State v. Oliver, supra, at 124.\nIn Oliver we established the rule that in hearings on motion for revocation of probation,\n\u201cThe findings of the Justice stand under the familiar \u2018unless clearly erroneous\u2019 or \u2018any credible evidence\u2019 rule as readily as in other nonjury cases.\u201d State v. Oliver, supra, at 123.\nIn this case there is clearly credible evidence to support the presiding justice\u2019s conclusion that appellant had failed to maintain good behavior, i. e., had failed to conduct himself in a manner \u201cconformable to law.\u201d\nHaving found, as he did, that the appellant had violated the conditions of his probation, the presiding justice had discretionary power to revoke the probation. See Skidgell v. State, Me., 264 A.2d 8, 11 (1970).\nWe hold there was no abuse of discretion.\nThe appeal is without merit.\nAccordingly, the entry must be:\nAppeal denied.\nAll Justices concurring.\nWEATHERBEE, J., sat at argument and participated in consultation but died prior to preparation of opinion.\nDELAHANTY, J., did not sit.\n. Repealed P.E.1975, e. 499, \u00a7 11, effective May 1, 1976.",
        "type": "majority",
        "author": "PER CURIAM."
      }
    ],
    "attorneys": [
      "Henry N. Berry III, Dist. Atty., Peter G. Ballou, Asst. Dist. Atty., Portland, for plaintiff.",
      "Robert N. Walker, Yarmouth, for defendant."
    ],
    "corrections": "",
    "head_matter": "STATE of Maine v. Ricki COLUMBO.\nSupreme Judicial Court of Maine.\nDec. 9, 1976.\nHenry N. Berry III, Dist. Atty., Peter G. Ballou, Asst. Dist. Atty., Portland, for plaintiff.\nRobert N. Walker, Yarmouth, for defendant.\nBefore DUFRESNE, C. J., WEATH-ERBEE, POMEROY, WERNICK and ARCHIBALD, JJ.\nWEATHERBEE, J., sat at argument and participated in consultation but died prior to preparation of opinion."
  },
  "file_name": "0852-01",
  "first_page_order": 908,
  "last_page_order": 910
}
