{
  "id": 11450959,
  "name": "Jacqueline M. KING, Petitioner, v. DISTRICT OF COLUMBIA WATER AND SEWER AUTHORITY, Respondent",
  "name_abbreviation": "King v. District of Columbia Water & Sewer Authority",
  "decision_date": "2002-07-25",
  "docket_number": "No. 00-AA-349",
  "first_page": "966",
  "last_page": "970",
  "citations": [
    {
      "type": "official",
      "cite": "803 A.2d 966"
    }
  ],
  "court": {
    "name_abbreviation": "D.C.",
    "id": 11933,
    "name": "District of Columbia Court of Appeals"
  },
  "jurisdiction": {
    "id": 56,
    "name_long": "District of Columbia",
    "name": "D.C."
  },
  "cites_to": [
    {
      "cite": "775 A.2d 1085",
      "category": "reporters:state_regional",
      "reporter": "A.2d",
      "case_ids": [
        11090482,
        11090548
      ],
      "pin_cites": [
        {
          "page": "1094"
        }
      ],
      "opinion_index": 0,
      "case_paths": [
        "/a2d/775/1085-01",
        "/a2d/775/1085-02"
      ]
    },
    {
      "cite": "550 A.2d 348",
      "category": "reporters:state_regional",
      "reporter": "A.2d",
      "case_ids": [
        7882886
      ],
      "opinion_index": 0,
      "case_paths": [
        "/a2d/550/0348-01"
      ]
    },
    {
      "cite": "738 A.2d 1228",
      "category": "reporters:state_regional",
      "reporter": "A.2d",
      "case_ids": [
        11573315
      ],
      "pin_cites": [
        {
          "page": "1231"
        }
      ],
      "opinion_index": 0,
      "case_paths": [
        "/a2d/738/1228-01"
      ]
    },
    {
      "cite": "756 A.2d 420",
      "category": "reporters:state_regional",
      "reporter": "A.2d",
      "case_ids": [
        11243023
      ],
      "pin_cites": [
        {
          "page": "424"
        }
      ],
      "opinion_index": 0,
      "case_paths": [
        "/a2d/756/0420-01"
      ]
    },
    {
      "cite": "795 A.2d 684",
      "category": "reporters:state_regional",
      "reporter": "A.2d",
      "case_ids": [
        9426291
      ],
      "pin_cites": [
        {
          "page": "687"
        }
      ],
      "opinion_index": 0,
      "case_paths": [
        "/a2d/795/0684-01"
      ]
    },
    {
      "cite": "747 A.2d 135",
      "category": "reporters:state_regional",
      "reporter": "A.2d",
      "case_ids": [
        11467151
      ],
      "pin_cites": [
        {
          "page": "138"
        }
      ],
      "opinion_index": 0,
      "case_paths": [
        "/a2d/747/0135-01"
      ]
    },
    {
      "cite": "657 A.2d 307",
      "category": "reporters:state_regional",
      "reporter": "A.2d",
      "case_ids": [
        11930401
      ],
      "pin_cites": [
        {
          "page": "311"
        }
      ],
      "opinion_index": 0,
      "case_paths": [
        "/a2d/657/0307-01"
      ]
    },
    {
      "cite": "663 A.2d 1245",
      "category": "reporters:state_regional",
      "reporter": "A.2d",
      "case_ids": [
        7882496
      ],
      "opinion_index": 0,
      "case_paths": [
        "/a2d/663/1245-01"
      ]
    },
    {
      "cite": "558 A.2d 579",
      "category": "reporters:state_regional",
      "reporter": "A.2d",
      "case_ids": [
        1387310
      ],
      "weight": 3,
      "year": 1989,
      "pin_cites": [
        {
          "page": "581, n. 4",
          "parenthetical": "citation omitted"
        },
        {
          "page": "581",
          "parenthetical": "agency denial more likely to be upheld where numerous continuances had already been sought"
        }
      ],
      "opinion_index": 0,
      "case_paths": [
        "/pa-commw/125/0565-01"
      ]
    },
    {
      "cite": "375 A.2d 1060",
      "category": "reporters:state_regional",
      "reporter": "A.2d",
      "case_ids": [
        8011925
      ],
      "weight": 2,
      "pin_cites": [
        {
          "page": "1064"
        },
        {
          "page": "1063"
        }
      ],
      "opinion_index": 0,
      "case_paths": [
        "/a2d/375/1060-01"
      ]
    },
    {
      "cite": "736 A.2d 1012",
      "category": "reporters:state_regional",
      "reporter": "A.2d",
      "case_ids": [
        11578810
      ],
      "pin_cites": [
        {
          "page": "1018"
        }
      ],
      "opinion_index": 0,
      "case_paths": [
        "/a2d/736/1012-01"
      ]
    },
    {
      "cite": "94 A.2d 61",
      "category": "reporters:state_regional",
      "reporter": "A.2d",
      "weight": 2,
      "year": 1953,
      "pin_cites": [
        {
          "page": "62"
        }
      ],
      "opinion_index": 0
    },
    {
      "cite": "172 Pa.Super. 448",
      "category": "reporters:state",
      "reporter": "Pa. Super.",
      "case_ids": [
        477220
      ],
      "year": 1953,
      "opinion_index": 0,
      "case_paths": [
        "/pa-super/172/0448-01"
      ]
    },
    {
      "cite": "813 F.2d 1248",
      "category": "reporters:federal",
      "reporter": "F.2d",
      "case_ids": [
        1689673,
        4330491
      ],
      "weight": 2,
      "year": 1987,
      "pin_cites": [
        {
          "page": "1252"
        },
        {
          "page": "1253"
        }
      ],
      "opinion_index": 0,
      "case_paths": [
        "/f2d/813/1248-01",
        "/us-app-dc/259/0127-01"
      ]
    },
    {
      "cite": "259 U.S.App. D.C. 127",
      "category": "reporters:state",
      "reporter": "U.S. App. D.C.",
      "case_ids": [
        4330491
      ],
      "weight": 2,
      "year": 1987,
      "pin_cites": [
        {
          "page": "131"
        },
        {
          "page": "132"
        }
      ],
      "opinion_index": 0,
      "case_paths": [
        "/us-app-dc/259/0127-01"
      ]
    },
    {
      "cite": "718 A.2d 119",
      "category": "reporters:state_regional",
      "reporter": "A.2d",
      "case_ids": [
        11682510
      ],
      "pin_cites": [
        {
          "page": "125"
        }
      ],
      "opinion_index": 0,
      "case_paths": [
        "/a2d/718/0119-01"
      ]
    },
    {
      "cite": "679 A.2d 1039",
      "category": "reporters:state_regional",
      "reporter": "A.2d",
      "case_ids": [
        11334092
      ],
      "weight": 8,
      "pin_cites": [
        {
          "page": "1043-44"
        },
        {
          "page": "1043",
          "parenthetical": "citations omitted"
        },
        {
          "page": "1043"
        },
        {
          "parenthetical": "citation and internal quotation marks omitted"
        },
        {
          "page": "1043"
        },
        {
          "page": "1044",
          "parenthetical": "an agency's \"entry of a default judgment is an extreme sanction, and it should be imposed only upon a showing of severe circumstances.\""
        }
      ],
      "opinion_index": 0,
      "case_paths": [
        "/a2d/679/1039-01"
      ]
    },
    {
      "cite": "736 A.2d 1032",
      "category": "reporters:state_regional",
      "reporter": "A.2d",
      "case_ids": [
        11578940
      ],
      "pin_cites": [
        {
          "page": "1037"
        }
      ],
      "opinion_index": 0,
      "case_paths": [
        "/a2d/736/1032-01"
      ]
    }
  ],
  "analysis": {
    "cardinality": 839,
    "char_count": 15075,
    "ocr_confidence": 0.692,
    "pagerank": {
      "raw": 1.7099806889923343e-07,
      "percentile": 0.7022602476051693
    },
    "sha256": "b664b699415782f6a7f13d52e0f43a2f8f9e9d1eb916c6186e9defd6db85019b",
    "simhash": "1:266452311209817c",
    "word_count": 2413
  },
  "last_updated": "2024-02-27T16:12:26.817021+00:00",
  "provenance": {
    "date_added": "2019-08-29",
    "source": "Harvard",
    "batch": "2018"
  },
  "casebody": {
    "judges": [
      "Before TERRY, STEADMAN and FARRELL, Associate Judges."
    ],
    "parties": [
      "Jacqueline M. KING, Petitioner, v. DISTRICT OF COLUMBIA WATER AND SEWER AUTHORITY, Respondent."
    ],
    "opinions": [
      {
        "text": "STEADMAN, Associate Judge.\nThe District of Columbia Water and Sewer Authority (\u201cWASA\u201d) dismissed with prejudice petitioner\u2019s protest of four water bills after petitioner failed to appear at a hearing. Petitioner urges us to reverse WASA\u2019s order on the grounds that dismissal is improper for a single act of nonappearance, when inclement weather impeded her appearance and petitioner attempted to reschedule in a reasonably timely fashion. We reverse WASA\u2019s dismissal and remand the case for further proceedings.\nI.\nOn February 27, 1999, petitioner challenged her February 17, 1999 water bill. In response, a WASA representative performed an inspection at her property on April 28, 1999, that uncovered a leaky toilet. Given the leak, WASA concluded the challenged charge was valid and payable. Petitioner then sought administrative review of this decision, which resulted in a hearing before a Hearing Officer on September 22, 1999. Petitioner and a WASA representative agreed at the hearing to a settlement in which charges for three of the four water bills in question would be reduced. However, before the settlement would take effect, petitioner was required to submit a plumber\u2019s report on the leaking toilet to WASA by October 13, 1999.\nAs of December 1, 1999, petitioner had failed to submit this report, so the Hearing Officer proceeded to decide the case on the merits. A hearing was scheduled for February 18, 2000 at 9:00 a.m., which petitioner failed to attend. In a phohe call that same morning and in a letter sent the day after, petitioner requested a continuance, explaining that she had not attended because of inclement weather. She noted that the District of Columbia had closed its public schools on February 18 and had instituted a liberal leave policy for government employees because of \u201csnow, sleet and freezing rain.\u201d She said that she was \u201cdeathly afraid of falling on the ice\u201d if she had tried to attend and that she already had a knee injury that forced her to walk with a cane. She claimed that she had attempted to contact WASA between 8:30 and 9:30 a.m. on February 18 so she could reschedule and that when she finally got through around 9:30 a.m., she was rebuffed.\nThe Hearing Officer in a February 24, 2000 order denied petitioner\u2019s request for a continuance and dismissed with prejudice her protest of the four water bills. He noted that the District government had not been shut down on February 18 and that all the other interested persons had managed to attend the hearing. In contrast to petitioner\u2019s allegation, he found that petitioner did not contact WASA before 9:50 a.m. on February 18. The Hearing Officer concluded that requesting a continuance 50 minutes after a hearing\u2019s start time was inexcusable when petitioner should have known the night before of the inclement weather predicted for the date of the hearing.\nII.\nPetitioner contends that the Hearing Officer\u2019s intertwined decisions to deny her request for a continuance and to dismiss with prejudice her claims were an abuse of discretion. \u201cUnder our \u2018limited\u2019 review of agency decisions, we must affirm unless we conclude that the agency\u2019s ruling was arbitrary, capricious, an abuse of discretion, or otherwise not in accordance with law.\u201d Olson v. District of Columbia Dep\u2019t of Empl. Servs., 736 A.2d 1032, 1037 (D.C.1999) (citations omitted); see D.C.Code \u00a7 2-510(a)(3) (2001). In reviewing an administrative denial of a motion for continuance or a dismissal with prejudice, we are guided by precedents from both agency and trial court settings. See Murphy v. A.A. Beiro Constr. Co., 679 A.2d 1039, 1043-44 (D.C.1996) (per curiam).\n\u201cA request for a continuance is addressed to the sound discretion of an agency ... and will be set aside only for an abuse of discretion.\u201d Id. at 1043 (citations omitted); see also Metropolitan Baptist Church v. District of Columbia Dep\u2019t of Consumer and Regulatory Affairs\u2014Historic Preservation Review Bd., 718 A.2d 119, 125 (D.C.1998); Fitzhugh v. DEA, 259 U.S.App. D.C. 127, 131, 813 F.2d 1248, 1252 (1987). \u201cFactors relevant to determining whether the trial court or agency abused its discretion [in denying the request] include the reasons for the request for continuance, the prejudice that would result from its denial, the partiesf\u2019] diligence in seeking relief, any lack of good faith, and any prejudice to the opposing party.\u201d Murphy, supra, 679 A.2d at 1043. \u201cThe denial of a continuance will be reversed when a continuance is needed to avoid material hardship and injustice.\u201d Id. (citation and internal quotation marks omitted); see also 73A C.J.S. Public Administrative Law and Procedure \u00a7 137 (1983) (\u201c[T]he refusal by an administrative agency to grant a continuance of a hearing clearly required by the ends of justice is an abuse of discretion.\u201d).\nApplication of the Murphy factors to the present circumstances leads us to the conclusion that the Hearing Officer abused his discretion. First, petitioner asserted that the inclement weather combined with her fragile health prevented her from attending the hearing. Weather severe enough to close District schools, even if it does not shut down the government, surely can be viewed as a plausible reason for one in petitioner\u2019s condition not to appear. Also, a request for a continuance when \u201cattendance at [a] hearing would involve a serious risk to ... health\u201d should not be denied. State Bd. of Medical Education & Licensure v. Williams, 172 Pa.Super. 448, 94 A.2d 61, 62 (1953). Significantly, the Hearing Officer did not contest in any way petitioner\u2019s assertions regarding the weather, the school closure, the liberal leave policy, or her health.\nFurthermore, petitioner\u2019s justification is clearly superior to excuses we have previously rejected for not demonstrating good cause for a party\u2019s nonappearance at an administrative hearing, e.g., a party\u2019s mistaken belief as to the date of the hearing, Gardner v. District of Columbia Dep\u2019t of Empl. Servs., 736 A.2d 1012, 1018 (D.C.1999), or a party\u2019s counsel being out of town on the hearing date for unknown reasons, Ammerman v. District of Columbia Rental Accommodations Comm\u2019n, 375 A.2d 1060, 1064 (D.C.1977). Petitioner\u2019s situation is more analogous to that of the District of Columbia in Murphy, supra. In that case, the District\u2019s lead counsel in a complicated case resigned without prior notice just three days before an agency trial, yet the Contract Appeals Board denied the District\u2019s motion for continuance. In reversing the Board\u2019s denial, we stated that \u201cthe District had [offered] a most compelling reason\u201d for a continuance. 679 A.2d at 1043. Petitioner too has given what appears to be a \u201ccompelling reason\u201d for her failure to appear, and like the District in Murphy, the reason itself was beyond her control.\nNext, it is apparent that petitioner was prejudiced by the Hearing Officer\u2019s decision. \u201cThe purpose of hearings held under this section is to provide an owner or occupant an opportunity to appeal the decision of the General Manager pertaining to ... the validity of any water, sewer, or groundwater sewer service charge.... \u201d 21 DCMR \u00a7 410.1(a) (emphasis added). Because of the Hearing Officer\u2019s action, petitioner completely lost the opportunity afforded her by WASA regulations to contest four of her water bills. As for prejudice to the opposing party, the Hearing Officer viewed it as consisting of \u201call of those persons[, i.e., WASA\u2019s representative, WASA\u2019s inspector and the Hearing Officer himself] ... present for the hearing [who] were kept ... waiting doing nothing for approximately 50 minutes.\u201d While we have no wish to minimize this consideration, we cannot say such prejudice justified denial of a motion for continuance in the circumstances here.\nUnderstandably, the Hearing Officer was particularly concerned by the fact that petitioner had failed to ask for a continuance prior to the scheduled time for the hearing, as technically required by the agency\u2019s regulations. \u201cThere is no doubt that continuances can upset an agency\u2019s attempts to control its workload and to dispose of the cases before it expeditiously,\u201d Ammerman, supra, 375 A.2d at 1063, and that \u201c[l]ast minute requests for a continuance are generally viewed with disfavor.\u201d Liebel v. Unemployment Compensation Bd. of Review, 125 Pa.Cmwlth. 565, 558 A.2d 579, 581, n. 4 (1989) (citation omitted). Furthermore, petitioner\u2019s failure to appear at her hearing is akin to a plaintiffs nonappearance at trial, which we have characterized as \u201cone of the most serious lapses a plaintiff can commit.\u201d Van Man v. District of Columbia, 663 A.2d 1245 (D.C.1995).\nBut we are not faced here with a situation of a classic no-show. On the contrary, within less than an hour of the appointed time, petitioner sought relief, with a plausible explanation. The Hearing Officer appeared to rely on his view that \u201c[w]eather advisories were given the day before the scheduled hearing,\u201d so petitioner \u201cshould have well known before 9:50 a.m. on the day of the scheduled hearing whether she would be able to attend the hearing or whether she would prefer to have it postponed.\u201d We think this puts excessive weight on both knowledge of and the accuracy of overnight weather predictions. Cf. Croce v. Hall, 657 A.2d 307, 311 (D.C.1995) (landlord not required to monitor weather reports for \u201cpotentially dangerous weather conditions\u201d). We additionally note that, so far as the record indicates, petitioner\u2019s motion was her first and only request for a continuance. Cf. Fitzhugh, supra, 259 U.S.App. D.C. at 132, 813 F.2d at 1253; Liebel, supra, 558 A.2d at 581 (agency denial more likely to be upheld where numerous continuances had already been sought).\nHere, not only was the continuance denied but the protest dismissed with prejudice. As we have previously noted, \u201c[d]is-missal [of an administrative claim] is a drastic remedy....\u201d Mullin v. District of Columbia Rental Hous. Comm\u2019n, 747 A.2d 135, 138 (D.C.2000); see also Murphy, supra, 679 A.2d at 1044 (an agency\u2019s \u201centry of a default judgment is an extreme sanction, and it should be imposed only upon a showing of severe circumstances.\u201d). Our case law relating to trial judges likewise counsels \u201c[t]he trial court ... [to] be especially cautious where it chooses to impose the very severe sanction of dismissal^ which] ... should be imposed \u2018sparingly.\u2019 \u201d Redman v. Kelty, 795 A.2d 684, 687 (D.C.2002) (citations omitted). We must conclude that the Hearing Officer\u2019s rulings under review here cannot be sustained. Accordingly, the agency\u2019s decision is reversed and the case is remanded for a hearing on the merits.\nReversed and remanded.\n. WASA regulations provide that after WASA has investigated a contested water bill and rendered a decision, the owner or occupant may appeal this decision by filing a petition for an administrative hearing. 21 DCMR \u00a7 409.2. The owner or occupant may appear at the hearing with counsel, may present evidence, and may conduct cross-examination if needed. 21 DCMR \u00a7 410.3. The Hearing Officer will then issue a final decision regarding the contested bill. 21 DCMR \u00a7 422. No further administrative review appears to be possible.\n. Besides the February 17 bill, the hearing also addressed petitioner's challenge to water bills from November 17, 1998, May 17, 1999, and August 11, 1999.\n. \u201c[A WASA] hearing officer may agree to reschedule [a] hearing upon the written request of one of the parties for good cause shown or upon the consent of all parties.\u201d 21 DCMR \u00a7 415.2 (2002). While petitioner\u2019s February 18 phone call did not comply with \u00a7 415.2's requirement that a request for a continuance be in writing, her February 19 letter did.\n. 21 DCMR \u00a7 415.3 provides that \"[t]he failure to appear at [a] scheduled hearing or to request, in advance, that the scheduled hearing be postponed, may result in a default judgment.\u201d (emphasis added).\n. Petitioner also raises other arguments in her appeal, which we summarily reject. We find no merit in her challenges involving the settlement agreement. Petitioner first contends that the Hearing Officer improperly imposed the plumber's report as a requirement. However, the record contains evidence that petitioner agreed to this requirement and promised to submit the report before the deadline. Significantly, petitioner has not alleged that imposition of the report was the result of fraud, duress or mistake. Cf. Fields v. McPherson, 756 A.2d 420, 424 (D.C.2000). Petitioner next argues that the Hearing Officer improperly set aside the settlement. Given petitioner\u2019s failure to timely produce a document needed for the settlement to take effect, we find the Hearing Officer's action to be appropriate in the circumstances of this case.\nFinally, petitioner contends that consumer complaints against WASA should be regulated by the Public Service Commission. Given petitioner\u2019s failure to raise this argument previously before the agency, we decline to address it. See Jewell v. District of Columbia Police & Firefighters Retirement & Relief Bd., 738 A.2d 1228, 1231 (D.C.1999).\n. \"While it is perhaps superfluous, we nevertheless note that abuse of discretion is a phrase which sounds worse than it really is.... The term does not imply ... any reflection on the judge.\u201d King v. United States, 550 A.2d 348, 353 n. 3 (D.C.1988) (citation and internal quotation marks omitted) (alteration in original).\n. We quote from the regulation in effect at the time of this proceeding. This guideline was subsequently amended. See 48 D.C.Reg. 1743, 1753 (2001).\n.WASA regulations do not appear to provide any mechanism for challenging an entry of default for failure to appear, unlike those of other agencies. See 14 DCMR \u00a7 4013.1(a) (Rental Accommodations and Conversion Division Hearings); 7 DCMR \u00a7 307.4 (Unemployment Compensation Hearings); see also Super. Ct. Civ. R. 41(b) (party whose claim is dismissed by the court sua sponte may challenge decision within 14 days). Thus, petitioner lacked any means through the agency's procedures to remedy the prejudice she had suffered.\n. See note 4, supra.\n. The Hearing Officer also faulted petitioner for not at least attempting to call in earlier in the morning. There was a factual dispute in that regard. But in any event, it would appear that a call an hour or two earlier would only marginally have reduced the prejudice to the agency. Conceived of as the functional equivalent of a dismissal with prejudice for failure to prosecute, see our admonitions to trial judges for caution even in that regard. See, e.g., Smith v. Fairfax Vill. Condo., 775 A.2d 1085, 1094 (D.C.2001).",
        "type": "majority",
        "author": "STEADMAN, Associate Judge."
      }
    ],
    "attorneys": [
      "Jacqueline M. King filed a brief pro se.",
      "Robert R. Rigsby, Corporation Counsel, Charles L. Reischel, Deputy Corporation Counsel, and James C. McKay, Jr., Senior Assistant Corporation Counsel, were on the brief for respondent."
    ],
    "corrections": "",
    "head_matter": "Jacqueline M. KING, Petitioner, v. DISTRICT OF COLUMBIA WATER AND SEWER AUTHORITY, Respondent.\nNo. 00-AA-349.\nDistrict of Columbia Court of Appeals.\nSubmitted March 21, 2002.\nDecided July 25, 2002.\nJacqueline M. King filed a brief pro se.\nRobert R. Rigsby, Corporation Counsel, Charles L. Reischel, Deputy Corporation Counsel, and James C. McKay, Jr., Senior Assistant Corporation Counsel, were on the brief for respondent.\nBefore TERRY, STEADMAN and FARRELL, Associate Judges."
  },
  "file_name": "0966-01",
  "first_page_order": 1020,
  "last_page_order": 1024
}
