{
  "id": 9080697,
  "name": "Jamie L. SHERWIN, Petitioner v. WORKERS' COMPENSATION APPEAL BOARD (BRADFORD DIMENSION PRODUCTS and Alexsis/RSK Co.), Respondent",
  "name_abbreviation": "Sherwin v. Workers' Compensation Appeal Board",
  "decision_date": "2003-10-22",
  "docket_number": "",
  "first_page": "523",
  "last_page": "523",
  "citations": [
    {
      "type": "official",
      "cite": "834 A.2d 523"
    }
  ],
  "court": {
    "name_abbreviation": "Pa.",
    "id": 8832,
    "name": "Supreme Court of Pennsylvania"
  },
  "jurisdiction": {
    "id": 6,
    "name_long": "Pennsylvania",
    "name": "Pa."
  },
  "cites_to": [
    {
      "cite": "828 A.2d 1043",
      "category": "reporters:state_regional",
      "reporter": "A.2d",
      "case_ids": [
        588045,
        9107997
      ],
      "opinion_index": 0,
      "case_paths": [
        "/pa/574/0061-01",
        "/a2d/828/1043-01"
      ]
    }
  ],
  "analysis": {
    "cardinality": 57,
    "char_count": 562,
    "ocr_confidence": 0.682,
    "sha256": "6706d29b11d3c3edbf13df1af7084d4ace3a0c5b8892a0f9a3ed5b5f4fc09c28",
    "simhash": "1:35296a0e10099efb",
    "word_count": 84
  },
  "last_updated": "2024-02-27T17:58:46.058823+00:00",
  "provenance": {
    "date_added": "2019-08-29",
    "source": "Harvard",
    "batch": "2018"
  },
  "casebody": {
    "judges": [],
    "parties": [
      "Jamie L. SHERWIN, Petitioner v. WORKERS\u2019 COMPENSATION APPEAL BOARD (BRADFORD DIMENSION PRODUCTS and Alexsis/RSK Co.), Respondent."
    ],
    "opinions": [
      {
        "text": "ORDER\nPER CURIAM.\nAND NOW, this 22nd day of October 2003, the Petition for Allowance of Appeal is GRANTED. The decision of the Commonwealth Court is VACATED and this matter is REMANDED to the Workers\u2019 Compensation Judge for issuance of an amended decision pursuant to this Court\u2019s decision in Daniels v. Workers\u2019 Compensation Appeal Board (Tristate Transport), 828 A.2d 1043 (Pa.2003).",
        "type": "majority",
        "author": "PER CURIAM."
      }
    ],
    "attorneys": [],
    "corrections": "",
    "head_matter": "Jamie L. SHERWIN, Petitioner v. WORKERS\u2019 COMPENSATION APPEAL BOARD (BRADFORD DIMENSION PRODUCTS and Alexsis/RSK Co.), Respondent.\nSupreme Court of Pennsylvania.\nOct. 22, 2003."
  },
  "file_name": "0523-01",
  "first_page_order": 567,
  "last_page_order": 567
}
