{
  "id": 6079026,
  "name": "In re Dreyfus",
  "name_abbreviation": "In re Dreyfus",
  "decision_date": "1934-12-24",
  "docket_number": "No. 3361",
  "first_page": "830",
  "last_page": "834",
  "citations": [
    {
      "type": "official",
      "cite": "22 C.C.P.A. 830"
    },
    {
      "type": "parallel",
      "cite": "73 F.2d 931"
    }
  ],
  "court": {
    "name_abbreviation": "C.C.P.A.",
    "id": 8989,
    "name": "United States Court of Customs and Patent Appeals"
  },
  "jurisdiction": {
    "id": 39,
    "name_long": "United States",
    "name": "U.S."
  },
  "cites_to": [
    {
      "cite": "53 F. (2d) 525",
      "category": "reporters:federal",
      "reporter": "F.2d",
      "case_ids": [
        1814317,
        6078574
      ],
      "opinion_index": 0,
      "case_paths": [
        "/f2d/53/0525-01",
        "/ccpa/19-2/0756-01"
      ]
    },
    {
      "cite": "56 F. (2d) 674",
      "category": "reporters:federal",
      "reporter": "F.2d",
      "case_ids": [
        6081671,
        1802943
      ],
      "opinion_index": 0,
      "case_paths": [
        "/ccpa/19-2/1044-01",
        "/f2d/56/0674-01"
      ]
    },
    {
      "cite": "67 F. (2d) 920",
      "category": "reporters:federal",
      "reporter": "F.2d",
      "case_ids": [
        284499,
        6078556
      ],
      "opinion_index": 0,
      "case_paths": [
        "/f2d/67/0920-01",
        "/ccpa/21-2/0792-01"
      ]
    }
  ],
  "analysis": {
    "cardinality": 624,
    "char_count": 13842,
    "ocr_confidence": 0.431,
    "sha256": "f16e9a013ce567b261c5bf91177c62e1f7c769f742fd8bc514666d308978ca4b",
    "simhash": "1:300ee2b836b1e2d7",
    "word_count": 2334
  },
  "last_updated": "2024-02-27T17:16:47.738534+00:00",
  "provenance": {
    "date_added": "2019-08-29",
    "source": "Harvard",
    "batch": "2018"
  },
  "casebody": {
    "judges": [
      "Before Graham, Presiding Judge, and Bland, Hattteld, Garrett, and Lbnkoot, Associate Judges"
    ],
    "parties": [
      "In re Dreyfus"
    ],
    "opinions": [
      {
        "text": "Lenroot, Judge,\ndelivered the opinion of the court:\nThis is an appeal from a decision of the Board of Appeals of the United States Patent Office, affirming a decision of the examiner and rejecting, in view of the prior art, claims 1 to 34, inclusive, of appellant\u2019s application. It appears that two claims of the application have been allowed. Appellant has moved to dismiss the appeal as to claims 4, 6, 8, 11, 12, 13, 16, 18, 19, 20, 21, 22, 23, 24, 29, 30, 31, 32, 33 and 34, and it will be so ordered. The remaining claims before us are 1, 2, 3, 5, 7, 9, 10, 14, 15, 17, 25, 26, 27 and 28.\nClaim 1 is illustrative of the claims here involved and reads as follows:\n1. Process for the manufacture of alkyl ethers of cellulose which in no stage of etherification are soluble in hot or cold water nor have the property of being precipitated from alcoholic solution by alcoholic solutions of alkali, said process comprising treating a cellulosic body not soluble in alkali, with an aliphatic etherifying agent in presence of alkali, whilst restricting the water present, disregarding that formed in the etherification itself, to an amount not greater than from about the natural humidity content of the cellulosic body up to about four times the weight of the cellulosic body, the total alkali used in the etherification process being at lease equal in weight to said restricted quantity of water, disregarding water formed in the etherification.\nThere is but one reference cited, Lilienfeld, 1,188,376, June 20, 1916.\nAppellant\u2019s alleged invention is aptly described in the statement of the examiner as follows:\nThe present invention relates to the manufacture of cellulose ethers, and more particularly to the manufacture of alkyl ethers of cellulose not soluble in hot or cold water.\nThe process comprises the usual steps of first treating the cellulose, in the form of cotton for instance, with a solution of caustic soda, and after said caustic soda solution has been thoroughly incorporated into the cellulose, the; etherification agent, di-methyl or di-ethyl sulfate in this case, with or without additional caustic soda is reacted with the caustic soda-cellulose product first formed. A practically theoretical, quantitative yield of the corresponding ether is claimed for the process.\nThe alleged inventive features of the process reside in the proportions of reactants employed, especial emphasis being placed on the water content which may range from a quantity corresponding to the natural humidity content of the cellulose used, to 400% relative to the weight of the cellulose, which is taken as 100%, i. e., a range of from about 8 to 400% of H2O per 100% of cellulose. The quantity of caustic soda used varies from 1 to 19 times the weight of water, corresponding to a 50-95% caustic soda solution'.\nThe use of inert solvents is suggested as a reaction media, and the process is carried out at- a temperature not exceeding 80\u00b0 O.\nThe patent to Lilienfeld relates to alkyl ethers of cellulose and! process of making the same. The provisions of said patent material! here are briefly and, we think, correctly summarized in the brief of the Solicitor for the Patent Office, as follows:\n* * * The essential steps consist in the treatment of a cellulosic material with an aqueous solution of caustic soda and subsequent reacting the resulting product with an etherifying agent such as diethyl sulfate to form the corresponding ether of cellulose. A wide variety of cellulosic materials are disclosed as suitable starting materials, and a caustic solution ranging from 10 to over 40% is used. Lilienfeld also teaches the desirability of using an organic solvent as a reaction media * * * and indicates that the reaction should be carried out at moderate temperatures. The ethers obtained are described as varying from soluble to insoluble forms, depending of course upon the relative proportions of ingredients employed.\nThe claims were found by both tribunals of the Patent Office to-be unpatentable in view of the Lilienfeld reference.\nAppellant\u2019s counsel in his brief and upon oral argument asserted\u2019 that all of the claims here involved were at one time allowed by the' examiner, and that he reversed himself only after a decision of the-Board of Appeals in a certain interference proceeding involving-appellant\u2019s present application, holding certain claims not here involved unpatentable, the examiner being of the opinion that the reasons given by the Board of Appeals for holding the claims involved in said interference unpatentable were applicable to- the-claims involved in this appeal.\nAn examination of the record discloses that the examiner,-, om February 9, 1922, held that claims 1, 2, 3, 5, 7, and 9, of the claims-here being considered, were allowable. On July 23, 193\u00cd, the; examiner rejected all of the claims here upon appeal, and in his letter of rejection he stated, referring to the decision of the B'oard' of Appeals in the interference proceeding hereinabove referred to, as follows:\nThe Board of Appeals in holding claims 84 1\u00bb 87 (which were the issues of Interference No. 51209) to be unpatentable stated:\n\u201c In the present, case, as we see it, the specifications of the parties do not clearly point out what is the invention over the prior art; they refer to a lot of percentages of the ingredients which are within the prior artgive a lot of examples with widely varying percentages with no statement as to whether one is better than another or whether any of them give a different result from the prior art. The claims will read on some of the examples and not on others but there is nothing in the specification to indicate that there is any material ^difference in results obtained.\u201d * * *\n\u25a0\u201cIn our opinion the specific limitations of the claims do not define anything 'of an inventive character as required by Section 4888, Revised Statutes,, and are therefore unpatentable.\u201d\nThis ground of rejection is considered to apply to claims 1 to 34 inclusive as -well, and they are accordingly rejected as being devoid of invention over the prior art such as Lilienfeld 1,188,376.\nOn July 21, 1932, this rejection was made final in the following letter:\nResponsive to letter filed July 8, 1932.\nClaims 1 to 34 were-rejected in the office action of July 23, 1931, as being-unpatentable over Lilienfeld, #1,188,376, and on the grounds advanced by the Board of Appeals in holding claims 84 to 87 unpatentable. Claims 1 to 34 were again, and finally, rejected in the office action of February 10, 1932, not 'on different grounds, but upon the original grounds amplified for the sake of clarity and in view of applicant\u2019s response to the office action of July 23, 1931. There has been no variance, therefore, and the final rejection is proper and not contrary to the office rules in that regard.\nThe fact that this application has been pending before the office for twelve years further justifies the examiner\u2019s position.\nClaims 1 to 34 accordingly stand finally rejected under the office action of February 10, 1932, and the six months run from that date.\nAs hereinbefore indicated, the Board of Appeals affirmed this decision of the examiner. The board concluded its decision with the following statement:\nSumming up, we find that the process of the Lilienfeld patent is in general the same as that of the application. Lilienfeld states that the properties of .the alkyl ethers formed by the process'vary greatly according to the number :and nature of the alkyl radicals linked ether-fashion with the cellulose molecule iand that such number of introduced alkyl radicals depends upon the quantity <of .the inorganic alkyl esters employed and on the conditions of working (temperature, nature and quantity of the basic substances, i. e., the alkali, concentration of the reaction mixtures, i. e., quantity of water). He describes the alkyl ethers resulting from the process as insoluble in hot or cold water and tlie starting material as insoluble in alkali. While he does not disclose the exact proportions of the ingredients specified by appellant in his claims, yet both the patentee and the applicant state that their invention is not limited \u00a1to the specific.examples given, which are only illustrative and in our opinion 'ihei rejected claims cover only proportions which are not critical and which might be found by trial by any skilled chemist in carrying out the instructions of the patent and there is no showing that the applicant obtains any results which are not disclosed in the patent.\nWe find nothing patentable in the rejected claims and the decision of the Examiner is affirmed.\nIn the brief of appellant\u2019s counsel it is stated that appellant\u2019s process \u201c is differentiated from Lilienfeld by the two conditions taken together that the water may not exceed 4 times the weight of the cellulose and that the alkali must be at least equal to the water.\u201d It is appellant\u2019s contention that by his process cellulose ethers are produced which are insoluble in water 5 that his starting material is insoluble in alkali or water, and that at no stage of his process are the products soluble in alkali or water. He further contends that Lilienfeld does not show this or teach how appellant\u2019s process may be accomplished.\nIt appears that Lilienfeld gives 12 examples illustrating his process. It is conceded that in his 11th example he shows a use of water in appellant\u2019s range of proportions of water to cellulose, but it is also clear that in this example the total alkali used in the etherification process is less than the weight of the water. It should be observed that appellant\u2019s claims call for a water content ranging from the natural humidity of the cellulose body up to about 4 times the weight of the cellulose body, the alkali used to be at least equal in weight to the quantity of water.\nWhile the resulting product shown in Lilienfeld\u2019s 11th example is, according to his specification, soluble in cold water but insoluble in hot water, both the examiner and the board held that Lilien-feld\u2019s 7th example discloses the preparation of an ether which is apparently insoluble in water in all stages, and certainly insoluble, in water in its final stage. This holding appears to us to be corrects\nIt appears also that the highest quantity of alkali disclosed by Lilienfeld is about .7 of one part of alkali to one part of water.\nIt being clear that Lilienfeld has disclosed a proportion of water within the range of water disclosed by appellant, patentability of appellant\u2019s claims may not be predicated alone upon the proportions of water claimed by him. The question remains whether there was invention in increasing the number of parts of alkali per one part of water from about .7 of a part of alkali to one part of water to at least one part of alkali to one part of water, in combination with the water content claimed by appellant. This is a very technical question, and before we would be warranted in reversing the decision of the Board of Appeals we think it should appear from the record that the increased proportion of alkali disclosed by appellant over that disclosed by Lilienfeld produces a result different in kind from the result produced by the process disclosed by Lilienfeld, and not merely different in degree. We find .\u25a0nothing in appellant\u2019s specification or elsewhere in the record to indicate that the proportions of water and alkali used by him are \u2022critical, but on the contrary we do find recitals in his specification which indicate to us that the proportions disclosed by him are not critical. Among these recitals are the following: \u25a0\nAs illustrating the importance of the concentrated application of the alkali and not employing more water than would correspond at the lowest to a 50% solution of the alkali in the sense above indicated, it may be explained that in proportion as one goes below 50% the yields of the finished soluble product \u25a0of good quality decrease, whilst in proportion as one goes above this lower ilimit so the yields increase with the same quantity of alkali and diethyl \u25a0sulphate.\nIf the quantity of water is increased so that the alkali is added in a solution of less than 50% the yields of the finished product for the same quantity of raw material used decrease accordingly and the process becomes uneconomical. * * *\nWhile appellant\u2019s counsel contends that the foregoing quotations show that appellant\u2019s proportions claimed are critical, it seems to us fihat they indicate that the results secured by the use of such proportions do not differ in kind from the results secured by the use of the proportions shown by Lilienfeld, but only in degree.\nIt is the general rule that while the change in the proportions of a- combination shown to be old, such as is here involved, may be inventive, such change must be critical, as compared with the proportions used in prior processes, producing a difference in kind rather than degree. In re Lilienfeld, 21 C. C. P. A. (Patents) 792, 67 F. (2d) 920; In re Wells, 19 C. C. P. A. (Patents) 1044, 56 F. (2d) 674; In re Richter, 19 C. C. P..A. (Patents) 756, 53 F. (2d) 525.\nWe are not satisfied that the Board of Appeals erred in holding the claims here involved to be unpatentable over the reference Lilien-feld, and its decision, as to claims 1, 2, 3, 5, 7, 9, 10, 14, 15, 17, 25, 26, 27 and 28, is affirmed; the appeal as to the remaining claims is, for the reason hereinbefore set forth, dismissed.",
        "type": "majority",
        "author": "Lenroot, Judge,"
      }
    ],
    "attorneys": [
      "I. Seltzer and O. W. Levinson for appellant.",
      "T. A. Hostetler (Hoicard S. Miller of counsel) for the Commissioner of Patents."
    ],
    "corrections": "",
    "head_matter": "73 F. (2d) 931\nIn re Dreyfus\n(No. 3361)\nUnited States Court of Customs and Patent Appeals,\nDecember 24, 1934\nI. Seltzer and O. W. Levinson for appellant.\nT. A. Hostetler (Hoicard S. Miller of counsel) for the Commissioner of Patents.\n[Oral argument November 21, 1934, by Mr. Levinson and Mr. Miller]\nBefore Graham, Presiding Judge, and Bland, Hattteld, Garrett, and Lbnkoot, Associate Judges"
  },
  "file_name": "0830-01",
  "first_page_order": 148,
  "last_page_order": 152
}
