{
  "id": 6080528,
  "name": "In re Continental Oil Co.",
  "name_abbreviation": "In re Continental Oil Co.",
  "decision_date": "1935-02-25",
  "docket_number": "No. 3424",
  "first_page": "993",
  "last_page": "996",
  "citations": [
    {
      "type": "official",
      "cite": "22 C.C.P.A. 993"
    },
    {
      "type": "parallel",
      "cite": "75 F.2d 217"
    }
  ],
  "court": {
    "name_abbreviation": "C.C.P.A.",
    "id": 8989,
    "name": "United States Court of Customs and Patent Appeals"
  },
  "jurisdiction": {
    "id": 39,
    "name_long": "United States",
    "name": "U.S."
  },
  "cites_to": [
    {
      "cite": "252 U. S. 538",
      "category": "reporters:federal",
      "reporter": "U.S.",
      "case_ids": [
        551448
      ],
      "opinion_index": 0,
      "case_paths": [
        "/us/252/0538-01"
      ]
    },
    {
      "cite": "39 F. (2d) 274",
      "category": "reporters:federal",
      "reporter": "F.2d",
      "case_ids": [
        1776729
      ],
      "opinion_index": 0,
      "case_paths": [
        "/f2d/39/0274-01"
      ]
    }
  ],
  "analysis": {
    "cardinality": 416,
    "char_count": 7915,
    "ocr_confidence": 0.444,
    "pagerank": {
      "raw": 4.03580807328026e-08,
      "percentile": 0.17331763357632046
    },
    "sha256": "2cb4353731751f469aeaeb44fa79779ad3635fa02cafa75b4e2dd4e0c95d3cab",
    "simhash": "1:0bedefa385a48f6e",
    "word_count": 1293
  },
  "last_updated": "2024-02-27T17:16:47.738534+00:00",
  "provenance": {
    "date_added": "2019-08-29",
    "source": "Harvard",
    "batch": "2018"
  },
  "casebody": {
    "judges": [
      "Before Graham, Presiding Judge, and Bland, I-Iatfield, Garrett, and Len-root, Associate Judges"
    ],
    "parties": [
      "In re Continental Oil Co."
    ],
    "opinions": [
      {
        "text": "Garrett, Judge,\ndelivered the opinion of the court:\nThis is an appeal from a decision of the Commissioner of Patents affirming the decision of the Examiner of Trade-marks denying registration of the words \u201c Germ Processed \u201d as a trade-mark for use on lubricating oils and greases.\nThe final decision of the Examiner of Trade-marks was based upon the single ground of estoppel; that of the Commissioner of Patents, which is the decision we are called upon to review, was based upon both estoppel and descriptiveness of the mark.\nThe reasons for appeal assign error as to both grounds.\nThe application, which is for registration under the Trade-mark Registration Act of February 20, 1905, was filed June 4, 1932.\nAppellant alleges adoption of the words as a trade-mark, and continuous use thereof \u201c since October 15, 1929.\u201d\nIt appears that on January 5, 1931, appellant filed an application, serial No. 309,606, for the registration of a\u2019 composite mark bearing a triangle and bar with the word \u201c CONOCO \u201d above the words GERM PROCESSED.\u201d\nNo part of the record in the application of January 5, 1931, is formally embraced in the record of the case here on appeal. Different decisions of the tribunals of the Patent Office in this case, however, recite a disclaimer in that case of the words \u201c Germ Processed,\u201d and the statement of the examiner accompanying the appeal to the commissioner discloses that the disclaimer was couched in the following language:\nNo claim is made lierein broadly to tbe words \u201c Germ Processed \u201d apart from the other features of the mails: illustrated, it being understood in this connection, however, that applicant does not waive any of its common law trade-mark rights in and to these words \u201c Germ Processed \u201d by themselves.\nThe brief for appellant volunteers the statement that in the former case the Examiner of Trade-marks considered the words \u201c Germ Processed \u201d descriptive. Hence, we assume that the disclaimer was there required as a condition precedent to the registration of the composite mark. The brief states that the specific disclaimer was made \u201c in order to try the question of descriptiveness separately and to obtain the registration of the triangle and bar.\u201d Since the registration there sought was granted, we further assume that the disclaimer was regarded by the examiner as being sufficient under the rules and practices of the Patent Office applicable in such cases.\nThe case held to be controlling by the tribunals of the Patent Office is that of Warner-Patterson Co. v. Charles Y. Malcomb, 17 C. C. P. A. (Patents) 984, 39 F. (2d) 274, decided by this court April 10, 1930.\nIn that case a predecessor (Malcomb & Malcomb) of the party Malcomb had, under a requirement of the Patent Office, disclaimed \u201c apart from the mark shown,\u201d the words \u201c Liquid Solder \u201d as a trade-mark for a radiator sealing compound. Subsequently, the Warner-Patterson Company filed an application for registration of the words, and while same was pending the party Malcomb also filed an application which contained the words.\nThe examiner having the latter application in charge, evidently being of the opinion that the words were not descriptive, declared an interference, and Malcomb having established prior adoption and use (through his predecessor) was awarded priority. Estoppel to register was pleaded against Malcomb by Warner-Patterson Company, because of the prior disclaimer of his predecessor. The commissioner held that he was not estopped, and this court reversed the commissioner\u2019s decision, expressly holding that Malcomb was es-topped from registration and exclusive use, without passing upon his right to use generally without registration.\nIt will be manifest to those who examine our opinion in that case that we regarded the decision of the Supreme Court of the United States in the case of Beckwith v. Commissioner of Patents, 252 U. S. 538, as determinative of the question.\nThe Beckwith case, supra, was a proceeding in which Beckwith sought registration of a composite mark which contained words held by the Commissioner of Patents to be descriptive, and in which the commissioner ruled that such words must be \u201c erased \u201d or \u201c removed \u201d from the mark, not merely disclaimed. Upon appeal to the Court of Appeals of the District of Columbia the decision of the commissioner was affirmed by that tribunal.\nCertiorari was granted by the Supreme Court and, upon consideration of the case, that tribunal, after reviewing the practice in the Patent Office over a period of years, concluded and held that Beck-with upon filing proper disclaimer as to the descriptive words was entitled to registration of the composite mark. In the course of its decision the Supreme Court, referring to the composite mark, said:\nIt seems obvious that no one could be deceived as to the scope of such a mark, and that the registrant would he precluded hy his disclaimer -from setting wp in the future any exclusive right to the disclaimed, part of it. * * * (Italics ours.)\nAt another point the Supreme Court said:\nThus the case comes to this: * * * ; and, very certainly, that a disclaimer on the part of applicant that no claim is made to the use of the words \u201c Moistair Heating System \u201d apart from the mark as shown in the drawing and as described, would: preserve to all others the right to use these words in the future to truthfully describe in a like property or result of another system, provided only that they be not used in a trade-mark which so nearly resembles that of the petitioner \u201c as to be likely to cause confusion or mistake in the mind of the public or to deceive purchasers \u201d when applied to \u201c merchandise of the same descriptive properties.\u201d [Italics ours.]\nIt will be noted that the appellant in the instant case, in the disclaimer, supra, upon which the registration there obtained was dependent so far as the Patent Office tribunals were concerned, first made disclaimer in conventional phraseology, but added thereto a declaration to the effect that it was waiving none of its common law trade-mark rights.\nBy reason of this added declaration appellant now insists that there was no waiver of its claim to the right of registration of the-words \u201c Germ Processed \u201d by themselves.\nWe do not so construe the declaration. It seems to us that the clause of the disclaimer, reading, \u201c it being understood in this connection, however, that applicant does not waive any of its common law trade-mark rights in and to these words \u00a3 Germ Processed \u2019 by themselves \u201d, was surplusage insofar as the question of registration was concerned, and that they may not properly be construed as the-reservation of a right to register them \u201c by themselves.\u201d\nTwo courses were open to appellant in the prior registration proceeding. First, it might have appealed and secured a judicial determination as to the descriptiveness of the words banned by the tribunals of the Patent Office, or it might have erased, or removed,, the words from its composite mark and applied for their registration in a separate application.\nNot having taken either of these courses, but having' chosen to retain the words as a part of the mark, with the recited disclaimer,, we think that, under the doctrine of the Beckwith case, supra, appellant is now precluded from setting up any exclusive right to\u2019 the disclaimed part of its registered mark.\nUnder our view upon the question of estoppel, there is no necessity to discuss the question of descriptiveness.\nThe decision of the Commissioner of Patents is affirmed\\",
        "type": "majority",
        "author": "Garrett, Judge,"
      }
    ],
    "attorneys": [
      "Thos. E. Scofield for appellant.",
      "T. A. Hostetler (Howard S. Miller of counsel) for the Commissioner of Patents."
    ],
    "corrections": "",
    "head_matter": "75 F. (2d) 217\nIn re Continental Oil Co.\n(No. 3424)\nUnited States Court of Customs and Patent Appeals,\nFebruary 25, 1935\nThos. E. Scofield for appellant.\nT. A. Hostetler (Howard S. Miller of counsel) for the Commissioner of Patents.\n[Oral argument January 18, 1935, by Mr. Scofield and Mr. Miller]\nBefore Graham, Presiding Judge, and Bland, I-Iatfield, Garrett, and Len-root, Associate Judges"
  },
  "file_name": "0993-01",
  "first_page_order": 311,
  "last_page_order": 314
}
