{
  "id": 11718055,
  "name": "In re JESSICA O.",
  "name_abbreviation": "In re Jessica O.",
  "decision_date": "1988-07-07",
  "docket_number": "",
  "first_page": "833",
  "last_page": "834",
  "citations": [
    {
      "type": "official",
      "cite": "543 A.2d 833"
    }
  ],
  "court": {
    "name_abbreviation": "Me.",
    "id": 9543,
    "name": "Maine Supreme Judicial Court"
  },
  "jurisdiction": {
    "id": 42,
    "name_long": "Maine",
    "name": "Me."
  },
  "cites_to": [
    {
      "cite": "532 A.2d 1031",
      "category": "reporters:state_regional",
      "reporter": "A.2d",
      "case_ids": [
        9056630
      ],
      "pin_cites": [
        {
          "page": "1034"
        }
      ],
      "opinion_index": 0,
      "case_paths": [
        "/a2d/532/1031-01"
      ]
    }
  ],
  "analysis": {
    "cardinality": 122,
    "char_count": 1124,
    "ocr_confidence": 0.753,
    "pagerank": {
      "raw": 4.03580807328026e-08,
      "percentile": 0.24282419554190224
    },
    "sha256": "a13e1442bcf3f6d17489076696ecfe7eb009e2b1f144119c6ad5a232a6168168",
    "simhash": "1:fb63d937d8a102c1",
    "word_count": 179
  },
  "last_updated": "2024-02-27T20:47:22.006376+00:00",
  "provenance": {
    "date_added": "2019-08-29",
    "source": "Harvard",
    "batch": "2018"
  },
  "casebody": {
    "judges": [
      "Before McKUSICK, C.J., and WATHEN, GLASSMAN, SCOLNIK and CLIFFORD, JJ."
    ],
    "parties": [
      "In re JESSICA O."
    ],
    "opinions": [
      {
        "text": "MEMORANDUM OF DECISION.\nTeresa 0., the mother of Jessica 0., appeals from an order entered in the District Court, Houlton, terminating her rights as a parent pursuant to 22 M.R.S.A. \u00a7 4055 (Supp.1987). She argues that there was insufficient evidence to support the District Court\u2019s termination order. We have carefully reviewed the record and find that the District Court could have reasonably been persuaded that the factual findings required for termination were proven to have been highly probable. In re Joseph P., 532 A.2d 1031, 1034 (Me.1987). Because 22 M.R.S.A. \u00a7 4006 (Supp.1987) directs that an appeal from a child protective order be filed in Superior Court, we discern no jurisdictional basis for reviewing the District Court\u2019s denial of Teresa O.\u2019s motion for review of such order.\nThe entry is:\nJudgment affirmed.",
        "type": "majority",
        "author": null
      }
    ],
    "attorneys": [
      "Robert F. Ward (orally), Houlton, for appellant.",
      "Carrie L. Linthicum (orally), Dept, of Human Services, Presque Isle, for appellee."
    ],
    "corrections": "",
    "head_matter": "In re JESSICA O.\nSupreme Judicial Court of Maine.\nArgued June 7, 1988.\nDecided July 7, 1988.\nRobert F. Ward (orally), Houlton, for appellant.\nCarrie L. Linthicum (orally), Dept, of Human Services, Presque Isle, for appellee.\nBefore McKUSICK, C.J., and WATHEN, GLASSMAN, SCOLNIK and CLIFFORD, JJ."
  },
  "file_name": "0833-01",
  "first_page_order": 879,
  "last_page_order": 880
}
