{
  "id": 8023062,
  "name": "STATE of Maine v. William L. MacNAMARA",
  "name_abbreviation": "State v. MacNamara",
  "decision_date": "1975-10-10",
  "docket_number": "",
  "first_page": "509",
  "last_page": "512",
  "citations": [
    {
      "type": "official",
      "cite": "345 A.2d 509"
    }
  ],
  "court": {
    "name_abbreviation": "Me.",
    "id": 9543,
    "name": "Maine Supreme Judicial Court"
  },
  "jurisdiction": {
    "id": 42,
    "name_long": "Maine",
    "name": "Me."
  },
  "cites_to": [
    {
      "cite": "274 A.2d 718",
      "category": "reporters:state_regional",
      "reporter": "A.2d",
      "case_ids": [
        8105378
      ],
      "opinion_index": 0,
      "case_paths": [
        "/a2d/274/0718-01"
      ]
    },
    {
      "cite": "301 A.2d 348",
      "category": "reporters:state_regional",
      "reporter": "A.2d",
      "case_ids": [
        8051070
      ],
      "opinion_index": 0,
      "case_paths": [
        "/a2d/301/0348-01"
      ]
    },
    {
      "cite": "243 A.2d 726",
      "category": "reporters:state_regional",
      "reporter": "A.2d",
      "case_ids": [
        8086257
      ],
      "opinion_index": 0,
      "case_paths": [
        "/a2d/243/0726-01"
      ]
    },
    {
      "cite": "82 A.2d 629",
      "category": "reporters:state_regional",
      "reporter": "A.2d",
      "year": 1951,
      "pin_cites": [
        {
          "page": "631"
        }
      ],
      "opinion_index": 0
    },
    {
      "cite": "146 Me. 381",
      "category": "reporters:state",
      "reporter": "Me.",
      "case_ids": [
        663200
      ],
      "year": 1951,
      "pin_cites": [
        {
          "page": "384"
        }
      ],
      "opinion_index": 0,
      "case_paths": [
        "/me/146/0381-01"
      ]
    },
    {
      "cite": "289 A.2d 693",
      "category": "reporters:state_regional",
      "reporter": "A.2d",
      "case_ids": [
        11254205
      ],
      "opinion_index": 0,
      "case_paths": [
        "/a2d/289/0693-01"
      ]
    },
    {
      "cite": "29 A.2d 457",
      "category": "reporters:state_regional",
      "reporter": "A.2d",
      "year": 1942,
      "opinion_index": 0
    },
    {
      "cite": "139 Me. 273",
      "category": "reporters:state",
      "reporter": "Me.",
      "case_ids": [
        661590
      ],
      "year": 1942,
      "opinion_index": 0,
      "case_paths": [
        "/me/139/0273-01"
      ]
    },
    {
      "cite": "115 A.2d 725",
      "category": "reporters:state_regional",
      "reporter": "A.2d",
      "year": 1955,
      "opinion_index": 0
    },
    {
      "cite": "151 Me. 48",
      "category": "reporters:state",
      "reporter": "Me.",
      "case_ids": [
        976289
      ],
      "year": 1955,
      "opinion_index": 0,
      "case_paths": [
        "/me/151/0048-01"
      ]
    },
    {
      "cite": "344 F.2d 795",
      "category": "reporters:federal",
      "reporter": "F.2d",
      "case_ids": [
        869492
      ],
      "year": 1965,
      "opinion_index": 0,
      "case_paths": [
        "/f2d/344/0795-01"
      ]
    },
    {
      "cite": "291 A.2d 709",
      "category": "reporters:state_regional",
      "reporter": "A.2d",
      "case_ids": [
        11254654
      ],
      "opinion_index": 0,
      "case_paths": [
        "/a2d/291/0709-01"
      ]
    },
    {
      "cite": "286 A.2d 603",
      "category": "reporters:state_regional",
      "reporter": "A.2d",
      "case_ids": [
        8088658
      ],
      "weight": 2,
      "pin_cites": [
        {
          "page": "605"
        }
      ],
      "opinion_index": 0,
      "case_paths": [
        "/a2d/286/0603-01"
      ]
    }
  ],
  "analysis": {
    "cardinality": 499,
    "char_count": 8609,
    "ocr_confidence": 0.776,
    "pagerank": {
      "raw": 1.8357686556927445e-07,
      "percentile": 0.7213818257357861
    },
    "sha256": "6a7c8004a07eae8c332e169c280aeec42b1a1fd414948b6b417a607d64f5c101",
    "simhash": "1:a53083db1834572b",
    "word_count": 1435
  },
  "last_updated": "2024-02-27T16:58:59.206828+00:00",
  "provenance": {
    "date_added": "2019-08-29",
    "source": "Harvard",
    "batch": "2018"
  },
  "casebody": {
    "judges": [
      "Before DuFRESNE, C. J., and WEATHERBEE, POMEROY, WER-NICK, ARCHIBALD and DELAHANTY, JJ."
    ],
    "parties": [
      "STATE of Maine v. William L. MacNAMARA."
    ],
    "opinions": [
      {
        "text": "ARCHIBALD, Justice.\nBoth the State and defendant agreeing thereto, a Justice of the Superior Court issued the following order:\n\u201c(TITLE OMITTED)\nORDER FOR REPORT TO THE LAW COURT ON AGREED FACTS\nThe parties, pursuant to Rule 72(b), M.R.C.P. [sic], requests [sic] that this case be reported to the Law Court. The facts agreed upon by the parties are as follows:\nThat the Defendant was charged by Complaint with the offense of Driving Under the Influence. The Complaint charged \u2018That on or about the fifth day of December 1973 on Route 27, a public way in Dresden, County of Lincoln and State of Maine, the above-named Defendant, WILLIAM L. MAC \u00d1AMARA, did then and there operate a motor vehicle, to wit: an automobile while then and there under the influence of intoxicating liquor.\u2019 The State concedes that the Defendant did not operate the vehicle. The Defendant concedes that he was attempting to operate the vehicle and was under the influence.\nThe parties have raised the issue of whether or not the offense of attempting to operate a motor vehicle under the influence (Title 29 \u00a7 1312) is a lesser included offense within the offense of operating a motor vehicle under the influence.\nThe question of law raised is of sufficient importance or doubt to justify report of the case to the Law Court.\nIt is ORDERED that this matter be reported to the Law Court on the question of law raised and the facts agreed to by both parties.\u201d\nWe may take cognizance of matters reported under Rule 37A(a), M.R. Crim.P., only if our \u201cdecision would in at least on alternative result in a final disposition of the action in favor of the defendant.\u201d The report does not contain express language obligating the State, in the event of an adverse holding, to dismiss the complaint, or to agree to an entry of judgment of acquittal. However, such a result would become mandated if the defendant\u2019s position is correct, namely, on the basis of the stipulated facts the complaint is inadequate to support a conviction.\nAs we will point out, infra, an \u201cattempt\u201d to violate the provisions of 29 M.R.S.A. \u00a7 1312(10) is a distinct criminal act. It is independent of the offense of \u201coperating\u201d a motor vehicle in violation of that statute. Thus, an amendment to the complaint converting the allegation from \u201coperate\u201d to \u201cattempt to operate\u201d would not be permissible under Rule 7(e), M.R.Crim.P., since such amendment would impermissibly result in charging an \u201cadditional or different offense.\u201d\nWe hold that there has been a substantial compliance with Rule 37A(a).\nThis result is not to be viewed as any relaxation of our previous holdings. In State v. Bailey, 286 A.2d 603, 605 (Me.1972), we delineated the perimeters within which Rule 37A(a) was designed to function and pointed out that:\n\u201cCare must be taken that facts in an agreed statement are adequate to present the legal issues squarely for determination.\u201d\nOn the agreed facts, if the Justice below had ruled adversely to the defendant, an appeal would have presented the identical issue now before us. It would be hyper-technical for us to hold that a report must contain express language agreeing to an ultimate result favorable to a criminal defendant if, on the face of the report, such a result is legally inevitable. Thus, this report meets the requirements of State v. Bailey, supra.\nAlthough we have previously indicated our conclusion on the legal merits of defendant\u2019s position, it is appropriate to state briefly our reasons therefor.\n29 M.R.S.A. \u00a7 1312(10) in pertinent part provides:\n\u201cWhoever shall operate or attempt to operate a motor vehicle within this State while under the influence of intoxicating liquor or drugs, upon conviction shall be punished . . . (Emphasis supplied.)\nIt is only when all the elements of a lesser offense are necessarily included within the elements of the greater crime, as legally defined, that one may be convicted of the lesser on an indictment or complaint charging the greater. State v. Leeman, 291 A.2d 709 (Me.1972). Axiomatically, the lesser offense may never require proof of an element not required to prove the greater offense. Waker v. United States, 344 F.2d 795 (1st Cir. 1965).\nThe Legislature, in enacting this statute, obviously recognized the dangers inherent in the operation of motor vehicles by persons whose faculties are impaired by the use of alcohol or other drugs and it intended to prohibit such operation under any and all circumstances. See State v. Goodchild, 151 Me. 48, 115 A.2d 725 (1955); State v. Roberts, 139 Me. 273, 29 A.2d 457 (1942).\nThe proscribed act of operating a motor vehicle while thus impaired, per se, constitutes a violation of the statute. The offense is malum prohibitum and intent is not an element of the offense. State v. Dyer, 289 A.2d 693 (Me.1972). However, such is not the case when dealing with a charge of attempting to operate a motor vehicle while impaired by alcohol or drugs. In the words of Mr. Justice Fellows (later Chief Justice):\n\u201cWhere an attempt to operate is charged, there must be an intent to commit the offense of operating. Unless the acts done were done with the intent to operate the motor vehicle while under the influence of liquor, no offense is committed. . . .\u201d\nState v. Sullivan, 146 Me. 381, 384, 82 A.2d 629, 631 (1951). Thus it is clear that the State, in charging an attempt to violate Section 1312(10), must prove an intent to operate, an element not essential to prove an operation in violation of the section.\nNeither do we believe there would be merit in the argument that the agreed facts would support a conviction under the provisions of 17 M.R.S.A. \u00a7 251, namely:\n\u201cWhoever attempts to commit an offense and does anything towards it, but fails or is interrupted or is prevented in its execution, where no punishment is expressly provided for such attempt, shall [be punished] . . . .\u201d\nIn our judgment Section 251, by limiting its application to situations where \u201cno punishment is expressly provided for such attempt,\u201d is inapplicable to violations under Section 1312(10).\nWe construe the language of Section 1312(10) as defining two distinct motor vehicle violations, namely, (1) an attempt to operate a motor vehicle, and (2) the operation of a motor vehicle in violation of the statute. See State v. Bryce, 243 A.2d 726 (Me.1968). The legislative history of this motor vehicle statute supports this conclusion. P.L.1911, ch. 162, \u00a7 20, proscribed only the operation of motor vehicles by those under the influence of intoxicating liquor. P.L.1921, ch. 211, \u00a7 74 amended the 1911 act, adding to the proscription the attempt to so operate and such language has been consistently followed since and is now reflected in Section 1312(10).\nThus, since 1921 the operation or attempted operation of a motor vehicle in violation of the statute has carried an identical penalty for either type of conduct. Subsequent offenses for either violation are treated exactly alike, both in terms of the penal consequence and the impact on an operator\u2019s driver\u2019s license following a criminal conviction. Therefore, since Section 1312(10) provides a specific penalty for an \u201cattempt\u201d to violate its provisions, the Legislature isolated such attempts from the proscriptions of Section 251.\nThe issue reported must be answered in the negative.\nThe entry is:\nRemanded to the Superior Court for further proceedings in accordance with this decision, namely, either a dismissal of the complaint or an entry of a judgment of acquittal.\nAll Justices concurring.\n. Although the reference is incorrect, since Rule 72(b), M.R.O.P., applies only to civil actions, we treat the error as inadvertent and consider the reference to have been to the corresponding Criminal Rule, namely, 37A (a) ; M.R.Crim.P.\n. \u201cThe court may permit an information or complaint to be amended at any time before verdict or finding if no additional or different offense is charged and if substantial rights of the defendant are not prejudiced.\u201d (Emphasis supplied.)\n. For the type of case where a report has been an accepted vehicle for appellate decision, see State v. Inman, 301 A.2d 348 (Me.1973) ; State v. Alley, 274 A.2d 718 (Me.1971).\n. The penalty is \u201ca fine of not more than $1,000. or by imprisonment for not more than 90 days, or both.\u201d",
        "type": "majority",
        "author": "ARCHIBALD, Justice."
      }
    ],
    "attorneys": [
      "Michael N. Westcott, Asst. Atty. Gen., Wiscasset, for plaintiff.",
      "Fitzgerald, Donovan & Conley, P. A., by Daniel R. Donovan, J. Michael Conley III, Bath, for defendant."
    ],
    "corrections": "",
    "head_matter": "STATE of Maine v. William L. MacNAMARA.\nSupremo Judicial Court of Maine.\nOct. 10, 1975.\nMichael N. Westcott, Asst. Atty. Gen., Wiscasset, for plaintiff.\nFitzgerald, Donovan & Conley, P. A., by Daniel R. Donovan, J. Michael Conley III, Bath, for defendant.\nBefore DuFRESNE, C. J., and WEATHERBEE, POMEROY, WER-NICK, ARCHIBALD and DELAHANTY, JJ."
  },
  "file_name": "0509-01",
  "first_page_order": 545,
  "last_page_order": 548
}
