{
  "id": 12490270,
  "name": "ATLANTIC GENERAL HOSPITAL v. GRINNAN",
  "name_abbreviation": "Atl. Gen. Hosp. v. Grinnan",
  "decision_date": "2017-07-28",
  "docket_number": "Pet. Docket No. 17, Sept. Term, 2017",
  "first_page": "460",
  "last_page": "460",
  "citations": [
    {
      "type": "official",
      "cite": "165 A.3d 460"
    },
    {
      "type": "parallel",
      "cite": "454 Md. 651"
    }
  ],
  "court": {
    "name_abbreviation": "Md. App. Ct.",
    "id": 25266,
    "name": "Court of Appeals of Maryland"
  },
  "jurisdiction": {
    "id": 50,
    "name_long": "Maryland",
    "name": "Md."
  },
  "cites_to": [],
  "analysis": {
    "cardinality": 23,
    "char_count": 159,
    "sha256": "45ed237d1372c4de29086af16f3b98759546e3791ed67426d824f502719778e2",
    "simhash": "1:a2665271f6c9d291",
    "word_count": 26
  },
  "last_updated": "2021-08-27T20:57:14.020432+00:00",
  "provenance": {
    "date_added": "2021-08-27",
    "source": "Fastcase",
    "batch": "2021"
  },
  "casebody": {
    "judges": [],
    "parties": [
      "ATLANTIC GENERAL HOSPITAL\nv.\nGRINNAN"
    ],
    "opinions": [
      {
        "text": "",
        "type": "majority",
        "author": null
      }
    ],
    "attorneys": [
      "Petition for writ of certiorari denied."
    ],
    "corrections": "",
    "head_matter": "ATLANTIC GENERAL HOSPITAL\nv.\nGRINNAN\nPet. Docket No. 17, Sept. Term, 2017\nCourt of Appeals of Maryland.\nJuly 28, 2017\nPetition for writ of certiorari denied."
  },
  "file_name": "0460-02",
  "first_page_order": 460,
  "last_page_order": 460
}
