{
  "id": 12490272,
  "name": "ANDERSON, Eric Thomas v. STATE of Maryland",
  "name_abbreviation": "Anderson v. State",
  "decision_date": "2017-07-28",
  "docket_number": "Pet. Docket No. 131, Sept. Term, 2017",
  "first_page": "460",
  "last_page": "460",
  "citations": [
    {
      "type": "official",
      "cite": "165 A.3d 460"
    },
    {
      "type": "parallel",
      "cite": "454 Md. 651"
    }
  ],
  "court": {
    "name_abbreviation": "Md. App. Ct.",
    "id": 25266,
    "name": "Court of Appeals of Maryland"
  },
  "jurisdiction": {
    "id": 50,
    "name_long": "Maryland",
    "name": "Md."
  },
  "cites_to": [],
  "analysis": {
    "cardinality": 23,
    "char_count": 166,
    "sha256": "a9df7bb12135a9a9d610d55d5d56db5eb0d4fb4352d5a00028fd83a011cce020",
    "simhash": "1:296e4278d643c385",
    "word_count": 28
  },
  "last_updated": "2021-08-27T20:57:14.020432+00:00",
  "provenance": {
    "date_added": "2021-08-27",
    "source": "Fastcase",
    "batch": "2021"
  },
  "casebody": {
    "judges": [],
    "parties": [
      "ANDERSON, Eric Thomas\nv.\nSTATE of Maryland"
    ],
    "opinions": [
      {
        "text": "",
        "type": "majority",
        "author": null
      }
    ],
    "attorneys": [
      "Petition for writ of certiorari denied."
    ],
    "corrections": "",
    "head_matter": "ANDERSON, Eric Thomas\nv.\nSTATE of Maryland\nPet. Docket No. 131, Sept. Term, 2017\nCourt of Appeals of Maryland.\nJuly 28, 2017\nPetition for writ of certiorari denied."
  },
  "file_name": "0460-04",
  "first_page_order": 460,
  "last_page_order": 460
}
