{
  "id": 7944930,
  "name": "ST. PIERRE CREDIT UNION v. Francis WILLIAMS",
  "name_abbreviation": "St. Pierre Credit Union v. Williams",
  "decision_date": "1982-03-10",
  "docket_number": "",
  "first_page": "173",
  "last_page": "174",
  "citations": [
    {
      "type": "official",
      "cite": "442 A.2d 173"
    }
  ],
  "court": {
    "name_abbreviation": "Me.",
    "id": 9543,
    "name": "Maine Supreme Judicial Court"
  },
  "jurisdiction": {
    "id": 42,
    "name_long": "Maine",
    "name": "Me."
  },
  "cites_to": [
    {
      "cite": "347 A.2d 426",
      "category": "reporters:state_regional",
      "reporter": "A.2d",
      "case_ids": [
        8062479
      ],
      "year": 1975,
      "pin_cites": [
        {
          "page": "427"
        }
      ],
      "opinion_index": 0,
      "case_paths": [
        "/a2d/347/0426-01"
      ]
    },
    {
      "cite": "370 A.2d 249",
      "category": "reporters:state_regional",
      "reporter": "A.2d",
      "case_ids": [
        7997915
      ],
      "year": 1977,
      "pin_cites": [
        {
          "page": "252"
        }
      ],
      "opinion_index": 0,
      "case_paths": [
        "/a2d/370/0249-01"
      ]
    },
    {
      "cite": "388 A.2d 916",
      "category": "reporters:state_regional",
      "reporter": "A.2d",
      "case_ids": [
        8016129
      ],
      "weight": 3,
      "year": 1978,
      "pin_cites": [
        {
          "page": "918"
        },
        {
          "page": "918"
        }
      ],
      "opinion_index": 0,
      "case_paths": [
        "/a2d/388/0916-01"
      ]
    }
  ],
  "analysis": {
    "cardinality": 270,
    "char_count": 3821,
    "ocr_confidence": 0.771,
    "pagerank": {
      "raw": 4.03580807328026e-08,
      "percentile": 0.20063467020664139
    },
    "sha256": "4078439fd52f7b1f17405523597ac859700b037a934e57cbceff1dd282b2f6cb",
    "simhash": "1:06709733e874acf7",
    "word_count": 626
  },
  "last_updated": "2024-02-27T23:49:58.702888+00:00",
  "provenance": {
    "date_added": "2019-08-29",
    "source": "Harvard",
    "batch": "2018"
  },
  "casebody": {
    "judges": [
      "Before McKUSICK, C. J., and GOD-FREY, NICHOLS, ROBERTS, CARTER and WATHEN, JJ.",
      "All concurring."
    ],
    "parties": [
      "ST. PIERRE CREDIT UNION v. Francis WILLIAMS."
    ],
    "opinions": [
      {
        "text": "WATHEN, Justice.\nDefendant Francis Williams appeals from a decision of the Superior Court (Andros-coggin County) which denied his appeal from a District Court denial of his motion for relief from judgment under M.Dist.Ct. Civ.R. 60(b). Since the record before us on appeal is not sufficient to permit review, we must deny the appeal.\nIn 1971 defendant co-signed a promissory note to plaintiff for a loan of $6400. After the signers of the note defaulted, plaintiff brought suit against defendant in 1979 seeking payment of the original amount of the note plus interest and costs. The District Court awarded plaintiff judgment for a total of $7,101.94. Following the issuance of an execution on the judgment and a disclosure hearing of which there is no evidentiary record, the District Court ordered defendant to make installment payments of $40 per month until the judgment is satisfied. Defendant did not pursue direct appeal but moved for relief from judgment under M.Dist.Ct.Civ.R. 60(b). He sought to have the installment payment order declared void on the grounds that the District Court had no jurisdiction to permit defendant\u2019s Federal Disability Income to be used as the basis of an installment payment order. The motion was denied. There is no record of the evidence that was before the District Court judge when the 60(b) motion was heard. Defendant appealed the denial of the motion to Superior Court, pursuant to M.Dist.Ct. Civ.R. 60(c) which provides for a hearing de novo on the motion. No evidence was adduced at the brief hearing before the Superior Court, and again the record is devoid of the evidentiary basis of the court\u2019s decision. The Superior Court denied the appeal and the de novo motion for relief from judgment.\nSince the granting of a motion for relief from judgment under Rule 60(b) is a matter of the court\u2019s discretion, our review of a denial of such a motion is limited to whether or not the presiding justice abused his discretion. Construction Products Co., Inc. v. W. D. Matthews Machinery Co., Me., 388 A.2d 916, 918 (1978); Reville v. Reville, Me., 370 A.2d 249, 252 (1977). However, as we said in Construction Products Co., Inc. v. W. D. Matthews Machinery Co., Me., 388 A.2d 916 (1978): \u201cSince the record affords us no opportunity to examine the presiding Justice\u2019s ruling on the ... 60(b) motion, the question of whether that ruling constituted an abuse of discretion is not properly before us on appeal.\u201d Id. at 918 (quoting Jacobson v. State, State Highway Commission, Me., 347 A.2d 426, 427 (1975).\nThe rules of civil procedure allow appellants to submit approved statements of the evidence when transcripts have not been made. M.Dist.Ct.Civ.R. 75(c). The vehicle was readily available, therefore, for the defendant to place before the reviewing court a record of both the disclosure hearing and the hearing before the District Court on the 60(b) motion. Since defendant did not use this procedure or any other to provide us with the evidentiary basis for an informed appellate review, we must affirm the decision below.\nThe entry is:\nAppeal denied.\nJudgment affirmed.\nAll concurring.\n. Plaintiff\u2019s pretrial memorandum for the de novo hearing in Superior Court indicates that documents concerning defendant\u2019s sources of income were to be produced at the hearing. If they were, those documents should have been made part of the record.",
        "type": "majority",
        "author": "WATHEN, Justice."
      }
    ],
    "attorneys": [
      "Rocheleau & Fournier, P. A., Paul C. Fournier (orally), Lewiston, for plaintiff.",
      "Harold Lichten (orally), Karen B. Herold, Pine Tree Legal Assistance, Inc., Lewiston, for amicus curiae.",
      "Thomas M. Mangan (orally), Lewiston, for defendant."
    ],
    "corrections": "",
    "head_matter": "ST. PIERRE CREDIT UNION v. Francis WILLIAMS.\nSupreme Judicial Court of Maine.\nArgued March 1, 1982.\nDecided March 10, 1982.\nRocheleau & Fournier, P. A., Paul C. Fournier (orally), Lewiston, for plaintiff.\nHarold Lichten (orally), Karen B. Herold, Pine Tree Legal Assistance, Inc., Lewiston, for amicus curiae.\nThomas M. Mangan (orally), Lewiston, for defendant.\nBefore McKUSICK, C. J., and GOD-FREY, NICHOLS, ROBERTS, CARTER and WATHEN, JJ."
  },
  "file_name": "0173-01",
  "first_page_order": 225,
  "last_page_order": 226
}
