{
  "id": 9357433,
  "name": "Adkin T. BARRON, Appellant, v. UNITED STATES, Appellee",
  "name_abbreviation": "Barron v. United States",
  "decision_date": "2003-03-20",
  "docket_number": "No. 00-CF-366",
  "first_page": "987",
  "last_page": "994",
  "citations": [
    {
      "type": "official",
      "cite": "818 A.2d 987"
    }
  ],
  "court": {
    "name_abbreviation": "D.C.",
    "id": 11933,
    "name": "District of Columbia Court of Appeals"
  },
  "jurisdiction": {
    "id": 56,
    "name_long": "District of Columbia",
    "name": "D.C."
  },
  "cites_to": [
    {
      "cite": "108 A.2d 788",
      "category": "reporters:state_regional",
      "reporter": "A.2d",
      "year": 1954,
      "pin_cites": [
        {
          "page": "790",
          "parenthetical": "\"The purpose of the view is to enable the trier of the facts more thoroughly to comprehend and weigh the testimony ... the jury may resort to the knowledge acquired by a view of the premises only for the purposes of understanding the testimony of the witnesses\""
        }
      ],
      "opinion_index": 0
    },
    {
      "cite": "379 Pa. 202",
      "category": "reporters:state",
      "reporter": "Pa.",
      "case_ids": [
        1253634
      ],
      "year": 1954,
      "pin_cites": [
        {
          "parenthetical": "\"The purpose of the view is to enable the trier of the facts more thoroughly to comprehend and weigh the testimony ... the jury may resort to the knowledge acquired by a view of the premises only for the purposes of understanding the testimony of the witnesses\""
        }
      ],
      "opinion_index": 0,
      "case_paths": [
        "/pa/379/0202-01"
      ]
    },
    {
      "cite": "730 A.2d 145",
      "category": "reporters:state_regional",
      "reporter": "A.2d",
      "case_ids": [
        11607704
      ],
      "pin_cites": [
        {
          "page": "152"
        }
      ],
      "opinion_index": 0,
      "case_paths": [
        "/a2d/730/0145-01"
      ]
    },
    {
      "cite": "520 A.2d 1057",
      "category": "reporters:state_regional",
      "reporter": "A.2d",
      "case_ids": [
        7898015
      ],
      "pin_cites": [
        {
          "page": "1058"
        }
      ],
      "opinion_index": 0,
      "case_paths": [
        "/a2d/520/1057-01"
      ]
    },
    {
      "cite": "386 U.S. 18",
      "category": "reporters:federal",
      "reporter": "U.S.",
      "case_ids": [
        6168882
      ],
      "weight": 3,
      "year": 1967,
      "opinion_index": 0,
      "case_paths": [
        "/us/386/0018-01"
      ]
    },
    {
      "cite": "14 App. D.C. 391",
      "category": "reporters:state",
      "reporter": "App. D.C.",
      "case_ids": [
        1315831
      ],
      "year": 1899,
      "pin_cites": [
        {
          "page": "405-06"
        }
      ],
      "opinion_index": 0,
      "case_paths": [
        "/app-dc/14/0391-01"
      ]
    },
    {
      "cite": "549 A.2d 1124",
      "category": "reporters:state_regional",
      "reporter": "A.2d",
      "case_ids": [
        7885345
      ],
      "weight": 2,
      "pin_cites": [
        {
          "page": "1127"
        }
      ],
      "opinion_index": 0,
      "case_paths": [
        "/a2d/549/1124-01"
      ]
    },
    {
      "cite": "328 U.S. 750",
      "category": "reporters:federal",
      "reporter": "U.S.",
      "case_ids": [
        377132
      ],
      "weight": 9,
      "year": 1946,
      "pin_cites": [
        {
          "page": "764-65"
        },
        {
          "page": "765"
        },
        {
          "page": "765"
        }
      ],
      "opinion_index": 0,
      "case_paths": [
        "/us/328/0750-01"
      ]
    },
    {
      "cite": "785 A.2d 292",
      "category": "reporters:state_regional",
      "reporter": "A.2d",
      "case_ids": [
        9457724
      ],
      "opinion_index": 0,
      "case_paths": [
        "/a2d/785/0292-01"
      ]
    },
    {
      "cite": "738 F.2d 88",
      "category": "reporters:federal",
      "reporter": "F.2d",
      "case_ids": [
        661815
      ],
      "weight": 3,
      "pin_cites": [
        {
          "page": "93"
        }
      ],
      "opinion_index": 0,
      "case_paths": [
        "/f2d/738/0088-01"
      ]
    },
    {
      "cite": "165 S.E.2d 113",
      "category": "reporters:state_regional",
      "reporter": "S.E.2d",
      "year": 1968,
      "pin_cites": [
        {
          "page": "119",
          "parenthetical": "\"[T]he jury, upon the view, was authorized and expected to observe all pertinent physical facts apparent on the premise and to consider such facts as evidence along with all other evidence introduced at the trial\""
        }
      ],
      "opinion_index": 0
    },
    {
      "cite": "152 W.Va. 549",
      "category": "reporters:state",
      "reporter": "W. Va.",
      "case_ids": [
        8581911
      ],
      "year": 1968,
      "pin_cites": [
        {
          "parenthetical": "\"[T]he jury, upon the view, was authorized and expected to observe all pertinent physical facts apparent on the premise and to consider such facts as evidence along with all other evidence introduced at the trial\""
        }
      ],
      "opinion_index": 0,
      "case_paths": [
        "/w-va/152/0549-01"
      ]
    },
    {
      "cite": "104 A.2d 522",
      "category": "reporters:state_regional",
      "reporter": "A.2d",
      "year": 1954,
      "pin_cites": [
        {
          "page": "523",
          "parenthetical": "\"Information that a jury obtains from a view is evidence which it is authorized to use in reaching a verdict"
        }
      ],
      "opinion_index": 0
    },
    {
      "cite": "99 N.H. 26",
      "category": "reporters:state",
      "reporter": "N.H.",
      "case_ids": [
        4425952
      ],
      "year": 1954,
      "pin_cites": [
        {
          "parenthetical": "\"Information that a jury obtains from a view is evidence which it is authorized to use in reaching a verdict"
        }
      ],
      "opinion_index": 0,
      "case_paths": [
        "/nh/99/0026-01"
      ]
    },
    {
      "cite": "122 P.2d 576",
      "category": "reporters:state_regional",
      "reporter": "P.2d",
      "year": 1942,
      "pin_cites": [
        {
          "parenthetical": "\"the knowledge acquired by the [jury view] was independent evidence in the case\""
        }
      ],
      "opinion_index": 0
    },
    {
      "cite": "19 Cal.2d 647",
      "category": "reporters:state",
      "reporter": "Cal. 2d",
      "case_ids": [
        2251762
      ],
      "year": 1942,
      "pin_cites": [
        {
          "parenthetical": "\"the knowledge acquired by the [jury view] was independent evidence in the case\""
        }
      ],
      "opinion_index": 0,
      "case_paths": [
        "/cal-2d/19/0647-01"
      ]
    },
    {
      "cite": "102 F.R.D. 521",
      "category": "reporters:specialty",
      "reporter": "F.R.D.",
      "case_ids": [
        7853325
      ],
      "pin_cites": [
        {
          "page": "524"
        }
      ],
      "opinion_index": 0,
      "case_paths": [
        "/frd/102/0521-01"
      ]
    },
    {
      "cite": "953 F.2d 1188",
      "category": "reporters:federal",
      "reporter": "F.2d",
      "case_ids": [
        10519759
      ],
      "pin_cites": [
        {
          "page": "1192"
        }
      ],
      "opinion_index": 0,
      "case_paths": [
        "/f2d/953/1188-01"
      ]
    },
    {
      "cite": "378 U.S. 1",
      "category": "reporters:federal",
      "reporter": "U.S.",
      "case_ids": [
        6164855
      ],
      "weight": 3,
      "year": 1964,
      "opinion_index": 0,
      "case_paths": [
        "/us/378/0001-01"
      ]
    },
    {
      "cite": "291 U.S. 97",
      "category": "reporters:federal",
      "reporter": "U.S.",
      "case_ids": [
        1498121
      ],
      "weight": 5,
      "year": 1934,
      "pin_cites": [
        {
          "page": "121"
        },
        {
          "page": "121"
        }
      ],
      "opinion_index": 0,
      "case_paths": [
        "/us/291/0097-01"
      ]
    },
    {
      "cite": "700 P.2d 758",
      "category": "reporters:state_regional",
      "reporter": "P.2d",
      "year": 1985,
      "pin_cites": [
        {
          "page": "767-68",
          "parenthetical": "\"[A] jury view of a crime scene is a means of helping the jury to understand the evidence, and is not itself evidence\""
        }
      ],
      "opinion_index": 0
    },
    {
      "cite": "40 Wash.App. 729",
      "category": "reporters:state",
      "reporter": "Wash. App.",
      "case_ids": [
        1796244
      ],
      "year": 1985,
      "pin_cites": [
        {
          "parenthetical": "\"[A] jury view of a crime scene is a means of helping the jury to understand the evidence, and is not itself evidence\""
        }
      ],
      "opinion_index": 0,
      "case_paths": [
        "/wash-app/40/0729-01"
      ]
    },
    {
      "cite": "78 S.D. 395",
      "category": "reporters:state",
      "reporter": "S.D.",
      "case_ids": [
        4623606
      ],
      "weight": 2,
      "year": 1960,
      "pin_cites": [
        {
          "page": "190",
          "parenthetical": "\"While eminent authorities consider knowledge derived from a view as evidence ... this court does not so regard it. However, ... it does enable the trier of facts to more satisfactorily weigh the evidence given in court and is of assistance to him in determining the issues of fact.\""
        }
      ],
      "opinion_index": 0,
      "case_paths": [
        "/sd/78/0395-01"
      ]
    },
    {
      "cite": "19 A. 274",
      "category": "reporters:state_regional",
      "reporter": "A.",
      "year": 1890,
      "pin_cites": [
        {
          "parenthetical": "a view merely illustrates the testimony"
        }
      ],
      "opinion_index": 0
    },
    {
      "cite": "132 Pa. 524",
      "category": "reporters:state",
      "reporter": "Pa.",
      "case_ids": [
        970608
      ],
      "year": 1890,
      "pin_cites": [
        {
          "parenthetical": "a view merely illustrates the testimony"
        }
      ],
      "opinion_index": 0,
      "case_paths": [
        "/pa/132/0524-01"
      ]
    },
    {
      "cite": "213 Or. 253",
      "category": "reporters:state",
      "reporter": "Or.",
      "case_ids": [
        5006737
      ],
      "weight": 2,
      "year": 1958,
      "pin_cites": [
        {
          "parenthetical": "\"Such view is never permitted for the purpose of using it as substantive evidence, but only in order to enable the jury to understand the testimony\""
        },
        {
          "page": "243",
          "parenthetical": "\"Such view is never permitted for the purpose of using it as substantive evidence, but only in order to enable the jury to understand the testimony\""
        }
      ],
      "opinion_index": 0,
      "case_paths": [
        "/or/213/0253-01"
      ]
    },
    {
      "cite": "665 N.E.2d 1137",
      "category": "reporters:state_regional",
      "reporter": "N.E.2d",
      "year": 1995,
      "pin_cites": [
        {
          "page": "1151",
          "parenthetical": "\"The only purpose of [the view] is to help [the jury] understand the evidence as it is presented in the courtroom\""
        }
      ],
      "opinion_index": 0
    },
    {
      "cite": "106 Ohio App.3d 246",
      "category": "reporters:state",
      "reporter": "Ohio App. 3d",
      "case_ids": [
        1783111
      ],
      "year": 1995,
      "pin_cites": [
        {
          "parenthetical": "\"The only purpose of [the view] is to help [the jury] understand the evidence as it is presented in the courtroom\""
        }
      ],
      "opinion_index": 0,
      "case_paths": [
        "/ohio-app-3d/106/0246-01"
      ]
    },
    {
      "cite": "59 N.W. 631",
      "category": "reporters:state_regional",
      "reporter": "N.W.",
      "year": 1894,
      "pin_cites": [
        {
          "parenthetical": "the view is merely to apply the evidence"
        }
      ],
      "opinion_index": 0
    },
    {
      "cite": "57 Minn. 493",
      "category": "reporters:state",
      "reporter": "Minn.",
      "case_ids": [
        556004
      ],
      "year": 1894,
      "pin_cites": [
        {
          "parenthetical": "the view is merely to apply the evidence"
        }
      ],
      "opinion_index": 0,
      "case_paths": [
        "/minn/57/0493-01"
      ]
    },
    {
      "cite": "265 Ga. 582",
      "category": "reporters:state",
      "reporter": "Ga.",
      "case_ids": [
        1241607
      ],
      "weight": 2,
      "year": 1995,
      "pin_cites": [
        {
          "parenthetical": "\"the trial court properly instructed the jury that the view was not evidence\""
        },
        {
          "page": "808-09",
          "parenthetical": "\"the trial court properly instructed the jury that the view was not evidence\""
        }
      ],
      "opinion_index": 0,
      "case_paths": [
        "/ga/265/0582-01"
      ]
    },
    {
      "cite": "74 P. 418",
      "category": "reporters:state_regional",
      "reporter": "P.",
      "weight": 2,
      "year": 1903,
      "pin_cites": [
        {
          "page": "421",
          "parenthetical": "a jury view is for the purpose of \"enabling the jury] to understand and apply the evidence\""
        },
        {
          "page": "421",
          "parenthetical": "jury's view is only to \"enable them to understand and apply the evidence\""
        }
      ],
      "opinion_index": 0
    },
    {
      "cite": "29 Mont. 218",
      "category": "reporters:state",
      "reporter": "Mont.",
      "case_ids": [
        8587494
      ],
      "weight": 2,
      "year": 1903,
      "pin_cites": [
        {
          "parenthetical": "a jury view is for the purpose of \"enabling the jury] to understand and apply the evidence\""
        },
        {
          "parenthetical": "jury's view is only to \"enable them to understand and apply the evidence\""
        }
      ],
      "opinion_index": 0,
      "case_paths": [
        "/mont/29/0218-01"
      ]
    },
    {
      "cite": "122 Cal. 171",
      "category": "reporters:state",
      "reporter": "Cal.",
      "case_ids": [
        2021278
      ],
      "opinion_index": 0,
      "case_paths": [
        "/cal/122/0171-01"
      ]
    },
    {
      "cite": "49 Cal. 607",
      "category": "reporters:state",
      "reporter": "Cal.",
      "case_ids": [
        2347258
      ],
      "opinion_index": 0,
      "case_paths": [
        "/cal/49/0607-01"
      ]
    },
    {
      "cite": "554 A.2d 339",
      "category": "reporters:state_regional",
      "reporter": "A.2d",
      "case_ids": [
        7883622
      ],
      "weight": 2,
      "pin_cites": [
        {
          "page": "340-41"
        },
        {
          "page": "340-41"
        }
      ],
      "opinion_index": 0,
      "case_paths": [
        "/a2d/554/0339-01"
      ]
    },
    {
      "cite": "40 A.2d 85",
      "category": "reporters:state_regional",
      "reporter": "A.2d",
      "case_ids": [
        8135791
      ],
      "pin_cites": [
        {
          "page": "86"
        }
      ],
      "opinion_index": 0,
      "case_paths": [
        "/a2d/40/0085-01"
      ]
    },
    {
      "cite": "294 A.2d 171",
      "category": "reporters:state_regional",
      "reporter": "A.2d",
      "case_ids": [
        8044878
      ],
      "pin_cites": [
        {
          "page": "173"
        }
      ],
      "opinion_index": 0,
      "case_paths": [
        "/a2d/294/0171-01"
      ]
    }
  ],
  "analysis": {
    "cardinality": 1020,
    "char_count": 20831,
    "ocr_confidence": 0.693,
    "pagerank": {
      "raw": 1.269564024337256e-07,
      "percentile": 0.614360528355128
    },
    "sha256": "a53cfdbbd6fdd1eddbb03a62fa037ac6271f223ba4aa600791fb2823a13aa77a",
    "simhash": "1:ffa9a153f6a4943b",
    "word_count": 3472
  },
  "last_updated": "2024-02-27T22:30:13.128402+00:00",
  "provenance": {
    "date_added": "2019-08-29",
    "source": "Harvard",
    "batch": "2018"
  },
  "casebody": {
    "judges": [
      "Before SCHWELB, REID and WASHINGTON, Associate Judges."
    ],
    "parties": [
      "Adkin T. BARRON, Appellant, v. UNITED STATES, Appellee."
    ],
    "opinions": [
      {
        "text": "WASHINGTON, Associate Judge:\nAppellant, Adkin Barron, was convicted of assault with intent to kill while armed, in violation of D.C.Code \u00a7\u00a7 22-401, -4502 (2001), aggravated assault while armed, in violation of D.C.Code \u00a7\u00a7 22^104.01, -4502 (2001), possession of a firearm during the commission of a crime of violence, in violation of D.C.Code \u00a7 22-4504(b) (2001), carrying a pistol without a license, in violation of D.C.Code \u00a7 22-4504(a) (2001), possession of an unregistered firearm, in violation of D.C.Code \u00a7 7-2502.01(a) (2001), and unlawful possession of ammunition, in violation of D.C.Code \u00a7 7-2506.01 (2001). On appeal Barron alleges: 1) the trial court abused its discretion by allowing the jury to view appellant\u2019s car during jury deliberations, when the car was not in evidence and when the court did not give the jury further instructions regarding the view; 2) the trial court abused its discretion in limiting appellant\u2019s cross-examination of a government expert witness; 3) his conviction for carrying a gun without a license violates his Second Amendment right to bear arms; and 4) his conviction for both assault with intent to kill and aggravated assault while armed violate the Double Jeopardy Clause of the Fifth Amendment. Because we find that a jury view is evidence if probative of disputed issues of material fact and that appellant was prejudiced by the court\u2019s treatment of the jury view in this case, we reverse Barron\u2019s convictions and remand this case for a new trial.\nI.\nAppellant and Derrick McCrea grew up in a neighborhood referred to as Barry Farms in Washington, D.C. and were casual acquaintances. Since leaving the neighborhood, their only remaining connection was that Barron\u2019s cousin had been killed approximately fourteen years earlier in McCrea\u2019s car after McCrea loaned the automobile to him. On June 4, 1999, while both men were visiting friends in Barry Farms, appellant learned that McCrea was in the neighborhood and decided to speak to him about his cousin. However, according to appellant, when he and Tony \u201cCrook\u201d Johnson tried to locate McCrea, they did not see him. Therefore, he, Johnson and another friend, Quartet Smith, left Barry Farms in Barron\u2019s car. Johnson was in the backseat.\nAccording to Barron, after leaving Barry Farms and while stopped at a street light, he heard Johnson say, \u201cthere he is right there\u201d and then Barron saw Johnson shooting a gun from the front driver\u2019s side window of his car. Barron did not know that Johnson was shooting at McCrea nor did he look to see if anyone had actually been shot. Johnson instructed Barron to drive to a Maryland apartment complex, where Johnson got out of the car. Because Johnson had a gun, Barron complied.\nOff-duty police officer, Michael A. Wiggins, witnessed the shooting while in his unmarked car and followed Barron. However, Wiggins did not follow Barron into the complex because he was unarmed and had his daughter in the vehicle. Wiggins, therefore, lost sight of Barron\u2019s car for approximately two minutes, while Barron was in the complex. When appellant left the complex, he was chased by police in marked cars and then arrested. Police did not find a gun in the car or around the outside of the apartment complex. After his arrest, Barron told police that Johnson, who had been in the backseat, was the shooter. Police tried unsuccessfully to take prints from the recovered shell casings, but did not fingerprint the backseat.\nDuring appellant\u2019s trial, both McCrea and Wiggins testified as eyewitnesses to the shooting. Both identified Barron as the shooter and testified that there was no one in the backseat of the car. During jury deliberations, the jury sent the judge two notes. The first note stated that the jury was deadlocked. The second note stated that they wished to view Barron\u2019s car and they wanted further instruction on the concept of reasonable doubt. Defense counsel objected to the jury viewing appellant\u2019s car when the car had not been introduced into evidence and without the court instructing the jury that the position of the car\u2019s seat could have been moved since the time of the shooting. The court, however, permitted the jury to view the car without additional precautions.\nII.\nBarron contends that the trial court erred by allowing the jury to view his car during jury deliberations because: 1) the case had already been submitted to the jury and, 2) the car had not been properly introduced into evidence. Specifically, Barron objects to the trial court\u2019s decision to allow the jury view because it was conducted in a manner that violated his Sixth Amendment right to confront the evidence and cross-examine the witnesses against him. We review a trial court\u2019s ruling on whether to allow a jury view for abuse of discretion. Minor v. United States, 294 A.2d 171, 173 (D.C.1972); Washington Coca Cola Bottling Works v. Kelly, 40 A.2d 85, 86 (D.C.1944). A jury view is proper when \u201can object in question cannot be produced in court because it is immovable or inconvenient\u201d and, therefore, it is necessary for the fact-finder \u201cto go to the object in its place and there observe it.\u201d Dailey v. District of Columbia, 554 A.2d 339, 340-41 (D.C.1989) (quoting IV WIGMORE ON EVIDENCE \u00a7 1162 at 362 (1972 & 1988 Supp.)).\nBoth Barron\u2019s counsel and government counsel informed the trial court that it was problematic for the jury to view the car when it had not yet been introduced into evidence. The court\u2019s position, however, was that the car was not evidence and that the request was \u201cnothing more than a juror\u2019s request to visit the scene.\u201d The court\u2019s characterization of a jury view as non-evidence is consistent with the perspective that many courts have historically used to justify jury views without introducing the object of the view as evidence. See Wright v. Carpenter, 49 Cal. 607 (Cal.1875) (the jury view is not to be considered evidence) (repudiated by People v. Milner, 122 Cal. 171, 54 P.833 (Cal.1898) (a jury view is evidence); State v. Landry, 29 Mont. 218, 74 P. 418, 421 (1903) (a jury view is for the purpose of \u201cenabling the jury] to understand and apply the evidence\u201d).\nHistorically, the perspective that jury views are not in evidence \u201crests in large part upon the consideration that facts garnered by the jury from a view are difficult or impossible to embody in the written record, thus rendering review of questions concerning weight or sufficiency of the evidence impracticable.\u201d John W. Strong, 2 MCCORMICK ON EVIDENCE \u00a7 216, at 29 (5th ed.1999). In those jurisdictions, jurors are typically instructed to use the view as a tool to help evaluate the other evidence presented, rather than as evidence itself. See Crowe v. State, 265 Ga. 582, 458 S.E.2d 799, 808-09 (1995) (\u201cthe trial court properly instructed the jury that the view was not evidence\u201d); Schultz v. Bower, 57 Minn. 493, 59 N.W. 631 (1894) (the view is merely to apply the evidence); State v. Landry, 29 Mont. 218, 74 P. 418, 421 (1903) (jury\u2019s view is only to \u201cenable them to understand and apply the evidence\u201d); State v. Nobles, 106 Ohio App.3d 246, 665 N.E.2d 1137, 1151 (1995) (\u201cThe only purpose of [the view] is to help [the jury] understand the evidence as it is presented in the courtroom\u201d); Ernst v. Broughton, 213 Or. 253, 324 P.2d 241, 243 (1958) (\u201cSuch view is never permitted for the purpose of using it as substantive evidence, but only in order to enable the jury to understand the testimony\u201d); Avins v. Commonwealth, 379 Pa. 202, 108 A.2d 788, 790 (1954) (\u201cThe purpose of the view is to enable the trier of the facts more thoroughly to comprehend and weigh the testimony ... the jury may resort to the knowledge acquired by a view of the premises only for the purposes of understanding the testimony of the witnesses\u201d); Baltimore & O.R. Co., v. Flower, 132 Pa. 524, 19 A. 274 (1890) (a view merely illustrates the testimony); Beatty v. Depue, 78 S.D. 395, 103 N.W.2d 187, 190 (1960) (\u201cWhile eminent authorities consider knowledge derived from a view as evidence ... this court does not so regard it. However, ... it does enable the trier of facts to more satisfactorily weigh the evidence given in court and is of assistance to him in determining the issues of fact.\u201d); State v. Bernson, 40 Wash.App. 729, 700 P.2d 758, 767-68 (1985) (\u201c[A] jury view of a crime scene is a means of helping the jury to understand the evidence, and is not itself evidence\u201d).\nCommentators have largely rejected this position, however, observing that: 1) jurors consider other factors that cannot be reproduced for the appellate court, such as the demeanor of a witness, and 2) jurors are unlikely to assign less importance to jury views than to other types of evidence merely because they are instructed that the view is not evidence. See WIGMORE ON EVIDENCE \u00a7 1168, at 385; 22 Charles Aan Wright & Kenneth W. Graham Jr., FEDERAL PRACTICE AND PROCEDURE \u00a7 5176, at 141 (1978) (\u201cThe notion that a view is not \u2018evidence\u2019 has been discredited by the writers, and explicitly rejected by our modern code.\u201d) (citations omitted); 2 Joseph McLaughlin, ed., WEINSTEIN\u2019S FEDERAL EVIDENCE \u00a7 403.079[4] (2d ed. 1999) (\u201cThe modern position is that the view does provide independent evidence.\u201d)). Furthermore, the Supreme Court in Snyder v. Massachusetts, 291 U.S. 97, 121, 54 S.Ct. 330, 78 L.Ed. 674 (1934), concurred with the view that jurors were unlikely to make the subtle distinction between views as non-evidence and other information as evidence stating that the view\u2019s \u201cinevitable effect is that of evidence, no matter what label the judge may choose to give it.\u201d Snyder, 291 U.S. at 121, 54 S.Ct. 330, overruled on other grounds, Malloy v. Hogan, 378 U.S. 1, 84 S.Ct. 1489, 12 L.Ed.2d 653 (1964). It is primarily for these reasons that most courts now characterize jury views as evidence. See Lillie v. United States, 953 F.2d 1188, 1192 (10th Cir.1992) (\u201ca view should always be considered evidence\u201d); In re Application to Take Testimony in Criminal Case Outside District, 102 F.R.D. 521, 524 (E.D.N.Y.1984) (\u201c[a]u-thorities now generally agree that the view provides independent evidence\u201d); Neel v. Mannings, Inc., 19 Cal.2d 647, 122 P.2d 576 (1942) (\u201cthe knowledge acquired by the [jury view] was independent evidence in the case\u201d); Chouinard v. Shaw, 99 N.H. 26, 104 A.2d 522, 523 (1954) (\u201cInformation that a jury obtains from a view is evidence which it is authorized to use in reaching a verdict)\u201d; Moore, Kelly & Reddish, Inc. v. Shannondale, Inc., 152 W.Va. 549, 165 S.E.2d 113, 119 (1968) (\u201c[T]he jury, upon the view, was authorized and expected to observe all pertinent physical facts apparent on the premise and to consider such facts as evidence along with all other evidence introduced at the trial\u201d).\nWhile we recognize that jurors are presumed to follow instructions, we are persuaded that the better jurisprudence is to recognize, as the Supreme Court did in Snyder, that despite instruction jurors are likely to have difficulty making the subtle distinction between views as non-evidence and other information as evidence. Evidence is defined as \u201csomething ... that tends to prove or disprove the existence of an alleged fact,\u201d BLACK\u2019S LAW DICTIONARY 576 (7th Ed.1999). It is difficult to conceive of a circumstance when a jury view would not meet this definition of evidence. In this case, given the defense raised by appellant and the response of the government in closing, a view of the car clearly had probative value to the jury. Appellant argued at trial that he was not the shooter, but that another individual, who was sitting in the backseat of his car, was the shooter. While the government\u2019s evidence pointed to Barron as the shooter, government counsel argued that because there was so little room in the backseat it was unlikely that another individual could have been sitting in the backseat. At that point, if not before, the amount of room in the backseat became an important issue in the case, and thus, information relating to that point had evidentiary value.\nIn this case, because the trial judge did not consider the jury view to be evidence, he did not reopen the case and appellant was not given the opportunity to address the jury regarding the viewing. Rather the jury was allowed to draw its own independent conclusions without hearing from either side. In United States v. Hans 738 F.2d 88 (3d Cir.1984), the trial court similarly allowed the jury, pursuant to its request and over the objection of counsel, to see items that had not been formally introduced into evidence without allowing the parties to make further arguments to the jury. On appeal, the court held that the trial court erred in allowing the jury to view the items because they had not been introduced into evidence. The court con-eluded further that \u201c[t]he trial judge should have dealt with the request by allowing the government to reopen its case and move [for] the introduction of the [items].\u201d Id. at 93. The court\u2019s conclusion that reopening the case was the appropriate response was premised in large part on the notion that fairness demanded that the defendant be given the opportunity to dispute the significance of the items. Id.\nIn this case, the trial court had two options: (1) refuse to allow the jury view or (2) reopen the case to allow the introduction of the evidence and any appropriate argument. We agree with the rationale espoused by the court in Hans that to allow the jury to view a significant piece of evidence without granting the parties an opportunity to dispute the significance of the evidence is an unfair infringement on the right of the parties to present arguments regarding all of the evidence in the case. Therefore, the trial court erred in allowing the view without reopening the case, so that the parties could argue about the significance of the evidence.\nOur inquiry, however, does not end here. We still must decide whether the error was harmless. In Edwards v. United States, 785 A.2d 292 (D.C.2001), this court applied the harmless error test first articulated by the Supreme Court in Kotteakos v. United States, 328 U.S. 750, 66 S.Ct. 1239, 90 L.Ed. 1557 (1946), to determine whether the fact that evidence may have been erroneously sent to and considered by the jury, but not properly admitted into evidence, was nonetheless harmless. We find that the Kotteakos standard is also the appropriate one to apply in this ease. Under Kotteakos if:\nthe error did not influence the jury, or had but very slight effect, the verdict and the judgment should stand, except perhaps where the departure is from a constitutional norm or a specific command of Congress. But if one cannot say, with fair assurance, after pondering all that happened without stripping the erroneous action from the whole, that the judgment was not substantially swayed by the error, it is impossible to conclude that substantial rights were not affected. The inquiry , cannot be merely whether there was enough to support the result, apart from the phase affected by the error. It is rather, even so, whether the error itself had substantial influence. If so, or if one is left in grave doubt, the conviction cannot stand.\nKotteakos, 328 U.S. at 764-65, 66 S.Ct. 1239 (internal citation omitted).\nDespite the language in Kotteakos that the court must consider whether the jury was \u201csubstantially swayed by the error,\u201d the government argues that this court in making such a determination is restricted to considering only the pre-deliberative phase of the trial. The government further argues that if its case against Barron was otherwise so strong that the jury could have decided the verdict without the viewing, we should still affirm. In Kotteakos, however, the Supreme Court admonished us to determine whether the judgment was substantially swayed by the error \u201cwithout stripping the erroneous action from the whole.\u201d The Court went further to state that \u201c[t]he inquiry cannot be merely whether there was enough evidence to support the result, apart from the phase affected by the error. It is rather, even so, whether the error itself had substantial influence.\u201d Id. at 765, 66 S.Ct. 1239. Thus, in order to determine whether the error had \u201csubstantial influence\u201d we must also consider the jury\u2019s actions during deliberations.\nIn Ford v. United States, 549 A.2d 1124 (D.C.1988) this court took into consideration the actions of the jury when deciding whether the trial court\u2019s failure to allow cross-examination of a witness was harmless error. In that case the court stated:\n[t]he jury seemed far from certain about the true course of events. It sent out a note during deliberation that it was unable to come to a unanimous verdict, asked for reinstruction on reasonable doubt, sent out a request indicating it may have considered the possibility of another assailant, and eventually acquitted appellant on three of the four counts.\nFord, 549 A.2d at 1127. Similarly, in this case, despite the strength of the government\u2019s case, the jury appeared to be still undecided about whether someone else might have committed the shooting. Since it is undisputed that the shooting originated from appellant\u2019s car, it is logical to infer that the jury was still questioning whether someone else could have actually fired the shots from the backseat. Finally, though deadlocked before viewing the car, the jury was able to reach a verdict rather quickly after the viewing. As a result of the relationship of the view to Barron\u2019s defense and the government\u2019s attack on that defense, this court is unable to \u201csay, with assurance that after pondering all that happened without stripping the erroneous action from the whole, that the judgment was substantially swayed\u201d by the erroneous viewing. Kotteakos, 328 U.S. at 765, 66 S.Ct. 1239. Therefore, the error in this case was not harmless.\nAccordingly, because we find that the trial court erred in the procedure used to accommodate the jury\u2019s request to view appellant\u2019s car and the error was not harmless, we reverse appellant\u2019s conviction and order a new trial.\nSo ordered.\n. Appellant also objected to no limiting instruction being given to the jurors.\n. This court rejected this line of reasoning in Dailey v. District of Columbia, 554 A.2d 339, 340-41 (D.C.1989) holding that a trial judge in a bench trial was not obligated to videotape a scene view for purposes of appellate review.\n. In fact it has been suggested that jurors will assign even more importance to a jury view than to other evidence because \"it is an even more direct and satisfactory source of proof.\u201d WIGMORE ON EVIDENCE \u00a7 1168.\n. If such a case did arise where a jury view lacked any probative value, a trial court might consider the view as non-evidence. See Price v. United States, 14 App. D.C. 391, 405-06 (1899). Furthermore, this decision does not address whether a jury view alone is sufficient evidence to support a verdict.\n. Additionally, although we do not doubt that the judge had the jury brought to the correct vehicle, the procedure was so informal that there is nothing in the record to prove that point.\n. At oral argument while counsel for Barron articulated a rationale for using the constitutional harmless error test of Chapman v. State of California, 386 U.S. 18, 87 S.Ct. 824, 17 L.Ed.2d 705 (1967), he conceded that Kotteakos probably applied to this case.\n. Appellant also raises two other issues that can be summarily addressed: 1) whether his conviction for carrying a gun without a license violates his Second Amendment right to bear arms and 2) whether his conviction for assault with intent to kill and aggravated assault while armed violates the Double Jeopardy Clause of the Fifth Amendment. As appellant noted, the first issue is controlled by our decision in Sandidge v. United States, 520 A.2d 1057, 1058 (D.C.1987), where this court ' found that the Second Amendment protects the right of the state to bear arms, not the right of the individual. Therefore, our carrying a pistol without a license statute does not violate the Second Amendment. The second issue is controlled by our opinion in Nixon v. United States, 730 A.2d 145, 152 (D.C.1999), where this court found that assault with intent to kill and aggravated assault while armed do not merge.",
        "type": "majority",
        "author": "WASHINGTON, Associate Judge:"
      }
    ],
    "attorneys": [
      "Tracey D. Weaver, Public Defender Service, with whom James Klein and Sandra K. Levick, Public Defender Service, were on the brief, for appellant.",
      "Michael C. Liebman, Assistant United States Attorney, with whom Roscoe C. Howard, Jr., United States Attorney, and John R. Fisher and Stuart G. Nash, Assistant United States Attorneys, were on the brief, for appellee."
    ],
    "corrections": "",
    "head_matter": "Adkin T. BARRON, Appellant, v. UNITED STATES, Appellee.\nNo. 00-CF-366.\nDistrict of Columbia Court of Appeals.\nArgued Jan. 9, 2003.\nDecided March 20, 2003.\nTracey D. Weaver, Public Defender Service, with whom James Klein and Sandra K. Levick, Public Defender Service, were on the brief, for appellant.\nMichael C. Liebman, Assistant United States Attorney, with whom Roscoe C. Howard, Jr., United States Attorney, and John R. Fisher and Stuart G. Nash, Assistant United States Attorneys, were on the brief, for appellee.\nBefore SCHWELB, REID and WASHINGTON, Associate Judges."
  },
  "file_name": "0987-01",
  "first_page_order": 1023,
  "last_page_order": 1030
}
