{
  "id": 11530329,
  "name": "Robert McGEE, Appellant, v. Tawnee MULDOWNEY, Appellee",
  "name_abbreviation": "McGee v. Muldowney",
  "decision_date": "2000-04-18",
  "docket_number": "",
  "first_page": "912",
  "last_page": "915",
  "citations": [
    {
      "type": "official",
      "cite": "750 A.2d 912"
    }
  ],
  "court": {
    "name_abbreviation": "Pa. Super. Ct.",
    "id": 8775,
    "name": "Superior Court of Pennsylvania"
  },
  "jurisdiction": {
    "id": 6,
    "name_long": "Pennsylvania",
    "name": "Pa."
  },
  "cites_to": [
    {
      "cite": "738 A.2d 1010",
      "category": "reporters:state_regional",
      "reporter": "A.2d",
      "case_ids": [
        11571819
      ],
      "pin_cites": [
        {
          "page": "1013"
        }
      ],
      "opinion_index": 0,
      "case_paths": [
        "/a2d/738/1010-01"
      ]
    },
    {
      "cite": "734 A.2d 893",
      "category": "reporters:state_regional",
      "reporter": "A.2d",
      "case_ids": [
        11547044
      ],
      "pin_cites": [
        {
          "page": "899"
        }
      ],
      "opinion_index": 0,
      "case_paths": [
        "/a2d/734/0893-01"
      ]
    },
    {
      "cite": "398 N.W.2d 896",
      "category": "reporters:state_regional",
      "reporter": "N.W.2d",
      "weight": 2,
      "year": 1986,
      "pin_cites": [
        {
          "page": "901"
        }
      ],
      "opinion_index": 0
    },
    {
      "cite": "427 Mich. 32",
      "category": "reporters:state",
      "reporter": "Mich.",
      "case_ids": [
        1997373
      ],
      "year": 1986,
      "opinion_index": 0,
      "case_paths": [
        "/mich/427/0032-01"
      ]
    },
    {
      "cite": "674 A.2d 1072",
      "category": "reporters:state_regional",
      "reporter": "A.2d",
      "year": 1996,
      "opinion_index": 0
    },
    {
      "cite": "544 Pa. 608",
      "category": "reporters:state",
      "reporter": "Pa.",
      "year": 1996,
      "opinion_index": 0
    },
    {
      "cite": "665 A.2d 1223",
      "category": "reporters:state_regional",
      "reporter": "A.2d",
      "case_ids": [
        725819,
        7881764
      ],
      "year": 1995,
      "pin_cites": [
        {
          "parenthetical": "en banc"
        }
      ],
      "opinion_index": 0,
      "case_paths": [
        "/pa-super/445/0479-01",
        "/a2d/665/1223-01"
      ]
    },
    {
      "cite": "445 Pa.Super. 479",
      "category": "reporters:state",
      "reporter": "Pa. Super.",
      "case_ids": [
        725819
      ],
      "year": 1995,
      "pin_cites": [
        {
          "parenthetical": "en banc"
        }
      ],
      "opinion_index": 0,
      "case_paths": [
        "/pa-super/445/0479-01"
      ]
    },
    {
      "cite": "719 A.2d 733",
      "category": "reporters:state_regional",
      "reporter": "A.2d",
      "case_ids": [
        11681384,
        11681305,
        356259,
        11681548
      ],
      "weight": 5,
      "year": 1998,
      "pin_cites": [
        {
          "page": "735"
        },
        {
          "page": "740",
          "parenthetical": "footnotes omitted"
        },
        {
          "page": "741",
          "parenthetical": "emphasis in original"
        },
        {
          "page": "740"
        }
      ],
      "opinion_index": 0,
      "case_paths": [
        "/a2d/719/0733-02",
        "/a2d/719/0733-01",
        "/pa/553/0432-02",
        "/a2d/719/0733-03"
      ]
    },
    {
      "cite": "553 Pa. 434",
      "category": "reporters:state",
      "reporter": "Pa.",
      "case_ids": [
        356236
      ],
      "year": 1998,
      "opinion_index": 0,
      "case_paths": [
        "/pa/553/0434-01"
      ]
    }
  ],
  "analysis": {
    "cardinality": 592,
    "char_count": 10609,
    "ocr_confidence": 0.694,
    "pagerank": {
      "raw": 2.1387606250427714e-07,
      "percentile": 0.7668435495660172
    },
    "sha256": "6c3e11a2f5de69d516d60e908cbeed94fa39a7e1092da252443bd54afb69254f",
    "simhash": "1:3f366f9a5c7f8ddb",
    "word_count": 1724
  },
  "last_updated": "2024-02-27T19:50:14.102154+00:00",
  "provenance": {
    "date_added": "2019-08-29",
    "source": "Harvard",
    "batch": "2018"
  },
  "casebody": {
    "judges": [
      "Before McEWEN, President Judge, and JOHNSON and OLSZEWSKI, JJ."
    ],
    "parties": [
      "Robert McGEE, Appellant, v. Tawnee MULDOWNEY, Appellee."
    ],
    "opinions": [
      {
        "text": "McEWEN, President Judge.\n\u00b6 1 Appellant, Robert McGee, has taken this appeal from the order which granted the motion of Tawnee Muldowney, appel-lee, for summary judgment in her favor and against appellant, following the ruling of the trial court that the injuries he suffered in the accident underlying this litigation were not \u201ca serious injury\u201d as that term is defined by Section 1702 of the MVFRL, 75 Pa.C.S. \u00a7 1702. We affirm.\n\u00b6 2 Appellant was a passenger in a motor vehicle operated by appellee when, on February 26, 1993, in Lower Gwynedd Township, Montgomery County, the vehicle went out of control and hit a tree. Appellant does not dispute that he elected the option of limited tort coverage under his auto insurance policy, and that he was thereby subject to Section 1705(d) of the MVFRL which precludes \u201can action for any non-economic loss\u201d unless the injury he sustained in the accident is a \u201cserious injury\u201d as the term is defined by Section 1702 of the MVFRL, namely, \u201ca personal injury resulting in death, serious impairment of body function or permanent serious disfigurement.\u201d 75 Pa.C.S. \u00a7 1702. Appellant argues the injuries he suffered constitute \u201cserious injury\u201d and that it was error for the trial court to conclude to the contrary. Thus, the sole issue we here consider is whether the injuries suffered by appellant meet the \u201cserious injury\u201d threshold.\n\u00b6 3 The decision of the Pennsylvania Supreme Court in Washington v. Baxter, 553 Pa. 434, 719 A.2d 733 (1998), controls the disposition of the instant case. The issue presented in Washington was \u201cwhether summary judgment was properly entered against Kenneth Washington (\u2018appellant\u2019), a limited tort elector, in his action for non-economic losses arising out of an automobile accident.\u201d Washington v. Baxter, supra at 437, 719 A.2d at 735. The Washington Court concluded that the trial court had properly entered summary judgment against the plaintiff on the basis that the plaintiff had failed to establish that he had sustained a \u201cserious injury\u201d. In reaching that decision, the Supreme Court reviewed the en banc decision of this Court in Dodson v. Elvey, 445 Pa.Super. 479, 665 A.2d 1223 (1995)(en banc), appeal granted, 544 Pa. 608, 674 A.2d 1072 (1996), in which we held that \u201cupon the filing of a motion for summary judgment, where there is no substantial dispute of material fact that the plaintiff has not met the \u2018serious impairment of body function\u2019 threshold, or that the plaintiff has indeed met the threshold, the court should make the determination as a matter of law.\u201d Id. at 1232. The Washington Court, after reviewing the legislative history of both the Pennsylvania statutory limited tort option and the Michigan no-fault statute on which the Pennsylvania legislature based the limited tort option, rejected the reasoning employed by this Court in Dodson v. Elvey, supra:\nUpon review, we conclude that the legislative history does not support the view that the threshold determination of whether a serious injury has been sustained is to be made by the trial judge. In fact, we find that the legislature, by following the Michigan model, indicated that the traditional summary judgment standard was to be followed and that the threshold determination was not to be made routinely by a trial court judge in matters such as the one before us now, but rather was to be left to a jury unless reasonable minds could not differ on the issue of whether a serious injury had been sustained.\nNow that we have decided that the ultimate determination should be made by the jury in all but the clearest of cases, we turn to the question of what that determination consists. Act 6 does not provide any assistance to us in defining \u201cserious impairment of a body function\u201d; nor do we find any elucidation of the meaning of this term in the legislative history. We do, however, find that the DiFranco [v. Pickard, 427 Mich. 32, 398 N.W.2d 896 (1986) ] definition of \u201cserious impairment of body function\u201d is a sound one and hereby expressly adopt it. That definition states that:\nThe \u201cserious impairment of body function\u201d threshold contains two inquiries:\na) What body function, if any, was impaired because of injuries sustained in a motor vehicle accident?\nb) Was the impairment of the body function serious? The focus of these inquiries is not on the injuries themselves, but on how the injuries affected a particular body function. Generally, medical testimony will be needed to establish the existence, extent, and permanency of the impairment.... In determining whether the impairment was serious, several factors should be considered: the extent of the impairment, the length of time the impairment lasted, the treatment required to correct the impairment, and any other relevant factors. An impairment need not be permanent to be serious.\nDiFranco, 398 N.W.2d at 901.\nWashington v. Baxter, supra at 446-48, 719 A.2d at 740 (footnotes omitted). The Supreme Court emphasized that \u201c[t]he question to be answered is not whether appellant has adduced sufficient evidence to show that appellant suffered any injury; rather, the question is whether appellant has shown that he has suffered a serious injury such that a body function has been seriously impaired.\u201d Id. at 448-50, 719 A.2d at 741 (emphasis in original). See also: Kelly v. Ziolko, 734 A.2d 893, 899 (Pa.Super.1999).\n\u00b6 4 Appellant contends that the extended treatment by orthopedic specialists of conditions resulting from injury suffered in the accident and the physical limitations attendant those conditions which, according to appellant, precluded him from performing his job as a plumber and required him to undertake the trade of an electrician, compel a finding that the injuries suffered by appellant in the underlying accident met the definition of \u201cserious injury.\u201d We disagree since our review of the record, specifically, the reply filed by appellant to the motion of appellee for summary judgment, reveals admissions by appellant which can be summarized as follows:\nThat he was examined in the emergency room of Suburban General Hospital following the accident of February 26, 1993, and discharged with the diagnosis of cervical strain and sprain for which a prescription for Tylenol was given,\nThat he did not seek further medical attention until ten days thereafter, on March 8, 1993, when he was evaluated by Leonard A. Winegrad, D.O., for complaints of pain in the back, neck and shoulders, particularly the right shoulder, and a diagnosis was made of acute cervical, thoracic and lumbosacral strain and sprain, and radiculopathy of the right hand,\nThat an x-ray examination of the right shoulder on March 12, 1993, was normal, That he undertook a regime of physical therapy, and received the last treatment on July 13,1993,\nThat Zohar Stark, M.D., provided orthopedic evaluations on May 10 and July 7, 1993,\nThat a magnetic resonance imaging of the right shoulder was performed on June 3, 1993, which found conditions consistent with tendonitis or degeneration, and a small amount of fluid in the clavicular and shoulder joints, but was otherwise unremarkable,\nThat he was examined by Robert Mann-hertz, M.D., an orthopedic surgeon on July 8, July 22, and December 20, 1993, That his only other examination and/or treatment by a doctor for injuries from this accident occurred upon another visit to Dr. Mannhertz on May 31, 1994, and That he has been employed fulltime as an electrician since September, 1994, but that his employer is not aware that he shuns certain lifting tasks.\nSimply put, appellant was examined and treated on several occasions during the six months following the accident, but did not seek any medical attention (except for the visits to Dr. Mannhertz on December 20, 1993, and May 31, 1994) during the next five and one-half years which preceded the answers which he filed to the motion of appellee for summary judgment. Moreover, during that same period he was employed full time in a trade.\n\u00b6 5 In summary, appellant has failed to present objective medical evidence as to the degree of any impairment and extent of any pain suffered during the five years preceding those answers to the motion for summary judgment. The subjective allegations presented by appellant, in the absence of objective medical evidence, do not permit a finding that appellant suffered the requisite \u201cserious injury.\u201d While appellant has established that he suffered some injuries to his back and shoulder, he has, nonetheless, failed to establish that these injuries resulted in such substantial interference with any bodily function as to permit a conclusion that the injuries have resulted in a serious impact on his life for an extended period of time. The decision, therefore, was not to be left to a jury, because \u201creasonable minds could not [here] differ on the issue of whether a serious injury had been sustained.\u201d Washington v. Baxter, supra at 446, 719 A.2d at 740.\n\u00b6 6 Accordingly, the distinguished Judge Samuel W. Salus II properly granted the motion of appellee for summary judgment.\n\u00b6 7 Order affirmed.\n. Appellee has filed a motion to dismiss. There is firm and abundant basis for the contention in the motion of appellee that appellant has failed to comply with the Rules of Appellate Procedure. Appellant would appear to view the Rules of Appellate Procedure as Bid Specifications permitting \u201cor equal\u201d, since appellant responds that attaching materials to his brief equates to filing a reproduced record and is thereby equivalent to compliance. The failure is, however, rather abject and we reiterate that compliance with the Rules of Appellate Procedure concerning the briefs and reproduced record are not guideposts but a mandate. See: In Re Crespo, 738 A.2d 1010, 1013 (Pa.Super.1999) (\"Complianee with the Pennsylvania Rules of Appellate Procedure 2152-2154 regarding the contents of reproduced record on appeal is mandatory.\u201d). In any event, in the interest of judicial economy and so as to achieve finality upon the substantive issue presented by the appeal, we have proceeded to full consideration and a decision upon the substantive question presented by the appeal. Motion denied.\n. Dodson v. Elvey, supra, was subsequently reversed and remanded to the Superior Court for disposition consistent with the decision of Washington v. Baxter, supra.",
        "type": "majority",
        "author": "McEWEN, President Judge."
      }
    ],
    "attorneys": [
      "Allen L. Cohen, Wyncote, for appellant.",
      "John J. Barr, Willow Grove, for appel-lee."
    ],
    "corrections": "",
    "head_matter": "Robert McGEE, Appellant, v. Tawnee MULDOWNEY, Appellee.\nSuperior Court of Pennsylvania.\nArgued Feb. 29, 2000.\nFiled April 18, 2000.\nAllen L. Cohen, Wyncote, for appellant.\nJohn J. Barr, Willow Grove, for appel-lee.\nBefore McEWEN, President Judge, and JOHNSON and OLSZEWSKI, JJ."
  },
  "file_name": "0912-01",
  "first_page_order": 960,
  "last_page_order": 963
}
