{
  "id": 8357601,
  "name": "COMMONWEALTH of Pennsylvania, Appellee v. Robert W. GRAFTON, Appellant",
  "name_abbreviation": "Commonwealth v. Grafton",
  "decision_date": "2007-07-13",
  "docket_number": "",
  "first_page": "1112",
  "last_page": "1115",
  "citations": [
    {
      "type": "official",
      "cite": "928 A.2d 1112"
    }
  ],
  "court": {
    "name_abbreviation": "Pa. Super. Ct.",
    "id": 8775,
    "name": "Superior Court of Pennsylvania"
  },
  "jurisdiction": {
    "id": 6,
    "name_long": "Pennsylvania",
    "name": "Pa."
  },
  "cites_to": [
    {
      "cite": "889 A.2d 112",
      "category": "reporters:state_regional",
      "reporter": "A.2d",
      "opinion_index": 0
    },
    {
      "cite": "907 A.2d 1133",
      "category": "reporters:state_regional",
      "reporter": "A.2d",
      "opinion_index": 0
    },
    {
      "cite": "739 A.2d 586",
      "category": "reporters:state_regional",
      "reporter": "A.2d",
      "opinion_index": 0
    },
    {
      "cite": "846 A.2d 730",
      "category": "reporters:state_regional",
      "reporter": "A.2d",
      "case_ids": [
        9258142
      ],
      "weight": 2,
      "pin_cites": [
        {
          "page": "733-34"
        }
      ],
      "opinion_index": 0,
      "case_paths": [
        "/a2d/846/0730-01"
      ]
    },
    {
      "cite": "736 A.2d 564",
      "category": "reporters:state_regional",
      "reporter": "A.2d",
      "case_ids": [
        838560,
        11575941
      ],
      "year": 1999,
      "pin_cites": [
        {
          "page": "569-70"
        }
      ],
      "opinion_index": 0,
      "case_paths": [
        "/pa/558/0214-01",
        "/a2d/736/0564-01"
      ]
    },
    {
      "cite": "558 Pa. 214",
      "category": "reporters:state",
      "reporter": "Pa.",
      "case_ids": [
        838560
      ],
      "year": 1999,
      "pin_cites": [
        {
          "page": "223"
        }
      ],
      "opinion_index": 0,
      "case_paths": [
        "/pa/558/0214-01"
      ]
    },
    {
      "cite": "848 A.2d 987",
      "category": "reporters:state_regional",
      "reporter": "A.2d",
      "case_ids": [
        9249513
      ],
      "opinion_index": 0,
      "case_paths": [
        "/a2d/848/0987-01"
      ]
    },
    {
      "cite": "737 A.2d 214",
      "category": "reporters:state_regional",
      "reporter": "A.2d",
      "case_ids": [
        11567898,
        838539
      ],
      "year": 1999,
      "opinion_index": 0,
      "case_paths": [
        "/a2d/737/0214-01",
        "/pa/558/0313-01"
      ]
    },
    {
      "cite": "558 Pa. 313",
      "category": "reporters:state",
      "reporter": "Pa.",
      "case_ids": [
        838539
      ],
      "year": 1999,
      "opinion_index": 0,
      "case_paths": [
        "/pa/558/0313-01"
      ]
    },
    {
      "cite": "822 A.2d 684",
      "category": "reporters:state_regional",
      "reporter": "A.2d",
      "case_ids": [
        197188,
        9131837
      ],
      "year": 2003,
      "opinion_index": 0,
      "case_paths": [
        "/pa/573/0157-01",
        "/a2d/822/0684-01"
      ]
    },
    {
      "cite": "573 Pa. 157",
      "category": "reporters:state",
      "reporter": "Pa.",
      "case_ids": [
        197188
      ],
      "year": 2003,
      "opinion_index": 0,
      "case_paths": [
        "/pa/573/0157-01"
      ]
    },
    {
      "cite": "703 A.2d 1054",
      "category": "reporters:state_regional",
      "reporter": "A.2d",
      "case_ids": [
        11887129
      ],
      "opinion_index": 0,
      "case_paths": [
        "/a2d/703/1054-01"
      ]
    }
  ],
  "analysis": {
    "cardinality": 523,
    "char_count": 10273,
    "ocr_confidence": 0.743,
    "pagerank": {
      "raw": 4.03580807328026e-08,
      "percentile": 0.20292959164800728
    },
    "sha256": "90a7b1cc6aabb16fc9ed645d6667330e10a6a199747512bb02dde12b7c6e247a",
    "simhash": "1:816b366d3790caf5",
    "word_count": 1650
  },
  "last_updated": "2024-02-27T17:47:29.369632+00:00",
  "provenance": {
    "date_added": "2019-08-29",
    "source": "Harvard",
    "batch": "2018"
  },
  "casebody": {
    "judges": [
      "BEFORE: KLEIN, BENDER and McCAFFERY, JJ."
    ],
    "parties": [
      "COMMONWEALTH of Pennsylvania, Appellee v. Robert W. GRAFTON, Appellant."
    ],
    "opinions": [
      {
        "text": "OPINION BY\nBENDER, J.:\n111 This is an appeal from an order denying/dismissing Appellant\u2019s motion to modify sentence under extraordinary circumstances. Appellant raises one issue for our review, did the trial court err in failing to advise Appellant at sentencing of his right to file post-sentence motions, and the time period for filing the same, which would excuse any late filing of the present motion? After consideration, we affirm.\n\u00b6 2 On January 9, 1996, Appellant entered a plea of guilty to six counts of involuntary deviate sexual intercourse (IDSI) and one count of corrupting the morals of a minor. Appellant was sentenced for these offenses on February 21, 1996. As Appellant filed no direct appeal, his judgment of sentence became final for purposes of the Post Conviction Relief Act (PCRA) on March, 22, 1996. See 42 Pa. C.S. \u00a7 9545(b)(3) (\u201ca judgment becomes final at the conclusion of direct review, including discretionary review in the Supreme Court of the United States and the Supreme Court of Pennsylvania, or at the expiration of time for seeking the review.\u201d). Appellant, thus, had until March 22, 1997 to file a petition for relief under the PCRA. See 42 Pa.C.S. \u00a7 9545(b)(3); see also Commonwealth. v. Alcorn, 703 A.2d 1054 (Pa.Super.1997) (generally, a petition for PCRA relief, including a second or subsequent petition, must be filed within one year of the date the judgment is final). Unfortunately for Appellant, he did not file his first PCRA petition until October 21, 1997. Consequently, Appellant\u2019s petition was dismissed. An appeal to this Court followed, and led to an affirmance on May 3,1999, albeit on grounds different than that relied upon by the PCRA court.\n113 On January 31, 2000, Appellant filed a second PCRA petition, which was dismissed on April 10, 2000, for untimeliness. Similar to Appellant\u2019s first PCRA petition, that dismissal was appealed to this Court, and we affirmed on July 25, 2006.\nIf 4 Prior to the disposition of the appeal on Appellant\u2019s second PCRA, on September 24, 2004, Appellant filed a petition for collateral/post-conviction relief in the form of a petition for writ of habeas corpus, asserting that his sentence was illegal as the sentence for corrupting the morals of a minor should have merged with his sentence(s) for IDSI. On October 5, 2004, Appellant\u2019s petition for writ of habeas corpus was denied. Appellant appealed that denial and, on October 18, \u25a0 2005, we affirmed, concluding that although titled a petition for writ of habeas corpus, Appellant\u2019s petition must be treated as a petition under the PCRA. We further concluded that although attacking the legality of the sentence, an issue that \u201ccannot be waived,\u201d the petition was untimely, and thus the court lacked jurisdiction to grant relief.\n\u00b6 5 Despite the previous futile efforts to secure post-conviction relief, Appellant apparently remained undaunted. Thus, on November 22, 2005, Appellant filed a motion for modification of sentence under extraordinary circumstances. In this motion, Appellant' alleged that he was never apprised of his post-sentence rights when sentenced. As such, Appellant contended, he was entitled to file a motion to modify sentence although the time for filing such a motion had expired several years earlier. The Commonwealth filed a response to Appellant\u2019s motion contending that the motion was untimely. The court agreed and, on July 31, 2006, denied Appellant\u2019s motion for that exact reason. The present appeal followed.\n\u00b6 6 The purpose behind the passage of the PCRA was to bring finality to criminal judgments while allowing criminal defendants a fair opportunity to address, and seek redress for, errors that occurred during trial and/or sentencing. Commonwealth v. Morris, 573 Pa. 157, 822 A.2d 684 (2003). Appellant here, and below, contends that he was not apprised of his post-sentence rights at the time of sentencing. The Commonwealth contests this assertion, stating that all defendants that were sentenced that day were read their rights as a group before proceeding to individualized sentencing. While if Appellant was not advised of his post-sentence rights, he would be eligible for relief due to this omission, it cannot be said that such an error would transcend the jurisdictional parameters of the PCRA and allow a sentence to be attacked several years after imposition of the sentence. Indeed, as can be seen from the denial of Appellant\u2019s petition for writ of habeas corpus, even claims that a sentence was illegal, an issue deemed incapable of being waived, are not beyond the jurisdictional time restrictions. Commonwealth v. Fahy, 558 Pa. 313, 737 A.2d 214 (1999); Commonwealth v. Beck, 848 A.2d 987 (Pa.Super.2004). Thus, although the issue is considered incapable of being waived, this fact does not mean that the matter can be addressed at any time during the length of the sentence. Action to correct the defect must still be taken within one year of the date the judgment of sentence becomes final for purposes of the PCRA.\n\u00b6 7 In the present case, more than 10 years has passed since the alleged omission occurred. Moreover, in the time since sentencing to the filing of the current motion for post-sentence relief, Appellant has filed several petitions for post-conviction relief, either under the PCRA or habeas corpus petitions. It is well established that any claims of error that are cognizable under the PCRA must be brought under the PCRA. Commonwealth v. Lantzy, 558 Pa. 214, 223, 736 A.2d 564, 569-70 (1999). While we have not found any cases wherein post-sentence rights were restored under the PCRA, we note that Commonwealth v. Wright, 846 A.2d 730 (Pa.Super.2004), seemingly acknowledges the court\u2019s authority to grant this relief under the PCRA. Moreover, PCRA courts routinely restore lost appellate rights. Looking at the matter analogously, we see no significant distinction between the restoration of lost appellate rights and the restoration of lost post-sentence rights. That is, if a defendant has been deprived of his post-sentence rights through an omission of counsel or the court, the defendant should be able to redress that deprivation under the PCRA.\n\u00b6 8 Given the above, we must view Appellant\u2019s motion to modify sentence under extraordinary circumstances as a PCRA petition, an untimely one at that. As such, the motion was properly denied for untimeliness. Lastly, although Appellant has not specifically contended that the court\u2019s failure to apprise him of his post-sentence rights would constitute an exception to the PCRA\u2019s timeliness requirements, we observe that we are aware of no authority that such a failure would constitute an exception. In our view, the court\u2019s omission would be no different than other trial court error. Thus, we see no way in which Appellant\u2019s motion can be deemed timely.\n\u00b6 9 Order affirmed.\n. As falling in a \"leap year,\u201d February 1996 contained 29 days.\n. Although the trial court dismissed Appellant\u2019s petition due to counsel\u2019s failure to file a PCRA brief, our court affirmed the dismissal on the basis that the petition was untimely filed. Commonwealth v. Grafton, 739 A.2d 586 (Pa.Super.1999). (unpublished memorandum).\n.The disposition of Appellant\u2019s appeal relating to his second PCRA petition was delayed due to procedural defects. Commonwealth v. Grafton, 907 A.2d 1133 (Pa.Super.2006).\n. Commonwealth v. Grafton, 889 A.2d 112 (Pa.Super.2005).\n. In support of this position, the Commonwealth has appended a copy of the notes of testimony from the sentencing of Kevin Lee Hamilton, CP-17-CR959-1995, dated February 20, 1996. The date does correspond with the date Appellant was sentenced. Appellant contests the Commonwealth\u2019s appending these notes of testimony, asserting that they are not part of the certified record. We note, as well, that the notes of testimony from Appellant's sentencing are not contained in the certified record, either, although Appellant has similarly appended a copy of the notes of his sentencing to his brief. As our ultimate decision does not require us to review the notes of testimony, we will disregard the fact that the notes of testimony are not contained in the certified record.\n. In Wright we stated:\nThe PCRA court did not restore Appellant's right to file a post-sentence motion nunc pro tunc. The PCRA court only reinstated Appellant\u2019s direct appeal rights nunc pro tunc. Indeed, in his PCRA petition Appellant did not seek the restoration of his right to file a post-sentence motion nunc pro tunc. Since Appellant\u2019s right to file a post-sentence motion was not restored nunc pro tunc, the trial court should not have entertained Appellant\u2019s post-sentence motion which was clearly untimely.\nWright, 846 A.2d at 733-34.\n. 42 Pa.C.S. \u00a7 9545 provides:\n\u00a7 9545. Jurisdiction and proceedings\n(a) Original jurisdiction. \u2014 Original jurisdiction over a proceeding under this sub-chapter shall be in the court of common pleas. No court shall have authority to entertain a request for any form of relief in anticipation of the filing of a petition under this subchapter.\n(b) Time for filing petition.\u2014\n(1) Any petition under this subchapter, including a second or subsequent petition, shall be filed within one year of the date the judgment becomes final, unless the petition alleges and the petitioner proves that:\n(i) the failure to raise the claim previously was the result of interference by government officials with the presentation of the claim in violation of the Constitution or laws of this Commonwealth or the Constitution or laws of the United States;\n(ii) the facts upon which the claim is predicated were unknown to the petitioner and could not have been ascertained by the exercise of due diligence; or\n(iii) the right asserted is a constitutional right that was recognized by the Supreme Court of the United States or the Supreme Court of Pennsylvania after the time period provided in this section and has been held by that court to apply retroactively.",
        "type": "majority",
        "author": "BENDER, J.:"
      }
    ],
    "attorneys": [
      "Robert W. Grafton, appellant, Pro Se.",
      "Leanne R. Nedza, Asst. Dist. Atty., Clearfield, for Com., appellee."
    ],
    "corrections": "",
    "head_matter": "COMMONWEALTH of Pennsylvania, Appellee v. Robert W. GRAFTON, Appellant.\nSuperior Court of Pennsylvania.\nSubmitted April 30, 2007.\nFiled July 13, 2007.\nRobert W. Grafton, appellant, Pro Se.\nLeanne R. Nedza, Asst. Dist. Atty., Clearfield, for Com., appellee.\nBEFORE: KLEIN, BENDER and McCAFFERY, JJ."
  },
  "file_name": "1112-01",
  "first_page_order": 1154,
  "last_page_order": 1157
}
