{
  "id": 7904626,
  "name": "STATE of Maine v. Timothy ROWE",
  "name_abbreviation": "State v. Rowe",
  "decision_date": "1984-08-07",
  "docket_number": "",
  "first_page": "778",
  "last_page": "783",
  "citations": [
    {
      "type": "official",
      "cite": "480 A.2d 778"
    }
  ],
  "court": {
    "name_abbreviation": "Me.",
    "id": 9543,
    "name": "Maine Supreme Judicial Court"
  },
  "jurisdiction": {
    "id": 42,
    "name_long": "Maine",
    "name": "Me."
  },
  "cites_to": [
    {
      "cite": "380 A.2d 1016",
      "category": "reporters:state_regional",
      "reporter": "A.2d",
      "case_ids": [
        8010550
      ],
      "opinion_index": 0,
      "case_paths": [
        "/a2d/380/1016-01"
      ]
    },
    {
      "cite": "30 L.Ed.2d 275",
      "category": "reporters:federal",
      "reporter": "L. Ed. 2d",
      "year": 1971,
      "opinion_index": 0
    },
    {
      "cite": "92 S.Ct. 327",
      "category": "reporters:federal",
      "reporter": "S. Ct.",
      "year": 1971,
      "opinion_index": 0
    },
    {
      "cite": "404 U.S. 958",
      "category": "reporters:federal",
      "reporter": "U.S.",
      "case_ids": [
        6418500,
        6419686,
        6418407,
        6418547,
        6418836,
        6419573,
        6419199,
        6418936,
        6419449,
        6418746,
        6419035,
        6418621,
        6419327
      ],
      "year": 1971,
      "opinion_index": 0,
      "case_paths": [
        "/us/404/0958-02",
        "/us/404/0958-13",
        "/us/404/0958-01",
        "/us/404/0958-03",
        "/us/404/0958-06",
        "/us/404/0958-12",
        "/us/404/0958-09",
        "/us/404/0958-07",
        "/us/404/0958-11",
        "/us/404/0958-05",
        "/us/404/0958-08",
        "/us/404/0958-04",
        "/us/404/0958-10"
      ]
    },
    {
      "cite": "442 F.2d 517",
      "category": "reporters:federal",
      "reporter": "F.2d",
      "case_ids": [
        769450
      ],
      "pin_cites": [
        {
          "page": "529"
        }
      ],
      "opinion_index": 0,
      "case_paths": [
        "/f2d/442/0517-01"
      ]
    },
    {
      "cite": "395 A.2d 1123",
      "category": "reporters:state_regional",
      "reporter": "A.2d",
      "case_ids": [
        8038754
      ],
      "pin_cites": [
        {
          "page": "1127-28"
        }
      ],
      "opinion_index": 0,
      "case_paths": [
        "/a2d/395/1123-01"
      ]
    },
    {
      "cite": "409 A.2d 1290",
      "category": "reporters:state_regional",
      "reporter": "A.2d",
      "case_ids": [
        8006752
      ],
      "weight": 2,
      "pin_cites": [
        {
          "page": "1297"
        },
        {
          "page": "1297-98"
        }
      ],
      "opinion_index": 0,
      "case_paths": [
        "/a2d/409/1290-01"
      ]
    },
    {
      "cite": "6 L.Ed. 165",
      "category": "reporters:federal",
      "reporter": "L. Ed.",
      "case_ids": [
        1421261
      ],
      "year": 1824,
      "opinion_index": 0,
      "case_paths": [
        "/us/22/0579-01"
      ]
    },
    {
      "cite": "400 U.S. 470",
      "category": "reporters:federal",
      "reporter": "U.S.",
      "case_ids": [
        12047837
      ],
      "weight": 3,
      "year": 1970,
      "pin_cites": [
        {
          "page": "485"
        },
        {
          "page": "557"
        }
      ],
      "opinion_index": 0,
      "case_paths": [
        "/us/400/0470-01"
      ]
    },
    {
      "cite": "435 A.2d 1349",
      "category": "reporters:state_regional",
      "reporter": "A.2d",
      "case_ids": [
        8024628
      ],
      "weight": 3,
      "pin_cites": [
        {
          "page": "1364"
        },
        {
          "page": "1365"
        }
      ],
      "opinion_index": 0,
      "case_paths": [
        "/a2d/435/1349-01"
      ]
    },
    {
      "cite": "294 A.2d 418",
      "category": "reporters:state_regional",
      "reporter": "A.2d",
      "case_ids": [
        8045885
      ],
      "weight": 2,
      "pin_cites": [
        {
          "page": "422-23"
        },
        {
          "page": "422-23"
        }
      ],
      "opinion_index": 0,
      "case_paths": [
        "/a2d/294/0418-01"
      ]
    },
    {
      "cite": "437 U.S. 28",
      "category": "reporters:federal",
      "reporter": "U.S.",
      "case_ids": [
        6177204
      ],
      "weight": 3,
      "year": 1978,
      "opinion_index": 0,
      "case_paths": [
        "/us/437/0028-01"
      ]
    },
    {
      "cite": "546 F.2d 1336",
      "category": "reporters:federal",
      "reporter": "F.2d",
      "case_ids": [
        1010092
      ],
      "pin_cites": [
        {
          "page": "1347-50"
        }
      ],
      "opinion_index": 0,
      "case_paths": [
        "/f2d/546/1336-01"
      ]
    },
    {
      "cite": "410 U.S. 458",
      "category": "reporters:federal",
      "reporter": "U.S.",
      "case_ids": [
        11957586
      ],
      "weight": 3,
      "year": 1973,
      "pin_cites": [
        {
          "page": "462"
        },
        {
          "page": "1069"
        }
      ],
      "opinion_index": 0,
      "case_paths": [
        "/us/410/0458-01"
      ]
    },
    {
      "cite": "459 A.2d 148",
      "category": "reporters:state_regional",
      "reporter": "A.2d",
      "case_ids": [
        7959592
      ],
      "pin_cites": [
        {
          "page": "151"
        }
      ],
      "opinion_index": 0,
      "case_paths": [
        "/a2d/459/0148-01"
      ]
    },
    {
      "cite": "434 U.S. 497",
      "category": "reporters:federal",
      "reporter": "U.S.",
      "case_ids": [
        6185127
      ],
      "weight": 9,
      "year": 1978,
      "pin_cites": [
        {
          "page": "506"
        },
        {
          "page": "831"
        },
        {
          "page": "510"
        },
        {
          "page": "832"
        }
      ],
      "opinion_index": 0,
      "case_paths": [
        "/us/434/0497-01"
      ]
    },
    {
      "cite": "435 A.2d 1106",
      "category": "reporters:state_regional",
      "reporter": "A.2d",
      "case_ids": [
        8015777
      ],
      "weight": 2,
      "pin_cites": [
        {
          "page": "1107"
        },
        {
          "page": "1108"
        }
      ],
      "opinion_index": 0,
      "case_paths": [
        "/a2d/435/1106-01"
      ]
    },
    {
      "cite": "459 A.2d 562",
      "category": "reporters:state_regional",
      "reporter": "A.2d",
      "case_ids": [
        7973604
      ],
      "weight": 2,
      "pin_cites": [
        {
          "page": "565-66"
        },
        {
          "page": "566"
        }
      ],
      "opinion_index": 0,
      "case_paths": [
        "/a2d/459/0562-01"
      ]
    },
    {
      "cite": "533 F.Supp. 1373",
      "category": "reporters:federal",
      "reporter": "F. Supp.",
      "case_ids": [
        5654530
      ],
      "weight": 2,
      "pin_cites": [
        {
          "page": "1375-76"
        },
        {
          "page": "1376"
        }
      ],
      "opinion_index": 0,
      "case_paths": [
        "/f-supp/533/1373-01"
      ]
    },
    {
      "cite": "202 A.2d 6",
      "category": "reporters:state_regional",
      "reporter": "A.2d",
      "year": 1964,
      "pin_cites": [
        {
          "page": "8"
        }
      ],
      "opinion_index": 0
    },
    {
      "cite": "160 Me. 198",
      "category": "reporters:state",
      "reporter": "Me.",
      "case_ids": [
        907097
      ],
      "year": 1964,
      "pin_cites": [
        {
          "page": "200"
        }
      ],
      "opinion_index": 0,
      "case_paths": [
        "/me/160/0198-01"
      ]
    },
    {
      "cite": "381 A.2d 1130",
      "category": "reporters:state_regional",
      "reporter": "A.2d",
      "case_ids": [
        8012011
      ],
      "opinion_index": 0,
      "case_paths": [
        "/a2d/381/1130-01"
      ]
    },
    {
      "cite": "462 A.2d 17",
      "category": "reporters:state_regional",
      "reporter": "A.2d",
      "case_ids": [
        7944760,
        7944807
      ],
      "pin_cites": [
        {
          "page": "20"
        }
      ],
      "opinion_index": 0,
      "case_paths": [
        "/a2d/462/0017-01",
        "/a2d/462/0017-02"
      ]
    },
    {
      "cite": "106 A. 768",
      "category": "reporters:state_regional",
      "reporter": "A.",
      "year": 1919,
      "pin_cites": [
        {
          "page": "770"
        }
      ],
      "opinion_index": 0
    },
    {
      "cite": "118 Me. 203",
      "category": "reporters:state",
      "reporter": "Me.",
      "case_ids": [
        6099532
      ],
      "year": 1919,
      "pin_cites": [
        {
          "page": "208"
        }
      ],
      "opinion_index": 0,
      "case_paths": [
        "/me/118/0203-01"
      ]
    },
    {
      "cite": "416 A.2d 255",
      "category": "reporters:state_regional",
      "reporter": "A.2d",
      "case_ids": [
        7943033
      ],
      "weight": 5,
      "pin_cites": [
        {
          "page": "258"
        },
        {
          "page": "259"
        },
        {
          "page": "260"
        },
        {
          "page": "260"
        },
        {
          "page": "259"
        }
      ],
      "opinion_index": 0,
      "case_paths": [
        "/a2d/416/0255-01"
      ]
    },
    {
      "cite": "476 A.2d 1148",
      "category": "reporters:state_regional",
      "reporter": "A.2d",
      "case_ids": [
        7915771
      ],
      "opinion_index": 0,
      "case_paths": [
        "/a2d/476/1148-01"
      ]
    },
    {
      "cite": "391 U.S. 123",
      "category": "reporters:federal",
      "reporter": "U.S.",
      "case_ids": [
        1767670
      ],
      "weight": 6,
      "year": 1968,
      "pin_cites": [
        {
          "page": "137"
        },
        {
          "page": "1628"
        }
      ],
      "opinion_index": 0,
      "case_paths": [
        "/us/391/0123-01"
      ]
    }
  ],
  "analysis": {
    "cardinality": 873,
    "char_count": 16635,
    "ocr_confidence": 0.784,
    "pagerank": {
      "raw": 2.649403240768142e-07,
      "percentile": 0.8239084595279493
    },
    "sha256": "febedf662d7d6c19125b5d6c06da3f2dd25f14dbc2dbcc03baadf6d714c0f19f",
    "simhash": "1:7d96518456cf4250",
    "word_count": 2688
  },
  "last_updated": "2024-02-27T19:06:26.977971+00:00",
  "provenance": {
    "date_added": "2019-08-29",
    "source": "Harvard",
    "batch": "2018"
  },
  "casebody": {
    "judges": [
      "Before McKUSICK, C.J., and NICHOLS, ROBERTS, WATHEN, GLASSMAN and SCOLNIK, JJ."
    ],
    "parties": [
      "STATE of Maine v. Timothy ROWE."
    ],
    "opinions": [
      {
        "text": "GLASSMAN, Justice.\nOn July 14, 1983, a Cumberland County jury found Timothy Rowe guilty of Hindering Apprehension or Prosecution (Class B), 17-A M.R.S.A. \u00a7 753(1)(C) & (2) (1983), for his participation in the destruction of evidence relating to a murder committed in Windham. The defendant appeals the judgment entered on the jury\u2019s verdict claiming that he was twice put in jeopardy for the same offense in violation of his constitutional rights. Me. Const, art. I, \u00a7 8. We agree and vacate the conviction.\nBy indictment dated January 13, 1983, the defendant was charged with the murder of Michael Moore and with hindering the apprehension or prosecution of another. His brother, Harold, was charged with murder in the same indictment. During the investigation of the murder, both Timothy and Harold gave statements to the police regarding Moore\u2019s death. Timothy\u2019s statement contains several admissions by Harold that he intentionally killed Moore. Harold\u2019s statement recites admissions by Harold that he planned to kill Moore, had communicated this fact to Timothy and asked to use his gun, and in fact Moore had been shot with a gun allegedly supplied by Timothy, but his statement also relates facts indicating that the killing was accidental.\nThe State chose to try Timothy and his brother jointly. On the third day of trial, after ten prosecution witnesses had testified, the State\u2019s attorney sought a ruling from the presiding justice as to the admissibility against Harold of a redacted version of the statement Timothy gave to the police. By making such a request, the State implicitly acknowledged that it anticipated a problem under Bruton v. United States, 391 U.S. 123, 88 S.Ct. 1620, 20 L.Ed.2d 476 (1968), in gaining admission of Timothy\u2019s statement. Timothy\u2019s counsel objected to the use of the redacted version and insisted that if the court permitted the State to use the statement in the joint prosecution, it be required to introduce the entire statement since the portion excised from the redacted version tended to show that Harold, not Timothy, committed the murder. The court advised counsel that Bruton prohibited the admission in evidence of Timothy\u2019s complete statement.\nOutside the presence of the jury, the justice heard argument by the State that the admission of Timothy\u2019s redacted statement would not violate Bruton because it \u201cinterlocked\u201d with the statement Harold gave to the police. The justice expressed doubt that the statements were sufficiently interlocking to permit Timothy\u2019s redacted statement to be admitted under the State\u2019s theory, but did not formally rule on the issue until he heard Detective Johnson testify as to the substance of the statement Harold gave to him. After Johnson testified, the State advised the court that it would offer the testimony of Detective Herring regarding the content of Timothy\u2019s redacted statement. The justice acknowledged that the statements of Harold and Timothy had \u201cinterlocking features\u201d but concluded that Timothy\u2019s statement could not be admitted in the joint prosecution even in its redacted form because it still tended to establish a critical element of the State\u2019s ease, viz., Harold\u2019s intent to kill Moore.\nWithout consulting either defense counsel or the prosecutor, the justice ordered the cases severed. Apparently out of concern for potential double jeopardy issues, the prosecutor immediately inquired whether defense counsel had moved for severance. In effect, the prosecutor asked whether counsel consented to the order. Counsel for both Harold and Timothy made it clear that they were not requesting severance and the justice explained to the prosecutor that he understood that defense counsel maintained that the joint trial should go forward as long as the statements of Harold and Timothy were excluded in their entirety. Counsel for neither defendant, however, objected to the order.\nA discussion ensued in chambers regarding which defendant would be severed from the proceedings. The State asked to complete the trial of Harold because, according to the prosecutor, \u201cthe evidence indicates ... that Harold Rowe committed the murder.\u201d The State expressed concern about the possibility of securing\u00bb a conviction of Timothy, whom the prosecutor viewed as the \u201cless culpable person,\u201d and Harold\u2019s being acquitted in a subsequent proceeding. The justice granted the State\u2019s request to proceed with the trial of Harold.\nIn July 1983, after Timothy\u2019s counsel unsuccessfully argued that any further prosecution would violate his client\u2019s right to be free from double jeopardy, Timothy was retried on the same indictment. He was acquitted of murder but convicted of hindering apprehension or prosecution.\nFollowing the primacy approach approved in State v. Cadman, 476 A.2d 1148 (Me.1984), we test the defendant\u2019s challenge by the Maine Constitution and we conclude that his trial after severance violated his right of not twice being put in \u201cjeopardy of life or limb\u201d guaranteed by article I, section 8.\nIt is a fundamental principle of criminal law that in a criminal prosecution tried to a jury, jeopardy attaches as soon as the jury is impaneled and sworn. State v. Linscott, 416 A.2d 255, 258 (Me.1980); State v. Slorah, 118 Me. 203, 208, 106 A. 768, 770 (1919). In jury disagreement cases, once jeopardy attaches, a defendant will not lose his opportunity to obtain a favorable verdict from a particular jury and will not be required to stand trial a second time unless he consents to a mistrial, State v. Fredette, 462 A.2d 17, 20 (Me.1983); State v. Small, 381 A.2d 1130, 1132 n. 3 (Me.1978); Clukey v. State, 160 Me. 198, 200, 202 A.2d 6, 8 (1964), or unless under all the circumstances, the mistrial was mandated by manifest necessity. Henderson v. Wright, 533 F.Supp. 1373, 1375-76 (D.Me.1982); State v. McConvey, 459 A.2d 562, 565-66 (Me.1983); State v. Henderson, 435 A.2d 1106, 1107 (Me.1981); see Arizona v. Washington, 434 U.S. 497, 98 S.Ct. 824, 54 L.Ed.2d 717 (1978). We view the severance order in the instant case as the functional equivalent of a declaration of a mistrial as to Timothy. Accordingly, because jeopardy attached to Timothy at the time the jury was impaneled and sworn at the joint trial with Harold on April 11, 1983, the defendant\u2019s retrial violated his right to be free from double jeopardy unless severance were mandated by manifest necessity.\nThe double jeopardy provision of the Maine Constitution protects both the valued right of the accused to have his trial completed by a particular tribunal once jeopardy attaches as well as the public\u2019s interest in just judgments. State v. Pierce, 459 A.2d 148, 151 (Me.1983). When the circumstances of a particular case warrant judicial recognition that the interests of the public take precedence over the interests of the defendant, manifest necessity is present and retrial is constitutionally permissible. Because of the importance of a defendant\u2019s right to be free from double jeopardy, the State must shoulder the heavy burden of justifying a mistrial as manifestly necessary. Linscott, 416 A.2d at 259. Appellate decisions supply no mechanical formula to be applied by the trial court in determining whether a particular case presents facts that would justify a mistrial and permit a subsequent prosecution. Illinois v. Somerville, 410 U.S. 458, 462, 93 S.Ct. 1066, 1069, 35 L.Ed.2d 425 (1973). There is no question, however, that a \u201chigh degree\u201d of necessity is required before a trial court properly can conclude that termination of the proceedings is appropriate. Washington, 434 U.S. at 506, 98 S.Ct. at 831; Henderson v. Wright, 533 F.Supp. at 1376. A trial justice enjoys broad discretion in making this determination, Washington, 434 U.S. at 510, 98 S.Ct. at 832; McConvey, 459 A.2d at 566; State v. Henderson, 435 A.2d at 1108, and his decision is entitled to great deference on appeal except where the record reveals a failure to exercise sound judicial discretion. Linscott, 416 A.2d at 260, quoting Washington, 434 U.S. at 510 n. 28, 98 S.Ct. at 832 n. 28.\nIn the instant case, the trial justice ordered severance after he concluded that Timothy\u2019s redacted statement, if admitted, would violate Harold\u2019s rights under Bru-ton. Although the justice\u2019s ruling was correct on the Bruton issue, the decision to sever Timothy\u2019s case was not a sound exercise of judicial discretion because the State failed to demonstrate at trial any necessity for the severance. Manifest necessity simply cannot exist where, as here, the trial justice had a clear alternative \u2014 sustaining Timothy\u2019s objection to the admission of the redacted statement \u2014 that would have both protected Harold\u2019s Bruton rights and preserved intact the joint prosecution format selected by the State. See Bretz v. Crist, 546 F.2d 1336, 1347-50 (9th Cir.1976), aff'd, 437 U.S. 28, 98 S.Ct. 2156, 57 L.Ed.2d 24 (1978). Moreover, there is no indication that the ends of public justice could not have been served had the State been required to continue with the prosecution without the admission into evidence of Timothy\u2019s redacted statement.\nThe State had in its possession the statements of Timothy and Harold for four months prior to the start of the joint trial and, as we have previously noted, should reasonably have foreseen a Bruton problem if it intended to offer some version of Timothy\u2019s statement at trial. In fact, the State acknowledges in its brief to this court that it created the Bruton problem by neglecting to obtain a pretrial ruling in conformance with the American Bar Association standard we approved in State v. Wing, 294 A.2d 418, 422-23 (Me.1972). See note 10 supra. The State cannot rely on a problem created by its own neglect to establish the existence of manifest necessity. By requiring Timothy again to stand trial for the offenses charged in the January 13, 1983 indictment, the State denied him the right guaranteed by article I, section 8, of the Maine Constitution: \u201cNo person, for the same offense, shall be twice put in jeopardy of life or limb.\u201d\nThe entry is:\nJudgment of conviction vacated.\nRemanded to the Superior Court with directions to dismiss the indictment.\nAll concurring.\n. Section 753 provides in pertinent part:\nHindering apprehension or prosecution\n1. A person is guilty of hindering apprehension or prosecution if, with the intent to hinder, prevent or delay the discovery, apprehension, prosecution, conviction or punishment of another person for the commission of a crime, he:\nC. Conceals, alters or destroys any physical evidence that might aid in the discovery, apprehension or conviction of such person;\n2.Hindering apprehension is a Class B crime if the defendant knew of conduct of the other person which has in fact resulted in a charge of murder or a Class A crime or which has in fact rendered the other person liable to such a charge....\n. Timothy's statement was given to Maine State Police Detective Peter Herring during the late evening of December 10, 1982. The defendant dictated his statement to Herring because he suffers from a disability that prevents him from writing clearly. Timothy, however, read and signed the statement after Herring completed it.\n. Harold\u2019s statement was given to Maine State Police Sergeant Richard Johnson during the early morning of December 11, 1982. It consists of two typewritten pages containing both direct quotes from Harold as well as summations made by Sergeant Johnson.\n. Bruton holds that in joint trial cases, the admission in evidence of a non-testifying defendant\u2019s confession implicating his codefendant violates the codefendant\u2019s Sixth Amendment right to cross-examine his accusers. Bruton v. United States, 391 U.S. 123, 137, 88 S.Ct. 1620, 1628, 20 L.Ed.2d 476 (1968).\n. Statements of codefendants \"interlock,\" and therefore do not impermissibly infringe upon Sixth Amendment rights, when admitted at trial as long as the statements are \u201csubstantially similar and consistent on the major elements of the crime,\u201d State v. Bleyl, 435 A.2d 1349, 1364 (Me.1981), and as long as the jury is instructed to limit its consideration of each statement to the defendant who made it. Id. at 1362 n. 10.\n. Johnson testified outside the presence of the jury in order to eliminate the possibility of prejudicing the rights of either defendant.\n. The State concedes in its brief on appeal that the justice was correct in ruling that the redacted statement could not be used without infringing on Harold\u2019s Sixth Amendment rights as recognized in Bruton.\n. We do not accept the State\u2019s argument that defendant\u2019s retrial was authorized on the ground that he consented to the severance. We have already noted that the presiding justice ordered severance of the cases without first allowing counsel to participate in the decision to sever. This court has recognized previously that if a defendant\u2019s right to have his case decided by a particular tribunal is valued, \"the defendant has a significant interest in the decision whether or not to take the case from the jury.\u2019\u2019 State v. Linscott, 416 A.2d 255, 260 (Me.1980), quoting United States v. Jorn, 400 U.S. 470, 485, 91 S.Ct. 547, 557, 27 L.Ed.2d 543 (1970). Although Timothy\u2019s counsel did not object to the severance order after it was made, he was not silent on the issue of severance. Timothy\u2019s counsel made it clear, in response to the prosecutor's inquiry, that he was not moving for severance and the trial justice acknowledged the position of counsel for both defendants \u2014 that it would be proper for the trial to continue as long as the statements of both defendants were excluded. On this record we cannot conclude that Timothy consented to the severance so as to relieve the State from its burden of justifying the severance by establishing manifest necessity. See Linscott, 416 A.2d at 259.\n. The classic formulation of the test was articulated by Mr. Justice Storey:\n[ T]he law has invested Courts of justice with the authority to discharge a jury from giving any verdict, whenever, in their opinion, taking all the circumstances into consideration, there is manifest necessity for the act, or the ends of public justice would otherwise be defeated. They are to exercise a sound discretion on the subject; and it is impossible to define^ all the circumstances, which would render it proper to interfere. To be sure, the power ought to be used with the greatest caution, under urgent circumstances, and for very plain and obvious causes; and, in capital cases especially, Courts should be extremely careful how they interfere with any of the chances of life, in favour of the prisoner. But, after all, they have the right to order the discharge; and the security which the public have for the faithful, sound, and conscientious exercise of this discretion rests, in this, as in other cases, upon the responsibility of the Judges, under their oaths of office.\nUnited States v. Perez, 22 U.S. (9 Wheat.) 579, 580, 6 L.Ed. 165 (1824).\n. We do not disapprove of joint prosecutions. State v. Anderson, 409 A.2d 1290, 1297 (Me.1979); State v. Rich, 395 A.2d 1123, 1127-28 (Me.1978), quoting United States v. Barber, 442 F.2d 517, 529 (3d Cir.), cert. denied, 404 U.S. 958, 92 S.Ct. 327, 30 L.Ed.2d 275 (1971). In cases where a Bruton issue is likely to arise, however, we have strongly suggested that the issue is best resolved prior to the commencement of trial. Anderson, 409 A.2d at 1297-98; State v. Elwell, 380 A.2d 1016, 1020 n. 4 (Me.1977); State v. Wing, 294 A.2d 418, 422-23 (Me.1972) (approving A.B.A. Project on Standards for Criminal Justice, Advisory Committee on the Criminal Trial, \u00a7 2.3). Indeed, in cases where, as in the instant case, Bruton violations can be foreseen clearly before trial, we have stated that separate prosecutions or some alternative means of guarding a defendant\u2019s Sixth Amendment rights is required. State v. Bleyl, 435 A.2d 1349, 1365 (Me.1981). In the present case, the State would have been well advised to have obtained a ruling from the presiding justice prior to trial as to the permitted use of the statements given by Harold and Timothy so that it could decide whether the joint prosecution alternative was advisable. M.R.Crim.P. 12(c).",
        "type": "majority",
        "author": "GLASSMAN, Justice."
      }
    ],
    "attorneys": [
      "James E. Tierney, Atty. Gen., Nicholas M. Gess (orally), Fernand R. LaRochelle, Joseph A. Wannemacher, Asst. Attys. Gen., Augusta, for plaintiff.",
      "Latty, French, Walker, Thrift & Goodrich, Robert Goodrich (orally), Robert N. Walker, Yarmouth, for defendant."
    ],
    "corrections": "",
    "head_matter": "STATE of Maine v. Timothy ROWE.\nSupreme Judicial Court of Maine.\nArgued June 21, 1984.\nDecided Aug. 7, 1984.\nJames E. Tierney, Atty. Gen., Nicholas M. Gess (orally), Fernand R. LaRochelle, Joseph A. Wannemacher, Asst. Attys. Gen., Augusta, for plaintiff.\nLatty, French, Walker, Thrift & Goodrich, Robert Goodrich (orally), Robert N. Walker, Yarmouth, for defendant.\nBefore McKUSICK, C.J., and NICHOLS, ROBERTS, WATHEN, GLASSMAN and SCOLNIK, JJ."
  },
  "file_name": "0778-01",
  "first_page_order": 822,
  "last_page_order": 827
}
