{
  "id": 11940839,
  "name": "Colleen M. BENNETT v. Lloyd BENNETT",
  "name_abbreviation": "Bennett v. Bennett",
  "decision_date": "1991-03-13",
  "docket_number": "",
  "first_page": "463",
  "last_page": "465",
  "citations": [
    {
      "type": "official",
      "cite": "587 A.2d 463"
    }
  ],
  "court": {
    "name_abbreviation": "Me.",
    "id": 9543,
    "name": "Maine Supreme Judicial Court"
  },
  "jurisdiction": {
    "id": 42,
    "name_long": "Maine",
    "name": "Me."
  },
  "cites_to": [
    {
      "cite": "446 A.2d 418",
      "category": "reporters:state_regional",
      "reporter": "A.2d",
      "case_ids": [
        7981369
      ],
      "pin_cites": [
        {
          "page": "420"
        }
      ],
      "opinion_index": 0,
      "case_paths": [
        "/a2d/446/0418-01"
      ]
    },
    {
      "cite": "534 A.2d 1310",
      "category": "reporters:state_regional",
      "reporter": "A.2d",
      "case_ids": [
        7894633
      ],
      "year": 1987,
      "pin_cites": [
        {
          "page": "1312"
        }
      ],
      "opinion_index": 0,
      "case_paths": [
        "/a2d/534/1310-01"
      ]
    },
    {
      "cite": "550 A.2d 1132",
      "category": "reporters:state_regional",
      "reporter": "A.2d",
      "case_ids": [
        7914234
      ],
      "opinion_index": 0,
      "case_paths": [
        "/a2d/550/1132-01"
      ]
    },
    {
      "cite": "562 A.2d 138",
      "category": "reporters:state_regional",
      "reporter": "A.2d",
      "case_ids": [
        7346061
      ],
      "pin_cites": [
        {
          "page": "139"
        }
      ],
      "opinion_index": 0,
      "case_paths": [
        "/a2d/562/0138-01"
      ]
    },
    {
      "cite": "565 A.2d 95",
      "category": "reporters:state_regional",
      "reporter": "A.2d",
      "case_ids": [
        7346175
      ],
      "year": 1989,
      "pin_cites": [
        {
          "page": "96"
        }
      ],
      "opinion_index": 0,
      "case_paths": [
        "/a2d/565/0095-01"
      ]
    }
  ],
  "analysis": {
    "cardinality": 398,
    "char_count": 6563,
    "ocr_confidence": 0.787,
    "pagerank": {
      "raw": 1.1133880782514083e-07,
      "percentile": 0.5712547333840698
    },
    "sha256": "afbecd52a7be25850ad8b67cfd2f5027462b66bfe84cd404b64f8f090a4bf50a",
    "simhash": "1:0cba6e252e96a924",
    "word_count": 1090
  },
  "last_updated": "2024-02-27T23:22:31.376496+00:00",
  "provenance": {
    "date_added": "2019-08-29",
    "source": "Harvard",
    "batch": "2018"
  },
  "casebody": {
    "judges": [
      "Before McKUSICK, C.J., and ROBERTS, WATHEN, GLASSMAN, CLIFFORD and BRODY, JJ.",
      "All concurring."
    ],
    "parties": [
      "Colleen M. BENNETT v. Lloyd BENNETT."
    ],
    "opinions": [
      {
        "text": "GLASSMAN, Justice.\nLloyd Bennett appeals from the judgment entered in the Superior Court (Cumberland County, Beaudoin, J.) granting a divorce to Colleen M. Bennett. Lloyd contends that the court erred by (1) denying his motion to require Colleen to sign and submit to the court for its approval an agreement alleged to have been reached between the parties through mediation, (2) finding that the family business and its premises are marital property, (3) finding that Lloyd\u2019s gross annual income exceeded that of Lloyd\u2019s estimate, (4) awarding to Colleen the equity in the marital residence, and (5) determining that the primary residence of the parties\u2019 three minor children be with Colleen. We affirm the judgment.\nLloyd first contends that the provisions of 19 M.R.S.A. \u00a7 665 (Supp.1990) required the trial court to grant his motion to compel Colleen to sign and submit to the court the alleged agreement of the parties. We disagree. Section 665 provides:\n[t]he court may, in any case under this subchapter, at any time refer the parties to mediation on any issues. Any agreement reached by the parties through mediation on any issues shall be reduced to writing, signed by the parties and presented to the court for approval as a court order. When agreement through mediation is not reached on any issue the court must determine that the parties made a good faith effort to mediate the issue before proceeding with a hearing. If the court finds that either party failed to make a good faith effort to mediate, the court may order the parties to submit to mediation, may dismiss the action or any part of the action, may render a decision or judgment by default, may assess attorney\u2019s fees and costs or may impose any other sanction that is appropriate in the circumstances. (Emphasis added).\nSection 665 allows the parties to a divorce action to attempt through mediation to reach an agreement on any of the issues presented by that action without the involvement of the court in the mediation process. The provisions in section 665 governing the requirements of an agreement reached through mediation explicitly assure the court of the parties\u2019 consent to and willingness to be bound by the terms of their agreement. Absent such a signed, written agreement being submitted to it, the court makes a determination of the issues presented by an action for divorce based on the evidence adduced by the parties at the time of the trial of that action.\nLloyd did not contend before the trial court, nor does he here, that Colleen failed to make a good faith effort to mediate, thereby engaging the authority provided in section 665 for the court to impose such sanctions as the court in its discretion deems appropriate in the circumstances. His contention is that because Colleen did not sign the alleged mediated agreement between the parties, section 665 mandates that the court order Colleen to sign the document and submit it to the court for its approval. To read such a mandate into the language of section 665 would of necessity require the trial court to engage in the time-consuming process of exploring what transpired between the parties during the course of the mediation in order to determine if they had reached any agreement and, if so, the actual terms of that agreement. Clearly, this is contrary to and would undermine the basic policy of the mediation process that parties be encouraged to arrive at a settlement of disputed issues without the intervention of the court. Accordingly, the trial court properly denied Lloyd\u2019s motion requesting that the court order Colleen to sign and submit to the court for its approval the alleged agreement of the parties.\nLloyd next contends that the court erred in finding that the family business and its premises were marital property rather than a gift to Lloyd. We disagree. Property acquired during a marriage is presumed to be marital property unless this statutory presumption is rebutted by the party who seeks to characterize the acquisition as a gift. See 19 M.R.S.A. \u00a7 722-A(2)(A) (Supp.1990). \u201cThe showing required to overcome the presumption is one of fact reviewable for clear error.\u201d Veilleux v. Veilleux, 565 A.2d 95, 96 (Me. 1989). We have previously stated that an effective inter vivos gift requires three elements: (1) donative intent, (2) delivery with intent to surrender all dominion over the property, and (3) acceptance by the donee. Brackett v. Larrivee, 562 A.2d 138, 139 (Me.1989).\nIn the present case, the parties stipulated that the family business and its premises owned by Lloyd\u2019s mother had a value of $250,000. The court also heard testimony that since their marriage in 1970 both Lloyd and Colleen had worked in that business and that Lloyd\u2019s mother was desirous of keeping the business in her family. Two days after Lloyd\u2019s mother conveyed this property to Lloyd, Lloyd and Colleen secured a loan in the amount of $100,000 for which each was liable and paid $50,000 to Lloyd\u2019s mother and the remaining $50,000 to satisfy outstanding debts of the business. Based on this evidence, the court could rationally find that the transaction was not a gift but was in the nature of a sale-purchase agreement for less than full market value for which the proceeds of the loan provided the consideration for purchase. Accordingly, we find no error in the court\u2019s determination that the property was marital.\nWe find no merit in Lloyd\u2019s other contentions on appeal. The evidence in the record supports the court\u2019s finding as to Lloyd\u2019s gross annual income and discloses uncon-troverted evidence from which the court could have concluded that due to the generous supplementation of Lloyd\u2019s earnings from the business his estimate of his resources available for child support was not credible. The court did not abuse its discretion by awarding the business and its premises to Lloyd and the family residence to Colleen, see West v. West, 550 A.2d 1132, 1133 n. 43 (Me.1988), nor in determining that the interests of the parties\u2019 minor children would best be served by continuing their primary residence with Colleen. See Villa v. Smith, 534 A.2d 1310, 1312 (Me. 1987); Lane v. Lane, 446 A.2d 418, 420 (Me.1982).\nThe entry is:\nJudgment affirmed.\nAll concurring.",
        "type": "majority",
        "author": "GLASSMAN, Justice."
      }
    ],
    "attorneys": [
      "Francis Jackson, Portland, for plaintiff.",
      "Michael P. Asen, Mittel, Asen, Eggert & Hunter, Portland, for defendant."
    ],
    "corrections": "",
    "head_matter": "Colleen M. BENNETT v. Lloyd BENNETT.\nSupreme Judicial Court of Maine.\nSubmitted on Briefs Jan. 14, 1991.\nDecided March 13, 1991.\nFrancis Jackson, Portland, for plaintiff.\nMichael P. Asen, Mittel, Asen, Eggert & Hunter, Portland, for defendant.\nBefore McKUSICK, C.J., and ROBERTS, WATHEN, GLASSMAN, CLIFFORD and BRODY, JJ."
  },
  "file_name": "0463-01",
  "first_page_order": 515,
  "last_page_order": 517
}
