{
  "id": 7975784,
  "name": "STATE v. Carmino DISTANTE et al.",
  "name_abbreviation": "State v. Distante",
  "decision_date": "1983-01-07",
  "docket_number": "No. 81-578\u2014Appeal",
  "first_page": "305",
  "last_page": "307",
  "citations": [
    {
      "type": "official",
      "cite": "455 A.2d 305"
    }
  ],
  "court": {
    "name_abbreviation": "R.I.",
    "id": 10179,
    "name": "Supreme Court of Rhode Island"
  },
  "jurisdiction": {
    "id": 15,
    "name_long": "Rhode Island",
    "name": "R.I."
  },
  "cites_to": [],
  "analysis": {
    "cardinality": 385,
    "char_count": 6166,
    "ocr_confidence": 0.796,
    "sha256": "8b3e005880dc5a1bb3c75b351e2aa126dd5f4a67fe71424099d10934ffc09ed9",
    "simhash": "1:3e5f88c80f017d6e",
    "word_count": 1035
  },
  "last_updated": "2023-07-14T14:37:17.166193+00:00",
  "provenance": {
    "date_added": "2019-08-29",
    "source": "Harvard",
    "batch": "2018"
  },
  "casebody": {
    "judges": [],
    "parties": [
      "STATE v. Carmino DISTANTE et al."
    ],
    "opinions": [
      {
        "text": "OPINION\nWEISBERGER, Justice.\nThese are cross-appeals from a judgment entered in the Superior Court denying and dismissing a complaint filed by the Attorney General on behalf of the State of Rhode Island seeking an injunction prohibiting further filling and requiring restoration of certain alleged wetlands owned by the defendants in the town of East Greenwich. The trial justice found, inter alia, that the state had failed to prove that the lots in question constituted fresh-water wetlands as defined by the relevant statute, G.L.1956 (1976 Reenactment) \u00a7 2-1-20, and that the state had failed to prove that the defendants had placed fill upon their lands at any time after their coming into ownership of the tract in issue. We sustain the state\u2019s appeal in part, deny the defendants\u2019 cross-appeal, and remand the case for further proceedings.\nOne of the principal claims made by the state was that the land owned by defendants constituted a flood plain. The trial justice rejected this finding with the following statement:\n\u201cWhile there is some proof that the land lies in the flood plain as \u2018flood plain\u2019 is defined by HUD, there is no evidence whatsoever from this source that the water flooded upon this river for a significant part of the growing season.\u201d\nIn so holding, the trial justice misconceived the definition of flood plain as set forth in \u00a7 2-l-20(c):\n\u201cThe term \u2018Flood plain\u2019 as used in this chapter shall be that land area adjacent to a river or stream or other body of flowing water which is, on the average, likely to be covered with flood waters resulting from a one hundred (100) year frequency storm. A one hundred (100) year frequency storm is one that is to be expected to be equaled or exceeded once in one hundred (100) years; or may be said to have a one percent (1%) probability of being equaled or exceeded in any given year. Rainfall intensity data for a one hundred (100) year frequency storm are those established for New England locations by the national weather service (formerly the U.S. weather bureau).\u201d\nIt should be noted that the foregoing definition does not include as an element any requirement that waters be flooded \u201cupon this river for a significant part of the growing season.\u201d Since the trial justice erred in defining the term \u201cflood plain,\u201d we remand the case to the Superior Court in order that said trial justice may reconsider the evidence in the light of the correct statutory definition of flood plain and make findings accordingly.\nFurther, the trial justice in his rescript stated:\n\u201cThe State proved that the defendants owned the land, and that they suffered others to deposit fill on the land, but there is no evidence that the [Djistantes ever, personally, deposited any fill on Lot 21.\u201d\nThis statement, together with other conclusions of law contained in the trial justice\u2019s decision, constrains us to conclude that the trial justice would have required the state to prove that defendants personally placed fill upon the land (if it were determined to be a freshwater wetland) in order for the state to be entitled to injunc-tive relief. We believe this holding to be error.\nAlthough defendants might not be subject to an equitable injunction to remove fill placed upon a fresh-water wetland by others who did not bear an agency relationship to them, they would be liable for fill placed by their own agents at their direction. It is a fundamental concept of agency that \u201ca principal is subject to liability upon a transaction conducted by his agent, whom he has authorized * * * to conduct it in the way in which it is conducted, as if he had personally entered into the transaction.\" 1 Restatement (Second) Agency \u00a7 140, comment a at 349-50 (1957).\nConsequently, if the state proved that the land owned by defendants did constitute a \u201cflood plain\u201d and if the state further proved that defendants, by their agents or servants, placed fill upon said land in violation of \u00a7 2-1-21, then the state would be entitled to equitable relief in accordance with \u00a7 2-1-24.\nWe have considered the other issues raised by the state in support of its appeal and find that they are without merit.\nThe defendants in their cross-appeal challenge the constitutionality of \u00a7 2-1-24 on the ground of vagueness. We believe that this challenge in the context of a complaint for equitable relief is without merit. The defendants further challenge the constitutionality of the Wetlands Act as violative of the Fifth Amendment to the Constitution of the United States and art. I, sec. 16, of the Rhode Island Constitution, both of which prohibit the taking of property without just compensation. We are of the opinion that this constitutional challenge is not now ripe for adjudication.\nThe defendants also argue that the amended complaint failed to state a claim upon which relief could be granted. This contention is predicated upon the identity of the party plaintiff. The defendants concede that \u00a7 2-1-24 authorizes the Director of the Department of Environmental Management to obtain relief in equity but point out that the case was brought by the State of Rhode Island rather than by the director. The statute provides specifically that the director \u201cmay institute such proceedings in the name of the state\u201d and that \u201c[i]t shall be the duty of the attorney general to conduct the prosecution of all such proceedings brought by the director.\u201d Consequently, the short answer to the defendants\u2019 argument is that the director has faithfully followed the statute and could not be faulted for doing so, much less should the complaint be dismissed for failure to state a claim upon which relief could be granted.\nFor the reasons stated, the appeal of the state is sustained in part, the cross-appeal of the defendants is denied and dismissed, and the case is remanded to the Superior Court for further proceedings in accordance with this opinion.",
        "type": "majority",
        "author": "WEISBERGER, Justice."
      }
    ],
    "attorneys": [
      "Dennis J. Roberts, II, Atty. Gen., Daniel J. Schatz, Sp. Asst. Atty. Gen., for plaintiff.",
      "Hogan & Hogan, Thomas S. Hogan, East Providence, for defendants."
    ],
    "corrections": "",
    "head_matter": "STATE v. Carmino DISTANTE et al.\nNo. 81-578\u2014Appeal.\nSupreme Court of Rhode Island.\nJan. 7, 1983.\nReargument Denied Jan. 31, 1983.\nDennis J. Roberts, II, Atty. Gen., Daniel J. Schatz, Sp. Asst. Atty. Gen., for plaintiff.\nHogan & Hogan, Thomas S. Hogan, East Providence, for defendants."
  },
  "file_name": "0305-01",
  "first_page_order": 353,
  "last_page_order": 355
}
