{
  "id": 7297293,
  "name": "Adrienne SMITH, Petitioner v. UNEMPLOYMENT COMPENSATION BOARD OF REVIEW, Respondent",
  "name_abbreviation": "Smith v. Unemployment Compensation Board of Review",
  "decision_date": "2009-08-18",
  "docket_number": "No. 103 EM 2009",
  "first_page": "843",
  "last_page": "843",
  "citations": [
    {
      "type": "official",
      "cite": "979 A.2d 843"
    }
  ],
  "court": {
    "name_abbreviation": "Pa.",
    "id": 8832,
    "name": "Supreme Court of Pennsylvania"
  },
  "jurisdiction": {
    "id": 6,
    "name_long": "Pennsylvania",
    "name": "Pa."
  },
  "cites_to": [],
  "analysis": {
    "cardinality": 38,
    "char_count": 289,
    "ocr_confidence": 0.684,
    "pagerank": {
      "raw": 2.1995933875888662e-07,
      "percentile": 0.766163859147651
    },
    "sha256": "75956c0d694b058f9800465e41cc40e16fbab3b8fbe2780fccf9c478b51b8e4c",
    "simhash": "1:50af0b2045c50db6",
    "word_count": 46
  },
  "last_updated": "2023-07-14T19:04:00.055064+00:00",
  "provenance": {
    "date_added": "2019-08-29",
    "source": "Harvard",
    "batch": "2018"
  },
  "casebody": {
    "judges": [],
    "parties": [
      "Adrienne SMITH, Petitioner v. UNEMPLOYMENT COMPENSATION BOARD OF REVIEW, Respondent."
    ],
    "opinions": [
      {
        "text": "ORDER\nPER CURIAM.\nAND NOW, this 18th day of August, 2009, the Petition for Allowance of Appeal, treated as a Petition for Review, is DENIED.",
        "type": "majority",
        "author": "PER CURIAM."
      }
    ],
    "attorneys": [],
    "corrections": "",
    "head_matter": "Adrienne SMITH, Petitioner v. UNEMPLOYMENT COMPENSATION BOARD OF REVIEW, Respondent.\nNo. 103 EM 2009.\nSupreme Court of Pennsylvania.\nAug. 18, 2009."
  },
  "file_name": "0843-01",
  "first_page_order": 873,
  "last_page_order": 873
}
