{
  "id": 8111051,
  "name": "Richard L. BASS, Appellant, v. DUNBAR HOUSE, INC., a corporation, and Theodore R. Hagans, Jr., Appellees",
  "name_abbreviation": "Bass v. Dunbar House, Inc.",
  "decision_date": "1960-05-17",
  "docket_number": "No. 2517",
  "first_page": "50",
  "last_page": "52",
  "citations": [
    {
      "type": "official",
      "cite": "161 A.2d 50"
    }
  ],
  "court": {
    "name_abbreviation": "D.C.",
    "id": 21806,
    "name": "District of Columbia Municipal Court of Appeals"
  },
  "jurisdiction": {
    "id": 56,
    "name_long": "District of Columbia",
    "name": "D.C."
  },
  "cites_to": [
    {
      "cite": "5 App.D.C. 30",
      "category": "reporters:state",
      "reporter": "App. D.C.",
      "case_ids": [
        2631439
      ],
      "pin_cites": [
        {
          "page": "38"
        }
      ],
      "opinion_index": 0,
      "case_paths": [
        "/app-dc/5/0030-01"
      ]
    },
    {
      "cite": "20 App.D.C. 124",
      "category": "reporters:state",
      "reporter": "App. D.C.",
      "case_ids": [
        1347865
      ],
      "opinion_index": 0,
      "case_paths": [
        "/app-dc/20/0124-01"
      ]
    },
    {
      "cite": "66 App.D.C. 382",
      "category": "reporters:state",
      "reporter": "App. D.C.",
      "opinion_index": 0
    },
    {
      "cite": "88 F.2d 764",
      "category": "reporters:federal",
      "reporter": "F.2d",
      "case_ids": [
        975354
      ],
      "opinion_index": 0,
      "case_paths": [
        "/f2d/88/0764-01"
      ]
    },
    {
      "cite": "301 U.S. 693",
      "category": "reporters:federal",
      "reporter": "U.S.",
      "case_ids": [
        548064,
        547753,
        548235,
        547756,
        547793
      ],
      "opinion_index": 0,
      "case_paths": [
        "/us/301/0693-05",
        "/us/301/0693-04",
        "/us/301/0693-03",
        "/us/301/0693-01",
        "/us/301/0693-02"
      ]
    },
    {
      "cite": "57 S.Ct. 926",
      "category": "reporters:federal",
      "reporter": "S. Ct.",
      "opinion_index": 0
    },
    {
      "cite": "81 L.Ed. 1349",
      "category": "reporters:federal",
      "reporter": "L. Ed.",
      "opinion_index": 0
    },
    {
      "cite": "60 App.D.C. 176",
      "category": "reporters:state",
      "reporter": "App. D.C.",
      "opinion_index": 0
    },
    {
      "cite": "50 F.2d 326",
      "category": "reporters:federal",
      "reporter": "F.2d",
      "case_ids": [
        1824674
      ],
      "weight": 2,
      "opinion_index": 0,
      "case_paths": [
        "/f2d/50/0326-01"
      ]
    },
    {
      "cite": "62 App.D.C. 72",
      "category": "reporters:state",
      "reporter": "App. D.C.",
      "opinion_index": 0
    },
    {
      "cite": "64 F.2d 710",
      "category": "reporters:federal",
      "reporter": "F.2d",
      "case_ids": [
        902671
      ],
      "opinion_index": 0,
      "case_paths": [
        "/f2d/64/0710-01"
      ]
    },
    {
      "cite": "5 Mackey, 534",
      "category": "reporters:state",
      "reporter": "Mackey",
      "case_ids": [
        2613518
      ],
      "weight": 2,
      "pin_cites": [
        {
          "page": "546"
        },
        {
          "page": "546"
        }
      ],
      "opinion_index": 0,
      "case_paths": [
        "/dc/16/0534-01"
      ]
    },
    {
      "cite": "60 Am.Rep. 396",
      "category": "reporters:state_regional",
      "reporter": "Am. Rep.",
      "opinion_index": 0
    },
    {
      "cite": "119 A.2d 718",
      "category": "reporters:state_regional",
      "reporter": "A.2d",
      "case_ids": [
        8136678
      ],
      "pin_cites": [
        {
          "page": "719"
        }
      ],
      "opinion_index": 0,
      "case_paths": [
        "/a2d/119/0718-01"
      ]
    },
    {
      "cite": "63 App.D.C. 68",
      "category": "reporters:state",
      "reporter": "App. D.C.",
      "pin_cites": [
        {
          "page": "71"
        }
      ],
      "opinion_index": 0
    },
    {
      "cite": "94 A.L.R. 1466",
      "category": "reporters:specialty",
      "reporter": "A.L.R.",
      "opinion_index": 0
    },
    {
      "cite": "293 U.S. 76",
      "category": "reporters:federal",
      "reporter": "U.S.",
      "case_ids": [
        3927819
      ],
      "weight": 3,
      "opinion_index": 0,
      "case_paths": [
        "/us/293/0076-01"
      ]
    },
    {
      "cite": "69 App.D.C. 191",
      "category": "reporters:state",
      "reporter": "App. D.C.",
      "pin_cites": [
        {
          "page": "192"
        }
      ],
      "opinion_index": 0
    },
    {
      "cite": "99 F.2d 424",
      "category": "reporters:federal",
      "reporter": "F.2d",
      "case_ids": [
        986323
      ],
      "pin_cites": [
        {
          "page": "425"
        }
      ],
      "opinion_index": 0,
      "case_paths": [
        "/f2d/99/0424-01"
      ]
    }
  ],
  "analysis": {
    "cardinality": 446,
    "char_count": 5543,
    "ocr_confidence": 0.704,
    "pagerank": {
      "raw": 1.1294176002482666e-07,
      "percentile": 0.575437988855721
    },
    "sha256": "9d6a1eda0b5c4213340ac9935f5d123660ffe456dd694111a8c1d2b5ccf73359",
    "simhash": "1:affc6a857a868920",
    "word_count": 921
  },
  "last_updated": "2024-02-27T23:48:31.092440+00:00",
  "provenance": {
    "date_added": "2019-08-29",
    "source": "Harvard",
    "batch": "2018"
  },
  "casebody": {
    "judges": [
      "Before HOOD and QUINN, Associate Judges, and CAYTON (Chief Judge, Retired) sitting by designation under Code, \u00a7 11 \u2014 776(b)."
    ],
    "parties": [
      "Richard L. BASS, Appellant, v. DUNBAR HOUSE, INC., a corporation, and Theodore R. Hagans, Jr., Appellees."
    ],
    "opinions": [
      {
        "text": "QUINN, Associate Judge.\nAppellant brought suit in the United States District Court for false arrest and imprisonment. He asked $500,000 for compensatory and punitive damages, but the latter, in the amount of $250,000, were eliminated by the trial court. No appeal was taken from that ruling. The jury returned a verdict for appellant and awarded compensatory damages in the amount of $10,000. Appellees moved for judgment n. o. v. or, alternatively, a new trial. The court granted the motion for judgment, stating that the evidence adduced at trial was \u201cwholly insufficient to support the verdict.\u201d We agree.\nThe factual background is as follows: Appellant was employed as a night clerk in the Dunbar Hotel. He was required to deposit all monies he received in a safe. Early one Monday morning in November 1956, a shortage in excess of $500 was discovered. Appellant was called at his home, told of the discrepancy, and asked to return to the hotel. Following a discussion with the hotel auditor, the manager and other employees, appellant was informed that the loss would be reported to the insurance company and that he should keep himself available. The police were called and made a written report .of the matter. The next day appellant was again requested to appear at the hotel and was questioned by the police. According to him, the assistant manager \u201cassisted a couple of times in the interrogation\u201d hut the nature of the assistance was never shown. At the conclusion of the conference, appellant testified that the officers said, \"Let\u2019s go to headquarters.\u201d Appellant drove alone in his own taxicab to headquarters and after further questioning there, he returned home. The police subsequently took statements from other employees in the hotel. One week after the loss was discovered, appellant was charged with embezzlement, taken into custody, arraigned, and held under bond for action by the grand jury. Sometime later the grand jury returned an ignoramus.\nEnough has been stated to supply a background for the questions raised on appeal. The first and probably the most important questions in the case are when was appellant arrested and who instigated his arrest? He argues that an illegal arrest occurred when the police requested, on the day after the loss was discovered, that he go to headquarters for questioning. With this we cannot agree.\nWe have said that an arrest \u201cis a restriction of the right of locomotion or a restraint of the person.\u201d Such was not the case here. Appellant was under no warrant or other form of compulsion when he went to police headquarters. On the contrary, he went willingly and without' protest. He was not taken into custody, nor was his liberty restrained on that day. Without laboring the point, we feel it is clear that appellant was not arrested at that time.\nEven granting his contention concerning arrest, it is not shown that appellees were the instigators of the act. It has been held by the United States Court of Appeals for this circuit that\n\u201c * * * \u2018Mere information to the officers of the law by a citizen, tending to show that an offense has been committed and that some person named may be suspected of its commission, is not sufficient, of itself, to warrant the inference that the informer or his agents participated in the unlawful arrest and imprisonment of the accused by the officer.\u2019 Prigg v. Lansburgh, 5 App.D.C. 30, 38; Waters v. Anthony, 20 App.D.C. 124; Kinchlow v. Peoples Rapid Transit Co., 66 App.D.C. 382, 88 F.2d 764, certiorari denied 301 U.S. 693, 57 S.Ct. 926, 81 L.Ed. 1349. On the other hand, if defendant or its authorized agent actually took part in the arrest or imprisonment, it is of course responsible. Also it is responsible if it procured or instigated the officers\u2019 acts. Takahashi v. Hecht Company, 60 App.D.C. 176, 50 F.2d 326; Id., 62 App.D.C. 72, 64 F.2d 710; Bright v. Patton, 5 Mackey, 534, 546, 16 D.C. 534, 546, 60 Am.Rep. 396.\u201d\nThe record before us is devoid of any evidence that appellees requested, caused, or authorized the arrest of appellant, and therefore there was no justification for the verdict. Money was missing that admittedly had passed through appellant\u2019s hands. The hotel authorities reported the loss, the officers investigated it, and approximately a week later, acting on their own initiative, they arrested appellant. Appellant cites several cases which sustain the basic theories of his appeal; however, these cases are distinguishable on their facts. On the fullest consideration of the evidence, we conclude the court was correct.\nAffirmed.\n. The case was certified to the Municipal Court under Code 1951, 11-750 (Supp. YIII).\n. The officers were not named as defendants in this ease.\n. Price v. United States, D.C.Mun.App., 1956, 119 A.2d 718, 719.\n. See Long v. Ansell, 63 App.D.C. 68, 71, 69 E.2d 386, 389, 94 A.L.R. 1466, affirmed 1934, 293 U.S. 76, 55 S.Ct. 21, 79 L.Ed. 208.\n. Chesapeake & Potomac Telephone Co. v. Lewis, 1938, 69 App.D.C. 191, 192, 99 F.2d 424, 425.",
        "type": "majority",
        "author": "QUINN, Associate Judge."
      }
    ],
    "attorneys": [
      "Wilbur W. Sewell, Washington, D. C., for appellant.",
      "Albert F. Adams, Washington, D. C., with whom William A. Tinney, Jr., and Clinton W. Chapman, Washington, D. C., were on the brief, for appellees."
    ],
    "corrections": "",
    "head_matter": "Richard L. BASS, Appellant, v. DUNBAR HOUSE, INC., a corporation, and Theodore R. Hagans, Jr., Appellees.\nNo. 2517.\nMunicipal Court of Appeals for the District of Columbia.\nArgued Feb. 15, 1960.\nDecided May 17, 1960.\nWilbur W. Sewell, Washington, D. C., for appellant.\nAlbert F. Adams, Washington, D. C., with whom William A. Tinney, Jr., and Clinton W. Chapman, Washington, D. C., were on the brief, for appellees.\nBefore HOOD and QUINN, Associate Judges, and CAYTON (Chief Judge, Retired) sitting by designation under Code, \u00a7 11 \u2014 776(b)."
  },
  "file_name": "0050-01",
  "first_page_order": 80,
  "last_page_order": 82
}
