{
  "id": 8956914,
  "name": "Suzanne WHITE v. Chad NASON",
  "name_abbreviation": "White v. Nason",
  "decision_date": "2005-06-17",
  "docket_number": "",
  "first_page": "891",
  "last_page": "896",
  "citations": [
    {
      "type": "official",
      "cite": "874 A.2d 891"
    },
    {
      "type": "parallel",
      "cite": "2005 ME 73"
    }
  ],
  "court": {
    "name_abbreviation": "Me.",
    "id": 9543,
    "name": "Maine Supreme Judicial Court"
  },
  "jurisdiction": {
    "id": 42,
    "name_long": "Maine",
    "name": "Me."
  },
  "cites_to": [
    {
      "cite": "2001 ME 153",
      "category": "reporters:neutral",
      "reporter": "ME",
      "case_ids": [
        9467062
      ],
      "weight": 2,
      "pin_cites": [
        {
          "page": "\u00b611"
        },
        {
          "page": "161"
        }
      ],
      "opinion_index": 0,
      "case_paths": [
        "/a2d/783/0159-01"
      ]
    },
    {
      "cite": "2005 ME 10",
      "category": "reporters:neutral",
      "reporter": "ME",
      "case_ids": [
        9038786
      ],
      "weight": 2,
      "pin_cites": [
        {
          "page": "\u00b6\u00b6 19-20"
        },
        {
          "page": "834"
        }
      ],
      "opinion_index": 0,
      "case_paths": [
        "/a2d/866/0829-01"
      ]
    },
    {
      "cite": "2004 ME 25",
      "category": "reporters:neutral",
      "reporter": "ME",
      "case_ids": [
        9291360
      ],
      "weight": 3,
      "pin_cites": [
        {
          "page": "1292"
        }
      ],
      "opinion_index": 0,
      "case_paths": [
        "/a2d/842/1289-01"
      ]
    },
    {
      "cite": "507 A.2d 602",
      "category": "reporters:state_regional",
      "reporter": "A.2d",
      "case_ids": [
        7894982
      ],
      "pin_cites": [
        {
          "page": "604"
        }
      ],
      "opinion_index": 0,
      "case_paths": [
        "/a2d/507/0602-01"
      ]
    },
    {
      "cite": "2004 ME 117",
      "category": "reporters:neutral",
      "reporter": "ME",
      "case_ids": [
        12256165
      ],
      "weight": 2,
      "pin_cites": [
        {
          "page": "\u00b620"
        },
        {
          "page": "1145"
        }
      ],
      "opinion_index": 0,
      "case_paths": [
        "/a2d/855/1139-01"
      ]
    }
  ],
  "analysis": {
    "cardinality": 633,
    "char_count": 12630,
    "ocr_confidence": 0.637,
    "pagerank": {
      "raw": 2.5662729859246067e-07,
      "percentile": 0.8158292240203966
    },
    "sha256": "02d1a8d585f1e20429c5e7f43158800cc1681c9a7059bd984f407f5255b98ba3",
    "simhash": "1:c11470abbc87f7aa",
    "word_count": 2101
  },
  "last_updated": "2024-02-27T17:59:12.231895+00:00",
  "provenance": {
    "date_added": "2019-08-29",
    "source": "Harvard",
    "batch": "2018"
  },
  "casebody": {
    "judges": [
      "Panel: SAUFLEY, C.J., and CLIFFORD, DANA, ALEXANDER, CALKINS, and LEVY, JJ."
    ],
    "parties": [
      "Suzanne WHITE v. Chad NASON"
    ],
    "opinions": [
      {
        "text": "LEVY, J.\n[\u00b6 1] Chad Nason appeals from a judgment entered in the District Court (Skow-hegan, Vafiades, C.J.) granting in part Suzanne White\u2019s motions for contempt and to amend the parties\u2019 divorce judgment. Na-son argues that the court erred by (1) concluding that he violated the divorce judgment\u2019s prohibition on his possession or consumption of alcohol or illegal substances while the children were in his care in Maine, and (2) failing to consider his reduced earning capacity during his incarceration in connection with the modification of his child support obligation. We affirm the court\u2019s contempt finding, but vacate and remand for a redetermination of child support.\nI. BACKGROUND\n[\u00b6 2] The following facts are undisputed. The parties\u2019 divorce judgment, entered in November 2002, awarded shared parental rights and responsibilities for their two children, now ages twelve and nine, with primary residential care awarded to White. The children reside with White and her fianc\u00e9 in Utah. Nason lives in Skowhegan in the home the family lived in prior to the divorce. The divorce judgment awarded Nason rights of contact with the children at all reasonable, agreed-to times and when the children have school vacations based on Utah's school calendar. The divorce judgment also provides that Nason \u201cshall not consume any alcohol or other illegal substances while the children are in his care, nor will he have any alcohol or other illegal substances in his possession while the children are in his care while in Maine.\u201d\n[\u00b6 3] After the divorce, Nason was arrested and convicted for two OUI offenses, which occurred in 2002 and 2004. For the second offense, Nason was sentenced to 364 days in jail, with all but thirty days suspended. At the time of at least one of his arrests, the children were visiting Na-son in Maine, but spending the night at his mother\u2019s house. The District Court found that \u201cthe children were in [Nason\u2019s] care even though he had allowed them to sleep overnight at his mother\u2019s home.\u201d\n[\u00b64] Prior to his incarceration, Nason was arrested for violating his bail conditions when he was found in possession of a firearm, marijuana, and drug paraphernalia. He was sentenced to serve an additional ninety days in jail. Soon after Nason violated his bail conditions, the children arrived in Maine for a scheduled visit, but Nason was already in jail.\n[\u00b6 5] White filed a motion to amend the divorce judgment seeking to limit Nason\u2019s contact with the children and to require that his contact with them be supervised. She also sought a redetermination of the parties\u2019 child support obligations because of changes in the parties\u2019 income. Nason did not file responsive pleadings, a child support affidavit, or a child support worksheet. At the hearing, however, he argued that his child support obligation should have been suspended during his incarceration. White also filed a motion for contempt, alleging, among other things, that Nason had violated the divorce judgment\u2019s prohibition on his consumption or possession of alcohol or other illegal substances while the children were in his care.\n[\u00b6 6] At the time of the hearing on White\u2019s motions, Nason remained incarcerated, but was scheduled to be released in about a month. The court issued a child support order in August 2004 that assigned to Nason the same level of income established at the time of the divorce and increased Nason\u2019s child support obligation from $112 per week to $162 per week. The court denied Nason\u2019s request to have his child support obligation suspended while he was in jail, based on its finding \u201cthat it [was] not in the best interests of the children.\u201d The court also found, by clear and convincing evidence, that Nason was in contempt of the divorce judgment\u2019s prohibition on his use or possession of alcohol or illegal substances while the children were in his care, as evidenced by his OUI arrest and his possession of marijuana. This appeal followed.\nII. DISCUSSION\nA. Contempt\n[\u00b6 7] In order to find a party in contempt pursuant to M.R. Civ. P. 66(d)(2)(D), a court must find, by clear and convincing evidence, that: \u201c(i) the alleged contemnor has failed or refused to perform an act required or continues to do an act prohibited by a court order, and (ii) it is within the alleged contemnor\u2019s power to perform the act required or cease performance of the act prohibited.\u201d Evidence is clear and convincing when \u201cthe required factual findings were proved to be highly probable.\u201d Shrader-Miller v. Miller, 2004 ME 117, \u00b620, 855 A.2d 1139, 1145 (quotation marks omitted). \u201cIt is well established that before a person may be held in contempt for violating a court order, the order should inform him in definite terms as to the duties thereby imposed upon him.\u201d Banker v. Bath Iron Works Corp., 507 A.2d 602, 604 (Me.1986) (quotation marks omitted). We review a trial court\u2019s judgment of civil contempt for a sustainable exercise of discretion. See Richards v. Thompson, 2004 ME 25, \u00b66 n. 4, 842 A.2d 1289, 1292.\n[\u00b6 8] Nason concedes that it was proven by clear and convincing evidence that he had possessed and consumed alcohol while the children were in Maine at the time he was charged with operating under the influence. He contends, however, that the prohibition on his possession or consumption of alcohol or other illegal substances \u201cwhile the children are in his care while in Maine\u201d does not prevent him from drinking alcohol while his children are in Maine and staying overnight at his mother\u2019s house. He contends that either the' District Court misinterpreted the divorce judgment or that the judgment is too ambiguous to support the court\u2019s contempt finding.\n[\u00b6 9] The language in the divorce judgment restricting Nason\u2019s behavior \u201cwhile the children are in his care while in Maine\u201d appears in the \u201cParental Rights and Responsibilities\u201d section of the judgment following the discussion of rights of contact. A child can be under the care of a parent without regard to whether the child is in the immediate physical presence of the parent. Thus, a parent who is allocated the primary residential care for a child is exercising that responsibility whether the child is playing in the backyard, attending school or engaged in some other activity outside the home, or in the immediate care of an individual selected by the parent. The same is true for a parent who shares parental rights and responsibilities, but who is not allocated the primary residential care of the child. When a nonprimary residential parent exercises rights of contact with a child, the child is in that parent\u2019s \u201ccare\u201d for purposes of a divorce judgment\u2019s allocation of parental rights and responsibilities, regardless of whether the child is in the physical presence of the parent or, as here, is left by the parent under the direct supervision of a grandparent or other temporary care provider.\n[\u00b6 10] Contrary to Nason\u2019s assertion, the phrase in the divorce judgment, \u201cin his care while in Maine,\u201d unambiguously refers to those times when Nason is exercising his rights of contact with his children and is not limited to the times when the children are in his immediate physical presence. The court did not err in finding contempt pursuant to Rule 66(d)(2)(D), because at the time Nason was arrested for OUI, his children were in his care even though they were sleeping at his mother\u2019s house.\nB. Effect of a Parent\u2019s Incarceration on the Determination of Child Support\n[\u00b6 11] Nason argues that the court erred in its determination of White\u2019s request to modify child support by failing to apply 19-A M.R.S.A. \u00a7 2001(5)(D) (1998), which limits imputed income for an incarcerated party: \u201cA party who is incarcerated in a correctional or penal institution is deemed available only for employment that is available through such institutions.\u201d Nason was incarcerated continuously from May 3, 2004, through the date of the hearing in July and had an expected release date in mid-September 2004.\n[\u00b6 12] The court found that as a member of the Ironworkers\u2019 Union, Nason has the ability to earn twenty dollars per hour over a forty-hour workweek, resulting in an imputed annual income of $41,600. The court also imputed to White, who was not working, an annual income of $13,000 \u2014 the minimum average weekly wage for the State of Maine. Based on its determination of the parties\u2019 incomes, the court ordered a prospective increase in Nason\u2019s weekly child support obligation from $112 per week to $162.64 per week. The court expressly declined to suspend Nason\u2019s support obligation while he was in jail, stating that \u201cit is not in the best interests of the children.\u201d\n[\u00b6 13] The only evidence regarding Nason\u2019s work and income opportunities during his incarceration was his testimony that he was participating in the \u201ctwo-for-one program\u201d in which he was involved in a \u201croad detail, wash[ed] vehicles when ... they need[ed] \u2018em ... at the sheriff\u2019s office [and] workfed] in the kitchen.\u201d Nason also testified that he had maintained his union dues and that he expected to return to work as an ironworker once he was released from jail. Whether Nason could obtain employment as an ironworker at the rate of twenty dollars per hour while incarcerated appears to be unaddressed in the record.\n[\u00b6 14] In determining child support, a court may impute income to a party based on that party\u2019s earning capacity: \u201cGross income may include the difference between the amount a party is earning and that party\u2019s earning capacity when the party voluntarily becomes or remains unemployed or underemployed, if sufficient evidence is introduced concerning a party\u2019s current earning capacity.\u201d 19-A M.R.S.A. \u00a7 2001(5)(D). The court\u2019s discretion to impute employment income is constrained by section 2001(5)(D) when a party is incarcerated. Id. Applying section 2001(5)(D), we are unable to determine whether the court engaged in a sustainable exercise of discretion when it imputed to Nason an earning capacity while incarcerated based on his ironworking skills. Imputing that earning capacity to Nason would be justified if, for example, Nason could earn money as an ironworker through a work release or other program during the period of his incarceration.\n[\u00b6 15] Accordingly, we vacate the court\u2019s judgment and remand for the court to reevaluate the evidence regarding Na-son\u2019s earning capacity in conjunction with section 2001(5)(D). If the court concludes that Nason is entitled to a reduction in child support as a result of a reduced earning capacity associated with his incarceration, it must then, in the exercise of sound discretion, determine whether to make the reduction retroactive to the date of the hearing, the date of Nason\u2019s incarceration that resulted in his diminished earning capacity, or some other date. In any event, a retroactive reduction cannot precede the date of service of White\u2019s motion. See Bartlett v. Anderson, 2005 ME 10, \u00b6\u00b6 19-20, 866 A.2d 829, 834 (concluding that the trial court acted within the bounds of its discretion by making a child support reduction retroactive to the date the father lost his job, which was subsequent to the service of the mother\u2019s post-judgment motion, and that the trial court \u201cwas prohibited by [19-A M.R.S.A. \u00a7 2009(2) (1998)] from making any retroactive reduction for any time preceding the [service of the mother\u2019s] motion to modify\u201d); see also Longo v. Goodwin, 2001 ME 153, \u00b611, 783 A.2d 159, 161 (stating that the policy behind section 2009(2) \u201cis to require that the party who may be adversely affected by a change in the child support amount be put on notice that the amount may change and that the change may be retroactive to the date of notice\u201d).\nThe entry is:\n_ , , , , Judgment affirmed, except that the child support modification is vacated and this ease is remanded for further proceedings consistent with this opinion. In view of the passage of time, the court may, in its discretion, receive additional evidence.\n. The original support obligation in the amount of $112 per week resulted from a downward deviation from $168.48 per week based on Nason\u2019s obligation to pay for the children\u2019s travel expenses. The original support obligation was based on Nason having a gross income of $41,600 per year and White having a gross income of $10,000 per year.",
        "type": "majority",
        "author": "LEVY, J."
      }
    ],
    "attorneys": [
      "Anthony P. Shusta II, Madison, for plaintiff.",
      "M. Michaela Murphy, Jabar, Batten, Ringer & Murphy, Waterville, for defendant."
    ],
    "corrections": "",
    "head_matter": "2005 ME 73\nSuzanne WHITE v. Chad NASON\nSupreme Judicial Court of Maine.\nSubmitted on Briefs: March 24, 2005.\nDecided: June 17, 2005.\nAnthony P. Shusta II, Madison, for plaintiff.\nM. Michaela Murphy, Jabar, Batten, Ringer & Murphy, Waterville, for defendant.\nPanel: SAUFLEY, C.J., and CLIFFORD, DANA, ALEXANDER, CALKINS, and LEVY, JJ."
  },
  "file_name": "0891-01",
  "first_page_order": 927,
  "last_page_order": 932
}
