{
  "id": 8430408,
  "name": "OFFICE OF DISCIPLINARY COUNSEL, Petitioner v. David MacGregor NEIL, Respondent",
  "name_abbreviation": "Office of Disciplinary Counsel v. Neil",
  "decision_date": "2006-03-23",
  "docket_number": "No. 1118 Disciplinary Docket No. 3",
  "first_page": "1164",
  "last_page": "1164",
  "citations": [
    {
      "type": "official",
      "cite": "896 A.2d 1164"
    }
  ],
  "court": {
    "name_abbreviation": "Pa.",
    "id": 8832,
    "name": "Supreme Court of Pennsylvania"
  },
  "jurisdiction": {
    "id": 6,
    "name_long": "Pennsylvania",
    "name": "Pa."
  },
  "cites_to": [],
  "analysis": {
    "cardinality": 81,
    "char_count": 740,
    "ocr_confidence": 0.655,
    "pagerank": {
      "raw": 2.1995933875888662e-07,
      "percentile": 0.767101520069507
    },
    "sha256": "5252eaab100759f43df3f9b63cff7fb253843ad6331e6859a52ffa75b7c9c925",
    "simhash": "1:8ca6f2b5b8d7f864",
    "word_count": 122
  },
  "last_updated": "2023-07-14T22:13:23.564380+00:00",
  "provenance": {
    "date_added": "2019-08-29",
    "source": "Harvard",
    "batch": "2018"
  },
  "casebody": {
    "judges": [
      "Justice BALDWIN did not participate in this matter."
    ],
    "parties": [
      "OFFICE OF DISCIPLINARY COUNSEL, Petitioner v. David MacGregor NEIL, Respondent."
    ],
    "opinions": [
      {
        "text": "ORDER\nPER CURIAM:\nAND NOW, this 23rd day of March, 2006, upon consideration of the Report and Recommendations of the Disciplinary Board dated January 4, 2006, it is hereby\nORDERED that David MacGregor Neil be and he is suspended from the Bar of this Commonwealth for a period of five years, to run consecutive to the suspension imposed by this Court on December 22, 2004, at No. 867 Disciplinary Docket No. 3.\nIt is further ORDERED that respondent shall pay costs to the Disciplinary Board pursuant to Rule 208(g), Pa.R.D.E.\nJustice BALDWIN did not participate in this matter.",
        "type": "majority",
        "author": "PER CURIAM:"
      }
    ],
    "attorneys": [],
    "corrections": "",
    "head_matter": "OFFICE OF DISCIPLINARY COUNSEL, Petitioner v. David MacGregor NEIL, Respondent.\nNo. 1118 Disciplinary Docket No. 3.\nSupreme Court of Pennsylvania.\nMarch 23, 2006."
  },
  "file_name": "1164-01",
  "first_page_order": 1190,
  "last_page_order": 1190
}
