{
  "id": 12486930,
  "name": "Commonwealth v. Kenneth Malik Evans, III",
  "name_abbreviation": "Commonwealth v. Evans",
  "decision_date": "2016-08-02",
  "docket_number": "NO. 247 MAL (2016)",
  "first_page": "162",
  "last_page": "162",
  "citations": [
    {
      "type": "official",
      "cite": "145 A.3d 162"
    }
  ],
  "court": {
    "name_abbreviation": "Pa.",
    "id": 8832,
    "name": "Supreme Court of Pennsylvania"
  },
  "jurisdiction": {
    "id": 6,
    "name_long": "Pennsylvania",
    "name": "Pa."
  },
  "cites_to": [],
  "analysis": {
    "cardinality": 21,
    "char_count": 148,
    "sha256": "0957205449921da9566ba67d578f1f5c65ca79a18ee05a6ee48bd1301f640d72",
    "simhash": "1:dcac56bbb2892953",
    "word_count": 23
  },
  "last_updated": "2021-08-27T20:57:14.000696+00:00",
  "provenance": {
    "date_added": "2021-08-27",
    "source": "Fastcase",
    "batch": "2021"
  },
  "casebody": {
    "judges": [],
    "parties": [
      "Commonwealth\nv.\nKenneth Malik Evans, III"
    ],
    "opinions": [
      {
        "text": "",
        "type": "majority",
        "author": null
      }
    ],
    "attorneys": [],
    "corrections": "",
    "head_matter": "Commonwealth\nv.\nKenneth Malik Evans, III\nNO. 247 MAL (2016)\nSupreme Court of Pennsylvania\nAugust 02, 2016\nPETITION FOR ALLOWANCE OF APPEAL\nDenied."
  },
  "file_name": "0162-04",
  "first_page_order": 162,
  "last_page_order": 162
}
