{
  "id": 12487146,
  "name": "Lei Ke v. Drexel University",
  "name_abbreviation": "Lei Ke v. Drexel Univ.",
  "decision_date": "2016-08-24",
  "docket_number": "NO. 151 EAL (2016)",
  "first_page": "727",
  "last_page": "727",
  "citations": [
    {
      "type": "official",
      "cite": "145 A.3d 727"
    }
  ],
  "court": {
    "name_abbreviation": "Pa.",
    "id": 8832,
    "name": "Supreme Court of Pennsylvania"
  },
  "jurisdiction": {
    "id": 6,
    "name_long": "Pennsylvania",
    "name": "Pa."
  },
  "cites_to": [],
  "analysis": {
    "cardinality": 20,
    "char_count": 135,
    "sha256": "7d5172cb8fff75ff0210b438b7a6fd31f3ba7db293d4a6d228e3cf6c124501e5",
    "simhash": "1:79bc523cb8cc2199",
    "word_count": 22
  },
  "last_updated": "2021-09-08T21:16:17.237805+00:00",
  "provenance": {
    "date_added": "2021-08-27",
    "source": "Fastcase",
    "batch": "2021"
  },
  "casebody": {
    "judges": [],
    "parties": [
      "Lei Ke\nv.\nDrexel University"
    ],
    "opinions": [
      {
        "text": "",
        "type": "majority",
        "author": null
      }
    ],
    "attorneys": [],
    "corrections": "",
    "head_matter": "Lei Ke\nv.\nDrexel University\nNO. 151 EAL (2016)\nSupreme Court of Pennsylvania\nAugust 24, 2016\nPETITION FOR ALLOWANCE OF APPEAL\nDenied."
  },
  "file_name": "0727-10",
  "first_page_order": 727,
  "last_page_order": 727
}
