{
  "id": 12487176,
  "name": "Commonwealth v. Neighbor's First Federal Credit Union Check In Amount Of $76,389.27, $1,659.00 US Currency, Ruger Superhawk.44 Magnum, S/N 82-85672, Remington 788, S/N 6004206, Intratec Tec 9 W/Magazine, S/N B6404558, Winchester 9422, S/N F380992, MAK-90 Sporter W/High Capacity Drum Magazine, S/N 9345534, Flite King 20 Gauge, S/N K-200",
  "name_abbreviation": "Commonwealth v. Neighbor's First Fed. Credit Union Check in Amount of $76,389.27",
  "decision_date": "2016-08-16",
  "docket_number": "NO. 226 MAL (2016)",
  "first_page": "728",
  "last_page": "728",
  "citations": [
    {
      "type": "official",
      "cite": "145 A.3d 728"
    }
  ],
  "court": {
    "name_abbreviation": "Pa.",
    "id": 8832,
    "name": "Supreme Court of Pennsylvania"
  },
  "jurisdiction": {
    "id": 6,
    "name_long": "Pennsylvania",
    "name": "Pa."
  },
  "cites_to": [],
  "analysis": {
    "cardinality": 57,
    "char_count": 445,
    "sha256": "da2b81e3fc4b7878ce562ad50825e938e3b4eb20d254a1a4df4e7d7d1b3c7f72",
    "simhash": "1:ea8e5e24f0ab2b38",
    "word_count": 65
  },
  "last_updated": "2021-08-27T20:57:14.000696+00:00",
  "provenance": {
    "date_added": "2021-08-27",
    "source": "Fastcase",
    "batch": "2021"
  },
  "casebody": {
    "judges": [],
    "parties": [
      "Commonwealth\nv.\nNeighbor's First Federal Credit Union Check In Amount Of $76,389.27, $1,659.00 US Currency, Ruger Superhawk.44 Magnum, S/N 82-85672, Remington 788, S/N 6004206, Intratec Tec 9 W/Magazine, S/N B6404558, Winchester 9422, S/N F380992, MAK-90 Sporter W/High Capacity Drum Magazine, S/N 9345534, Flite King 20 Gauge, S/N K-200"
    ],
    "opinions": [
      {
        "text": "",
        "type": "majority",
        "author": null
      }
    ],
    "attorneys": [],
    "corrections": "",
    "head_matter": "Commonwealth\nv.\nNeighbor's First Federal Credit Union Check In Amount Of $76,389.27, $1,659.00 US Currency, Ruger Superhawk.44 Magnum, S/N 82-85672, Remington 788, S/N 6004206, Intratec Tec 9 W/Magazine, S/N B6404558, Winchester 9422, S/N F380992, MAK-90 Sporter W/High Capacity Drum Magazine, S/N 9345534, Flite King 20 Gauge, S/N K-200\nNO. 226 MAL (2016)\nSupreme Court of Pennsylvania\nAugust 16, 2016\nPETITION FOR ALLOWANCE OF APPEAL\nDenied."
  },
  "file_name": "0728-08",
  "first_page_order": 728,
  "last_page_order": 728
}
