{
  "id": 12487218,
  "name": "Com. v. S. Cafardi",
  "name_abbreviation": "Com. v. Cafardi",
  "decision_date": "2016-04-04",
  "docket_number": "NO. 1235 WDA 2015",
  "first_page": "771",
  "last_page": "771",
  "citations": [
    {
      "type": "official",
      "cite": "145 A.3d 771"
    }
  ],
  "court": {
    "name_abbreviation": "Pa. Super. Ct.",
    "id": 8775,
    "name": "Superior Court of Pennsylvania"
  },
  "jurisdiction": {
    "id": 6,
    "name_long": "Pennsylvania",
    "name": "Pa."
  },
  "cites_to": [],
  "analysis": {
    "cardinality": 16,
    "char_count": 95,
    "sha256": "db7cf84bc6ddb8bf6b972b91286dd2f68511c9d3bc49399a83dc0e373307e543",
    "simhash": "1:391924a1d02c87d2",
    "word_count": 16
  },
  "last_updated": "2021-08-27T20:57:14.000696+00:00",
  "provenance": {
    "date_added": "2021-08-27",
    "source": "Fastcase",
    "batch": "2021"
  },
  "casebody": {
    "judges": [],
    "parties": [
      "Com.\nv.\nS. Cafardi"
    ],
    "opinions": [
      {
        "text": "",
        "type": "majority",
        "author": null
      }
    ],
    "attorneys": [],
    "corrections": "",
    "head_matter": "Com.\nv.\nS. Cafardi\nNO. 1235 WDA 2015\nSuperior Court of Pennsylvania.\nApril 04, 2016\nAffirmed."
  },
  "file_name": "0771-13",
  "first_page_order": 771,
  "last_page_order": 771
}
