{
  "id": 12487404,
  "name": "In the Interest of: N.E.S. Appeal of: N.E.S. minor",
  "name_abbreviation": "In re Interest of N.E.S.",
  "decision_date": "2016-04-15",
  "docket_number": "NO. 526 WDA 2015",
  "first_page": "783",
  "last_page": "783",
  "citations": [
    {
      "type": "official",
      "cite": "145 A.3d 783"
    }
  ],
  "court": {
    "name_abbreviation": "Pa. Super. Ct.",
    "id": 8775,
    "name": "Superior Court of Pennsylvania"
  },
  "jurisdiction": {
    "id": 6,
    "name_long": "Pennsylvania",
    "name": "Pa."
  },
  "cites_to": [],
  "analysis": {
    "cardinality": 18,
    "char_count": 126,
    "sha256": "b84b47a9b45a4f611edc252eb929788f9835d6d089e182866be9941e53099cd6",
    "simhash": "1:3c19b30940a11982",
    "word_count": 21
  },
  "last_updated": "2021-09-08T21:16:17.237805+00:00",
  "provenance": {
    "date_added": "2021-08-27",
    "source": "Fastcase",
    "batch": "2021"
  },
  "casebody": {
    "judges": [],
    "parties": [
      "In the Interest of: N.E.S. Appeal of: N.E.S. minor"
    ],
    "opinions": [
      {
        "text": "",
        "type": "majority",
        "author": null
      }
    ],
    "attorneys": [],
    "corrections": "",
    "head_matter": "In the Interest of: N.E.S. Appeal of: N.E.S. minor\nNO. 526 WDA 2015\nSuperior Court of Pennsylvania.\nApril 15, 2016\nAffirmed."
  },
  "file_name": "0783-06",
  "first_page_order": 783,
  "last_page_order": 783
}
