{
  "id": 11925500,
  "name": "STATE of Maine v. Alan FINNEMORE",
  "name_abbreviation": "State v. Finnemore",
  "decision_date": "1997-03-13",
  "docket_number": "",
  "first_page": "979",
  "last_page": "981",
  "citations": [
    {
      "type": "official",
      "cite": "690 A.2d 979"
    },
    {
      "type": "parallel",
      "cite": "1997 ME 44"
    }
  ],
  "court": {
    "name_abbreviation": "Me.",
    "id": 9543,
    "name": "Maine Supreme Judicial Court"
  },
  "jurisdiction": {
    "id": 42,
    "name_long": "Maine",
    "name": "Me."
  },
  "cites_to": [
    {
      "cite": "397 U.S. 436",
      "category": "reporters:federal",
      "reporter": "U.S.",
      "case_ids": [
        12054849
      ],
      "weight": 4,
      "year": 1970,
      "opinion_index": 0,
      "case_paths": [
        "/us/397/0436-01"
      ]
    },
    {
      "cite": "708 F.2d 455",
      "category": "reporters:federal",
      "reporter": "F.2d",
      "case_ids": [
        1122892
      ],
      "opinion_index": 0,
      "case_paths": [
        "/f2d/708/0455-01"
      ]
    },
    {
      "cite": "469 U.S. 57",
      "category": "reporters:federal",
      "reporter": "U.S.",
      "case_ids": [
        11958569
      ],
      "weight": 14,
      "year": 1984,
      "pin_cites": [
        {
          "page": "64"
        },
        {
          "page": "476"
        },
        {
          "page": "66"
        },
        {
          "page": "477"
        },
        {
          "page": "67"
        },
        {
          "page": "477-78"
        },
        {
          "page": "69"
        },
        {
          "page": "479"
        }
      ],
      "opinion_index": 0,
      "case_paths": [
        "/us/469/0057-01"
      ]
    },
    {
      "cite": "513 A.2d 274",
      "category": "reporters:state_regional",
      "reporter": "A.2d",
      "case_ids": [
        7926798
      ],
      "weight": 2,
      "pin_cites": [
        {
          "page": "277"
        }
      ],
      "opinion_index": 0,
      "case_paths": [
        "/a2d/513/0274-01"
      ]
    },
    {
      "cite": "453 A.2d 1170",
      "category": "reporters:state_regional",
      "reporter": "A.2d",
      "case_ids": [
        8008742
      ],
      "weight": 2,
      "opinion_index": 0,
      "case_paths": [
        "/a2d/453/1170-01"
      ]
    },
    {
      "cite": "245 N.E.2d 415",
      "category": "reporters:state_regional",
      "reporter": "N.E.2d",
      "year": 1969,
      "opinion_index": 0
    },
    {
      "cite": "355 Mass. 471",
      "category": "reporters:state",
      "reporter": "Mass.",
      "case_ids": [
        302794
      ],
      "year": 1969,
      "opinion_index": 0,
      "case_paths": [
        "/mass/355/0471-01"
      ]
    },
    {
      "cite": "284 U.S. 390",
      "category": "reporters:federal",
      "reporter": "U.S.",
      "case_ids": [
        5718921
      ],
      "weight": 7,
      "year": 1932,
      "pin_cites": [
        {
          "page": "393"
        },
        {
          "page": "190"
        },
        {
          "page": "394"
        },
        {
          "page": "191"
        }
      ],
      "opinion_index": 0,
      "case_paths": [
        "/us/284/0390-01"
      ]
    },
    {
      "cite": "420 A.2d 1233",
      "category": "reporters:state_regional",
      "reporter": "A.2d",
      "case_ids": [
        7995664
      ],
      "weight": 2,
      "opinion_index": 0,
      "case_paths": [
        "/a2d/420/1233-01"
      ]
    },
    {
      "cite": "362 A.2d 738",
      "category": "reporters:state_regional",
      "reporter": "A.2d",
      "case_ids": [
        8011569
      ],
      "pin_cites": [
        {
          "page": "739"
        }
      ],
      "opinion_index": 0,
      "case_paths": [
        "/a2d/362/0738-01"
      ]
    },
    {
      "cite": "673 A.2d 1304",
      "category": "reporters:state_regional",
      "reporter": "A.2d",
      "case_ids": [
        7872692
      ],
      "weight": 2,
      "pin_cites": [
        {
          "page": "1311"
        },
        {
          "page": "1311"
        }
      ],
      "opinion_index": 0,
      "case_paths": [
        "/a2d/673/1304-01"
      ]
    }
  ],
  "analysis": {
    "cardinality": 541,
    "char_count": 8128,
    "ocr_confidence": 0.679,
    "pagerank": {
      "raw": 1.2245032483302884e-07,
      "percentile": 0.6042661174454572
    },
    "sha256": "1680a706178ff0d455bd7f74cda9709414267eb8f107802ccbc236b5988ad2a8",
    "simhash": "1:b50612a475947844",
    "word_count": 1357
  },
  "last_updated": "2024-02-27T20:43:17.323860+00:00",
  "provenance": {
    "date_added": "2019-08-29",
    "source": "Harvard",
    "batch": "2018"
  },
  "casebody": {
    "judges": [
      "Before WATHEN, C.J., and ROBERTS, GLASSMAN, CLIFFORD, RUDMAN, DANA and LIPEZ.JJ."
    ],
    "parties": [
      "STATE of Maine v. Alan FINNEMORE."
    ],
    "opinions": [
      {
        "text": "ROBERTS, Justice.\n[\u00b6 1] Alan Finnemore appeals from the judgment of conviction entered in the Superi- or Court (Cumberland County, Fritzsche, J.) on a jury verdict finding him guilty on one count of theft by unauthorized taking or transfer (Class E) in violation of 17-A M.R.S.A. \u00a7 353 (1983). Finnemore argues the evidence was insufficient to support his conviction. We affirm the judgment.\n[\u00b62] At 11 p.m. on November 16, 1991, Judith Cossar looked out the window of her place of employment and saw a man in the back seat of her car attempting to start a small fire with some papers and other items. Along with two co-workers, Cossar attempted to stop the man, and subsequently chased him through the neighborhood. While they failed to apprehend him, they gave a description of him to the police. Shortly thereafter, the police spotted a man in the neighborhood, Alan Finnemore, who met the description. Finnemore ran and the police eventually caught him. In Finnemore\u2019s pocket was Cossar\u2019s prescription medicine bottle with her name on it, which had been taken from her car.\n[\u00b6 3] In addition to the charge of theft by unauthorized taking or transfer, Finnemore was charged with arson (Class A) in violation of 17-A M.R.S.A. \u00a7 802(1)(A) (1983), burglary of-a motor vehicle (Class C) in violation of 17-A M.R.S.A. \u00a7 405 (Supp.1996), and criminal mischief (Class E) in violation of 17-A M.R.S.A. \u00a7 806(1) (1983 & Supp.1996). Finnemore was tried and the jury found him guilty of theft of the prescription bottle, but acquitted him of the other three charges.\n[\u00b6 4] Finnemore now challenges the conviction, arguing that in light of the acquittals on the other charges, which stem from the same underlying incident, the evidence must have been insufficient to support a finding of guilt on the theft charge. When examining whether a finding of guilt was based on sufficient evidence, we review the evidence in the light most favorable to the State to determine whether a trier of fact rationally could find beyond a reasonable doubt every element of the offense charged. State v. Marden, 673 A.2d 1304, 1311 (Me.1996.)\n[\u00b6 5] Finnemore\u2019s contention is based on two erroneous assumptions. First, he argues the State cannot rely on 17-A M.R.S.A. \u00a7 361(2) (1983) that establishes a presumption that a person in exclusive possession of recently stolen property is guilty of theft. He supports this position by pointing out, correctly, that the court\u2019s instructions to the jury did not mention section 361(2) or the permissible inference the jury could draw therefrom. When a challenge is made, however, to the sufficiency of the evidence to support a conviction, we review that evidence in the abstract, without regard to the nature or quality of the jury instructions. This is so because an argument that the evidence was insufficient, which seeks as a remedy a judgment of acquittal, necessarily moots any inquiry into the jury instructions, for the inadequacy of which the remedy is merely a new trial.\n[\u00b6 6] Second, Finnemore contends the jury verdict of guilty on the theft charge is inconsistent with the not guilty verdicts on the first three counts and, therefore, erroneous. We disagree. Although our prior cases contain inconsistent statements concerning the consequence of inconsistent verdicts, we have never reversed a conviction on that ground. In State v. Upton, 362 A.2d 738, 739 (Me.1976), we stated that we need not decide the question concerning inconsistent verdicts because the evidence supported the disparate result. In State v. DiPietro, 420 A.2d 1233 (Me.1980), we stated, \u201cMere inconsistency between guilty and not guilty verdicts on separate counts of a single indictment will not render the guilty verdict erroneous.\u201d Id. at 1237 (citing Dunn v. United States, 284 U.S. 390, 52 S.Ct. 189, 76 L.Ed. 356 (1932) and Commonwealth v. Scott, 355 Mass. 471, 245 N.E.2d 415 (1969)). Later, in State v. Engstrom, 453 A.2d 1170 (Me.1982), we stated in dictum that \u201cInconsistent verdicts require reversal only if they are incapable of logical reconciliation.\u201d Id. at 1174 (citing Upton and DiPietro). Later still, in State v. Snow, 513 A.2d 274 (Me.1986), we stated that the dictum in Engstrom should have read: \u201cLogically reconcilable verdicts are not inconsistent and therefore do not require reversal.\u201d Id. at 277.\n[\u00b67] Today, we follow the reasoning of Justice Holmes in Dunn. There the United States Supreme Court stated, \u201cConsistency in the verdict is not necessary.\u201d Dunn, 284 U.S. at 393, 52 S.Ct. at 190. The Court added, \u201c[T]he verdict may have been the result of compromise, or of a mistake on the part of the jury.... But verdicts cannot be upset by speculation or inquiry into such matters.\u201d Id. at 394, 52 S.Ct. at 191.\n[If 8] More recently, the Court reaffirmed the vitality of its decision in Dunn. In United States v. Powell, 469 U.S. 57, 105 S.Ct. 471, 83 L.Ed.2d 461 (1984), the Court reversed a decision of the Ninth Circuit Court of Appeals, United States v. Powell, 708 F.2d 455 (9th Cir.1983). The Court noted that one of the bases for the opinion in Dunn no longer had currency, namely, that \u201c[i]f separate indictments had been presented against the defendant ... and had been separately tried ... an acquittal on one could not be pleaded as res judicata of the other.\u201d Powell, 469 U.S. at 64, 105 S.Ct. at 476 (citing Ashe v. Swenson, 397 U.S. 436, 90 S.Ct. 1189, 25 L.Ed.2d 469 (1970)). Notwithstanding that this element of Dunn could \u201cno longer be accepted,\u201d the Court found that \u201cthe Dunn rule rests on a sound rationale that is independent of its theories of res judicata, and that it therefore survives an attack based upon its presently erroneous reliance on such theories.\u201d Id. The Court itemized a number of factors embodied in the Dunn rule. First, inconsistent verdicts should not be interpreted as a windfall to the prosecution because the jury may have properly reached its guilty verdict, \u201cand then through mistake, compromise, or lenity, arrived at an inconsistent conclusion_\u201d Id. at 65, 105 S.Ct. at 476. Of course, the prosecution has no recourse to correct the jury\u2019s error under such circumstances and, therefore, the verdicts present a situation where \u201c\u2018error,\u2019 in the sense that the jury has not followed the court\u2019s instructions, most certainly has occurred, but it is unclear whose ox has been gored.\u201d Id. Second, any attempt to separate a verdict that may be the product of an error that worked against one of the parties would be based on pure speculation or would involve inappropriate inquiry into the jury\u2019s deliberations. Id. at 66, 105 S.Ct. at 477. Third, a criminal defendant is already protected against jury irrationality or error by independent review of the sufficiency of the evidence by the trial and appellate courts. Id. at 67, 105 S.Ct. at 477-78. The Court concluded there was no reason to vacate the conviction \u201cmerely because the verdicts cannot rationally be reconciled.\u201d Id. at 69, 105 S.Ct. at 479. Because Powell received the benefit of the acquittals, the Court concluded it was neither irrational nor illogical to require her to accept the burden of the convictions. Id. The rule in Dunn, the Court stated, had stood without exception for 53 years and should remain that way.\n[\u00b6 9] We agree with the reasoning of the Court in Powell. Mere inconsistency between guilty and not guilty verdicts on separate counts of a single indictment will not render the guilty verdict invalid. In the case at bar, the evidence was sufficient to support a finding that Finnemore was guilty of theft. See Marden, 673 A.2d at 1311. We will not speculate as to why the jury elected to acquit Finnemore of the other charges, nor will we vacate his conviction on that basis.\nThe entry is:\nJudgment affirmed.",
        "type": "majority",
        "author": "ROBERTS, Justice."
      }
    ],
    "attorneys": [
      "Stephanie Anderson, District Attorney, Julia Sheridan, Asst. Dist. Atty., Portland, for State.",
      "Karen A. Dostaler, Portland, for defendant."
    ],
    "corrections": "",
    "head_matter": "1997 ME 44\nSTATE of Maine v. Alan FINNEMORE.\nSupreme Judicial Court of Maine.\nSubmitted on Briefs Jan. 24, 1997.\nDecided March 13, 1997.\nStephanie Anderson, District Attorney, Julia Sheridan, Asst. Dist. Atty., Portland, for State.\nKaren A. Dostaler, Portland, for defendant.\nBefore WATHEN, C.J., and ROBERTS, GLASSMAN, CLIFFORD, RUDMAN, DANA and LIPEZ.JJ."
  },
  "file_name": "0979-01",
  "first_page_order": 1045,
  "last_page_order": 1047
}
