{
  "id": 9308214,
  "name": "Michael LABONTE v. NATIONAL GRANGE MUTUAL INSURANCE CO.",
  "name_abbreviation": "Labonte v. National Grange Mutual Insurance",
  "decision_date": "2002-12-05",
  "docket_number": "No. 2001-339-Appeal",
  "first_page": "250",
  "last_page": "255",
  "citations": [
    {
      "type": "official",
      "cite": "810 A.2d 250"
    }
  ],
  "court": {
    "name_abbreviation": "R.I.",
    "id": 10179,
    "name": "Supreme Court of Rhode Island"
  },
  "jurisdiction": {
    "id": 15,
    "name_long": "Rhode Island",
    "name": "R.I."
  },
  "cites_to": [
    {
      "cite": "103 R.I. 623",
      "category": "reporters:state",
      "reporter": "R.I.",
      "case_ids": [
        3058377
      ],
      "weight": 4,
      "year": 1968,
      "pin_cites": [
        {
          "page": "634"
        },
        {
          "page": "403"
        }
      ],
      "opinion_index": 0,
      "case_paths": [
        "/ri/103/0623-01"
      ]
    },
    {
      "cite": "120 R.I. 925",
      "category": "reporters:state",
      "reporter": "R.I.",
      "case_ids": [
        8520784
      ],
      "weight": 2,
      "year": 1978,
      "pin_cites": [
        {
          "page": "934"
        },
        {
          "page": "370"
        }
      ],
      "opinion_index": 0,
      "case_paths": [
        "/ri/120/0925-01"
      ]
    },
    {
      "cite": "590 A.2d 898",
      "category": "reporters:state_regional",
      "reporter": "A.2d",
      "opinion_index": 0
    },
    {
      "cite": "674 A.2d 1223",
      "category": "reporters:state_regional",
      "reporter": "A.2d",
      "case_ids": [
        7871071
      ],
      "weight": 2,
      "pin_cites": [
        {
          "page": "1225"
        }
      ],
      "opinion_index": 0,
      "case_paths": [
        "/a2d/674/1223-01"
      ]
    },
    {
      "cite": "746 A.2d 138",
      "category": "reporters:state_regional",
      "reporter": "A.2d",
      "case_ids": [
        11467595
      ],
      "weight": 2,
      "pin_cites": [
        {
          "page": "140"
        }
      ],
      "opinion_index": 0,
      "case_paths": [
        "/a2d/746/0138-01"
      ]
    }
  ],
  "analysis": {
    "cardinality": 520,
    "char_count": 10222,
    "ocr_confidence": 0.646,
    "pagerank": {
      "raw": 5.416350655259682e-08,
      "percentile": 0.341625708680313
    },
    "sha256": "5adfb94a71027edd6d24b2729a3513ff8691c8b710e835b77b03bf2fee3f2d36",
    "simhash": "1:9242fed2830a05e1",
    "word_count": 1632
  },
  "last_updated": "2024-02-27T20:30:51.783453+00:00",
  "provenance": {
    "date_added": "2019-08-29",
    "source": "Harvard",
    "batch": "2018"
  },
  "casebody": {
    "judges": [
      ". Present: WILLIAMS, C.J., and LEDERBERG, FLANDERS, and GOLDBERG, JJ."
    ],
    "parties": [
      "Michael LABONTE v. NATIONAL GRANGE MUTUAL INSURANCE CO."
    ],
    "opinions": [
      {
        "text": "OPINION\nPER CURIAM.\nThe plaintiff, Michael LaBonte, filed a complaint against the defendant, National Grange Mutual Insurance Company, on counts of bad faith in violation of G.L.1956 \u00a7 9-1-33, abuse of process, breach of fiduciary duties, and breach of contract. After a summary judgment was entered in favor of the defendant on all four counts, the plaintiff appealed the denial of his motions to produce a portion of the defendant\u2019s claim file and to disqualify the defendant\u2019s counsel, and the granting of summary judgment in favor of the defendant. This case came before the Supreme Court for oral argument on October 31, 2002, pursuant to an order directing the parties to show cause why the issues raised in this appeal should not be summarily decided. Having reviewed the record and the parties\u2019 memoranda, and having considered counsels\u2019 oral arguments, we conclude that cause has not been shown. Therefore, we proceed to decide the case at this time.\nIn the summer of 1998, plaintiff, who was an independent painting contractor, sanded and painted part of the exterior of a condominium in Newport. In September of that year, plaintiff read in the Newport Daily News that one of the residents of the condominium, Kelly Murphy (Murphy), alleged that her son had been poisoned by lead chips that plaintiff had removed while sanding. The plaintiff thereupon sent the article to defendant, his insurer at the time, requesting that it cover any claims that may arise from the facts alleged. The defendant responded by letter, reserving its right to deny coverage. In October 1998, the Rhode Island Department of Environmental Management informed defendant that it had received a complaint filed by Murphy, alleging that plaintiffs sanding had caused lead poisoning in her son.\nIn January 1999, defendant\u2019s counsel sent a letter to plaintiff requesting an \u201cexamination under oath.\u201d The plaintiff asked defendant to provide independent counsel to represent him at the examination, and defendant refused. Thereafter, defendant filed suit against plaintiff in the United States District Court for the District of Rhode Island, seeking a declaratory judgment that plaintiffs policy excludes coverage of any tort claims Murphy may file against plaintiff arising from lead paint contamination and a determination that plaintiffs failure to provide defendant\u2019s requested examination was a breach of contract. As part of the federal litigation, defendant deposed plaintiff, but the federal case was stayed in February 2000.\nSubsequently, plaintiff commenced this action in state court, eventually bringing four claims, all stemming from defendant\u2019s actions against plaintiff in federal court. In September 2000, the Superior Court heard two motions brought by plaintiff, one seeking plaintiffs claim file from defendant and the other seeking to have defendant\u2019s counsel disqualified. The hearing justice denied both motions. In June 2001, the justice heard and granted defendant\u2019s motion for summary judgment on all four counts.\nThe first issue on appeal is whether the trial justice erred in denying plaintiffs request for the \u201centire claim file * * * of the third-party claim against [him].\u201d At the time of the request, and indeed to the date of the show cause hearing, Murphy had never filed suit against plaintiff. Because there was no third-party tort claim that defendant had to defend, the hearing justice did not err in rejecting plaintiffs request.\nThe second issue is whether the hearing justice erred in denying plaintiffs request to disqualify defendant\u2019s attorney in defendant\u2019s federal case against plaintiff. According to plaintiff, that same counsel \u201cowed a fiduciary duty to [plaintiff] in [defendant\u2019s] handling of the third party tort claim against [plaintiff].\u201d Again, in the absence of any third-party tort claim having been filed against plaintiff, the trial justice did not err in denying plaintiffs motion, without prejudice.\nThe final issue is whether the Superior Court justice erred in granting summary judgment in favor of defendant on the four counts. In reviewing an appeal of a summary judgment, this Court employs the same standards used by the trial justice. Bennett v. Napolitano, 746 A.2d 138, 140 (R.I.2000). Without weighing the evidence or passing upon issues of credibility, we must consider de novo whether there are any material issues of fact in dispute, drawing all reasonable inferences in favor of the nonmoving party. Id. We shall sustain a summary judgment only if our review of the admissible evidence viewed in the light most favorable to the nonmoving party reveals no genuine issue of material fact, and we conclude that the moving party was entitled to judgment as a matter of law. Accent Store Design, Inc. v. Marathon House, Inc., 674 A.2d 1223, 1225 (R.I.1996). A party that opposes a summary judgment motion has the burden of proving by competent evidence the existence of a disputed material issue of fact, and that party cannot rest on mere allegations or denials in the pleadings or on conclusions or legal opinions. Id.\nThe plaintiffs first claim was that defendant acted in bad faith, in violation of \u00a7 9-1-33, when it brought the declaratory judgment action in federal court. Section 9-1-33 states, in pertinent part, that \u201can insured * * * may bring an action against the insurer * * * when it is alleged the insurer wrongfully and in bad faith refused to pay or settle a claim * * * or otherwise wrongfully and in- bad faith refused to timely perform its obligations under the contract of insurance.\u201d As the hearing justice noted, there was no claim against plaintiff at the time, and plaintiff alleged no facts indicating that defendant \u201crefused to timely perform its obligations.\u201d In Rumford Property and Liability Insurance Co. v. Carbone, 590 A.2d 898 (R.I.1991), we held that an insurer wishing to avoid liability may bring a declaratory judgment action in order to clarify coverage terms without the action necessarily being viewed as a \u201cbad-faith maneuver.\u201d Id. at 401. The plaintiff here provided no evidence that defendant was doing more than attempting to clarify its coverage. Therefore, plaintiff did not meet his burden in opposing defendant\u2019s summary judgment motion on the bad-faith count.\nThe plaintiff also argued that a summary judgment was inappropriate on his claim that defendant\u2019s actions constituted an abuse of process because defendant\u2019s counsel admitted that one of the goals of the federal suit was to acquire the information from plaintiff that defendant hoped to obtain by an interview. An \u201caction of abuse of process provides a remedy for a claim arising when a legal procedure, although set in motion in proper form, has been perverted to accomplish an ulterior or wrongful purpose for which it was not designed.\u201d Nagy v. McBurney, 120 R.I. 925, 934, 392 A.2d 365, 370 (1978). But bringing a declaratory judgment action to clarify coverage is a valid use of a legal procedure. See ante. Moreover, defendant\u2019s second claim in the federal suit was that plaintiff had breached his insurance contract by refusing the interview. In our opinion, defendant\u2019s purpose in acquiring information from plaintiff was not \u201culterior or wrongful;\u201d rather, on the facts alleged by plaintiff, the purpose was straightforward and legitimate.\nThe plaintiff further claimed that the hearing justice erred in granting defendant\u2019s summary judgment motion on plaintiffs counts that his insurer breached its fiduciary and contractual duties to plaintiff. The justice found that each claim was \u201cat best premature \u2014 since any duties that would arise would come after a claim has been filed [against the insured].\u201d Although we decline to hold that an insurer owes no fiduciary or contract duty to an insured in the absence of a claim against the insured, plaintiff here has alleged no facts that would indicate that defendant breached a fiduciary or contractual duty when it brought suit in federal court, and plaintiff cited no improper purpose for the suit, nor did he allege that defendant failed to provide coverage. As the justice noted, no claim had been filed against plaintiff.\nThe plaintiff also contended that defendant was required under Employers\u2019 Fire Insurance Co. v. Beals, 103 R.I. 623, 240 A.2d 397 (1968), to provide him with independent counsel when it sought to examine him under oath. In Beals, the insurer found itself in a situation in which it was simultaneously suing the insured in a declaratory judgment action and defending the insured in a tort suit. In the declaratory judgment action, the insurer attempted to demonstrate that the insured\u2019s actions were intentional, a position it certainly did not want to advance in the tort action. In face of the clear conflict, this Court required the insurer to provide the insured with an independent attorney in the tort action and held that \u201cthe insurer\u2019s desire to control the defense must yield to its obligation to defend its policyholder.\u201d Id. at 634, 240 A.2d at 403. Here, in contrast, plaintiff had not yet been sued when he requested independent counsel. Moreover, defendant had not yet brought a declaratory action against plaintiff at the time it sought to examine him.\nTherefore, on the basis of the facts of this case, we decline to extend Beals to require an insurer to provide independent counsel to an insured on each occasion that the insurer initiates a coverage investigation. In this case, it is our opinion that the plaintiff, an insured, had a duty to cooperate with his insurance carrier. The mere fact that a conflict might arise at some later point does not lessen the duty of an insured to cooperate with an investigation. Here, the plaintiffs adversarial posture created a conflict situation for which he should not be rewarded.\nAccordingly, we deny the plaintiffs appeal and affirm the judgment of the Superior Court, to which we return the papers in the case.",
        "type": "majority",
        "author": "PER CURIAM."
      }
    ],
    "attorneys": [
      "Peter J. Comerford, Providence, for Plaintiff.",
      ".Alan Garber, Raymond A. LaFazia, Providence, for Defendant."
    ],
    "corrections": "",
    "head_matter": "Michael LABONTE v. NATIONAL GRANGE MUTUAL INSURANCE CO.\nNo. 2001-339-Appeal.\nSupreme Court of Rhode Island.\nDec. 5, 2002.\nPeter J. Comerford, Providence, for Plaintiff.\n.Alan Garber, Raymond A. LaFazia, Providence, for Defendant.\n. Present: WILLIAMS, C.J., and LEDERBERG, FLANDERS, and GOLDBERG, JJ."
  },
  "file_name": "0250-01",
  "first_page_order": 288,
  "last_page_order": 293
}
