{
  "id": 12489925,
  "name": "Courtney GREEN v. COMMISSIONER OF CORRECTION",
  "name_abbreviation": "Green v. Comm'r of Corr.",
  "decision_date": "2017-06-14",
  "docket_number": "",
  "first_page": "1206",
  "last_page": "1206",
  "citations": [
    {
      "type": "official",
      "cite": "163 A.3d 1206"
    },
    {
      "type": "parallel",
      "cite": "326 Conn. 907"
    }
  ],
  "court": {
    "name_abbreviation": "Conn.",
    "id": 8803,
    "name": "Connecticut Supreme Court"
  },
  "jurisdiction": {
    "id": 2,
    "name_long": "Connecticut",
    "name": "Conn."
  },
  "cites_to": [
    {
      "cite": "172 Conn.App. 585",
      "category": "reporters:state",
      "reporter": "Conn. App.",
      "case_ids": [
        12489674
      ],
      "weight": 2,
      "year": 2017,
      "opinion_index": -1,
      "case_paths": [
        "/a3d/160-2/1068-01"
      ]
    }
  ],
  "analysis": {
    "cardinality": 45,
    "char_count": 379,
    "pagerank": {
      "raw": 4.03580807328026e-08,
      "percentile": 0.25781174887030095
    },
    "sha256": "bd7ae941a7278b5bcbbcdb0f25724adb28f1111794783fb32bf10446a076254e",
    "simhash": "1:25e75248b28046fd",
    "word_count": 58
  },
  "last_updated": "2024-02-27T18:41:41.288746+00:00",
  "provenance": {
    "date_added": "2021-08-27",
    "source": "Fastcase",
    "batch": "2021"
  },
  "casebody": {
    "judges": [],
    "parties": [
      "Courtney GREEN\nv.\nCOMMISSIONER OF CORRECTION"
    ],
    "opinions": [
      {
        "text": "",
        "type": "majority",
        "author": null
      }
    ],
    "attorneys": [
      "The petitioner Courtney Green's petition for certification for appeal from the Appellate Court, 172 Conn.App. 585, 160 A.3d 1068 (2017), is denied."
    ],
    "corrections": "",
    "head_matter": "Courtney GREEN\nv.\nCOMMISSIONER OF CORRECTION\nSupreme Court of Connecticut.\nDecided June 14, 2017\nBrittany B. Paz, in support of the petition.\nThe petitioner Courtney Green's petition for certification for appeal from the Appellate Court, 172 Conn.App. 585, 160 A.3d 1068 (2017), is denied.\nMcDONALD, J., did not participate in the consideration of or decision on this petition."
  },
  "file_name": "1206-01",
  "first_page_order": 1206,
  "last_page_order": 1206
}
