{
  "id": 8125164,
  "name": "C. A. STEPHENS, Appellant, v. J. T. STOKES, Trading as Stokes Appliance Company, Appellee",
  "name_abbreviation": "Stephens v. Stokes",
  "decision_date": "1956-04-19",
  "docket_number": "No. 1771",
  "first_page": "115",
  "last_page": "116",
  "citations": [
    {
      "type": "official",
      "cite": "122 A.2d 115"
    }
  ],
  "court": {
    "name_abbreviation": "D.C.",
    "id": 21806,
    "name": "District of Columbia Municipal Court of Appeals"
  },
  "jurisdiction": {
    "id": 56,
    "name_long": "District of Columbia",
    "name": "D.C."
  },
  "cites_to": [],
  "analysis": {
    "cardinality": 240,
    "char_count": 2796,
    "ocr_confidence": 0.726,
    "sha256": "4eea7a806317f06ee4bfd3200451aac5cac57b9578c3aafb8a991dc5d09a25f2",
    "simhash": "1:ab09e42bb8139396",
    "word_count": 467
  },
  "last_updated": "2023-07-14T18:10:33.485738+00:00",
  "provenance": {
    "date_added": "2019-08-29",
    "source": "Harvard",
    "batch": "2018"
  },
  "casebody": {
    "judges": [
      "Before HOOD, Acting Chief Judge, QUINN, Associate Judge, and CAYTON (Chief Judge, Retired), sitting by designation under Code, \u00a7 11-776 (b)."
    ],
    "parties": [
      "C. A. STEPHENS, Appellant, v. J. T. STOKES, Trading as Stokes Appliance Company, Appellee."
    ],
    "opinions": [
      {
        "text": "PER CURIAM.\nPlaintiff sued a former employee on two claims: (1) a promissory note given for the agreed price of a television set, and (2) loss suffered by plaintiff on a note he signed for defendant for the purchase of an automobile, on which note defendant had defaulted. Plaintiff said he was compelled to redeem it from the bank, and after later gaining possession of the vehicle and making expenditures necessary to make it salable he sold it at auction. His claim was for the amount of his net loss.\nDefendant admitted the execution of both notes. One defense was that plaintiff owed him certain salesman\u2019s commissions. As to this defendant presented no records and admitted that he did not know how much was due him. Plaintiff\u2019s records did not indicate that any commissions were due defendant.\nAs to the automobile transaction defendant claimed that the expense items charged against him in connection with the repossession and sale were exorbitant. But the only testimony on this question was given by plaintiff, who explained each of nineteen items he had listed in a bill of particulars furnished to defendant.\nThe trial court found for plaintiff for the amount of the first note. On the note covering the automobile transaction the court allowed certain items of expenses claimed by plaintiff and disallowed others.\nOn this appeal defendant complains that he should have been represented by an attorney at the trial. There is no substance to this complaint. The record shows that when the case was first set down it was continued for more than a month to enable him to obtain a lawyer. On the second hearing date it was again continued for almost another month, defendant electing to proceed pro se. At the ultimate trial date defendant again announced, \u201cthat he was willing and prepared to go forward in the trial of the case without the services of an attorney.\u201d\nOther claims suggested as grounds for reversal are not within our reviewing function and furnish no ground for setting aside the decision of the trial court. Among such is the contention that plaintiff\u2019s testimony was false; also references to the physical condition and financial status of defendant.\nIt seems clear from the record that the judge conducted the trial patiently and carefully, and that there was no error in any of his rulings or in the ultimate decision.\nAffirmed.",
        "type": "majority",
        "author": "PER CURIAM."
      }
    ],
    "attorneys": [
      "C. A. Stephens, pro se.",
      "Samuel Barker and Seymour Korn, Washington, D. C., for appellee."
    ],
    "corrections": "",
    "head_matter": "C. A. STEPHENS, Appellant, v. J. T. STOKES, Trading as Stokes Appliance Company, Appellee.\nNo. 1771.\nMunicipal Court of Appeals for the District of Columbia.\nSubmitted March 26, 1956.\nDecided April 19, 1956.\nC. A. Stephens, pro se.\nSamuel Barker and Seymour Korn, Washington, D. C., for appellee.\nBefore HOOD, Acting Chief Judge, QUINN, Associate Judge, and CAYTON (Chief Judge, Retired), sitting by designation under Code, \u00a7 11-776 (b)."
  },
  "file_name": "0115-01",
  "first_page_order": 155,
  "last_page_order": 156
}
