{
  "id": 12490017,
  "name": "ROLLINS, S. v. MIDDLE SMITHFIELD TWP, et al.",
  "name_abbreviation": "Rollins v. Middle Smithfield TWP",
  "decision_date": "2016-12-08",
  "docket_number": "42 CD 2016",
  "first_page": "648",
  "last_page": "648",
  "citations": [
    {
      "type": "official",
      "cite": "164 A.3d 648"
    }
  ],
  "court": {
    "name_abbreviation": "Pa. Commw. Ct.",
    "id": 11887,
    "name": "Commonwealth Court of Pennsylvania"
  },
  "jurisdiction": {
    "id": 6,
    "name_long": "Pennsylvania",
    "name": "Pa."
  },
  "cites_to": [],
  "analysis": {
    "cardinality": 22,
    "char_count": 154,
    "sha256": "d884188b2596cf2611863a01642d85684589d6a9624d8637ed224234c1fdd870",
    "simhash": "1:2de1f235cfb80762",
    "word_count": 23
  },
  "last_updated": "2021-08-27T20:57:14.019769+00:00",
  "provenance": {
    "date_added": "2021-08-27",
    "source": "Fastcase",
    "batch": "2021"
  },
  "casebody": {
    "judges": [],
    "parties": [
      "ROLLINS, S.\nv.\nMIDDLE SMITHFIELD TWP, et al."
    ],
    "opinions": [
      {
        "text": "Affirmed.",
        "type": "majority",
        "author": null
      }
    ],
    "attorneys": [],
    "corrections": "",
    "head_matter": "ROLLINS, S.\nv.\nMIDDLE SMITHFIELD TWP, et al.\n42 CD 2016\nCommonwealth Court of Pennsylvania.\nDecember 8, 2016\nDECISION WITHOUT PUBLISHED OPINION"
  },
  "file_name": "0648-12",
  "first_page_order": 648,
  "last_page_order": 648
}
