{
  "id": 8122851,
  "name": "Anna E. FIGLIOZZI, Appellant, v. Joseph FIGLIOZZI, Appellee",
  "name_abbreviation": "Figliozzi v. Figliozzi",
  "decision_date": "1961-09-29",
  "docket_number": "No. 2825",
  "first_page": "904",
  "last_page": "904",
  "citations": [
    {
      "type": "official",
      "cite": "173 A.2d 904"
    }
  ],
  "court": {
    "name_abbreviation": "D.C.",
    "id": 21806,
    "name": "District of Columbia Municipal Court of Appeals"
  },
  "jurisdiction": {
    "id": 56,
    "name_long": "District of Columbia",
    "name": "D.C."
  },
  "cites_to": [],
  "analysis": {
    "cardinality": 162,
    "char_count": 2192,
    "ocr_confidence": 0.701,
    "pagerank": {
      "raw": 1.7470754273611624e-07,
      "percentile": 0.7079279525563074
    },
    "sha256": "d9aa7afae3f49677435c1515089578523e2f89ef0e3ccb2e327cffddd0c2629e",
    "simhash": "1:0d2adb3e5946ad7a",
    "word_count": 355
  },
  "last_updated": "2023-07-14T19:32:12.376502+00:00",
  "provenance": {
    "date_added": "2019-08-29",
    "source": "Harvard",
    "batch": "2018"
  },
  "casebody": {
    "judges": [
      "Before HOOD and QUINN, Associate Judges, and SMITH, Chief Judge of The Municipal Court for the District of Columbia, sitting by designation."
    ],
    "parties": [
      "Anna E. FIGLIOZZI, Appellant, v. Joseph FIGLIOZZI, Appellee."
    ],
    "opinions": [
      {
        "text": "SMITH, Judge.\nThe question presented on this appeal is whether an award of separate maintenance and support for minor children obtained under the Reciprocal Enforcement of Support Act precludes a later action for maintenance and support under Code 1951, \u00a7 16-415.\nIn January 1959 appellant, then residing in Maryland, obtained an order under the Reciprocal Enforcement of Support Act requiring her appellee husband, a resident of the District of Columbia, to pay her $140 per month for support of herself and their minor children. Alleging that $140 per month was inadequate, appellant filed a complaint in December 1960 under \u00a7 16-415 of the Code seeking $300 per month separate maintenance and support. The trial court dismissed the action holding that the award obtained under the Reciprocal Enforcement of Support Act in 1959, which was still in effect, barred this subsequent action.\nIn challenging the holding of the trial court, appellant contends that the language of the Reciprocal Enforcement of Support Act expressly provides for a later suit even though an award under the Act is still effective. The language relied on by appellant appears in \u00a7 11-1603 of the Code and provides that \u201cthe civil remedies herein provided are in addition to and not in substitution for any other remedies.\u201d We are in accord with appellant\u2019s position. The quoted language of the Act clearly indicates that a recovery under the Reciprocal Enforcement of Support Act was not intended by Congress to be a bar to an action for maintenance and support under \u00a7 16-415. We find nothing in the Act or its legislative history justifying rejection of its clear and explicit language.\nReversed.\n. Code 1951, \u00a7 11-1601 et seq., (Supp. VIII).",
        "type": "majority",
        "author": "SMITH, Judge."
      }
    ],
    "attorneys": [
      "Pierre E. Dostert, Washington, D. C., for appellant. '",
      "Francis W. Taylor, Washington, D. C., with whom William P. Kilmain was on the brief, for appellee."
    ],
    "corrections": "",
    "head_matter": "Anna E. FIGLIOZZI, Appellant, v. Joseph FIGLIOZZI, Appellee.\nNo. 2825.\nMunicipal Court of Appeals for the District of Columbia.\nArgued Sept. 12, 1961.\nDecided Sept. 29, 1961.\nPierre E. Dostert, Washington, D. C., for appellant. '\nFrancis W. Taylor, Washington, D. C., with whom William P. Kilmain was on the brief, for appellee.\nBefore HOOD and QUINN, Associate Judges, and SMITH, Chief Judge of The Municipal Court for the District of Columbia, sitting by designation."
  },
  "file_name": "0904-01",
  "first_page_order": 942,
  "last_page_order": 942
}
