{
  "id": 8229808,
  "name": "CB RICHARD ELLIS REAL ESTATE SERVICES, INC., Appellant, v. Christian J. SPITZ, et al., Appellees",
  "name_abbreviation": "CB Richard Ellis Real Estate Services, Inc. v. Spitz",
  "decision_date": "2008-06-19",
  "docket_number": "No. 04-CV-1322",
  "first_page": "704",
  "last_page": "717",
  "citations": [
    {
      "type": "official",
      "cite": "950 A.2d 704"
    }
  ],
  "court": {
    "name_abbreviation": "D.C.",
    "id": 11933,
    "name": "District of Columbia Court of Appeals"
  },
  "jurisdiction": {
    "id": 56,
    "name_long": "District of Columbia",
    "name": "D.C."
  },
  "cites_to": [
    {
      "cite": "892 A.2d 1135",
      "category": "reporters:state_regional",
      "reporter": "A.2d",
      "case_ids": [
        8990439
      ],
      "weight": 5,
      "pin_cites": [
        {
          "page": "1140-41",
          "parenthetical": "emphasis in original; citation omitted"
        },
        {
          "page": "1140"
        },
        {
          "page": "1141"
        },
        {
          "page": "1140-41"
        }
      ],
      "opinion_index": 0,
      "case_paths": [
        "/a2d/892/1135-01"
      ]
    },
    {
      "cite": "512 A.2d 263",
      "category": "reporters:state_regional",
      "reporter": "A.2d",
      "case_ids": [
        7891399
      ],
      "pin_cites": [
        {
          "page": "268"
        }
      ],
      "opinion_index": 0,
      "case_paths": [
        "/a2d/512/0263-01"
      ]
    },
    {
      "cite": "894 A.2d 1113",
      "category": "reporters:state_regional",
      "reporter": "A.2d",
      "case_ids": [
        8437882,
        8438013
      ],
      "pin_cites": [
        {
          "page": "1119"
        }
      ],
      "opinion_index": 0,
      "case_paths": [
        "/a2d/894/1113-01",
        "/a2d/894/1113-02"
      ]
    },
    {
      "cite": "814 A.2d 926",
      "category": "reporters:state_regional",
      "reporter": "A.2d",
      "case_ids": [
        9346090
      ],
      "pin_cites": [
        {
          "page": "931"
        }
      ],
      "opinion_index": 0,
      "case_paths": [
        "/a2d/814/0926-01"
      ]
    },
    {
      "cite": "870 A.2d 58",
      "category": "reporters:state_regional",
      "reporter": "A.2d",
      "case_ids": [
        9014344
      ],
      "weight": 2,
      "pin_cites": [
        {
          "page": "62"
        },
        {
          "page": "63"
        }
      ],
      "opinion_index": 0,
      "case_paths": [
        "/a2d/870/0058-01"
      ]
    },
    {
      "cite": "664 A.2d 836",
      "category": "reporters:state_regional",
      "reporter": "A.2d",
      "case_ids": [
        7871448
      ],
      "weight": 2,
      "pin_cites": [
        {
          "page": "838"
        },
        {
          "page": "838"
        }
      ],
      "opinion_index": 0,
      "case_paths": [
        "/a2d/664/0836-01"
      ]
    },
    {
      "cite": "53 A.2d 722",
      "category": "reporters:state_regional",
      "reporter": "A.2d",
      "case_ids": [
        8160094
      ],
      "pin_cites": [
        {
          "page": "723"
        }
      ],
      "opinion_index": 0,
      "case_paths": [
        "/a2d/53/0722-01"
      ]
    },
    {
      "cite": "666 A.2d 17",
      "category": "reporters:state_regional",
      "reporter": "A.2d",
      "case_ids": [
        12041131
      ],
      "pin_cites": [
        {
          "page": "19-20"
        }
      ],
      "opinion_index": 0,
      "case_paths": [
        "/a2d/666/0017-01"
      ]
    },
    {
      "cite": "940 A.2d 996",
      "category": "reporters:state_regional",
      "reporter": "A.2d",
      "case_ids": [
        8307374
      ],
      "pin_cites": [
        {
          "page": "1002"
        }
      ],
      "opinion_index": 0,
      "case_paths": [
        "/a2d/940/0996-01"
      ]
    },
    {
      "cite": "657 A.2d 301",
      "category": "reporters:state_regional",
      "reporter": "A.2d",
      "case_ids": [
        11930307
      ],
      "pin_cites": [
        {
          "page": "307"
        }
      ],
      "opinion_index": 0,
      "case_paths": [
        "/a2d/657/0301-01"
      ]
    },
    {
      "cite": "85 S.Ct. 1162",
      "category": "reporters:federal",
      "reporter": "S. Ct.",
      "case_ids": [
        1525314
      ],
      "weight": 3,
      "year": 1965,
      "pin_cites": [
        {
          "parenthetical": "emphasis added; internal quotation marks and citation omitted"
        },
        {
          "parenthetical": "emphasis added; internal quotation marks and citation omitted"
        }
      ],
      "opinion_index": 0,
      "case_paths": [
        "/us/380/0563-01"
      ]
    },
    {
      "cite": "380 U.S. 568",
      "category": "reporters:federal",
      "reporter": "U.S.",
      "weight": 2,
      "year": 1965,
      "pin_cites": [
        {
          "page": "571",
          "parenthetical": "emphasis added; internal quotation marks and citation omitted"
        },
        {
          "page": "571"
        }
      ],
      "opinion_index": 0
    },
    {
      "cite": "285 A.2d 310",
      "category": "reporters:state_regional",
      "reporter": "A.2d",
      "case_ids": [
        8064389
      ],
      "opinion_index": 0,
      "case_paths": [
        "/a2d/285/0310-01"
      ]
    },
    {
      "cite": "23 F.2d 986",
      "category": "reporters:federal",
      "reporter": "F.2d",
      "case_ids": [
        1718601
      ],
      "year": 1928,
      "pin_cites": [
        {
          "parenthetical": "same"
        }
      ],
      "opinion_index": 0,
      "case_paths": [
        "/f2d/23/0986-01"
      ]
    },
    {
      "cite": "57 App. D.C. 378",
      "category": "reporters:state",
      "reporter": "App. D.C.",
      "year": 1928,
      "pin_cites": [
        {
          "parenthetical": "same"
        }
      ],
      "opinion_index": 0
    },
    {
      "cite": "438 A.2d 1075",
      "category": "reporters:state_regional",
      "reporter": "A.2d",
      "pin_cites": [
        {
          "page": "1077"
        }
      ],
      "opinion_index": 0
    },
    {
      "cite": "640 A.2d 718",
      "category": "reporters:state_regional",
      "reporter": "A.2d",
      "case_ids": [
        7865049
      ],
      "weight": 7,
      "pin_cites": [
        {
          "page": "727"
        },
        {
          "page": "727-28",
          "parenthetical": "quoting BlaCK's Law Dictionary 1337 (6th ed.1990) (emphasis in West End Tenants )"
        },
        {
          "page": "727"
        },
        {
          "page": "727"
        },
        {
          "page": "727-28"
        }
      ],
      "opinion_index": 0,
      "case_paths": [
        "/a2d/640/0718-01"
      ]
    },
    {
      "cite": "888 A.2d 1161",
      "category": "reporters:state_regional",
      "reporter": "A.2d",
      "case_ids": [
        9000632
      ],
      "pin_cites": [
        {
          "page": "1165"
        }
      ],
      "opinion_index": 0,
      "case_paths": [
        "/a2d/888/1161-01"
      ]
    },
    {
      "cite": "802 A.2d 382",
      "category": "reporters:state_regional",
      "reporter": "A.2d",
      "case_ids": [
        9402697
      ],
      "pin_cites": [
        {
          "page": "385"
        }
      ],
      "opinion_index": 0,
      "case_paths": [
        "/a2d/802/0382-01"
      ]
    },
    {
      "cite": "477 U.S. 242",
      "category": "reporters:federal",
      "reporter": "U.S.",
      "case_ids": [
        6206897
      ],
      "weight": 5,
      "year": 1986,
      "pin_cites": [
        {
          "page": "249"
        },
        {
          "page": "249"
        }
      ],
      "opinion_index": 0,
      "case_paths": [
        "/us/477/0242-01"
      ]
    },
    {
      "cite": "945 A.2d 1173",
      "category": "reporters:state_regional",
      "reporter": "A.2d",
      "case_ids": [
        8387405
      ],
      "weight": 2,
      "pin_cites": [
        {
          "page": "1179"
        },
        {
          "page": "1177"
        }
      ],
      "opinion_index": 0,
      "case_paths": [
        "/a2d/945/1173-01"
      ]
    },
    {
      "cite": "930 A.2d 210",
      "category": "reporters:state_regional",
      "reporter": "A.2d",
      "case_ids": [
        8347927
      ],
      "weight": 2,
      "pin_cites": [
        {
          "page": "217"
        },
        {
          "page": "217",
          "parenthetical": "citations omitted"
        }
      ],
      "opinion_index": 0,
      "case_paths": [
        "/a2d/930/0210-01"
      ]
    }
  ],
  "analysis": {
    "cardinality": 1535,
    "char_count": 40087,
    "ocr_confidence": 0.708,
    "pagerank": {
      "raw": 1.083332724507299e-07,
      "percentile": 0.5630395826165927
    },
    "sha256": "aec4744df56b5fde15422917ac5c258e13cf3fba03eba37b021bead02b3d52da",
    "simhash": "1:866035732b393d4b",
    "word_count": 6418
  },
  "last_updated": "2024-02-27T23:44:02.040062+00:00",
  "provenance": {
    "date_added": "2019-08-29",
    "source": "Harvard",
    "batch": "2018"
  },
  "casebody": {
    "judges": [
      "Before GLICKMAN, KRAMER, and FISHER, Associate Judges."
    ],
    "parties": [
      "CB RICHARD ELLIS REAL ESTATE SERVICES, INC., Appellant, v. Christian J. SPITZ, et al., Appellees."
    ],
    "opinions": [
      {
        "text": "FISHER, Associate Judge:\nThe central issue in this appeal is whether CB Richard Ellis Real Estate Services, Inc., is precluded from recovering any fees for services rendered to appellees in connection with a complex real estate transaction. Holding that D.C.Code \u00a7 42-1705 (2001) barred any recovery in contract, quasi-contract, or tort because there was no written listing agreement for sale of the property, the Superior Court granted summary judgment in favor of defendants/appellees. We conclude that there are genuine issues of material fact and remand for further proceedings consistent with this opinion.\nI. Factual Background\nAppellant CB Richard Ellis Real Estate Services, Inc., formerly known as Insignia/ESG, Inc., is a commercial real estate services company operating in the District of Columbia and elsewhere. Appellant represents that its Washington office \u201cspecializes in procuring debt and equity financing for commercial real estate projects.\u201d Appellees are individual real estate developers and their respective limited liability companies. The three primary developers, Christian Spitz, Walter Rector, and Fred Merrill, Jr., formed 1899 Pennsylvania Avenue, LLC (\u201c1899 LLC\u201d) for the purpose of acquiring and redeveloping the office building located at 1899 Pennsylvania Avenue, N.W. (the \u201cProperty\u201d). In this opinion, we will refer to appellant as \u201cInsignia\u201d and to appellees as \u201c1899 LLC,\u201d the \u201cDevelopers,\u201d or, when appropriate, by their individual names.\nA. The Goal of Replacing Expensive Debt\nIn January 2001, Insignia brokered the purchase of the Property, acting on behalf of 1899 LLC. Throughout 2001 and 2002, the Developers successfully renovated the Property into an upscale office building and secured tenants. However, the purchase and renovations left significant expensive debt which the Developers sought to replace through refinancing or recapitalization. In the fall of 2002, the Developers asked Insignia to assist them in this effort. According to Insignia, the Developers explicitly stated that they did not want to sell the Property because they hoped to continue earning income and fees from it and to avoid paying capital gains tax.\nTurning to the task, Insignia began gathering market and project information to present in an Offering Memorandum that would be used to attract potential investors or lenders. Insignia completed an \u201cinitial draft\u201d of the Offering Memorandum near the end of 2002. In essence, this draft was an informal compilation of the \u201cnuts and bolts,\u201d including the \u201cfinancial analysis\u201d and the \u201csale and lease comps,\u201d that outlined the \u201cfinancial picture for the property.\u201d Sometime in December 2002 or January 2003 Insignia paused in its work while the Developers negotiated a lease with Wilmer, Cutler & Pickering.\nAround January 2003, Insignia resumed work on the Offering Memorandum. At this point, a \u201ccomplete revision\u201d of the initial draft was \u201cnecessary\u201d and Insignia went to work revising, updating, and changing entire sections. Specifically, the sponsorship and financial sections were \u201ccompletely redone\u201d and a \u201clarge portion of the executive summary\u201d was changed. Meanwhile, Insignia continued to \u201crun[] multiple financial scenarios for the 1899 group, Mr. Rector specifically, to show them possible ... financing scenarios.\u201d This work was performed from January to April 2003. Although it is unclear when Insignia officially completed the Offering Memorandum, it did e-mail Rector a nearly final version on March 3, 2003. The various versions of the Offering Memorandum, prepared by Insignia and approved by the Developers, expressly contemplated recapitalization or refinancing, not a sale of the Property.\nB. Did the Parties Reach an Agreement?\nMeanwhile, the Developers and Insignia began negotiating the terms of an agreement that would govern their relationship. The first draft of the engagement letter is dated October 17, 2002. This draft discusses a \u201crecapitalization\u201d but does not mention a \u201csale.\u201d Throughout October 2002, the parties exchanged drafts of this engagement letter. Although each sequential draft contains changes, the fundamental purpose of the collaboration \u2014 to achieve \u201crecapitalization\u201d of the Property \u2014 seems to remain the same.\nInsignia and the Developers met again on January 7, 2003, \u201cto reach agreement on the terms and conditions of [Insignia\u2019s] engagement with 1899[LLC].\u201d According to Insignia, Rector \u201cconducted] the discussion on behalf of [1899 LLC]\u201d and the parties reached an agreement on the terms dealing with \u201cany carve-outs,\u201d \u201cthe services provided,\u201d \u201cthe fees associated with those services,\u201d \u201cthe duration of the agreement,\u201d and \u201ccompensation.\u201d By the conclusion of the meeting, \u201ceverybody said that we are satisfied with those fee amounts and that the next step would be to put it into a document.\u201d Insignia claims that these terms \u201cwere memorialized in the agreement that was executed by Walt Rector.\u201d\nDuring early February 2003, the parties exchanged different versions of the draft engagement letter. The version at issue here is dated February 13, 2003, and was transmitted by Insignia to the Developers on February 20, 2003 (the \u201cFebruary 20th Letter\u201d). Under its terms, the Developers would \u201cexclusively engage[] Insignia to identify, structure and negotiate the recapitalization of the above-referenced Property.\u201d Insignia would \u201cpromptly commence and diligently prosecute obtaining required financing....\u201d The letter mentioned a permanent loan, mezzanine financing, or joint venture equity as potential options, and 1899 LLC would \u201cauthorize!] Insignia to offer the Property for such financing!.]\u201d It also included a formula for paying Insignia \u201cfor all efforts, including all analysis, recommendations, marketing support and any other required consultation by Insignia professionals ... [provided] financing is obtained....\u201d On the other hand, \u201c[i]f [1899 LLC] chooses not to enter into an Agreement for the refinancing of the Property, [1899 LLC] will not owe Insignia any compensation whatsoever for our services hereunder.\u201d\nThe February 20th Letter did not mention a sale of the property. In fact, the words \u201cpurchase,\u201d \u201csale,\u201d \u201cbuyer,\u201d and \u201cseller\u201d do not appear in any portion of the letter. Although Spitz and Insignia had discussed a group known as WestWind a week earlier, the February 20th Letter did not list WestWind as a \u201ccarve-out\u201d from the formula for compensating Insignia. Rather, the letter was silent with regard to any potential transaction with WestWind.\nThe parties dispute whether they agreed to the terms of the February 20th Letter. Insignia never signed the document, but claims to have advised the Developers that it \u201cfully agreed and assented to the terms set forth [therein]\u201d when it emailed the letter to them on February 20, 2003. Although Rector signed the letter and faxed it back to Insignia on that same day, he stated in a cover memo that \u201c[m]y execution and delivery to you is contingent upon your receipt of this engagement letter signed by [Spitz].\u201d Rector concluded his cover memo with the exhortation, \u201cLet\u2019s go get this job done.\u201d Insignia claims that Spitz orally acknowledged that the parties had reached an agreement on multiple occasions between February 20th and March 5th, but concedes that he never actually signed the February 20th Letter.\nC. What About WestWind?\nOn either March 4th or March 5th, Spitz telephoned Insignia to discuss the fact that he expected to receive a proposal from WestWind. According to Insignia, Spitz \u201cindicated ... that he wanted to discuss our fee as related to WestWind\u201d and \u201csuggested] that he was going to break our contract.\u201d In response, and \u201cin anticipation of him breaking our contract,\u201d Insignia suggested they could \u201csomehow negotiate or compromise to a reduced fee in order to make the transaction fly with WestWind.\u201d It appears that both parties agreed to \u201cthink\u201d about a possible compromise but that none was reached at that time.\nHowever, on March 5, 2003, Spitz sent a new version of the engagement letter to Insignia (the \u201cMarch 5th Letter\u201d). The Developers cite this response as evidence that no agreement had been reached; Insignia maintains that Spitz was simply attempting to modify the terms of their previous agreement. The two letters are largely the same, but the March 5th Letter attempted to \u201ccarve out\u201d WestWind, and thus to limit Insignia\u2019s compensation in a manner central to this dispute. It stated that, \u201c[s]hould Owner complete a transaction with WestWind, Insignia will not be due a fee but will be reimbursed for its time in preparing the Offering Memorandum and all reasonable out of pocket third party costs.\u201d In addition, this version of the letter now explicitly referenced a \u201csale\u201d to WestWind as a potential outcome.\nInsignia asserts that it assumed Spitz\u2019s March 5th Letter was a signed and executed copy of Insignia\u2019s February 20th Letter, and filed it away without reading Spitz\u2019s substantive changes. The next day, March 6, 2003, Insignia replied to Spitz\u2019s e-mail, not realizing that he had changed the letter, and suggested a compromise for the WestWind situation. Insignia wrote: \u2018We need to get a break-up fee if [WestWind] does the deal. How about 1 point on the equity.\u201d It appears that Spitz did not respond to this e-mail and it was not until April 9, 2003, when Insignia reviewed the compensation terms in the March 5th Letter and WestWind\u2019s Letter of Intent, that the issue resurfaced.\nOn April 9, 2003, Insignia e-mailed Spitz complaining that the compensation terms listed in some of the documents were inconsistent with their \u201cverbal agreement as it relates to Westwind.\u201d This new development led to further exchanges about how 1899 LLC would compensate Insignia should a transaction with WestWind occur. The various terms discussed included a one percent fee, a $200,000 fee, or simply a reimbursement of expenses. The parties dispute whether they ever reached an agreement on that issue.\nThe parties also dispute whether the Developers used the Offering Memorandum in their solicitation of and negotiations with WestWind. The record suggests, however, that during March and April 2003, the Developers sent WestWind electronic copies of the Offering Memorandum and brought hard copies of it to a meeting with WestWind in Austria. In addition, when presented with multiple copies of the Offering Memorandum during his deposition, WestWind\u2019s Stephen McCarthy identified his handwriting on some and testified that others came from WestWind files.\nD. The Transaction\nIn July 2003, 1899 LLC consummated a deal with WestWind which included deeding the debt-encumbered Property to a previously-formed limited partnership called Kan Am 1899 Pennsylvania Avenue LP (\u201cKan Am 1899\u201d). As part of the transaction, 1899 LLC was admitted to the partnership, which now consisted of one general partner, WestWind 1899 Pennsylvania Avenue Management, LP, holding a 0.01% equity share, and two limited partners, Kan Am Grund and 1899 LLC, holding equity shares of 94.99% and 5.00%, respectively. In accordance with a Contribution Agreement, Kan Am 1899 paid off the existing debt on the Property (approximately $70 million) with proceeds of a new loan and money contributed to the partnership by Kan Am Grand and the General Partner.\nArticle 10 of the Contribution Agreement, entitled \u201cBrokerage Commissions,\u201d specifically identifies Insignia as the \u201cBroker\u201d for the transaction and recites:\nInsignia ESG (\u201cBroker\u201d) has represented Current Owner [1899 LLC] in connection with the transactions contemplated by this Agreement. Upon the Closing, and only if the Closing occurs, the Partnership shall pay a brokerage fee of Two Hundred Thousand and No/ 100 Dollars ($200,000.00) to Broker; provided, however, Current Owner shall be responsible for any additional commission or fee, if any, due Broker.\nInsignia is not a party to this agreement, but 1899 LLC is, and Article 10 seems to acknowledge that Insignia played an important role in arranging the transaction. Notwithstanding this acknowledgment, and despite the previous discussions regarding how Insignia would be compensated if a transaction with WestWind occurred, 1899 LLC now contends that it has no financial obligation to Insignia whatsoever.\nII. Procedural Background\nOn September 11, 2003, Insignia filed a complaint, later amended to allege thirteen counts sounding in contract, quasi-contract, and tort. The Developers moved for summary judgment, and on August 4, 2004, the trial court granted them judgment on all counts. The court held that (1) no enforceable written agreement exists between the parties, (2) the WestWind transaction constituted a \u201csale\u201d of property governed by D.C.Code \u00a7 42-1705, and (3) the statute totally bars recovery of a brokerage commission absent an enforceable written agreement. For these reasons, the court rejected Insignia\u2019s claim for breach of a written contract and its claims based on implied-in-fact or oral contracts, promissory estoppel, and unjust enrichment. The court dismissed Insignia\u2019s other claims for reasons we will explain later, as necessary. Insignia subsequently filed a motion to alter or amend the judgment, which the court denied without opinion on September 29, 2004. This timely appeal followed.\nIII. Standard of Review\n\u201c \u2018Summary judgment is appropriate only when there are no material facts in issue and when it is clear that the moving party is entitled to judgment as a matter of law.\u2019\u201d Blodgett v. University Club, 930 A.2d 210, 217 (D.C.2007) (citation omitted); see Super. Ct. Civ. R. 56(c). \u201c \u2018[T]he judge\u2019s function is not [her]self to weigh the evidence and determine the truth of the matter but to determine whether there is a genuine issue for trial.\u2019\u201d Linen v. Lanford, 945 A.2d 1173, 1179 (D.C.2008) (quoting Anderson v. Liberty Lobby, Inc., 477 U.S. 242, 249, 106 S.Ct. 2505, 91 L.Ed.2d 202 (1986)). However, \u201cthere is no issue for trial unless there is sufficient evidence favoring the nonmoving party for a jury to return a verdict for that party.\u201d Brown v. George Washington University, 802 A.2d 382, 385 (D.C.2002) (quoting Anderson, 477 U.S. at 249, 106 S.Ct. 2505).\nWhether summary judgment was properly granted is a question of law, and our review is therefore de novo. Allman v. Snyder, 888 A.2d 1161, 1165 (D.C.2005). \u201cAlthough we must view the record in the light most favorable to the non-moving party, ... mere conclusory allegations are insufficient to avoid entry of summary judgment.\u201d Blodgett, 930 A.2d at 217 (citations omitted).\nIV. Analysis\nThis case turns in large part on how we characterize the transfer of the Property from 1899 LLC to Kan Am 1899. The trial court concluded that the transfer was a sale and held that D.C.Code \u00a7 42-1705 completely bars all of Insignia\u2019s claims because there is no enforceable written listing agreement. The Developers support the trial court\u2019s analysis. Insignia argues that the transfer was not a sale, but rather a contribution of capital beyond the scope of \u00a7 42-1705. It also argues, alternatively, that the February 20th letter was a written listing agreement, to which the parties had orally agreed. In addition, Insignia challenges the trial court\u2019s holding that failure to comply with \u00a7 42-1705 bars all compensation, not just recovery of a commission on a sale.\nIn confronting these issues, we recognize that the parties\u2019 collaboration extended over many months, and, for much of that period, it seems that no one expected a sale to occur. We therefore must consider the entire scope of the parties\u2019 dealings and how their intentions evolved over a significant period of time.\nWith the benefit of hindsight, it surely would have been prudent for Insignia to obtain a commitment from the Developers in writing, but D.C.Code \u00a7 42-1705 applies only to a sale of real property. Perhaps, in the months before the Developers mentioned the possibility of a sale, the parties reached a binding agreement, oral or written, that Insignia would be compensated for its services supporting the Developers\u2019 quest for refinancing or recapitalization. Even in the absence of an agreement, Insignia might be entitled to claim compensation for the value of its services. It is not apparent at the outset that \u00a7 42-1705 extends so far as to preclude Insignia from recovering any compensation whatsoever, at least for the period before March 5th.\nA. Was This Transaction a Sale Governed by D.C.Code \u00a7 42-1705?\nWe turn first to the question of whether D.C.Code \u00a7 42-1705 governs all or any part of the transaction. To remind the reader, that statute provides: \u201cA written listing contract is required in the District for the sale of all real property. A licensee shall not receive payment of a commission in the absence of a written listing agreement.\u201d The application of this statute to a particular transaction therefore depends on whether it is a \u201csale of ... real property.\u201d The statute does not define the term \u201csale,\u201d so we must look to our precedent for guidance.\nIn West End Tenants Ass\u2019n v. George Washington University, 640 A.2d 718 (D.C.1994), we had occasion to interpret the term \u201csale,\u201d found in a different statute related to transfers of real estate. We concluded that \u201c[tjhere appears to be an almost universal consensus that, in the context of real property transactions, the word \u2018sale\u2019 signifies an absolute transfer of property.\u201d Id. at 727. We adopted the following definition of \u201csale\u201d: \u201c[a] contract whereby property is transferred from one person to another for a consideration of value, implying the passing of the general and absolute title, as distinguished from a special interest falling short of complete ownership.\u201d Id. at 727-28 (quoting BlaCK\u2019s Law Dictionary 1337 (6th ed.1990) (emphasis in West End Tenants )). This definition, used in the context of real property transactions, did not depend on any peculiar wording of the statute at issue then. We see no reason why it should not apply to the statute before us now.\nThe Developers assert, and we agree, that the Deed does, in fact, transfer \u201cgeneral and absolute title\u201d from 1899 LLC to Kan Am 1899. We recognize that the entire transaction was far more complex than a typical sale of real estate. But focusing on the Contribution and Partnership Agreements, as Insignia urges us to do, does not change our conclusion. The Contribution Agreement requires 1899 LLC to \u201ctransfer, convey and contribute\u201d the Property, in its entirety, to Kan Am 1899. Kan Am 1899 \u201cagrees to accept and acquire the Property.\u201d The Partnership Agreement states that the \u201cpurpose of the Partnership\u201d is to \u201cacquire ... and hold\u201d the Property; it recites that 1899 LLC has \u201cconveyed and transferred\u201d the Property to the partnership. Thus, these agreements support, rather than contradict, the Developers\u2019 argument that 1899 LLC transferred \u201cgeneral and absolute title\u201d to Kan Am 1899.\nIn addition, the title was transferred \u201cfor a consideration of value.\u201d See West End, Tenants, 640 A.2d at 727. Kan Am 1899 paid off 1899 LLC\u2019s significant debt on the Property (amounting to approximately $70 million) and 1899 LLC also received a 5% equity interest in Kan Am 1899. Relying on a definition of sale contained in a more recent edition of Black's Law Dictionary and another quoted in a Supreme Court decision, Insignia argues that \u201cthe sine qua non of a \u2018sale\u2019 is the contractual obligation to pay a price in money in exchange for the property to be conveyed.\u201d However, it is well-recognized that \u201cconsideration of value,\u201d the phrase used in West End Tenants, encompasses more than money delivered to the seller. See, e.g., Columbia Realty Venture v. District of Columbia, 438 A.2d 1075, 1077 (D.C.1981) (\u201cIt has long been recognized that the assumption of the debts of another will constitute consideration.... \u201d); Commercial National Bank v. McCandlish, 57 App. D.C. 378, 23 F.2d 986 (1928) (same). And the definition of \u201csale\u201d we adopted in West End Tenants surely is more durable than the publishing cycle of Black's Law Dictionary. See M.A.P. v. Ryan, 285 A.2d 310 (D.C.1971) (a decision of one division of this court is binding on another division).\nFinally, Insignia too narrowly reads the case on which it relies. Quoting from one of its earlier opinions, the Supreme Court said that \u201c[a] sale, in the ordinary sense of the word, is a transfer of property for a fixed price in money or its equivalent.\u201d Comm\u2019r v. Brown, 380 U.S. 568, 571, 85 S.Ct. 1162, 14 L.Ed.2d 75 (1965) (emphasis added; internal quotation marks and citation omitted). Paying off the debt held by 1899 LLC (which, of course, could be quantified) was the equivalent of paying a fixed price in money, and the 5% equity interest had a value that could be, and was, calculated in dollars.\nThus, the complete transfer of the Property, for consideration, from one entity to another, meets the definition of \u201csale\u201d we adopted in West End Tenants and applied in Twin Towers. We recognize, and the Developers acknowledge, that 1899 LLC\u2019s receipt of \u201ca five percent limited partnership interest\u201d in Kan Am 1899 conceptually places it on both sides of the transaction. However, this does not serve to exclude the transaction from our definition of \u201csale.\u201d As a limited partner, 1899 LLC has an equity interest in Kan Am 1899; it has no ownership interest in the property owned by that entity. Furthermore, 1899 LLC has no management control over the Property. The transaction therefore occurred between two separate and distinct entities, and 1899 LLC transferred complete ownership from itself to Kan Am 1899.\nIn sum, we agree with the trial court that the transaction under review constituted (or, more accurately, included) a sale governed by D.C.Code \u00a7 42-1705.\nB. There Was No Written Listing Agreement\nThe Developers assert that, if the transfer of the Property was a sale, D.C.Code \u00a7 42-1705 compels the conclusion that Insignia cannot recover any compensation whatsoever, absent a written listing agreement or contract. They give two independent reasons why the February 20th Letter is not an enforceable \u201cwritten listing agreement\u201d \u2014 (1) the Developers never signed it, and, in any event, (2) there was no meeting of the minds on the terms contained within it. The parties have engaged in a spirited debate about whether there was a meeting of the minds, whether Spitz orally approved the February 20th Letter, and whether oral approval would have been legally effective in this context. We conclude that there is a simpler answer.\nEven if the February 20th Letter is a binding contract, it does not constitute \u201ca written listing agreement.\u201d D.C.Code \u00a7 42-1702(14) (2001), defines the equivalent term, \u201cwritten listing contract,\u201d as:\na contract between a broker and an owner in which the owner grants to the broker the right to find a purchaser for a designated property at the price and terms the owner agrees to accept, and the broker, for a fee, commission, or other valuable consideration, promises to make a reasonable effort to obtain a purchaser for the term of the contract.\nThe February 20th Letter does not meet these requirements because it does not contemplate the sale or purchase of the Property. As we have explained above, the possibility of selling the Property first emerged in a new version of the engagement letter that Spitz sent to Insignia on March 5th. Thus, there was no \u201cwritten listing agreement\u201d in this case.\nInsignia suggests that \u00a7 42-1705 was designed to protect individuals who buy residences, and that the Council never intended for it to apply to commercial transactions involving sophisticated business persons. The legislative history Insignia points to does not support its argument, however, and the plain language of the statute applies to \u201cthe sale of all real property.\u201d Cf. RDP Development Corp. v. Schwartz, 657 A.2d 301, 307 (D.C.1995) (rejecting argument that provision of Real Estate Licensure Act, then codified at D.C.Code \u00a7 45-1926(c) (repealed), \u201cwas not intended to apply to commercial real estate transactions involving knowledgeable and sophisticated parties who are capable of protecting themselves\u201d). Therefore, we apply the statute to this case and hold that Insignia \u201cshall not receive payment of a commission\u201d on the sale of the Property.\nC. Legal and Factual Issues Remain\nThe conclusions we have reached thus far do not dispose of this case, however. It would be a gross understatement to say that this transaction was merely a sale. Moreover, although the statute precludes a licensee from \u201creceiv[ing] payment of a commission\u201d on the sale of real property, Insignia apparently never expected to be compensated in that fashion. According to Insignia, the Developers explicitly stated that they did not want to sell the Property. For several months thereafter, Insignia invested considerable time, talent, and effort preparing the Offering Memorandum and otherwise assisting the Developers in finding a source (or sources) to refinance their debt or recapitalize their business. So far as we can tell from the record, Spitz first mentioned the possibility of a sale in his March 5th letter, and even then it appeared to be only one of three options. He stated that 1899 LLC had \u201cpresented the property for sale, joint venture equity financing and debt financing to West-Wind.\u201d Thus, even after March 5th, it was far from clear that a sale of the Property would occur.\nSpeaking colloquially, the prospect of a sale emerged late in the game. Up until March 5th, no one would have thought that D.C.Code \u00a7 42-1705 applied to the parties\u2019 relationship at all. Therefore, there would have been no legal requirement for Insignia to insist that the terms of its compensation be set forth in a written contract. On remand, the court should consider whether, as Insignia asserts, the parties reached an oral agreement on how Insignia would be compensated for its efforts to help the Developers attract refinancing or recapitalization. See Eastbanc, Inc. v. Georgetown Park Assocs. II, L.P., 940 A.2d 996, 1002 (D.C.2008) (discussing the prerequisites for an enforceable contract). There would have been nothing \u201cillegal\u201d about an oral contract formed before a sale was contemplated. Cf. Cevern, Inc. v. Ferbish, 666 A.2d 17, 19-20 (D.C.1995) (discussing principle \u201cthat an illegal contract, made in violation of a statutory prohibition designed for police or regulatory purposes, is void and confers no right upon the wrongdoer\u201d).\nThe trial court should also consider whether the February 20th Letter was a binding contract, even if it does not qualify as a \u201cwritten listing agreement.\u201d Although the court held that this document was not a binding contract, it did so \u201cbecause the letter\u2019s ratification was contingent upon an event that did not occur\u2014 defendant Spitz\u2019s signing and ratification of the agreement.\u201d We conclude that this issue must be examined anew. Walter Rector undoubtedly could establish preconditions for the effectiveness of his own \u201cexecution and delivery,\u201d see Schlosberg v. Shannon & Lucks Co., 53 A.2d 722, 723 (D.C.1947) (\u201c[0]ne may sign an agreement on condition that he shall not be bound thereby until another also signs .... \u201d), but it is not clear as a matter of fact or law that he had the authority to restrict the manner in which Christian Spitz could give his assent to the February 20th Letter. See Davis v. Winfield, 664 A.2d 836, 838 (D.C.1995) (recognizing that assent to a written contract may be demonstrated by conduct, even if a signature is lacking). Moreover, Insignia asserts that Rector\u2019s approval was irrelevant because Spitz \u201chad sole and exclusive authority to \u2018negotiate and enter\u2019 a professional services contract with Insignia on behalf of 1899 LLC.\u201d Resolving these issues apparently will, among other things, require examination of the agreements governing 1899 LLC. With respect to some of Insignia\u2019s claims, however, its after-acquired knowledge of how 1899 LLC was governed may be less important than the contemporaneous representations of Rector and Spitz.\nWe note that this letter sets forth a \u201cschedule of fees\u201d by which Insignia would be compensated; none of these fees are contingent upon a sale of the Property, nor are they calculated based on a sale price. If this schedule of fees becomes relevant, what did the parties mean by the terms \u201crefinancing,\u201d \u201cfinancing,\u201d \u201ctotal debt capital committed,\u201d and \u201ctotal equity capital committed\u201d? Did the transaction that occurred fit within these terms? If the parties did reach an agreement, whether oral or written, had WestWind been \u201ccarved out\u201d so that Insignia would not be entitled to compensation if a deal with WestWind was consummated? Even if there was no agreement, a contract may have been implied by the conduct of the parties. See generally Jordan Keys & Jessamy, LLP v. St. Paul Fire & Marine Insurance Co., 870 A.2d 58, 62 (D.C.2005). Alternatively, Insignia may be entitled to recover the value of its services (or a portion of them) under an \u201cunjust enrichment\u201d theory. See id. at 63.\nWe agree with the trial court that, if there is no written listing agreement, a licensee may not seek to \u201creceive payment of a commission\u201d on the sale of real property by alleging that the parties had reached an oral agreement, that a contract was implied in fact, or that he is entitled to compensation for the value of his services. Thus, we do not suggest that a licensee who assists in the sale of real property may avoid the force of D.C.Code \u00a7 42-1705 by suing on alternative theories. However, this was a complex transaction, and the intentions of the parties evolved over a period of several months. At the outset, they did not contemplate that the Property would be sold. A statute that prevents a licensee from receiving a commission for the sale of real property, in the absence of a written listing agreement, does not necessarily preclude that licensee from receiving compensation for services contracted-for and provided before it was clear that the Property would be sold. We cannot at this point say that \u201cthere is no genuine issue as to any material fact and that [the Developers are] entitled to a judgment as a matter of law.\u201d Super. Ct. Civ. R. 56(c). Further inquiry is necessary to determine whether Insignia is entitled to some form of compensation for its efforts to assist the Developers in refinancing their debt or recapitalizing their business.\nY. Conclusion\nWe agree that the transfer of the Property from 1899 LLC to Kan Am 1899 was a sale and that the February 20th Letter was not a written listing agreement. Therefore, D.C.Code \u00a7 42-1705 precludes Insignia from \u201creceiving] payment of a commission\u201d on the sale of the Property. However, at this stage of the litigation, we cannot rule out the possibility that Insignia is entitled to some form of compensation. We vacate the judgment of the Superior Court and remand for further proceedings consistent with this opinion.\nSo ordered.\n.D.C.Code \u00a7 42-1705 provides in its entirety: \u201cA written listing contract is required in the District for the sale of all real property. A licensee shall not receive payment of a commission in the absence of a written listing agreement.\u201d\n. Because we are reviewing a grant of summary judgment, we \"look[ ] at the evidence in the light most favorable to the non-moving party....\u201d Linen v. Lanford, 945 A.2d 1173, 1177 (D.C.2008).\n. 1899 LLC is controlled by Christian Spitz and Walter Rector.\n. Insignia agreed not to approach Noro Funds or Mutual of New York (\"MONY\u201d) \"as a potential equity or mezzanine source ...,\u201d and seemingly contradictory language provided that Insignia would receive limited fees, or perhaps no fees, if either group provided financing. The parties seem to agree that the February 20th Letter \"carved out\u201d Noro and MONY.\n. We use the term \"WestWind\u201d to refer collectively to WestWind Capital Partners, L.P. and Kan Am Grand.\n. Over dinner on February 12, 2003, Spitz informed Insignia of his \"relationship with WestWind that had originated from a prior transaction^]\u201d At that time they discussed WestWind, but did not reach an agreement on Insignia\u2019s compensation for a WestWind transaction.\n. The Developers urge us to disregard the affidavit of Paul Dougherty, submitted in opposition to their motion for summary judgment, contending that it is a \u201csham affidavit.\u201d However, they have not demonstrated a sufficiently \u201cclear and explicit contradiction between what [was] said at the deposition and what is said in the [subsequent] affidavit^]\u201d Hinch v. Lucy Webb Hayes National Training School, 814 A.2d 926, 931 (D.C.2003), to justify invoking that doctrine.\n.According to Paul Dougherty, Insignia\u2019s representative, \"we had known all along that WestWind was going to be providing a proposal.\u201d He explained that Spitz provided Insignia with contact information for WestWind \"back in the fall.\u201d\n. \"Notwithstanding anything else in this agreement to the contrary, Insignia recognizes that Owner has presented the property for sale, joint venture equity financing and debt financing to WestWind.\u201d\n. When questioned about his failure to read the March 5th Letter, Paul Dougherty, Insignia\u2019s agent, explained that he received Spitz\u2019s e-mail, with the letter attached as a document, on his Blackberry. He stated that he could read the e-mail immediately but could not open, and thus could not read, the attached letter on his Blackberry. He further explained that Spitz's e-mail \"did not lead [him] to believe that [Spitz] made any modifications to the agreement\u201d and thus he did not take the time to read the attachment later.\n.Dougherty explained that he \"was just using [Spitz\u2019s] email to respond back, to reply to the email, not knowing what was in the agreement, the same way that you would pick up any email for ease of replying ... as opposed to typing their name in.\u201d\n. We later emphasized that \"[t]o be a \u2018sale\u2019 ... a property transaction must be an 'absolute transfer\u2019 or amount to the passing of 'general and absolute title.' \u201d Twin Towers Plaza Tenants Ass\u2019n v. Capitol Park Assocs., L.P., 894 A.2d 1113, 1119 (D.C.2006) (quoting West End Tenants, 640 A.2d at 727). Furthermore, a transfer \"of interests 'falling short of complete ownership' ... is not the same as transferring \u2018absolute title.' \u201d Id. (quoting West End Tenants, 640 A.2d at 727-28).\n. After we decided West End Tenants, the Council of the District of Columbia amended the Tenant Opportunity To Purchase Act both to broaden the definitions of \"sell\u201d and \"sale\u201d and to exclude some sales from the statute\u2019s coverage. See D.C.Code \u00a7 42-3404.02 (Supp. 2007). The effect of certain amendments is to establish that something less than a complete transfer of general and absolute title may qualify as a sale. In some instances, a complete transfer of general and absolute title, for consideration, would not be a sale, but none of these restrictions would exclude the transaction at issue here. See D.C.Code \u00a7 42-3404.02(c)(2) (Supp.2007). Most importantly, these new definitions apply only to sub-chapters IV and V of Title 42, chapter 34. Thus, these legislative revisions to the definition adopted in West End Tenants do not affect the outcome here.\n. \"Sale\u201d is defined as: \"1. The transfer of property or title for a price. 2. The agreement by which such a transfer takes place.- \u2014 The four elements are (1) parties competent to contract, (2) mutual assent, (3) a thing capable of being transferred, and (4) a price in money paid or promised.\u201d Black\u2019s Law Dictionary 1337 (7th ed.1999).\n. The Supreme Court did not need to decide whether the definition it quoted was comprehensive enough to include all sales because \"[t]he transaction which occurred in [that] case was obviously a transfer of property for a fixed price payable in money.\u201d 380 U.S. at 571, 85 S.Ct. 1162.\n. The value of the equity interest received by 1899 LLC was fixed in Section 3.3(a) of the Partnership Agreement:\nAs provided in the Contribution Agreement, the net fair market [sic] of the [Property] (after deducting the outstanding amounts due under the Development Loan and the South Charles Loan and other adjustments as described in the Contribution Agreement) is $2,199,644.05, which amount shall be credited to the Contribution Account and Capital Account of 1899 LLC. Such amount credited to the Contribution Account of 1899 LLC represents five percent (5%) of the aggregate sum of the Contribution Accounts of all Partners....\n. See D.C.Code \u00a7 33-102.03 (2001) (\"Property acquired by a partnership is property of the partnership and not of the partners individually.\u201d); see also Price v. District of Columbia Rental Housing Comm\u2019n, 512 A.2d 263, 268 (D.C.1986) ('\"a partnership holds and conveys property separately and distinctly from the individuals who hold an interest in the partnership.\u2019 \u201d) (citations omitted).\n. Section 6.1 of the Partnership Agreement specifies:\nExcept as otherwise provided herein, the Limited Partners shall not take part in the management or control of the Partnership\u2019s business nor shall they transact any business for the Partnership, nor shall they have the power to act for or bind the Partnership, said powers being vested solely and exclusively in the General Partner as set forth herein.... 1899 LLC shall have no approval or consent rights whatsoever under this Agreement.\nIt appears that DRI Partners, Inc., another entity controlled by Spitz, was hired by Kan Am 1899 to manage the Property, but that company, of course, is distinct from 1899 LLC, and this arrangement does not undermine the conclusion that 1899 LLC has no management control over the Property.\n. The facts of this case therefore distinguish it from Wallasey Tenants Ass\u2019n v. Varner, 892 A.2d 1135 (D.C.2006), where we held that \" 'the transfer of the ... property to the grant- or\u2019s wholly owned corporation, or the transfer from one corporation to another corporation owned and controlled by the same interests\u2019 ... does not result in a change in ownership or control and therefore does not [constitute a sale].\u201d Id. at 1140-41 (emphasis in original; citation omitted). Unlike the grantor in Wal-lasey Tenants, 1899 LLC does not \"wholly-own[]\u201d and \"wholly-control[]\u201d the grantee Kan Am 1899. Id. at 1140. In addition, unlike the transaction in Wallasey, the one at issue here effected a complete \"change in ownership [and] control.\u201d Id. at 1141. Any assessment of this transaction under the \" 'general principles' \u201d adopted in Wallasey, id. at 1140-41, compels the conclusion that this was, in fact, a sale.\n. Because they are not at issue here, we express no views on the tax consequences of this transaction under the Internal Revenue Code.\n. Although \u00a7 42-1705 refers to \"a written listing agreement,\u201d the corresponding definitional section addresses a slightly different term \u2014 \"written listing contract.\u201d D.C.Code \u00a7 42-1702(14) (2001). We reject any suggestion that the Council intended to distinguish between a \"written listing contract\u201d and a \"written listing agreement.\u201d\n.Because we conclude that the contents of the letter do not meet the requirements of a written listing agreement, we do not reach the question of whether it would defeat the purpose of the statute to treat a written document, orally agreed to, as a written listing agreement. Cf. Davis v. Winfield, 664 A.2d 836, 838 (D.C.1995) (recognizing that assent to a written contract may be demonstrated by conduct, even if a signature is lacking).\n. Insignia represents that it does not contest the dismissal of Counts VII and VIII, so those allegations will not be at issue on remand. All other counts are remanded for further consideration.",
        "type": "majority",
        "author": "FISHER, Associate Judge:"
      }
    ],
    "attorneys": [
      "Paul T. Hourihan, with whom Paul Martin Wolff and Joseph E. Fluet III were on the brief, for appellant.",
      "S. Scott Morrison, with whom Nicole Lynn Kobrine was on the brief, for appel-lees."
    ],
    "corrections": "",
    "head_matter": "CB RICHARD ELLIS REAL ESTATE SERVICES, INC., Appellant, v. Christian J. SPITZ, et al., Appellees.\nNo. 04-CV-1322.\nDistrict of Columbia Court of Appeals.\nArgued May 9, 2006.\nDecided June 19, 2008.\nPaul T. Hourihan, with whom Paul Martin Wolff and Joseph E. Fluet III were on the brief, for appellant.\nS. Scott Morrison, with whom Nicole Lynn Kobrine was on the brief, for appel-lees.\nBefore GLICKMAN, KRAMER, and FISHER, Associate Judges."
  },
  "file_name": "0704-01",
  "first_page_order": 744,
  "last_page_order": 757
}
