{
  "id": 8231736,
  "name": "COMMONWEALTH of Pennsylvania, Appellee v. Larry D. WALLS, Appellant",
  "name_abbreviation": "Commonwealth v. Walls",
  "decision_date": "2008-06-02",
  "docket_number": "",
  "first_page": "1028",
  "last_page": "1032",
  "citations": [
    {
      "type": "official",
      "cite": "950 A.2d 1028"
    }
  ],
  "court": {
    "name_abbreviation": "Pa. Super. Ct.",
    "id": 8775,
    "name": "Superior Court of Pennsylvania"
  },
  "jurisdiction": {
    "id": 6,
    "name_long": "Pennsylvania",
    "name": "Pa."
  },
  "cites_to": [
    {
      "cite": "758 A.2d 669",
      "category": "reporters:state_regional",
      "reporter": "A.2d",
      "case_ids": [
        11192583
      ],
      "weight": 2,
      "pin_cites": [
        {
          "page": "674"
        }
      ],
      "opinion_index": 0,
      "case_paths": [
        "/a2d/758/0669-01"
      ]
    },
    {
      "cite": "807 A.2d 890",
      "category": "reporters:state_regional",
      "reporter": "A.2d",
      "case_ids": [
        11355185,
        270299,
        270262,
        11355270
      ],
      "weight": 2,
      "year": 2002,
      "pin_cites": [
        {
          "page": "899"
        }
      ],
      "opinion_index": 0,
      "case_paths": [
        "/a2d/807/0890-01",
        "/pa/570/0034-01",
        "/pa/570/0033-01",
        "/a2d/807/0890-02"
      ]
    },
    {
      "cite": "570 Pa. 34",
      "category": "reporters:state",
      "reporter": "Pa.",
      "case_ids": [
        270299
      ],
      "year": 2002,
      "opinion_index": 0,
      "case_paths": [
        "/pa/570/0034-01"
      ]
    },
    {
      "cite": "868 A.2d 1257",
      "category": "reporters:state_regional",
      "reporter": "A.2d",
      "case_ids": [
        9181449
      ],
      "weight": 2,
      "pin_cites": [
        {
          "page": "1263",
          "parenthetical": "emphasis in original"
        }
      ],
      "opinion_index": 0,
      "case_paths": [
        "/a2d/868/1257-01"
      ]
    },
    {
      "cite": "676 A.2d 632",
      "category": "reporters:state_regional",
      "reporter": "A.2d",
      "case_ids": [
        7862620,
        463566
      ],
      "year": 1996,
      "pin_cites": [
        {
          "page": "635"
        }
      ],
      "opinion_index": 0,
      "case_paths": [
        "/a2d/676/0632-01",
        "/pa/544/0346-01"
      ]
    },
    {
      "cite": "544 Pa. 346",
      "category": "reporters:state",
      "reporter": "Pa.",
      "case_ids": [
        463566
      ],
      "year": 1996,
      "opinion_index": 0,
      "case_paths": [
        "/pa/544/0346-01"
      ]
    },
    {
      "cite": "912 A.2d 815",
      "category": "reporters:state_regional",
      "reporter": "A.2d",
      "case_ids": [
        3851813,
        8444223
      ],
      "year": 2006,
      "opinion_index": 0,
      "case_paths": [
        "/pa/590/0356-01",
        "/a2d/912/0815-01"
      ]
    },
    {
      "cite": "590 Pa. 356",
      "category": "reporters:state",
      "reporter": "Pa.",
      "case_ids": [
        3851813
      ],
      "year": 2006,
      "opinion_index": 0,
      "case_paths": [
        "/pa/590/0356-01"
      ]
    }
  ],
  "analysis": {
    "cardinality": 593,
    "char_count": 10930,
    "ocr_confidence": 0.711,
    "pagerank": {
      "raw": 5.533566534861709e-08,
      "percentile": 0.3489765233417083
    },
    "sha256": "a65649bdd348c01c8b086f99609111e1792ead30d195b3d8ba406259f89a523e",
    "simhash": "1:819fec9d16056b84",
    "word_count": 1783
  },
  "last_updated": "2024-02-27T23:44:02.040062+00:00",
  "provenance": {
    "date_added": "2019-08-29",
    "source": "Harvard",
    "batch": "2018"
  },
  "casebody": {
    "judges": [
      "BEFORE: MUSMANNO, KLEIN and POPOVICH, JJ."
    ],
    "parties": [
      "COMMONWEALTH of Pennsylvania, Appellee v. Larry D. WALLS, Appellant."
    ],
    "opinions": [
      {
        "text": "OPINION BY\nKLEIN, J.:\n\u00b6 1 Larry Walls appeals from his judgment of sentence entered on October 1, 2003. A jury found him guilty of, inter alia, robbery and aggravated assault; he was sentenced to an aggregate term of imprisonment of 13 to 26 years. On January 29, 2007, we affirmed his judgment of sentence and on November 20, 2007, the Supreme Court of Pennsylvania vacated our decision and remanded for reconsideration in light of Commonwealth v. Jones, 590 Pa. 356, 912 A.2d 815 (2006), which holds that merger is proper even though the lesser offense requires a scienter component not included within the elements of the greater offense.\n\u00b6 2 We find that Walls\u2019 sentences for robbery and aggravated assault each have separate elements and a conviction for one does not necessarily contain the elements of the other. For example, one can commit a robbery with only a simulated weapon so there is no intent to cause serious bodily injury. Likewise, one can commit an aggravated assault by stabbing or shooting someone and not steal anything. A common sense view shows that these two crimes do not merge. Accordingly, we affirm.\nFACTS\n\u00b6 3 On December 16, 1999, at 4:43 a.m., Scott Bittner saw Walls breaking into a car owned by his brother, Jason Bittner. The car was parked across the street from the brothers\u2019 parents\u2019 house, where Scott and Jason were staying. Scott yelled that someone was in the car and ran out of the house towards Jason\u2019s car. Walls attempted to run away and Scott grabbed Walls\u2019 arm to stop him from running. A struggle ensued between the two men, during which Walls stabbed Scott multiple times in the back, abdominal area, back of the head, and in the neck in close proximity to the carotid artery, using a screwdriver and/or a pair of needlenose pliers. Scott successfully prevented Walls from fleeing by pushing Walls to the ground and carrying Walls to his parents\u2019 house where he told Jason to call the police. Police responded to the scene and Walls was arrested. A wooden cigarette case that had previously been in the center console of Jason\u2019s car was found in Walls\u2019 possession.\n\u00b6 4 On July 29, 2003, Walls was convicted by a jury of aggravated assault, robbery, theft of a motor vehicle, theft by unlawful taking, recklessly endangering another person, possessing instruments of a crime, harassment and criminal mischief. He was sentenced to llh to 15 years\u2019 incarceration on the aggravated assault (attempt to cause serious bodily injury) charge and a concurrent term of 6 to 12 months\u2019 incarceration on the possession of instruments of a crime charge. He was sentenced to a term of 5$ to 11 years\u2019 incarceration on the robbery charge, to be served consecutively to the other sentences.\n\u00b6 5 Walls\u2019 post-sentence motion was denied by operation of law pursuant to Pa. R.Crim.P 720(B)(3)(a); however, because an order to that effect was never entered by the clerk of courts, and Walls received no notification of the denial, the trial court reinstated Walls\u2019 direct appeal rights nunc pro tunc. We affirmed Walls\u2019 judgment of sentence on January 29, 2007. The Supreme Court of Pennsylvania granted Walls\u2019 petition for allocatur on November 20, 2007. The Supreme Court issued an order vacating this Court\u2019s decision, remanding the appeal for reconsideration in light of Jones, supra, and both parties submitted briefs in support of this remand.\nDISCUSSION\n\u00b6 6 On appeal Walls claims that his convictions for aggravated assault and robbery should have merged for sentencing purposes, and that the evidence presented by the Commonwealth at trial was insufficient to support his aggravated assault and robbery convictions.\n1. The offenses do not merge\n\u00b6 7 We address Walls\u2019 merger claim first.\n\u00b6 8 The Supreme Court remanded this case following the recent case of Jones, supra, where the Pennsylvania Supreme Court determined that where the lesser-included crime includes an additional element of specific intent that the greater crime does not, merger is still proper. Id. at 821. Specifically, the defendant in Jones was found guilty of burglary and criminal trespass and the Court determined that the crimes merged because the defendant was charged on the same facts to satisfy the elements of both crimes, even though the lesser-included offense, criminal trespass, required a scienter element that burglary did not. The Jones Court stated:\nThe impediment to merger here ... consists in the fact that the two primary elements of criminal trespass \u2014 (1) knowledge of lack of privilege (2) to enter a building \u2014 are not elements of burglary. Criminal trespass requires a defendant\u2019s awareness of lack of privilege, 18 Pa.C.S. \u00a7 3503(a)(1), while the putatively greater offense of burglary requires only lack of privilege.\nId. at 822. The Court determined based on \u201cthe totality of circumstances, including the pleadings and proof at trial, that the defendant was aware of his lack of privilege when he committed both burglary and criminal trespass.\u201d Id.\n\u00b6 9 Prior to Jones, in Commonwealth v. Belsar, 544 Pa. 346, 676 A.2d 632, 635 (1996), the Supreme Court had held that aggravated assault and robbery do not merge, stating:\n... the crimes do not merge, for robbery requires proof of theft, which aggravated assault does not, and aggravated assault as a felony of the first degree requires proof of circumstances manifesting extreme indifference to the value of human life, which robbery does not.\n\u00b6 10 Likewise, citing Belsar, in Commonwealth v. Payne, 868 A.2d 1257 (Pa.Super.2005), this Court held that the crimes of aggravated assault and robbery did not merge for sentencing purposes. We stated:\nAs \u00a7 2702(a)(1) declares, before an individual may be convicted of aggravated assault, that individual must \u201ccause serious bodily injury to another intentionally, knowingly or recklessly under circumstances manifesting extreme indifference to the value of human life.\u201d 18 Pa.C.S. \u00a7 2702(a)(1). 18 Pa. C.S. \u00a7 3701(a)(l)(i) simply does not require such a mental state when the \u201cserious bodily injury\u201d is inflicted. For robbery, it is enough that the perpetrator \u201cin\u00f1icts serious bodily injury upon another\u201d while \u201cin the course of committing a theft.\u201d 18 Pa.C.S. \u00a7 3701(a)(l)(i).\nId. at 1263 (emphasis in original).\n\u00b6 11 In Commonwealth v. Gatling, 570 Pa. 34, 807 A.2d 890, 899 (2002), the Supreme Court said:\nThe preliminary consideration [in determining merger for sentencing purposes] is whether the facts on which both offenses are charged constitute one solitary criminal act. If the offenses stem from two different criminal acts, merger analysis is not required. If, however, the event constitutes a single criminal act, a court must then determine whether or not the two convictions should merge. In order for two convictions to merge: (1) the crimes must be greater and lesser-included offenses; and (2) the crimes charged must be based on the same facts.\nIf both prongs are met, the court should merge the convictions for sentencing; if either prong is not met, however, merger is inappropriate. Id.\n\u00b6 12 In the instant case, the Commonwealth proved that Walls repeatedly stabbed Scott Bittner with a screwdriver and/or pliers, causing a potentially life threatening wound to Bittner, while in the process of stealing a car. The Commonwealth proved aggravated assault by showing that Walls stabbed Bittner, attempting to cause serious bodily injury, under circumstances manifesting extreme indifference to the value of human life.\n\u00b6 13 Using a common sense approach to merger, we appreciate the holding in Jones, and we agree that the elements underlying burglary and criminal trespass are very closely related. The same is not true, however, for. the crimes of aggravated assault and robbery. The harms proscribed by statute are very different for each crime and one could easily commit one without committing the other. It is evident that each offense requires proof of a fact, not an intent, which the other does not. Gatling, supra. Conversely, we are hard pressed to find an example where one can be found to have entered a private building, without license, with the intent to commit a crime but is not found to have entered a building they know they are not privileged to enter. The Supreme Court explains, Jones, supra at 822. Therefore, we find that Walls\u2019 sentences for robbery and aggravated assault do not merge.\n[a]ny individual who covertly enters another person\u2019s home, through a locked back door ... and then steals valuables obviously is aware that his entry into the home is neither licensed nor privileged.\n2. Sufficiency of the evidence\n\u00b6 14 Next, Walls claims that the evidence presented at trial was insufficient to support his robbery and aggravated assault convictions. We disagree.\n\u00b6 15 Here, the Commonwealth established that in the early morning hours of December 16, 1999, Walls broke into Jason Bittner\u2019s car and was confronted by Scott Bittner. (N.T. Jury Trial, 7/28/03, at 50-51). As previously mentioned, Walls repeatedly stabbed Bittner, causing wounds, cuts, scratches and lacerations about Bitt-ners\u2019 upper torso. Walls was later found in possession of a cigarette case that had been in the center console of Jason Bitt-ner\u2019s car. (N.T. Jury Trial, 7/29/03, at 154).\n\u00b6 16 We find that the circumstances of this case were sufficient to permit the jury to infer that: (1) Walls, during the course of committing a theft, threatened Bittner with or intentionally put Bittner in fear of serious bodily injury; and (2) Walls acted with specific intent to inflict serious bodily injury under circumstances manifesting extreme indifference to the value of human life. Since the Commonwealth presented ample evidence to support Walls\u2019 robbery and aggravated assault convictions, his challenges to the sufficiency of the evidence must fail.\n\u00b6 17 Judgment of sentence affirmed.\n. The Commonwealth stipulated that Scott did not actually endure serious bodily injury, only bodily injury.\n. 18 Pa.C.S.A. \u00a7\u00a7 2702(a)(1) and 3701(a)(l)(ii), respectively.\n. In reviewing a challenge to the sufficiency of the evidence, we must determine whether, viewing the evidence in the light most favorable to the Commonwealth as verdict winner, together with all reasonable inferences therefrom, the trier of fact could have found that every element of the crimes charged was established beyond a reasonable doubt. Commonwealth v. Randall, 758 A.2d 669, 674 (Pa.Super.2000). It is within the province of the factfinder to determine the weight to be given to each witness's testimony and to believe all, part, or none of the evidence presented at trial. Id.",
        "type": "majority",
        "author": "KLEIN, J.:"
      }
    ],
    "attorneys": [
      "Brian H. Grabill, Altoona, for appellant.",
      "Douglas J. Keating, Assistant District Attorney, Hollidaysburg, for Commonwealth, appellee."
    ],
    "corrections": "",
    "head_matter": "COMMONWEALTH of Pennsylvania, Appellee v. Larry D. WALLS, Appellant.\nSuperior Court of Pennsylvania.\nSubmitted Nov. 13, 2006.\nFiled June 2, 2008.\nBrian H. Grabill, Altoona, for appellant.\nDouglas J. Keating, Assistant District Attorney, Hollidaysburg, for Commonwealth, appellee.\nBEFORE: MUSMANNO, KLEIN and POPOVICH, JJ."
  },
  "file_name": "1028-01",
  "first_page_order": 1068,
  "last_page_order": 1072
}
