{
  "id": 7906167,
  "name": "Frederick W. LEADBETTER, et al. v. Robert FERRIS and City of Waterville",
  "name_abbreviation": "Leadbetter v. Ferris",
  "decision_date": "1984-12-10",
  "docket_number": "",
  "first_page": "225",
  "last_page": "228",
  "citations": [
    {
      "type": "official",
      "cite": "485 A.2d 225"
    }
  ],
  "court": {
    "name_abbreviation": "Me.",
    "id": 9543,
    "name": "Maine Supreme Judicial Court"
  },
  "jurisdiction": {
    "id": 42,
    "name_long": "Maine",
    "name": "Me."
  },
  "cites_to": [
    {
      "cite": "313 A.2d 741",
      "category": "reporters:state_regional",
      "reporter": "A.2d",
      "case_ids": [
        8034702
      ],
      "pin_cites": [
        {
          "page": "749"
        }
      ],
      "opinion_index": 0,
      "case_paths": [
        "/a2d/313/0741-01"
      ]
    },
    {
      "cite": "462 A.2d 27",
      "category": "reporters:state_regional",
      "reporter": "A.2d",
      "case_ids": [
        7944852
      ],
      "pin_cites": [
        {
          "page": "30"
        }
      ],
      "opinion_index": 0,
      "case_paths": [
        "/a2d/462/0027-01"
      ]
    },
    {
      "cite": "464 A.2d 150",
      "category": "reporters:state_regional",
      "reporter": "A.2d",
      "case_ids": [
        7945417
      ],
      "pin_cites": [
        {
          "page": "153"
        }
      ],
      "opinion_index": 0,
      "case_paths": [
        "/a2d/464/0150-01"
      ]
    },
    {
      "cite": "472 A.2d 1374",
      "category": "reporters:state_regional",
      "reporter": "A.2d",
      "case_ids": [
        7994818
      ],
      "pin_cites": [
        {
          "page": "1377"
        }
      ],
      "opinion_index": 0,
      "case_paths": [
        "/a2d/472/1374-01"
      ]
    },
    {
      "cite": "441 A.2d 1023",
      "category": "reporters:state_regional",
      "reporter": "A.2d",
      "case_ids": [
        7980696
      ],
      "weight": 4,
      "pin_cites": [
        {
          "page": "1026"
        },
        {
          "page": "1026"
        },
        {
          "page": "1029"
        },
        {
          "page": "1029"
        }
      ],
      "opinion_index": 0,
      "case_paths": [
        "/a2d/441/1023-01"
      ]
    },
    {
      "cite": "398 A.2d 415",
      "category": "reporters:state_regional",
      "reporter": "A.2d",
      "case_ids": [
        7978777
      ],
      "pin_cites": [
        {
          "page": "417-418"
        }
      ],
      "opinion_index": 0,
      "case_paths": [
        "/a2d/398/0415-01"
      ]
    },
    {
      "cite": "459 A.2d 557",
      "category": "reporters:state_regional",
      "reporter": "A.2d",
      "case_ids": [
        7973430
      ],
      "pin_cites": [
        {
          "page": "559"
        }
      ],
      "opinion_index": 0,
      "case_paths": [
        "/a2d/459/0557-01"
      ]
    }
  ],
  "analysis": {
    "cardinality": 512,
    "char_count": 8466,
    "ocr_confidence": 0.764,
    "pagerank": {
      "raw": 4.940865185782681e-07,
      "percentile": 0.9347008261871638
    },
    "sha256": "b218a3d241a2c5f4efce7a6298ac8c1005c3eaea643666c902a08cc5d977910d",
    "simhash": "1:3e9b276aa514026f",
    "word_count": 1397
  },
  "last_updated": "2024-02-27T18:26:17.506187+00:00",
  "provenance": {
    "date_added": "2019-08-29",
    "source": "Harvard",
    "batch": "2018"
  },
  "casebody": {
    "judges": [
      "Before McKUSICK, C.J., and NICHOLS, ROBERTS, VIOLETTE, WATHEN and SCOLNIK, JJ."
    ],
    "parties": [
      "Frederick W. LEADBETTER, et al. v. Robert FERRIS and City of Waterville."
    ],
    "opinions": [
      {
        "text": "WATHEN, Justice.\nPlaintiffs, Frederick W. Leadbetter, Carl E. Albert, and Albert\u2019s College Inn Motel, Inc., appeal from the Superior Court\u2019s (Kennebec County) decision affirming the City of Waterville Board of Zoning Appeals\u2019 (the \u201cBoard\u201d) decision granting defendant Robert Ferris\u2019 application for a variance to add a loading dock canopy to a building he owns in Waterville. Plaintiffs name the City of Waterville as an additional defendant in this action.\nPlaintiffs assert on appeal, inter alia, that Mr. Ferris did not present sufficient evidence to support the granting of his variance request under 30 M.R.S.A. \u00a7 4963 (1978 and Supp.1984-1985). We agree with plaintiffs that Mr. Ferris failed to meet his burden of proving that he would suffer \u201cundue hardship\u201d if the variance was not issued and we sustain the appeal.\nI.\nMr. Ferris owns a building and lot in Waterville which he rents to Nissen Baking Company (\u201cNissen\u201d). Nissen used the building as a retail sales outlet but desired to expand the building to permit both retail and wholesale operations. The lot is located in an area zoned for commercial activity, and the required side yard building setback is 50 feet from the property line. Mr. Ferris applied for a building permit to add an extension to his building which would reduce the existing side yard setback on the east side of the building from about 27 feet to about 9 feet. The proposed addition is described as \u201ca closed in area with two overhead doors that trucks could back up to to load and unload.\u201d\nThe proposed addition would enable Nis-sen to expand from a strictly retail business to a retail and wholesale business. The retail business involved one tractor trailer bringing materials to the store five nights a week at around 3:00 a.m. If wholesale operations began, possibly one more tractor trailer would make deliveries to the store, and three or four route trucks would make deliveries from the store.\nOn August 18, 1982, the Board granted Mr. Ferris\u2019 request for a building permit. The Board\u2019s decision was appealed to the Superior Court, where, presumably because of a procedural deficiency, the case was remanded to the Board for a hearing. On February 9, 1983, the Board heard Mr. Ferris\u2019 request for a variance from the side yard setback requirements. The Board voted to approve Mr. Ferris\u2019 variance application with the conditions that the proposed addition be in keeping with the decor of the existing building, that evergreen shrubs be planted along the length of the building to screen noise, and that bumper pads be attached to the truck loading dock to further reduce noise.\nBefore hearing the merits of plaintiffs\u2019 appeal from the Board\u2019s variance approval, the Superior Court remanded the case for written findings of fact. After hearing, the Superior Court ruled that the record fully supported the Board\u2019s decision to grant a variance. We disagree with that conclusion.\nII.\nBefore discussing the merits of the appeal, we must determine whether plaintiffs have standing to appeal. An appeal may be taken \u201cby any party to Superior Court from any order, relief or denial ....\u201d 30 M.R.S.A. \u00a7 2411(3)(F) (1978). In Harrington v. Inhabitants of the Town of Kennebunk, 459 A.2d 557, 559 (Me.1983), the Court said that: \u201cParty status involves a twofold showing: (1) the appellant must have been a party before the Board and (2) the appellant must demonstrate that he will suffer a particularized injury as a result of the Board\u2019s action.\u201d (citations omitted).\nIn the present case, plaintiffs were parties before the Board because they appeared at the Board hearing and objected to Mr. Ferris\u2019 variance request. Plaintiffs\u2019 allegation of particularized injury was that they owned land abutting Mr. Ferris\u2019 lot, and that the proposed use of the loading dock could disturb the guests in the motel on plaintiffs\u2019 land. Plaintiffs\u2019 allegation is sufficient to show a potential for particularized injury which in conjunction with plaintiffs\u2019 appearance before the Board gives them standing. See Pride\u2019s Corner Concerned Citizens Association v. Westbrook Board of Zoning Appeals, 398 A.2d 415, 417-418 (Me.1979).\nIII.\nWhen, as in this case, the Superior Court acts as an intermediate appellate court reviewing the action of the Board, the Law Court will directly examine the record as it was developed before the Board. See Driscoll v. Gheewalla, 441 A.2d 1023, 1026 (Me.1982); see also Nancy W. Bayley, Inc. v. Maine Employment Security Comm\u2019n, 472 A.2d 1374, 1377 (Me.1984); Keith v. Saco River Corridor Comm\u2019n, 464 A.2d 150, 153 (Me.1983). The Law Court is not free to substitute its judgment for the Board\u2019s, but \u201cis limited to determining whether from the evidence of record facts could reasonably have been found by the zoning body to justify its decision.\u201d (citations omitted). See Driscoll, 441 A.2d at 1026.\nThe Board found that a denial of the requested variance would subject Mr. Ferris and his property to \u201cundue hardship.\u201d 30 M.R.S.A. \u00a7 4963(3) sets forth the standard for finding \u201cundue hardship\u201d:\n3. Variance. A variance may be granted by the board only where strict application of the ordinance, or a provision thereof, to the petitioner and his property would cause undue hardship. The words \u201cundue hardship\u201d as used in this subsection mean:\nA. That the land in question cannot yield a reasonable return unless a variance is granted.\nB. That the need for a variance is due to the unique circumstances of the property and not to the general conditions in the neighborhood;\nC. That the granting of a variance will not alter the essential character of the locality; and\nD. That the hardship is not the result of action taken by the applicant or a prior owner.\nThe burden is on the variance applicant before the Board, to prove that all statutory requirements for a variance have been met. See Sibley v. Inhabitants of the Town of Wells, 462 A.2d 27, 30 (Me.1983); Driscoll, 441 A.2d at 1029.\nPlaintiffs contend that there is insufficient evidence to support Mr. Ferris\u2019 claim that absent variance approval the land cannot yield a reasonable return. See 30 M.R.S.A. \u00a7 4963(3)(A). It is clear that reasonable return does not mean maximum return. See Barnard v. Zoning Board of Appeals for the Town of Yarmouth, 313 A.2d 741, 749 (Me.1974). Rather, the issue is whether strict compliance with the terms of the Ordinance would result in the practical loss of substantial beneficial use of the land. Driscoll, 441 A.2d at 1029.\nThe only evidence arguably supporting the Board\u2019s action on the issue of reasonable return was a letter from a real estate appraiser. The letter recounted the demise of three fast food outlets which had occupied the lot from 1969-1981. In the appraiser\u2019s opinion, Nissen although presently \u201con the road to success\u201d as a retail outlet is \u201chindered by the same deterrence [sic] which caused previous operators to fail.\u201d The letter concluded that a wholesale operation appeared to be \u201ca sensible solution.\u201d\nAlthough the appraiser attributed the business failures of the three fast food restaurants to the small building and lot size, he did not state that Nissen\u2019s retail operations would cease if a variance were denied, nor did he state that a reasonable return could not be realized from the lot if a variance were denied. Indeed, the evidence is that the Nissen store had been successful as a retail operation, and that Nissen would continue to operate solely as a retail outlet at least for the remaining portion of the lease even if the variance were denied.\nThe record does not rationally permit the conclusion that the denial of the variance would result in the practical loss of substantial beneficial use of the land. Because we hold that the reasonable return prong of section 4963(3)(A) has not been met, we vacate the Board\u2019s variance approval, and we find it unnecessary to address plaintiff's remaining arguments on appeal.\nThe entry is:\nJudgment affirming variance approval is reversed.\nAll concurring.",
        "type": "majority",
        "author": "WATHEN, Justice."
      }
    ],
    "attorneys": [
      "Silsby & Silsby, Raymond L. Williams (orally), Ellsworth, for plaintiff.",
      "Davidu, Jabar & Batten, George M. Ja-bar, II (orally), John P. Jabar, Waterville, for Robert Ferris.",
      "William A. Lee, City Sol. (orally), Water-ville, for City of Waterville."
    ],
    "corrections": "",
    "head_matter": "Frederick W. LEADBETTER, et al. v. Robert FERRIS and City of Waterville.\nSupreme Judicial Court of Maine.\nArgued Nov. 8, 1984.\nDecided Dec. 10, 1984.\nSilsby & Silsby, Raymond L. Williams (orally), Ellsworth, for plaintiff.\nDavidu, Jabar & Batten, George M. Ja-bar, II (orally), John P. Jabar, Waterville, for Robert Ferris.\nWilliam A. Lee, City Sol. (orally), Water-ville, for City of Waterville.\nBefore McKUSICK, C.J., and NICHOLS, ROBERTS, VIOLETTE, WATHEN and SCOLNIK, JJ."
  },
  "file_name": "0225-01",
  "first_page_order": 271,
  "last_page_order": 274
}
