{
  "id": 8467288,
  "name": "OFFICE OF DISCIPLINARY COUNSEL, Petitioner v. Richard Kanoy DOTY, Respondent",
  "name_abbreviation": "Office of Disciplinary Counsel v. Doty",
  "decision_date": "2006-07-31",
  "docket_number": "No. 1106 Disciplinary Docket No. 3",
  "first_page": "422",
  "last_page": "422",
  "citations": [
    {
      "type": "official",
      "cite": "905 A.2d 422"
    }
  ],
  "court": {
    "name_abbreviation": "Pa.",
    "id": 8832,
    "name": "Supreme Court of Pennsylvania"
  },
  "jurisdiction": {
    "id": 6,
    "name_long": "Pennsylvania",
    "name": "Pa."
  },
  "cites_to": [],
  "analysis": {
    "cardinality": 77,
    "char_count": 663,
    "ocr_confidence": 0.663,
    "sha256": "dceb340efc4cb6819efef0ac46b663e2e3c5535a269fc11a9190f4affaf04078",
    "simhash": "1:05e3e33f8067bc60",
    "word_count": 110
  },
  "last_updated": "2023-07-14T21:56:58.129999+00:00",
  "provenance": {
    "date_added": "2019-08-29",
    "source": "Harvard",
    "batch": "2018"
  },
  "casebody": {
    "judges": [],
    "parties": [
      "OFFICE OF DISCIPLINARY COUNSEL, Petitioner v. Richard Kanoy DOTY, Respondent."
    ],
    "opinions": [
      {
        "text": "ORDER\nPER CURIAM:\nAND NOW, this 31st day of July, 2006, upon consideration of the Recommendation of the Three-Member Panel of the Disciplinary Board dated May 25, 2006, the Joint Petition in Support of Discipline on Consent is hereby granted pursuant to Rule 215(g), Pa.R.D.E., and it is\nORDERED that Richard Kanoy Doty is suspended on consent from the Bar of this Commonwealth for a period of five years retroactive to April 27, 2006, and he shall comply with all the provisions of Rule 217, Pa.R.D.E.",
        "type": "majority",
        "author": "PER CURIAM:"
      }
    ],
    "attorneys": [],
    "corrections": "",
    "head_matter": "OFFICE OF DISCIPLINARY COUNSEL, Petitioner v. Richard Kanoy DOTY, Respondent.\nNo. 1106 Disciplinary Docket No. 3.\nSupreme Court of Pennsylvania.\nJuly 31, 2006."
  },
  "file_name": "0422-02",
  "first_page_order": 466,
  "last_page_order": 466
}
