{
  "id": 7362549,
  "name": "The STOP & SHOP COMPANIES, INC., a foreign corporation, Defendant Below, Appellant, v. Suzanne Quinlan GONZALES, Plaintiff Below, Appellee",
  "name_abbreviation": "Stop & Shop Companies v. Gonzales",
  "decision_date": "1993-01-11",
  "docket_number": "",
  "first_page": "896",
  "last_page": "900",
  "citations": [
    {
      "type": "official",
      "cite": "619 A.2d 896"
    }
  ],
  "court": {
    "name_abbreviation": "Del.",
    "id": 9322,
    "name": "Delaware Supreme Court"
  },
  "jurisdiction": {
    "id": 8,
    "name_long": "Delaware",
    "name": "Del."
  },
  "cites_to": [
    {
      "cite": "528 A.2d 1203",
      "category": "reporters:state_regional",
      "reporter": "A.2d",
      "case_ids": [
        7909627
      ],
      "year": 1987,
      "opinion_index": 0,
      "case_paths": [
        "/a2d/528/1203-01"
      ]
    },
    {
      "cite": "558 A.2d 291",
      "category": "reporters:state_regional",
      "reporter": "A.2d",
      "case_ids": [
        11312272
      ],
      "year": 1989,
      "pin_cites": [
        {
          "page": "293"
        }
      ],
      "opinion_index": 0,
      "case_paths": [
        "/a2d/558/0291-01"
      ]
    },
    {
      "cite": "11 A.2d 331",
      "category": "reporters:state_regional",
      "reporter": "A.2d",
      "year": 1940,
      "pin_cites": [
        {
          "page": "337"
        }
      ],
      "opinion_index": 0
    },
    {
      "cite": "582 A.2d 923",
      "category": "reporters:state_regional",
      "reporter": "A.2d",
      "case_ids": [
        7384858
      ],
      "year": 1990,
      "pin_cites": [
        {
          "page": "927"
        }
      ],
      "opinion_index": 0,
      "case_paths": [
        "/a2d/582/0923-01"
      ]
    },
    {
      "cite": "492 A.2d 1242",
      "category": "reporters:state_regional",
      "reporter": "A.2d",
      "case_ids": [
        7926451
      ],
      "year": 1985,
      "pin_cites": [
        {
          "page": "1246"
        }
      ],
      "opinion_index": 0,
      "case_paths": [
        "/a2d/492/1242-01"
      ]
    },
    {
      "cite": "399 A.2d 207",
      "category": "reporters:state_regional",
      "reporter": "A.2d",
      "case_ids": [
        7977443
      ],
      "year": 1979,
      "pin_cites": [
        {
          "page": "210"
        }
      ],
      "opinion_index": 0,
      "case_paths": [
        "/a2d/399/0207-01"
      ]
    },
    {
      "cite": "570 A.2d 1148",
      "category": "reporters:state_regional",
      "reporter": "A.2d",
      "case_ids": [
        7393753
      ],
      "weight": 3,
      "year": 1990,
      "pin_cites": [
        {
          "page": "1149"
        }
      ],
      "opinion_index": 0,
      "case_paths": [
        "/a2d/570/1148-01"
      ]
    },
    {
      "cite": "1988 WL 130405",
      "category": "reporters:specialty_west",
      "reporter": "WL",
      "opinion_index": 0
    }
  ],
  "analysis": {
    "cardinality": 679,
    "char_count": 13185,
    "ocr_confidence": 0.769,
    "pagerank": {
      "raw": 2.1489903745353124e-07,
      "percentile": 0.7682801198062127
    },
    "sha256": "e5fdd2626b726832ffaaefe939f7085345506c2a9846f56e7a195e27a2fcc8f5",
    "simhash": "1:3862ffad0377be7a",
    "word_count": 2103
  },
  "last_updated": "2024-02-27T19:08:09.969113+00:00",
  "provenance": {
    "date_added": "2019-08-29",
    "source": "Harvard",
    "batch": "2018"
  },
  "casebody": {
    "judges": [
      "Before VEASEY, C.J., MOORE and WALSH, JJ."
    ],
    "parties": [
      "The STOP & SHOP COMPANIES, INC., a foreign corporation, Defendant Below, Appellant, v. Suzanne Quinlan GONZALES, Plaintiff Below, Appellee."
    ],
    "opinions": [
      {
        "text": "WALSH, Justice:\nIn this interlocutory appeal, we granted review of a Superior Court ruling that a self-insurer is required, under 18 Del.C. \u00a7 3914, to give notice of the statute of limitations to a third-party claimant. We conclude that the notice requirement is clearly within the contemplation of the statute and, accordingly, affirm.\nI\nThe factual basis for the Superior Court\u2019s decision was essentially undisputed. The plaintiff-appellee, Suzanne Quin-lan Gonzales (\u201cplaintiff\u201d), filed her complaint in the Superior Court on December 14, 1990, seeking recovery for personal injuries sustained in a fall at the Bradlees Department Store (\u201cBradlees\u201d) on June 27, 1986. At the time of her fall, plaintiff was an employee of Glemby International (\u201cGlemby\u201d), which operated a beauty shop on the department store premises. \u201cBrad-lees\u201d was a trade name of an inactive subsidiary of Stop & Shop Companies, Inc. (\u201cStop & Shop\u201d), the lessee of the premises.\nOn April 9,1987, plaintiffs attorney notified Bradlees of plaintiff\u2019s claim arising from her fall and requested that the letter be forwarded \u201cto your insurance company\u201d for further action. Two months later, on June 9, 1987, plaintiff\u2019s attorney received an acknowledgement of his letter from \u201cThe Stop & Shop Companies, Inc.\u201d through Ms. Karen Arsenault who titled herself \u201cCorporate Insurance Representative.\u201d Ms. Arsenault wrote that the April 9 letter was \u201creferred\u201d to Glemby and recommended that further correspondence be forwarded to a designated individual in New York.\nApparently, no further contact occurred between plaintiff and Stop & Shop or Glem-by\u2019s and on June 24, 1988, plaintiff filed suit against \u201cBradlees Incorporated,\u201d three days before the two year statute of limitations expired. Suzanne Quinlan Gonzales v. Bradlees, Incorporated, Del.Super., C.A. No. 88C-JN-184-1-CV, 1988 WL 130405 (\u201cGonzales I\u201d). Service of this complaint was acknowledged on behalf of Stop & Shop by its Corporate Insurance Manager on July 21, 1988 when he forwarded the summons and complaint to Glemby with the request that an answer be filed and the matter handled \u201cto a conclusion.\u201d\nBradlees responded to the complaint in Gonzales I by filing an answer, which denied that Bradlees had any ownership interest in or control of the premises where plaintiff fell. The answer further recited that Stop & Shop controlled the premises. Faced with a motion to dismiss, plaintiff sought to amend her complaint to add Stop & Shop as a defendant. This effort was rejected by the Superior Court which ruled that Stop & Shop had received no notice of the institution of the action within two years of the accident, despite the communication between Bradlees and Stop & Shop. Thereafter, plaintiff commenced the present action (\u201cGonzales II\u201d), which Stop & Shop also moved to dismiss on statute of limitations grounds.\nIn denying Stop & Shop\u2019s motion to dismiss, the Superior Court ruled that Stop & Shop was precluded from asserting the defense of the statute of limitations because it had failed to provide \u201cprompt and timely written notice\u201d to claimant of the applicable statute of limitations as required by 18 Del.C. \u00a7 3914. The Superior Court ultimately certified its interlocutory ruling to this Court pursuant to Supr.Ct.Rule 41 and review was granted.\nII\nThe Superior Court\u2019s decision, rejecting Stop & Shop\u2019s statute of limitations defense, constitutes a ruling of law subject to de novo review in this Court. Lankford v. Richter, Del.Supr., 570 A.2d 1148 (1990). Our task, therefore, is to determine whether the Superior Court correctly determined that Stop & Shop was statutorily required to provide notice to plaintiff of the applicable statute of limitations.\nStop & Shop advances a three-pronged argument in support of its appeal. It first contends that 18 DeLC. \u00a7 3914, by its terms, applies to an \u201cinsurer\u201d and, thus, does not regulate the activities of self-insurers. Even if it might be deemed an insurer within the meaning of the statute, Stop & Shop argues that it was not obligated to provide notice of the statute of limitations to a third-party claimant. Finally, Stop & Shop argues that it never received actual notice of plaintiff\u2019s claim and, thus, the statutory notice requirement was not triggered.\nThe Superior Court declined to rule upon Stop & Shop\u2019s contention that as a self-insurer it was not subject to the notice requirement of \u00a7 3914. The court concluded that Stop & Shop was a second insured on the Glemby policy (subject to its self-insurance deductible); and, thus, it had a separate obligation to provide notice of the statute of limitations. While we reach the same result as the Superior Court, we confront the question directly and hold that there is no rational basis to distinguish between insurers and self-insurers under \u00a7 3914.\nSection 3914 is an \u201cexpression of legislative will to toll otherwise applicable time limitations\u201d with respect to claims made against insurers. Lankford v. Richter, 570 A.2d at 1149. This tolling is mandated in the absence of affirmative action by the insurer providing written notice to the claimant. 18 Del. C. \u00a7 3914. Since the statute may be deemed remedial legislation designed to benefit claimants, we are required to accord to the statute a broad construction to accommodate the legislative will. J.D.P. v. F.J.H., Del.Supr., 399 A.2d 207, 210 (1979). To adopt Stop & Shop\u2019s argument that the statute was not intended to apply to claims covered by self-insurance would permit circumvention of the statute since full or partial self-insurance is a common commercial practice. An interpretation yielding such an absurd result must be avoided. Coastal Barge Corp. v. Coastal Zone Industrial Control Board, Del.Supr., 492 A.2d 1242, 1246 (1985).\nInsurance, in its basic operation, involves the setting aside of money to establish a fund sufficient to respond to claims arising from predictable risks. 1 Couch on Insurance 2d \u00a7\u00a7 1:2-1:3 (1984). Whether the funding be through contract with an independent insurer, or self-funding, or a combination of the two through partial self-insurance in the form of deductibles, the result is the same. A fund is created to protect against risk of bodily harm or property damage. A claimant for whose benefit the fund has been created is a third-party beneficiary and is entitled to the same notice benefit from a self-insurer as that received from an independent insurer. 1 Couch on Insurance 2d 1:4.\nIt is clear from the record in this case that Stop & Shop undertook to engage in the role of an insurer to the extent of self funding its limited liability. Indeed, the response to the initial notice of claim by plaintiff\u2019s counsel was from a Stop & Shop employee who designated herself as a \u201cCorporate Insurance Representative\u201d for Stop & Shop Companies, Inc. While Stop & Shop was free to self-insure and to establish an insurance representative to pro-. cess claims, it also assumed the regulatory limitations of an insurer with the concomitant obligation imposed by \u00a7 3914.\nIll\nStop & Shop\u2019s alternative argument that \u00a7 3914 is applicable only to claims asserted by an insured against an insurer is also without merit. In effect, Stop & Shop would substitute the term \u201cinsured\u201d in place of the term \u201cclaimant\u201d in the statute and so restrict its application to those in a contractual relationship with an insurer.\nStop & Shop\u2019s argument is premised on the assumption that \u00a7 3914 is ambiguous. To resolve this ambiguity Stop & Shop notes that if the General Assembly had intended \u00a7 3914 to benefit claimants generally, not just insureds, the notice requirement would have been inserted in Title 10 of the Delaware Code, where the notice requirement for Personal Injury Protection insurance appears, not in Title 18 which regulates insurers vis-a-vis insureds.\nWe find no ambiguity in \u00a7 3914. The fact that the parties may disagree as to the meaning of a statute does not render it ambiguous. Centaur Partners v. National Intergroup, Inc., Del.Supr., 582 A.2d 923, 927 (1990). When construing a statute in which the language \u201cis plain and conveys a clear and definite meaning, the courts will give to the statute the exact meaning conveyed by the language, adding nothing thereto, and taking nothing therefrom.\u201d Federal United Corp. v. Havender, Del.Supr., 11 A.2d 331, 337 (1940). Further, where the intent of the General Assembly is \u201cclearly reflected by unambiguous language in the statute, the language itself controls.\u201d Spielberg v. State, Del. Supr., 558 A.2d 291, 293 (1989).\nThe term \u201cclaimant\u201d is commonly understood to mean one who \u201casserts a right, demand or claim.\u201d Black\u2019s Law Dictionary 223 (5th ed. 1979). Section 3914\u2019s requirement that the notice be given \u201cduring the pendency of any claim received\u201d by an insurer cannot be so narrowly construed as to be limited to the claim of an insured if the intent of the statute is to be accommodated. See Samoluk v. Basco, Inc., Del.Super., 528 A.2d 1203 (1987). Stop & Shop\u2019s attempt to find support for its limited reading of the statute in this Court\u2019s opinion in Lankford v. Richter, supra, is unavailing. Our characterization of \u00a7 3914 in Lankford as applicable to \u201can insured\u2019s claim for damages made upon a casualty insurer\u201d was merely descriptive of the circumstances in which \u00a7 3914 was implicated in that instance. Our reference did not purport to render the term \u201cclaimant\u201d coextensive with \u201cinsured.\u201d In Lankford we were not required to construe the term \u201cclaimant\u201d as used in \u00a7 3914 to determine whether it includes third parties to the insurance contract. As we now construe that term, in a context where the issue is squarely addressed, we conclude that it embraces third-party claimants and is not restricted to the relationship between an insurer and its insured. Nothing in Lank-ford suggests the contrary.\nIV\nFinally, Stop & Shop contends that even if it be deemed subject to the notice requirement of \u00a7 3914 there is no evidence that it received notice of a claim by plaintiff during the limitations period. It suffices to note that the April 9, 1987 letter to Bradlees from plaintiff\u2019s attorney clearly expresses notice of a claim for personal injuries and requests that it be referred to \u201cyour insurance carrier.\u201d The letter was answered, not by Bradlees, but by Stop & Shop through its insurance representative. Since Stop & Shop concedes that it was at that time a self-insurer, in part at least, the obligation of the statute could not be clearer. Stop & Shop\u2019s reply to the effect that the matter was being referred for further handling to Glemby, is an indication that it was under no uncertainty that it had been confronted with a claim for personal injuries. Stop & Shop clearly had notice of plaintiff\u2019s claim within the period of limitations and was required to give the notice required by \u00a7 3914.\nV\nThe Superior Court correctly determined that Stop & Shop was subject to the notice requirement of \u00a7 3914 and that its failure to afford plaintiff the required notice served to toll the period of limitations. Accordingly, the judgment of the Superior Court must be affirmed.\n. In paragraph 8 of its motion to dismiss, Stop and Shop made the following representations:\n8. The accident in question occurred on June 27, 1986 (Complaint 3). Bradlees, Inc. was not notified of the claim until it received notice of the lawsuit sometime after July 7, 1988, more than two years after the running of the Statute of Limitations (Answe (sic) to Interrogatory 4). Stop and Shop did not receive notice of the incident until sometime after July 7, 1988. (Answer to Interrogatory 6).\nThese representations are incorrect and materially misleading. As previously noted, the record contains correspondence between plaintiffs attorney and Stop & Shop's insurance representative acknowledging receipt of notice of the claim directed to Bradlees on June 9, 1987 and the forwarding of that claim for further handling. Moreover, in Gonzales II, Stop & Shop did not acknowledge the existence of the 1987 correspondence in its response to discovery directed to such documentation. At oral argument counsel for Stop & Shop provided no satisfactory explanation for this failure.\n. \u00a7 3914. Notice of statute of limitations required.\nAn insurer shall be required during the pen-dency of any claim received pursuant to a casualty insurance policy to give prompt and timely written notice to claimant informing him of the applicable state statute of limitations regarding action for his damages.\n. The term \u201cclaimant\" also appears in the title of \u00a7 3914 as originally adopted:\n\u201cAN ACT TO AMEND TITLE 18 OF THE DELAWARE CODE TO REQUIRE INSURERS TO INFORM THEIR CLAIMANT, IN WRITING, OF THE APPLICABLE STATUTE OF LIMITATIONS PERIOD.\u201d\n63 DeLLaws c. 236.",
        "type": "majority",
        "author": "WALSH, Justice:"
      }
    ],
    "attorneys": [
      "Stephen P. Casarino (argued), and Judith R. Reese, Casarino, Christman & Shalk, Wilmington, for appellant.",
      "John J. O\u2019Brien (argued), Wilmington, for appellee."
    ],
    "corrections": "",
    "head_matter": "The STOP & SHOP COMPANIES, INC., a foreign corporation, Defendant Below, Appellant, v. Suzanne Quinlan GONZALES, Plaintiff Below, Appellee.\nSupreme Court of Delaware.\nSubmitted: Dec. 15, 1992.\nDecided: Jan. 11, 1993.\nStephen P. Casarino (argued), and Judith R. Reese, Casarino, Christman & Shalk, Wilmington, for appellant.\nJohn J. O\u2019Brien (argued), Wilmington, for appellee.\nBefore VEASEY, C.J., MOORE and WALSH, JJ."
  },
  "file_name": "0896-01",
  "first_page_order": 958,
  "last_page_order": 962
}
