{
  "id": 7369036,
  "name": "STATE of Maine v. Carolyn NILES",
  "name_abbreviation": "State v. Niles",
  "decision_date": "1990-12-31",
  "docket_number": "",
  "first_page": "181",
  "last_page": "182",
  "citations": [
    {
      "type": "official",
      "cite": "585 A.2d 181"
    }
  ],
  "court": {
    "name_abbreviation": "Me.",
    "id": 9543,
    "name": "Maine Supreme Judicial Court"
  },
  "jurisdiction": {
    "id": 42,
    "name_long": "Maine",
    "name": "Me."
  },
  "cites_to": [
    {
      "cite": "507 A.2d 1051",
      "category": "reporters:state_regional",
      "reporter": "A.2d",
      "case_ids": [
        7900619
      ],
      "opinion_index": 0,
      "case_paths": [
        "/a2d/507/1051-01"
      ]
    },
    {
      "cite": "392 A.2d 546",
      "category": "reporters:state_regional",
      "reporter": "A.2d",
      "case_ids": [
        8005655
      ],
      "pin_cites": [
        {
          "page": "548"
        }
      ],
      "opinion_index": 0,
      "case_paths": [
        "/a2d/392/0546-01"
      ]
    },
    {
      "cite": "409 A.2d 672",
      "category": "reporters:state_regional",
      "reporter": "A.2d",
      "case_ids": [
        7982471
      ],
      "weight": 2,
      "pin_cites": [
        {
          "page": "675"
        },
        {
          "page": "675"
        }
      ],
      "opinion_index": 0,
      "case_paths": [
        "/a2d/409/0672-01"
      ]
    },
    {
      "cite": "306 A.2d 127",
      "category": "reporters:state_regional",
      "reporter": "A.2d",
      "case_ids": [
        8020708
      ],
      "weight": 2,
      "pin_cites": [
        {
          "page": "129-30"
        },
        {
          "page": "130"
        }
      ],
      "opinion_index": 0,
      "case_paths": [
        "/a2d/306/0127-01"
      ]
    }
  ],
  "analysis": {
    "cardinality": 362,
    "char_count": 5894,
    "ocr_confidence": 0.778,
    "pagerank": {
      "raw": 3.8957147277853917e-07,
      "percentile": 0.901541750117478
    },
    "sha256": "5776e538ddee92c896c9e3a2744c864028a629022376fd66c1391ea89e4d2cd6",
    "simhash": "1:3adc6fc6e48236fd",
    "word_count": 1008
  },
  "last_updated": "2024-02-27T19:46:56.181915+00:00",
  "provenance": {
    "date_added": "2019-08-29",
    "source": "Harvard",
    "batch": "2018"
  },
  "casebody": {
    "judges": [
      "Before ROBERTS, and GLASSMAN, CLIFFORD, COLLINS and BRODY, JJ."
    ],
    "parties": [
      "STATE of Maine v. Carolyn NILES."
    ],
    "opinions": [
      {
        "text": "COLLINS, Justice.\nCarolyn Niles appeals from the conviction of, and sentence imposed for, criminal threatening with the use of a dangerous weapon, 17-A M.R.S.A. \u00a7\u00a7 209,1252 (1983), following a jury trial (Cumberland County, McKinley, J.). The principal issue on appeal is whether the court erred in imposing a mandatory minimum sentence. Finding no error in the one year minimum sentence and no merit in her challenges to the verdict, we affirm.\nThe defendant was indicted for criminal threatening with a hand gun, a Class D crime, on December 8, 1988. A jury found her guilty after hearing testimony that she had threatened at least two people with a gun. Noting that a Class D crime committed with a dangerous weapon is enhanced to a Class C crime for sentencing purposes under 17-A M.R.S.A. \u00a7 1252(4) (1983) and finding that a mandatory minimum one year sentence applied pursuant to 17-A M.R.S.A. \u00a7 1252(5) (1983), the court sentenced Niles to 18 months in jail with all but one year suspended and two years probation. Niles appealed the sentence and the judgment.\nNiles contends that the sentencing court erred in imposing a mandatory minimum sentence under 17-A \u00a7 1252(5). 17-A M.R.S.A. \u00a7 1252(5) provides:\nNotwithstanding any other provision of this code, if the state pleads and proves that a Class A, B, or C crime was committed with the use of a firearm against a person, the minimum sentence of imprisonment, which shall not be suspended, shall be as follows: ... When the sentencing class for such crime is Class C, the minimum term of imprisonment shall be one year. For purposes of this subsection, the applicable sentencing class shall be determined in accordance with subsection 4....\nNiles argues that the first part of the first sentence of section 1252(5) requires the state to plead and prove a Class A, B or C crime in the first instance and here, although the crime was enhanced to a Class C crime for sentencing purposes, the state proved a Class D crime. The sentencing court read the statute to require a mandatory minimum sentence of one year for sentencing class C crimes committed with the use of a firearm, focusing on the second and the latter part of the first sentence. We resolve the confusion created by the statute by agreeing with the court\u2019s interpretation.\nThe first task of a court when interpreting a statute is to ascertain the real purpose of the legislation. Davis v. State, 306 A.2d 127, 129-30 (Me.1973). Once this purpose is found, a court should give effect to it, avoiding results that are absurd, inconsistent, unreasonable or illogical, if the language of the statute is fairly susceptible to such a construction. Paradis v. Webber, 409 A.2d 672, 675 (Me.1979); Davis, 306 A.2d at 130. A court can even ignore the literal meaning of phrases if that meaning thwarts the clear legislative objective. Paradis, 409 A.2d at 675.\nThe purpose of this act was to set a minimum mandatory sentence when firearms were used in the commission of any crime. House Amend. F. to L.D. 2334, Statement of Fact (1976); 3 Legis.Rec. 859-61 (1976). This court has, in dicta, interpreted the statute to apply to Class D crimes enhanced for sentencing purposes to Class C crimes to effectuate this goal. See State v. Satow, 392 A.2d 546, 548 (Me.1978) (since the state pleaded and proved a Class D crime, committed with the use of a firearm, this would raise the \u201cpunishment category\u201d to Class C and \u201csection 1252(5) ... would mandate the punishment of imprisonment for at least one year.\u201d); State v. Thomas, 507 A.2d 1051, 1053 n. 4 (Me.1986) (court commented without condition that section 1252(4) converts a Class D crime committed with the use of a dangerous weapon to a Class C and section 1252(5) provides for a mandatory one year minimum sentence for a Class C crime). A different reading of the statute would frustrate the legislative purpose.\nThe court did not commit error by deciding that defendant\u2019s conviction of a statutory class D crime, enhanced to a sentencing class C crime, carried with it a mandatory minimum sentence of one year because the crime was committed with a firearm. The other challenges to the court\u2019s rulings were not properly preserved, do not constitute obvious error and deserve no further comment.\nThe entry is:\nJudgment and sentence affirmed.\nAll concurring.\n. 17-A \u00a7 209 provides:\n\"1. A person is guilty of criminal threatening if he intentionally or knowingly places another person in fear of imminent bodily injury. 2. Criminal threatening is a Class D crime\u201d\n17-A \u00a7 1252(4) provides in pertinent part:\n\"If the State pleads and proves that a Class B, C, D, or E crime was committed with the use of a dangerous weapon then the sentencing class for such crime is one class higher than it would otherwise be.\"\n. Section 1252(5) was added as an amendment to the suggested draft of the Maine Criminal Code Revision Committee in 1976. P.L.1975, ch. 740, \u00a7\u00a7 116-118-A (effective June 19, 1975). The Criminal Code Revision Committee opposed minimum sentences because they infringed on the courts\u2019 sentencing discretion. The original version of the amendment was identical to the present version except that it said that the state needed to \"plead and prove that a Class A, B, C or D crime was committed with the use of a firearm.\u201d House Amend. F to L.D. 2334, No. H-1174 (1976) (emphasis added). Class D was dropped in 1979, without comment. Comm. A to L.D.1925, No. S-456 (1979). We cannot speculate about the reasons for this change and do not find in it, or in any other actions by the legislature, an intention to alter the purpose of the original amendment.",
        "type": "majority",
        "author": "COLLINS, Justice."
      }
    ],
    "attorneys": [
      "Paul Aranson, Dist. Atty., Portland, for State.",
      "Seth Berner, Portland, for defendant."
    ],
    "corrections": "",
    "head_matter": "STATE of Maine v. Carolyn NILES.\nSupreme Judicial Court of Maine.\nSubmitted on Briefs Nov. 2, 1990.\nDecided Dec. 31, 1990.\nPaul Aranson, Dist. Atty., Portland, for State.\nSeth Berner, Portland, for defendant.\nBefore ROBERTS, and GLASSMAN, CLIFFORD, COLLINS and BRODY, JJ."
  },
  "file_name": "0181-01",
  "first_page_order": 249,
  "last_page_order": 250
}
