{
  "id": 8456073,
  "name": "COMMONWEALTH of Pennsylvania, Appellee v. Wayne Cordell MITCHELL, Appellant",
  "name_abbreviation": "Commonwealth v. Mitchell",
  "decision_date": "2006-10-04",
  "docket_number": "No. 309 CAP",
  "first_page": "299",
  "last_page": "300",
  "citations": [
    {
      "type": "official",
      "cite": "909 A.2d 299"
    }
  ],
  "court": {
    "name_abbreviation": "Pa.",
    "id": 8832,
    "name": "Supreme Court of Pennsylvania"
  },
  "jurisdiction": {
    "id": 6,
    "name_long": "Pennsylvania",
    "name": "Pa."
  },
  "cites_to": [],
  "analysis": {
    "cardinality": 32,
    "char_count": 235,
    "ocr_confidence": 0.697,
    "sha256": "1a56f88d6dd64a1ada603a3dc0623e9ad6bafc17d2357420a5f033347d2d2a70",
    "simhash": "1:43be4104d12f30f2",
    "word_count": 36
  },
  "last_updated": "2023-07-14T20:01:23.750196+00:00",
  "provenance": {
    "date_added": "2019-08-29",
    "source": "Harvard",
    "batch": "2018"
  },
  "casebody": {
    "judges": [],
    "parties": [
      "COMMONWEALTH of Pennsylvania, Appellee v. Wayne Cordell MITCHELL, Appellant."
    ],
    "opinions": [
      {
        "text": "ORDER\nPER CURIAM.\nAND NOW, this 4th day of October, 2006, the Application for Reargument is DENIED.",
        "type": "majority",
        "author": "PER CURIAM."
      }
    ],
    "attorneys": [],
    "corrections": "",
    "head_matter": "COMMONWEALTH of Pennsylvania, Appellee v. Wayne Cordell MITCHELL, Appellant.\nNo. 309 CAP.\nSupreme Court of Pennsylvania.\nOct. 4, 2006."
  },
  "file_name": "0299-02",
  "first_page_order": 355,
  "last_page_order": 356
}
