{
  "id": 7288839,
  "name": "Sandra BASILE, on behalf of herself and all others similarly situated, Appellant v. H & R BLOCK, INC. and H & R Block Eastern Tax Services, Inc., Appellees",
  "name_abbreviation": "Basile v. H & R Block, Inc.",
  "decision_date": "2010-10-07",
  "docket_number": "",
  "first_page": "992",
  "last_page": "1000",
  "citations": [
    {
      "type": "official",
      "cite": "11 A.3d 992"
    }
  ],
  "court": {
    "name_abbreviation": "Pa. Super. Ct.",
    "id": 8775,
    "name": "Superior Court of Pennsylvania"
  },
  "jurisdiction": {
    "id": 6,
    "name_long": "Pennsylvania",
    "name": "Pa."
  },
  "cites_to": [
    {
      "cite": "808 A.2d 184",
      "category": "reporters:state_regional",
      "reporter": "A.2d",
      "case_ids": [
        11352216
      ],
      "pin_cites": [
        {
          "page": "191"
        }
      ],
      "opinion_index": 0,
      "case_paths": [
        "/a2d/808/0184-01"
      ]
    },
    {
      "cite": "352 A.2d 12",
      "category": "reporters:state_regional",
      "reporter": "A.2d",
      "case_ids": [
        1714957,
        1714966
      ],
      "year": 1976,
      "pin_cites": [
        {
          "parenthetical": "\"[A] showing that the plaintiff acted in reliance on the defendant's misrepresentations ... would normally vary from person to person\""
        }
      ],
      "opinion_index": 0,
      "case_paths": [
        "/pa/466/0188-01",
        "/pa/466/0189-01"
      ]
    },
    {
      "cite": "466 Pa. 189",
      "category": "reporters:state",
      "reporter": "Pa.",
      "case_ids": [
        1714966
      ],
      "year": 1976,
      "pin_cites": [
        {
          "parenthetical": "\"[A] showing that the plaintiff acted in reliance on the defendant's misrepresentations ... would normally vary from person to person\""
        }
      ],
      "opinion_index": 0,
      "case_paths": [
        "/pa/466/0189-01"
      ]
    },
    {
      "cite": "419 Pa.Super. 403",
      "category": "reporters:state",
      "reporter": "Pa. Super.",
      "case_ids": [
        918247
      ],
      "weight": 2,
      "year": 1992,
      "pin_cites": [
        {
          "page": "431"
        }
      ],
      "opinion_index": 0,
      "case_paths": [
        "/pa-super/419/0403-01"
      ]
    },
    {
      "cite": "810 A.2d 137",
      "category": "reporters:state_regional",
      "reporter": "A.2d",
      "case_ids": [
        9307705
      ],
      "pin_cites": [
        {
          "page": "153"
        }
      ],
      "opinion_index": 0,
      "case_paths": [
        "/a2d/810/0137-01"
      ]
    },
    {
      "cite": "305 Pa.Super. 120",
      "category": "reporters:state",
      "reporter": "Pa. Super.",
      "case_ids": [
        200322
      ],
      "weight": 4,
      "year": 1982,
      "pin_cites": [
        {
          "page": "455"
        },
        {
          "page": "457"
        }
      ],
      "opinion_index": 0,
      "case_paths": [
        "/pa-super/305/0120-01"
      ]
    },
    {
      "cite": "519 Pa. 213",
      "category": "reporters:state",
      "reporter": "Pa.",
      "case_ids": [
        1813593
      ],
      "weight": 2,
      "year": 1988,
      "pin_cites": [
        {
          "page": "218"
        },
        {
          "page": "610"
        }
      ],
      "opinion_index": 0,
      "case_paths": [
        "/pa/519/0213-01"
      ]
    },
    {
      "cite": "809 A.2d 399",
      "category": "reporters:state_regional",
      "reporter": "A.2d",
      "case_ids": [
        11424596
      ],
      "pin_cites": [
        {
          "page": "402"
        }
      ],
      "opinion_index": 0,
      "case_paths": [
        "/a2d/809/0399-01"
      ]
    },
    {
      "cite": "983 A.2d 652",
      "category": "reporters:state_regional",
      "reporter": "A.2d",
      "case_ids": [
        7292845,
        4196654
      ],
      "weight": 4,
      "year": 2009,
      "pin_cites": [
        {
          "page": "663"
        },
        {
          "page": "663"
        },
        {
          "page": "663",
          "parenthetical": "emphasis in original"
        },
        {
          "page": "664",
          "parenthetical": "\"common questions generally exist if the class member's legal grievances arise out of the same practice or course of conduct on the part of the class opponent\""
        }
      ],
      "opinion_index": 0,
      "case_paths": [
        "/a2d/983/0652-01",
        "/pa/603/0198-01"
      ]
    },
    {
      "cite": "603 Pa. 198",
      "category": "reporters:state",
      "reporter": "Pa.",
      "case_ids": [
        4196654
      ],
      "weight": 4,
      "year": 2009,
      "pin_cites": [
        {
          "page": "216"
        },
        {
          "page": "216"
        },
        {
          "page": "216"
        },
        {
          "page": "218"
        }
      ],
      "opinion_index": 0,
      "case_paths": [
        "/pa/603/0198-01"
      ]
    },
    {
      "cite": "279 A.2d 759",
      "category": "reporters:state_regional",
      "reporter": "A.2d",
      "year": 1971,
      "pin_cites": [
        {
          "page": "763"
        }
      ],
      "opinion_index": 0
    },
    {
      "cite": "443 Pa. 335",
      "category": "reporters:state",
      "reporter": "Pa.",
      "case_ids": [
        1937050
      ],
      "year": 1971,
      "opinion_index": 0,
      "case_paths": [
        "/pa/443/0335-01"
      ]
    },
    {
      "cite": "493 Pa. 137",
      "category": "reporters:state",
      "reporter": "Pa.",
      "case_ids": [
        8731671
      ],
      "weight": 5,
      "year": 1981,
      "pin_cites": [
        {
          "parenthetical": "emphasis added"
        },
        {
          "page": "416-17",
          "parenthetical": "emphasis added"
        },
        {
          "page": "417"
        },
        {
          "page": "416"
        }
      ],
      "opinion_index": 0,
      "case_paths": [
        "/pa/493/0137-01"
      ]
    },
    {
      "cite": "316 A.2d 883",
      "category": "reporters:state_regional",
      "reporter": "A.2d",
      "weight": 2,
      "year": 1974,
      "pin_cites": [
        {
          "page": "885"
        }
      ],
      "opinion_index": 0
    },
    {
      "cite": "455 Pa. 429",
      "category": "reporters:state",
      "reporter": "Pa.",
      "case_ids": [
        582236
      ],
      "year": 1974,
      "opinion_index": 0,
      "case_paths": [
        "/pa/455/0429-01"
      ]
    },
    {
      "cite": "973 A.2d 417",
      "category": "reporters:state_regional",
      "reporter": "A.2d",
      "case_ids": [
        4194584,
        7296581,
        7296645,
        4194599,
        4194360,
        7296607
      ],
      "weight": 3,
      "year": 2009,
      "pin_cites": [
        {
          "page": "419-21"
        },
        {
          "page": "423"
        }
      ],
      "opinion_index": 0,
      "case_paths": [
        "/pa/601/0392-01",
        "/a2d/973/0417-01",
        "/a2d/973/0417-03",
        "/pa/601/0391-01",
        "/pa/601/0390-02",
        "/a2d/973/0417-02"
      ]
    },
    {
      "cite": "601 Pa. 392",
      "category": "reporters:state",
      "reporter": "Pa.",
      "case_ids": [
        4194584
      ],
      "year": 2009,
      "pin_cites": [
        {
          "page": "395-98"
        }
      ],
      "opinion_index": 0,
      "case_paths": [
        "/pa/601/0392-01"
      ]
    },
    {
      "cite": "926 A.2d 493",
      "category": "reporters:state_regional",
      "reporter": "A.2d",
      "case_ids": [
        8371617
      ],
      "pin_cites": [
        {
          "page": "500"
        }
      ],
      "opinion_index": 0,
      "case_paths": [
        "/a2d/926/0493-01"
      ]
    },
    {
      "cite": "894 A.2d 786",
      "category": "reporters:state_regional",
      "reporter": "A.2d",
      "case_ids": [
        8434898
      ],
      "weight": 2,
      "pin_cites": [
        {
          "page": "790"
        }
      ],
      "opinion_index": 0,
      "case_paths": [
        "/a2d/894/0786-01"
      ]
    },
    {
      "cite": "777 A.2d 95",
      "category": "reporters:state_regional",
      "reporter": "A.2d",
      "case_ids": [
        11077738
      ],
      "weight": 7,
      "pin_cites": [
        {
          "page": "107"
        },
        {
          "page": "106"
        },
        {
          "page": "105"
        },
        {
          "page": "106"
        },
        {
          "page": "103",
          "parenthetical": "emphasis added"
        }
      ],
      "opinion_index": 0,
      "case_paths": [
        "/a2d/777/0095-01"
      ]
    },
    {
      "cite": "761 A.2d 1115",
      "category": "reporters:state_regional",
      "reporter": "A.2d",
      "case_ids": [
        11162649,
        1367018,
        11162539,
        1367002
      ],
      "year": 2000,
      "opinion_index": 0,
      "case_paths": [
        "/a2d/761/1115-02",
        "/pa/563/0358-01",
        "/a2d/761/1115-01",
        "/pa/563/0359-01"
      ]
    },
    {
      "cite": "563 Pa. 359",
      "category": "reporters:state",
      "reporter": "Pa.",
      "case_ids": [
        1367002
      ],
      "year": 2000,
      "opinion_index": 0,
      "case_paths": [
        "/pa/563/0359-01"
      ]
    },
    {
      "cite": "729 A.2d 574",
      "category": "reporters:state_regional",
      "reporter": "A.2d",
      "case_ids": [
        11620834
      ],
      "weight": 4,
      "pin_cites": [
        {
          "page": "587"
        },
        {
          "page": "588"
        }
      ],
      "opinion_index": 0,
      "case_paths": [
        "/a2d/729/0574-01"
      ]
    }
  ],
  "analysis": {
    "cardinality": 1015,
    "char_count": 24901,
    "ocr_confidence": 0.725,
    "pagerank": {
      "raw": 5.433055333753692e-08,
      "percentile": 0.3421222627265142
    },
    "sha256": "b7bc7559e14cbb8dd3d7ed8db15bd20a86044c71fb3ada11129cab8ddfca4607",
    "simhash": "1:e7ced3ae5f0c10f4",
    "word_count": 4036
  },
  "last_updated": "2024-02-27T16:09:24.273251+00:00",
  "provenance": {
    "date_added": "2019-08-29",
    "source": "Harvard",
    "batch": "2018"
  },
  "casebody": {
    "judges": [
      "BEFORE: DONOHUE, ALLEN and FITZGERALD , JJ."
    ],
    "parties": [
      "Sandra BASILE, on behalf of herself and all others similarly situated, Appellant v. H & R BLOCK, INC. and H & R Block Eastern Tax Services, Inc., Appellees."
    ],
    "opinions": [
      {
        "text": "OPINION BY\nDONOHUE, J.:\nAppellants, Sandra Basile (\u201cBasile\u201d), on her own behalf and as the class representative for a class of Pennsylvania residents who applied for and received a \u201cRapid Refund\u201d during the years 1990 through 1993 while having their taxes prepared by Appellees H & R Block, Inc. and H & R. Block Eastern Tax Services, Inc. (collectively, \u201cBlock\u201d), appeals from the trial court\u2019s order entered January 21, 2004 decertifying the class previously certified on May 30, 1997. For the reasons set forth herein, we reverse and remand.\nThis case has a long and somewhat tortured procedural history. In its most recent opinion, decided June 22, 2009, our Supreme Court aptly summarized said procedural background as follows:\nOn April 23, 1993, [Basile] filed a lawsuit against Block, alleging that, among other things, Block breached its fiduciary duty in connection with its \u201cRapid Refund\u201d program. The Rapid Refund program allowed individuals to receive their income tax refund within days after electronically filing their income tax return by receiving a short-term loan from Mellon Bank. Basile alleged that Block thus deceived customers because the customers did not know they were receiving a short-term loan from Mellon Bank and the fees imposed by Block were actually extremely high interest rates on the short-term loan. Basile specifically alleged that she believed she received an expedited refund because she electronically filed the return and was not aware it was actually a short-term loan.\nBasile sought certification of a class of individuals with similar claims. On January 17, 1996, the trial court entered an order that, for purposes of determining the class certification request, it would presume that Block was an agent of any person for whom it prepared a tax return. On May 30, 1997, the trial court, by relying on the January 17, 1996 presumption order, granted class certification on the issue of breach of fiduciary duty only. Block did not seek to file an immediate interlocutory appeal at this time. Instead, Block and the newly certified class [Plaintiff Class] filed cross motions for summary judgment. On December 31,1997, the trial court granted Block\u2019s motion for summary judgment and denied [Plaintiff Class\u2019] motion for summary judgment. The trial court held that Block did not have an agency or confidential relationship with [Plaintiff Class] and, therefore, there was no breach of fiduciary duty.\n[Plaintiff Class] filed an appeal, claiming the trial court should have granted their motion for summary judgment because Block owed them a fiduciary duty based on an agency and/or confidential relationship. On February 13, 1998, Block filed cross-appeals, challenging the trial court\u2019s January 17, 1996 presumption order and the May 30, 1997 class certification order.\nOn appeal, the Superior Court held Block\u2019s cross-appeal challenge to the January 17, 1996 presumption order was waived for failure to preserve its objection to this presumption order in the trial court. Basile v. H & R Block, Inc., 729 A.2d 574, 587 (Pa.Super.1999) [\"Basile I\u201d]. The Superior Court also held that an agency relationship existed between Block and [Plaintiff Class]. Id. The Superior Court did not discuss whether a confidential relationship existed. Id. Based on the existence of an agency relationship, the Superior Court reversed the grant of summary judgment and remanded the case to the trial court. Id. at 588.\nBlock filed a petition for allowance of appeal to this Court, seeking to challenge the Superior Court\u2019s determination that an agency relationship existed. This Court granted review and held that the Superior Court erred in holding that an agency relationship existed. This Court remanded the case to the Superi- or Court to address whether a confidential relationship existed. Basile v. H & R Block, Inc., 563 Pa. 359, 761 A.2d 1115 (2000) [\u201cBasile II\u201d]. On remand, the Superior Court held that the record established a prima facie case that a confidential relationship existed between Block and [Plaintiff Class], and remanded the case back to the trial court. Basile v. H & R Block, Inc., 777 A.2d 95 (Pa.Super.2001) [\u201cBasile III\u201d]. In the trial court, Block filed a motion for de-certification of the class, which was granted on December 20, 2003. The trial court ruled that individualized evidence was necessary to prove breach of a fiduciary duty based on a confidential relationship and, therefore, the case could not be tried as a class action.\n[Plaintiff Class] filed an appeal from the decertification order and on March 1, 2006, an en banc panel of the Superior Court reversed the decertification. Basile v. H & R Block, Inc., 894 A.2d 786 (Pa.Super.2006) [\u201cBasile IV\u201d]. The Superior Court held that Block had waived its right to challenge the class certification because it did not do so during the first appeal to the Superior Court in 1998. Id. at 790. Block again filed a petition for allowance of appeal to this Court. On September 26, 2006, by per curiam order, this Court granted allowance of appeal, vacated the Superior Court\u2019s order, and remanded the case to the Superior Court with specific instructions to address Pennsylvania Rules of Appellate Procedure 501 and 511, and related case law.\nOn remand, the en banc Superior Court again did not reach the merits of the trial court\u2019s decision regarding class certification but instead held only that Block had waived its challenge to class certification. Basile v. H & R Block, Inc., 926 A.2d 493, 500 (Pa.Super.2007) [\u201cBasile V\u201d]. This Court granted allowance of appeal on March 25, 2008 to determine whether the Superior Court misapplied the aggrieved party doctrine by requiring Block to appeal from an earlier class certification order even though summary judgment was entered in Block\u2019s favor.\nBasile v. H & R Block, Inc., 601 Pa. 392, 395-98, 973 A.2d 417, 419-21 (2009) [\u201cBasile VI \u201d] (footnotes omitted).\nIn Basile VI, our Supreme Court reversed this Court\u2019s decision in Basile V, concluding that Block had not waived its right to seek decertification of the class by its post-certification conduct. Id. at 401, 973 A.2d at 423. The Supreme Court remanded the case back to this Court for consideration of the merits of the trial court\u2019s decision to decertify the class. Id.\nWe begin our review of the merits of the trial court\u2019s order decertifying the class by examining our prior decision in Basile III. In Basile III, we reversed the trial court\u2019s grant of summary judgment in favor of Block, concluding that the evidence presented, when viewed in the light most favorable to the Plaintiff Class, was sufficient to establish the elements of a confidential relationship between the parties in this case. Basile III, 777 A.2d 95, 107 (Pa.Super.2001). In reaching this con-elusion, we began by setting forth the relevant law with respect to the formation of confidential relationships:\nOur Supreme Court has acknowledged that \u201c[t]he concept of a confidential relationship cannot be reduced to a cata-logue of specific circumstances, invariably falling to the left or right of a definitional line.\u201d In re Estate of Scott, 455 Pa. 429, 316 A.2d 883, 885 (1974). The Court has recognized, nonetheless, that \u201c[t]he essence of such a relationship is trust and reliance on one side, and a corresponding opportunity to abuse that trust for personal gain on the other.\u201d Id. Accordingly, \u201c[a confidential relationship] appears when the circumstances make it certain the parties do not deal on equal terms, but, on the one side there is an overmastering influence, or, on the other, weakness, dependence or trust, justifiably reposed[.]\u201d Frowen v. Blank, 493 Pa. 137, 425 A.2d 412, 416-17 (1981) (emphasis added). The Supreme Court\u2019s use in Frowen of the disjunctive \u201cor\u201d to separate the cognizable characteristics of confidential relation is critical. Contrary to the trial court\u2019s determination in this case, our law does not require both \u201cover[mastering] influence and, ... weakness, dependence or trust.\u201d See Memorandum Opinion and Order (Trial Court Opinion), 12/31/01, at 6 (emphasis added). Indeed, both elements need not appear together as \u201cin both an unfair advantage is possible.\u201d Frowen, 425 A.2d at 417. If parties are engaged in a confidential relationship the apparent disparity in their positions serves as the foundation for the law\u2019s expectation of conduct between the parties and the concomitant obligations of the superior party. \u201c[T]he party in whom the trust and confidence are reposed must act with scrupulous fairness and good faith in his dealings with the other and refrain from using his position to the other\u2019s detriment and his own advantage.\u201d Young v. Kaye, 443 Pa. 335, 279 A.2d 759, 763 (1971). As a consequence of the superi- or party\u2019s heightened state of duty \u201cnormal arm\u2019s length bargaining is not assumed.\u201d Frowen, 425 A.2d at 416. \u201cThis is so because the presence of a confidential relationship negates the assumption that each party is acting in his own best interest.\u201d Id.\nId. at 101.\nWe then reviewed the evidence presented by the Plaintiff Class in support of certification and concluded that this evidence was sufficient on summary judgment \u201cto establish, prima facie, the elements of a confidential relationship between the parties in this case.\u201d Id. at 107. We did not rule that the relationship between a tax preparer and the client is confidential per se, but rather only that if the jury finds the evidence summarized above to be truthful, then a confidential relationship between Block and the Plaintiff Class will have been established and Block will be bound by a fiduciary duty to the Plaintiff Class as a matter of law. Id.\nUpon remand to the trial court, Block filed a motion to decertify the Plaintiff Class. The trial court granted the motion to decertify, ruling that our decision in Basile III was not determinative of class certification issues. Specifically, the trial court indicated that the question to be answered regarding class certification in this case is as follows: \u201cdid Block give advice that the class members \u2018by virtue of their own weakness or inability, the advis- or\u2019s pretense of expertise, or a combination of both invest such a level of trust that they seek no other counsel.\u201d Trial Court Opinion, 3/26/04, at 8. In answering this question, the trial court determined that \u201cit will be necessary to consider the evidence of the unique qualities of each class member since the fact finder must determine whether each place his or her complete trust in [Block\u2019s] expertise.\u201d Id. While the evidence with respect to Basile suggests that a confidential relationship existed between Block and herself, \u201cit cannot be true as to the entire class without making the relationship of a H & R Block, Inc., to the class confidential per se.\u201d Id. Accordingly, the trial court ruled that \u201cproof of a confidential relationship requires consideration of the disparity between the respective parties, and whether the inferior party places primary trust in the other\u2019s counsel.\u201d Id. at 9.\nClass certification is a mixed question of law and fact. Liss & Marion, P.C. v. Recordex Acquisition Corp., 603 Pa. 198, 216, 983 A.2d 652, 663 (2009); Aronson v. GreenMountain.com, 809 A.2d 399, 402 (Pa.Super.2002). A trial court\u2019s order regarding class certification will not be disturbed on appeal unless the court erred as a matter of law by neglecting the requirements in Rules 1702 through 1708 of the Pennsylvania Rules of Civil Procedure, or abused its discretion in applying them. Liss & Marion, 603 Pa. at 216, 983 A.2d at 663; Kelly v. County of Allegheny, 519 Pa. 213, 218, 546 A.2d 608, 610 (1988). Although the burden of proof in a class certification proceeding is on the party seeking certification, this burden is not a heavy one. Janicik v. Prudential Ins. Co., 305 Pa.Super. 120, 451 A.2d 451, 455 (1982). \u201cIt is the strong and oft-repeated policy of this Commonwealth that, in applying the rules for class certification, decisions should be made liberally and in favor of maintaining a class action.\u201d See, e.g., Debbs v. Chrysler Corp., 810 A.2d 137, 153 (Pa.Super.2002).\nIn this case, the trial court decided that the Plaintiff Class failed to prove the commonality and predominance requirements under Rules 1702 and 1708. The commonality requirement for class certification under Rule 1702(2) requires the trial court to determine whether the claims in a viable class action present \u201cquestions of law or fact common to the class.\u201d Pa. R.C.P. 1702(2). The commonality requirement is usually' analyzed in conjunction with Rule 1702(5), which provides that the class action method of adjudication must be \u201cfair and efficient\u201d in the case at issue. Pa.R.C.P. 1702(5). These two elements for class certification are in turn closely related to the \u201cpredominance\u201d requirement under Rule 1708(a)(1), which obligates the trial court to consider whether common questions of law or fact predominate over any question affecting only individual members. Pa.R.C.P. 1708(a)(1); Weismer by Weismer v. Beech-Nut Nutrition Corp., 419 Pa.Super. 403, 615 A.2d 428, 431 (1992). As our Supreme Court recently reiterated, \u201c[t]he class action method of adjudication is fair and efficient if the \u2018common questions of law or fact predominate over any question affecting only individual members.\u2019 \u201d Liss & Marion, 603 Pa. at 216, 983 A.2d at 663 (emphasis in original) (quoting Pa.R.C.P. 1708(a)(1)).\nIn this case, the trial court decertified the Plaintiff Class because Basile failed to satisfy the commonality and predominance requirements: \u201c[Tjhis Court finds that it will be necessary to consider the unique qualities of each class member, so that a fact finder can determine whether he or she placed his or her trust in Block.\u201d Trial Court Opinion, 3/26/04, at 11. If this case presented a situation in-which Basile merely plead and presented evidence that she occupied an inferior position vis-\u00e1-vis Block and placed her complete trust in its counsel, and then speculated that the other members of the class were likewise similarly situated, we would agree with, the trial court\u2019s rationale for decertification. Klemow v. Time Inc., 466 Pa. 189, 197 n. 17, 352 A.2d 12, 16 n. 17 (1976) (\u201c[A] showing that the plaintiff acted in reliance on the defendant\u2019s misrepresentations ... would normally vary from person to person\u201d). In such a situation, there would be no sufficient basis upon which to conclude that proof of Basile\u2019s trust in Block would be proof .with respect to the other members of the class. See Baldassari v. Suburban Cable TV Co., 808 A.2d 184, 191 (Pa.Super.2002) (requirement of common issues of fact \u201cmeans precisely that the facts must be substantially the same so that proof as to one claimant would be proof as to all.\u201d).\nAs our opinion in Basile III made abundantly clear, however, no such situation is presented in this case. In Basile III, this Court discussed in considerable detail the evidence introduced in support of class certification, including the following:\n\u2022 Deposition testimony from a Block executive, demonstrating that Block \u201cactively sought customer trust in H & R Block as a corporate entity and in all of the services Block offered.\u201d Id. at 103-04.\n\u2022 Documentary evidence that Block \u201ccultivated customer trust through an extended and extensive media ad campaign, the focal point of which was Block\u2019s expertise in tax matters and the trustworthy character of Block\u2019s services.\u201d Id. at 104. These ads touted Block\u2019s expertise (\u201cIncome taxes are all we do\u201d) and encouraged dependence on its services (\u201cWe\u2019re here when you need us\u201d). Id. Block\u2019s print brochures even invited customers to consult them on non-tax matters (\u201cWe want you to contact us if you have any questions about your tax return, next year\u2019s taxes or for any reason at all.\u201d). Id.\n\u2022 Internal Block marketing data suggesting that many of Block\u2019s customers \u201centered their relationships with Block in a position of pronounced economic and intellectual weakness.\u201d Id. This data reflected that a \u201csignificant segment\u201d of Block\u2019s customers had relatively low annual incomes, were unemployed or employed in service occupations, possessed less than a high school education, and were in economic straits and needed Block\u2019s services to obtain cash as soon as possible. Id. at 104-05.\n\u2022 Further internal marketing data demonstrating that Block\u2019s customers \u25a0 \u201cwere confused by the Rapid Refund service and that Block was aware of their confusion.\u201d Id. at 105. Despite this knowledge of customer confusion, Block instructed its tax preparers to provide only minimal information about the Rapid Refund program. Id. at 105-06.\nThis evidence, if determined by the finder of fact to be truthful and persuasive, would establish that: (1) the members of the Plaintiff Class did not, as a matter of fact, deal with Block on equal terms as a result of their limited educational backgrounds and their immediate financial need for quick refunds; (2) the class members did, as a matter of fact, repose a high level of trust in Block; and (3) the class members did not, as a matter of fact, have any detailed understanding of the nature of the Rapid Refund program as a short term bank loan. At trial, Basile intends to prove the existence of a confidential relationship between the class members and Block through the introduction of Block\u2019s own internal documents. If the finder of fact decides' that these documents are truthful and persuasive, then it will not be necessary for the finder of fact to \u201cconsider the unique qualities of each class member\u201d in order to establish a confidential relationship with Block \u2014 as these documents reflect that Block knew that the Plaintiff Class \u201csought Block\u2019s assistance from a position of pronounced intellectual and economic weakness.\u201d Basile III, 777 A.2d at 106.\nMoreover, these same Block documents, if believed, similarly establish that Block not only encouraged the members of the Plaintiff Class to trust in then* expertise, but also that these efforts were in fact successful. As we concluded in Basile III, Block\u2019s internal documents strongly suggests that the members of the Plaintiff Class responded to Block\u2019s advertising campaign \u201cby placing their trust in Block, both to prepare their tax returns and to secure their tax refunds.\u201d Id. With respect to the Rapid Refund service in particular, the members of the Plaintiff Class displayed their complete trust in Block by utilizing the service even though Block\u2019s marketing data reflected that its customers had no significant understanding of its precise nature and would not have participated in it if they had known it involved a bank loan. Id. at 105.\nIn sum, as we concluded in Basile III, the evidence presented in support of class certification, if believed by the finder of fact, establishes that Block\u2019s own efforts to cause its customers to trust in its expertise were in fact largely successful. See Liss & Marion, 603 Pa. at 218, 983 A.2d at 664 (\u201ccommon questions generally exist if the class member\u2019s legal grievances arise out of the same practice or course of conduct on the part of the class opponent\u201d) (quoting Janicik v. Prudential Ins. Co., 305 Pa.Super. 120, 451 A.2d 451, 457 (1982)). The trial court erred in finding that common issues of fact do not predominate over any questions affecting only individual class members, as a principle issue at trial will include whether \u201cBlock occupied a position of substantial strength which, in relation to the pronounced intellectual and economic weakness of the [Plaintiff Class], presented Block with the opportunity to abuse the [Plaintiff Class\u2019] trust for its own gain.\u201d Basile III, 777 A.2d at 106. As is now clear, Basile intends to attempt to meet her burden of proof in this regard on a class-wide basis through common proof as to all class members, namely the presentation of a significant quantum of evidence, in the form of Block\u2019s own internal documents, establishing the relative positions of the parties and the repose of complete trust in Block by the members of the class.\nAccordingly, the order of the trial court dated January 21, 2004 is reversed, and the matter is remanded to that court for proceedings not inconsistent with this opinion. If, upon remand and at trial, Basile demonstrates the existence of a confidential relationship between the members of the Plaintiff Class and Block, then the reliance inherent in a finding of fiduciary duty will be presumed for purposes of the fiduciary claim of the Plaintiff Class under the Pennsylvania Unfair Trade Practices and Consumer Protection Law, 73 P.S. \u00a7\u00a7 201-2 et seq. Jurisdiction relinquished.\n. Herein, Basile and the plaintiff class shall be referred to collectively as the \u201cPlaintiff Class.\u201d\n. The parlies to this appeal do not contend that the law in this area has changed since the time of publication of Basile III.\n. The Plaintiff Class contends that this ruling constitutes an attempt by the trial court to \u201coverrule\u201d this Court\u2019s decision in Basile III because \"reliance is not a necessary element to establish a confidential relationship.\u201d Appellant\u2019s Brief at 24. We disagree. In Basile III, we concluded that \u201d[s]o long as the requisite disparity is established between the parties positions in the relationship, and the inferior party places primary trust in the other\u2019s counsel, a confidential relationship may be established.\u201d Basile III, 777 A.2d at 103 (emphasis added).\n. Based exclusively on its decision that the Plaintiff Class failed to satisfy the commonality requirement, it ruled that the Plaintiff Class likewise failed to satisfy the typicality requirement under Rule 1702(3). Trial Court Opinion, 3/26/04, at 12 (\"As it is usually true when the Court finds no commonality, typicality is also absent. Since it is apparent from the Court\u2019s findings that other members of the class will have unique facts, they will not be sufficiently aligned with that of the class representative.\u201d).\n.Rule 1702. Prerequisites to a Class Action One or more members of a class may sue or be sued as representative parties on behalf of all members in a class action only if\n(1) the class is so numerous that joinder of all members is impracticable;\n(2) there are questions of law or fact common to the class;\n(3) the claims or defenses of the representative parties are typical of the claims or defenses of the class;\n(4) the representative parties will fairly and adequately assert and protect the interests of the class under the criteria set forth in Rule 1709; and\n(5)a class action provides a fair and efficient method for adjudication of the controversy under the criteria set forth in Rule 1708.\nPa.R.C.P. 1702.\n. Rule 1708. Criteria for Certification. Determination of Class Action as Fair and Efficient Method of Adjudication\nIn determining whether a class action is a fair and efficient method of adjudicating the controversy, the court shall consider among other matters the criteria set forth in subdivisions (a), (b) and (c).\n(1) whether common questions of law or fact predominate over any question affecting only individual members;\n(2) the size of the class and the difficulties likely to be encountered in the management of the action as a class action;\n(3) whether the prosecution of separate actions by or against individual members of the class would create a risk of\n(i) inconsistent or varying adjudications with respect to individual members of the class which would confront the party opposing the class with incompatible standards of conduct;\n(ii) adjudications with respect to individual members of the class which would as a practical matter be dispositive of the interests of other members not parties to the adjudications or substantially impair or impede their ability to protect their interests;\n(4) the extent and nature of any litigation already commenced by or against members of the class involving any of the same issues;\n(5) whether the particular forum is appropriate for the litigation of the claims of the entire class;\n(6) whether in view of the complexities of the issues or the expenses of litigation the separate claims of individual class members are insufficient in amount to support separate actions;\n(7) whether it is likely that the amount which may be recovered by individual class members will be so small in relation to the expense and effort of administering the action as not to justify a class action.\nPa.R.C.P. 1708(a).",
        "type": "majority",
        "author": "DONOHUE, J.:"
      }
    ],
    "attorneys": [
      "Steven E. Angstreich, Philadelphia, for appellant.",
      "William H. Lamb, West Chester, for appellees."
    ],
    "corrections": "",
    "head_matter": "Sandra BASILE, on behalf of herself and all others similarly situated, Appellant v. H & R BLOCK, INC. and H & R Block Eastern Tax Services, Inc., Appellees.\nSuperior Court of Pennsylvania.\nArgued Dec. 1, 2009.\nFiled Oct. 7, 2010.\nSteven E. Angstreich, Philadelphia, for appellant.\nWilliam H. Lamb, West Chester, for appellees.\nBEFORE: DONOHUE, ALLEN and FITZGERALD , JJ.\nFormer Justice specially assigned to the Superior Court."
  },
  "file_name": "0992-01",
  "first_page_order": 1032,
  "last_page_order": 1040
}
