{
  "id": 7870874,
  "name": "ADAMS SANITATION COMPANY, Petitioner, v. PENNSYLVANIA DEPARTMENT OF ENVIRONMENTAL PROTECTION, Respondent",
  "name_abbreviation": "Adams Sanitation Co. v. Pennsylvania Department of Environmental Protection",
  "decision_date": "1996-10-18",
  "docket_number": "",
  "first_page": "981",
  "last_page": "985",
  "citations": [
    {
      "type": "official",
      "cite": "683 A.2d 981"
    }
  ],
  "court": {
    "name_abbreviation": "Pa. Commw. Ct.",
    "id": 11887,
    "name": "Commonwealth Court of Pennsylvania"
  },
  "jurisdiction": {
    "id": 6,
    "name_long": "Pennsylvania",
    "name": "Pa."
  },
  "cites_to": [
    {
      "cite": "648 A.2d 775",
      "category": "reporters:state_regional",
      "reporter": "A.2d",
      "case_ids": [
        475561,
        7874643,
        475556,
        7874599
      ],
      "year": 1994,
      "opinion_index": 0,
      "case_paths": [
        "/pa/538/0378-01",
        "/a2d/648/0775-02",
        "/pa/538/0377-01",
        "/a2d/648/0775-01"
      ]
    },
    {
      "cite": "538 Pa. 377",
      "category": "reporters:state",
      "reporter": "Pa.",
      "case_ids": [
        475556
      ],
      "year": 1994,
      "opinion_index": 0,
      "case_paths": [
        "/pa/538/0377-01"
      ]
    },
    {
      "cite": "621 A.2d 1155",
      "category": "reporters:state_regional",
      "reporter": "A.2d",
      "case_ids": [
        1442277
      ],
      "year": 1993,
      "opinion_index": 0,
      "case_paths": [
        "/pa-commw/153/0489-01"
      ]
    },
    {
      "cite": "499 A.2d 2",
      "category": "reporters:state_regional",
      "reporter": "A.2d",
      "year": 1985,
      "opinion_index": 0
    },
    {
      "cite": "66 L.Ed.2d 7",
      "category": "reporters:federal",
      "reporter": "L. Ed. 2d",
      "year": 1980,
      "opinion_index": 0
    },
    {
      "cite": "101 S.Ct. 47",
      "category": "reporters:federal",
      "reporter": "S. Ct.",
      "year": 1980,
      "opinion_index": 0
    },
    {
      "cite": "449 U.S. 803",
      "category": "reporters:federal",
      "reporter": "U.S.",
      "case_ids": [
        11717578,
        11717707,
        11717868,
        11717618,
        11717813,
        11717659,
        11717756
      ],
      "year": 1980,
      "opinion_index": 0,
      "case_paths": [
        "/us/449/0803-01",
        "/us/449/0803-04",
        "/us/449/0803-07",
        "/us/449/0803-02",
        "/us/449/0803-06",
        "/us/449/0803-03",
        "/us/449/0803-05"
      ]
    },
    {
      "cite": "489 Pa. 221",
      "category": "reporters:state",
      "reporter": "Pa.",
      "case_ids": [
        1762363,
        1762422
      ],
      "weight": 2,
      "year": 1980,
      "opinion_index": 0,
      "case_paths": [
        "/pa/489/0221-01",
        "/pa/489/0221-02"
      ]
    },
    {
      "cite": "387 A.2d 142",
      "category": "reporters:state_regional",
      "reporter": "A.2d",
      "year": 1978,
      "opinion_index": 0
    }
  ],
  "analysis": {
    "cardinality": 579,
    "char_count": 12883,
    "ocr_confidence": 0.715,
    "pagerank": {
      "raw": 2.659986489667035e-07,
      "percentile": 0.8248585149172789
    },
    "sha256": "bdea895325f0e4604c3b64ba8b82f5264260e4405a34b93909c0c1ab31d5e165",
    "simhash": "1:6cf96cb3cb7d0f0b",
    "word_count": 2067
  },
  "last_updated": "2024-02-27T23:51:20.507764+00:00",
  "provenance": {
    "date_added": "2019-08-29",
    "source": "Harvard",
    "batch": "2018"
  },
  "casebody": {
    "judges": [
      "Before McGINLEY and PELLEGRINI, JJ., and SILVESTRI, Senior Judge."
    ],
    "parties": [
      "ADAMS SANITATION COMPANY, Petitioner, v. PENNSYLVANIA DEPARTMENT OF ENVIRONMENTAL PROTECTION, Respondent."
    ],
    "opinions": [
      {
        "text": "SILVESTRI, Senior Judge.\nAdams Sanitation Company appeals from an order of the Environmental Hearing Board (Board) which made final its previous order granting partial summary judgment in favor of the Department of Environmental Protection (Department).\nThe facts are as follows. On July 22,1977, Adams Sanitation Company (ADSCO), entered into a lease with Netta S. Deatrick to operate a sanitary landfill on an approximately 108 acre site owned by Deatrick in Tyrone Township, Adams County. On February 2, 1979, ADSCO received a permit to dispose of solid waste on the site from the Department. Keystone Sanitation Company Inc., by agreement dated October 22, 1983, acquired ADSCO\u2019s assets, name and trade-name, as well as the foregoing lease. Keystone assigned the lease to its new wholly owned subsidiary, Adams Sanitation Company (Adams), on November 15,1983.\nAdams began operating the former AD-SCO landfill in February of 1984. At the time of Adams takeover, ADSCO had land-filled 78 acres of the 108 acre site. Adams intended to fill the remaining 30 acres of the site, and accordingly, submitted an application to the Department, noting that although the property included 108 acres, it only intended to fill the 30 acres of the site which ADSCO had not filled.\nA permit was issued by the Department, and Adams began operations, filling approximately 8.8 acres of the 30 acres covered by the permit. Adams did not deposit any waste in the 78 acre portion of the site which ADSCO had previously filled, (see Pre-hear-ing stipulations, \u00b6\u00b6 6, 9; R.R. 29a). Adams did, however, operate and maintain a leach-ate collection and treatment system which was installed by ADSCO on this portion of the site, including repairing holes in the liners of the three treatment lagoons which were part of the system. Adams also submitted monthly discharge monitoring reports to the Department regarding the leachate system. In addition to the foregoing activities performed by Adams on the 78 acre portion of the site previously filled by AD-SCO, Adams eliminated erosion gullies and performed revegetation work in this area. (Pre-hearing stipulations, \u00b6\u00b6 18, 20, 22, 30, 31; R.R. 31-33a).\nOn August 21, 1990, the Department, by letter, advised Adams that it was responsible for water supply contamination at the Strine residence which was located on a tract of land adjacent to the 78 acre portion of the site previously filled by ADSCO. The letter directed Adams to provide a replacement water supply to the Strine residence. On October 22, 1990, the Department issued another order to Adams, directing Adams to develop and implement a program to abate groundwater and surface water contamination emanating from the landfill. Adams timely appealed both orders and both appeals were consolidated on December 4,1990.\nThe Department moved for summary judgment with respect to Adams\u2019 appeals. Both parties agreed, for purposes of the motion, that the contamination of the Strine water supply resulted from volatile organic contaminants emanating from the 78 acre portion of the landfill which ADSCO had used to dispose of waste prior to Adams\u2019 operation of the site. The Board, by order dated April 5, 1994, granted the Department partial summary judgment and required Adams to restore or replace the Strine water supply and to submit and implement a groundwater pollution abatement plan addressing the entire 108 acre site.\nIn its appeal here, Adams asserts that the Board erred in requiring it to replace the Strine water supply since it did not dispose of the waste which caused the harm to the Strine water supply. Adams also asserts that the Board erred in requiring it to submit and implement a ground water pollution abatement plan for the entire site.\nThe Board, in concluding that Adams was responsible for replacing the Shrine water supply, relied on Section 273.245(a) of the Department\u2019s regulations, 25 Pa.Code \u00a7 273.245(a), which provides, in relevant part, as follows:\nA person or municipality operating a municipal waste landfill which affects a water supply by degradation, pollution or other means shall restore or replace the affected water supply with an alternate source that is of like quantity and quality to the original supply at no additional cost to the owner....\nOn the basis of the foregoing Section, the Board concluded that because Adams, in February of 1984, began conducting solid waste landfill operations at the \u201cAdsco Landfill,\u201d (see Pre-hearing stipulations, \u00b6 5, \u00b6 8; R.R. 29a) and that because there was no dispute that the \u201cAdsco Landfill\u201d polluted the Strine water supply, the Department had the authority - to direct Adams to replace the Shrine water supply and abate the pollution.\nAdams maintains that Section 273.245(a) of the regulations, 25 Pa.Code \u00a7 273.245(a), relied on by the Board, conflicts with Section 1104 of the Municipal Waste Planning, Recycling and Waste Reduction Act, Act of July 28, 1988, P.L. 556, as amended, 53 P.S. \u00a7 4000.1104, and that pursuant to the defenses provided in Section 1104(d), it cannot be found liable for the contamination of the Strine water supply. We disagree.\nSection 1104(a) provides as follows:\n(a) Alternative water supply requirement. \u2014 Any person owning or operating a municipal waste management facility that adversely affects a public or private water supply by pollution, degradation, diminution or other means shall restore the affected supply at no additional cost to the owner or replace the affected supply with an alternate source of water that is of like quantity and quality to the original supply at no additional cost to the owner. If any person shall fail to comply with this requirement, the department may issue such orders to the person as are necessary to assure compliance.\nSubsection (d) of Section 1104, relied upon by Adams, relates to Subsection (c) of Section 1104. These Sections provide, in relevant part, as follows:\n(c) Rebuttable presumption. \u2014 Unless rebutted by one of the four defenses established in subsection (d), it shall be presumed that the owner or operator of a municipal waste landfill is responsible for the pollution, degradation or diminution of a public or private water supply that is within one-quarter mile of the perimeter of the area where solid waste management operations have been carried out.\n(d) Defenses. \u2014 In order to rebut the presumption of liability established in subsection (c), the owner or operator must affirmatively prove by clear and convincing evidence one of the following four defenses:\n(4) The owner or operator did not cause the pollution, degradation or diminution.\nAdams argues that the record demonstrates that it, as the owner/operator of the landfill, did not cause the pollution to the Strine water supply, since the undisputed facts demonstrate that the pollution came from that portion of the landfill which AD-SCO had filled prior to Adams leasing the 108 acres. By this assertion, Adams would have this court distinguish between the 30 acres of the site which Adams intended to fill, of which it filled 8.8 acres, and the remaining 78 acres which ADSCO filled prior to Adams leasing the entire 108 acres; this we cannot do.\nWhile it is true that the parties have stipulated that the contamination of the Strine water supply originated from that portion of the landfill that was filled by ADSCO prior to Adams leasing the property, it is undisputed that Adams has been in control of, and the operator of, the entire 108 acre site since February of 1984. As such, Adams is responsible for any and all contamination emanating from the entire 108 acre site; not just contamination emanating from the 8.8 acres of the 30 acres it filled.\nBased on the foregoing, we conclude that the Board properly upheld the Department\u2019s directive that Adams was responsible for replacing the Strine water supply. We now turn to the issue of whether the Board properly upheld the Department\u2019s order directing Adams to develop and implement a program to abate groundwater and surface water contamination emanating from the landfill.\nThe Board concluded, on the basis of Section 316 of the Clean Streams Law, Act of June 22, 1937, P.L.1987, art. Ill, as amended, 35 P.S. \u00a7 691.316, that Adams, as the lessee of land where pollution was emanating, was responsible for correcting the condition.\nSection 316 provides, in relevant part, as follows:\nWhenever the department finds that pollution or a danger of pollution is resulting from a condition which exists on land in the Commonwealth the department may order the landowner or occupier to correct the condition in a manner satisfactory to the department or it may order such owner or occupier to allow a mine operator or other person or agency of the Commonwealth access to the land to take such action. For the purpose of this section, \u201clandowner\u201d includes any person holding title to or having a proprietary interest in either surface or subsurface rights ...\nAdams argues that pursuant to our holding in Philadelphia Chewing Gum Corp. v. Department of Environmental Resources, 35 Pa.Cmwlth. 443, 387 A.2d 142 (1978), affirmed in part and appeal dismissed in part, sub nom. National Wood Preservers, Inc. v. Department of Environmental Resources, 489 Pa. 221, 414 A.2d 37, appeal dismissed, 449 U.S. 803, 101 S.Ct. 47, 66 L.Ed.2d 7 (1980), the Department, in order to impose liability under Section 316, must demonstrate that the landowner/occupier knew or should have known of the existence or condition on the land and that the landowner/occupier associated itself with the condition after its creation. Adams maintains that because the Department failed to make such a showing here, it improperly ordered Adams to develop and implement a program to abate groundwater and surface water contamination emanating from the landfill. We disagree. Contrary to Adams\u2019 assertion, the record reveals that these requirements were satisfied.\nSpecifically, as noted previously herein, Adams took over the entire 108 acre ADSCO landfill operation in February of 1984. Adams operation of the landfill was not limited to the 30 acres of the site which it intended to fill. To the contrary, Adams operated and maintained a leachate collection and treatment system which was installed by AD-SCO on the 78 acre portion of the site it previously filled; Adams repaired holes in the liners of the three treatment lagoons which were part of the leachate system; and Adams submitted monthly discharge monitoring reports to the Department regarding the system. Moreover, Adams eliminated erosion gullies and performed revegetation work in the 78 acre portion of the site previously filled by ADSCO. (Pre-hearing stipulations, \u00b6\u00b6 18, 20, 22, 30, 31; R.R. 31-33a).\nGiven the foregoing undisputed facts, we conclude that Adams, as the operator of the entire 108 acre landfill operation, knew or should have known of the condition on the land, and that it positively associated itself with the condition after its creation as required by Philadelphia Chewing Gum. Accordingly, the Board correctly upheld the Department\u2019s order that Adams develop and implement a program to abate groundwater and surface water contamination emanating from the landfill and we will affirm the Board\u2019s order.\nORDER\nAND NOW, this 18th day of October, 1996, the order of the Environmental Hearing Board dated December 8, 1995 is affirmed.\n. The Department was known as the Department of Environmental Resources when this action commenced. The Department has subsequently been renamed the Department of Environmental Protection.\n. The Board denied summary judgment in part; however the subject of the denial is not herein relevant.\n. Our scope of review of Board decisions is limited to determining whether the Board committed constitutional violations, errors of law, or whether any necessary findings of fact made by the Board were unsupported by substantial evidence. Willowbrook Mining Co. v. Department of Environmental Resources, 92 Pa.Cmwlth. 163, 499 A.2d 2 (1985).\n. We note that Adams cites to our decision in North Cambria Fuel v. Department of Environmental Resources, 153 Pa.Cmwlth. 489, 621 A.2d 1155 (1993), affirmed without opinion, 538 Pa. 377, 648 A.2d 775 (1994), as requiring the Department to make the foregoing showing; however, we note that while we did discuss the holding of Philadelphia Chewing Gum in North Cambria, it was Section 315 of the Clean Streams Law, 35 P.S. \u00a7 691.315 that was at issue in that case. Here, only Philadelphia Chewing Gum is relevant.",
        "type": "majority",
        "author": "SILVESTRI, Senior Judge."
      }
    ],
    "attorneys": [
      "Robert B. Hoffman, Harrisburg, for Petitioner.",
      "Melanie G. Cook, Assistant Counsel, for Respondent."
    ],
    "corrections": "",
    "head_matter": "ADAMS SANITATION COMPANY, Petitioner, v. PENNSYLVANIA DEPARTMENT OF ENVIRONMENTAL PROTECTION, Respondent.\nCommonwealth Court of Pennsylvania.\nArgued Sept. 10, 1996.\nDecided Oct. 18, 1996.\nRobert B. Hoffman, Harrisburg, for Petitioner.\nMelanie G. Cook, Assistant Counsel, for Respondent.\nBefore McGINLEY and PELLEGRINI, JJ., and SILVESTRI, Senior Judge."
  },
  "file_name": "0981-01",
  "first_page_order": 1069,
  "last_page_order": 1073
}
