{
  "id": 11796850,
  "name": "MILL REALTY ASSOCIATES, a Rhode Island General Partnership v. ZONING BOARD OF REVIEW OF THE TOWN OF COVENTRY",
  "name_abbreviation": "Mill Realty Associates v. Zoning Board of Review of Coventry",
  "decision_date": "1998-12-22",
  "docket_number": "No. 97-95-M.P.",
  "first_page": "887",
  "last_page": "893",
  "citations": [
    {
      "type": "official",
      "cite": "721 A.2d 887"
    }
  ],
  "court": {
    "name_abbreviation": "R.I.",
    "id": 10179,
    "name": "Supreme Court of Rhode Island"
  },
  "jurisdiction": {
    "id": 15,
    "name_long": "Rhode Island",
    "name": "R.I."
  },
  "cites_to": [
    {
      "cite": "557 A.2d 1229",
      "category": "reporters:state_regional",
      "reporter": "A.2d",
      "case_ids": [
        7903569
      ],
      "opinion_index": 0,
      "case_paths": [
        "/a2d/557/1229-01"
      ]
    },
    {
      "cite": "120 R.I. 425",
      "category": "reporters:state",
      "reporter": "R.I.",
      "case_ids": [
        8519030
      ],
      "weight": 2,
      "year": 1978,
      "opinion_index": 0,
      "case_paths": [
        "/ri/120/0425-01"
      ]
    },
    {
      "cite": "7 A.L.R.2d 615",
      "category": "reporters:specialty",
      "reporter": "A.L.R. 2d",
      "weight": 2,
      "year": 1963,
      "opinion_index": 0
    },
    {
      "cite": "117 A. 432",
      "category": "reporters:state_regional",
      "reporter": "A.",
      "year": 1922,
      "opinion_index": 0
    },
    {
      "cite": "44 R.I. 357",
      "category": "reporters:state",
      "reporter": "R.I.",
      "case_ids": [
        2424614
      ],
      "year": 1922,
      "opinion_index": 0,
      "case_paths": [
        "/ri/44/0357-01"
      ]
    },
    {
      "cite": "197 A.2d 310",
      "category": "reporters:state_regional",
      "reporter": "A.2d",
      "year": 1964,
      "opinion_index": 0
    },
    {
      "cite": "97 R.I. 248",
      "category": "reporters:state",
      "reporter": "R.I.",
      "case_ids": [
        3089429
      ],
      "year": 1964,
      "opinion_index": 0,
      "case_paths": [
        "/ri/97/0248-01"
      ]
    },
    {
      "cite": "447 A.2d 361",
      "category": "reporters:state_regional",
      "reporter": "A.2d",
      "case_ids": [
        12042479
      ],
      "opinion_index": 0,
      "case_paths": [
        "/a2d/447/0361-01"
      ]
    },
    {
      "cite": "200 A. 976",
      "category": "reporters:state_regional",
      "reporter": "A.",
      "year": 1938,
      "opinion_index": 0
    },
    {
      "cite": "61 R.I. 314",
      "category": "reporters:state",
      "reporter": "R.I.",
      "case_ids": [
        2423406
      ],
      "year": 1938,
      "pin_cites": [
        {
          "page": "321"
        }
      ],
      "opinion_index": 0,
      "case_paths": [
        "/ri/61/0314-01"
      ]
    },
    {
      "cite": "83 Atl. 515",
      "category": "reporters:state_regional",
      "reporter": "A.",
      "weight": 2,
      "opinion_index": 0
    },
    {
      "cite": "123 A.2d 248",
      "category": "reporters:state_regional",
      "reporter": "A.2d",
      "year": 1956,
      "pin_cites": [
        {
          "page": "249"
        }
      ],
      "opinion_index": 0
    },
    {
      "cite": "84 R.I. 276",
      "category": "reporters:state",
      "reporter": "R.I.",
      "case_ids": [
        5780884
      ],
      "year": 1956,
      "pin_cites": [
        {
          "page": "279"
        }
      ],
      "opinion_index": 0,
      "case_paths": [
        "/ri/84/0276-01"
      ]
    },
    {
      "cite": "101 R.I. 80",
      "category": "reporters:state",
      "reporter": "R.I.",
      "case_ids": [
        5484898
      ],
      "weight": 2,
      "year": 1966,
      "pin_cites": [
        {
          "page": "85"
        },
        {
          "page": "529"
        }
      ],
      "opinion_index": 0,
      "case_paths": [
        "/ri/101/0080-01"
      ]
    },
    {
      "cite": "574 A.2d 1232",
      "category": "reporters:state_regional",
      "reporter": "A.2d",
      "case_ids": [
        7389781
      ],
      "weight": 2,
      "pin_cites": [
        {
          "page": "1234"
        },
        {
          "page": "1234"
        }
      ],
      "opinion_index": 0,
      "case_paths": [
        "/a2d/574/1232-01"
      ]
    }
  ],
  "analysis": {
    "cardinality": 913,
    "char_count": 24238,
    "ocr_confidence": 0.69,
    "pagerank": {
      "raw": 5.039930118822095e-08,
      "percentile": 0.3165759857041858
    },
    "sha256": "1ed0b535fa953c94602d47fecfec73d749155b959cae3e5e918eca3e8f38001b",
    "simhash": "1:87baf3a497ed2dc8",
    "word_count": 4019
  },
  "last_updated": "2024-02-27T19:11:18.549103+00:00",
  "provenance": {
    "date_added": "2019-08-29",
    "source": "Harvard",
    "batch": "2018"
  },
  "casebody": {
    "judges": [
      "Present: WEISBERGER, C.J., and LEDERBERG, BOURCIER, FLANDERS and GOLDBERG, JJ."
    ],
    "parties": [
      "MILL REALTY ASSOCIATES, a Rhode Island General Partnership v. ZONING BOARD OF REVIEW OF THE TOWN OF COVENTRY."
    ],
    "opinions": [
      {
        "text": "OPINION\nBOURCIER, Justice.\nThis case comes to us on a petition for certiorari by Mill Realty Associates seeking our review of a decision by the Zoning Board of Review for the Town of Coventry. The board denied Mill Realty Associates\u2019 request for an \u201cexception\u201d seeking to be relieved of having to comply with established standards prescribed for suitably improved road construction in the town of Coventry pursuant to Section 15-51(c) of the Coventry Code of Ordinances.\nIt is essential to note that the \u201cexception\u201d sought and denied in this case was not the usual exception or special exception familiar to zoning ordinances and formerly permitted pursuant to G.L.1956 \u00a7 45-24-13 (repealed by P.L.1991, ch. 307, \u00a7 1, effective July 1, 1993) but is instead an \u201cexception\u201d that is permitted by local ordinances enacted pursuant to G.L.1956 chapter 23.1 of title 45, entitled \u201cMapped Streets.\u201d That enabling legislation permits local municipalities \u201cto provide by ordinance that no permit for the erection of any building shall be issued unless the building lot abuts a street which has been placed on the official map giving access to the proposed structure, and that before a permit shall be issued, the street shall have been certified to be suitably improved * * *.\u201d Section 45-23.1-A. Here, Mill Realty\u2019s building lot abuts a mapped but unimproved street that Coventry has placed on its official map of public streets in the town.\nThe town of Coventry has duly enacted such an ordinance pursuant to chapter 23.1 of title 45, and in that ordinance (Sec.l5-51(b)), specifically has established standards to be met for the construction of the three types of roads permitted in that town in order for a street to be considered as suitably improved. The three are gravel road, oiled road, and subdivision road. Each is defined as follows:\n\u201c(1) Gravel road. A twenty-four-foot-wide driving area that shall be stripped of all rocks, stumps and loam to a depth of twelve (12) inches and replaced with ten (10) inches of bank run gravel and two (2) inches of processed gravel.\n(2) Oiled road. A twenty-four-foot-wide driving area that shall be stripped of all rocks, stumps and loam to a depth of twelve (12) inches and replaced with ten (10) inches of bank run gravel and two (2) inches of processed gravel, which shall be coated with a double seal.\n(3) Subdivision road. A road that shall meet the standards of the subdivision regulations of the town.\u201d Coventry Code of Ordinances See. 15-51(b).\nMill Realty Associates had requested that the Coventry zoning board grant an \u201cexception\u201d from the established road construction standards set out in Sec. 15-51(b) so as to permit the construction of a gravel \u201cprivate driveway\u201d extending some 1,600 feet in length and 15 feet in width, on and along an unimproved paper street (Columbus Avenue) shown on a recorded but undeveloped plat in the town of Coventry. The zoning board denied the requested relief, and Mill Realty Associate\u2019s petition for certiorari is here pursuant to \u00a7 45-23.1-5 and Sec. 15-52 of the Coventry Code of Ordinances.\nI\nCase Facts\nIn September of 1994, Mill Realty Associates (Mill Realty), a Rhode Island general partnership, purchased at tax sale in the town of Coventry what was then depicted on the Coventry tax assessor\u2019s plat No. 42 as lot No. 41 and shown as containing 25,000 square feet. That lot, depicted on the assessor\u2019s map as a single lot, originally consisted of five platted contiguous lots each measuring 50 feet in width by 100 feet in depth on a plat that was recorded in 1896 and named \u201cWashington Villa Plat.\u201d The lot is located in an area presently zoned as R-20 Residential in which single-family dwellings are a permitted use. In that zone district, the minimum required lot size needed for construction of a single-family dwelling is 20,000 square feet if the lot is serviced by a public water supply, and if not so serviced by a public water supply, the required minimum lot size permitting construction is then 43,560 square feet, with at least 150 feet of frontage on an improved street. Coventry Zoning Ordinance Table 6-1, 6-6. Because Mill Realty\u2019s lot has no access to a public water supply, it is thus 18,560 square feet short of meeting the minimum lot size required to permit construction of a single-family dwelling.\nAdding to Mill Realty\u2019s ownership woes in its undersized lot, upon which it wants to build a single-family dwelling, is the additional fact that the lot lacks any frontage on an improved mapped street and is isolated, in the middle of densely wooded, wet and hilly terrain, some 1,600 feet away from the nearest improved and accessible road (Club House Road) that could provide any access to the lot.\nUnable to move the lot, and ever cognizant of Sec. 15-51 in the Coventry Code of Ordinances that prohibits the issuance of a building permit for the erection of any building on a lot that does not abut upon a suitably improved street that appears on the official town map, Mill Realty applied to the Coventry zoning board of review requesting a \u201creasonable exception\u201d to the street standards established by the town\u2019s planning commission, pursuant to Sec. 15 \u2014 51(c). In its application to the board, Mill Realty requested the zoning board to \u201cauthorize the issuance of a building permit by the building inspector\u201d and to permit it to use 1,600 feet of the undeveloped paper street, Columbus Avenue, shown on the Washington Villa Plat, as its private driveway to the lot. Mill Realty apparently believed that the fifteen 15 foot wide private driveway that it proposed to construct over the paper street would then qualify as a \u201csuitably improved\u201d street, entitling it to a building permit despite both the lot\u2019s size, which does not to conform to the existing requirements prescribed by the town zoning regulations, and the proposed private driveway\u2019s nonconformance with the street standards established by Sec. 15-51.\nA public hearing was scheduled and later held on Mill Realty\u2019s application. At that hearing, the Coventry Planning Commission, the Coventry town engineer, director of public works, as well as a large number of property owners from the nearby and adjoining prime residential Woods Estate area, all voiced their concerns and objections to Mill Realty\u2019s proposed 1,600 foot long and 15 foot wide gravel \u201cprivate driveway\u201d to accommodate the proposed construction of a residential dwelling on the isolated and nonconforming substandard lot. The town engineer, in a letter presented to the zoning board, noted her objection as follows:\n\u201cI have given substantial consideration to the request to build on Columbus Avenue. I have a number of concerns with the developer\u2019s proposal. If the developer were allowed to build only a gravel driveway in the existing right-of-way, this would be a precedent setting action by the Town. It could be regarded as discriminatory for the Town to require further improvement of the road by a subsequent applicant.\nAlso, the developer is requesting to use the right-of-way as a private driveway with no Town services, but what about liability? If the developer or the future owner refused to maintain the road, would the Town be obligated to go in and maintain it? What if some outside member of the public were injured in some way on that road[?] Whose liability would it be, if the Town permitted sub-standard development of the roadway?\nI would be opposed to the construction of Columbus Avenue as anything less than a subdivision standard road, with provisions for drainage, wetlands approvals, and sediment control plan approval.\u201d\nThe only evidence submitted by Mill Realty in support of its request to be exempted from having to comply with the town\u2019s street construction standards for a \u201csuitably improved road\u201d concerned the cost to Mill Realty, ranging from $160,000 to $200,000, if it was required to comply. At no time did Mill Realty ever challenge the legality of the applicable zoning or road construction ordinances from which they sought exemption.\nAt the conclusion of the hearing, the zoning board unanimously voted to deny Mill Realty\u2019s request. The zoning board in doing so noted that the town had no present right of ownership in the unimproved paper street shown on the recorded but undeveloped plat. The record discloses that prior to voting to deny Mill Realty\u2019s petition, various board members voiced concern that the proposed fifteen-foot gravel private driveway would not ensure adequate access for fire fighting equipment, ambulances, and other emergency vehicles necessary for the protection of health and safety and would not protect any future street development of the \u201cpaper street\u201d or protect the numerous other owners of abutting platted lots that border both sides of the 50 foot wide \u2014 and 1,600 \u2014 feet long paper street. Mill Realty\u2019s petition for certiorari followed.\nII\nAnalysis\nMill Realty, in its petition before us, alleges that the zoning board\u2019s denial of its request for an exception under Sec. 15-51 of the Coventry Code of Ordinances was arbitrary, confiscatory, and unlawful. It contends that the board\u2019s action in requiring that it comply with established Coventry road construction standards duly promulgated by the town\u2019s Planning Commission imposes a burden upon Mill Realty that is disproportionate to the proposed use of the lot that it owns on the paper street, and therefore amounts to an unlawful taking of that lot by the town.\nWe begin by noting that we do not have before us a zoning appeal stemming from any denial of a special-use permit for Mill Realty\u2019s lot in the undeveloped recorded plat in the town of Coventry. If a special-use permit had been denied, Mill Realty\u2019s appeal should have been to the Superior Court pursuant to \u00a7 45-24-20 and not by petition for certiorari to this Court. Potter v. Chettle, 574 A.2d 1232, 1234 (R.I.1990). What instead is involved in this proceeding is the 1,600 foot long stretch of land that the town of Coventry does not own, and for which Mill Realty seeks to obtain an exception from the town\u2019s zoning board, to construct a 15 foot wide private driveway, in order to provide Mill Realty access to its isolated lot.\nThe record before us discloses that Mill Realty\u2019s lot appears on a map of house lots entitled Washington Villa Plat platted in 1898 and later recorded in the land records for the town of Coventry in 1896. That plat, a virtual anachronism, contains some 193 small lots, each measuring 50 feet in width by 100 feet in depth. There is also shown on the plat map two main streets designated as Columbus and American Avenues. Mill Realty\u2019s lot fronts on Columbus Avenue. Although appearing on its official map of town streets, neither Columbus nor American Avenue has ever been formally accepted by the town of Coventry, and the town has never maintained or improved either street, both of which are now overgrown by heavy woodland. In addition, no lots in the plat have ever been developed, and most, if not all, are likewise overgrown by heavy woodland.\nThe Washington Villa Plat, when recorded, was noted to have been owned by Sidney C. Williams (Williams). When he recorded his map of the platted lots in 1896, the map showed both Columbus and American Avenues as paper streets thereon. The recording of the plat map constituted Williams\u2019 incipient dedication or offer to give those mapped paper streets to the town of Coventry for public use. Volpe v. Marina Parks, Inc., 101 R.I. 80, 85, 220 A.2d 525, 529 (1966). To complete that dedication of the offered streets, however, the town of Coventry was required to accept William\u2019s offer of dedication. Otherwise, the dedication only could be accomplished and accepted as a public street by public use of the platted paper street areas. In Parrillo v. Riccitelli, 84 R.I. 276, 279, 123 A.2d 248, 249 (1956), this Court there noted:\n\u201cThe law with regard to platted streets and their dedication is well settled in this state. Where a plat is recorded with streets delineated thereon and lots are sold with reference to the plat, there is, so far as the public is concerned, an incipient dedication of such streets. Brown v. Curran, R.I., 83 Atl. 515. To complete such a dedication and establish as public highways the streets that appear on the recorded plat, there must be an acceptance on the part of the public. Such an acceptance may be accomplished by public user or by appropriate action on the part of public authorities. Brown v. Curran, supra; Marwell Construction Co. v. Mayor and Board of Aldermen, 61 R.I. 314, 321 [200 A. 976 (1938)].\u201d\nIn this case, from the record before us, the only indication of any acceptance of Williams\u2019 incipient street dedication offer by the town of Coventry is the town\u2019s inclusion of the road on its official map of streets in the town. Pursuant to \u00a7 45-23.1-1, cities and town councils are authorized \u201cto establish an official map of the city or town identifying and showing the location of the streets of the city or town theretofore existing and established by law as public streets and the exterior lines of other streets deemed necessary by the city or town council for sound physical development.\u201d However, we note that \u201c[t]he placing of any street or street line upon the official map shall not in and of itself constitute or be deemed to constitute the opening or establishment of any street or the taking or acceptance of any land for street purposes.\u201d Section 45-23.1-1.1. Accordingly, the fee title and ownership of Columbus and American Avenues in the plat remained in Williams, who owned the lots when the plat was recorded. Because that recording took place in 1896, it can be assumed reasonably that Williams is long since deceased and as a consequence, fee title in the two roadways shown on the plat would have vested in his heirs, if any, subject to a private right-of-way over those platted paper streets belonging to Mill Realty and the other owners of any lots who may have pm-chased their lot or lots in reliance upon the plat after it was recorded. Gammons v. Caswell, 447 A.2d 361 (R.I.1982); Vallone v. City of Cranston Department of Public Works, 97 R.I. 248, 197 A.2d 310 (1964); State of Rhode Island v. Frank W. Coy Real Estate Co., 44 R.I. 357, 117 A. 432 (1922). See also, Annotation 7 A.L.R.2d 615 (1963).\nIn 1896, when Williams platted his land and recorded the map showing the division of his land into small lots with two main roadways, Columbus and American Avenues, (there is also a short roadway, Centre Street, connecting the two) there existed no governmental plat regulations or land-use restrictions in the town of Coventry concerning the recording or development of the plat. However, since the enactment of enabling legislation by the General Assembly in 1945 (P.L. 1945, ch. 1631) that permitted municipalities in this state to regulate and restrict the use and subdivision of lands within their local boundaries, local planning boards and commissions have come into existence and have played a major role since then in community development plans. In the town of Coventry, for example, not only did the town council provide for and establish a town planning commission to regulate subdivision and land development, but also, enacted a mapped-streets ordinance, permitting the planning commission to determine and establish standards for the construction of suitable roads in the town.\nMill Realty, as noted earlier, purchased its lot in September 1994, long after the relevant Coventry land-use and town road construction standards were enacted and promulgated. Its request for an exception that would allow it to construct a street in the form of a private driveway that would not conform to even the most minimum of road construction standards in the town of Coventry, coupled with its request for an order directing the town building inspector to issue it a building permit for its seemingly undersized lot, was denied by the zoning board. The zoning board, it should be noted, in denying Mill Realty\u2019s request, did not say that Mill could never construct its proposed private street or driveway; the board actually said that Mill Realty could construct the driveway if they agreed to comply with town approved and established street construction standards.\nWe are satisfied that the zoning board quite properly considered the public interest in and necessity for proper street construction and future development in the plat as well as insuring adequate access into the plat by other plat lot owners and for emergency vehicles such as for police, fire, and medical assistance. Additionally, it properly considered the right of all other owners of lots in the plat who share in common a private right-of-passage over the platted streets, and in particular, Columbus Avenue.\nHowever, notwithstanding our general approval of the zoning board\u2019s consideration of Mill Realty\u2019s application for an exception relating to the general road standards established by the town\u2019s planning commission, we conclude from our review of the record before us that the zoning board\u2019s insistence upon Mill Realty having to construct a subdivision-type road, being the highest grade of permitted town roadway, constitutes an abuse of the discretion vested in the board by See. 15 \u2014 51(c) of the town\u2019s Code of Ordinances.\nWhen addressing a property owner\u2019s application for an exception to a general road standard adopted by the planning commission, the board first must determine if enforcement of that standard would \u201centail practical difficulty or unnecessary hardship\u201d or whether \u201cthe circumstances of the case do not require the structure to be related to a street.\u201d Coventry Code of Ordinances, See. 15 \u2014 51(c). If either of these conditions is met, the board then may \u201cmake reasonable exceptions\u201d from the road standard so long as the exception allows \u201cadequate access for firefighting equipment, ambulances and other emergency vehicles necessary for the protection of health and safety, and * * * will protect any future layout shown on the official map.\u201d Id.\nOn the facts present in this ease, we conclude that in a proper exercise of its discretion, the zoning board should have granted Mill Realty\u2019s application for a \u201cpractical difficulty\u201d exception by permitting Mill Realty to construct no greater than the minimum established standard grade road permitted by Sec. 15 \u2014 51(b)(1), namely, a gravel road.\n\u201c(1) Gravel road. A twenty-four-foot-wide driving area that shall be stripped of all rocks, stumps and loam to a depth of twelve (12) inches and replaced with ten (10) inches of bank run gravel and two (2) inches of processed gravel.\u201d\nIn lieu of remanding this case to the zoning board for a completely new hearing and for the expeditious interest of all parties, we remand this matter to the zoning board with directions to grant Mill Realty\u2019s application for an exception to Sec. 15-51 conditioned upon its construction of a gravel roadway as defined in See. 15 \u2014 51(b)(1) of that ordinance and with no more stringent construction specification than is defined therein.\nUpon remand, the zoning board shall not, however, be required to direct the building official to issue any building permit authorizing construction of the proposed residential dwelling upon Mill Realty\u2019s lot unless and until the town building official and the zoning board are satisfied that the proposed construction on Mill Realty\u2019s lot is in conformity with all applicable building and zoning requirements.\nFor the reasons herein above set out, the petition for certiorari is granted, the decision of the zoning board is quashed, and this matter is remanded to the zoning board for further proceedings in accordance with this opinion.\n. Section 15-51 of the Coventry Code of Ordinances provides:\n\"Same \u2014 Buildings not abutting on improved street shown on map.\n(a) No building permit for the erection of any building shall be issued unless the building lot abuts a street which has been placed on the official map giving access to the proposed structure. Before a permit shall be issued, such street shall have been certified to be suitably improved according to the standards of this section by the director of public works. If such a street is not suitably improved, such improvement shall be ensured by means of a performance guarantee in accordance with rules and regulations adopted in the same manner as rules and regulations for subdivisions as provided in G.L.1956 \u00a7 45-23-1 et seq. The planning commission shall determine which standard shall apply for each case. The planning commission shall advise the director of public works of the applicable standard so that he may review the conditions of a road, prior to the issuance of a building permit and certify the road\u2019s conditions.\n(b) The standards for a suitably improved road are:\n(1) Gravel road. A twenty-four-foot-wide driving area that shall be stripped of all rocks, stumps and loam to a depth of twelve (12) inches and replaced with ten (10) inches of bank run gravel and two (2) inches of processed gravel.\n(2) Oiled road. A twenty-four-foot-wide driving area that shall be stripped of all rocks, stumps and loam to a depth of twelve (12) inches and replaced with ten (10) inches of bank run gravel and two (2) inches of processed gravel, which shall be coated with a double seal.\n(3) Subdivision road. A road that shall meet the standards of the subdivision regulations of the town.\nIn determining which standard shall apply, the planning commission shall review the condition of suitably improved town roads within a thousand-foot radius of the property and shall choose that standard which most closely enforces the existing conditions. Where right-of-way width or other conditions affect the standards of this section, the planning commission may adjust the standards to fit the particular situation.\n(c) Where the enforcement of this section would entail practical difficulty or unnecessary hardship, or where the circumstances of the case do not require the structure to be related to a street, the zoning board of review may, in a specific case, make reasonable exceptions and direct the building inspector to issue a permit subject to conditions that will ensure adequate access for firefighting equipment, ambulances and other emergency vehicles necessary for the protection of health and safety, and that will protect any future street layout shown on the official map. This action can only be made after the planning commission and director of public works have had the opportunity to respond in writing to the request and after a public hearing for which reasonable notice has been given to all interested parties, for which notice was published in a newspaper of general circulation in the town at least ten (10) days before the hearing, and at which interested parties and others shall have the opportunity to respond. (Code 1974, \u00a7 14-44)\".\n. \"In Robidoux v. Pelletier, 120 R.I. 425, 438 n. 2, 391 A.2d 1150, 1157 n. 2 (1978), a \u2018paper street\u2019 was defined as a street that appears on a recorded plat but which in actuality has never been opened, prepared for use, or used as a street.\" Denomme v. Mowry, 557 A.2d 1229, 1230 n. 1 (R.I.1989).\n. In Potter v. Chettle, 574 A.2d 1232, 1234 (R.I.1990), we stated, \"appeals from 'mapped street\u2019 decisions proceed to the Supreme Court\" pursuant to G.L.1956 \u00a7 45-23.1-5 which provides in part:\n\"Appeals. \u2014 Any person aggrieved by any decision of the board or the council, as the case may be, may present to the supreme court a petition duly verified setting forth that the decision is illegal in whole or in part and specifying the grounds of illegality. * * * Upon presentation of the petition, the court may allow a writ of certiorari directed to the board or council to review such decision of the board or council * *\n. Section 15-51 Coventry Code of Ordinances.",
        "type": "majority",
        "author": "BOURCIER, Justice."
      }
    ],
    "attorneys": [
      "Bennett R. Gallo for Plaintiff.",
      "Patrick J. Sullivan, Coventry, Paul K. Sprague, Warwick, for Defendant."
    ],
    "corrections": "",
    "head_matter": "MILL REALTY ASSOCIATES, a Rhode Island General Partnership v. ZONING BOARD OF REVIEW OF THE TOWN OF COVENTRY.\nNo. 97-95-M.P.\nSupreme Court of Rhode Island.\nDec. 22, 1998.\nBennett R. Gallo for Plaintiff.\nPatrick J. Sullivan, Coventry, Paul K. Sprague, Warwick, for Defendant.\nPresent: WEISBERGER, C.J., and LEDERBERG, BOURCIER, FLANDERS and GOLDBERG, JJ."
  },
  "file_name": "0887-01",
  "first_page_order": 933,
  "last_page_order": 939
}
