{
  "id": 8015043,
  "name": "METRO RENTALS, INC., Appellant, v. Lee James WAGNER, Appellee",
  "name_abbreviation": "Metro Rentals, Inc. v. Wagner",
  "decision_date": "1981-09-25",
  "docket_number": "No. 80-859",
  "first_page": "1072",
  "last_page": "1074",
  "citations": [
    {
      "type": "official",
      "cite": "435 A.2d 1072"
    }
  ],
  "court": {
    "name_abbreviation": "D.C.",
    "id": 11933,
    "name": "District of Columbia Court of Appeals"
  },
  "jurisdiction": {
    "id": 56,
    "name_long": "District of Columbia",
    "name": "D.C."
  },
  "cites_to": [
    {
      "cite": "45 S.D. 564",
      "category": "reporters:state",
      "reporter": "S.D.",
      "case_ids": [
        8518729
      ],
      "weight": 2,
      "year": 1922,
      "opinion_index": 0,
      "case_paths": [
        "/sd/45/0564-01"
      ]
    },
    {
      "cite": "78 So.2d 396",
      "category": "reporters:state_regional",
      "reporter": "So. 2d",
      "case_ids": [
        10059373
      ],
      "opinion_index": 0,
      "case_paths": [
        "/so2d/78/0396-01"
      ]
    },
    {
      "cite": "180 S.E. 744",
      "category": "reporters:state_regional",
      "reporter": "S.E.",
      "year": 1935,
      "opinion_index": 0
    },
    {
      "cite": "51 Ga.App. 400",
      "category": "reporters:state",
      "reporter": "Ga. App.",
      "case_ids": [
        1470965
      ],
      "year": 1935,
      "opinion_index": 0,
      "case_paths": [
        "/ga-app/51/0400-01"
      ]
    },
    {
      "cite": "36 App.D.C. 194",
      "category": "reporters:state",
      "reporter": "App. D.C.",
      "case_ids": [
        1364206
      ],
      "weight": 2,
      "year": 1911,
      "opinion_index": 0,
      "case_paths": [
        "/app-dc/36/0194-01"
      ]
    },
    {
      "cite": "77 U.S. 308",
      "category": "reporters:federal",
      "reporter": "U.S.",
      "case_ids": [
        3436983
      ],
      "weight": 3,
      "year": 1870,
      "opinion_index": 0,
      "case_paths": [
        "/us/77/0308-01"
      ]
    },
    {
      "cite": "62 A.2d 371",
      "category": "reporters:state_regional",
      "reporter": "A.2d",
      "case_ids": [
        8154563,
        8154502
      ],
      "year": 1948,
      "opinion_index": 0,
      "case_paths": [
        "/a2d/62/0371-02",
        "/a2d/62/0371-01"
      ]
    },
    {
      "cite": "61 A.2d 26",
      "category": "reporters:state_regional",
      "reporter": "A.2d",
      "case_ids": [
        8150524
      ],
      "year": 1948,
      "opinion_index": 0,
      "case_paths": [
        "/a2d/61/0026-01"
      ]
    },
    {
      "cite": "255 F.2d 534",
      "category": "reporters:federal",
      "reporter": "F.2d",
      "case_ids": [
        681821
      ],
      "year": 1958,
      "opinion_index": 0,
      "case_paths": [
        "/f2d/255/0534-01"
      ]
    },
    {
      "cite": "103 U.S.App.D.C. 125",
      "category": "reporters:state",
      "reporter": "U.S. App. D.C.",
      "year": 1958,
      "opinion_index": 0
    },
    {
      "cite": "352 F.2d 678",
      "category": "reporters:federal",
      "reporter": "F.2d",
      "case_ids": [
        851396,
        3653725
      ],
      "year": 1965,
      "opinion_index": 0,
      "case_paths": [
        "/f2d/352/0678-01"
      ]
    },
    {
      "cite": "122 U.S.App.D.C. 202",
      "category": "reporters:state",
      "reporter": "U.S. App. D.C.",
      "case_ids": [
        3653725
      ],
      "year": 1965,
      "opinion_index": 0,
      "case_paths": []
    }
  ],
  "analysis": {
    "cardinality": 507,
    "char_count": 8239,
    "ocr_confidence": 0.838,
    "pagerank": {
      "raw": 6.348157698156601e-08,
      "percentile": 0.38956943049575476
    },
    "sha256": "00aec65866363b6611d5873c0c63eca345983a51d1ff8b16aede440a9d2777c8",
    "simhash": "1:465cdae533f44fea",
    "word_count": 1364
  },
  "last_updated": "2024-02-27T20:40:31.405877+00:00",
  "provenance": {
    "date_added": "2019-08-29",
    "source": "Harvard",
    "batch": "2018"
  },
  "casebody": {
    "judges": [
      "Before MACK, FERREN and PRYOR, Associate Judges."
    ],
    "parties": [
      "METRO RENTALS, INC., Appellant, v. Lee James WAGNER, Appellee."
    ],
    "opinions": [
      {
        "text": "MACK, Associate Judge:\nAppellant, Intervenor (below) Metro Rentals, Inc., appeals from the order of the Superior Court denying its motion to quash appellee\u2019s writ of attachment on certain funds of defendant corporation Butcher, Nolan, and Wagner, Inc. For the reasons stated herein, we affirm.\nThe procedural history of this case is as follows. In July 1979, appellee obtained a Virginia judgment against defendant for $23,010 plus interest. Appellee filed a complaint in Superior Court in August 1979 alleging that the' judgment had not been satisfied and requesting that judgment be entered in his favor in the amount of $23,-010 together with interest, costs and reasonable attorneys\u2019 fees. Appellee also filed a motion for a prejudgment writ of attachment on funds being held for defendant by a local law firm (garnishee), and a motion to waive bond. The Superior Court granted the motion for the writ and ordered appellee to post bond in the amount of $23,010. Appellee posted bond in the amount ordered, and the writ was served on garnishee on September 27, 1979.\nAppellant obtained a Maryland judgment against defendant in December 1977, for $23,289.23. On January 4, 1980, it commenced an action in the District to satisfy judgment and it moved for a prejudgment writ of attachment on the same funds held by garnishee. On January 24, 1980, appellant filed a motion to intervene in appellee\u2019s suit for the purpose of filing a motion to establish priority of its lien over appellee\u2019s. Intervention was allowed, and in appellant\u2019s motion to establish priority, it contended that appellee\u2019s writ was invalid due to his failure to file a bond in twice the amount of his claim before the writ was issued, thereby violating D.C.Code 1973, \u00a7 16-501(e). Consequently, appellant requested that ap-pellee\u2019s writ be quashed.\nAfter a hearing, the Honorable John D. Fauntleroy denied appellant\u2019s motion and ruled that appellee\u2019s writ should not be quashed \u201cmerely because there was some non-compliance with the exact [provision of the] statute\u201d and that an adequate statutory remedy was available to an interested party unsatisfied with the amount of bond provided \u2014 viz D.C.Code 1973, \u00a7 16-505. In a subsequent combined hearing on the complaints and other motions of the parties, the Honorable Harriett R. Taylor entered default and condemnation judgments against defendant and in favor of appellant and appellee and ordered the clerk to pay appellant $3,465.35 and appellee $25,110.80 from the funds deposited into the Registry by garnishee.\nOn appeal, as in the trial court, appellant seeks to establish the \u201cpriority\u201d of its lien by having appellee\u2019s writ declared void for his failure to file a bond in twice the amount of his claim. Appellant, in effect, argues that the filing of a proper bond is jurisdictional. We disagree.\nOur discussion of the merits must start with a review of the pertinent statutory provisions. Section 16-501(e) provides that in cases where an attachment before judgment is sought:\nBefore a writ of attachment and garnishment is issued, the plaintiff shall first file in the clerk\u2019s office a bond, executed by himself or his agent, with security to be approved by the clerk, in twice the amount of his claim, conditioned to make good to the defendant all costs and damages which he may sustain by reason of the wrongful suing out of the attachment; except that in any case in which the plaintiff states in his affidavit that the value of specified property to be levied upon is less than the amount of his claim, the court may set the amount of such bond in an amount twice the value of the property being attached ....\nGenerally, the purpose of requiring an attachment bond is to provide security on which recovery by attachment debtors may be had in the event of improper use of attachment or when damages are sustained by reason of attachment. See Washington Building Services v. United Janitorial Services, Inc., 122 U.S.App.D.C. 202, 352 F.2d 678 (1965); Davis v. Peerless Insurance Co., 103 U.S.App.D.C. 125, 255 F.2d 534 (1958); D.C. Code 1973, \u00a7 16-501(e); see generally 7 C.J.S. Attachment \u00a7 116 (1980). Unlike the supporting affidavit which is the basis for issuing the writ of attachment and therefore the cornerstone of the court\u2019s jurisdiction, see Rieffer v. Home Indemnity Co., D.C.Mun.App., 61 A.2d 26, modified, 62 A.2d 371 (1948), the filing of a proper bond is not jurisdictional. Cooper v. Reynolds, 77 U.S. 308, 10 Wall. 308, 19 L.Ed. 931 (1870); W. B. Moses & Sons v. Hayes, 36 App.D.C. 194 (1911). Consequently, other jurisdictions adhering to this view hold that bonds tendered in an amount found to be insufficient do not render the attachment void; rather amendment is in order upon proper application of the parties. See, e.g., Collins v. Southern Finance Corp., 51 Ga.App. 400, 180 S.E. 744 (1935); Corbin v. St. Lucie River Co., 78 So.2d 396 (Fla.1955); Charles Mix County Bank v. Calta, 45 S.D. 564, 189 N.W. 527 (1922).\nProvision is made in our Code to correct bonds found to be insufficient' in amount. Section 16-505 provides:\nThe defendant or any other person interested in the proceedings who is not satisfied with the sufficiency of the surety or with the amount of the penalty named in the bond filed pursuant to Section 16-501, may apply to the court for an order requiring the plaintiff to give an additional bond in such sum and with such security as may be approved by the court. If the plaintiff fails to comply with any such order the court may order the attachment to be quashed and any property attached or its proceeds to be returned to the defendant or otherwise disposed of, as to the court may seem proper.\nIn holding that the bond requirement was not jurisdictional, the court in Hayes, supra, relied on the fact that a statutory remedy was available to those interested persons unsatisfied with the surety provided.\nReading together sections 16-501(e) and -505, and keeping in mind the general purposes of bond requirements we hold that under the circumstances of this case the Superior Court did not err in denying appellant\u2019s motion to quash. Appellant does not contend that appellee\u2019s writ was deficient or his claim unfounded nor does it contend that appellee had any fraudulent intent in filing his motion to waive bond. To the contrary, appellee\u2019s claim was well founded in light of the foreign judgment he obtained against defendant and no fraud was apparent given his intention to post bond in whatever amount the court ordered. Not once was it contended that appellee\u2019s bond was insufficient to protect the interests of defendant. Indeed, the record discloses that a principal of the defendant corporation transferred his majority interest in the corporation to appellee.\nWe do not believe that quashing the affidavit would serve either the purposes or spirit of the bond requirement. Providing for the security of the debtor-defendant is more adequately and equitably accomplished through application filed under section 505. While we strongly disapprove of any attempt by our trial courts to reduce the bond amount below that figure set by section 501(e), we do not believe, at least under the facts of this case, that quashing appellee\u2019s writ of attachment was warranted. If appellant was unsatisfied with the amount of security provided, its remedy was to first pursue an application under section 505, and to thereafter move to quash in the event of appellee\u2019s failure to comply with any order of the court.\nAffirmed.\n. Throughout the initial proceedings, there was no opposition to appellee\u2019s motions.\n. Appellant\u2019s motion was granted, and it posted bond in double the amount of its claim. The writ was served on garnishee on July 7, 1980. Prior to this date, and pursuant to a court order, garnishee deposited the funds held ($28,-575.15) into the Registry of the Court.",
        "type": "majority",
        "author": "MACK, Associate Judge:"
      }
    ],
    "attorneys": [
      "John Geyer Tausig Washington, D.C., for appellant.",
      "Phillip R. McDonald, Washington D.C., with whom Gerard W. Ittig, Washington, D.C., was on the brief, for appellee."
    ],
    "corrections": "",
    "head_matter": "METRO RENTALS, INC., Appellant, v. Lee James WAGNER, Appellee.\nNo. 80-859.\nDistrict of Columbia Court of Appeals.\nArgued Jan. 29, 1981.\nDecided Sept. 25, 1981.\nJohn Geyer Tausig Washington, D.C., for appellant.\nPhillip R. McDonald, Washington D.C., with whom Gerard W. Ittig, Washington, D.C., was on the brief, for appellee.\nBefore MACK, FERREN and PRYOR, Associate Judges."
  },
  "file_name": "1072-01",
  "first_page_order": 1132,
  "last_page_order": 1134
}
