{
  "id": 7371153,
  "name": "Karen K. WHEELER, Petitioner Below, Appellant, v. Walter E. WHEELER, Respondent Below, Appellee",
  "name_abbreviation": "Wheeler v. Wheeler",
  "decision_date": "1993-12-16",
  "docket_number": "",
  "first_page": "888",
  "last_page": "892",
  "citations": [
    {
      "type": "official",
      "cite": "636 A.2d 888"
    }
  ],
  "court": {
    "name_abbreviation": "Del.",
    "id": 9322,
    "name": "Delaware Supreme Court"
  },
  "jurisdiction": {
    "id": 8,
    "name_long": "Delaware",
    "name": "Del."
  },
  "cites_to": [
    {
      "cite": "610 A.2d 1374",
      "category": "reporters:state_regional",
      "reporter": "A.2d",
      "case_ids": [
        7931104
      ],
      "year": 1992,
      "pin_cites": [
        {
          "page": "1376"
        }
      ],
      "opinion_index": 0,
      "case_paths": [
        "/a2d/610/1374-01"
      ]
    },
    {
      "cite": "457 A.2d 319",
      "category": "reporters:state_regional",
      "reporter": "A.2d",
      "case_ids": [
        7977745
      ],
      "year": 1983,
      "pin_cites": [
        {
          "page": "327"
        }
      ],
      "opinion_index": 0,
      "case_paths": [
        "/a2d/457/0319-01"
      ]
    },
    {
      "cite": "405 A.2d 123",
      "category": "reporters:state_regional",
      "reporter": "A.2d",
      "case_ids": [
        8046175
      ],
      "year": 1979,
      "pin_cites": [
        {
          "page": "125"
        }
      ],
      "opinion_index": 0,
      "case_paths": [
        "/a2d/405/0123-01"
      ]
    },
    {
      "cite": "503 A.2d 198",
      "category": "reporters:state_regional",
      "reporter": "A.2d",
      "case_ids": [
        7897687
      ],
      "year": 1986,
      "pin_cites": [
        {
          "page": "204"
        }
      ],
      "opinion_index": 0,
      "case_paths": [
        "/a2d/503/0198-01"
      ]
    },
    {
      "cite": "632 A.2d 1150",
      "category": "reporters:state_regional",
      "reporter": "A.2d",
      "case_ids": [
        7381517
      ],
      "year": 1993,
      "opinion_index": 0,
      "case_paths": [
        "/a2d/632/1150-01"
      ]
    },
    {
      "cite": "211 A.2d 910",
      "category": "reporters:state_regional",
      "reporter": "A.2d",
      "year": 1965,
      "pin_cites": [
        {
          "page": "912"
        }
      ],
      "opinion_index": 0
    },
    {
      "cite": "599 A.2d 414",
      "category": "reporters:state_regional",
      "reporter": "A.2d",
      "opinion_index": 0
    }
  ],
  "analysis": {
    "cardinality": 603,
    "char_count": 14033,
    "ocr_confidence": 0.678,
    "pagerank": {
      "raw": 7.009389861079036e-08,
      "percentile": 0.4233130966322747
    },
    "sha256": "8b5f00dc8f1f603a5681da4854795ba74bb7ea60cbe205e69eac59fec78ef323",
    "simhash": "1:471a7d160067c41e",
    "word_count": 2294
  },
  "last_updated": "2024-02-27T17:56:39.653482+00:00",
  "provenance": {
    "date_added": "2019-08-29",
    "source": "Harvard",
    "batch": "2018"
  },
  "casebody": {
    "judges": [
      "Before VEASEY, C.J., MOORE, and HOLLAND, JJ."
    ],
    "parties": [
      "Karen K. WHEELER, Petitioner Below, Appellant, v. Walter E. WHEELER, Respondent Below, Appellee."
    ],
    "opinions": [
      {
        "text": "HOLLAND, Justice:\nThis is an appeal from the Family Court. In a final judgment, the Family Court awarded the respondent-appellee, Walter E. Wheeler (\u201cthe Husband\u201d), attorney\u2019s fees which he had incurred in successfully defending an appeal to this Court. The petitioner-appellant, Karen K. Wheeler (\u201cthe Wife\u201d), seeks to reverse that award.\nThe Wife has raised two arguments in this appeal. First, she contends that the Family Court did not have jurisdiction to award attorney\u2019s fees, which were incurred in defending an appeal, in the absence of a remand from this Court for that purpose. Second, and alternatively, the Wife argues that the Family Court abused its discretion in awarding attorney\u2019s fees to the Husband.\nWe have carefully considered the Wife\u2019s contentions. We have concluded that both arguments are without merit. Therefore, the judgment of the Family Court is affirmed.\nFacts\nThe litigation between these parties has been before this Court on three prior occasions (No. 440,1990; No. 142,1992; and No. 407, 1992). Each of those proceedings was also an appeal filed by the Wife from a Family Court decision in favor of the Husband. Upon motion of the Husband, this Court dismissed the Wife\u2019s first appeal (No. 440, 1990), 599 A.2d 414 as interlocutory. Thereafter, the Family Court awarded attorney\u2019s fees to the Husband for the expenses which he had incurred in having that improper interlocutory appeal dismissed.\nThe Wife\u2019s second appeal (No. 142, 1992) was filed after the Family Court entered a final judgment on the ancillary matters over which it had retained jurisdiction. The Wife\u2019s second appeal to this Court sought review of the decisions of the Family Court dated July 10, 1990; August 20, 1990; October 30,1990; November 30,1990; January 4, 1991; letter dispositions dated January 17, 1991 and April 16, 1991; decisions dated October 1,1991; November 1,1991; January 8, 1992; January 27, 1992; and two orders dated March 4, 1992. This Court affirmed the final judgment of the Family Court relating to ancillary matters \u201con the basis of and for the reasons assigned by the Family Court in its well reasoned decisions.\u201d This Court\u2019s decision in appeal No. 142,1992, included the affirmance of the Family Court\u2019s separate awards of attorney\u2019s fees against the Wife for bad faith pleading, in violation of Family Court Civil Rule 11, and for defending the improper interlocutory appeal in No. 440, 1990.\nOn September 11, 1992, the Wife filed her third appeal (No. 407, 1992) from a decision of the Family Court dated September 3, 1992. That decision had awarded the Husband additional attorney\u2019s fees for the Wife\u2019s bad faith filing of a Rule to Show Cause why the Husband should not be held in contempt for violating an order regarding the conditions under which the marital residence was to be listed for sale. The Family Court determined that the particular conditions asserted by the Wife did not, in fact, exist in its order. In making its award of attorney\u2019s fees, the Family Court found the hourly rate charged by the Husband\u2019s attorney to be reasonable and in conformity with Rule 1.5 of the Delaware Lawyers\u2019 Rules of Professional Conduct. The Wife voluntarily dismissed her appeal in No. 407, 1992 on December 8, 1992.\nFollowing this Court\u2019s affirmance in No. 142, 1992, the Husband filed an application with the Family Court for an award of the attorney\u2019s fees he had incurred in defense of that appeal. The Husband\u2019s application for attorney\u2019s fees asserted that a significant portion of those fees \u201ccould be attributed to Wife and her counsel\u2019s litigious attitudes.\u201d In her response, the Wife asserted that \u201cthe record speaks for itself.\u201d\nThe Family Court awarded the Husband $16,562.12 in attorney\u2019s fees. That sum represented payment in full for the legal expenses that the Husband had incurred in defending the appeal in No. 142, 1992. In this fourth appeal, the Wife challenges that award.\nAttorney\u2019s Fees Family Court Original Jurisdiction\nThis action was originally commenced in the Family Court when the Wife filed a petition for divorce. 13 Del.C. \u00a7 1505. After the divorce was granted, the Family Court entered an order dividing the parties\u2019 marital property. 13 Del.C. \u00a7 1513. The Family Court\u2019s final judgment and virtually all of its interlocutory rulings on ancillary matters were appealed by the Wife, defended by the Husband, and affirmed by this Court. 13 Del.C. \u00a7 1522(a)(3).\nThe authority for the Family Court to order the payment of attorney\u2019s fees by one party to another is set forth in 13 Del.C. \u00a7 1515:\nThe Court from time to time after considering the financial resources of both parties may order a party to pay all or part of the cost to the other party of maintaining or defending any proceeding under this title and for attorney\u2019s fees, including sums for legal services rendered and costs incurred prior to the commencement of the proceeding or after the entry of judgment. The Court may order that the amount be paid directly to the attorney, who may enforce the order in his name.\nThe word \u201cCourt\u201d in Section 1515, as defined in Section 1503(2), \u201cmeans Family Court of the State.\u201d 13 Del.C. \u00a7 1503(2). The words \u201cdefending any proceeding under this title\u201d in Section 1515 includes any appeals to this Court pursuant to Section 1522(a)(3). 13 Del.C. \u00a7 1522(a)(3). Section 1515 specifically provides that the Family Court is authorized to award attorney\u2019s fees \u201cafter the entry of judgment.\u201d 13 Del.C. \u00a7 1515 (emphasis added). The Family Court\u2019s jurisdiction to award attorney\u2019s fees following an appeal is not dependent upon a remand from this Court for that purpose. The unambiguous language of the statute confers original jurisdiction upon the Family Court to award attorney\u2019s fees following an appeal to this Court. The Wife\u2019s argument to the contrary is without merit. In the case sub judice, we hold that the Family Court had original jurisdiction to award the Husband attorney\u2019s fees which were incurred on appeal in No. 142, 1992, i.e., in defending a proceeding under Title 13 after the entry of the Family Court\u2019s judgment. 13 Del.C. \u00a7 1515.\nAttorney\u2019s Fees Family Court\u2019s Discretion\nThe Family Court entered a final judgment in favor of the Husband in the amount of $16,652.12 for attorney\u2019s fees that he incurred in defending an appeal. The basis for that ruling was its determination that the Wife was \u201clitigious.\u201d The Wife contends that the Family Court\u2019s judgment should be reversed because it did not properly apply 13 Del. C. \u00a7 1515, Family Court Civil Rule 88, and Rule 1.5 of the Delaware Lawyers\u2019 Rules of Professional Conduct.\nSection 1515 requires the Family Court to consider, inter alia, the \u201cfinancial resources of both parties.\u201d Family Court Civil Rule 88 provides:\nIn every case where there is a legal or equitable basis therefor the Court may assess a party the reasonable counsel fees of any other party. Where counsel fees are requested the attorney shall submit to the Court an Affidavit stating the following:\n(1) time and effort expensed;\n(2) an itemization of services rendered;\n(3) relevant hourly rates;\n(4) itemization of disbursements claimed;\n(5) any sums received or that will be received with respect to legal services and/or disbursements; and\n(6) any information that will enable the Court to properly weigh the relevant factors set forth in the Rules of Professional Conduct, Rule 1.5.\nRule 1.5 of the Delaware Lawyers\u2019 Rules of Professional Conduct provides:\n(a) A lawyer\u2019s fee shall be reasonable. The factors to be considered in determining the reasonableness of a fee include the following:\n(1) the time and labor required, the novelty and difficulty of the questions involved, and the skill requisite to perform the legal service properly;\n(2) the likelihood, if apparent to the client, that the acceptance of the particular employment will preclude other employment by the lawyer;\n(3) the fee customarily charged in the locality for similar legal services;\n(4) the amount involved and the results obtained;\n(5) the time limitations imposed by the client or by the circumstances;\n(6) the nature and length of the professional relationship with the client;\n(7) the experience, reputation and ability of the lawyers performing the service; and,\n(8) whether the fee is feed or contingent.\nThe record does not support the Wife\u2019s contention for alternative reasons, both of which are dispositive. First, the Wife\u2019s claim is proceduraily barred. Second, the Wife\u2019s claim is without substantive merit.\nThe Wife\u2019s claim is proceduraily barred in this appeal because it was not presented to the Family Court. Supr.Ct.R. 8. In the Wife\u2019s response to the Husband\u2019s motion for attorney\u2019s fees, she denied that her conduct had been litigious. However, her response did not raise any of her present contentions relating to 13 Del.C. \u00a7 1515, Family Court Civil Rule 88, and Rule 1.5 of the Delaware Lawyers\u2019 Rules of Professional Conduct. If those contentions had been raised by the Wife, perhaps the Family Court, in its discretion, would have held a hearing on the Husband\u2019s motion for an award of attorney\u2019s fees.\nAlternatively, the record reflects that the Wife\u2019s claim is without substantive merit. The Wife\u2019s effort to compartmentalize the record for the purpose of our present appellate review is not persuasive. The Family Court ruled upon the Husband\u2019s application for attorney\u2019s fees in the context of a record which had been developed in that court over a period of years.\nIn this ease, the Family Court had before it the Husband\u2019s motion for attorney\u2019s fees, supported by sworn affidavits; the Wife\u2019s response to that motion; and its own complete record and prior rulings. That record provided a basis for its decision in accordance with 13 Del.C. \u00a7 1515, Family Court Civil Rule 88, and Rule 1.5 of the Delaware Lawyers\u2019 Rules of Professional Conduct.\nSection 1515 directs the Family Court to consider the \u201cfinancial resources of both parties.\u201d 13 Del.C. \u00a7 1515. The record reflects that the Family Court was aware of the \u201cfinancial resources\u201d of these parties. Following a full hearing, it had divided their marital assets. This Court affirmed that decision in appeal No. 142, 1992.\nIn its decision of September 3, 1992, the Family Court explicitly determined that the hourly rates requested by the Husband\u2019s attorney were reasonable and satisfied the standards established by Rule 1.5 of the Delaware Lawyers\u2019 Rules of Professional Conduct. Ergo, the Family Court found that the rates implicitly complied with Family Court Civil Rule 88, which incorporates Rule 1.5 by reference. The decision concluded that the Wife\u2019s counsel had committed a violation of Family Court Civil Rule 11. Although the Wife initially appealed that decision to this Court in No. 407, 1992, she later voluntarily dismissed that appeal. With that dismissal, the Family Court\u2019s findings regarding the reasonableness of the hourly rates charged by the Husband\u2019s counsel became the law of the case for the proceedings between these parties. See Haveg Corp. v. Grayer, Del. Supr., 211 A.2d 910, 912 (1965).\nFinally, in this appeal the Wife\u2019s opening brief does not challenge the Family Court\u2019s finding that she was litigious. Therefore, her ability to challenge that finding has been waived on appeal. See Murphy v. State, Del.Supr., 632 A.2d 1150 (1993). Therefore, the Family Court\u2019s finding that the Wife was litigious is- uncontroverted.\nThe Family Court has broad discretion in determining whether to award attorney\u2019s fees pursuant to Section 1515. Gray v. Gray, Del.Supr., 503 A.2d 198, 204 (1986). The fact that the Family Court has broad discretion does not mean that such an award can be made arbitrarily. Husband B.W.D. v. Wife B.A.D., Del.Supr., 405 A.2d 123, 125 (1979). It does mean, however, since a discretionary standard of appellate review is deferential, that such rulings will not be dis turbed by this Court if there is evidence to support the Family Court\u2019s findings. Walter S.J. v. M. Lorraine J., Del.Supr., 457 A.2d 319, 327 (1983). In the case sub judice, the evidence in the record supports the Family Court\u2019s award of attorney\u2019s fees to the Husband.\nConclusion\nThe final judgment of the Family Court, which awarded the Husband the legal expenses that he had incurred in defending an appeal to this Court, is AFFIRMED.\n. Pursuant to Supreme Court Rule 7(c), the names of the parties in the caption are pseudonyms selected by this Court.\n. Those decisions divided the marital estate thirty-five percent to the wife and sixty-five percent to the Husband, permitted deduction of the costs of certain limited partnerships from the marital estate; valued certain stock options as of the date of distribution; denied the Wife permanent alimony; assessed the Wife thirty-five percent of the taxes, insurance, and extraordinary maintenance on the former marital home; and required the Wife to pay a portion of the Husband's attorney\u2019s fees.\n.Family Court Civil Rule 11 provides in pertinent part:\nThe signature of an attorney or party constitutes a certification ... that to the best of the person\u2019s knowledge, information and belief formed after reasonable inquiry it is well grounded in fact and is warranted by existing law ... and that it is not interposed for any improper purpose, such as to harass or to cause unnecessary delay or needless increase in the cost of litigation.\n. The pendency of an appeal does not divest the Family Court of jurisdiction to enforce any of its orders which have not been stayed. See Schmidt v. Schmidt, Del.Supr., 610 A.2d 1374, 1376 (1992).",
        "type": "majority",
        "author": "HOLLAND, Justice:"
      }
    ],
    "attorneys": [
      "Francine R. Solomon (argued), and John T. Gallagher of Francine R. Solomon, P.A., Wilmington, for appellant.",
      "Robert B. Coonin (argued), and Gerald Z. Berkowitz of Berkowitz, Schagrin, Coonin & Cooper, Wilmington, for appellee."
    ],
    "corrections": "",
    "head_matter": "Karen K. WHEELER, Petitioner Below, Appellant, v. Walter E. WHEELER, Respondent Below, Appellee.\nSupreme Court of Delaware.\nSubmitted: Nov. 16, 1993.\nDecided: Dec. 16, 1993.\nFrancine R. Solomon (argued), and John T. Gallagher of Francine R. Solomon, P.A., Wilmington, for appellant.\nRobert B. Coonin (argued), and Gerald Z. Berkowitz of Berkowitz, Schagrin, Coonin & Cooper, Wilmington, for appellee.\nBefore VEASEY, C.J., MOORE, and HOLLAND, JJ."
  },
  "file_name": "0888-01",
  "first_page_order": 962,
  "last_page_order": 966
}
