{
  "id": 9286224,
  "name": "Joseph P. LYDON v. SPRINKLER SERVICES et al.",
  "name_abbreviation": "Lydon v. Sprinkler Services",
  "decision_date": "2004-02-12",
  "docket_number": "",
  "first_page": "793",
  "last_page": "801",
  "citations": [
    {
      "type": "official",
      "cite": "841 A.2d 793"
    },
    {
      "type": "parallel",
      "cite": "2004 ME 16"
    }
  ],
  "court": {
    "name_abbreviation": "Me.",
    "id": 9543,
    "name": "Maine Supreme Judicial Court"
  },
  "jurisdiction": {
    "id": 42,
    "name_long": "Maine",
    "name": "Me."
  },
  "cites_to": [
    {
      "cite": "1997 ME 205",
      "category": "reporters:neutral",
      "reporter": "ME",
      "case_ids": [
        11872057
      ],
      "weight": 2,
      "pin_cites": [
        {
          "page": "\u00b6 6"
        },
        {
          "page": "322"
        }
      ],
      "opinion_index": 0,
      "case_paths": [
        "/a2d/704/0320-01"
      ]
    },
    {
      "cite": "675 A.2d 110",
      "category": "reporters:state_regional",
      "reporter": "A.2d",
      "case_ids": [
        7859556
      ],
      "pin_cites": [
        {
          "page": "111"
        }
      ],
      "opinion_index": 0,
      "case_paths": [
        "/a2d/675/0110-01"
      ]
    },
    {
      "cite": "651 A.2d 358",
      "category": "reporters:state_regional",
      "reporter": "A.2d",
      "case_ids": [
        12256246
      ],
      "pin_cites": [
        {
          "page": "360"
        }
      ],
      "opinion_index": 0,
      "case_paths": [
        "/a2d/651/0358-01"
      ]
    },
    {
      "cite": "2001 ME 103",
      "category": "reporters:neutral",
      "reporter": "ME",
      "case_ids": [
        11088086
      ],
      "weight": 6,
      "pin_cites": [
        {
          "page": "\u00b6 18"
        },
        {
          "page": "363"
        }
      ],
      "opinion_index": 0,
      "case_paths": [
        "/a2d/774/0358-01"
      ]
    },
    {
      "cite": "638 A.2d 67",
      "category": "reporters:state_regional",
      "reporter": "A.2d",
      "case_ids": [
        7354104
      ],
      "pin_cites": [
        {
          "page": "70"
        }
      ],
      "opinion_index": 1,
      "case_paths": [
        "/a2d/638/0067-01"
      ]
    },
    {
      "cite": "2003 ME 12",
      "category": "reporters:neutral",
      "reporter": "ME",
      "case_ids": [
        9358148
      ],
      "weight": 4,
      "pin_cites": [
        {
          "page": "\u00b6 15"
        },
        {
          "page": "1046"
        },
        {
          "page": "\u00b6 15"
        },
        {
          "page": "1046",
          "parenthetical": "internal quotations omitted"
        }
      ],
      "opinion_index": 1,
      "case_paths": [
        "/a2d/818/1039-01"
      ]
    },
    {
      "cite": "651 A.2d 358",
      "category": "reporters:state_regional",
      "reporter": "A.2d",
      "case_ids": [
        12256246
      ],
      "pin_cites": [
        {
          "page": "360"
        }
      ],
      "opinion_index": 1,
      "case_paths": [
        "/a2d/651/0358-01"
      ]
    },
    {
      "cite": "2001 ME 103",
      "category": "reporters:neutral",
      "reporter": "ME",
      "case_ids": [
        11088086
      ],
      "weight": 7,
      "pin_cites": [
        {
          "page": "\u00b6\u00b6 12-14"
        },
        {
          "page": "361-62"
        },
        {
          "page": "361-62",
          "parenthetical": "footnotes omitted"
        },
        {
          "page": "361"
        },
        {
          "page": "\u00b6 12"
        },
        {
          "page": "361"
        }
      ],
      "opinion_index": 1,
      "case_paths": [
        "/a2d/774/0358-01"
      ]
    }
  ],
  "analysis": {
    "cardinality": 996,
    "char_count": 26474,
    "ocr_confidence": 0.689,
    "pagerank": {
      "raw": 2.0784654869747594e-07,
      "percentile": 0.7587311074892783
    },
    "sha256": "6db10beaffbfc8d390cadfe6f05cde994858b0e7e7a9a46a4417972b2b807026",
    "simhash": "1:2ca113fa6c07e3e5",
    "word_count": 4315
  },
  "last_updated": "2024-02-27T18:05:36.215839+00:00",
  "provenance": {
    "date_added": "2019-08-29",
    "source": "Harvard",
    "batch": "2018"
  },
  "casebody": {
    "judges": [
      "Panel: SAUFLEY, C.J., and CLIFFORD, RUDMAN, DANA, ALEXANDER, CALKINS, and LEVY, JJ."
    ],
    "parties": [
      "Joseph P. LYDON v. SPRINKLER SERVICES et al."
    ],
    "opinions": [
      {
        "text": "Majority: SAUFLEY, C.J., and RUDMAN, DANA, ALEXANDER, and CALKINS, JJ.\nDissent: CLIFFORD and LEVY, JJ.\nSAUFLEY, C.J.\n[\u00b6 1] We are called upon to determine whether a physician may be appointed to serve as an independent medical examiner in a workers\u2019 compensation proceeding, pursuant to 39-A M.R.S.A. \u00a7 312 (2001), if that physician has performed examinations of other employees at the request of an employer, insurer, or employee, pursuant to 39-A M.R.S.A. \u00a7 207 (2001 & Supp. 2003). In the matter before us, a hearing officer of the Workers\u2019 Compensation Board (.McCurry, HO), denied Joseph Ly-don\u2019s petition for award and did so in reliance on the opinion of an independent medical examiner who had conducted examinations of other employees pursuant to 39-A M.R.S.A. \u00a7 207 within fifty-two weeks prior to examining Lydon. See 39-A M.R.S.A. \u00a7 312(2). We conclude that the physician was ineligible to serve as an independent medical examiner and vacate the decision.\nI. BACKGROUND\n[\u00b6 2] In August 2001, Lydon filed petitions for award and to fix medical payment for an alleged work-related back injury on April 7, 1999, during his employment with Sprinkler Services. Lydon did not need medical care immediately after the alleged injury, but experienced problems in early May and underwent back surgery on May 27,1999, to remove a synovial cyst.\n[\u00b6 3] The parties\u2019 experts disagreed as to whether the cyst or the aggravation of Lydon\u2019s back injury were work related. As a result of this dispute, Sprinkler Services sought the appointment of an independent medical examiner (IME) pursuant to 39-A M.R.S.A. \u00a7 312. When the parties could not agree on an IME, the hearing officer appointed an IME to examine Lydon. See 39-A M.R.S.A. \u00a7 312(3) (2001).\n[If 4] Lydon objected to the physician appointed as the IME, alleging that the doctor had performed a number of section 207 examinations on behalf of employers in the preceding fifty-two weeks and was therefore not sufficiently independent. In response to this objection, the hearing officer granted Lydon\u2019s request to serve the IME with interrogatories requesting information concerning the number of section 207 examinations the doctor performed in the preceding fifty-two weeks, \u201cwho he did them for and the amount of money that he was paid.\u201d\n[\u00b6 5] The IME declined to respond to the interrogatories, was not forthcoming during his subsequent deposition, and refused to answer most of the questions concerning the sources of his professional income that were related to workers\u2019 compensation. He did, however, give limited answers at the hearing, estimating that 20% of his practice is devoted to performing medical examinations for legal purposes, which included both section 207 examinations and section 312 examinations, and which accounted for approximately 10% of his income (with no indication of the amount of his income). He declined to give an approximation of the proportion of the examinations devoted to section 207 examinations as opposed to section 312 examinations. He declined to give even minimal information concerning how much money he earned in the preceding year for performing section 207 examinations at an employer\u2019s request.\n[\u00b6 6] Notwithstanding the doctor\u2019s testimony that he had performed numerous section 207 examinations within the past year, and notwithstanding his refusal to provide information necessary to a separate assessment of his possible conflicts of interest, the hearing officer ultimately relied on the IME\u2019s opinion in denying Ly-don\u2019s petition. In so doing, the hearing officer concluded in essence that neither the workers\u2019 compensation statutes nor the Workers\u2019 Compensation Board Rules automatically preclude a doctor who has performed any section 207 examinations within the preceding year from acting as an IME.\n[\u00b6 7] The hearing officer denied Lydon\u2019s motion for findings of fact and conclusions of law, and we granted his petition for appellate review.\nII. DISCUSSION\n[\u00b6 8] Independent Medical Examiners are governed by 39-A M.R.S.A. \u00a7 312. IMEs must be \u201cthe most qualified and ... highly experienced and competent in their specific fields of expertise.\u201d Id. \u00a7 312(1). When opposing parties agree on the selection of the IME, the IME\u2019s opinion is binding. Id. \u00a7 312(7). When the parties cannot agree, the Board may appoint an IME and is then required to adopt the IME\u2019s findings in the absence of clear and convincing evidence to the contrary. Id. \u00a7 312(3), (7).\n[\u00b6 9] A primary purpose of the IME system is to prevent \u201cdoctor shopping\u201d and to reduce litigation. As one legislator remarked:\n[T]he new law clearly does establish the IME and does establish the criteria for the IME so that it may not be rebutted other than by clear and convincing evidence. That is a higher standard, it does away with doctor shopping, there would be much more doctor shopping under the old law, there would be much more running to different experts and having a contentious type of situation where the insurers hire experts and the employee hires experts. The whole process is attempting to change this method of doing business.\n7 Legis. Rec. H-61 (3rd Spec.Sess.1992) (Statement of Rep. Hastings). We have noted the importance of the integrity of the IMEs in other opinions. \u201cBecause of the significance of the IME\u2019s role, independence, integrity, and absence of conflict of interest are important.\u201d Laskey v. S.D. Warren Co., 2001 ME 103, \u00b6 18, 774 A.2d 358, 363.\n[\u00b6 10] In order to assure the independence of independent medical examiners, the Legislature has restricted those who may serve in that capacity. See 39-A M.R.S.A. \u00a7 312(2) (2001). There are three primary restrictions. First, the employee\u2019s \u201ctreating health care provider\u201d may not act as an IME in that employee\u2019s case. Id. Second, the doctor \u201cmay not have treated the employee with respect to the injury for which the claim is being made.\u201d Id. And third, \u201c[a] physician who has examined an employee ... in accordance with section 207 during the previous 52 weeks\u201d may not serve as an IME. Id.\n[\u00b6 11] The question before us is whether the third restriction applies only to a section 207 examination of the employee whose case is at issue or applies to a section 207 examination of any employee. The analysis centers on the word \u201can\u201d in the last sentence of section 312(2), specifically: \u201cA physician who has examined an employee at the request of an insurance company, employer or employee in accordance with section 207 during the previous 52 weeks is not eligible to serve as an independent medical examiner.\u201d Id. \u00a7 312(2) (emphasis added). Lydon argues that \u201can employee\u201d means \u201cany \u201d employee, but Sprinkler urges us to conclude that the term \u201can employee,\u201d in this context, must be read to refer to the specific employee whose case is at issue. If, as Ly-don argues, a physician is ineligible for appointment as an IME if he or she has performed any section 207 examinations within the preceding year, then the physician in the matter before us was not eligible and the hearing officer\u2019s reliance on his opinion was in error.\n[\u00b6 12] We must begin our analysis by addressing the plain language of the statute. See Jordan v. Sears, Roebuck & Co., 651 A.2d 358, 360 (Me.1994). Although Sprinkler argues that it has been a common practice for doctors who perform section 207 examinations to serve regularly as IMEs, we cannot defer to the practice in the field. In this highly regulated area, the Legislature\u2019s language and intent must control. We conclude that the distinct uses of the definite and indefinite articles make the Legislature\u2019s intent clear. A review of the three restrictions discloses the explicitly different treatment. The independent medical examiner in a case\n(1) \u201cmay not be the employee\u2019s treating health care provider,\u201d\n(2) \u201cmay not have treated the employee with respect to the injury\u201d at issue, and\n(3) may not be a physician who has examined \u201can employee ... in accordance with section 207 during the previous 52 weeks.\u201d\n39-A M.R.S.A. \u00a7 312(2) (emphasis added).\n[\u00b6 13] The definite article \u201cthe (as opposed to a, an) refers to: ... a particular person, thing, or group.\u201d WEBSTER\u2019S NEW WORLD COMPACT DESK DICTIONARY AND STYLE GUIDE 499 (2d ed.2002). The word \u201can,\u201d on the other hand, when used as an indefinite article, refers to \u201ceach; any one.\u201d Id. at 17. In this context, because \u201cthe employee\u201d certainly refers to the specific employee whose case is at issue, the evident change from the definite article to the use of the indefinite article \u201can employee\u201d in the final prohibition must reflect a legislative intent to refer not to the employee at issue, but to \u201cany\u201d employee. In other words, by its plain language, the Legislature has decreed that any physician who has examined any employee pursuant to section 207 within the past year is ineligible to serve as an independent medical examiner.\n[\u00b6 14] We reach this conclusion notwithstanding the rule promulgated by the Workers\u2019 Compensation Board, in which the Board excludes from consideration as an IME those physicians who have \u201cexamined the employee ... in accordance with 39-A M.R.S.A. \u00a7 207\u201d rather than \u201can employee\u201d as excluded by the statute. Me. W.C.B. Rule, ch. 4 \u00a7 2(6)(B) (emphasis added). Through the use of the definite article, the Board rule appears to apply the section 207 exclusion only to those physicians who had examined the employee at issue.\n[\u00b6 15] Because the focus is on a single word \u2014 \u201cthe\u201d rather than \u201can\u201d \u2014 it is possible that the language contained in the Board\u2019s rule represents a scrivener\u2019s error or typographical error. To the extent that it was intended as a substantive change, however, it contradicts the language of the statute and therefore exceeds the authority of the Board. See Beaulieu v. Me. Med. Ctr., 675 A.2d 110, 111 (Me.1996) (invalidating Board rule precluding retroactive application of statute governing inclusion of fringe benefits in average weekly wage when rule was inconsistent with the statute).\n[\u00b6 16] Finally, because we have concluded that the physician was ineligible to serve as an IME, we need not reach Ly-don\u2019s argument that the hearing officer erred in relying on the physician\u2019s opinion given the physician\u2019s substantial failure to provide the hearing officer and the parties with relevant information relating to a potential conflict of interest.\nThe entry is:\nThe decision of the hearing officer of the Workers\u2019 Compensation Board is vacated. Remanded to the Workers\u2019 Compensation Board for further proceedings consistent with this opinion.\n. The record contains a report prepared by the Board, suggesting that the IME had performed 115 section 207 examinations in 2001, which was the second highest number of section 207 examinations performed by IMEs for that year.\n. Although the hearing officer expressed frustration with the recalcitrance of the IME and his uncooperative responses at the hearing, he concluded that he was required to rely on the physician\u2019s opinion.\n. The IME system was initially enacted in 1991 as part of former title 39 and has been carried forward into title 39-A. P.L.1991, ch. 615, \u00a7 D-19, codified at 39 M.R.S.A. \u00a7 92-A, renumbered by Revisor\u2019s Report 1991 \u00a7\u00a7 59, 60, codified at 39-A M.R.S.A. \u00a7 92-B, repealed and replaced by P.L.1991, ch. 885, \u00a7\u00a7 A-7, A-8, codified at 39-A M.R.S.A. \u00a7 312. The legislative history of the former statute reflects a similar legislative policy to prevent \"doctor shopping\u201d and to insure the appointment of IMEs who are free of conflicts of interest. 5 Legis. Rec. H-39 (1st Spec.Sess.1991) (commenting on House Amend. A to L.D.1981, No. H-768) (115th Legis.1991). See also 5 Legis. Rec. S-67 (1st Spec.Sess.1991) (discussing Sen. Amend. A to House Amend. A to L.D.1981, Nos. S-477, H-768 (115th Leg-is.1991)).\n. In its entirety, subsection 2 reads as follows:\n2. Duties. An independent medical examiner shall render medical findings on the medical condition of an employee and related issues as specified under this section. The independent medical examiner in a case may not be the employee\u2019s treating health care provider and may not have treated the employee with respect to the injury for which the claim is being made or the benefits are being paid. Nothing in this subsection precludes the selection of a provider authorized to receive reimbursement under section 206 to serve in the capacity of an independent medical examiner. A physician who has examined an employee at the request of an insurance company, employer or employee in accordance with section 207 during the previous 52 weeks is not eligible to serve as an independent medical examiner.\n39-A M.R.S.A. \u00a7 312(2) (2001) (emphasis added).\n. Specifically, Workers\u2019 Compensation Board Rule ch. 4, \u00a7 2(6) provides:\n6. Disqualification and Disclosure in Individual Cases.\nA. The independent medical examiner in a case may not be the employee\u2019s treating health care provider and may not have treated the employee with respect to the injury for which the claim is being made or benefits are being paid.\nB. A physician who has examined the employee at the request of an insurance company, employer, or employee in accordance with 39-A M.R.S.A. \u00a7 207 during the previous 52 weeks is not eligible to serve as the independent medical examiner.\nC. The independent medical examiner must disclose potential conflicts of interest that may result from a relationship(s) with industry, insurance companies, and labor groups. A potential conflict of interest exists when the examiner, or someone in their immediate family, receives something of value from one of these groups in the form of an equity position, royalties, consultantship, funding by a research grant, or payment for some other service. If the independent medical examiner performs equivalent examinations as an employee of another organization, potential conflicts of interest may arise from that organization\u2019s contracts with industry, insurance companies, and labor groups. The Executive Director or the Executive Director\u2019s designee shall determine whether any conflict of interest is sufficiently material as to require disqualification in the event of initial disclosure. In the event an undisclosed conflict of interest is revealed during the hearing process, the hearing officer may disqualify the independent medical examiner and order a new examiner which shall be assigned in accordance to this rule.\nMe. W.C.B. Rule, ch. 4, \u00a7 2(6) (emphasis added) (as amended effective November 1, 2001). Section 152(2) provides authority to the Board to \"adopt rules to accomplish the purposes of [the] Act,\u201d including rules that \"define terms, prescribe forms and make suitable orders of procedure to ensure the speedy, efficient, just and inexpensive disposition of all proceedings under [the] Act.\u201d 39-A M.R.S.A. \u00a7 152(2) (2001). Section 312(1) provides, in pertinent part, that the Board \u201cshall ... adopt any rules considered necessary to effectuate the purposes of this section.\u201d 39-A M.R.S.A. \u00a7 312(1).\n. The Board rules were amended in November 2001, while the proceeding was pending before the Board. See Me. W.C.B. Rule, ch. 4, \u00a7 2(6) (1996) (amended effective November 1, 2001). Although, arguably, the language of the former rule applies to this case, see Weeks v. Allen & Coles Moving Sys., 1997 ME 205, \u00b6 6, 704 A.2d 320, 322, the amendment concerns Board procedure and does not materially affect the issue in this appeal, and the parties have not asserted that the former rule should apply.",
        "type": "majority",
        "author": "SAUFLEY, C.J."
      },
      {
        "text": "CLIFFORD, J\u201e\nwith whom LEVY, J., joins concurring in part and dissenting in part.\n[\u00b6 17] I concur in the Court\u2019s conclusion that the decision of the hearing officer must be vacated, but I disagree that Me. W.C.B. Rule, ch. 4, \u00a7 2(6)(B) violates 39-A M.R.S.A. \u00a7 312(2) (2001). I would vacate the decision because, in my view, the hearing officer should not have relied on the opinion of the independent medical examiner to deny Joseph Lydon\u2019s petition for award.\nI. CONSTRUING THE STATUTE\n[\u00b6 18] Disqualification of an independent medical examiner is covered by Me. W.C.B. Rule, ch. 4, \u00a7 2(6), which provides in pertinent part:\n6. Disqualification and Disclosure in Individual Cases.\nA. The independent medical examiner in a case may not be the employee\u2019s treating health care provider and may not have treated the employee with respect to the injury for which the claim is being made or benefits are being paid.\nB. A physician who has examined the employee at the request of an insurance company, employer, or employee in accordance with 39-A M.R.S.A. \u00a7 207 during the previous 52 weeks is not eligible to serve as the independent medical examiner.\n[\u00b6 19] The Court concludes that section 2(6)(B) of chapter 4 violates 39-A M.R.S.A. \u00a7 312(2). The Court reads section 312(2) as unambiguously precluding for eligibility to serve as an IME a physician who, during the previous year, has examined any employee in accordance with section 207 of title 39-A. I disagree.\n[\u00b6 20] In my view, the language of section 312(2) is not free of ambiguity and is susceptible of more than one interpretation. See Competitive Energy Servs., LLC v. Pub. Utils. Comm\u2019n, 2003 ME 12, \u00b6 15, 818 A.2d 1039, 1046 (statute ambiguous if language is reasonably susceptible of different interpretations). The \u201can employee\u201d language in section 312 can be construed as referring to the specific employee whose case is before the Board, or to any employee. I would agree with the Court that the rule would violate section 312 if, in section 312(2), the Legislature had chosen to use the language \u201cany employee,\u201d as opposed to \u201can employee.\u201d\n[\u00b6 21] In promulgating chapter 4, section 2(6) of its rules, the Workers\u2019 Compensation Board construed section 312(2) as disqualifying a physician from eligibility as an independent medical examin\u00e9r only if the physician treated or examined the employee whose case was before the Board. We defer to the Board\u2019s construction of the Workers\u2019 Compensation Act \u201cunless the statute plainly compels a different result.\u201d Jordan v. Sears, Roebuck & Co., 651 A.2d 358, 360 (Me.1994) (internal quotations omitted). This rule is in keeping with the general rule that the construction of a statute by the administrative agency over which it has jurisdiction is entitled to great deference and will be upheld \u201cunless the statute plainly compels a contrary result.\u201d Competitive Energy Servs., 2003 ME 12, \u00b6 15, 818 A.2d at 1046 (internal quotations omitted); Wood v. Superintendent of Ins., 638 A.2d 67, 70 (Me.1994) (internal quotations omitted).\n'[\u00b6 22] Moreover, assuming arguendo, that the statut\u00e9 had to be interpreted contrary to the interpretation given to it by the Board, the result would limit the number of physicians who possess the qualifications to testify about workplace injuries, who would be eligible to qualify as IMEs. Maine is not a large state, and does not have an unlimited number of available physicians. The Board\u2019s construction, in promulgating the rule, avoids such a limiting result.\nII. DISQUALIFYING THE IME PHYSICIAN\n[\u00b6 23] Although I would defer to the Board\u2019s rulemaMng authority, I would conclude that, in the present case, the hearing officer acted beyond his discretion in accepting and relying on the testimony of the physician who was designated as the IME, given the doctor\u2019s steadfast refusal to answer reasonable and pertinent questions concerning his ties to industry.\n[\u00b6 24] The Board rules provide guidance as to what factors may be relevant to the disqualification issue:\nThe independent medical examiner must disclose potential conflicts of interest that may result from a relationship(s) with industry, insurance companies, and labor groups. A potential conflict of interest exists when the examiner, or someone in their immediate family, receives something of value from one of these groups in the form of an equity position, royalties, consultant-ship, funding by a research grant, or payment for some other service. If the independent medical examiner performs equivalent examinations as an employee of another organization, potential conflicts of interest may arise from that organization\u2019s contracts with industry, insurance companies, and labor groups.\nMe. W.C.B. Rule, ch. 4, \u00a7 2(6)(C).\n[\u00b6 25] We have previously upheld a hearing officer\u2019s disqualification of an IME for excessive ties to industry. In Laskey v. S.D. Warren Co., 2001 ME 103, \u00b6\u00b6 12-14, 774 A.2d 358, 361-62, the hearing officer disqualified an IME on the basis of evidence of bias that came out during the hearing. The record in Laskey suggested that the IME had conducted numerous non-IME examinations.\n[The IME] at his deposition indicated that: (i) in the fifty-two weeks prior to the examination of Laskey, [the IME] performed, on average, between ten and twelve medical examinations per week; (ii) between 90% and 95% were section 207 examinations; and (iii) 95% of those examinations were for \u201cinsurance companies, employers or defense counsel.\u201d [The IME] testified that he charges $850 per examination, on average, and earns roughly $240,000 per year from medical exams. In addition, [the IME] testified that he earns roughly $90,000 per year treating employees and patients as medical director of the occupational health clinic at Goodall Hospital in Sanford. [The IME] also testified that he has acted as a consultant to five significant southern Maine employers.\nId. \u00b6 13, 774 A.2d at 361-62 (footnotes omitted). We noted: \u201cTaking [the IME\u2019s] testimony, estimating an average of ten to twelve medical exams a week, at his stated average fee of $850 per examination, would calculate to in excess of $400,000 per year from medical examinations.\u201d Id. \u00b6 13 n. 5, 774 A.2d at 361.\n[\u00b6 26] In order to determine an IME\u2019s potential bias, the hearing officer should, at a minimum, have information concerning (1) how many section 207 examinations were performed by the IME in the preceding fifty-two weeks and on whose behalf; (2) how much money was received in the performance of those examinations; (3) how much of the doctor\u2019s total income is related to these examinations; and (4) whether and how often the doctor has performed IMEs for the particular employer or employee or insurer or law firms involved in the present case. Other areas of inquiry could include (1) whether a member of the IME\u2019s immediate family has substantial ties to industry that may reflect bias; (2) the number of examinations an IME may have performed outside the workers\u2019 compensation context and for whom; (3) whether the IME has received \u201csomething of value\u201d from \u201cindustry, insurance companies, and labor groups\u201d \u201cin the form of an equity position, royalties, consultantship, funding by a research grant, or payment for some other service;\u201d or (4) whether the IME \u201cperforms equivalent examinations as an employee of another organization,\u201d and the extent of \u201cthat organization\u2019s contracts with industry, insurance companies, and labor groups.\u201d Me. W.C.B. Rule, ch. 4, \u00a7 2(6)(C).\n[\u00b627] It is apparent from the record that the IME in this case made a deliberate choice not to answer specific questions concerning his ties to industry. A hearing officer cannot perform the essential function of determining IME bias if the IME refuses to cooperate with a reasonable inquiry into his or her ties to industry or labor. Because of the importance of the IME to workers\u2019 compensation practice, I would conclude that the refusal of the physician to cooperate, together with his professions of ignorance concerning basic financial and business matters, create the appearance of bias and were grounds for his disqualification without the necessity of obtaining further evidence.\n. The Act frequently uses the phrase \u201can employee\u201d in a way that can be construed as referring to a specific employee and not \u201cany employee.\u201d For example, the basic entitlement provision of 39-A M.R.S.A. \u00a7 201 (2001) provides: \"If an employee ... receives a personal injury arising out of and in the course of employment ... the employee must be paid compensation and furnished medical and other services ....\u201d 39-A M.R.S.A. \u00a7 201(1) (emphasis added); see also 39-A M.R.S.A. \u00a7 201(6) (stating that \"[i]f an employee suffers a work-related injury ... the employee\u2019s rights and benefits ... must be determined by the law in effect at the time of the prior injury\u201d) (emphasis added). The section 202 \"intoxication defense\" applies to \"an employee when it is proved that the injury or death was occasioned by the employee's willful intention to bring about the injury or death of the employee or of another.\u201d 39-A M.R.S.A. \u00a7 202 (2001) (emphasis added). Section 206 also uses \"an employee\u201d and \"the employee\u201d in a similar manner. 39-A M.R.S.A. \u00a7\u00a7 206, 312(2) (2001 & Supp.2003).. Section 207, which provides for medical examinations for purposes of litigation, applies to \u201c/q/n- employee being treated by a health care provider of the employee\u2019s own choice.\u201d 39-A M.R.S.A. \u00a7 207 (Supp.2003) (emphasis added). There are numerous other instances in the Act where the term \"an employee\u201d can reasonably be understood to mean a specific employee, including section 312(2).\n. The doctor in Laskey took a similar approach. As we stated in that case:\nPrior to the deposition, [the employee] posed several questions through interrogatories seeking information regarding [the IME\u2019s] industry ties and examinations in workers' compensation proceedings in the preceding fifty-two weeks. |The IME] refused to answer the interrogatories, stating at his deposition that the interrogatories were: \"a waste of my time, and I have more important things to do with my time than that, and so does my staff.\u201d\n2001 ME 103, \u00b6 12, 774 A.2d at 361.\n. The hearing officer appears also to have had concerns about the IME\u2019s refusal to provide information, but suggested that the employee waived his ability to challenge the doctor based on bias, because the employee \"continued with his deposition.\u201d We agree with Lydon that Lydon\u2019s failure to discontinue the deposition should not be considered a waiver of his objection to the IME on the basis of bias.",
        "type": "concurring-in-part-and-dissenting-in-part",
        "author": "CLIFFORD, J\u201e"
      }
    ],
    "attorneys": [
      "James J. MacAdam, Esq. (orally), MacAdam Law Offices, P.A., Portland, for employee.",
      "Robert W. Bower Jr., Esq. (orally), Norman, Hanson & DeTroy, LLC, Portland, for employer."
    ],
    "corrections": "",
    "head_matter": "2004 ME 16\nJoseph P. LYDON v. SPRINKLER SERVICES et al.\nSupreme Judicial Court of Maine.\nArgued: March 12, 2003.\nDecided: Feb. 12, 2004.\nJames J. MacAdam, Esq. (orally), MacAdam Law Offices, P.A., Portland, for employee.\nRobert W. Bower Jr., Esq. (orally), Norman, Hanson & DeTroy, LLC, Portland, for employer.\nPanel: SAUFLEY, C.J., and CLIFFORD, RUDMAN, DANA, ALEXANDER, CALKINS, and LEVY, JJ."
  },
  "file_name": "0793-01",
  "first_page_order": 851,
  "last_page_order": 859
}
