{
  "id": 9286299,
  "name": "STATE of Maine v. Robert ALLEY",
  "name_abbreviation": "State v. Alley",
  "decision_date": "2004-01-20",
  "docket_number": "",
  "first_page": "803",
  "last_page": "812",
  "citations": [
    {
      "type": "official",
      "cite": "841 A.2d 803"
    },
    {
      "type": "parallel",
      "cite": "2004 ME 10"
    }
  ],
  "court": {
    "name_abbreviation": "Me.",
    "id": 9543,
    "name": "Maine Supreme Judicial Court"
  },
  "jurisdiction": {
    "id": 42,
    "name_long": "Maine",
    "name": "Me."
  },
  "cites_to": [
    {
      "cite": "591 A.2d 1306",
      "category": "reporters:state_regional",
      "reporter": "A.2d",
      "case_ids": [
        7382652
      ],
      "opinion_index": 0,
      "case_paths": [
        "/a2d/591/1306-01"
      ]
    },
    {
      "cite": "623 A.2d 1277",
      "category": "reporters:state_regional",
      "reporter": "A.2d",
      "case_ids": [
        7372879
      ],
      "pin_cites": [
        {
          "page": "1280-81"
        }
      ],
      "opinion_index": 0,
      "case_paths": [
        "/a2d/623/1277-01"
      ]
    },
    {
      "cite": "604 A.2d 20",
      "category": "reporters:state_regional",
      "reporter": "A.2d",
      "case_ids": [
        7935201
      ],
      "pin_cites": [
        {
          "page": "23"
        }
      ],
      "opinion_index": 0,
      "case_paths": [
        "/a2d/604/0020-01"
      ]
    },
    {
      "cite": "637 A.2d 452",
      "category": "reporters:state_regional",
      "reporter": "A.2d",
      "case_ids": [
        7356907
      ],
      "pin_cites": [
        {
          "page": "454-55"
        }
      ],
      "opinion_index": 0,
      "case_paths": [
        "/a2d/637/0452-01"
      ]
    },
    {
      "cite": "2003 ME 47",
      "category": "reporters:neutral",
      "reporter": "ME",
      "case_ids": [
        9310892
      ],
      "weight": 2,
      "pin_cites": [
        {
          "page": "\u00b6 24"
        },
        {
          "page": "578"
        }
      ],
      "opinion_index": 0,
      "case_paths": [
        "/a2d/820/0571-01"
      ]
    },
    {
      "cite": "678 A.2d 1304",
      "category": "reporters:state_regional",
      "reporter": "A.2d",
      "pin_cites": [
        {
          "page": "1310"
        }
      ],
      "opinion_index": 0
    },
    {
      "cite": "52 P.3d 52",
      "category": "reporters:state_regional",
      "reporter": "P.3d",
      "weight": 3,
      "year": 2002,
      "pin_cites": [
        {
          "page": "62, 63"
        },
        {
          "page": "64",
          "parenthetical": "\"[DJefendant [was not] misled into a false sense of security. He knew he was the prime suspect, and the police said nothing to suggest he was permanently immune from further questioning.... [Defendant acknowledged [the officer's] warning that the matter was not concluded.\""
        },
        {
          "page": "64"
        }
      ],
      "opinion_index": 0
    },
    {
      "cite": "124 Cal.Rptr.2d 110",
      "category": "reporters:state",
      "reporter": "Cal. Rptr. 2d",
      "weight": 3,
      "year": 2002,
      "opinion_index": 0
    },
    {
      "cite": "28 Cal.4th 1007",
      "category": "reporters:state",
      "reporter": "Cal. 4th",
      "case_ids": [
        947667
      ],
      "year": 2002,
      "opinion_index": 0,
      "case_paths": [
        "/cal-4th/28/1007-01"
      ]
    },
    {
      "cite": "145 F.3d 1140",
      "category": "reporters:federal",
      "reporter": "F.3d",
      "case_ids": [
        1344515
      ],
      "pin_cites": [
        {
          "page": "1150"
        }
      ],
      "opinion_index": 0,
      "case_paths": [
        "/f3d/145/1140-01"
      ]
    },
    {
      "cite": "854 F.2d 394",
      "category": "reporters:federal",
      "reporter": "F.2d",
      "case_ids": [
        10529974
      ],
      "pin_cites": [
        {
          "page": "397"
        }
      ],
      "opinion_index": 0,
      "case_paths": [
        "/f2d/854/0394-01"
      ]
    },
    {
      "cite": "140 Md.App. 540",
      "category": "reporters:state",
      "reporter": "Md. App.",
      "case_ids": [
        670603
      ],
      "weight": 2,
      "pin_cites": [
        {
          "page": "941-42"
        }
      ],
      "opinion_index": 0,
      "case_paths": [
        "/md-app/140/0540-01"
      ]
    },
    {
      "cite": "451 U.S. 477",
      "category": "reporters:federal",
      "reporter": "U.S.",
      "case_ids": [
        6187603
      ],
      "weight": 3,
      "year": 1981,
      "pin_cites": [
        {
          "page": "485"
        }
      ],
      "opinion_index": 0,
      "case_paths": [
        "/us/451/0477-01"
      ]
    },
    {
      "cite": "384 U.S. 436",
      "category": "reporters:federal",
      "reporter": "U.S.",
      "case_ids": [
        12046400
      ],
      "weight": 3,
      "year": 1966,
      "pin_cites": [
        {
          "page": "474"
        }
      ],
      "opinion_index": 0,
      "case_paths": [
        "/us/384/0436-01"
      ]
    },
    {
      "cite": "1997 ME 228",
      "category": "reporters:neutral",
      "reporter": "ME",
      "case_ids": [
        11872756
      ],
      "weight": 2,
      "pin_cites": [
        {
          "page": "\u00b6 10"
        },
        {
          "page": "364"
        }
      ],
      "opinion_index": 0,
      "case_paths": [
        "/a2d/704/0361-01"
      ]
    },
    {
      "cite": "2002 ME 125",
      "category": "reporters:neutral",
      "reporter": "ME",
      "case_ids": [
        9405920
      ],
      "weight": 2,
      "pin_cites": [
        {
          "page": "\u00b6 13"
        },
        {
          "page": "994"
        }
      ],
      "opinion_index": 0,
      "case_paths": [
        "/a2d/802/0991-01"
      ]
    },
    {
      "cite": "412 U.S. 291",
      "category": "reporters:federal",
      "reporter": "U.S.",
      "case_ids": [
        6172131
      ],
      "weight": 3,
      "year": 1973,
      "pin_cites": [
        {
          "page": "296",
          "parenthetical": "holding that the search and seizure of defendant's fingernail scrapings was constitutional because the defendant may have been trying to destroy the evidence while at the station"
        },
        {
          "parenthetical": "holding that the search and seizure of defendant's fingernail scrapings was constitutional because the defendant may have been trying to destroy the evidence while at the station"
        },
        {
          "parenthetical": "holding that the search and seizure of defendant's fingernail scrapings was constitutional because the defendant may have been trying to destroy the evidence while at the station"
        }
      ],
      "opinion_index": 0,
      "case_paths": [
        "/us/412/0291-01"
      ]
    },
    {
      "cite": "496 U.S. 128",
      "category": "reporters:federal",
      "reporter": "U.S.",
      "case_ids": [
        12122066
      ],
      "weight": 3,
      "year": 1990,
      "pin_cites": [
        {
          "page": "136"
        }
      ],
      "opinion_index": 0,
      "case_paths": [
        "/us/496/0128-01"
      ]
    },
    {
      "cite": "1998 ME 161",
      "category": "reporters:neutral",
      "reporter": "ME",
      "case_ids": [
        11811543
      ],
      "weight": 2,
      "pin_cites": [
        {
          "page": "\u00b6 18"
        },
        {
          "page": "335"
        }
      ],
      "opinion_index": 0,
      "case_paths": [
        "/a2d/713/0331-01"
      ]
    },
    {
      "cite": "488 A.2d 481",
      "category": "reporters:state_regional",
      "reporter": "A.2d",
      "case_ids": [
        7953471
      ],
      "weight": 2,
      "pin_cites": [
        {
          "page": "483",
          "parenthetical": "holding that the boots that the defendant wore when he voluntarily went to the police station were lawfully seized pursuant to the plain view doctrine"
        }
      ],
      "opinion_index": 0,
      "case_paths": [
        "/a2d/488/0481-01"
      ]
    },
    {
      "cite": "2003 ME 103",
      "category": "reporters:neutral",
      "reporter": "ME",
      "case_ids": [
        9100352
      ],
      "weight": 4,
      "pin_cites": [
        {
          "page": "\u00b6 24"
        },
        {
          "page": "254"
        },
        {
          "page": "\u00b6 24"
        },
        {
          "page": "254",
          "parenthetical": "internal quotations omitted"
        }
      ],
      "opinion_index": 0,
      "case_paths": [
        "/a2d/829/0247-01"
      ]
    },
    {
      "cite": "2003 ME 108",
      "category": "reporters:neutral",
      "reporter": "ME",
      "case_ids": [
        9097547
      ],
      "weight": 2,
      "pin_cites": [
        {
          "page": "\u00b6 15"
        },
        {
          "page": "441"
        }
      ],
      "opinion_index": 0,
      "case_paths": [
        "/a2d/830/0433-01"
      ]
    }
  ],
  "analysis": {
    "cardinality": 1082,
    "char_count": 25209,
    "ocr_confidence": 0.666,
    "pagerank": {
      "raw": 1.5543825998189884e-07,
      "percentile": 0.6757548413054197
    },
    "sha256": "b674c73eb2d898f35ad4884a1574842ee496497655d3eb21f8e3af0359f5520c",
    "simhash": "1:6fd69094a3950c2c",
    "word_count": 4213
  },
  "last_updated": "2024-02-27T18:05:36.215839+00:00",
  "provenance": {
    "date_added": "2019-08-29",
    "source": "Harvard",
    "batch": "2018"
  },
  "casebody": {
    "judges": [
      "Panel: SAUFLEY, C.J., and RUDMAN, DANA, ALEXANDER, CALKINS, and LEVY, JJ."
    ],
    "parties": [
      "STATE of Maine v. Robert ALLEY."
    ],
    "opinions": [
      {
        "text": "LEVY, J.\n[\u00b6 1] Robert Alley appeals from a judgment of conviction entered in the Superior Court (Androscoggin County, Studstrup, J.) following a jury verdict finding him guilty of manslaughter (Class A) pursuant to 17-A M.R.S.A. \u00a7 203(1)(A) (Supp.2003). Alley contends that the court committed various errors, including: (1) denying his motion to suppress items seized without a warrant; (2) denying his motion to suppress statements he made to a detective during the investigation; and (3) allowing the State to cross-examine his expert witness after the State allegedly committed a discovery violation. We disagree and affirm the judgment.\nI. CASE HISTORY\n[\u00b62] At 8:06 A.M. on September 30, 2001, Robert Alley called 911 to report that his neighbor\u2019s dead body was on the floor of his apartment. When officers from the Auburn Police Department arrived at Alley\u2019s apartment, Alley was waiting outside wearing a sweatshirt and pants, both of which were bloodstained. The officers entered Alley\u2019s apartment and discovered the victim lying on his back oh the living room floor with blood on his face, hair, beard, and underneath his head. The victim died as a result of \u201cblunt injuries,\u201d i.e., he was beaten to death. After examining the victim\u2019s body, paramedic Richard Theriault asked Alley what had happened. Alley responded that he and the victim had been drinking a lot and playing chess the night before, that Alley went to bed, and then he awoke in the morning to find the victim dead on his floor.\n[\u00b6 3] Officer Stephen Gosselin asked Alley if he would voluntarily go to the Auburn Police Department for questioning and Alley agreed. While at the station, Alley was placed in a juvenile intake room and spoke with officers about the incident. Alley was not placed under arrest. After approximately two hours, Alley requested that he be allowed to leave and was told that he could not leave until he gave the police his clothes. Detective Lopez noticed some long gray hairs stuck on Alley\u2019s pant legs that he recognized to be similar to the victim\u2019s hair. Without a warrant, Lopez removed the hairs and placed them in evidence envelopes.\n[\u00b6 4] Alley requested to see his attorney, who was representing Alley in an unrelated matter, at the time he expressed his desire to leave the police station. Although Detective Lopez told Alley that the police would try to locate the attorney and would provide Alley with a phone book, the attorney was not located and Alley was not provided with a phone book or phone.\n[\u00b6 5] Alley told the officers he would bring them his clothing and footwear after he returned to his apartment. The police refused this offer, and instead Detective Lopez left the station at approximately 11:50 A.M. to purchase a change of clothing for Alley. Lopez returned at approximately 12:40 P.M. Alley changed into the new clothing and the police took possession of his bloodstained clothing.\n[\u00b6 6] Detectives Ferland and Fowler offered to give Alley a ride. They left the station at 2:35 P.M. and, at Alley\u2019s request, drove him first to a friend\u2019s residence, who was not at home, and then to Alley\u2019s sister\u2019s house, arriving at 3:15 P.M. Alley\u2019s sister was home and speaking on her phone at the time they arrived. The detectives did not ask Alley any questions during the drive due to Alley\u2019s earlier request to speak with his attorney. Alley did, however, tell the detectives that he had a court appearance the following morning on an unrelated matter and expected to see his attorney there. Later during the ride, Detective Ferland told Alley, \u201cat some point the detectives are going to want to sit down with you. They are going to want to hear your side of the story.\u201d\n[\u00b6 7] At approximately 8:30 that evening, Detectives Ferland and Fowler returned to the friend\u2019s house, assuming that Alley might be there, with the intention of questioning Alley further. They knocked on the door and were invited in by Alley\u2019s friend and a woman believed to be the friend\u2019s wife. Alley was present and he agreed to speak with Detective Ferland, who told Alley immediately that he was not under arrest. Ferland, for the first time, read Alley the Miranda warnings and obtained what he believed was an effective waiver of those rights.\n[\u00b6 8] Alley told Detective Ferland that he drank and smoked marijuana with two friends the night of September 29, 2001; after his friends left, he drank and played chess with his upstairs neighbor, and then he blacked out. He stated that when he awoke the next morning, he discovered his upstairs neighbor\u2019s body on the floor, tried to wake him up, and discovered he was dead. Alley also told Ferland that he wiped the victim\u2019s face with a towel, threw the towel in either the sink or trash, and threw a hard object into the bushes outside his apartment. Alley said that he picked up the hard object from the floor, could not see what it was because he was not wearing his glasses, and did not even know why he picked it up. At that point he called 911.\n[\u00b6 9] Alley was indicted on October 12, 2001, for intentional or knowing, or depraved indifference, murder in violation of 17-A M.R.S.A. \u00a7 201(1)(A) & (B) (Supp. 2003) and was arrested that day. Alley filed several pretrial motions, including motions to suppress evidence of his clothing and the hairs found on his clothing, and to suppress evidence of his oral statements made on September 30, 2001. The court denied all motions, with the exception of granting in part the motion to suppress as to any statements Alley made at the police station following his request for counsel.\n[\u00b6 10] Prior to trial, the State instructed its expert bloodstain witness, Herbert Leighton, to contact Alley\u2019s expert bloodstain witness, Ross Gardner, to inquire about the testing Gardner conducted on the victim\u2019s shirt and the results of those tests. Gardner told Leighton about the tests he performed and his conclusions.\n[\u00b6 11] Alley\u2019s jury trial began on September 23, 2002. At trial, Alley called Gardner as an expert witness, but subsequently objected to the State\u2019s cross-examination of Gardner. He argued that the State should not be allowed to question Gardner about information that Alley did not intend to introduce at trial and that the State acquired via Leighton\u2019s phone call because the communication constituted a discovery violation. The court overruled the objection and permitted the State to cross-examine Gardner on all aspects of his testing, including those Alley had not developed during his direct examination of Gardner.\n[\u00b6 12] The jury returned a verdict finding Alley guilty of Class A manslaughter. Alley was sentenced to a term of imprisonment of eighteen years, with all but fourteen suspended. Following the court\u2019s denial of his motion for a new trial, Alley filed this appeal.\nII. DISCUSSION\nA. The Admission of Alley\u2019s Bloodstained Clothing and the Victim\u2019s Hairs\n[\u00b6 13] Alley contends that the court erred by denying his motion to suppress the clothing and hairs that were seized at the police station because they were seized without a valid warrant or pursuant to a valid exception to the warrant requirement. We review a denial of a motion to suppress for errors of law or clearly erroneous findings of fact. State v. Lockhart, 2003 ME 108, \u00b6 15, 830 A.2d 433, 441; State v. Bridges, 2003 ME 103, \u00b6 24, 829 A.2d 247, 254. We will uphold the court\u2019s denial of a motion to suppress \u201cif any reasonable view of the evidence supports the trial court\u2019s decision.\u201d Bridges, 2003 ME 103, \u00b6 24, 829 A.2d at 254 (internal quotations omitted).\n[\u00b6 14] The court denied Alley\u2019s motion to suppress, concluding that the warrantless seizures of Alley\u2019s clothing and the hairs were justified based on exigent circumstances and the plain view doctrine. We agree that both of these exceptions to the warrant requirement apply and that suppression of the evidence was properly denied.\n[\u00b6 15] Exigent circumstances exist when there is adequate probable cause for the seizure and insufficient time for the police to obtain a warrant. State v. Schueler, 488 A.2d 481, 483 n. 1 (Me.1985). The plain view doctrine permits police to seize an object without a warrant if they \u201care lawfully in a position from which they can view an object, its incriminating character is immediately apparent, and the officers have a lawful right of access to the object.\u201d State v. Storey, 1998 ME 161, \u00b6 18, 713 A.2d 331, 335 (citing Horton v. California, 496 U.S. 128, 136, 110 S.Ct. 2301, 110 L.Ed.2d 112 (1990)). Here, Alley contends that although the objects seized without a warrant were in plain view of the police, exigent circumstances did not exist because the officers could have obtained a warrant during the six-hour period he remained at the station.\n[\u00b6 16] Alley\u2019s bloodstained clothes and the hairs on his sweatpants were observed by the police at a time when they had a right of access to view Alley because he was voluntarily at the police station. When Detective Lopez saw the hairs oh Alley\u2019s pants, the detective\u2019s decision to immediately seize the hairs without a warrant was justified by the exigency that if he failed to seize the hairs, they could be lost or destroyed. See Cupp v. Murphy, 412 U.S. 291, 296, 93 S.Ct. 2000, 36 L.Ed.2d 900 (1973) (holding that the search and seizure of defendant\u2019s fingernail scrapings was constitutional because the defendant may have been trying to destroy the evidence while at the station); State v. Leonard, 2002 ME 125, \u00b6 13, 802 A.2d 991, 994 (stating that exigent circumstances can exist when there is the potential for the loss or destruction of evidence).\n[\u00b6 17] A similar threat of loss or destruction of evidence did not arise with respect to Alley\u2019s clothing until Alley refused to give his clothing to the police and told the police that he wanted to leave the police station. Only then did it become necessary to seize the bloodstained clothing so that it would not be lost or destroyed. Although Alley was not under arrest at that time, his subsequent detention without a warrant for approximately fifty minutes was necessary so that Detective Lopez could obtain a change of clothes for Alley. See State v. Moulton, 1997 ME 228, \u00b6 10, 704 A.2d 361, 364 (finding that an investigatory detention of a person, short of an arrest, is valid if the law enforcement officers act on the basis of specific and articulable facts). This temporary detention was reasonable because the police had an articulable suspicion that a crime had been committed; observed, in plain view, that Alley was in possession of clothing that was evidence of the crime; and faced the exigency of needing to take immediate possession of Alley\u2019s clothing so that it would not be lost or destroyed as evidence, while also needing to obtain replacement clothes for Alley to wear. See id.) Schueler, 488 A.2d at 483 (holding that the boots that the defendant wore when he voluntarily went to the police station were lawfully seized pursuant to the plain view doctrine).\nB. Statements Made During the Interrogation at Alley\u2019s Friend\u2019s House\n[\u00b6 18] Alley contends that the court erred by denying his motion to suppress the statements he made to Detective Fer-land on the evening of September 30, 2001, because Alley had invoked his right to counsel earlier that day. He argues that the break in custody, from approximately 2:35 to 8:30 P.M., was pretextual and therefore could not terminate his earlier invocation of the right to counsel. Furthermore, Alley argues that he invoked his right to counsel again while at the friend\u2019s house, and Ferland violated this right by questioning Alley after this second invocation.\n1. The Reinitiation of Interrogation Following a Break in Custody\n[\u00b6 19] Alley was released from custody at approximately 2:35 P.M. when the detectives gave him a ride to his friend\u2019s house and then his sister\u2019s house. It was not until approximately six hours later that the detectives visited Alley. If a defendant invokes his or her right to counsel, interrogation must cease. Miranda v. Arizona, 384 U.S. 436, 474, 86 S.Ct. 1602, 16 L.Ed.2d 694 (1966). Likewise, law enforcement officials cannot reinitiate interrogation at a later point in time when the defendant remains in custody. Edwards v. Arizona, 451 U.S. 477, 485, 101 S.Ct. 1880, 68 L.Ed.2d 378 (1981). However, if there is a break in custody, law enforcement officials may reinitiate interrogation in the absence of counsel as long as the defendant has had a reasonable opportunity to contact counsel. E.g., Clark v. State, 140 Md.App. 540, 781 A.2d 913, 941-42 (Ct.Spec.App.2001) (citing cases that recognize the break-in-custody exception to Edwards).\n[\u00b6 20] During the ride to his friend\u2019s house, Alley told Detectives Ferland and Fowler that he was going to see his attorney in court the following morning regarding an unrelated matter. Neither Ferland nor Fowler said anything to Alley in response to this information. Rather, Fer-land told Alley, \u201cat some point the detectives are going to want to sit down with you. They are going to want to hear your side of the story.\u201d Ferland testified that having learned that Alley expected to see his lawyer the next morning, \u201cpart of the [investigation] strategy was to speak with Mr. Alley that night knowing that he was going to court the next day and likely to speak to an attorney.\u201d\n[\u00b6 21] The purpose of Edwards\u2019s prophylactic rule is to give defendants who have invoked their right to counsel a reasonable opportunity to contact counsel before they may be subject to reinterrogation. See Dunkins v. Thigpen, 854 F.2d 394, 397 (11th Cir.1988). The totality of the circumstances surrounding the break in custody must be examined to determine whether the prophylactic purpose of Edwards was achieved. See United States v. Bautista, 145 F.3d 1140, 1150 (10th Cir.1998) (\u201cWhether a break in custody is sufficient to remove a suspect\u2019s request for counsel from the ambit of Edwards must be evaluated under the totality of the circumstances.\u201d). If a break in custody does not give the defendant a reasonable opportunity to contact counsel, then the break does not dissolve the protections afforded by Edwards. See id.; People v. Storm, 28 Cal.4th 1007, 124 Cal.Rptr.2d 110, 52 P.3d 52, 62, 63 (2002).\n[\u00b6 22] In this case, the record establishes that Alley had a reasonable opportunity to contact an attorney during the six-hour period following his release from custody. Alley does not point .to any evidence adduced at the suppression hearing that suggests that his failure to contact an attorney during the six-hour break resulted from his reliance on statements by or the conduct of the detectives. The record provides little information regarding his activities during this period, other than establishing that he left his sister\u2019s residence to purchase cigarettes and eventually arrived at his Mend\u2019s residence. The suppression court did not find, nor was it requested to find, whether there was a causal connection between the detectives\u2019 strategy to interview Alley before his court appearance the next day and Alley\u2019s failure to contact a lawyer during the six-hour break. In the absence of a request for additional findings, we assume that the suppression court found all facts necessary to support its ruling.\n[\u00b6 23] We discern no basis to conclude that under the totality of circumstances, the government\u2019s strategizing prejudiced Alley\u2019s right to counsel for the sake of obtaining a waiver and confession. Because the six-hour break afforded Alley a reasonable opportunity to contact an attorney before the reinitiation of interrogation, there was no Edwards violation and the motion to suppress was properly denied.\n2. Alley\u2019s Ambiguous Invocation of his Right to Counsel\n[\u00b624] Alley does not contest that the interview at his friend\u2019s house was not custodial; the detectives were invited into the home, and Alley\u2019s friend was present during the interview. Detective Ferland began by telling Alley that he was not under arrest\" and was free to leave at any time, but that Ferland wanted to make sure that Alley understood his rights.\n[\u00b6 25] After reading Alley each of the Miranda warnings, Ferland questioned Alley to determine whether he understood his rights. Ferland asked Alley if he understood what it means to have the right to remain silent, and Alley responded, \u201cdepends on how much trouble I\u2019m in.\u201d Alley next told Ferland \u201cit means that I don\u2019t have to say anything.\u201d Ferland asked Alley if he understood what it means that anything he says can be used against him in a court of law, and Alley responded, \u201c[i]t means anything I say can be used against me. If I say it wrong, I guess.\u201d Ferland then responded, \u201cWell, yeah. Yes and no. Basically, what it means is that any conversation that we have, if I\u2019m called to court to testify, ah, I have to tell the judge and/or jury, ah, what our conversation was. You understand?\u201d Alley responded, \u2018Yeah.\u201d\n[\u00b6 26] Ferland next told Alley, \u201cyou have the absolute right to the advise [sic] of a lawyer before any questioning and to the presence of a lawyer here with you during questioning.\u201d Ferland asked Alley, \u201c[d]o you understand what that means? What does that mean to you?\u201d Alley first responded, \u201c[i]t means I should wait for a lawyer.\u201d Ferland stated \u201cthat\u2019s not what it says. Ah, it says you have the absolute right ...,\u201d whereby Alley interrupted with \u201cI, I have the right to have a lawyer. Yes, I know.\u201d\n[\u00b6 27] Ferland told Alley, \u201cif you cannot afford a lawyer ... one will be furnished to you free before any questioning if you desire,\u201d and asked him, \u201c[d]o you understand what that means?\u201d Alley first responded, \u201cYes ... [i]t means that I\u2019m going to have to get a lawyer,\u201d and then responded, \u201c[t]hat means I should wait until I see a lawyer.\u201d Ferland proceeded to give Alley a long explanation of the right to the advice of counsel before any questioning, stating, in part:\nThis is your choice whether you talk to me or not, it\u2019s your choice ... [y]ou have had the day to [contact an attorney] ... [i]f you want to talk with an attorney and hire one, that\u2019s your right. Okay? But ... you can also talk to me now ... So, if you wish to talk to me now, I\u2019m here to talk ... if you want an attorney, that\u2019s fine, too. I\u2019ll get up and leave ....\nAlley then began to tell Ferland his story, and Ferland interrupted him to say:\nI need a clear-cut answer. Cause I don\u2019t want to violate your rights. If you\u2019re willing to talk with me, then you need to say, okay, I\u2019m willing to talk with you and I don\u2019t want to talk with an attorney now. And if you do want to talk with an attorney, I\u2019ll get up and leave. It\u2019s entirely up to you, but I need an answer either way.\nAlley responded, \u201cI\u2019ll talk to you.\u201d He then signed the Miranda card and spoke with Ferland about the incident.\n[\u00b6 28] When a defendant ambiguously invokes his or her right to counsel, Miranda permits an officer to attempt to resolve the ambiguity by asking the defendant questions for clarification. State v. Marden, 678 A.2d 1304, 1310 (Me.1996). Alley\u2019s invocation was ambiguous when he stated twice, \u201cthat means I should wait until I see a lawyer.\u201d However, after Detective Ferland continued to explain to Alley his right to decide whether to answer questions with or without counsel, Alley\u2019s response was not ambiguous. Ferland acted responsibly by clarifying Alley\u2019s rights, and asking Alley to unequivocally decide whether he wished to answer questions without the assistance of an attorney. The record establishes that Alley understood the rights and consequences of a waiver. See Marden, 673 A.2d at 1309 (\u201cMiranda does not contemplate a ritualistic recital but rather, is directed to insuring that the substance of the constitutional rights of a person in custody be intelligibly conveyed to him.\u201d) (internal quotations omitted).\nC. State\u2019s Pretrial Contact With the Defense Expert\n[\u00b6 29] Alley argues that the State committed a discovery violation by having its bloodstain expert, Leighton, contact Alley\u2019s bloodstain expert, Gardner, before trial. Alley contends that the discovery rales do not allow the State to contact a defendant\u2019s expert witness and that the information obtained was protected work-product. Therefore, Alley argues, the court erred by allowing the State to cross-examine Gardner and elicit evidence that Alley contends he had no intention of introducing.\n[\u00b6 30] We review a court\u2019s determination to allow or limit cross-examination for abuse of discretion and will uphold the court\u2019s decision as long as it did not interfere with Alley\u2019s right to a fair trial. See State v. Tremblay, 2003 ME 47, \u00b6 24, 820 A.2d 571, 578. If the State committed a discovery violation, we must decide whether the violation interfered with Alley\u2019s right to a fair trial. See State v. Mannion, 637 A.2d 452, 454-55 (Me.1994) (citing State v. Tibbetts, 604 A.2d 20, 23 (Me.1992)).\n[\u00b6 31] There is nothing in the Maine Rules of Criminal Procedure that prohibits one party from contacting another party\u2019s witness, expert or otherwise, about his or her expected testimony. Gardner was free to oblige or reject Leigh-ton\u2019s request for information. Contrary to Alley\u2019s assertion, the State is not limited to obtaining information from an accused only by means that are affirmatively permitted by the rules of discovery, especially where, as here, there is no claim of bad faith or subterfuge, and the information was voluntarily disclosed. There was no interference with Alley\u2019s right to a fair trial resulting from the pretrial disclosure of information by Alley\u2019s expert witness and, therefore, the trial court acted within the bounds of its discretion in permitting the State to cross-examine Alley\u2019s bloodstain expert.\n[\u00b6 32] We have considered Alley\u2019s remaining arguments and find that they have no merit.\nThe entry is:\nJudgment affirmed.\n. Alley raises a variety of other issues, which we have determined to be without merit and do not address separately. They include: (1) allowing the State\u2019s medical examiner to testify to his conclusions pertaining to a footwear pattern on the victim's chest; (2) excluding evidence of alternative suspects' prior bad acts; (3) excluding alternative suspect evidence regarding the victim\u2019s roommate; (4) allowing the State\u2019s footwear analysis expert to testify and to use acetate sheets as illustrative evidence during her testimony; (5) denying Alley\u2019s request to depose alternative suspects; (6) admitting photographs of Alley wearing bloodstained clothing taken the day of the murder; (7) denying Alley\u2019s request for a mistrial and new trial; (8) denying Alley\u2019s request for a bill of particulars pertaining to the time of death; and (9) finding there was sufficient evidence to convict Alley of manslaughter.\n. The substance of the discussion between Alley and the officers was not established at the suppression hearing.\n. There was, however, no evidence presented at the suppression hearing of any questioning or statements made at the police station after Alley requested counsel.\n. Although some courts have stated in dicta that a contrived or pretextual break in custody does not vitiate Edwards protection, we need not decide whether our analysis would change in the face of evidence of deliberate police misconduct because there is no such evidence here. See Storm, 124 Cal.Rptr.2d 110, 52 P.3d at 64 (\"[DJefendant [was not] misled into a false sense of security. He knew he was the prime suspect, and the police said nothing to suggest he was permanently immune from further questioning.... [Defendant acknowledged [the officer's] warning that the matter was not concluded.\u201d).\n. For example, Alley would not have been given a reasonable opportunity\u2019to contact his attorney if: (1) the detectives had told Alley that they would not contact him until after he saw his attorney the following morning; (2) Alley did not contact his attorney because he relied on the statement; and (3) the detectives visited Alley six hours later. However, there was no evidence that indicated that the detectives\u2019 knowledge of Alley's court appearance the following morning had any effect on Alley\u2019s decision to not contact his attorney. See, e.g., Storm, 124 Cal.Rptr.2d 110, 52 P.3d at 64.\n. E.g., State v. Izzo, 623 A.2d 1277, 1280-81 (Me.1993) (upholding denial of suppression motion and stating that appellant has the burden to request that court expand on findings;' in the absence of such a request, we assume the suppression court found all facts necessary to support its ruling); State v. Powell, 591 A.2d 1306, 1308 n. 4 (Me.1991) (upholding suppression order and noting that when the State fails to request findings of fact, we assume that the suppression court found all necessary facts to support the grant of the motion).",
        "type": "majority",
        "author": "LEVY, J."
      }
    ],
    "attorneys": [
      "G. Steven Rowe, Attorney General, Donald W. Macomber, Asst. Attorney General (orally), Fernand R. LaRochelle, Asst. Attorney General, Augusta, for State.",
      "Yerne E. Paradie Jr. (orally), Traffcon & Matzen, Auburn, George A. Hess, Auburn, for defendant."
    ],
    "corrections": "",
    "head_matter": "2004 ME 10\nSTATE of Maine v. Robert ALLEY.\nSupreme Judicial Court of Maine.\nArgued: Nov. 7, 2003.\nDecided: Jan. 20, 2004.\nG. Steven Rowe, Attorney General, Donald W. Macomber, Asst. Attorney General (orally), Fernand R. LaRochelle, Asst. Attorney General, Augusta, for State.\nYerne E. Paradie Jr. (orally), Traffcon & Matzen, Auburn, George A. Hess, Auburn, for defendant.\nPanel: SAUFLEY, C.J., and RUDMAN, DANA, ALEXANDER, CALKINS, and LEVY, JJ."
  },
  "file_name": "0803-01",
  "first_page_order": 861,
  "last_page_order": 870
}
