{
  "id": 7904543,
  "name": "ELLSWORTH MARINE, INC. v. Patrick DAVIS",
  "name_abbreviation": "Ellsworth Marine, Inc. v. Davis",
  "decision_date": "1984-10-04",
  "docket_number": "",
  "first_page": "458",
  "last_page": "461",
  "citations": [
    {
      "type": "official",
      "cite": "482 A.2d 458"
    }
  ],
  "court": {
    "name_abbreviation": "Me.",
    "id": 9543,
    "name": "Maine Supreme Judicial Court"
  },
  "jurisdiction": {
    "id": 42,
    "name_long": "Maine",
    "name": "Me."
  },
  "cites_to": [
    {
      "cite": "474 A.2d 180",
      "category": "reporters:state_regional",
      "reporter": "A.2d",
      "case_ids": [
        7953579
      ],
      "year": 1984,
      "pin_cites": [
        {
          "page": "182"
        }
      ],
      "opinion_index": 0,
      "case_paths": [
        "/a2d/474/0180-01"
      ]
    },
    {
      "cite": "189 A.2d 569",
      "category": "reporters:state_regional",
      "reporter": "A.2d",
      "year": 1968,
      "pin_cites": [
        {
          "page": "570"
        }
      ],
      "opinion_index": 0
    },
    {
      "cite": "159 Me. 155",
      "category": "reporters:state",
      "reporter": "Me.",
      "case_ids": [
        474086
      ],
      "year": 1968,
      "pin_cites": [
        {
          "page": "156"
        }
      ],
      "opinion_index": 0,
      "case_paths": [
        "/me/159/0155-01"
      ]
    },
    {
      "cite": "93 A.2d 126",
      "category": "reporters:state_regional",
      "reporter": "A.2d",
      "year": 1952,
      "pin_cites": [
        {
          "page": "128"
        }
      ],
      "opinion_index": 0
    },
    {
      "cite": "148 Me. 329",
      "category": "reporters:state",
      "reporter": "Me.",
      "case_ids": [
        632625
      ],
      "year": 1952,
      "pin_cites": [
        {
          "page": "333-34"
        }
      ],
      "opinion_index": 0,
      "case_paths": [
        "/me/148/0329-01"
      ]
    },
    {
      "cite": "429 S.W.2d 758",
      "category": "reporters:state_regional",
      "reporter": "S.W.2d",
      "case_ids": [
        10145980
      ],
      "opinion_index": 0,
      "case_paths": [
        "/sw2d/429/0758-01"
      ]
    },
    {
      "cite": "460 A.2d 1383",
      "category": "reporters:state_regional",
      "reporter": "A.2d",
      "case_ids": [
        8020069
      ],
      "pin_cites": [
        {
          "page": "1386"
        }
      ],
      "opinion_index": 0,
      "case_paths": [
        "/a2d/460/1383-01"
      ]
    },
    {
      "cite": "289 A.2d 698",
      "category": "reporters:state_regional",
      "reporter": "A.2d",
      "case_ids": [
        11254247
      ],
      "opinion_index": 0,
      "case_paths": [
        "/a2d/289/0698-01"
      ]
    },
    {
      "cite": "376 A.2d 445",
      "category": "reporters:state_regional",
      "reporter": "A.2d",
      "case_ids": [
        7995859
      ],
      "pin_cites": [
        {
          "page": "446"
        }
      ],
      "opinion_index": 0,
      "case_paths": [
        "/a2d/376/0445-01"
      ]
    },
    {
      "cite": "466 A.2d 1261",
      "category": "reporters:state_regional",
      "reporter": "A.2d",
      "case_ids": [
        7987658
      ],
      "weight": 3,
      "pin_cites": [
        {
          "page": "1264"
        },
        {
          "page": "1264"
        },
        {
          "page": "1264"
        }
      ],
      "opinion_index": 0,
      "case_paths": [
        "/a2d/466/1261-01"
      ]
    }
  ],
  "analysis": {
    "cardinality": 496,
    "char_count": 8021,
    "ocr_confidence": 0.773,
    "pagerank": {
      "raw": 4.03580807328026e-08,
      "percentile": 0.2005557080741001
    },
    "sha256": "0104e03def1070f34f75ec983d433eae3697db0018cdf6842b111ee3b8e63840",
    "simhash": "1:2ae1c1946548886a",
    "word_count": 1307
  },
  "last_updated": "2024-02-27T23:11:12.173073+00:00",
  "provenance": {
    "date_added": "2019-08-29",
    "source": "Harvard",
    "batch": "2018"
  },
  "casebody": {
    "judges": [
      "Before McKUSICK, C.J., and NICHOLS, ROBERTS, WATHEN, GLASSMAN and SCOLNIK, JJ."
    ],
    "parties": [
      "ELLSWORTH MARINE, INC. v. Patrick DAVIS."
    ],
    "opinions": [
      {
        "text": "NICHOLS, Justice,\nThis appeal raises once more the issue of when it may be proper for a trial justice to direct a verdict. The Superior Court had directed a verdict on two major issues. We affirm with respect to one of the directed verdicts and vacate with respect to the other.\nIn March, 1977, the Defendant, Patrick P. Davis, began to work in the Ellsworth outboard motor service and repair business of the Plaintiff, Ellsworth Marine, Inc., as a mechanic and general manager. In April, 1978, the Defendant abruptly departed, closing the shop and removing much of the inventory, claimed by him in payment for debts owed him by the Plaintiff.\nThe Defendant soon after entered a complaint-against the Plaintiff\u2019s president, William Tuite, seeking compensation for various personal services connected with the business. The Plaintiff then commenced suit against the Defendant for conversion. The Defendant counterclaimed for breach of contract and sought damages for unpaid wages and overtime pay, repayment of a loan, and reimbursement for various expenses. The two actions were consolidated for trial in Superior Court, Hancock County. The first action culminated in a judgment against Tuite for $90, which is not challenged in this appeal.\nAt the jury trial, held on April 20-22, 1983, Tuite testified that the Defendant removed all the items inventoried in three receipt books. These items included chain saws, gas tanks, and various other parts and accessories, with a total value of $5,618.83. Tuite further alleged that the Defendant also took several items not listed in the receipt books, including cash receipts in the amount of over $500, used outboard motors worth $1,400, and miscellaneous items with a total value of $550.\nThe Defendant admitted to removing the items valued at $5,618.83 but denied taking anything else. He also admitted that he was to be paid for overtime work only if the business became profitable and that it was not making a profit when he quit.\nThe court granted the Plaintiffs motions for directed verdicts in its favor on the Defendant\u2019s liability for conversion and on that portion of the Defendant\u2019s counterclaim which related to overtime pay. The jury returned a verdict for the Plaintiff on its conversion claim in the amount of $8,076.01 and a verdict for the Defendant on his counterclaim in the amount of $1,813.90. On appeal, the Defendant challenges the directed verdicts and also alleges insufficiency of the evidence to support the jury verdicts.\nWe have repeatedly advised the Superior Court to be chary of removing factual issues from the jury\u2019s consideration. See, e.g., Poirier v. Hayes, 466 A.2d 1261, 1264 (Me.1983); Reed v. Rule, 376 A.2d 445, 446 (Me.1977). \u201cOnly if the correctness of directing a verdict appears so clear to the presiding justice that all reasonable doubts of possible error or uncertainty have been removed in his mind should he grant it.\u201d Poirier v. Hayes, 466 A.2d at 1264, quoting Moore v. Fenton, 289 A.2d 698, 700 n. 1 (Me.1972); see also Portland Valve, Inc. v. Rockwood Systems Corp., 460 A.2d 1383, 1386 (Me.1983). The manner in which the justice in the trial below directed a verdict on the issue of conversion created a substantial risk of possible error or uncertainty.\nThe Plaintiff accused the Defendant of not one but several acts of conversion, each involving separate items and allegedly occurring at different times. The Defendant admitted only one act of conversion when he conceded that on or about April 14, 1978, he removed certain discrete items belonging to the Plaintiff which were cata-logued in three \u25a0 receipt books and which had an alleged value of $5,618.83. Had the presiding justice limited the directed verdict to liability for this single act of conversion, we would have no difficulty, in light of the Defendant\u2019s own admission, in upholding the justice\u2019s action. See Zagarri v. Nichols, 429 S.W.2d 758 (Mo.1968). Cf Scribner v. Cyr, 148 Me. 329, 333-34, 93 A.2d 126, 128 (1952).\nInstead, however, the justice simply directed a verdict for the Plaintiff on the issue of the Defendant\u2019s liability for conversion and instructed the jury to determine the damages thereon. It was left in doubt whether the jury was expected to decide which items were converted or merely to decide what was the value of all the items the Defendant was alleged to have appropriated; but by treating the several alleged conversions in a unitary fashion, the justice could have given the jurors the impression that the question of liability for all the alleged conversions had been removed from their consideration.\nThis impression may have been strengthened by the justice\u2019s instructions regarding this directed verdict. The justice told the jury:\n... I\u2019ve ruled that as to liability on Ells-worth Marine\u2019s complaint, they should recover some sum \u2014 that sum to be determined by you. There is in fact no right to take property in satisfaction of a perceived debt even if the debt is owed .... So, that in terms is Ellsworth Marine\u2019s complaint, whatever fair compensation is for the property taken by Mr. Davis is owed by him to Ellsworth Marine, Inc.\nThe court never indicated that the jury had to determine what property the Defendant actually took. The court further instructed the jury that \u201c[i]n terms of the conversion action, ... there is really no question on liability\u201d and that \u201cthere is no dispute\u201d about the Defendant\u2019s liability for conversion.\nIn fact, except with regard to the one act of conversion for which the Defendant admitted responsibility, his liability for conversion was very much in dispute. Where, as here, the evidence is sufficient to present a question of fact for the jury, the granting of a directed verdict is improper. Poirier v. Hayes; Martin v. Deschaine, 159 Me. 155, 156, 189 A.2d 569, 570 (1968); see generally 1 Field, McKusick & Wroth, Maine Civil Practice \u00a7 50.2 (2d ed. 1970 & Supp.1981).\nAs to the counterclaim for overtime pay, on the other hand, the directed verdict was entirely proper. The Defendant admitted that the agreed upon precondition for his receiving reimbursement for overtime work \u2014 that the business operate at a profit \u2014 was never fulfilled during his employment with the Plaintiff. There was no other evidence from which the jury could permissibly infer that he was entitled to overtime pay. Moreover, far from objecting to this directed verdict at the time it was granted, the Defendant\u2019s attorney conceded: \u201cI think we might be in trouble on the overtime, just from what [the Defendant] testified to himself.\u201d We find no error in this directed verdict, much less any obvious error.\nThe Defendant also argues that the evidence was insufficient to support the verdicts reached by the jury. We will not disturb a jury\u2019s findings unless they lack any competent support in the record. See Chase v. Burrell, 474 A.2d 180, 182 (Me. 1984). After carefully reviewing the record, we find that the evidence was sufficient to support the verdicts.\nAccordingly, we affirm the judgment on the counterclaim. We vacate the judgment on the conversion claim and remand so that the parties may be afforded a new trial on the issue of liability for the several alleged conversions and on the issue of damages.\nThe entry is:\nJudgment on conversion claim vacated and remanded for further proceedings consistent with the opinion herein.\nJudgment on the counterclaim affirmed.\nAll concurring.\n. There need be no similar restraint in granting a judgment notwithstanding' the verdict when such judgment is warranted. See Poirier v. Hayes, 466 A.2d 1261, 1264 (Me.1983).\n. On the elements of conversion, see generally W. Prosser, Handbook of the Law of Torts \u00a7 15 (1971).",
        "type": "majority",
        "author": "NICHOLS, Justice,"
      }
    ],
    "attorneys": [
      "James E. Patterson (orally), Ellsworth, for plaintiff.",
      "Silsby & Silsby by Raymond L. Williams (orally), Ellsworth, for defendant."
    ],
    "corrections": "",
    "head_matter": "ELLSWORTH MARINE, INC. v. Patrick DAVIS.\nSupreme Judicial Court of Maine.\nArgued May 3, 1984.\nDecided Oct. 4, 1984.\nJames E. Patterson (orally), Ellsworth, for plaintiff.\nSilsby & Silsby by Raymond L. Williams (orally), Ellsworth, for defendant.\nBefore McKUSICK, C.J., and NICHOLS, ROBERTS, WATHEN, GLASSMAN and SCOLNIK, JJ."
  },
  "file_name": "0458-01",
  "first_page_order": 514,
  "last_page_order": 517
}
