{
  "id": 7973773,
  "name": "STATE v. Franklin J. SOTO",
  "name_abbreviation": "State v. Soto",
  "decision_date": "1983-02-18",
  "docket_number": "No. 82-351-C.A.",
  "first_page": "268",
  "last_page": "268",
  "citations": [
    {
      "type": "official",
      "cite": "457 A.2d 268"
    }
  ],
  "court": {
    "name_abbreviation": "R.I.",
    "id": 10179,
    "name": "Supreme Court of Rhode Island"
  },
  "jurisdiction": {
    "id": 15,
    "name_long": "Rhode Island",
    "name": "R.I."
  },
  "cites_to": [],
  "analysis": {
    "cardinality": 147,
    "char_count": 1302,
    "ocr_confidence": 0.793,
    "sha256": "a49b4ae039f697207ab831a52d722e930d23210f3eb418540992c5a271cf0494",
    "simhash": "1:985610e961d4e27d",
    "word_count": 214
  },
  "last_updated": "2023-07-14T16:32:52.282199+00:00",
  "provenance": {
    "date_added": "2019-08-29",
    "source": "Harvard",
    "batch": "2018"
  },
  "casebody": {
    "judges": [],
    "parties": [
      "STATE v. Franklin J. SOTO."
    ],
    "opinions": [
      {
        "text": "ORDER\nThe defendant stands convicted of second-degree murder as the result of the stabbing death of Ricardo Gonzalez.\nOn Monday, February 14, 1983, defendant\u2019s counsel appeared before this court in response to an order to show cause why defendant\u2019s appeal should not be dismissed. At the hearing, we were informed that Guadalupe Sostre, the \u201cchief witness,\u201d has now executed an affidavit in which he asserts that his testimony at trial describing Soto as the aggressor was false, whereas in fact at the time of the incident in question Soto was defending himself. Sostre had initially told the police that Soto was acting in self-defense but then \u201cchanged his story\u201d because he had been threatened and physically abused by members of the decedent\u2019s family.\nIn light of these allegations and acting pursuant to our Provisional Rule 16(f)(2), we remand the case to the Superior Court, where the trial justice shall conduct a hearing and make appropriate findings as to whether the interests of justice now require a new trial.",
        "type": "majority",
        "author": null
      }
    ],
    "attorneys": [
      "Dennis J. Roberts II, Atty. Gen., Joel S. Chase, Sp. Asst. Atty. Gen., for plaintiff.",
      "William F. Reilly, Public Defender, Barbara Hurst, Paul Rosin, Asst. Public Defenders, for defendant."
    ],
    "corrections": "",
    "head_matter": "STATE v. Franklin J. SOTO.\nNo. 82-351-C.A.\nSupreme Court of Rhode Island.\nFeb. 18, 1983.\nDennis J. Roberts II, Atty. Gen., Joel S. Chase, Sp. Asst. Atty. Gen., for plaintiff.\nWilliam F. Reilly, Public Defender, Barbara Hurst, Paul Rosin, Asst. Public Defenders, for defendant."
  },
  "file_name": "0268-01",
  "first_page_order": 314,
  "last_page_order": 314
}
