{
  "id": 7991270,
  "name": "STATE of Maine v. Samuel WEINSTEIN et al.",
  "name_abbreviation": "State v. Weinstein",
  "decision_date": "1982-11-30",
  "docket_number": "",
  "first_page": "792",
  "last_page": "793",
  "citations": [
    {
      "type": "official",
      "cite": "457 A.2d 792"
    }
  ],
  "court": {
    "name_abbreviation": "Me.",
    "id": 9543,
    "name": "Maine Supreme Judicial Court"
  },
  "jurisdiction": {
    "id": 42,
    "name_long": "Maine",
    "name": "Me."
  },
  "cites_to": [
    {
      "cite": "407 A.2d 312",
      "category": "reporters:state_regional",
      "reporter": "A.2d",
      "case_ids": [
        7963504
      ],
      "year": 1979,
      "pin_cites": [
        {
          "page": "314"
        }
      ],
      "opinion_index": 0,
      "case_paths": [
        "/a2d/407/0312-01"
      ]
    },
    {
      "cite": "447 A.2d 1226",
      "category": "reporters:state_regional",
      "reporter": "A.2d",
      "case_ids": [
        12072073
      ],
      "year": 1981,
      "pin_cites": [
        {
          "page": "1231"
        }
      ],
      "opinion_index": 0,
      "case_paths": [
        "/a2d/447/1226-01"
      ]
    },
    {
      "cite": "435 A.2d 1079",
      "category": "reporters:state_regional",
      "reporter": "A.2d",
      "case_ids": [
        8015208
      ],
      "year": 1981,
      "pin_cites": [
        {
          "page": "1083",
          "parenthetical": "\"mere palpable mistake\" by counsel does not constitute excusable neglect"
        }
      ],
      "opinion_index": 0,
      "case_paths": [
        "/a2d/435/1079-01"
      ]
    },
    {
      "cite": "441 A.2d 320",
      "category": "reporters:state_regional",
      "reporter": "A.2d",
      "case_ids": [
        7945622
      ],
      "weight": 2,
      "year": 1982,
      "pin_cites": [
        {
          "page": "321"
        }
      ],
      "opinion_index": 0,
      "case_paths": [
        "/a2d/441/0320-01"
      ]
    }
  ],
  "analysis": {
    "cardinality": 248,
    "char_count": 2985,
    "ocr_confidence": 0.788,
    "pagerank": {
      "raw": 8.138363859351185e-08,
      "percentile": 0.4727464805863199
    },
    "sha256": "35f4cbbb9b92eb037e085c7e5dc5e9d8496d2a8e434e3fa4c3f05d0d6d748851",
    "simhash": "1:aae9589f01f0b527",
    "word_count": 493
  },
  "last_updated": "2024-02-27T17:53:20.092160+00:00",
  "provenance": {
    "date_added": "2019-08-29",
    "source": "Harvard",
    "batch": "2018"
  },
  "casebody": {
    "judges": [
      "Before McKUSICK, C.J., and GODFREY, NICHOLS, ROBERTS, CARTER and YIOLETTE, JJ."
    ],
    "parties": [
      "STATE of Maine v. Samuel WEINSTEIN et al."
    ],
    "opinions": [
      {
        "text": "NICHOLS, Justice.\nThis appeal challenges the validity of an order entered in Superior Court, York County, which denied a motion to vacate an order relating to an attachment of real property owned by one of the Defendants, Samuel Weinstein. Because we conclude that this Defendant\u2019s notice of appeal was not timely, we must dismiss this appeal.\nThe order appealed from was entered on January 14, 1982. Accordingly, with the thirty-day period ending on a Saturday, the Defendant\u2019s period for appeal expired on February 15, 1982. Meanwhile, on February 8,1982, pursuant to M.R.Civ.P. 72(c) the Defendant filed in Superior Court a motion for report of this interlocutory order. Ten days later, the Defendant moved in Superior Court for an extension of the time for appeal. The Superior Court purported to grant the latter motion on February 18, 1982, and a notice of appeal was filed that same day.\nUpon appeal, the Defendant contends that confusion surrounding the question of whether his Rule 72(c) motion tolls the appeal period provided under M.R.Civ.P. 73(a) gives rise to a situation \u201cconducive to excusable neglect.\u201d He asserts that his \u201cplausible misconstruction\u201d of the Rules constitutes excusable neglect.\nIn view of the clear statement in Rule 73(a) of the motions which toll the running of the period for appeal, a belief that a Rule 72(c) motion also would toll this period is hardly a plausible one.\nEven if Rule 73(a) were of doubtful meaning, more than mere ambiguity is required to satisfy the excusable neglect standard. In Young v. Sturdy Furniture Co., Me., 441 A.2d 320 (1982), counsel mistakenly believed that the ten-day period for appeal from a pro forma decree in a workers\u2019 compensation action ran from receipt of notice of the entry rather than from the date of entry. While conceding in that case that \u201cthe statute might be viewed as ambiguous,\u201d we concluded that: \u201cCounsel\u2019s mistaken belief as to the law does not rise to the level of excusable neglect.\u201d 441 A.2d at 321, n. 2 & 321. See also, Begin v. Jerry\u2019s Sunoco, Inc., Me., 435 A.2d 1079, 1083 (1981) (\u201cmere palpable mistake\u201d by counsel does not constitute excusable neglect).\nAlthough counsel\u2019s misreading of Rule 73(a) verges on the extraordinary, this is not the type of extraordinary circumstance which constitutes excusable neglect. See State v. One 1977 Blue Ford Pick-up Truck, Me., 447 A.2d 1226, 1231 (1981); Reynolds v. Hooper, Me., 407 A.2d 312, 314 (1979).\nThe Superior Court erred as a matter of law in purporting to grant the Defendant an enlargement of time to appeal.\nTherefore, the entry is:\nAppeal dismissed.\nAll concurring.",
        "type": "majority",
        "author": "NICHOLS, Justice."
      }
    ],
    "attorneys": [
      "James A. McKenna, III, Asst. Atty. Gen. (orally), Augusta, for plaintiff.",
      "Sanborn, Moreshead, Schade & Dawson, Charles S. Belsky (orally), Augusta, for defendant."
    ],
    "corrections": "",
    "head_matter": "STATE of Maine v. Samuel WEINSTEIN et al.\nSupreme Judicial Court of Maine.\nArgued Nov. 5, 1982.\nDecided Nov. 30, 1982.\nJames A. McKenna, III, Asst. Atty. Gen. (orally), Augusta, for plaintiff.\nSanborn, Moreshead, Schade & Dawson, Charles S. Belsky (orally), Augusta, for defendant.\nBefore McKUSICK, C.J., and GODFREY, NICHOLS, ROBERTS, CARTER and YIOLETTE, JJ."
  },
  "file_name": "0792-01",
  "first_page_order": 838,
  "last_page_order": 839
}
