{
  "id": 7866644,
  "name": "George MANDL, Individual Trading as Mandl's Bakery; Jenny Lee Bakery, Inc.; Potomac Bakery (Sub-Chapter S Corp.); Smith's Bakery, Inc.; Danity Pastry Shoppe, Inc.; Dalo's Bakery, Inc.; Volz and Company, Inc., Trading as Rilling's Bucks County Bakery; Weinrich's, Inc.; Key Bake, Inc.; Pennsylvania Bakers Association of Western Pennsylvania and Master Bakers Business Association of Philadelphia, Appellants, v. COMMONWEALTH of Pennsylvania; Department of Revenue of the Commonwealth of Pennsylvania; Department of Justice, Office of Attorney General of the Commonwealth of Pennsylvania, Appellees",
  "name_abbreviation": "Mandl v. Commonwealth",
  "decision_date": "1995-01-03",
  "docket_number": "",
  "first_page": "297",
  "last_page": "297",
  "citations": [
    {
      "type": "official",
      "cite": "652 A.2d 297"
    }
  ],
  "court": {
    "name_abbreviation": "Pa.",
    "id": 8832,
    "name": "Supreme Court of Pennsylvania"
  },
  "jurisdiction": {
    "id": 6,
    "name_long": "Pennsylvania",
    "name": "Pa."
  },
  "cites_to": [],
  "analysis": {
    "cardinality": 92,
    "char_count": 1016,
    "ocr_confidence": 0.749,
    "pagerank": {
      "raw": 2.1995933875888662e-07,
      "percentile": 0.7606099743909632
    },
    "sha256": "22a579ed5f417cf982b562ce167642147791ef036a7e1c31bc37677975eb7642",
    "simhash": "1:fd398a1aab8af295",
    "word_count": 144
  },
  "last_updated": "2023-07-14T22:44:09.217576+00:00",
  "provenance": {
    "date_added": "2019-08-29",
    "source": "Harvard",
    "batch": "2018"
  },
  "casebody": {
    "judges": [
      "Before NIX, C.J., and FLAHERTY, ZAPPALA, PAPADAKOS, CAPPY, CASTILLE and MONTEMURO, JJ."
    ],
    "parties": [
      "George MANDL, Individual Trading as Mandl\u2019s Bakery; Jenny Lee Bakery, Inc.; Potomac Bakery (Sub-Chapter S Corp.); Smith\u2019s Bakery, Inc.; Danity Pastry Shoppe, Inc.; Dalo\u2019s Bakery, Inc.; Volz and Company, Inc., Trading as Rilling\u2019s Bucks County Bakery; Weinrich\u2019s, Inc.; Key Bake, Inc.; Pennsylvania Bakers Association of Western Pennsylvania and Master Bakers Business Association of Philadelphia, Appellants, v. COMMONWEALTH of Pennsylvania; Department of Revenue of the Commonwealth of Pennsylvania; Department of Justice, Office of Attorney General of the Commonwealth of Pennsylvania, Appellees."
    ],
    "opinions": [
      {
        "text": "ORDER\nPER CURIAM:\nAND NOW, this 3rd day of January, 1995, the Order of Commonwealth Court is affirmed.\nMONTEMURO, J., is sitting by designation.",
        "type": "majority",
        "author": "PER CURIAM:"
      }
    ],
    "attorneys": [
      "Robert H. Maurer and Robert L. Knupp, Harrisburg, for appellant.",
      "Bart J. DeLuca, Harrisburg, for appellee."
    ],
    "corrections": "",
    "head_matter": "George MANDL, Individual Trading as Mandl\u2019s Bakery; Jenny Lee Bakery, Inc.; Potomac Bakery (Sub-Chapter S Corp.); Smith\u2019s Bakery, Inc.; Danity Pastry Shoppe, Inc.; Dalo\u2019s Bakery, Inc.; Volz and Company, Inc., Trading as Rilling\u2019s Bucks County Bakery; Weinrich\u2019s, Inc.; Key Bake, Inc.; Pennsylvania Bakers Association of Western Pennsylvania and Master Bakers Business Association of Philadelphia, Appellants, v. COMMONWEALTH of Pennsylvania; Department of Revenue of the Commonwealth of Pennsylvania; Department of Justice, Office of Attorney General of the Commonwealth of Pennsylvania, Appellees.\nSupreme Court of Pennsylvania.\nSubmitted July 27, 1994.\nDecided Jan. 3, 1995.\nRobert H. Maurer and Robert L. Knupp, Harrisburg, for appellant.\nBart J. DeLuca, Harrisburg, for appellee.\nBefore NIX, C.J., and FLAHERTY, ZAPPALA, PAPADAKOS, CAPPY, CASTILLE and MONTEMURO, JJ."
  },
  "file_name": "0297-01",
  "first_page_order": 367,
  "last_page_order": 367
}
