{
  "id": 7876583,
  "name": "Michael MARRA v. John R. O'LEARY et al.",
  "name_abbreviation": "Marra v. O'Leary",
  "decision_date": "1995-01-25",
  "docket_number": "No. 94-398-Appeal",
  "first_page": "974",
  "last_page": "976",
  "citations": [
    {
      "type": "official",
      "cite": "652 A.2d 974"
    }
  ],
  "court": {
    "name_abbreviation": "R.I.",
    "id": 10179,
    "name": "Supreme Court of Rhode Island"
  },
  "jurisdiction": {
    "id": 15,
    "name_long": "Rhode Island",
    "name": "R.I."
  },
  "cites_to": [
    {
      "cite": "475 A.2d 976",
      "category": "reporters:state_regional",
      "reporter": "A.2d",
      "case_ids": [
        7917906
      ],
      "weight": 4,
      "pin_cites": [
        {
          "page": "984"
        },
        {
          "page": "984"
        }
      ],
      "opinion_index": 0,
      "case_paths": [
        "/a2d/475/0976-01"
      ]
    },
    {
      "cite": "8 U.S.C. \u00a7\u00a7 43",
      "category": "laws:leg_statute",
      "reporter": "U.S.C.",
      "opinion_index": 0
    },
    {
      "cite": "96 L.Ed. 1019",
      "category": "reporters:federal",
      "reporter": "L. Ed.",
      "year": 1951,
      "pin_cites": [
        {
          "page": "1027"
        }
      ],
      "opinion_index": 0
    },
    {
      "cite": "341 U.S. 367",
      "category": "reporters:federal",
      "reporter": "U.S.",
      "case_ids": [
        1148214
      ],
      "weight": 2,
      "year": 1951,
      "pin_cites": [
        {
          "page": "377"
        },
        {
          "page": "788"
        }
      ],
      "opinion_index": 0,
      "case_paths": [
        "/us/341/0367-01"
      ]
    }
  ],
  "analysis": {
    "cardinality": 288,
    "char_count": 3665,
    "ocr_confidence": 0.749,
    "pagerank": {
      "raw": 4.799074266037642e-08,
      "percentile": 0.3014417056747324
    },
    "sha256": "5998c1ecb10cf74f1abf259b9e81ec17b60b5ff8bfae1c1d07230a3cff4007ca",
    "simhash": "1:ea1158f3065727c6",
    "word_count": 590
  },
  "last_updated": "2024-02-27T23:51:13.193093+00:00",
  "provenance": {
    "date_added": "2019-08-29",
    "source": "Harvard",
    "batch": "2018"
  },
  "casebody": {
    "judges": [],
    "parties": [
      "Michael MARRA v. John R. O\u2019LEARY et al."
    ],
    "opinions": [
      {
        "text": "OPINION\nPER CURIAM.\nThis matter came before the Supreme Court on December 14, 1994, pursuant to an order directing all parties to appear and show cause why the issues raised in this appeal should not be summarily decided. In this matter the plaintiff, pro se, has appealed from a Superior Court order granting the defendants\u2019 motion to dismiss under Rule 12(b)(6) of the Superior Court Rules of Civil Procedure on the ground that plaintiffs complaint failed to state a claim upon which relief could be granted.\nAfter reviewing the memoranda submitted by the parties and after hearing their counsel in oral argument, this court concludes that cause has not been shown. The issues will be summarily decided at this time.\nThe defendants in this action are Senator John R. O\u2019Leary, Representative Edith H. Ajello, Senator David E. Bates, and Senator Charles D. Walton, members of the Rhode Island General Assembly assigned to the Joint Committee on Accounts and Claims. Senator O\u2019Leary is chairman of that committee. The defendant, Raymond M. Harrison, is employed as legal counsel to the committee, and defendant Anthony Gomes is the committee\u2019s clerk. In his complaint plaintiff alleged that defendants had engaged in activities that prevented a bill from being passed out of committee to the floor and to ultimate passage. The allegations in plaintiffs complaint involve actions taken by defendants in their capacities as members of the General Assembly or employees of that body. As legislators or legislative employees, defendants are entitled to absolute legislative immunity from suit for actions that fall within the parameters of them positions. In Tenney v. Brandhove, 341 U.S. 367, 377, 71 S.Ct. 783, 788, 96 L.Ed. 1019, 1027 (1951), the Supreme Court re-affirmed the doctrine of legislative immunity and affirmed the dismissal of a suit against California legislators brought under 8 U.S.C. \u00a7\u00a7 43 and 47(3) .\nThis court\u2019s holding in Holmes v. Farmer, 475 A.2d 976 (R.I.1984) is controlling in the matter before us. In that case we said, \u201cInquiry by the court into the actions or motivations of the legislators in proposing, passing, or voting upon a particular piece of legislation * * * falls clearly within the most basic elements of legislative privilege.\u201d Id. at 984. The plaintiffs complaint concerns the members of the committee discussing and voting on proposed legislation. That is precisely the type of activity that legislative immunity was intended to protect. The clerk of the committee and the committee\u2019s legal counsel are also entitled to immunity since \u201c[t]he privilege applies equally to legislative aides and * * * staff members who are engaged in legislative activity.\u201d Id.\nThe reasons for the committee\u2019s actions are irrelevant and beyond the scope of this court\u2019s inquiry. \u201cAn inquiry into the purpose behind legislative discussions or actions would dilute the rationale for the very existence of the privilege.\u201d Holmes, 475 A.2d at 984.\nIt is the opinion of this court that the trial justice, in granting the defendants\u2019 motion to dismiss this action, acted correctly and in conformity with the law.\nTherefore, the plaintiffs appeal is denied and dismissed, the order appealed from is affirmed, and the papers of the case are remanded to the Superior Court.\n. Sections 41 to 43 transferred to sections 1981 to 1983, respectively, of Title 42. Sections 46 to 51 transferred to sections 1984 to 1990, respectively, of Title 42.",
        "type": "majority",
        "author": "PER CURIAM."
      }
    ],
    "attorneys": [
      "Michael Marra, pro se.",
      "Jeffrey Pine, Atty. Gen., Virginia McGinn, Sp. Asst. Atty. Gen., for defendants."
    ],
    "corrections": "",
    "head_matter": "Michael MARRA v. John R. O\u2019LEARY et al.\nNo. 94-398-Appeal.\nSupreme Court of Rhode Island.\nJan. 25, 1995.\nMichael Marra, pro se.\nJeffrey Pine, Atty. Gen., Virginia McGinn, Sp. Asst. Atty. Gen., for defendants."
  },
  "file_name": "0974-01",
  "first_page_order": 1044,
  "last_page_order": 1046
}
