{
  "id": 7912898,
  "name": "Daniel A. BRUNO, Philip R. Herzig, Edward A. Rogers, Edward A. Rogers and Ethel Rogers, as joint tenants, and Guarantee and Trust Co., Trustee FBO Edward Rogers, Petitioners, and Drexel Burnham Lambert Incorporated, a Delaware corporation, Intervenor, v. WESTERN PACIFIC RAILROAD COMPANY, a Delaware corporation, and Union Pacific Corporation, a foreign corporation, Respondents",
  "name_abbreviation": "Bruno v. Western Pacific Railroad",
  "decision_date": "1985-08-09",
  "docket_number": "",
  "first_page": "171",
  "last_page": "175",
  "citations": [
    {
      "type": "official",
      "cite": "498 A.2d 171"
    }
  ],
  "court": {
    "name_abbreviation": "Del. Ch.",
    "id": 9908,
    "name": "Delaware Court of Chancery"
  },
  "jurisdiction": {
    "id": 8,
    "name_long": "Delaware",
    "name": "Del."
  },
  "cites_to": [
    {
      "cite": "761 F.2d 714",
      "category": "reporters:federal",
      "reporter": "F.2d",
      "case_ids": [
        29545,
        3597482
      ],
      "weight": 2,
      "pin_cites": [
        {
          "page": "728"
        }
      ],
      "opinion_index": 0,
      "case_paths": [
        "/f2d/761/0714-01",
        "/us-app-dc/245/0311-01"
      ]
    },
    {
      "cite": "55 L.Ed.2d 800",
      "category": "reporters:federal",
      "reporter": "L. Ed. 2d",
      "year": 1978,
      "opinion_index": 0
    },
    {
      "cite": "98 S.Ct. 1576",
      "category": "reporters:federal",
      "reporter": "S. Ct.",
      "year": 1978,
      "opinion_index": 0
    },
    {
      "cite": "435 U.S. 950",
      "category": "reporters:federal",
      "reporter": "U.S.",
      "case_ids": [
        2275,
        2469,
        2502,
        2766,
        2735,
        2930,
        2419,
        2872,
        2430
      ],
      "year": 1978,
      "opinion_index": 0,
      "case_paths": [
        "/us/435/0950-08",
        "/us/435/0950-01",
        "/us/435/0950-05",
        "/us/435/0950-02",
        "/us/435/0950-03",
        "/us/435/0950-06",
        "/us/435/0950-09",
        "/us/435/0950-04",
        "/us/435/0950-07"
      ]
    },
    {
      "cite": "559 F.2d 408",
      "category": "reporters:federal",
      "reporter": "F.2d",
      "case_ids": [
        942084
      ],
      "opinion_index": 0,
      "case_paths": [
        "/f2d/559/0408-01"
      ]
    },
    {
      "cite": "212 F.Supp. 886",
      "category": "reporters:federal",
      "reporter": "F. Supp.",
      "case_ids": [
        80497
      ],
      "opinion_index": 0,
      "case_paths": [
        "/f-supp/212/0886-01"
      ]
    },
    {
      "cite": "166 F.Supp. 851",
      "category": "reporters:federal",
      "reporter": "F. Supp.",
      "case_ids": [
        453662
      ],
      "pin_cites": [
        {
          "page": "859"
        }
      ],
      "opinion_index": 0,
      "case_paths": [
        "/f-supp/166/0851-01"
      ]
    },
    {
      "cite": "21 L.Ed.2d 705",
      "category": "reporters:federal",
      "reporter": "L. Ed. 2d",
      "year": 1969,
      "opinion_index": 0
    },
    {
      "cite": "89 S.Ct. 713",
      "category": "reporters:federal",
      "reporter": "S. Ct.",
      "year": 1969,
      "opinion_index": 0
    },
    {
      "cite": "393 U.S. 1062",
      "category": "reporters:federal",
      "reporter": "U.S.",
      "case_ids": [
        11419267,
        11419461,
        11419301,
        11419497,
        11419229
      ],
      "year": 1969,
      "opinion_index": 0,
      "case_paths": [
        "/us/393/1062-02",
        "/us/393/1062-04",
        "/us/393/1062-03",
        "/us/393/1062-05",
        "/us/393/1062-01"
      ]
    },
    {
      "cite": "396 F.2d 75",
      "category": "reporters:federal",
      "reporter": "F.2d",
      "case_ids": [
        2148556
      ],
      "opinion_index": 0,
      "case_paths": [
        "/f2d/396/0075-01"
      ]
    },
    {
      "cite": "276 F.Supp. 549",
      "category": "reporters:federal",
      "reporter": "F. Supp.",
      "case_ids": [
        2740485
      ],
      "opinion_index": 0,
      "case_paths": [
        "/f-supp/276/0549-01"
      ]
    },
    {
      "cite": "488 F.2d 1302",
      "category": "reporters:federal",
      "reporter": "F.2d",
      "case_ids": [
        213434,
        3593802
      ],
      "weight": 2,
      "pin_cites": [
        {
          "page": "1305"
        }
      ],
      "opinion_index": 0,
      "case_paths": [
        "/f2d/488/1302-01",
        "/us-app-dc/159/0402-01"
      ]
    },
    {
      "cite": "49 U.S.C. \u00a7 11341",
      "category": "laws:leg_statute",
      "reporter": "U.S.C.",
      "pin_cites": [
        {
          "page": "(a)"
        }
      ],
      "opinion_index": 0
    },
    {
      "cite": "455 A.2d 866",
      "category": "reporters:state_regional",
      "reporter": "A.2d",
      "case_ids": [
        7993802
      ],
      "year": 1983,
      "opinion_index": 0,
      "case_paths": [
        "/a2d/455/0866-01"
      ]
    },
    {
      "cite": "311 A.2d 864",
      "category": "reporters:state_regional",
      "reporter": "A.2d",
      "case_ids": [
        8036563
      ],
      "year": 1973,
      "opinion_index": 0,
      "case_paths": [
        "/a2d/311/0864-01"
      ]
    },
    {
      "cite": "318 Pa.Super. 460",
      "category": "reporters:state",
      "reporter": "Pa. Super.",
      "case_ids": [
        91175
      ],
      "weight": 2,
      "year": 1983,
      "opinion_index": 0,
      "case_paths": [
        "/pa-super/318/0460-01"
      ]
    },
    {
      "cite": "84 L.Ed.2d 322",
      "category": "reporters:federal",
      "reporter": "L. Ed. 2d",
      "year": 1985,
      "opinion_index": 0
    },
    {
      "cite": "105 S.Ct. 1171",
      "category": "reporters:federal",
      "reporter": "S. Ct.",
      "year": 1985,
      "opinion_index": 0
    },
    {
      "cite": "736 F.2d 708",
      "category": "reporters:federal",
      "reporter": "F.2d",
      "case_ids": [
        3799659,
        587647
      ],
      "pin_cites": [
        {
          "page": "726"
        }
      ],
      "opinion_index": 0,
      "case_paths": [
        "/us-app-dc/237/0099-01",
        "/f2d/736/0708-01"
      ]
    },
    {
      "cite": "92 L.Ed. 1305",
      "category": "reporters:federal",
      "reporter": "L. Ed.",
      "year": 1948,
      "opinion_index": 0
    },
    {
      "cite": "334 U.S. 182",
      "category": "reporters:federal",
      "reporter": "U.S.",
      "case_ids": [
        6157633
      ],
      "weight": 10,
      "year": 1948,
      "pin_cites": [
        {
          "page": "197-98"
        },
        {
          "page": "966-67",
          "parenthetical": "footnote omitted"
        },
        {
          "page": "201"
        },
        {
          "page": "968"
        },
        {
          "page": "198-199"
        },
        {
          "page": "966-967"
        },
        {
          "page": "201"
        },
        {
          "page": "968"
        }
      ],
      "opinion_index": 0,
      "case_paths": [
        "/us/334/0182-01"
      ]
    }
  ],
  "analysis": {
    "cardinality": 745,
    "char_count": 15034,
    "ocr_confidence": 0.745,
    "pagerank": {
      "raw": 2.2638173808015896e-07,
      "percentile": 0.7829527899116898
    },
    "sha256": "d6efac54eb9e74ae1093c445e422cf85845565b012d951355ae87f0a06592ea6",
    "simhash": "1:afe8cf460940de28",
    "word_count": 2345
  },
  "last_updated": "2024-02-27T23:49:52.172005+00:00",
  "provenance": {
    "date_added": "2019-08-29",
    "source": "Harvard",
    "batch": "2018"
  },
  "casebody": {
    "judges": [],
    "parties": [
      "Daniel A. BRUNO, Philip R. Herzig, Edward A. Rogers, Edward A. Rogers and Ethel Rogers, as joint tenants, and Guarantee and Trust Co., Trustee FBO Edward Rogers, Petitioners, and Drexel Burnham Lambert Incorporated, a Delaware corporation, Intervenor, v. WESTERN PACIFIC RAILROAD COMPANY, a Delaware corporation, and Union Pacific Corporation, a foreign corporation, Respondents."
    ],
    "opinions": [
      {
        "text": "BERGER, Vice Chancellor.\nPetitioners filed this appraisal action pursuant to 8 Del. C. \u00a7 262 following the cash-out merger between respondents, Western Pacific Railroad Company (\u201cWes Pac\u201d) and Union Pacific Corporation (\u201cUnion Pacific\u201d). With a trial date rapidly approaching, respondents have questioned this Court\u2019s subject matter jurisdiction inasmuch as this merger between two railroads was approved by the Interstate Commerce Commission (\u201cICC\u201d) as \u201cjust and reasonable.\u201d At the direction of the Court, the parties briefed the issue of whether Subchapter III of the Interstate Commerce Act, 49 US. C. \u00a7 11341, et seq. (the \u201cAct\u201d), preempts an appraisal remedy in this Court under the holding in Schwabacher v. United States, 334 U.S. 182, 68 S.Ct. 958, 92 L.Ed. 1305 (1948).\nOn January 22,1980 respondents entered into a merger agreement whereby Wes Pac would be merged into a wholly-owned subsidiary of Union Pacific. The following day, in accordance with the agreement, Union Pacific commenced a tender offer for any or all shares of Wes Pac at $20 per share. In its Offer to Purchase, Union Pacific disclosed that those Wes Pac stockholders who dissented from the second step merger might not be entitled to appraisal under the holding in Schwabacher. However, the stockholders were informed that Union Pacific \u201chas agreed that in the event the Merger is consummated, it will not object if, holders of Shares not owned by the Purchaser seek the right to dissent and demand appraisal of their Shares under Delaware law.\u201d Approximately 77% of the Wes Pac common stock outstanding was tendered.\nFollowing the tender offer, in September, 1980, Union Pacific applied for ICC approval of the proposed merger. The ICC\u2019s 1982 decision approving the merger was appealed to the United States Court of Appeals for the District of Columbia Circuit. On appeal, respondents took the position that Schwabacher did not eliminate the right to appraisal because \u201cby contract\u201d Union Pacific had allowed the Wes Pac stockholders to seek appraisal under the Delaware statute. The Court of Appeals affirmed the ICC\u2019s stock valuation determination, finding that its methodology was reasonable and its conclusions supported by substantial evidence. Southern Pacific Transportation Co. v. ICC, 736 F.2d 708, 726 (D.C. Cir.1984), cert. denied sub nom, Kansas City Southern Railway Co. v. United States, \u2014 U.S. -, 105 S.Ct. 1171, 84 L.Ed.2d 322 (1985).\nRespondents proceeded with the merger while the ICC's decision was on appeal. In the merger proxy statement dated May 2, 1983, the Wes Pac stockholders again were advised of the holding in Schwabacher and that, \u201c[njevertheless, Union Pacific has agreed that it will not object if [Wes Pac stockholders] demand appraisal....\u201d The merger was approved at a stockholder\u2019s meeting on May 24, 1983. However, a large percentage of the minority stockholders dissented from the merger and are attempting to exercise their appraisal rights.\nPetitioners instituted this appraisal proceeding in July, 1983 and trial has been scheduled to begin on September 16, 1985. By letter dated March 29, 1985, counsel for respondents brought Schwabacher to the Court\u2019s attention and suggested that this Court lacks jurisdiction to hear the appraisal claims.\nWere it not for the fact that this Court\u2019s jurisdiction has been called into question, I would not hesitate to proceed with the trial. Respondents\u2019 representations to the Wes Pac stockholders and their position before the Court of Appeals should, as a matter of equity, preclude them from advancing a contrary position in this Court. However, in the absence of subject matter jurisdiction, a decision in this proceeding would be a nullity. Dover v. Philadelphia Housing Authority, 318 Pa.Super. 460, 465 A.2d 644 (1983). The parties to an action may not confer subject matter jurisdiction by agreement, Maxwell v. Vetter, Del.Supr., 311 A.2d 864 (1973), and the Court cannot acquire jurisdiction by estoppel. Bruce E.M. v. Dorothea A.M., Del.Supr., 455 A.2d 866 (1983). Accordingly, this Court must decide the jurisdictional question notwithstanding respondents\u2019 prior representations or its \u201ccontract\u201d with the Wes Pac dissenters.\nThe Interstate Commerce Act grants the ICC exclusive jurisdiction to consider and approve certain mergers and consolidations. 49 U.S. C. \u00a7 11341, et. seq. The Act sets forth the types of transactions to which the ICC\u2019s approval authority applies (\u00a7 11343) and the considerations which guide that decision (\u00a7 11344). The section of the Act at issue provides:\nThe authority of the Interstate Commerce Commission under this subchapter is exclusive. A carrier or corporation participating in or resulting from a transaction approved by or exempted by the Commission under this subchapter may carry out the transaction, own and operate property, and exercise control or franchises acquired through the transaction without the approval of a State authority. A carrier, corporation, or person participating in that approved or exempted transaction is exempt from the antitrust laws and from all other law, including State and municipal law, as necessary to let that person carry out the transaction, hold, maintain, and operate property, and exercise control or franchises acquired through the transaction. 49 U.S.C. \u00a7 11341(a).\nIn Schwabacher, the Supreme Court analyzed the predecessor to \u00a7 11341. That case involved the merger of Pere Marquette Railway Company (\u201cPere Marquette\u201d), a Michigan corporation, with the Chesapeake and Ohio Railway Company (\u201cC & O\u201d), a Virginia corporation. At the time of the merger, dividends on Pere Marquette\u2019s cumulative preferred stock were in arrears in the amount of $72.50 per share but the value of the C & 0 stock to be exchanged in the merger for the Pere Marquette preferred stock did not include the amount of the accumulated unpaid dividends. Appellants claimed that the merger constituted a dissolution or winding up and that, under Michigan law, they were entitled to receive payment for their shares at par plus unpaid dividends.\nThe ICC held that the merger terms were just and reasonable as to each class of stockholders and approved the merger. However, the ICC declined to decide the Michigan law question, stating that Pere Marquette and C & 0 were free to settle controversies with dissenting stockholders through negotiation and litigation in the courts. The ICC did find that any additional amounts which might be payable as a result of further action by the dissenting stockholders would not involve a burden of excessive expenditure considering C & O\u2019s assets and the maximum possible cost that would be involved in resolving the dissenters\u2019 claims.\nThe Supreme Court reversed, holding that liquidation rights granted to dissenting stockholders by state law do not survive the ICC\u2019s approval of the merger as just and reasonable. After reviewing the history of the Act, the Court stated:\nIt appears to us inconsistent with the Interstate Commerce Act for the Commission to leave claims growing out of the capital structure of one of the constituent companies to be added to the obligations of the surviving carrier, contingent upon the decision of some other tribunal or agreement of the parties themselves. We think that the Commission must pass upon and approve all capital liabilities which the merged company will assume or discharge as a result of the merger.\n******\nWe think the Commission was in error in assuming that it did not have, or was at liberty to renounce or delegate, power finally to settle the amount of capital liabilities of the new company and the proportion or amount thereof which each class of stockholders should receive on account of its contributions to the new entity.\nSchwabacher v. United States, supra, 334 U.S. at 197-98, 68 S.Ct. at 966-67 (footnote omitted).\nThe Court noted that the ICC\u2019s jurisdiction is \u201cplenary\u201d and \u201cexclusive\u201d and held that, \u201cno rights alleged to have been granted to dissenting stockholders by state law provision concerning liquidation survive the merger agreement approved ... by the Commission as just and reasonable.\u201d Id. at 201, 68 S.Ct. at 968.\nConsistent with the language quoted above, Schwabacher has been applied in more recent decisions holding that dissenting stockholders\u2019 state law rights are preempted by ICC approval of the merger at issue. In Altman v. Central of Georgia Railway Company, 488 F.2d 1302 (D.C.Cir.1973), for example, the court affirmed the dismissal of a state law action to compel the payment of dividends on preferred stock, holding:\nIt would appear, thus, that Schwa-bacher is dispositive of the litigation before us. Appellants\u2019 claim of right to additional dividends derives solely from state law, and it does not survive the final order of the Commission approving the consolidation, ... Id. at 1305.\nSimilarly, in Suffin v. Pennsylvania Railroad Company, 276 F.Supp. 549 (D.Del.1967), aff'd., 396 F.2d 75 (3rd Cir.1968), cert. denied, 393 U.S. 1062, 89 S.Ct. 713, 21 L.Ed.2d 705 (1969), after concluding that Schwabacher applies to the statutory provision governing ICC approval of securities transactions as well as the provision governing mergers, the court held that it lacked subject matter jurisdiction to hear a derivative suit challenging the terms of an ICC approved exchange of certain railroad securities. See also Stott v. United States, 166 F.Supp. 851, 859 (S.D.N.Y.1958) (ICC, in approving merger, looks only to the Act and dissenting stockholders are not entitled to any special rights conferred on them as dissenters under state law); Fried v. United States, 212 F.Supp. 886 (S.D.N.Y.1963) (same).\nPetitioners contend that the Act does not preempt state statutes relating to dissenters\u2019 rights. Instead, \u00a7 11341 exempts railroad mergers from such state laws \u201cas necessary\u201d to carry out the transaction. An exemption, they argue, must be based upon a factual determination by the ICC that the exemption is required and an exemption may be waived. From this premise, petitioners argue that exemption is not necessary in this case where Union Pacific has assets in excess of $10 billion. Alternatively, petitioners contend that respondents have waived any exemption as to the Delaware appraisal statute by their pri- or conduct noted above. Petitioners submit that Schwabacher does not apply because the Court there only addressed the ICC\u2019s merger approval authority and not its exemption authority.\nPetitioners\u2019 argument relies upon an overly narrow reading of Schwabacher and on other federal authority which is distinguishable. The Supreme Court in Schwa-bacher necessarily passed upon the ICC's \u201cexemption authority\u201d in analyzing its merger approval authority. For example, in discussing the standards governing the ICC's decisions, the Court noted that the merger must be in the public interest and that the merger terms must be just and reasonable to the stockholders. If those merger terms were subject to alteration by separate state law proceedings, the Court stated that the \u201cjust and reasonable\u201d determination would be \u201clargely meaningless.\u201d Schwabacher v. United States, supra, 334 U.S. at 198-199, 68 S.Ct. at 966-967. Following an analysis of the factors relevant to a stock valuation under the Act, the Supreme Court concluded:\nWhen stockholders are given what it is just and reasonable they should have, the Interstate Commerce Act does not permit state law to impose greater obligations on the financial structure of the merging railroads with consequent increased calls upon their assets or earning capacity. Id. at 201, 68 S.Ct. at 968.\nThus, the Schwabacher decision effectively holds that state laws providing dissenters\u2019 rights are necessarily exempted under the Act.\nThe cases relied upon by petitioners as evidence of a more limited interpretation of Schwabacher do not involve state laws governing stockholders\u2019 rights. In City of Palestine, Texas v. United States, 559 F.2d 408 (5th Cir.1977), cert. denied, 435 U.S. 950, 98 S.Ct. 1576, 55 L.Ed.2d 800 (1978), the Court held that the ICC had exceeded its merger approval authority by voiding a contract which was not germane to the success of the merger. The contract, between Missouri Pacific Railroad Company (\u201cMo-Pac\u201d) and the City of Palestine Texas, required Mo-Pac to maintain a specified number of employees in Palestine. The Court noted that the Palestine Agreement, although a burden on Mo-Pac, presented no obstacle to the merger and that the ICC\u2019s approval of a merger may overturn state law only where necessary to carry out the transaction.. Since the Palestine Agreement did not affect the merger, the ICC was without authority to nullify Mo-Pac\u2019s contractual obligations.\nIt is noteworthy that the Court in City of Palestine distinguished Schwabacher as being a case where the stockholders insisted upon compensation in excess of the amount found just and reasonable by the ICC. Schwabacher and two other authorities were described as being \u201ccases approving the ICC\u2019s nullification of state law, [where] the laws stood in the way of the approved transaction.\u201d Id. at 415. Petitioners here, likewise, are seeking compensation beyond that found just and reasonable by the ICC.\nThe decision in Brotherhood of Locomotive Engineers v. ICC, 761 F.2d 714 (D.C.Cir.1985) does not advance petitioners\u2019 argument either. In Brotherhood the court held that the ICC cannot exempt railroads from the provisions of the Railway Labor Act without supplying a reasoned basis for the conclusion that such an exemption is necessary to the transaction. In Brotherhood as in City of Palestine, the court distinguished Schwabacher as being a case where the preempted law posed an obstacle to the transaction. Id. at 728.\nBased upon the foregoing, I conclude that Schwabacher is controlling and that this action must be dismissed for lack of subject matter jurisdiction. This holding does not purport to deny petitioners the right to pursue other claims relating to the merger. It is limited solely to the availability of the statutory appraisal proceeding. I request respondents to submit a form of order in accordance with this decision, on notice.",
        "type": "majority",
        "author": "BERGER, Vice Chancellor."
      }
    ],
    "attorneys": [
      "Joseph A. Rosenthal, Morris & Rosen-thal, P.A., Wilmington, Attys. for petitioners in C.A. No. 7250.",
      "Eliot Alazraki, Eliot Alazraki, P.A., Wilmington, Attys. for petitioners in C.A. No. 7274.",
      "Vernon R. Proctor, Prickett, Jones, Elliott, Kristol & Schnee, Wilmington, Attys. for intervenor.",
      "R. Franklin Balotti, Richards, Layton & Finger, Wilmington, Attys. for respondents."
    ],
    "corrections": "",
    "head_matter": "Daniel A. BRUNO, Philip R. Herzig, Edward A. Rogers, Edward A. Rogers and Ethel Rogers, as joint tenants, and Guarantee and Trust Co., Trustee FBO Edward Rogers, Petitioners, and Drexel Burnham Lambert Incorporated, a Delaware corporation, Intervenor, v. WESTERN PACIFIC RAILROAD COMPANY, a Delaware corporation, and Union Pacific Corporation, a foreign corporation, Respondents.\nCourt of Chancery of Delaware, New Castle County.\nSubmitted: July 16, 1985.\nDecided: Aug. 9, 1985.\nJoseph A. Rosenthal, Morris & Rosen-thal, P.A., Wilmington, Attys. for petitioners in C.A. No. 7250.\nEliot Alazraki, Eliot Alazraki, P.A., Wilmington, Attys. for petitioners in C.A. No. 7274.\nVernon R. Proctor, Prickett, Jones, Elliott, Kristol & Schnee, Wilmington, Attys. for intervenor.\nR. Franklin Balotti, Richards, Layton & Finger, Wilmington, Attys. for respondents."
  },
  "file_name": "0171-01",
  "first_page_order": 219,
  "last_page_order": 223
}
