{
  "id": 7912999,
  "name": "Edward A. JACKSON, Appellant, v. UNITED STATES, Appellee",
  "name_abbreviation": "Jackson v. United States",
  "decision_date": "1985-09-04",
  "docket_number": "No. 83-995",
  "first_page": "185",
  "last_page": "190",
  "citations": [
    {
      "type": "official",
      "cite": "498 A.2d 185"
    }
  ],
  "court": {
    "name_abbreviation": "D.C.",
    "id": 11933,
    "name": "District of Columbia Court of Appeals"
  },
  "jurisdiction": {
    "id": 56,
    "name_long": "District of Columbia",
    "name": "D.C."
  },
  "cites_to": [
    {
      "cite": "399 U.S. 78",
      "category": "reporters:federal",
      "reporter": "U.S.",
      "case_ids": [
        6168686
      ],
      "weight": 2,
      "year": 1970,
      "pin_cites": [
        {
          "page": "100"
        },
        {
          "page": "1905"
        }
      ],
      "opinion_index": 0,
      "case_paths": [
        "/us/399/0078-01"
      ]
    },
    {
      "cite": "326 A.2d 247",
      "category": "reporters:state_regional",
      "reporter": "A.2d",
      "case_ids": [
        8028798
      ],
      "opinion_index": 0,
      "case_paths": [
        "/a2d/326/0247-01"
      ]
    },
    {
      "cite": "377 A.2d 40",
      "category": "reporters:state_regional",
      "reporter": "A.2d",
      "case_ids": [
        7976961
      ],
      "pin_cites": [
        {
          "page": "43-44"
        }
      ],
      "opinion_index": 0,
      "case_paths": [
        "/a2d/377/0040-01"
      ]
    },
    {
      "cite": "402 A.2d 822",
      "category": "reporters:state_regional",
      "reporter": "A.2d",
      "case_ids": [
        8042222
      ],
      "pin_cites": [
        {
          "page": "824-27"
        }
      ],
      "opinion_index": 0,
      "case_paths": [
        "/a2d/402/0822-01"
      ]
    },
    {
      "cite": "420 A.2d 1216",
      "category": "reporters:state_regional",
      "reporter": "A.2d",
      "case_ids": [
        7994886
      ],
      "pin_cites": [
        {
          "page": "1218"
        }
      ],
      "opinion_index": 0,
      "case_paths": [
        "/a2d/420/1216-01"
      ]
    },
    {
      "cite": "439 A.2d 461",
      "category": "reporters:state_regional",
      "reporter": "A.2d",
      "case_ids": [
        7942236
      ],
      "pin_cites": [
        {
          "page": "463"
        }
      ],
      "opinion_index": 0,
      "case_paths": [
        "/a2d/439/0461-01"
      ]
    },
    {
      "cite": "391 A.2d 772",
      "category": "reporters:state_regional",
      "reporter": "A.2d",
      "case_ids": [
        8082327
      ],
      "pin_cites": [
        {
          "page": "776"
        }
      ],
      "opinion_index": 0,
      "case_paths": [
        "/a2d/391/0772-01"
      ]
    },
    {
      "cite": "292 A.2d 800",
      "category": "reporters:state_regional",
      "reporter": "A.2d",
      "case_ids": [
        11252669
      ],
      "weight": 3,
      "pin_cites": [
        {
          "page": "802"
        }
      ],
      "opinion_index": 0,
      "case_paths": [
        "/a2d/292/0800-01"
      ]
    },
    {
      "cite": "262 A.2d 110",
      "category": "reporters:state_regional",
      "reporter": "A.2d",
      "case_ids": [
        8077988
      ],
      "weight": 2,
      "year": 1970,
      "pin_cites": [
        {
          "page": "111"
        },
        {
          "page": "111"
        }
      ],
      "opinion_index": 0,
      "case_paths": [
        "/a2d/262/0110-01"
      ]
    },
    {
      "cite": "296 A.2d 615",
      "category": "reporters:state_regional",
      "reporter": "A.2d",
      "case_ids": [
        8049072
      ],
      "pin_cites": [
        {
          "page": "617"
        }
      ],
      "opinion_index": 0,
      "case_paths": [
        "/a2d/296/0615-01"
      ]
    },
    {
      "cite": "385 A.2d 744",
      "category": "reporters:state_regional",
      "reporter": "A.2d",
      "case_ids": [
        7990659
      ],
      "weight": 5,
      "pin_cites": [
        {
          "page": "746-47"
        },
        {
          "page": "747"
        },
        {
          "page": "747"
        }
      ],
      "opinion_index": 0,
      "case_paths": [
        "/a2d/385/0744-01"
      ]
    },
    {
      "cite": "704 F.2d 267",
      "category": "reporters:federal",
      "reporter": "F.2d",
      "case_ids": [
        1854831
      ],
      "pin_cites": [
        {
          "page": "271-73"
        }
      ],
      "opinion_index": 0,
      "case_paths": [
        "/f2d/704/0267-01"
      ]
    },
    {
      "cite": "262 A.2d 106",
      "category": "reporters:state_regional",
      "reporter": "A.2d",
      "case_ids": [
        8077908
      ],
      "weight": 2,
      "pin_cites": [
        {
          "page": "108-09"
        }
      ],
      "opinion_index": 0,
      "case_paths": [
        "/a2d/262/0106-01"
      ]
    },
    {
      "cite": "81 A.2d 651",
      "category": "reporters:state_regional",
      "reporter": "A.2d",
      "case_ids": [
        8146646
      ],
      "year": 1951,
      "pin_cites": [
        {
          "page": "653"
        }
      ],
      "opinion_index": 0,
      "case_paths": [
        "/a2d/81/0651-01"
      ]
    },
    {
      "cite": "229 A.2d 451",
      "category": "reporters:state_regional",
      "reporter": "A.2d",
      "case_ids": [
        8090918
      ],
      "pin_cites": [
        {
          "page": "452"
        }
      ],
      "opinion_index": 0,
      "case_paths": [
        "/a2d/229/0451-01"
      ]
    },
    {
      "cite": "317 U.S. 269",
      "category": "reporters:federal",
      "reporter": "U.S.",
      "case_ids": [
        303755
      ],
      "weight": 13,
      "year": 1942,
      "pin_cites": [
        {
          "page": "277-78"
        },
        {
          "page": "240-41"
        },
        {
          "page": "278"
        },
        {
          "page": "241"
        },
        {
          "page": "277-78"
        },
        {
          "page": "240-41"
        },
        {
          "page": "278"
        },
        {
          "page": "241"
        },
        {
          "page": "278"
        },
        {
          "page": "241"
        },
        {
          "page": "277-78"
        },
        {
          "page": "240-41"
        }
      ],
      "opinion_index": 0,
      "case_paths": [
        "/us/317/0269-01"
      ]
    },
    {
      "cite": "281 U.S. 276",
      "category": "reporters:federal",
      "reporter": "U.S.",
      "case_ids": [
        3912766
      ],
      "weight": 13,
      "year": 1930,
      "pin_cites": [
        {
          "page": "312"
        },
        {
          "page": "263"
        },
        {
          "page": "308"
        },
        {
          "page": "261"
        },
        {
          "page": "298, 312"
        },
        {
          "page": "258, 263"
        },
        {
          "page": "312"
        },
        {
          "page": "263"
        },
        {
          "page": "312-13"
        },
        {
          "page": "263"
        },
        {
          "page": "312"
        },
        {
          "page": "263"
        }
      ],
      "opinion_index": 0,
      "case_paths": [
        "/us/281/0276-01"
      ]
    },
    {
      "cite": "422 U.S. 454",
      "category": "reporters:federal",
      "reporter": "U.S.",
      "case_ids": [
        9547
      ],
      "weight": 4,
      "year": 1975,
      "pin_cites": [
        {
          "page": "476"
        },
        {
          "page": "2190",
          "parenthetical": "\"In determining the boundary between petty and serious contempts for purposes of applying the Sixth Amendment jury trial guarantee ... a punishment of more than six months in prison could not be ordered without making a jury trial available to the defendant....\""
        },
        {
          "parenthetical": "\"In determining the boundary between petty and serious contempts for purposes of applying the Sixth Amendment jury trial guarantee ... a punishment of more than six months in prison could not be ordered without making a jury trial available to the defendant....\""
        }
      ],
      "opinion_index": 0,
      "case_paths": [
        "/us/422/0454-01"
      ]
    },
    {
      "cite": "251 A.2d 644",
      "category": "reporters:state_regional",
      "reporter": "A.2d",
      "case_ids": [
        8081013
      ],
      "year": 1969,
      "pin_cites": [
        {
          "page": "645"
        }
      ],
      "opinion_index": 0,
      "case_paths": [
        "/a2d/251/0644-01"
      ]
    },
    {
      "cite": "127 U.S. 540",
      "category": "reporters:federal",
      "reporter": "U.S.",
      "case_ids": [
        3531534
      ],
      "weight": 3,
      "year": 1888,
      "pin_cites": [
        {
          "page": "557"
        },
        {
          "page": "1307"
        }
      ],
      "opinion_index": 0,
      "case_paths": [
        "/us/127/0540-01"
      ]
    },
    {
      "cite": "195 U.S. 65",
      "category": "reporters:federal",
      "reporter": "U.S.",
      "case_ids": [
        3634074
      ],
      "weight": 9,
      "year": 1904,
      "pin_cites": [
        {
          "page": "68-71"
        },
        {
          "page": "827-28"
        },
        {
          "page": "69-70"
        },
        {
          "page": "827"
        },
        {
          "page": "68"
        },
        {
          "page": "826"
        },
        {
          "page": "67, 71-72"
        },
        {
          "page": "828"
        }
      ],
      "opinion_index": 0,
      "case_paths": [
        "/us/195/0065-01"
      ]
    },
    {
      "cite": "282 U.S. 63",
      "category": "reporters:federal",
      "reporter": "U.S.",
      "case_ids": [
        6931565
      ],
      "weight": 7,
      "year": 1930,
      "pin_cites": [
        {
          "page": "72-73"
        },
        {
          "page": "53"
        },
        {
          "page": "72-73"
        },
        {
          "page": "53"
        },
        {
          "page": "73"
        },
        {
          "page": "53"
        }
      ],
      "opinion_index": 0,
      "case_paths": [
        "/us/282/0063-01"
      ]
    },
    {
      "cite": "86 S.Ct. 1523",
      "category": "reporters:federal",
      "reporter": "S. Ct.",
      "case_ids": [
        12045546
      ],
      "weight": 2,
      "year": 1966,
      "pin_cites": [
        {
          "page": "1525"
        }
      ],
      "opinion_index": 0,
      "case_paths": [
        "/us/384/0373-01"
      ]
    },
    {
      "cite": "884 U.S. 373",
      "category": "reporters:federal",
      "reporter": "U.S.",
      "year": 1966,
      "pin_cites": [
        {
          "page": "379"
        }
      ],
      "opinion_index": 0
    },
    {
      "cite": "300 U.S. 617",
      "category": "reporters:federal",
      "reporter": "U.S.",
      "case_ids": [
        336731
      ],
      "weight": 9,
      "year": 1937,
      "pin_cites": [
        {
          "page": "624"
        },
        {
          "page": "661"
        },
        {
          "page": "624"
        },
        {
          "page": "661"
        },
        {
          "page": "625"
        },
        {
          "page": "662"
        },
        {
          "page": "625"
        },
        {
          "page": "662"
        }
      ],
      "opinion_index": 0,
      "case_paths": [
        "/us/300/0617-01"
      ]
    },
    {
      "cite": "380 U.S. 24",
      "category": "reporters:federal",
      "reporter": "U.S.",
      "case_ids": [
        1525354
      ],
      "weight": 8,
      "year": 1965,
      "pin_cites": [
        {
          "page": "31"
        },
        {
          "page": "788"
        },
        {
          "page": "33-34"
        },
        {
          "page": "789"
        },
        {
          "page": "34"
        },
        {
          "page": "34"
        },
        {
          "page": "789"
        }
      ],
      "opinion_index": 0,
      "case_paths": [
        "/us/380/0024-01"
      ]
    },
    {
      "cite": "399 U.S. 66",
      "category": "reporters:federal",
      "reporter": "U.S.",
      "case_ids": [
        6168449
      ],
      "weight": 15,
      "year": 1970,
      "pin_cites": [
        {
          "page": "72",
          "parenthetical": "plurality opinion"
        },
        {
          "page": "1890",
          "parenthetical": "plurality opinion"
        },
        {
          "parenthetical": "plurality opinion"
        },
        {
          "page": "68"
        },
        {
          "page": "1887"
        },
        {
          "page": "68"
        },
        {
          "page": "1887"
        },
        {
          "page": "69"
        },
        {
          "page": "1888"
        },
        {
          "page": "72",
          "parenthetical": "plurality opinion"
        },
        {
          "page": "1890",
          "parenthetical": "plurality opinion"
        },
        {
          "parenthetical": "plurality opinion"
        }
      ],
      "opinion_index": 0,
      "case_paths": [
        "/us/399/0066-01"
      ]
    },
    {
      "cite": "391 U.S. 145",
      "category": "reporters:federal",
      "reporter": "U.S.",
      "case_ids": [
        1767723
      ],
      "weight": 17,
      "year": 1968,
      "pin_cites": [
        {
          "page": "157-58"
        },
        {
          "page": "1451-52"
        },
        {
          "page": "155-56"
        },
        {
          "page": "1450-51"
        },
        {
          "page": "160"
        },
        {
          "page": "1453"
        },
        {
          "page": "160-61"
        },
        {
          "page": "1453"
        },
        {
          "page": "159"
        },
        {
          "page": "1452"
        },
        {
          "page": "158"
        },
        {
          "page": "1452"
        },
        {
          "page": "157-58"
        },
        {
          "page": "1451-52"
        },
        {
          "page": "156"
        },
        {
          "page": "1451"
        }
      ],
      "opinion_index": 0,
      "case_paths": [
        "/us/391/0145-01"
      ]
    },
    {
      "cite": "D.C. Code \u00a7 16-705",
      "category": "laws:leg_statute",
      "reporter": "D.C. Code",
      "weight": 2,
      "year": 1981,
      "pin_cites": [
        {
          "page": "(a)"
        }
      ],
      "opinion_index": 0
    },
    {
      "cite": "D.C. Code \u00a7 22-3204",
      "category": "laws:leg_statute",
      "reporter": "D.C. Code",
      "weight": 3,
      "year": 1981,
      "opinion_index": 0
    }
  ],
  "analysis": {
    "cardinality": 887,
    "char_count": 15782,
    "ocr_confidence": 0.77,
    "pagerank": {
      "raw": 1.6801075023009317e-07,
      "percentile": 0.6974418199671101
    },
    "sha256": "85444ad122edd9012cec8232294c94685552e43eac233c4107a6d768d8beec00",
    "simhash": "1:f7a0a774271e0536",
    "word_count": 2753
  },
  "last_updated": "2024-02-27T23:49:52.172005+00:00",
  "provenance": {
    "date_added": "2019-08-29",
    "source": "Harvard",
    "batch": "2018"
  },
  "casebody": {
    "judges": [
      "Before BELSON and ROGERS, Associate Judges, and REILLY, Chief Judge, Retired."
    ],
    "parties": [
      "Edward A. JACKSON, Appellant, v. UNITED STATES, Appellee."
    ],
    "opinions": [
      {
        "text": "BELSON, Associate Judge.\nAppellant was convicted by the trial court sitting without a jury of carrying a pistol without a license, D.C. Code \u00a7 22-3204 (1981), possession of an unregistered firearm, id. \u00a7 6-2311, and possession of ammunition without valid registration, id. \u00a7 6-2361 (amended 1983). He argues on appeal that he was deprived of his constitutional right to trial by jury because the trial court failed to inquire whether he wished to waive that right. We agree and reverse.\nAppellant was arraigned on an information charging him with commission of the aforementioned three offenses. He entered pleas of not guilty and demanded a jury trial. A hearing was held on his motion to suppress evidence regarding a loaded pistol that the police had found near him and seized at the time of his arrest. After receiving testimony from two police officers and from appellant, the court denied his motion. The court also denied appellant\u2019s request for certain preliminary rulings about the availability at trial of a defense of innocent possession.\nAppellant\u2019s counsel then requested a trial on stipulated facts. He and government counsel proceeded to stipulate that the arresting officers and appellant would all testify at trial precisely as they had at the motion hearing, that the pistol seized near appellant was operable and that appellant had neither a license to carry the pistol nor a firearm registration for it. The court, without conducting any inquiry of appellant, recited its understanding of the stipulation and rendered its verdict, finding appellant guilty of all three charges.\nEntitlement to a trial by jury and the right to waive it are set forth in D.C. Code \u00a7 16-705 (1981) which, in relevant part, states:\n(a) In a criminal case tried in the Superior Court in which, according to the Constitution of the United States, the defendant is entitled to a jury trial, the trial shall be by jury, unless the defendant in open court expressly waives trial by jury and requests trial by the court, and the court and the prosecuting officer consent thereto. In the case of a trial without a jury, the trial shall be by a single judge, whose verdict shall have the same force and effect as that of a jury.\n(b) In any case where the defendant is not under the Constitution of the United States entitled to a trial by jury, the trial shall be by a single judge without a jury, except that if\u2014\n(1) the case involves an offense which is punishable by a fine or penalty or [sic] more than $300 or by imprisonment for more than ninety days (or for more than six months in the case of the offense of contempt of court), and\n(2) the defendant demands a trial by jury and does not subsequently waive a trial by jury in accordance with subsection (a), the trial shall be by jury.\nAdditionally, Super.Ct.Crim.R. 23(a) provides that:\nCases required to be tried by jury shall be so tried unless the defendant in open court orally and in writing waives a jury trial with the approval of the Court and the consent of the prosecuting officer.\nProper application of the statute and the rule prompts a dual inquiry. First, it must be determined whether a criminal charge is such as to entitle defendant to a jury trial. If the defendant is so entitled, the second question is whether he entered a valid waiver of that right. We proceed to address each of these inquiries in turn.\nThe grant of jury trial is a fundamental right. Duncan v. Louisiana, 391 U.S. 145, 157-58, 88 S.Ct. 1444, 1451-52, 20 L.Ed.2d 491 (1968). Its purpose is to prevent the possibility of governmental oppression. Baldwin v. New York, 399 U.S. 66, 72, 90 S.Ct. 1886, 1890, 26 L.Ed.2d 437 (1970) (plurality opinion); Duncan, 391 U.S. at 155-56, 88 S.Ct. at 1450-51; Singer v. United States, 380 U.S. 24, 31, 85 S.Ct. 783, 788, 13 L.Ed.2d 630 (1965). The Constitution twice guarantees the right to trial by jury. Art. III, \u00a7 2, cl. 3 provides that \u201c[t]he Trial of all Crimes, except in Cases of Impeachment, shall be by Jury_\u201d Also, the Sixth Amendment directs that \u201c[i]n all criminal prosecutions, the accused shall enjoy the right to a speedy and public trial, by an impartial jury of the State and district wherein the crime shall have been committed....\u201d The Supreme Court has declared, however, that \u201cthe right of trial by jury ... does not extend to every criminal proceeding.\u201d District of Columbia v. Clawans, 300 U.S. 617, 624, 57 S.Ct. 660, 661, 81 L.Ed. 843 (1937). \u201cSo-called petty offenses were tried without juries both in England and in the Colonies and have always been held to be exempt from the comprehensive language\u201d of the jury trial provisions of the Constitution. Duncan, 391 U.S. at 160, 88 S.Ct. at 1453; Cheff v. Scknackenberg, 884 U.S. 373, 379, 86 S.Ct. 1523, 1525, 16 L.Ed.2d 629 (1966); Clawans, 300 U.S. at 624, 57 S.Ct. at 661; District of Columbia v. Colts, 282 U.S. 63, 72-73, 51 S.Ct. 52, 53, 75 L.Ed. 177 (1930); Schick v. United States, 195 U.S. 65, 68-71, 24 S.Ct. 826, 827-28, 49 L.Ed. 99 (1904); see Callan v. Wilson, 127 U.S. 540, 557, 8 S.Ct. 1301, 1307, 32 L.Ed. 223 (1888). Only those offenses deemed so serious as to rise to the level of crime within the meaning of Art. Ill and the Sixth Amendment entitle the accused to the benefit of a jury trial prescribed therein. See Clawans, 300 U.S. at 625, 57 S.Ct. at 662; Colts, 282 U.S. at 72-73, 51 S.Ct. at 53; Schick, 195 U.S. at 69-70, 24 S.Ct. at 827.\nIn light of this distinction between petty and serious infractions the Court has endeavored to draw a line in the spectrum of crime, separating the two categories. Baldwin, 399 U.S. at 68, 90 S.Ct. at 1887; Duncan, 391 U.S. at 160-61, 88 S.Ct. at 1453. The Court has evaluated the nature of the offense, Colts, 282 U.S. at 73, 51 S.Ct. at 53, as well as the severity of the penalty authorized, Duncan, 391 U.S. at 159, 88 S.Ct. at 1452; Clawans, 300 U.S. at 625, 57 S.Ct. at 662, in determining whether a particular offense is so serious as to require a jury trial. Baldwin, 399 U.S. at 69 n. 6, 90 S.Ct. at 1888 n. 6; Schick, 195 U.S. at 68, 24 S.Ct. at 826; see Gaithor v. United States, 251 A.2d 644, 645 (D.C. 1969). In Baldwin the Court pronounced that the most relevant criterion in deciding whether an offense is petty or serious is the severity of the maximum authorized punishment. 399 U.S. at 68, 90 S.Ct. at 1887. The Court there held that a potential sentence in excess of 6 months\u2019 imprisonment is sufficiently severe to take the offense out of the category of petty and to render it triable by jury. Id. at 69, 90 S.Ct. at 1888; cf. Muniz v. Hoffman, 422 U.S. 454, 476, 95 S.Ct. 2178, 2190, 45 L.Ed.2d 319 (1975) (\u201cIn determining the boundary between petty and serious contempts for purposes of applying the Sixth Amendment jury trial guarantee ... a punishment of more than six months in prison could not be ordered without making a jury trial available to the defendant....\u201d)\nApplying these teachings to the case at bar, it is clear that none of the offenses with which appellant was charged was \u201cpetty\u201d, as that term has been construed by the Supreme Court. The maximum potential sentence of imprisonment for the offense of carrying a pistol without a license is 1 year. D.C.Code \u00a7 22-3204, -3215 (1981). The same penalty is prescribed for the offenses of possession of an unregistered firearm and possession of ammunition without valid registration. Id. \u00a7 6-2376. Under Baldwin, therefore, appellant\u2019s case was one \u201cin which, according to the Constitution of the United States, the defendant is entitled to a jury trial_\u201d D.C.Code \u00a7 16-705(a). Thus, we now turn to the question whether appellant properly waived his right to trial by jury, pursuant to D.C.Code \u00a7 16-705(a) and Super.Ct.Crim.R. 23(a).\nTrial by jury is the constitutionally preferred method of disposing of criminal cases. Patton v. United States, 281 U.S. 276, 312, 50 S.Ct. 253, 263, 74 L.Ed. 854 (1930). Nevertheless, the right to such a trial is one which the accused has the power to waive not only in the case of a petty offense, id. at 308, 50 S.Ct. at 261; Schick, 195 U.S. at 67, 71-72, 24 S.Ct. at 828, but also in one involving a serious crime, Duncan, 391 U.S. at 158, 88 S.Ct. at 1452; Singer, 380 U.S. at 33-34, 85 S.Ct. at 789; Adams v. United States ex rel. McCann, 317 U.S. 269, 277-78, 63 S.Ct. 236, 240-41, 87 L.Ed. 268 (1942); Patton, 281 U.S. at 298, 312, 50 S.Ct. at 258, 263; Eliachar v. United States, 229 A.2d 451, 452 (D.C.1967); United States v. Martin, 81 A.2d 651, 653 (1951). \u201c[S]ince trial by jury confers burdens as well as benefits, an accused should be permitted to forego its privileges when his competent judgment counsels him that his interests are safer in the keeping of the judge than of the jury.\u201d Adams, 317 U.S. at 278, 63 S.Ct. at 241.\nSo important, however, is the right to trial by jury that certain safeguards must attend its waiver. Singer, 380 U.S. at 34. Accordingly, the Supreme Court has held that a waiver of the right to jury trial is effective only if it is the product of \u201cthe express and intelligent consent of the defendant.\u201d Patton, 281 U.S. at 312, 50 S.Ct. at 263; Adams, 317 U.S. at 277-78, 63 S.Ct. at 240-41. \u201cAnd whether or not there is an intelligent, competent, self-protecting waiver of jury trial by an accused must depend upon the unique circumstances of each case.\u201d Adams, 317 U.S. at 278, 63 S.Ct. at 241. The Supreme Court has admonished that\nthe duty of the trial court in that regard is not to be discharged as a mere matter of rote, but with sound and advised discretion, with an eye to avoid unreasonable or undue departures from that mode of trial or from any of the essential elements thereof, and with a caution increasing in degree as the offenses dealt with increase in gravity.\nPatton, 281 U.S. at 312-13, 50 S.Ct. at 263, quoted in Singer, 380 U.S. at 34, 85 S.Ct. at 789; accord Jackson v. United States, 262 A.2d 106, 109 n. 6 (D.C.1970); see also United States v. Martin, 704 F.2d 267, 271-73 (6th Cir.1983) (quoting Patton and discussing responsibilities of trial court with respect to waiver of jury trial).\nIn the exercise of our supervisory power this court has articulated the appropriate procedures for the trial court to follow, pursuant to D.C.Code \u00a7 16-705(a) and Super.Ct.Crim.E. 23(a), when presented with a request for waiver of jury trial. Hawkins v. United States, 385 A.2d 744, 746-47 (D.C.1978); Hicks v. United States, 296 A.2d 615, 617 (D.C.1972); Banks v. United States, 262 A.2d 110, 111 (D.C. 1970); Jackson, 262 A.2d at 108-09; see Payne v. United States, 292 A.2d 800, 802 (D.C.1972). The trial court is responsible for conducting \u201can oral inquiry of the defendant himself in open court, his replies to which indicate that he understands the nature of his right to a jury trial and that he chooses to waive that right.\u201d Hawkins, 385 A.2d at 747. \u201cThe trial judge must also assure that such waiver is contained in the record as it occurred....\u201d Banks, 262 A.2d at 111. A written waiver, signed by the defendant, must accompany the oral waiver. Hawkins, 385 A.2d at 747; Super. Ct.Crim.R. 23(a).\nNowhere in the record before us do we find anything to show that before proceeding to trial without a jury the trial court obtained from appellant himself a valid waiver of his right to jury trial in compliance with the procedures contemplated by D.C.Code \u00a7 16-705(a), Super.Ct. Crim.R. 23(a) and the applicable decisional law. Strict adherence to the waiver procedures was particularly necessary here where the trial was to be conducted on stipulated facts, the consequences of which proceeding appellant may not have appreciated fully. See Glenn v. United States, 391 A.2d 772, 776 (D.C.1978).\nIn view of the trial court\u2019s failure to follow the required procedures, we reverse appellant\u2019s conviction and remand the case with directions to grant a new trial.\nSo ordered.\n. Appellant also assigns as error the trial court\u2019s rejection of his novel theory of an \"innocent possession\u201d defense. See infra note 2. In light of our disposition of this case we decline to rule on that question here.\n. The defense of innocent possession may be available in certain narrowly defined circumstances. E.g., Stewart v. United States, 439 A.2d 461, 463 (D.C.1981); Worthy v. United States, 420 A.2d 1216, 1218 (D.C.1980); Logan v. United States, 402 A.2d 822, 824-27 (D.C.1979); Carey v. United States, 377 A.2d 40, 43-44 (D.C.1977); Hines v. United States, 326 A.2d 247 (D.C.1974); see also Criminal Jury Instructions for the District of Columbia, No. 4.815(B) (3d ed. 1978).\n. The Supreme Court has described the grant of jury trial as \"essential for preventing miscarriages of justice and for assuring that fair trials are provided for all defendants.\u201d Duncan, 391 U.S. at 157-58, 88 S.Ct. at 1451-52. More specifically, \"the jury interposes between the accused and his accuser the judgment of laymen who are less tutored perhaps than a judge or panel of judges, but who at the same time are less likely to function or appear as but another arm of the Government that has proceeded against him.\u201d Baldwin v. New York, 399 U.S. 66, 72, 90 S.Ct. 1886, 1890, 26 L.Ed.2d 437 (1970) (plurality opinion); see also Williams v. Florida, 399 U.S. 78, 100, 90 S.Ct. 1893, 1905, 26 L.Ed.2d 437 (1970); Duncan, 391 U.S. at 156, 88 S.Ct. at 1451.\n. Various considerations may prompt an accused to elect to waive his right to jury trial. The Supreme Court has enumerated some of them:\nThe less rigorous enforcement of the rules of evidence, the greater informality in trial procedure\u2014these are not the only advantages that the absence of a jury may afford to a layman who prefers to make his own defense. In a variety of subtle ways trial by jury may be restrictive of a layman\u2019s opportunities to present his case as freely as he wishes.\nAdams, 317 U.S. at 278, 63 S.Ct. at 241. One commentator has described some other reasons recommending waiver:\nThe defendant may want to waive a jury trial when he feels that a jury panel composed of members of the community will be prejudiced against his case. This may be especially true when the defendant\u2019s alleged crime has received wide publicity or is particularly gruesome. The defendant may also feel that a judge would be less apt than a jury to draw negative conclusions from the defendant\u2019s appearance or manner of speech. Or, he may merely prefer that the arbiter of his fate be one man trained in the law rather than twelve laymen.\nC. Whitelead, Criminal Procedure \u00a7 22.05, at 450 (1980).\n. The effectiveness of a waiver appropriately entered by the defendant also may be conditioned on the consent of the prosecuting attorney and the trial judge. Singer; Adams, 317 U.S. at 277-78, 63 S.Ct. at 240-41; Patton, 281 U.S. at 312, 50 S.Ct. at 263; Hawkins v. United States, 385 A.2d 744, 746 n. 4 (D.C.1978); D.C. Code \u00a7 16-705(a).\n. As was the case in Hawkins, 385 A.2d at 747 n. 5 and Payne, 292 A.2d at 802 n. 4, because \u201cthe transcript appears to have captured in toto the proceedings during which appellant might have waived his right to trial by jury ... we deem unwarranted a remand ... for the purpose of attempting to reconstruct whether appellant waived jury trial in compliance with the rule and the statute.\u201d Id.",
        "type": "majority",
        "author": "BELSON, Associate Judge."
      }
    ],
    "attorneys": [
      "Matthew C. Leefer, appointed by the court, was on briefs for appellant.",
      "Roscoe C. Howard, Jr., Asst. U.S. Atty., Washington, D.C., with whom Joseph E. diGenova, U.S. Atty., Michael W. Farrell, Judith Hetherton and R. Jeffrey Behm, Asst. U.S. Attys., Washington, D.C., were on brief, for appellee."
    ],
    "corrections": "",
    "head_matter": "Edward A. JACKSON, Appellant, v. UNITED STATES, Appellee.\nNo. 83-995.\nDistrict of Columbia Court of Appeals.\nSubmitted April 25,1985.\nDecided Sept. 4, 1985.\nMatthew C. Leefer, appointed by the court, was on briefs for appellant.\nRoscoe C. Howard, Jr., Asst. U.S. Atty., Washington, D.C., with whom Joseph E. diGenova, U.S. Atty., Michael W. Farrell, Judith Hetherton and R. Jeffrey Behm, Asst. U.S. Attys., Washington, D.C., were on brief, for appellee.\nBefore BELSON and ROGERS, Associate Judges, and REILLY, Chief Judge, Retired."
  },
  "file_name": "0185-01",
  "first_page_order": 233,
  "last_page_order": 238
}
