{
  "id": 6067519,
  "name": "Leo Tighe vs. David Rivera and eight related cases",
  "name_abbreviation": "Tighe v. Rivera",
  "decision_date": "1981-02-10",
  "docket_number": "",
  "first_page": "31",
  "last_page": "32",
  "citations": [
    {
      "type": "official",
      "cite": "1981 Mass. App. Div. 31"
    }
  ],
  "court": {
    "name_abbreviation": "Mass. App. Div.",
    "id": 15177,
    "name": "Massachusetts Appellate Division"
  },
  "jurisdiction": {
    "id": 4,
    "name_long": "Massachusetts",
    "name": "Mass."
  },
  "cites_to": [
    {
      "cite": "152 Mass. 268",
      "category": "reporters:state",
      "reporter": "Mass.",
      "case_ids": [
        814015
      ],
      "year": 1890,
      "pin_cites": [
        {
          "page": "270"
        }
      ],
      "opinion_index": 0,
      "case_paths": [
        "/mass/152/0268-01"
      ]
    },
    {
      "cite": "237 Mass. 482",
      "category": "reporters:state",
      "reporter": "Mass.",
      "case_ids": [
        60218
      ],
      "weight": 2,
      "year": 1921,
      "pin_cites": [
        {
          "page": "483-484"
        },
        {
          "page": "483-484"
        }
      ],
      "opinion_index": 0,
      "case_paths": [
        "/mass/237/0482-01"
      ]
    },
    {
      "cite": "242 Mass. 20",
      "category": "reporters:state",
      "reporter": "Mass.",
      "case_ids": [
        3812087
      ],
      "year": 1922,
      "pin_cites": [
        {
          "page": "24"
        }
      ],
      "opinion_index": 0,
      "case_paths": [
        "/mass/242/0020-01"
      ]
    },
    {
      "cite": "287 Mass. 538",
      "category": "reporters:state",
      "reporter": "Mass.",
      "case_ids": [
        924031
      ],
      "year": 1934,
      "pin_cites": [
        {
          "page": "541"
        }
      ],
      "opinion_index": 0,
      "case_paths": [
        "/mass/287/0538-01"
      ]
    },
    {
      "cite": "353 Mass. 465",
      "category": "reporters:state",
      "reporter": "Mass.",
      "case_ids": [
        3863806
      ],
      "year": 1968,
      "pin_cites": [
        {
          "page": "468"
        }
      ],
      "opinion_index": 0,
      "case_paths": [
        "/mass/353/0465-01"
      ]
    }
  ],
  "analysis": {
    "cardinality": 401,
    "char_count": 5080,
    "ocr_confidence": 0.851,
    "pagerank": {
      "raw": 4.03580807328026e-08,
      "percentile": 0.1730429071347403
    },
    "sha256": "78091be58ad7f62443a8fbe5488e10100d6c2c86ca3516a46f92ae8f11dbc87f",
    "simhash": "1:88d145e972bc28e5",
    "word_count": 850
  },
  "last_updated": "2024-02-27T22:36:34.962906+00:00",
  "provenance": {
    "date_added": "2019-08-29",
    "source": "Harvard",
    "batch": "2018"
  },
  "casebody": {
    "judges": [
      "Present: Cowdrey, P.J., Feloney & Flynn, JJ."
    ],
    "parties": [
      "Leo Tighe vs. David Rivera and eight related cases."
    ],
    "opinions": [
      {
        "text": "Cowdrey, P.J.\nThis is an action in tort for property damages. The sole question posited for review is the propriety of the trial court\u2019s sua sponte dismissal of the plaintiffs complaint on the grounds of improper venue.\nThe report and docket entries indicate the following: Upon the defendant\u2019s failure to answer the plaintiff\u2019s complaint, the plaintiff filed a Dist./Mun. Cts. R. Civ. P. Rule 55(a) motion for a default. A default was subsequently entered against the defendant. A hearing for the assessment of damages and for the entry of a default judgment was thereafter held pursuant to a Rule 55(b) (2) motion filed by the plaintiff. The defendant did not appear at the hearing, and the matter was taken under advisement by the Trial justice.\nThe case was eventually dismissed sua sponte by the trial court and costs were awarded to the absent defendant. The apparent basis of the court\u2019s dismissal order was a G. L. c.223 question of improper venue.\n1. A charge of improper venue is generally an affirmative defense that is deemed waived if not seasonably pleaded or otherwise raised. Dist./Mun. Cts. R. Civ. P. Rule 12(h); Sebastian v. Carroll, 353 Mass. 465, 468 (1968); Universal Supply Co. v. Hildreth, 287 Mass. 538, 541 (1934); Maker v. Bouthier, 242 Mass. 20, 24 (1922). Unlike jurisdiction, venue is essentially a procedural matter which in no way affects or challenges the inherent authority of a district court forum to entertain and to dispose of the matter in controversy. Paige v. Sinclair, 237 Mass. 482, 483-484 (1921); Hazard v. Wason, 152 Mass. 268, 270(1890). It is obvious that any defect in venue inherent in the case sub judice must be deemed to have been waived in view of the default and continued absence of the defendant. In consequence of such waiver, the trial court herein was expressly empowered by virtue of G. L. c.218, \u00a72A to adjudge the plaintiff s claim. See, in general, Paige v. Sinclair, supra at 483-484.\n2. Given the essence of venue as a waivable defense, we find no permissible basis for the trial court\u2019s sua sponte dismissal order herein. A district court\u2019s authority to remedy a defect in venue is limited to the provisions of G. L. c.218, \u00a72A and Dist./Mun. Cts. R. Civ. P. Rule 12(b). Both statute and rule render a motion by the defendant or other party a prerequisite to the court\u2019s transfer of the action to a court of proper venue or to the court\u2019s dismissal of the action. It may be noted that prior to its 1973 amendment, G.L.c.223, \u00a715 did permit the Supreme Judicial and Superior Courts only to order a nonsuit, upon the court\u2019s own motion, in any civil action instituted in the wrong county. Said statute was never made applicable to the District Court Department. Moreover, St. 1973, c.1114, \u00a7\u00a785 and 351 conformed G. L. c.223, \u00a715 to the Massachusetts Rules of Civil and Appellate Procedure. An error in venue may now be corrected under this statute in the Supreme Judicial and Superior Courts solely by a transfer of the action upon motion of either party. Assuming arguendo that former G. L. c.223, \u00a7 15 had applied to the district courts, the 1973 amendment of said statute would indicate a conclusive legislative proscription of the sua sponte dismissal order entered by the trial court herein.\nThe trial court\u2019s order of dismissal is hereby vacated. This case is remanded for an assessment of damages and for the entry of a default judgment against the defendant pursuant to Dist./Mun. Cts. R. Civ. P., Rule 55.\nSo ordered.\nThe appellate issue and the procedural histories of Appellate Division Nos. 8596 - 8604 are identical. Counsel for the plaintiff is the same in each action. All nine reports are herein treated, therefore, in the aggregate as one case.\nWe of course sympathize with any trial court\u2019s good faith endeavors to terminate what in some instances is perceived as a pattern of continual venue violations or \u201cdistant form abuse\u201d by certain parties who consistently select an inconvenient trial court with the intent of precipitating defaults and thus securing easily won judgments. Such conduct, where it does exist, violates standards of good practice and is in flagrant opposition to the principles of fairness and sound judicial administration which underlie the concept of venue. See: Schubach v. Household Finance Corp., Mass. Adv. Sh. (1978) 1153.",
        "type": "majority",
        "author": "Cowdrey, P.J."
      }
    ],
    "attorneys": [
      "Andrew J. Palmer for the plaintiff.",
      "David Rivera pro se."
    ],
    "corrections": "",
    "head_matter": "Leo Tighe vs. David Rivera and eight related cases.\nNorthern District\nFebruary 10, 1981.\nPresent: Cowdrey, P.J., Feloney & Flynn, JJ.\nAndrew J. Palmer for the plaintiff.\nDavid Rivera pro se.\nThe following are the eight related cases: Stephen Esdale vs. Winston Sullivan; General Accident Group vs. Harbor Cafe, Inc.; Herman Gibbons vs. Debra Ann Medeiros and Donna Soares; General Accident Group vs. Charles Wilbur, d/b/a Auto Wholesale; Margaret J. Scully vs. Russell B. Ward; Manuel DaCosta vs. Ronald Rudsen; Joseph Palombo vs. Gregory Ross; and William Ellis vs. John Alexander.\nHonorable Maurice R. Flynn, Jr. participated in the hearing and post-hearing conference on this case but passed away prior to the promulgation of this opinion."
  },
  "file_name": "0031-01",
  "first_page_order": 39,
  "last_page_order": 40
}
