{
  "id": 6067526,
  "name": "Robert Larder vs. Patricia Jennings",
  "name_abbreviation": "Larder v. Jennings",
  "decision_date": "1981-02-10",
  "docket_number": "",
  "first_page": "35",
  "last_page": "36",
  "citations": [
    {
      "type": "official",
      "cite": "1981 Mass. App. Div. 35"
    }
  ],
  "court": {
    "name_abbreviation": "Mass. App. Div.",
    "id": 15177,
    "name": "Massachusetts Appellate Division"
  },
  "jurisdiction": {
    "id": 4,
    "name_long": "Massachusetts",
    "name": "Mass."
  },
  "cites_to": [
    {
      "cite": "293 Mass. 490",
      "category": "reporters:state",
      "reporter": "Mass.",
      "case_ids": [
        479863
      ],
      "year": 1935,
      "opinion_index": 0,
      "case_paths": [
        "/mass/293/0490-01"
      ]
    },
    {
      "cite": "106 Mass. 194",
      "category": "reporters:state",
      "reporter": "Mass.",
      "case_ids": [
        715853
      ],
      "year": 1870,
      "opinion_index": 0,
      "case_paths": [
        "/mass/106/0194-01"
      ]
    },
    {
      "cite": "297 Mass. 182",
      "category": "reporters:state",
      "reporter": "Mass.",
      "case_ids": [
        886370
      ],
      "year": 1937,
      "opinion_index": 0,
      "case_paths": [
        "/mass/297/0182-01"
      ]
    },
    {
      "cite": "358 Mass. 137",
      "category": "reporters:state",
      "reporter": "Mass.",
      "case_ids": [
        298521
      ],
      "year": 1970,
      "opinion_index": 0,
      "case_paths": [
        "/mass/358/0137-01"
      ]
    },
    {
      "cite": "194 Mass. 435",
      "category": "reporters:state",
      "reporter": "Mass.",
      "case_ids": [
        3502184
      ],
      "year": 1907,
      "opinion_index": 0,
      "case_paths": [
        "/mass/194/0435-01"
      ]
    },
    {
      "cite": "252 Mass. 92",
      "category": "reporters:state",
      "reporter": "Mass.",
      "case_ids": [
        746178
      ],
      "year": 1925,
      "opinion_index": 0,
      "case_paths": [
        "/mass/252/0092-01"
      ]
    },
    {
      "cite": "363 Mass. 693",
      "category": "reporters:state",
      "reporter": "Mass.",
      "case_ids": [
        288164
      ],
      "year": 1973,
      "opinion_index": 0,
      "case_paths": [
        "/mass/363/0693-01"
      ]
    }
  ],
  "analysis": {
    "cardinality": 260,
    "char_count": 3161,
    "ocr_confidence": 0.878,
    "pagerank": {
      "raw": 4.03580807328026e-08,
      "percentile": 0.1730436793805353
    },
    "sha256": "77ba5551cf51bf7877a7c2b3292b76efe541c44c521fb85344824ad2d53b1def",
    "simhash": "1:274abfe0981e63db",
    "word_count": 518
  },
  "last_updated": "2024-02-27T22:36:34.962906+00:00",
  "provenance": {
    "date_added": "2019-08-29",
    "source": "Harvard",
    "batch": "2018"
  },
  "casebody": {
    "judges": [
      "Present: Walsh, P.J., McGuane & Greenberg, J.J."
    ],
    "parties": [
      "Robert Larder vs. Patricia Jennings"
    ],
    "opinions": [
      {
        "text": "Greenberg, J.\nIn this negligence action, plaintiff sought to recover damages for personal injury as the result of a fall on the premises of the defendant on January 9,1977. The trial judge found that the plaintiff was a social guest at the defendant\u2019s home shortly before his accident. His findings indicate that the plaintiff\u2019s injuries were sustained while leaving the premises when he slipped and fell on the steps leading into the driveway controlled by the defendant. The trial judge concluded, partially based on photographic evidence before him, that the steps were covered by an unnatural accumulation of snow and ice. His reference to the accumulation being unnatural, is framed within the context of his findings that discharged water or melted snow flowing from a downspout onto the steps contributed to the condition.\nAppellant\u2019s principal contention is that the trial court\u2019s conclusion was unsupported by the evidence. We disagree. The duty of the defendant is governed by well-recognized principles of law articulated in Mounsey v. Ellard, 363 Mass. 693 (1973).\nWhile an owner or person in control of real estate has no liability for a natural accumulation of ice or snow upon the premises where the evidence shows that the ice condition formed through the operation of the forces of nature, Robrish v. Snyder, 252 Mass. 92 (1925), it has long been the law in the Commonwealth that structural parts of buildings which create channels of water accumulating on walkways, public or private, can be the source of liability on a theory of negligence. The maintaining of an artificial structure, or something which causes an unnatural accumulation of ice which the owner could have foreseen to cause a dangerous condition, was held to be actionable in Hynes v. Brewer, 194 Mass. 435 (1907); Pritchard v. Mabrey, 358 Mass. 137 (1970); Bullard v. Mattoon, 297 Mass. 182 (1937); and Shipley v. Fifty Associates, 106 Mass. 194 (1870).\nIn Jefferson v. L'Heureux, 293 Mass. 490 (1935), a case where plaintiff was denied recovery for a fall on a sidewalk next to the building of the defendant, the Supreme Judicial Court emphasized that on the facts of the case, it was conjectural whether the ice came from natural or unnatural causes. Commenting on the lack of evidence as to whether water dripped from the roof and did not come from any downspout, or was otherwise accumulated by any structural causes, it declined to hold the defendant liable for negligence. The trial judge\u2019s findings are clearly dispositive of this issue and do not present any ambiguity with regard to the cause of the accumulation being the drainage onto the steps by gutter and downspout.\nTheir being no prejudicial error, the report is dismissed.\nWe note that these photographs were not included as part of the record in the Report, but are referred to in the trial court\u2019s report as fairly representing the condition of the premises showing the position of the gutter and downspout.",
        "type": "majority",
        "author": "Greenberg, J."
      }
    ],
    "attorneys": [
      "Frank E. Antonucci for the plaintiff.",
      "Jeffrey L. McCormick for the defendant."
    ],
    "corrections": "",
    "head_matter": "Robert Larder vs. Patricia Jennings\nWestern District\nFebruary 10, 1981.\nPresent: Walsh, P.J., McGuane & Greenberg, J.J.\nFrank E. Antonucci for the plaintiff.\nJeffrey L. McCormick for the defendant."
  },
  "file_name": "0035-01",
  "first_page_order": 43,
  "last_page_order": 44
}
