{
  "id": 12256936,
  "name": "Nicholas R. SABATINE, Jr. and Concetta Sabatine, his wife, Appellants, v. The ZONING HEARING BOARD OF WASHINGTON TOWNSHIP, Donna M. Bonnema, Stuart M. Dworeck, Kurt A. Oliver, Santo Dotta, Bruce C. Wilhelm, Frank J. Terplan, Washington Township Board of Supervisors; Nicholas R. SABATINE, Jr. and Concetta Sabatine, his wife v. The ZONING HEARING BOARD OF WASHINGTON TOWNSHIP; Donna M. BONNEMA, Stuart M. Dworeck, Kurt A. Oliver, Santo Dotta, Bruce C. Wilhelm, Frank J. Terplan, Mark Gibbons, Truman Summit, Appellants, v. The ZONING HEARING BOARD OF WASHINGTON TOWNSHIP",
  "name_abbreviation": "Sabatine v. Zoning Hearing Board of Washington Township",
  "decision_date": "1994-12-13",
  "docket_number": "",
  "first_page": "649",
  "last_page": "656",
  "citations": [
    {
      "type": "official",
      "cite": "651 A.2d 649"
    }
  ],
  "court": {
    "name_abbreviation": "Pa. Commw. Ct.",
    "id": 11887,
    "name": "Commonwealth Court of Pennsylvania"
  },
  "jurisdiction": {
    "id": 6,
    "name_long": "Pennsylvania",
    "name": "Pa."
  },
  "cites_to": [
    {
      "cite": "152 A.2d 717",
      "category": "reporters:state_regional",
      "reporter": "A.2d",
      "year": 1959,
      "opinion_index": 0
    },
    {
      "cite": "396 Pa. 646",
      "category": "reporters:state",
      "reporter": "Pa.",
      "case_ids": [
        1284863
      ],
      "year": 1959,
      "opinion_index": 0,
      "case_paths": [
        "/pa/396/0646-01"
      ]
    },
    {
      "cite": "332 A.2d 577",
      "category": "reporters:state_regional",
      "reporter": "A.2d",
      "year": 1975,
      "opinion_index": 0
    },
    {
      "cite": "16 Pa. Commonwealth Ct. 455",
      "category": "reporters:state",
      "reporter": "Pa. Commw.",
      "case_ids": [
        1863395
      ],
      "year": 1975,
      "opinion_index": 0,
      "case_paths": [
        "/pa-commw/16/0455-01"
      ]
    },
    {
      "cite": "554 A.2d 511",
      "category": "reporters:state_regional",
      "reporter": "A.2d",
      "year": 1988,
      "opinion_index": 0
    },
    {
      "cite": "520 Pa. 620",
      "category": "reporters:state",
      "reporter": "Pa.",
      "year": 1988,
      "opinion_index": 0
    },
    {
      "cite": "115 Pa. Commonwealth Ct. 174",
      "category": "reporters:state",
      "reporter": "Pa. Commw.",
      "case_ids": [
        1371517
      ],
      "weight": 3,
      "year": 1988,
      "pin_cites": [
        {
          "page": "593"
        }
      ],
      "opinion_index": 0,
      "case_paths": [
        "/pa-commw/115/0174-01"
      ]
    },
    {
      "cite": "143 Pa. Commonwealth Ct. 469",
      "category": "reporters:state",
      "reporter": "Pa. Commw.",
      "case_ids": [
        1423144
      ],
      "weight": 4,
      "year": 1991,
      "pin_cites": [
        {
          "page": "473"
        },
        {
          "page": "287"
        },
        {
          "page": "475"
        },
        {
          "page": "289"
        }
      ],
      "opinion_index": 0,
      "case_paths": [
        "/pa-commw/143/0469-01"
      ]
    }
  ],
  "analysis": {
    "cardinality": 924,
    "char_count": 23552,
    "ocr_confidence": 0.711,
    "pagerank": {
      "raw": 2.0051937222356542e-07,
      "percentile": 0.7434553134178865
    },
    "sha256": "2830b4f0b76e38d29337807a1b1536429d4b68aaaa8ef586cf596c30ba644c51",
    "simhash": "1:8f6aaa2777de95f4",
    "word_count": 3849
  },
  "last_updated": "2024-02-27T22:18:37.573874+00:00",
  "provenance": {
    "date_added": "2019-08-29",
    "source": "Harvard",
    "batch": "2018"
  },
  "casebody": {
    "judges": [
      "Before DOYLE and COLINS, JJ., and DELLA PORTA, Senior Judge."
    ],
    "parties": [
      "Nicholas R. SABATINE, Jr. and Concetta Sabatine, his wife, Appellants, v. The ZONING HEARING BOARD OF WASHINGTON TOWNSHIP, Donna M. Bonnema, Stuart M. Dworeck, Kurt A. Oliver, Santo Dotta, Bruce C. Wilhelm, Frank J. Terplan, Washington Township Board of Supervisors. Nicholas R. SABATINE, Jr. and Concetta Sabatine, his wife v. The ZONING HEARING BOARD OF WASHINGTON TOWNSHIP. Donna M. BONNEMA, Stuart M. Dworeck, Kurt A. Oliver, Santo Dotta, Bruce C. Wilhelm, Frank J. Terplan, Mark Gibbons, Truman Summit, Appellants, v. The ZONING HEARING BOARD OF WASHINGTON TOWNSHIP."
    ],
    "opinions": [
      {
        "text": "DELLA PORTA, Senior Judge.\nNicholas R. Sabatine, Jr., and his wife, Concetta Sabatine (the Sabatines) and Donna M. Bonnema, Stuart M. Dworeck, Kurt A. Oliver, Santo Dotta, Bruce C. Wilhelm, Frank J. Terplan, Mark Gibbons, and Truman Summit (the neighbors) have cross appealed from the August 19,1993 order of the Court of Common Pleas of Northampton County (trial court) which affirmed the decision of the Washington Township Zoning Hearing Board (Board), granting a special exception to the Sabatines subject to certain conditions. The trial court also determined that the Sabatines\u2019 proposed use complied with applicable parking requirements.\nThe Sabatines applied for a special exception with the Board in order to conduct a flea market on their seven-acre tract of land located in the Rural Center (RC) District of Washington Township (Township). After the Board granted the special exception with conditions, both the Sabatines and the neighbors appealed to the trial court. The trial court required that additional testimony be taken by a master, after which the court issued its decision on November 20, 1991 affirming the decision of the Board. The trial court did not consider certain of the additional testimony because that deposition testimony had not been filed and, therefore, was not part of the record. Both the Saba-tines and the neighbors appealed to this Court, which vacated the trial court\u2019s order and remanded for de novo consideration of the entire record, including the deposition testimony which had not been previously considered. In reviewing the entire record, the trial court determined that it was presented for the first time with the neighbors\u2019 challenge that the Sabatines had not complied with the parking requirements of the Township\u2019s Zoning Ordinance (Ordinance). The trial court remanded the matter to the Board for a determination, which thereafter decided that the Sabatines\u2019 proposal did not comply with the parking requirements of the Ordinance. The Sabatines timely appealed that determination to the trial court.\nOn August 19, 1993, the trial court issued its decision and order with respect to all of the issues before it. The trial court determined that the Board had properly granted a special exception to the Sabatines. Noting that the Ordinance does not specifically designate flea markets as a permitted use or use by special exception, the trial court agreed with the Township\u2019s solicitor that the proposed use is a planned development, that is, it is a tract of land containing a combination of two or more uses permitted by right or as a special exception in the district in which it is located and that the flea market combined the uses of restaurant and wholesale trade. The trial court, therefore, granted the special exception and also affirmed the conditions imposed by the Board on the grant of the special exception.\nFinally, the trial court addressed the parking issue and determined that the Board erred in concluding that the Sabatines had not complied with the requirements of the Ordinance. Finding that the parties agreed that the parking requirements should be analyzed pursuant to the Ordinance\u2019s retail store and general merchandise store requirements, the trial court calculated that the Sabatines had provided 109 more parking spaces than required by the Ordinance. The trial court rejected the neighbors\u2019 position that the Sa-batines needed an allotment of parking spaces for inventory use and concluded that the Sabatines had complied with the applicable parking requirements.\nOn appeal to this Court, the numerous issues raised by the parties may be summarized as follows: 1) whether the trial court used the appropriate scope of review; 2) whether the trial court erred in determining that the proposed flea market use is a planned development which is a permitted use by special exception in the RC district; 3) whether the trial court abused its discretion in imposing conditions upon the grant of the special exception; and 4) whether the trial court erred in determining that the Sa-batines had complied with the Ordinance\u2019s parking requirements. We will address these issues seriatim.\nSection 1005-A of the Municipalities Planning Code (MPC), 53 P.S. \u00a7 11005-A, entitled \u201cHearing and argument of land use appeal,\u201d provides in relevant part:\nIf, ... it is shown that proper consideration of the land use appeal requires the presentation of additional evidence, a judge of the court may hold a hearing to receive additional evidence ... [T]he court shall make its own findings of fact based on the record below and as supplemented by the additional evidence....\nIn De Cray v. Zoning Hearing Board, 143 Pa. Commonwealth Ct. 469, 473, 599 A.2d 286, 287 (1991), this Court held that our scope of review in zoning cases was dependent upon whether or not the trial court had taken additional evidence, and thus:\nWhere the trial court does not take additional evidence, this Court reviews the decision of the Board to determine whether the Board committed an error of law or a manifest abuse of discretion. However, where the trial court does take additional evidence, it must decide the case de novo, and this Court must determine whether the trial court committed an error of law or an abuse of discretion, (citations omitted).\nOur review of the record shows that the trial court reviewed the entire ease de novo with respect to both issueg in dispute in this land use appeal, that is, the grant of the special exception and compliance with the parking requirements. Because we believe that the trial court utilized the proper scope of review, we thus reject the neighbors\u2019 contention to the contrary as meritless. Accordingly, our scope of review will be to determine whether the trial court committed an error of law or abused its discretion. De Cray.\nThe next issue raised by the neighbors is whether the trial court erred in determining that the Sabatines proposed flea market was a \u201cplanned development\u201d, consisting of a restaurant use and a wholesale trade use, which is permitted by special exception in an RC district. Although the neighbors agree that the Ordinance neither defines nor specifically allows a flea market as a permitted or special exception use in any zoning district, they argue that the trial court erred in determining that the proposed flea market use fell within the definition of \u201cwarehouse and wholesale trade\u201d use under the Ordinance, as one of the two permitted uses that make up the planned development. The neighbors assert that the proposed use flea market would more logically fit under the category of a \u201cfarmers\u2019 market,\u201d which is defined in Section 3.10.C.3 of the Ordinance as \u201can area where agricultural, horticultural and animal husbandry products are sold by two or more enterprises.\u201d\nThe question of whether a proposed use falls within a given category specified in an ordinance is a question of law. Danwell Corp. v. Zoning Hearing Board of Plymouth Township, 115 Pa. Commonwealth Ct. 174, 540 A.2d 588, petition for allowance of appeal denied, 520 Pa. 620, 554 A.2d 511 (1988). This issue is one of statutory construction in which the function of this court is to determine the intent of the legislative body which enacted the ordinance. Accordingly, the court is bound by the definition of the terms in question as the ordinance itself defines them. However, where the \u201cordinance does not specifically define the term sought to be construed, and the words are ones in common usage, they are to be given their common usage meaning.\u201d Id. at 184, 540 A.2d at 593.\nIn the matter sub judice, we are guided by Section 1.5 B. of the Ordinance, relating to interpretation, which states that \u201c[a]ny list of permitted or prohibited uses is not an exhaustive list, but is included to clarify, emphasize and illustrate, by example, uses which are desirable or undesirable.\u201d Among the uses permitted by right in the Township\u2019s RC district include: auto, recreational vehicle, or boat sales, medical office, mobile home, motor freight terminal, picnic grove, restaurant, warehouse and wholesale trade. Section 3.9 B. Accordingly, the trial court determined that the proposed flea market combined two uses permitted in the RC district, namely, a restaurant and wholesale trade. While the ordinance does contain a definition for warehouse and wholesale trade, it is at most an inadequate definition, and at best, a partial one. By defining the term \u201cwarehouse and wholesale trade\u201d as a \u201cbuilding or group of buildings primarily used for the commercial storage, transfer and distribution of products and materials,\u201d the ordinance is only defining the term \u201cwarehouse,\u201d and only as a noun. It totally ignores the definition of the rest of the term, \u201cwholesale trade.\u201d It also ignores the definition of the term \u201cwarehouse\u201d itself, as a verb, as well as a definition of the whole term taken together, as a whole, which is not a structure, i.e., \u201ca building or group of buildings,\u201d but an activity.\nConfronted with this deficiency, the trial court was in full compliance with the law when it gave the term in question its common usage meaning, noting that the Ordinance\u2019s definition of \u201cwarehouse and wholesale trade\u201d was inadequate to describe a flea market, but finding \u201cthat the proposed flea market use is sufficiently analogous to the common understanding of the word \u2018wholesale,\u2019 that is, direct distribution of merchandise to the consumer without a retailer\u201d that it qualified as a wholesale trade use. (Trial Court\u2019s Opinion, p. 8.) Moreover, we disagree with the neighbors\u2019 contention that a flea market is more analogous in use to a \u201cfarmers\u2019 market,\u201d as that use is defined in the Ordinance, and believe that a flea market is a use that is desirable and consistent with the stated purposes of the RC district. Hence, we conclude that the trial court did not err in granting the Sabatines a special exception.\nNext, we are faced with the Sabatines\u2019 contention that the trial court erred in imposing conditions upon the grant of the special exception. The Sabatines argue that the trial court\u2019s decision is not supported by substantial evidence and that in particular, certain of the conditions imposed were completely unsupported by any evidence of record. Specifically, the Sabatines argue that the trial court abused its discretion in imposing the condition requiring that they construct a new on-site sewage disposal system because the evidence shows that the DER had approved the use of an existing sewage system on an adjoining tract of land to service the flea market, and because matters of sewage disposal are within the jurisdiction of the DER in accordance with the Township\u2019s Sewage Plan, and therefore not matters of zoning.\nThe record reveals that the Sabatines propose to use two bathrooms, without sinks, in an existing building located on an adjoining parcel, to service the flea market. Furthermore, at the May 19, 1991 meeting of the Board of Supervisors, the Sabatines\u2019 temporary sewer permit was revoked, on the grounds that the proposed use as a flea market did not fall within one of the exceptions to Section 71.63(f) of the DER\u2019s regulations, 25 Pa.Code \u00a7 71.63, allowing the issuance of a temporary sewage permit for use at a construction site, a public gathering site or an entertainment site only. In addition, the Sabatines admitted in their brief on appeal that they had applied for a permit to build a permanent on-site sewage disposal system. Therefore, we conclude that the trial court did not abuse its discretion in imposing conditions 5 and 6, relating to construction of a new on-site sewage disposal system, and therefore leave these conditions intact.\nNext, the Sabatines argue that the trial court again abused its discretion in imposing condition number 11, restricting the days and hours of operation of the flea market to three days per week from 7:00 a.m. to 2:30 p.m. In supporting its decision, the trial court explained that due to the numbers of people visiting the flea market along with the attendant increase in the volume of traffic, that the flea market would \u201cnecessarily have an adverse impact upon the surrounding residents\u2019 quiet enjoyment of their premises.\u201d (Trial Court\u2019s Opinion, p. 11.) The Sabatines counter that the Board of Supervisors anticipated that by allowing a planned development as a special exception use, it would generate a normal amount of noise and traffic, see, e.g., Fantastic Plastic, Inc. v. Zoning Hearing Board of Adjustment, 16 Pa. Commonwealth Ct. 455, 332 A.2d 577 (1975), and that there is no evidence in the record that an \u201cabnormal amount\u201d of either traffic or noise would be created by allowing the flea market to be conducted on their property. We agree.\nAt the Board\u2019s March 19, 1991 hearing, several of the objectors to the proposed flea market testified in opposition to the flea market because, in the testimony of one neighbor, Linda Peck, \u201cmore traffic is going to cause more accidents\u201d and \u201cdust is going to be a real nuisance in our homes\u201d and \u201c[wje\u2019re concerned about the litter blowing about the community and having to clean up our lawns.\u201d March 19, 1991 Hearing, N.T., pp. 43-15. Several objectors also testified that they were worried that the overflow of cars from the parking lot in the flea market would cause people to park on the street or on their lawns. In response to these concerns, the Sabatines stated at the hearing that they had provided for more than the required number of parking spaces on the property to accommodate potential customers, that they had proposed to plant trees around the perimeter of the property in addition to a stone fence already in existence to prevent noise and litter from traveling off the property, and that they proposed to build a fence with plastic lining along their property line that adjoins Kurt Oliver\u2019s property for these same reasons. Id., pp. 31-32. Mr. Sabatine also indicated that he had a highway permit for the property issued by the Department of Transportation. Id., p. 15.\nIn Van Sciver v. Zoning Board of Adjustment, 396 Pa. 646, 152 A.2d 717 (1959), our Supreme Court was faced with a similar issue with respect to that Board\u2019s imposition of conditions to its grant of a variance to Van Sciver restricting the hours of operation of his proposed laundromat from 8:00 a.m. to 8:00 p.m., Monday through Saturday. The court determined that the condition restricting the hours of operation denied Van Sciver the use of his property \u201cwhen other automatic hand laundries ... [were] in operation. ...\u201d and that such a condition was an \u201cunreasonable intermeddling with the applicant\u2019s property.\u201d 896 Pa. at 666, 657, 162 A.2d at 723, 724.\nIn the matter sub judice, we are dealing with the grant of a special exception which we believe the Sabatines are entitled to under the Ordinance. Considering that any restrictions imposed must be reasonable and considering the lack of evidence that the proposed flea market use will create an abnormal amount of traffic or noise affecting the surrounding properties, we conclude that the trial court abused its discretion in imposing condition number 11 upon the grant of the special exception and therefore we strike this condition.\nFinally, the Sabatines also urge this Court to reverse the trial court\u2019s imposition of condition number 12, which prohibits them from allowing produce to be sold at the flea market. According to the Sabatines, there is no evidence of record to support this condition. However, the trial court found, as do we, that it does no more than require that the Sabatines comply with the relevant portions of the Ordinance. The Township\u2019s Zoning Officer, Stanley Lysek stated that if produce were to be sold at the flea market, it would then transform the use to a farmers\u2019 market, in that produce, as an agricultural product, is or may be one of the products sold at a farmers\u2019 market. Because a farmers\u2019 market is not allowed as either a permitted use or use by special exception in the RC District, the trial court concluded that selling produce would be prohibited under the Ordinance. We see nothing unreasonable in the trial court\u2019s conclusion that this condition is reasonable and we will therefore leave this condition intact.\nThe last issue to be discussed involves the determination by the trial court that the Sabatines had in fact complied with the applicable parking requirements of the Ordinance. The trial court found that the parties had agreed that, absent a specific parking requirement for flea markets, the Ordinance\u2019s \u201cretail store; general merchandise store\u201d requirements would apply to the Sabatines\u2019 planned development. Table 7.1.E.11 of the Ordinance provides that the developer provide one off-street parking space for each one-hundred and fifty (150) square feet and one off-street parking space for every two employees. The trial court then calculated that based on 211 vendor spaces measuring ten feet by ten feet, for a total of 21,100 total square feet necessitating 141 parking spaces and a total of 422 employees necessitating 211 employee parking spaces, that the total number of parking spaces required under the Ordinance would be three hundred and fifty-two (352). Because the Sabatines had proposed four hundred and sixty-one (461) spaces, the trial court concluded that they had met the Ordinance\u2019s parking requirements. We agree.\nOnce again we are faced with a situation in which the Zoning Ordinance does not specifically provide for any parking requirements for the proposed use of a flea market. Accordingly, the parties utilized the requirements for \u201cretail store/general merchandise store\u201d to come up with the required number of parking spaces for both customers and employees. Although the neighbors argue that the Sabatines are anywhere from thirty-nine (39) to eighty (80) spaces short because they did not include inventory area, as noted in a footnote to Table 7.1, the trial court found, and we agree, that this does not affect the computations for the required number of parking spaces. Because the inventory area directly behind the vendor\u2019s space is occupied by the employee\u2019s vehicle in which the vendors typically store their inventory, the trial court found that the fact that the \u201cemployees\u2019 parked cars may also be used for inventory does not enlarge the number of cars on the tract.\u201d (Trial Court\u2019s Opinion, p. 13.) Therefore, we conclude that the trial court did not err nor abuse its discretion in determining that the Sabatines had complied with the applicable parking requirements of the Ordinance.\nWe conclude that the trial court properly-granted the Sabatines the special exception to operate a flea market, that the conditions imposed by the trial court, with the exception of condition 11 regarding the days and hours of operation of the proposed use, are proper and reasonable, and that the trial court properly determined that the parking requirements had been met by the Sabatines. We therefore affirm the order of the trial court, with the exception of condition number 11 which is stricken.\nORDER\nAND NOW, this 13th day of December, 1994, the order of the Court of Common Pleas of Northampton County in the above-captioned matter is affirmed in all respects except with regard to condition 11, which is hereby stricken.\nCOLIN, J., dissents.\n. This case was reassigned to the author on September 22, 1994.\n. On April 6, 1992, the neighbors filed in this Court a Motion To Request Transcripts of Stanley Lysefc dated June 12, 1991 Be Made Part of the Record. After this Court consolidated the Sabatines\u2019 and the neighbors' appeals by order dated April 9, 1992, President Judge Craig granted the neighbors\u2019 April 6, 1992 motion and vacated the order of the Court of Common Pleas of Northampton County dated November 20, 1991, and remanded the case-for reconsideration of the entire record.\n.The trial court modified condition number four to require only those food vendors and concessions requiring permission or license from the Department of Environmental Resources (DER) to obtain such approval prior to be permitted to operate in the proposed flea market and allowing \u2019\u2019[t]hose food vendors or concession operations not requiring DER approval shall, assuming compliance with all federal, state and local regulatory direction, be permitted to operate in the proposed flea market.\u201d Trial Court\u2019s Opinion, p. 10.\n. Although the trial court did not specifically identify or set forth its findings of fact, as it is required to do when it decides the case de novo, a remand to the trial court is not warranted where the trial court's opinion and uncontradict-ed evidence provide a sufficient basis for this Court\u2019s review. De Cray, 143 Pa. Commonwealth Ct. at 475, 599 A.2d at 289. Having reviewed the trial court\u2019s opinion, we believe its statement of the facts as well as the evidence of record provide a sufficient basis for this Court to conduct a proper appellate review, and therefore, a remand is not necessary.\n. A \"planned development\u201d is defined in the Ordinance as \u201c[a]n area of land under single ownership containing any combination of two (2) or more principal uses permitted by right or as a special exception in the district in which the development is proposed, provided a special exception use approval must be obtained for any proposed use so listed in the regulations of the district in which the development is proposed.\" Section 2.1 B.110.\n. Article 2, Section 2.1 A.7 of the Washington Township Zoning Ordinance states that \"[a]ny word or term not defined in this Ordinance shall be used with a meaning of standard usage.\u201d\n. The stated purpose of the RC district is \"to provide for the central location of convenience commercial and service uses and other uses in rural farming areas.\u201d Section 3.9 A. of the Ordinance.\n. The DER's approval that the Sabatines rely on, is set forth in a letter from David C. Walbert, Water Quality Specialist Trainee, dated March 15, 1991, and states in pertinent part:\nThe existing sewage system and permitted capacity should be evaluated by the Washington Township Sewage Enforcement Officer to confirm that the proposed 3500 gpd from the flea market can be adequately treated by the existing system.\n. The table provides that one (1) off-street parking space is required for each 150 square feet \"[o]f all area occupied by equipment, furnishings, or inventory accessible to employees or customers, but not including corridors, toilet rooms, and other such accessory rooms as may be provided.\" Table 7.1 of the Ordinance.\n. See Footnote 8, infra.",
        "type": "majority",
        "author": "DELLA PORTA, Senior Judge."
      }
    ],
    "attorneys": [
      "Nicholas R. Sabatine, III, for appellants Nicholas R. Sabatine, Jr. and Concetta Saba-tine, his wife.",
      "Peter C. Layman, for appellants Donna M. Bonnema et al.",
      "David J. Ceraul, for appellee, the Zoning Hearing Bd. of Washington Tp."
    ],
    "corrections": "",
    "head_matter": "Nicholas R. SABATINE, Jr. and Concetta Sabatine, his wife, Appellants, v. The ZONING HEARING BOARD OF WASHINGTON TOWNSHIP, Donna M. Bonnema, Stuart M. Dworeck, Kurt A. Oliver, Santo Dotta, Bruce C. Wilhelm, Frank J. Terplan, Washington Township Board of Supervisors. Nicholas R. SABATINE, Jr. and Concetta Sabatine, his wife v. The ZONING HEARING BOARD OF WASHINGTON TOWNSHIP. Donna M. BONNEMA, Stuart M. Dworeck, Kurt A. Oliver, Santo Dotta, Bruce C. Wilhelm, Frank J. Terplan, Mark Gibbons, Truman Summit, Appellants, v. The ZONING HEARING BOARD OF WASHINGTON TOWNSHIP.\nCommonwealth Court of Pennsylvania.\nArgued May 10, 1994.\nDecided Dec. 13, 1994.\nNicholas R. Sabatine, III, for appellants Nicholas R. Sabatine, Jr. and Concetta Saba-tine, his wife.\nPeter C. Layman, for appellants Donna M. Bonnema et al.\nDavid J. Ceraul, for appellee, the Zoning Hearing Bd. of Washington Tp.\nBefore DOYLE and COLINS, JJ., and DELLA PORTA, Senior Judge."
  },
  "file_name": "0649-01",
  "first_page_order": 711,
  "last_page_order": 718
}
