{
  "id": 8191301,
  "name": "Carl LINDEMANN v. COMMISSION ON GOVERNMENTAL ETHICS AND ELECTION PRACTICES",
  "name_abbreviation": "Lindemann v. Commission on Governmental Ethics and Election Practices",
  "decision_date": "2008-12-16",
  "docket_number": "",
  "first_page": "538",
  "last_page": "546",
  "citations": [
    {
      "type": "official",
      "cite": "961 A.2d 538"
    },
    {
      "type": "parallel",
      "cite": "2008 ME 187"
    }
  ],
  "court": {
    "name_abbreviation": "Me.",
    "id": 9543,
    "name": "Maine Supreme Judicial Court"
  },
  "jurisdiction": {
    "id": 42,
    "name_long": "Maine",
    "name": "Me."
  },
  "cites_to": [
    {
      "cite": "377 A.2d 81",
      "category": "reporters:state_regional",
      "reporter": "A.2d",
      "case_ids": [
        7978192
      ],
      "year": 1977,
      "pin_cites": [
        {
          "page": "83",
          "parenthetical": "\"The right of appeal ... may be granted subject to such restrictions, limitations and conditions as the Legislature may attach to it.\""
        }
      ],
      "opinion_index": 0,
      "case_paths": [
        "/a2d/377/0081-01"
      ]
    },
    {
      "cite": "558 A.2d 1197",
      "category": "reporters:state_regional",
      "reporter": "A.2d",
      "case_ids": [
        11326763
      ],
      "weight": 2,
      "pin_cites": [
        {
          "page": "1201",
          "parenthetical": "emphasis added"
        }
      ],
      "opinion_index": 0,
      "case_paths": [
        "/a2d/558/1197-01"
      ]
    },
    {
      "cite": "521 A.2d 283",
      "category": "reporters:state_regional",
      "reporter": "A.2d",
      "case_ids": [
        7879018
      ],
      "opinion_index": 0,
      "case_paths": [
        "/a2d/521/0283-01"
      ]
    },
    {
      "cite": "489 A.2d 1094",
      "category": "reporters:state_regional",
      "reporter": "A.2d",
      "case_ids": [
        7918287
      ],
      "year": 1985,
      "pin_cites": [
        {
          "parenthetical": "stating \"[t]he plaintiff was a party before the hearing officer, also a necessary element of standing\""
        }
      ],
      "opinion_index": 0,
      "case_paths": [
        "/a2d/489/1094-01"
      ]
    },
    {
      "cite": "293 F.Supp.2d 41",
      "category": "reporters:federal",
      "reporter": "F. Supp. 2d",
      "case_ids": [
        9295541
      ],
      "pin_cites": [
        {
          "page": "46"
        }
      ],
      "opinion_index": 0,
      "case_paths": [
        "/f-supp-2d/293/0041-01"
      ]
    },
    {
      "cite": "470 A.2d 1262",
      "category": "reporters:state_regional",
      "reporter": "A.2d",
      "case_ids": [
        8013400
      ],
      "pin_cites": [
        {
          "page": "1266"
        }
      ],
      "opinion_index": 0,
      "case_paths": [
        "/a2d/470/1262-01"
      ]
    },
    {
      "cite": "1997 ME 92",
      "category": "reporters:neutral",
      "reporter": "ME",
      "case_ids": [
        12023154
      ],
      "weight": 2,
      "pin_cites": [
        {
          "page": "\u00b6 4"
        },
        {
          "page": "419"
        }
      ],
      "opinion_index": 0,
      "case_paths": [
        "/a2d/696/0418-01"
      ]
    },
    {
      "cite": "2004 ME 154",
      "category": "reporters:neutral",
      "reporter": "ME",
      "case_ids": [
        9170915
      ],
      "weight": 2,
      "pin_cites": [
        {
          "page": "\u00b638"
        },
        {
          "page": "901"
        }
      ],
      "opinion_index": 0,
      "case_paths": [
        "/a2d/863/0890-01"
      ]
    },
    {
      "cite": "362 F.Supp.2d 138",
      "category": "reporters:federal",
      "reporter": "F. Supp. 2d",
      "case_ids": [
        9012874
      ],
      "pin_cites": [
        {
          "page": "147"
        }
      ],
      "opinion_index": 0,
      "case_paths": [
        "/f-supp-2d/362/0138-01"
      ]
    },
    {
      "cite": "335 F.Supp.2d 39",
      "category": "reporters:federal",
      "reporter": "F. Supp. 2d",
      "case_ids": [
        9191497
      ],
      "year": 2004,
      "pin_cites": [
        {
          "page": "48",
          "parenthetical": "finding no injury when plaintiffs \"already possess the information they claim to lack\""
        }
      ],
      "opinion_index": 0,
      "case_paths": [
        "/f-supp-2d/335/0039-01"
      ]
    },
    {
      "cite": "2 U.S.C.S. \u00a7\u00a7 431-457",
      "category": "laws:leg_statute",
      "reporter": "U.S.C.",
      "pin_cites": [
        {
          "parenthetical": "Lexis-Nexis 2002 & Supp. 2008"
        }
      ],
      "opinion_index": 0
    },
    {
      "cite": "2001 ME 1",
      "category": "reporters:neutral",
      "reporter": "ME",
      "case_ids": [
        11179426
      ],
      "weight": 2,
      "pin_cites": [
        {
          "page": "\u00b6\u00b6 10-11"
        },
        {
          "page": "1161-62"
        }
      ],
      "opinion_index": 0,
      "case_paths": [
        "/a2d/763/1159-01"
      ]
    },
    {
      "cite": "2000 ME 85",
      "category": "reporters:neutral",
      "reporter": "ME",
      "case_ids": [
        11532806
      ],
      "weight": 2,
      "pin_cites": [
        {
          "page": "\u00b6 7"
        },
        {
          "page": "1260"
        }
      ],
      "opinion_index": 0,
      "case_paths": [
        "/a2d/750/1257-01"
      ]
    },
    {
      "cite": "387 A.2d 1",
      "category": "reporters:state_regional",
      "reporter": "A.2d",
      "case_ids": [
        8046809
      ],
      "pin_cites": [
        {
          "page": "3"
        }
      ],
      "opinion_index": 0,
      "case_paths": [
        "/a2d/387/0001-01"
      ]
    },
    {
      "cite": "377 A.2d 1367",
      "category": "reporters:state_regional",
      "reporter": "A.2d",
      "case_ids": [
        8033798
      ],
      "pin_cites": [
        {
          "page": "1370"
        }
      ],
      "opinion_index": 0,
      "case_paths": [
        "/a2d/377/1367-01"
      ]
    },
    {
      "cite": "385 A.2d 189",
      "category": "reporters:state_regional",
      "reporter": "A.2d",
      "case_ids": [
        7970500
      ],
      "weight": 2,
      "pin_cites": [
        {
          "page": "197"
        }
      ],
      "opinion_index": 0,
      "case_paths": [
        "/a2d/385/0189-01"
      ]
    },
    {
      "cite": "2008 ME 91",
      "category": "reporters:neutral",
      "reporter": "ME",
      "case_ids": [
        8181057
      ],
      "weight": 5,
      "pin_cites": [
        {
          "page": "\u00b6 9"
        },
        {
          "page": "381"
        },
        {
          "page": "\u00b6 10"
        },
        {
          "page": "382"
        }
      ],
      "opinion_index": 0,
      "case_paths": [
        "/a2d/953/0378-01"
      ]
    },
    {
      "cite": "485 A.2d 645",
      "category": "reporters:state_regional",
      "reporter": "A.2d",
      "case_ids": [
        7912694
      ],
      "weight": 2,
      "pin_cites": [
        {
          "page": "647"
        },
        {
          "page": "647"
        }
      ],
      "opinion_index": 0,
      "case_paths": [
        "/a2d/485/0645-01"
      ]
    },
    {
      "cite": "915 A.2d 966",
      "category": "reporters:state_regional",
      "reporter": "A.2d",
      "case_ids": [
        8337896
      ],
      "weight": 4,
      "pin_cites": [
        {
          "page": "968"
        },
        {
          "page": "\u00b6 7"
        },
        {
          "page": "968",
          "parenthetical": "citation omitted"
        }
      ],
      "opinion_index": 0,
      "case_paths": [
        "/a2d/915/0966-01"
      ]
    },
    {
      "cite": "2007 ME 82",
      "category": "reporters:neutral",
      "reporter": "ME",
      "case_ids": [
        8397764
      ],
      "pin_cites": [
        {
          "page": "\u00b6 7"
        }
      ],
      "opinion_index": 0,
      "case_paths": [
        "/a2d/927/0391-01"
      ]
    },
    {
      "cite": "2005 ME 102",
      "category": "reporters:neutral",
      "reporter": "ME",
      "case_ids": [
        8941305
      ],
      "weight": 2,
      "pin_cites": [
        {
          "page": "\u00b6 11"
        },
        {
          "page": "1012"
        }
      ],
      "opinion_index": 0,
      "case_paths": [
        "/a2d/879/1007-01"
      ]
    },
    {
      "cite": "524 U.S. 11",
      "category": "reporters:federal",
      "reporter": "U.S.",
      "case_ids": [
        11181205
      ],
      "weight": 16,
      "year": 1998,
      "pin_cites": [
        {
          "page": "15"
        },
        {
          "page": "15-16"
        },
        {
          "page": "17"
        },
        {
          "page": "20"
        },
        {
          "parenthetical": "emphasis added"
        },
        {
          "page": "24"
        }
      ],
      "opinion_index": 0,
      "case_paths": [
        "/us/524/0011-01"
      ]
    }
  ],
  "analysis": {
    "cardinality": 930,
    "char_count": 22568,
    "ocr_confidence": 0.727,
    "pagerank": {
      "raw": 9.115162856034739e-08,
      "percentile": 0.5067001975790867
    },
    "sha256": "8d2db372c89ff19d7d0678af291d2ae965c9bd1671151da47e5b1935f9ecd087",
    "simhash": "1:159bdea27de78ecf",
    "word_count": 3584
  },
  "last_updated": "2024-02-27T23:38:50.006321+00:00",
  "provenance": {
    "date_added": "2019-08-29",
    "source": "Harvard",
    "batch": "2018"
  },
  "casebody": {
    "judges": [
      "Panel: SAUFLEY, C.J., and CLIFFORD, ALEXANDER, LEVY, SILVER, MEAD, and GORMAN, JJ."
    ],
    "parties": [
      "Carl LINDEMANN v. COMMISSION ON GOVERNMENTAL ETHICS AND ELECTION PRACTICES."
    ],
    "opinions": [
      {
        "text": "MEAD, J.\n[\u00b6 1] Carl Lindemann appeals from a judgment of the Superior Court (Kennebec County, Mills, J.) dismissing for lack of standing his petition for review of a final agency action made by the Commission on Governmental Ethics and Election Practices (Commission.) Lindemann argues that he meets the standing requirements set forth in the Maine Administrative Procedure Act (MAPA), and articulated by the United States Supreme Court in Federal Election Commission v. Akins, 524 U.S. 11, 118 S.Ct. 1777, 141 L.Ed.2d 10 (1998). He also argues that pursuant to 5 M.R.S. \u00a7 11007(1) (2007), he was entitled to oral argument on his petition. We conclude that Lindemann does not have standing under either MAPA or Akins, and he was not entitled to oral argument pursuant to 5 M.R.S. \u00a7 11007(1). We affirm the judgment.\nI. BACKGROUND\n[\u00b6 2] On October 19, 2006, Lindemann made an investigation request, pursuant to 21-A M.R.S. \u00a7 1003(2) (2007), to the Commission. The request concerned the Maine Heritage Policy Center\u2019s (MHPC) involvement in a statewide referendum campaign to enact a Taxpayer Bill of Rights (TABOR). Lindemann\u2019s complaint suggested that MHPC qualified as a political action committee as defined by 21-A M.R.S. \u00a7 1052(5) (2007) and, as a political action committee, was required to register and file reports with the Commission. In the alternative, Lindemann suggested that if MHPC was not a political action committee, it was required to disclose expenditures made in connection with TABOR under 21-A M.R.S. \u00a7 1056-B(2007).\n[\u00b6 3] Beginning on October 20, 2006, Lindemann\u2019s complaint was addressed at a series of Commission meetings. The Commission received input on the matter from its staff, counsel for MHPC and Linde-mann, and other interested parties. The Commission also received recordings of a public forum conducted by MHPC and MHPC press releases. On November 7, 2006, during the course of the Commission\u2019s review, the TABOR initiative was defeated.\n[\u00b6 4] The Commission made its final decision (the enforcement decision) at its December 20, 2006, meeting. A written decision was issued on December 22, 2006, and consisted of three determinations. The Commission first determined that MHPC\u2019s major purpose was not to advocate for the passage of the TABOR initiative. Second, the Commission determined that MHPC was not a political action committee as defined at 21-A M.R.S. \u00a7 1052(5). Third, the Commission determined that MHPC had received contributions and made expenditures aggregating in excess of $1500 for the purpose of initiating, promoting, or influencing TABOR and directed MHPC to file a report pursuant to 21-A M.R.S. \u00a7 1056-B. The report was to be filed within thirty days of the written decision.\n[\u00b6 5] On January 19, 2007, Lindemann appealed to the Superior Court pursuant to M.R. Civ. P. 80C and 5 M.R.S. \u00a7 11002 (2007), requesting a review of the determinations and actions of the Commission. After Lindemann and the Commission filed their respective memoranda, Linde-mann made a written request for oral argument. On February 28, 2008, without oral argument, the Superior Court issued its decision and order dismissing Linde-mann\u2019s appeal. The court concluded that his injury was indistinct from any injury to the public at large, and therefore, Linde-mann failed to satisfy the threshold requirement of standing. Lindemann\u2019s appeal to this Court followed.\nII. DISCUSSION\n[\u00b6 6] Lindemann\u2019s standing argument is based in statute and federal case law. First, he argues that because the Campaign Reports and Finances statutes (campaign statutes), 21-A M.R.S. \u00a7\u00a7 1001-1105 (2007), do not specifically preclude or limit judicial review of the Commission\u2019s enforcement decision, judicial review under MAPA is allowed. Second, Lindemann argues he has satisfied prudential standing as articulated by the United States Supreme Court in Akins, because his informational injury, the deprivation of information concerning TABOR, falls within the zone of interest sought to be protected by Maine\u2019s campaign statutes.\n[\u00b6 7] A party\u2019s standing to bring a Rule 80C appeal is reviewed de novo. See Norris Family Assocs., LLC v. Town of Phippsburg, 2005 ME 102, \u00b6 11, 879 A.2d 1007, 1012.\nA. Standing Under Maine\u2019s Campaign Statutes and MAPA\n[\u00b6 8] In Maine, standing jurisprudence is prudential, rather than constitutional. Roop v. City of Belfast, 2007 ME 82, \u00b6 7, 915 A.2d 966, 968. (quotation marks omitted). Standing is a threshold issue and Maine courts are \u201conly open to those who meet this basic requirement.\u201d Ricci v. Superintendent, Bureau of Banking, 485 A.2d 645, 647 (Me.1984). While there is no set formula for determining standing, a court may \u201climit access to the courts to those best suited to assert a particular claim.\u201d Roop, 2007 ME 32, \u00b6 7, 915 A.2d at 968 (citation omitted). In addition, the question of whether a specific individual has standing is significantly affected by the unique context of the claim. Id.\n[\u00b6 9] In the context of an administrative decision, as is the case here, the right to judicial review is governed by statute. Nelson v. Bayroot, LLC, 2008 ME 91, \u00b6 9, 953 A.2d 378, 381. \u201cWhether a party has standing depends on the wording of the specific statute involved.\u201d Id.\n[\u00b610] Title 21-A M.R.S. \u00a7 1003(2) (2007) of Maine\u2019s campaign statutes provides:\nA person may apply in writing to the commission requesting an investigation concerning the registration of a candidate, treasurer, political committee or political action committee and contributions by or to and expenditures by a person, candidate, treasurer, political committee or political action committee. The commission shall review the application and shall make the investigation if the reasons stated for the request show sufficient grounds for believing that a violation may have occurred.\n[\u00b6 11] There is no express provision here or elsewhere in the Maine campaign statutes allowing or precluding judicial review of Commission enforcement determinations. As the Commission noted, MAPA governs judicial review of its actions. Lindemann\u2019s standing to obtain judicial review of the Commission\u2019s enforcement decision, therefore, depends on whether he has standing under MAPA.\n[\u00b6 12] MAPA provides a right to judicial review to any person \u201caggrieved\u201d by an agency\u2019s final action or an agency\u2019s failure or refusal to act. 5 M.R.S. \u00a7 11001(1), (2) (2007). We conclude that neither provision of MAPA supports Lin-demann\u2019s claim for standing.\n[\u00b6 13] First, section 11001(2) is inapplicable to Lindemann\u2019s claim because the Commission has not failed or refused to act. Only a \u201cperson aggrieved by the failure or refusal of an agency to act\u201d is entitled to judicial review pursuant to 5 M.R.S. \u00a7 11001(2). Here, Lindemann made an investigation request to the Commission pursuant to 21-A M.R.S. \u00a7 1003(2). The Commission reviewed and accepted Lindemann\u2019s request and undertook an extensive investigation that included oral testimony at Commission meetings and review of extensive written submissions and documents. The Commission\u2019s final agency action occurred when it voted and issued a written enforcement decision on the matter. Because the Commission has not failed or refused to act, section 11001(2) is not implicated.\n[\u00b6 14] Section 11001(1) also provides no avenue to Lindemann to judicially attack the Commission\u2019s findings because he is unable to demonstrate that he is \u201caggrieved.\u201d Only a \u201cperson who is aggrieved by final agency action shall be entitled to judicial review.\u201d 5 M.R.S. \u00a7 11001(1). \u201cAggrieved,\u201d while not defined in MAPA, has been previously defined by this Court as requiring particularized injury \u2014 that is, the agency action or inaction must operate \u201cprejudicially and directly upon the party\u2019s property, pecuniary or personal rights.\u201d Nelson, 2008 ME 91, \u00b6 10, 953 A.2d at 382. In addition, we have required that the particularized injury be distinct from any injury experienced by the public at large. Id.; Ricci, 485 A.2d at 647.\n[\u00b6 15] In limited circumstances, we have allowed individual members of the public to vindicate public rights in a judicial forum. See generally Fitzgerald v. Baxter State Park Auth., 385 A.2d 189 (Me.1978). For example, we recognized standing for citizens asserting a political right shared by the public at large, when a \u201cparticularized interest\u201d was demonstrated. McCaffrey v. Gartley, 377 A.2d 1367, 1370 (Me.1977) (recognizing plaintiffs\u2019 standing as voters, property taxpayers, and signers of an initiative). Even in these circumstances, we still require a \u201cparticularized injury\u201d or \u201cdirect and personal injury.\u201d Fitzgerald, 385 A.2d at 197; see also Heald v. Sch. Admin. Disk No. 74, 387 A.2d 1, 3 (Me.1978) (finding no standing when plaintiffs did not demonstrate direct personal injury). \u201cBeing affected by a governmental action is insufficient to confer standing in the absence of any showing that the effect is an injury.\u201d Collins v. State, 2000 ME 85, \u00b6 7, 750 A.2d 1257, 1260.\n[\u00b6 16] Here, Lindemann is arguably affected, but not directly or personally injured, by the Commission\u2019s enforcement decision. Assuming there was an injury that flowed from the Commission\u2019s final decision, the injury affected all citizens, not just Lindemann. His alleged informational injury is indistinguishable from any injury experienced by other Maine citizens.\n[\u00b6 17] Because the Commission did not fail or refuse to act and Linde-mann is not \u201caggrieved\u201d by the Commission\u2019s decision, we conclude that MAPA does not confer standing on Lindemann to appeal from the Commission\u2019s decision. Furthermore, an agency charged with enforcing a particular statute or rule has the prerogative of electing not to take action. See generally, Herrle v. Town of Waterboro, 2001 ME 1, \u00b6\u00b6 10-11, 763 A.2d 1159, 1161-62 (discussing prosecutorial discretion in enforcement actions). These decisions are left to the sole discretion of the agency and are not ordinarily subject to judicial review at the behest of members of the general public. In this matter, if the Commission received Lindemann\u2019s request for an investigation and elected not to investigate, the same result would occur\u2014 Lindemann lacks standing to seek judicial review. His right, as established in section 1003(2), is to request the Commission to conduct an investigation; the Commission\u2019s obligation vis-a-vis Lindemann is simply to accept and review his request. A review concluding that no action or investigation will be undertaken creates no right of judicial review in Lindemann or any other member of the general public.\nB. Standing under Federal Election Commission v. Akins\n[\u00b6 18] Lindemann\u2019s argument that he has standing as an ordinary citizen according to Akins is also unavailing. In Akins, the United States Supreme Court discussed its standing requirements in light of the Federal Election Campaign Act (FECA), 2 U.S.C.S. \u00a7\u00a7 431-457 (Lexis-Nexis 2002 & Supp. 2008), an Act that imposes extensive recordkeeping and disclosure requirements on political action committees. 524 U.S. at 15, 118 S.Ct. 1777. Plaintiffs were voters who filed a complaint with the Federal Election Commission asking the FEC to find that the American Israel Public Affairs Committee had violated FECA in failing to abide by FECA\u2019s disclosure requirements. Id. at 15-16, 118 S.Ct. 1777. The FEC dismissed the complaint, finding that AIPAC was not a political action committee and therefore, not subject to the disclosure requirements. Id. at 17, 118 S.Ct. 1777.\n[\u00b6 19] On appeal, the United States Supreme Court found standing because \u201cthe injury asserted by the plaintiff arguably [fell] within the zone of interest to be protected or regulated by the statute.\u201d Akins, 524 U.S. at 20, 118 S.Ct. 1777 (citation omitted). In reaching this conclusion, the Court evaluated the language of the statute and the nature of the plaintiffs\u2019 injury, stating that \u201cCongress, intending to protect voters ... from suffering the kind of injury at issue, intended to authorize this kind of suit.\u201d Id. The plaintiffs\u2019 prudential standing in Akins was therefore a result of \u201cthe language of the [FECA] statute and the nature of the injury.\u201d Id. (emphasis added). Both factors are absent in Lindemann\u2019s case.\n[\u00b620] First, unlike FECA, Maine\u2019s campaign statutes do not expressly provide a right to judicial review. MAPA governs any right to judicial review. While there is an express provision in MAPA allowing for the judicial review of agency decisions, MAPA limits standing to petition for judicial review to those who are \u201caggrieved.\u201d As we have explained, Lindemann is not aggrieved, and thus has no right of judicial review under MAPA.\n[\u00b6 21] Second, while Lindemann alleges an informational injury identical to that of the plaintiffs in Akins, he fails to demonstrate that he was deprived of useful political information. In Akins, plaintiffs were denied all access to information concerning contributions to and expenditures by AI-PAC. Lindemann, on the other hand, has received information on MHPC\u2019s financial involvement with TABOR. Through the filing of a section 1056-B report, Linde-mann gained information on MHPC\u2019s expenditures made for the purpose of initiating, promoting, or influencing TABOR. Any informational injury as it pertained to MHPC\u2019s financial involvement with TABOR ceased to exist when this information was disclosed pursuant to section 1056-B. See Alliance For Democracy v. Fed. Election Comm\u2019n 335 F.Supp.2d 39, 48 (D.D.C. 2004) (finding no injury when plaintiffs \u201calready possess the information they claim to lack\u201d); see also Alliance for Democracy v. Fed. Election Comm\u2019n, 362 F.Supp.2d 138, 147 (D.D.C.2005) (stating \u201cno informational injury has been sustained here because the information required to be disclosed by the statute has already been disclosed\u201d).\n[\u00b6 22] Because MAPA requires that those seeking judicial review of administrative decisions be \u201caggrieved,\u201d and because Lindemann has failed to demonstrate a cognizable injury, Akins does not apply.\nC. Oral Argument\n[\u00b6 23] Lindemann also contends that the Superior Court erred in failing to schedule oral argument on his petition. Title 5 M.R.S. \u00a7 11007(1) states, \u201cThe [Superior Court], upon request or its own motion, shall set a schedule for the filing of briefs by the parties and for oral argument.\u201d Lindemann argues that this statute mandates, as a matter of law, oral argument on all such petitions.\n[\u00b6 24] Procedural rulings or other matters where the court has choices are reviewed for abuse of discretion. Bates v. Dep\u2019t of Behavioral & Developmental Servs., 2004 ME 154, \u00b638, 863 A.2d 890, 901.\n[\u00b6 25] Rule 80C(c) of the Maine Rules of Civil Procedure limits the manner and scope of review to that \u201cprovided by 5 M.R.S.A. \u00a7 11007(2) through section 11007(4).\u201d The statutory provision Linde-mann invokes, 11007(1), is thus excluded from the Rule. To the extent that Rule 80C differs or conflicts with MAPA, the Rule governs the manner and scope of the court\u2019s review of final agency action. Arsenault v. Crossman, 1997 ME 92, \u00b6 4, 696 A.2d 418, 419; see also State v. Leonard, 470 A.2d 1262, 1266 (Me.1984) (citing 4 M.R.S.A. \u00a7 8 (1979)) (\u201cAll laws in conflict [with promulgated procedural rules] shall be of no further force and effect.\u201d).\n[\u00b6 26] Rule 80(C)(c) states that \u201cunless the court otherwise directs,\u201d oral argument will be scheduled. The plain language of the Rule gives the court the prerogative to schedule, or not schedule, oral argument on 80C appeals. The court\u2019s failure to hold oral argument was therefore not an abuse of discretion.\nThe entry is:\nJudgment affirmed.\n. Section 1003 authorizes investigations by the Commission. The pertinent part reads:\n2. INVESTIGATIONS REQUESTED. A\nperson may apply in writing to the commission requesting an investigation concerning the registration of a candidate, treasurer, political committee or political action committee and contributions by or to and expenditures by a person, candidate, treasurer, political committee or political action committee. The commission shall review the application and shall make the investigation if the reasons stated for the request show sufficient grounds for believing that a violation may have occurred.\n21-A M.R.S. \u00a7 1003(2) (2007).\n. Section 1056-B governs expenditures for those organizations not considered political action committees. It provides:\nAny person not defined as a political committee who solicits and receives contributions or makes expenditures, other than by contribution to a political action committee, aggregating in excess of $1,500 for the purpose of initiating, promoting, defeating or influencing in any way a ballot question must file a report with the commission. 21-A M.R.S. \u00a7 1056-B (2007).\nTitle 21-A M.R.S. \u00a7 1056-B has since been amended. P.L. 2007, ch. 477, \u00a7 4 (effective June 30, 2008) (codified at 21-A M.R.S. \u00a7 1056-B (2008)). These types of non-political action committees are now called \"ballot question committees\" and the contribution and expenditure amount has increased to $5000. These changes do not impact the Court\u2019s analysis of Lindemann\u2019s standing.\n. MHPC\u2019s compliance with the Commission\u2019s order to file this report is not at issue.\n. In Akins, the Supreme Court labeled the plaintiffs' failure to obtain information an \u201cinformational injury.\u201d Fed. Election Comm\u2019n v. Akins, 524 U.S. 11, 24, 118 S.Ct. 1777, 141 L.Ed.2d 10 (1998). \u201cInformational injury\u201d has been further defined as \"that injury caused when voters are deprived of useful political information at the time of voting.\u201d Judicial Watch, Inc. v. Fed. Election Comm\u2019n, 293 F.Supp.2d 41, 46 (D.D.C.2003).\n. The written determination issued by the Commission provided that \u201cany person aggrieved by [the Commission\u2019s] determination has a right to seek judicial review ... in Superior Court, in accordance with Title 5 M.R.S.A. \u00a7\u00a7 11001 & 11002.\"\n. Section 11001(1) of MAPA sets forth the right to review agency action by providing:\nExcept where a statute provides for direct review or review of a pro forma judicial decree by the Supreme Judicial Court or where judicial review is specifically precluded or the issues therein limited by statute, any person who is aggrieved by final agency action shall be entitled to judicial review thereof in the Superior Court in the manner provided by this subchapter. Preliminary, procedural, intermediate or other nonfinal agency action shall be independently reviewable only if review of the final agency action would not provide an adequate remedy.\n5 M.R.S. \u00a7 11001(1) (2007).\nSection 11001(2) of MAPA sets forth the right to review an agency\u2019s failure or refusal to act by providing:\nAny person aggrieved by the failure or refusal of an agency to act shall be entitled to judicial review thereof in the Superior Court. The relief available in the Superior Court shall include an order requiring the agency to make a decision within a time certain.\n5 M.R.S. \u00a7 11001(2) (2007).\n. As part of its investigation, the Commission could have subpoenaed witnesses and records and taken evidence under oath, but it was not required to do so. 21-A M.R.S. \u00a7 1003(1) (2007).\n. There remains a very significant question of whether any injury of any kind occurred. See infra paragraph 21.\n. Lindemann also does not have standing as a \"party\u201d as defined by the Maine Administrative Procedure Act (MAPA) in 5 M.R.S. \u00a7 8002(7) (2007). Party status is one, but not the only, requirement of standing under MAPA. See Anderson v. Comm\u2019r of Dep\u2019t of Human Servs., 489 A.2d 1094, 1097 n. 6 (Me. 1985) (stating \"[t]he plaintiff was a party before the hearing officer, also a necessary element of standing\u201d) (emphasis added); see also Hammond Lumber Co. v. Fin. Auth. of Me., 521 A.2d 283, 286 n. 5 (Me.1987) (stating \"[b]eing a party during the proceedings before the agency is an essential criterion for standing\u201d) (emphasis added); but cf. Superintendent of Ins. v. Attorney General, 558 A.2d 1197 (Me.1989). In Superintendent of Insurance, the Insurance Code statutes at issue had a more expansive grant of standing than MAPA, allowing any party to a hearing to appeal therefrom. Id. at 1201 (emphasis added). Thus, a party did not need show particularized aggrievement in order to have standing pursuant to the Insurance Code statutes. Here, however, the Maine campaign statutes do not include an independent or more expansive grant of standing. Although Linde-mann filed the initial request for investigation and offered documentation and comment, his participation in the process does not, ipso facto, render him an actual party to the proceedings before the Commission. Whether Lindemann has standing is governed only by MAPA, which requires a showing of particularized injury. Lindemann has failed to demonstrate particularized injury.\n. The two statutory provisions interpreted by the Court in Akins were within the federal election campaign chapter, and within a section entitled \u201cEnforcement.\u201d Section 437g(a)(l) states \"[a]ny person who believes a violation of this Act ... has occurred, may file a complaint with the Commission.\u201d 2 U.S.C.S. \u00a7 437g(a)(1) (LexisNexis 2002). Section 437g(8)(A) states \"[a]ny party aggrieved by an order of the Commission dismissing a complaint filed by such party ... may file a petition with the United States District Court for the District of Columbia.\u201d 2 U.S.C.S. \u00a7 437g(8)(A) (LexisNexis 2002).\n. Lindemann also argues that given the compelling need for a transparent political process, we should recognize standing for ordinary citizens. Because standing in administrative appeals is statutorily based, whether standing to challenge a determination of the Commission should extend to the general public is a decision to be made by the legislature, not the judiciary. See Varney v. Look, 377 A.2d 81, 83 (Me. 1977) (\"The right of appeal ... may be granted subject to such restrictions, limitations and conditions as the Legislature may attach to it.\u201d) (citation omitted).",
        "type": "majority",
        "author": "MEAD, J."
      }
    ],
    "attorneys": [
      "John H. Branson, Esq. (orally), Law Office of John H. Branson, P.A., Portland, ME, for Carl Lindemann.",
      "G. Steven Rowe, Attorney General, Phyllis Gardiner, Asst. Atty. Gen. (orally), Augusta, ME, for the Maine Commission on Governmental Ethics and Election Practices."
    ],
    "corrections": "",
    "head_matter": "2008 ME 187\nCarl LINDEMANN v. COMMISSION ON GOVERNMENTAL ETHICS AND ELECTION PRACTICES.\nSupreme Judicial Court of Maine.\nArgued: Sept. 17, 2008.\nDecided: Dec. 16, 2008.\nJohn H. Branson, Esq. (orally), Law Office of John H. Branson, P.A., Portland, ME, for Carl Lindemann.\nG. Steven Rowe, Attorney General, Phyllis Gardiner, Asst. Atty. Gen. (orally), Augusta, ME, for the Maine Commission on Governmental Ethics and Election Practices.\nPanel: SAUFLEY, C.J., and CLIFFORD, ALEXANDER, LEVY, SILVER, MEAD, and GORMAN, JJ.\nAlthough not available at oral argument, Justice Clifford participated in the decision. M.R.App. P. 12(a)."
  },
  "file_name": "0538-01",
  "first_page_order": 584,
  "last_page_order": 592
}
