{
  "id": 9436003,
  "name": "Joseph T. WOOD, Jr. v. Mary-Ellen DURKIN",
  "name_abbreviation": "Wood v. Durkin",
  "decision_date": "2002-06-14",
  "docket_number": "No. 2001-70-Appeal",
  "first_page": "952",
  "last_page": "954",
  "citations": [
    {
      "type": "official",
      "cite": "798 A.2d 952"
    }
  ],
  "court": {
    "name_abbreviation": "R.I.",
    "id": 10179,
    "name": "Supreme Court of Rhode Island"
  },
  "jurisdiction": {
    "id": 15,
    "name_long": "Rhode Island",
    "name": "R.I."
  },
  "cites_to": [
    {
      "cite": "712 A.2d 858",
      "category": "reporters:state_regional",
      "reporter": "A.2d",
      "case_ids": [
        11821147
      ],
      "pin_cites": [
        {
          "page": "861"
        }
      ],
      "opinion_index": 0,
      "case_paths": [
        "/a2d/712/0858-01"
      ]
    },
    {
      "cite": "463 A.2d 142",
      "category": "reporters:state_regional",
      "reporter": "A.2d",
      "case_ids": [
        7961345
      ],
      "pin_cites": [
        {
          "page": "150"
        }
      ],
      "opinion_index": 0,
      "case_paths": [
        "/a2d/463/0142-01"
      ]
    },
    {
      "cite": "784 A.2d 291",
      "category": "reporters:state_regional",
      "reporter": "A.2d",
      "case_ids": [
        9462375
      ],
      "pin_cites": [
        {
          "page": "296"
        }
      ],
      "opinion_index": 0,
      "case_paths": [
        "/a2d/784/0291-01"
      ]
    }
  ],
  "analysis": {
    "cardinality": 332,
    "char_count": 5576,
    "ocr_confidence": 0.661,
    "pagerank": {
      "raw": 4.03580807328026e-08,
      "percentile": 0.2176157760548974
    },
    "sha256": "289f77c4c37054472c5bcb467d9842e455e24340b0c0173c6fafee44fe6d8e45",
    "simhash": "1:468234b1404f1772",
    "word_count": 882
  },
  "last_updated": "2024-02-27T18:44:06.369107+00:00",
  "provenance": {
    "date_added": "2019-08-29",
    "source": "Harvard",
    "batch": "2018"
  },
  "casebody": {
    "judges": [
      "Present: WILLIAMS, C.J., LEDERBERG, BOURCIER, FLANDERS, and GOLDBERG, JJ."
    ],
    "parties": [
      "Joseph T. WOOD, Jr. v. Mary-Ellen DURKIN."
    ],
    "opinions": [
      {
        "text": "OPINION\nPER CURIAM.\nThis ease came before the Court on April 15, 2002, pursuant to an order directing the parties to appear and show cause why the issues raised by this appeal should not be summarily decided. After hearing arguments of counsel and reviewing the memoranda submitted by the parties, we are satisfied that cause has not been shown. Accordingly, we shall decide the appeal at this time.\nThe plaintiff, Joseph T. Wood (Wood or plaintiff), filed a complaint for divorce against the defendant, Mary-Ellen Durkin (Durkin or defendant), in July 1997. Durkin entered a pro se appearance, and approximately one year later, through an attorney, filed her answer to the complaint, requesting that plaintiff\u2019s complaint be dismissed and that judgment be entered in her favor. No counterclaim accompanied defendant\u2019s initial pleadings. Subsequently, defendant filed a motion for temporary support, and plaintiff was ordered to pay to defendant $103 a week in spousal support. The plaintiff failed to comply with the order and was found to be in contempt. The plaintiff subsequently failed to appear for two hearings to show cause why he should not be incarcerated \u201cone day at a time\u201d until he complied with the court order. A trial date was subsequently set and the trial justice ordered that trial would commence \u201cwhether or not plaintiff appeared.\u201d On March 14, 2000, anticipating that plaintiff may not appear and prosecute his claim, defendant filed a counterclaim for divorce. The plaintiff did not file an objection or an answer to defendant\u2019s counterclaim. Rule 13(a) of the Family Court Rules of Procedure for Domestic Relations provides that,\n\u201c[a] pleading shall state as a counterclaim any claim within the jurisdiction of the Court which at the time of serving the pleading the pleader has against any opposing party * *\nClearly, defendant should have filed her compulsory counterclaim with her initial answer to the complaint. Notwithstanding this omission, at the commencement of trial on June 29, 2000, in the absence of plaintiff and over the objection of plaintiffs attorney, trial proceeded on defendant\u2019s counterclaim. Having once again failed to appear, plaintiffs case was dismissed by the Family Court justice. At the conclusion of trial, the trial justice entered judgment granting defendant\u2019s counterclaim for divorce on the grounds of irreconcilable differences. On appeal, plaintiff argues that the trial justice committed reversible error in allowing the trial to proceed on an improperly filed counterclaim. We disagree.\nAlthough it is undisputed that Rule 18 was not honored in this case, we recognize that all state court rules of procedure are intended to promote the \u201cjust, speedy, and inexpensive determination of every action.\u201d Martin v. Howard, 784 A.2d 291, 296 (R.I.2001). The frustrations created in dealing with such a recalcitrant litigant as plaintiff are readily apparent, but we in no way condone the practice of disregarding the mandates and directives of the Family Court Rules of Procedure. In the case before us, however, we are not convinced that the trial justice\u2019s decision to proceed on the compulsory counterclaim was reversible error. Rule 18(f) permits the trial justice within his discretion to allow an amendment to the pleadings to permit defendant to counterclaim for divorce. Indeed, in Serra v. Ford Motor Credit Co., 463 A.2d 142, 150 (R.I.1983), we held that in situations in which a plaintiff would not be prejudiced by permitting a party to amend his or her pleadings, refusal to allow an amendment to the pleadings may amount to reversible error. In the case at bar, plaintiff filed a claim for divorce and defendant\u2019s counterclaim likewise was for divorce. The plaintiff, therefore, was adequately apprised of the issues, and in light of the date certain, should have been prepared to proceed to trial. Accordingly, had the trial justice granted a motion to amend the pleadings, plaintiff would not have been prejudiced. Similarly, although the rules allow time for a plaintiff to prepare an answer to a counterclaim, plaintiff neither answered nor objected to the counterclaim when it was filed. Thus, proceeding on the counterclaim in this case, in the absence of plaintiffs answer, did not disadvantage plaintiff. Rather, plaintiff was not permitted, through his persistent absence and refusal to comply with the court\u2019s orders, to manipulate the proceedings to his wife\u2019s disadvantage.\nFinally, although plaintiffs counsel raised an objection to proceeding on the counterclaim, counsel failed to articulate the basis for his objection. \u201cIt is well settled that this [C]ourt will not review issues that were not preserved for appeal by a specific objection at trial.\u201d State v. Pineda, 712 A.2d 858, 861 (R.I.1998).\nAccordingly, for the reasons set forth herein, the plaintiffs appeal is denied and dismissed and the judgment of the Family Court is affirmed. The papers in this case are remanded to the Family Court.\n. Rule 13(f) of the Family Court Rules of Procedure for Domestic Relations provides that: \u201cOmitted Counterclaim. When a pleader fails to set up a counterclaim through oversight, inadvertence, or excusable neglect, or when justice requires, the pleader may by leave of court set up the counterclaim by amendment.\"",
        "type": "majority",
        "author": "PER CURIAM."
      }
    ],
    "attorneys": [
      "Robert J. Cosentino, Providence, for Plaintiff.",
      "H. Jefferson Melish, Wakefield, for Defendant."
    ],
    "corrections": "",
    "head_matter": "Joseph T. WOOD, Jr. v. Mary-Ellen DURKIN.\nNo. 2001-70-Appeal.\nSupreme Court of Rhode Island.\nJune 14, 2002.\nRobert J. Cosentino, Providence, for Plaintiff.\nH. Jefferson Melish, Wakefield, for Defendant.\nPresent: WILLIAMS, C.J., LEDERBERG, BOURCIER, FLANDERS, and GOLDBERG, JJ."
  },
  "file_name": "0952-01",
  "first_page_order": 1000,
  "last_page_order": 1002
}
