{
  "id": 11806063,
  "name": "Leroy Elwin HENRY, Respondent, v. COMMONWEALTH of Pennsylvania, DEPARTMENT OF TRANSPORTATION, BUREAU OF DRIVER LICENSING, Petitioner",
  "name_abbreviation": "Henry v. Commonwealth, Department of Transportation, Bureau of Driver Licensing",
  "decision_date": "1998-03-31",
  "docket_number": "Petition No. 444 M.D. Allocatur Docket 1997",
  "first_page": "95",
  "last_page": "95",
  "citations": [
    {
      "type": "official",
      "cite": "708 A.2d 95"
    }
  ],
  "court": {
    "name_abbreviation": "Pa.",
    "id": 8832,
    "name": "Supreme Court of Pennsylvania"
  },
  "jurisdiction": {
    "id": 6,
    "name_long": "Pennsylvania",
    "name": "Pa."
  },
  "cites_to": [
    {
      "cite": "708 A.2d 481",
      "category": "reporters:state_regional",
      "reporter": "A.2d",
      "case_ids": [
        11812962,
        281204
      ],
      "year": 1998,
      "opinion_index": 0,
      "case_paths": [
        "/a2d/708/0481-01",
        "/pa/550/0639-01"
      ]
    }
  ],
  "analysis": {
    "cardinality": 61,
    "char_count": 607,
    "ocr_confidence": 0.678,
    "sha256": "6495a9b033dee697f7abdf63cafab6f39d643cfabf52cc14adcd4258307e120a",
    "simhash": "1:85adea9665a56382",
    "word_count": 88
  },
  "last_updated": "2024-02-27T18:10:40.528306+00:00",
  "provenance": {
    "date_added": "2019-08-29",
    "source": "Harvard",
    "batch": "2018"
  },
  "casebody": {
    "judges": [],
    "parties": [
      "Leroy Elwin HENRY, Respondent, v. COMMONWEALTH of Pennsylvania, DEPARTMENT OF TRANSPORTATION, BUREAU OF DRIVER LICENSING, Petitioner."
    ],
    "opinions": [
      {
        "text": "ORDER\nPER CURIAM:\nAND NOW, this 31st day of March, 1998, the petition for allowance of appeal is denied in accordance with this Court\u2019s decision in Sullivan v. Commonwealth, Department of Transportation, Bureau of Driver Licensing, \u2014 Pa. -, 708 A.2d 481 (1998).",
        "type": "majority",
        "author": "PER CURIAM:"
      }
    ],
    "attorneys": [
      "Timothy P. Wile, Asst. Counsel In-Charge, Harold H. Cramer, Asst. Chief counsel, Andrew S. Gordon, Chief Counsel, Paul A. Tufa-no, General Counsel, for petitioner."
    ],
    "corrections": "",
    "head_matter": "Leroy Elwin HENRY, Respondent, v. COMMONWEALTH of Pennsylvania, DEPARTMENT OF TRANSPORTATION, BUREAU OF DRIVER LICENSING, Petitioner.\nSupreme Court of Pennsylvania.\nMarch 31, 1998.\nTimothy P. Wile, Asst. Counsel In-Charge, Harold H. Cramer, Asst. Chief counsel, Andrew S. Gordon, Chief Counsel, Paul A. Tufa-no, General Counsel, for petitioner."
  },
  "file_name": "0095-01",
  "first_page_order": 151,
  "last_page_order": 151
}
