{
  "id": 11826656,
  "name": "STATE v. Carl SHARP et al.",
  "name_abbreviation": "State v. Sharp",
  "decision_date": "1998-04-02",
  "docket_number": "No. 97-157-C.A.",
  "first_page": "1328",
  "last_page": "1331",
  "citations": [
    {
      "type": "official",
      "cite": "708 A.2d 1328"
    }
  ],
  "court": {
    "name_abbreviation": "R.I.",
    "id": 10179,
    "name": "Supreme Court of Rhode Island"
  },
  "jurisdiction": {
    "id": 15,
    "name_long": "Rhode Island",
    "name": "R.I."
  },
  "cites_to": [
    {
      "cite": "110 R.I. 747",
      "category": "reporters:state",
      "reporter": "R.I.",
      "case_ids": [
        3144327
      ],
      "weight": 9,
      "year": 1972,
      "pin_cites": [
        {
          "page": "754-55"
        },
        {
          "page": "130"
        },
        {
          "page": "756"
        },
        {
          "page": "131"
        },
        {
          "page": "754"
        },
        {
          "page": "130"
        },
        {
          "page": "757"
        },
        {
          "page": "131"
        }
      ],
      "opinion_index": 0,
      "case_paths": [
        "/ri/110/0747-01"
      ]
    }
  ],
  "analysis": {
    "cardinality": 480,
    "char_count": 9080,
    "ocr_confidence": 0.681,
    "pagerank": {
      "raw": 6.272631916577772e-08,
      "percentile": 0.38687197593373207
    },
    "sha256": "fd2b42e46d74ced81803cf61acf5617e4299ad1c2d98071f1dedf8890e582cfc",
    "simhash": "1:041e57544c7858eb",
    "word_count": 1416
  },
  "last_updated": "2024-02-27T18:10:40.528306+00:00",
  "provenance": {
    "date_added": "2019-08-29",
    "source": "Harvard",
    "batch": "2018"
  },
  "casebody": {
    "judges": [
      "Before WEISBERGER, C.J., and LEDERBERG and FLANDERS, JJ.",
      "BOURCIER and GOLDBERG, JJ., did not participate."
    ],
    "parties": [
      "STATE v. Carl SHARP et al."
    ],
    "opinions": [
      {
        "text": "OPINION\nPER CURIAM.\nThis case came before the Supreme Court on March 2, 1998, pursuant to an order directing all parties to appear and show cause why the issues raised by this appeal should not be summarily decided. The defendants, Carl Sharp and Che Gallman, each moved in limine to exclude from their jury trial the pretrial testimony of Michael Franks (Franks), a key state witness. The trial justice granted the motions, and the state has appealed.\nAfter reviewing the memoranda submitted by the parties and hearing oral arguments of counsel for the parties, we are of the opinion that cause has not been shown. Therefore, the issues will be decided at this time.\nThe defendants stand accused of the murder of one Levert Hill (Hill). Following their arrest, a bail hearing was held in Providence County Superior Court at which Franks testified. He stated that during the early-morning hours of April 1, 1996, he was driven to his home by Hill. As he exited Hill\u2019s vehicle, Franks heard gunfire. He turned and observed a blue Corsica with two gun-wielding individuals leaning out of both the rear and the front passenger-side windows. He later identified these men as defendants.\nBefore defendants\u2019 jury trial began, Franks was shot and killed. Subsequently, defendants\u2019 counsels each filed a motion in limine to exclude from evidence Franks\u2019 testimony at defendants\u2019 bail hearing. Under Rule 804(b)(1) of the Rhode Island Rules of Evidence, the prior sworn testimony of an unavailable witness may be admissible if the unavailable witness\u2019s testimony can be shown \u201cto have been adduced in the course of a prior judicial proceeding in which the defendant was present, represented by counsel, and in the course thereof provided with an opportunity to adequately cross-examine the witness.\u201d State v. Ouimette, 110 R.I. 747, 754-55, 298 A.2d 124, 130 (1972). Because the opportunity for adequate cross-examination forms the cornerstone of a defendant\u2019s right to confront his or her accusers, a defendant\u2019s right to confrontation is not offended by the admission at trial of prior testimony of an unavailable witness if that defendant was afforded the opportunity for adequate cross-examination during the prior hearing. Id. at 756, 298 A.2d at 131.\nIn this case, defendants contended that they were denied an adequate opportunity for meaningful cross-examination because they lacked specific information that they have argued would have provided the basis for a far more effective cross-examination of Franks. The trial justice agreed and granted defendants\u2019 motions in limine.\nThe exclusion of pretrial testimony is a matter entrusted to the sound discretion of the trial justice, and such a decision will not be disturbed upon review absent an abuse of that discretion. Id. at 754, 298 A.2d at 130. In granting defendants\u2019 motions in limine, the trial justice here found that Franks was not subjected to adequate cross-examination during his bail-hearing testimony because defense counsel lacked knowledge of certain impeachment materials. Specifically, at the time of the bail hearing, defense attorneys were not privy to the full extent of Franks\u2019s criminal record, nor were they apprised of Franks\u2019s previous use of aliases. Further, defense attorneys argued that Franks\u2019s history of drug use and his failure to comply with court-ordered drug treatment were not revealed prior to the bail hearing. Finally, defense counsel contended that the prosecution refused to admit that it had agreed to forego seeking an adjudication of probation violation against Franks in exchange for his testimony against defendants. The trial justice concluded that in the absence of this information defense attorneys were unable to conduct an adequate cross-examination and that the testimony adduced therein was not later admissible during defendants\u2019 trial. We disagree.\nAs this Court stated in Ouimette, \u201cthe adequacy of prior cross-examination, where afforded, depends upon an identity of issues and parties at the two proceedings.\u201d Id. at 757, 298 A.2d at 131. The Court explained further that \u201cwe follow the so-called liberal rule, which requires only a substantial identity of issues and parties in order to permit the introduction of prior testimony of the unavailable witness at the subsequent proceedings.\u201d Id.\nIn this case, defendants\u2019 attorneys have not claimed that the trial justice so severely limited the scope of their cross-examination of Franks as to render his bail-hearing testimony inadmissible. Rather defendants have claimed that their lack of information deprived them of an opportunity to cross-examine Franks adequately and have attributed at least some of their ignorance at the bad hearing to misleading information that the prosecution had provided to them. Although previous testimony may be inadmissible under Rule 804(b)(1) if it was adduced through cross-examination that was limited by counsel\u2019s lack of information, such was not the case here. The linchpin of any cross-examination is the presentation of competent evidence that either contradicts the witness\u2019s account or impeaches the witness\u2019s credibility. In order to achieve either of these results, a defense attorney must possess information that either establishes an alternative explanation of events or portrays the witness as unreliable. Here the record reflects that defense counsel did possess sufficient information to conduct an adequate cross-examination.\nThe defense counsels\u2019 assertion that the prosecution negligently withheld information of Franks\u2019s criminal record was countered by the witness\u2019s own admission during the bail hearing that he was a felon. This admission, however, was not exploited by defense attorneys during the bail hearing. Therefore, the lack of effective inquiry into Franks\u2019s criminal past was not the result of ignorance but of defense counsels\u2019 failure to inquire further of the witness. In any case, the Attorney General has agreed to stipulate to Franks\u2019s Ohio convictions that were not known to defense counsel at the time of the bad hearing.\nThe defendants also contended that the prosecution misled defense attorneys in regard to the existence of any inducements or rewards that the Attorney General may have provided to Franks in exchange for his testimony against defendants. In support of their contention defendants asserted that had Franks not testified against them, the Attorney General would have instituted probation violation proceedings against Franks because of his failure to comply with the drug treatment terms of his probation. The prosecution, however, has denied the existence of a promise to forego probation violation proceedings against Franks in order to procure his testimony.\nAlthough the trial justice did not decide the factual issue of whether the Attorney General had in fact struck a bargain with Franks, it appears that evidence of such a quid pro quo is circumstantial and not persuasive and is insufficient to render the bail hearing testimony inadmissible. In any event the defense attorneys had the opportunity during the bail hearing to ask Franks about any rewards or inducements he may have received in exchange for his testimony. They did not do so.\nOn these facts we hold that the trial justice abused his discretion in excluding Franks\u2019s bail hearing testimony. Therefore, we sustain the state\u2019s appeal and vacate the order that excluded Franks\u2019s testimony from the defendants\u2019 trial. The bail hearing testimony of Franks is therefore admissible. The defense counsel may seek to attack the credibility of that testimony at trial, however, by introducing evidence both of Franks\u2019s Ohio convictions and of Franks\u2019s use of and treatment for drugs. The papers in this case are remanded to the Superior Court.\nBOURCIER and GOLDBERG, JJ., did not participate.\n. The defendants were also charged with conspiracy to commit murder, assault with a dangerous weapon, unlawfully discharging a firearm from a motor vehicle, carrying a pistol in a vehicle without a license, and possession of a firearm after having been previously convicted of a crime of violence.\n. Rule 804 of the Rhode Island Rules of Evidence, entitled \u201cHearsay exceptions; declarant unavailable,\u201d reads in pertinent part, \"(b) * * * The following are not excluded by the hearsay rule if the declarant is unavailable as a witness: (1) Former Testimony. Recorded testimony given as a witness at another hearing of the same or a different proceeding * * * if the party against whom the testimony is now offered * * * had an opportunity to develop the testimony by direct, cross, or redirect examination.\u201d\n. The record reveals that Franks was convicted in the State of Ohio of several crimes including drug trafficking, criminal trespass, and receiving stolen property.",
        "type": "majority",
        "author": "PER CURIAM."
      }
    ],
    "attorneys": [
      "Andrea J. Mendes, Jr. and Aaron L. Weis-man, Providence, for Plaintiff.",
      "Edward C. Roy, Jr., Providence, Donna A. Uhlmann, Cranston, for Defendant."
    ],
    "corrections": "",
    "head_matter": "STATE v. Carl SHARP et al.\nNo. 97-157-C.A.\nSupreme Court of Rhode Island.\nApril 2, 1998.\nAndrea J. Mendes, Jr. and Aaron L. Weis-man, Providence, for Plaintiff.\nEdward C. Roy, Jr., Providence, Donna A. Uhlmann, Cranston, for Defendant.\nBefore WEISBERGER, C.J., and LEDERBERG and FLANDERS, JJ."
  },
  "file_name": "1328-01",
  "first_page_order": 1384,
  "last_page_order": 1387
}
