{
  "id": 9454557,
  "name": "NORTH SEWICKLEY TOWNSHIP and Raymond Peters, Appellants, v. Michael T. LaVALLE and Regina LaValle, husband and wife",
  "name_abbreviation": "North Sewickley Township v. LaValle",
  "decision_date": "2001-11-02",
  "docket_number": "",
  "first_page": "325",
  "last_page": "328",
  "citations": [
    {
      "type": "official",
      "cite": "786 A.2d 325"
    }
  ],
  "court": {
    "name_abbreviation": "Pa. Commw. Ct.",
    "id": 11887,
    "name": "Commonwealth Court of Pennsylvania"
  },
  "jurisdiction": {
    "id": 6,
    "name_long": "Pennsylvania",
    "name": "Pa."
  },
  "cites_to": [
    {
      "cite": "586 A.2d 1026",
      "category": "reporters:state_regional",
      "reporter": "A.2d",
      "case_ids": [
        1410877
      ],
      "year": 1991,
      "pin_cites": [
        {
          "page": "1028",
          "parenthetical": "injury by the physical closing of a bus door when the bus was stationary"
        }
      ],
      "opinion_index": 0,
      "case_paths": [
        "/pa-commw/137/0533-01"
      ]
    },
    {
      "cite": "569 A.2d 1047",
      "category": "reporters:state_regional",
      "reporter": "A.2d",
      "case_ids": [
        1399145
      ],
      "year": 1990,
      "pin_cites": [
        {
          "parenthetical": "momentary stop in traffic was ancillary to operation of bus and, therefore, bus was in operation"
        }
      ],
      "opinion_index": 0,
      "case_paths": [
        "/pa-commw/131/0236-01"
      ]
    },
    {
      "cite": "718 A.2d 778",
      "category": "reporters:state_regional",
      "reporter": "A.2d",
      "case_ids": [
        11687905,
        356247
      ],
      "year": 1998,
      "opinion_index": 0,
      "case_paths": [
        "/a2d/718/0778-01",
        "/pa/553/0214-01"
      ]
    },
    {
      "cite": "553 Pa. 214",
      "category": "reporters:state",
      "reporter": "Pa.",
      "case_ids": [
        356247
      ],
      "year": 1998,
      "opinion_index": 0,
      "case_paths": [
        "/pa/553/0214-01"
      ]
    },
    {
      "cite": "738 A.2d 37",
      "category": "reporters:state_regional",
      "reporter": "A.2d",
      "case_ids": [
        11562925
      ],
      "weight": 2,
      "opinion_index": 0,
      "case_paths": [
        "/a2d/738/0037-01"
      ]
    },
    {
      "cite": "518 Pa. 370",
      "category": "reporters:state",
      "reporter": "Pa.",
      "case_ids": [
        1811585
      ],
      "weight": 2,
      "year": 1988,
      "pin_cites": [
        {
          "page": "374",
          "parenthetical": "\"Merely preparing to operate a vehicle, or acts taken at the cessation of operating a vehicle are not the same as actually operating the vehicle.\""
        },
        {
          "page": "533",
          "parenthetical": "\"Merely preparing to operate a vehicle, or acts taken at the cessation of operating a vehicle are not the same as actually operating the vehicle.\""
        }
      ],
      "opinion_index": 0,
      "case_paths": [
        "/pa/518/0370-01"
      ]
    },
    {
      "cite": "554 A.2d 172",
      "category": "reporters:state_regional",
      "reporter": "A.2d",
      "case_ids": [
        1382631
      ],
      "weight": 3,
      "year": 1989,
      "pin_cites": [
        {
          "page": "174"
        }
      ],
      "opinion_index": 0,
      "case_paths": [
        "/pa-commw/123/0401-01"
      ]
    },
    {
      "cite": "721 A.2d 819",
      "category": "reporters:state_regional",
      "reporter": "A.2d",
      "case_ids": [
        11795686
      ],
      "weight": 2,
      "pin_cites": [
        {
          "page": "821"
        }
      ],
      "opinion_index": 0,
      "case_paths": [
        "/a2d/721/0819-01"
      ]
    },
    {
      "cite": "763 A.2d 394",
      "category": "reporters:state_regional",
      "reporter": "A.2d",
      "case_ids": [
        11170160,
        1366909
      ],
      "year": 2000,
      "pin_cites": [
        {
          "page": "397"
        }
      ],
      "opinion_index": 0,
      "case_paths": [
        "/a2d/763/0394-01",
        "/pa/563/0579-01"
      ]
    },
    {
      "cite": "563 Pa. 579",
      "category": "reporters:state",
      "reporter": "Pa.",
      "case_ids": [
        1366909
      ],
      "year": 2000,
      "pin_cites": [
        {
          "page": "584"
        }
      ],
      "opinion_index": 0,
      "case_paths": [
        "/pa/563/0579-01"
      ]
    },
    {
      "cite": "674 A.2d 363",
      "category": "reporters:state_regional",
      "reporter": "A.2d",
      "case_ids": [
        7860670
      ],
      "weight": 3,
      "pin_cites": [
        {
          "page": "365"
        }
      ],
      "opinion_index": 0,
      "case_paths": [
        "/a2d/674/0363-01"
      ]
    }
  ],
  "analysis": {
    "cardinality": 491,
    "char_count": 7763,
    "ocr_confidence": 0.683,
    "pagerank": {
      "raw": 1.3732758113084265e-07,
      "percentile": 0.6388692931518402
    },
    "sha256": "b3870fdcd895d10ce6171049b7a780310137d830ba52991ffec6c634d361c434",
    "simhash": "1:ce5887ae4003cc60",
    "word_count": 1277
  },
  "last_updated": "2024-02-27T16:41:47.863258+00:00",
  "provenance": {
    "date_added": "2019-08-29",
    "source": "Harvard",
    "batch": "2018"
  },
  "casebody": {
    "judges": [
      "Before PELLEGRINI, J., FLAHERTY and RODGERS, Senior Judges."
    ],
    "parties": [
      "NORTH SEWICKLEY TOWNSHIP and Raymond Peters, Appellants, v. Michael T. LaVALLE and Regina LaValle, husband and wife."
    ],
    "opinions": [
      {
        "text": "FLAHERTY, Senior Jhdge.\nNorth Sewickley Township and Raymond Peters (Appellants, collectively) have filed this interlocutory appeal from the order of the Court of Common Pleas of Beaver County (trial court), which denied Appellants\u2019 Motion for a Judgment on the Pleadings pursuant to the motor vehicle exception to what is commonly called the Political Subdivision Tort Claims Act, 42 Pa.C.S. \u00a7 8542. We reverse.\nOn April 3, 1999, at approximately 2:25 a.m., Police Officer Raymond Peters was conducting a vehicle patrol on River Road in North Sewickley Township, Beaver County. Peters was travelling in a northbound direction when he observed an abandoned vehicle stopped adjacent to the southbound lane. Peters pulled over and stopped in the southbound lane, facing oncoming traffic. The police vehicle headlights were activated. Peters exited his vehicle to investigate the abandoned car. While doing so, Michael LaValle was riding his motorcycle in a southbound direction on River Road toward the police car. LaValle became disoriented and attempted to steer his motorcycle to the right side of the police car. He struck the police car and suffered serious bodily injury.\nLaValle filed a civil action against Appellants alleging negligence. Specifically, LaValle alleged that the police car had its high beams on but the overhead lights were not activated. Appellants filed a Motion for a Judgment on the Pleadings (Motion) on the grounds that Appellants were immune from any liability pursuant to the Political Subdivision Tort Claims Act and LaValle\u2019s action did not satisfy the motor vehicle exception to immunity. The trial court denied Appellants\u2019 Motion and an interlocutory appeal was granted.\nThe sole issue before us is whether the stationary and parked police vehicle was in operation at the time of the collision. When reviewing a trial court\u2019s decision to grant a motion for judgment on the pleadings, our scope of review is plenary. Bradley v. Franklin County Prison, 674 A.2d 363, 365 (Pa.Cmwlth.1996) (citations omitted). We must confine our consideration to the pleadings filed, accepting as true all well pled statements of fact, admissions and any documents properly attached to the pleadings presented by the party against whom the motion is filed. Id. Further, we will sustain the trial court\u2019s grant of judgment on the pleadings only where the movant\u2019s right to succeed is certain and the case is so free from doubt that trial would be a fruitless exercise. Id.\nThe Political Subdivision Tort Claims Act, 42 Pa.C.S. \u00a7\u00a7 8541-8542, provides the defense of governmental immunity against any damages resulting from injury to a person or property caused by any act of a local agency or its employee. 42 Pa.C.S. \u00a7 8541; Lindstrom v. City of Corry, 563 Pa. 579, 584, 763 A.2d 394, 397 (2000). This governmental immunity, however, is not absolute. Swartz v. Hilltown Township Volunteer Fire Company, 721 A.2d 819, 821 (Pa.Cmwlth.1998). Section 8542 of the Judicial Code provides that an injured party may recover in tort from a local agency if (1) damages would be otherwise recoverable under common law or statute; (2) the injury was caused by the negligent act of the local agency or an employee acting within the scope of his official duties; and (3) the negligent act of the local agency falls within one of eight enumerated categories. Id. citing 42 Pa. C.S. \u00a7 8542(a). One of the enumerated exceptions to the general grant of immunity is the \u201cvehicle exception\u201d for acts involving the \u201coperation of any motor vehicle in the possession or control of the local agency....\u201d 42 Pa.C.S. \u00a7 8542(b)(1).\nIn Pennsylvania State Police v. Robinson, 123 Pa.Cmwlth. 401, 554 A.2d 172 (1989), a police officer stopped in the left passing lane on an interstate. WTiile stopped, he opened the trunk of his car from the inside so that a bystander could retrieve some road flares. The bystander was hit by another car while he was standing at the trunk. A negligence action was commenced against the police officer as a result of the accident. This Court concluded that it was the placement of a parked car that had a causal relationship to the injury. Id. at 174. Thus, the vehicle liability exception to sovereign immunity was not applicable because the vehicle was not moving. Id. quoting Love v. City of Philadelphia, 518 Pa. 370, 374, 543 A.2d 531, 533 (1988) (\u201cMerely preparing to operate a vehicle, or acts taken at the cessation of operating a vehicle are not the same as actually operating the vehicle.\u201d).\nIn Beitler v. City of Philadelphia, 738 A.2d 37 (Pa.Cmwlth.1999), a police officer stopped his car in the left lane on a two-lane, one-way expressway. The police officer left the vehicle with the engine running and the roof lights activated while he assisted a motorist. We held that the stopping of a police vehicle on the roadway to engage in police work is an activity distinct from the operation of a vehicle. Id. at 40 (citing White v. School District of Philadelphia, 553 Pa. 214, 718 A.2d 778 (1998)). The vehicle exception was deemed to be not applicable.\nThese cases can be synthesized to generalize that operation of a vehicle requires movement of the vehicle and when the vehicle is not moving, it is generally not considered to be in \u201coperation\u201d under the vehicle exception. Cf. Vogel v. Langer, 131 Pa.Cmwlth. 236, 569 A.2d 1047 (1990) (momentary stop in traffic was ancillary to operation of bus and, therefore, bus was in operation). Where an act, however, causing movement of a part of a vehicle is directly connected with the injury at issue, this Court has found the vehicle exception to be applicable. See e.g., Sonnenberg v. Erie Metropolitan Transit Authority, 137 Pa.Cmwlth. 533, 586 A.2d 1026, 1028 (1991) (injury by the physical closing of a bus door when the bus was stationary). In the matter sub judice, neither the vehicle nor a part of the vehicle was moving.\nLaValle asserts, however, that \u201cthe cause of the accident was movement emanating from defendant\u2019s vehicle, namely the light beams coming from the vehicle\u2019s headlights.\u201d Brief of LaValle at 11. \u2018We are constrained to strictly construe the crucial term, i.e., \u2018operation.\u2019 \u201d Love. It is unclear from the record whether the light beams were alternating between high and low beams or the beams remained high. Regardless of the high beans, low beams or alternating beams and the fact that the beams move according to the laws of physics, the laws of Pennsylvania on the vehicle exception govern this issue and they cannot be strained to conclude that the travel of light from the parked police car\u2019s overhead lights and headlights to La-Valle\u2019s eyes constitutes movement of the vehicle under Love and its progeny. The trial court erred by denying Appellants\u2019 Motion.\nThe order of the trial court is reversed.\nORDER\nAND NOW, this 2nd day of November, 2001, the order of the Court of Common Pleas of Beaver County dated March 20, 2001, which denied the Motion for a Judgment on the Pleadings by North Sewickley Township and Raymond Peters, is hereby reversed.\n. LaValle pleaded that the police vehicle did not have its overhead lights activated at the time of the accident. See Complaint, \u00b6 7.c. Appellants denied this allegation. See Answer, \u00b6 7. Appellants continue to assert that the vehicle\u2019s overhead lights were activated, see e.g., Brief of Appellants at 5, however, we must accept LaValle\u2019s allegation as true.",
        "type": "majority",
        "author": "FLAHERTY, Senior Jhdge."
      }
    ],
    "attorneys": [
      "Stephen J. Poljak, Pittsburgh, for appel-lees.",
      "Mark Neff, Pittsburgh, for appellees."
    ],
    "corrections": "",
    "head_matter": "NORTH SEWICKLEY TOWNSHIP and Raymond Peters, Appellants, v. Michael T. LaVALLE and Regina LaValle, husband and wife.\nCommonwealth Court of Pennsylvania.\nArgued Oct. 10, 2001.\nDecided Nov. 2, 2001.\nStephen J. Poljak, Pittsburgh, for appel-lees.\nMark Neff, Pittsburgh, for appellees.\nBefore PELLEGRINI, J., FLAHERTY and RODGERS, Senior Judges."
  },
  "file_name": "0325-01",
  "first_page_order": 365,
  "last_page_order": 368
}
