{
  "id": 12484960,
  "name": "Commonwealth v. Emmett M. Lockhart",
  "name_abbreviation": "Commonwealth v. Lockhart",
  "decision_date": "2016-05-03",
  "docket_number": "NO. 8 MAL 2016",
  "first_page": "3",
  "last_page": "3",
  "citations": [
    {
      "type": "official",
      "cite": "138 A.3d 3"
    }
  ],
  "court": {
    "name_abbreviation": "Pa.",
    "id": 8832,
    "name": "Supreme Court of Pennsylvania"
  },
  "jurisdiction": {
    "id": 6,
    "name_long": "Pennsylvania",
    "name": "Pa."
  },
  "cites_to": [],
  "analysis": {
    "cardinality": 32,
    "char_count": 230,
    "sha256": "456c7a24a43bedab72f80108a7c2b9aa8ac32aca3b916f47a7de624ae31bd170",
    "simhash": "1:94165270a32210d4",
    "word_count": 36
  },
  "last_updated": "2021-08-27T20:57:13.994284+00:00",
  "provenance": {
    "date_added": "2021-08-27",
    "source": "Fastcase",
    "batch": "2021"
  },
  "casebody": {
    "judges": [],
    "parties": [
      "Commonwealth\nv.\nEmmett M. Lockhart"
    ],
    "opinions": [
      {
        "text": "",
        "type": "majority",
        "author": null
      }
    ],
    "attorneys": [],
    "corrections": "",
    "head_matter": "Commonwealth\nv.\nEmmett M. Lockhart\nNO. 8 MAL 2016\nSupreme Court of Pennsylvania\nMay 03, 2016\nAppeal from the Superior Court.\nDisposition: Denied.\nJustice WECHT did not participate in the consideration or decision of this matter."
  },
  "file_name": "0003-14",
  "first_page_order": 3,
  "last_page_order": 3
}
