{
  "id": 12485070,
  "name": "Corey D. Lewis v. Pennsylvania Board of Probation and Parole",
  "name_abbreviation": "Lewis v. Pa. Bd. of Prob. & Parole",
  "decision_date": "2016-05-09",
  "docket_number": "NO. 48 MAL 2016",
  "first_page": "7",
  "last_page": "7",
  "citations": [
    {
      "type": "official",
      "cite": "138 A.3d 7"
    }
  ],
  "court": {
    "name_abbreviation": "Pa.",
    "id": 8832,
    "name": "Supreme Court of Pennsylvania"
  },
  "jurisdiction": {
    "id": 6,
    "name_long": "Pennsylvania",
    "name": "Pa."
  },
  "cites_to": [],
  "analysis": {
    "cardinality": 24,
    "char_count": 178,
    "sha256": "a0585afdbc565270ba36c85f40e36fcce9087ba3ea29dc01f155500eaff9864d",
    "simhash": "1:e58e103282212413",
    "word_count": 28
  },
  "last_updated": "2021-08-27T20:57:13.994284+00:00",
  "provenance": {
    "date_added": "2021-08-27",
    "source": "Fastcase",
    "batch": "2021"
  },
  "casebody": {
    "judges": [],
    "parties": [
      "Corey D. Lewis\nv.\nPennsylvania Board of Probation and Parole"
    ],
    "opinions": [
      {
        "text": "",
        "type": "majority",
        "author": null
      }
    ],
    "attorneys": [],
    "corrections": "",
    "head_matter": "Corey D. Lewis\nv.\nPennsylvania Board of Probation and Parole\nNO. 48 MAL 2016\nSupreme Court of Pennsylvania\nMay 09, 2016\nAppeal from the Commonwealth Court.\nDisposition: Denied."
  },
  "file_name": "0007-07",
  "first_page_order": 7,
  "last_page_order": 7
}
