{
  "id": 12484891,
  "name": "Silver v. Gutridge",
  "name_abbreviation": "Silver v. Gutridge",
  "decision_date": "2016-06-24",
  "docket_number": "No. 157 Sept. Term 2016",
  "first_page": "1263",
  "last_page": "1263",
  "citations": [
    {
      "type": "official",
      "cite": "138 A.3d 1263"
    },
    {
      "type": "parallel",
      "cite": "448 Md. 317"
    }
  ],
  "court": {
    "name_abbreviation": "Md. App. Ct.",
    "id": 25266,
    "name": "Court of Appeals of Maryland"
  },
  "jurisdiction": {
    "id": 50,
    "name_long": "Maryland",
    "name": "Md."
  },
  "cites_to": [],
  "analysis": {
    "cardinality": 16,
    "char_count": 108,
    "sha256": "f8a95a86f78b904b10a17ed3cdb4b3f19e43f5bc1a9ae80540666c94aaab3623",
    "simhash": "1:1177563101482836",
    "word_count": 18
  },
  "last_updated": "2021-08-27T20:57:13.994284+00:00",
  "provenance": {
    "date_added": "2021-08-27",
    "source": "Fastcase",
    "batch": "2021"
  },
  "casebody": {
    "judges": [],
    "parties": [
      "Silver\nv.\nGutridge"
    ],
    "opinions": [
      {
        "text": "",
        "type": "majority",
        "author": null
      }
    ],
    "attorneys": [],
    "corrections": "",
    "head_matter": "Silver\nv.\nGutridge\nNo. 157 Sept. Term 2016\nCourt of Appeals of Maryland\nJune 24, 2016\nDisposition: Denied."
  },
  "file_name": "1263-05",
  "first_page_order": 1263,
  "last_page_order": 1263
}
