{
  "id": 7348851,
  "name": "BELL ATLANTIC-Pennsylvania, Inc., Petitioner, v. PENNSYLVANIA PUBLIC UTILITY COMMISSION, Respondent",
  "name_abbreviation": "Bell Atlantic-Pennsylvania, Inc. v. Pennsylvania Public Utility Commission",
  "decision_date": "1995-12-18",
  "docket_number": "",
  "first_page": "352",
  "last_page": "356",
  "citations": [
    {
      "type": "official",
      "cite": "672 A.2d 352"
    }
  ],
  "court": {
    "name_abbreviation": "Pa. Commw. Ct.",
    "id": 11887,
    "name": "Commonwealth Court of Pennsylvania"
  },
  "jurisdiction": {
    "id": 6,
    "name_long": "Pennsylvania",
    "name": "Pa."
  },
  "cites_to": [
    {
      "cite": "578 A.2d 984",
      "category": "reporters:state_regional",
      "reporter": "A.2d",
      "case_ids": [
        1402918
      ],
      "weight": 2,
      "year": 1990,
      "opinion_index": 0,
      "case_paths": [
        "/pa-commw/133/0608-01"
      ]
    },
    {
      "cite": "433 A.2d 620",
      "category": "reporters:state_regional",
      "reporter": "A.2d",
      "year": 1981,
      "opinion_index": 0
    },
    {
      "cite": "664 A.2d 977",
      "category": "reporters:state_regional",
      "reporter": "A.2d",
      "year": 1995,
      "opinion_index": 0
    },
    {
      "cite": "651 A.2d 596",
      "category": "reporters:state_regional",
      "reporter": "A.2d",
      "case_ids": [
        12256824
      ],
      "opinion_index": 0,
      "case_paths": [
        "/a2d/651/0596-01"
      ]
    },
    {
      "cite": "626 A.2d 1160",
      "category": "reporters:state_regional",
      "reporter": "A.2d",
      "year": 1993,
      "opinion_index": 0
    },
    {
      "cite": "534 Pa. 642",
      "category": "reporters:state",
      "reporter": "Pa.",
      "year": 1993,
      "opinion_index": 0
    },
    {
      "cite": "613 A.2d 622",
      "category": "reporters:state_regional",
      "reporter": "A.2d",
      "case_ids": [
        1435162
      ],
      "year": 1992,
      "opinion_index": 0,
      "case_paths": [
        "/pa-commw/149/0507-01"
      ]
    },
    {
      "cite": "642 A.2d 541",
      "category": "reporters:state_regional",
      "reporter": "A.2d",
      "case_ids": [
        1461171,
        7864124
      ],
      "year": 1994,
      "pin_cites": [
        {
          "parenthetical": "in assessing the costs in rail-highway crossing cases, the Commission is not limited to any fixed rule but takes all relevant factors into consideration, with the fundamental requirement being that its order be just and reasonable"
        }
      ],
      "opinion_index": 0,
      "case_paths": [
        "/pa-commw/164/0088-01",
        "/a2d/642/0541-01"
      ]
    },
    {
      "cite": "611 A.2d 356",
      "category": "reporters:state_regional",
      "reporter": "A.2d",
      "case_ids": [
        1433487
      ],
      "weight": 3,
      "year": 1992,
      "opinion_index": 0,
      "case_paths": [
        "/pa-commw/148/0350-01"
      ]
    }
  ],
  "analysis": {
    "cardinality": 668,
    "char_count": 14202,
    "ocr_confidence": 0.713,
    "pagerank": {
      "raw": 2.8068481120143934e-07,
      "percentile": 0.8372654158601525
    },
    "sha256": "491ed35253918da9fa68b509a94b8ebfa2ee7b9ea84a30daa71c78654c940dd7",
    "simhash": "1:94a9998e27445a70",
    "word_count": 2196
  },
  "last_updated": "2024-02-27T19:08:04.514493+00:00",
  "provenance": {
    "date_added": "2019-08-29",
    "source": "Harvard",
    "batch": "2018"
  },
  "casebody": {
    "judges": [
      "Before SMITH and FRIEDMAN, JJ., and SILVESTRI, Senior Judge."
    ],
    "parties": [
      "BELL ATLANTIC-Pennsylvania, Inc., Petitioner, v. PENNSYLVANIA PUBLIC UTILITY COMMISSION, Respondent."
    ],
    "opinions": [
      {
        "text": "SMITH, Judge.\nBell Atlantic \u2014 Pennsylvania, Inc. (Bell) petitions for review of the November 14, 1994 order of the Pennsylvania Public Utility Commission (Commission) that adopted the May 31, 1994 recommended decision of the Administrative Law Judge (ALJ) requiring Bell to bear the costs of relocating its facilities at a rail-highway crossing and to pay the Pennsylvania Department of Transportation (DOT) for expenses it incurred in moving Bell\u2019s facilities located at that crossing.\nThe issues as presented by Bell are: (1) whether the Commission committed reversible error in failing to apply its own four-part test in determining a just and reasonable allocation of expenses in a rail-highway crossing case; (2) whether the Commission\u2019s decision was supported by substantial evidence; and (3) whether the decision of the Commission was arbitrary and capricious, represented an abuse of discretion and violated Bell\u2019s due process rights in that the Commission issued an order in a factually similar matter on the same day with the opposite result.\nI\nOn January 28, 1988, the Commission entered an order approving DOT\u2019s application for the alteration of the rail-highway crossing at the intersection of Girard and Belmont Avenues in Philadelphia, including the replacement of a five-span bridge originally built in 1907. Amtrak and Conrail own the railroad right-of-way beneath the bridge, and SEPTA operates rail commuter service on Amtrak\u2019s tracks beneath the bridge and a trolley line on the bridge. Philadelphia Electric Company, Philadelphia Gas Works and Bell all maintain facilities within the public right-of-way at the crossing. Bell\u2019s facilities consist of underground cables, conduits and manholes. On June 3, 1993, DOT advised the Commission that the alteration was completed and, on September 23, 1993, the ALJ held a hearing on the application to allocate the associated costs.\nBell presented the testimony of David Huffnagle, Assistant Manager of Outside Facilities in Bell\u2019s Engineering Department. Regarding the condition of Bell\u2019s facilities at the crossing, Huffnagle testified that the average service life for conduits is approximately 64 years, that the average service life for underground cable is approximately 30 years and that a majority of the cable was near the end of its estimated or average service life or had surpassed it. Although he believed the average service life was \u201cabout the same\u201d for new and old cable, Huffnagle admitted that the new cable was probably of better quality. Huffnagle also admitted that Bell prefers to locate its facilities in the public right-of-way, when possible, because Bell can obtain a permit and is protected from the infringement of all other utilities that occupy the street, and Bell is not required to maintain the highway right-of-way in which its facilities are located.\nBell also presented into evidence Bell\u2019s Statement No. 1, which included Huffnagle\u2019s prepared direct testimony that Bell incurred a cost of $379,082.09 \u2014 later corrected to $378,682.09 \u2014 for the relocation of its facilities, and accompanying exhibits. Huffnagle also stated Bell\u2019s position regarding who should bear its relocation costs:\nBell does not agree to bear any of the costs to relocate its facilities associated with this project. Bell believes that the Commission should allocate the costs of the project to whomever it determines has caused these costs to be incurred, or whoever benefitted from the project. Since PENNDOT initiated this project, it is both the cost-causer and the beneficiary of the project, and it should bear 100% of Bell\u2019s relocation costs.\nBell\u2019s Statement No. 1 at 7-8.\nDOT presented the testimony of James B. Ottinger, DOT\u2019s Utility Manager for District 6, who testified that DOT initially assumed relocation costs for Bell totalling $157,397.71, for which it sought reimbursement. Ottinger also testified that DOT would reimburse Conrail, Amtrak and SEPTA for their engineering and construction costs associated with the construction of the bridge and that DOT agreed to reimburse any utility for costs incurred to relocate facilities that were originally located in a private right-of-way. Ottinger testified, however, that DOT did not agree to reimburse any privately-owned non-carrier utility company for costs incurred to relocate facilities that were originally located in the public right-of-way, such as those incurred by Bell.\nThe ALJ found that Bell benefitted from its occupation of the public right-of-way, that all of Bell\u2019s facilities at the crossing had either surpassed or were near the end of their service lives, that the relocation resulted in a betterment of Bell\u2019s facilities and that Bell\u2019s betterment of $8,103 outweighed its removal cost of $2,665.64. The ALJ concluded that Bell should bear all the costs of relocating its facilities and that Bell must reimburse DOT $157,397.71 for the cost DOT incurred on behalf of Bell. Bell filed exceptions to the ALJ\u2019s recommended decision, which were essentially the same as the issues presented to this Court. By final order dated November 14, 1994, the Commission denied Bell\u2019s exceptions and adopted the ALJ\u2019s recommended decision.\nII\nBell argues that the Commission faded to apply its four-point analysis for allocating utility relocation expenses as stated in its decision in Application of the City of Wilkes-Barre, (Docket No. A-101606, filed April 9, 1981). Bell also argues that the Commission\u2019s decision was unsupported by substantial evidence where the Commission considered only irrelevant factors in deciding the allocation of expenses; and that the Commission\u2019s decision was arbitrary and capricious, and represented an abuse of discretion and a violation of Bell\u2019s right to due process, where the Commission applied a reasoned analysis consistent with Wilkes-Barre in a similar decision decided on the same day, but not in the present case.\nThe Commission has the exclusive authority to determine the manner in which rail-highway crossings may be constructed, altered, relocated, suspended or abolished, 66 Pa.C.S. \u00a7 2702, and to assess the costs of that work in such proportions as the Commission determines to be proper, unless such proportions are mutually agreed upon by the parties involved. 66 Pa.C.S. \u00a7 2704(a). Initially, it must be noted that prior adjudications of the Commission have no precedential value before this Court. Standard Fire Ins. Co. v. Insurance Department, 148 Pa.Cmwlth. 350, 611 A.2d 356 (1992). Nor is an administrative agency bound by the rule of stare decisis; however, as Bell correctly notes, an administrative agency must render consistent opinions and should either follow, distinguish or overrule its own precedent. Id.\nContrary to Bell\u2019s arguments, a review of the Commission\u2019s decision in Wilkes-Barre reveals that there is no fixed four-part test. The Wilkes-Barre decision merely acknowledges that various factors have been used by the Commission in allocating costs and the Commission is \u201cnot limited to any fixed rule, but may consider any one or more of the above recited factors, depending upon the facts peculiar to each case.\u201d Id., slip op. at 4 (emphasis in original). This principle has been also accepted by this Court. See Greene Township Board of Supervisors v. Pennsylvania Public Utility Commission, 164 Pa.Cmwlth. 88, 642 A.2d 541 (1994) (in assessing the costs in rail-highway crossing cases, the Commission is not limited to any fixed rule but takes all relevant factors into consideration, with the fundamental requirement being that its order be just and reasonable).\nBecause the Commission is not required to limit itself to any or all of the factors enumerated in Wilkes-Barre, Bell\u2019s argument that the Commission erred by not analyzing the present case under its \u201cfour-part test\u201d is without merit. As Intervenor, DOT points out that the Commission is free to determine which factors are relevant in assessing costs within the context of the particular ease before it. 66 Pa.C.S. \u00a7 2704(a); Greene Township Board of Supervisors. Thus Bell\u2019s argument that its due process rights were violated by a change, without notice, to the Commission\u2019s so-called \u201cestablished or recognized course of conduct\u201d must also fail.\nTo buttress its argument that the Commission\u2019s decision is not supported by any evidence, substantial or otherwise, Bell attacks that decision for failing to quantify the amount of Bell\u2019s benefit. Specifically, Bell contends that there is no evidence in the record to support the ALJ\u2019s conclusion that Bell\u2019s ratepayers received an additional benefit beyond that already subtracted by Bell for betterment of its facilities; that any facilities were in need of being replaced or would have been replaced; or that the benefit of newer facilities was exactly equal to Bell\u2019s relocation costs plus the costs of DOT\u2019s labor. Bell further contends that the ALJ\u2019s conclusion that Bell gained some unquantified benefit from having its facilities located in the public right-of-way is without any factual support in the record.\nThe benefit a party receives from a crossing is a relevant factor in assigning maintenance responsibilities, D & H Corp. v. Pennsylvania Public Utility Commission, 149 Pa.Cmwlth. 507, 613 A.2d 622 (1992), appeal denied, 534 Pa. 642, 626 A.2d 1160 (1993); however, there is no requirement that the benefit be assigned a specific dollar value or that the costs allocated to a party be limited to the value of the benefit received. See Pennsylvania Game Commission v. Pennsylvania Public Utility Commission, 651 A.2d 596 (Pa.Cmwlth.1994), appeal denied, \u2014 Pa. -, 664 A.2d 977 (1995) (in a review of the Commission\u2019s decision to allocate costs for the removal of a rail-highway crossing, this Court held that the elimination of safety hazards and better access to game lands resulted in a benefit sufficient for allocating 25 percent of the entire cost associated with the removal of certain crossings, even though the benefit was not defined by a dollar amount).\nHuffnagle\u2019s testimony represents substantial evidence to support the Commission\u2019s findings that Bell\u2019s facilities have been improved as a result of the relocation. Huffna-gle admitted that a majority of the cables installed by Bell had surpassed or had been nearing the end of their estimated average service life and that Bell\u2019s facilities were improved because the original cables were replaced with better quality cables. Huffna-gle also described the ways in which Bell derived benefit through its occupation of a public right-of-way. Even Huffnagle suggested, in Bell\u2019s Statement No. 1, that the Commission should allocate the costs to whoever benefitted from the project.\nThis Court also rejects Bell\u2019s contention that the determination that Bell was required to reimburse DOT is without factual support in the record and has no reasoned explanation. Bell asserts that the betterment in question occurred outside the jurisdictional area of the crossing; however, the record reveals that Bell listed this betterment in Exhibit 2-A, entitled \u201cBelmont & Girard Bridge Reconstruction Conduit Work\u201d as well as in Exhibit 2-C, entitled \u201cBelmont & Girard Bridge Reconstruction Total Cost Summary.\u201d Furthermore, Huffnagle admitted:\nThis is part of the job, the betterment is for some conduits that we built in Belmont Avenue going north in a part of the roadway that was going to be reconstructed, where we were not in need of new conduits at that time. The existing conduit was near capacity, and in an effort to not have to open the street again at some later time, we put the conduits in advance of the paving. So when our facilities did exhaust, we would have a route to follow without disturbing the surface.\nCommission\u2019s Decision at 133-134.\nThe Commission\u2019s decision included a detailed discussion of the Commission\u2019s reasons for assigning costs to the various parties involved in the alteration project. This Court may not substitute its judgment for that of the Commission or engage in the processes of weighing evidence or resolving conflicting testimony. Philadelphia Electric Co. v. Pennsylvania Public Utility Commission, 61 Pa.Cmwlth. 325, 433 A.2d 620 (1981). Because the Commission\u2019s decision is just and reasonable and is supported by substantial evidence, its order requiring Bell to bear its costs of relocating its facilities and to reimburse DOT for expenses incurred on Bell\u2019s behalf must be affirmed.\nORDER\nAND NOW, this 18th day of December, 1995, the order of the Pennsylvania Public Utility Commission is affirmed.\n. This Court's scope of review in the present case is limited to determining whether the Commission\u2019s findings are supported by substantial evidence, whether an error of law has been committed or whether constitutional rights have been violated. White Rock Sewage Corp. v. Pennsylvania Public Utility Commission, 133 Pa.Cmwlth. 608, 578 A.2d 984 (1990).\n. The Wilkes-Barre decision was provided at Appendix A to the Commission\u2019s brief. Wilkes-Barre provides:\nThe Courts and the Commission have considered various factors in reaching a conclusion regarding the appropriate allocations of costs including; (1) the benefit received by the ratepayers of the particular utility ... (2) the availability of state and/or Federal funding for a project ... (3) the placing of the costs upon the party responsible for the situation ... and (4) the equities of a particular situation....\nId., slip op. at 3-4 (citations omitted).\n. See also D & H Corp. (the benefit of a safe interface between train and vehicular traffic provided by the rebuilt structure, to which no specific dollar amount was assigned, was sufficient for allocating 50 percent of future maintenance costs of the reconstructed crossing).",
        "type": "majority",
        "author": "SMITH, Judge."
      }
    ],
    "attorneys": [
      "Thomas J. Sniscak; for Petitioner.",
      "Susan D. Colwell, Assistant Counsel, for Respondent.",
      "Gina M. D\u2019Alfonso, Assistant Counsel in Charge, for Department of Transportation."
    ],
    "corrections": "",
    "head_matter": "BELL ATLANTIC-Pennsylvania, Inc., Petitioner, v. PENNSYLVANIA PUBLIC UTILITY COMMISSION, Respondent.\nCommonwealth Court of Pennsylvania.\nArgued Sept. 12, 1995.\nDecided Dec. 18, 1995.\nPublication Ordered March 1, 1996.\nThomas J. Sniscak; for Petitioner.\nSusan D. Colwell, Assistant Counsel, for Respondent.\nGina M. D\u2019Alfonso, Assistant Counsel in Charge, for Department of Transportation.\nBefore SMITH and FRIEDMAN, JJ., and SILVESTRI, Senior Judge."
  },
  "file_name": "0352-01",
  "first_page_order": 410,
  "last_page_order": 414
}
