{
  "id": 7360371,
  "name": "Robert G. LENHARDT and Jean A. Lenhardt, his wife, Appellees, v. Chelsie I. ADAMS, Irene K. Noss and Louis Noss & Noss Mobile Homes, Inc., Appellants",
  "name_abbreviation": "Lenhardt v. Adams",
  "decision_date": "1996-03-18",
  "docket_number": "",
  "first_page": "785",
  "last_page": "785",
  "citations": [
    {
      "type": "official",
      "cite": "672 A.2d 785"
    }
  ],
  "court": {
    "name_abbreviation": "Pa.",
    "id": 8832,
    "name": "Supreme Court of Pennsylvania"
  },
  "jurisdiction": {
    "id": 6,
    "name_long": "Pennsylvania",
    "name": "Pa."
  },
  "cites_to": [],
  "analysis": {
    "cardinality": 70,
    "char_count": 609,
    "ocr_confidence": 0.733,
    "sha256": "cb40f993825a5079cf433763b64f02b221b422ec4de3a3d06236d12ec88fa6e0",
    "simhash": "1:9f729ac49d8f92a4",
    "word_count": 96
  },
  "last_updated": "2023-07-14T15:29:47.073101+00:00",
  "provenance": {
    "date_added": "2019-08-29",
    "source": "Harvard",
    "batch": "2018"
  },
  "casebody": {
    "judges": [
      "Before FLAHERTY, ZAPPALA, CAPPY, CASTILLE, NIGRO and NEWMAN, JJ.",
      "NIX, C. J., and NEWMAN, J., did not participate in the consideration or decision of this matter."
    ],
    "parties": [
      "Robert G. LENHARDT and Jean A. Lenhardt, his wife, Appellees, v. Chelsie I. ADAMS, Irene K. Noss and Louis Noss & Noss Mobile Homes, Inc., Appellants."
    ],
    "opinions": [
      {
        "text": "ORDER\nPER CURIAM.\nAppeal dismissed as having been improvidently granted.\nNIX, C. J., and NEWMAN, J., did not participate in the consideration or decision of this matter.",
        "type": "majority",
        "author": "PER CURIAM."
      }
    ],
    "attorneys": [
      "James E. Kelly, Jr., for Chelsie Adams, Irene Noss, Louis Noss & Noss Mobile Homes, Inc.",
      "James R. Silvis, Greensburg, for Robert & Jean Lenhardt."
    ],
    "corrections": "",
    "head_matter": "Robert G. LENHARDT and Jean A. Lenhardt, his wife, Appellees, v. Chelsie I. ADAMS, Irene K. Noss and Louis Noss & Noss Mobile Homes, Inc., Appellants.\nSupreme Court of Pennsylvania.\nArgued March 5, 1996.\nDecided March 18, 1996.\nJames E. Kelly, Jr., for Chelsie Adams, Irene Noss, Louis Noss & Noss Mobile Homes, Inc.\nJames R. Silvis, Greensburg, for Robert & Jean Lenhardt.\nBefore FLAHERTY, ZAPPALA, CAPPY, CASTILLE, NIGRO and NEWMAN, JJ."
  },
  "file_name": "0785-01",
  "first_page_order": 843,
  "last_page_order": 843
}
