{
  "id": 8116374,
  "name": "Bernard HARTZ, Appellant, v. Freda Kimmel SEGNER and Nettie Weintraub, Appellees",
  "name_abbreviation": "Hartz v. Segner",
  "decision_date": "1960-11-28",
  "docket_number": "No. 2633",
  "first_page": "489",
  "last_page": "491",
  "citations": [
    {
      "type": "official",
      "cite": "165 A.2d 489"
    }
  ],
  "court": {
    "name_abbreviation": "D.C.",
    "id": 21806,
    "name": "District of Columbia Municipal Court of Appeals"
  },
  "jurisdiction": {
    "id": 56,
    "name_long": "District of Columbia",
    "name": "D.C."
  },
  "cites_to": [
    {
      "cite": "157 A.2d 810",
      "category": "reporters:state_regional",
      "reporter": "A.2d",
      "case_ids": [
        8131240,
        8131355
      ],
      "opinion_index": 0,
      "case_paths": [
        "/a2d/157/0810-01",
        "/a2d/157/0810-02"
      ]
    },
    {
      "cite": "36 App.D.C. 194",
      "category": "reporters:state",
      "reporter": "App. D.C.",
      "case_ids": [
        1364206
      ],
      "opinion_index": 0,
      "case_paths": [
        "/app-dc/36/0194-01"
      ]
    }
  ],
  "analysis": {
    "cardinality": 341,
    "char_count": 4483,
    "ocr_confidence": 0.71,
    "pagerank": {
      "raw": 7.682524327565526e-08,
      "percentile": 0.4528123068178878
    },
    "sha256": "ddfb8683cd9f1c015f8958400eedeafbd19bb7246db62c08b3b249078a1e2977",
    "simhash": "1:0b4ae6e5e287cdce",
    "word_count": 727
  },
  "last_updated": "2024-02-27T23:10:42.309473+00:00",
  "provenance": {
    "date_added": "2019-08-29",
    "source": "Harvard",
    "batch": "2018"
  },
  "casebody": {
    "judges": [
      "Before ROVER, Chief Judge, and HOOD and QUINN, Associate Judges."
    ],
    "parties": [
      "Bernard HARTZ, Appellant, v. Freda Kimmel SEGNER and Nettie Weintraub, Appellees."
    ],
    "opinions": [
      {
        "text": "QUINN, Associate Judge.\nIn May 1956 the parties to this action entered into a conditional sales contract wherein appellant agreed to pay $7,500, in monthly installments of $125, for the purchase of appellees\u2019 retail dress shop and certain of its furnishings. Sometime later, appellant failed to make a payment at the time stipulated and appellees filed this suit alleging that by reason of the default, the \u2022entire- balance of $3,000 had become immediately due and payable under an acceleration clause of the agreement. So that it might also serve as an affidavit for a writ of attachment before judgment, the complaint further. recited that appellant was in the process of liquidating the business for the purpose of removing his assets from the District of Columbia and disposing of-the property so as to evade his creditors. One of appellees deposed that the facts and matters: thus-set forth were \u201ctrue to the best of her knowledge and believe [sic.].\u201d Accordingly, a writ was issued and numerous items of appellant\u2019s property seized.\nAppellant denied any intention of attempting to escape his financial obligations and filed a motion to quash the writ on the grounds that the affidavit upon which it was granted was defectively drawn. From the denial of this motion an appeal was taken which was subsequently dismissed as premature. The legal efficacy of the affidavit is again raised by \u00dcx\u00e9 present appeal and will be considered by us.\nThe''acceleration provision under which appellees instituted this suit was not written -into the contract nor was it even mentioned therein, but it was present in the promissory note that appellant executed to evidence the debt. Appellant objected to the note at trial, asserting that its admission would transform the action into a suit on the note. He argued that the court was restricted to the terms of the written contract and that it showed a default of one payment of $125, not a matured obligation of $3,000. Further proceedings were held in connection with the grounds for the attachment before judgment. Thereafter, judgment was entered for appellees in the full amount as well as an order authorizing condemnation of the attached property.\nWe believe that appellant\u2019s objection to the introduction of the promissory note is unfounded. He does not dispute that both the contract and the note were executed contemporaneously or that he signed both documents knowing of, and acceding to, their contents. Furthermore, while the acceleration clause was not expressly incorporated into the contract, no less than four separate references to the note were made in the agreement, illustrating that the provisions of both instruments were an integrated part of a single understanding. To give effect to the intentions of the parties, it was therefore necessary that both instruments be construed together. The note simply supplied an additional term of the agreement and did nothing to alter the cause of action.\nAppellant next contends that appellees\u2019 affidavit was insufficient because it was sworn to on knowledge and belief instead of in a positive and unqualified manner. He urges therefore that it was error for the trial court to deny the motion to quash the writ issued pursuant thereto. Whatever merit this argument may have is obviated by the fact that a supplemental affidavit was before the court at the hearing on the motion and may be deemed to have 'cured the alleged irregularity in the original affidavit. Authority for this corrective procedure may he found in W. B. Moses & Sons v. Hayes where, under similar circumstances, the United States Court of Appeals remanded the case so that a defective affidavit, sworn to on information and belief, might be amended.\nAffirmed.\nChief Judge ROVER sat during the argument of this case but died before it was decided.\n. Code 1951, 16-301.\n. Hartz v. Segner, D.C.Mun.App.1960, 157 A.2d 810.\n. 1911, 36 App.D.C. 194.\n. We' might also call attention to \u00a7 13-301 of our Code which in- all judicial proceed- \u2022 ings vests the court with the discretion \u201cto allow supplemental or substituted af- ' fidavits to be filed.\u201d .",
        "type": "majority",
        "author": "QUINN, Associate Judge."
      }
    ],
    "attorneys": [
      "- Leonard B. Meyers, Washington, D. C., for appellant.",
      "Herman Miller, Washington, D. C., for \u00e1ppellees."
    ],
    "corrections": "",
    "head_matter": "Bernard HARTZ, Appellant, v. Freda Kimmel SEGNER and Nettie Weintraub, Appellees.\nNo. 2633.\nMunicipal Court of Appeals for the District of Columbia.\nArgued Sept. 19, 1960.\nDecided Nov. 28, 1960.\n- Leonard B. Meyers, Washington, D. C., for appellant.\nHerman Miller, Washington, D. C., for \u00e1ppellees.\nBefore ROVER, Chief Judge, and HOOD and QUINN, Associate Judges."
  },
  "file_name": "0489-01",
  "first_page_order": 521,
  "last_page_order": 523
}
