{
  "id": 7355514,
  "name": "COMMONWEALTH of Pennsylvania, Respondent, v. Kenyatta MILES, Petitioner",
  "name_abbreviation": "Commonwealth v. Miles",
  "decision_date": "1996-12-06",
  "docket_number": "No. 0095 Capital Appeal",
  "first_page": "814",
  "last_page": "814",
  "citations": [
    {
      "type": "official",
      "cite": "687 A.2d 814"
    }
  ],
  "court": {
    "name_abbreviation": "Pa.",
    "id": 8832,
    "name": "Supreme Court of Pennsylvania"
  },
  "jurisdiction": {
    "id": 6,
    "name_long": "Pennsylvania",
    "name": "Pa."
  },
  "cites_to": [
    {
      "cite": "681 A.2d 1295",
      "category": "reporters:state_regional",
      "reporter": "A.2d",
      "case_ids": [
        465120,
        7867795
      ],
      "year": 1996,
      "opinion_index": 0,
      "case_paths": [
        "/pa/545/0500-01",
        "/a2d/681/1295-01"
      ]
    },
    {
      "cite": "545 Pa. 500",
      "category": "reporters:state",
      "reporter": "Pa.",
      "case_ids": [
        465120
      ],
      "year": 1996,
      "opinion_index": 0,
      "case_paths": [
        "/pa/545/0500-01"
      ]
    }
  ],
  "analysis": {
    "cardinality": 63,
    "char_count": 557,
    "ocr_confidence": 0.67,
    "pagerank": {
      "raw": 4.03580807328026e-08,
      "percentile": 0.1894415465920986
    },
    "sha256": "0295e132e36aacbe266c07e4fdb95020af488c539978b1591fc382e4a46f9974",
    "simhash": "1:dfe66f4df4ed1d3c",
    "word_count": 90
  },
  "last_updated": "2024-02-27T17:46:46.270195+00:00",
  "provenance": {
    "date_added": "2019-08-29",
    "source": "Harvard",
    "batch": "2018"
  },
  "casebody": {
    "judges": [],
    "parties": [
      "COMMONWEALTH of Pennsylvania, Respondent, v. Kenyatta MILES, Petitioner."
    ],
    "opinions": [
      {
        "text": "ORDER\nPER CURIAM.\nAND NOW, this 6th day of December, 1996, it is ordered that petitioner\u2019s Emergency Motion for a Stay of Execution pending the filing and resolution of a petition for a writ of certiorari is GRANTED. The execution shall be stayed pending action by the United States Supreme Court on the petition for certiorari from this Court\u2019s ruling in Commonwealth v. Miles, 545 Pa. 500, 681 A.2d 1295 (1996).",
        "type": "majority",
        "author": "PER CURIAM."
      }
    ],
    "attorneys": [],
    "corrections": "",
    "head_matter": "COMMONWEALTH of Pennsylvania, Respondent, v. Kenyatta MILES, Petitioner.\nNo. 0095 Capital Appeal.\nSupreme Court of Pennsylvania.\nDec. 6, 1996."
  },
  "file_name": "0814-01",
  "first_page_order": 882,
  "last_page_order": 882
}
