{
  "id": 12490909,
  "name": "DENDLER v. DENDLER",
  "name_abbreviation": "Dendler v. Dendler",
  "decision_date": "2017-07-24",
  "docket_number": "17\u2013008",
  "first_page": "791",
  "last_page": "791",
  "citations": [
    {
      "type": "official",
      "cite": "169 A.3d 791"
    }
  ],
  "court": {
    "name_abbreviation": "Vt.",
    "id": 8945,
    "name": "Vermont Supreme Court"
  },
  "jurisdiction": {
    "id": 17,
    "name_long": "Vermont",
    "name": "Vt."
  },
  "cites_to": [],
  "analysis": {
    "cardinality": 19,
    "char_count": 145,
    "sha256": "0b1bfb1d877f08aa3b7b4327e398ae6bd72c692709de3dfdbed07cf75d0bd7ac",
    "simhash": "1:3c51d538aae0f161",
    "word_count": 21
  },
  "last_updated": "2021-08-27T20:57:14.022672+00:00",
  "provenance": {
    "date_added": "2021-08-27",
    "source": "Fastcase",
    "batch": "2021"
  },
  "casebody": {
    "judges": [],
    "parties": [
      "DENDLER\nv.\nDENDLER"
    ],
    "opinions": [
      {
        "text": "",
        "type": "majority",
        "author": null
      }
    ],
    "attorneys": [],
    "corrections": "",
    "head_matter": "DENDLER\nv.\nDENDLER\n17-008\nSupreme Court of Vermont.\nJuly 24, 2017\nAPPEAL DISPOSED OF WITHOUT PUBLISHED OPINION OR MEMORANDUM DECISION\nAffirmed."
  },
  "file_name": "0791-09",
  "first_page_order": 791,
  "last_page_order": 791
}
