{
  "id": 7942309,
  "name": "NEWSPAPERS, INC., et al., Appellants, v. METROPOLITAN POLICE DEPARTMENT, et al., Appellees",
  "name_abbreviation": "Newspapers, Inc. v. Metropolitan Police Department",
  "decision_date": "1988-08-29",
  "docket_number": "No. 86-1677",
  "first_page": "990",
  "last_page": "1001",
  "citations": [
    {
      "type": "official",
      "cite": "546 A.2d 990"
    }
  ],
  "court": {
    "name_abbreviation": "D.C.",
    "id": 11933,
    "name": "District of Columbia Court of Appeals"
  },
  "jurisdiction": {
    "id": 56,
    "name_long": "District of Columbia",
    "name": "D.C."
  },
  "cites_to": [
    {
      "cite": "475 U.S. 1086",
      "category": "reporters:federal",
      "reporter": "U.S.",
      "case_ids": [
        6394723,
        6393891,
        6393735,
        6395752,
        6394152,
        6395532,
        6395628,
        6394862,
        6394291,
        6395861,
        6394006,
        6395192,
        6394426,
        6394558
      ],
      "year": 1986,
      "opinion_index": 0,
      "case_paths": [
        "/us/475/1086-08",
        "/us/475/1086-02",
        "/us/475/1086-01",
        "/us/475/1086-13",
        "/us/475/1086-04",
        "/us/475/1086-11",
        "/us/475/1086-12",
        "/us/475/1086-09",
        "/us/475/1086-05",
        "/us/475/1086-14",
        "/us/475/1086-03",
        "/us/475/1086-10",
        "/us/475/1086-06",
        "/us/475/1086-07"
      ]
    },
    {
      "cite": "302 U.S. 760",
      "category": "reporters:federal",
      "reporter": "U.S.",
      "case_ids": [
        6174296,
        6174401,
        6173802,
        6174554
      ],
      "year": 1937,
      "opinion_index": 0,
      "case_paths": [
        "/us/302/0760-02",
        "/us/302/0760-03",
        "/us/302/0760-01",
        "/us/302/0760-04"
      ]
    },
    {
      "cite": "434 U.S. 1014",
      "category": "reporters:federal",
      "reporter": "U.S.",
      "case_ids": [
        6495977,
        6495531,
        6495692,
        6496241,
        6495345,
        6495825,
        6496084,
        6496153,
        6495450,
        6496316,
        6495613,
        6496414
      ],
      "year": 1978,
      "opinion_index": 0,
      "case_paths": [
        "/us/434/1014-07",
        "/us/434/1014-03",
        "/us/434/1014-05",
        "/us/434/1014-10",
        "/us/434/1014-01",
        "/us/434/1014-06",
        "/us/434/1014-08",
        "/us/434/1014-09",
        "/us/434/1014-02",
        "/us/434/1014-11",
        "/us/434/1014-04",
        "/us/434/1014-12"
      ]
    },
    {
      "cite": "317 U.S. 476",
      "category": "reporters:federal",
      "reporter": "U.S.",
      "case_ids": [
        304303
      ],
      "weight": 3,
      "year": 1943,
      "pin_cites": [
        {
          "page": "479"
        },
        {
          "page": "363"
        }
      ],
      "opinion_index": 0,
      "case_paths": [
        "/us/317/0476-01"
      ]
    },
    {
      "cite": "477 A.2d 1079",
      "category": "reporters:state_regional",
      "reporter": "A.2d",
      "case_ids": [
        7909195
      ],
      "pin_cites": [
        {
          "page": "1084"
        }
      ],
      "opinion_index": 0,
      "case_paths": [
        "/a2d/477/1079-01"
      ]
    },
    {
      "cite": "642 F.2d 527",
      "category": "reporters:federal",
      "reporter": "F.2d",
      "case_ids": [
        3514707,
        1197037
      ],
      "year": 1980,
      "pin_cites": [
        {
          "page": "533"
        }
      ],
      "opinion_index": 0,
      "case_paths": [
        "/us-app-dc/206/0122-01",
        "/f2d/642/0527-01"
      ]
    },
    {
      "cite": "206 U.S.App.D.C. 122",
      "category": "reporters:state",
      "reporter": "U.S. App. D.C.",
      "case_ids": [
        3514707
      ],
      "year": 1980,
      "pin_cites": [
        {
          "page": "128"
        }
      ],
      "opinion_index": 0,
      "case_paths": [
        "/us-app-dc/206/0122-01"
      ]
    },
    {
      "cite": "457 A.2d 1102",
      "category": "reporters:state_regional",
      "reporter": "A.2d",
      "case_ids": [
        7998892
      ],
      "pin_cites": [
        {
          "page": "1105"
        }
      ],
      "opinion_index": 0,
      "case_paths": [
        "/a2d/457/1102-01"
      ]
    },
    {
      "cite": "191 A.2d 140",
      "category": "reporters:state_regional",
      "reporter": "A.2d",
      "case_ids": [
        8111331,
        8111365
      ],
      "pin_cites": [
        {
          "page": "142"
        }
      ],
      "opinion_index": 0,
      "case_paths": [
        "/a2d/191/0140-01",
        "/a2d/191/0140-02"
      ]
    },
    {
      "cite": "297 A.2d 763",
      "category": "reporters:state_regional",
      "reporter": "A.2d",
      "case_ids": [
        11253516
      ],
      "pin_cites": [
        {
          "page": "765"
        }
      ],
      "opinion_index": 0,
      "case_paths": [
        "/a2d/297/0763-01"
      ]
    },
    {
      "cite": "603 F.2d 945",
      "category": "reporters:federal",
      "reporter": "F.2d",
      "case_ids": [
        3782874,
        1440597
      ],
      "year": 1979,
      "opinion_index": 0,
      "case_paths": [
        "/us-app-dc/195/0363-01",
        "/f2d/603/0945-01"
      ]
    },
    {
      "cite": "195 U.S.App.D.C. 363",
      "category": "reporters:state",
      "reporter": "U.S. App. D.C.",
      "case_ids": [
        3782874
      ],
      "year": 1979,
      "opinion_index": 0,
      "case_paths": [
        "/us-app-dc/195/0363-01"
      ]
    },
    {
      "cite": "656 F.2d 856",
      "category": "reporters:federal",
      "reporter": "F.2d",
      "case_ids": [
        3517993,
        1267838
      ],
      "year": 1981,
      "opinion_index": 0,
      "case_paths": [
        "/us-app-dc/211/0267-01",
        "/f2d/656/0856-01"
      ]
    },
    {
      "cite": "211 U.S.App.D.C. 267",
      "category": "reporters:state",
      "reporter": "U.S. App. D.C.",
      "case_ids": [
        3517993
      ],
      "year": 1981,
      "opinion_index": 0,
      "case_paths": [
        "/us-app-dc/211/0267-01"
      ]
    },
    {
      "cite": "89 L.Ed.2d 725",
      "category": "reporters:federal",
      "reporter": "L. Ed. 2d",
      "year": 1986,
      "opinion_index": 0
    },
    {
      "cite": "106 S.Ct. 1470",
      "category": "reporters:federal",
      "reporter": "S. Ct.",
      "year": 1986,
      "opinion_index": 0
    },
    {
      "cite": "499 A.2d 815",
      "category": "reporters:state_regional",
      "reporter": "A.2d",
      "case_ids": [
        7933872
      ],
      "opinion_index": 0,
      "case_paths": [
        "/a2d/499/0815-01"
      ]
    },
    {
      "cite": "87 Stat. 774",
      "category": "laws:leg_session",
      "reporter": "Stat.",
      "year": 1973,
      "opinion_index": 0
    },
    {
      "cite": "86 L.Ed. 513",
      "category": "reporters:federal",
      "reporter": "L. Ed.",
      "year": 1941,
      "opinion_index": 0
    },
    {
      "cite": "62 S.Ct. 74",
      "category": "reporters:federal",
      "reporter": "S. Ct.",
      "year": 1941,
      "opinion_index": 0
    },
    {
      "cite": "314 U.S. 639",
      "category": "reporters:federal",
      "reporter": "U.S.",
      "case_ids": [
        6156659,
        6156629,
        6156604,
        6156700,
        6156575
      ],
      "year": 1941,
      "opinion_index": 0,
      "case_paths": [
        "/us/314/0639-04",
        "/us/314/0639-03",
        "/us/314/0639-02",
        "/us/314/0639-05",
        "/us/314/0639-01"
      ]
    },
    {
      "cite": "119 F.2d 459",
      "category": "reporters:federal",
      "reporter": "F.2d",
      "case_ids": [
        469595,
        469717
      ],
      "year": 1941,
      "pin_cites": [
        {
          "page": "461"
        }
      ],
      "opinion_index": 0,
      "case_paths": [
        "/f2d/119/0459-02",
        "/f2d/119/0459-01"
      ]
    },
    {
      "cite": "73 App.D.C. 392",
      "category": "reporters:state",
      "reporter": "App. D.C.",
      "year": 1941,
      "pin_cites": [
        {
          "page": "394"
        }
      ],
      "opinion_index": 0
    },
    {
      "cite": "277 U.S. 100",
      "category": "reporters:federal",
      "reporter": "U.S.",
      "case_ids": [
        3902817
      ],
      "weight": 3,
      "year": 1928,
      "pin_cites": [
        {
          "page": "116",
          "parenthetical": "\"Laws or regulations adopted by a municipality are called, in common speech, either ordinances or by-laws, not 'statutes.'\""
        },
        {
          "page": "494",
          "parenthetical": "\"Laws or regulations adopted by a municipality are called, in common speech, either ordinances or by-laws, not 'statutes.'\""
        },
        {
          "parenthetical": "\"Laws or regulations adopted by a municipality are called, in common speech, either ordinances or by-laws, not 'statutes.'\""
        }
      ],
      "opinion_index": 0,
      "case_paths": [
        "/us/277/0100-01"
      ]
    },
    {
      "cite": "327 U.S. 582",
      "category": "reporters:federal",
      "reporter": "U.S.",
      "case_ids": [
        413863
      ],
      "weight": 3,
      "year": 1946,
      "pin_cites": [
        {
          "page": "592-93",
          "parenthetical": "\"the word 'statute' ... is a compendious summary of various enactments, by whatever method they may be adopted, to which a State gives her sanction and is at least sufficiently inclusive to embrace constitutional provisions\""
        },
        {
          "page": "765-66",
          "parenthetical": "\"the word 'statute' ... is a compendious summary of various enactments, by whatever method they may be adopted, to which a State gives her sanction and is at least sufficiently inclusive to embrace constitutional provisions\""
        },
        {
          "parenthetical": "\"the word 'statute' ... is a compendious summary of various enactments, by whatever method they may be adopted, to which a State gives her sanction and is at least sufficiently inclusive to embrace constitutional provisions\""
        }
      ],
      "opinion_index": 0,
      "case_paths": [
        "/us/327/0582-01"
      ]
    },
    {
      "cite": "387 U.S. 97",
      "category": "reporters:federal",
      "reporter": "U.S.",
      "case_ids": [
        11334483
      ],
      "weight": 3,
      "year": 1967,
      "pin_cites": [
        {
          "page": "101"
        },
        {
          "page": "1548"
        }
      ],
      "opinion_index": 0,
      "case_paths": [
        "/us/387/0097-01"
      ]
    },
    {
      "cite": "419 U.S. 90",
      "category": "reporters:federal",
      "reporter": "U.S.",
      "case_ids": [
        6173447
      ],
      "weight": 3,
      "year": 1974,
      "pin_cites": [
        {
          "parenthetical": "the term \"statute\" has been \"construed narrowly, to include only enactments of statewide application\""
        },
        {
          "parenthetical": "the term \"statute\" has been \"construed narrowly, to include only enactments of statewide application\""
        },
        {
          "parenthetical": "the term \"statute\" has been \"construed narrowly, to include only enactments of statewide application\""
        }
      ],
      "opinion_index": 0,
      "case_paths": [
        "/us/419/0090-01"
      ]
    },
    {
      "cite": "27 Stat. 394",
      "category": "laws:leg_session",
      "reporter": "Stat.",
      "opinion_index": 0
    },
    {
      "cite": "470 A.2d 751",
      "category": "reporters:state_regional",
      "reporter": "A.2d",
      "case_ids": [
        7991970
      ],
      "weight": 3,
      "pin_cites": [
        {
          "page": "754"
        },
        {
          "page": "note 9"
        },
        {
          "page": "754"
        }
      ],
      "opinion_index": 0,
      "case_paths": [
        "/a2d/470/0751-01"
      ]
    },
    {
      "cite": "495 A.2d 756",
      "category": "reporters:state_regional",
      "reporter": "A.2d",
      "case_ids": [
        7919193
      ],
      "pin_cites": [
        {
          "page": "760"
        }
      ],
      "opinion_index": 0,
      "case_paths": [
        "/a2d/495/0756-01"
      ]
    },
    {
      "cite": "520 F.2d 467",
      "category": "reporters:federal",
      "reporter": "F.2d",
      "case_ids": [
        3695224,
        1116519
      ],
      "year": 1975,
      "pin_cites": [
        {
          "page": "483-91"
        }
      ],
      "opinion_index": 0,
      "case_paths": [
        "/us-app-dc/172/0067-01",
        "/f2d/520/0467-01"
      ]
    },
    {
      "cite": "172 U.S.App.D.C. 67",
      "category": "reporters:state",
      "reporter": "U.S. App. D.C.",
      "case_ids": [
        3695224
      ],
      "year": 1975,
      "pin_cites": [
        {
          "page": "83-91"
        }
      ],
      "opinion_index": 0,
      "case_paths": [
        "/us-app-dc/172/0067-01"
      ]
    },
    {
      "cite": "417 F.2d 728",
      "category": "reporters:federal",
      "reporter": "F.2d",
      "case_ids": [
        2169243
      ],
      "weight": 5,
      "year": 1969,
      "pin_cites": [
        {
          "parenthetical": "\"Revisions and Adoption by the Board of Commissioners of Recommendations of the Committee to Investigate the Effect of Police Arrest Records on Employment Opportunities in the District of Columbia\""
        },
        {
          "page": "741-43"
        },
        {
          "page": "741"
        },
        {
          "page": "741"
        },
        {
          "page": "742"
        }
      ],
      "opinion_index": 0,
      "case_paths": [
        "/f2d/417/0728-01"
      ]
    },
    {
      "cite": "135 U.S.App.D.C. 160",
      "category": "reporters:state",
      "reporter": "U.S. App. D.C.",
      "weight": 4,
      "year": 1969,
      "pin_cites": [
        {
          "parenthetical": "\"Revisions and Adoption by the Board of Commissioners of Recommendations of the Committee to Investigate the Effect of Police Arrest Records on Employment Opportunities in the District of Columbia\""
        },
        {
          "page": "173"
        },
        {
          "page": "173"
        },
        {
          "page": "171"
        }
      ],
      "opinion_index": 0
    },
    {
      "cite": "111 Daily Wash.L.Rptr. 1965",
      "category": "reporters:state",
      "reporter": "Daily Wash. L. Rptr.",
      "year": 1983,
      "pin_cites": [
        {
          "parenthetical": "pub-Iishing guidelines for Pre-trial Diversion Program"
        }
      ],
      "opinion_index": 0
    },
    {
      "cite": "259 A.2d 592",
      "category": "reporters:state_regional",
      "reporter": "A.2d",
      "case_ids": [
        8088260
      ],
      "pin_cites": [
        {
          "page": "593"
        }
      ],
      "opinion_index": 0,
      "case_paths": [
        "/a2d/259/0592-01"
      ]
    },
    {
      "cite": "283 A.2d 14",
      "category": "reporters:state_regional",
      "reporter": "A.2d",
      "case_ids": [
        8058761
      ],
      "pin_cites": [
        {
          "page": "19"
        }
      ],
      "opinion_index": 0,
      "case_paths": [
        "/a2d/283/0014-01"
      ]
    },
    {
      "cite": "683 F.2d 533",
      "category": "reporters:federal",
      "reporter": "F.2d",
      "case_ids": [
        3633704,
        534003
      ],
      "year": 1982,
      "pin_cites": [
        {
          "page": "537",
          "parenthetical": "courts presume that the use of different terminology within a statute indicates an intent to establish different meaning"
        }
      ],
      "opinion_index": 0,
      "case_paths": [
        "/us-app-dc/221/0192-01",
        "/f2d/683/0533-01"
      ]
    },
    {
      "cite": "221 U.S.App.D.C. 192",
      "category": "reporters:state",
      "reporter": "U.S. App. D.C.",
      "case_ids": [
        3633704
      ],
      "year": 1982,
      "pin_cites": [
        {
          "page": "196",
          "parenthetical": "courts presume that the use of different terminology within a statute indicates an intent to establish different meaning"
        }
      ],
      "opinion_index": 0,
      "case_paths": [
        "/us-app-dc/221/0192-01"
      ]
    },
    {
      "cite": "460 U.S. 660",
      "category": "reporters:federal",
      "reporter": "U.S.",
      "case_ids": [
        6197659
      ],
      "weight": 3,
      "year": 1983,
      "opinion_index": 0,
      "case_paths": [
        "/us/460/0660-01"
      ]
    },
    {
      "cite": "440 A.2d 1008",
      "category": "reporters:state_regional",
      "reporter": "A.2d",
      "case_ids": [
        7946777
      ],
      "pin_cites": [
        {
          "page": "1013"
        }
      ],
      "opinion_index": 0,
      "case_paths": [
        "/a2d/440/1008-01"
      ]
    },
    {
      "cite": "5 U.S.C. \u00a7 552",
      "category": "laws:leg_statute",
      "reporter": "U.S.C.",
      "weight": 2,
      "pin_cites": [
        {
          "page": "et seq."
        },
        {
          "page": "(b)(3)",
          "parenthetical": "the federal exemption comparable to Exemption 6 of the D.C. FOIA"
        }
      ],
      "opinion_index": 0
    },
    {
      "cite": "463 A.2d 657",
      "category": "reporters:state_regional",
      "reporter": "A.2d",
      "case_ids": [
        7975888
      ],
      "opinion_index": 0,
      "case_paths": [
        "/a2d/463/0657-01"
      ]
    },
    {
      "cite": "82 L.Ed. 588",
      "category": "reporters:federal",
      "reporter": "L. Ed.",
      "year": 1937,
      "opinion_index": 0
    },
    {
      "cite": "58 S.Ct. 367",
      "category": "reporters:federal",
      "reporter": "S. Ct.",
      "year": 1937,
      "opinion_index": 0
    },
    {
      "cite": "92 F.2d 547",
      "category": "reporters:federal",
      "reporter": "F.2d",
      "case_ids": [
        1014705
      ],
      "year": 1937,
      "pin_cites": [
        {
          "page": "549"
        }
      ],
      "opinion_index": 0,
      "case_paths": [
        "/f2d/92/0547-01"
      ]
    },
    {
      "cite": "67 App.D.C. 396",
      "category": "reporters:state",
      "reporter": "App. D.C.",
      "year": 1937,
      "pin_cites": [
        {
          "page": "398"
        }
      ],
      "opinion_index": 0
    },
    {
      "cite": "323 F.2d 306",
      "category": "reporters:federal",
      "reporter": "F.2d",
      "case_ids": [
        101404
      ],
      "weight": 2,
      "year": 1963,
      "opinion_index": 0,
      "case_paths": [
        "/f2d/323/0306-01"
      ]
    },
    {
      "cite": "116 U.S.App.D.C. 301",
      "category": "reporters:state",
      "reporter": "U.S. App. D.C.",
      "weight": 2,
      "year": 1963,
      "opinion_index": 0
    },
    {
      "cite": "442 F.2d 123",
      "category": "reporters:federal",
      "reporter": "F.2d",
      "case_ids": [
        769532
      ],
      "year": 1971,
      "pin_cites": [
        {
          "page": "127"
        }
      ],
      "opinion_index": 0,
      "case_paths": [
        "/f2d/442/0123-01"
      ]
    },
    {
      "cite": "142 U.S.App.D.C. 375",
      "category": "reporters:state",
      "reporter": "U.S. App. D.C.",
      "year": 1971,
      "pin_cites": [
        {
          "page": "379"
        }
      ],
      "opinion_index": 0
    },
    {
      "cite": "54 A.2d 562",
      "category": "reporters:state_regional",
      "reporter": "A.2d",
      "case_ids": [
        8158179
      ],
      "pin_cites": [
        {
          "page": "565"
        }
      ],
      "opinion_index": 0,
      "case_paths": [
        "/a2d/54/0562-01"
      ]
    },
    {
      "cite": "54 L.Ed.2d 758",
      "category": "reporters:federal",
      "reporter": "L. Ed. 2d",
      "year": 1978,
      "opinion_index": 0
    },
    {
      "cite": "98 S.Ct. 729",
      "category": "reporters:federal",
      "reporter": "S. Ct.",
      "year": 1978,
      "opinion_index": 0
    },
    {
      "cite": "315 A.2d 832",
      "category": "reporters:state_regional",
      "reporter": "A.2d",
      "case_ids": [
        8037434
      ],
      "weight": 4,
      "pin_cites": [
        {
          "page": "834"
        },
        {
          "page": "835"
        }
      ],
      "opinion_index": 0,
      "case_paths": [
        "/a2d/315/0832-01"
      ]
    },
    {
      "cite": "376 A.2d 777",
      "category": "reporters:state_regional",
      "reporter": "A.2d",
      "case_ids": [
        8004333
      ],
      "weight": 3,
      "pin_cites": [
        {
          "page": "782"
        }
      ],
      "opinion_index": 0,
      "case_paths": [
        "/a2d/376/0777-01"
      ]
    },
    {
      "cite": "144 A.2d 412",
      "category": "reporters:state_regional",
      "reporter": "A.2d",
      "case_ids": [
        8122136,
        8122244
      ],
      "pin_cites": [
        {
          "page": "416"
        }
      ],
      "opinion_index": 0,
      "case_paths": [
        "/a2d/144/0412-01",
        "/a2d/144/0412-02"
      ]
    },
    {
      "cite": "483 F.2d 1323",
      "category": "reporters:federal",
      "reporter": "F.2d",
      "case_ids": [
        3592539,
        242565
      ],
      "weight": 4,
      "year": 1973,
      "pin_cites": [
        {
          "page": "1327"
        },
        {
          "page": "1327"
        },
        {
          "page": "1328",
          "parenthetical": "police power is a \"flexible and dynamic concept\""
        },
        {
          "page": "1328"
        }
      ],
      "opinion_index": 0,
      "case_paths": [
        "/us-app-dc/157/0320-01",
        "/f2d/483/1323-01"
      ]
    },
    {
      "cite": "157 U.S.App.D.C. 320",
      "category": "reporters:state",
      "reporter": "U.S. App. D.C.",
      "case_ids": [
        3592539
      ],
      "weight": 4,
      "year": 1973,
      "pin_cites": [
        {
          "page": "324"
        },
        {
          "page": "324"
        },
        {
          "page": "325"
        },
        {
          "page": "325"
        }
      ],
      "opinion_index": 0,
      "case_paths": [
        "/us-app-dc/157/0320-01"
      ]
    },
    {
      "cite": "D.C. Code \u00a7\u00a7 20-485",
      "category": "laws:leg_statute",
      "reporter": "D.C. Code",
      "opinion_index": 0
    },
    {
      "cite": "34 Stat. 221",
      "category": "laws:leg_session",
      "reporter": "Stat.",
      "year": 1906,
      "opinion_index": 0
    },
    {
      "cite": "31 Stat. 819",
      "category": "laws:leg_session",
      "reporter": "Stat.",
      "year": 1901,
      "opinion_index": 0
    },
    {
      "cite": "97 L.Ed. 1480",
      "category": "reporters:federal",
      "reporter": "L. Ed.",
      "weight": 3,
      "year": 1953,
      "opinion_index": 0
    },
    {
      "cite": "346 U.S. 100",
      "category": "reporters:federal",
      "reporter": "U.S.",
      "case_ids": [
        6930732
      ],
      "weight": 11,
      "year": 1953,
      "pin_cites": [
        {
          "page": "111"
        },
        {
          "page": "1013"
        },
        {
          "page": "1012",
          "parenthetical": "emphasis added"
        },
        {
          "page": "114"
        },
        {
          "page": "1014"
        }
      ],
      "opinion_index": 0,
      "case_paths": [
        "/us/346/0100-01"
      ]
    },
    {
      "cite": "171 U.S. 161",
      "category": "reporters:federal",
      "reporter": "U.S.",
      "case_ids": [
        3600940
      ],
      "weight": 6,
      "year": 1898,
      "pin_cites": [
        {
          "page": "176"
        },
        {
          "page": "874"
        },
        {
          "page": "176"
        },
        {
          "page": "874",
          "parenthetical": "\"the District Commissioners [are] merely administrative officers with ministerial powers only\""
        }
      ],
      "opinion_index": 0,
      "case_paths": [
        "/us/171/0161-01"
      ]
    },
    {
      "cite": "20 Stat. 102",
      "category": "laws:leg_session",
      "reporter": "Stat.",
      "year": 1878,
      "opinion_index": 0
    },
    {
      "cite": "18 Stat. 116",
      "category": "laws:leg_session",
      "reporter": "Stat.",
      "year": 1874,
      "opinion_index": 0
    },
    {
      "cite": "16 Stat. 419",
      "category": "laws:leg_session",
      "reporter": "Stat.",
      "opinion_index": 0
    },
    {
      "cite": "132 U.S. 1",
      "category": "reporters:federal",
      "reporter": "U.S.",
      "case_ids": [
        5699198
      ],
      "weight": 7,
      "year": 1889,
      "pin_cites": [
        {
          "page": "5"
        },
        {
          "page": "21"
        },
        {
          "page": "7, 9"
        },
        {
          "page": "21, 22"
        },
        {
          "page": "7, 9"
        },
        {
          "page": "21, 22",
          "parenthetical": "\"municipal government confined to mere administration\""
        }
      ],
      "opinion_index": 0,
      "case_paths": [
        "/us/132/0001-01"
      ]
    },
    {
      "cite": "223 A.2d 268",
      "category": "reporters:state_regional",
      "reporter": "A.2d",
      "case_ids": [
        8102540
      ],
      "weight": 7,
      "pin_cites": [
        {
          "page": "270"
        },
        {
          "page": "271"
        },
        {
          "page": "272",
          "parenthetical": "\"[T]he District of Columbia is not in all respects a typical municipal corporation.\""
        },
        {
          "page": "270"
        }
      ],
      "opinion_index": 0,
      "case_paths": [
        "/a2d/223/0268-01"
      ]
    },
    {
      "cite": "416 A.2d 244",
      "category": "reporters:state_regional",
      "reporter": "A.2d",
      "case_ids": [
        7942988
      ],
      "weight": 2,
      "pin_cites": [
        {
          "parenthetical": "quoting Council of the District of Columbia, Committee on the Judiciary and Criminal Law, Report on Bill No. 1-119, The \"D.C. Freedom of Information Act of 1975,\" at 6 (Sept. 1, 1976)"
        }
      ],
      "opinion_index": 0,
      "case_paths": [
        "/a2d/416/0244-01"
      ]
    }
  ],
  "analysis": {
    "cardinality": 1673,
    "char_count": 47318,
    "ocr_confidence": 0.759,
    "pagerank": {
      "raw": 7.681522482440722e-08,
      "percentile": 0.4526074686207574
    },
    "sha256": "93dce2dd5863a80cd05787723eb9bdb6a7d946153dc70368f5ea3fa947a83347",
    "simhash": "1:d74ac560b31de4ce",
    "word_count": 7539
  },
  "last_updated": "2024-02-27T23:50:07.359016+00:00",
  "provenance": {
    "date_added": "2019-08-29",
    "source": "Harvard",
    "batch": "2018"
  },
  "casebody": {
    "judges": [
      "Before NEWMAN, TERRY and ROGERS, Associate Judges."
    ],
    "parties": [
      "NEWSPAPERS, INC., et al., Appellants, v. METROPOLITAN POLICE DEPARTMENT, et al., Appellees."
    ],
    "opinions": [
      {
        "text": "ROGERS, Associate Judge:\nThis appeal presents the question whether the Duncan Ordinance, 1 DCMR \u00a7 1000 et seq. (1986), is a \u201cstatute\u201d within the meaning of Exemption 6 of the District of Columbia Freedom of Information Act (FOIA), D.C.Code \u00a7 l-1524(a)(6) (1987 RepLVol.). We hold that it is not and, therefore, could not be the basis for denying the request of appellants, the publisher and a reporter of the Milwaukee Sentinel newspaper (\u201cthe Sentinel\u201d), for records concerning the arrest of Robert W. Kasten, Jr., a United State\u2019s Senator from Wisconsin, for driving while intoxicated. Appel-lees, the Metropolitan Police Department (MPD) and the Office of the Corporation Counsel (Corporation Counsel), denied the Sentinel\u2019s requests for the records based on Exemption 6 of the FOIA, D.C.Code \u00a7 l-1524(a)(6), which shields records that are \u201cspecifically exempted from disclosure by statute.\u201d They claimed that the Duncan Ordinance, which prohibits the disclosure of arrest records under certain circumstances, was such a statute. The Sentinel filed suit to force disclosure of these records and now challenges the summary judgment granted in favor of the appellees. Because we conclude that the legislative authority delegated by Congress to the Board of Commissioners of the District of Columbia, the body that promulgated the Duncan Ordinance, did not include statutory power as that term was used by the Council of the District of Columbia in enacting Exemption 6, we reverse.\nI\nOn December 12, 1985, Senator Kasten was arrested by District police officers for driving while intoxicated. By letters dated December 23,1985, the Sentinel filed FOIA requests with the MPD and the Corporation Counsel for records concerning the \u201carrest and subsequent court appearance of Senator Kasten.\u201d Both the Corporation Counsel and the MPD denied the Sentinel\u2019s requests, and the Sentinel appealed those denials, first to the Corporation Counsel and then to the Mayor. By letter dated June 5, 1986, the Secretary of the District of Columbia acknowledged receipt of the appeal letter, but no substantive response was forthcoming.\nOn June 12, 1986, counsel for the Sentinel informed Senator Kasten\u2019s office of the Sentinel\u2019s intention to file a lawsuit to obtain records pertaining to the Senator\u2019s arrest. Senator Kasten asked the Sentinel to delay filing the suit in order to give him an opportunity to obtain the records, which the Sentinel agreed to do. By letter dated June 18, 1986, a member of Senator Kas-ten\u2019s staff forwarded to the Sentinel a copy of the press release issued by the MPD, a summary of the contents of the MPD\u2019s \u201cdesk book,\u201d and a copy of the Chemical Test Certification Form, which shows the results of Senator Kasten\u2019s breathalyzer tests. The Sentinel already had a copy of the MPD\u2019s press release, and had access to the information in the \u201cdesk book,\u201d which is publicly available. See D.C.Code \u00a7\u00a7 4-131, -135 (1981). The Chemical Test Certification Form, which was not previously available, provided the Sentinel with some additional information. However, because the Sentinel was unable to obtain the complete records of the arrest and subsequent proceedings, it commenced an action in Superior Court. See id. \u00a7 4-132.\nThe parties filed cross-motions for summary judgment. At oral argument, appel-lees contended that the requested arrest records were exempt from disclosure under the Duncan Ordinance because the ordinance is a \u201cstatute\u201d within the meaning of FOIA Exemption 6. In an oral ruling, the motions judge granted summary judgment in favor of appellees on two grounds. First, although acknowledging that the Duncan Ordinance is not a statute as that term is commonly construed, the judge concluded that the term \u201cstatute\u201d is not necessarily limited to an enactment by an elected legislature but may well include other duly promulgated policies that reflect a considered governmental judgment. Second, the judge recognized that although the Board of Commissioners had only quasi-legislative powers pursuant to delegations of authority by Congress, the Board nevertheless was empowered to promulgate laws, such as the Duncan Ordinance, that were binding on the MPD. Conversely, because the Duncan Ordinance was not a regulation promulgated by the MPD, the judge was satisfied that construing the Duncan Ordinance as a statute fulfilled the purpose of the FOIA to limit the power of executive agencies to withhold unilaterally information from the public.\nII\nThe Sentinel contends that the motions judge erred in ruling that the Duncan Ordinance precludes disclosure under FOIA Exemption 6, D.C.Code \u00a7 l-1524(a)(6), which by its terms applies only to \u201cstatutes.\u201d The Sentinel argues that the Duncan Ordinance is plainly not a \u201cstatute\u201d because the Board of Commissioners, which promulgated the Ordinance, was not vested with any legislative authority, but was restricted to mere administrative activity, and that the Council of the District of Columbia was well aware of this fact when it enacted the FOIA. Therefore, the Sentinel argues that the judge erred in failing to construe Exemption 6 narrowly in accordance with the FOIA\u2019s mandate favoring disclosure of records and to give the term \u201cstatute\u201d its ordinary meaning rather than extending the reach of Exemption 6 to include regulations such as the Duncan Ordinance.\nPreliminarily, it is important to note what the Duncan Ordinance is. The Duncan Ordinance was promulgated when the Board of Commissioners of the District of Columbia adopted the recommendations of a committee that it had appointed to examine the effect of arrest records on employment opportunity in the District of Columbia. The report concluded that the effects were generally adverse and that broad restrictions on the dissemination of arrest records were required. Specific rule proposals to prevent the routine dissemination of arrest records were contained in the report. On November 2, 1967, the Board of Commissioners approved the proposed rules. It is these rules that are referred to as the Duncan Ordinance, the name being that of the Corporation Counsel who served as chairman of the Committee to Investigate the Effects of Police Arrest Records on Employment Opportunities in the District of Columbia.\nBoth parties agree, and we concur, that under the Duncan Ordinance, unexpurgated adult arrest records can only be obtained by law enforcement agents for legitimate law enforcement purposes. 1 DCMR \u00a7 1004.1-1004.3; Utz, supra note 5, 172 U.S.App.D.C. at 87, 520 F.2d at 487; Morrow, supra note 5,135 U.S.App.D.C. at 174, 417 F.2d at 742. As to anyone else, including the person to whom the records relate, adult arrest records are available only in expurgated form, i.e., they \u201cshall be released in a form which reveals only entries relating to offenses which have resulted in convictions or forfeiture of collateral,\u201d 1 DCMR \u00a7 1004.4, and \u201cin a form which reveals only entries relating to offenses committed not more than 10 years prior to the date upon which those records are requested_\u201d Id. \u00a7 1004.5. Adult arrest records are available in expurgated form to an applicant who is not the person to whom the records relate only upon presentation of a release \u201cin appropriate form executed by the person[] to whom the records may relate.\u201d Id. \u00a7 1004.7. Thus, notwithstanding Senator Kasten\u2019s waiver of any objection to the release of his unexpurgated arrest records, the Duncan Ordinance, standing alone, prohibited the release of any arrest records pertaining to his case because Senator Kasten\u2019s arrest did not lead to a conviction.\nThe Duncan Ordinance does not stand alone, however, as the only law in the District of Columbia pertaining to the release of arrest records. Also relevant to the dissemination of arrest records is the FOIA, a D.C. statute of general applicability governing the public\u2019s right of access to all records, including arrest records, maintained by the District of Columbia government. The public policy of the FOIA is stated in D.C.Code \u00a7 1-1521, which provides:\nGenerally the public policy of the District of Columbia is that all persons are enti-tied to full and complete information regarding the affairs of government and the official acts of those who represent them as public officials and employees. To that end, provisions of this chapter shall be construed with the view toward expansion of public access and the minimization of costs and time delays to persons Requiring information.\nAccordingly, this court has held that \u201c[t]he general policy underlying the D.C. FOIA favors disclosure of information about governmental affairs and the acts of public officials, including a narrow reading of exemptions from disclosure.\u201d Dunhill v. Director, District of Columbia Dep\u2019t of Transportation, 416 A.2d 244, 247 n. 5 (D.C.1980). The Dunhill court referred to the legislative history which stated that \u201c[Tjhis policy was \u2018placed in the legislation to make clear that any actions should serve the purpose of access and that any restriction on that access should be construed narrowly.\u2019\u201d Id. (quoting Council of the District of Columbia, Committee on the Judiciary and Criminal Law, Report on Bill No. 1-119, The \u201cD.C. Freedom of Information Act of 1975,\u201d at 6 (Sept. 1, 1976)).\nThe FOIA\u2019s right of access to public records is set forth in section l-1522(a) which provides that \u201cAny person has a right to inspect, and at his or her discretion to copy, any public record of the Mayor or an agency, except as otherwise expressly provided by \u00a7 1-1524_\u201d Section 1-1524 enumerates the exemptions from the general disclosure mandate. Exemption 6 exempts:\n(6) Information specifically exempted from disclosure by statute (other than this section), provided that such statute:\n(A) Requires that the matters be withheld from the public in such a manner as to leave no discretion on the issue; or\n(B) Establishes particular criteria for withholding or refers to particular types of matters to be withheld.\nD.C.Code \u00a7 l-1524(a)(6) (emphasis added).\nWhether the MPD was required to release Senator Kasten\u2019s arrest records to appellants under the FOIA or properly withheld disclosure of the records under the Duncan Ordinance depends on whether the Duncan Ordinance, as promulgated by the Board of Commissioners, is a \u201cstatute\u201d under FOIA Exemption 6. Thus we must decide whether the Board of Commissioners was vested with legislative authority that included the power to enact statutes, and this involves consideration of both the nature of the Commissioners\u2019 delegated authority and the intent of the D.C. Council when it enacted Exemption 6.\nA.\nBetween 1800 and 1871, the government in the District of Columbia was \u201c \u2018strictly municipal in its character.\u2019 \u201d Filippo v. Real Estate Comm\u2019n of the District of Columbia, 223 A.2d 268, 270 (D.C.1966) (quoting Metropolitan R.R. Co. v. District of Columbia, 132 U.S. 1, 5, 10 S.Ct. 19, 21, 33 L.Ed. 231 (1889)). In 1871, Congress created a government for the District of Columbia with an elected two-chamber legislature, one of which, the Legislative Assembly, was vested with \u201clegislative power ... extending] to all rightful subjects of legislation within said District, consistent with the Constitution of the United States and the provisions of this act....\u201d Act of 1871 Creating Legislative Assembly, 16 Stat. 419, \u00a7 18 (February 21, 1871), 1 D.C. Code 97 (1981). The Legislative Assembly exercised full legislative powers, subject to repeal or modification by Act of Congress, until 1874, when Congress repealed the Act of 1871 and established a temporary three-member Board of Commissioners form of government for the District. Temporary Organic Act of the District of Columbia, 18 Stat. 116 (June 20, 1874), 1 D.C.Code 104-09 (1981). Congress made this form of government permanent in 1878. Organic Act of 1878 of the District of Columbia, 20 Stat. 102 (June 11, 1878), 1 D.C.Code 110-17 (1981). In assessing the powers of the Board of Commissioners, the Supreme Court observed that \u201c[ljegislative powers have now ceased, and the municipal government is confined to mere administration ... [T]he sovereign power of this qualified State is not lodged in the corporation of the District of Columbia, but in the government of the United States. Its supreme legislative body is Congress.\u201d Metropolitan R.R. Co., supra, 132 U.S. at 7, 9, 10 S.Ct. at 21, 22. The Supreme Court described the state of municipal government in the District after the 1874 and 1878 acts:\nThe necessary operation of these provisions of the statutes [of 1874 and 1878] is to cause the District commissioners to be merely administrative officers with ministerial powers only. The sum of the municipal powers of the District of Columbia are neither vested in nor exercised by the District commissioners. They are, on the contrary, vested in the Congress of the United States, acting pro hac vice as the legislative body of the District, and the commissioners of the District discharge the functions of administrative officials.\nDistrict of Columbia v. Bailey, 171 U.S. 161, 176, 18 S.Ct. 868, 874, 43 L.Ed. 118 (1898).\nHowever, in 1892, pursuant to its power to delegate its legislative authority, District of Columbia v. John R. Thompson Co., 346 U.S. 100, 73 S.Ct. 1007, 97 L.Ed. 1480 (1953), Congress vested the Board of Commissioners with \u201clocal legislative power as respects \u2018reasonable and usual police regulations.\u2019 \u201d Id. at 111 & n. 8, 73 S.Ct. at 1013 & n. 8. In addition, Congress empowered the Board of Commissioners to \u201cmake, modify, and enforce, under such penalties as they [sic] may deem necessary, all needful rules and regulations for the proper government, conduct, discipline and good name of said Metropolitan police force,\u201d 31 Stat. 819 (Feb. 28, 1901), 34 Stat. 221 (June 8, 1906), D.C.Code \u00a7 20-472 (1929), and mandated the keeping of general complaint books and other reports. D.C. Code \u00a7\u00a7 20-485, -486, -488, -493 (1929). In fact, Congress delegated to the District of Columbia Board of Commissioners no fewer than 432 separate municipal legislative powers between 1878 and 1967. See Reorganization Plan No. 3 of 1967, 1 D.C. Code 130, 134-60 (1981). Thus, although the Board of Commissioners possessed no inherent legislative authority and Congress retained the plenary power to legislate for the District of Columbia, the Board of Commissioners became more than a mere administrative agency, possessing significant legislative authority obtained by a broad delegation of police power from Congress to \u201cpromulgate reasonable and usual police regulations.\u201d District of Columbia v. John R. Thompson Co., supra, 346 U.S. at 111, 73 S.Ct. at 1013; see Filippo, supra, 223 A.2d at 271; Firemen\u2019s Ins. Co. v. Washington, 157 U.S.App.D.C. 320, 324, 483 F.2d 1323, 1327 (1973); see also Message of the President, transmitting Reorganization Plan No. 3 of 1967, 1 D.C.Code 130, 165 (\u201cThe Council would be assigned the quasi-legislative functions now performed by the Board of Commissioners.\u201d).\nDetermining the precise scope of the legislative authority delegated to the Board of Commissioners is not without difficulty, however. This arises from the very uniqueness of the District of Columbia within our governmental system. See Filippo, supra, 223 A.2d at 272 (\u201c[T]he District of Columbia is not in all respects a typical municipal corporation.\u201d). The question of the breadth of legislative power delegated to the Board of Commissioners by Congress was considered by the Supreme Court in its landmark decision in District of Columbia v. John R. Thompson, Co., supra, 346 U.S. 100, 73 S.Ct. 1007, 97 L.Ed. 1480. In Thompson, the Court was faced with determining the viability of two antidiscrimination laws passed by the District\u2019s Legislative Assembly in 1872 and 1873. After reviewing the 1871 Act and the relationship between the Congress and the District of Columbia under the Constitution, the Court concluded that \u201cthe Congress had the authority under Art. I, \u00a7 8, cl. 17 of the Constitution to delegate its lawmaking authority to the Legislative Assembly of the municipal corporation which was created by the [1871 Act] and that the \u2018rightful subjects of legislation\u2019 within the meaning of \u00a7 18 of that Act was as broad as the police power of a state \u201d so as to include laws prohibiting discrimination on the basis of race. Id. at 110, 73 S.Ct. at 1012 (emphasis added). Thus, it is clear that between 1871 and 1874, the Legislative Assembly was empowered to exercise full statutory authority, subject to repeal or modification by Congress, equivalent to the statutory authority of a state legislature. See Tynes v. Gogos, 144 A.2d 412, 416 (D.C.1958) (Legislative Assembly was a \u201clegislative anomaly possessing dichotomous powers\u201d to enact matters of general legislation as well as local regulations relating purely to municipal affairs).\nThe Court in Thompson also made clear, however, that even with the substantial delegation of police power by Congress to the Board of Commissioners in 1892, the Board of Commissioners\u2019 legislative authority was not as broad as that which Congress had delegated to the Legislative Assembly. There is language in Thompson which refers to the 1892 Act as delegating to the Board of Commissioners authority to repeal laws enacted by the Legislative Assembly. Thompson, supra, 346 U.S. at 114, 73 S.Ct. at 1014. Since the Court had already concluded that the Legislative Assembly\u2019s legislative power was equivalent to that of a state legislature, if the Board of Commissioners could repeal such statutes, it would follow that the Board of Commissioners also had the authority to enact statutes for the District of Columbia. However, although the Court stated that the legislative power of the Board of Commissioners under the 1892 Act could have been used to repeal the anti-discrimination laws passed by the Legislative Assembly, this statement was clearly premised on the Court\u2019s ruling that the laws, which prohibited racial discrimination in restaurants, were \u201cmatter[s] plainly within the scope of police regulation.\u201d Id. Other Supreme Court decisions are not to the contrary, and tend to view the Board of Commissioners\u2019 powers in an even more limited manner. See, e.g., District of Columbia v. Bailey, supra, 171 U.S. at 176, 18 S.Ct. at 874 (\u201cthe District Commissioners [are] merely administrative officers with ministerial powers only\u201d); Metropolitan R.R. Co. v. District of Columbia, supra, 132 U.S. at 7, 9, 10 S.Ct. at 21, 22 (\u201cmunicipal government confined to mere administration\u201d).\nNor do decisions by the courts of the District of Columbia suggest that the Board of Commissioners had legislative authority in the nature of the statutory authority of a state legislature. Indeed, numerous decisions by our courts have held that \u201c[t]he legislative authority of the [Board of] Commissioners was limited to the enactment of \u2018reasonable and usual police regulations.\u2019\" Newsweek Magazine v. District of Columbia Comm'n on Human Rights, 376 A.2d 777, 782 (D.C.1977) (quoting Mendota Apartments v. District of Columbia Comm\u2019n on Human Rights, 315 A.2d 832, 834 (D.C.1974)), cert. denied, 434 U.S. 1014, 98 S.Ct. 729, 54 L.Ed.2d 758 (1978); see, e.g., Filippo, supra, 223 A.2d at 270; Savage v. District of Columbia, 54 A.2d 562, 565 (D.C.1947); Firemen\u2019s Ins. Co., supra, 157 U.S.App.D.C. at 324, 483 F.2d at 1327; Maryland & District of Columbia Rifle & Pistol Ass\u2019n v. Washington, 142 U.S.App.D.C. 375, 379, 442 F.2d 123, 127 (1971); Jones v. District of Columbia, 116 U.S.App.D.C. 301, 304 & n. 2, 323 F.2d 306, 409 & n. 2 (1963); LaForest v. Board of Commissioners, 67 App.D.C. 396, 398, 92 F.2d 547, 549, cert. denied, 302 U.S. 760, 58 S.Ct. 367, 82 L.Ed. 588 (1937). Although there is language in some opinions suggesting a contrary notion, e.g., Firemen\u2019s Ins. Co. v. Washington, supra, 157 U.S.App.D.C. at 325, 483 F.2d at 1328 (police power is a \u201cflexible and dynamic concept\u201d), when the holdings of the courts are considered, it is clear they confirm only the Board of Commissioners\u2019 powers to enact \u201creasonable and usual police regulations\u201d Id.; see also Jones v. District of Columbia, supra, 116 U.S.App.D.C. at 304 & n. 2, 323 F.2d at 309 & n. 2; see generally Mize, A Guide to Deciphering the Laws of a Unique City-State Legislature \u2014 The Council of the District of Columbia, 2 Potomac L.Rev. 1, 11-13 (1979).\nOf particular significance in this murky area is the fact that the D.C. Council itself has acknowledged a distinction between the regulatory powers of the pre-Home Rule Council and its post-Home Rule statutory powers. The Home Rule Council reenacted as a D.C. statute the Human Rights regulations, 34 DCRR \u00a7 1 et seq. (Nov. 17, 1973), which had been passed originally by the pre-Home Rule Council. D.C.Code \u00a7 1-2501 et seq. (D.C.Law 2-38, effective Dec. 13,1977); see National Broadcasting Co. v. District of Columbia Comm\u2019n on Human Rights, 463 A.2d 657, 659 & n. 1 (D.C.1983). The pre-Home Rule Council, like the Board of Commissioners before it, had only regulatory authority. The Home Rule Council had \u201cbecome aware that in several court cases [in the District of Columbia Court of Appeals] serious questions have been raised concerning the power of the pre-Home Rule District Government to authorize some of the remedies contained in Title 34 [of the D.C.Rules and Regulations, the Human Rights regulations].\u201d Committee Report on Bill No. 2-179, the Human Rights Act of 1977 (June 23, 1977); see Newsweek Magazine, supra, 376 A.2d at 782 n. 5 (quoting Mendota Apartments, supra, 315 A.2d at 835). The fact that the Council of the District of Columbia took such action prior to enacting the FOIA makes clear that it distinguished between the regulatory authority of its immediate predecessor and its own statutory powers under the D.C. Self-Government and Governmental Reorganization Act.\nParticularly relevant here as well, the Home Rule Council also saw fit to reenact as a D.C. statute certain discrete provisions of the Duncan Ordinance pertaining to juvenile arrest records. See D.C.Code \u00a7\u00a7 16-2331 through 16-2336 (D.C.Law 2-22, effective September 23, 1977). Although these statutes provide nondisclosure rules similar to those contained in the Duncan Ordinance, the statutory provisions are more comprehensive, listing numerous nondisclosure exceptions, see D.C.Code \u00a7 16-2333 and providing criminal sanctions for their violation. See id. \u00a7 16-2336; cf. 1 DCMR \u00a7 10-1000.1-1000.3. Consequently, it is clear that the Council was not only aware of the distinction between its regulatory and statutory authority, but chose to exercise its statutory power to codify certain pre-Home Rule regulations in instances where the Council deemed it appropriate to do so.\nGiven this recognition by the Council which enacted the FOIA, it logically follows that the Home Rule Council would not view an ordinance promulgated by the Board of Commissioners as a statute for the purposes of Exemption 6. Rather, statutory authority remained, since 1874 and until the enactment of the Home Rule Act in 1973, with the Congress, and such delegated powers as it vested in the Board of Commissioners (and by Presidential Reorganization authority in the D.C. Council established in 1967) were no more than the regulatory powers of a municipality as distinct from the statutory powers of a state legislature. This is not to suggest that the regulatory powers of the Board of Commissioners were insignificant. See, e.g., Chewning, supra note 11, 73 App.D.C. at 394, 119 F.2d at 461. But it is to recognize that except for a brief period in the 1870\u2019s, and since 1975 (when the Home Rule government commenced), the authority to enact statutes for the District of Columbia, in the same manner as is generally viewed as requiring action by a state legislature, resided with Congress and not with the Board of Commissioners established in 1874. Therefore, because the Board of Commissioners did not possess statutory authority, the Duncan Ordinance cannot be considered a statute under FOIA Exemption 6.\nB.\nThe FOIA\u2019s legislative history also does not suggest that the Council viewed the Duncan Ordinance as a statute falling within Exemption 6 or that the Council intended to use the term \u201cstatute\u201d in Exemption 6 in a manner inconsistent with its ordinary meaning.\nThe FOIA was one of many bills considered by the Council soon after the Home Rule Act, supra note 13, became effective. At the time the Council began its consideration of Bill No. 1-119, the \u201cD.C. Freedom of Information Act of 1975,\u201d requests for information from the District Government were governed by Commissioner\u2019s Order No. 71-370 (Nov. 2, 1971). This order, which was first promulgated by then Commissioner Walter E. Washington, and was later replaced by a substantially similar Mayor\u2019s Order No. 76-109 (May 4, 1976) promulgated by then Mayor Washington, contained a general provision mandating disclosure, subject to a number of exceptions, including an exception for \u201crecords specifically exempted from disclosure by law.\u201d Freedom of Information, supra note 18, at 43, 45.\nBill No. 1-119 was introduced in the Council on June 10, 1975, in response to a number of compliance and enforcement problems that the Council perceived under the Commissioner\u2019s Order. Id. at 26. The bill as first introduced contained a general mandate of disclosure subject to only three exemptions: (1) trade secrets, (2) disclosures of a personal nature that would amount to a clearly unwarranted invasion of privacy, and (3) law enforcement records in six designated circumstances. Id. at Ills. Conspicuously absent from the proposed bill was any exemption from disclosure for \u201crecords specifically exempted from disclosure by law\u201d similar to that appearing in the Commissioner\u2019s Order or the federal Freedom of Information Act, 5 U.S.C. \u00a7 552 et seq.\nIn the course of its deliberations, the Council received comments and suggested amendments to Bill No. 1-119 from the Corporation Counsel and a number of interested groups and individuals. In testimony before the Council\u2019s Judiciary and Criminal Law Committee, William A. Robinson, Assistant Corporation Counsel, praised the bill\u2019s purpose of requiring reasonable disclosure of information regarding governmental affairs, but noted:\ncertain reservations with respect to the bill\u2019s provisions ... because the bill fails to include many of the significant exemptions provided in the Federal Freedom of Information Act and in Commissioner\u2019s Order 71-730....\nFreedom of Information, supra note 18, at 54, 89. Accordingly, he advocated the adoption of an exemption like that contained in Commissioner\u2019s Order No. 71-370 for \u201crecords specifically exempted from disclosure from law\u201d and observed that under the bill as introduced, juvenile arrest records would no longer be exempt from disclosure. Id. Mr. Robinson further suggested:\nIt could serve a very useful purpose to the District if the present bill were modeled more closely after the Federal provisions governing freedom of information. Many courts have already construed the provisions of the Federal Act and thereby given a clarifying definition of its requirements. Such court precedents would serve as a useful guide in interpreting and construing such an act if it were adopted for the District.\nId.\nThe Council also received testimony from representatives of the American Civil Liberties Union (ACLU) who suggested two additional exceptions to disclosure which would reinforce the personal privacy of citizens. Noting \u201ca tendency on the part of law enforcement agencies to erode the privacy guaranteed by [the Duncan Ordinance],\u201d the ACLU advocated that the bill be amended \u201cto make explicit the fact that privacy of arrest records under the Duncan Ordinance or any future modification of the ordinance will not be altered as a result of the D.C. FOIA.\u201d Freedom of Information, supra note 18, at 81. The District of Columbia Bar Committee on Access to Government Information also noted that the federal Freedom of Information Act contained exemptions from disclosure not found in Bill No. 1-119. In contrast to the ACLU and the Corporation Counsel, however, the Bar Committee urged that \u201call legitimate interests in confidentiality are already protected by the specific exceptions from mandatory disclosure [in Bill No. 1-119], and so an exception allowing withholding under other statutes is unnecessary.\u201d Id. at 103.\nThe Council in addition had before it a legal memorandum, prepared by the Legislative Research Center of the Georgetown University Law Center, which contained a comparative analysis of the proposed bill, the federal Freedom of Information Act and Commissioner\u2019s Order No. 71-370. Id. at 171 et seq. After noting that the proposed bill lacked any provision addressing records exempted from disclosure by law, id. at 163, the memorandum stated, \u201cIf the Council intends that this bill would govern only the release of information not otherwise covered by law, then an exemption for materials otherwise exempted by statute should be included.\u201d Id. at 198.\nOn September 1, 1976, the Council Committee on the Judiciary and Criminal Law reported a revised bill. Freedom of Information, supra note 18, at 19, 25. Among other changes, Bill No. 1-119 had been revised to include an exemption for \u201c[(Information specifically exempted from disclosure by statute.\u201d Id. at 21. The committee explained that \u201c[t]he only exemptions from disclosure on which the Mayor\u2019s Order and Bill No. 1-119 are in alignment are the exemptions for unwarranted invasion of personal privacy and for information exempt by statute.\u201d Id. at 32. Noting that the amended bill incorporated most of the suggestions made by the Corporation Counsel, the report observed that the \u201cfederal model should be followed because of the strength of the case law\u201d and, \u201c[i]n particular, exemption should be provided for information now exempt from disclosure by statute_\u201d Id. at 34-35. In its section-by-section analysis, the Committee report explicitly stated as to the exemption for \u201cinformation specifically exempted from disclosure by statute\u201d that \u201c[t]he committee worded the language of this exemption so as to parallel the federal Act.\u201d Id. at 39.\nPrior to passage, Bill No. 1-119 was revised one final time to incorporate changes to the federal Freedom of Information Act passed by Congress during the Council\u2019s consideration of the pending FOIA bill. In the Council\u2019s debate on Bill No. 1-119 on October 12, 1976, Councilmember David Clarke, Chairperson of the Committee on the Judiciary and Criminal Law, explained the revision to Exemption 6:\nThat provision exempts from the disclosure requirement of the Bill information specifically by statute. In the federal experience this was the original language. It is from the original federal Freedom of Information Act that they found that it was interpreted too broadly by the Supreme Court of the United States. It is after the Supreme Court of the United States [interpreted] this exemption as broadly exempt[ing] material from disclosure that the Congress of the United States passed, with respect to the federal law, an amendment very similar to the one that I am proposing before this Council today.\nThe Executive Branch has indicated that if we are to have a Freedom of Information Act, it would be good for it to parallel with that so it would provide some basis of construction around it.\nIn that sphere and in order to have our laws as effective to [sic] the District of Columbia citizens as the federal law is for the national statutes which exempts disclosures^ our bill] must require that such matters be withheld from the public in such a manner as to leave no discretion on the issue, or establishes [sic] particular criteria for withholding or refers [sic] to particular types of matters to be withheld.\nFreedom of Information, swpra note 18, at 65. The Council voted to adopt the revised version of Exemption 6 and the FOIA took effect, in its current form, on March 29, 1977. Id. at 72.\nThus, the FOIA\u2019s legislative history does not suggest, as the MPD urges, that the Council specifically contemplated that the Duncan Ordinance was a statute within the meaning of Exemption 6. Rather, the history is clear that the Council adopted Exemption 6 to address the initial bill\u2019s failure to include an exemption similar to that appearing in the Commissioner\u2019s Order or the federal Freedom of Information Act. Although the representative from the ACLU specifically mentioned the Duncan Ordinance in his testimony, he was the only witness to do so; at no point in the legislative history does the Council refer to the ACLU\u2019s testimony or to the Duncan Ordinance. By contrast, the Corporation Counsel, the Legislative Research Center of the Georgetown University Law Center, and several other witnesses expressly urged the Council to correct the deficiency in the initial bill, and the Council responded by doing just that.\nThe legislative history similarly reveals no indication that the Council intended to use the term \u201cstatute\u201d in Exemption 6 in a manner inconsistent with its ordinary meaning. Indeed, in contrast to Exemption 6\u2019s language exempting \u201c[information specifically exempted from disclosure by statute,\u201d Exemption 7, which protects information classified by a presidential executive order, provides an exemption for \u201c[information specifically authorized by federal law_\u201d (Emphasis added.) It is thus apparent that the Council distinguished between the use of the terms \u201cstatute\u201d and \u201claw\u201d in Exemptions 6 and 7 to account for differing circumstances: the law referred to in Exemption 7 is an executive order which, like the Duncan Ordinance, has the full force and effect of law but is not a statute. Therefore, we find no persuasive reason for construing the word \u201cstatute\u201d in Exemption 6 in a manner inconsistent with its plain and ordinary meaning. See Peoples Drug Stores, Inc., supra note 9, 470 A.2d at 755 (citing Tuten v. United States, 440 A.2d 1008, 1013 (D.C.1982), aff'd, 460 U.S. 660, 103 S.Ct. 1412, 75 L.Ed.2d 359 (1983)); see also National Insulation Transp. Comm. v. ICC, 221 U.S.App.D.C. 192, 196, 683 F.2d 533, 537 (1982) (courts presume that the use of different terminology within a statute indicates an intent to establish different meaning).\nAccordingly, we hold on the basis of the plain language of the FOIA, its pro-disclosure mandate, its legislative history and the Home Rule Council\u2019s recognition of the limited nature of the Board of Commissioners\u2019 legislative authority that the Duncan Ordinance is not a statute within the meaning of FOIA \u00a7 l-1524(a)(6). Although the Duncan Ordinance continues to have the full force and effect of law, Spock v. District of Columbia, 283 A.2d 14, 19 (D.C.1971); In re Alexander, 259 A.2d 592, 593 (D.C.1969), it is not a statute authorizing the MPD to withhold the disclosure of arrest records otherwise available under the FOIA, and we reverse the grant of summary judgment in favor of appellees.\n. Senator Kasten was voluntarily dismissed from the case prior to the granting of summary judgment and is not a party to this appeal. See note 3, infra.\n. In accordance with an agreement with Senator Kasten, the Corporation Counsel entered a nolle prosequi to the charge after Senator Kas-ten successfully completed a counseling program pursuant to a first offender pre-trial diversion program for persons charged with driving while intoxicated per se. D.C.Code \u00a7 40 \u2014 716(b)( 1) (1981 & 1987 Supp.); see 111 Daily Wash.L.Rptr. 1965 (Oct. 12, 1983) (pub-Iishing guidelines for Pre-trial Diversion Program).\n. Senator Kasten sent a letter dated June 23, 1986, to the Sentinel in which he stated, \u201cI have no objection to the release of this information and have no intentions of interfering with the disposition of the lawsuit.\u201d\n.The entire focus of oral argument, and the sole basis for the grant of summary judgment, was whether the Duncan Ordinance was a statute within the meaning of FOIA Exemption 6. On the record before us, it appears that the motions judge, having based his decision exclusively on the Duncan Ordinance, did not reach a number of other arguments that were raised in the parties\u2019 motions for summary judgment. For example, appellees contended in their motion for summary judgment that the prosecutor\u2019s Hies, which appellants originally had sought in addition to Senator Kasten\u2019s arrest records, were exempt from disclosure. They also contended that the arrest records were exempt from disclosure under FOIA Exemption 2, D.C.Code \u00a7 l-1524(a)(2), which exempts \u201c[\u00a1Information of a personal nature where the public disclosure thereof would constitute a clearly unwarranted invasion of personal privacy.\u201d For their part, appellants contended in their motion for summary judgment that FOIA Exemption 3 (C), D.C.Code \u00a7 1-1524(a)(3)(C), which exempts from disclosure \u201cInvestigatory records compiled for law enforcement purpose's, but only to the extent that the production of such records would: ... (C) Constitute an unwarranted invasion of personal privacy,\u201d would not provide an alternative ground for withholding Senator Kasten\u2019s arrest records. Since these issues were not decided by the motions judge and are not pursued on appeal, we do not reach them.\n. The original Duncan Report rules appear as an appendix to Morrow v. District of Columbia, 135 U.S.App.D.C. 160, 417 F.2d 728 (1969) (\"Revisions and Adoption by the Board of Commissioners of Recommendations of the Committee to Investigate the Effect of Police Arrest Records on Employment Opportunities in the District of Columbia\u201d). The Morrow case also sets forth the legislative history of the Duncan Report rules. Id. at 173-75, 417 F.2d at 741-43; see also Utz v. Cullinane, 172 U.S.App.D.C. 67, 83-91, 520 F.2d 467, 483-91 (1975). A renumbered version of the Duncan Ordinance is currently published at 1 DCMR \u00a7 1000 et seq. (1986). Paragraph 6 of the original Duncan Report rules now appears in amended form at D.C.Code \u00a7 1-2530 (1981).\n. The Duncan Ordinance pertains only to the dissemination of the MPD\u2019s \"central criminal records,\u201d which document in a more complete fashion the progress of the prosecution of the MPD\u2019s arrestees. These records are maintained at the MPD\u2019s central police flies and are arranged in alphabetical order. D.C.Code \u00a7 4-132 (1981); Morrow, supra note 5, 135 U.S.App.D.C. at 173, 417 F.2d at 741. The so-called \"desk books,\u201d which consist of more general information pertaining to arrests, are maintained by each police precinct in chronological order, and are publicly available when not in actual use. D.C.Code \u00a7\u00a7 4-131, -135 (1981); Morrow, supra note 5, 135 U.S.App.D.C. at 173, 417 F.2d at 741.\n. Section 1004.5 contains an exception, not relevant here, permitting the release of records more than 10 years old if the offender was incarcerated for any part of the preceding 10-year period.\n. See note 3, supra. Appellees argued, in their motion for summary judgment, that Senator Kasten\u2019s waiver was incomplete and unknowing. We do not reach this issue. See note 4, supra.\n.The first step in construing any statutory provision is to examine the language of the statute to interpret its words according to their plain and ordinary meaning. United States v. Bailey, 495 A.2d 756, 760 (D.C.1985); Peoples Drug Stores, Inc. v. District of Columbia, 470 A.2d 751, 754 (D.C.1984) (en banc).\n. \"The Commissioners of the District of Columbia are authorized and empowered to make and enforce all such reasonable and usual police regulations ... as they may deem necessary for the protection of lives, limbs, health, comfort and quiet of all persons and the protection of all property within the District of Columbia.\u201d Joint Resolution of February 26, 1892, 27 Stat. 394, D.C.Code \u00a7 20-34 (1929).\n. Indeed, it is the uniqueness of the District of Columbia within our governmental system that distinguishes the instant case from those decisions that discuss the differences between municipal regulations and state legislative enactments in terms of statewide applicability, see, e.g., Gonzalez v. Automatic Employees Credit Union, 419 U.S. 90, 96 n. 14, 95 S.Ct. 289, 293 n. 14, 42 L.Ed.2d 249 (1974) (the term \u201cstatute\" has been \"construed narrowly, to include only enactments of statewide application\") (quoting Moody v. Flowers, 387 U.S. 97, 101, 87 S.Ct. 1544, 1548, 18 L.Ed.2d 643 (1967)), and those decisions that have construed the term \"statute\" in federal court jurisdictional provisions. See, e.g., American Federation of Labor v. Watson, 327 U.S. 582, 592-93, 66 S.Ct. 761, 765-66, 90 L.Ed. 873 (1946) (\"the word 'statute' ... is a compendious summary of various enactments, by whatever method they may be adopted, to which a State gives her sanction and is at least sufficiently inclusive to embrace constitutional provisions\u201d). Cf. John P. King Mfg. Co. v. City Council, 277 U.S. 100, 116, 48 S.Ct. 489, 494, 72 L.Ed. 801 (1928) (\"Laws or regulations adopted by a municipality are called, in common speech, either ordinances or by-laws, not \u2018statutes.\u2019\u201d) (Brand\u00e9is, J., dissenting).\n. In many respects the District is more akin to a state than to a municipality. The District is a unique entity in that it exercises \"a great variety of governmental functions, including not only those which are commonly exercised by cities but others ... which are commonly exercised by states.\"\nFiremen\u2019s Ins. Co. v. Washington, supra, 157 U.S.App.D.C. at 325, 483 F.2d at 1328 (quoting Chewning v. District of Columbia, 73 App.D.C. 392, 394, 119 F.2d 459, 461, cert. denied, 314 U.S. 639, 62 S.Ct. 74, 86 L.Ed. 513 (1941)).\n. The Home Rule Council is officially denominated the Council of the District of Columbia, D.C.Code \u00a7 l-222(a), as distinguished from the District of Columbia Council established under Reorganization Plan No. 3 of 1967, \u00a7 201(a), 1 D.C.Code 130 (1981).\n. Pub.L. No. 93-198, 87 Stat. 774 (Dec. 24, 1973); D.C.Code \u00a7 1-175 (1987 Repl.Vol.) (Home Rule Act).\n.Under the Home Rule Act, the D.C. Council\u2019s legislative authority is not the same as that of a state legislature since no Council enactment, except temporary emergency laws, becomes effective until the expiration of a Congressional layover period. D.C.Code \u00a7\u00a7 l-201(a), 1-206, 1-229(a), 1-233(c)(1), (c)(2); see Gary v. United States, 499 A.2d 815 (D.C.1985), cert. denied, 475 U.S. 1086, 106 S.Ct. 1470, 89 L.Ed.2d 725 (1986).\n. Our conclusion that the Board of Commissioners did not possess statutory powers renders the cases cited by the MPD, e.g., Fund for Constitutional Government v. National Archives & Records Service, 211 U.S.App.D.C. 267, 656 F.2d 856 (1981); Founding Church of Scientology v. Bell, 195 U.S.App.D.C. 363, 603 F.2d 945 (1979), inapposite. The issue presented in those cases, whether the federal rules of procedure are statutes within the meaning of Exemption 3 of the federal Freedom of Information Act, 5 U.S.C. \u00a7 552(b)(3) (the federal exemption comparable to Exemption 6 of the D.C. FOIA), turned on whether Congress, a body with statutory authority, positively enacted the rules after they were issued by the Supreme Court under rulemaking powers delegated by Congress. By contrast, the provisions of the Duncan Ordinance at issue were promulgated by the Board of Commissioners under its regulatory powers, and they have not been reenacted by the Home Rule Council, a body with statutory authority.\n. While our starting point in construing a statutory provision is the language itself, our primary goal is to ascertain and give effect to the intent of the legislative body that drafted the language. Rosenberg v. United States, 297 A.2d 763, 765 (D.C.1972) (quoting General Motors Acceptance Corp. v. One 1962 Chevrolet Sedan, 191 A.2d 140, 142 (D.C.1963)). The statutory meaning of a term must be derived from a consideration of the entire enactment against the backdrop of its policies and objectives. Carey v. Crane Service Co., 457 A.2d 1102, 1105 (D.C.1983) (quoting Don\u2019t Tear It Down v. Pennsylvania Ave. Dev. Corp., 206 U.S.App.D.C. 122, 128, 642 F.2d 527, 533 (1980)). Even where the words of a statute have superficial clarity, it is appropriate to undertake a review of the legislative history to aid in the ascertainment of legislative intent. Office of People\u2019s Counsel v. Public Service Commission, 477 A.2d 1079, 1084 (D.C.1984) (\"words are inexact tools at best\u201d) (quoting Harrison v. Northern Trust Co., 317 U.S. 476, 479, 63 S.Ct. 361, 363, 87 L.Ed. 407 (1943)). Courts may depart from the literal meaning of words when they are at variance with legislative purpose as revealed by a reading of the legislative history or by an examination of the statute as a whole, Peoples Drug Stores, Inc., supra note 9, 470 A.2d at 754.\n.The legislative history of the FOIA is published in one volume. See Subcomm. on Administrative Practice & Procedure of the Senate Comm, on Judiciary, 95th Cong., 2d Sess., Freedom of Information: A Compilation of State Laws (Comm.Print 1978) (Freedom of Information ).\n. A representative from Common Cause, a public interest group, also noted that \"[m]ost freedom of information laws contain an exemption for records deemed confidential by other statutes\u201d and that \"[t]he Committee may want to consider adding this exemption.\" The Committee also heard testimony from representatives of the D.C. Public Interest Research Group, the Apartment and Office Building Association, the Capitol Hill Restoration Society, the Chesapeake & Potomac Telephone Company, the Jewish Community Council of Greater Washington and a private citizen.\n. The MPD has misconceived the issue in the case by framing it in terms of whether the Council implicitly repealed the Duncan Ordinance when it enacted the FOIA. Although the Duncan Ordinance is not a statute within the meaning of Exemption 6, the ordinance continues to have vitality outside the arena of the FOIA. The Duncan Ordinance will continue to restrict the government's use and dissemination of arrest records, ensuring that such records are released only for legitimate law enforcement purposes, and will protect against the routine dissemination of arrest records for non-law enforcement purposes, e.g,, employment applications, licensing agencies, and credit institutions. See Morrow, supra note 5, 135 U.S.App.D.C. at 171, 417 F.2d at 742. Moreover, the FOIA itself protects against the routine dissemination of police records. See D.C.Code \u00a7 l-1524(a)(3) (exempting from disclosure \"Investigatory records compiled for law enforcement purposes, but only to the extent that the production of such records would: ... (C) Constitute an unwarranted invasion of personal privacy.\u201d).",
        "type": "majority",
        "author": "ROGERS, Associate Judge:"
      }
    ],
    "attorneys": [
      "Patti A. Goldman, with whom Alan B. Morrison and David C. Vladeck, Washington, D.C., were on the brief, for appellants.",
      "Donna M. Murasky, Asst. Corp. Counsel, with whom Frederick D. Cooke, Jr., Acting Corp. Counsel at the time the brief was filed, and Charles L. Reischel, Deputy Corp. Counsel, Washington, D.C., were on the brief, for appellees."
    ],
    "corrections": "",
    "head_matter": "NEWSPAPERS, INC., et al., Appellants, v. METROPOLITAN POLICE DEPARTMENT, et al., Appellees.\nNo. 86-1677.\nDistrict of Columbia Court of Appeals.\nArgued March 8, 1988.\nDecided Aug. 29, 1988.\nPatti A. Goldman, with whom Alan B. Morrison and David C. Vladeck, Washington, D.C., were on the brief, for appellants.\nDonna M. Murasky, Asst. Corp. Counsel, with whom Frederick D. Cooke, Jr., Acting Corp. Counsel at the time the brief was filed, and Charles L. Reischel, Deputy Corp. Counsel, Washington, D.C., were on the brief, for appellees.\nBefore NEWMAN, TERRY and ROGERS, Associate Judges."
  },
  "file_name": "0990-01",
  "first_page_order": 1052,
  "last_page_order": 1063
}
