{
  "id": 7910629,
  "name": "Tammy T. KENNEDY, et al. v. Preston A. McLEAN, et al.",
  "name_abbreviation": "Kennedy v. McLean",
  "decision_date": "1989-03-22",
  "docket_number": "",
  "first_page": "1057",
  "last_page": "1058",
  "citations": [
    {
      "type": "official",
      "cite": "555 A.2d 1057"
    }
  ],
  "court": {
    "name_abbreviation": "Me.",
    "id": 9543,
    "name": "Maine Supreme Judicial Court"
  },
  "jurisdiction": {
    "id": 42,
    "name_long": "Maine",
    "name": "Me."
  },
  "cites_to": [
    {
      "cite": "506 A.2d 1156",
      "category": "reporters:state_regional",
      "reporter": "A.2d",
      "case_ids": [
        7918453
      ],
      "weight": 2,
      "pin_cites": [
        {
          "page": "1158",
          "parenthetical": "citation omitted"
        }
      ],
      "opinion_index": 0,
      "case_paths": [
        "/a2d/506/1156-01"
      ]
    },
    {
      "cite": "506 A.2d 1158",
      "category": "reporters:state_regional",
      "reporter": "A.2d",
      "case_ids": [
        7918482
      ],
      "pin_cites": [
        {
          "page": "1159"
        }
      ],
      "opinion_index": 0,
      "case_paths": [
        "/a2d/506/1158-01"
      ]
    },
    {
      "cite": "453 A.2d 1181",
      "category": "reporters:state_regional",
      "reporter": "A.2d",
      "case_ids": [
        8009076
      ],
      "pin_cites": [
        {
          "page": "1183"
        }
      ],
      "opinion_index": 0,
      "case_paths": [
        "/a2d/453/1181-01"
      ]
    },
    {
      "cite": "444 A.2d 987",
      "category": "reporters:state_regional",
      "reporter": "A.2d",
      "case_ids": [
        7982751
      ],
      "weight": 2,
      "pin_cites": [
        {
          "page": "1002"
        }
      ],
      "opinion_index": 0,
      "case_paths": [
        "/a2d/444/0987-01"
      ]
    }
  ],
  "analysis": {
    "cardinality": 294,
    "char_count": 3569,
    "ocr_confidence": 0.768,
    "pagerank": {
      "raw": 4.03580807328026e-08,
      "percentile": 0.200569222375513
    },
    "sha256": "0417c3b1c1364bbd066fd8006cb27a2b26f40b3c9e0a4e38a743e5c6c44fd7d4",
    "simhash": "1:14ce7d381e0df335",
    "word_count": 576
  },
  "last_updated": "2024-02-27T22:51:50.260896+00:00",
  "provenance": {
    "date_added": "2019-08-29",
    "source": "Harvard",
    "batch": "2018"
  },
  "casebody": {
    "judges": [
      "Before McKUSICK, C.J., and WATHEN, GLASSMAN, CLIFFORD and COLLINS, JJ."
    ],
    "parties": [
      "Tammy T. KENNEDY, et al. v. Preston A. McLEAN, et al."
    ],
    "opinions": [
      {
        "text": "McKUSICK, Chief Justice.\nWe affirm the dismissal of the untimely medical malpractice action brought by Tammy T. Kennedy and her husband John in the Superior Court (Penobscot County; Chandler, J). Contrary to the Kennedys\u2019 contention, their cause of action accrued at the time of Tammy Kennedy\u2019s first pregnancy and delivery in 1980 when the defendants allegedly failed to exercise due care in diagnosing and treating the blood group incompatibility between her blood and her child\u2019s. Even if the Kennedys are correct that a later pregnancy in 1986 was the first reasonable opportunity for them to discover that Tammy had developed Rh-factor antibodies, the discovery rule we first propounded in Myrick v. James, 444 A.2d 987 (Me.1982), does not apply in any case in which the date of injury is earlier than the date of the Myrick opinion, May 4, 1982. Id. at 1002.\nIn Myrick we restricted even the prospective scope of the newly declared discovery rule to foreign-body surgical malpractice. Any extension of the new rule to other types of injury occurring on or after May 4, 1982, we expressly \u201cle[ft] open for future case-by-case adjudication.\u201d Box v. Walker, 453 A.2d 1181, 1183 (Me.1983). We have never at any time stated or suggested the possibility that recovery could be extended to injuries of any kind occurring before the May 4, 1982, cutoff date, and we expressly held in Stearns v. Roberts, 506 A.2d 1158, 1159 (Me.1986) (per curiam), that if any diagnostic malpractice claim could be held to accrue on the date of discovery, the date of injury must be on or after May 4, 1982. If Stearns standing alone would leave any doubt as to the significance of that date for any medical malpractice action, it was resolved by another case decided the same day as Steams. In Myrick v. Central Maine Medical Center, 506 A.2d 1156 (Me.1986) (per curiam), we held that the same plaintiffs who had prevailed against a surgeon in Myrick v. James were time-barred in their separate action, arising from the same surgical procedure, against the hospital where the operation was performed. We explained:\nUntil [the Myrick 7] decision, reliance on the date-of-injury rule by health care professionals and institutions was not unreasonable. This court will not consider on its merits the question whether the discovery rule is available to a particular plaintiff in a suit against such a professional or institution except in circumstances where the question arises in regard to alleged medical malpractice that took place on or after May 4, 1982.\nId. at 1158 (citation omitted).\nThe entry is: Judgment affirmed.\nAll concurring.\n. There is no merit in the Kennedys\u2019 alternative contention that they were not injured until the \u25a0 1986 pregnancy and that their action is therefore timely even under the date-of-injury rule. A preventable blood abnormality posing such a serious risk of grave fetal harm that it renders the plaintiff effectively sterile is an actionable injury, and the Kennedys allege that Tammy Kennedy suffered precisely that injury in 1980.",
        "type": "majority",
        "author": "McKUSICK, Chief Justice."
      }
    ],
    "attorneys": [
      "J. Hilary Billings (orally), Bangor, for plaintiffs.",
      "Gail Fisk Malone (orally), Rudman & Winchell, Bangor, for McLean.",
      "Lewis V. Yafiades, Amy Faircloth (orally), Vafiades, Brountas & Kominsky, Bangor, for Shubert.",
      "Daniel A. Pileggi (orally), Gross, Minsky, Mogul & Singal, Bangor, for Eastern Maine Medical Center."
    ],
    "corrections": "",
    "head_matter": "Tammy T. KENNEDY, et al. v. Preston A. McLEAN, et al.\nSupreme Judicial Court of Maine.\nArgued March 21, 1989.\nDecided March 22, 1989.\nJ. Hilary Billings (orally), Bangor, for plaintiffs.\nGail Fisk Malone (orally), Rudman & Winchell, Bangor, for McLean.\nLewis V. Yafiades, Amy Faircloth (orally), Vafiades, Brountas & Kominsky, Bangor, for Shubert.\nDaniel A. Pileggi (orally), Gross, Minsky, Mogul & Singal, Bangor, for Eastern Maine Medical Center.\nBefore McKUSICK, C.J., and WATHEN, GLASSMAN, CLIFFORD and COLLINS, JJ."
  },
  "file_name": "1057-01",
  "first_page_order": 1131,
  "last_page_order": 1132
}
