{
  "id": 11328720,
  "name": "Curtis L. PEOPLES, Appellant, v. David ROACH, Appellee",
  "name_abbreviation": "Peoples v. Roach",
  "decision_date": "1995-12-28",
  "docket_number": "No. 94-SP-337",
  "first_page": "700",
  "last_page": "703",
  "citations": [
    {
      "type": "official",
      "cite": "669 A.2d 700"
    }
  ],
  "court": {
    "name_abbreviation": "D.C.",
    "id": 11933,
    "name": "District of Columbia Court of Appeals"
  },
  "jurisdiction": {
    "id": 56,
    "name_long": "District of Columbia",
    "name": "D.C."
  },
  "cites_to": [
    {
      "cite": "417 U.S. 333",
      "category": "reporters:federal",
      "reporter": "U.S.",
      "case_ids": [
        1519639
      ],
      "weight": 3,
      "year": 1974,
      "pin_cites": [
        {
          "page": "342"
        }
      ],
      "opinion_index": 0,
      "case_paths": [
        "/us/417/0333-01"
      ]
    },
    {
      "cite": "14 L.Ed.2d 703",
      "category": "reporters:federal",
      "reporter": "L. Ed. 2d",
      "year": 1965,
      "opinion_index": 0
    },
    {
      "cite": "85 S.Ct. 1773",
      "category": "reporters:federal",
      "reporter": "S. Ct.",
      "year": 1965,
      "opinion_index": 0
    },
    {
      "cite": "381 U.S. 940",
      "category": "reporters:federal",
      "reporter": "U.S.",
      "case_ids": [
        6223267,
        6222632,
        6224137,
        6223529,
        6222961,
        6223836,
        6224477
      ],
      "year": 1965,
      "opinion_index": 0,
      "case_paths": [
        "/us/381/0820-03",
        "/us/381/0820-01",
        "/us/381/0820-06",
        "/us/381/0820-04",
        "/us/381/0820-02",
        "/us/381/0820-05",
        "/us/381/0820-07"
      ]
    },
    {
      "cite": "341 F.2d 95",
      "category": "reporters:federal",
      "reporter": "F.2d",
      "case_ids": [
        878269
      ],
      "pin_cites": [
        {
          "page": "96"
        }
      ],
      "opinion_index": 0,
      "case_paths": [
        "/f2d/341/0095-01"
      ]
    },
    {
      "cite": "373 U.S. 1",
      "category": "reporters:federal",
      "reporter": "U.S.",
      "case_ids": [
        11716366
      ],
      "weight": 3,
      "year": 1963,
      "pin_cites": [
        {
          "page": "15-16",
          "parenthetical": "trial court need not consider a successive \u00a7 2255 motion which, instead of setting forth a new or different ground for relief, merely predicates the same legal claim on new or different factual allegations or legal arguments"
        },
        {
          "page": "1077-78",
          "parenthetical": "trial court need not consider a successive \u00a7 2255 motion which, instead of setting forth a new or different ground for relief, merely predicates the same legal claim on new or different factual allegations or legal arguments"
        },
        {
          "parenthetical": "trial court need not consider a successive \u00a7 2255 motion which, instead of setting forth a new or different ground for relief, merely predicates the same legal claim on new or different factual allegations or legal arguments"
        }
      ],
      "opinion_index": 0,
      "case_paths": [
        "/us/373/0001-01"
      ]
    },
    {
      "cite": "366 A.2d 780",
      "category": "reporters:state_regional",
      "reporter": "A.2d",
      "case_ids": [
        8030915
      ],
      "pin_cites": [
        {
          "page": "781"
        }
      ],
      "opinion_index": 0,
      "case_paths": [
        "/a2d/366/0780-01"
      ]
    },
    {
      "cite": "600 A.2d 96",
      "category": "reporters:state_regional",
      "reporter": "A.2d",
      "case_ids": [
        7348558
      ],
      "pin_cites": [
        {
          "page": "97"
        }
      ],
      "opinion_index": 0,
      "case_paths": [
        "/a2d/600/0096-01"
      ]
    },
    {
      "cite": "510 A.2d 1044",
      "category": "reporters:state_regional",
      "reporter": "A.2d",
      "case_ids": [
        7908172
      ],
      "weight": 2,
      "pin_cites": [
        {
          "page": "1045"
        },
        {
          "page": "1045-46",
          "parenthetical": "footnote and citations omitted"
        }
      ],
      "opinion_index": 0,
      "case_paths": [
        "/a2d/510/1044-01"
      ]
    },
    {
      "cite": "388 A.2d 883",
      "category": "reporters:state_regional",
      "reporter": "A.2d",
      "case_ids": [
        8015309
      ],
      "opinion_index": 0,
      "case_paths": [
        "/a2d/388/0883-01"
      ]
    },
    {
      "cite": "28 U.S.C. \u00a7 2255",
      "category": "laws:leg_statute",
      "reporter": "U.S.C.",
      "weight": 2,
      "year": 1994,
      "opinion_index": 0
    },
    {
      "cite": "93 L.Ed.2d 595",
      "category": "reporters:federal",
      "reporter": "L. Ed. 2d",
      "year": 1986,
      "opinion_index": 0
    },
    {
      "cite": "107 S.Ct. 595",
      "category": "reporters:federal",
      "reporter": "S. Ct.",
      "year": 1986,
      "opinion_index": 0
    },
    {
      "cite": "479 U.S. 993",
      "category": "reporters:federal",
      "reporter": "U.S.",
      "case_ids": [
        6501833,
        6501546,
        6502251,
        6501322,
        6500813,
        6501743,
        6502128,
        6501457,
        6501649,
        6500915,
        6501233,
        6501047,
        6500729,
        6501147
      ],
      "year": 1986,
      "opinion_index": 0,
      "case_paths": [
        "/us/479/0993-12",
        "/us/479/0993-09",
        "/us/479/0993-14",
        "/us/479/0993-07",
        "/us/479/0993-02",
        "/us/479/0993-11",
        "/us/479/0993-13",
        "/us/479/0993-08",
        "/us/479/0993-10",
        "/us/479/0993-03",
        "/us/479/0993-06",
        "/us/479/0993-04",
        "/us/479/0993-01",
        "/us/479/0993-05"
      ]
    },
    {
      "cite": "794 F.2d 722",
      "category": "reporters:federal",
      "reporter": "F.2d",
      "case_ids": [
        3610003,
        1591308
      ],
      "weight": 4,
      "pin_cites": [
        {
          "page": "725-26"
        },
        {
          "page": "724, 727"
        }
      ],
      "opinion_index": 0,
      "case_paths": [
        "/us-app-dc/254/0013-01",
        "/f2d/794/0722-01"
      ]
    },
    {
      "cite": "430 U.S. 372",
      "category": "reporters:federal",
      "reporter": "U.S.",
      "case_ids": [
        12124606
      ],
      "weight": 9,
      "year": 1977,
      "pin_cites": [
        {
          "page": "377",
          "parenthetical": "emphasis in original"
        },
        {
          "page": "1227-28",
          "parenthetical": "emphasis in original"
        },
        {
          "parenthetical": "emphasis in original"
        },
        {
          "page": "377"
        },
        {
          "page": "1227-28"
        },
        {
          "page": "384"
        },
        {
          "page": "1231"
        }
      ],
      "opinion_index": 0,
      "case_paths": [
        "/us/430/0372-01"
      ]
    },
    {
      "cite": "451 U.S. 477",
      "category": "reporters:federal",
      "reporter": "U.S.",
      "case_ids": [
        6187603
      ],
      "weight": 3,
      "year": 1981,
      "opinion_index": 0,
      "case_paths": [
        "/us/451/0477-01"
      ]
    },
    {
      "cite": "61 L.Ed.2d 277",
      "category": "reporters:federal",
      "reporter": "L. Ed. 2d",
      "year": 1979,
      "opinion_index": 0
    },
    {
      "cite": "99 S.Ct. 2826",
      "category": "reporters:federal",
      "reporter": "S. Ct.",
      "year": 1979,
      "opinion_index": 0
    },
    {
      "cite": "442 U.S. 911",
      "category": "reporters:federal",
      "reporter": "U.S.",
      "case_ids": [
        1531970,
        1531975,
        1531849,
        1531950,
        1532143,
        1532110,
        1531953,
        1532086,
        1532093,
        1532185,
        1531836,
        1532157,
        1532126
      ],
      "year": 1979,
      "opinion_index": 0,
      "case_paths": [
        "/us/442/0911-04",
        "/us/442/0911-07",
        "/us/442/0911-11",
        "/us/442/0911-03",
        "/us/442/0911-05",
        "/us/442/0911-12",
        "/us/442/0911-09",
        "/us/442/0911-08",
        "/us/442/0911-06",
        "/us/442/0911-01",
        "/us/442/0911-13",
        "/us/442/0911-02",
        "/us/442/0911-10"
      ]
    },
    {
      "cite": "395 A.2d 41",
      "category": "reporters:state_regional",
      "reporter": "A.2d",
      "case_ids": [
        8009225
      ],
      "weight": 3,
      "pin_cites": [
        {
          "page": "42-43"
        }
      ],
      "opinion_index": 0,
      "case_paths": [
        "/a2d/395/0041-01"
      ]
    },
    {
      "cite": "384 U.S. 436",
      "category": "reporters:federal",
      "reporter": "U.S.",
      "case_ids": [
        12046400
      ],
      "weight": 3,
      "year": 1966,
      "opinion_index": 0,
      "case_paths": [
        "/us/384/0436-01"
      ]
    }
  ],
  "analysis": {
    "cardinality": 493,
    "char_count": 8193,
    "ocr_confidence": 0.732,
    "pagerank": {
      "raw": 9.782935570085989e-08,
      "percentile": 0.5322850868911663
    },
    "sha256": "2e1ecd7bf54d9c668ca3753988446617d652d7cbf61ae241c1170562461d111a",
    "simhash": "1:3773f33b1dcfcdea",
    "word_count": 1348
  },
  "last_updated": "2024-02-27T19:10:58.944670+00:00",
  "provenance": {
    "date_added": "2019-08-29",
    "source": "Harvard",
    "batch": "2018"
  },
  "casebody": {
    "judges": [
      "Before STEADMAN, KING and REID, Associate Judges."
    ],
    "parties": [
      "Curtis L. PEOPLES, Appellant, v. David ROACH, Appellee."
    ],
    "opinions": [
      {
        "text": "STEADMAN, Associate Judge:\nThis case, before us for the third time, is an appeal from the trial court\u2019s denial of appellant\u2019s petition for a writ of habeas corpus. We affirm.\nIn 1977, appellant was convicted of felony murder, armed robbery, robbery, attempted robbery while armed, assault with intent to rob, assault with a deadly weapon, and unauthorized use of a motor vehicle. He appealed to this court, claiming, inter alia, that the trial court erred in allowing the government to introduce certain statements he made to the police following his arrest. We held that the statements were properly admitted under Miranda v. Arizona, 384 U.S. 436, 86 S.Ct. 1602, 16 L.Ed.2d 694 (1966), and its progeny; accordingly, we affirmed. Peoples v. United States, 395 A.2d 41 (D.C.1978), cert. denied, 442 U.S. 911, 99 S.Ct. 2826, 61 L.Ed.2d 277 (1979).\nIn 1989, appellant filed a motion for post-conviction relief under D.C.Code \u00a7 23-110 (1989 Repl.). He argued, inter alia, that new law had been announced by the Supreme Court in Edwards v. Arizona, 451 U.S. 477, 101 S.Ct. 1880, 68 L.Ed.2d 378 (1981), which \u2014 had it been announced earlier \u2014 would have compelled the suppression of his statements to the police. The trial court denied appellant\u2019s 23-110 motion, concluding that the admissibility of his statements would not have been affected by Edwards. We affirmed in an unpublished Memorandum Opinion and Judgment, marking the second time that we have ruled on the admissibility of appellant\u2019s statements.\nIn 1994, appellant filed a pro se petition for a writ of habeas corpus. The sole ground that appellant advanced in support of his petition was the same ground asserted on his direct appeal and in his \u00a7 23-110 motion; that admission of his statements violated his rights under Miranda and its progeny. The trial court concluded that it could not consider the issues raised in the petition, as they were the same issues that had already been considered and decided by this Court. The trial court accordingly denied the petition without a hearing, and that order is now before us on appeal.\nAccording to D.C.Code \u00a7 23-110(g) (1989 Repl.),\n[a]n application for a writ of habeas corpus in behalf of a prisoner who is authorized to apply for relief by motion pursuant to [\u00a7 23-110] shall not be entertained by the Superior Court or by any Federal or State court if it appears ... that the Superior Court has denied him relief, unless it also appears that the remedy by motion is inadequate or ineffective to test the legality of his detention.\nThe Supreme Court has characterized \u00a7 23-110(g) as an \u201cunequivocal statutory command to federal courts not to entertain an application for habeas corpus after the applicant has been denied collateral relief in the Superior Court.\u201d Swain v. Pressley, 430 U.S. 372, 377, 97 S.Ct. 1224, 1227-28, 51 L.Ed.2d 411 (1977) (emphasis in original); see also Garris v. Lindsay, 794 F.2d 722, 725-26 (D.C.Cir.), cert. denied, 479 U.S. 993, 107 S.Ct. 595, 93 L.Ed.2d 595 (1986). Section 23-110(g) is equally unequivocal in commanding the Superior Court not to entertain such an application. This approach is identical to that of 28 U.S.C. \u00a7 2255 (1994), which prohibits the federal courts from entertaining habeas corpus petitions from federal prisoners who have been denied relief under \u00a7 2255. See Swain, supra, 430 U.S. at 377, 97 S.Ct. at 1227-28 (\u201cthe language of \u00a7 23-110(g) was deliberately patterned after 28 U.S.C. \u00a7 2255\u201d) (footnote omitted); Butler v. United States, 388 A.2d 883, 886 n. 5 (D.C.1978) (Sections 23-110 and 2255 are \u201cnearly identical and functionally equivalent ... and we may therefore rely on cases construing the federal [statute]\u201d).\nAlthough \u00a7 23~110(g) permits the Superior Court to entertain habeas corpus petitions if the remedy under \u00a7 23-110 is inadequate or ineffective, appellant alleges no such inadequacy or ineffectiveness, and absolutely none appears to exist on this record. See Swain, supra, 430 U.S. at 384, 97 S.Ct. at 1231 (Court found \u201cno reason to doubt the adequacy of the remedy provided by \u00a7 23-110,\u201d and noted that \u201cits scope is commensurate with habeas corpus relief\u2019). Accordingly, the trial court correctly concluded that it had no authority to entertain appellant\u2019s habeas corpus petition.\nEven to the extent that appellant\u2019s petition might be construed as a second \u00a7 23-110 motion, see Doepel v. United States, 510 A.2d 1044, 1045 (D.C.1986), the trial court did not err in refusing to consider appellant\u2019s claim. We had already rejected the same claim in two separate appeals, and \u201c[i]t is well-settled that where an appellate court has disposed of an issue on appeal, it will not be considered afresh on collateral attack in a trial court of the same judicial system, absent special circumstances.\u201d Id. at 1045-46 (footnote and citations omitted). Moreover, appellant had previously filed a \u00a7 23-110 motion, and the trial court is not \u201crequired to entertain a second or successive motion for similar relief on behalf of the same prisoner.\u201d D.C.Code \u00a7 23-110(e); see Vaughn v. United States, 600 A.2d 96, 97 (D.C.1991) (trial court is under no obligation to consider repeated claims for collateral relief); Hurt v. St. Elizabeths Hospital, 366 A.2d 780, 781 (D.C.1976) (same); Sanders v. United States, 373 U.S. 1, 15-16, 83 S.Ct. 1068, 1077-78, 10 L.Ed.2d 148 (1963) (trial court need not consider a successive \u00a7 2255 motion which, instead of setting forth a new or different ground for relief, merely predicates the same legal claim on new or different factual allegations or legal arguments).\nWe also note that appellant\u2019s inability to bring his latest application for relief as a \u00a7 23-110 motion does not render the remedy under \u00a7 23-110 \u201cinadequate or ineffective\u201d within the meaning of \u00a7 23-110(g), and therefore does not permit the Superior Court or any other court to entertain his petition for a writ of habeas corpus. See Garris, supra, 794 F.2d at 724, 727. \u201cIt is the inefficacy of the [\u00a7 23-110] remedy, not a personal inability to utilize it, that is determinative, and appellant\u2019s difficulty here is simply that his circumstances preclude him from invoking it.\u201d Id.\nThe order appealed from is accordingly\nAffirmed.\n. Appellant was also convicted of second-degree murder while armed, but the trial court subsequently dismissed that count.\n. The statements that appellant made to the police and the circumstances surrounding them are discussed in detail in our 1978 opinion. See Peoples, supra, 395 A.2d at 42-43.\n. Peoples v. United States, No. 90-1176 (D.C. December 20, 1991).\n. Under \u00a7 2255, \"[a]n application for a writ of habeas corpus in behalf of a prisoner who is authorized to apply for relief by motion pursuant to this section, shall not be entertained if it appears ... that the [court which sentenced him] has denied him relief, unless it also appears that the remedy by motion is inadequate or ineffective to test the legality of his detention.\u201d Moreover, \"[t]he remedy [provided for in \u00a7 2255] supplants that of habeas corpus and is exclusive unless it is shown that it is inadequate or ineffective to test the legality of a prisoner\u2019s detention.\u201d Barkan v. United States, 341 F.2d 95, 96 (10th Cir.) (citations omitted), cert. denied, 381 U.S. 940, 85 S.Ct. 1773, 14 L.Ed.2d 703 (1965).\n. Such special circumstances might consist of an intervening change in the relevant law. See Davis v. United States, 417 U.S. 333, 342, 94 S.Ct. 2298, -, 41 L.Ed.2d 109 (1974). When appellant tiled his \u00a7 23-110 motion in 1989, he alleged the intervening change of Edwards v. Arizona, supra. With regard to appellant\u2019s most recent petition, however, he has alleged no special circumstances to justify reconsideration of his claim.",
        "type": "majority",
        "author": "STEADMAN, Associate Judge:"
      }
    ],
    "attorneys": [
      "Bradford P. Johnson, Washington, DC, was on the brief, for appellant.",
      "Eric H. Holder, Jr., United States Attorney, and John R. Fisher, Elizabeth Trosman and Richard E. Dominguez II, Assistant United States Attorneys, were on the brief, for appellee."
    ],
    "corrections": "",
    "head_matter": "Curtis L. PEOPLES, Appellant, v. David ROACH, Appellee.\nNo. 94-SP-337.\nDistrict of Columbia Court of Appeals.\nSubmitted Oct. 20, 1995.\nDecided Dec. 28, 1995.\nBradford P. Johnson, Washington, DC, was on the brief, for appellant.\nEric H. Holder, Jr., United States Attorney, and John R. Fisher, Elizabeth Trosman and Richard E. Dominguez II, Assistant United States Attorneys, were on the brief, for appellee.\nBefore STEADMAN, KING and REID, Associate Judges."
  },
  "file_name": "0700-01",
  "first_page_order": 762,
  "last_page_order": 765
}
