{
  "id": 11330212,
  "name": "In re PAULA F.",
  "name_abbreviation": "In re Paula F.",
  "decision_date": "1996-01-12",
  "docket_number": "",
  "first_page": "759",
  "last_page": "760",
  "citations": [
    {
      "type": "official",
      "cite": "669 A.2d 759"
    }
  ],
  "court": {
    "name_abbreviation": "Me.",
    "id": 9543,
    "name": "Maine Supreme Judicial Court"
  },
  "jurisdiction": {
    "id": 42,
    "name_long": "Maine",
    "name": "Me."
  },
  "cites_to": [],
  "analysis": {
    "cardinality": 235,
    "char_count": 2800,
    "ocr_confidence": 0.727,
    "pagerank": {
      "raw": 4.7984028224979723e-08,
      "percentile": 0.2955615041178597
    },
    "sha256": "9e53ac5f36f01d429b72d7c66fec4a0a96c774d4243ee1f808d93e7915e07cec",
    "simhash": "1:6fe11c23a7147ecf",
    "word_count": 450
  },
  "last_updated": "2023-07-14T15:32:50.201624+00:00",
  "provenance": {
    "date_added": "2019-08-29",
    "source": "Harvard",
    "batch": "2018"
  },
  "casebody": {
    "judges": [
      "Before WATHEN, C.J., and ROBERTS, GLASSMAN, CLIFFORD, RUDMAN, DANA and LIPEZ, JJ."
    ],
    "parties": [
      "In re PAULA F."
    ],
    "opinions": [
      {
        "text": "DANA, Justice.\nThe parents of Paula F. appeal from a judgment of the District Court (Lewiston, Beliveau, J.) terminating their parental rights pursuant to 22 M.R.S.A. \u00a7\u00a7 4050-4058 (1992 & Supp.1994). Contrary to their contention, clear and convincing evidence supports the court\u2019s detailed and careful opinion that the parents are unable and unwilling to take responsibility for their child within a time which is reasonably calculated to meet her needs, that they are unable to protect her from jeopardy, that these circumstances are unlikely to change within a time which is reasonably calculated to meet her needs, and that termination is in her best interest. We affirm the judgment.\nPaula was removed from her home after allegations of physical and sexual abuse. The mother subsequently entered a plea of guilty to a charge of assault. Notwithstanding the mother\u2019s plea and the physical evidence supporting Paula\u2019s charge of sexual abuse by a friend of the mother\u2019s, both parents continue to deny the mother\u2019s assault or their daughter\u2019s allegations of abuse. Additionally, over the two-year period Paula had been in a foster home, the parents missed 27 of 59 scheduled visits and repeatedly failed to telephone their daughter at the prearranged time. Additionally, they missed many individual and joint therapy sessions and parenting classes. Their only real improvement in this regard seems to have occurred after this proceeding was commenced.\nPaula was described as the most difficult child that her foster mother had ever worked with. Paula was her thirty-seventh foster child. After two years in her foster home Paula is beginning to recover from the psychological damage suffered during her first six years of life, is bonding to her foster siblings, and is doing well in school.\nAs the trial court found:\nThe evidence is clear, and this Court concludes that the [parents\u2019] method of discipline and caring for Paula when she was with them was horrendous. They neglected her, had no concept of her needs, locked her in her room, and did not listen to her when she complained of the physical and sexual abuse that she had been subjected to. This Court maintains and concludes that Paula can no longer wait for her parents to reunify with her nor can she wait for them to rehabilitate themselves.\nThe entry is:\nJudgment affirmed.\nAll concurring.",
        "type": "majority",
        "author": "DANA, Justice."
      }
    ],
    "attorneys": [
      "Mark A. Randlett, Peters & Randlett, Lewiston, and N. Paul Gauvreau, Lewiston, for Appellants.",
      "Andrew Ketterer, Attorney General, Peter J. Malia, Christina M. Hall, Assistant Attorneys General, Augusta, and Michelle A. Small, G.A.L., Auburn, for Appellees."
    ],
    "corrections": "",
    "head_matter": "In re PAULA F.\nSupreme Judicial Court of Maine.\nSubmitted on Briefs Oct. 11, 1995.\nDecided Jan. 12, 1996.\nMark A. Randlett, Peters & Randlett, Lewiston, and N. Paul Gauvreau, Lewiston, for Appellants.\nAndrew Ketterer, Attorney General, Peter J. Malia, Christina M. Hall, Assistant Attorneys General, Augusta, and Michelle A. Small, G.A.L., Auburn, for Appellees.\nBefore WATHEN, C.J., and ROBERTS, GLASSMAN, CLIFFORD, RUDMAN, DANA and LIPEZ, JJ."
  },
  "file_name": "0759-01",
  "first_page_order": 821,
  "last_page_order": 822
}
