{
  "id": 11470994,
  "name": "In the Matter of Richard S. GONICK",
  "name_abbreviation": "In re Gonick",
  "decision_date": "2000-01-20",
  "docket_number": "No. 551 Disciplinary Docket No. 3",
  "first_page": "564",
  "last_page": "564",
  "citations": [
    {
      "type": "official",
      "cite": "746 A.2d 564"
    }
  ],
  "court": {
    "name_abbreviation": "Pa.",
    "id": 8832,
    "name": "Supreme Court of Pennsylvania"
  },
  "jurisdiction": {
    "id": 6,
    "name_long": "Pennsylvania",
    "name": "Pa."
  },
  "cites_to": [],
  "analysis": {
    "cardinality": 84,
    "char_count": 957,
    "ocr_confidence": 0.619,
    "sha256": "b8f91bbcc9aa741658e2e22110a83bb8623496b8b9132b9f35370f34d2860cb1",
    "simhash": "1:331c6932cad32764",
    "word_count": 160
  },
  "last_updated": "2023-07-14T15:33:09.229502+00:00",
  "provenance": {
    "date_added": "2019-08-29",
    "source": "Harvard",
    "batch": "2018"
  },
  "casebody": {
    "judges": [],
    "parties": [
      "In the Matter of Richard S. GONICK."
    ],
    "opinions": [
      {
        "text": "ORDER\nPER CURIAM:\nAND NOW, this 20th day of January, 2000, Richard S. Gonick having been suspended for an indefinite period of time from the practice of law in the Commonwealth of Massachusetts by Order of the Massachusetts Supreme Judicial Court for Suffolk County entered July 23, 1999; the said Richard S. Gonick having been directed on November 22, 1999, to inform this Court of any claim he has that the imposition of the identical or comparable discipline in this Commonwealth would be unwarranted and the reasons therefor; and no response having been filed, it is\nORDERED that Richard S. Gonick is suspended from the practice of law in this Commonwealth consistent with the Order of the Massachusetts Supreme Judicial Court for Suffolk County entered July 23, 1999, and he shall comply with all the provisions of Rule 217, Pa.R.D.E.",
        "type": "majority",
        "author": "PER CURIAM:"
      }
    ],
    "attorneys": [],
    "corrections": "",
    "head_matter": "In the Matter of Richard S. GONICK.\nNo. 551 Disciplinary Docket No. 3.\nSupreme Court of Pennsylvania.\nJan. 20, 2000."
  },
  "file_name": "0564-01",
  "first_page_order": 604,
  "last_page_order": 604
}
