{
  "id": 11562719,
  "name": "AWACS, INC., d/b/a Comcast Metrophone, Appellant, v. ZONING HEARING BOARD OF NEWTOWN TOWNSHIP, DELAWARE COUNTY, and Rose Marie Tittermary, Appellees",
  "name_abbreviation": "AWACS, Inc. v. Zoning Hearing Board",
  "decision_date": "1999-11-08",
  "docket_number": "",
  "first_page": "159",
  "last_page": "159",
  "citations": [
    {
      "type": "official",
      "cite": "739 A.2d 159"
    }
  ],
  "court": {
    "name_abbreviation": "Pa.",
    "id": 8832,
    "name": "Supreme Court of Pennsylvania"
  },
  "jurisdiction": {
    "id": 6,
    "name_long": "Pennsylvania",
    "name": "Pa."
  },
  "cites_to": [
    {
      "cite": "705 A.2d 427",
      "category": "reporters:state_regional",
      "reporter": "A.2d",
      "case_ids": [
        11867052,
        281135
      ],
      "year": 1997,
      "opinion_index": 0,
      "case_paths": [
        "/a2d/705/0427-01",
        "/pa/550/0266-01"
      ]
    },
    {
      "cite": "550 Pa. 266",
      "category": "reporters:state",
      "reporter": "Pa.",
      "case_ids": [
        281135
      ],
      "year": 1997,
      "opinion_index": 0,
      "case_paths": [
        "/pa/550/0266-01"
      ]
    }
  ],
  "analysis": {
    "cardinality": 76,
    "char_count": 661,
    "ocr_confidence": 0.673,
    "pagerank": {
      "raw": 4.03580807328026e-08,
      "percentile": 0.2415544303934322
    },
    "sha256": "ae258afd6e8256d2e6d398695c905d2215a12b3e76bc3cfe361e2c799dd3cf48",
    "simhash": "1:0a159a23c52b83a4",
    "word_count": 100
  },
  "last_updated": "2024-02-27T21:17:40.177877+00:00",
  "provenance": {
    "date_added": "2019-08-29",
    "source": "Harvard",
    "batch": "2018"
  },
  "casebody": {
    "judges": [
      "Before FLAHERTY, C.J., and ZAPPALA, CAPPY, CASTILLE, NIGRO, NEWMAN and SAYLOR, JJ."
    ],
    "parties": [
      "AWACS, INC., d/b/a Comcast Metrophone, Appellant, v. ZONING HEARING BOARD OF NEWTOWN TOWNSHIP, DELAWARE COUNTY, and Rose Marie Tittermary, Appellees."
    ],
    "opinions": [
      {
        "text": "ORDER\nPER CURIAM:\nOrder of Commonwealth Court affirmed. See Crown Communications v. Zoning Hearing Board of Borough of Glenfield, 550 Pa. 266, 705 A.2d 427 (1997).",
        "type": "majority",
        "author": "PER CURIAM:"
      }
    ],
    "attorneys": [
      "Randall C. Schauer, West Chester, Timothy F. Rayne, Kennett Square, for AWACS, Inc.",
      "John A. Prodoehl, Jr., Media, for Rose Marie Tittermary.",
      ".Bruce A. Irvine, Media, for Zoning Hearing Bd."
    ],
    "corrections": "",
    "head_matter": "AWACS, INC., d/b/a Comcast Metrophone, Appellant, v. ZONING HEARING BOARD OF NEWTOWN TOWNSHIP, DELAWARE COUNTY, and Rose Marie Tittermary, Appellees.\nSupreme Court of Pennsylvania.\nArgued Oct. 20, 1999.\nDecided Nov. 8, 1999.\nRandall C. Schauer, West Chester, Timothy F. Rayne, Kennett Square, for AWACS, Inc.\nJohn A. Prodoehl, Jr., Media, for Rose Marie Tittermary.\n.Bruce A. Irvine, Media, for Zoning Hearing Bd.\nBefore FLAHERTY, C.J., and ZAPPALA, CAPPY, CASTILLE, NIGRO, NEWMAN and SAYLOR, JJ."
  },
  "file_name": "0159-01",
  "first_page_order": 219,
  "last_page_order": 219
}
