{
  "id": 7875089,
  "name": "Debro Siddiq ABDUL-AKBAR, Plaintiff Below-Appellant, v. Karen WASHINGTON-HALL, Defendant Below-Appellee",
  "name_abbreviation": "Abdul-Akbar v. Washington-Hall",
  "decision_date": "1994-11-07",
  "docket_number": "No. 382, 1994",
  "first_page": "808",
  "last_page": "809",
  "citations": [
    {
      "type": "official",
      "cite": "649 A.2d 808"
    }
  ],
  "court": {
    "name_abbreviation": "Del.",
    "id": 9322,
    "name": "Delaware Supreme Court"
  },
  "jurisdiction": {
    "id": 8,
    "name_long": "Delaware",
    "name": "Del."
  },
  "cites_to": [
    {
      "cite": "440 A.2d 990",
      "category": "reporters:state_regional",
      "reporter": "A.2d",
      "case_ids": [
        7946409,
        7946331
      ],
      "year": 1982,
      "pin_cites": [
        {
          "page": "991"
        }
      ],
      "opinion_index": 0,
      "case_paths": [
        "/a2d/440/0990-02",
        "/a2d/440/0990-01"
      ]
    }
  ],
  "analysis": {
    "cardinality": 177,
    "char_count": 2310,
    "ocr_confidence": 0.672,
    "pagerank": {
      "raw": 4.351389287593408e-08,
      "percentile": 0.27335879427719534
    },
    "sha256": "aa3b251e7ba0671abfb36df0cad650cf568910f078fa0b31de708f788d0d26b3",
    "simhash": "1:4127f8ed23e8252a",
    "word_count": 356
  },
  "last_updated": "2024-02-27T20:41:00.686443+00:00",
  "provenance": {
    "date_added": "2019-08-29",
    "source": "Harvard",
    "batch": "2018"
  },
  "casebody": {
    "judges": [
      "Before VEASEY, C.J., HOLLAND, and BERGER, JJ."
    ],
    "parties": [
      "Debro Siddiq ABDUL-AKBAR, Plaintiff Below-Appellant, v. Karen WASHINGTON-HALL, Defendant Below-Appellee."
    ],
    "opinions": [
      {
        "text": "HOLLAND, Justice:\nOn August 23, 1994, plaintiff-appellant, Debro Siddiq Abdul-Akbar (\u201cAbdul-Akbar\u201d), filed a motion in the Superior Court for a writ of mandamus and injunctive relief, and a complaint under the State Tort Claims Act. The defendant-appellee, Karen Washington-Hall, is a counselor in a drug treatment and rehabilitation program, called the Key Program, which is sponsored by the Department of Corrections. She is represented in this appeal by the Department of Justice (\u201cthe State\u201d). Abdul-Akbar is an incarcerated individual who allegedly was denied admittance into the Key Program.\nAbdul-Akbar did not pay the requisite fees upon filing his writs and complaint in the Superior Court, but instead requested to proceed in forma pauperis. On August 29, 1994, the Superior Court denied Abdul-Akbar\u2019s application to proceed informa pauper-is because his writs and complaint, on their face, failed to state a claim that would entitle him to the relief he requested. On September 12, 1994, Abdul-Akbar filed a petition for reconsideration of the August 29 Order, which the Superior Court denied on September 28.\nAbdul-Akbar now appeals the Superior Court\u2019s Order denying his petition for reconsideration. The State has moved to dismiss the appeal, pursuant to Supreme Court Rule 29(b), on the ground that Abdul-Akbar is seeking review of an unappealable interlocutory order. We agree.\nThe denial of a petition to proceed in forma pauperis is an interlocutory order for which appellate review is available only upon compliance with Supreme Court Rule 42. This Court requires strict compliance with Rule 42 whenever a party seeks review of an interlocutory order in a civil case. Julian v. State, Del.Supr., 440 A.2d 990, 991 (1982). Abdul-Akbar\u2019s failure to comply with Rule 42 in any respect requires dismissal of this appeal.\nNOW, THEREFORE, IT IS ORDERED pursuant to Supreme Court Rule 29(b) that the within appeal be, and the same hereby is,\nDISMISSED.",
        "type": "majority",
        "author": "HOLLAND, Justice:"
      }
    ],
    "attorneys": [
      "Debro Siddiq Abdul-Akbar, pro se.",
      "Richard E. Fairbanks, Jr., Deputy Atty. Gen., Wilmington, defendant."
    ],
    "corrections": "",
    "head_matter": "Debro Siddiq ABDUL-AKBAR, Plaintiff Below-Appellant, v. Karen WASHINGTON-HALL, Defendant Below-Appellee.\nNo. 382, 1994.\nSupreme Court of Delaware.\nSubmitted: Oct. 27, 1994.\nDecided: Nov. 7, 1994.\nDebro Siddiq Abdul-Akbar, pro se.\nRichard E. Fairbanks, Jr., Deputy Atty. Gen., Wilmington, defendant.\nBefore VEASEY, C.J., HOLLAND, and BERGER, JJ."
  },
  "file_name": "0808-01",
  "first_page_order": 888,
  "last_page_order": 889
}
