{
  "id": 9291616,
  "name": "WEST PITTSBURGH PARTNERSHIP on behalf of the WEHAV GOVERNING COMMISSION, Fraternal Order of Police Fort Pitt Lodge No. 1 and Alan Hertzberg v. Robert McNEILLY, Tom Murphy and the City of Pittsburgh Appeal of West Pittsburgh Partnership on behalf of WEHAV Governing Commission and Alan Hertzberg",
  "name_abbreviation": "West Pittsburgh Partnership ex rel. WEHAV Governing Commission v. McNeilly",
  "decision_date": "2004-01-08",
  "docket_number": "",
  "first_page": "498",
  "last_page": "506",
  "citations": [
    {
      "type": "official",
      "cite": "840 A.2d 498"
    }
  ],
  "court": {
    "name_abbreviation": "Pa. Commw. Ct.",
    "id": 11887,
    "name": "Commonwealth Court of Pennsylvania"
  },
  "jurisdiction": {
    "id": 6,
    "name_long": "Pennsylvania",
    "name": "Pa."
  },
  "cites_to": [
    {
      "cite": "389 Pa.Super. 219",
      "category": "reporters:state",
      "reporter": "Pa. Super.",
      "case_ids": [
        474494
      ],
      "weight": 2,
      "year": 1989,
      "pin_cites": [
        {
          "page": "1217, n. 1"
        }
      ],
      "opinion_index": 0,
      "case_paths": [
        "/pa-super/389/0219-01"
      ]
    },
    {
      "cite": "836 A.2d 42",
      "category": "reporters:state_regional",
      "reporter": "A.2d",
      "case_ids": [
        630394,
        9295547
      ],
      "year": 2003,
      "pin_cites": [
        {
          "page": "46-47"
        }
      ],
      "opinion_index": 0,
      "case_paths": [
        "/pa/575/0264-01",
        "/a2d/836/0042-01"
      ]
    },
    {
      "cite": "400 Pa.Super. 456",
      "category": "reporters:state",
      "reporter": "Pa. Super.",
      "case_ids": [
        888180
      ],
      "weight": 2,
      "year": 1990,
      "opinion_index": 0,
      "case_paths": [
        "/pa-super/400/0456-01"
      ]
    },
    {
      "cite": "400 Pa.Super. 432",
      "category": "reporters:state",
      "reporter": "Pa. Super.",
      "case_ids": [
        888178
      ],
      "weight": 2,
      "year": 1990,
      "opinion_index": 0,
      "case_paths": [
        "/pa-super/400/0432-01"
      ]
    },
    {
      "cite": "400 Pa.Super. 408",
      "category": "reporters:state",
      "reporter": "Pa. Super.",
      "case_ids": [
        888146
      ],
      "weight": 2,
      "year": 1990,
      "opinion_index": 0,
      "case_paths": [
        "/pa-super/400/0408-01"
      ]
    },
    {
      "cite": "313 Pa.Super. 332",
      "category": "reporters:state",
      "reporter": "Pa. Super.",
      "case_ids": [
        214829
      ],
      "weight": 2,
      "year": 1983,
      "opinion_index": 0,
      "case_paths": [
        "/pa-super/313/0332-01"
      ]
    },
    {
      "cite": "594 A.2d 796",
      "category": "reporters:state_regional",
      "reporter": "A.2d",
      "case_ids": [
        1417597
      ],
      "year": 1991,
      "pin_cites": [
        {
          "page": "800"
        }
      ],
      "opinion_index": 0,
      "case_paths": [
        "/pa-commw/140/0559-01"
      ]
    },
    {
      "cite": "828 A.2d 995",
      "category": "reporters:state_regional",
      "reporter": "A.2d",
      "case_ids": [
        9107810,
        197230
      ],
      "weight": 3,
      "year": 2003,
      "pin_cites": [
        {
          "page": "1001"
        },
        {
          "page": "1001",
          "parenthetical": "citations omitted"
        }
      ],
      "opinion_index": 0,
      "case_paths": [
        "/a2d/828/0995-01",
        "/pa/573/0637-01"
      ]
    },
    {
      "cite": "573 Pa. 637",
      "category": "reporters:state",
      "reporter": "Pa.",
      "case_ids": [
        197230
      ],
      "year": 2003,
      "pin_cites": [
        {
          "page": "646"
        }
      ],
      "opinion_index": 0,
      "case_paths": [
        "/pa/573/0637-01"
      ]
    },
    {
      "cite": "408 Pa.Super. 54",
      "category": "reporters:state",
      "reporter": "Pa. Super.",
      "case_ids": [
        1163276
      ],
      "weight": 2,
      "year": 1991,
      "pin_cites": [
        {
          "page": "191, n. 6"
        }
      ],
      "opinion_index": 0,
      "case_paths": [
        "/pa-super/408/0054-01"
      ]
    },
    {
      "cite": "711 A.2d 1003",
      "category": "reporters:state_regional",
      "reporter": "A.2d",
      "case_ids": [
        11829644,
        507895
      ],
      "year": 1998,
      "opinion_index": 0,
      "case_paths": [
        "/a2d/711/1003-01",
        "/pa/551/0552-01"
      ]
    },
    {
      "cite": "551 Pa. 552",
      "category": "reporters:state",
      "reporter": "Pa.",
      "case_ids": [
        507895
      ],
      "year": 1998,
      "opinion_index": 0,
      "case_paths": [
        "/pa/551/0552-01"
      ]
    },
    {
      "cite": "664 A.2d 181",
      "category": "reporters:state_regional",
      "reporter": "A.2d",
      "case_ids": [
        7863351
      ],
      "pin_cites": [
        {
          "page": "183"
        }
      ],
      "opinion_index": 0,
      "case_paths": [
        "/a2d/664/0181-01"
      ]
    }
  ],
  "analysis": {
    "cardinality": 985,
    "char_count": 22425,
    "ocr_confidence": 0.699,
    "pagerank": {
      "raw": 9.157786812253659e-08,
      "percentile": 0.5083817627977538
    },
    "sha256": "f5889bfdb18653e5ca8d7c2306f431bd673264be772ba6b62b7c5bee39229e41",
    "simhash": "1:b8828efbb32931af",
    "word_count": 3608
  },
  "last_updated": "2024-02-27T21:14:21.960832+00:00",
  "provenance": {
    "date_added": "2019-08-29",
    "source": "Harvard",
    "batch": "2018"
  },
  "casebody": {
    "judges": [
      "BEFORE: LEADBETTER, J., and LEAVITT, J., and JIULIANTE, Senior Judge."
    ],
    "parties": [
      "WEST PITTSBURGH PARTNERSHIP on behalf of the WEHAV GOVERNING COMMISSION, Fraternal Order of Police Fort Pitt Lodge No. 1 and Alan Hertzberg v. Robert McNEILLY, Tom Murphy and the City of Pittsburgh Appeal of West Pittsburgh Partnership on behalf of WEHAV Governing Commission and Alan Hertzberg."
    ],
    "opinions": [
      {
        "text": "OPINION BY\nJudge LEADBETTER.\nWest Pittsburgh Partnership for Regional Development (WP Partnership), a community development corporation acting on behalf of the neighborhood improvement district, known as West End Home Assurance Value (WE-HAV), and Alan D. Hertzberg, a Pittsburgh City Councilman, appeal from the order of the Court of Common Pleas of Allegheny County (common pleas). Common pleas denied their petition for a preliminary injunction and dismissed two of the three Counts of their complaint. We affirm the denial of the preliminary injunction. Inasmuch as the dismissal of two Counts of the complaint does not dispose of all claims against all parties, that ruling does not qualify as a final order under Pa. R.A.P. 341(b) and, therefore, we do not review that determination at this time.\nWP Partnership, on behalf of WE-HAV, along with the Fraternal Order of Police Fort Pitt Lodge No. 1 and Councilman Hertzberg filed the present action for an injunction prohibiting the City of Pittsburgh (City), its Mayor, Tom Murphy, and Chief of Police, Robert McNeilly, from closing the Zone 4 police station. The plaintiffs contend that the closure of the police station violates a duty imposed under the Neighborhood Improvement District Act (Act), the Act of December 20, 2000, P.L. 949, \u00a7\u00a7 1 \u2014 10, 73 P.S. \u00a7\u00a7 831\u2014 840, and under a memorandum of understanding between the City and WP Partnership on behalf of WE-HAV.\nThe Act authorizes and regulates the creation and operation of neighborhood improvement districts for the purpose of enhancing neighborhood safety, employment and economic stability and growth. Under the Act, a municipality, its businesses, its residents or a combination thereof may establish a neighborhood improvement district. Section 5, 73 P.S. \u00a7 835. The municipality is vested with the power to designate a newly created or an existing community development corporation with authority to administer a neighborhood improvement district. Section 4, 73 P.S. \u00a7 834. Based on this power, the City Council passed Resolution No. 478 (a.k.a. Council Bill No. 5 of 2002) creating a neighborhood improvement district in Pittsburgh\u2019s western neighborhoods, as specifically delineated on an attached map, and appointed WP Partnership as the Neighborhood Improvement District Management Association.\nThe Act permits municipalities to establish by local ordinance \u201cthe type of assessment-based programs most consistent with neighborhood needs, goals and objectives as determined and expressed by property owners in the designated district.\u201d Section 2(4), 73 P.S. \u00a7 832(4). Pursuant to this .directive and the resolution, the City designated WE-HAV to operate a program, described by common pleas as:\n[A] type of community collective insurance against depreciating home values. Owner/occupants of residential properties within the NID [neighborhood improvement district] may (after paying an annual $20 assessment fee, obtaining an approved appraisal of the value of their home, and satisfying certain additional conditions for at least five years), draw monies from a \u201cguarantee fund\u201d in the event they sell their home for less than the appraised value.\nWest Pittsburgh Partnership v. City of Pittsburgh (No. GD03-16443, op. filed October 28, 2003) at 3. In addition, the resolution authorized the City to enter an agreement, as required under the Act, detailing the respective duties and responsibilities of the City and WP Partnership. Accordingly, the City and WP Partnership executed a memorandum of understanding, which in pertinent part contained a provision required under Section 5(C)(3)(iv) of the Act, 73 P.S. \u00a7 835(C)(3)(iv), as follows:\nThe City agrees to maintain the same level of municipal programs and services provided within the district prior to' the establishment of the WE-HAV program.\nOn August 18, 2003, approximately three months after the parties signed the memorandum of understanding, the City announced its intent to close the Zone 4 police station, one of six stations serving the City. The Zone 4 station was located just outside the border of the mapped boundaries of the WE-HAV neighborhood improvement district and primarily provided service to that neighborhood. The City declared that, as of August 29, the delivery of services based at the Zone 4 station would merge with those based at the Zone 3 station, which would survive the reorganization. According to Councilman Hertz-berg, the Zone 3 station is located approximately two to three miles away from the Zone 4 station, nearer to the south side neighborhoods than to the properties within the WE-HAV district.\nPlaintiffs filed their complaint on August 25 seeking to enjoin closure of the station on the ground that its closure would result in decreased police service in the WE-HAV district, thereby breaching the City\u2019s contract and statutory duty to maintain programs and services as those existing prior to the establishment of the district. In conjunction with their action, plaintiffs petitioned for a preliminary injunction and they requested that common pleas either schedule a hearing thereon prior to the planned closure on August 25 or, without a hearing, grant a special injunction. Common pleas denied these requests and a hearing on the preliminary injunction convened on September 19; meanwhile the City closed the station as planned. The day before the hearing, defendants moved for judgment on the pleadings as to Count II, asserting a claim by the Fraternal Order of Police Fort Pitt Lodge No. l(FOP), and Count III, asserting a claim by Councilman Hertzberg. Following the \u00a1hearing, common pleas concluded that the station\u2019s closure imposed no immediate and irreparable harm, plaintiffs\u2019 interests in preventing the closure did not outweigh the risk of harm to the City at large if the court interfered with the plan for reorganizing police services, and the likelihood of success on the merits of the claim appeared questionable. In addition, common pleas concluded that the FOP and Councilman Hertzberg had no standing to challenge the closing of the station and, therefore, the court granted judgment on the pleadings as to Counts II and III. Thereafter, WP Partnership, WE-HAV and Hertzberg filed the present appeal, challenging the denial of the preliminary objection and the dismissal of Count III.\nThe order from which this appeal is taken encompasses a ruling on the preliminary injunction, which is immediately appealable under Pa. R.A.P. 311(a)(4), and a judgment on some but not all Counts of the complaint, which does not satisfy the criteria defining a final and appealable order under Pa. R.A.P. 341(b). As such, the order presents an initial question as to its appealability, and because the answer to this question goes to our jurisdiction, we may raise the issue sua sponte. Contact II, Inc. v. State Horse Racing Comm\u2019n, 664 A.2d 181, 183 (Pa.Cmwlth.1995). Initially, we note that no sound rationale justifies construing the disposition of Counts II and III as final and appealable simply because common pleas dismissed those Counts in the same order in which it denied the preliminary injunction. The single order on appeal here amounts to two separate decisions, the appealability of which we would determine separately had each decision been the subject of a separate order.\nRule 341(b) defines a \u201cfinal order,\u201d as any order that disposes of all claims and of all parties; or that is expressly defined as a final order by statute; or that is entered as a final order pursuant to subdivision (c) of the Rule. Subdivision (c) provides a mechanism for the trial court to deem as final an order disposing of fewer than all claims or all parties if an immediate appeal would facilitate resolution of the entire case. The present entry of partial judgment on the pleadings does not qualify as a final order under any statutory provision and a determination of finality by common pleas under subsection (c) was neither sought nor warranted. Consequently, we consider only the first criteria calling for a ruling that disposes of all claims against all parties. With respect to that criteria, we note that the Supreme Court established that definition of finality in 1992, when it rescinded the former Rule 341 and adopted the current version in order to establish a bright line definition and to eliminate the case-by-case analysis that had evolved prior to that time, when common law doctrines defined what constituted a \u201cfinal order.\u201d Contact II, Inc. at 183. It is now well established that an order dismissing an action as to fewer than all plaintiffs is not a final order. See Id.. See also Note accompanying Pa. R.A.P. 341. For this reason, we hold that, insofar as common pleas granted judgment on the pleadings in favor of defendants as to Counts II and III and dismissed those Counts but left for later litigation the claim in Count I asserted by WP Partnership, that portion of the order is not final.\nOur conclusion in this respect is not affected by our Supreme Court\u2019s decision in Wynnewood Development, Inc. v. Bank and Trust Co., 551 Pa. 552, 711 A.2d 1003 (1998). In Wynnewood, the Court ruled that the dismissal of the portion of a complaint requesting injunctive relief, but leaving for trial a separate request- for compensatory damages, constitutes an interlocutory order appealable as of right pursuant to Pa. R.A.P. 311(a)(4). The Court reasoned that when common pleas, in an action for the breach of a real estate sales agreement, granted partial summary judgment in favor of the defendant as to all claims seeking injunctive relief, the court had denied an injunction. The same conclusion cannot apply in the present case because all three Counts of the complaint seek the same injunctive relief and so the continued viability of Count I preserves a claim for the same injunctive relief requested in the dismissed Counts. Hence, we cannot conclude that common pleas\u2019 order dismissing Counts II and III effects a denial of permanent injunctive relief so as to trigger the allowance of an interlocutory appeal under Rule 311(a)(4).\nHowever, common pleas\u2019 denial of the request for a preliminary injunction is appealable as of right under Rule 811(a)(4). Thermo-Guard, Inc. v. Cochran, 408 Pa.Super. 54, 596 A.2d 188, 191, n. 6 (1991). In reviewing common pleas decision to deny preliminary injunctive relief, we apply a highly deferential standard of review that looks to whether \u201cthe record reveals that \u2018any apparently reasonable grounds\u2019 support the trial court\u2019s disposition of the preliminary injunction request.\u201d Summit Towne Centre, Inc. v. Shoe Show, 573 Pa. 637, 646, 828 A.2d 995, 1001 (2003). \u201cIn ruling on a preliminary injunction request, a trial court has \u2018apparently reasonable grounds\u2019 for its denial of relief where it properly finds that any one of the following \u2018essential prerequisites\u2019 for a preliminary injunction is not satisfied.\u201d Id. Our Supreme Court has set forth the essential prerequisites, as follows:\nFirst, a party seeking a preliminary injunction must show that an injunction is necessary to prevent immediate and irreparable harm that cannot be adequately compensated by damages. Second, the party must show that greater injury would result from refusing an injunction than from granting it, and, concomitantly, that issuance of an injunction will not substantially harm other interested parties in the proceedings. Third, the party must show that a preliminary injunction will properly restore the parties to their status as it existed immediately prior to the alleged wrongful conduct. Fourth, the party seeking an injunction must show that the activity it seeks to restrain is actionable, that its right to relief is clear, and that the wrong is manifest, or, in other words, must show that it is likely to prevail on the merits. Fifth, the party must show that the injunction it seeks is reasonably suited to abate the offending activity. Sixth and finally, the party seeking an injunction must show that a preliminary injunction will not adversely affect the public interest.\nId. at 647, 828 A.2d at 1001 (citations omitted). In the present case, common pleas deemed the evidence insufficient to establish these prerequisites and our review discloses no error in that assessment.\nWith respect to the first requirement, common pleas, after summarizing the testimony by WE-HAV\u2019s witnesses, opined that:\nWE-HAV generally asserts immediate and irreparable harm in the nature of increased risk of crime as a result of a decrease in police protection associated with the closure of the Zone 4 station. However, this court is unable to conclude that the evidence presented to demonstrate the alleged immediate and irreparable harm asserted by WE-HAV was anything other than speculative.... [T]he plaintiffs did not offer any direct or empirical evidence of the actual affect [sic] of the closure of the Zone 4 station upon the level of police services generally in the community.... This court does not intend to appear dismissive of the valid concerns of the citizens of the affected West End neighborhoods; however, the evidence and testimony presented to this court, while clearly representing the heartfelt beliefs of the witnesses, and while quite likely reflective of the concerns of many other citizens of the West End neighborhoods, simply does not in this court\u2019s judgment, establish immediate and irreparable harm.\nWest Pittsburgh Partnership, common pleas op. at 7, 9, 10-11. WE-HAV now argues that the decreased \u201cpolice presence\u201d resulting from closure of the station violates the statutory mandate to maintain services and, as a violation of the statute, constitutes per se an irreparable harm. Inasmuch as we cannot logically equate a subjective perception of decreased \u201cpolice presence\u201d with a failure to maintain police services as required by Section 5(C)(3)(iv) of the Act, we perceive no merit in WE-HAVs argument. Having failed to satisfy the first requirement, WE-HAV cannot prevail in its request for a preliminary injunction and further analysis of the remaining elements is unnecessary.\nNevertheless, common pleas determined: that enjoining the closure of the station would be detrimental to the Police Department\u2019s ability to reorganize in a manner that maintains adequate service throughout the City, thereby presenting an adverse public impact; and, that WE-HAV failed to establish a clear likelihood that it would prevail on the merits. These factors present additional reasonable grounds for the denial of the requested injunction.\nBased on common pleas\u2019 sound analysis, we affirm the denial of a preliminary injunction.\nORDER\nAND NOW, this 8th day of January, 2004, the order of the Court of Common Pleas of Allegheny County denying a preliminary injunction in the above captioned matter is hereby AFFIRMED. The appeal from the order of Common Pleas dismissing Count III of the complaint is hereby QUASHED.\n. Section 2 of the Act describes the purpose, in pertinent part, as follows:\n[IJnitiate and administer programs to promote and enhance more attractive and safer commercial, industrial, residential and mixed-use neighborhoods; economic growth; increased employment opportunities; and improved commercial, industrial, business districts and business climates.\n73 P.S. \u00a7 832(3).\n. In its brief to our court, WP Partnership identifies the neighborhoods within the district as follows: Crafton Heights, Chartiers City, Ridgmont, West End (excluding South Main Street and Wabash Avenue), Elliott, Westwood, Oakwood, Esp\u00eden, Sheraden, Fair-ywood, East Carnegie and Windgap.\n.Section 5(C) lists the particular requirements for the neighborhood improvement district plan and in particular subsection (3) directs that the plan:\n(ii) Require that a written agreement be signed by the municipal corporation and the NIDMA [neighborhood improvement district management association] describing in detail their respective duties and responsibilities.\n(iv) Require in the agreement between the municipal corporation and the NIDMA that the municipality must maintain the same level of municipal programs and services provided within the NID before NID designation as after NID designation.\n73 P.S. \u00a7 835(C)(3)(ii) and (iv).\n. Rule 311 (a)(4) provides:\n(a) General Rule. An appeal may be taken as of right and without reference to Pa. R.A.P. 341(c) [concerning final orders] from (4) Injunctions. An \u25a0 order granting, continuing, modifying, refusing or dissolving injunctions, except for injunctions pursuant to Sections 3323(f) and 3505(a) of the Divorce Code, 23 Pa.C.S. 3323(f) and 3505(a). A decree nisi granting or denying an injunction is not appealable as of right under this rule, unless the decree nisi (i) grants an injunction effective upon entry of a decree nisi or (ii) dissolves a previously granted preliminary injunction effective upon the entry of a decree nisi.\nPa. R.A.P. 311(a)(4).\n. We note that each of the decisions should have been set forth in a separate document as required under Pa R.A.P. 301(b). However, the failure to do so is a waivable defect that does not impair our jurisdiction. See Parents Against Abuse v. Williamsport Area Sch. Dist., 140 Pa.Cmwlth. 559, 594 A.2d 796, 800 (1991).\n. Prior to the adoption of the current version of Rule 341, the Rule provided as follows:\nFinal Orders Generally\n(a) General Rule. Except as prescribed in Subdivisions (b) and (c) of this rule, tin appeal may be taken as of right from any final order of an administrative agency or lower court.\n(b) Superior Court and Commonwealth Court orders. Except as prescribed by Rule 1101 (appeals as of right from Commonwealth Court) no appeal may be taken as of right from any final order of the Superior Court or of the Commonwealth Court.\n(c)Criminal orders. An appeal may be taken by the Commonwealth from any final order in a criminal matter only in the circumstances provided by law.\nPa. R.A.P. 341 (Purdons 1990). The common law regarding what constituted a final order under the pre-1992 version of Rule 341 is set forth in Praisner v. Stocker, 313 Pa.Super. 332, 459 A.2d 1255 (1983) and the problems arising in its application are well illustrated in Motheral v. Burkhart, 400 Pa.Super. 408, 583 A.2d 1180 (1990); Trackers Raceway v. Comstock Agency, 400 Pa.Super. 432, 583 A.2d 1193 (1990) and Garofolo v. Shah, 400 Pa.Super. 456, 583 A.2d 1205 (1990).\n.The Note following Rule 341 states, in pertinent part:\nThe 1992 amendment generally eliminates appeals as of right under Rule 341 from orders not ending the litigation as to all claims and as to all parties. Formerly, there was case law that orders not ending the litigation as to all claims and all parties are final orders if such orders have the practical consequence of putting a litigant out of court.\nThe following is a partial list of orders previously interpreted by the courts as ap-pealable as final orders under Rule 341 that are no longer appealable as of right unless the trial court or administrative agency makes an express determination that an immediate appeal would facilitate resolution of the entire case and expressly enters a final order pursuant to Rule 341(c):\n(4) An order dismissing an action as to less than all plaintiffs or as to less than all defendants but leaving pending the action as to other plaintiffs and other defendants;\n. In response to our order directing the parties to address the appealability of the dismissal of Count III, Councilman Hertzberg contended at oral argument that the collateral order doctrine rendered the dismissal of that Count appealable under Pa. R.A.P. 313. Rule 313 permits an appeal of right from a collateral order and defines such an order as \"an order separable from and collateral to the main cause of action where the right involved is too important to be denied review and the question presented is such that if review is postponed until final judgment in the case, the claim will be irreparably lost.\u201d Our Supreme Court recently said that:\nlT]he collateral order doctrine is a specialized, practical application of the general rule that only final orders are appealable as of right. Thus, Rule 313 must be interpreted narrowly, and the requirements for an appealable collateral order remain stringent in order to prevent undue corrosion of the final order rule. To that end, each prong of the collateral order doctrine must be clearly present before an order may be considered collateral.\nMelvin v. Doe, \u2014 Pa. -, -, 836 A.2d 42, 46-47 (2003). In the present case, the dismissal of Hertzberg\u2019s claim on what amounts to a demurrer premised on his lack of standing is inextricably intertwined with the ultimate merits of his claim. In addition, it is apparent that Hertzberg\u2019s ability to challenge common pleas\u2019 conclusion that he lacks standing will not be lost if review is postponed until a final judgment. For these reasons, the dismissal of Count III is not a collateral order appealable under Rule 313.\n. It may be noted that not all orders granting or denying injunctive relief are immediately appealable. Generally, an appeal may not be taken from a decree nisi granting or denying a permanent injunction. See Pa. R.A.P. 311(a)(4) and the Note following the Rule. Inasmuch as a decree nisi, filed pursuant to Pa. R.C.P. No. 1517, may be affirmed, modified or changed depending on the resolution of a motion for post-trial relief filed under Pa. R.C.P. 227.1(a), appeal must wait for the entry of a final decree. See Den-Tal-Ez, Inc. v. Siemens Capital Corp., 389 Pa.Super. 219, 566 A.2d 1214, 1217, n. 1 (1989). Rule of Appellate Procedure 311(a)(4) recognizes two exceptions to the non-appealability of a decree nisi \u2014 if common pleas\u2019 order has the immediate effect of changing the status quo by directing permanent injunctive relief or striking a previously granted preliminary injunction upon entry of the decree nisi.",
        "type": "majority",
        "author": "Judge LEADBETTER."
      }
    ],
    "attorneys": [
      "Alan Hertzberg, Pittsburgh, for appellant.",
      "Susan E. Malie, Pittsburgh, for appel-lees."
    ],
    "corrections": "",
    "head_matter": "WEST PITTSBURGH PARTNERSHIP on behalf of the WEHAV GOVERNING COMMISSION, Fraternal Order of Police Fort Pitt Lodge No. 1 and Alan Hertzberg v. Robert McNEILLY, Tom Murphy and the City of Pittsburgh Appeal of West Pittsburgh Partnership on behalf of WEHAV Governing Commission and Alan Hertzberg.\nCommonwealth Court of Pennsylvania.\nArgued Dec. 11, 2003.\nDecided Jan. 8, 2004.\nAlan Hertzberg, Pittsburgh, for appellant.\nSusan E. Malie, Pittsburgh, for appel-lees.\nBEFORE: LEADBETTER, J., and LEAVITT, J., and JIULIANTE, Senior Judge."
  },
  "file_name": "0498-01",
  "first_page_order": 532,
  "last_page_order": 540
}
