{
  "id": 9292221,
  "name": "Allen DEROSE Defendant Below Appellant, v. STATE of Delaware, Plaintiff Below Appellee",
  "name_abbreviation": "Derose v. State",
  "decision_date": "2003-08-21",
  "docket_number": "No. 53, 2003",
  "first_page": "615",
  "last_page": "623",
  "citations": [
    {
      "type": "official",
      "cite": "840 A.2d 615"
    }
  ],
  "court": {
    "name_abbreviation": "Del.",
    "id": 9322,
    "name": "Delaware Supreme Court"
  },
  "jurisdiction": {
    "id": 8,
    "name_long": "Delaware",
    "name": "Del."
  },
  "cites_to": [
    {
      "cite": "458 A.2d 1191",
      "category": "reporters:state_regional",
      "reporter": "A.2d",
      "case_ids": [
        7998579
      ],
      "weight": 3,
      "pin_cites": [
        {
          "page": "1197"
        },
        {
          "page": "1197"
        }
      ],
      "opinion_index": 0,
      "case_paths": [
        "/a2d/458/1191-01"
      ]
    },
    {
      "cite": "793 A.2d 1249",
      "category": "reporters:state_regional",
      "reporter": "A.2d",
      "opinion_index": 0
    },
    {
      "cite": "602 A.2d 48",
      "category": "reporters:state_regional",
      "reporter": "A.2d",
      "case_ids": [
        7935559
      ],
      "weight": 2,
      "pin_cites": [
        {
          "page": "52"
        }
      ],
      "opinion_index": 0,
      "case_paths": [
        "/a2d/602/0048-01"
      ]
    },
    {
      "cite": "821 A.2d 867",
      "category": "reporters:state_regional",
      "reporter": "A.2d",
      "case_ids": [
        9137340
      ],
      "weight": 2,
      "pin_cites": [
        {
          "page": "870"
        },
        {
          "page": "870"
        }
      ],
      "opinion_index": 0,
      "case_paths": [
        "/a2d/821/0867-01"
      ]
    },
    {
      "cite": "781 A.2d 544",
      "category": "reporters:state_regional",
      "reporter": "A.2d",
      "case_ids": [
        9478904
      ],
      "weight": 3,
      "pin_cites": [
        {
          "page": "554-55"
        },
        {
          "page": "555"
        },
        {
          "page": "555"
        }
      ],
      "opinion_index": 0,
      "case_paths": [
        "/a2d/781/0544-01"
      ]
    },
    {
      "cite": "781 A.2d 556",
      "category": "reporters:state_regional",
      "reporter": "A.2d",
      "case_ids": [
        9479146
      ],
      "pin_cites": [
        {
          "page": "563"
        }
      ],
      "opinion_index": 0,
      "case_paths": [
        "/a2d/781/0556-01"
      ]
    },
    {
      "cite": "753 A.2d 963",
      "category": "reporters:state_regional",
      "reporter": "A.2d",
      "case_ids": [
        11217288
      ],
      "weight": 4,
      "pin_cites": [
        {
          "page": "970"
        },
        {
          "page": "964-65"
        },
        {
          "page": "968"
        }
      ],
      "opinion_index": 0,
      "case_paths": [
        "/a2d/753/0963-01"
      ]
    },
    {
      "cite": "820 A.2d 342",
      "category": "reporters:state_regional",
      "reporter": "A.2d",
      "case_ids": [
        9309771
      ],
      "weight": 3,
      "pin_cites": [
        {
          "page": "354"
        },
        {
          "page": "354"
        }
      ],
      "opinion_index": 0,
      "case_paths": [
        "/a2d/820/0342-01"
      ]
    },
    {
      "cite": "418 A.2d 127",
      "category": "reporters:state_regional",
      "reporter": "A.2d",
      "case_ids": [
        7945142
      ],
      "pin_cites": [
        {
          "page": "132"
        }
      ],
      "opinion_index": 0,
      "case_paths": [
        "/a2d/418/0127-01"
      ]
    },
    {
      "cite": "397 A.2d 540",
      "category": "reporters:state_regional",
      "reporter": "A.2d",
      "case_ids": [
        7983152
      ],
      "weight": 2,
      "pin_cites": [
        {
          "page": "544"
        },
        {
          "page": "571"
        }
      ],
      "opinion_index": 0,
      "case_paths": [
        "/a2d/397/0540-01"
      ]
    },
    {
      "cite": "437 A.2d 559",
      "category": "reporters:state_regional",
      "reporter": "A.2d",
      "case_ids": [
        7975650
      ],
      "weight": 2,
      "pin_cites": [
        {
          "page": "566"
        },
        {
          "page": "567"
        }
      ],
      "opinion_index": 0,
      "case_paths": [
        "/a2d/437/0559-01"
      ]
    },
    {
      "cite": "164 A.2d 442",
      "category": "reporters:state_regional",
      "reporter": "A.2d",
      "pin_cites": [
        {
          "page": "446"
        }
      ],
      "opinion_index": 0
    },
    {
      "cite": "815 A.2d 730",
      "category": "reporters:state_regional",
      "reporter": "A.2d",
      "case_ids": [
        9335754
      ],
      "weight": 4,
      "pin_cites": [
        {
          "page": "735"
        },
        {
          "page": "732"
        },
        {
          "page": "736"
        },
        {
          "page": "737-38"
        }
      ],
      "opinion_index": 0,
      "case_paths": [
        "/a2d/815/0730-01"
      ]
    }
  ],
  "analysis": {
    "cardinality": 844,
    "char_count": 19547,
    "ocr_confidence": 0.698,
    "pagerank": {
      "raw": 4.4265276719536815e-08,
      "percentile": 0.2777084687176743
    },
    "sha256": "4c2167cc264b36e0f994af46d0d78c13d3ea6649c5ffc7594c6803c5554cd539",
    "simhash": "1:6701af237cac8fdc",
    "word_count": 3126
  },
  "last_updated": "2024-02-27T21:14:21.960832+00:00",
  "provenance": {
    "date_added": "2019-08-29",
    "source": "Harvard",
    "batch": "2018"
  },
  "casebody": {
    "judges": [
      "Before VEASEY, Chief Justice, BERGER, and STEELE, Justices."
    ],
    "parties": [
      "Allen DEROSE Defendant Below Appellant, v. STATE of Delaware, Plaintiff Below Appellee."
    ],
    "opinions": [
      {
        "text": "PER CURIAM:\nOn May 22, 2002, a New Castle County Superior Court jury convicted Appellant, Allen Derose, of Assault in the Second Degree and Endangering the Welfare of a Child. In this appeal, Derose argues that the trial judge erred by not granting his motion for a new trial based on alleged prosecutorial misconduct. Specifically, Derose argues that the prosecutor made several improper comments that: (i) expressed personal beliefs about the credibility of witnesses; (ii) misrepresented the evidence presented at trial; (iii) denigrated the value of defense counsel; (iv) appealed to the jury\u2019s sense of personal risk or level of community safety; and (v) constituted repetitive errors that cast doubt upon the integrity of the judicial process. We hold that the trial judge did not abuse his discretion by denying Derose\u2019s motion for a new trial. The comments that De-rose did not object to at trial did not constitute plain error, and Derose\u2019s argument that the comments were repetitive and cast doubt upon the integrity of the judicial process is misplaced. Therefore, we affirm.\nFactual and Procedural Background\nOn April 20, 2001, Derose quarreled with his wife at their New Castle County apartment. Derose\u2019s children, who played noisily in the same room, and Michael Taylor, a neighbor, were also present. Taylor testified that Derose became very angry during the argument with his wife and vulgarly reprimanded the children for their loud behavior. When the children did not become quiet, Derose struck the three-year-old more than ten times all over her body. Derose beat the child with his belt and the belt\u2019s buckle struck the child near the eye. At that point, Taylor shoved Derose against a wall to stop the beating, returned home, and called the police.\nA New Castle County police officer responded to the call. The officer arrived at Taylor\u2019s residence, where Derose\u2019s wife and children had sought refuge after the altercation. Derose telephoned Taylor\u2019s residence and spoke to the officer. The officer requested that Derose come to Taylor\u2019s residence and explain the situation. Derose refused, stating that he did not want to be arrested. The officer then visited Derose\u2019s apartment, but Derose had already fled. The officer testified that the child had a one-and-a-half inch bruise along the left cheek near her eye.\nA pediatric emergency doctor testified that he treated the child. The doctor testified that the child was admitted to the Emergency Room because of the evident injury and suspicion that she had been struck by a belt. The child had an L-shaped, red lesion lateral to the left eye with numerous burst blood vessels, numerous scratches on her abdomen, two circular bruises on her back, and an angulated, raised, red bruise on her left arm. The doctor also testified that the injuries were recently inflicted and consistent with injuries caused by a belt or a similar object.\nDiscussion\nBefore addressing Derose\u2019s specific complaints on appeal, we restate the now settled Delaware law under which we examine alleged \u201cprosecutorial misconduct.\u201d The prosecutor \u201crepresents all the people, including the defendant\u201d and must \u201cseek justice, not merely convictions.\u201d In pursuing both goals, the prosecutor should abide by the American Bar Association\u2019s standards governing prosecution and defense functions. Consistent with those standards, the prosecutor should not: (i) express personal beliefs as to the credibility of witnesses; (ii) misrepresent the evidence presented at trial; (iii) comment on the fact that a defendant exercised the right to remain silent; (iv) denigrate the role of defense counsel; (v) misrepresent the legal effect of defendant\u2019s statements; (vi) appeal to the jury\u2019s sense of personal risk or the level of safety in the community; or (vii) attempt to inflame the prejudices of the jury by name-calling or other pejorative language. Not all improper remarks made by prosecutors require reversal of a conviction, however. Reversal is warranted where an improper comment \u201cprejudicially affects substantial rights of the accused.\u201d\nWhether substantial rights of the accused were prejudicially affected depend on: (i) the closeness of the case; (ii) the centrality of the issue affected by the alleged error; and (iii) the steps taken to mitigate the effects of the error. Therefore, the one comment that Derose did object to at trial, if found improper, will be subject to the Hughes test to determine whether the trial judge abused his discretion by denying the motion for a new trial.\nThe standard of review for comments that are not objected to is plain error. To constitute plain error, the error must be so clearly prejudicial to substantial rights that it jeopardizes the fairness and integrity of the trial. In addition, \u201cthe prosecutor\u2019s improper statements must \u2018be so clear and defense counsel\u2019s failure to object so inexcusable that a trial judge ... has no reasonable alternative but to intervene sua sponte and declare a mistrial or issue a curative instruction.\u2019 \u201d The comments Derose did not object to at trial, if found improper, will be subject to plain error analysis to determine whether a new trial is warranted.\nIn Hunter v. State, this Court held that the three part test in Hughes now includes an additional factor to be considered in determining the basis for reversal\u2014whether the prosecutor\u2019s errors are repetitive, i.e., whether there is a pattern or history of professional misconduct or repetitive use of improper statements that has persisted despite the Court\u2019s off-repeated admonitions. This standard, however, is not retroactive, and applies only to prosecutorial comments made after the Hunter decision.\nDerose objects to the prosecutor\u2019s comments that \u201c[t]he law ... protects [the victim] who was struck repeatedly. The law, as you are asked to apply it today, is not for the protection of a defendant, ladies and gentlemen.\u201d Derose argues, first, that this comment instructed the jury to disregard the reasonable doubt standard. Second, Derose argues that this comment improperly appealed to the jury\u2019s sense of personal risk or community safety.\nThe statement complained of here is not a basis for reversing Derose\u2019s conviction because it fails the Hughes test. It did not \u201cprejudicially affect the substantial rights of the accused\u201d for two reasons. First, the case was not close because there was overwhelming evidence of Derose\u2019s guilt. For instance, Derose\u2019s neighbor, Taylor, witnessed the assault and the doctor\u2019s examination corroborated Taylor\u2019s testimony. Derose also refused the officer\u2019s request to return to the scene because he stated that he did not want to be arrested. Second, the trial judge\u2019s curative instruction sufficiently mitigated the effects of the comment. Immediately following the comment, the trial judge instructed the jury to disregard it. In addition, the trial judge instructed the jury to consider all of the evidence impartially, without passion and sympathy, and that no attorney\u2019s comments should be considered as evidence. These instructions ameliorated the prosecutor\u2019s comment. Therefore, the trial judge did not abuse his discretion when he denied Derose\u2019s motion for a new trial based on the sole allegation of improper prosecutorial conduct to which Derose timely objected.\nThe first comment to which Derose did not object that he now challenges relates to the doctor\u2019s diagnosis of the child\u2019s injuries. The prosecutor stated: \u201cIt wasn\u2019t because he jumped to a conclusion. He doesn\u2019t have a dog in the fight so to speak. He\u2019s here to come to a medical conclusion for a treatment of a child.\u201d Derose argues that this statement expresses the prosecutor\u2019s personal belief in the doctor\u2019s credibility. This argument is without merit because it overstates the alleged prejudicial inference Derose would have us draw from it. This statement simply suggests to the jury that the doctor was not biased when he diagnosed the child, and had no incentive to diagnose the child differently. It does not show that the prosecutor endorsed the doctor\u2019s credibility.\nThe next comment to which Derose objects for the first time on appeal pertains to Taylor\u2019s testimony about intervening in the altercation. The prosecutor stated: \u201cI know what I would do. I would like to think I would do what Mr. Taylor did and, at some point, say, hey, enough, back off, and he did.\u201d The prosecutor then stated that it was reasonable that Taylor would leave the scene after such an awkward encounter. Derose argues that these comments express the prosecutor\u2019s personal beliefs about Taylor\u2019s credibility. This argument is also without merit. Although the use of the word \u201cI\u201d is often problematic when used by a prosecutor referring to evidence, it is not here. The prosecutor merely referred to Taylor\u2019s reaction to the assault and that the jury should and could fairly conclude that the reaction was reasonable under the circumstances. The comments do not amount to plain error.\nThe third comment to which Derose did not object at trial concerns society\u2019s varying view of the consequences of striking a person with a belt and the injuries that could result from such a beating. The prosecutor stated:\nThis child was struck with a belt. Striking a child with a belt is not a crime. Many of us have been struck with a belt. And years ago, things were a little different, but even today, you strike the child with a belt, that doesn\u2019t make you a criminal. I\u2019m not saying doing that in and of itself would have been a crime, but it\u2019s the way in which the defendant acted and how he acted under the circumstances, recklessly causing physical injury and using the belt in a manner in which he did which could have resulted with ... the loss of an eye for this child.\nDerose argues that this comment expresses the prosecutor\u2019s personal opinion because she did not support it with trial evidence immediately before making it. This argument is without merit. The prosecutor made the statement during summation, shortly after recounting the doctor\u2019s and Taylor\u2019s testimony, all of which was, in fact, in the record. Taylor\u2019s testimony established that Derose did strike the child with a belt and the doctor testified that the child could have lost an eye if the belt buckle had struck the eye directly.\nThe next series of comments to which Derose did not object concern suggestions of Derose\u2019s guilt. The prosecutor stated that the defendant \u201cknew he committed a crime. And he was right.\u201d The prosecutor also stated that \u201cthe defendant unjustifiably inflicted physical injury on [the child]\u201d and \u201cthe defendant\u2019s loss of control and outrage resulted in his criminal responsibility.\u201d Finally, the prosecutor stated that the defendant was \u201calso guilty ... of endangering the welfare of a child [and] striking a three year old ... repeatedly.\u201d Derose argues that these statements of guilt were personal opinions and not supported by the evidence at trial. Relying on Bruce v. State, Derose also argues that the comments were improper because prosecutors are forbidden from making comments that would cause the jury to \u201ctake the defendant\u2019s guilt as a foregone conclusion.\u201d The first argument is without merit when the comments are considered in their proper context. A prosecutor, in final summation, is not confined to a repetition of the trial evidence, but is allowed and expected to explain all the legitimate inferences of guilt that flow from the evidence. Derose has removed these statements from their context. They were made during summation, shortly after the prosecutor recounted the testimony that: (i) the defendant beat the child; (ii) the defendant refused to return to the scene because he feared being arrested; and (iii) the injuries were consistent with Taylor\u2019s eyewitness testimony. Taken in context, the comments were legitimate inferences that could be drawn from the trial evidence of record pointing to Derose\u2019s guilt. The second argument is also without merit because Derose misapplies Bruce. In Bruce, this Court stated that it is usually inappropriate for a prosecutor to mock the defense\u2019s efforts sarcastically or to make comments that would cause a jury to assume that guilt is a foregone conclusion. In fact, Bruce concerned prosecu-torial comments that implied guilt as a foregone conclusion by belittling the defense by describing the defense\u2019s case as a \u201cshotgun approach.\u201d Bruce did not focus on logical inferences that could be drawn from the evidence pointing to the defendant\u2019s guilt. Here, the prosecutor\u2019s comments did not \u201ctake the defendant\u2019s guilt as a forgone conclusion\u201d by mocking the defense. Rather, the prosecutor argued those legitimate inferences that could be fairly drawn from the trial evidence that should persuade the jury of Derose\u2019s guilt. The prosecutor\u2019s \u201ccomments on guilt\u201d were not improper.\nThe next comment about which Derose did not object regards the prosecutor\u2019s recounting of Taylor\u2019s version of the assault. The prosecutor stated: \u201cThe force used on [the child] was not reasonable and moderate. The defendant took no action before flying off the handle and using physical violence on his children.\u201d Derose argues that this comment is a misrepresentation of the evidence presented at trial. He asserts that the comment is not a precise restatement of Taylor\u2019s eyewitness testimony because Taylor testified that Derose orally reprimanded the child before striking her. This assertion is without merit because the discrepancy is immaterial. Whether the prosecutor omitted the fact that Derose orally attempted to \u201ccorrect\u201d his child and, therefore, arguably hesitated before inflicting corporal punishment by beating his child numerous times with a belt and buckle does little, if anything, to prejudice him in this assault case. Derose\u2019s actions after he may have concluded that oral correction was unavailing were the focus of the trial. Those actions were to be scrutinized by the jury to determine criminal conduct and could not have been excused by any rational person simply because they were preceded by an oral reprimand.\nThe final comment to which Derose did not object relates to the prosecutor\u2019s comments on the doctor\u2019s testimony. In response to the defense\u2019s statement that the doctor knew about the suspicion that the child was abused with a belt before examining the \u25a0 child, the prosecutor stated that the doctor\u2019s diagnosis \u201cwasn\u2019t planted in his mind despite what the defense may have you believe.\u201d Derose alleges that this comment denigrated the role of defense counsel because the prosecution essentially stated that the defense knowingly tried to mislead the jury. Although it is arguable that this argument comes close to improper, burden shifting and suggests an attempt to denigrate defense counsel, it is wholly without merit because it is merely comment on an inference suggested by defense counsel based on the evidence addressed at trial. In Hunter, this court held that comments stating that the defense tried to \u201cfool\u201d the jury were improper. This comment, however, is substantially different from the comment made here. Suggesting that the inference that the defense would have the jury draw would be incorrect does not amount to an accusation that the defense tried to \u201cfool\u201d a jury. To rule otherwise, would be tantamount to pulling the adversarial teeth from an effective prosecutor\u2019s mouth in summation. Furthermore, the statement did not jeopardize the fairness and integrity of Derose\u2019s trial because the record contains ample evidence supporting the prosecutor\u2019s argued view of the doctor\u2019s testimony.\nThe comments to which Derose did not object do not constitute plain error even when considered cumulatively. They had a minute, if any, unfair prejudicial effect on Derose\u2019s trial. They certainly did not render the defense\u2019s failure to object so inexcusable that the trial judge had no reasonable alternative but to intervene sua sponte and declare a mistrial or issue a curative instruction.\nDerose\u2019s final argument, that the allegedly improper comments were repetitive in nature and \u201ccast doubt on the integrity of the judicial process,\u201d is misplaced. Although this Court has held that the prosecutor\u2019s office shall be held to a standard prohibiting repetitive misconduct, the standard is not retroactive and only applies to prosecutorial comments made after the Hunter decision because \u201cprosecutors were not on notice that their conduct would be measured by standards not then in effect.\u201d This trial occurred approximately seven months before the Hunter decision, and the prosecutor\u2019s comments are not subject to the Hunter analysis.\nConclusion\nWe find that the trial judge did not abuse his discretion when he denied De-rose\u2019s motion for a new trial. A timely curative instruction properly addressed any unfair prejudice that could have occurred from the one comment to which Derose did object at trial. The comments by the prosecutor to which he did not object at trial, even if improper, did not constitute plain error, either individually or cumulatively. Finally, Hunter cannot apply to Derose\u2019s trial retroactively. Based on the foregoing, the judgments of conviction in the Superior Court are AFFIRMED.\n. 11 Del. C. \u00a7 612.\n. 11 Del. C. \u00a7 1102.\n. Hunter v. State, 815 A.2d 730, 735 (Del.2002) (quoting Bennett v. State, 164 A.2d 442, 446 (Del.1960)).\n. Id. at 735.\n. Id. (internal citations omitted).\n. Hughes v. State, 437 A.2d 559, 566 (Del.1981) (quoting Sexton v. State, 397 A.2d 540, 544 (Del.1979)).\n. Id. at 571 (quoting Dyson v. United States, 418 A.2d 127, 132 (D.C.1980)).\n. Swan v. State, 820 A.2d 342, 354 (Del.2003) (citing Trump v. State, 753 A.2d 963, 970 (Del.2000)).\n. Swan v. State, 820 A.2d 342, 354 (Del.2003) (citing Capano v. State, 781 A.2d 556, 563 (Del.2001)).\n. Bruce v. State, 781 A.2d 544, 554-55 (Del.2001) (quoting Trump v. State, 753 A.2d 963, 964-65 (Del.2000)) (emphasis in original).\n. Hunter v. State, 815 A.2d 730, 732 (Del.2002).\n. Chapman v. State, 821 A.2d 867, 870 (Del.2003); Christopher v. State, 2003 Del. Lexis 311, *5 (Del.2003).\n. Appendix to Appellant\u2019s Op. Br. at 23.\n. See, e.g., Pennell v. State, 602 A.2d 48, 52 (Del.1991) (holding that \"even when prejudicial error is committed, it will usually be cured by the trial judge's instruction to the jury to disregard the remarks.\u201d).\n. Appendix to Appellant's Op. Br. at 20.\n. Id.\n. There is no per se rule that the use of the word \"I\u201d or \"we\u201d is improper. Swan v. State, 820 A.2d 342 (Del.2002); Cousins v. State, 793 A.2d 1249, 2001 WL 1353571at **1, 2001 Del. Lexis 513, *3 (Del.Supr.) (citing Trump v. State, 753 A.2d 963, 968 (Del.2000)).\n. Appendix to Appellant\u2019s Op. Br. at 21.\n. Id.\n. Id. at 22.\n. Appendix to Appellant\u2019s Op. Br. at 23.\n. 781 A.2d 544, 555 (Del.2001) (citing McCowan v. United States, 458 A.2d 1191, 1197 (D.C.1983)).\n. Hughes, 437 A.2d at 567.\n. Bruce v. State, 781 A.2d 544, 555 (Del.2001) (citing McCowan v. United States, 458 A.2d 1191, 1197 (D.C.App.1983)).\n. Id.\n. Appendix to Appellant's Op. Br. at 21.\n. Id. at 20.\n. Hunter, 815 A.2d at 736.\n. Id. at 737-38.\n.Chapman, 821 A.2d at 870; Christopher, 2003 Del. Lexis 311, at *5.",
        "type": "majority",
        "author": "PER CURIAM:"
      }
    ],
    "attorneys": [
      "Ralph D. Wilkinson, IV, Office of the Public Defender, Wilmington, for Appellant.",
      "John Williams, Delaware Department of Justice, Dover, for Appellee."
    ],
    "corrections": "",
    "head_matter": "Allen DEROSE Defendant Below Appellant, v. STATE of Delaware, Plaintiff Below Appellee.\nNo. 53, 2003.\nSupreme Court of Delaware.\nSubmitted: July 8, 2003.\nDecided: Aug. 21, 2003.\nRalph D. Wilkinson, IV, Office of the Public Defender, Wilmington, for Appellant.\nJohn Williams, Delaware Department of Justice, Dover, for Appellee.\nBefore VEASEY, Chief Justice, BERGER, and STEELE, Justices."
  },
  "file_name": "0615-01",
  "first_page_order": 649,
  "last_page_order": 657
}
