{
  "id": 8102363,
  "name": "Miroslav J. SVESTKA and Sophie Svestka, Appellants, v. Edward PELL, Appellee",
  "name_abbreviation": "Svestka v. Pell",
  "decision_date": "1966-11-28",
  "docket_number": "No. 3927",
  "first_page": "478",
  "last_page": "480",
  "citations": [
    {
      "type": "official",
      "cite": "224 A.2d 478"
    }
  ],
  "court": {
    "name_abbreviation": "D.C.",
    "id": 11933,
    "name": "District of Columbia Court of Appeals"
  },
  "jurisdiction": {
    "id": 56,
    "name_long": "District of Columbia",
    "name": "D.C."
  },
  "cites_to": [
    {
      "cite": "209 A.2d 795",
      "category": "reporters:state_regional",
      "reporter": "A.2d",
      "case_ids": [
        8094724
      ],
      "year": 1965,
      "opinion_index": 0,
      "case_paths": [
        "/a2d/209/0795-01"
      ]
    },
    {
      "cite": "187 A.2d 124",
      "category": "reporters:state_regional",
      "reporter": "A.2d",
      "case_ids": [
        8107385
      ],
      "year": 1962,
      "opinion_index": 0,
      "case_paths": [
        "/a2d/187/0124-01"
      ]
    },
    {
      "cite": "73 App. D.C. 298",
      "category": "reporters:state",
      "reporter": "App. D.C.",
      "year": 1941,
      "opinion_index": 0
    },
    {
      "cite": "121 F.2d 46",
      "category": "reporters:federal",
      "reporter": "F.2d",
      "case_ids": [
        463198
      ],
      "year": 1941,
      "opinion_index": 0,
      "case_paths": [
        "/f2d/121/0046-01"
      ]
    },
    {
      "cite": "314 U.S. 637",
      "category": "reporters:federal",
      "reporter": "U.S.",
      "case_ids": [
        6156320,
        6156276,
        6156200,
        6156239
      ],
      "year": 1941,
      "opinion_index": 0,
      "case_paths": [
        "/us/314/0637-04",
        "/us/314/0637-03",
        "/us/314/0637-01",
        "/us/314/0637-02"
      ]
    },
    {
      "cite": "62 S.Ct. 72",
      "category": "reporters:federal",
      "reporter": "S. Ct.",
      "year": 1941,
      "opinion_index": 0
    },
    {
      "cite": "86 L.Ed. 511",
      "category": "reporters:federal",
      "reporter": "L. Ed.",
      "year": 1941,
      "opinion_index": 0
    }
  ],
  "analysis": {
    "cardinality": 408,
    "char_count": 6226,
    "ocr_confidence": 0.797,
    "pagerank": {
      "raw": 1.488478892977893e-07,
      "percentile": 0.6625841892712664
    },
    "sha256": "20442436882a9e70a8bd1e98d77f4b258117eccb8c0bd5ef13e84f08dcc2a3ee",
    "simhash": "1:28bce5243ef1c09c",
    "word_count": 1004
  },
  "last_updated": "2024-02-27T17:54:44.983972+00:00",
  "provenance": {
    "date_added": "2019-08-29",
    "source": "Harvard",
    "batch": "2018"
  },
  "casebody": {
    "judges": [
      "Before HOOD, Chief Judge, and QUINN and MYERS, Associate Judges."
    ],
    "parties": [
      "Miroslav J. SVESTKA and Sophie Svestka, Appellants, v. Edward PELL, Appellee."
    ],
    "opinions": [
      {
        "text": "MYERS, Associate Judge:\nAppellee Pell, a real estate broker, sued appellants, husband and wife, upon a promissory note for $5,000 executed by them to cover the balance of a brokerage fee due him as a result of procuring buyers for two apartment houses. Appellee had previously been paid $15,000 in part payment of his total commission. After a full hearing, at which all parties presented certain relevant documents, including listing agreements, contracts of sale and settlement sheets, as well as oral testimony concerning the negotiations and ultimate sale of the properties, the trial judge entered findings in favor of appellee for the full amount of the note and denied any recovery by appellants for an alleged overpayment of broker\u2019s fees. This appeal followed.\nThe sale of one of the properties, Hilltop House, Inc., a corporation whose entire stock was owned by appellants, was accomplished through the sale of the corporate stock rather than through the conveyance of title to the real estate. The contract for the transfer of the stock provided, inter alia, that:\nThe seller agrees to pay any and all bills for merchandise, services, repair bills, utilities, payroll, payroll-taxes, withholding taxes, Corporation taxes, and any other obligations incurred by the Corporation until the date of settlement.\nThe primary question before us is whether appellants, as sellers, had realized a net sum of $190,000 from the sale of the two-properties, it having been stipulated in the listing agreements, and guaranteed by ap-pellee, that appellants would receive no less, than $190,000 after deducting the brokerage fee and deeds of trust. The resolution of this issue rests solely upon whether the above corporate debts assumed by appellants should be deducted from the sale of stock in determining whether they had received $190,000. Appellants contend that because they paid these corporate obligations they had received $10,247.72 less than guaranteed them by the listing agreements; that they had already advanced appellee a sum in excess of the commission to which he was entitled and thus he is precluded from recovering upon the promissory note. Both sides are in accord that without these deductions, appellants would have received a net cash settlement of more than $190,000.\nThe record reflects that during the negotiations prior to the ultimate sale of the property many changes and modifications were made in the original listing agreements, the terms upon which the property would be sold, and the basis upon which appellee\u2019s commission would be computed. There was no discussion or oral or written provision that the sum guaranteed to appellants was to be affected by any deduction other than deeds of trust and real estate commissions. Throughout appellants were in consultation with their attorney and their certified public accountant who were fully acquainted with the business operations of appellants, the terms under which they were willing to sell, and the various modifications in the agreements between Mr. Pell and the Svestkas. The note here in question was signed and delivered, without objection, to appellee by appellants at the time of settlement, when they were accompanied by both their attorney and their accountant. From the ' record we can reach only the conclusion that, with the acquiescence and advice of their legal and financial advisors, appellants signed the note for the additional $5,000 commission with no contemplation that the yet undetermined sum they would have to pay the buyers in connection with the sale of the stock of Hilltop House was intended to be deducted from the gross sales price and with no question as to appellee\u2019s entitlement to the additional $5,000 commission.\nAppellants maintain that whether the corporate debts assumed by them should be deducted from the sales price constituted an ambiguity and that from the evidence this ambiguity should have been resolved in their favor. Were no other factors present, appellants\u2019 contention might be valid; but their actions, and the course of dealings between Pell, the sellers, and the latter\u2019s attorney and accountant support the findings of the trial judge that appellee produced buyers for the properties involved on terms acceptable to the sellers, as evidenced by their conduct at the time of settlement, and thus he is entitled to his agreed-upon commission, part of which is represented by the note here in question. The intention of parties to a contract must be determined not only from the terms of the written agreement, but also from the actions of the parties in relation thereto. The trial judge had before her sufficient evidence from which she could conclude that at the time appellants executed the promissory note they did so with full understanding of their commitment and how it was to be treated.\nBut even if we were to concede, arguendo, that ambiguities existed, we must presume that the trial judge fully weighed the testimony of both sides in the light of the credibility of the witnesses and evaluated the documentary evidence. Her resolution in favor of the broker cannot be disturbed by us where there is evidence to support her ruling. We concur in the findings upon which the judgment rests.\nAffirmed.\n. This is the second appeal in this case. The first arose from the granting of a summary judgment in Pell\u2019s favor upon the opening statements of counsel and resulted in the remand for a full hearing on the merits. 209 A.2d 795 (1965).\n. On the date of settlement these items had not yet been exactly determined. Subsequent cash adjustments in connection with Hilltop House required appellants to pay $13,220.96.\n. Wm. P. Lipscomb Co. v. Kaldenbach & Wysong, Inc., D.C.Mun.App., 187 A.2d 124 (1962); Green v. Obergfell, 73 App. D.C. 298, 121 F.2d 46, cert. denied 314 U.S. 637, 62 S.Ct. 72, 86 L.Ed. 511 (1941).",
        "type": "majority",
        "author": "MYERS, Associate Judge:"
      }
    ],
    "attorneys": [
      "Werner Strupp, Washington, D. C., for appellants.",
      "Morton Kudysh, Washington, D. C., for appellee."
    ],
    "corrections": "",
    "head_matter": "Miroslav J. SVESTKA and Sophie Svestka, Appellants, v. Edward PELL, Appellee.\nNo. 3927.\nDistrict of Columbia Court of Appeals.\nArgued July 6, 1966.\nDecided Nov. 28, 1966.\nRehearing Denied Dee. 19, 1966.\nWerner Strupp, Washington, D. C., for appellants.\nMorton Kudysh, Washington, D. C., for appellee.\nBefore HOOD, Chief Judge, and QUINN and MYERS, Associate Judges."
  },
  "file_name": "0478-01",
  "first_page_order": 516,
  "last_page_order": 518
}
