{
  "id": 9406805,
  "name": "COMMONWEALTH of Pennsylvania, Respondent, v. Willis PRYOR, Petitioner",
  "name_abbreviation": "Commonwealth v. Pryor",
  "decision_date": "2002-07-03",
  "docket_number": "",
  "first_page": "1232",
  "last_page": "1233",
  "citations": [
    {
      "type": "official",
      "cite": "802 A.2d 1232"
    }
  ],
  "court": {
    "name_abbreviation": "Pa.",
    "id": 8832,
    "name": "Supreme Court of Pennsylvania"
  },
  "jurisdiction": {
    "id": 6,
    "name_long": "Pennsylvania",
    "name": "Pa."
  },
  "cites_to": [],
  "analysis": {
    "cardinality": 85,
    "char_count": 840,
    "ocr_confidence": 0.65,
    "sha256": "98b3116730ec52d981e5a2973b1d9ab27db4c0d86900edb39713180138f70922",
    "simhash": "1:638f242712eeae32",
    "word_count": 123
  },
  "last_updated": "2023-07-14T19:40:21.196576+00:00",
  "provenance": {
    "date_added": "2019-08-29",
    "source": "Harvard",
    "batch": "2018"
  },
  "casebody": {
    "judges": [],
    "parties": [
      "COMMONWEALTH of Pennsylvania, Respondent, v. Willis PRYOR, Petitioner."
    ],
    "opinions": [
      {
        "text": "ORDER\nPER CURIAM.\nAND NOW, this 3rd day of July 2002, the Petition for Allowance of Appeal is GRANTED, limited to the issue of whether the trial court denied petitioner his constitutional rights of confrontation and due process and to present a defense by improperly precluding cross-examination of a police officer about an LAD investigation that allegedly determined that the officer lied about the facts of another case and about a District Attorney\u2019s Office investigation into possible perjury charges against the officer.",
        "type": "majority",
        "author": "PER CURIAM."
      }
    ],
    "attorneys": [
      "Bradley Steven Bridge, John Packel, Ellen T. Greenlee, Defenders Ass\u2019n of Philadelphia, Philadelphia, for Willis Pryor, petitioner.",
      "Catherine Lynn Marshall, Philadelphia, for Com. of PA, Appellee."
    ],
    "corrections": "",
    "head_matter": "COMMONWEALTH of Pennsylvania, Respondent, v. Willis PRYOR, Petitioner.\nSupreme Court of Pennsylvania.\nJuly 3, 2002.\nBradley Steven Bridge, John Packel, Ellen T. Greenlee, Defenders Ass\u2019n of Philadelphia, Philadelphia, for Willis Pryor, petitioner.\nCatherine Lynn Marshall, Philadelphia, for Com. of PA, Appellee."
  },
  "file_name": "1232-02",
  "first_page_order": 1256,
  "last_page_order": 1257
}
