{
  "id": 7296767,
  "name": "COMMONWEALTH of Pennsylvania, Petitioner v. Pedro GREEN, Respondent",
  "name_abbreviation": "Commonwealth v. Green",
  "decision_date": "2009-09-18",
  "docket_number": "",
  "first_page": "1283",
  "last_page": "1284",
  "citations": [
    {
      "type": "official",
      "cite": "981 A.2d 1283"
    }
  ],
  "court": {
    "name_abbreviation": "Pa.",
    "id": 8832,
    "name": "Supreme Court of Pennsylvania"
  },
  "jurisdiction": {
    "id": 6,
    "name_long": "Pennsylvania",
    "name": "Pa."
  },
  "cites_to": [
    {
      "cite": "971 A.2d 1216",
      "category": "reporters:state_regional",
      "reporter": "A.2d",
      "case_ids": [
        7299224,
        4194847
      ],
      "pin_cites": [
        {
          "page": "1225"
        }
      ],
      "opinion_index": 0,
      "case_paths": [
        "/a2d/971/1216-01",
        "/pa/601/0257-01"
      ]
    },
    {
      "cite": "957 A.2d 1238",
      "category": "reporters:state_regional",
      "reporter": "A.2d",
      "case_ids": [
        8212391
      ],
      "pin_cites": [
        {
          "page": "1243"
        }
      ],
      "opinion_index": 0,
      "case_paths": [
        "/a2d/957/1238-01"
      ]
    }
  ],
  "analysis": {
    "cardinality": 108,
    "char_count": 1360,
    "ocr_confidence": 0.674,
    "pagerank": {
      "raw": 4.03580807328026e-08,
      "percentile": 0.18837661964075897
    },
    "sha256": "c7464a53f54743611a81de2d06901d12741528c2897b020a89d12e8161343136",
    "simhash": "1:be93222a433f2d3b",
    "word_count": 191
  },
  "last_updated": "2024-02-27T22:54:49.151029+00:00",
  "provenance": {
    "date_added": "2019-08-29",
    "source": "Harvard",
    "batch": "2018"
  },
  "casebody": {
    "judges": [
      "Justice SAYLOR dissents."
    ],
    "parties": [
      "COMMONWEALTH of Pennsylvania, Petitioner v. Pedro GREEN, Respondent."
    ],
    "opinions": [
      {
        "text": "ORDER\nPER CURIAM.\nAND NOW, this 18th day of September, 2009, the Petition for Allowance of Appeal is GRANTED, the order of the Superior Court is VACATED, and this case is REMANDED to the PCRA court for further proceedings pursuant to Senior Judge Col-ville\u2019s concurring and dissenting opinion. See Commonwealth v. Green, 957 A.2d 1238, 1243 (Colville, S.J., concurring and dissenting). The Superior Court inappropriately presumed respondent\u2019s counsel had no reasonable cause for not seeking reconsideration of respondent\u2019s sentence. Further, the court erred in presuming respondent was prejudiced by counsel\u2019s failure to file a post-sentence motion challenging the sentence. See Commonwealth v. Reed, 971 A.2d 1216, 1225 (Pa.2009) (noting only three circumstances this Court has recognized counsel\u2019s conduct warranted presumption of prejudice). Upon remand, the PCRA court shall hold a hearing to determine whether respondent\u2019s trial counsel had reasonable basis not to file a post-trial motion seeking reconsideration of respondent\u2019s sentence. If counsel lacked reasonable basis, the PCRA court shall determine whether counsel\u2019s failure to file a post-sentence motion prejudiced respondent.\nJurisdiction relinquished.\nJustice SAYLOR dissents.",
        "type": "majority",
        "author": "PER CURIAM."
      }
    ],
    "attorneys": [],
    "corrections": "",
    "head_matter": "COMMONWEALTH of Pennsylvania, Petitioner v. Pedro GREEN, Respondent.\nSupreme Court of Pennsylvania.\nSept. 18, 2009."
  },
  "file_name": "1283-02",
  "first_page_order": 1345,
  "last_page_order": 1346
}
