{
  "id": 12485555,
  "name": "State v. Jesus A. Araiza-Avila",
  "name_abbreviation": "State v. Araiza-Avila",
  "decision_date": "2016-06-03",
  "docket_number": "NOS. C-904 SEPT. TERM 2015, 076213",
  "first_page": "297",
  "last_page": "297",
  "citations": [
    {
      "type": "official",
      "cite": "141 A.3d 297"
    },
    {
      "type": "parallel",
      "cite": "226 N.J. 212"
    }
  ],
  "court": {
    "name_abbreviation": "N.J.",
    "id": 8815,
    "name": "New Jersey Court of Errors and Appeals"
  },
  "jurisdiction": {
    "id": 24,
    "name_long": "New Jersey",
    "name": "N.J."
  },
  "cites_to": [],
  "analysis": {
    "cardinality": 21,
    "char_count": 130,
    "sha256": "d2ab1a8a7dde2dccf79864dfaf1306d4247f0ee253e8e02e686b1587d870bd00",
    "simhash": "1:fa7590f39819462e",
    "word_count": 21
  },
  "last_updated": "2021-08-27T20:57:13.996264+00:00",
  "provenance": {
    "date_added": "2021-08-27",
    "source": "Fastcase",
    "batch": "2021"
  },
  "casebody": {
    "judges": [],
    "parties": [
      "State\nv.\nJesus A. Araiza-Avila"
    ],
    "opinions": [
      {
        "text": "",
        "type": "majority",
        "author": null
      }
    ],
    "attorneys": [],
    "corrections": "",
    "head_matter": "State\nv.\nJesus A. Araiza-Avila\nNOS. C-904 SEPT. TERM 2015, 076213\nSupreme Court of New Jersey\nJune 03, 2016\nDisposition: Denied."
  },
  "file_name": "0297-30",
  "first_page_order": 297,
  "last_page_order": 297
}
