{
  "id": 12485652,
  "name": "Commonwealth v. Daryl Provance",
  "name_abbreviation": "Commonwealth v. Provance",
  "decision_date": "2016-06-23",
  "docket_number": "NO. 96 WAL 2016",
  "first_page": "480",
  "last_page": "480",
  "citations": [
    {
      "type": "official",
      "cite": "141 A.3d 480"
    }
  ],
  "court": {
    "name_abbreviation": "Pa.",
    "id": 8832,
    "name": "Supreme Court of Pennsylvania"
  },
  "jurisdiction": {
    "id": 6,
    "name_long": "Pennsylvania",
    "name": "Pa."
  },
  "cites_to": [],
  "analysis": {
    "cardinality": 20,
    "char_count": 145,
    "sha256": "8ca46fed8789b52949b4a315a63e4ee7b8887f2697bf9d0331cb5ebdbc1c6acd",
    "simhash": "1:148e446080a10140",
    "word_count": 22
  },
  "last_updated": "2021-08-27T20:57:13.996264+00:00",
  "provenance": {
    "date_added": "2021-08-27",
    "source": "Fastcase",
    "batch": "2021"
  },
  "casebody": {
    "judges": [],
    "parties": [
      "Commonwealth\nv.\nDaryl Provance"
    ],
    "opinions": [
      {
        "text": "",
        "type": "majority",
        "author": null
      }
    ],
    "attorneys": [],
    "corrections": "",
    "head_matter": "Commonwealth\nv.\nDaryl Provance\nNO. 96 WAL 2016\nSupreme Court of Pennsylvania\nJune 23, 2016\nAppeal from the Superior Court.\nDisposition: Denied."
  },
  "file_name": "0480-14",
  "first_page_order": 480,
  "last_page_order": 480
}
