{
  "id": 12485835,
  "name": "Com. v. D. Cruz",
  "name_abbreviation": "Com. v. Cruz",
  "decision_date": "2016-02-05",
  "docket_number": "NO. 537 MDA 2015",
  "first_page": "587",
  "last_page": "587",
  "citations": [
    {
      "type": "official",
      "cite": "141 A.3d 587"
    }
  ],
  "court": {
    "name_abbreviation": "Pa. Super. Ct.",
    "id": 8775,
    "name": "Superior Court of Pennsylvania"
  },
  "jurisdiction": {
    "id": 6,
    "name_long": "Pennsylvania",
    "name": "Pa."
  },
  "cites_to": [],
  "analysis": {
    "cardinality": 17,
    "char_count": 107,
    "sha256": "120629d3fae83d57514bc8706cbf51b6bff9457ec75889cbf237694bf36abfd6",
    "simhash": "1:3954d72b5c7a3de0",
    "word_count": 17
  },
  "last_updated": "2021-08-27T20:57:13.996264+00:00",
  "provenance": {
    "date_added": "2021-08-27",
    "source": "Fastcase",
    "batch": "2021"
  },
  "casebody": {
    "judges": [],
    "parties": [
      "Com.\nv.\nD. Cruz"
    ],
    "opinions": [
      {
        "text": "",
        "type": "majority",
        "author": null
      }
    ],
    "attorneys": [],
    "corrections": "",
    "head_matter": "Com.\nv.\nD. Cruz\nNO. 537 MDA 2015\nSuperior Court of Pennsylvania.\nFebruary 05, 2016\nDisposition: Affirmed."
  },
  "file_name": "0587-09",
  "first_page_order": 587,
  "last_page_order": 587
}
