{
  "id": 8142140,
  "name": "JOHNSON et ux. v. GINNIS et al.",
  "name_abbreviation": "Johnson v. Ginnis",
  "decision_date": "1952-05-21",
  "docket_number": "No. 1204",
  "first_page": "847",
  "last_page": "848",
  "citations": [
    {
      "type": "official",
      "cite": "88 A.2d 847"
    }
  ],
  "court": {
    "name_abbreviation": "D.C.",
    "id": 21806,
    "name": "District of Columbia Municipal Court of Appeals"
  },
  "jurisdiction": {
    "id": 56,
    "name_long": "District of Columbia",
    "name": "D.C."
  },
  "cites_to": [
    {
      "cite": "82 U.S.App.D.C. 6",
      "category": "reporters:state",
      "reporter": "U.S. App. D.C.",
      "case_ids": [
        5699036
      ],
      "opinion_index": 0,
      "case_paths": []
    },
    {
      "cite": "160 F.2d 249",
      "category": "reporters:federal",
      "reporter": "F.2d",
      "case_ids": [
        5699036,
        1119334
      ],
      "opinion_index": 0,
      "case_paths": [
        "/f2d/160/0249-01"
      ]
    },
    {
      "cite": "85 A.2d 806",
      "category": "reporters:state_regional",
      "reporter": "A.2d",
      "case_ids": [
        8131764
      ],
      "opinion_index": 0,
      "case_paths": [
        "/a2d/85/0806-01"
      ]
    }
  ],
  "analysis": {
    "cardinality": 269,
    "char_count": 3915,
    "ocr_confidence": 0.643,
    "pagerank": {
      "raw": 1.0471189698489554e-07,
      "percentile": 0.5524291184543964
    },
    "sha256": "7d3a2ad4e5d59976b6f70c042adc22b47d97efaa78b6c5f27de64679cb5e207e",
    "simhash": "1:b6e6a0ce1e88a150",
    "word_count": 662
  },
  "last_updated": "2024-02-27T21:54:28.635515+00:00",
  "provenance": {
    "date_added": "2019-08-29",
    "source": "Harvard",
    "batch": "2018"
  },
  "casebody": {
    "judges": [
      "Before CAYTON, Chief Judge, and HOOD and QUINN, Associate Judges."
    ],
    "parties": [
      "JOHNSON et ux. v. GINNIS et al."
    ],
    "opinions": [
      {
        "text": "CAYTON, Chief Judge.\nThis was a suit against Nicholas Johnson and his wife for rent overcharges and for damages for unlawful eviction. Plaintiffs alleged that the unlawful eviction was malicious and wilful and demanded both compensatory and punitive damages. The jury awarded plaintiffs nothing on the overcharge claim but found against both defendants, Mr. and Mrs. Johnson, on the eviction claim and assessed damages in favor of plaintiffs in the sum of $400. The verdict was rendered in general terms and did not specify whether any part of it was for punitive damages.\nDefendants have brought this case here for review on the single contention that Nicholas Johnson was not liable for punitive damages, because the eviction if any was by his wife and the evidence did not establish any agency 'between them or any knowledge of, consent to, or acquiescence in the actions of his wife by Mr. Johnson.\nAppellees, plaintiffs below, point out with considerable reasonableness and with support in the record that because Mr. Johnson was the owner of the property and that because he and his wife rented the property to the plaintiffs, both Johnson and his wife were landlords and hence Johnson is to be regarded as a principal and actor in his' relations with the tenants. However we need not and do not rest our decision on that proposition. Nor is there any need, in view of what we are about to say, to recite other features of the testimony.\nWe think we must order an affirmance because the contentions now made by appellant were at no time raised at the trial. The complaint asked for punitive damages against both defendants. They filed a joint answer which raised no question as to the non-liability of Nicholas Johnson for punitive damages as distinguished from the separate liability of his wife. Nor at any time during the trial was any question raised that Nicholas Johnson was exempt from liability for punitive damages. It does not appear that any separate instruction on the question was requested in his behalf. The jury was instructed on the issue of punitive damages as it related to both defendants and no distinction was drawn between them. Counsel for both sides announced that they were satisfied with the charge as given. Thus the theory throughout the trial seems to have been that both defendants either were or were not liable for punitive damages.\nUnder these circumstances we must apply the oft-repeated and entirely reasonable rule that a theory not advanced in the trial court and not passed on by that court may not furnish the basis for reversal on appeal. Johnston v. Reily, 82 U.S.App.D.C. 6, 160 F.2d 249; Morski v. Murphy, D.C.Mun.App., 85 A.2d 806. This rule applies in all save exceptional cases and appellant has made no suggestion that there was anything exceptional about the circumstances surrounding the trial of this case, or that anything prevented him from making the point below which he now makes here.\nWe think it should also be noted, as we have said, that the award was a general one, that the jury did not specify what if any part of the verdict was for punitive damages and that defense counsel did not seek any clarification on that point. Therefore since there was no question as to the liability of Nicholas Johnson for compensatory damages and since there is nothing to show that anything more than compensatory damages were awarded against him there seems to be no basis at all for his claim of error.\nAffirmed.\n. Although this appeal was taken in the names of both defendants, the only guestion involved relates to the separate liability of Nicholas Johnson.",
        "type": "majority",
        "author": "CAYTON, Chief Judge."
      }
    ],
    "attorneys": [
      "Herman Miller, Washington, D. C., for appellants.",
      "Milton Dunn, Washington, D. C., for ap-pellees."
    ],
    "corrections": "",
    "head_matter": "JOHNSON et ux. v. GINNIS et al.\nNo. 1204.\nMunicipal Court of Appeals District of Columbia.\nArgued April 28, 1952.\nDecided May 21, 1952.\nHerman Miller, Washington, D. C., for appellants.\nMilton Dunn, Washington, D. C., for ap-pellees.\nBefore CAYTON, Chief Judge, and HOOD and QUINN, Associate Judges."
  },
  "file_name": "0847-01",
  "first_page_order": 879,
  "last_page_order": 880
}
