{
  "id": 8388552,
  "name": "COMMONWEALTH of Pennsylvania, Appellee, v. Eric EISEN, Appellant",
  "name_abbreviation": "Commonwealth v. Eisen",
  "decision_date": "2008-03-24",
  "docket_number": "",
  "first_page": "261",
  "last_page": "262",
  "citations": [
    {
      "type": "official",
      "cite": "943 A.2d 261"
    }
  ],
  "court": {
    "name_abbreviation": "Pa.",
    "id": 8832,
    "name": "Supreme Court of Pennsylvania"
  },
  "jurisdiction": {
    "id": 6,
    "name_long": "Pennsylvania",
    "name": "Pa."
  },
  "cites_to": [],
  "analysis": {
    "cardinality": 49,
    "char_count": 418,
    "ocr_confidence": 0.693,
    "sha256": "50f6160e3811fd1b6a1f566427db0971b29765cb6c8f9629e91c9008230e92d5",
    "simhash": "1:9f36ced63f01b9dc",
    "word_count": 61
  },
  "last_updated": "2023-07-14T22:19:18.716107+00:00",
  "provenance": {
    "date_added": "2019-08-29",
    "source": "Harvard",
    "batch": "2018"
  },
  "casebody": {
    "judges": [
      "Justice TODD did not participate in the consideration or decision of this case."
    ],
    "parties": [
      "COMMONWEALTH of Pennsylvania, Appellee, v. Eric EISEN, Appellant."
    ],
    "opinions": [
      {
        "text": "ORDER\nPER CURIAM.\nThe appeal is dismissed as having been IMPROVIDENTLY GRANTED.\nJustice TODD did not participate in the consideration or decision of this case.",
        "type": "majority",
        "author": "PER CURIAM."
      }
    ],
    "attorneys": [
      "James Brandon Lieber, Pittsburgh, for Eric Eisen.",
      "Ronald Michael Wabby, Jr., Pittsburgh, for Com. of Pennsylvania."
    ],
    "corrections": "",
    "head_matter": "COMMONWEALTH of Pennsylvania, Appellee, v. Eric EISEN, Appellant.\nSupreme Court of Pennsylvania.\nArgued March 5, 2008.\nDecided March 24, 2008.\nJames Brandon Lieber, Pittsburgh, for Eric Eisen.\nRonald Michael Wabby, Jr., Pittsburgh, for Com. of Pennsylvania."
  },
  "file_name": "0261-02",
  "first_page_order": 303,
  "last_page_order": 304
}
