{
  "id": 7869091,
  "name": "Richard J. FISCO v. DEPARTMENT OF HUMAN SERVICES",
  "name_abbreviation": "Fisco v. Department of Human Services",
  "decision_date": "1995-05-30",
  "docket_number": "",
  "first_page": "274",
  "last_page": "277",
  "citations": [
    {
      "type": "official",
      "cite": "659 A.2d 274"
    }
  ],
  "court": {
    "name_abbreviation": "Me.",
    "id": 9543,
    "name": "Maine Supreme Judicial Court"
  },
  "jurisdiction": {
    "id": 42,
    "name_long": "Maine",
    "name": "Me."
  },
  "cites_to": [
    {
      "cite": "433 A.2d 738",
      "category": "reporters:state_regional",
      "reporter": "A.2d",
      "case_ids": [
        8004842
      ],
      "pin_cites": [
        {
          "page": "743"
        }
      ],
      "opinion_index": 0,
      "case_paths": [
        "/a2d/433/0738-01"
      ]
    },
    {
      "cite": "137 A.2d 569",
      "category": "reporters:state_regional",
      "reporter": "A.2d",
      "pin_cites": [
        {
          "page": "572"
        }
      ],
      "opinion_index": 0
    },
    {
      "cite": "48 N.J.Super. 396",
      "category": "reporters:state",
      "reporter": "N.J. Super.",
      "case_ids": [
        437938
      ],
      "opinion_index": 0,
      "case_paths": [
        "/nj-super/48/0396-01"
      ]
    },
    {
      "cite": "611 A.2d 86",
      "category": "reporters:state_regional",
      "reporter": "A.2d",
      "case_ids": [
        7936954
      ],
      "pin_cites": [
        {
          "page": "87"
        }
      ],
      "opinion_index": 0,
      "case_paths": [
        "/a2d/611/0086-01"
      ]
    },
    {
      "cite": "635 A.2d 937",
      "category": "reporters:state_regional",
      "reporter": "A.2d",
      "case_ids": [
        7374692
      ],
      "year": 1993,
      "pin_cites": [
        {
          "page": "939",
          "parenthetical": "finding, without holding that the defense is available, that Trimble had failed to establish the requisite detrimental reliance, change of position or prejudice resulting from the delay to establish laches"
        }
      ],
      "opinion_index": 0,
      "case_paths": [
        "/a2d/635/0937-01"
      ]
    },
    {
      "cite": "79 A. 16",
      "category": "reporters:state_regional",
      "reporter": "A.",
      "year": 1911,
      "pin_cites": [
        {
          "page": "18"
        }
      ],
      "opinion_index": 0
    },
    {
      "cite": "108 Me. 96",
      "category": "reporters:state",
      "reporter": "Me.",
      "case_ids": [
        655464
      ],
      "year": 1911,
      "pin_cites": [
        {
          "page": "101"
        }
      ],
      "opinion_index": 0,
      "case_paths": [
        "/me/108/0096-01"
      ]
    },
    {
      "cite": "499 A.2d 157",
      "category": "reporters:state_regional",
      "reporter": "A.2d",
      "case_ids": [
        7928418
      ],
      "pin_cites": [
        {
          "page": "158"
        }
      ],
      "opinion_index": 0,
      "case_paths": [
        "/a2d/499/0157-01"
      ]
    },
    {
      "cite": "610 A.2d 272",
      "category": "reporters:state_regional",
      "reporter": "A.2d",
      "case_ids": [
        7924650
      ],
      "pin_cites": [
        {
          "page": "274"
        }
      ],
      "opinion_index": 0,
      "case_paths": [
        "/a2d/610/0272-01"
      ]
    },
    {
      "cite": "617 A.2d 211",
      "category": "reporters:state_regional",
      "reporter": "A.2d",
      "case_ids": [
        7931163
      ],
      "weight": 2,
      "pin_cites": [
        {
          "page": "212"
        },
        {
          "page": "212"
        }
      ],
      "opinion_index": 0,
      "case_paths": [
        "/a2d/617/0211-01"
      ]
    },
    {
      "cite": "642 A.2d 176",
      "category": "reporters:state_regional",
      "reporter": "A.2d",
      "case_ids": [
        7861380
      ],
      "weight": 4,
      "opinion_index": 0,
      "case_paths": [
        "/a2d/642/0176-01"
      ]
    },
    {
      "cite": "5 A.L.R. 4th 1015",
      "category": "reporters:specialty",
      "reporter": "A.L.R. 4th",
      "opinion_index": 1
    },
    {
      "cite": "106 Nev. 481",
      "category": "reporters:state",
      "reporter": "Nev.",
      "case_ids": [
        8557712
      ],
      "weight": 2,
      "year": 1990,
      "pin_cites": [
        {
          "page": "231"
        }
      ],
      "opinion_index": 1,
      "case_paths": [
        "/nev/106/0481-01"
      ]
    },
    {
      "cite": "202 A.2d 1",
      "category": "reporters:state_regional",
      "reporter": "A.2d",
      "year": 1964,
      "pin_cites": [
        {
          "page": "5"
        }
      ],
      "opinion_index": 1
    },
    {
      "cite": "160 Me. 201",
      "category": "reporters:state",
      "reporter": "Me.",
      "case_ids": [
        907140
      ],
      "year": 1964,
      "pin_cites": [
        {
          "page": "207"
        }
      ],
      "opinion_index": 1,
      "case_paths": [
        "/me/160/0201-01"
      ]
    },
    {
      "cite": "642 A.2d 176",
      "category": "reporters:state_regional",
      "reporter": "A.2d",
      "case_ids": [
        7861380
      ],
      "opinion_index": 1,
      "case_paths": [
        "/a2d/642/0176-01"
      ]
    }
  ],
  "analysis": {
    "cardinality": 666,
    "char_count": 11235,
    "ocr_confidence": 0.712,
    "pagerank": {
      "raw": 1.869934000762453e-07,
      "percentile": 0.7261390528945896
    },
    "sha256": "b25baba49485860e563147ccd1085926cf192cbea19f05156f438a040cfe7cd9",
    "simhash": "1:5fa4f67b6bc98601",
    "word_count": 1792
  },
  "last_updated": "2024-02-27T23:51:09.815965+00:00",
  "provenance": {
    "date_added": "2019-08-29",
    "source": "Harvard",
    "batch": "2018"
  },
  "casebody": {
    "judges": [
      "Before WATHEN, C.J., and ROBERTS, GLASSMAN, CLIFFORD, RUDMAN, DANA and LIPEZ, JJ."
    ],
    "parties": [
      "Richard J. FISCO v. DEPARTMENT OF HUMAN SERVICES."
    ],
    "opinions": [
      {
        "text": "RUDMAN, Justice.\nThe Department of Human Services (DHS) appeals from the judgment entered in the Superior Court (Cumberland County, Brennan, J.) holding that the doctrine of laches bars DHS, acting on behalf of Janet Westhoff, from recovering child support ar-rearages from Richard Fisco. We review the decision of the Superior Court based on the evidence developed at the administrative review hearing and even though our review is deferential, the decision is clearly erroneous. We therefore vacate the judgment.\nFisco and Westhoff divorced in New York in November 1979. The divorce decree ordered Fisco to pay Westhoff $75.00 per week in child support. He satisfied this support obligation until May 1980, when Westhoff presented Fisco with a written modification agreement that released Fisco from his support obligation and terminated his visitation rights. The proposal recited that Westhoff was employed, remarried, and able and willing to support the children. Westhoff signed this agreement and had it notarized. Fisco never signed it.\nIn 1992, Westhoff filed a uniform support petition in Suffolk County, New York. Pursuant to the Uniform Reciprocal Enforcement of Support Act, 19 M.R.S.A. \u00a7 331-420 (1981 and Supp.1994), the Suffolk County Family Court forwarded the petition to DHS in Maine, where Fisco had settled after his divorce from Westhoff. DHS issued a notice of debt to Fisco in December 1992 claiming that he owed $50,625 in child support arrear-ages to Westhoff for the support of his two children. At the administrative review hearing, Fisco raised the defense of laches and presented evidence he considered pertinent. The hearing officer acknowledged that the consideration of such a defense was beyond his jurisdiction. See Ashley v. State, 642 A.2d 176 (Me.1994) (noting that DHS is without jurisdiction to consider the equitable defense of estoppel). Reducing the amount claimed to account for support payments made by Fisco, and making other adjustments, the hearing officer established Fisco\u2019s debt to be $34,347.\nFisco sought review of the hearing officer\u2019s decision pursuant to M.R.Civ.P. 80C. The Superior Court applied the doctrine of laches and barred recovery. The Superior Court found that a reasonable person in Fisco\u2019s situation would have relied, as he did, on Westhoffs offer and her apparent compliance with her part of the agreement. Specifically, the court stated that a reasonable person would have considered formal judicial modification of the decree unnecessary.\nWe review directly the evidence developed before the administrative tribunal. See Schneider v. Dept. of Human Servs., 617 A.2d 211, 212 (Me.1992). We review the agency\u2019s findings of facts to determine whether they are supported by any competent evidence. Vector Marketing v. Unemployment Ins. Comm\u2019n, 610 A.2d 272, 274 (Me.1992). We review the question as to the availability of the defense of laches as a question of law. See Town of Bar Harbor v. Evans, 499 A.2d 157, 158 (Me.1985).\nLaches is negligence or omission seasonably to assert a right. It exists when the omission to assert the right has continued for an unreasonable and unexplained lapse of time, and under circumstances where the delay has been prejudicial to an adverse party, and where it would be inequitable to enforce the right.\nLeathers v. Stewart, 108 Me. 96, 101, 79 A. 16, 18 (1911). See Trimble v. Comm\u2019r. Dept. of Human Servs., 635 A.2d 937, 939 (Me. 1993) (finding, without holding that the defense is available, that Trimble had failed to establish the requisite detrimental reliance, change of position or prejudice resulting from the delay to establish laches); Schneider v. Dept. of Human Servs., 617 A.2d at 212; Carter v. Carter, 611 A.2d 86, 87 (Me.1992).\nAlthough Fisco does not ask us to enforce Westhoffs proposal as a valid agreement, his claim of prejudice begins with that agreement. We reiterate our position in Ashley v. State, 642 A.2d 176. A party\u2019s reliance on this kind of informal agreement is unreasonable and unjustifiable. Id. Conduct such as Westhoffs and Fisco\u2019s frustrates \u201cthe court\u2019s power to determine the amount of child support and cannot be countenanced.\u201d Id. We therefore do not consider Fisco\u2019s reliance on the proposal as evidence tending to establish the requisite prejudice.\nIndependent of his reliance on this proposal, Fisco can point to no prejudice of the kind sufficient to establish laches. West-hoffs delay in bringing the enforcement action certainly prejudiced Fisco, but he as much as Westhoff is responsible for the situation in which he now finds himself. His testimony demonstrates that he was at least vaguely aware that Westhoffs proposal improperly modified the judicially imposed rights and obligations of the parties in relation to the children. Yet he never petitioned the court either to enforce his visitation rights or, even after his economic circumstances changed, to modify his support obligation. Instead, he chose to abide by an agreement that, we may surmise, benefitted him at least in part. His part in the delay amounts to what the statute labels it \u2014 desertion and nonsupport. That his economic circumstances have changed for the worse makes him a sympathetic figure, but the fact remains that the changes occurred while he was actively ignoring a court order. We cannot reward this conduct by excusing the legal obligation. \u201cWhen both parties are at fault, neither can assert laches against the other.\u201d Mitchell v. Alfred Hofmann, Inc., 48 N.J.Super. 396, 137 A.2d 569, 572 (Ct.App. Div.1958). \u201c[T]he law will prevail where the equities are equal.\u201d Sargent v. Coolidge, 433 A.2d 738, 743 (Me.1981). The law is clear. Fisco was obligated to pay. His reliance on Westhoff s abiding by an agreement we cannot credit does not constitute the prejudice necessary to establish laches.\nThe entry is:\nJudgment vacated. Remanded \"with instructions to affirm the decision of the hearing officer.\nWATHEN, C.J., and ROBERTS, CLIFFORD and LIPEZ, JJ., concurring.\n. Repealed effective July 1, 1995 by P.L.1993, c. 690, \u00a7 A-l. Many of the provisions will be incorporated in the Uniform Interstate Family Support Act, 19 M.R.S.A. \u00a7\u00a7 421-429-B (Supp. 1994).\n. 19 M.R.S.A. \u00a7 500(1 )(G) (1981 and Supp.1994) provides:\n1. Notice of debt. In addition to conforming with the requirements of the Maine Administrative Procedure Act, Title 5, section 9052, subsection 4, notice of debt shall include:\nG. A statement that at the administrative hearing only the following issues shall be considered:\n(1) The receipt of public assistance by the responsible parent;\n(2) Uncredited cash payments;\n(3) The amount of the debt accrued and accruing;\n(4) The accuracy of the terms of the court or administrative order as stated in the notice of debt; and\n(5) The maintenance of any required medical or dental insurance coverage.",
        "type": "majority",
        "author": "RUDMAN, Justice."
      },
      {
        "text": "DANA, J.,\nwith whom GLASSMAN, J. joins, dissenting.\nI respectfully dissent. Here a mother offers in writing to fully support her children during their minority if their father will relinquish his rights to visitation. Soon after the mother\u2019s offer, the father is determined to be fully disabled as a result of his service in the Vietnam War. Although the offer was not formally accepted or incorporated into a court decree, the trial court found that the parents substantially abided by their bargain. Now, after a dozen years and after the children have reached their majority, the mother, having received the benefit of her bargain, changes her mind. The father cries foul. He complains that he can never recapture the visitations he has forgone. Additionally, had he known years ago that his former wife would ultimately bring this action, he could have obtained judicial relief from the prior judgment because of his total disability. In a case such as this where the state has not been required to support the children from the public fisc, I would affirm the decision of the Superior Court and leave the parties to their bargain.\nIn its analysis, the Court first asserts that the father\u2019s reliance on the agreement was unreasonable and unjustifiable. The Court cites our opinion in Ashley v. State, 642 A.2d 176 (Me.1994), in which we stated that the equitable defense of estoppel must be based on a reasonable reliance. In contrast, laches is \u201can omission to assert a right for an unreasonable and unexplained length of time and under circumstances prejudicial to the adverse party.\u201d A.H. Benoit & Co. v. Johnson, 160 Me. 201, 207, 202 A.2d 1, 5 (1964). There is no requirement of \u201creasonable reliance\u201d by the adverse party.\nThe record supports the trial court\u2019s finding that Westhoff s twelve year delay in seeking arrearages greatly prejudiced Fisco. As the Superior Court noted, the change in Fis-co\u2019s working and financial circumstances during the period of delay would have provided \u201cboth a strong incentive and a compelling argument for a judicial modification of his support obligation.\u201d\nThe Court\u2019s reliance on a 1958 New Jersey Superior Court decision is unpersuasive support for its conclusion that the trial court erred in determining that the equitable defense of laches is applicable to this case. The trial court\u2019s decision finds substantial support from the many jurisdictions that in recent years have held that equitable defenses are available in support enforcement actions. See, e.g., Parkinson v. Parkinson, 106 Nev. 481, 796 P.2d 229, 231 (1990) (finding a waiver, the court said, \u201c[W]e now align ourselves with the majority of jurisdictions and hold that additional equitable defenses such as estoppel or waiver may be asserted by the obligor in a proceeding to enforce or modify an order for child support or, as here, to reduce child support arrearages to judgment.\u201d) (footnote omitted). See generally Annotation, Laches or acquiescence as defense, so as to bar recovery of arrearages of permanent alimony or child support, 5 A.L.R. 4th 1015 (1981 and Supp.1994).\nEqually inapposite is the Court\u2019s claim that laches is unavailable in this case because the agreement \u201cbenefitted [Fisco] at least in part.\u201d The Court supports its conclusion by asserting that the \u201claw \"will prevail where the equities are equal.\u201d Although the agreement may have benefitted Fisco in part, implicit in the Superior Court\u2019s decision is the finding that the equities were far from equal.\nFinally, the Court\u2019s confusion concerning the requirements of laches is demonstrated in its conclusory statement that Fisco\u2019s \u201creliance on Westhoffs abiding by an agreement we cannot credit does not constitute the prejudice necessary to establish laches.\u201d (Emphasis added.) As the Superior Court correctly concluded, Fisco\u2019s defense of laches was properly based on the prejudice flowing from Westhoffs failure to assert her claim within a reasonable time. Whether Fisco\u2019s reliance on the agreement was reasonable is irrelevant to the analysis in this case.",
        "type": "dissent",
        "author": "DANA, J.,"
      }
    ],
    "attorneys": [
      "Peter E. Rodway (orally), Portland, for plaintiff.",
      "Mary B. Najar\u00edan (orally), Asst. Atty. Gen., Augusta, for defendant."
    ],
    "corrections": "",
    "head_matter": "Richard J. FISCO v. DEPARTMENT OF HUMAN SERVICES.\nSupreme Judicial Court of Maine.\nArgued March 29, 1995.\nDecided May 30, 1995.\nPeter E. Rodway (orally), Portland, for plaintiff.\nMary B. Najar\u00edan (orally), Asst. Atty. Gen., Augusta, for defendant.\nBefore WATHEN, C.J., and ROBERTS, GLASSMAN, CLIFFORD, RUDMAN, DANA and LIPEZ, JJ."
  },
  "file_name": "0274-01",
  "first_page_order": 342,
  "last_page_order": 345
}
