{
  "id": 9135550,
  "name": "PUEBLO EN INTERES DEL MENOR P.J.R.A.",
  "name_abbreviation": "Pueblo en interes del P.J.R.A.",
  "decision_date": "2001-05-30",
  "docket_number": "N\u00fam. KLAN-2000-00437",
  "first_page": "645",
  "last_page": "650",
  "citations": [
    {
      "type": "official",
      "cite": "7 T.C.A. 645"
    },
    {
      "type": "parallel",
      "cite": "2002 DTA 5"
    }
  ],
  "court": {
    "name_abbreviation": "P.R. Cir.",
    "id": 16431,
    "name": "Puerto Rico Circuit Court of Appeals"
  },
  "jurisdiction": {
    "id": 25,
    "name_long": "Puerto Rico",
    "name": "P.R."
  },
  "cites_to": [
    {
      "cite": "93 D.P.R. 380",
      "category": "reporters:state",
      "reporter": "P.R. Dec.",
      "case_ids": [
        8813988
      ],
      "year": 1966,
      "opinion_index": 0,
      "case_paths": [
        "/pr-dec/93/0380-01"
      ]
    },
    {
      "cite": "83 D.P.R. 573",
      "category": "reporters:state",
      "reporter": "P.R. Dec.",
      "case_ids": [
        8816127
      ],
      "year": 1961,
      "pin_cites": [
        {
          "page": "582"
        }
      ],
      "opinion_index": 0,
      "case_paths": [
        "/pr-dec/83/0573-01"
      ]
    },
    {
      "cite": "128 D.P.R. 509",
      "category": "reporters:state",
      "reporter": "P.R. Dec.",
      "case_ids": [
        11981784
      ],
      "year": 1991,
      "pin_cites": [
        {
          "page": "512"
        }
      ],
      "opinion_index": 0,
      "case_paths": [
        "/pr-dec/128/0509-01"
      ]
    },
    {
      "cite": "440 P.2d. 939",
      "category": "reporters:state_regional",
      "reporter": "P.2d",
      "year": 1968,
      "opinion_index": 0
    },
    {
      "cite": "97 D.P.R. 513",
      "category": "reporters:state",
      "reporter": "P.R. Dec.",
      "case_ids": [
        8813062
      ],
      "weight": 3,
      "year": 1969,
      "opinion_index": 0,
      "case_paths": [
        "/pr-dec/97/0513-01"
      ]
    },
    {
      "cite": "100 D.P.R. 345",
      "category": "reporters:state",
      "reporter": "P.R. Dec.",
      "case_ids": [
        8831208
      ],
      "year": 1971,
      "opinion_index": 0,
      "case_paths": [
        "/pr-dec/100/0345-01"
      ]
    },
    {
      "cite": "112 D.P.R. 307",
      "category": "reporters:state",
      "reporter": "P.R. Dec.",
      "case_ids": [
        8811523
      ],
      "year": 1982,
      "opinion_index": 0,
      "case_paths": [
        "/pr-dec/112/0307-01"
      ]
    },
    {
      "cite": "137 D.P.R. 722",
      "category": "reporters:state",
      "reporter": "P.R. Dec.",
      "case_ids": [
        11556826,
        11556771
      ],
      "year": 1994,
      "opinion_index": 0,
      "case_paths": [
        "/pr-dec/137/0722-02",
        "/pr-dec/137/0722-01"
      ]
    },
    {
      "cite": "102 D.P.R. 705",
      "category": "reporters:state",
      "reporter": "P.R. Dec.",
      "case_ids": [
        8812652
      ],
      "year": 1974,
      "opinion_index": 0,
      "case_paths": [
        "/pr-dec/102/0705-01"
      ]
    },
    {
      "cite": "106 D.P.R. 28",
      "category": "reporters:state",
      "reporter": "P.R. Dec.",
      "case_ids": [
        8812686
      ],
      "year": 1977,
      "opinion_index": 0,
      "case_paths": [
        "/pr-dec/106/0028-01"
      ]
    },
    {
      "cite": "128 D.P.R. 931",
      "category": "reporters:state",
      "reporter": "P.R. Dec.",
      "case_ids": [
        11983453
      ],
      "weight": 3,
      "year": 1991,
      "pin_cites": [
        {
          "page": "940"
        },
        {
          "page": "938"
        }
      ],
      "opinion_index": 0,
      "case_paths": [
        "/pr-dec/128/0931-01"
      ]
    },
    {
      "cite": "121 D.P.R. 454",
      "category": "reporters:state",
      "reporter": "P.R. Dec.",
      "case_ids": [
        8758560
      ],
      "year": 1983,
      "opinion_index": 0,
      "case_paths": [
        "/pr-dec/121/0454-01"
      ]
    },
    {
      "cite": "99 D.P.R. 970",
      "category": "reporters:state",
      "reporter": "P.R. Dec.",
      "case_ids": [
        8813987
      ],
      "year": 1971,
      "opinion_index": 0,
      "case_paths": [
        "/pr-dec/99/0970-01"
      ]
    },
    {
      "cite": "100 D.P.R. 46",
      "category": "reporters:state",
      "reporter": "P.R. Dec.",
      "case_ids": [
        8829961
      ],
      "year": 1971,
      "opinion_index": 0,
      "case_paths": [
        "/pr-dec/100/0046-01"
      ]
    },
    {
      "cite": "100 D.P.R. 734",
      "category": "reporters:state",
      "reporter": "P.R. Dec.",
      "case_ids": [
        8832431
      ],
      "year": 1972,
      "opinion_index": 0,
      "case_paths": [
        "/pr-dec/100/0734-01"
      ]
    },
    {
      "cite": "103 D.P.R. 939",
      "category": "reporters:state",
      "reporter": "P.R. Dec.",
      "case_ids": [
        8813109
      ],
      "year": 1975,
      "opinion_index": 0,
      "case_paths": [
        "/pr-dec/103/0939-01"
      ]
    },
    {
      "cite": "91 D.P.R. 183",
      "category": "reporters:state",
      "reporter": "P.R. Dec.",
      "case_ids": [
        8813979
      ],
      "year": 1964,
      "pin_cites": [
        {
          "page": "203"
        }
      ],
      "opinion_index": 0,
      "case_paths": [
        "/pr-dec/91/0183-01"
      ]
    },
    {
      "cite": "101 D.P.R. 11",
      "category": "reporters:state",
      "reporter": "P.R. Dec.",
      "case_ids": [
        8812281
      ],
      "year": 1973,
      "opinion_index": 0,
      "case_paths": [
        "/pr-dec/101/0011-01"
      ]
    },
    {
      "cite": "102 D.P.R. 82",
      "category": "reporters:state",
      "reporter": "P.R. Dec.",
      "case_ids": [
        8810930
      ],
      "year": 1974,
      "opinion_index": 0,
      "case_paths": [
        "/pr-dec/102/0082-01"
      ]
    },
    {
      "cite": "128 D.P.R. 121",
      "category": "reporters:state",
      "reporter": "P.R. Dec.",
      "case_ids": [
        11979245
      ],
      "year": 1991,
      "pin_cites": [
        {
          "page": "130-31"
        }
      ],
      "opinion_index": 0,
      "case_paths": [
        "/pr-dec/128/0121-01"
      ]
    },
    {
      "cite": "137 D.P.R. 56",
      "category": "reporters:state",
      "reporter": "P.R. Dec.",
      "case_ids": [
        11554932
      ],
      "year": 1994,
      "opinion_index": 0,
      "case_paths": [
        "/pr-dec/137/0056-01"
      ]
    },
    {
      "cite": "130 D.P.R. 470",
      "category": "reporters:state",
      "reporter": "P.R. Dec.",
      "case_ids": [
        11559934
      ],
      "year": 1992,
      "pin_cites": [
        {
          "page": "480"
        }
      ],
      "opinion_index": 0,
      "case_paths": [
        "/pr-dec/130/0470-01"
      ]
    },
    {
      "cite": "117 D. P.R. 645",
      "category": "reporters:state",
      "reporter": "P.R. Dec.",
      "case_ids": [
        8758995
      ],
      "weight": 2,
      "year": 1986,
      "pin_cites": [
        {
          "page": "652"
        }
      ],
      "opinion_index": 0,
      "case_paths": [
        "/pr-dec/117/0645-01"
      ]
    },
    {
      "cite": "128 D.P.R. 729",
      "category": "reporters:state",
      "reporter": "P.R. Dec.",
      "case_ids": [
        11982929
      ],
      "year": 1991,
      "pin_cites": [
        {
          "page": "739"
        }
      ],
      "opinion_index": 0,
      "case_paths": [
        "/pr-dec/128/0729-01"
      ]
    },
    {
      "cite": "102 D.P.R. 545",
      "category": "reporters:state",
      "reporter": "P.R. Dec.",
      "case_ids": [
        8812268
      ],
      "weight": 3,
      "year": 1974,
      "pin_cites": [
        {
          "page": "552"
        }
      ],
      "opinion_index": 0,
      "case_paths": [
        "/pr-dec/102/0545-01"
      ]
    },
    {
      "cite": "122 D.P.R. 80",
      "category": "reporters:state",
      "reporter": "P.R. Dec.",
      "case_ids": [
        8809279
      ],
      "year": 1988,
      "opinion_index": 0,
      "case_paths": [
        "/pr-dec/122/0080-01"
      ]
    },
    {
      "cite": "116 D.P.R. 748",
      "category": "reporters:state",
      "reporter": "P.R. Dec.",
      "case_ids": [
        8760455
      ],
      "year": 1985,
      "pin_cites": [
        {
          "page": "760-61"
        }
      ],
      "opinion_index": 0,
      "case_paths": [
        "/pr-dec/116/0748-01"
      ]
    },
    {
      "cite": "83 D.P.R. 511",
      "category": "reporters:state",
      "reporter": "P.R. Dec.",
      "case_ids": [
        8815961
      ],
      "year": 1961,
      "pin_cites": [
        {
          "page": "519-20"
        }
      ],
      "opinion_index": 0,
      "case_paths": [
        "/pr-dec/83/0511-01"
      ]
    },
    {
      "cite": "116 D.P.R. 139",
      "category": "reporters:state",
      "reporter": "P.R. Dec.",
      "case_ids": [
        8757250
      ],
      "year": 1985,
      "pin_cites": [
        {
          "page": "145"
        }
      ],
      "opinion_index": 0,
      "case_paths": [
        "/pr-dec/116/0139-01"
      ]
    },
    {
      "cite": "117 D.P.R. 283",
      "category": "reporters:state",
      "reporter": "P.R. Dec.",
      "case_ids": [
        8757741
      ],
      "year": 1986,
      "pin_cites": [
        {
          "page": "294"
        }
      ],
      "opinion_index": 0,
      "case_paths": [
        "/pr-dec/117/0283-01"
      ]
    }
  ],
  "analysis": {
    "cardinality": 987,
    "char_count": 17933,
    "ocr_confidence": 0.891,
    "pagerank": {
      "raw": 4.03580807328026e-08,
      "percentile": 0.21474611068058408
    },
    "sha256": "e73dc5c7c7b2aff401841f7b1e4acbacd24f1944a4970ca0a2b65f8bc035f220",
    "simhash": "1:de1fb75b424f6f8a",
    "word_count": 2934
  },
  "last_updated": "2024-02-27T17:14:31.421933+00:00",
  "provenance": {
    "date_added": "2019-08-29",
    "source": "Harvard",
    "batch": "2018"
  },
  "casebody": {
    "judges": [
      "Panel integrado por su Presidente, el Juez Arbona Lago, y los Jueces Urgell Cuebas y Aponte Hern\u00e1ndez"
    ],
    "parties": [
      "PUEBLO EN INTERES DEL MENOR P.J.R.A."
    ],
    "opinions": [
      {
        "text": "TEXTO COMPLETO DE LA RESOLUCION\nHechos\nEl 3 de diciembre de 1999 fueron presentadas ante el Tribunal de Menores, Sala de Bayam\u00f3n, dos quejas contra el menor apelante P.J.R.A., por violaci\u00f3n a los art\u00edculos 401 y 412 de la Ley de Sustancias Controladas, 24 L.P.R.A. \u00a7 2401, 2411, en concierto y com\u00fan acuerdo con el tambi\u00e9n menor N.J.R.\nLuego de haberse cumplido con los aspectos procesales pertinentes, el 14 de marzo de 2000 fue celebrada la vista adjudicativa contra los menores en el Tribunal de Primera Instancia, Sala Superior de Bayam\u00f3n (Asuntos de Menores), ante el Hon. Juez Reinaldo O. Catinchi. En dicha ocasi\u00f3n testificaron los agentes Marcelino P\u00e9rez de Jes\u00fas y la Sargento Vanesa Sep\u00falveda, en cuanto a los eventos ocurridos del 27 de noviembre de 1999 al 3 de diciembre de 1999, que culminaron con el arresto de los menores.\nEl agente P\u00e9rez de Jes\u00fas declar\u00f3 que el 27 de noviembre de 1999 recibi\u00f3 una confidencia de parte de un informante, se\u00f1alando que un hombre adulto llamado \"Pedro\" en compa\u00f1\u00eda de un joven conocido como \"Jani\", estaban vendiendo drogas desde el Apto. 107, edificio 17 del Residencial Villas de Mab\u00f3 en Guaynabo. El agente le inform\u00f3 de dicha confidencia a su supervisor inmediato, quien lo autoriz\u00f3 a iniciar una vigilancia de los predios. Establecida la vigilancia, el agente observ\u00f3 varias transacciones que por su experiencia estim\u00f3 que eran de narc\u00f3ticos no autorizados (drogas) conducidas por dos individuos que entraban y sal\u00edan del referido apartamento, cuyos atributos f\u00edsicos concordaban con las descripciones ofrecidas por el informante. El agente entonces consult\u00f3 con el fiscal y procedi\u00f3 a juramentar sus hallazgos ante la Hon. Jueza Teresa Medina, quien expidi\u00f3 orden autorizando el registro y allanamiento del Apto. 107, edificio 17 del Residencial Villas de Mab\u00f3. La orden fue diligenciada por la Sargento Sep\u00falveda, junto a varios compa\u00f1eros del precinto, el 3 de diciembre de 1999 a las 7:00 a.m.\nAl respecto, la Sargento Sep\u00falveda declar\u00f3 que cuando llegaron al apartamento la puerta estaba abierta, por lo que procedieron a entrar, e inmediatamente localizar y reunir en la sala a las cuatro personas que all\u00ed se encontraban. Posteriormente, la Sargento Sep\u00falveda le entreg\u00f3 la orden de registro a la joven Lydiana De Le\u00f3n Rodr\u00edguez quien era la \u00fanica persona de edad adulta en dicho apartamento. Los tres restantes eran menores de edad, entre los cuales se encontraban los dos menores a quienes le fueron imputadas las faltas antes se\u00f1aladas.\nComenzaron el registro en el cuarto localizado al final del pasillo, el cual seg\u00fan lo indicado, era el de los menores P.J.R.A. y N.J.R. Buscaron en el \u00e1rea del \"cl\u00f3set\" y dentro encontraron nueve (9) bolsitas con picadura de marihuana y una pipa de madera dentro de los bolsillos de una camisa all\u00ed colgada. Encontraron adem\u00e1s otras diecisiete (17) bolsitas con marihuana y dinero en efectivo dentro de los bolsillos de un \"jacket\" verde. Por \u00faltimo, encontraron una lata de \"Coors Light\" con m\u00e1s bolsitas de marihuana.\nDeclar\u00f3 adem\u00e1s no haber encontrado nada en ninguno de los otros cuartos del apartamento, a excepci\u00f3n del \"laundry\", en donde encontraron trece (13) balas calibre 45 y alguna parafemalia alegadamente relacionada con la confecci\u00f3n y el consumo de drogas. Finalizado el registro, le hicieron las correspondientes advertencias a las cuatro personas y se las llevaron al cuartel de Guaynabo, junto a la evidencia obtenida. All\u00ed se comunicaron con los padres de los menores y con el fiscal de distrito. Luego realizaron la prueba de campo, la cual arroj\u00f3 positivo a marihuana.\nPosteriormente, le sometieron cargos \u00fanicamente a los menores P.J.R.A. y N.J.R. Luego de varios incidentes procesales y de celebrada la vista adjudicativa del 14 de marzo de 2000 en cuanto al menor P.J.R.A., \u00e9ste fue h\u00e1llado incurso en violaci\u00f3n al art\u00edculo 401 de la Ley de Sustancias Controladas, y no incurso en cuanto al art\u00edculo 412 de dicha Ley. Se le impuso medida condicional de dieciocho (18) meses en libertad a prueba bajo la custodia de su madre y la supervisi\u00f3n del tribunal.\nInconforaxes con la sentencia, el peticionario-apelante recurre mediante la causa del ep\u00edgrafe presentada el 13 de abril de 2000. Imputa la convicci\u00f3n de dos errores:\n\"Primer Error\nErr\u00f3 el Honorable Tribunal de Instancia al encontrar incurso al apelante por la comisi\u00f3n de la falta, bajo el Art\u00edculo 401 de Sustancias Controladas, ya que el Procurador de Menores no prob\u00f3 su caso m\u00e1s all\u00e1 de duda razonable.\nSegundo Error\nErr\u00f3 el Tribunal de Primera Instancia al determinar que el apelante actu\u00f3 en concierto y com\u00fan acuerdo con otro menor en la comisi\u00f3n de las faltas por las cuales se le encontr\u00f3 incurso.\"\nContando con el beneficio de los autos originales, y de una exposici\u00f3n narrativa de la prueba oral desfilada, y los alegatos de ambas partes, estamos en posici\u00f3n de resolver.\nExposici\u00f3n y An\u00e1lisis\nAtenderemos ambos errores en conjunto, por estar \u00edntimamente relacionados y haber sido discutidos de tal forma por las partes.\nSurge de los autos, como dato incontrovertido, que al apelante no se le ocup\u00f3 f\u00edsicamente la marihuana. Debemos, pues, determinar si la prueba que fue aportada resulta suficiente para establecer, m\u00e1s all\u00e1 de duda razonable, la posesi\u00f3n constructiva de la droga ocupada. Es menester se\u00f1alar que la ley contempla como conducta constitutiva de delito, no s\u00f3lo la tenencia f\u00edsica inmediata por un individuo de un art\u00edculo prohibido, sino tambi\u00e9n la posesi\u00f3n com\u00fan que ocurre cuando varias personas, con conocimiento, comparten el control sobre el art\u00edculo delictivo. Pueblo v. Rivera Rivera, 117 D.P.R. 283, 294 (1986). Ahora bien, la mera presencia de una persona en la escena del delito, por si s\u00f3lo, no es suficiente para sostener una convicci\u00f3n, aunque ello es uno de los elementos a considerar. Pueblo v. Ortiz Mart\u00ednez, 116 D.P.R. 139, 145 (1985); Pueblo v. Aponte Gonz\u00e1lez, 83 D.P.R. 511, 519-20 (1961).\nDe otra parte, en nuestra jurisdicci\u00f3n, \"[e]l precepto constitucional que garantiza al acusado la presunci\u00f3n de inocencia [Art. II, Carta de Derechos, Sec. 11, Constituci\u00f3n del Estado Libre Asociado de Puerto Rico] exige que toda convicci\u00f3n siempre est\u00e9 sostenida por prueba que establezca m\u00e1s all\u00e1 de duda razonable todos los elementos del delito y la conexi\u00f3n del acusado con los mismos\". Pueblo v. Bigio Pastrana, 116 D.P.R. 748, 760-61 (1985). Dicho mandato tambi\u00e9n est\u00e1 incorporado en la Regla 110 de las de Procedimiento Criminal, 34 L.P.R.A. Ap. II, R. 110, la cual, en lo pertinente, sostiene que se presumir\u00e1 inocente al acusado en todo proceso criminal, mientras no se probare lo contrario, y en caso de existir duda razonable acerca de su culpabilidad, se le absolver\u00e1.\nViene as\u00ed obligado el Ministerio P\u00fablico, no s\u00f3lo a presentar prueba que conecte al acusado con la comisi\u00f3n del delito imputado, sino que la prueba tiene que contener un qu\u00e1ntum m\u00e1s all\u00e1 de duda razonable para que pueda ser constitucionalmente suficiente para sostener una convicci\u00f3n. En cuanto a este particular, se ha establecido que el qu\u00e1ntum de evidencia que la Constituci\u00f3n prev\u00e9 para que se pueda sostener una convicci\u00f3n, es aqu\u00e9l que establece una certeza moral que convence sobre todos y cada uno de los elementos del delito, as\u00ed como respecto a la conexi\u00f3n del acusado con \u00e9stos. Pueblo v. Narv\u00e1ez Narv\u00e1ez, 122 D.P.R. 80 (1988); Pueblo v. Carrasquillo Carrasquillo, 102 D.P.R. 545, 552 (1974). Dicha prueba tiene que ser constitucionalmente satisfactoria, es decir, que produzca certeza o convicci\u00f3n moral en una conciencia exenta de preocupaciones o en un \u00e1nimo no prevenido. Pueblo v. Rosaly Soto, 128 D.P.R. 729, 739 (1991); Pueblo v. Cab\u00e1n Torres, 117 D. P.R. 645, 652 (1986).\nLa insatisfacci\u00f3n con la prueba es lo que se conoce como duda razonable y fundada. Pueblo v. Cab\u00e1n Torres, supra, a la p\u00e1g. 652. Ahora bien, \"ello no significa que toda duda posible, especulativa o imaginaria tenga que ser destruida. S\u00f3lo se exige que la prueba establezca aquella certeza moral que convence, que dirige la inteligencia y que satisface la raz\u00f3n\". Pueblo v. Pag\u00e1n Santiago, 130 D.P.R. 470, 480 (1992). Respecto la suficiencia de prueba, la Regla 10(C) de las de Evidencia, 32 L.P.R.A. Ap. IV, R. 10(C), dispone que \"[p]ara establecer un hecho no se exige aquel grado de prueba que, excluyendo posibilidad de error, produzca absoluta certeza; s\u00f3lo se exige la certeza o convicci\u00f3n moral en un \u00e1nimo no prevenido\u201d. Conforme a ello, una parte descarga su responsabilidad de probar un hecho persuadiendo al juzgador de \u00e1nimo no prevenido o prejuiciado de que tal hecho ocurri\u00f3. Pueblo v. Torres Garc\u00eda, 137 D.P.R. 56 (1994); Pueblo v. Rodr\u00edguez Rom\u00e1n, 128 D.P.R. 121, 130-31 (1991).\nDe otra parte, es norma reiterada por nuestro Tribunal Supremo que la valoraci\u00f3n de la prueba correspomde al foro primario y que, en revisi\u00f3n, los juzgadores de hechos merecen respeto y confiabilidad en la apreciaci\u00f3n de la prueba. Pueblo v. Rosario Cintr\u00f3n, 102 D.P.R. 82 (1974); Pueblo v. Nev\u00e1rez Vilella, 101 D.P.R. 11 (1973); Pueblo v. Rodr\u00edguez Hern\u00e1ndez, 91 D.P.R. 183, 203 (1964). Por tanto, la determinaci\u00f3n de culpabilidad que hace el juzgador de hechos a nivel de instancia es merecedora de gran deferencia por parte del tribunal apelativo. Ortiz v. Cruz Pab\u00f3n, 103 D.P.R. 939 (1975).\nNo obstante, ello no puede significar que el juzgador nunca se equivoca. De ah\u00ed que en muchos casos no se debe vacilar en dejar sin efecto un fallo condenatorio cuando de un an\u00e1lisis de la prueba que tuvo ante s\u00ed el tribunal sentenciador surgen serias dudas, razonables y fundadas, sobre la culpabilidad del acusado. Pueblo v. M\u00e9ndez Rol\u00f3n, 100 D.P.R. 734 (1972); Pueblo v. Rivera Arroyo, 100 D.P.R. 46 (1971); Pueblo v. Torres Rol\u00f3n, 99 D.P.R. 970 (1971); Pueblo v. Carrasquillo Carrasquillo, supra, a la p\u00e1g. 551. Cuando ello ocurre, no se trata de una intervenci\u00f3n con la funci\u00f3n del juez o del jurado en la apreciaci\u00f3n de la prueba, sino de un error de derecho. En tales casos, donde el apelante logra plantear algo que implica vulneraci\u00f3n a la garant\u00eda constitucional, simplemente se trata de que del contenido de la prueba aportada por el Ministerio P\u00fablico surge una duda razonable sobre la responsabilidad imputada al acusado, lo que es revisable como cuesti\u00f3n de Derecho. Pueblo v. Carrasquillo Carrasquillo, supra, a la p\u00e1g. 552; Pueblo v. Cab\u00e1n Torres, supra; Pueblo v. Rivero, Lugo y Almod\u00f3var, 121 D.P.R. 454 (1983); Pueblo en inter\u00e9s menor F.S.C., 128 D.P.R. 931, 940 (1991).\nDe otra parte, es principio cardinal que para imponer responsabilidad criminal a una persona, como autor de un delito, es indispensable que \u00e9sta haya tomado parte directa en la comisi\u00f3n del mismo; que haya instigado, ayudado o cooperado a cometerlo; haberse valido de una persona inimputable para perpetrarlo o haber ayudado a los que lo cometieron, en cumplimiento de una promesa anterior. Art. 35 del C\u00f3digo Penal, 33 L.P.R.A. \u00a7 3172. Claro resulta, pues, \"que no es necesario ser el agente que comete el delito, sino que basta participar, aunque sea pasivamente, en la empresa delictiva. Sin embargo, para poder ser sancionada, esta participaci\u00f3n debe ser realizada con intenci\u00f3n o negligencia criminal y ser probado m\u00e1s all\u00e1 de duda razonable\". Pueblo en inter\u00e9s menor F.S.C., 128 D.P.R. 931, 938 (1991).\nEn casos de co-autor\u00eda, la responsabilidad criminal debe ser establecida por el Ministerio P\u00fablico en funci\u00f3n de actos anteriores y posteriores que, considerados en conjunto, revelen la existencia de una conspiraci\u00f3n o com\u00fan acuerdo. Id. Dicho elemento, de concierto y com\u00fan acuerdo o designio com\u00fan, puede ser establecido mediante prueba circunstancial, Pueblo v. Cancel Peraza, 106 D.P.R. 28 (1977), que es aqu\u00e9lla tendiente \"a demostrar el hecho en controversia probando otro distinto del cual, en uni\u00f3n a otros hechos ya establecidos, puede razonablemente inferirse el hecho en controversia\". Regla 10(C) de las de Evidencia, 32 L. P.R.A. Ap. IV, R. 10(C). (Enfasis suplido).\nEl art\u00edculo 401 de la Ley de Sustancias Controladas, 24 L.P.R.A. \u00a7 2401, tipifica como delito grave la posesi\u00f3n de una sustancia controlada con intenci\u00f3n de distribuirla. Se refiere a la posesi\u00f3n con la intenci\u00f3n espec\u00edfica de fabricar, distribuir, transportar u ocultar narc\u00f3ticos en bien del comercio ilegal. Fuentes Morales v. Tribunal Superior, 102 D.P.R. 705 (1974).\nEst\u00e1 resuelto que la intenci\u00f3n de distribuir se puede inferir por la cantidad de droga ocupada al individuo. Pueblo y Lorio Ormidby I, 137 D.P.R. 722 (1994); Pueblo v. Torres Estrada, 112 D.P.R. 307 (1982). En cuanto a la posesi\u00f3n, elemento esencial del referido art\u00edculo 401, la misma puede ser inmediata o constructiva y no es necesaria la posesi\u00f3n f\u00edsica de las sustancias. Basta que se tenga el control o el derecho al control de \u00e9sta. Pueblo v. Cruz Rivera, 100 D.P.R. 345 (1971); Pueblo v. Cruz Rosado, 97 D.P.R. 513 (1969). En casos de posesi\u00f3n conjunta o constructiva de sustancias controladas, se le impone responsabilidad penal a todas las personas que tienen conocimiento, control y manejo del bien prohibido, sin requerirse la posesi\u00f3n inmediata del mismo. Dora Nevares-Mu\u00f1iz, Derecho Penal Puertorrique\u00f1o, 149 (1995). V\u00e9ase adem\u00e1s Pueblo en inter\u00e9s menor F.S.C., supra. La posesi\u00f3n puede ser imputada cuando la sustancia es hallada en un lugar inmediato y accesible al acusado, sujeto a su dominio y control. Aun cuando no tenga el control exclusivo de la sustancia, podr\u00e1 imput\u00e1rsele la posesi\u00f3n cuando el individuo no ha abandonado el narc\u00f3tico, y ninguna otra persona ha adquirido su dominio. Pueblo v. Cruz Rosado, supra.\nAl respecto, nuestro Tribunal Supremo ha expresado que la posesi\u00f3n se establece con prueba tendente a demostrar que el acusado ejerc\u00eda dominio y control sobre el contrabando, que conoc\u00eda de su presencia y que \u00e9ste ten\u00eda conocimiento de que el material era narc\u00f3tico. Pueblo v. Cruz Rosado, supra, a la p\u00e1g. 515 (citando a People v. Showers, 440 P.2d. 939 (1968)). Viene as\u00ed obligado el Ministerio P\u00fablico a probar, m\u00e1s all\u00e1 de duda razonable, que el acusado ten\u00eda el control o el derecho al control de la sustancia o que \u00e9sta se encontraba en un lugar inmediato y accesible al acusado, sujeto a su dominio y control, y que, adem\u00e1s, el acusado ten\u00eda conocimiento sobre la presencia de la sustancia en el lugar.\nUn examen objetivo de la prueba aportada por el Ministerio P\u00fablico en el caso que nos ocupa, nos mueve a coincidir con el foro de Instancia en que la misma resulta suficiente en derecho para probar, m\u00e1s all\u00e1 de duda razonable, los elementos de posesi\u00f3n y conocimiento en lo que respecta al aqu\u00ed apelante, por lo que el fallo de culpabilidad que es objeto de impugnaci\u00f3n debe prevalecer.\nEn la controversia de autos, la Sargento Sepulveda realiz\u00f3 un registro legal del apartamento 107 del Residencial Villas de Mab\u00f3, donde resid\u00eda el menor y aqu\u00ed peticionario P.J.R.A. La sargento contaba con una orden de registro y allanamiento sobre el apartamento, obtenida como resultado de una investigaci\u00f3n realizada por el agente P\u00e9rez de Jes\u00fas. Durante el curso de su investigaci\u00f3n, el agente observ\u00f3 varias transacciones que por su experiencia identific\u00f3 como de drogas controladas, todas conducidas desde el referido apartamento, confirmando as\u00ed las previas confidencias recibidas.\nDurante el registro, la Sargento Sep\u00falveda ocup\u00f3 alrededor de veinte (20) bolsitas de marihuana en el cl\u00f3set de uno de los cuartos. De acuerdo con el testimonio ofrecido y no controvertido durante el juicio, dicho cuarto era el dormitorio del peticionario P J.R.A, el cual compart\u00eda con el tambi\u00e9n imputado N.J.R.\nLa defensa nos invita a revocar bajo el supuesto de que al no encontrarse la droga a simple vista, no exist\u00eda prueba de que el menor conociera de su existencia. Como se\u00f1alamos anteriormente, la exigencia de practicar prueba admisible \"m\u00e1s all\u00e1 de toda duda razonable\", exige certeza y convicci\u00f3n moral en un \u00e1nimo no prevenido, m\u00e1s no exige certeza matem\u00e1tica. No podemos olvidar que la duda tiene que ser una razonable. Despu\u00e9s de todo, los jueces no debemos ser tan ingenuos como para creer lo que nadie m\u00e1s creer\u00eda. In Re: V\u00e9lez B\u00e1ez, 128 D.P.R. 509, 512 (1991); Pueblo v. Luciano Arroyo, 83 D.P.R. 573, 582 (1961).\nLo cierto es que la droga estaba en los bolsillos de una camisa y \"j\u00e1quet\" colgados en el\"cl\u00f3set\" y dentro de un envase cilindrico all\u00ed colocado. No existe duda en cuanto a la presencia del menor en el lugar del delito. Tanto la ropa como el envase estaban totalmente accesibles al menor, en su propio dormitorio, sobre el cual ejerc\u00eda control y dominio. La droga fue ocupada en un lugar de acceso diario e inmediato para el menor, libre de trancas o candados, o protegidos de alguna manera para limitar su acceso.\nConforme a lo discutido, resolvemos que la prueba circunstancial desfilada, no contradicha y cre\u00edda por el foro de Instancia, fue suficiente y capacit\u00f3 al hermano foro de Primera Instancia para v\u00e1lidamente encontrar al menor P.J.R.A. incurso en la falta, m\u00e1s all\u00e1 de duda razonable. El menor ten\u00eda la posesi\u00f3n constructiva de la droga, conoc\u00eda su existencia y ten\u00eda control sobre la misma.\nDictamen\nA tenor con los fundamentos expuestos, confirmamos la sentencia apelada.\nLo acord\u00f3 el Tribunal y lo certifica la Subsecretar\u00eda General.\nGladys E. Ortega Ram\u00edrez\nSubsecretar\u00eda General\nESCOLIOS 2002 DTA 5\n1. Este result\u00f3 ser el padre del peticionario P J.R.A.\n2. Durante el juicio, las partes estipularon los resultados de la prueba de campo y an\u00e1lisis qu\u00edmico.\n3. En esta \u00faltima instancia se ha establecido que la evidencia circunstancial es intr\u00ednsecamente igual que la evidencia directa. Pueblo v. Salgado Vel\u00e1zquez, 93 D.P.R. 380 (1966).",
        "type": "majority",
        "author": null
      }
    ],
    "attorneys": [],
    "corrections": "",
    "head_matter": "2002 DTA 5\nTRIBUNAL DE CIRCUITO DE APELACIONES CIRCUITO REGIONAL DE BAYAMON, PANEL II\nPUEBLO EN INTERES DEL MENOR P.J.R.A.\nN\u00fam. KLAN-2000-00437\nSan Juan, Puerto Rico, a 30 de mayo de 2001\nPanel integrado por su Presidente, el Juez Arbona Lago, y los Jueces Urgell Cuebas y Aponte Hern\u00e1ndez"
  },
  "file_name": "0645-01",
  "first_page_order": 49,
  "last_page_order": 54
}
