{
  "id": 6085164,
  "name": "Matsushita Electric Industrial Co., Ltd. v. National Steel Construction Co.",
  "name_abbreviation": "Matsushita Electric Industrial Co. v. National Steel Construction Co.",
  "decision_date": "1971-06-10",
  "docket_number": "No. 8527",
  "first_page": "1294",
  "last_page": "1296",
  "citations": [
    {
      "type": "official",
      "cite": "58 C.C.P.A. 1294"
    },
    {
      "type": "parallel",
      "cite": "442 F.2d 1383"
    },
    {
      "type": "parallel",
      "cite": "170 U.S.P.Q. 98"
    }
  ],
  "court": {
    "name_abbreviation": "C.C.P.A.",
    "id": 8989,
    "name": "United States Court of Customs and Patent Appeals"
  },
  "jurisdiction": {
    "id": 39,
    "name_long": "United States",
    "name": "U.S."
  },
  "cites_to": [
    {
      "cite": "108 USPQ 54",
      "category": "reporters:specialty",
      "reporter": "U.S.P.Q. (BNA)",
      "year": 1955,
      "opinion_index": 0
    },
    {
      "cite": "228 F. 2d 349",
      "category": "reporters:federal",
      "reporter": "F.2d",
      "case_ids": [
        64307
      ],
      "year": 1955,
      "opinion_index": 0,
      "case_paths": [
        "/f2d/228/0349-01"
      ]
    },
    {
      "cite": "104 USPQ 288",
      "category": "reporters:specialty",
      "reporter": "U.S.P.Q. (BNA)",
      "year": 1955,
      "opinion_index": 0
    },
    {
      "cite": "129 F. Supp. 389",
      "category": "reporters:federal",
      "reporter": "F. Supp.",
      "case_ids": [
        4259189
      ],
      "year": 1955,
      "opinion_index": 0,
      "case_paths": [
        "/f-supp/129/0389-01"
      ]
    },
    {
      "cite": "111 USPQ 286",
      "category": "reporters:specialty",
      "reporter": "U.S.P.Q. (BNA)",
      "year": 1956,
      "opinion_index": 0
    },
    {
      "cite": "158 USPQ 464",
      "category": "reporters:specialty",
      "reporter": "U.S.P.Q. (BNA)",
      "opinion_index": 0
    },
    {
      "cite": "158 USPQ 468",
      "category": "reporters:specialty",
      "reporter": "U.S.P.Q. (BNA)",
      "opinion_index": 0
    }
  ],
  "analysis": {
    "cardinality": 428,
    "char_count": 5776,
    "ocr_confidence": 0.397,
    "pagerank": {
      "raw": 6.360589685387118e-08,
      "percentile": 0.3898957043441529
    },
    "sha256": "0d8a6a5ef199cf50eb2c84cf11bf2e885a9494a8d821cda5d344c6c5b699edb3",
    "simhash": "1:69dfe09e0697dd15",
    "word_count": 963
  },
  "last_updated": "2024-02-27T17:45:50.180518+00:00",
  "provenance": {
    "date_added": "2019-08-29",
    "source": "Harvard",
    "batch": "2018"
  },
  "casebody": {
    "judges": [
      "Before Rich, Almond, Baldwin, Lane, Associate Judges, and Landis, Judge, sitting by designation"
    ],
    "parties": [
      "Matsushita Electric Industrial Co., Ltd. v. National Steel Construction Co."
    ],
    "opinions": [
      {
        "text": "Nigh, Judge,\ndelivered the opinion of the court.\nThis is an appeal from the decision of the Patent Office Trademark Trial and Appeal Board in cancellation proceeding No. 8,751 granting apellee\u2019s petition to cancel three registrations, Nos. 754,002, 769,-430, and 769,858, of various forms of the trademark NATIONAL. The goods named in all three registrations are: portable electric heaters, portable electric percolators, portable electric rice boilers, portable electric bakers, and portable electric blenders.\nThe board\u2019s opinion herein is published in full at 158 USPQ 468. That opinion, however, refers to and relies on the opinion in a companion cancellation, No. 8,562, heard on the same record, published at 158 USPQ 464. Familiarity with these opinions will be assumed.\nThe three registrations here involved are for composite word and design marks. The marks of registrations No. 754,002 and No. 769,858 are illustrated in the last-mentioned opinion wherein \u201cMark A\u201d is the mark of \u2018002 and \u201cMark B\u201d is the mark of \u2018858. The mark of \u2018430 is designated \u201cMark C\u201d in the opinion below herein and differs from the other two in that the dominant word portion of the mark, which is \u201cNATIONAL\u201d in the other two, is the Japanese written language equivalent written in katakana characters, the design portion of Mark C being otherwise like Mark A.\nIt is noted, with, respect to the design features of the marks, that appellant does not rely on them in arguing lack of a likelihood of confusion, etc., but, on the contrary, seems to concede legal identity between its marks and appellee\u2019s mark NATIONAL, registered to it in 1951 for automatic electric water heaters, Keg. No. 539,424, and in 1956 for portable air conditioners, Keg. No. 626,970. Appellee has also alleged, and the board found, prior use of NATIONAL on radiant electric 'heaters and other related products.\nIt is not questioned 'by appellant that appellee is the prior user.\nWith respect to Keg. No. 769,430, wherein the dominant feature of the mark is the Japanese equivalent of the word NATIONAL, the board held it to be well established that foreign words may not be registered if the English equivalent has been previously used on or registered for products which might reasonably be assumed to come from the same source, citing Ex parte Odol-Werke Wein Gesellschaft M.B.H., 111 USPQ 286 (Commr. 1956), and cases cited therein. There registration was refused to \u201cCHAT NOIK\u201d for eau de cologne in view of the prior registration of the English equivalent words \u201cBlack Cat\u201d for perfumes and toilet waters, inter alia. Appellant has not contested this principle of law. All three registrations have been dealt with in its brief on the same basis and we shall do the same.\nThe board held that the marks were in legal effect the same and the parties\u2019 goods were such that purchasers and users might well believe that they came from the same source when marked with the same mark.\nThe principal argument appellant makes here appears to be the same it made below, that NATIONAL is such a \u201cweak\u201d and \u201cwatered\u201d mark that appellee\u2019s protection should not be extended beyond the specific goods on which appellee established use of the mark. The board rejected this argument and so do we. Even though a mark may be \u201cweak\u201d in the sense of being a common word in common use as a trademark, it is entitled to be protected sufficiently to prevent confusion as to source from arising. 15 USC 1052(d). In a similar situation involving the mark NATIONAL, Judge Kirkpatrick protected the mark in The National Drying Machinery Co. v. Ackoff, 129 F. Supp. 389, 104 USPQ 288 (D.C., E.D. Pa. 1955), affirmed 228 F. 2d 349, 108 USPQ 54 (3d Cir. 1955), wherein he said:\nIt is an impossible task to draw from the precedents a rule which will fit every case as it arises. I can only say that, from all the evidence, I have reached the conclusion that the manufacture of hot air hand dryers is a field so closely connected with what the plaintiff is doing at the present time [large, expensive, industrial drying machine manufacture] that it can be considered an area of normal expansion of the plaintiff\u2019s business.\nIt must be conceded that \u201cNational\u201d is almost as weak a mark as can be found. However, it is quite likely that a purchaser would have some difficulty in explaining winch product he desired if he should try to identify it by its trade name. He would have to ask for prices on a \u201cNational\u201d dryer as distinguished from a \u201cNational Dryer\u201d dryer or vice versa. If a trade marie, however wealc, is to retain any validity, a manufacturer must be protected against a competitor\u2019s placing Ms customers in such a dilemma. [Emphasis ours.]\nNeither trademarks nor the public are adequately protected unless decisions in cases of this kind are based on a realistic appraisal of the likelihood of purchasers or prospective purchasers being confused as to source regardless of theoretical \u201cweakness\u201d of a mark. We think the board made such an appraisal and reached the right conclusion. We have considered all of appellant\u2019s arguments and precedents but they fail to persuade us of error.\nThe decision of the board is affirmed.",
        "type": "majority",
        "author": "Nigh, Judge,"
      }
    ],
    "attorneys": [
      "Donald, A. Gardiner, Jr., (.Snvith, Michael, Bradford & Gardiner)-, W. Douglas Garothers, Jr., (Garothers & Garothers), attorneys of record, for appellant.",
      "Orland M. Christensen, Gordon It. Sandborn, (Christensen, Sanborn, Matthews), attorneys of record, for appellee."
    ],
    "corrections": "",
    "head_matter": "442 F. 2d 1383; 170 USPQ 98\nMatsushita Electric Industrial Co., Ltd. v. National Steel Construction Co.\n(No. 8527)\nUnited States Court of Customs and Patent Appeals,\nJune 10, 1971\nDonald, A. Gardiner, Jr., (.Snvith, Michael, Bradford & Gardiner)-, W. Douglas Garothers, Jr., (Garothers & Garothers), attorneys of record, for appellant.\nOrland M. Christensen, Gordon It. Sandborn, (Christensen, Sanborn, Matthews), attorneys of record, for appellee.\n[Oral argument May 5,1971 by Mr. Gardiner and Mr. Christensen]\nBefore Rich, Almond, Baldwin, Lane, Associate Judges, and Landis, Judge, sitting by designation"
  },
  "file_name": "1294-01",
  "first_page_order": 616,
  "last_page_order": 618
}
