{
  "id": 12489658,
  "name": "RAWLS v. RAWLS",
  "name_abbreviation": "Rawls v. Rawls",
  "decision_date": "2017-02-09",
  "docket_number": "16\u2013147",
  "first_page": "650",
  "last_page": "650",
  "citations": [
    {
      "type": "official",
      "cite": "159 A.3d 650"
    }
  ],
  "court": {
    "name_abbreviation": "Vt.",
    "id": 8945,
    "name": "Vermont Supreme Court"
  },
  "jurisdiction": {
    "id": 17,
    "name_long": "Vermont",
    "name": "Vt."
  },
  "cites_to": [],
  "analysis": {
    "cardinality": 19,
    "char_count": 144,
    "sha256": "1a84c22ad611909f8e5a700e04e4c31e9a7425769c2c78ab931faf632c29c004",
    "simhash": "1:281509000ec0cc4a",
    "word_count": 21
  },
  "last_updated": "2021-08-27T20:57:14.017162+00:00",
  "provenance": {
    "date_added": "2021-08-27",
    "source": "Fastcase",
    "batch": "2021"
  },
  "casebody": {
    "judges": [],
    "parties": [
      "RAWLS\nv.\nRAWLS"
    ],
    "opinions": [
      {
        "text": "",
        "type": "majority",
        "author": null
      }
    ],
    "attorneys": [],
    "corrections": "",
    "head_matter": "RAWLS\nv.\nRAWLS\n16-147\nSupreme Court of Vermont.\nFebruary 9, 2017\nAPPEAL DISPOSED OF WITHOUT PUBLISHED OPINION OR MEMORANDUM DECISION\nReversed."
  },
  "file_name": "0650-05",
  "first_page_order": 650,
  "last_page_order": 650
}
