{
  "id": 7897974,
  "name": "Louis FIREISON and Bernadine Fireison, Appellants, v. Luvie M. PEARSON, Appellee",
  "name_abbreviation": "Fireison v. Pearson",
  "decision_date": "1987-01-22",
  "docket_number": "No. 84-157",
  "first_page": "1046",
  "last_page": "1057",
  "citations": [
    {
      "type": "official",
      "cite": "520 A.2d 1046"
    }
  ],
  "court": {
    "name_abbreviation": "D.C.",
    "id": 11933,
    "name": "District of Columbia Court of Appeals"
  },
  "jurisdiction": {
    "id": 56,
    "name_long": "District of Columbia",
    "name": "D.C."
  },
  "cites_to": [
    {
      "cite": "328 F.2d 573",
      "category": "reporters:federal",
      "reporter": "F.2d",
      "case_ids": [
        439150
      ],
      "opinion_index": 0,
      "case_paths": [
        "/f2d/328/0573-01"
      ]
    },
    {
      "cite": "288 A.2d 333",
      "category": "reporters:state_regional",
      "reporter": "A.2d",
      "year": 1972,
      "pin_cites": [
        {
          "page": "353"
        }
      ],
      "opinion_index": 0
    },
    {
      "cite": "265 Md. 130",
      "category": "reporters:state",
      "reporter": "Md.",
      "case_ids": [
        1899543
      ],
      "year": 1972,
      "pin_cites": [
        {
          "page": "164"
        }
      ],
      "opinion_index": 0,
      "case_paths": [
        "/md/265/0130-01"
      ]
    },
    {
      "cite": "44 Md. 237",
      "category": "reporters:state",
      "reporter": "Md.",
      "case_ids": [
        1850177
      ],
      "year": 1876,
      "pin_cites": [
        {
          "page": "249",
          "parenthetical": "purchaser may not rescind sale, even though founded on misrepresentations, if prior to sale purchaser acquainted with facts"
        }
      ],
      "opinion_index": 0,
      "case_paths": [
        "/md/44/0237-01"
      ]
    },
    {
      "cite": "114 A.2d 33",
      "category": "reporters:state_regional",
      "reporter": "A.2d",
      "year": 1955,
      "pin_cites": [
        {
          "page": "36",
          "parenthetical": "purchaser has right to rely on vendor's representation \"in the absence of any knowledge of his own\""
        }
      ],
      "opinion_index": 0
    },
    {
      "cite": "207 Md. 148",
      "category": "reporters:state",
      "reporter": "Md.",
      "case_ids": [
        2207706
      ],
      "year": 1955,
      "pin_cites": [
        {
          "page": "154",
          "parenthetical": "purchaser has right to rely on vendor's representation \"in the absence of any knowledge of his own\""
        }
      ],
      "opinion_index": 0,
      "case_paths": [
        "/md/207/0148-01"
      ]
    },
    {
      "cite": "160 A.2d 780",
      "category": "reporters:state_regional",
      "reporter": "A.2d",
      "year": 1960,
      "pin_cites": [
        {
          "page": "783-84",
          "parenthetical": "sale may not be rescinded even if founded on misrepresentations of vendor when purchaser knew facts; knowledge of agent imputable to purchaser"
        }
      ],
      "opinion_index": 0
    },
    {
      "cite": "222 Md. 458",
      "category": "reporters:state",
      "reporter": "Md.",
      "case_ids": [
        1963293
      ],
      "year": 1960,
      "pin_cites": [
        {
          "page": "462, 464",
          "parenthetical": "sale may not be rescinded even if founded on misrepresentations of vendor when purchaser knew facts; knowledge of agent imputable to purchaser"
        }
      ],
      "opinion_index": 0,
      "case_paths": [
        "/md/222/0458-01"
      ]
    },
    {
      "cite": "240 A.2d 245",
      "category": "reporters:state_regional",
      "reporter": "A.2d",
      "weight": 3,
      "year": 1968,
      "pin_cites": [
        {
          "page": "248-49"
        },
        {
          "page": "250"
        }
      ],
      "opinion_index": 0
    },
    {
      "cite": "249 Md. 480",
      "category": "reporters:state",
      "reporter": "Md.",
      "case_ids": [
        1911200
      ],
      "weight": 3,
      "year": 1968,
      "pin_cites": [
        {
          "page": "489"
        }
      ],
      "opinion_index": 0,
      "case_paths": [
        "/md/249/0480-01"
      ]
    },
    {
      "cite": "154 A.2d 352",
      "category": "reporters:state_regional",
      "reporter": "A.2d",
      "case_ids": [
        8119980
      ],
      "pin_cites": [
        {
          "page": "354"
        }
      ],
      "opinion_index": 0,
      "case_paths": [
        "/a2d/154/0352-01"
      ]
    },
    {
      "cite": "255 A.2d 479",
      "category": "reporters:state_regional",
      "reporter": "A.2d",
      "case_ids": [
        8079828
      ],
      "weight": 2,
      "pin_cites": [
        {
          "page": "481"
        },
        {
          "page": "481"
        }
      ],
      "opinion_index": 0,
      "case_paths": [
        "/a2d/255/0479-01"
      ]
    },
    {
      "cite": "418 A.2d 1050",
      "category": "reporters:state_regional",
      "reporter": "A.2d",
      "case_ids": [
        7965591
      ],
      "pin_cites": [
        {
          "page": "1054-55"
        }
      ],
      "opinion_index": 0,
      "case_paths": [
        "/a2d/418/1050-01"
      ]
    },
    {
      "cite": "391 A.2d 1374",
      "category": "reporters:state_regional",
      "reporter": "A.2d",
      "case_ids": [
        8094098
      ],
      "weight": 5,
      "pin_cites": [
        {
          "page": "1379"
        },
        {
          "page": "1379-80",
          "parenthetical": "appellate court, pursuant to Super.Ct.Civ.R. 41(b) & 52(a), will not set aside trial court findings, unless they are clearly erroneous, with due regard to trial court's opportunity to judge credibility"
        }
      ],
      "opinion_index": 0,
      "case_paths": [
        "/a2d/391/1374-01"
      ]
    },
    {
      "cite": "466 A.2d 1243",
      "category": "reporters:state_regional",
      "reporter": "A.2d",
      "case_ids": [
        7986928
      ],
      "pin_cites": [
        {
          "page": "1245"
        }
      ],
      "opinion_index": 0,
      "case_paths": [
        "/a2d/466/1243-01"
      ]
    },
    {
      "cite": "366 A.2d 745",
      "category": "reporters:state_regional",
      "reporter": "A.2d",
      "weight": 7,
      "year": 1976,
      "pin_cites": [
        {
          "page": "752"
        },
        {
          "page": "753"
        },
        {
          "page": "753"
        },
        {
          "page": "752"
        },
        {
          "parenthetical": "citations omitted"
        },
        {
          "page": "752"
        },
        {
          "page": "754"
        }
      ],
      "opinion_index": 0
    },
    {
      "cite": "34 Md.App. 41",
      "category": "reporters:state",
      "reporter": "Md. App.",
      "case_ids": [
        2287277
      ],
      "weight": 5,
      "year": 1976,
      "pin_cites": [
        {
          "page": "54"
        },
        {
          "page": "56"
        },
        {
          "page": "55"
        },
        {
          "page": "54"
        },
        {
          "page": "53"
        }
      ],
      "opinion_index": 0,
      "case_paths": [
        "/md-app/34/0041-01"
      ]
    },
    {
      "cite": "192 U.S. 232",
      "category": "reporters:federal",
      "reporter": "U.S.",
      "case_ids": [
        360332
      ],
      "weight": 19,
      "year": 1904,
      "pin_cites": [
        {
          "page": "241",
          "parenthetical": "agent's knowledge, actual or implied, imputed to purchaser"
        },
        {
          "page": "261",
          "parenthetical": "agent's knowledge, actual or implied, imputed to purchaser"
        },
        {
          "parenthetical": "agent's knowledge, actual or implied, imputed to purchaser"
        },
        {
          "page": "234"
        },
        {
          "page": "260"
        },
        {
          "page": "241"
        },
        {
          "page": "261"
        },
        {
          "page": "241-42"
        },
        {
          "page": "261",
          "parenthetical": "emphasis added"
        },
        {
          "page": "241"
        },
        {
          "page": "261"
        },
        {
          "page": "241-42"
        },
        {
          "page": "261"
        }
      ],
      "opinion_index": 0,
      "case_paths": [
        "/us/192/0232-01"
      ]
    },
    {
      "cite": "113 A.2d 919",
      "category": "reporters:state_regional",
      "reporter": "A.2d",
      "weight": 5,
      "year": 1955,
      "pin_cites": [
        {
          "page": "922",
          "parenthetical": "if \"the means of knowledge are at hand, and the purchaser undertakes to make an examination of the land records, he cannot say that he was deceived and injured by misrepresentations of the vendor\""
        },
        {
          "page": "921"
        },
        {
          "page": "922",
          "parenthetical": "emphasis added"
        },
        {
          "page": "921"
        }
      ],
      "opinion_index": 0
    },
    {
      "cite": "207 Md. 308",
      "category": "reporters:state",
      "reporter": "Md.",
      "case_ids": [
        2207756
      ],
      "weight": 2,
      "year": 1955,
      "pin_cites": [
        {
          "page": "314",
          "parenthetical": "if \"the means of knowledge are at hand, and the purchaser undertakes to make an examination of the land records, he cannot say that he was deceived and injured by misrepresentations of the vendor\""
        },
        {
          "page": "312"
        }
      ],
      "opinion_index": 0,
      "case_paths": [
        "/md/207/0308-01"
      ]
    },
    {
      "cite": "435 U.S. 914",
      "category": "reporters:federal",
      "reporter": "U.S.",
      "case_ids": [
        2949,
        2501,
        3049,
        3116,
        2643,
        2847,
        2389,
        2998,
        2879,
        2653,
        2335
      ],
      "year": 1978,
      "opinion_index": 1,
      "case_paths": [
        "/us/435/0914-09",
        "/us/435/0914-10",
        "/us/435/0914-03",
        "/us/435/0914-08",
        "/us/435/0914-07",
        "/us/435/0914-04",
        "/us/435/0914-05",
        "/us/435/0914-01",
        "/us/435/0914-06",
        "/us/435/0914-02",
        "/us/435/0914-11"
      ]
    },
    {
      "cite": "455 U.S. 938",
      "category": "reporters:federal",
      "reporter": "U.S.",
      "case_ids": [
        11329092,
        11329658,
        11329036,
        11329324,
        11329584,
        11329168,
        11329520,
        11329232,
        11329466,
        11329403
      ],
      "year": 1982,
      "opinion_index": 1,
      "case_paths": [
        "/us/455/0938-02",
        "/us/455/0938-10",
        "/us/455/0938-01",
        "/us/455/0938-05",
        "/us/455/0938-09",
        "/us/455/0938-03",
        "/us/455/0938-08",
        "/us/455/0938-04",
        "/us/455/0938-07",
        "/us/455/0938-06"
      ]
    },
    {
      "cite": "33 F.2d 375",
      "category": "reporters:federal",
      "reporter": "F.2d",
      "case_ids": [
        1760084
      ],
      "year": 1929,
      "pin_cites": [
        {
          "page": "375"
        }
      ],
      "opinion_index": 1,
      "case_paths": [
        "/f2d/33/0375-01"
      ]
    },
    {
      "cite": "59 App.D.C. 79",
      "category": "reporters:state",
      "reporter": "App. D.C.",
      "year": 1929,
      "pin_cites": [
        {
          "page": "79"
        }
      ],
      "opinion_index": 1
    },
    {
      "cite": "286 Fed. 1003",
      "category": "reporters:federal",
      "reporter": "F.",
      "case_ids": [
        4249
      ],
      "year": 1923,
      "pin_cites": [
        {
          "page": "1007"
        }
      ],
      "opinion_index": 1,
      "case_paths": [
        "/f/286/1003-01"
      ]
    },
    {
      "cite": "52 App.D.C. 339",
      "category": "reporters:state",
      "reporter": "App. D.C.",
      "year": 1923,
      "pin_cites": [
        {
          "page": "343"
        }
      ],
      "opinion_index": 1
    },
    {
      "cite": "15 F.2d 735",
      "category": "reporters:federal",
      "reporter": "F.2d",
      "case_ids": [
        4068503,
        1297431
      ],
      "year": 1926,
      "pin_cites": [
        {
          "page": "736",
          "parenthetical": "per curiam"
        }
      ],
      "opinion_index": 1,
      "case_paths": [
        "/f2d/15/0735-01"
      ]
    },
    {
      "cite": "56 App.D.C. 336",
      "category": "reporters:state",
      "reporter": "App. D.C.",
      "case_ids": [
        4068503
      ],
      "year": 1926,
      "pin_cites": [
        {
          "page": "336-37",
          "parenthetical": "per curiam"
        }
      ],
      "opinion_index": 1,
      "case_paths": []
    },
    {
      "cite": "135 F.2d 833",
      "category": "reporters:federal",
      "reporter": "F.2d",
      "case_ids": [
        3662168,
        3661306
      ],
      "year": 1943,
      "pin_cites": [
        {
          "page": "834"
        }
      ],
      "opinion_index": 1,
      "case_paths": [
        "/f2d/135/0833-01",
        "/f2d/135/0833-02"
      ]
    },
    {
      "cite": "77 U.S.App.D.C. 385",
      "category": "reporters:state",
      "reporter": "U.S. App. D.C.",
      "year": 1943,
      "pin_cites": [
        {
          "page": "386"
        }
      ],
      "opinion_index": 1
    },
    {
      "cite": "339 F.2d 715",
      "category": "reporters:federal",
      "reporter": "F.2d",
      "case_ids": [
        3648052,
        884070
      ],
      "year": 1964,
      "pin_cites": [
        {
          "page": "719",
          "parenthetical": "per curiam"
        }
      ],
      "opinion_index": 1,
      "case_paths": [
        "/f2d/339/0715-01"
      ]
    },
    {
      "cite": "119 U.S.App.D.C. 216",
      "category": "reporters:state",
      "reporter": "U.S. App. D.C.",
      "case_ids": [
        3648052
      ],
      "year": 1964,
      "pin_cites": [
        {
          "page": "220",
          "parenthetical": "per curiam"
        }
      ],
      "opinion_index": 1,
      "case_paths": []
    },
    {
      "cite": "3 F.2d 201",
      "category": "reporters:federal",
      "reporter": "F.2d",
      "case_ids": [
        1686940
      ],
      "year": 1925,
      "pin_cites": [
        {
          "page": "201"
        }
      ],
      "opinion_index": 1,
      "case_paths": [
        "/f2d/3/0201-01"
      ]
    },
    {
      "cite": "55 App.D.C. 156",
      "category": "reporters:state",
      "reporter": "App. D.C.",
      "year": 1925,
      "pin_cites": [
        {
          "page": "156"
        }
      ],
      "opinion_index": 1
    },
    {
      "cite": "40 A.L.R. 208",
      "category": "reporters:specialty",
      "reporter": "A.L.R.",
      "year": 1925,
      "opinion_index": 1
    },
    {
      "cite": "5 F.2d 753",
      "category": "reporters:federal",
      "reporter": "F.2d",
      "case_ids": [
        1678511
      ],
      "year": 1925,
      "pin_cites": [
        {
          "page": "753"
        }
      ],
      "opinion_index": 1,
      "case_paths": [
        "/f2d/5/0753-01"
      ]
    },
    {
      "cite": "55 App.D.C. 330",
      "category": "reporters:state",
      "reporter": "App. D.C.",
      "year": 1925,
      "pin_cites": [
        {
          "page": "330"
        }
      ],
      "opinion_index": 1
    },
    {
      "cite": "11 F.2d 336",
      "category": "reporters:federal",
      "reporter": "F.2d",
      "case_ids": [
        4069250,
        1649494
      ],
      "year": 1926,
      "opinion_index": 1,
      "case_paths": [
        "/f2d/11/0336-01"
      ]
    },
    {
      "cite": "56 App.D.C. 164",
      "category": "reporters:state",
      "reporter": "App. D.C.",
      "case_ids": [
        4069250
      ],
      "year": 1926,
      "opinion_index": 1,
      "case_paths": []
    },
    {
      "cite": "102 F.2d 275",
      "category": "reporters:federal",
      "reporter": "F.2d",
      "case_ids": [
        1068607
      ],
      "year": 1939,
      "pin_cites": [
        {
          "page": "278"
        }
      ],
      "opinion_index": 1,
      "case_paths": [
        "/f2d/102/0275-01"
      ]
    },
    {
      "cite": "70 App.D.C. 7",
      "category": "reporters:state",
      "reporter": "App. D.C.",
      "year": 1939,
      "pin_cites": [
        {
          "page": "10"
        }
      ],
      "opinion_index": 1
    },
    {
      "cite": "121 A.2d 178",
      "category": "reporters:state_regional",
      "reporter": "A.2d",
      "year": 1956,
      "opinion_index": 1
    },
    {
      "cite": "203 A.2d 37",
      "category": "reporters:state_regional",
      "reporter": "A.2d",
      "case_ids": [
        8084325
      ],
      "year": 1965,
      "opinion_index": 1,
      "case_paths": [
        "/a2d/203/0037-01"
      ]
    },
    {
      "cite": "495 A.2d 1170",
      "category": "reporters:state_regional",
      "reporter": "A.2d",
      "case_ids": [
        7923043
      ],
      "pin_cites": [
        {
          "page": "1171-73"
        }
      ],
      "opinion_index": 1,
      "case_paths": [
        "/a2d/495/1170-01"
      ]
    },
    {
      "cite": "458 A.2d 737",
      "category": "reporters:state_regional",
      "reporter": "A.2d",
      "case_ids": [
        7986860
      ],
      "pin_cites": [
        {
          "page": "738"
        }
      ],
      "opinion_index": 1,
      "case_paths": [
        "/a2d/458/0737-01"
      ]
    },
    {
      "cite": "285 A.2d 310",
      "category": "reporters:state_regional",
      "reporter": "A.2d",
      "case_ids": [
        8064389
      ],
      "pin_cites": [
        {
          "page": "312"
        }
      ],
      "opinion_index": 1,
      "case_paths": [
        "/a2d/285/0310-01"
      ]
    },
    {
      "cite": "187 A.2d 864",
      "category": "reporters:state_regional",
      "reporter": "A.2d",
      "year": 1963,
      "pin_cites": [
        {
          "page": "866"
        }
      ],
      "opinion_index": 1
    },
    {
      "cite": "230 Md. 584",
      "category": "reporters:state",
      "reporter": "Md.",
      "case_ids": [
        1863734
      ],
      "year": 1963,
      "pin_cites": [
        {
          "page": "588"
        }
      ],
      "opinion_index": 1,
      "case_paths": [
        "/md/230/0584-01"
      ]
    },
    {
      "cite": "320 U.S. 228",
      "category": "reporters:federal",
      "reporter": "U.S.",
      "case_ids": [
        6140345
      ],
      "weight": 3,
      "year": 1943,
      "pin_cites": [
        {
          "page": "234"
        },
        {
          "page": "10"
        }
      ],
      "opinion_index": 1,
      "case_paths": [
        "/us/320/0228-01"
      ]
    },
    {
      "cite": "253 F.2d 111",
      "category": "reporters:federal",
      "reporter": "F.2d",
      "case_ids": [
        688702
      ],
      "pin_cites": [
        {
          "page": "114"
        }
      ],
      "opinion_index": 1,
      "case_paths": [
        "/f2d/253/0111-01"
      ]
    },
    {
      "cite": "3 L.Ed.2d 120",
      "category": "reporters:federal",
      "reporter": "L. Ed. 2d",
      "year": 1958,
      "opinion_index": 1
    },
    {
      "cite": "79 S.Ct. 154",
      "category": "reporters:federal",
      "reporter": "S. Ct.",
      "year": 1958,
      "opinion_index": 1
    },
    {
      "cite": "358 U.S. 893",
      "category": "reporters:federal",
      "reporter": "U.S.",
      "case_ids": [
        3656434,
        3659597,
        3659413,
        3659709
      ],
      "year": 1958,
      "opinion_index": 1,
      "case_paths": [
        "/us/358/0893-04",
        "/us/358/0893-03",
        "/us/358/0893-02",
        "/us/358/0893-01"
      ]
    },
    {
      "cite": "257 F.2d 408",
      "category": "reporters:federal",
      "reporter": "F.2d",
      "case_ids": [
        454657
      ],
      "pin_cites": [
        {
          "page": "409"
        }
      ],
      "opinion_index": 1,
      "case_paths": [
        "/f2d/257/0408-01"
      ]
    },
    {
      "cite": "478 A.2d 1055",
      "category": "reporters:state_regional",
      "reporter": "A.2d",
      "case_ids": [
        7929706
      ],
      "weight": 2,
      "pin_cites": [
        {
          "page": "1057"
        }
      ],
      "opinion_index": 1,
      "case_paths": [
        "/a2d/478/1055-01"
      ]
    },
    {
      "cite": "507 A.2d 548",
      "category": "reporters:state_regional",
      "reporter": "A.2d",
      "case_ids": [
        7893229
      ],
      "pin_cites": [
        {
          "page": "549"
        }
      ],
      "opinion_index": 1,
      "case_paths": [
        "/a2d/507/0548-01"
      ]
    },
    {
      "cite": "514 A.2d 800",
      "category": "reporters:state_regional",
      "reporter": "A.2d",
      "case_ids": [
        7931026
      ],
      "opinion_index": 1,
      "case_paths": [
        "/a2d/514/0800-01"
      ]
    },
    {
      "cite": "508 A.2d 75",
      "category": "reporters:state_regional",
      "reporter": "A.2d",
      "case_ids": [
        7886414
      ],
      "weight": 2,
      "pin_cites": [
        {
          "page": "81"
        },
        {
          "page": "79-81, 88, 91"
        }
      ],
      "opinion_index": 1,
      "case_paths": [
        "/a2d/508/0075-01"
      ]
    },
    {
      "cite": "32 L.Ed.2d 338",
      "category": "reporters:federal",
      "reporter": "L. Ed. 2d",
      "year": 1972,
      "opinion_index": 1
    },
    {
      "cite": "92 S.Ct. 2042",
      "category": "reporters:federal",
      "reporter": "S. Ct.",
      "year": 1972,
      "opinion_index": 1
    },
    {
      "cite": "406 U.S. 950",
      "category": "reporters:federal",
      "reporter": "U.S.",
      "case_ids": [
        6276608,
        6276320,
        6275273,
        6275574,
        6275865,
        6276863
      ],
      "year": 1972,
      "opinion_index": 1,
      "case_paths": [
        "/us/406/0950-05",
        "/us/406/0950-04",
        "/us/406/0950-01",
        "/us/406/0950-02",
        "/us/406/0950-03",
        "/us/406/0950-06"
      ]
    },
    {
      "cite": "463 F.2d 268",
      "category": "reporters:federal",
      "reporter": "F.2d",
      "case_ids": [
        1344361
      ],
      "weight": 5,
      "year": 1971,
      "pin_cites": [
        {
          "page": "277"
        },
        {
          "page": "278"
        },
        {
          "page": "278-80",
          "parenthetical": "and cases cited therein"
        },
        {
          "page": "277-78",
          "parenthetical": "emphasis added"
        },
        {
          "page": "277-79"
        }
      ],
      "opinion_index": 1,
      "case_paths": [
        "/f2d/463/0268-01"
      ]
    },
    {
      "cite": "149 U.S.App.D.C. 322",
      "category": "reporters:state",
      "reporter": "U.S. App. D.C.",
      "weight": 5,
      "year": 1971,
      "pin_cites": [
        {
          "page": "331"
        },
        {
          "page": "332"
        },
        {
          "page": "331-33"
        },
        {
          "page": "331-32"
        },
        {
          "page": "331-33"
        }
      ],
      "opinion_index": 1
    },
    {
      "cite": "55 L.Ed.2d 505",
      "category": "reporters:federal",
      "reporter": "L. Ed. 2d",
      "year": 1978,
      "opinion_index": 1
    },
    {
      "cite": "98 S.Ct. 1467",
      "category": "reporters:federal",
      "reporter": "S. Ct.",
      "year": 1978,
      "opinion_index": 1
    },
    {
      "cite": "44 A.L.R. Fed. 813",
      "category": "reporters:federal",
      "reporter": "A.L.R. Fed.",
      "weight": 2,
      "pin_cites": [
        {
          "page": "818-21"
        },
        {
          "page": "829"
        }
      ],
      "opinion_index": 1
    },
    {
      "cite": "560 F.2d 589",
      "category": "reporters:federal",
      "reporter": "F.2d",
      "case_ids": [
        938106
      ],
      "weight": 2,
      "pin_cites": [
        {
          "page": "592-95"
        },
        {
          "page": "599"
        }
      ],
      "opinion_index": 1,
      "case_paths": [
        "/f2d/560/0589-01"
      ]
    },
    {
      "cite": "509 A.2d 605",
      "category": "reporters:state_regional",
      "reporter": "A.2d",
      "case_ids": [
        7896934
      ],
      "weight": 2,
      "pin_cites": [
        {
          "page": "605-06"
        },
        {
          "page": "605-06"
        }
      ],
      "opinion_index": 1,
      "case_paths": [
        "/a2d/509/0605-01"
      ]
    },
    {
      "cite": "88 L.Ed.2d 276",
      "category": "reporters:federal",
      "reporter": "L. Ed. 2d",
      "year": 1985,
      "opinion_index": 1
    },
    {
      "cite": "106 S.Ct. 269",
      "category": "reporters:federal",
      "reporter": "S. Ct.",
      "year": 1985,
      "opinion_index": 1
    },
    {
      "cite": "496 A.2d 560",
      "category": "reporters:state_regional",
      "reporter": "A.2d",
      "case_ids": [
        11308923
      ],
      "year": 1985,
      "opinion_index": 1,
      "case_paths": [
        "/a2d/496/0560-01"
      ]
    },
    {
      "cite": "497 A.2d 793",
      "category": "reporters:state_regional",
      "reporter": "A.2d",
      "case_ids": [
        7920889
      ],
      "weight": 2,
      "opinion_index": 1,
      "case_paths": [
        "/a2d/497/0793-01"
      ]
    },
    {
      "cite": "71 L.Ed.2d 648",
      "category": "reporters:federal",
      "reporter": "L. Ed. 2d",
      "weight": 2,
      "year": 1982,
      "opinion_index": 1
    },
    {
      "cite": "102 S.Ct. 1427",
      "category": "reporters:federal",
      "reporter": "S. Ct.",
      "year": 1982,
      "opinion_index": 1
    },
    {
      "cite": "651 F.2d 140",
      "category": "reporters:federal",
      "reporter": "F.2d",
      "case_ids": [
        1245318
      ],
      "weight": 3,
      "pin_cites": [
        {
          "page": "144"
        },
        {
          "page": "144"
        }
      ],
      "opinion_index": 1,
      "case_paths": [
        "/f2d/651/0140-01"
      ]
    },
    {
      "cite": "801 F.2d 412",
      "category": "reporters:federal",
      "reporter": "F.2d",
      "case_ids": [
        3611099,
        10546380
      ],
      "weight": 4,
      "year": 1986,
      "pin_cites": [
        {
          "page": "415",
          "parenthetical": "per curiam"
        },
        {
          "page": "415"
        }
      ],
      "opinion_index": 1,
      "case_paths": [
        "/us-app-dc/255/0198-01",
        "/f2d/801/0412-01"
      ]
    },
    {
      "cite": "255 U.S.App.D.C. 198",
      "category": "reporters:state",
      "reporter": "U.S. App. D.C.",
      "case_ids": [
        3611099
      ],
      "weight": 2,
      "year": 1986,
      "pin_cites": [
        {
          "page": "201",
          "parenthetical": "per curiam"
        },
        {
          "page": "201"
        }
      ],
      "opinion_index": 1,
      "case_paths": [
        "/us-app-dc/255/0198-01"
      ]
    },
    {
      "cite": "503 A.2d 1271",
      "category": "reporters:state_regional",
      "reporter": "A.2d",
      "case_ids": [
        7915651
      ],
      "weight": 3,
      "pin_cites": [
        {
          "page": "1277-80"
        }
      ],
      "opinion_index": 1,
      "case_paths": [
        "/a2d/503/1271-01"
      ]
    },
    {
      "cite": "192 U.S. 232",
      "category": "reporters:federal",
      "reporter": "U.S.",
      "case_ids": [
        360332
      ],
      "weight": 8,
      "year": 1904,
      "pin_cites": [
        {
          "page": "241"
        },
        {
          "page": "261",
          "parenthetical": "emphasis added"
        },
        {
          "page": "241"
        },
        {
          "page": "261"
        }
      ],
      "opinion_index": 1,
      "case_paths": [
        "/us/192/0232-01"
      ]
    }
  ],
  "analysis": {
    "cardinality": 1699,
    "char_count": 44575,
    "ocr_confidence": 0.788,
    "pagerank": {
      "raw": 1.0172822004957123e-07,
      "percentile": 0.5438168402868275
    },
    "sha256": "0b60f4d67e43eb38aa3dd71e61ad3529656d436bddaa5cf0cfb78e4843cec376",
    "simhash": "1:4a7724e12f388747",
    "word_count": 7498
  },
  "last_updated": "2024-02-27T23:50:51.676166+00:00",
  "provenance": {
    "date_added": "2019-08-29",
    "source": "Harvard",
    "batch": "2018"
  },
  "casebody": {
    "judges": [
      "Before MACK, BELSON and ROGERS, Associate Judges.",
      "Before PRYOR, Chief Judge, and NEBEKER, MACK, NEWMAN, FERREN, BELSON, TERRY, ROGERS and STEADMAN, Associate Judges."
    ],
    "parties": [
      "Louis FIREISON and Bernadine Fireison, Appellants, v. Luvie M. PEARSON, Appellee."
    ],
    "opinions": [
      {
        "text": "PER CURIAM:\nUpon consideration of appellee\u2019s petition for rehearing en banc, the division sua sponte grants reconsideration. Having concluded that the rule of Piper v. Jenkins, 207 Md. 308, 314, 113 A.2d 919, 922 (1955) (if \u201cthe means of knowledge are at hand, and the purchaser undertakes to make an examination of the land records, he cannot say that he was deceived and injured by misrepresentations of the vendor\u201d) is controlling even in the absence of actual notice to the purchaser\u2019s agent, see Shappirio v. Goldberg, 192 U.S. 232, 241, 24 S.Ct. 259, 261, 48 L.Ed. 419 (1904) (agent\u2019s knowledge, actual or implied, imputed to purchaser); Ryan v. Brady, 34 Md.App. 41, 54, 366 A.2d 745, 752 (1976), we recall the mandate, vacate our opinion of January 29, 1986, and affirm the judgment of the trial court. Because the purchasers, the Fireisons, undertook the responsibility of searching the title and preparing the deed, vendor Pearson had a complete defense to the allegations of fraud. Therefore, the trial court did not err in dismissing the action after the purchasers presented their case pursuant to Super.Ct. Civ.R. 41(b).\nI\nAppellants Louis and Bemadine Fireison brought action against appellee Luvie M. Pearson for fraud and breach of contract. The trial court, sitting without a jury, granted a defense motion to dismiss the case at the close of plaintiffs\u2019 case. We will set forth the evidence as developed in plaintiffs\u2019 case.\nLouis Fireison had become aware in March of 1975 that the Merry-Go-Round farm in Montgomery County, Maryland, owned by Mrs. Drew (Luvie) Pearson, was for sale. He set up an appointment with Tyler Abell, Pearson\u2019s agent and the developer of the tract, to inspect the property. Abell provided him with a plat of the farm, which showed a division of the property into 17 lots. The plat, which is dated June 1975, listed the area of Lot no. 6 as 5.1 acres. Abell showed Fireison the approximate boundary lines of all of the lots on the farm. The beginning and end of each lot were marked with steel stakes. Firei-son understood that these stakes had been laid out by a surveyor. Fireison became interested in lot 6, partly because of a row of tall, old trees that lined one side of the property. The boundary line between lots 5 and 6, according to Abell, began on the other side of the trees. Abell confirmed that the approximate area of lot 6 was 5.1 acres and, according to Fireison, led him to believe that the June 1975, plat that he had showed him had already been recorded in the Montgomery County land records.\nPearson, the owner of the property, offered Fireison a five-year option to buy lot 6, and Fireison, an attorney, drafted on option contract that the parties signed in October of 1975. Paragraph 13 of the contract provided that \u201cVendor agrees to deliver the subject property in its recorded size consisting of approximately 5.1 acres.\u201d Other sections of the contract provided that copies of any surveys or plats of the property that might be ordered by the owner would be delivered to Fireison in advance of settlement (para. 5); and that an exact topographical survey would be made by the owner and a copy furnished Fireison (para. 7). The June 1975 plat that Fireison understood had been recorded was attached to the option contract. This plat had never been recorded.\nPrior to exercising the option, Fireison visited the property on numerous occasions, and never observed any change in the stakes that marked out the boundaries of lot 6. In April of 1976, unbeknownst to Fireison, however, Abell changed the boundaries of lot 6. Lot 5 had remained unsold, so Abell sliced off the part of lot 6 that included the trees and appended it to lot 5 to make it more marketable. In addition, he cut off part of the back of lot 6 so that he would be able to create two lots behind lot 6 instead of an existing one. Lot 6 in its pared down form was 4.5964 acres. Abell must have had a survey prepared of the new boundaries of the lot, for on November 6, 1978, he recorded a new plat in the Montgomery County land records, showing the area of lot 6 as 4.5964 acres. No copy of the plat or of the survey was furnished to Fireison, however, as the option contract required; indeed, no notice at all was given to Fireison that the June 1975 plat, which he thought was recorded, had been superseded, and that the acreage and boundaries of the property subject to the option had been changed significantly.\nOn December 15, 1978, five weeks after Abell had the new plat recorded, the parties proceeded to settlement on the property. At settlement, the owner gave Fireison no indication of the change in the acreage and boundary lines of his property; neither a new survey nor the new plat was provided him. The option contract, however, had provided that the property would \u201cbe conveyed as designated by Vendees and Vendees hereby authorize the examination of the title and preparation of all necessary conveyance papers.\u201d Fireison had assumed the burden of searching the title of the property, and he entrusted this duty to an attorney, who also prepared a deed. The deed affected the conveyance of: \u201cthe following described land and premises ... namely: Lot numbered Six (6) in the Subdivision known as \u2018MERRY-GO-ROUND FARM,\u2019 as per plat recorded in Plat Book 106 at Plat No. 12150 among the Land Records of Montgomery County, Maryland.\u201d The designated plat, recorded by Pearson on November 6, 1978, on its face clearly states the area of lot 6 as 4.5964 acres. According to Fireison, the lawyer searched the title only for outstanding liens, and found none. The deed included no physical description of the lot, but referred to the plat book and number.\nAfter taking possession of the property, Fireison received a county property tax bill, in 1979, that he thought seemed too low. He contacted the tax assessor\u2019s office and was informed that the acreage of his lot was only 4.5964 acres. He called Abell, who related how he had reshaped the lot to make other lots attractive, as described above, and then told Fireison \u201cjust ... to forget about it. He said I wasn\u2019t using the land anyway and it was nothing extra out of my pocket, just told me to forget about it.\u201d Since the trial judge dismissed the action at the close of plaintiffs\u2019 case, the defense never presented its evidence. This appeal followed.\nII\nThe trial court issued findings of fact and conclusions of law following the close of plaintiff\u2019s case, dismissing the action under Super.Ct.Civ.R. 41(b). Under that rule, the court may dismiss an action if \u201cupon the facts and the law the plaintiff has shown no right to relief.\u201d Carrigan v. Purkhiser, 466 A.2d 1243, 1245 (D.C.1983). Judgment for a defendant under Rule 41(b) is justifiable if \u201cthere is insufficient credible evidence to sustain each element of plaintiff\u2019s claim, or if, despite such credible evidence, a valid defense is evident from plaintiff's own case.\u201d Marshall v. District of Columbia, 391 A.2d 1374, 1379 (D.C.1978). In an appropriate case, dismissal under Rule 41(b) will serve to avoid the unnecessary presentation of a defense case where it is already apparent to the trial judge that the plaintiff cannot prevail. We have recognized, on the other hand, that a dismissal under Rule 41(b) is a \u201cdrastic remedy, to be sparingly exercised.\u201d Bay General Industries, Inc. v. Johnson, 418 A.2d 1050, 1054-55 (D.C.1980). \u201c[Sjound procedure in most cases requires withholding adjudication on the merits until both sides have presented their evidence.\u201d Warner Corp. v. Magazine Realty Co., 255 A.2d 479, 481 (D.C.1969); Darden v. Capitol Cab Cooperative Association, 154 A.2d 352, 354 (D.C.1959).\nThe trial court based its dismissal on two alternative grounds. It concluded, first, that the Fireisons had not set forth a prima facie case of fraud. The court found that \u201c[wjhile the defendant should have pointed out that the defendant re-drew the lot lines for their own advantage, they engaged in no direct deceit.\u201d Memorandum Opinion and Order at 2. The court also found that even if plaintiffs had established all of the elements of fraud, their own case demonstrated that the defendant had a valid es-toppel defense to the action. The court noted that since the new plat showing lot 6 to be 4.5964 acres had been recorded prior to settlement, the Fireisons\u2019s settlement attorney, who was responsible for a title search, was \u201ccharged with notice of all that appears in the properly recorded chain of title.\u201d This notice is imputable to the Firei-sons. By accepting the burden of the title search, the court held, the Fireisons had also accepted the \u201crisk of failing to do so,\u201d i.e., the risk of failing to uncover that the boundaries and size of the lot had been changed without notice to them.\nThe court also decided that since the option contract stated that the vendor agreed to provide the property in its \u201crecorded size consisting of approximately 5.1 acres,\u201d that the Fireisons had \u201cfreely contracted\u201d to accept the property in whatever size it had been recorded. The court also found that \u201cthe plaintiffs proceeded to settlement in spite of the defendant\u2019s nonperformance [of the agreement to send copies of any new surveys and plats], thus waiving the right to receive the survey from the defendant prior to settlement.\u201d The court impliedly found that since the Fireisons had undertaken the search of the title the plat book and number listed in the deed were sufficient notice to them that the boundaries and acreage of this property had been changed; that their proceeding to settlement on this deed worked an implied acceptance of the new, restricted boundaries of the property; and that their prior dealings with Abell merged into the deed, preventing them from now raising any challenges to the sale.\nIll\nUnder Maryland law, the purchaser of property is required neither to examine the land records, nor survey the land, in order to determine the correct acreage. See Piper v. Jenkins, supra, 207 Md. at 312, 113 A.2d at 921. The purchaser clearly has a right to rely on the vendor\u2019s representations as to the boundaries and acreage of the land. Id. Even when the means of ascertaining the falsity of the vendor\u2019s representations are known and accessible, the purchaser\u2019s failure to review the land records will not bar his recovery. See Chesapeake Homes, Inc. v. McGrath, 249 Md. 480, 240 A.2d 245, 248-49 (1968).\nIf, however, \u201cthe means of knowledge are at hand, and the purchaser undertakes to make an examination of the land records, he cannot say that he was deceived and injured by misrepresentations of the vendor.\u201d Piper v. Jenkins, supra, 113 A.2d at 922 (emphasis added); accord Ryan v. Brady, 34 Md.App. 41, 56, 366 A.2d 745, 753 (1976); see also Boring v. Jungers, 222 Md. 458, 462, 464, 160 A.2d 780, 783-84 (1960) (sale may not be rescinded even if founded on misrepresentations of vendor when purchaser knew facts; knowledge of agent imputable to purchaser); Glendale Corp. v. Crawford, 207 Md. 148, 154, 114 A.2d 33, 36 (1955) (purchaser has right to rely on vendor\u2019s representation \u201cin the absence of any knowledge of his own\u201d); Gunby v. Sluter, 44 Md. 237, 249 (1876) (purchaser may not rescind sale, even though founded on misrepresentations, if prior to sale purchaser acquainted with facts). Thus, the crucial question is whether Fireison \u2014 by himself or through his agent \u2014 undertook an examination of the land records.\nThe controlling question just identified is not restricted to cases of negligent or innocent misrepresentation. Rather, the Court of Appeals for Maryland enunciated the \u201cundertaking\u201d principle in Piper v. Jenkins, a case in which the purchaser alleged that the vendor had made a fraudulent misrepresentation. 207 Md. at 312, 113 A.2d at 921. Moreover, in Ryan v. Brady, the Court of Special Appeals of Maryland reiterated the principle of Piper v. Jenkins, that \u201conce the purchaser assumes the burden of an examination he cannot say that he was deceived to his injury where such examination discloses the correct information.\u201d Ryan v. Brady, supra, 34 Md.App. at 55, 366 A.2d at 753. Most important, both Piper v. Jenkins and Ryan v. Brady adopted that principle from the Supreme Court opinion in Shappirio v. Goldberg, 192 U.S. 232, 24 S.Ct. 259, 48 L.Ed. 419 (1904). Shappirio involved a claim of fraud, and the principle it enunciates is dispositive of the instant case.\nIn Shappirio, the purchaser alleged that the vendor falsely represented that the property adjacent to the purchased lot was included in the sale. 192 U.S. at 234, 24 S.Ct. at 260. A correct description of the property was, however, given in the deed and in the recorded chain of title. Id. at 241, 24 S.Ct. at 261. As in this case, the agent of the purchaser was entrusted with the examination of the deed and title. The Court explained that the agent was charged with the knowledge of the extent of the property conveyed since he undertook an examination of the deed and records. Id. The Court observed that a casual reading of the deed or recorded plat would have revealed the dimensions of the property. Id. The agent\u2019s knowledge, actual or implied, was imputed to the purchaser. Id. The Court stated:\nThere are cases where misrepresentations are made which deceive the purchaser, in which it is no defense to say that had the plaintiff declined to believe the representations and investigated for himself he would not have been deceived. But such cases are to be distinguished from the one under consideration. When the means of knowledge are open and at hand or furnished to the purchaser or his agent and no effort is made to prevent the party from using them, and especially where the purchaser undertakes examination for himself, he will not be heard to say that he has been deceived to his injury by the misrepresentations of the vendor.\nId. at 241-42, 24 S.Ct. at 261 (emphasis added) (citation omitted). Here, too, a reading of the recorded plat would have revealed at once that plat 6 measured 4.6 acres. The vendors here did not prevent that reading, nor did they suggest the wording of the deed; rather the Fireisons\u2019 attorney undertook to describe the conveyance of property by referring to the recorded plat. Once the attorney undertook such an examination, she and her principals were charged with the knowledge imparted by the land records.\nChesapeake Homes, Inc. v. McGrath, 249 Md. 480, 240 A.2d 245 (1968), is not to the contrary. There is no indication in that opinion that the purchaser there undertook a title search or preparation of the deed. Certainly, the decision does not suggest a rejection of the Shappirio doctrine. The vendors in Chesapeake Homes did not assert that the purchaser undertook a title examination or deed preparation as in Shappirio, but contended that the purchaser could not seek relief from the deed when he failed to look at the referenced plat that he knew was posted at the vendor\u2019s office and filed at the land records office. 249 Md. at 489, 240 A.2d at 250. In holding in Chesapeake Homes that the vendor could not assert the failure of the purchaser to inform him or herself of land records when effort was made to prevent the purchaser from using them, the Maryland Court of Appeals ruled in a manner consistent with Maryland law and with Shappirio, 192 U.S. at 241, 24 S.Ct. at 261. Therefore, the holding of Chesapeake Homes does not assist appellants here.\nIn the present case, however, not only did the Fireisons\u2019 attorney undertake to examine the land records for a title search, she undertook to describe the parcel to be conveyed by the deed. Because, as she drafted it, the deed conveyed the lot as \u201cper plat recorded in Plat Book 106 at Plat No. 12150 among the Land Records of Montgomery County, Maryland,\u201d it stretches credulity to suggest that she did not look at that plat. At the least, it was not clearly erroneous for the trial court to infer that she did. See Marshall v. District of Columbia, supra, 391 A.2d at 1379-80 (appellate court, pursuant to Super.Ct.Civ.R. 41(b) & 52(a), will not set aside trial court findings, unless they are clearly erroneous, with due regard to trial court\u2019s opportunity to judge credibility).\nFurthermore, even if the Fireisons\u2019 lawyer did not actually look at the record plat, she was chargeable with notice once she undertook a title examination and preparation of the deed. See Shappirio v. Goldberg, 192 U.S. at 241-42, 24 S.Ct. at 261. Again, appellants suggest a distinction in Ryan v. Brady that the Maryland court itself did not hold dispositive. The purchaser\u2019s lawyer there at first could not recall whether he actually viewed the plat. He thereafter admitted, however, that he saw it. 34 Md.App. at 54, 366 A.2d at 752. The court stated that either the actual or implied notice of the lawyer would be imputed to his client: \u201ca title examiner is charged with notice of whatever appears in the land records in the chain of title to the property involved_ [Njotice to an attorney is notice to his client.\u201d Id. (citations omitted); see Williams v. Skyline Development Corp., 265 Md. 130, 164, 288 A.2d 333, 353 (1972).\nTherefore, even if, arguendo, we assume a fraudulent misrepresentation on the part of the vendor, the undertaking by the Firei-sons through their attorney to examine the title and describe the property in the deed defeats their claim that they were deceived to their injury. The trial court\u2019s judgment, therefore, should be affirmed.\nFinally, we are aware that as the record stood at the close of plaintiffs\u2019 case, there was substantial evidence of misleading conduct on the part of defendant\u2019s agent. That evidence might or might not have been overcome by defendant\u2019s evidence. But the trial judge was not obliged to hear the defendant\u2019s case because plaintiffs\u2019 case-in-chief had demonstrated that defendant was entitled to judgment. As we discussed above, Super.CtCiv.R. 41(b) authorizes a trial judge, sitting without a jury, to weigh the evidence and consider credibility when a defendant moves to dismiss at the close of the plaintiff\u2019s case. We are satisfied that the trial judge did not err in dismissing appellants\u2019 suit.\nAccordingly, the mandate is hereby recalled, our opinion of January 29, 1986, is vacated, and the judgment is affirmed.\nSo ordered.\n. The dissent questions the propriety of the action of this division in granting rehearing and recalling the mandate. Part XI (A) of the Internal Operating Procedures of the District of Columbia Court of Appeals provides:\nThe filing of a petition for rehearing en banc does not take the case out of the plenary control of the division deciding the case. The division may, on its own, grant rehearing and may do so without action by the full court.\nA majority of the division deciding the instant case agreed, pursuant to I.O.P. XI(A), to grant rehearing sua sponte. The parties were afforded the opportunity to brief the issues surrounding the recall of the mandate as well as, again, the substantive issues; both parties did so.\nThis litigation has not yet come to an end in this court. Appellants\u2019 petition for rehearing en banc is being denied concurrently with the entry of this opinion. Therefore, we deem inappo-site those authorities cited in today\u2019s dissent that hold that good cause must exist for reviving a case that has been fully and finally adjudicated in an appellate court. In the federal courts, any petition for rehearing, by the panel or by the court en banc, stays the mandate. Fed.R.App. P. 41. Our rules, to the contrary, provide for the stay of the mandate only upon the timely filing of a petition for rehearing by the division. The pendency of a petition for rehearing en banc, of itself, does not stay the mandate. D.C.App.R. 41. Our complementary internal operating procedures, quoted above, however, give the division the authority to grant rehearing whenever a petition for rehearing en banc is filed. The power to recall the mandate inheres in the power to grant rehearing.\nAppellants have been afforded due process. The parties have been aware that a petition for rehearing en banc has been pending before this court. In addition, they submitted legal memo-randa on the mandate issue and the substantive issue. The fact that this litigation remained before this court under our rules and internal operating procedures renders the case amenable to action by the division.\nThe dissent three times mentions that a year has gone by since the original ruling of the court. In that regard, it should suffice to say that the majority determined that it should affirm well before a year had passed.\n. See 2 Montgomery County Code \u00a7 50-10 (1984) (surveyor\u2019s certificate must accompany recorded plat).\n. In Marshall v. District of Columbia, supra, 391 A.2d at 1379 we said:\n[W]hen a defendant makes a Rule 41(b) motion in a nonjury trial, the court, as trier of fact, need not view the evidence in the light most favorable to the plaintiff. The court, rather \"weighs the evidence and considers credibility the same as it would at the end of the trial.\" Warner Corporation v. Magazine Realty Co., D.C.App. 255 A.2d 479, 481 (1969). See Ellis v. Carter, 328 F.2d 573 (9th Cir.1964). The court, therefore, need not consider plaintiffs evidence as true, and if it finds that the evidence does not preponderate in plaintiffs favor, the court can enter judgment for the defendant.\n. In Ryan v. Brady, supra, 34 Md.App. at 53, 366 A.2d at 752, purchaser\u2019s attorney, who searched title, acknowledged that it was obvious that he saw the recorded plat before drafting the deed and other papers. The trial judge in that case had stated: \u201c[T]he Court cannot conceive of a conscientious title attorney ... engaged in a transaction of this size and character [sale of house and lot for $240,000], failing to read the recorded plat of subject property preparatory to drawing the contract of sale and deed and guaranteeing the title_\" Id. at 754.",
        "type": "majority",
        "author": "PER CURIAM:"
      },
      {
        "text": "MACK, Associate Judge,\ndissenting:\nI view the recall of the mandate by this division, sua sponte, as amounting to the raw exercise of power, and incompatible with the orderly administration of justice. Presumably the majority in doing so is not without qualms, since it deems it necessary to preface its opinion with the notation that Luvie Pearson (the losing party in our prior decision issued January 29, 1986) had filed a petition for rehearing en banc. I suggest that this reference to an unsuccessful en banc petition is of no legal significance whatever under the circumstances here.\nWe have already decided this case. Fireison v. Pearson, 503 A.2d 1271 (D.C.1986) (Fireison I). We did so after full briefing, after full argument, and after full deliberation. In Fireison I, a majority of this division reversed the trial court\u2019s dismissal of the underlying action during trial and, as a result, the trial court set a new trial upon the merits to begin at 9:30 a.m. on June 24, 1987. Preparations for the new trial were taken in full compliance with our mandate reinstating the action for that purpose; the mandate issued to the trial court on March 6, 1986.\n\u201cIssuance of the mandate formally marks the end of appellate jurisdiction.\u201d Johnson v. Bechtel Associates Professional Corp., D.C., 255 U.S.App.D.C. 198, 201, 801 F.2d 412, 415 (1986) (per curiam). Our rules provide that the mandate of this court shall issue twenty-one days after the entry of judgment. D.C.App.R. 41(a). A mandate is stayed by the timely filing of a petition for rehearing before the division. Id. But Pearson never filed such a petition. Although she did file a petition for rehearing en banc, the mandate is not stayed by an en banc petition, so that here the mandate duly issued during that petition\u2019s pendency before the full court. Id. The real question in this case, therefore, one which the present majority utterly fails to confront, concerns the circumstances in which our mandate may be recalled.\nIn its footnote 1, ante at 1047, the majority makes its one passing reference to its recall of the mandate, the propriety of which action is now the sole issue in this already-decided case. The majority impliedly recognizes the complete absence of supporting authority for its disruptive action when it invokes, out of context, an internal operating procedure which on its face makes no reference to recall of a mandate. By its very terms, the procedure relied upon by the majority is intended to give guidance only in cases \u2014 unlike this one \u2014 which remain in the \u201cplenary control\u201d of the deciding division.\nThis case has not been in the plenary control of the division since our mandate issued on March 6, 1986. On that date \u201c^jurisdiction retum[ed] to the tribunal to which the mandate [was] directed, for such proceedings as may be appropriate....\u201d Johnson v. Bechtel Associates Professional Corp., D.C., supra, 255 U.S.App.D.C. at 201, 801 F.2d at 415; see also United States v. DiLapi, 651 F.2d 140, 144 (2d Cir.1981), cert. denied, 455 U.S. 938, 102 S.Ct. 1427, 71 L.Ed.2d 648 (1982). After issuance of our mandate, the trial court was not only free to exercise its renewed jurisdiction, but was under a duty to do so by holding a new trial on the complaint it had erroneously dismissed. Id. Thus, at no time since issuance of the mandate has this division had \u201cfull, entire, complete, absolute, perfect, unqualified\u201d control of this case. The filing of a petition for rehearing en banc did not vest plenary jurisdiction in this division absent an otherwise proper recall of the mandate. See United States v. DiLapi, supra, 651 F.2d at 144. As our appellate rules make plain, \u201c[tjhe pendency of a petition for rehearing en banc [on its own] shall not affect the finality of the judgment of the court or stay the issuance of the mandate.\u201d D.C.App.R. 41(a) (emphasis added). Because plenary control has been, and still is, vested in the trial court, this division cannot rely on isolated language from our internal operating procedures to recall the mandate in violation of settled legal principles and the rules of this court.\nThe controlling legal principles are rather the well established standards governing recall of a mandate that has already issued. One instance in which a mandate may be recalled is when the en banc court grants a petition for rehearing en banc. See Towles v. United States, 497 A.2d 793 (D.C.), granting en banc reh\u2019g, recalling mandate, and vacating en banc mem., 496 A.2d 560, argued en banc Mar. 19, 1986, petition for cert of division decision dismissed, \u2014 U.S. -, 106 S.Ct. 269, 88 L.Ed.2d 276 (1985). Action by the full court in such circumstances is the functional equivalent of an order from a higher court and is not to be compared to the action of a division. In this case, the en banc court has not seen fit to grant Pearson\u2019s petition for en banc rehearing. It has refused to do so because en banc rehearing is not favored and ordinarily will not be ordered unless (1) consideration by the full court is necessary to secure or maintain uniformity of its decisions, or (2) the proceeding involves a question of \u201cexceptional importance.\u201d D.C.App.R. 40(e). Here, neither of these conditions is met.\nInstead, it is a majority of this division which today, sua sponte, recalls the mandate. A motion for recall of the mandate is appropriately addressed to the deciding division in the first instance. Derrington v. United States, 509 A.2d 605, 605-06 (D.C.1986) (per curiam). No motion for recall of the mandate was directed to this division. Even if a motion for recall of the mandate were properly before us, the action now taken by the division would be no less troubling. The problem here is more than procedural.\nAppellate courts have inherent power to recall a mandate upon a showing of \u201cgood cause,\u201d but that power should be exercised sparingly. American Iron & Steel Institute v. EPA, 560 F.2d 589, 592-95, 44 A.L.R. Fed. 813, 818-21 (3d Cir.1977), cert. denied, 435 U.S. 914, 98 S.Ct. 1467, 55 L.Ed.2d 505 (1978); Greater Boston Television Corp. v. FCC, 149 U.S.App.D.C. 322, 331, 463 F.2d 268, 277 (1971), cert. denied, 406 U.S. 950, 92 S.Ct. 2042, 32 L.Ed.2d 338 (1972). Recall of the mandate must be necessary to avoid injustice and it is proper only in the presence of \u201cexceptional circumstances.\u201d American Iron & Steel Institute v. EPA, supra, 560 F.2d at 599, 44 A.L.R. Fed. at 829; Greater Boston Television Corp. v. FCC, supra, 149 U.S.App.D.C. at 332, 463 F.2d at 278; see also Watson v. United States, 508 A.2d 75, 81, en banc reh\u2019g granted and vacated en banc mem., 514 A.2d 800, argued en banc Nov. 6, 1986 (D.C.1986); Bell v. Westinghouse Electric Corp., 507 A.2d 548, 549 (D.C.1986); Streater v. United States, 478 A.2d 1055, 1057 n.3 (D.C.1984). The present division majority recalls the mandate with barely a nod to the \u201cgood cause\u201d requirement. That requirement is not openly acknowledged because it cannot be met. There has been no showing of \u201cgood cause\u201d here.\nSpecific instances of \u201cgood cause\u201d shown, which justify an appellate court in recalling its mandate, are: (1) the correction of clerical mistakes and clarification of mandate and opinion; (2) fraud on the court or other misconduct affecting the integrity of the judicial process; (3) the avoidance of differences in results to cases pending at the same time; (4) the need to revise an unintended instruction to the trial court that produces an unjust result; and (5) other grounds of injustice which render it \u201cmanifestly unconscionable\u201d that a judgment be given effect. Greater Boston Television Corp. v. FCC, supra, 149 U.S.App.D.C. at 331-33, 463 F.2d at 278-80 (and cases cited therein). Not one of these \u201cexceptional circumstances\u201d can be invoked in this case.\nOne division judge dissented from our original decision in this case. Fireison I, supra, 503 A.2d at 1277-80. A new division majority now reinstates the trial court\u2019s dismissal of the Fireisons\u2019 complaint because another division judge (a member of the original majority) after much further reflection has concluded (I think mistakenly) that the holding of a case relied upon in the original dissent controls. This is not \u201cgood cause\u201d justifying recall of a mandate.\nThe \u201cgood cause\u201d standard is a high one. Our power to recall mandates \u201cis not to be availed of freely as a basis for granting rehearings out of time for the purpose of changing decisions even assuming the court becomes doubtful of the wisdom of the decision that has been entered and become final.\u201d Greater Boston Television Corp. v. FCC, supra, 149 U.S.App.D.C. at 331-32, 463 F.2d at 277-78 (emphasis added) (citing Estate of Iverson v. Commissioner, 257 F.2d 408, 409 (8th Cir.) (per curiam), cert. denied, 358 U.S. 893, 79 S.Ct. 154, 3 L.Ed.2d 120 (1958)). Recall is not a vehicle for correcting alleged errors of law: \u201cCertainly, an alleged failure to correctly construe and apply the applicable state law does not constitute \u2018good cause\u2019.... \u201d Hines v. Royal Indemnity Co., 253 F.2d 111, 114 (6th Cir.1958); see generally 16 C. Wright, A. MilleR, E. CoopeR & E. Gress-MAN, FEDERAL PRACTICE AND PROCEDURE \u00a7 3938 (1977).\nUnderlying the \u201cgood cause\u201d requisite for recall of the mandate is the showing of a need to avoid injustice. The relief of injustice is the consideration which can override the deep-rooted policy in favor of the repose of judgments and the interest of finality. Greater Boston Television Corp. v. FCC, supra, 149 U.S.App.D.C. at 331-33, 463 F.2d at 277-79. What the court is doing today is creating injustice, not relieving it. It is recalling the mandate, vacating a published opinion, and changing its disposition a year after the decision was published and almost eleven months after the mandate has issued. It is doing so despite the fact that our original opinion did nothing more than give purchasers of land, who complained of and presented proof of fraud on the part of the seller, the right to a trial on their complaint. This belated change of thinking in effect gives the defendant\u2014 whose agent has admittedly engaged in misleading conduct \u2014 a valid defense of contributory negligence against the purchasers she defrauded. It defeats the legitimate expectations of litigants who have relied upon a final decision in their favor. The division majority\u2019s recall of the mandate in this fact-specific case \u2014 under the guise of complying with an octogenarian decision whose holding is in any event open to dispute \u2014 is unprecedented.\nFinally, I suggest that today\u2019s action by the majority is in conflict, not only with our caselaw and our rules, but also with the Constitution. The Fifth Amendment provides that \u201cNo person shall ... be deprived of life, liberty, or property, without due process of law....\u201d It is unquestionable that the issuance of our mandate in Firei-son I, favorable to the appellants and directly affecting the outcome of their suit for damages arising out of a contract to purchase land, implicates a property interest. I cannot believe that due process permits a division of this court to sua sponte deprive successful litigants of their property interest in a final decision without any showing of \u201cgood cause,\u201d the manner in which the mandate is recalled here. If the division majority can recall the mandate in this case, there is not a case in the books that can rest in peace.\nLitigants are aware of their rights to request reconsideration and recall of the mandate, or to petition an en banc or a higher court for further review. At some point, however, the winner is entitled to expect, and the loser must accept, that their controversy will reach a state of repose in order that they may get on with their lives. It is not asking too much of judicial responsibility that it take on the task of making definitive decisions. It would be bad enough if the new majority\u2019s uninvited reentry into the decisionmaking arena only cluttered up the law reports. But, much worse, in working an injustice upon successful litigants, today we invite a legion of decided cases to arise from their graves and come back to haunt this court.\nI respectfully dissent.\nBefore PRYOR, Chief Judge, and NEBEKER, MACK, NEWMAN, FERREN, BELSON, TERRY, ROGERS and STEADMAN, Associate Judges.\nORDER\nPER CURIAM.\nOn consideration of appellee\u2019s petition for rehearing en banc of our decision of January 29, 1986, 503 A.2d 1271, it is\nORDERED that the petition is denied.\n. The majority introduces the language of the procedure with editorial opening and closing comments referring to recall. Specifically, the procedural language relied upon provides that \"[t]he filing of a petition for rehearing en banc does not take the case out of the plenary control of the division deciding the case. The division may, on its own, grant rehearing and may do so without action by the full cotut.\u201d D.C.App. I.O.P. XI A (emphasis added). The provision that the filing of an en banc petition does not take the case \"out of the division\u2019s plenary control is patently irrelevant to cases \u2014 where the mandate has issued \u2014 which are not \"in\u201d the plenary control of the division in the first place.\nThe obvious purpose of I.O.P. XI A is one of fostering judicial economy by allowing the deciding division to reconsider its position before the mandate has issued, thus making consideration of the en banc petition unnecessary. D.C. App.R. 40(e), 41(a). In this case, the full court, with knowledge that the mandate has issued, has refused to grant en banc rehearing (and thus refused to recall the mandate) and the division\u2019s persistence in seeking to act without authority has actually defeated the purpose of judicial economy.\nI.O.P. XIA is not intended to give this division a license to sua sponte recall its mandate and change its disposition, here effective a year after the decision, without any regard to the limited circumstances in which recall is appropriate.\nThe majority\u2019s construction of I.O.P. XIA puts that procedure in direct conflict with D.C. App.R. 41(a).\n. \u201cPlenary\u201d means \"complete in every respect: ABSOLUTE, PERFECT, UNQUALIFIED Webster\u2019s Third New International Dictionary 1739 (1971). It has also been defined as \u201c[f]ull, entire, complete, absolute, perfect, unqualified.\u201d Black\u2019s Law Dictionary 1038 (5th ed. 1979).\n. Indeed the full court has implicitly recognized, by refusing to grant Pearson's petition for en banc rehearing, that the underlying merits do not involve \"exceptional\u201d circumstances. D.C.App.R. 40(e). Today's recall of the mandate by the present division majority, of course, introduces into this case an issue not considered by the en banc court in denying Pearson's petition.\n. The case which is the focal point of such agony of decision is Shappirio v. Goldberg, 192 U.S. 232, 24 S.Ct. 259, 48 L.Ed. 419 (1904), a case, like this one, involving a dispute between a seller and a purchaser of land.\nIn the first place, I note that Shappirio is of persuasive value only, as it was an interpretation of District of Columbia law whereas Firei-son I involved an interpretation of Maryland law. Although Shappirio was decided by the United States Supreme Court in its then capacity as the highest court of the District of Columbia, it is axiomatic that the Maryland Court of Appeals, and not the Supreme Court, is the final arbiter of the law of that state. E.g., Meredith v. City of Winter Haven, 320 U.S. 228, 234, 64 S.Ct. 7, 10, 88 L.Ed. 9 (1943); Am. Radiator & Standard Sanitary Corp. v. Mark Eng\u2019g Co., 230 Md. 584, 588, 187 A.2d 864, 866 (1963).\nMoreover, the precise holding of the Shappirio Court is subject to dispute. In my view, Shappirio is factually distinguishable from the instant case. In Shappirio fraud (by silence) was alleged against the seller but not proved; in this case \"misrepresentations [were] made which deceived the purchaser in which it is no defense to say that had the plaintiff declined to believe the representations and investigated for himself he would not have been deceived.\u201d Shappirio v. Goldberg, supra, 192 U.S. at 241, 24 S.Ct. at 261 (emphasis added). I note also that in Shappirio the true size of the lot conveyed was apparent to the purchasers from a complete description on the face of the deed, id. at 241, 24 S.Ct. at 261; see majority opinion, ante at 1050, whereas here, because \"[t]he deed included no physical description of the lot, but referred to the plat book and number,\u201d majority opinion, ante at 1048, the discrepancy between the contract and the conveyance could be discovered only by reference to extrinsic sources.\nIt is clear that one can reach different interpretations depending upon which phrases one underlines in Shappirio. It is likewise clear that the analysis employed by the majority today compels the ridiculous result that contributory negligence is a defense to fraud. It is clearer still that changing, but still conflicting, interpretations of Shappirio do not involve \u201cexceptional circumstances\" justifying recall of the mandate.\n. I do not use the word \"unprecedented\u201d merely for its rhetorical impact. A WESTLAW search for the word \"recall\u201d (and its derivatives) in the same sentence as \"mandate\u201d reveals not a single case that supports the action taken by the division majority today. (Recall; /s Mandate, databases DC-CS, CTADC, and CTADC-OLD, WEST-LAW search dated Jan. 13, 1987.) The search was conducted in the binding caselaw of this jurisdiction, which includes all decisions of this court, together with those of the United States Court of Appeals for the District of Columbia Circuit rendered prior to February 1, 1971. M.A.P. v. Ryan, 285 A.2d 310, 312 (D.C.1971).\nThis court refused to recall its mandate in three of the six cases in which the issue has arisen. Derrington v. United States, supra, 509 A.2d at 605-06; Watson v. United States, supra, 508 A.2d at 79-81, 88, 91; McKeamer v. United States, 458 A.2d 737, 738 (D.C.1983) (en banc mem.) (Nebeker, J., separate statement).. In another, the full court recalled the mandate within six weeks after issuance when it sua sponte called for rehearing en banc. Towles v. United States, supra, 497 A.2d 793. In a second case, we recalled the mandate in order to reopen the direct appeal of a criminal defendant who claimed that appellate counsel in his original appeal had provided ineffective assistance, a claim which by its very nature called for such an approach. Streater v. United States, supra, 478 A.2d at 1057. In the one remaining case, we recalled our mandate in light of a claim that it would produce \u201charmful effects \u2018on the administration of justice in this jurisdiction,\u2019 \u201d it being also apparent from the motion to recall the mandate that the government had \"misinterpreted\u201d our earlier decision. Epperson v. United States, 495 A.2d 1170, 1171-73 (D.C.1985). It is significant that the search reveals not one civil case in which we recalled our mandate. (Due to limitations on the WESTLAW DC-CS database, the above search covers full text and head-notes back to 203 A.2d 37 (1965), only head-notes from then back to 121 A.2d 178 (1956), and no earlier cases. However, neither the District of Columbia Digest (1958 & Supp.1986) nor the Atlantic Digest 2d (1982 & Supp.1986) reveals any prior case on this issue.)\nThe United States Court of Appeals for the District of Columbia Circuit refused to recall its mandate in four of the nine cases which came before it and its predecessors prior to February 1, 1971. Pratt v. United States, 70 App.D.C. 7, 10, 102 F.2d 275, 278 (1939); Snyder v. Hunter, 56 App.D.C. 164, 11 F.2d 336 (1926); Faunce v. Woods, 55 App.D.C. 330, 330, 5 F.2d 753, 753, 40 A.L.R. 208 (1925); Ass'n of Survivors of Seventh Ga. Regiment v. Larner, 55 App.D.C. 156, 156, 3 F.2d 201, 201 (1925). In three others, it recalled and reissued the mandate in order to clarify its true meaning. Washington v. Clemmer, 119 U.S.App.D.C. 216, 220, 339 F.2d 715, 719 (1964) (per curiam); Freid v. McGrath, 77 U.S.App.D.C. 385, 386, 135 F.2d 833, 834 (1943); Pratt v. Pratt, 56 App.D.C. 336, 336-37, 15 F.2d 735, 736 (1926) (per curiam). In another, it recalled and stayed the mandate immediately after issuance so as to allow the losing party to appeal to the United States Supreme Court. Hoover v. Intercity Radio Co., 52 App.D.C. 339, 343, 286 Fed. 1003, 1007 (1923). In the one remaining case, the fact of immediate recall and stay of the mandate is noted but not explained, which suggests that it too was to facilitate an appeal to the Supreme Court. Fred v. Dist. of Columbia, 59 App.D.C. 79, 79, 33 F.2d 375, 375 (1929). (This search extends back to 258 Fed. (1919).)\nAll of the cases in which the mandate was recalled involved \u201cexceptional circumstances.\" None involved a situation where a new majority of the division simply changed its mind, and subsequently brought about a change in the disposition of the case a year after the court\u2019s opinion was first published.\n. While on the due process issue, I note yet another problem with the present division majority\u2019s reliance on the legally irrelevant filing by Pearson of an unsuccessful petition for rehearing en banc. That petition was not filed, as our rules require, within the fourteen day period following entry of judgment in Fireison /. Pearson did successfully move this court \u2014 also after expiration of the fourteen day period following entry of the judgment \u2014 for an enlargement of time. Although our rules allow these requests to be granted \"for good cause shown,\u201d D.C.App.R. 26(b), the Fireisons were never given an opportunity to contest whether such a showing had been made. Indeed they assert that they were unaware of Pearson\u2019s request for enlargement of time until after it was granted. The majority's reference, in its footnote 1, ante at 1047, to the pendency of an unsuccessful en banc petition and the briefing of the parties does precisely nothing to refute either of the due process claims presented here and in the text.\n. I recognize that special considerations exist with regard to criminal convictions because of their unusually grave consequences. This point is illustrated by our recent adoption of D.C. App.R. 41(c), which makes special provision in our rules for the recall of mandates in criminal cases.",
        "type": "dissent",
        "author": "MACK, Associate Judge, PER CURIAM."
      }
    ],
    "attorneys": [
      "Michael Alan Olshonsky, with whom Mary P. Nyiri, Washington, D.C., was on brief, for appellants.",
      "Kenneth J. Ingram, Washington, D.C., for appellee."
    ],
    "corrections": "",
    "head_matter": "Louis FIREISON and Bernadine Fireison, Appellants, v. Luvie M. PEARSON, Appellee.\nNo. 84-157.\nDistrict of Columbia Court of Appeals.\nDecided Jan. 22, 1987.\nMichael Alan Olshonsky, with whom Mary P. Nyiri, Washington, D.C., was on brief, for appellants.\nKenneth J. Ingram, Washington, D.C., for appellee.\nBefore MACK, BELSON and ROGERS, Associate Judges."
  },
  "file_name": "1046-01",
  "first_page_order": 1116,
  "last_page_order": 1127
}
