{
  "id": 7287853,
  "name": "JPMORGAN CHASE BANK N.A. as Trustee for the Registered Holders of ABFS Mortgage Pass-Through Certificates Series 2002-4 v. JOON H. WHANG and Youn O. Whang. Petition of Youn O. Whang",
  "name_abbreviation": "JPMorgan Chase Bank N.A. v. Joon H. Whang",
  "decision_date": "2010-08-12",
  "docket_number": "No. 55 EM 2010",
  "first_page": "473",
  "last_page": "473",
  "citations": [
    {
      "type": "official",
      "cite": "2 A.3d 473"
    }
  ],
  "court": {
    "name_abbreviation": "Pa.",
    "id": 8832,
    "name": "Supreme Court of Pennsylvania"
  },
  "jurisdiction": {
    "id": 6,
    "name_long": "Pennsylvania",
    "name": "Pa."
  },
  "cites_to": [],
  "analysis": {
    "cardinality": 45,
    "char_count": 336,
    "ocr_confidence": 0.665,
    "sha256": "fd134714a1d68a831db2e0b6ba8cfd66674fefc4f2de27bfa78294c3d96cb006",
    "simhash": "1:94ba01cf61f3bef0",
    "word_count": 58
  },
  "last_updated": "2023-07-14T21:40:41.647294+00:00",
  "provenance": {
    "date_added": "2019-08-29",
    "source": "Harvard",
    "batch": "2018"
  },
  "casebody": {
    "judges": [],
    "parties": [
      "JPMORGAN CHASE BANK N.A. as Trustee for the Registered Holders of ABFS Mortgage Pass-Through Certificates Series 2002-4 v. JOON H. WHANG and Youn O. Whang. Petition of Youn O. Whang."
    ],
    "opinions": [
      {
        "text": "ORDER\nPER CURIAM.\nAND NOW, this 12th day of August, 2010, the Petition for Stay is DENIED.",
        "type": "majority",
        "author": "PER CURIAM."
      }
    ],
    "attorneys": [],
    "corrections": "",
    "head_matter": "JPMORGAN CHASE BANK N.A. as Trustee for the Registered Holders of ABFS Mortgage Pass-Through Certificates Series 2002-4 v. JOON H. WHANG and Youn O. Whang. Petition of Youn O. Whang.\nNo. 55 EM 2010.\nSupreme Court of Pennsylvania.\nAug. 12, 2010."
  },
  "file_name": "0473-03",
  "first_page_order": 503,
  "last_page_order": 503
}
