{
  "id": 7380219,
  "name": "James T. KELLY, Appellant, v. UNITED STATES, Appellee",
  "name_abbreviation": "Kelly v. United States",
  "decision_date": "1990-09-26",
  "docket_number": "No. 89-707",
  "first_page": "1282",
  "last_page": "1289",
  "citations": [
    {
      "type": "official",
      "cite": "580 A.2d 1282"
    }
  ],
  "court": {
    "name_abbreviation": "D.C.",
    "id": 11933,
    "name": "District of Columbia Court of Appeals"
  },
  "jurisdiction": {
    "id": 56,
    "name_long": "District of Columbia",
    "name": "D.C."
  },
  "cites_to": [
    {
      "cite": "868 F.2d 447",
      "category": "reporters:federal",
      "reporter": "F.2d",
      "case_ids": [
        5674888,
        10526703
      ],
      "year": 1989,
      "pin_cites": [
        {
          "page": "451",
          "parenthetical": "same"
        }
      ],
      "opinion_index": 0,
      "case_paths": [
        "/us-app-dc/276/0118-01",
        "/f2d/868/0447-01"
      ]
    },
    {
      "cite": "276 U.S.App.D.C. 118",
      "category": "reporters:state",
      "reporter": "U.S. App. D.C.",
      "case_ids": [
        5674888
      ],
      "year": 1989,
      "pin_cites": [
        {
          "page": "122",
          "parenthetical": "same"
        }
      ],
      "opinion_index": 0,
      "case_paths": [
        "/us-app-dc/276/0118-01"
      ]
    },
    {
      "cite": "108 L.Ed.2d 960",
      "category": "reporters:federal",
      "reporter": "L. Ed. 2d",
      "year": 1990,
      "opinion_index": 0
    },
    {
      "cite": "110 S.Ct. 1831",
      "category": "reporters:federal",
      "reporter": "S. Ct.",
      "year": 1990,
      "opinion_index": 0
    },
    {
      "cite": "886 F.2d 383",
      "category": "reporters:federal",
      "reporter": "F.2d",
      "case_ids": [
        3474389,
        10530015
      ],
      "year": 1989,
      "pin_cites": [
        {
          "page": "387",
          "parenthetical": "\"A seizure does not exist just because the police officers do not tell the defendant that he does not have to talk to them or that he can walk away\""
        }
      ],
      "opinion_index": 0,
      "case_paths": [
        "/us-app-dc/280/0366-01",
        "/f2d/886/0383-01"
      ]
    },
    {
      "cite": "280 U.S.App.D.C. 366",
      "category": "reporters:state",
      "reporter": "U.S. App. D.C.",
      "case_ids": [
        3474389
      ],
      "year": 1989,
      "pin_cites": [
        {
          "page": "370",
          "parenthetical": "\"A seizure does not exist just because the police officers do not tell the defendant that he does not have to talk to them or that he can walk away\""
        }
      ],
      "opinion_index": 0,
      "case_paths": [
        "/us-app-dc/280/0366-01"
      ]
    },
    {
      "cite": "460 U.S. 491",
      "category": "reporters:federal",
      "reporter": "U.S.",
      "case_ids": [
        6195479
      ],
      "weight": 7,
      "year": 1983,
      "pin_cites": [
        {
          "page": "502",
          "parenthetical": "plurality opinion of White, J., joined by three other Justices"
        },
        {
          "page": "1326",
          "parenthetical": "plurality opinion of White, J., joined by three other Justices"
        },
        {
          "parenthetical": "plurality opinion of White, J., joined by three other Justices"
        },
        {
          "page": "514"
        },
        {
          "page": "1332",
          "parenthetical": "dissenting opinion of Blackmun, J., \"concur[ring] in the plurality's adoption of the Fourth Amendment seizure standard proposed by Justice Stewart in Mendenhall \""
        }
      ],
      "opinion_index": 0,
      "case_paths": [
        "/us/460/0491-01"
      ]
    },
    {
      "cite": "100 L.Ed.2d 565",
      "category": "reporters:federal",
      "reporter": "L. Ed. 2d",
      "case_ids": [
        12033563,
        6221076
      ],
      "year": 1988,
      "opinion_index": 0,
      "case_paths": [
        "/us/350/0473-01",
        "/us/486/0567-01"
      ]
    },
    {
      "cite": "486 U.S. 567",
      "category": "reporters:federal",
      "reporter": "U.S.",
      "case_ids": [
        6221076
      ],
      "weight": 2,
      "year": 1988,
      "pin_cites": [
        {
          "page": "573"
        },
        {
          "page": "1979"
        }
      ],
      "opinion_index": 0,
      "case_paths": [
        "/us/486/0567-01"
      ]
    },
    {
      "cite": "416 So.2d 919",
      "category": "reporters:state_regional",
      "reporter": "So. 2d",
      "case_ids": [
        9572121
      ],
      "pin_cites": [
        {
          "page": "920-921"
        }
      ],
      "opinion_index": 0,
      "case_paths": [
        "/so2d/416/0919-01"
      ]
    },
    {
      "cite": "492 N.E.2d 671",
      "category": "reporters:state_regional",
      "reporter": "N.E.2d",
      "case_ids": [
        11025738
      ],
      "pin_cites": [
        {
          "page": "680"
        }
      ],
      "opinion_index": 0,
      "case_paths": [
        "/ne2d/492/0671-01"
      ]
    },
    {
      "cite": "784 F.2d 812",
      "category": "reporters:federal",
      "reporter": "F.2d",
      "case_ids": [
        1548216
      ],
      "pin_cites": [
        {
          "page": "816"
        }
      ],
      "opinion_index": 0,
      "case_paths": [
        "/f2d/784/0812-01"
      ]
    },
    {
      "cite": "876 F.2d 201",
      "category": "reporters:federal",
      "reporter": "F.2d",
      "case_ids": [
        10530218,
        3469123
      ],
      "weight": 2,
      "year": 1989,
      "pin_cites": [
        {
          "page": "207-208",
          "parenthetical": "citing United States v. Dyer, 784 F.2d 812, 816 (7th Cir. (1986) (\"consent to search luggage validates the search both of the luggage and of containers within the luggage\")); see also Heald v. State, 492 N.E.2d 671, 680 (Ind.1986"
        },
        {
          "page": "208",
          "parenthetical": "citation omitted"
        }
      ],
      "opinion_index": 0,
      "case_paths": [
        "/f2d/876/0201-01",
        "/us-app-dc/278/0016-01"
      ]
    },
    {
      "cite": "278 U.S. App.D.C. 16",
      "category": "reporters:state",
      "reporter": "U.S. App. D.C.",
      "case_ids": [
        3469123
      ],
      "weight": 2,
      "year": 1989,
      "pin_cites": [
        {
          "page": "22-23",
          "parenthetical": "citing United States v. Dyer, 784 F.2d 812, 816 (7th Cir. (1986) (\"consent to search luggage validates the search both of the luggage and of containers within the luggage\")); see also Heald v. State, 492 N.E.2d 671, 680 (Ind.1986"
        },
        {
          "page": "23"
        }
      ],
      "opinion_index": 0,
      "case_paths": [
        "/us-app-dc/278/0016-01"
      ]
    },
    {
      "cite": "466 A.2d 829",
      "category": "reporters:state_regional",
      "reporter": "A.2d",
      "case_ids": [
        7974336
      ],
      "pin_cites": [
        {
          "page": "843"
        }
      ],
      "opinion_index": 0,
      "case_paths": [
        "/a2d/466/0829-01"
      ]
    },
    {
      "cite": "488 A.2d 1314",
      "category": "reporters:state_regional",
      "reporter": "A.2d",
      "case_ids": [
        7979913
      ],
      "pin_cites": [
        {
          "page": "1325"
        }
      ],
      "opinion_index": 0,
      "case_paths": [
        "/a2d/488/1314-01"
      ]
    },
    {
      "cite": "412 U.S. 218",
      "category": "reporters:federal",
      "reporter": "U.S.",
      "case_ids": [
        6172008
      ],
      "weight": 3,
      "year": 1973,
      "pin_cites": [
        {
          "page": "226"
        },
        {
          "page": "2047"
        }
      ],
      "opinion_index": 0,
      "case_paths": [
        "/us/412/0218-01"
      ]
    },
    {
      "cite": "381 A.2d 614",
      "category": "reporters:state_regional",
      "reporter": "A.2d",
      "case_ids": [
        7993703
      ],
      "pin_cites": [
        {
          "page": "618"
        }
      ],
      "opinion_index": 0,
      "case_paths": [
        "/a2d/381/0614-01"
      ]
    },
    {
      "cite": "901 F.2d 1116",
      "category": "reporters:federal",
      "reporter": "F.2d",
      "case_ids": [
        10538152,
        10538210,
        3482968,
        3482423
      ],
      "weight": 3,
      "year": 1990,
      "pin_cites": [
        {
          "page": "1118",
          "parenthetical": "citations omitted"
        },
        {
          "page": "1119"
        },
        {
          "page": "1118"
        }
      ],
      "opinion_index": 0,
      "case_paths": [
        "/f2d/901/1116-01",
        "/f2d/901/1116-02",
        "/us-app-dc/284/0064-02",
        "/us-app-dc/284/0064-01"
      ]
    },
    {
      "cite": "284 U.S.App.D.C. 64",
      "category": "reporters:state",
      "reporter": "U.S. App. D.C.",
      "case_ids": [
        3482968,
        3482423
      ],
      "weight": 3,
      "year": 1990,
      "pin_cites": [
        {
          "page": "66",
          "parenthetical": "citations omitted"
        },
        {
          "page": "67"
        },
        {
          "page": "66"
        }
      ],
      "opinion_index": 0,
      "case_paths": [
        "/us-app-dc/284/0064-02",
        "/us-app-dc/284/0064-01"
      ]
    },
    {
      "cite": "697 F.Supp. 513",
      "category": "reporters:federal",
      "reporter": "F. Supp.",
      "case_ids": [
        7399481
      ],
      "weight": 2,
      "pin_cites": [
        {
          "page": "515",
          "parenthetical": "citations omitted"
        }
      ],
      "opinion_index": 0,
      "case_paths": [
        "/f-supp/697/0513-01"
      ]
    },
    {
      "cite": "672 F.2d 134",
      "category": "reporters:federal",
      "reporter": "F.2d",
      "case_ids": [
        3627531,
        1142301
      ],
      "year": 1982,
      "pin_cites": [
        {
          "page": "141"
        }
      ],
      "opinion_index": 0,
      "case_paths": [
        "/us-app-dc/217/0281-01",
        "/f2d/672/0134-01"
      ]
    },
    {
      "cite": "217 U.S.App.D.C. 281",
      "category": "reporters:state",
      "reporter": "U.S. App. D.C.",
      "case_ids": [
        3627531
      ],
      "year": 1982,
      "pin_cites": [
        {
          "page": "288"
        }
      ],
      "opinion_index": 0,
      "case_paths": [
        "/us-app-dc/217/0281-01"
      ]
    },
    {
      "cite": "892 F.2d 118",
      "category": "reporters:federal",
      "reporter": "F.2d",
      "case_ids": [
        5862892,
        10522149
      ],
      "year": 1989,
      "opinion_index": 0,
      "case_paths": [
        "/us-app-dc/282/0102-01",
        "/f2d/892/0118-01"
      ]
    },
    {
      "cite": "282 U.S.App.D.C. 102",
      "category": "reporters:state",
      "reporter": "U.S. App. D.C.",
      "case_ids": [
        5862892
      ],
      "year": 1989,
      "opinion_index": 0,
      "case_paths": [
        "/us-app-dc/282/0102-01"
      ]
    },
    {
      "cite": "111 L.Ed.2d 787",
      "category": "reporters:federal",
      "reporter": "L. Ed. 2d",
      "year": 1990,
      "pin_cites": [
        {
          "parenthetical": "same, except that encounter involved two officers rather than three, and took place just outside a bus station rather than inside a train station"
        }
      ],
      "opinion_index": 0
    },
    {
      "cite": "110 S.Ct. 3277",
      "category": "reporters:federal",
      "reporter": "S. Ct.",
      "year": 1990,
      "pin_cites": [
        {
          "parenthetical": "same, except that encounter involved two officers rather than three, and took place just outside a bus station rather than inside a train station"
        }
      ],
      "opinion_index": 0
    },
    {
      "cite": "892 F.2d 112",
      "category": "reporters:federal",
      "reporter": "F.2d",
      "case_ids": [
        5862266,
        10522111
      ],
      "year": 1989,
      "opinion_index": 0,
      "case_paths": [
        "/us-app-dc/282/0096-01",
        "/f2d/892/0112-01"
      ]
    },
    {
      "cite": "282 U.S.App.D.C. 96",
      "category": "reporters:state",
      "reporter": "U.S. App. D.C.",
      "case_ids": [
        5862266
      ],
      "year": 1989,
      "opinion_index": 0,
      "case_paths": [
        "/us-app-dc/282/0096-01"
      ]
    },
    {
      "cite": "894 F.2d 415",
      "category": "reporters:federal",
      "reporter": "F.2d",
      "case_ids": [
        10532592,
        5863942
      ],
      "year": 1990,
      "pin_cites": [
        {
          "page": "419",
          "parenthetical": "no seizure when one officer stopped defendant in Union Station and asked to speak with him while two other officers positioned themselves a few feet away, even though defendant \"may have\" sensed their presence"
        }
      ],
      "opinion_index": 0,
      "case_paths": [
        "/f2d/894/0415-01",
        "/us-app-dc/282/0256-01"
      ]
    },
    {
      "cite": "282 U.S.App.D.C. 256",
      "category": "reporters:state",
      "reporter": "U.S. App. D.C.",
      "case_ids": [
        5863942
      ],
      "year": 1990,
      "pin_cites": [
        {
          "page": "260",
          "parenthetical": "no seizure when one officer stopped defendant in Union Station and asked to speak with him while two other officers positioned themselves a few feet away, even though defendant \"may have\" sensed their presence"
        }
      ],
      "opinion_index": 0,
      "case_paths": [
        "/us-app-dc/282/0256-01"
      ]
    },
    {
      "cite": "286 A.2d 845",
      "category": "reporters:state_regional",
      "reporter": "A.2d",
      "case_ids": [
        8093841
      ],
      "year": 1972,
      "pin_cites": [
        {
          "page": "846",
          "parenthetical": "no seizure when officer placed his hand on defendant's arm and said, \"Hold it, sir, could I speak with you a second?\""
        }
      ],
      "opinion_index": 0,
      "case_paths": [
        "/a2d/286/0845-01"
      ]
    },
    {
      "cite": "482 A.2d 772",
      "category": "reporters:state_regional",
      "reporter": "A.2d",
      "case_ids": [
        7909193
      ],
      "pin_cites": [
        {
          "page": "777"
        }
      ],
      "opinion_index": 0,
      "case_paths": [
        "/a2d/482/0772-01"
      ]
    },
    {
      "cite": "496 A.2d 1040",
      "category": "reporters:state_regional",
      "reporter": "A.2d",
      "case_ids": [
        11321625
      ],
      "pin_cites": [
        {
          "page": "1044-1045"
        }
      ],
      "opinion_index": 0,
      "case_paths": [
        "/a2d/496/1040-01"
      ]
    },
    {
      "cite": "446 U.S. 544",
      "category": "reporters:federal",
      "reporter": "U.S.",
      "case_ids": [
        6185389
      ],
      "weight": 9,
      "year": 1980,
      "pin_cites": [
        {
          "page": "554",
          "parenthetical": "Stewart, J."
        },
        {
          "page": "1877",
          "parenthetical": "Stewart, J."
        },
        {
          "parenthetical": "Stewart, J."
        },
        {
          "page": "554"
        },
        {
          "page": "1877",
          "parenthetical": "citations omitted"
        },
        {
          "page": "554"
        },
        {
          "page": "1877"
        }
      ],
      "opinion_index": 0,
      "case_paths": [
        "/us/446/0544-01"
      ]
    },
    {
      "cite": "466 U.S. 210",
      "category": "reporters:federal",
      "reporter": "U.S.",
      "case_ids": [
        6196728
      ],
      "weight": 9,
      "year": 1984,
      "pin_cites": [
        {
          "page": "215"
        },
        {
          "page": "1723"
        },
        {
          "page": "216"
        },
        {
          "page": "1724"
        },
        {
          "page": "215"
        },
        {
          "page": "17"
        }
      ],
      "opinion_index": 0,
      "case_paths": [
        "/us/466/0210-01"
      ]
    },
    {
      "cite": "392 U.S. 1",
      "category": "reporters:federal",
      "reporter": "U.S.",
      "case_ids": [
        6167798
      ],
      "weight": 3,
      "year": 1968,
      "opinion_index": 0,
      "case_paths": [
        "/us/392/0001-01"
      ]
    },
    {
      "cite": "116 Daily Wash.L.Rptr. 1813",
      "category": "reporters:state",
      "reporter": "Daily Wash. L. Rptr.",
      "weight": 6,
      "year": 1988,
      "pin_cites": [
        {
          "page": "1815"
        },
        {
          "page": "1816",
          "parenthetical": "citations omitted and emphasis added"
        },
        {
          "page": "1816-1817"
        },
        {
          "page": "1817"
        }
      ],
      "opinion_index": 0
    }
  ],
  "analysis": {
    "cardinality": 1127,
    "char_count": 24706,
    "ocr_confidence": 0.779,
    "pagerank": {
      "raw": 1.639374758738276e-07,
      "percentile": 0.6908229012579498
    },
    "sha256": "0ac56487aa33a7db66b4722f62aede34c6a3e0427658de6f654956a440322d19",
    "simhash": "1:2f99e7282307e121",
    "word_count": 4189
  },
  "last_updated": "2024-02-27T20:10:13.928976+00:00",
  "provenance": {
    "date_added": "2019-08-29",
    "source": "Harvard",
    "batch": "2018"
  },
  "casebody": {
    "judges": [
      "Before FERREN, TERRY and STEADMAN, Associate Judges."
    ],
    "parties": [
      "James T. KELLY, Appellant, v. UNITED STATES, Appellee."
    ],
    "opinions": [
      {
        "text": "TERRY, Associate Judge:\nIn what promises to become a familiar scenario, appellant Kelly was approached by a member of the Metropolitan Police Department\u2019s Narcotic Interdiction Unit after getting off a train at Union Station. Following a brief conversation and a request to search the shopping bag that Kelly was carrying, the officer found cocaine in a smaller bag inside a shoe which was in the shopping bag. Kelly was charged with possession of cocaine with intent to distribute it, a violation of D.C.Code \u00a7 33-541(a)(l) (1988). He moved to suppress the cocaine as the fruit of an illegal search, but the motion was denied after a hearing. Kelly then entered a conditional guilty plea to the charge against him, reserving the right to challenge on appeal the trial court\u2019s denial of his motion to suppress. See Super.Ct.Crim.R. 11(a)(2).\nAppellant maintains that his Fourth Amendment rights were violated when the cocaine was removed from the shopping bag. He makes two specific contentions. First, he argues that he was unreasonably \u201cseized\u201d when he was' questioned by the detective at Union Station. Second, he asserts that the search of the shopping bag was conducted without his valid consent. We reject both contentions and affirm the conviction.\nI\nOn October 10, 1989, Detective Vance Beard, a member of the Narcotic Interdiction Unit of the Metropolitan Police Department, and Special Agent Sauve, an employee of Amtrak, were at Union Station in Washington observing passengers who were getting off Amtrak trains. Both were in plain clothes, and neither visibly carried a gun or displayed a badge. At about 4:00 p.m. they noticed Kelly among the passengers leaving a train that had recently arrived from New York. He was carrying a white shopping bag which, according to Beard\u2019s testimony, \u201cappeared to be not full.\u201d As Kelly passed Sauve, the two made eye contact, and Kelly glanced backwards \u201clike he was looking to see if someone was going to follow him.\u201d Sauve and Beard did follow Kelly for approximately 100 yards. When they were all in the main terminal area, Detective Beard approached Kelly from behind, presented his identification folder, identified himself verbally as a police officer, and \u201casked if [he] could speak with him.\u201d Kelly said yes. At the same time, Agent Sauve positioned himself about four feet in front of Kelly.\nDetective Beard asked Kelly if he had just gotten off a train, and Kelly said he had. Beard then asked where he had come from; Kelly responded, \u201cNew Jersey,\u201d and displayed a ticket from Trenton to Washington. Detective Beard next inquired whether Kelly lived in New Jersey or Washington, and Kelly said that he lived on Congress Street, S.E. When asked how long he had lived there, Kelly \u201csaid all of his life.\u201d Detective Beard next asked Kelly how long he had been in New Jersey, and Kelly replied, \u201cAbout a week.\u201d When asked whether all the clothes he had for that one-week visit were in the shopping bag, Kelly \u201csaid no, that he had other clothes in New Jersey.\u201d\nBeard then told Kelly that he was from the Narcotics Branch of the police department, and that his job included interviewing people coming into Washington in an effort to stop the flow of illegal drugs. Kelly said he understood. Detective Beard\u2019s testimony continued:\nI then asked him if he was carrying any drugs in the shopping bag. He said no. I asked if he would have a problem if I searched the shopping bag, and he said no.\nKelly then opened the shopping bag, \u201cone hand on each handle, and he opened it all the way.\u201d Beard looked in and saw a pair of pants and some tennis shoes. Inside one of the shoes was a folded-over brown paper bag. When Beard asked what was in the paper bag, Kelly said he did not know. Agent Sauve then stepped closer to Kelly and Beard, reached into the shopping bag, and took out the brown paper bag. Inside it was a plastic zip-lock bag containing a white substance which later turned out to be cocaine.\nOn cross-examination, the following exchange took place between Kelly\u2019s counsel and Detective Beard:\nQ. And at that time, did you ask Mr. Kelly whether you could remove anything from the bag?\nA. No.\nQ. But Special Agent Sauve just reached in and grabbed something, right?\nA. After him hearing his response to my question about the paper bag, he did.\nQ. Mr. Kelly never told you that you could search the bag, did he?\nA. Yes, he did.\nBeard also testified that Kelly was trying to be cooperative and did not indicate a desire either to suspend the conversation or to leave. Beard said that Kelly was free to leave at any time until the discovery of the cocaine, that he did not order Kelly to do anything, and that his tone of voice was \u201clow key, just the same as I\u2019m testifying now.\u201d\nAfter hearing Detective Beard\u2019s testimony and the arguments of counsel, the trial court found inter alia \u201cthat this was a consensual search.\u201d The court went on to say:\nAccording to the testimony that I understood, although Detective Sauve was some four feet in front of the defendant, the door was to his left, and he could have gone out the door. So, at any time, the individual could have just left. He didn\u2019t have to open his bag, and the seizure, I think, can be justified when he gave the very unrealistic answer about what\u2019s in the paper bag, \u201cI don\u2019t know.\u201d When you have a brown paper bag in a shoe of something you are carrying, and you say, \u201cI don\u2019t know,\u201d that immediately, I think, gives rise to a suspicion that it is contraband.\nCiting United States v. Gabin, 116 Daily Wash.L.Rptr. 1813 (D.C.Super.Ct. June 30, 1988), as a \u201cwell reasoned\u201d opinion, the court denied Kelly\u2019s motion to suppress.\nII\nKelly contends that his Fourth Amendment rights were violated when he was questioned by Detective Beard. Specifically, he argues that the detective\u2019s conduct amounted to an unreasonable seizure, and that the cocaine found in his shopping bag should therefore have been suppressed. We cannot agree. Given the undisputed testimony of Detective Beard and the findings of the trial court, we hold that Kelly was not seized by the police but was merely involved in a consensual encounter, from which he was free to depart at any time.\nA Fourth Amendment \u201cseizure\u201d occurs \u201c[o]nly when the officer, by means of physical force or show of authority, has in some way restrained the liberty of a citi-zen_\u201d Terry v. Ohio, 392 U.S. 1, 19 n. 16, 88 S.Ct. 1868, 1879 n. 16, 20 L.Ed.2d 889 (1968); accord, e.g., Immigration & Naturalization Service v. Delgado, 466 U.S. 210, 215, 104 S.Ct. 1758, 1723, 80 L.Ed.2d 247 (1984). The test is whether \u201ca reasonable person would have believed that he was not free to leave,\u201d United States v. Mendenhall, 446 U.S. 544, 554, 100 S.Ct. 1870, 1877, 64 L.Ed.2d 497 (1980) (Stewart, J.) (footnote omitted), and a determination of whether a seizure has occurred must take into account not one or two factors considered in isolation, but the \u201ctotality of the circumstances.\u201d Id.; see Michigan v. Chesternut, supra note 4, 486 U.S. at 572, 108 S.Ct. at 1978.\nThus it is not enough for Kelly to assert that police officers are inherently figures of authority, and that their presence results in non-consensual encounters.\n[L]aw enforcement officers do not violate the Fourth Amendment by merely approaching an individual on the street or in another public place, by asking him if he is willing to answer some questions, by putting questions to him if the person is willing to listen, or by offering in evidence in a criminal prosecution his voluntary answers to such questions.... Nor would the fact that the officer identifies himself as a police officer, without more, convert the encounter into a seizure requiring some level of objective justification.\nFlorida v. Royer, supra note 4, 460 U.S. at 497, 103 S.Ct. at 13 (citations omitted and emphasis added). As the Supreme Court said in Delgado, supra, \u201cpolice questioning, by itself, is unlikely to result in a Fourth Amendment violation.\u201d 466 U.S. at 216, 104 S.Ct. at 1724; see United States v. Barnes, 496 A.2d 1040, 1044-1045 (D.C.1985); Purce v. United States, 482 A.2d 772, 777 (D.C.1984). There must be more than mere questioning before a court will find that a seizure has occurred. Factors which \u201cmight indicate a seizure\u201d would include, for example, \u201cthe threatening presence of several officers, the display of a weapon by an officer, some physical touching of the person of the citizen, or the use of language or tone of voice indicating that compliance with the officer\u2019s request might be compelled.\u201d United States v. Mendenhall, supra, 446 U.S. at 554, 100 S.Ct. at 1877 (citations omitted). None of those factors is present in this case.\nDetective Beard treated Kelly courteously and made no demands. He identified himself as a police officer and \u201casked if [he] could speak with [Kelly].\u201d See United States v. Burrell, 286 A.2d 845, 846 (D.C. 1972) (no seizure when officer placed his hand on defendant\u2019s arm and said, \u201cHold it, sir, could I speak with you a second?\u201d). In response, Kelly readily provided answers to the detective\u2019s questions. Furthermore, Beard asked for permission to search the shopping bag, and Kelly granted it. During the encounter Detective Beard did not produce a weapon, nor did he ever touch Kelly until the cocaine was discovered inside the brown paper bag. Beard\u2019s questions were polite, and the tone of his voice does not appear to have been anything other than conversational. Finally, both he and Special Agent Sauve were in plain clothes, a factor which would tend to diminish the officer\u2019s aura of authority rather than enhance it. In short, Detective Beard did nothing which would lead a reasonable person to believe that a seizure had taken place.\nOne factor stressed by Kelly is the presence of Special Agent Sauve, who stood about four feet in front of him during the encounter. He characterizes Sauve\u2019s conduct as \u201cmoving to block\u201d him. This characterization, however, is not supported by the record. Sauve himself did not brandish a weapon or personally accost Kelly, nor did he engage in any of the other conduct described in Mendenhall as indicative of a seizure. Furthermore, the trial court found that although Sauve was standing in front of Kelly, the nearest exit was to Kelly\u2019s left so that his egress was not blocked or obstructed. The evidence supported that finding. Agent Sauve\u2019s participation simply did not rise to the level of a \u201cthreatening presence.\u201d United States v. Mendenhall, supra, 446 U.S. at 554, 100 S.Ct. at 1877; see United States v. Maragh, 282 U.S.App.D.C. 256, 260, 894 F.2d 415, 419 (1990) (no seizure when one officer stopped defendant in Union Station and asked to speak with him while two other officers positioned themselves a few feet away, even though defendant \u201cmay have\u201d sensed their presence); United States v. Winston, 282 U.S.App.D.C. 96, 892 F.2d 112 (1989), cert. denied, \u2014 U.S.-, 110 S.Ct. 3277, 111 L.Ed.2d 787 (1990) (same, except that encounter involved two officers rather than three, and took place just outside a bus station rather than inside a train station).\nIt is no surprise that the trial judge in this case referred to United States v. Ga- bin, supra, for the facts in Gabin are quite similar to the facts before us here. The defendant in Gabin arrived at Union Station on an Amtrak train which had originated in New York. He was carrying a small nylon bag, and as he entered the terminal, he looked \u201cnervously around the station, as well as over his shoulders several times.\u201d 116 Daily Wash.L.Rptr. at 1815. A plainclothes detective from the Narcotic Interdiction Unit approached Gabin, identified himself as a police officer, and asked if they could talk. After a brief exchange, the officer asked Gabin if he \u201chad a problem\u201d with a search of the nylon bag, and Gabin replied, \u201cNo, no.\u201d The officer repeated his request, received permission again, and then searched the nylon bag, in which he found a plastic bag containing cocaine. Judge Graae of the Superior Court denied Gabin\u2019s motion to suppress the cocaine, saying:\nA law enforcement officer does not violate the fourth amendment merely by approaching an individual in a public place to ask if he is willing to answer questions ... or by asking a few ques-tions_ Nor does the fact that an officer identifies himself as such_ Rather, there must exist some indicia of coercion, intimidation, or compulsion to establish that the police-citizen encounter was something more than a consensual one implicating the protections of [the] fourth amendment.\nId. at 1816 (citations omitted and emphasis added). Judge Graae went on to point out that the officer was in plain clothes and did not brandish a weapon, that his actions were not threatening, that he did not touch Gabin, and that the location of the encounter \u2014 the public area of Union Station \u2014 was unintimidating. Id. at 1816-1817. The judge concluded that there were \u201cno indicia of coercion, intimidation, or compulsion on the part of the police in this case.\u201d Id. at 1817. The similarities between Gabin and the case at bar lead us to the same conclusion.\nAlthough this is the first case to come before this court involving this type of encounter in a train station, there have been several such cases in our federal courts in the District of Columbia during the past two years or so, and in none of them has a Fourth Amendment violation been found. For example, in United States v. Joseph, 282 U.S.App.D.C. 102, 892 F.2d 118 (1989), the court held that a debarking train passenger was not \u201cseized\u201d within the meaning of the Fourth Amendment when police officers involved in drug interdiction approached him and asked if he was willing to speak with them.\n\u201c[I]n this circuit the test of whether a seizure has occurred is whether a reasonable person, innocent of any crime, would have felt free to walk away under the circumstances.\u201d... [T]he police do not restrain liberty so as to constitute a seizure merely by approaching a citizen, directing toward him a question, or asking him for identification.\nId. at 105, 892 F.2d at 121 (citing Gomez v. Turner, 217 U.S.App.D.C. 281, 288, 672 F.2d 134, 141 (1982)); accord, United States v. Lloyd, supra note 5, 276 U.S.App. D.C. at 121, 868 F.2d at 450 (to constitute a seizure, police action must have a \u201ccoercive effect\u201d).\nIn United States v. Reyes, 697 F.Supp. 513 (D.D.C.1988), the District Court also recognized that asking questions was distinctly different from a seizure. In Reyes the defendant got off a train at Union Station, was questioned by a police officer, and agreed to let the officer search his luggage; the officer did so and found cocaine in the defendant\u2019s bag. In denying a motion to suppress the cocaine, the court said:\nThe evidence presented by the Government, and unrebutted by Reyes, conforms closely to the sorts of encounters found by the Supreme Court to fall short of a seizure. The encounter took place in a crowded public area. The officers were in plain clothes and did not display weapons. Sergeant Brennan did not summon Reyes to his presence, but rather approached him. He requested, but did not demand, to see his ticket and identification, and to search his bag.... His tone was not intimidating, but conversational. Further, he immediately returned the ticket and license, and did not ask Reyes to accompany him to another destination prior to discovery of the cocaine .... The request to search his bag was made twice, the officers understanding Reyes to assent both times, and the search was not begun until Reyes actually handed it over to Brennan.\nId. at 515 (citations omitted). The facts thus recited in Reyes are, of course, very close to the facts of the instant case, and accordingly we add it to the list of precedents supporting our conclusion that there was no seizure when Kelly was stopped and questioned by Detective Beard.\nMost recently, the District of Columbia Circuit reiterated its position in a case involving facts nearly identical to those in the case at bar:\n[W]e commend to the interested reader the prior decisions and simply observe once more that an encounter between a police officer and a citizen, involving no more than approach, questioning, and official identification, does not constitute a seizure and does not require probable cause, articulable suspicion, or any other \u201c \u2018kind of objective justification.\u2019 \u201d\nUnited States v. Smith, 284 U.S.App.D.C. 64, 66, 901 F.2d 1116, 1118 (1990) (citations omitted). We agree with this summary of the law and invite the attention of \u201cthe interested reader\u201d to the Maragh, Winston, Joseph, Baskin, and Lloyd cases, all of which we have cited in this opinion.\nIn sum, we hold that the trial court was correct in its ruling that the police conduct in this case did not rise to the level of a seizure. We are supported in this holding by overwhelming authority going back more than two decades to Terry v. Ohio, and more particularly by half a dozen recent cases from the United States Court of Appeals for the District of Columbia Circuit with virtually identical facts. We are in general agreement with the holdings and the reasoning of those cases.\nIll\nKelly also claims that the search of the shopping bag was conducted without his valid consent. The basis of this argument, however, is his assertion that he was illegally seized before he allowed his bag to be searched. Because this initial premise is unsound, so is the claim of invalid consent. See United States v. Winston, supra, 282 U.S.App.D.C. at 102, 892 F.2d at 118; United States v. Baskin, supra note 5, 280 U.S.App.D.C. at 370, 886 F.2d at 387 (\u201cSince we have already concluded that there was no seizure, the defendant\u2019s consent to the search was not tainted\u201d).\nDuring the hearing on the motion to suppress, Detective Beard testified that he asked Kelly \u201cif he would have a problem if I searched the shopping bag, and he said no.\u201d Kelly himself \u2014 not Beard or Sauve\u2014 then opened the shopping bag. On cross-examination Beard testified to the same effect:\nQ. Mr. Kelly never told you that you could search the bag, did he?\nA. Yes, he did.\nThe trial court credited Beard\u2019s testimony and concluded \u201cthat this was a consensual search.\u201d Because this determination is essentially factual, \u201c[w]e are bound to uphold the trial court\u2019s finding that a search was consensual unless such a finding is clearly erroneous.\u201d Childress v. United States, 381 A.2d 614, 618 (D.C.1977) (citations omitted).\nHaving reviewed the record, we find no basis on which to disturb the trial court\u2019s ruling. The voluntariness of a person\u2019s consent to a search is to be determined from the totality of the surrounding circumstances. Schneckloth v. Bustamonte, 412 U.S. 218, 226, 93 S.Ct. 2041, 2047, 36 L.Ed.2d 854 (1973); Derrington v. United States, 488 A.2d 1314, 1325 (D.C.1985); Welch v. United States, 466 A.2d 829, 843 (D.C.1983). In this case there was no evidence whatever that would indicate a lack of consent; the only evidence bearing on the issue \u2014 Detective Beard\u2019s testimony on both direct and cross-examination (see note 2, supra) \u2014 indicates that Kelly\u2019s consent was freely given. There was no custodial interrogation, but merely a few questions asked in a very public place. There was no detention or physical coercion, no show of force, and no proof, or even a proffer, that Kelly had any mental or intellectual deficiency or was otherwise unable to give a valid consent. In short, there is no legal or factual support for Kelly\u2019s assertion that he did not validly consent to the search of the shopping bag.\nWe also reject Kelly\u2019s alternative contention that the search exceeded the scope of the consent. It is true, of course, that Kelly consented to a search of the shopping bag, but did not specifically give his permission to examine the brown paper bag inside the shoe which was in the shopping bag. This fact, however, has no effect on the validity of the search. On this point we adopt the recent holding of the United States Court of Appeals in United States v. Smith, supra, a case which is materially indistinguishable from the case at bar:\n[Vjalid consent, unwithdrawn, to search a container, extends to a search of other containers found therein, at least where the inner container is such that it could contain the object of the search. A paper bag within a suitcase is as likely to contain drugs as the luggage itself.\n284 U.S.App.D.C. at 67, 901 F.2d at 1119; accord, United States v. Battista, 278 U.S. App.D.C. 16, 22-23, 876 F.2d 201, 207-208 (1989) (citing United States v. Dyer, 784 F.2d 812, 816 (7th Cir. (1986) (\u201cconsent to search luggage validates the search both of the luggage and of containers within the luggage\u201d)); see also Heald v. State, 492 N.E.2d 671, 680 (Ind.1986) (consent to search a handbag \u201coperated as a consent to search items found within the handbag which were pertinent to the investigation being conducted\u201d); State v. Watson, 416 So.2d 919, 920-921 (La.1982) (consent to search a suitcase extended to paper bag inside the suitcase)). We find Smith and the other cases persuasive, and hold that Kelly\u2019s consent to search the shopping bag included consent to search the brown paper bag which was inside the shopping bag.\nIt follows that the trial court committed no error in denying Kelly\u2019s motion to suppress. His conviction is therefore\nAffirmed.\n. When asked by the prosecutor whether there was any significance in the fact that the train had come from New York, Detective Beard replied, \"For us, it is a source city for Washington for cocaine, crack primarily.\u201d\n. Beard was the only witness at the suppression hearing.\n.This answer aroused Beard's suspicions because, as he testified later in the hearing, he knew Congress Street to be the site of extensive drug activity. He acknowledged, however, that \"probably ... most people that sell drugs on that street don\u2019t live there.\"\n. Although Justice Stewart wrote only for himself and one other Justice in Mendenhall, his test for determining whether a seizure of a person has occurred has since been adopted and applied on several occasions by the Supreme Court as a whole. See Michigan v. Chesternut, 486 U.S. 567, 573, 108 S.Ct. 1975, 1979, 100 L.Ed.2d 565 (1988); Immigration & Naturalization Service v. Delgado, supra, 466 U.S. at 215, 104 S.Ct. at 17; Florida v. Royer, 460 U.S. 491, 502, 103 S.Ct. 1319, 1326, 75 L.Ed.2d 229 (1983) (plurality opinion of White, J., joined by three other Justices); id. at 514, 103 S.Ct. at 1332 (dissenting opinion of Blackmun, J., \u201cconcur[ring] in the plurality\u2019s adoption of the Fourth Amendment seizure standard proposed by Justice Stewart in Mendenhall \u201d); see also id. at 523 n. 3, 103 S.Ct. at 1338 n. 3 (dissenting opinion of Rehnquist, J.).\n. We agree with the United States Court of Appeals for the District of Columbia Circuit in holding that the police have no affirmative duty to inform those with whom they have contacts that they are free to leave. E.g., United States v. Baskin, 280 U.S.App.D.C. 366, 370, 886 F.2d 383, 387 (1989) (\"A seizure does not exist just because the police officers do not tell the defendant that he does not have to talk to them or that he can walk away\u201d), cert. denied, \u2014 U.S. -, 110 S.Ct. 1831, 108 L.Ed.2d 960 (1990); United States v. Lloyd, 276 U.S.App.D.C. 118, 122, 868 F.2d 447, 451 (1989) (same).\n. There are two factual differences between this case and Gabin. In Gabin the investigating officer was acquainted with the defendant, whereas here he was a stranger, and the backup officer in Gabin stood ten feet from the defendant instead of four feet. These differences, in our view, are of no legal significance here.\n. Smith, cites Battista as \"controlling\" on the issue of \"whether consent to search one container extends to searches of opaque sub-containers found therein.\u201d 284 U.S.App.D.C. at 66, 901 F.2d at 1118. Battista makes clear that such a search must be conducted \u201cwithin reasonable limits, as was necessary to uncover this particular contraband.\u201d 278 U.S.App.D.C. at 23, 876 F.2d at 208 (citation omitted). In adopting the holdings of Smith and Battista, we recognize that we are adopting this caveat as well.",
        "type": "majority",
        "author": "TERRY, Associate Judge:"
      }
    ],
    "attorneys": [
      "Virginia C. Lindsay, Washington, D.C., appointed by the court, for appellant.",
      "Brenda J. Johnson, Asst. U.S. Atty., with whom Jay B. Stephens, U.S. Atty., and John R. Fisher, Asst. U.S. Atty., Washington, D.C., were on the brief, for appellee. Barry Coburn, Asst. U.S. Atty., Washington, D.C., also entered an appearance for appellee."
    ],
    "corrections": "",
    "head_matter": "James T. KELLY, Appellant, v. UNITED STATES, Appellee.\nNo. 89-707.\nDistrict of Columbia Court of Appeals.\nArgued May 10, 1990.\nDecided Sept. 26, 1990.\nVirginia C. Lindsay, Washington, D.C., appointed by the court, for appellant.\nBrenda J. Johnson, Asst. U.S. Atty., with whom Jay B. Stephens, U.S. Atty., and John R. Fisher, Asst. U.S. Atty., Washington, D.C., were on the brief, for appellee. Barry Coburn, Asst. U.S. Atty., Washington, D.C., also entered an appearance for appellee.\nBefore FERREN, TERRY and STEADMAN, Associate Judges."
  },
  "file_name": "1282-01",
  "first_page_order": 1344,
  "last_page_order": 1351
}
