{
  "id": 6067930,
  "name": "Patricia Courtemarche vs. Commonwealth of Massachusetts",
  "name_abbreviation": "Courtemarche v. Commonwealth",
  "decision_date": "1982-11-26",
  "docket_number": "",
  "first_page": "299",
  "last_page": "301",
  "citations": [
    {
      "type": "official",
      "cite": "1982 Mass. App. Div. 299"
    }
  ],
  "court": {
    "name_abbreviation": "Mass. App. Div.",
    "id": 15177,
    "name": "Massachusetts Appellate Division"
  },
  "jurisdiction": {
    "id": 4,
    "name_long": "Massachusetts",
    "name": "Mass."
  },
  "cites_to": [
    {
      "cite": "53 Mass. App. Dec. 25",
      "category": "reporters:state",
      "reporter": "Mass. App. Dec.",
      "case_ids": [
        4336887
      ],
      "year": 1973,
      "opinion_index": 0,
      "case_paths": [
        "/mass-app-dec/53/0025-01"
      ]
    },
    {
      "cite": "Mass. App. Div. Adv. Sh. (1979) 326",
      "category": "reporters:state",
      "reporter": "Mass. App. Div. Adv. Sh.",
      "opinion_index": 0
    },
    {
      "cite": "6 Mass. App. Ct. 840",
      "category": "reporters:state",
      "reporter": "Mass. App. Ct.",
      "case_ids": [
        5733642
      ],
      "year": 1978,
      "opinion_index": 0,
      "case_paths": [
        "/mass-app-ct/6/0840-01"
      ]
    },
    {
      "cite": "8 Mass. App. Ct. 133",
      "category": "reporters:state",
      "reporter": "Mass. App. Ct.",
      "case_ids": [
        3959763
      ],
      "year": 1979,
      "opinion_index": 0,
      "case_paths": [
        "/mass-app-ct/8/0133-01"
      ]
    },
    {
      "cite": "372 Mass. 671",
      "category": "reporters:state",
      "reporter": "Mass.",
      "case_ids": [
        4030359
      ],
      "year": 1977,
      "opinion_index": 0,
      "case_paths": [
        "/mass/372/0671-01"
      ]
    },
    {
      "cite": "315 Mass. 244",
      "category": "reporters:state",
      "reporter": "Mass.",
      "case_ids": [
        904141
      ],
      "year": 1943,
      "opinion_index": 0,
      "case_paths": [
        "/mass/315/0244-01"
      ]
    },
    {
      "cite": "297 Mass. 448",
      "category": "reporters:state",
      "reporter": "Mass.",
      "case_ids": [
        886349
      ],
      "year": 1937,
      "pin_cites": [
        {
          "page": "457"
        }
      ],
      "opinion_index": 0,
      "case_paths": [
        "/mass/297/0448-01"
      ]
    }
  ],
  "analysis": {
    "cardinality": 391,
    "char_count": 6236,
    "ocr_confidence": 0.79,
    "pagerank": {
      "raw": 5.061447019797991e-08,
      "percentile": 0.3188475467102522
    },
    "sha256": "e1bc5e2984cdfddfbc397721045bed34dd85e3749e0340e4c225f46b08021230",
    "simhash": "1:bbf6e792fb84f114",
    "word_count": 1096
  },
  "last_updated": "2024-02-27T22:59:33.795912+00:00",
  "provenance": {
    "date_added": "2019-08-29",
    "source": "Harvard",
    "batch": "2018"
  },
  "casebody": {
    "judges": [
      "Present: Forte, Tiffany & Jodrey, JJ."
    ],
    "parties": [
      "Patricia Courtemarche vs. Commonwealth of Massachusetts"
    ],
    "opinions": [
      {
        "text": "Forte, J.\nThis action is pursuant to G.L. c. 258A (Compensation of Victims of Violent Crimes) brought by a guardian, Patricia Courtemarche, in behalf of her minor brother, John H. McCann, III.\nThe parties stipulated that the issue for trial was whether or not John H. McCann, III was wholly or partially dependent upon the victim for his support at the- time of the father\u2019s (the victim\u2019s) death.\nAt trial, there was evidence tending to show: (a) The minor claimant\u2019s father became a homicide victim on August 24,1978, and had been receiving a full AFDC budget for the minor claimant. In addition thereto, the victim earned $25.00 to $40.00 per week doing odd jobs, which income was not reported to the Department of Public Welfare. This additional income was used partially to provide support for the minor claimant, (b) By the Attorney General\u2019s report, it was indicated that the claimant has been receiving Social Security benefits since February 16, 1979. (c) There was evidence introduced which indicated that medical bills and funeral bills were incurred and remain outstanding in the amount of $7,240.27. The Attorney General\u2019s report indicated that $155.09 of this amount was paid by Medicare. No other evidence was introduced as to payment of these bills.\nAt the close of the evidence, the claimant filed twelve \u201crequests for rulings\u201d and claims to be aggrieved by the court\u2019s rulings on requests numbers 2 through 12.\nThe trial judge, in his actions on the claimant\u2019s requests for rulings, made the following findings of fact:\n1. The victim and his minor son-claimant were on a full A.F.D.C. budget at the time of the victim\u2019s death.\n2. In answer to request number 2 which asked for a finding of fact that the victim earned S25-S40 per week which was not reported to the Department of Public Welfare, the judge stated that he did not so find.\n3. In answer to request number 3 which asked for a finding of fact that at least a portion of the unreported income was used to provide support for the minor claimant, the judge wrote T do not so find.\u2019\nAn examination of requests numbers 2 and 3 indicates that they are requests for findings of fact from which there is no appeal. Appeals are only from rulings of law. Dist./Mun. Cts. Supp. R. Civ. P., Rule 150. The mere captioning of a request for a finding of fact as a request for ruling of law does not transform the former into a proper request for a ruling of law. Gibbons v. Denoncourt, 297 Mass. 448, 457 (1937).\nRequests numbers 5,8.9, 10 and 11 each ask for a ruling that the evidence warrants a finding of fact that: (5) the minor was partially dependent on the victim; (8) the victim was employed at the time of his death: (9) the claimant suffered an out-of-pocket loss and was thus entitled to compensation: (10) the claimant was a dependent of the victim at the time of the alleged crime: and (11) the claimant suffered a loss of support. In each instance, the trial judge ruled that the evidence presented warranted such requested findings but specified his contrary findings that the victim was earning no money and had no earnings to provide support for the claimant and that the claimant was thus not a dependent of the victim. A request that the evidence warrants a certain finding of fact means that the evidence, if believed, permits such a finding. It does not mean that the finding is required. Ryerson v. Fall River Philanthropic Burial Society, 315 Mass. 244 (1943).\nThe remaining requests read as follows:\n4. I find as a matter of law that the minor plaintiff was partially dependent upon the victim within the meaning of M.G.L.A. c. 258A, \u00a71.\n6. As a matter of law, the petitioner is a person eligible to make a claim for compensation under M.G.L. c. 258A, \u00a73.\n7. As a matter of law, the petitioner is entitled to compensation under M.G.L. c. 258A since he was living with the victim as required by statute and is the son of the victim.\nThe court denied requests numbers 4 and 6. As to request number 7, the court ruled: \"allowed only insofar as it states that the petitioner is the son of the victim \u2014 denied otherwise.\"\nIn order for the claimant to be eligible for compensation under G.L. c. 258A, \u00a73; he must prove that at the time of the crime he was a dependent of the victim. A dependent is defined in c. 258A, \u00a7 1 as \"a...child...who is wholly or partially dependent for support upon and living with the victim at the time of...death....\u201d\nFrom the judge\u2019s finding of fact, it is apparent that the claimant did not prove that he was eligible for compensation in that he did not prove he was receiving support or living with the victim at the time of the crime. We have examined all the evidence and we cannot say the trial court\u2019s findings were \u201cclearly erroneous.\u201d \u201cClearly erroneous\u201d in this context means that an appellate court upon review of all the evidence is left with a definite and firm conviction that a mistake has been committed. New England Canteen Serv. Inc. v. Ashley, 372 Mass. 671 (1977); C.C. & T. Constr. Co. v. Coleman Bros. Corp., 8 Mass. App. Ct. 133 (1979).\nThe issues decided by Levine v. Amber Manufacturing, 6 Mass. App. Ct. 840 (1978) and Walker v. Commonwealth, Mass. App. Div. Adv. Sh. (1979) 326 cited by the appellant are easily distinguishable from the issues raised by this appeal.\nThere being no error, the report is dismissed.\nRule 150 of the Dist./Mun. Cts. Supp. R. Civ. P. states in section (i) that \u201cNo other rules shall govern procedures forcompensation of victims of violent crime under G.L. c. 258A.\" Ordinarily, the Appellate Division is confined to the four corners of a report. Tranfaglia, Jr. v. Security Nat'l Bank, 53 Mass. App. Dec. 25 (1973). However, Rule 150, the sole rule for claims under G.L. c. 258A, requires the Attorney General to investigate and file a report with the trial court. Section (h) of Rule 150 allows either side to appeal from rulings of law, and requires the trial judge to prepare a report and forward it with \u201call the papers on file in the case to the Appellate Division.\"",
        "type": "majority",
        "author": "Forte, J."
      }
    ],
    "attorneys": [
      "Robert R. White for the plaintiff.",
      "Mary E. Dacey for the defendant."
    ],
    "corrections": "",
    "head_matter": "Patricia Courtemarche vs. Commonwealth of Massachusetts\nNorthern District\nNovember 26, 1982\nPresent: Forte, Tiffany & Jodrey, JJ.\nRobert R. White for the plaintiff.\nMary E. Dacey for the defendant."
  },
  "file_name": "0299-01",
  "first_page_order": 307,
  "last_page_order": 309
}
