{
  "id": 7863991,
  "name": "Audrey BREDNICK, Timothy W. Brednick v. Tony MARINO, Linda Marino, Charles Morgan, Bonita Morgan, Ventures Unlimited, Business Ventures Associates, Inc., David E. Cummons. Appeal of Tony MARINO, Linda Marino and Ventures Unlimited",
  "name_abbreviation": "Brednick v. Marino",
  "decision_date": "1994-06-28",
  "docket_number": "",
  "first_page": "199",
  "last_page": "201",
  "citations": [
    {
      "type": "official",
      "cite": "644 A.2d 199"
    }
  ],
  "court": {
    "name_abbreviation": "Pa. Super. Ct.",
    "id": 8775,
    "name": "Superior Court of Pennsylvania"
  },
  "jurisdiction": {
    "id": 6,
    "name_long": "Pennsylvania",
    "name": "Pa."
  },
  "cites_to": [
    {
      "cite": "592 A.2d 1296",
      "category": "reporters:state_regional",
      "reporter": "A.2d",
      "year": 1991,
      "opinion_index": 0
    },
    {
      "cite": "527 Pa. 628",
      "category": "reporters:state",
      "reporter": "Pa.",
      "year": 1991,
      "opinion_index": 0
    },
    {
      "cite": "388 Pa.Super. 195",
      "category": "reporters:state",
      "reporter": "Pa. Super.",
      "case_ids": [
        472542
      ],
      "weight": 4,
      "year": 1989,
      "pin_cites": [
        {
          "page": "182"
        }
      ],
      "opinion_index": 0,
      "case_paths": [
        "/pa-super/388/0195-01"
      ]
    },
    {
      "cite": "394 Pa.Super. 251",
      "category": "reporters:state",
      "reporter": "Pa. Super.",
      "case_ids": [
        879754
      ],
      "weight": 2,
      "year": 1990,
      "opinion_index": 1,
      "case_paths": [
        "/pa-super/394/0251-01"
      ]
    }
  ],
  "analysis": {
    "cardinality": 450,
    "char_count": 8204,
    "ocr_confidence": 0.717,
    "pagerank": {
      "raw": 4.03580807328026e-08,
      "percentile": 0.20021939503036665
    },
    "sha256": "e8a7e3ef74e444667387028bdc9653ce3fdba801b643dc6c59df8f29d58a1f0b",
    "simhash": "1:8666440c390c85a6",
    "word_count": 1353
  },
  "last_updated": "2024-02-27T20:17:07.739138+00:00",
  "provenance": {
    "date_added": "2019-08-29",
    "source": "Harvard",
    "batch": "2018"
  },
  "casebody": {
    "judges": [
      "Before DEL SOLE, FORD ELLIOTT and MONTGOMERY, JJ."
    ],
    "parties": [
      "Audrey BREDNICK, Timothy W. Brednick v. Tony MARINO, Linda Marino, Charles Morgan, Bonita Morgan, Ventures Unlimited, Business Ventures Associates, Inc., David E. Cummons. Appeal of Tony MARINO, Linda Marino and Ventures Unlimited."
    ],
    "opinions": [
      {
        "text": "DEL SOLE, Judge.\nAppellants, Tony Marino, Linda Marino and Ventures Unlimited, file this appeal from a judgment entered in favor of Appellees, Audrey Brednick and Timothy W. Brednick. The trial court summarized the facts of this case as follows:\nPlaintiffs purchased a Video-Game-Arcade business from Defendants. After operating the arcade for six months, Plaintiffs abandoned the previous lease and discontinued the arcade operations. The instant litigation was commenced when Plaintiffs filed a Complaint to recover money damages based on actions alleging that Defendants breached the cited contract and acted deceitfully.\nDefendants did not file an Answer to the Complaint. As directed by Plaintiffs, the Prothonotary entered a judgment of liability only in favor of Plaintiffs and against Defendants. The sole issue tried at the non-jury trial was the amount of the monetary damages to be awarded under the prescription of Pa.R.C.P. \u00a7 1037(b)(1) (Judgement Upon Default or Admission\u2014 Assessment of Damages).\nCalendar Control Judge McGowen ruled that Defendants were not entitled to a jury trial; they had not filed an Answer to the Complaint prior to the time when Plaintiffs file with the Prothonotary a Praecipe to Enter Judgment in favor of Plaintiffs and against Defendants on liability only. Plaintiffs had demanded a jury trial but later they withdrew their demand. Defendants did not file a written demand for a jury trial.\nThe non-jury trial commenced on 2 June 1993.\nThe trial court awarded Appellees $60,-350.00 in damages. The court entered its verdict on June 10, 1993, but did not mail copies of the verdict to the parties until June 30, 1993. On July 8, 1993, Appellants\u2019 counsel filed both \u201cExceptions and Motion for Post-Trial Relief\u2019 and a Notice of Appeal. The trial court struck the \u201cExceptions\u201d as inapplicable and denied Appellants\u2019 post-trial motions as untimely. This appeal followed.\nAppellants assert that the amount of the trial court\u2019s verdict was unsupported by the evidence, that they were wrongfully refused a jury trial and that the trial court improperly denied their motion for post-trial relief.\nWe find merit in Appellants\u2019 claim that they were improperly denied consideration of their post-trial motions. The docket reflects that the court entered its verdict on June 8, 1993 and it was recorded in the Prothonotary\u2019s Office on June 10, 1993. In the lower left hand corner of the court\u2019s verdict slip there is a notation indicating that three copies of the verdict were mailed on June 30, 1993. The trial court held that Appellants had ten days from the entry of the verdict to file their post-trial motions and we agree that that is normally true, however, a review of applicable case law and the facts of the instant case lead us to a different conclusion.\nIn Carr v. Downing, 388 Pa.Super. 195, 565 A.2d 181 (1989), allocatur denied 527 Pa. 628, 592 A.2d 1296 (1991), this court recognized that Pa.R.C.P. 227.1(c)(2) requires that post-trial motions be filed within ten days following \u201cthe filing of the decision or adjudication in the case of a trial without jury\u201d, but the court read Rule 227.1(c)(2) in conjunction with Rule 108(b) of the Rules of Appellate Procedure and concluded that the notice required by Rule 108(b) is \u201cessential to compute the relevant ten day time period under Rule 227.1\u201d. Id. at 196, 565 A.2d at 182. Therefore, we held that the ten day period during which counsel must file post-trial motions begins on the date that copies of the court\u2019s order are sent to counsel.\nInitially, it is important to note that the parties did not receive notice of the court\u2019s verdict at the close of the trial because the court did not announce its verdict. The trial was held on June 2,1993 and the verdict was filed on June 10, 1993. Notice of the court\u2019s verdict, however, was not mailed to the parties until June 30, 1993 after which Appellants\u2019 counsel filed post-trial motions on their behalf on July 8, 1993. Therefore, applying the holding in Carr v. Downing, supra, to the facts of the present case, Appellants\u2019 post-trial motions clearly fell within the ten day time period prescribed by Rule 227.1(c)(2). Accordingly, we hold that the trial court erred in dismissing Appellants\u2019 post-trial motions as untimely. Normally, in a situation like this, we would vacate the judgment and remand the matter for disposition of Appellants\u2019 timely filed post-trial motions, but because the issues presented by this appeal can be readily determined from a review of the record, we will address Appellants\u2019 remaining claims.\nAppellants allege that the trial court\u2019s verdict was not supported by the evidence presented at trial. We disagree. The testimony elicited at trial showed that Appellees secured a $25,000.00 loan in order to acquire the business and, at the time of the hearing, had made $31,650.00 in interest payments on the loan. Furthermore, due to the fact that Appellants did not file a timely answer to Appellees\u2019 Complaint, it was deemed admitted that, based upon false representations made by Appellants to Appellees that the business would generate a monthly gross profit of $9,000.00, Appellees expected that they would receive $3,766.20 in gross profits monthly. Adding the amount of the loan and interest together with one month\u2019s worth of lost profits, the trial court arrived at a verdict of $60,350.00 in favor of Appellees. Prom our review, it is clear that the trial court\u2019s verdict was sufficiently supported by the evidence presented and therefore, we affirm.\nAppellants\u2019 remaining claim centers on their belief that they were improperly denied the right to a jury trial. We find no support for this allegation. Pennsylvania Rule of Civil Procedure 1007.1 states that, \u201c[i]n any action in which the right to jury trial exists, the right shall be deemed waived unless a party files and serves a written demand for a jury trial no later than (20) days after service of the last permissible pleading. The demand shall be made by endorsement on a pleading or by separate writing.\u201d Pa.R.C.P. No. 1007.1(1), 42 Pa.C.S.A. We have carefully reviewed the record and at no time during the instant case did either Appellants or Appellees file a written request for a jury trial and, therefore, we hold that this issue is wholly without merit.\nJudgment affirmed.\nMONTGOMERY, J., files a concurring and dissenting statement.\n. Pennsylvania Rule of Appellate Procedure 108(b) reads as follows:\nRule 108. Date of Entry of Orders\n% sjs ^ \u2021\n(b) Civil Orders. The date of entry of an order in a matter subject to the Pennsylvania Rules of Civil Procedure shall be the day on which the clerk makes the notation in the docket that notice of entry of the order has been given as required by Pa.R.Civ.P. 236(b).\nPa.R.A.P. No. 108(b), 42 Pa.C.S.A.\n. The terms of the sales agreement entered into between Appellees and Appellants on October 15, 1982, and attached to Appellees' Complaint as \"Exhibit A\u201d, provided that the parties would split the gross income from the games monthly with 60% of the profits going to Appellees and 40% of the same to Appellants.",
        "type": "majority",
        "author": "DEL SOLE, Judge."
      },
      {
        "text": "MONTGOMERY, Judge,\nConcurring and Dissenting.\nI agree with the conclusion that the trial court erred in ruling that the appellants\u2019 posttrial motions were untimely. However, I would not address the merits of those post-trial claims for the first time on this appeal. I believe the claim that the verdict amount was improper requires a factual review which should be considered initially by the trial court, rather than by our court. See, Lanard & Axilbund v. Muscara, 394 Pa.Super. 251, 575 A.2d 615 (1990). Accordingly, I would remand this case to the trial court to allow it to address the merits of the appellants\u2019 post-trial motions.",
        "type": "concurring-in-part-and-dissenting-in-part",
        "author": "MONTGOMERY, Judge,"
      }
    ],
    "attorneys": [
      "Thomas A. Crawford, Jr., Pittsburgh, for appellants.",
      "Patti C. Lerda, Swissvale, for appellees."
    ],
    "corrections": "",
    "head_matter": "Audrey BREDNICK, Timothy W. Brednick v. Tony MARINO, Linda Marino, Charles Morgan, Bonita Morgan, Ventures Unlimited, Business Ventures Associates, Inc., David E. Cummons. Appeal of Tony MARINO, Linda Marino and Ventures Unlimited.\nSuperior Court of Pennsylvania.\nArgued Feb. 3, 1994.\nFiled June 28, 1994.\nThomas A. Crawford, Jr., Pittsburgh, for appellants.\nPatti C. Lerda, Swissvale, for appellees.\nBefore DEL SOLE, FORD ELLIOTT and MONTGOMERY, JJ."
  },
  "file_name": "0199-01",
  "first_page_order": 277,
  "last_page_order": 279
}
