{
  "id": 7864980,
  "name": "XUN IMAGING ASSOCIATES, LTD., and Xun Diagnostic Associates, Ltd., Petitioners, v. DEPARTMENT OF HEALTH, DIVISION OF NEED REVIEW, Respondent",
  "name_abbreviation": "XUN Imaging Associates, Ltd. v. Department of Health, Division of Need Review",
  "decision_date": "1994-06-16",
  "docket_number": "",
  "first_page": "255",
  "last_page": "259",
  "citations": [
    {
      "type": "official",
      "cite": "644 A.2d 255"
    }
  ],
  "court": {
    "name_abbreviation": "Pa. Commw. Ct.",
    "id": 11887,
    "name": "Commonwealth Court of Pennsylvania"
  },
  "jurisdiction": {
    "id": 6,
    "name_long": "Pennsylvania",
    "name": "Pa."
  },
  "cites_to": [
    {
      "cite": "108 Pa.Commonwealth Ct. 466",
      "category": "reporters:state",
      "reporter": "Pa. Commw.",
      "case_ids": [
        1362111
      ],
      "weight": 3,
      "year": 1987,
      "opinion_index": 0,
      "case_paths": [
        "/pa-commw/108/0466-01"
      ]
    },
    {
      "cite": "494 A.2d 885",
      "category": "reporters:state_regional",
      "reporter": "A.2d",
      "weight": 2,
      "year": 1985,
      "pin_cites": [
        {
          "page": "887"
        }
      ],
      "opinion_index": 0
    },
    {
      "cite": "90 Pa.Commonwealth Ct. 284",
      "category": "reporters:state",
      "reporter": "Pa. Commw.",
      "case_ids": [
        1336246
      ],
      "year": 1985,
      "opinion_index": 0,
      "case_paths": [
        "/pa-commw/90/0284-01"
      ]
    }
  ],
  "analysis": {
    "cardinality": 596,
    "char_count": 17959,
    "ocr_confidence": 0.714,
    "pagerank": {
      "raw": 4.03580807328026e-08,
      "percentile": 0.20024043872828107
    },
    "sha256": "414bed37736e492b4198abccdd509a06d88f5925717ac63759545acda8389867",
    "simhash": "1:ab7ed7ee47c099d4",
    "word_count": 2915
  },
  "last_updated": "2024-02-27T20:17:07.739138+00:00",
  "provenance": {
    "date_added": "2019-08-29",
    "source": "Harvard",
    "batch": "2018"
  },
  "casebody": {
    "judges": [
      "Before CRAIG, President Judge, KELLEY, J., and RODGERS, Senior Judge."
    ],
    "parties": [
      "XUN IMAGING ASSOCIATES, LTD., and Xun Diagnostic Associates, Ltd., Petitioners, v. DEPARTMENT OF HEALTH, DIVISION OF NEED REVIEW, Respondent."
    ],
    "opinions": [
      {
        "text": "KELLEY, Judge.\nXUN Diagnostic Associates, Ltd. (XUN) appeals from the Pennsylvania Department of Health\u2019s, Division of Need Review, denial of XUN\u2019s petition to intervene and amended petition to intervene.\nThe facts of this case are as follows. On October 23, 1992, Rudolph L. Buck, M.D., sent a letter of intent to the Department of Health (Department), Division of Need Review, requesting a determination of non-re-viewability on his proposal to establish a business entity to acquire an MRI unit to be located in a free-standing facility. Reproduced Record (R.) at la-2a.\nA letter of intent is required under the Certificate of Need Program pursuant to the Health Care Facilities Act (Act) and its accompanying regulations. The regulations set forth the requirements regarding information to be provided to the Department before any person enters into a contractual arrangement to acquire major medical equipment. See 28 Pa.Code \u00a7 401.3(c).\nIn accordance with the regulations, Dr. Buck informed the Department that he believed that his purchase of the major medical equipment was not a new institutional health service requiring a certificate of need as defined in section 701 of the Act, 35 P.S. \u00a7 448.701, in that he proposed to establish a business entity to acquire an MRI unit to be located in a freestanding facility; the project was to cost approximately $1,050,000.00; it would not be located in a health care facility; nor would the services be offered to inpatients of a health facility.\nBy letter dated November 16, 1992, the Department responded to Dr. Buck\u2019s letter of intent requesting a determination of re-viewability under the certificate of need program by issuing a determination of non-re-viewability. The department determined that Dr. Buck\u2019s project did not require certificate of need review \u201cbecause no capital expenditure will be made by or on behalf of a health care facility, it will not result in the addition of a new health service by or on behalf of a health care facility or in or through a health care facility, and the equipment will not be used to service inpatients of any health care facility.\u201d R. at 8a. The Department\u2019s response to Dr. Buck stated further that \u201c[i]t is necessary to notify the Division of Need Review in writing of any change in the proposed project\u2019s scope or cost\u201d before proceeding with the project. Id.\nThereafter, extensive amendments were enacted to the Act by the General Assembly effective December 18, 1992. Consequently, the requirements for the Certificate of Need Program changed significantly in that an acquisition of major medical equipment after December 18, 1992, is now reviewable and subject to a certificate of need. See 35 P.S. \u00a7 448.701.\nOn February 12, 1993, counsel for Dr. Buck wrote a letter to the Department requesting confirmation that Dr. Buck\u2019s acquisition of an MRI did not require certificate of need review based on the Department\u2019s letter of non-reviewability issued November 16, 1992. R. at 5a. In addition, Dr. Buck\u2019s letter of February 12 informed the Department that due to financing arrangements and the status of renovations, the actual operational date of the project had been delayed but that the facility would be in service in the near future. Id.\nA representative of the Department informed Dr. Buck\u2019s counsel orally on March 23, 1993 that the project remained non-reviewable. R. at 6a. This oral confirmation was followed by a written confirmation, dated March 24, 1993, from the Department to Dr. Buck\u2019s counsel. The March 24, 1993 written confirmation stated that \u201call proposed projects which the Department of Health determined to be not subject to Certificate of Need review prior to the effective date (December 18, 1992) of the amendments to the ... Act remain not reviewable, providing there is no change in the project as originally proposed.\u201d R. at 20a.\nOn May 11,1993, counsel for XUN formally requested an appointment to examine and copy the application and materials relating to Dr. Buck\u2019s request for determination of re-viewability. R. at 7a. At the time of XUN\u2019s examination of the materials, the March 24, 1993 letter from the Department to Dr. Buck\u2019s counsel was not contained in the Department\u2019s file.\nThereafter, on or about June 8,1993, XUN filed with the Department a petition to intervene. R. at 9a-18a. XUN alleged in its petition to intervene that Dr. Buck\u2019s letter of February 12, 1993 was a request for a determination of non-reviewability subject to the provisions of the amended Act to which the Department had not yet rendered an adjudication. Id. Dr. Buck filed a response to XUN\u2019s petition on June 11,1993. R. at 21a-27a.\nOn or about June 18, 1993, XUN filed an amended petition to intervene requesting, inter alia, leave to intervene nunc pro tunc as an interested party in Dr. Buck\u2019s February 12, 1993 application for a determination of reviewability. R. at 28a-63a. Dr. Buck filed a response to XUN\u2019s amended petition on June 23, 1993. R. at 64a-70a.\nThe Department denied XUN\u2019s petitions to intervene by letter dated June 25, 1993. R. at 71a-73a. The Department determined that there was no current request for non-reviewability before the Division of Need Review. In reaching this determination, the Department found that (1) its letter of November 16, 1992 was its decision in this matter; (2) Dr. Buck\u2019s letter of February 12, 1993 was not a new request for a determination of non-reviewability subject to the amended provisions of the Act effective December 18, 1992, but merely a request to confirm the Department\u2019s decision of November 16, 1992; and (3) its response to Dr. Buck\u2019s February 12, 1993 letter in March 1993 was not a new or different decision. Id.\nOn appeal to this court from the Department\u2019s June 25, 1993 determination, XUN raises the following issues for review:\n1. Does jurisdiction of an appeal from the denial of petitions to intervene in an application for a determination of re-viewability properly he in the State Health Facility Hearing Board or in the Commonwealth Court;\n2. Is a change of circumstances letter, which an applicant is required to submit and which permits the Department to re-evaluate a previous decision as to whether or not a proposed project is reviewable, an application for a determination of reviewability within the meaning of 35 P.S. \u00a7 448.506(a);\n3. Do the amendments to the Act require the Department to provide: (a) notice to interested persons that an application for a determination of reviewability has been filed, and (b) notice to interested persons of the mailing of any written decision on such an application;\n4. Does the failure by the Department to provide notice that an application for a determination of reviewability has been filed constitute a breakdown in the administrative process, the equivalent of fraud, requiring the Department to grant XUN leave to intervene nunc pro tunc; and\n5. Does the failure by the Department to provide notice of a written decision on an application for a determination of re-viewability and/or the failure to place a copy of such a written decision in the docket file constitute a breakdown in the administrative process, the equivalent of fraud, requiring the Department to grant XUN leave to intervene nunc pro tunc.\nThis court will first address the issue of jurisdiction. XUN contends that jurisdiction of its appeal from the Department\u2019s denial of its petitions to intervene properly lies with this court and not the State Health Facilities Hearing Board (board). The Department does not dispute this specific contention.\nThe jurisdiction of the board is governed by sections 502 and 506 of the Act, as amended, effective December 18, 1992. 35 P.S. \u00a7 448.502; 35 P.S. \u00a7 448.506. Section 502(a)(1) provides that the hearing board shall have the power and duty \u201c[t]o hear appeals by the applicant or interested persons from departmental decisions on. applications for certificates of need or amendments thereto and from determinations of reviewa-bility.\u201d 35 P.S. \u00a7 448.502(a)(1).\nSection 506(a), appeals to the hearing board, provides that:\n(a) A decision of the department on an application for a certificate of need or amendment thereto or a determination of reviewability may be appealed within 30 days of the mailing date of the decision by the applicant or by any interested person who requested a public meeting on the application and participated in the public meeting or can fully document and make available material information which is relevant to the review and which was not available during the period when the department completed its review....\n35 P.S. \u00a7 448.506(a).\nXUN, citing Southern Chester County Medical Center v. Department of Health, 90 Pa.Commonwealth Ct. 284, 494 A.2d 885 (1985), argues that the clear language of the Act cannot be disregarded to enlarge the jurisdiction of the board. In Southern Chester, this court examined the language of section 502 of the Act which clearly omitted appeals from Department determinations of non-reviewability and determined that jurisdiction of such an appeal was in this court and not the board. The Southern Chester court stated that \u201c[w]e find that the statutory provision for the Board\u2019s authority is clear, and we will not disregard that clear language _\u201d Southern Chester at 287-88, 494 A.2d at 887.\nLikewise, in determining whether jurisdiction of an appeal from a departmental determination denying petitions to intervene lies with the board, this court must abide by the clear language of the Act. Sections 502(a)(1) and 506(a) specifically empower the board to hear appeals on applications for certificates of need or amendments thereto and from determinations of reviewability. 35 P.S. \u00a7 448.502(a)(1); 35 P.S. \u00a7 448.506(a). The plain language of these sections does not empower the board to hear appeals on petitions to intervene.\nHowever, to appeal a determination on a petition to intervene to this court, such determination must be an adjudication as defined in 2 Pa.C.S. \u00a7 101. We hold that such a determination is an adjudication as it is a final administrative decision affecting the rights of the proposed intervenor. Accordingly, jurisdiction of an appeal from a department determination on a petition to intervene rests, therefore, with this court.\nThe question that must be addressed next in this appeal is whether the February 12, 1993 letter from Dr. Buck\u2019s counsel to the Department constitutes a new application for a determination of reviewability or non-re-viewability. XUN argues that the February 12, 1993 letter is a change of circumstances letter, as required by the Department\u2019s November 16, 1992 determination of non-re-viewability, explicitly requesting a determination of reviewability in light of certain changes to Dr. Buck\u2019s project. To support this argument, XUN contends that under the regulations, the dates of project commencement and completion are required elements of a letter of intent and that Dr. Buck was required to inform the Department of any change in the commencement or completion dates. After receiving Dr. Buck\u2019s change of circumstances letter, XUN asserts, the Department could render a new decision after evaluating the change of circumstances; therefore, said letter is an application for a determination of reviewability.\nIn response, the Department argues that the February 12, 1993 letter is not a change of circumstances letter requesting a determination of reviewability but merely a request for confirmation of its previous determination rendered in November 16, 1993. The Department asserts that there is nothing in the February 12, 1993 letter to indicate a substantial change in scope or circumstance from the original letter of intent submitted by Dr. Buck on October 23, 1992. We agree with the Department\u2019s characterization of the February 12, 1993 letter.\nDr. Buck was informed by the Department in its November 16, 1992 letter to notify the Department of any change in the project\u2019s scope or cost. R. at 3a. We believe that informing the Department that the commencement of a project already deemed non-reviewable by the Department has been delayed does not constitute a change in the project\u2019s scope. To be deemed non-reviewable under the provisions of the Act in effect in October 1992, a person, who notified the Department by a letter of intent, was permitted to acquire major medical equipment which was not owned by or located in a health care facility to be used to provide service for inpatients of a health care facility without securing a certificate of need. See 35 P.S. \u00a7 448.701(a)(5) prior to December 18, 1992 amendments.\nIt is reasonable to conclude, therefore, that a change in the project\u2019s scope would include a substantial change in the project triggering a re-evaluation of the determination of non-reviewability, such as a change from serving outpatients only to also treating inpatients or a change that would result in the MRI being owned or located in a health care facility.\nA review of the February 12,1993 letter to the Department reveals that Dr. Buck was not informing the Department of any substantial changes to his project. The February 12, 1993 letter from Dr. Buck\u2019s counsel stated in its entirety that:\nI am writing to confirm that the above referenced determination that Dr. Rudolph L. Buck\u2019s acquisition of a MRI on behalf of an entity being formed, does not require certificate of need review based on your Department\u2019s letter of non-reviewability issued November 16, 1992.\nSubsequent to receiving the Department\u2019s letter and in reliance on that determination, Dr. Buck has continued implementation of this service to the McKees-port area. The equipment has been ordered and renovations are under way at 4304 Walnut Street, McKeesport. This equipment will not be located in a health facility or provide services to inpatients.\nDue to the financing arrangements underway and the status of renovations, the actual operational date has been somewhat delayed but the facility will be in service in the near future.\nR. at 5a.\nIt is clear that Dr. Buck was merely requesting a confirmation of a prior determination of non-reviewability. This occurred in February 1993 after extensive changes were enacted to the Act governing Dr. Buck\u2019s type of project. The fact that Dr. Buck at the same time informed the Department that the date of commencement had been somewhat delayed did not constitute informing the Department of changes in the project\u2019s scope such that the letter resulted in a new application for reviewability.\nIt is undisputed that the Department did not treat the February 12, 1993 letter as a new application for reviewability but merely as a request for confirmation of its November 16,1992 determination of non-reviewability of Dr. Buck\u2019s project. This was in keeping with the Department\u2019s permitted discretion in performing its administrative duties such as determining what action constitutes a change in scope which would then require the Department to re-evaluate a prior decision. See Haycock Township v. Department of Environmental Resources, 108 Pa.Commonwealth Ct. 466, 530 A.2d 514 (1987). Absent proof of fraud, bad faith or blatant abuse of discretion, this court will not interfere with the Department\u2019s exercise of this discretion. Id.\nIt is true that Department regulations require that a letter of intent contain the expected date of commencement and completion. See 28 Pa.Code \u00a7 401.5(a)(l)(v); 28 Pa.Code \u00a7 401.14(b)(5). However, as the Department points out, once a project receives a determination of non-reviewability, there is no requirement under the current Act or its regulations or under the prior Act and its regulations, that the Department be informed of the date of the commencement of operations.\nAccordingly, we hold that the Department was correct in its determination that the February 12, 1993 letter from Dr. Buck\u2019s counsel to the Department was not a new request for reviewability subject to the December 18, 1992 amendments to the Act. Consequently, there is no application for re-viewability in which XUN may intervene. Therefore, the relevant determination in this matter is the Department\u2019s November 16, 1992 decision. XUN does not argue or allege in its petitions to intervene that it is appealing that determination of non-reviewability.\nAccordingly, the Department\u2019s denial of XUN\u2019s petitions to intervene is affirmed.\nORDER\nNOW, this 16th day of June, 1994, the denial by the Department of Health, Division of Need, dated June 25, 1993, of the petition to intervene and the amended petition to intervene filed on behalf of XUN Diagnostic Associates, Ltd., is hereby affirmed.\n. Act of July 19, 1979, P.L. 130, as amended, 35 P.S. \u00a7\u00a7 448.101-448.904.\n. Specifically, section 701(a)(5) of the Act, in effect at the time of Dr. Buck\u2019s letter of intent, stated that a person did not have to obtain a certificate of need from the Department if they acquired major medical equipment, so long as such equipment was not owned or located in a health care facility and would not be used to provide services for inpatients of a health care facility and a notice had been provided to the Department. 35 P.S. \u00a7 448.701(a)(5).\n. The Department argues that this court lacks jurisdiction because (1) there is presently no case or controversy before the court and (2) this court may not hear appeals from competitors concerning determinations of non-reviewabilily.\n. Based on our holding that there is no application for reviewability upon which XUN may intervene, this court need not address XUN\u2019s remaining issues on appeal.",
        "type": "majority",
        "author": "KELLEY, Judge."
      }
    ],
    "attorneys": [
      "David W. Thomas, for petitioners.",
      "James T. Steele, Jr., for respondent."
    ],
    "corrections": "",
    "head_matter": "XUN IMAGING ASSOCIATES, LTD., and Xun Diagnostic Associates, Ltd., Petitioners, v. DEPARTMENT OF HEALTH, DIVISION OF NEED REVIEW, Respondent.\nCommonwealth Court of Pennsylvania.\nArgued March 1, 1994.\nDecided June 16, 1994.\nDavid W. Thomas, for petitioners.\nJames T. Steele, Jr., for respondent.\nBefore CRAIG, President Judge, KELLEY, J., and RODGERS, Senior Judge."
  },
  "file_name": "0255-01",
  "first_page_order": 333,
  "last_page_order": 337
}
