{
  "id": 7874765,
  "name": "BENEFICIAL CONSUMER DISCOUNT, a Pennsylvania Business Corporation, Appellee, v. Philip E. DAILEY and Brenda J. Dailey, His Wife, Appellants",
  "name_abbreviation": "Beneficial Consumer Discount v. Dailey",
  "decision_date": "1994-07-11",
  "docket_number": "",
  "first_page": "789",
  "last_page": "791",
  "citations": [
    {
      "type": "official",
      "cite": "644 A.2d 789"
    }
  ],
  "court": {
    "name_abbreviation": "Pa. Super. Ct.",
    "id": 8775,
    "name": "Superior Court of Pennsylvania"
  },
  "jurisdiction": {
    "id": 6,
    "name_long": "Pennsylvania",
    "name": "Pa."
  },
  "cites_to": [
    {
      "cite": "164 A. 336",
      "category": "reporters:state_regional",
      "reporter": "A.",
      "year": 1932,
      "pin_cites": [
        {
          "parenthetical": "municipality did not intend to adopt pre-printed seal where one of its supervisors signed document and municipality seal was absent"
        }
      ],
      "opinion_index": 0
    },
    {
      "cite": "309 Pa. 385",
      "category": "reporters:state",
      "reporter": "Pa.",
      "case_ids": [
        1141676
      ],
      "year": 1932,
      "pin_cites": [
        {
          "parenthetical": "municipality did not intend to adopt pre-printed seal where one of its supervisors signed document and municipality seal was absent"
        }
      ],
      "opinion_index": 0,
      "case_paths": [
        "/pa/309/0385-01"
      ]
    },
    {
      "cite": "19 A.2d 617",
      "category": "reporters:state_regional",
      "reporter": "A.2d",
      "year": 1941,
      "opinion_index": 0
    },
    {
      "cite": "144 Pa.Super. 440",
      "category": "reporters:state",
      "reporter": "Pa. Super.",
      "case_ids": [
        1032748
      ],
      "year": 1941,
      "opinion_index": 0,
      "case_paths": [
        "/pa-super/144/0440-01"
      ]
    },
    {
      "cite": "15 A. 500",
      "category": "reporters:state_regional",
      "reporter": "A.",
      "year": 1888,
      "pin_cites": [
        {
          "parenthetical": "no reason to believe that the \"flourish of a pen\" underneath a person's signature was not intended to act as a seal"
        }
      ],
      "opinion_index": 0
    },
    {
      "cite": "121 Pa. 192",
      "category": "reporters:state",
      "reporter": "Pa.",
      "case_ids": [
        561263
      ],
      "year": 1888,
      "pin_cites": [
        {
          "parenthetical": "no reason to believe that the \"flourish of a pen\" underneath a person's signature was not intended to act as a seal"
        }
      ],
      "opinion_index": 0,
      "case_paths": [
        "/pa/121/0192-01"
      ]
    },
    {
      "cite": "27 A. 242",
      "category": "reporters:state_regional",
      "reporter": "A.",
      "weight": 3,
      "year": 1893,
      "pin_cites": [
        {
          "page": "242"
        },
        {
          "page": "333"
        },
        {
          "page": "242"
        }
      ],
      "opinion_index": 0
    },
    {
      "cite": "156 Pa. 329",
      "category": "reporters:state",
      "reporter": "Pa.",
      "case_ids": [
        844933
      ],
      "year": 1893,
      "pin_cites": [
        {
          "page": "331-332"
        }
      ],
      "opinion_index": 0,
      "case_paths": [
        "/pa/156/0329-01"
      ]
    },
    {
      "cite": "282 Pa.Super. 332",
      "category": "reporters:state",
      "reporter": "Pa. Super.",
      "case_ids": [
        155223
      ],
      "weight": 4,
      "year": 1980,
      "pin_cites": [
        {
          "page": "335"
        },
        {
          "page": "1144"
        }
      ],
      "opinion_index": 0,
      "case_paths": [
        "/pa-super/282/0332-01"
      ]
    }
  ],
  "analysis": {
    "cardinality": 493,
    "char_count": 8346,
    "ocr_confidence": 0.712,
    "pagerank": {
      "raw": 4.03580807328026e-08,
      "percentile": 0.2004367822216662
    },
    "sha256": "2461d9fa77ccd8eabc57c3c53ce60defc06f07e39306b6e4d318d6dca7bfce4c",
    "simhash": "1:19b743a22702844d",
    "word_count": 1429
  },
  "last_updated": "2024-02-27T20:17:07.739138+00:00",
  "provenance": {
    "date_added": "2019-08-29",
    "source": "Harvard",
    "batch": "2018"
  },
  "casebody": {
    "judges": [
      "Before ROWLEY, P.J., and CIRILLO, and OLSZEWSKI, JJ."
    ],
    "parties": [
      "BENEFICIAL CONSUMER DISCOUNT, a Pennsylvania Business Corporation, Appellee, v. Philip E. DAILEY and Brenda J. Dailey, His Wife, Appellants."
    ],
    "opinions": [
      {
        "text": "OLSZEWSKI, Judge:\nThere is one question presented here: Did the Daileys sign a contact under seal when they took a loan from Beneficial? If they did, Beneficial\u2019s action to enforce the agreement was timely. If they did not, the action is barred by the statute of limitations. We find that they signed a contract under seal and affirm the trial court.\nThe Daileys borrowed $2,880.00 from Beneficial in 1985. When they signed the loan agreement \u2014 a pre-printed form used by Beneficial in all consumer loan transactions\u2014 the word \u201cSEAL\u201d was pre-printed to the right of their names. The Daileys defaulted on their loan payments in November, 1986. Four years and five months later, Beneficial brought this action to recover the balance of the loan. The trial court held that the evidence established that the Daileys signed a contract under seal, subjecting them to a 20-year statute of limitation. 42 Pa.C.S.A. \u00a7 5529(b)(1). The Daileys claim that they did not understand that they were signing a sealed agreement, and that the general four-year statute of limitation governing contracts, 42 Pa.C.S.A. \u00a7 5525(7), should apply. We disagree.\nIt is well-established that, although a vestige of the past, the contract under seal may still operate to lengthen the statute of limitation. The Daileys argue forcefully\u2014 and we do not think anyone would disagree\u2014 that an ordinary consumer transaction hardly represents the solemnity that was once envisioned by a party signing a contract under seal. Yet, this court has held, in accord with many cases written by our Supreme Court, that when a party signs a contract which contains a pre-printed word \u201cSEAL,\u201d that party has presumptively signed a contract under seal. Klein v. Reid, 282 Pa.Super. 332, 422 A.2d 1143 (1980).\nWhile we share the Daileys\u2019 concern, we do not feel that Klein, which was decided on similar facts, was necessarily unwise, for it too acknowledges that signing a pre-printed form only gives rise to a presumption that the signing party intended to adopt the seal as his own. Id. at 335, 422 A.2d at 1144. In Klein, we held that the signing parties \u201cpresented no evidence that that they did not intend to adopt the printed seal,\u201d and that without such evidence, it must be found that the parties did, in fact, adopt it. This holding is reasonable, since it gives effect to (1) the objective manifestations of the parties, and (2) our legislature\u2019s acknowledgment that the contract under seal is a valid type of risk-shifting agreement.\nThe Daileys also argue that they rebutted the presumption that they intended to adopt the pre-printed word \u201cSEAL\u201d because they would not have signed the document had they understood the significance of signing a contract under seal. Thus, the Daileys posit, the presumption was rebutted because they could not have intended to adopt something which they did not understand. This argument is flawed.\nThe Daileys argue against the face of the document, that is, their argument\u2019s essence is that they never entered into a contract under seal. The parol evidence rule precludes this contention because the four corners of the contract are unambiguous. Their agreement was, in fact and in law, a contract under seal. The only question remaining\u2014 the one addressed by the presumption \u2014 is whether the word \u201cSEAL\u201d was intended to act as the Daileys\u2019 seal. Put another way, a pre-printed \u201cSEAL\u201d is always an effective way to seal a document unless the maker refuses to accept the pre-printed word as his seal. If for example, the Daileys could prove that they always sealed documents with wax and ribbons, and that their personal seal was absent from this document, they could admit their personal seal into evidence to prove their intention not to adopt the pre-printed word as their own. The rub in this scenario is that very few consumers have their own seals. But this does not prove that the Dai-leys could not intend to adopt the printed word as their own seal; it actually proves the opposite.\nAs our Supreme Court explained long ago: [A]ny flourish or mark, however irregular or inconsiderable, will be a good seal, if so intended; and a fortiori, the same result must be produced by writing the word \u201cseal,\u201d or the letters \u201cL.S.,\u201d meaning originally \u201clocus sigilli,\u201d but now having acquired the popular force of an arbitrary sign for a seal, just as the sign \u201c & \u201d is held and used to mean \u201cand\u201d by thousands who do not recognize it as the middle ages manuscript contraction for the Latin word \u201cet.\u201d If, therefore, the word \u201cseal\u201d on the note in suit had been written by Nissley after his name, there could be no doubt about its efficacy to make a sealed instrument. Does it alter the case any that it was not written by him, but printed beforehand? We cannot see any good reason why it should. Ratification is equivalent to antecedent authority, and the writing of his name to the left of printed word, so as to bring the latter into the usual and proper place for a seal, is ample evidence that he adopted the act of the printer in putting it there for a seal. The note itself was a printed form with blank spaces for the particulars to be filled in, and the use of it raises a conclusive presumption that all parts of it were adopted by the signer except such as were clearly struck out or intended to be canceled before signing.\nLoraw v. Nissley, 156 Pa. 329, 331-332, 27 A. 242, 242 (1893). The only way the presumption might possibly be rebutted, according to the Loraw Court, would be if the maker signed the document, but signed it a considerable distance from the pre-printed seal. Even this would be a \u201cspecial ground\u201d upon which to rebut the presumption, id. at 333, 27 A. at 242, and given Loraw\u2019s tone, we doubt that the Supreme Court would recognize it. See Appeal of Hacker, 121 Pa. 192, 15 A. 500 (1888) (no reason to believe that the \u201cflourish of a pen\u201d underneath a person\u2019s signature was not intended to act as a seal).\nThis might very well, as the Daileys\u2019 argue, render the presumption irrebutable. But this is not to say that the presumption is a meaningless fiction. It becomes important, for example, when a corporation, who has registered its corporate seal with the state, is sued on a contract signed by one of its officers. If the officer signs his name next to a pre-printed seal and the corporation\u2019s actual seal is absent from the document, legitimate questions regarding the authority of the officer to bind the corporation are raised. Did the corporation intend to adopt the pre-printed seal as its own? Although it is presumed that it did, ultimate resolution of the issue is a question of fact. Collins v. Tracy Grill & Bar Corp., 144 Pa.Super. 440, 19 A.2d 617 (1941); see Swaney v. Georges Township, 309 Pa. 385, 164 A. 336 (1932) (municipality did not intend to adopt pre-printed seal where one of its supervisors signed document and municipality seal was absent). It would be difficult, of course, for a private party to argue that he had no authority to accept a seal on his own behalf, and this is probably why the Loraw Court termed the presumption conclusive, as it applied to that case. Such is also the case here.\nUnless one distances himself from the pre-printed seal, the other party to a contract should be entitled to rely on the objective manifestations of the maker\u2019s actions. There can be no question that the pre-printed \u201cSEAL\u201d is an actual seal and that the Dai-leys signed next to it. The Daileys were under no duty to accept the seal, and had every opportunity to inquire about its significance, and signed the agreement freely. We must therefore agree with the trial court that the obligation should be enforced.\nOrder affirmed.\n. At least until 1998, that is, when the statute of limitation with regard to contracts under seal expires. 42 Pa.C.S.A. \u00a7 5529(b)(2).\n. The trial court found as a fact that nobody explained the meaning of the seal to the Daileys and that had they understood its significance, they would not have signed.",
        "type": "majority",
        "author": "OLSZEWSKI, Judge:"
      }
    ],
    "attorneys": [
      "Anne L. Crotty, Kittanning, for appellants.",
      "Robert E. Pryde, Kittanning, for appellee."
    ],
    "corrections": "",
    "head_matter": "BENEFICIAL CONSUMER DISCOUNT, a Pennsylvania Business Corporation, Appellee, v. Philip E. DAILEY and Brenda J. Dailey, His Wife, Appellants.\nSuperior Court of Pennsylvania.\nArgued April 27, 1994.\nFiled July 11, 1994.\nAnne L. Crotty, Kittanning, for appellants.\nRobert E. Pryde, Kittanning, for appellee.\nBefore ROWLEY, P.J., and CIRILLO, and OLSZEWSKI, JJ."
  },
  "file_name": "0789-01",
  "first_page_order": 863,
  "last_page_order": 865
}
