{
  "id": 7937869,
  "name": "In the Interest of Michael S. CARDINAL and Catherine L. Cardinal, his wife, as guardians ad litem for Scott Michael Cardinal, Petitioners, v. Tanya E. PERCH, Respondent",
  "name_abbreviation": "In the Interest of Cardinal",
  "decision_date": "1991-01-11",
  "docket_number": "",
  "first_page": "515",
  "last_page": "518",
  "citations": [
    {
      "type": "official",
      "cite": "611 A.2d 515"
    }
  ],
  "court": {
    "name_abbreviation": "Del. Fam. Ct.",
    "id": 20106,
    "name": "Delaware Family Court"
  },
  "jurisdiction": {
    "id": 8,
    "name_long": "Delaware",
    "name": "Del."
  },
  "cites_to": [
    {
      "cite": "528 N.E.2d 180",
      "category": "reporters:state_regional",
      "reporter": "N.E.2d",
      "year": 1988,
      "opinion_index": 0
    },
    {
      "cite": "38 Ohio St.3d 330",
      "category": "reporters:state",
      "reporter": "Ohio St. 3d",
      "case_ids": [
        1412151
      ],
      "year": 1988,
      "opinion_index": 0,
      "case_paths": [
        "/ohio-st-3d/38/0330-01"
      ]
    },
    {
      "cite": "92 A.L.R.3d 1091",
      "category": "reporters:specialty",
      "reporter": "A.L.R. 3d",
      "opinion_index": 0
    },
    {
      "cite": "524 A.2d 586",
      "category": "reporters:state_regional",
      "reporter": "A.2d",
      "case_ids": [
        7876896
      ],
      "year": 1987,
      "opinion_index": 0,
      "case_paths": [
        "/a2d/524/0586-01"
      ]
    },
    {
      "cite": "620 P.2d 579",
      "category": "reporters:state_regional",
      "reporter": "P.2d",
      "year": 1980,
      "opinion_index": 0
    },
    {
      "cite": "169 Cal.Rptr. 918",
      "category": "reporters:state",
      "reporter": "Cal. Rptr.",
      "year": 1980,
      "opinion_index": 0
    },
    {
      "cite": "28 Cal.3d 640",
      "category": "reporters:state",
      "reporter": "Cal. 3d",
      "case_ids": [
        2259747
      ],
      "year": 1980,
      "opinion_index": 0,
      "case_paths": [
        "/cal-3d/28/0640-01"
      ]
    }
  ],
  "analysis": {
    "cardinality": 643,
    "char_count": 11999,
    "ocr_confidence": 0.796,
    "pagerank": {
      "raw": 5.298132930532853e-08,
      "percentile": 0.3341480526470848
    },
    "sha256": "a14d4b196abd86a0ab14f66e4bac832a0620daf20ce81700120be020543edae2",
    "simhash": "1:01c9db2b47a76356",
    "word_count": 2071
  },
  "last_updated": "2024-02-27T23:50:04.333460+00:00",
  "provenance": {
    "date_added": "2019-08-29",
    "source": "Harvard",
    "batch": "2018"
  },
  "casebody": {
    "judges": [],
    "parties": [
      "In the Interest of Michael S. CARDINAL and Catherine L. Cardinal, his wife, as guardians ad litem for Scott Michael Cardinal, Petitioners, v. Tanya E. PERCH, Respondent."
    ],
    "opinions": [
      {
        "text": "MILLMAN, Judge.\nThis case is a paternity action filed by Michael Cardinal and Catherine Cardinal as guardians ad litem for their minor son, Scott Michael Cardinal (\u201cScott\u201d), against Tanya Ellen Perch (\"Tanya\u201d). See, 13 Del.C. \u00a7 801 et seq. (\u201cDelaware Paternity Act\u201d).\nAfter blood grouping tests indicated a 99.99 percent probability that Scott was the father of Shawn Allen Perch (\u201cShawn\u201d), an acknowledgment of paternity was executed. Subsequent to the acknowledgment of paternity, Scott filed a motion for a change of name. See, 13 Del.C. \u00a7 819. The issue before this Court is whether Shawn\u2019s name, which was chosen by Tanya without consultation or approval of Scott, should remain Shawn Allen Perch or be changed to Shawn Michael Cardinal as Scott requests. t\nScott argues that 16 Del.C. \u00a7 3128 requires a change of name to Shawn Michael Cardinal. Alternatively, Scott contends that the \u201cbest interest\u201d standard of 13 Del. C. \u00a7 819, mandates that Shawn\u2019s name should be changed to that suggested by Scott. Under the \u201cbest interest\u201d standard, Scott suggests three reasons why the change of name should be completed: 1) for inheritance purposes; 2) to receive governmental benefits to which Shawn may be entitled; and 3) because the father\u2019s name is more socially acceptable in the community. Each of these contentions will be addressed herein below.\nI\nWhile Scott initially contends that 16 Del.C. \u00a7 3128 entitles him to the absolute right of having his son carry his last name, he reluctantly recognizes that the great weight of judicial authority today supports the proposition that a child\u2019s last name should be determined on a \u201cbest interest\u201d standard. See, In re the marriage of Schiffman, 28 Cal.3d 640, 169 Cal.Rptr. 918, 620 P.2d 579 (1980); Ribeiro v. Monahan, R.I.Supr.Ct., 524 A.2d 586 (1987); Parents\u2019 Rights as to Children\u2019s Names, 92 A.L.R.3d 1091.\nIt is not disputed that \u00a7 3128 mandates that the State Registrar prepare a new certificate of birth in the new name of a legitimated child. While Scott emphasizes the language requiring a new name for the child, a more logical construction places the emphasis on the word \u201cshall\u201d which requires the State Registrar to issue a new birth certificate for the child upon notice of his legitimation. A historical review of our registration of birth statutes supports this view.\nOn April 7, 1881, our General Assembly passed an act providing for the registration of births. 16 Del.Laws, c. 381. This act obligated the Secretary of State to furnish the Recorder of Deeds of each County suitable books in which to record the births. The attending physician, if one was present, or the one who attended the case of any mother during her lying in period, was instructed to file a report which contained the day, month and year of the birth, sex and color of child, and the names of the father and mother. No distinction was made at that time between legitimate and illegitimate births. Some 32 years later, our General Assembly established our present day Bureau of Vital Statistics. 27 Del.Laws, c. 85. In addition to forming a Bureau of Vital Statistics, this act dictated not only the registering of births, but provided for the issuance of certificates of birth. The act is significant because it distinguished legitimate births from illegitimate births. While \u00a7 6 of the act ordered that the names of the father and mother, among other things, be sent to the Bureau, \u00a7 7 required that the certificate of birth state the \u201cfull name of father except for illegitimate children.\u201d This omission of the name of the putative father on the birth certificate of an illegitimate child remains in effect today. 16 Del.C. \u00a7 3133(b).\nUnder our common law, an illegitimate child did not receive any rights from the natural father. 57 Am.Jur.2d Names \u00a7 14. It logically follows that the mother then possessed the inherent right to give the child her name. This position is reflected in the current Delaware Law which permits a mother of an illegitimate child to name that child. 16 Del. C. \u00a7 3133(b). To accept Scott\u2019s argument that \u00a7 3128 confers upon him the absolute right to select the name of his child would strip the mother of an illegitimate child, upon that child becoming legitimized, of any right in naming her child. Such a conclusion does violence to fundamental notions of fairness. A more reasoned interpretation would be that the child\u2019s name would become the one agreed upon by the parents or ordered by a Court, if no agreement could be reached. This proposition is now codified in 13 Del.C. \u00a7 819. Accordingly, I hold that 16 Del.C. \u00a7 3128 does not mandate that the father may dictate as a matter of law the naming of his child. Rather, in the event that the parties cannot agree upon a name of the child, the Court shall make such a determination.\nII\nHaving decided that our statutory law does not entitle a father to unilaterally select the surname of his child, I am satisfied that pursuant to 13 Del.C. \u00a7 819, the child\u2019s name should be determined based on a \u201cbest interests\u201d standard. By enactment of \u00a7 819, it appears any common law right a father may have to his legitimated son carrying his surname is abolished.\nWhile \u00a7 819 does not define what factors are to be considered in determining the best interest of the child, other jurisdictions have enunciated some factors when dealing with this issue. In re the marriage of Schiffman, is perhaps the leading case setting forth the standard to be applied in naming a child when the parents disagree. The Schiffman court held that the sole consideration is to be the \u201cbest interest\u201d of the child. 169 Cal.Rptr. at page 922, 620 P.2d at page 583. Factors listed by that court in determining what is in the best interest of the child are: 1) the length of time a child has used a surname to be considered; 2) the effect of a change of name on the parent/child relationship; 3) the identification of a child as part of a family unit; 4) the role that a surname other than the natural father\u2019s may play in easing relations with a new family should be balanced against the importance of maintaining the biological father-child relationship; and 5) the embarrassment or discomfort a child may experience when he bears a surname different from the rest of his family. 169 Cal.Rptr. at page 922, 620 P.2d at page 583. See also, Bobo v. Jewell, 38 Ohio St.3d 330, 528 N.E.2d 180 (1988) which involved unmarried parents.\nIn addition to the above-enumerated factors, Scott has advanced three additional reasons which he contends support his position that it is in the best interest of this child to carry his surname. First, Scott contends that if his son carries his last name, he could more easily inherit from him. It is unnecessary for Shawn to carry his father\u2019s name to be able to inherit from him. Scott can provide for inheritance by last will and testament, and in the event of intestacy, Delaware Law clearly protects Shawn\u2019s right of inheritance by the act of his father legitimizing him. See, 13 Del. C. \u00a7 1304.\nScott next contends that if Shawn carried his surname, his son could more easily receive Social Security benefits and other government entitlements. Clearly, with Shawn\u2019s legitimization, his rights are vested irrespective of his surname.\nLastly, Scott suggests that his family name is held in higher esteem in the community than is the family name of the mother, and that his son should benefit from this greater degree of social acceptance. However, aside from this mere assertion, no evidence was presented in support of this claim.\nIn addition to the considerations Scott presented, the evidence touched on other relevant factors. Shawn was born on September 8, 1988, and he has held his mother\u2019s surname since birth. While Shawn is still a young child, he has been known in the community since birth by the surname of Perch. Were this the only factor the Court could consider in its best interest determination, it would not be terribly significant. However, based on the other factors presented, I do find that it should be given some weight in my decision to retain the name of Perch.\nIt appears from the evidence that both parents are committed to maintaining a relationship with their son. Although the parties have entered into an agreed-upon visitation schedule, because of the strong animosity between them, the exchange of the child from the mother to the father has not been without incident. There is nothing to indicate that either parent would terminate his or her relationship with their child or reduce the level of companionship, nurturing, and parenting, which each now provide Shawn simply because Shawn did not receive his or her surname.\nShawn has resided with his mother in the Perch home since his birth. It does not appear that this living arrangement will change in the foreseeable future. Shawn shares his home with his mother, maternal grandparents, and maternal aunts, who all share the last name of Perch. It also does not appear that mother will be marrying in the near future thus eliminating a possible change in her surname. The fact that Shawn has resided and continues to reside a home where all other members share the same surname of Perch supports his retaining the surname also.\nIn reviewing the evidence presented and particularly the factors Scott submitted, I am satisfied that Scott has failed to demonstrate to this Court that it is in the \u201cbest interest\u201d of this child to carry the father\u2019s surname. To the contrary, the record supports the contention that Shawn has been totally integrated into the Perch household, has been known as Perch since birth, and it is in his \u201cbest interest\u201d to retain the surname of Perch. Accordingly,\nIT IS ORDERED that the motion of Scott Michael Cardinal for a change of his son\u2019s name is hereby DENIED and this child shall retain the name of Shawn Allen Perch.\nIT IS SO ORDERED.\n. Title 16, D\u00e9LC. \u00a7 3128. Legitimation; old and new birth certificates.\nIn cases of legitimation, the State Registrar, upon receipt of proof thereof, shall prepare a new certificate of birth in the new name of the legitimated child. The evidence upon which the new certificate is made and the original certificate shall be sealed and filed and may be opened only upon order of court. (25 Del.Laws, c. 66, \u00a7\u00a7 7, 8; Code 1915, \u00a7 812; 33 Del.Laws, c. 57, \u00a7 4; 34 Del.Laws, c. 69, \u00a7 1; 40 Del.Laws, c. 99, \u00a7 1; Code 1935; \u00a7 795; 44 Del.Laws, c. 69, \u00a7 1; 16 Del.C. 1953, \u00a7 3128.)\n. Prior to June 23, 1989, Delaware hospitals frequently refused to allow mothers of illegitimate children to give the children any surname except their own. By letter dated June 23, 1989, the State Solicitor informed the Bureau of Vital Statistics that the mother of an illegitimate child may give her child any name she so chooses, including the name of the purported father, as long as it was not used against him in an adversary proceeding.\n. Title 13, DeLC. \u00a7 819. Change of name.\nIf a party to an action filed under this chapter requests the name of the child be changed by order of the Court, the party shall file a motion with the Court which shall set forth the following:\n(1) The position of the other parties to the action;\n(2) The reason the request is being made; and\n(3) If a child is over the age of 14, the position of the child on having his/her name changed.\nThe Court shall grant the motion if it is deemed to be in the child's best interest and is consistent with the Court\u2019s determination of the existence or nonexistence of parentage. (67 Del.Laws, c. 103, \u00a7 2.)\nIn cases not brought under the Delaware Parentage Act, change of names may be obtained pursuant to 10 Del.C. \u00a7 5901 et seq.",
        "type": "majority",
        "author": "MILLMAN, Judge."
      }
    ],
    "attorneys": [
      "Petitioner pro se.",
      "Edward C. Gill, Georgetown, for respondent."
    ],
    "corrections": "",
    "head_matter": "In the Interest of Michael S. CARDINAL and Catherine L. Cardinal, his wife, as guardians ad litem for Scott Michael Cardinal, Petitioners, v. Tanya E. PERCH, Respondent.\nFamily Court of Delaware, Sussex County.\nSubmitted: Nov. 30, 1990.\nDecided: Jan. 11, 1991.\nPetitioner pro se.\nEdward C. Gill, Georgetown, for respondent."
  },
  "file_name": "0515-01",
  "first_page_order": 581,
  "last_page_order": 584
}
