{
  "id": 11547820,
  "name": "Gary THIBODEAU v. Victor COLE d/b/a Port Clyde General Store",
  "name_abbreviation": "Thibodeau v. Cole",
  "decision_date": "1999-10-26",
  "docket_number": "",
  "first_page": "40",
  "last_page": "43",
  "citations": [
    {
      "type": "official",
      "cite": "740 A.2d 40"
    },
    {
      "type": "parallel",
      "cite": "1999 ME 150"
    }
  ],
  "court": {
    "name_abbreviation": "Me.",
    "id": 9543,
    "name": "Maine Supreme Judicial Court"
  },
  "jurisdiction": {
    "id": 42,
    "name_long": "Maine",
    "name": "Me."
  },
  "cites_to": [
    {
      "cite": "593 A.2d 653",
      "category": "reporters:state_regional",
      "reporter": "A.2d",
      "case_ids": [
        7376150
      ],
      "pin_cites": [
        {
          "page": "655"
        }
      ],
      "opinion_index": 0,
      "case_paths": [
        "/a2d/593/0653-01"
      ]
    },
    {
      "cite": "617 A.2d 213",
      "category": "reporters:state_regional",
      "reporter": "A.2d",
      "case_ids": [
        7931186
      ],
      "pin_cites": [
        {
          "page": "214"
        }
      ],
      "opinion_index": 0,
      "case_paths": [
        "/a2d/617/0213-01"
      ]
    },
    {
      "cite": "665 A.2d 681",
      "category": "reporters:state_regional",
      "reporter": "A.2d",
      "case_ids": [
        7869617
      ],
      "pin_cites": [
        {
          "page": "682"
        }
      ],
      "opinion_index": 0,
      "case_paths": [
        "/a2d/665/0681-01"
      ]
    },
    {
      "cite": "1997 ME 78",
      "category": "reporters:neutral",
      "reporter": "ME",
      "case_ids": [
        11990157
      ],
      "weight": 2,
      "pin_cites": [
        {
          "page": "\u00b6 11"
        },
        {
          "page": "333"
        }
      ],
      "opinion_index": 0,
      "case_paths": [
        "/a2d/693/0330-01"
      ]
    },
    {
      "cite": "546 A.2d 1013",
      "category": "reporters:state_regional",
      "reporter": "A.2d",
      "case_ids": [
        7942402
      ],
      "pin_cites": [
        {
          "page": "1022"
        }
      ],
      "opinion_index": 0,
      "case_paths": [
        "/a2d/546/1013-01"
      ]
    },
    {
      "cite": "1999 ME 83",
      "category": "reporters:neutral",
      "reporter": "ME",
      "case_ids": [
        11611614
      ],
      "weight": 3,
      "pin_cites": [
        {
          "page": "\u00b6 10"
        },
        {
          "page": "683"
        },
        {
          "page": "683"
        }
      ],
      "opinion_index": 0,
      "case_paths": [
        "/a2d/730/0680-01"
      ]
    },
    {
      "cite": "651 A.2d 345",
      "category": "reporters:state_regional",
      "reporter": "A.2d",
      "case_ids": [
        12256201
      ],
      "pin_cites": [
        {
          "page": "346"
        }
      ],
      "opinion_index": 1,
      "case_paths": [
        "/a2d/651/0345-01"
      ]
    }
  ],
  "analysis": {
    "cardinality": 465,
    "char_count": 6519,
    "ocr_confidence": 0.697,
    "pagerank": {
      "raw": 9.250105752969078e-08,
      "percentile": 0.5111492986656752
    },
    "sha256": "0e015e46ce928140f993498417efeda42250c86aaa51b621ea8977d5eb91bdeb",
    "simhash": "1:6ee6a5a3b7a57d0b",
    "word_count": 1080
  },
  "last_updated": "2024-02-27T19:45:15.369770+00:00",
  "provenance": {
    "date_added": "2019-08-29",
    "source": "Harvard",
    "batch": "2018"
  },
  "casebody": {
    "judges": [
      "Before WATHEN, C.J., and CLIFFORD, RUDMAN, DANA, SAUFLEY, ALEXANDER, and CALKINS, JJ."
    ],
    "parties": [
      "Gary THIBODEAU v. Victor COLE d/b/a Port Clyde General Store."
    ],
    "opinions": [
      {
        "text": "RUDMAN, J.\n[\u00b6 1] Gary Thibodeau appeals from a summary judgment entered in the Superi- or Court (Lincoln County, Perkins, A.R.J.) in favor of Victor Cole. Thibodeau asserts that the court erred (1) by implicitly denying his motion to amend; and alternatively, (2) in granting the summary judgment. We disagree and affirm the judgment.\nI. BACKGROUND\n[\u00b6 2] On July 31, 1993, Thibodeau slipped and fell on either a dock located next to the Port Clyde General Store or that dock\u2019s ramp. Gasoline had allegedly leaked onto the dock and ramp attached to the Store from gas pumps adjacent to both the Store and the dock. Within two weeks of the accident, Thibodeau sent a notice of a potential tort claim pursuant to 14 M.R.S.A. \u00a7 1602(1) (1997) to Victor. United States Fidelity and Guaranty Company (USF & G), acknowledged receipt of the notice of claim and informed Thibodeau that Victor did not own the store, but rather that Pamela Cole \u201csolely owned\u201d the Store.\n[\u00b6 3] Notwithstanding Victor being named as the defendant in this action and USF & G\u2019s assertion that Pamela owned the Store, Port Side Corporation (Port Side) actually owned and operated the Store. Port Side liquidated its corporate assets, and filed a notice of its intent to dissolve and its articles of dissolution with the Secretary of State prior to the institution of this suit. Before its dissolution and at the time of Thibodeau\u2019s alleged injuries, Port Side had leased the premises of the Store, which included the deck, dock, ramp, floats, and lobster tank adjacent to the Store building. Port Side had the explicit responsibility by the terms of its lease to clean and repair the dock and ramp attached to the Store. Pamela signed the lease and the lease addendum on behalf of Port Side. The lease was terminated as part of Port Side\u2019s winding up process; Pamela also signed the lease termination agreement on behalf of Port Side as its \u201cpresident.\u201d\n[\u00b6 4] After Port Side dissolved, Thibo-deau instituted the instant action against Victor. Following limited discovery, Victor moved for a summary judgment. Thi-bodeau opposed summary judgment and sought to amend his complaint. The Superior Court granted Victor\u2019s summary judgment motion. Thibodeau then filed this appeal.\nII. THE MOTION TO AMEND\n[\u00b6 5] As part of his response to Victor\u2019s motion for a summary judgment, Thibodeau attempted to amend his complaint to assert a cause of action against Pamela. We review the denial of a motion to amend for abuse of discretion. In re Sen, 1999 ME 83, \u00b6 10, 730 A.2d 680, 683. \u201cTo overturn a denial of leave to amend one must demonstrate a clear and manifest abuse of that discretion and must demonstrate granting such motion is necessary to prevent injustice.\u201d Miller v. Szelenyi, 546 A.2d 1013, 1022 (Me.1988) (internal citation omitted). While Thibo-deau indicated a desire to assert a cause of action against Pamela, he failed to inform the court as to the basis of that claim. Thibodeau did not follow the requirement of M.R. Civ. P. 7(b)(3) and file \u201ca draft order which grants the motion and specifically states the relief to be granted by the motion.\u201d Thibodeau neither attached a proposed amendment nor demonstrated how any amendment could cure or change the basis of his complaint. Faced with such a situation, the court did not exceed the bounds of its discretion by implicitly denying Thibodeau\u2019s leave to amend. See Sen, \u00b6 11, 730 A.2d at 683.\nIII. THE GRANT OF A SUMMARY JUDGMENT\n[\u00b6 6] We review the grant of a summary judgment motion by evaluating the \u201cevidence in the light most favorable to the party against whom judgment was entered.\u201d Cottle Enterprises, Inc. v. Town of Farmington, 1997 ME 78, \u00b6 11, 693 A.2d 330, 333 (citing Gonzales v. Commissioner, Dep\u2019t of Public Safety, 665 A.2d 681, 682 (Me.1995)). Since Thibodeau would have the burden of proof at trial, he must have presented enough evidence to have withstood a motion for directed verdict. Keyes Fibre Co. v. Lamarre, 617 A.2d 213, 214 (Me.1992).\n[\u00b6 7] Here, there are no issues of triable fact and the grant of a summary judgment was proper. Thibodeau fell on property leased by Port Side, not by Victor. Assuming arguendo that Thibodeau could pierce the corporate veil, he still could not reach Victor who did not personally own shares in Port Side. See LaBelle v. Crepeau, 593 A.2d 653, 655 (Me.1991) (noting that only shareholders will be liable when the corporate entity is disregarded). It would be not only improbable, but also impossible to find liability against Victor on these facts. Simply put, Thibodeau sued the wrong party. The Superior Court correctly granted a summary judgment.\nThe entry is:\nJudgment affirmed.\n. Thibodeau\u2019s response to Victor\u2019s motion for a summary judgment read in part:\nAlternatively, Plaintiff hereby moves to amend the pleadings to assert an action against Pam Cole, individually as an owner/manager, for negligence, all as more fully stated in the accompanying Statement of Material Facts, for which it is contended a genuine issue exists to be tried, and accompanying Memorandum of Law in support, with attachments.\nThibodeau\u2019s attached material included only his counsel\u2019s affidavit which asserted that a fact question existed.\n. Although both parties presented arguments on appeal regarding the propriety of allowing Thibodeau to amend the complaint to add the corporation as a defendant, Thibodeau did not seek to add the corporation in the Superi- or Court. Therefore we do not reach the issue.",
        "type": "majority",
        "author": "RUDMAN, J."
      },
      {
        "text": "CLIFFORD, J.,\ndissenting.\n[\u00b6 8] Because in my view the trial court should have granted Gary Thibodeau\u2019s motion to amend his complaint prior to addressing summary judgment, I respectfully dissent.\nWhen faced with both a motion for a summary judgment and a Rule 15(a) motion to amend pleadings, considerations of finality and judicial economy suggest that a court should dispose of the pending Rule 15(a) motion prior to entertaining a summary judgment.\nKelly v. Michaud\u2019s Ins. Agency, Inc., 651 A.2d 345, 346 (Me.1994).\n[\u00b6 9] I would vacate the judgment and remand to the Superior Court to allow Thibodeau to amend his complaint.",
        "type": "dissent",
        "author": "CLIFFORD, J.,"
      }
    ],
    "attorneys": [
      "Philip P. Mancini, (orally), Cloutier & Briggs, P.A., Rockport, for plaintiff.",
      "Sally A. Morris, (orally), Freidman Bab-cock & Gaythwaite, Portland, for defendant."
    ],
    "corrections": "",
    "head_matter": "1999 ME 150\nGary THIBODEAU v. Victor COLE d/b/a Port Clyde General Store.\nSupreme Judicial Court of Maine.\nArgued Sept. 7, 1999.\nDecided Oct. 26, 1999.\nPhilip P. Mancini, (orally), Cloutier & Briggs, P.A., Rockport, for plaintiff.\nSally A. Morris, (orally), Freidman Bab-cock & Gaythwaite, Portland, for defendant.\nBefore WATHEN, C.J., and CLIFFORD, RUDMAN, DANA, SAUFLEY, ALEXANDER, and CALKINS, JJ."
  },
  "file_name": "0040-01",
  "first_page_order": 86,
  "last_page_order": 89
}
