{
  "id": 11550381,
  "name": "JAMES JULIAN, INC. OF DELAWARE, Employer-Appellant, v. Gary F. TESTERMAN, Employer-Appellee",
  "name_abbreviation": "James Julian, Inc. of Delaware v. Testerman",
  "decision_date": "1999-03-18",
  "docket_number": "No. 98A-05-002-HLA",
  "first_page": "514",
  "last_page": "522",
  "citations": [
    {
      "type": "official",
      "cite": "740 A.2d 514"
    }
  ],
  "court": {
    "name_abbreviation": "Del. Super. Ct.",
    "id": 9286,
    "name": "Delaware Superior Court"
  },
  "jurisdiction": {
    "id": 8,
    "name_long": "Delaware",
    "name": "Del."
  },
  "cites_to": [
    {
      "cite": "737 A.2d 580",
      "category": "reporters:state_regional",
      "reporter": "A.2d",
      "opinion_index": -1
    },
    {
      "cite": "663 A.2d 1205",
      "category": "reporters:state_regional",
      "reporter": "A.2d",
      "case_ids": [
        7881847
      ],
      "year": 1995,
      "pin_cites": [
        {
          "page": "1210"
        }
      ],
      "opinion_index": 0,
      "case_paths": [
        "/a2d/663/1205-01"
      ]
    },
    {
      "cite": "703 A.2d 633",
      "category": "reporters:state_regional",
      "reporter": "A.2d",
      "case_ids": [
        11883808
      ],
      "weight": 3,
      "year": 1997,
      "pin_cites": [
        {
          "page": "636"
        },
        {
          "page": "636"
        }
      ],
      "opinion_index": 0,
      "case_paths": [
        "/a2d/703/0633-01"
      ]
    },
    {
      "cite": "1994 WL 381000",
      "category": "reporters:specialty_west",
      "reporter": "WL",
      "year": 1994,
      "pin_cites": [
        {
          "parenthetical": "ORDER"
        }
      ],
      "opinion_index": 0
    },
    {
      "cite": "1994 WL 750325",
      "category": "reporters:specialty_west",
      "reporter": "WL",
      "year": 1994,
      "pin_cites": [
        {
          "parenthetical": "Memo Op."
        }
      ],
      "opinion_index": 0
    },
    {
      "cite": "515 A.2d 397",
      "category": "reporters:state_regional",
      "reporter": "A.2d",
      "year": 1986,
      "opinion_index": 0
    },
    {
      "cite": "517 A.2d 295",
      "category": "reporters:state_regional",
      "reporter": "A.2d",
      "case_ids": [
        7923194
      ],
      "year": 1986,
      "pin_cites": [
        {
          "page": "297"
        }
      ],
      "opinion_index": 0,
      "case_paths": [
        "/a2d/517/0295-01"
      ]
    },
    {
      "cite": "636 A.2d 892",
      "category": "reporters:state_regional",
      "reporter": "A.2d",
      "case_ids": [
        7371345
      ],
      "year": 1994,
      "pin_cites": [
        {
          "page": "899"
        }
      ],
      "opinion_index": 0,
      "case_paths": [
        "/a2d/636/0892-01"
      ]
    },
    {
      "cite": "213 A.2d 64",
      "category": "reporters:state_regional",
      "reporter": "A.2d",
      "weight": 4,
      "year": 1965,
      "pin_cites": [
        {
          "page": "66-67"
        },
        {
          "page": "66"
        },
        {
          "page": "66"
        }
      ],
      "opinion_index": 0
    },
    {
      "cite": "616 A.2d 1205",
      "category": "reporters:state_regional",
      "reporter": "A.2d",
      "case_ids": [
        7935890
      ],
      "year": 1992,
      "pin_cites": [
        {
          "page": "1208"
        }
      ],
      "opinion_index": 0,
      "case_paths": [
        "/a2d/616/1205-01"
      ]
    },
    {
      "cite": "621 A.2d 340",
      "category": "reporters:state_regional",
      "reporter": "A.2d",
      "case_ids": [
        9047342
      ],
      "weight": 7,
      "year": 1993,
      "pin_cites": [
        {
          "page": "342"
        },
        {
          "page": "342"
        },
        {
          "page": "342"
        },
        {
          "page": "345"
        },
        {
          "page": "343"
        },
        {
          "page": "346"
        }
      ],
      "opinion_index": 0,
      "case_paths": [
        "/a2d/621/0340-01"
      ]
    },
    {
      "cite": "1997 WL 524078",
      "category": "reporters:specialty_west",
      "reporter": "WL",
      "pin_cites": [
        {
          "page": "*4"
        }
      ],
      "opinion_index": 0
    }
  ],
  "analysis": {
    "cardinality": 879,
    "char_count": 23444,
    "ocr_confidence": 0.692,
    "pagerank": {
      "raw": 5.4033266686372354e-08,
      "percentile": 0.34081658814857546
    },
    "sha256": "3b4a3dd36dc3bb6d95c153bb7092dad773a6274f27c986a9a5f0953e231429cb",
    "simhash": "1:effc40dd9a90e01e",
    "word_count": 3881
  },
  "last_updated": "2024-02-27T19:45:15.369770+00:00",
  "provenance": {
    "date_added": "2019-08-29",
    "source": "Harvard",
    "batch": "2018"
  },
  "casebody": {
    "judges": [],
    "parties": [
      "JAMES JULIAN, INC. OF DELAWARE, Employer-Appellant, v. Gary F. TESTERMAN, Employer-Appellee."
    ],
    "opinions": [
      {
        "text": "OPINION\nALFORD, Judge.\nI. INTRODUCTION\nOn October 4, 1995, Gary Testerman (\u201cTesterman\u201d) was fatally injured while employed with James Julian, Inc. of Delaware (\u201cJulian\u201d). His widow, Nora Tester-man, filed a Petition for Compensation Due on September 22, 1997, requesting death benefits under Delaware\u2019s Workers\u2019 Compensation Statute. A hearing on the Petition was held before the Industrial Accident Board (\u201cBoard\u201d) on April 2, 1998. The sole issue before the Board was whether Testerman was in the course and scope of his employment at the time of the accident. On April 15, the Board issued a decision granting Testerman the Petition for death benefits. Julian filed a timely appeal in this Court. On appeal, Julian argues that the Board erred as a matter of law and fact when it found that Testerman was entitled to compensation for death benefits. This is the Court\u2019s decision on appeal.\nII. FACTS\nGary Testerman was employed as a truck driver for Julian for approximately two and half years. He worked during the second shift, between 7:00 P.M. and 5 A.M. On October 4, 1995, at 5:20 A.M., Corporal Philip Strohm of the Delaware State Police was notified of an accident on Route 896. On the day of the accident, Corporal Strohm was assigned to the Fatal Accident Investigation and Reconstruction Unit in New Castle County. In his testimony on behalf of Testerman, Corporal Strohm stated that he arrived at the accident scene at approximately 6:05 A.M., and proceeded to collect physical evidence, conduct measurements, take photographs, contact witnesses, and conduct interviews. Corporal Strohm was assisted by Corporals Weaver and Pine, who also responded to the accident scene.\nCorporal Strohm testified that the accident occurred on Route 896, between Route 40 and Corporate Boulevard. According to Corporal Strohm, Testerman was struck and killed by a car in the northbound lane of Route 896 at approximately 4:46 A.M. He testified that Tester-man was a pedestrian at the time of the accident. Corporal Strohm made a drawing of the accident scene and a scaled diagram of the scene was admitted into evidence.\nCorporal Strohm testified that Route 896 was under construction at the time of the accident. The road was divided into two \u2014 the northbound portion had a straight through-lane-a right turn lane into a construction area, and a left turn lane which allowed northbound vehicles to turn left onto Corporate Boulevard. The southbound lane, on the other hand, consisted of one through-lane, with an entry lane from Corporate Boulevard. Unlike the northbound lane, the southbound lane had an improved shoulder.\nThe actual spot of the impact is arrived at by conjecture based on Corporal Strohm\u2019s analysis of the accident scene. He determined that the impact occurred on the northbound side of Route 896. He testified that Testerman had parked his pickup truck on the improved shoulder. Corporal Strohm observed that the pickup truck\u2019s engine was running; its four-way flashers on; and its headlights activated. Testerman\u2019s dump truck was parked in the construction area. Corporal Strohm stated that the point of impact was approximately sixty-five feet from Testerman\u2019s dump truck. He stated that Testerman\u2019s dump truck hood was down, whereas the other dump trucks had their hoods up.\nEarl Wilson, Sr., (\u201cWilson\u201d) testified on behalf of Testerman. On the day of the accident, Wilson had completed his job and left for the day before the accident. He testified that he worked as a dump truck driver on the same shift as Testerman on the day of the accident. He and Tester-man had the same job duties. The duties included driving the dump trucks to a site near Lum\u2019s Pond, loading the trucks with fill, then driving back to the work site to dump the material. The purpose was to build up the shoulders on Route 896. Wilson stated that during this job, the drivers traveled Route 896 from Lum\u2019s Pond to where they dumped the fill, traveling that route approximately forty times a day. He testified that he did not believe that the foreman was at the Route 896 construction site on the day of the accident.\nAccording to Wilson\u2019s testimony, drivers are instructed to leave the hood and body of their truck up at the end of the day so that mechanics can service the truck. Drivers are informed that failure to leave the hood and body of their truck in an upright position would result in disciplinary action. Drivers are also instructed to complete a post equipment check form and a mileage form at the end of the day. Wilson stated that failure to do so would result in disciplinary action. Wilson further testified that construction signs were posted at the Route 40/Route 896, and at the 1-95/ Route 896 intersections.\nTesterman\u2019s wife for almost twenty years, Nonna D. Testerman, was also employed by Julian as a truck driver. She drove the same dump truck on the day shift. Norma Testerman testified at the Board hearing that she and her husband discussed their travel route to and from work in case their personal vehicles broke down. She stated that generally, Tester-man traveled home by crossing Route 896 by way of Corporate Boulevard, to Pinaker Drive, over to Pleasant valley Road to Delaware Route 4. From Delaware Route 4, he would then make a left onto Interstate 95.\nNorma Testerman testified that Julian\u2019s construction plans included building two new northbound lanes on Route 896, widening the existing lanes and resulting in new southbound lanes. She testified that construction signs were posted at the intersection of Route 40 and Route 896. She also agreed with Wilson that drivers would be written-up for failure to complete a driver\u2019s Vehicle Inspection Report (\u201cVIR\u201d), a mileage form, and to raise their truck\u2019s hood. She testified that an employee could be dismissed after three write-ups.\nRobert Penland (\u201cPenland\u201d) testified on behalf of Testerman. Penland, also a truck driver employed by Julian, was present at the time of the accident. He testified that he was standing with another truck driver, Isaac Humphries (\u201cHum-phries\u201d) and facing the road when the accident occurred. He stated that he saw someone park on the shoulder of Route 896 and walk across Route 896. Penland stated he did not know that it was Tester-man who was crossing the street because it was dark, and Humphries, who was standing in front of him, was blocking his view. He then heard a big bang and saw Testerman being thrown in the air and landing. He testified that Testerman had crossed the new double lines when the accident occurred. Penland further testified that Julian did not require drivers to use their personal vehicles on the job, and that the job duties did not require drivers to cross Route 896.\nHumphries also testified on behalf of Testerman. He worked during the same shift as Testerman. He stated that he was not speaking with Penland at the time of the accident. Although there was some conflict as to where Humphries was situated at the moment of the impact, he confirmed Penland\u2019s testimony that the hood on Testerman\u2019s truck was down.\nLen Gravatt (\u201cGravatt\u201d) testified on behalf of Testerman. Gravatt was also employed by Julian as a truck driver at the time of the accident. Gravatt worked during the same shift as Testerman. He testified that he was talking to both Hum-phries and Penland when the accident occurred. Like Penland, Gravatt heard a loud thump and saw someone being thrown in the air. At the time, he did not know that it was Testerman. He also confirmed that Testerman\u2019s hood was down, and that drivers who did not leave the hood of their trucks in an upright position would be subject to reprimand.\nRaymond Myers (\u201cMyers\u201d) testified on behalf of Testerman. Myers was also employed by Julian as a truck driver and worked the same shift as Testerman. Myers testified that being the first person to park his truck, he was not present when the accident occurred. He also stated that a driver could be dismissed if he was written-up three times during one year for failing to leave a truck\u2019s hood in an upright position.\nAugust Meadows (\u201cMeadows\u201d) testified on behalf of Julian. At the time of the accident, Meadows worked as a job site safety inspector for Julian. He testified that he arrived approximately three to five minutes after the accident. He notified the police about the accident. When he learned that it was Testerman who had been involved in the accident, he called Jim Hoover (\u201cHoover\u201d), Safety Director for Julian. Meadows further testified that he checked Testerman\u2019s truck on two occasions to determine if Testerman had left personal items. He looked through Test-erman\u2019s truck, once with Humphries, and a second time, with Hoover. Meadows did not find Testerman\u2019s personal items in the truck on either occasion. He confirmed Penland\u2019s testimony that Julian employees were not required to walk across Route 896, and were not asked to use their personal vehicles to perform their duties. Meadows also testified that after the accident, he and Humphries made the assumption that Testerman was struck as he was walking from his personal vehicle towards his dump truck.\nFinally, Jacob Bailiff (\u201cBailiff\u2019) testified on behalf of Julian. Bailiff, also a Julian employee, worked as an Area Superintendent at the time of the accident. Bailiff testified that the construction plan on Route 896 included adding lanes to the northbound and southbound lanes. He also stated that during the construction project, truck drivers obtained fill from the Lum\u2019s Pond area. Bailiff testified that Julian required truck drivers to report to work and if work was unavailable, they would be paid for one hour. He also testified that night shift employees were paid to work from 7:00 P.M. to 5:00 AM. Bailiff agreed that once a driver completes his last haul and fulfills all the requirements of the job duty, he would be permitted to leave before the work shift ended. He also confirmed Penland\u2019s and Meadows\u2019 testimonies that Julian did not require its employees to park on the southbound shoulder of Route 896, nor did it require them to use their personal vehicles while working on the construction project.\nA hearing on Testerman\u2019s petition for Compensation Due was held on April 2, 1998 before the Industrial Accident Board. The sole issue before the Board was whether Testerman was in the course and scope of employment at the time of the accident. The Board issued a decision on April 15, 1998, granting the petition for death benefits, finding that Testerman was in the course and scope of his employment with Julian when he was killed in the accident. The Board also granted Tester-man attorney\u2019s fees pursuant to 19 Del. C. \u00a7 2320(g)(1). On May 1, 1998, Julian filed a notice of appeal with this Court from the Board\u2019s decision.\nIII. STANDARD AND SCOPE OF REVIEW\nThe Court has reviewed the record in its entirety, including Corporal Strohm\u2019s scaled diagram of the accident scene, and other evidence admitted into the record at the Board hearing. The Supreme Court and this Court have repeatedly emphasized the limited appellate review of the factual findings of an administrative agency. When factual determinations are at issue, the Court will take due account of the experience and specialized competence of the agency and of the purposes of Delaware\u2019s worker\u2019s compensation law. The Court\u2019s review, in the absence of actual fraud, will be limited to a determination of whether the agency\u2019s decision was supported by substantial evidence on the record before the agency.\nSubstantial evidence means such relevant evidence as a reasonable mind might accept as adequate to support a conclusion. This Court does not weigh the evidence, determine questions of credibility, or make its own factual findings. The Court will consider the record in the light most favorable to the party prevailing below and will resolve all doubt in its favor.\nIV. DISCUSSION\nDelaware\u2019s Workers\u2019 Compensation Act (\u201cAct\u201d) requires employers to compensate employees \u201cfor personal injury or death by accident arising out of and in the course of employment, regardless of the question of negligence....\u201d The Act states, in relevant part, that a personal injury sustained by an accident \u201carising out of and in the course of employment\u201d exists while:\nthe employee is engaged in, or about the premises where the employee\u2019s services are being performed, which are occupied by, or under the control of, the employer (the employee\u2019s presence being required by the nature of the employee\u2019s employment), or while the employee is engaged elsewhere in or about the employer\u2019s business where the employee\u2019s services require the employee\u2019s presence as a part of such service at the time of the injury [ ].\nThe philosophy of the Act is to obviate the need for litigation and to give an injured employee, irrespective of fault, prompt compensation. Thus, the law must be interpreted liberally to fulfill its intended compensation goal under \u00a7 2304. When interpreting the Act, this Court bears in mind that when factual determinations are at issue, a reviewing Court must take into account the experience and specialized competence of the Board.\nJulian first argues that the Board\u2019s decision must be reversed because Testerman has not met the statutory requirement under 19 Del. C. \u00a7 2301(15) for compensability at the time of the accident. Julian argues that Testerman failed to prove the two requirements set out by the Act, i.e., that he has not shown that he was involved in an accident \u201carising out of and in the course of employment\u201d and that he was \u201con or about the premises where the employee\u2019s services are being performed.\u201d\nThe Board made several factual determinations in its April 15, 1998 decision. It determined first that the hours of employment set by Julian for the night shift were between 7:00 P.M. and 5:00 A.M. Based upon Corporal Strohm\u2019s testimony, the Board found that Testerman was killed at approximately 4:46 P.M., before his work shift ended.\nIt also found that Julian requires all its drivers to raise the hoods of their dump trucks and to fill out a VIR and mileage report before the end of the work shift. The Board determined that Testerman did not raise his truck\u2019s hood and did not complete the VIR, nor the mileage form. The Board considered the fact that under Julian\u2019s policy, a driver\u2019s failure to raise his truck\u2019s hood and neglecting to complete the VIR and mileage forms after three write-ups could result in dismissal. The Board found that because Testerman had already been written up twice, he could have reasonably believed that he would have been subject to being terminated.\nThe Board found that Testerman was \u201cin the course and scope of employment\u201d essentially because Testerman was struck while he was walking in the direction of his dump truck. The Board stated that Test-erman \u201chad work duties to perform\u201d and that \u201cthe purpose of [his] journey [across Route 896] was to complete his work duties.\u201d The Board made a finding that the reason Testerman \u201cleft the safety of his vehicle was to perform a requirement of the employer\u2019s business \u2014 he needed to complete his job duties ... his presence was required to complete those duties.\u201d\nHowever, the Board determined that Testerman\u2019s trip on his personal vehicle on southbound Route 896 to ask his supervisor whether he should report to work the following work shift was not work-related. The Board determined that Julian\u2019s policy was to show up to work unless told otherwise.\nIn its opening and reply briefs, Julian argues that Testerman was not in the course and scope of employment at the time of the accident because he was not driving the dump truck at the time of the accident. Julian\u2019s argument hinges on the proposition that the only requirement laid out by Julian was \u201cto be in or immediately next to the Julian dump truck\u201d and that Testerman\u2019s \u201conly additional duties included inspecting the truck, raising the hood and filling out forms in the truck.\u201d Julian also argues that Testerman had abandoned the job site when the accident occurred. Julian contends that Testerman\u2019s injury did not arise out of and in the course of his employment because Julian did not require its employees to (1) park on the southbound shoulder of Route 896; (2) use their personal vehicles during the construction project; nor (3) walk across Route 896.\nUnder the Act and existing case law, the question of whether an employee is acting within the course and scope of employment has been stated to be a legal conclusion determined by the facts. Since questions relating to the course and scope of employment are highly factual, it is well established that they must necessarily be resolved under a totality of circumstances test. This Court does not weigh evidence, determine questions of credibility, or make its own factual findings in a worker\u2019s compensation proceeding.\nThis Court finds that the Board\u2019s determination that Testerman was still \u201con the clock\u201d and walking towards his dump truck to complete his job duties at the time of the accident, was supported by substantial evidence. The Board relied primarily on Corporal Strohm\u2019s testimony and scaled drawing which showed that Testerman\u2019s personal vehicle was parked directly across from his dump truck. Corporal Strohm\u2019s testimony and drawing also showed that Testerman was struck on Route 896 as he walked towards his dump truck. Corporal Strohm\u2019s investigation concluded that Testerman was struck and killed at approximately 4:46 A.M., prior to the end of his work shift.\nThe Board also relied on Penland\u2019s testimony that Testerman was walking towards his dump truck at the time of the accident. The Board relied on other witnesses, including Meadows, who testified that there were no personal items in Testerman\u2019s dump truck. The Board concluded that Testerman was walking towards his dump truck to complete his work duties and not to accomplish a personal mission. The Board relied on the fact that Testerman had not raised his truck\u2019s hood, and had not completed the VIR and mileage forms to arrive at the conclusion that Testerman was struck before completing his job duties.\nJulian argues that the Board erred in determining that the \u201cgoing and coming\u201d rule is inapplicable in this case. Delaware follows the \u201cgoing and coming\u201d rule, which precludes an employee from receiving workers\u2019 compensation benefits for injuries sustained while traveling to and from his or her place of employment. The rationale behind the \u201cgoing and coming\u201d rule\u2019s bar to recovery is that, when traveling to and from work, the employee simply confronts the same hazards, and, therefore, experiences the same risks encountered by an individual on a personal excursion. The Board determined that Testerman was not engaged in a daily commute at the time of the accident. This Court finds that the Board\u2019s determination that the \u201cgoing and coming\u201d rule is inapplicable to the instant case to be supported by substantial evidence.\nJulian further argues that Testerman would not be deemed to be within the course and scope of his employment under the Restatement (Second) of Agency. Since the Court finds that the accident was arising out of and during the scope of Testerman\u2019s employment under the worker\u2019s compensation statute, the Court finds it unnecessary to determine Testerman\u2019s status under the Restatement (Second) of Agency.\nJulian also argues that Testerman was not injured on or about Julian\u2019s premises, and, therefore, is not eligible for workers\u2019 compensation benefits. The basis of this argument is that Testerman was injured in an area which was not within the control of the employer. Julian states in its brief that Julian \u201cwas not required under current Delaware law to anticipate that an employee might leave its site in the dark and decide to walk across the road in an area where there was no intersection, crosswalk or traffic light and then somehow guard the safety of that employee.\u201d\nUnder the workers\u2019 compensation statute, an employee injured \u201con or about the premises where the employee\u2019s services are being performed\u201d will be compensated by his or her employer. It is well settled that when interpreting the Act, it is a court\u2019s responsibility to construe and administer it with reasonable liberality. Viewing the record in its entirety, including Corporal Strohm\u2019s scaled drawing of the accident scene, the Court finds that even under a literal reading of the Act, Testerman was injured on Julian\u2019s premises. It is undisputed that Tester-man was walking towards his dump truck and a few yards away from his dump truck when-he was struck. Although he was struck on a road that was being used by the public, the immediate area was under construction by Julian.\nFor the reasons set forth herein above, the Court finds that there was substantial evidence in the record which a reasonable mind might accept as adequate to support the Board\u2019s conclusion that Testerman\u2019s accident took place during the course and within the scope of employment. The Board\u2019s decision is hereby AFFIRMED.\nIT IS SO ORDERED.\n. A Julian witness, Jacob Bailiff, an Area Superintendent at the time of the accident, testified that even though most drivers referred to the area where they collected fill as \"Lum\u2019s Pond,\u201d the place where they actually collected fill was on Howell School Road. Because all other witnesses, including counsel and the Board refer to this area as \"Lum\u2019s Pond,\u201d the Court will also refer to the place where truck drivers collected fill as \"Lum\u2019s Pond.\u201d\n. See State v. Glascock, Del.Super., C.A. No. 97A-01-001, Graves, J. (July 14, 1997) (Mem. Op.), 1997 WL 524078, at *4 (citing Histed v. E.I. Du Pont de NeMours & Co., Del.Supr., 621 A.2d 340, 342 (1993)).\n. See 29 Del. C. \u00a7 10142(d); See also Stoltz Management Co. v. Consumer Affairs Bd., Del.Supr., 616 A.2d 1205, 1208 (1992); Johnson v. Chrysler Corp., Del.Supr., 213 A.2d 64, 66-67 (1965).\n. See Oceanport Ind. v. Wilmington Stevedores, Del.Supr., 636 A.2d 892, 899 (1994); Battista v. Chrysler Corp., Del.Super., 517 A.2d 295, 297 (1986), app. dism., Del.Supr., 515 A.2d 397 (1986).\n. Johnson, 213 A.2d at 66.\n. See Thomas v. Christiana Excavating Co., Del.Super., C.A. No. 94A-03-009, Cooch, J., 1994 WL 750325 (Nov. 15, 1994) (Memo Op.) at 5.\n. See 19 Del. C. \u00a7 2304.\n. See 19 Del. C. \u00a7 2301(15)(a).\n. Histed, 621 A.2d at 342.\n. Id.\n. Johnson, 213 A.2d at 66.\n. See 19 Del. C. \u00a7 2301(15)(a).\n. See Indus. Accident Bd. Decision of April 15, 1998 (\"Bd. Decision\u201d), at 9.\n. Id.\n. Id. at 10.\n. Id.\n. Id. at 11.\n. Id. at 10.\n. Id. at 14.\n. Id. at 10.\n. See Collier v. State, Del.Super., C.A. No. 93A-06-022, Del Pesco, J., 1994 WL 381000 (July 11, 1994) (ORDER) (citing Histed, 621 A.2d at 342).\n. Histed, 621 A.2d at 345.\n. See Tickles v. PNC Bank, Del.Supr., 703 A.2d 633, 636 (1997); Devine v. Advanced Power Control, Inc., Del.Super., 663 A.2d 1205, 1210 (1995); Histed, 621 A.2d at 343.\n. Tickles, 703 A.2d at 636, Histed, Id.\n. See Julian's Opening Brief, at 30.\n. See 19 Del. C. \u00a7 2301(15)a.\n.Histed, 621 A.2d at 346.",
        "type": "majority",
        "author": "ALFORD, Judge."
      }
    ],
    "attorneys": [
      "Beth H. Christman, Casarino, Christ-man & Shalk, Wilmington, for Employer Below-Appellant.",
      "Michael Weiss, Yvonne Takvorian Sa-ville, Wilmington, for Employee Below-Appellee."
    ],
    "corrections": "",
    "head_matter": "JAMES JULIAN, INC. OF DELAWARE, Employer-Appellant, v. Gary F. TESTERMAN, Employer-Appellee.\nNo. 98A-05-002-HLA.\nSuperior Court of Delaware, New Castle County.\nSubmitted: Dec. 1, 1998.\nDecided: March 18, 1999.\nSee 737 A.2d 580.\nBeth H. Christman, Casarino, Christ-man & Shalk, Wilmington, for Employer Below-Appellant.\nMichael Weiss, Yvonne Takvorian Sa-ville, Wilmington, for Employee Below-Appellee."
  },
  "file_name": "0514-01",
  "first_page_order": 560,
  "last_page_order": 568
}
