{
  "id": 11553968,
  "name": "YORK INSURANCE GROUP OF MAINE v. Richard O. LAMBERT",
  "name_abbreviation": "York Insurance Group of Maine v. Lambert",
  "decision_date": "1999-11-24",
  "docket_number": "",
  "first_page": "984",
  "last_page": "988",
  "citations": [
    {
      "type": "official",
      "cite": "740 A.2d 984"
    },
    {
      "type": "parallel",
      "cite": "1999 ME 173"
    }
  ],
  "court": {
    "name_abbreviation": "Me.",
    "id": 9543,
    "name": "Maine Supreme Judicial Court"
  },
  "jurisdiction": {
    "id": 42,
    "name_long": "Maine",
    "name": "Me."
  },
  "cites_to": [
    {
      "cite": "594 A.2d 1079",
      "category": "reporters:state_regional",
      "reporter": "A.2d",
      "case_ids": [
        7378281
      ],
      "pin_cites": [
        {
          "page": "1081"
        }
      ],
      "opinion_index": 0,
      "case_paths": [
        "/a2d/594/1079-01"
      ]
    },
    {
      "cite": "686 A.2d 598",
      "category": "reporters:state_regional",
      "reporter": "A.2d",
      "case_ids": [
        7352883
      ],
      "pin_cites": [
        {
          "page": "600"
        }
      ],
      "opinion_index": 0,
      "case_paths": [
        "/a2d/686/0598-01"
      ]
    },
    {
      "cite": "1998 ME 138",
      "category": "reporters:neutral",
      "reporter": "ME",
      "case_ids": [
        11833821
      ],
      "weight": 2,
      "pin_cites": [
        {
          "page": "\u00b6 7"
        },
        {
          "page": "1312"
        }
      ],
      "opinion_index": 0,
      "case_paths": [
        "/a2d/711/1310-01"
      ]
    },
    {
      "cite": "1998 ME 44",
      "category": "reporters:neutral",
      "reporter": "ME",
      "case_ids": [
        11854407
      ],
      "weight": 12,
      "pin_cites": [
        {
          "page": "\u00b6 4"
        },
        {
          "page": "388"
        },
        {
          "parenthetical": "citations omitted"
        },
        {
          "parenthetical": "citations omitted"
        },
        {
          "page": "\u00b6 5"
        },
        {
          "page": "388-89",
          "parenthetical": "citations omitted"
        },
        {
          "page": "389",
          "parenthetical": "citation omitted"
        },
        {
          "page": "\u00b6 15"
        },
        {
          "page": "389"
        },
        {
          "page": "f 7"
        },
        {
          "page": "389"
        }
      ],
      "opinion_index": 0,
      "case_paths": [
        "/a2d/707/0387-01"
      ]
    },
    {
      "cite": "1998 ME 213",
      "category": "reporters:neutral",
      "reporter": "ME",
      "case_ids": [
        11709103
      ],
      "weight": 2,
      "pin_cites": [
        {
          "page": "\u00b6\u00b6 15-17"
        },
        {
          "page": "959"
        }
      ],
      "opinion_index": 1,
      "case_paths": [
        "/a2d/715/0955-01"
      ]
    },
    {
      "cite": "610 A.2d 279",
      "category": "reporters:state_regional",
      "reporter": "A.2d",
      "case_ids": [
        7924825
      ],
      "pin_cites": [
        {
          "page": "284-285"
        }
      ],
      "opinion_index": 1,
      "case_paths": [
        "/a2d/610/0279-01"
      ]
    },
    {
      "cite": "664 A.2d 840",
      "category": "reporters:state_regional",
      "reporter": "A.2d",
      "case_ids": [
        7871559
      ],
      "pin_cites": [
        {
          "page": "844"
        }
      ],
      "opinion_index": 1,
      "case_paths": [
        "/a2d/664/0840-01"
      ]
    },
    {
      "cite": "668 A.2d 882",
      "category": "reporters:state_regional",
      "reporter": "A.2d",
      "case_ids": [
        7870111
      ],
      "opinion_index": 1,
      "case_paths": [
        "/a2d/668/0882-01"
      ]
    },
    {
      "cite": "1998 ME 133",
      "category": "reporters:neutral",
      "reporter": "ME",
      "case_ids": [
        11824618
      ],
      "weight": 4,
      "pin_cites": [
        {
          "page": "\u00b6 7"
        },
        {
          "page": "1041"
        },
        {
          "page": "\u00b6 7"
        },
        {
          "page": "1041-42"
        }
      ],
      "opinion_index": 1,
      "case_paths": [
        "/a2d/712/1039-01"
      ]
    },
    {
      "cite": "1999 ME 106",
      "category": "reporters:neutral",
      "reporter": "ME",
      "case_ids": [
        11550364
      ],
      "weight": 6,
      "pin_cites": [
        {
          "page": "\u00b6\u00b64-5"
        },
        {
          "page": "978-79"
        },
        {
          "page": "\u00b6\u00b64-5"
        },
        {
          "page": "978-79"
        }
      ],
      "opinion_index": 1,
      "case_paths": [
        "/a2d/733/0977-01"
      ]
    },
    {
      "cite": "1998 ME 138",
      "category": "reporters:neutral",
      "reporter": "ME",
      "case_ids": [
        11833821
      ],
      "weight": 2,
      "opinion_index": 1,
      "case_paths": [
        "/a2d/711/1310-01"
      ]
    },
    {
      "cite": "1998 ME 44",
      "category": "reporters:neutral",
      "reporter": "ME",
      "case_ids": [
        11854407
      ],
      "weight": 4,
      "opinion_index": 1,
      "case_paths": [
        "/a2d/707/0387-01"
      ]
    }
  ],
  "analysis": {
    "cardinality": 678,
    "char_count": 14534,
    "ocr_confidence": 0.667,
    "pagerank": {
      "raw": 1.944325309993525e-07,
      "percentile": 0.7359214765030703
    },
    "sha256": "f14e634ad80fddf686de87f3df727a2bd38a864b8c29c567f46c1ec88eb6d6b0",
    "simhash": "1:7f03331c6dfdd1a3",
    "word_count": 2383
  },
  "last_updated": "2024-02-27T19:45:15.369770+00:00",
  "provenance": {
    "date_added": "2019-08-29",
    "source": "Harvard",
    "batch": "2018"
  },
  "casebody": {
    "judges": [
      "Before WATHEN, C.J., and CLIFFORD, RUDMAN, DANA, SAUFLEY, ALEXANDER, and CALKINS, JJ."
    ],
    "parties": [
      "YORK INSURANCE GROUP OF MAINE v. Richard O. LAMBERT."
    ],
    "opinions": [
      {
        "text": "WATHEN, C.J.\n[\u00b6 1] Defendant Richard 0. Lambert appeals from a summary judgment entered in the Superior Court (Cumberland County, Mills, J.) in favor of his insurer, plaintiff York Insurance Group of Maine, ruling that it had no duty by virtue of a policy of homeowner\u2019s insurance to defend Lambert in an underlying probate action. Because the court erred in considering evidence beyond the pleadings, we vacate the judgment.\n[\u00b6 2] The facts as developed for purposes of summary judgment may be summarized as follows: Margaret Umbaugh, individually as an heir-at-law entitled to an intestate share, and together with David Lambert, as co-special representatives of the Estate of Hugh A. Graff, brought an action in York County Probate Court against Lambert. The complaint alleged the following facts: Lambert was the stepson of Hugh Graff. Prior to his death, Hugh Graff was incompetent. For a period prior to decedent\u2019s death, Lambert had a confidential or fiduciary relationship with the decedent. During that time period Lambert exercised control of the decedent\u2019s person and his property, obtaining a power of attorney from decedent and using the power of attorney to transfer tangible and intangible personal property from decedent to himself. The complaint included, inter alia, claims for breach of fiduciary duty (constructive trust), conversion, and interference with an expectancy of inheritance.\n[\u00b6 3] York Insurance filed a declaratory judgment action requesting the court declare that its insurance contract with Lambert did not cover the allegations contained in the complaint. York Insurance filed a motion for summary judgment, together with a supporting memorandum of law and a statement of material facts. The statement of material facts was supported by answers to interrogatories. After hearing, the court entered an order granting York Insurance\u2019s motion for summary judgment. The court ruled, based on the answers to interrogatories, that York Insurance did not have a duty to defend Lambert in the underlying probate action on the basis that the damages sought were economic damages, which are not covered by the homeowners insurance policy. From this ruling, Lambert appeals.\n[\u00b6 4] \u201c \u2018Whether an insurer has a duty to defend in a particular case is a question of law.\u2019 \u201d Penney v. Capitol City Transfer, Inc., 1998 ME 44, \u00b6 4, 707 A.2d 387, 388 (citations omitted). The longstanding rule is that we \u201c\u2018determine the duty to defend by comparing the allegations in the underlying complaint with the provisions of the insurance policy.\u2019\u201d Id. (citations omitted). A duty to defend exists \u201c \u2018[i]f a complaint reveals a \u201cpotential ... that the facts ultimately proved may come within the coverage.\u201d \u2019 \u201d Id. (citations omitted).\n[\u00b6 5] Lambert contends that the court erred when it looked beyond the pleadings and considered evidence extrinsic to the complaint. We. agree. We recently restated the general rule as follows: \u201c \u2018Except in limited circumstances, we have held that an insurer cannot avoid its duty to defend by establishing, before the underlying action has concluded, that ultimately there will be no duty to indemnify.\u2019 \u201d Penney, 1998 ME 44, \u00b6 5, 707 A.2d at 388-89 (citations omitted). We explained the reason for the rule as follows:\nTo secure the just, speedy and inexpensive determination of an action involving a duty to defend and a duty to indemnify and avoid a duplication of trials requires that courts proceed in the following order: the determination of a duty to defend, then the determination of liability in the underlying action, and finally the determination of the duty to indemnify.\nId., 707 A.2d at 389 (citation omitted). We have also explained the rationale as follows:\nIf we were to look beyond the complaint and engage in proof of actual facts, then the separate declaratory judgment actions ... would become independent trials of the facts which the [insured] would have to carry on at his expense .... We see no reason why the insured, whose insurer is obligated by contract to defend him, should have to try the facts in a suit against his insurer in order to obtain a defense.\nElliott v. Hanover Ins. Co., 1998 ME 138, \u00b6 7, 711 A.2d 1310, 1312 (citation omitted). \u201cThe duty to defend is broader than the duty to indemnify, and an insurer may have to defend before it is clear whether there is a duty to indemnify.\u201d Penney, 1998 ME 44, \u00b6 15, 707 A.2d at 389. As in Penney, the present case offers no reason for deviating from the pleading comparison test that has long been the rule in Maine.\n[\u00b6 6] The underlying complaint includes allegations for breach of a fiduciary duty (constructive fraud), conversion, and interference with an expectancy of inheritance. York Insurance argues that the underlying complaint does not include a claim for bodily injury or property damage, and more specifically that neither the claims asserted nor the facts alleged give any suggestion of bodily harm, sickness or disease.\n[\u00b6 7] Confining our review to an examination of the complaint and the homeowners insurance policy, we conclude that a potential exists that the facts alleged may result in bodily injury within the coverage of the homeowners policy. For example, although on its face the complaint does not specifically include allegations of emotional distress or emotional pain and suffering, the general allegations of the interference with an expectancy of inheritance claim carry the possibility of an award for emotional distress. See Restatement (Second) of Torts \u00a7\u00a7 774B cmt. e, 774A(l)(c) (1979).\n[\u00b6 8] We have held that \u201c[u]n-less excluded, a claim for emotional distress triggers an insurer\u2019s duty to defend under \u2018bodily injury\u2019 coverage if the emotional distress is caused by an \u2018accident or occurrence\u2019 within the meaning of the policy.\u201d Vigna v. Allstate Ins. Co., 686 A.2d 598, 600 (Me.1996). We explained the reasoning in a claim for wrongful termination of employment that \u201cit is possible, albeit remotely so, that there would be coverage if the plaintiff can establish that he suffered \u2018bodily injury, sickness or disease\u2019 as a result of emotional distress caused by his discharge.\u201d Maine Bonding & Casualty Co. v. Douglas Dynamics, Inc., 594 A.2d 1079, 1081 (Me.1991) (citation omitted). Thus, we need not address Lambert\u2019s other contentions that the breach of fiduciary duty and conversion claims also contain allegations of and requests for damages that could potentially be characterized as \u201cbodily injury\u201d or \u201cproperty damage.\u201d As in Penney, \u201c[e]ven though evidence beyond the pleadings may later establish the absence of a duty to indemnify, that evidence is not properly considered in determining the duty to defend.\u201d Penney v. Capitol City Transfer, Inc., 1998 ME 44, f 7, 707 A.2d 387, 389 (citation omitted).\nThe entry is:\nJudgment vacated. Remanded to the Superior Court for further proceedings consistent with the opinion herein.",
        "type": "majority",
        "author": "WATHEN, C.J."
      },
      {
        "text": "ALEXANDER, J.,\nwith whom RUDMAN, J. and SAUFLEY, J., join, dissenting.\n[\u00b6 9] I respectfully dissent. The Court\u2019s opinion accurately summarizes the current state of the law derived from some recent duty to defend cases. Elliott v. Hanover Ins. Co., 1998 ME 138, 711 A.2d 1310 and Penney v. Capitol City Transfer, Inc., 1998 ME 44, 707 A.2d 387.\n1. Duty to defend is a question of law. Elliott at \u00b6 6, p. 1312, Penney at \u00b6 4, p. 388.\n2. The duty to defend is determined by comparing the allegations in the underlying complaint with the provisions of the insurance policy. Id.\n3. The duty to defend exists if the complaint reveals a potential that the facts ultimately proved may come within the coverage. Id.\n4. We do not consider evidence beyond the face of the complaint and the policy in determining duty to defend. Elliott at \u00b6 7, p. 1312; Penney at \u00b6 5, p. 388-89.\n[\u00b6 10] However, the Court\u2019s opinion extends the law beyond where we have gone before, speculating about what the complaint might, but does not, allege to create a duty to defend under a new speculative comparison test.\n[\u00b6 11] The complaint includes no allegations of emotional distress, bodily injury or property damage to generate a duty to defend under the York Insurance policy. The duty to defend is derived not from the face of the complaint but from speculation that proof of one of the economic torts alleged might \u201ccarry the possibility of an award for emotional distress.\u201d\n[\u00b6 12] In one of our most recent duty to defend cases, Johnson v. Amica Mutual Ins. Co., 1999 ME 106, 733 A.2d 977, we did not engage in such speculation about claims, like emotional distress, that might be, but were not, alleged. Instead we compared the words of the underlying complaint with a similarly worded homeowner\u2019s policy and ruled that the policy did not impose a duty to defend against a conversion claim; Johnson at \u00b6 5, p. 979.\n[\u00b6 13] Using the same test we used in Johnson, comparison of the text of the complaint and the language of the York policy, does not support the possibility of an award for emotional distress or other bodily injury or property damage as envisioned by the Court.\n[\u00b6 14] The Court cites three counts of the underlying Probate Court complaint which, in its view, may raise a possibility for an award covered by the policy: (1) Breach of Fiduciary Duty (count IV); (2) Conversion (count V); and (3) Interference with Expectancy of Inheritance (count VI).\n[\u00b6 15] The estate and the decedent are the entities alleged to have been wronged in the breach of fiduciary duty count. Certainly, neither could suffer emotional distress or other bodily injury from such a breach. To the extent that loss of value or assets of the estate due to the alleged breach of fiduciary duty might be construed as \u201cproperty damage,\u201d such a loss would not be a covered loss because it is excluded as an \u201cintentional loss\u201d under the terms of the policy which define an excluded intentional loss as:\nany loss arising out of any act committed: (1) By or at the direction of an \u2018insured,\u2019 and (2) With the intent to cause a loss.\n[\u00b6 16] Since the losses asserted in count IV, necessarily resulted from actions which Lambert voluntarily and knowingly undertook to reduce the assets of the estate, losses resulting from such intentional acts by Lambert are not a covered loss under the policy.\n[\u00b6 17] Under the interpretation of \u201ctangible property\u201d and \u201cintangible property\u201d we adopted in Johnson v. Amica Ins. Co., 1999 ME 106, \u00b6\u00b64-5, 733 A.2d at 978-79, it also appears that at least some of the items alleged to have been converted, for example bank accounts, were not \u201ctangible property.\u201d Thus, their conversion or misuse was not \u201cproperty damage\u201d under the York policy.\n[\u00b6 18] The same reasons would bar a claim under the York policy for the losses alleged in the conversion count, count V.\n[\u00b6 19] Similar difficulties are faced in comparison of the terms of the policy and the interference with expectancy of inheritance count. This tort is more frequently called \u201cwrongful interference with the expectancy of an inheritance.\u201d The key allegation of this count is that: \u201cDefendant, by and through his overt actions described above, improperly and without justification, by means of fraud, intimidation and undue influence, interfered with plaintiff Umbaugh\u2019s expectancy.\u201d This paragraph, and the terminology of count VI, generally track the cause of action for wrongful interference with the expectancy of an inheritance as outlined in our recent cases, Morrill v. Morrill, 1998 ME 133, \u00b6 7, 712 A.2d 1039, 1041; Plimpton v. Gerrard, 668 A.2d 882, 885 n. 2 (Me.1995); DesMarais v. Desjardins, 664 A.2d 840, 844 (Me.1995).\n[\u00b6 20] What is alleged to be damaged here is an intangible expectancy of benefits. That intangible expectancy is not covered under the policy\u2019s definition of \u201cproperty damage\u201d which \u201cmeans physical injury to, destruction of, or loss of use of tangible property.\u201d See Johnson v. Amica Mutual Ins. Co., 1999 ME 106, \u00b6\u00b64-5, 733 A.2d at 978-79.\n[\u00b6 21] The Court notes that this count might carry \u201cthe possibility of an award for emotional distress.\u201d However, a person who may be one of many persons who might claim an expectancy of an inheritance, is only an \u201cindirect\u201d victim of a tort-feasors wrongful conduct against a decedent or an estate. Such an individual would not qualify to bring an emotional distress claim under our precedent in Cameron v. Pepin, 610 A.2d 279, 284-285 (Me.1992); see also Michaud v. Great Northern Nekoosa Corp., 1998 ME 213, \u00b6\u00b6 15-17, 715 A.2d 955, 959. Additionally, a claim of wrongful interference with an expected inheritance can only succeed with proof of conduct sufficiently intentional, as indicated by the allegations in the complaint, that it would be excluded by the intentional loss exclusion of the York policy.\n,[\u00b6 22] Thus, comparison of the allegations of the underlying complaint and the language of Lambert\u2019s homeowner\u2019s insurance policy, does not provide even a possibility that any allegation might be made that could trigger liability under the policy. The parties to Lambert\u2019s homeowner\u2019s insurance policy, in entering into the insurance contract, certainly did not intend that it would cover claims by estates alleging improper interference with the assets of estates, and the language of the York policy is sufficiently clear that such coverage is excluded.\nAccordingly, I would affirm the judgment of the Superior Court.\n. The York Insurance policy defines the terms \"bodily injury, \u201d \"property damage\" and \"occurrence\" as follows:\n1. \"Bodily injury\u201d means bodily harm, sickness or disease, including required care, loss of services and death that results.\n5. \"Occurrence\" means an accident, including continuous or repeated exposure to substantially the same general harmful conditions, which results, during the policy period, in: (a) \"Bodily Injury;\u201d or (b) \"Property Damage.\u201d\n6. \u201cProperty Damage\u201d means physical injury to, destruction of, or loss of use of tangible property.\n. See Morrill v. Morrill, 1998 ME 133, \u00b6 7, 712 A.2d 1039, 1041-42, indicating one element of the tort is \"an intentional interference by a defendant through tortious conduct, such as fraud, duress or undue influence.\u201d",
        "type": "dissent",
        "author": "ALEXANDER, J.,"
      }
    ],
    "attorneys": [
      "John J. Wall III, Noah D. Wuestoff, Monaghan, Leahy, Hochadel & Libby, LLP, Portland, for plaintiff.",
      "Thomas F. Hallett, Portland, for defendant."
    ],
    "corrections": "",
    "head_matter": "1999 ME 173\nYORK INSURANCE GROUP OF MAINE v. Richard O. LAMBERT.\nSupreme Judicial Court of Maine.\nSubmitted on Briefs Sept. 15, 1999.\nDecided Nov. 24, 1999.\nJohn J. Wall III, Noah D. Wuestoff, Monaghan, Leahy, Hochadel & Libby, LLP, Portland, for plaintiff.\nThomas F. Hallett, Portland, for defendant.\nBefore WATHEN, C.J., and CLIFFORD, RUDMAN, DANA, SAUFLEY, ALEXANDER, and CALKINS, JJ."
  },
  "file_name": "0984-01",
  "first_page_order": 1030,
  "last_page_order": 1034
}
