{
  "id": 8026776,
  "name": "Richard E. SMITH, Appellant, v. UNITED STATES, Appellee; Michael A. THOMPSON, Appellant, v. UNITED STATES, Appellee",
  "name_abbreviation": "Smith v. United States",
  "decision_date": "1974-09-13",
  "docket_number": "No. 7335, 7535",
  "first_page": "180",
  "last_page": "183",
  "citations": [
    {
      "type": "official",
      "cite": "325 A.2d 180"
    }
  ],
  "court": {
    "name_abbreviation": "D.C.",
    "id": 11933,
    "name": "District of Columbia Court of Appeals"
  },
  "jurisdiction": {
    "id": 56,
    "name_long": "District of Columbia",
    "name": "D.C."
  },
  "cites_to": [
    {
      "cite": "381 U.S. 618",
      "category": "reporters:federal",
      "reporter": "U.S.",
      "case_ids": [
        6172443
      ],
      "weight": 3,
      "year": 1965,
      "opinion_index": 0,
      "case_paths": [
        "/us/381/0632-01"
      ]
    },
    {
      "cite": "382 U.S. 406",
      "category": "reporters:federal",
      "reporter": "U.S.",
      "case_ids": [
        6182781
      ],
      "weight": 3,
      "year": 1966,
      "opinion_index": 0,
      "case_paths": [
        "/us/382/0406-01"
      ]
    },
    {
      "cite": "86 S.Ct. 1776",
      "category": "reporters:federal",
      "reporter": "S. Ct.",
      "year": 1966,
      "opinion_index": 0
    },
    {
      "cite": "384 U.S. 719",
      "category": "reporters:federal",
      "reporter": "U.S.",
      "case_ids": [
        12047240
      ],
      "weight": 2,
      "year": 1966,
      "opinion_index": 0,
      "case_paths": [
        "/us/384/0719-01"
      ]
    },
    {
      "cite": "399 U.S. 78",
      "category": "reporters:federal",
      "reporter": "U.S.",
      "case_ids": [
        6168686
      ],
      "weight": 6,
      "year": 1970,
      "pin_cites": [
        {
          "page": "1896"
        },
        {
          "page": "1896"
        }
      ],
      "opinion_index": 0,
      "case_paths": [
        "/us/399/0078-01"
      ]
    },
    {
      "cite": "412 U.S. 470",
      "category": "reporters:federal",
      "reporter": "U.S.",
      "case_ids": [
        6173453
      ],
      "weight": 7,
      "year": 1973,
      "pin_cites": [
        {
          "page": "2212"
        },
        {
          "page": "474"
        },
        {
          "page": "2212"
        }
      ],
      "opinion_index": 0,
      "case_paths": [
        "/us/412/0470-01"
      ]
    },
    {
      "cite": "322 A.2d 592",
      "category": "reporters:state_regional",
      "reporter": "A.2d",
      "case_ids": [
        8058518
      ],
      "year": 1974,
      "opinion_index": 0,
      "case_paths": [
        "/a2d/322/0592-01"
      ]
    },
    {
      "cite": "94 S.Ct. 3042",
      "category": "reporters:federal",
      "reporter": "S. Ct.",
      "case_ids": [
        6173326
      ],
      "year": 1974,
      "opinion_index": 0,
      "case_paths": [
        "/us/418/0424-01"
      ]
    },
    {
      "cite": "18 U.S.C. \u00a7 5010",
      "category": "laws:leg_statute",
      "reporter": "U.S.C.",
      "opinion_index": 0
    },
    {
      "cite": "329 F.2d 893",
      "category": "reporters:federal",
      "reporter": "F.2d",
      "case_ids": [
        124560
      ],
      "year": 1964,
      "pin_cites": [
        {
          "page": "894"
        }
      ],
      "opinion_index": 0,
      "case_paths": [
        "/f2d/329/0893-01"
      ]
    },
    {
      "cite": "117 U.S.App.D.C. 325",
      "category": "reporters:state",
      "reporter": "U.S. App. D.C.",
      "year": 1964,
      "pin_cites": [
        {
          "page": "326"
        }
      ],
      "opinion_index": 0
    }
  ],
  "analysis": {
    "cardinality": 625,
    "char_count": 10644,
    "ocr_confidence": 0.777,
    "pagerank": {
      "raw": 4.8395741048370126e-08,
      "percentile": 0.3039065211910038
    },
    "sha256": "a420d93421e0bc5c962104dc4a00050e61ec94b858d2d60df5ebe4a272349daa",
    "simhash": "1:afca343cfd20d8bd",
    "word_count": 1776
  },
  "last_updated": "2024-02-27T19:15:28.474379+00:00",
  "provenance": {
    "date_added": "2019-08-29",
    "source": "Harvard",
    "batch": "2018"
  },
  "casebody": {
    "judges": [
      "Before FICKLING, NEBEKER and YEAGLEY, Associate Judges."
    ],
    "parties": [
      "Richard E. SMITH, Appellant, v. UNITED STATES, Appellee. Michael A. THOMPSON, Appellant, v. UNITED STATES, Appellee."
    ],
    "opinions": [
      {
        "text": "NEBEKER, Associate Judge:\nThese consolidated appeals were brought following convictions of rape (D.C.Code 1973, \u00a7 22-2801), sodomy (D.C.Code 1973, \u00a7 22-3502), and assault with a dangerous weapon (D.C.Code 1973, \u00a7 22-502). Both appellants contend that they were denied a fair trial. Appellant Thompson contends that the trial court erred in sentencing him as an adult. Appellant Smith contends that it was error to allow the government to present testimony in rebuttal to appellant\u2019s alibi witness without first supplying the name and address of the witness as required by Superior Court Criminal Rule 16-1 (b). It is the holding of the court that there was no denial of a fair trial. The adult sentence imposed upon appellant Thompson is affirmed. We conclude, however, that reversible error was committed by failure of the court, on Smith\u2019s objection, to exclude the rebuttal testimony. Therefore, Smith\u2019s conviction is reversed and his case is remanded for a new trial.\nOn November 13, 1972, at approximately 6:30 p. m., appellants approached an 18-year-old girl as she was walking along a street. Thompson grabbed the girl by her arm and placed a gun in her back telling her to follow Smith, who was walking in front of her. The girl was led down an alley and into an empty garage. She was assaulted by both men as charged and by one other unidentified man. Subsequently, the girl was taken to another garage several blocks away at which place appellants repeated the attacks. Appellants fled the scene but were apprehended the next day when the girl saw them and called the police.\nI\nBoth appellants contend that the trial court committed reversible error by overstepping the bounds of judicial conduct. Four instances are referred to wherein the trial court intervened. They are the questioning of a prosecution witness respecting verity of identification testimony; restriction of defense cross-examination; intimidation of defense counsel; and an inquiry as to the purpose of a requested bench conference. Placed'in the context of this extensive trial, we conclude that the trial court\u2019s actions represent isolated instances which did not rise to the level of \u201ctilting the balance against the accused and casting the judge, in the eyes of some jurors, on the side of the prosecution.\u201d See Jackson v. United States, 117 U.S.App.D.C. 325, 326, 329 F.2d 893, 894 (1964).\nII\nAppellant Thompson contends that the court erred in sentencing him as an adult when he would have benefited from rehabilitative treatment under the Youth Corrections Act (18 U.S.C. \u00a7 5010). Since the record reveals that the trial judge specifically found Thompson would not benefit from the Youth Corrections Act, this contention is without merit. See Dorszynski v. United States, \u2014 U.S. \u2014, 94 S.Ct. 3042, 41 L.Ed.2d \u2014 (1974); Smith v. United States, D.C.App., 322 A.2d 592 (1974).\nIII\nThe record reveals that Smith called his fianc\u00e9e as an alibi witness. She testified that on the day in question Smith had been with her in the morning and that they were together until \u201c[bjetween 12 and 1 o\u2019clock\u201d in the afternoon. She also testified that later that day \u201c[h]e came home just before dark, between five and six o\u2019clock\u201d,- and that he was with her the remainder of the evening. It must be remembered that the offenses, according to the victim, were committed at about 6:30 p. m., and thereafter.\nIn response to this alibi testimony, the prosecutor sought to call a rebuttal witness. Defense counsel objected since the name and address of the witness had not earlier been furnished according to Superi- or Court Criminal Rule 16-1 (b). Defense counsel recounted that he had received notice from the prosecutor requesting the names of alibi witnesses and that he had complied with such request. Later, there had been a telephone conversation between counsel and the prosecutor with reference to the time period involved, but the prosecutor had not responded with names of witnesses who were to be \u201ccounter alibi witnesses]\u201d. The court allowed the witness to testify, over objection, reasoning:\nThis is not a part of the Government\u2019s case in chief. It is a tactical move on [its] part. It is a risky one, but insofar as you put on an alibi case, [the prosecutor] has saved one witness, I take it, to rebut that alibi. There is no provision here that says you have to say who your rebuttal witness will be.\nThe witness was the proprietor of a store located across the street from where the attack began. He testified that on the day in question Smith had been in and out of the store periodically and that at 6:00 p. m. Smith had left the store on request by the witness because he was closing the store for the day. The primary effect of this witness\u2019 testimony was to rebut the alibi witness\u2019 credibility respecting appellant\u2019s whereabouts between five and six o\u2019clock. It incidentally also placed appellant across the street from the scene of the crime approximately thirty minutes before the attack occurred.\nThe issue is not whether the store owner\u2019s testimony would have \u201cestablished] the defendant\u2019s presence at the scene of the alleged offense\u201d within the meaning of Rule 16-1 (b), supra. The question is of constitutional dimension in light of Wardius v. Oregon, 412 U.S. 470, 93 S.Ct. 2208, 37 L.Ed.2d 82 (1973), which holds respecting reciprocal discovery under a notice-of-alibi rule that:\nIt is fundamentally unfair to require a defendant to divulge the details of his own case while at the same time subjecting him to the hazard of surprise concerning refutation of the very pieces of evidence which he disclosed to the State. [Id. at 476, 93 S.Ct. at 2212, emphasis supplied.]\nPlacing this issue in context, it is noted that in 1970, the United States Supreme Court upheld the constitutionality of the Florida notice-of-alibi rule in Williams v. Florida, 399 U.S. 78, 90 S.Ct. 1893, 26 L. Ed.2d 446 (1970). That rule, differing from Rule 16-1 respecting whether prosecution witnesses are in rebuttal or will place the defendant at the crime scene, provided for prosecution disclosure \u201cof the witnesses the State proposes to offer in rebuttal to discredit the defendant\u2019s alibi at the trial of the cause.\u201d In Williams, the Florida rule was attacked on the basis that it deprived a defendant of due process and also that it violated the privilege against self-incrimination. In upholding the statute, the Supreme Court stated:\nGiven the ease with which an alibi can be fabricated, the State\u2019s interest in protecting itself against an eleventh-hour defense is both obvious and legitimate. . . . [Id. at 81, 90 S.Ct. at 1896.]\nThis holding, however, was not a blanket approval of all notice-of-alibi rules. The Court indicated that Florida provided for liberal discovery from the State and that constitutionality of similar rules might depend upon \u201cwhether the defendant enjoys reciprocal discovery against the State.\u201d Id. at 82 n. 11, 90 S.Ct. at 1896.\nIn light of the Williams decision, Buie 16-1 was adopted in 1971. Since that time, and we must add after the trial of this case, Wardius v. Oregon, supra, was decided. The Oregon rule required a defendant to give written notice of intended alibi witness but did not provide for any reciprocal discovery. Wardius, having failed to so notify the prosecutor, was precluded from introducing any evidence in support of his alibi defense.\nIn striking down the Oregon statute, the Supreme Court recognized that the Due Process Clause does not dictate the amount of discovery that must he afforded to parties, hut \u201cit does speak to the balance of forces between the accused and his accuser.\u201d 412 U.S. at 474, 93 S.Ct. at 2212. It is in this context that the Court held that evidence in \u201crefutation\u201d of alibi must be disclosed. The standard as envisioned by the Supreme Court is reciprocal discovery of every witness who will be used to refute \u201cthe very pieces of evidence\u201d disclosed to the State. This requirement enlarges the scope of discovery beyond Rule 16-1, supra.\nAppellant Smith\u2019s conviction (No. 7335) is therefore reversed and remanded with instructions to grant him a new trial. Appellant Thompson\u2019s conviction (No. 7535) is affirmed.\nSo ordered.\n. Rule 16-1 provides :\nDefense of Alibi\n(a) Demand by Prosecutor; Notice by Defendant. When a defendant in a felony case proposes to offer the defense of alibi, he shall, unless the judge at pretrial directs otherwise, upon written demand of the prosecutor stating the time, date and place at which the alleged offense was committed, serve upon the prosecutor within 10 days or such time as the court may otherwise direct, a written notice of his intention, and shall state therein the specific place or places at which the defendant claims to have been at the time of the alleged offense and the names and addresses of the witnesses upon whom he intends to rely to establish such alibi.\n(b) Notice by Prosecutor. Within 10 days thereafter, or such time as the court may otherwise direct, but in no event less than 10 days before trial, the prosecutor shall serve upon the defendant or his attorney a written notice stating the names and addresses of the witnesses upon whom the government intends to rely to establish the defendant\u2019s presence at the scene of the alleged offense.\n(e) Failure to Comply; Right of Defendant to Testify. Upon the failure of either party to comply with the respective requirements of this rule, the court shall, except for good cause shown, exclude the testimony of any witness offered by such party as to the defendant\u2019s absence from, or presence at, the scene of the alleged offense. This rule shall not limit the right of the defendant to testify in his own behalf.\n. Application of that holding to this case is clear despite its predating the ruling of the trial judge. See Johnson v. New Jersey, 384 U.S. 719, 86 S.Ct. 1776, 16 L.Ed.2d 882 (1966) ; Tehan v. Shott, 382 U.S. 406, 86 S.Ct. 459, 15 L.Ed.2d 453 (1966) ; Linkletter v. Walker, 381 U.S. 618, 85 S.Ct. 1731, 14 L.Ed.2d 601 (1965).",
        "type": "majority",
        "author": "NEBEKER, Associate Judge:"
      }
    ],
    "attorneys": [
      "Robert Case Liotta, Washington, D. C., appointed by this court, for appellant Richard E. Smith.",
      "Leroy Nesbitt, Washington, D. C., appointed by this court, for appellant Michael A. Thompson.",
      "William D. Pease, Asst. U. S. Atty., with whom Earl J. Silbert, U. S. Atty., John A. Terry and John T. Kotelly, Asst. U. S. Attys., were on the brief, for appellee."
    ],
    "corrections": "",
    "head_matter": "Richard E. SMITH, Appellant, v. UNITED STATES, Appellee. Michael A. THOMPSON, Appellant, v. UNITED STATES, Appellee.\nNo. 7335, 7535.\nDistrict of Columbia Court of Appeals.\nArgued June 26, 1974.\nDecided Sept. 13, 1974.\nRobert Case Liotta, Washington, D. C., appointed by this court, for appellant Richard E. Smith.\nLeroy Nesbitt, Washington, D. C., appointed by this court, for appellant Michael A. Thompson.\nWilliam D. Pease, Asst. U. S. Atty., with whom Earl J. Silbert, U. S. Atty., John A. Terry and John T. Kotelly, Asst. U. S. Attys., were on the brief, for appellee.\nBefore FICKLING, NEBEKER and YEAGLEY, Associate Judges."
  },
  "file_name": "0180-01",
  "first_page_order": 224,
  "last_page_order": 227
}
