{
  "id": 12488710,
  "name": "Cornish v. Town of Brookline",
  "name_abbreviation": "Cornish v. Town of Brookline",
  "decision_date": "2016-07-13",
  "docket_number": "16-031",
  "first_page": "343",
  "last_page": "343",
  "citations": [
    {
      "type": "official",
      "cite": "151 A.3d 343"
    }
  ],
  "court": {
    "name_abbreviation": "Vt.",
    "id": 8945,
    "name": "Vermont Supreme Court"
  },
  "jurisdiction": {
    "id": 17,
    "name_long": "Vermont",
    "name": "Vt."
  },
  "cites_to": [],
  "analysis": {
    "cardinality": 21,
    "char_count": 155,
    "sha256": "231f696704cadc18692447e54a780f7040d2e8caaa07255020425033ac83df4a",
    "simhash": "1:7831075dfe10d261",
    "word_count": 23
  },
  "last_updated": "2021-08-27T20:57:14.008363+00:00",
  "provenance": {
    "date_added": "2021-08-27",
    "source": "Fastcase",
    "batch": "2021"
  },
  "casebody": {
    "judges": [],
    "parties": [
      "Cornish\nv.\nTown of Brookline"
    ],
    "opinions": [
      {
        "text": "",
        "type": "majority",
        "author": null
      }
    ],
    "attorneys": [],
    "corrections": "",
    "head_matter": "Cornish\nv.\nTown of Brookline\n16-031\nSupreme Court of Vermont.\nJuly 13, 2016\nAPPEAL DISPOSED OF WITHOUT PUBLISHED OPINION OR MEMORANDUM DECISION\nAffirmed."
  },
  "file_name": "0343-17",
  "first_page_order": 343,
  "last_page_order": 343
}
