{
  "id": 12488202,
  "name": "Com. v. Whitfield, D.",
  "name_abbreviation": "Com v. Whitfield",
  "decision_date": "2016-05-03",
  "docket_number": "2918 EDA 2014",
  "first_page": "1131",
  "last_page": "1131",
  "citations": [
    {
      "type": "official",
      "cite": "151 A.3d 1131"
    }
  ],
  "court": {
    "name_abbreviation": "Pa. Super. Ct.",
    "id": 8775,
    "name": "Superior Court of Pennsylvania"
  },
  "jurisdiction": {
    "id": 6,
    "name_long": "Pennsylvania",
    "name": "Pa."
  },
  "cites_to": [],
  "analysis": {
    "cardinality": 15,
    "char_count": 90,
    "sha256": "b86b5dfa9ba3cb59f12008e73db9fee128231374ea9c4411309ae0825f457ec9",
    "simhash": "1:8ce25cfb90291c60",
    "word_count": 15
  },
  "last_updated": "2021-08-27T20:57:14.008363+00:00",
  "provenance": {
    "date_added": "2021-08-27",
    "source": "Fastcase",
    "batch": "2021"
  },
  "casebody": {
    "judges": [],
    "parties": [
      "Com.\nv.\nWhitfield, D."
    ],
    "opinions": [
      {
        "text": "",
        "type": "majority",
        "author": null
      }
    ],
    "attorneys": [],
    "corrections": "",
    "head_matter": "Com.\nv.\nWhitfield, D.\n2918 EDA 2014\nSuperior Court of Pennsylvania.\nMay 3, 2016\nAffirmed"
  },
  "file_name": "1131-03",
  "first_page_order": 1131,
  "last_page_order": 1131
}
