{
  "id": 12488260,
  "name": "Com. v. Safarowicz, J.",
  "name_abbreviation": "Com v. Safarowicz",
  "decision_date": "2016-05-04",
  "docket_number": "1390 EDA 2015",
  "first_page": "1135",
  "last_page": "1135",
  "citations": [
    {
      "type": "official",
      "cite": "151 A.3d 1135"
    }
  ],
  "court": {
    "name_abbreviation": "Pa. Super. Ct.",
    "id": 8775,
    "name": "Superior Court of Pennsylvania"
  },
  "jurisdiction": {
    "id": 6,
    "name_long": "Pennsylvania",
    "name": "Pa."
  },
  "cites_to": [],
  "analysis": {
    "cardinality": 15,
    "char_count": 91,
    "sha256": "42e225f61f058388bdd6208a70c5b415789c0a4058e2d5b832599435c4c8c2a3",
    "simhash": "1:3599706383abafed",
    "word_count": 15
  },
  "last_updated": "2021-08-27T20:57:14.008363+00:00",
  "provenance": {
    "date_added": "2021-08-27",
    "source": "Fastcase",
    "batch": "2021"
  },
  "casebody": {
    "judges": [],
    "parties": [
      "Com.\nv.\nSafarowicz, J."
    ],
    "opinions": [
      {
        "text": "",
        "type": "majority",
        "author": null
      }
    ],
    "attorneys": [],
    "corrections": "",
    "head_matter": "Com.\nv.\nSafarowicz, J.\n1390 EDA 2015\nSuperior Court of Pennsylvania.\nMay 4, 2016\nAffirmed"
  },
  "file_name": "1135-02",
  "first_page_order": 1135,
  "last_page_order": 1135
}
