{
  "id": 12488498,
  "name": "K.L.S. v. D.W.C.",
  "name_abbreviation": "K.L.S. v. D.W.C.",
  "decision_date": "2016-05-17",
  "docket_number": "1691 MDA 2015",
  "first_page": "1150",
  "last_page": "1150",
  "citations": [
    {
      "type": "official",
      "cite": "151 A.3d 1150"
    }
  ],
  "court": {
    "name_abbreviation": "Pa. Super. Ct.",
    "id": 8775,
    "name": "Superior Court of Pennsylvania"
  },
  "jurisdiction": {
    "id": 6,
    "name_long": "Pennsylvania",
    "name": "Pa."
  },
  "cites_to": [],
  "analysis": {
    "cardinality": 14,
    "char_count": 86,
    "sha256": "17c429fef6487cd5fd4d83377926b35ce02cc895f506606564643dae5c3bf702",
    "simhash": "1:9d8153a27ea82400",
    "word_count": 14
  },
  "last_updated": "2021-08-27T20:57:14.008363+00:00",
  "provenance": {
    "date_added": "2021-08-27",
    "source": "Fastcase",
    "batch": "2021"
  },
  "casebody": {
    "judges": [],
    "parties": [
      "K.L.S.\nv.\nD.W.C."
    ],
    "opinions": [
      {
        "text": "",
        "type": "majority",
        "author": null
      }
    ],
    "attorneys": [],
    "corrections": "",
    "head_matter": "K.L.S.\nv.\nD.W.C.\n1691 MDA 2015\nSuperior Court of Pennsylvania.\nMay 17, 2016\nAffirmed"
  },
  "file_name": "1150-05",
  "first_page_order": 1150,
  "last_page_order": 1150
}
