{
  "id": 12488548,
  "name": "Com. v. Fetterolf, J.",
  "name_abbreviation": "Com v. Fetterolf",
  "decision_date": "2016-05-19",
  "docket_number": "1017 MDA 2015",
  "first_page": "1153",
  "last_page": "1153",
  "citations": [
    {
      "type": "official",
      "cite": "151 A.3d 1153"
    }
  ],
  "court": {
    "name_abbreviation": "Pa. Super. Ct.",
    "id": 8775,
    "name": "Superior Court of Pennsylvania"
  },
  "jurisdiction": {
    "id": 6,
    "name_long": "Pennsylvania",
    "name": "Pa."
  },
  "cites_to": [],
  "analysis": {
    "cardinality": 15,
    "char_count": 92,
    "sha256": "84a2e44c9bb2c7612142df41ec850158cb7addcf20f1a20a26059cdd08db70a7",
    "simhash": "1:bd5056f55ea29fec",
    "word_count": 15
  },
  "last_updated": "2021-08-27T20:57:14.008363+00:00",
  "provenance": {
    "date_added": "2021-08-27",
    "source": "Fastcase",
    "batch": "2021"
  },
  "casebody": {
    "judges": [],
    "parties": [
      "Com.\nv.\nFetterolf, J."
    ],
    "opinions": [
      {
        "text": "",
        "type": "majority",
        "author": null
      }
    ],
    "attorneys": [],
    "corrections": "",
    "head_matter": "Com.\nv.\nFetterolf, J.\n1017 MDA 2015\nSuperior Court of Pennsylvania.\nMay 19, 2016\nRemanded."
  },
  "file_name": "1153-09",
  "first_page_order": 1153,
  "last_page_order": 1153
}
