{
  "id": 12062643,
  "name": "Antonio T. FONSECA Administrator et al. v. John BALZANO et al.",
  "name_abbreviation": "Fonseca v. Balzano",
  "decision_date": "1983-01-07",
  "docket_number": "No. 80-56-Appeal",
  "first_page": "700",
  "last_page": "703",
  "citations": [
    {
      "type": "official",
      "cite": "454 A.2d 700"
    }
  ],
  "court": {
    "name_abbreviation": "R.I.",
    "id": 10179,
    "name": "Supreme Court of Rhode Island"
  },
  "jurisdiction": {
    "id": 15,
    "name_long": "Rhode Island",
    "name": "R.I."
  },
  "cites_to": [
    {
      "cite": "116 R.I. 507",
      "category": "reporters:state",
      "reporter": "R.I.",
      "case_ids": [
        12170196
      ],
      "weight": 2,
      "year": 1976,
      "pin_cites": [
        {
          "page": "512-13"
        },
        {
          "page": "51-52"
        }
      ],
      "opinion_index": 0,
      "case_paths": [
        "/ri/116/0507-01"
      ]
    },
    {
      "cite": "106 R.I. 323",
      "category": "reporters:state",
      "reporter": "R.I.",
      "case_ids": [
        3038319
      ],
      "weight": 2,
      "year": 1969,
      "opinion_index": 0,
      "case_paths": [
        "/ri/106/0323-01"
      ]
    },
    {
      "cite": "106 R.I. 655",
      "category": "reporters:state",
      "reporter": "R.I.",
      "case_ids": [
        3034068
      ],
      "weight": 2,
      "year": 1970,
      "opinion_index": 0,
      "case_paths": [
        "/ri/106/0655-01"
      ]
    },
    {
      "cite": "411 A.2d 296",
      "category": "reporters:state_regional",
      "reporter": "A.2d",
      "case_ids": [
        5547848,
        11343202
      ],
      "year": 1980,
      "opinion_index": 0,
      "case_paths": [
        "/ri/122/0677-01",
        "/a2d/411/0296-01"
      ]
    },
    {
      "cite": "448 A.2d 756",
      "category": "reporters:state_regional",
      "reporter": "A.2d",
      "case_ids": [
        7968644
      ],
      "weight": 5,
      "year": 1982,
      "pin_cites": [
        {
          "page": "759"
        },
        {
          "page": "759"
        }
      ],
      "opinion_index": 0,
      "case_paths": [
        "/a2d/448/0756-01"
      ]
    }
  ],
  "analysis": {
    "cardinality": 648,
    "char_count": 12366,
    "ocr_confidence": 0.757,
    "pagerank": {
      "raw": 1.3728043195326562e-07,
      "percentile": 0.638620630005842
    },
    "sha256": "01c2133166a8a0ea35990faaf1245055d05a1efb2026efea56526f1ca912091a",
    "simhash": "1:a6a2809d7ccec4f0",
    "word_count": 2090
  },
  "last_updated": "2024-02-27T18:26:20.479567+00:00",
  "provenance": {
    "date_added": "2019-08-29",
    "source": "Harvard",
    "batch": "2018"
  },
  "casebody": {
    "judges": [],
    "parties": [
      "Antonio T. FONSECA Administrator et al. v. John BALZANO et al."
    ],
    "opinions": [
      {
        "text": "OPINION\nSHEA, Justice.\nIn a civil action, the plaintiffs allege that the defendants\u2019 negligence caused their daughter\u2019s death. She was fatally injured in an automobile accident. After trial in 1979, a jury returned a verdict for the defendants. The plaintiffs\u2019 motion for new trial was denied; they now appeal from the denial of that motion. We affirm the judgment below.\nOn June 8, 1971, eight-year-old Elizabeth Fonseca was hit by a car seconds after she had disembarked from a school bus across the street from her home in Bristol, Rhode Island. Elizabeth died one week later from injuries sustained in that accident.\nInitially, in a complaint filed May 26, 1972, and amended on May 21, 1975, plaintiffs, Antonio T. Fonseca and Patricia A. Fonseca, Elizabeth\u2019s parents, and Antonio in his capacity as administrator of Elizabeth\u2019s estate, alleged that Elizabeth had died as a result of the negligence of John Balzano (the bus driver), the bus company, the owner of the automobile that struck the child, the driver of the automobile and also the town of Bristol. The jury returned verdicts against each of the defendants. After judgments were entered, both plaintiffs and defendants moved for new trials and additurs or remittiturs respectively. The motions were denied. The defendants appealed and plaintiffs cross-appealed from the entry of those judgments. Thereafter, by stipulation approved by the trial justice, all parties withdrew their respective appeals provided that the judgments entered against John Balzano individually and Thomas Balzano, d/b/a Balzano Bus Co. and Bristol Taxi & Bus, Inc., would be vacated and these causes tried again. That new trial was held in March of 1979 and gives rise to the appeal before us.\nThe evidence presented is not complicated. On June 8, 1971, John Balzano was driving a thirty-eight foot-long school bus east on Chestnut Street in Bristol, Rhode Island. He recalled that he stopped the bus six to eight feet from the right-hand curb near Jane Lane to discharge eight or nine school children, including Elizabeth. As he stopped the bus, he activated the flashing lights. A red pickup truck that was heading west (that is, the opposite direction) slowed down and came to a stop at the same time as the bus.\nWhen he looked in the rear-view mirror, both before he stopped the bus and at the time he actually stopped, Mr. Balzano saw no ears approaching. When he opened the bus door, he warned the children that \u201cif they had to cross, make sure there were no cars coming.\u201d As the children began exiting from the school bus, he saw a car 400 feet to the rear. He watched the car approach. When the vehicle was four to five car lengths from the rear of the bus, he saw that the driver of the car was not looking straight ahead but instead was looking at a girl who was a passenger in the car.\nMr. Balzano testified that at this point Elizabeth Fonseca was ten to fifteen feet in front of the bus walking diagonally across the street toward her home. He watched the vehicle until he was \u201cabsolutely sure\u201d that the driver was not going to stop, and he then sounded the horn and stuck his arm out the window, waving it in the air to signal the child and the driver. He moved the bus to within six feet of the center line to block the oncoming car, hoping the vehicle would hit the bus rather than Elizabeth. When Elizabeth was close to the center line of the street, she was struck by the vehicle. He shut off the bus engine and ran to the child, who lay motionless in the road. Mr. Balzano stated he could not get Elizabeth\u2019s pulse.\nThe posted speed limit on the road where the accident occurred was 35 m.p.h. Mr. Balzano estimated that the vehicle that struck Elizabeth was traveling at 50 m.p.h. or more before it began to skid. There was evidence that corroborated Mr. Balza-no\u2019s testimony regarding the speed and direction of the car that struck the child. However, Manuel Silveira, the driver of the car, testified he had been driving at 35 m.p.h. and that he did not recall either looking at his passenger just prior to the accident, or hearing the bus sound its horn. Deborah Silveira, the driver\u2019s passenger (now his wife), did testify that she was speaking to Manuel at the time of the accident.\nSome passengers on the school bus that day testified that they remembered that the bus \u201cjerked\u201d forward after it had stopped. One of these witnesses recalled that he had heard the sound of a horn. However, Elizabeth\u2019s brother and sister, also passengers on the bus at the time, testified that the bus did not move after it had stopped. In fact, Elizabeth\u2019s brother remembered placing his hand on the front of the bus while he was crossing the street.\nEvidence was introduced establishing hospital and medical expenses incurred by the Fonsecas as a result of the accident and also providing detailed expert testimony projecting Elizabeth\u2019s loss of earning capacity over the course of her life expectancy.\nOn March 23, 1979, the jury found for defendants. On appeal plaintiffs claim the trial justice erred in denying their motion for new trial.\nThe plaintiffs advance an untenable argument. They contend that although the trial justice summarized the testimony, he expressly accepted the testimony of Mr. Balzano without expressly rejecting other witnesses\u2019 testimony that contradicted his. They argue that because the trial justice did not expressly articulate this process, he improperly performed his duties and that therefore a new trial should be granted. Such a position flies in the face of settled law.\nAs this court has said on numerous occasions, and most recently in Connors v. Gasbarro, R.I., 448 A.2d 756, 759 (1982), the trial justice, when considering a motion for new trial,\n\u201cbrings into play his or her more experienced judgment by independently reviewing all of the material evidence in the light of the charge to the jury, passing upon the weight thereof, and assessing the credibility of the witnesses who appeared at trial.\u201d\nThe trial justice then must determine whether the evidence and the reasonable inferences to be drawn therefrom are so evenly balanced that reasonable persons could arrive at different conclusions. If so, the new trial motion must be denied. Id. However, if the trial justice concludes that the jury\u2019s verdict is against the fair preponderance of the evidence, a new trial is a necessity. Id. A trial justice\u2019s decision on a motion for new trial is entitled to great weight and will not be disturbed on appeal unless the judge has overlooked or misconceived material evidence or is otherwise clearly wrong. Id.\nIn the case before us, the decision on the new trial motion establishes that the trial justice exhaustively reviewed all the testimony. The plaintiffs\u2019 contention that the judge erred when he expressly accepted Mr. Balzano\u2019s testimony without expressly rejecting testimony of other witnesses ignores our many previous opinions on this question. This court has held that when the fact-finder expressly accepts the testimony of a witness, and that testimony conflicts with another witness\u2019s, the acceptance of the testimony of the one is implied rejection of the testimony of the other. E.g., In re Susan, R.I., 411 A.2d 296 (1980); State v. Correia, 106 R.I. 655, 262 A.2d 619 (1970); Flynn v. Pearce, 106 R.I. 323, 259 A.2d 401 (1969). There is no merit to plaintiff\u2019s position on this issue.\nThe plaintiffs claim further that the trial justice overlooked or misconceived evidence when upholding the jury\u2019s verdict. The plaintiffs argue that the physical evidence demonstrates that Mr. Balzano could not have moved the bus in an attempt to block the vehicle as he testified. Evidence established that the street in question was forty-four feet wide and the bus eight feet wide. According to Mr. Balzano, he initially stopped the bus six to eight feet from the street\u2019s right-hand curb. The plaintiffs assert that Mr. Balzano\u2019s testimony was contradictory since he also testified that he moved the bus to the left to within six feet of the center line to block the oncoming car. They state that he could not have moved his bus to within six feet of the center line because it was already within six feet of the center line (which computation is correct if the bus was stopped eight feet from the right-hand curb and the bus measures eight feet wide). The deficiency in this reasoning is that plaintiffs fail to acknowledge that defendant testified the bus could have been six to eight feet from the right-hand curb. Therefore, if the bus was stopped six feet from the curb, Mr. Balzano could have then moved his eight-foot-wide bus two feet, to be within six feet of the center line. There is no inherent improbability in the evidence on this point.\nThe plaintiffs\u2019 other claims that the trial justice overlooked or misconceived evidence are all without foundation. The plaintiffs challenge testimony that indicated that Mr. Balzano checked his rear-view mirror when bringing the bus to a halt and noted that no car was visible for 1,400 feet behind him. The defendant testified that he opened the door to let the children off and then once again looked in his mirror, this time seeing the vehicle about 400 feet to the rear. The plaintiffs claim this testimony is contradictory, for it would mean that the automobile traveled more than 1,000 feet in only \u201ca couple of seconds.\u201d The weakness in plaintiffs\u2019 argument is that it fails to account for the time between Mr. Balzano\u2019s first cheek of his mirror and the time the door opened to let the children exit. In this period, the bus would have come to a full stop and eight or nine children would have risen from their seats and proceeded down the center aisle to the front of the bus while defendant warned them to check the street before crossing. At that point the driver opened the bus doors and the children began exiting; a second or two later he rechecked his rearview mirror. Many seconds, even fifteen to twenty, could easily have elapsed during this interval. Therefore, Mr. Balzano\u2019s testimony was not self-contradictory.\nFurthermore, even if plaintiffs had been able to demonstrate that the trial justice overlooked or misconceived evidence, this court would have applied the so-called appellate-rule. When applying that rule, we look at the evidence in the light most favorable to the party prevailing before the jury, and if there is any competent evidence to support the jury\u2019s verdict, the motion for new trial is denied. E.g., Connors v. Gasbarro, R.I., 448 A.2d at 759; Morinville v. Morinville, 116 R.I. 507, 512-13, 359 A.2d 48, 51-52 (1976).\nViewing the evidence in a light most favorable to the defendant, we find there was competent evidence to establish that Mr. Balzano acted in a reasonably prudent manner. He pulled the bus to the side of the road, activated the red flashing lights, checked his mirror before discharging the passengers, and warned the children as they stepped off the bus. When confronted with the fast-approaching vehicle, he sounded the horn, waved his arm, and attempted to block the moving car with the bus. Relying upon our review of all the evidence in the record, we find it clear that the trial justice properly denied the motion for new trial.\nThe plaintiffs\u2019 appeal is denied and dismissed, the judgment appealed from is affirmed, and the papers of this case are remanded to the Superior Court.\n. By stipulation the town was dropped as a party defendant prior to trial.\n. During the trial, John Balzano testified that he, with his wife, owned Bristol Bus Company but that the bus at the time of the accident was owned by Bristol Taxi & Bus Company. By the time of this trial, the name of the business had been changed to Bristol Bus Company. Therefore, the trial proceeded against this corporation and John Balzano.\n.Mr. Balzano was apparently so convinced of the car operator\u2019s speed that he assaulted the driver, saying, \u201c[Y]ou killed her.\u201d Also, other testimony established that the skid marks from the car began at the rear of the school bus and continued for ninety-three feet.",
        "type": "majority",
        "author": "SHEA, Justice."
      }
    ],
    "attorneys": [
      "James M. Shannahan, Thomas H. Quinn, Jr., Providence, for plaintiffs.",
      "Gunning, LaFazia & Gnys, Inc., Raymond A. LaFazia, Providence, for defendants."
    ],
    "corrections": "",
    "head_matter": "Antonio T. FONSECA Administrator et al. v. John BALZANO et al.\nNo. 80-56-Appeal.\nSupreme Court of Rhode Island.\nJan. 7, 1983.\nJames M. Shannahan, Thomas H. Quinn, Jr., Providence, for plaintiffs.\nGunning, LaFazia & Gnys, Inc., Raymond A. LaFazia, Providence, for defendants."
  },
  "file_name": "0700-01",
  "first_page_order": 752,
  "last_page_order": 755
}
