{
  "id": 7866223,
  "name": "ARMCO, INC., Appellant, v. WORKMEN'S COMPENSATION APPEAL BOARD (MATTERN), Appellees",
  "name_abbreviation": "Armco, Inc. v. Workmen's Compensation Appeal Board",
  "decision_date": "1995-11-28",
  "docket_number": "",
  "first_page": "710",
  "last_page": "719",
  "citations": [
    {
      "type": "official",
      "cite": "667 A.2d 710"
    }
  ],
  "court": {
    "name_abbreviation": "Pa.",
    "id": 8832,
    "name": "Supreme Court of Pennsylvania"
  },
  "jurisdiction": {
    "id": 6,
    "name_long": "Pennsylvania",
    "name": "Pa."
  },
  "cites_to": [
    {
      "cite": "231 A.2d 121",
      "category": "reporters:state_regional",
      "reporter": "A.2d",
      "year": 1967,
      "pin_cites": [
        {
          "page": "123"
        }
      ],
      "opinion_index": 0
    },
    {
      "cite": "426 Pa. 203",
      "category": "reporters:state",
      "reporter": "Pa.",
      "case_ids": [
        1908594
      ],
      "year": 1967,
      "pin_cites": [
        {
          "page": "205-206"
        }
      ],
      "opinion_index": 0,
      "case_paths": [
        "/pa/426/0203-01"
      ]
    },
    {
      "cite": "155 Pa.Commw. 641",
      "category": "reporters:state",
      "reporter": "Pa. Commw.",
      "case_ids": [
        1445799
      ],
      "weight": 2,
      "year": 1993,
      "pin_cites": [
        {
          "parenthetical": "wherein the Commonwealth Court concluded that each day that claimant worked, he suffered a \"new\" injury in that the work further aggravated his preexisting condition"
        },
        {
          "parenthetical": "wherein the Commonwealth Court concluded that each day that claimant worked, he suffered a \"new\" injury in that the work further aggravated his preexisting condition"
        }
      ],
      "opinion_index": 0,
      "case_paths": [
        "/pa-commw/155/0641-01"
      ]
    },
    {
      "cite": "641 A.2d 312",
      "category": "reporters:state_regional",
      "reporter": "A.2d",
      "year": 1994,
      "pin_cites": [
        {
          "parenthetical": "Commonwealth Court recognized that precedent has sharply limited the usage of the discovery rule and that where claimant is not suffering from ionizing radiation or from an occupational disease, the date of the injury is controlling"
        }
      ],
      "opinion_index": 0
    },
    {
      "cite": "537 Pa. 613",
      "category": "reporters:state",
      "reporter": "Pa.",
      "year": 1994,
      "pin_cites": [
        {
          "parenthetical": "Commonwealth Court recognized that precedent has sharply limited the usage of the discovery rule and that where claimant is not suffering from ionizing radiation or from an occupational disease, the date of the injury is controlling"
        }
      ],
      "opinion_index": 0
    },
    {
      "cite": "154 Pa.Commw. 633",
      "category": "reporters:state",
      "reporter": "Pa. Commw.",
      "case_ids": [
        1443718
      ],
      "weight": 2,
      "year": 1993,
      "opinion_index": 0,
      "case_paths": [
        "/pa-commw/154/0633-01"
      ]
    },
    {
      "cite": "552 A.2d 1048",
      "category": "reporters:state_regional",
      "reporter": "A.2d",
      "case_ids": [
        1815603,
        1815557
      ],
      "year": 1989,
      "opinion_index": 0,
      "case_paths": [
        "/pa/520/0119-01",
        "/pa/520/0118-01"
      ]
    },
    {
      "cite": "520 Pa. 119",
      "category": "reporters:state",
      "reporter": "Pa.",
      "case_ids": [
        1815603
      ],
      "year": 1989,
      "opinion_index": 0,
      "case_paths": [
        "/pa/520/0119-01"
      ]
    },
    {
      "cite": "106 Pa.Commw. 207",
      "category": "reporters:state",
      "reporter": "Pa. Commw.",
      "case_ids": [
        1360294
      ],
      "weight": 2,
      "year": 1987,
      "opinion_index": 0,
      "case_paths": [
        "/pa-commw/106/0207-01"
      ]
    },
    {
      "cite": "503 Pa. 270",
      "category": "reporters:state",
      "reporter": "Pa.",
      "case_ids": [
        1785923
      ],
      "weight": 3,
      "year": 1983,
      "pin_cites": [
        {
          "page": "273"
        },
        {
          "page": "549"
        }
      ],
      "opinion_index": 0,
      "case_paths": [
        "/pa/503/0270-01"
      ]
    },
    {
      "cite": "643 A.2d 1066",
      "category": "reporters:state_regional",
      "reporter": "A.2d",
      "case_ids": [
        7870888,
        775558
      ],
      "weight": 3,
      "year": 1994,
      "pin_cites": [
        {
          "page": "1067"
        },
        {
          "page": "1070"
        }
      ],
      "opinion_index": 0,
      "case_paths": [
        "/a2d/643/1066-01",
        "/pa/537/0326-01"
      ]
    },
    {
      "cite": "537 Pa. 326",
      "category": "reporters:state",
      "reporter": "Pa.",
      "case_ids": [
        775558
      ],
      "year": 1994,
      "opinion_index": 0,
      "case_paths": [
        "/pa/537/0326-01"
      ]
    },
    {
      "cite": "496 A.2d 412",
      "category": "reporters:state_regional",
      "reporter": "A.2d",
      "year": 1985,
      "opinion_index": 0
    },
    {
      "cite": "90 Pa.Commw. 567",
      "category": "reporters:state",
      "reporter": "Pa. Commw.",
      "case_ids": [
        1336159
      ],
      "year": 1985,
      "opinion_index": 0,
      "case_paths": [
        "/pa-commw/90/0567-01"
      ]
    },
    {
      "cite": "459 A.2d 464",
      "category": "reporters:state_regional",
      "reporter": "A.2d",
      "year": 1983,
      "pin_cites": [
        {
          "page": "473"
        }
      ],
      "opinion_index": 0
    },
    {
      "cite": "74 Pa.Commonwealth Ct. 14",
      "category": "reporters:state",
      "reporter": "Pa. Commw.",
      "case_ids": [
        1310002
      ],
      "year": 1983,
      "pin_cites": [
        {
          "page": "30"
        }
      ],
      "opinion_index": 0,
      "case_paths": [
        "/pa-commw/74/0014-01"
      ]
    },
    {
      "cite": "533 Pa. 500",
      "category": "reporters:state",
      "reporter": "Pa.",
      "case_ids": [
        1837543
      ],
      "weight": 7,
      "year": 1993,
      "pin_cites": [
        {
          "page": "505"
        },
        {
          "page": "116"
        },
        {
          "page": "506"
        },
        {
          "page": "117"
        }
      ],
      "opinion_index": 0,
      "case_paths": [
        "/pa/533/0500-01"
      ]
    },
    {
      "cite": "632 A.2d 873",
      "category": "reporters:state_regional",
      "reporter": "A.2d",
      "case_ids": [
        1839642,
        1839733
      ],
      "weight": 3,
      "year": 1993,
      "pin_cites": [
        {
          "parenthetical": "Papadakos, J. and Nix, C.J., dissenting"
        }
      ],
      "opinion_index": 0,
      "case_paths": [
        "/pa/534/0301-01",
        "/pa/534/0302-01"
      ]
    },
    {
      "cite": "534 Pa. 302",
      "category": "reporters:state",
      "reporter": "Pa.",
      "case_ids": [
        1839733
      ],
      "weight": 3,
      "year": 1993,
      "pin_cites": [
        {
          "parenthetical": "Papadakos, J. and Nix, C.J., dissenting"
        }
      ],
      "opinion_index": 0,
      "case_paths": [
        "/pa/534/0302-01"
      ]
    },
    {
      "cite": "130 Pa. Commw. 306",
      "category": "reporters:state",
      "reporter": "Pa. Commw.",
      "case_ids": [
        1397390
      ],
      "weight": 12,
      "year": 1989,
      "pin_cites": [
        {
          "page": "308-309"
        },
        {
          "page": "281",
          "parenthetical": "footnotes omitted"
        },
        {
          "page": "312"
        },
        {
          "page": "282",
          "parenthetical": "footnote omitted"
        },
        {
          "page": "308"
        },
        {
          "page": "280",
          "parenthetical": "footnote omitted"
        }
      ],
      "opinion_index": 0,
      "case_paths": [
        "/pa-commw/130/0306-01"
      ]
    },
    {
      "cite": "97 Pa.Commw. 356",
      "category": "reporters:state",
      "reporter": "Pa. Commw.",
      "case_ids": [
        1346902
      ],
      "weight": 15,
      "year": 1986,
      "pin_cites": [
        {
          "page": "358"
        },
        {
          "page": "360-361"
        },
        {
          "page": "947"
        },
        {
          "page": "362-363"
        },
        {
          "page": "948",
          "parenthetical": "emphasis supplied"
        },
        {
          "page": "948-949",
          "parenthetical": "emphasis supplied"
        },
        {
          "page": "367"
        },
        {
          "page": "950"
        }
      ],
      "opinion_index": 0,
      "case_paths": [
        "/pa-commw/97/0356-01"
      ]
    },
    {
      "cite": "525 A.2d 1204",
      "category": "reporters:state_regional",
      "reporter": "A.2d",
      "case_ids": [
        1804529,
        1804531,
        1804614
      ],
      "weight": 2,
      "year": 1987,
      "pin_cites": [
        {
          "page": "1210",
          "parenthetical": "footnote omitted"
        },
        {
          "page": "1210",
          "parenthetical": "emphasis supplied"
        }
      ],
      "opinion_index": 0,
      "case_paths": [
        "/pa/514/0450-01",
        "/pa/514/0448-01",
        "/pa/514/0449-01"
      ]
    },
    {
      "cite": "514 Pa. 450",
      "category": "reporters:state",
      "reporter": "Pa.",
      "case_ids": [
        1804529
      ],
      "weight": 2,
      "year": 1987,
      "pin_cites": [
        {
          "page": "461",
          "parenthetical": "footnote omitted"
        },
        {
          "page": "461-462",
          "parenthetical": "emphasis supplied"
        }
      ],
      "opinion_index": 0,
      "case_paths": [
        "/pa/514/0450-01"
      ]
    },
    {
      "cite": "647 A.2d 985",
      "category": "reporters:state_regional",
      "reporter": "A.2d",
      "case_ids": [
        7871982,
        1466735
      ],
      "year": 1994,
      "pin_cites": [
        {
          "page": "989"
        }
      ],
      "opinion_index": 0,
      "case_paths": [
        "/a2d/647/0985-01",
        "/pa-commw/167/0273-01"
      ]
    },
    {
      "cite": "167 Pa.Commw. 273",
      "category": "reporters:state",
      "reporter": "Pa. Commw.",
      "case_ids": [
        1466735
      ],
      "year": 1994,
      "pin_cites": [
        {
          "page": "280"
        }
      ],
      "opinion_index": 0,
      "case_paths": [
        "/pa-commw/167/0273-01"
      ]
    },
    {
      "cite": "376 A.2d 277",
      "category": "reporters:state_regional",
      "reporter": "A.2d",
      "year": 1977,
      "opinion_index": 0
    },
    {
      "cite": "31 Pa.Commw. 341",
      "category": "reporters:state",
      "reporter": "Pa. Commw.",
      "case_ids": [
        1881825
      ],
      "year": 1977,
      "opinion_index": 0,
      "case_paths": [
        "/pa-commw/31/0341-01"
      ]
    },
    {
      "cite": "526 A.2d 778",
      "category": "reporters:state_regional",
      "reporter": "A.2d",
      "case_ids": [
        1806031
      ],
      "year": 1987,
      "opinion_index": 0,
      "case_paths": [
        "/pa/515/0041-01"
      ]
    },
    {
      "cite": "514 Pa. 41",
      "category": "reporters:state",
      "reporter": "Pa.",
      "case_ids": [
        1804589
      ],
      "year": 1987,
      "opinion_index": 0,
      "case_paths": [
        "/pa/514/0041-01"
      ]
    },
    {
      "cite": "533 Pa. 500",
      "category": "reporters:state",
      "reporter": "Pa.",
      "case_ids": [
        1837543
      ],
      "weight": 2,
      "year": 1993,
      "opinion_index": 1,
      "case_paths": [
        "/pa/533/0500-01"
      ]
    },
    {
      "cite": "632 A.2d 873",
      "category": "reporters:state_regional",
      "reporter": "A.2d",
      "case_ids": [
        1839642,
        1839733
      ],
      "year": 1993,
      "pin_cites": [
        {
          "parenthetical": "Papadakos, J., dissenting"
        }
      ],
      "opinion_index": 2,
      "case_paths": [
        "/pa/534/0301-01",
        "/pa/534/0302-01"
      ]
    },
    {
      "cite": "534 Pa. 302",
      "category": "reporters:state",
      "reporter": "Pa.",
      "case_ids": [
        1839733
      ],
      "year": 1993,
      "pin_cites": [
        {
          "parenthetical": "Papadakos, J., dissenting"
        }
      ],
      "opinion_index": 2,
      "case_paths": [
        "/pa/534/0302-01"
      ]
    }
  ],
  "analysis": {
    "cardinality": 1242,
    "char_count": 40702,
    "ocr_confidence": 0.722,
    "pagerank": {
      "raw": 4.03580807328026e-08,
      "percentile": 0.20026708120820944
    },
    "sha256": "91ace51c5224c8c01b1e2a0bd3453126536563835487793bdcb4b3c06f40a8cc",
    "simhash": "1:1130aed4a940871a",
    "word_count": 6570
  },
  "last_updated": "2024-02-27T21:21:18.943453+00:00",
  "provenance": {
    "date_added": "2019-08-29",
    "source": "Harvard",
    "batch": "2018"
  },
  "casebody": {
    "judges": [
      "Before NIX C.J., and FLAHERTY, ZAPPALA, CAPPY, CASTILLE and MONTEMURO, JJ."
    ],
    "parties": [
      "ARMCO, INC., Appellant, v. WORKMEN\u2019S COMPENSATION APPEAL BOARD (MATTERN), Appellees."
    ],
    "opinions": [
      {
        "text": "OPINION\nMONTEMURO, Justice.\nIn this workers\u2019 compensation case, Appellant, Armco, Inc. (Employer) appeals from an order and an opinion of the Commonwealth Court affirming an order of the Workmen\u2019s Compensation Appeal Board (Board) which in turn affirmed the referee\u2019s award of workers\u2019 compensation benefits to Appellee, Clarence Mattern (Claimant).\nClaimant, born on October 12, 1924, began to work for Employer on September 21, 1950. Claimant was employed as a scarier. His last day of work with Employer was September 30, 1984. On July 13, 1988, Claimant filed a claim petition for workers\u2019 compensation benefits alleging an occupational disease pursuant to Section 108 of the Pennsylvania Workmen\u2019s Compensation Act (Act), Act of June 2, 1915, P.L. 736, as amended, 77 P.S. \u00a7 27.1. Specifically, Claimant alleged that while working as a scarier, he was exposed to dust and fumes that caused chronic obstructive lung disease, and that he was therefore, totally disabled as of September 14, 1984. At the hearing before the referee, Claimant testified as to the breathing problems he was experiencing, and further, testified that he was first notified of the alleged condition and its work-relatedness by Dr. Michael Wald on June 8, 1988. It was stipulated that Claimant notified Employer of the alleged injury on June 30, 1988.\nIn support of his claim, Claimant presented the medical testimony of Dr. Wald and Dr. Nicolas Tapyrik. Based upon the testimony presented, the referee found that Claimant had, in fact, been exposed to dust, gasses and fumes while employed by Armco, Inc. Moreover, based upon the testimony of Dr. Wald, Dr. Tapyrik and Claimant, the referee concluded that Claimant was totally disabled as a result of chronic obstructive lung disease with a manifestation of both chronic bronchitis and pulmonary emphysema. (Referee\u2019s July 16, 1990 decision at Finding of Fact No. 6.) However, resulting from Claimant\u2019s history of heavy cigarette smoking and from the medical testimony presented, the referee specifically determined that \u201c[w]hile the Claimant\u2019s lung condition is related to his cigarette smoking, the irritant fumes and dusts from his work environment were of significance in aggravating the underlying pre-existing condition_\u201d (Referee\u2019s June 26,1992 decision at Finding of Fact No. 5.) Finding Claimant\u2019s medical witnesses to be more credible, the referee specifically rejected the testimony of Employer\u2019s medical witness, Dr. George Fino, who did not believe that Claimant\u2019s occupation was a contributing factor to the lung disease.\nBoth of Claimant\u2019s medical witnesses also testified that because the work environment would further cause an aggravation to his underlying lung disease, Claimant could not return to work as a scarier. As a result of such testimony, the referee found that Claimant was totally disabled as of September 14, 1984, that he was physically unable to perform his regular job as a scarier, and accordingly, that he was entitled to benefits.\nEmployer appealed to the Board, arguing that the referee\u2019s award did not specify whether compensation had been awarded pursuant to Section 301(c)(1), 77 P.S. \u00a7 411(1), or Section 301(c)(2), 77 P.S. \u00a7 411(2). The Board agreed that the award lacked specificity and remanded the case so that the referee could specify under which section compensation had been awarded. On remand, the referee concluded that based upon the facts and the medical testimony, Claimant suffered from an occupational disease, and in that regard, he was entitled to total disability benefits pursuant to Section 301(c)(2) and Section 108(n) of the Act.\nEmployer once again appealed to the Board. Employer, citing Landis v. W.C.A.B. (Hershey Equipment Co.), 514 Pa. 41, 526 A.2d 778 (1987), argued that the testimony was legally insufficient to support an award of compensation under Section 108(n) and Section 301(c)(2) because Claimant\u2019s medical witnesses did not testify to a greater incidence of disease in Claimant\u2019s occupation as required by Section 108(n). The Board disagreed. The Board concluded that Dr. Wald had testified that Claimant\u2019s occupation subjected him to a substantially greater risk of aggravating an underlying chronic obstructive lung disease, rather than testifying to a generally greater risk of exposure. As such, the Board affirmed the award of benefits.\nOn appeal to the Commonwealth Court, Employer again argued that Claimant simply had failed to establish that he suffered from an occupational disease under Section 108(n), and therefore, was not entitled to benefits. The Commonwealth Court agreed that in order to be eligible for compensation under Section 108(n), a claimant must establish that (1) he was exposed to lung disease by reason of his employment, (2) the lung disease is causally related to the occupation and (3) the incidence of lung disease is substantially greater in claimant\u2019s occupation than it is elsewhere. Fruehauf Corp., Independent Metal Division v. W.C.A.B. (Cornell), 31 Pa.Commw. 341, 376 A.2d 277 (1977). After reviewing those factors, the Commonwealth Court agreed with Employer that even though the first two prongs had been established by the testimony, Claimant\u2019s medical testimony was legally insufficient because it failed to establish that the \u201cincidence of his lung disease is substantially greater in his occupation than [is present] in the general population.\u201d Armco, Inc. v. W.C.A.B. (Mattern), 167 Pa.Commw. 273, 280, 647 A.2d 985, 989 (1994). Consequently, the Commonwealth Court determined that Claimant had failed to prove that his disability resulted from an occupational disease as set forth in Section 108(n).\nNotwithstanding that determination, the Commonwealth Court affirmed the award of benefits. Even though Claimant had failed to establish compensability for an occupational disease, the Commonwealth Court held that Claimant was entitled to benefits under Section 301(c)(1) because he had suffered an aggravation of a pre-existing disease, and furthermore, because that aggravation was partly responsible for his total disability.\nInitially, it is important to note that this Court has held that Section 301(c)(1) \u201cmakes it clear that the job-related aggravation of a disease is a category of \u2018injury\u2019 for [workers\u2019] compensation purposes.\u201d Pawlosky v. Workmen\u2019s Compensation Appeal Board, 514 Pa. 450, 461, 525 A.2d 1204, 1210 (1987) (footnote omitted). Consequently, the Commonwealth Court correctly held that based upon the referee\u2019s findings of fact, the job-related aggravation of Claimant\u2019s underlying lung condition, in fact, would constitute an injury for purposes of Section 301(c)(1).\nNevertheless, prior to affirming the award of benefits based upon its opinion that Claimant suffered from a Section 301(e)(1) injury, the Commonwealth Court neglected to consider whether Claimant had timely filed his claim petition. Accordingly, we granted allo-catur in this case in order to determine whether the statute of limitations found in Section 315, 77 P.S. \u00a7 602, precludes the award of benefits. We shall therefore proceed to review Employer\u2019s contention that Claimant\u2019s petition is time-barred.\nEmployer does not refute that a job-related aggravation of a pre-existing disease is a compensable injury for purposes of the Workmen\u2019s Compensation Act. Instead, Employer asserts that in cases where an aggravation of a pre-existing condition is the injury for purposes of the Act, logically, each day worked subject to the aggravation would constitute a \u201cnew\u201d injury. Consequently, because the last day of work would also be the last date of a work-related aggravation, a claimant seeking compensation for a work-related aggravation of a pre-existing condition would be required to file a claim petition within three years of the last day of work. In that regard, Employer urges this Court to adopt the reasoning of Young v. W.C.A.B. (Jones & Laughlin Steel Corp.), 97 Pa.Commw. 356, 509 A.2d 945 (1986) and Eddy v. W.C.A.B. (Bell Transit, Inc.), 130 Pa. Commw. 306, 568 A.2d 279 (1989), aff'd per curiam, 534 Pa. 302, 632 A.2d 873 (1993). Specifically, Employer contends that we should not graft a discovery provision into Section 315, especially in light of our legislature\u2019s failure to do so.\nClaimant, on the other hand, believing that Employer is requesting this Court to reverse the Commonwealth Court\u2019s award of benefits on the basis of untimely notice and untimely filing, requests that we sustain the Commonwealth Court\u2019s award of benefits, principally relying on the dissenting opinion of Judge Barbieri in Young. Claimant argues that an anomalous situation is created when a claimant is required to give notice of an injury that neither he nor the employer knows is related to the employment. Moreover, Claimant contends that our holding in Price v. W.C.A.B., 533 Pa. 500, 626 A.2d 114 (1993) is analogous, and therefore, its rationale should be extended to cover the present factual situation. Essentially, Claimant argues that under the humanitarian purposes of the Act, this Court should apply the discovery rule to the general injury provisions of Section 315, and in so doing, find that he timely filed his claim petition.\nThis precise issue was first addressed by the Commonwealth Court in Young v. Workmen\u2019s Compensation Appeal Board (Jones & Laughlin Steel Corp.), 97 Pa.Commw. 356, 509 A.2d 945 (1986). Therein, claimant became totally disabled on March 14,1975, as a result of an aggravation of a cervical and lumbar spondylosis. He, however, did not learn that his injury was work-related until his doctor notified him of that fact on April 3, 1978. Immediately thereafter, on April 19, 1978, claimant filed a claim petition. The referee awarded benefits, specifically finding that the claim was not time-barred because \u201c \u2018[Cjlaimant filed his claim petition within three years of when he knew, or by the exercise of reasonable diligence, should have known of the existence of his injuries and their possible relationship to his employment.\u2019 \u201d Id. at 358, 509 A.2d at 946 (citing Referee\u2019s Conclusion of Law No. 3). On appeal, the Board determined that because the injury was an aggravation of a pre-exist-ing condition, the date of the \u201cinjury\u201d was March 13, 1975, claimant\u2019s last day of work. Consequently, the Board concluded that the claim petition had been filed outside of the three year limitations period, and as such, reversed the award of benefits.\nOn appeal to the Commonwealth Court, claimant argued that Section 315 should be liberally construed in order to have the same effect as Section 311. The Commonwealth Court, however, concluded that the limitations period contained in Section 315 is a limitation upon the time in which claims for compensation for a work-related injury may be brought, and furthermore, that the limitations period begins with the occurrence, or date, of the injury. Id. at 360-361, 509 A.2d at 947.\nMoreover, specifically addressing the variation between the language used by the legislature in Section 311 and the language used in Section 315, the Commonwealth Court stated:\nTracing the various amendments to both sections, we have found that both Section 311 and Section 315 were amended by Act No. 61 of 1972, Act of March 29,1972, P.L. 159. On that occasion, only the first sentence of Section 311 was amended while Section 315 was amended by substituting the word \u201cinjury\u201d for the word \u201caccident\u201d.\nBoth sections were again amended by Act No. 223 of 1972, Act of October 17, 1972, P.L. 930. At this time, the last two sentences of the present language in Section 311 were added. It is this language which creates the problem we now confront. Section 315 was amended by adding the last sentence of the present language which simply includes disability from occupational disease as an injury. We think it is significant that Section 315 was amended but did not include the language added to Section 311.\nThere have been no further amendments to Section 311 but Section 315 was again amended by Act No. 263 of 1974, Act of December 5, 1974, P.L. 782, to extend the time for filing of claims from two to three years from the date of the injury.\nInasmuch as the Legislature has twice addressed both sections simultaneously and did not choose to make the language of both sections identical and again amended Section 315 without adding the language it had used in Section 311, we are of the opinion that it is the plain language of Section 315 that must control in determining legislative intent. 1 Pa.C.S. \u00a7 1921(b).\nId. at 362-363, 509 A.2d at 948 (emphasis supplied).\nAs such, the Commonwealth Court agreed with the Board\u2019s conclusion that the claim petition had been filed more than three years after the date of the injury. The court also noted:\nClaimant urges this Court to judicially amend Section 315 by adding \u201cor any other cause\u201d to Section 315 in the same maimer as that language now appears in Section 311. This we decline to do. \u201c[Tjhis Court cannot supply an apparent omission in a statute even though it appears that the omission resulted from the Legislature\u2019s mere inadvertence or failure to foresee or contemplate a case in question.\u201d Latella v. Unemployment Compensation Board or Review, 74 Pa.Commonwealth Ct. 14, 30, 459 A.2d 464, 473 (1983).\nWhether Section 315 should be amended to include the omitted phrase is the province of the Legislature, not this Court.\nId. at 363-364, 509 A.2d at 948-949 (emphasis supplied).\nThree years later, the Commonwealth Court was again confronted by this issue. In Eddy v. Workmen\u2019s Compensation Appeal Board (Bell Transit, Inc.), 130 Pa.Commw. 306, 568 A.2d 279 (1989), claimant had been denied compensation benefits on the basis that his claim was precluded by the statute of limitations. In that case, claimant, employed by Bell Transit as a truck driver, was laid off on November 27, 1982. A month later, he became a self-employed truck driver. On April 29,1983, as a result of neck pain which he had been experiencing for a number of years, claimant went to a chiropractor. The chiropractor informed claimant that he had a degeneration of the cervical area of his spine, and further, attributed the condition to truck driving.\nFollowing surgery to alleviate the pain, claimant notified Bell Transit, his previous employer, of the problem on June 16, 1983. He, however, did not file a claim petition. Subsequently, while acting in his status as a self-employed truck driver, claimant rein-jured his neck, requiring further medical treatment. At that point, on April 8, 1986, claimant filed a claim petition against Bell Transit. The referee found that even though claimant had properly notified employer pursuant to Section 311, he had failed to file his claim petition within the three year statute of limitations as required by Section 315.\nArguing that the limitations period set forth in Section 315 should not begin until he knew or should have known the extent of the injury and its work-relatedness, the claimant urged the Commonwealth Court to reverse the conclusion that his claim petition had been untimely filed. Essentially, claimant requested the Commonwealth Court to revisit its holding in Young.\nWhile recognizing that the discovery rule had been applied to cases of total disability due to occupational diseases in Jones & Laughlin Steel Corp. v. Workmen\u2019s Compensation Appeal Board (Feiertag), 90 Pa.Commw. 567, 496 A.2d 412 (1985), the Court nonetheless opined:\nIn Young the claimant suffered a disability due to the aggravation of a preexisting medical condition, rather than an occupational disease or an injury caused by ionizing radiation and argued that a discovery rule should apply in his case. This Court addressed the time limitations of Sections 311 and 315 of The Pennsylvania Workmen\u2019s Compensation Act (Act), Act of June 2, 1915, P.L. 736, os amended, 77 P.S. \u00a7\u00a7 631 and 602, respectively and held that a claimant may not use a discovery rule to file a petition under Section 315 within three years after discovering an injury that is not the result of occupational disease or ionizing radiation. In so holding, we observed the distinctions between Section 311 and Section 315, which distinctions we reiterate again today.\nEddy, 130 Pa.Commw. at 308-309, 568 A.2d at 281 (footnotes omitted). Consequently, based upon its holding in Young, the Commonwealth Court held that \u201c[bjecause the Claimant\u2019s injury, therefore, was not an injury of the type for which the discovery rule is to be applied, we affirm the Board\u2019s decision that the Claimant is barred from receiving workmen\u2019s compensation benefits because his claim petition was not timely filed.\u201d Id. at 312, 568 A.2d at 282 (footnote omitted).\nWe accepted allocatur and affirmed the Commonwealth Court\u2019s decision per curiam. Eddy v. W.C.A.B. (Bell Transit, Inc.), 534 Pa. 302, 632 A.2d 873 (1993) (Papadakos, J. and Nix, C.J., dissenting).\nIt is well settled that when the terms of a statute are clear, the letter of the law is not to be disregarded under the pretext of pursuing its spirit. 1 Pa.C.S. \u00a7 1921(b). Our legislature has specifically provided:\nIn cases of personal injury all claims for compensation shall be forever barred, unless, within three years after the injury, the parties shall have agreed upon the compensation payable under this article; or unless within three years after the injury, one of the parties shall have filed a petition as provided in article four here-of_ However, in cases of injury resulting from ionizing radiation in which the nature of the injury or its relationship to the employment is not known to the employe, the time for filing a claim shall not begin to run until the employe knows, or by the exercise of reasonable diligence should know, of the existence of the injury and its possible relationship to his employment. [In cases of occupational disease, t]he term \u201cinjury\u201d in this section means ... disability resulting from occupational disease.\n77 P.S. \u00a7 602 (emphasis supplied).\nWe recently had a chance to address this statute in Berwick Industries v. W.C.A.B. (Coralee A. Spaid), 537 Pa. 326, 643 A.2d 1066 (1994). Therein, we reiterated our explanation that a \u201c\u2018[f]ailure to file a claim within the statutorily prescribed period extinguishes the right, as well as the remedy, under the Workmen\u2019s Compensation Act.\u2019\u201d Id. at 329, 643 A.2d at 1067 (quoting Taglianetti by Taglianetti v. W.C.A.B. (Hospital of the University of Pennsylvania), 503 Pa. 270, 273, 469 A.2d 548, 549 (1983)). Consequently, we recognized that pursuant to the express terms of Section 315, a \u201cclaim for \u2018compensation\u2019 is completely barred unless all of the requirements of [the section] are met.\u201d Id.\nToday, again confronting the express terms of Section 315, we refuse to apply the discovery rule to the instant situation. Instead, we find that the law on this issue is settled, and as such, we believe that the Commonwealth Court erred by not considering the limitations period provided in the Act.\nClaimant contends that our decision in Price is instructive, particularly as it relates to application of the discovery rule. Recognizing that his claim does not involve an occupational disease, Claimant, nonetheless, submits that our analysis in Price is equally applicable to this case because the injury for which he seeks compensation is an \u201cinsidious disease process which is caused by the daily aggravation of an underlying condition.\u201d (Appellees\u2019s Brief at 9.) We do not agree.\nIn Price, claimant worked in a lead refining and smelting plant where he was daily exposed to lead laden dust and loud noise. He left work in August of 1979 because physical ailments caused by his exposure to lead precluded him from continuing with employment in the lead plant. The evidence showed, however, that claimant was able to work at locations which were free of lead dust. Eventually, however, in March of 1983, claimant was medically advised that he suffered from lead encephalopathy, peripheral neuropathy, noise induced hearing loss, lead nephropathy, and severe chronic obstructive lung disease, and further, that he was totally disabled as a result of those conditions. Claimant filed a petition for compensation pursuant to the occupational disease provisions of the Act. The referee denied benefits on the basis that at the time claimant resigned in 1979, he knew that his physical ailments were caused by his work conditions and therefore, the claim petition was not filed within the three year limitation of Section 315.\nWe recognized that Section 315 specifically sets forth that the term \u201cinjury\u201d as used in that section means, in cases of occupational disease, disability resulting from occupational disease. Accordingly, we held that it is clear that \u201ca claim for total disability benefits under the occupational disease provisions of the Workmen\u2019s Compensation Act cannot begin to run until the onset of total disability_\u201d Price, 533 Pa. at 505, 626 A.2d at 116. We also concluded that because the limitation period commenced at the point a claimant knew by competent medical diagnosis that a disability was caused by an occupational disease under the terms of the Occupational Disease Act, there was \u201cno reason to raise a distinction between the total disability arising under the Occupational Disease Act and that arising under the occupational disease provisions of the Workmen\u2019s Compensation Act.\u201d Id. at 506, 626 A.2d at 117. As such, we determined that in both of those instances, the limitations period would not begin to run until \u201c \u2018pertinent medical diagnosis is completely established to the knowledge of the claimant\u2019 that his total disability is work related.\u201d Id. Herein, however, because the legislature specifically has provided that in occupational disease cases an injury is the disability which results from that disease, our holding is inapplicable to the present situation where benefits were awarded on the basis of the Act\u2019s general injury provisions.\nWhen determining whether a petition has been timely filed under Section 315, \u201cthe date of Claimant\u2019s disability is irrelevant; it is the date of the injury which commences the running of the three-year limitation contained in that section.\u201d McDevitt v. W.C.A.B. (Ron Davison Chevrolet), 106 Pa.Commw. 207, 525 A.2d 1252 (1987), appeal dismissed, 520 Pa. 119, 552 A.2d 1048 (1989). Moreover, in concluding that a work-related aggravation of a pre-existing disease constitutes an injury within the meaning of Section 301(c)(1), we stated:\nAccording to the medical evidence from both parties those fumes aggravated or irritated the claimant\u2019s condition and, with each exposure, would produce an adverse physiological reaction called a broncho-spasm, during which he would undergo difficulty in breathing. Given the nature of a bronchospasm, each instance in which such an attack was caused by the chemical fumes would constitute an \u201cinjury\u201d ... for purposes of the Act. That is, the claimant\u2019s inhalation of the chemical fumes would bring about an adverse and hurtful change in his system; and such change would cause him to suffer a lessened facility in the natural use of a bodily activity or capability, ie., breathing.\nPawlosky v. W.C.A.B. (Latrobe Brewing Co.), 514 Pa. 450, 461-462, 525 A.2d 1204, 1210 (1987) (emphasis supplied).\nAs such, based upon the medical testimony, we recognized that each aggravation constituted an injury. Accordingly, the last day the aggravation occurs, which will most often be the last day of work, is the date from which the three year limitation should be calculated. See Young v. W.C.A.B. (Jones & Laughlin Steel), 97 Pa.Commw. 356, 509 A.2d 945 (1986). See also Arthrell v. W.C.A.B. (Pa. State Police), 154 Pa.Commw. 633, 624 A.2d 686 (1993), allocatur denied, 537 Pa. 613, 641 A.2d 312 (1994) (Commonwealth Court recognized that precedent has sharply limited the usage of the discovery rule and that where claimant is not suffering from ionizing radiation or from an occupational disease, the date of the injury is controlling); Mancini\u2019s Bakery v. W.C.A.B. (Leone), 155 Pa.Commw. 641, 625 A.2d 1308 (1993) (wherein the Commonwealth Court concluded that each day that claimant worked, he suffered a \u201cnew\u201d injury in that the work further aggravated his preexisting condition); Eddy v. W.C.A.B. (Bell Transit, Inc.), 130 Pa.Commw. 306, 568 A.2d 279 (1989), aff'd per curiam, 534 Pa. 302, 632 A.2d 873 (1993).\nTherefore, because Claimant\u2019s last day of work for Employer was September 30, 1984, and assuming that the work-related aggravation continued throughout his term of employment, a claim petition must have been filed within three years of that date. Claimant did not file his claim petition until July 13, 1988. Consequently, Claimant filed too late and as a result, his claim is barred by Section 315. Accordingly, the award of benefits pursuant to Section 301(c)(1) was in error, and as such, the Commonwealth Court\u2019s order awarding benefits is reversed.\nCAPPY, J., concurs.\nNIX, C.J., dissents.\nMONTEMURO, J., participates by designation as a senior judge as provided by Rule of Judicial Administration 701(f).\n. While recognizing that the legislature recently redesignated \"referees\u201d as \"judges\u201d, See 77 P.S. \u00a7 701, because this claim petition was filed prior to that amendment, we will use the term referee.\n. Under this section, in addition to specific references, \u201coccupational disease\u201d also includes\nAll other diseases (1) to which the claimant is exposed by reason of his employment, and (2) which are causally related to the industry or occupation, and (3) the incidence of which is substantially greater in that industry or occupation than in the general population.\n77 P.S. \u00a7 27.1(n)\n. The Referee further found that this opinion was supported by the testimony of Dr. Tapyrik who believed that while Claimant\u2019s \"cigarette smoking was the major factor in the development of Claimant\u2019s type of lung disease, the Claimant\u2019s occupational history was a significant contributing factor to his condition, and his work environment aggravated his underlying lung condition.\u201d (Referee's June 26, 1992 decision at Finding of Fact No. 6.)\n. In pertinent part, this section provides:\nThe terms \"injury\u201d and \"personal injury,\u201d as used in this act, shall be construed to mean an injury to an employe, regardless of his previous physical condition, arising in the course of his employment and related thereto, and such disease or infection as naturally results from the injury or is aggravated, reactivated or accelerated by the injury....\n.This section provides, in part:\nThe terms \"injury,\u201d \"personal injury,\" and \"injury arising in the course of his employment,\u201d as used in this act, shall include, unless the context clearly requires otherwise, occupational disease as defined in section 108 of this act: Provided, That whenever occupational disease is the basis for compensation, for disability or death under this act, it shall apply only to disability or death resulting from such disease and occurring within three hundred weeks after the last date of employment in an occupation or industry to which he was exposed to hazards of such disease.... The provisions of this paragraph (2) shall apply only with respect to the disability or death of an employe which results in whole or in part from the employe's exposure to the hazard of occupational disease after June 30, 1973....\n. 77 P.S. \u00a7 602 provides, pertinent part:\nIn cases of personal injury all claims for compensation shall be forever barred ... unless within three years after the injury, one of the parties shall have filed a petition as provided in article four hereof.... However, in cases of injury resulting from ionizing radiation in which the nature of the injury or its relationship to the employment is not known to the employe, the time for filing a claim shall not begin to run until the employe knows, or by the exercise of reasonable diligence should know, of the existence of the injuty and its possible relationship to his employment. The term \"injury\u201d in this section means, in cases of occupational disease, disability resulting from occupational disease.\n. The propriety of the Commonwealth Court's decision that Claimant failed to carry the burden of proof necessary to establish disability under Section 108(n), particularly under the third prong of the Fruehauf test, has not heen questioned by the parties.\n. It is clear that Employer is only arguing that Claimant filed the claim petition too late. Employer frames the issue as follows: \"The issue is whether claims brought under Section 301(c)(1) of the Workers\u2019 Compensation Act, 77 P.S. \u00a7 411(c)(1) [sic], and Pawlosky are subject to the three year statute of limitations provided by Section 315 of the Act, 77 P.S. \u00a7 602.\u201d (Employer\u2019s Brief at 8).\n. 77 P.S. \u00a7 631 provides:\nUnless the employer shall have knowledge of the occurrence of the injury, or unless the employe or someone in his behalf, or some of the dependents or someone in their behalf, shall give notice thereof to the employer within twenly-one days after the injury, no compensation shall be due until such notice be given, and, unless such notice be given within one hundred and twenty days after the occurrence of the injury, no compensation shall be allowed. However, in cases of injury resulting from ionizing radiation or any other cause in which the nature of the injury or its relationship to the employment is not known to the employe, the time for giving notice shall not begin to run until the employe knows, or by the exercise of reasonable diligence should know, of the existence of the injury and its possible relationship to his employment. The term \"injury\" in this section means, in cases of occupational disease, disability resulting from occupational disease.\n. In his dissent, Judge Barbieri, relied on the analysis employed in the occupational disease cases. While recognizing that the case did not involve an occupational disease. Judge Barbieri, nevertheless was of the opinion that\nIn light of our previous interpretations of legislative enactments in Section 311 and 315, as amended in 1972, I believe that the construction is inevitable that the limitation in Section 315 may not be imposed in a case like this one where the disability, like that in an occupational disease case, is insidious to the extent that its relationship to the employment is undisclosed and undeterminable during a period here when neither the claimant nor the employer professes any knowledge of this relationship.\nYoung, 97 Pa.Commw. at 367, 509 A.2d at 950.\n. The Commonwealth Court noted that \"the date of injury would have been his last day of work on November 27, 1982.\u201d Eddy, 130 Pa. Commw. at 308, 568 A.2d at 280 (footnote omitted).\n. This Court, noting that Section 315 is a statute of repose, recognized that while not desiring to minimize the salutary purposes of the Act, statutes of limitation and repose\nare vital to the welfare of society and are favored in the law. They are found and approved in all systems of enlightened jurisprudence. They promote repose by giving security and stability to human affairs. An important public policy lies at their foundation.\nBerwick, 537 Pa. at 335, 643 A.2d at 1070 (quoting Schmucker v. Naugle, 426 Pa. 203, 205-206, 231 A.2d 121, 123 (1967)).\n. Pawlosky\u2019s medical witness testified that even though he could not say how or when the claimant contracted asthma, the filmes from the chemicals to which the claimant was exposed would irritate the ailment and cause attacks. Employer\u2019s medical witness also testified that claimant's asthmatic condition would be aggravated or irritated by the chemicals at the brewery. Based upon this testimony, the referee determined that \"claimant had asthma, that the ailment was aggravated by the fumes of chlorine, caustic soda and sulphuric acid, and that he was totally disabled as a result.\" Pawlosky, 514 Pa. at 453, 525 A.2d at 1206.",
        "type": "majority",
        "author": "MONTEMURO, Justice."
      },
      {
        "text": "CAPPY, Justice,\nconcurring.\nI am constrained to concur in the result reached by the Majority, as I believe it is required by the applicable statute of limitations found in Section 315 of the Pennsylvania Workmen\u2019s Compensation Act (the \u201cAct\u201d). 77 P.S. \u00a7 602. However, I write separately to put the General Assembly on notice of its failure to amend Section 315 to allow for application of the discovery rule to situations like the one sub judice, and of the harm caused by this blatant omission.\nMr. Clarence Mattem worked for Armco, Inc. (\u201cArmco\u201d) for 34 years as a hand scarier. As a hand scarier, Mr. Mattem removed impurities from pieces of steel with a torch during which \u201cblack, sooty stuff\u201d was produced. Mr. Mattem breathed this byproduct for 26 years prior to Armeo\u2019s providing him with a respirator. (R.R. pp. 10a-11a).\nIn 1984, Mr. Mattern became incapable of performing Ms duties as a hand scarier because of \u201cchronic obstructive lung disease.\u201d However, it was not until June, 1988 that he was informed by Ms physician that although his disease was related to cigarette smoMng, the irritant fumes and dust from his work environment were significant in aggravating the underlying pre-existmg condition. Furthermore, the physician also indicated that the fumes and dust caused an acceleration of the disease process. Immediately after learning of the causal connection between Ms disease and Ms work for Armco, Mr. Mattern filed a claim petition under the Act.\nUltimately, the Commonwealth Court determined that Mr. Mattern suffered from a compensable \u201cinjury\u201d under Section 301(c)(1) of the Act, 77 P.S. \u00a7 411(1), and affirmed the Workmen\u2019s Compensation Appeal Board\u2019s (the \u201cBoard\u201d) award of benefits. However, today, the Majority is seemingly compelled to deny Mr. Mattern\u2019s award of benefits based on the express terms of the three year statute of limitations relating to a compensable \u201cinjury\u201d found in Section 315 of the Act.\nMr. Mattern urges that in light of the humamtarian purpose of the Act, we should apply the discovery rule to the general injury provisions of Section 315. In support of Ms argument, Mr. Mattern correctly notes that the notice requirement of Section 311 of the Act, 77 P.S. \u00a7 631, allows for the application of the discovery rule. However, the Majority points out that the statute of limitations found in Section 315 does not include the language found in Section 311, and, thus, does not allow for the application of the discovery rule except in cases of injury resulting from ionizmg radiation. (Maj. Op. at pp. 713-714). Tracing the legislature\u2019s amendments to Sections 311 and 315, the Majority specifically notes that at the time Section 311 was amended to mclude the language allowing for the application of the discovery rule, Section 315 was not similarly amended. (Maj. Op. at pp. 713-714).\nMr. Mattern also asks us to extend our application of the discovery rule in instances of occupational disease to compensable injuries. However, there is a distinction between latent and insidious diseases under the occupational disease provisions of the Act and latent and insidious work-relatedness where the disability is known.\nThe acknowledgment by the legislature of distinct occupational diseases, as enumerated in Section 108 of the Act including the catchall provision found in Section 108(n), 77 P.S. \u00a7 27.1(n), recognizes that an employer is engaged in what the legislature deems to be an increased risk activity. Such employer assumes a Mgher degree of responsibility to its employees for engaging in such endeavors, and the application of the discovery rule to such distinct occupational diseases is clearly consistent with this legislative recogmtion. The latent and insidious nature of an occupational disease, goes to the disease itself, the work-relatedness is presumed or already established.\nOther employers, a fortiori, those not participating in such increased risk activities, are responsible for non-oceupational disease, compensable injuries for a fimte period of t\u00edme and have not knowingly accepted this increased risk of liability for injuries to their employees. In the typical compensable injury situation, both the disability and the relationship to the employment is known.\nHowever, the legislature obviously failed to foresee compensable injury cases, like the one sub judice, where the latent and insidious nature of the disability goes not to the injury, but to the work-relatedness of the disability. Unfortunately for the worker, this is a distinction without a difference. An employee, such as Mr. Mattern, who does not suffer from an occupational disease, and, thus, does not benefit from the discovery rule, knows of his disability but does not know of the relatedness of his injury to his employment. However, in these type of injury cases, the employer has not been put on notice and, thus, not had an opportunity to consider the consequences of their liability for this class of injury. Therefore, in my view, a decision to extend the discovery rule to this type of injury, such as the one at bar, requires consideration and action by the General Assembly, rather than by the judiciary.\nThe resulting harshness of the General Assembly\u2019s apparent oversight when amending Section 315 places an employee, such as Mr. Mattern, in the anomalous position of having to give notice and file a claim even though neither he nor the employer knows that the employee\u2019s injury is work-related. Here, Mr. Mattem\u2019s benefits will be denied even though he filed a petition immediately after he became aware that his injury was work-related. In light of the remedial nature of the Act, and in fairness to claimants who do not suffer from latent and insidious occupational diseases where coverage would be available, but do suffer from work related injuries of a latent and insidious nature, there is no valid reason to grant coverage in the former but deny coverage in the latter. The discovery rule should be applicable in the latter situations in order to eliminate such absurd and unfair results.\nThus, I respectfully encourage the General Assembly to obviate that which I submit is an unfortunate oversight. A simple amendment to Section 315 of the Act in order to allow for the application of the discovery rule to situations such as the one sub judice, where the work-relatedness of an injury is not known to an employee within the applicable statute of limitations, would not only be consistent with the remedial nature of the Act but would also be just and fair.\n. The parties did not challenge the Commonwealth Court\u2019s determination that Mr. Mattern faded to establish that he suffered from an occupational disease. Had the Commonwealth Court affirmed the Board\u2019s decision and the Referee\u2019s finding that Mr. Mattern suffered from an occupational disease pursuant to Sections 301(c)(2) and 108(n) of the Act (77 P.S. \u00a7 411(2) and 77 P.S. \u00a7 27.1(n) respectively), the discovery rule would have been applicable to this case pursuant to this Court\u2019s recent decision in Price v. Workmen's Compensation Appeal Board (Metallurgical Resources), 533 Pa. 500, 626 A.2d 114 (1993).\n. \"... However, in cases of injury resulting from ionizing radiation or any other cause in which the nature of the injury or its relationship to the employment is not known to the employe, the time for giving notice shall not begin to run until the employe knows, or by the exercise of reasonable diligence should know, of the existence of the injury and its possible relationship to his employment_\u201d (emphasis supplied). 77 P.S. \u00a7 631.\n.\"... However, in cases of injuty resulting from ionizmg radiation in which the nature of the injury or its relationship to the employment is not known to the employe, the time for filing a claim shall not begin to run until the employe knows, or by the exercise of reasonable diligence should know, of the existence of the injury and its possible relationship to his employment....\u201d 77 P.S. \u00a7 602.",
        "type": "concurrence",
        "author": "CAPPY, Justice,"
      },
      {
        "text": "NIX, Chief Justice,\ndissenting.\nI remain of the view that the discovery rule should not be limited to occupational diseases but should also extend to injuries under section 301(c)(1), 77 P.S. \u00a7 411(1), of the Act. See Eddy v. Workers\u2019 Compensation Appeal Bd., 534 Pa. 302, 632 A.2d 873 (1993) (Papadakos, J., dissenting). Accordingly, I dissent from the majority\u2019s reversal of the Commonwealth Court\u2019s award of workers\u2019 compensation benefits to Appellant.",
        "type": "dissent",
        "author": "NIX, Chief Justice,"
      }
    ],
    "attorneys": [
      "Edward A. McFarland, for ARMCO.",
      "Samuel Blaufeld, for C. Mattern."
    ],
    "corrections": "",
    "head_matter": "ARMCO, INC., Appellant, v. WORKMEN\u2019S COMPENSATION APPEAL BOARD (MATTERN), Appellees.\nSupreme Court of Pennsylvania.\nSubmitted July 17, 1995.\nDecided Nov. 28, 1995.\nEdward A. McFarland, for ARMCO.\nSamuel Blaufeld, for C. Mattern.\nBefore NIX C.J., and FLAHERTY, ZAPPALA, CAPPY, CASTILLE and MONTEMURO, JJ."
  },
  "file_name": "0710-01",
  "first_page_order": 774,
  "last_page_order": 783
}
