{
  "id": 8906885,
  "name": "Edward A. RASO v. Ashbel T. WALL, Jr., Director of the Department of Corrections et al.",
  "name_abbreviation": "Raso v. Wall",
  "decision_date": "2005-08-23",
  "docket_number": "No. 2003-73-C.A.",
  "first_page": "391",
  "last_page": "397",
  "citations": [
    {
      "type": "official",
      "cite": "884 A.2d 391"
    }
  ],
  "court": {
    "name_abbreviation": "R.I.",
    "id": 10179,
    "name": "Supreme Court of Rhode Island"
  },
  "jurisdiction": {
    "id": 15,
    "name_long": "Rhode Island",
    "name": "R.I."
  },
  "cites_to": [
    {
      "cite": "981 F.2d 602",
      "category": "reporters:federal",
      "reporter": "F.2d",
      "case_ids": [
        1875008
      ],
      "opinion_index": 0,
      "case_paths": [
        "/f2d/981/0602-01"
      ]
    },
    {
      "cite": "758 F.Supp. 807",
      "category": "reporters:federal",
      "reporter": "F. Supp.",
      "case_ids": [
        7390418
      ],
      "pin_cites": [
        {
          "page": "815"
        }
      ],
      "opinion_index": 0,
      "case_paths": [
        "/f-supp/758/0807-01"
      ]
    },
    {
      "cite": "7 Wall. 482",
      "category": "reporters:scotus_early",
      "reporter": "Wall.",
      "case_ids": [
        3450114
      ],
      "weight": 3,
      "year": 1868,
      "opinion_index": 0,
      "case_paths": [
        "/us/74/0482-01"
      ]
    },
    {
      "cite": "143 U.S. 457",
      "category": "reporters:federal",
      "reporter": "U.S.",
      "case_ids": [
        6140418
      ],
      "weight": 3,
      "year": 1892,
      "opinion_index": 0,
      "case_paths": [
        "/us/143/0457-01"
      ]
    },
    {
      "cite": "121 R.I. 243",
      "category": "reporters:state",
      "reporter": "R.I.",
      "case_ids": [
        3188744
      ],
      "weight": 2,
      "year": 1979,
      "pin_cites": [
        {
          "page": "247",
          "parenthetical": "\"[W]e adhere to the canon that statutes should not be construed to achieve meaningless or absurd results.\""
        },
        {
          "page": "892",
          "parenthetical": "\"[W]e adhere to the canon that statutes should not be construed to achieve meaningless or absurd results.\""
        }
      ],
      "opinion_index": 0,
      "case_paths": [
        "/ri/121/0243-01"
      ]
    },
    {
      "cite": "697 A.2d 625",
      "category": "reporters:state_regional",
      "reporter": "A.2d",
      "case_ids": [
        12018347
      ],
      "pin_cites": [
        {
          "page": "628"
        }
      ],
      "opinion_index": 0,
      "case_paths": [
        "/a2d/697/0625-01"
      ]
    },
    {
      "cite": "681 A.2d 256",
      "category": "reporters:state_regional",
      "reporter": "A.2d",
      "case_ids": [
        7860352
      ],
      "pin_cites": [
        {
          "page": "261"
        }
      ],
      "opinion_index": 0,
      "case_paths": [
        "/a2d/681/0256-01"
      ]
    },
    {
      "cite": "870 A.2d 1029",
      "category": "reporters:state_regional",
      "reporter": "A.2d",
      "case_ids": [
        9020777
      ],
      "weight": 2,
      "opinion_index": 0,
      "case_paths": [
        "/a2d/870/1029-01"
      ]
    },
    {
      "cite": "1999 WL 1318843",
      "category": "reporters:specialty_west",
      "reporter": "WL",
      "opinion_index": 0
    },
    {
      "cite": "2000 WL 815867",
      "category": "reporters:specialty_west",
      "reporter": "WL",
      "opinion_index": 0
    },
    {
      "cite": "122 R.I. 32",
      "category": "reporters:state",
      "reporter": "R.I.",
      "case_ids": [
        5543874
      ],
      "weight": 2,
      "year": 1979,
      "pin_cites": [
        {
          "page": "36"
        },
        {
          "page": "817"
        }
      ],
      "opinion_index": 0,
      "case_paths": [
        "/ri/122/0032-01"
      ]
    },
    {
      "cite": "830 F.2d 1197",
      "category": "reporters:federal",
      "reporter": "F.2d",
      "case_ids": [
        1763462
      ],
      "pin_cites": [
        {
          "page": "1203"
        }
      ],
      "opinion_index": 0,
      "case_paths": [
        "/f2d/830/1197-01"
      ]
    },
    {
      "cite": "273 Wis.2d 192",
      "category": "reporters:state",
      "reporter": "Wis. 2d",
      "case_ids": [
        9183505
      ],
      "weight": 2,
      "year": 2004,
      "pin_cites": [
        {
          "page": "800"
        }
      ],
      "opinion_index": 0,
      "case_paths": [
        "/wis-2d/273/0192-01"
      ]
    },
    {
      "cite": "565 N.E.2d 1114",
      "category": "reporters:state_regional",
      "reporter": "N.E.2d",
      "case_ids": [
        11003411
      ],
      "pin_cites": [
        {
          "page": "1115"
        }
      ],
      "opinion_index": 0,
      "case_paths": [
        "/ne2d/565/1114-01"
      ]
    },
    {
      "cite": "614 F.2d 474",
      "category": "reporters:federal",
      "reporter": "F.2d",
      "case_ids": [
        1401620
      ],
      "pin_cites": [
        {
          "page": "478"
        }
      ],
      "opinion_index": 0,
      "case_paths": [
        "/f2d/614/0474-01"
      ]
    },
    {
      "cite": "759 F.2d 1",
      "category": "reporters:federal",
      "reporter": "F.2d",
      "case_ids": [
        388219
      ],
      "pin_cites": [
        {
          "page": "6-7"
        }
      ],
      "opinion_index": 0,
      "case_paths": [
        "/f2d/759/0001-01"
      ]
    },
    {
      "cite": "116 R.I. 245",
      "category": "reporters:state",
      "reporter": "R.I.",
      "case_ids": [
        12169938
      ],
      "weight": 2,
      "year": 1976,
      "pin_cites": [
        {
          "page": "249-50"
        },
        {
          "page": "403"
        }
      ],
      "opinion_index": 0,
      "case_paths": [
        "/ri/116/0245-01"
      ]
    },
    {
      "cite": "187 A.2d 142",
      "category": "reporters:state_regional",
      "reporter": "A.2d",
      "year": 1963,
      "pin_cites": [
        {
          "page": "146"
        }
      ],
      "opinion_index": 0
    },
    {
      "cite": "95 R.I. 357",
      "category": "reporters:state",
      "reporter": "R.I.",
      "case_ids": [
        4448156
      ],
      "year": 1963,
      "pin_cites": [
        {
          "page": "364"
        }
      ],
      "opinion_index": 0,
      "case_paths": [
        "/ri/95/0357-01"
      ]
    },
    {
      "cite": "156 A.2d 911",
      "category": "reporters:state_regional",
      "reporter": "A.2d",
      "year": 1959,
      "pin_cites": [
        {
          "page": "913",
          "parenthetical": "\" What constitutes laches is to be determined in the light of the circumstances of that particular case.' * * * Ordinarily it is a question of fact and is addressed to the sound discretion of the chancellor.\""
        }
      ],
      "opinion_index": 0
    },
    {
      "cite": "90 R.I. 205",
      "category": "reporters:state",
      "reporter": "R.I.",
      "case_ids": [
        4868175
      ],
      "year": 1959,
      "pin_cites": [
        {
          "page": "209",
          "parenthetical": "\" What constitutes laches is to be determined in the light of the circumstances of that particular case.' * * * Ordinarily it is a question of fact and is addressed to the sound discretion of the chancellor.\""
        }
      ],
      "opinion_index": 0,
      "case_paths": [
        "/ri/90/0205-01"
      ]
    },
    {
      "cite": "50 A. 848",
      "category": "reporters:state_regional",
      "reporter": "A.",
      "year": 1901,
      "pin_cites": [
        {
          "page": "850",
          "parenthetical": "\"'Laches in a legal significance is not mere delay, but delay that works a disadvantage to another.' \""
        }
      ],
      "opinion_index": 0
    },
    {
      "cite": "23 R.I. 449",
      "category": "reporters:state",
      "reporter": "R.I.",
      "case_ids": [
        4842944
      ],
      "year": 1901,
      "pin_cites": [
        {
          "page": "453",
          "parenthetical": "\"'Laches in a legal significance is not mere delay, but delay that works a disadvantage to another.' \""
        }
      ],
      "opinion_index": 0,
      "case_paths": [
        "/ri/23/0449-01"
      ]
    },
    {
      "cite": "104 R.I. 542",
      "category": "reporters:state",
      "reporter": "R.I.",
      "case_ids": [
        3049116
      ],
      "weight": 4,
      "year": 1968,
      "pin_cites": [
        {
          "page": "546",
          "parenthetical": "\"[A]s is well settled, laches does not arise out of delay alone but out of delay which, unexplained, operates to the prejudice of the other party.\""
        },
        {
          "page": "429",
          "parenthetical": "\"[A]s is well settled, laches does not arise out of delay alone but out of delay which, unexplained, operates to the prejudice of the other party.\""
        },
        {
          "page": "547"
        },
        {
          "page": "429"
        }
      ],
      "opinion_index": 0,
      "case_paths": [
        "/ri/104/0542-01"
      ]
    },
    {
      "cite": "961 F.2d 1339",
      "category": "reporters:federal",
      "reporter": "F.2d",
      "case_ids": [
        1863202
      ],
      "weight": 2,
      "pin_cites": [
        {
          "page": "1342"
        },
        {
          "page": "1342-43",
          "parenthetical": "upholding district court's holding that laches barred applicant's postconviction motion based on the district court's finding of an unexcused delay of seventeen years and prejudice to the government"
        }
      ],
      "opinion_index": 0,
      "case_paths": [
        "/f2d/961/1339-01"
      ]
    },
    {
      "cite": "466 A.2d 306",
      "category": "reporters:state_regional",
      "reporter": "A.2d",
      "case_ids": [
        7950773
      ],
      "weight": 2,
      "pin_cites": [
        {
          "page": "311"
        },
        {
          "page": "311",
          "parenthetical": "holding that the defense of laches requires a showing of \"negligence to assert a known right, seasonably coupled with prejudice to an adverse party\""
        }
      ],
      "opinion_index": 0,
      "case_paths": [
        "/a2d/466/0306-01"
      ]
    },
    {
      "cite": "671 N.E.2d 1190",
      "category": "reporters:state_regional",
      "reporter": "N.E.2d",
      "case_ids": [
        10823379
      ],
      "weight": 3,
      "pin_cites": [
        {
          "page": "1194"
        },
        {
          "page": "1195-96"
        },
        {
          "page": "1194"
        }
      ],
      "opinion_index": 0,
      "case_paths": [
        "/ne2d/671/1190-01"
      ]
    },
    {
      "cite": "352 S.C. 215",
      "category": "reporters:state",
      "reporter": "S.C.",
      "case_ids": [
        954074
      ],
      "weight": 2,
      "year": 2002,
      "pin_cites": [
        {
          "page": "202"
        }
      ],
      "opinion_index": 0,
      "case_paths": [
        "/sc/352/0215-01"
      ]
    },
    {
      "cite": "769 N.E.2d 1162",
      "category": "reporters:state_regional",
      "reporter": "N.E.2d",
      "case_ids": [
        9446235
      ],
      "weight": 2,
      "pin_cites": [
        {
          "page": "1167"
        },
        {
          "page": "1167",
          "parenthetical": "\"To succeed, the State must prove by a preponderance of the evidence that the [applicant] unreasonably delayed in seeking relief and that the State was prejudiced by the delay.\""
        }
      ],
      "opinion_index": 0,
      "case_paths": [
        "/ne2d/769/1162-01"
      ]
    },
    {
      "cite": "711 So.2d 66",
      "category": "reporters:state_regional",
      "reporter": "So. 2d",
      "case_ids": [
        11824149
      ],
      "weight": 2,
      "pin_cites": [
        {
          "page": "67"
        },
        {
          "page": "67",
          "parenthetical": "\"Laches is sustainable in a criminal case where there has been a lack of due diligence on the part of the defendant in bringing forth the claim and prejudice to the State.\""
        }
      ],
      "opinion_index": 0,
      "case_paths": [
        "/so2d/711/0066-01"
      ]
    },
    {
      "cite": "107 P.3d 384",
      "category": "reporters:state_regional",
      "reporter": "P.3d",
      "case_ids": [
        9020387
      ],
      "weight": 2,
      "pin_cites": [
        {
          "page": "388-91"
        },
        {
          "page": "389",
          "parenthetical": "\"[L]aches may be invoked against a stale claim where there is otherwise no time limitation to collateral attack\""
        }
      ],
      "opinion_index": 0,
      "case_paths": [
        "/p3d/107/0384-01"
      ]
    }
  ],
  "analysis": {
    "cardinality": 981,
    "char_count": 19902,
    "ocr_confidence": 0.698,
    "pagerank": {
      "raw": 2.5110321275808233e-07,
      "percentile": 0.8105273705146516
    },
    "sha256": "627e7c4a7e130fc9939d4f099099736f9c98cf635584d10eedf1df89120f4bc9",
    "simhash": "1:b78ff5f10dd78fdc",
    "word_count": 3297
  },
  "last_updated": "2024-02-27T17:40:50.851932+00:00",
  "provenance": {
    "date_added": "2019-08-29",
    "source": "Harvard",
    "batch": "2018"
  },
  "casebody": {
    "judges": [
      "Present: WILLIAMS, C.J., GOLDBERG, FLAHERTY, SUTTELL, and ROBINSON, JJ."
    ],
    "parties": [
      "Edward A. RASO v. Ashbel T. WALL, Jr., Director of the Department of Corrections et al."
    ],
    "opinions": [
      {
        "text": "OPINION\nPER CURIAM.\nThe applicant, Edward A. Raso, appeals from the Superior Court\u2019s denial of his application for postconviction relief, in which he sought to challenge the efficacy of the guilty plea that he had made on September 19, 1978. The applicant\u2019s basic contention is that the trial justice who presided over his criminal trial in 1973 erred when, in the face of an oral motion to withdraw the guilty plea (which oral motion was made on the day of sentencing), she proceeded to sentence him.\nThis case came before the Supreme Court for oral argument on November 8, 2004, pursuant to an order directing the parties to appear and show cause why the issues raised in this appeal should not be summarily decided. After hearing the arguments of counsel and examining the memoranda submitted by the parties, we are of the opinion that cause has not been shown and that this case should be summarily decided. Without reaching at this time the merits of Raso\u2019s argument concerning the motion to withdraw the guilty plea, we remand the case for a finding of whether his application for postconviction relief was barred by the doctrine of laches.\nFacts and Travel\nThe applicant was originally indicted on four separate charges of rape, kidnapping, sodomy, and robbery. These charges stemmed from the kidnapping and rape of a teenaged girl on Providence\u2019s East Side on August 15,1972.\nOn the third day of Raso\u2019s criminal trial (September 19, 1973), the state amended the indictment, retaining the charge of kidnapping, but reducing the other charges to the felony charge of being an accessory before the fact with respect to the other above-referenced crimes (viz., rape, sodomy, and robbery). That same day, Raso pled guilty to the charges contained in the amended indictment. After conducting a hearing, the Superior Court accepted the guilty plea.\nOn November 28, 1973, Raso appeared before the Superior Court for sentencing. At that time, Raso\u2019s counsel informed the court that, earlier that morning, Raso had told him of his desire to withdraw his guilty plea. Raso\u2019s counsel stated that, because Raso had informed him of his wishes only moments before the start of the sentencing hearing, he had been unable to file a written motion.\nRaso\u2019s counsel then made an oral motion to withdraw the guilty plea, and he asked that the court hear Raso so that his desire to withdraw his guilty plea would be reflected in the record. The court granted his request, and Raso was permitted to speak. He told the court that at the time that he pleaded guilty \u201c[he] didn\u2019t get too much sleep and [he] didn\u2019t understand it.\u201d He also told the court that he desired \u201canother chance to have a trial by a tj]ury.\u201d\nAfter hearing these statements, the trial justice responded as follows:\n\u201cMr. Raso, your attorney will file the necessary motion and you will have a hearing on the issue of whether or not you will be allowed to withdraw your plea and reinstate a plea of not guilty.\u201d\nRaso\u2019s counsel then requested that the sentencing proceeding be continued. The Superior Court denied this request over the objection of Raso\u2019s counsel. The trial justice proceeded to sentence Raso to concurrent sentences of twenty years for kidnapping and thirty-five years on each of the three accessory counts. There is no indication in the record that, after the sentencing proceedings on November 28, 1973, applicant\u2019s counsel ever actually filed a written motion to withdraw his guilty pleas.\nSome twenty-eight years later, in September 2001, Raso filed an application for postconviction relief pursuant to the Rhode Island Post Conviction Relief Act, asking the court to vacate his guilty plea and reinstate his plea of not guilty. See G.L. 1956 \u00a7\u00a7 10-9.1-1 through 10-9.1-9. The applicant urged, in the alternative, that the court order specific performance of the sentencing recommendation that the prosecution had made back in 1973. Counsel was appointed to represent him in connection with his application for postconviction relief.\nIn his application, Raso argued that the trial justice had abused her discretion when, on the day of sentencing in November of 1973, she opted not to allow him to withdraw his guilty plea and reinstate his plea of not guilty. He further argued that the prosecutor\u2019s sentencing recommendation and certain statements that the court made to applicant had unfairly induced him to plead guilty.\nOn January 28, 2003, a hearing was held with respect to the application for postcon-viction relief, after which the Superior Court denied Raso\u2019s application, holding that there was no basis to find that the sentencing court had \u201cacted improperly or that Raso did not know what he was doing when he entered the plea.\u201d The court chose not to reach the issue of whether the state\u2019s assertion of the doctrine of laches barred Raso\u2019s application. The applicant filed a motion to reconsider, which the Superior Court summarily denied. The applicant then timely appealed, and counsel was appointed to represent him on appeal.\nOn appeal, Raso again argues that the trial justice who presided over his criminal trial in 1973 erred when, in the face of his oral motion to withdraw his guilty plea (which oral motion was made on the day of sentencing, just before the sentencing proceeding), she proceeded to sentence him. The applicant argues that Rule 32(d) of the Superior Court Rules of Criminal Procedure requires that any motion to withdraw a guilty plea be heard prior to sentencing. In a closely related vein, Raso contends that the Superior Court erred in denying his request for a continuance prior to sentencing. The applicant also argues that he did not voluntarily, intelligently, and intentionally waive his right to a jury trial and that the Superior Court erred in denying his application for postconviction relief because it based its decision solely on the ground of laches. For reasons that will shortly become clear, we need not reach any of these contentions at this time.\nAnalysis\nThe state raised the affirmative defense of laches in this case, although it was not the basis for the decision of the court below (see note 5, supra). After careful consideration, we now hold that that venerable defense of laches may, in appropriate circumstances, be properly invoked by the state as an affirmative defense to an applicant\u2019s application for post-conviction relief.\nIf the instant application is indeed barred by laches, then it will not be necessary for the Superior Court or this Court to decide at this time whether a Rule 32(d) motion to withdraw a plea must always be heard and passed upon before sentencing. Accordingly, we are remanding this case to the Superior Court so that it may determine whether the instant application is barred by the doctrine of laches.\nAlthough we have not previously had occasion to apply the doctrine of laches in the context of an application for postcon-viction relief, appellate courts in several other states have applied the doctrine of laches to this type of application. See, e.g., Robbins v. People, 107 P.3d 384, 388-91 (Colo.2005); Wright v. State, 711 So.2d 66, 67 (Fla.Dist.Ct.App.1998); Walker v. State, 769 N.E.2d 1162, 1167 (Ind.Ct.App.2002); see also Whitehead v. State, 352 S.C. 215, 574 S.E.2d 200, 202 (2002).\nSection 10-9.1-3 provides that \u201cAn application [for postconviction relief] may be filed at any time.\u201d Although on its face, this language provides that there is no statutory limitation on the time in which an applicant may file an application for postconviction relief, the existence of such language does not preclude the application of the doctrine of laches. In our judgment, it would be absurd to read \u201cat any time\u201d as constituting a limitless \u201cOpen Sesame\u201d in which an applicant could file an application for postconviction relief at literally any time without weight being given to the possible prejudice to the state wrought by the passage of time. Accordingly, we construe the statutory term as meaning at any reasonable time. See Robbins, 107 P.3d at 389 (\u201c[L]aches may be invoked against a stale claim where there is otherwise no time limitation to collateral attack\u201d); Lile v. State, 671 N.E.2d 1190, 1194 (Ind.Ct.App.1996) (\u201cWhile post-conviction relief is available at any time, the right to relief may be directly or impliedly waived\u201d).\nThis Court has held that the defense of laches requires a showing of \u201cnegligence to assert a known right, seasonably coupled with prejudice to an adverse party.\u201d Rodriques v. Santos, 466 A.2d 306, 311 (R.I.1983).\nIn those jurisdictions that have permitted the invocation of the doctrine of laches to bar a long-delayed application for postconviction relief, it has been held that the state has the burden of proving by a preponderance of the evidence that the applicant unreasonably delayed in seeking relief and that the state is prejudiced by the delay. See, e.g., Wright, 711 So.2d at 67 (\u201cLaches is sustainable in a criminal case where there has been a lack of due diligence on the part of the defendant in bringing forth the claim and prejudice to the State.\u201d); Walker, 769 N.E.2d at 1167 (\u201cTo succeed, the State must prove by a preponderance of the evidence that the [applicant] unreasonably delayed in seeking relief and that the State was prejudiced by the delay.\u201d); see also Oliver v. United States, 961 F.2d 1339, 1342 (7th Cir.1992) (\u201cThis doctrine [of laches] requires more than mere delay \u2014 the [applicant\u2019s] delay must be inexcusable as well as prejudicial to the government.\u201d). We adopt these criteria, which are consistent with the criteria that we have long used when laches has been asserted as an affirmative defense in civil cases. See, e.g., Rodrigues, 466 A.2d at 311 (holding that the defense of laches requires a showing of \u201cnegligence to assert a known right, seasonably coupled with prejudice to an adverse party\u201d); see also Pukas v. Pukas, 104 R.I. 542, 546, 247 A.2d 427, 429 (1968) (\u201c[A]s is well settled, laches does not arise out of delay alone but out of delay which, unexplained, operates to the prejudice of the other party.\u201d); Gorham v. Sayles, 23 R.I. 449, 453, 50 A. 848, 850 (1901) (\u201c\u2018Laches in a legal significance is not mere delay, but delay that works a disadvantage to another.\u2019 \u201d).\nWhether or not there has been unreasonable delay and whether prejudice to the adverse party has been established are both questions of fact, and a determination must be made in light of the circumstances of the particular case. Lombardi v. Lombardi, 90 R.I. 205, 209, 156 A.2d 911, 913 (1959) (\u201c What constitutes laches is to be determined in the light of the circumstances of that particular case.\u2019 * * * Ordinarily it is a question of fact and is addressed to the sound discretion of the chancellor.\u201d); see also Pukas, 104 R.I. at 547, 247 A.2d at 429; Arcand v. Haley, 95 R.I. 357, 364, 187 A.2d 142, 146 (1963).\nIn this case, the Superior Court has not made a finding as to whether or not the state can satisfy its burden of proving that Raso unreasonably delayed in seeking relief and as to the existence of prejudice to the prosecution. See Oliver, 961 F.2d at 1342-43 (upholding district court\u2019s holding that laches barred applicant\u2019s postconviction motion based on the district court\u2019s finding of an unexcused delay of seventeen years and prejudice to the government); Lile, 671 N.E.2d at 1195-96. Therefore, we remand this case to the Superior Court for it to make the necessary factual findings and conclusions of law with respect to the laches issue.\nConclusion\nFor the reasons stated herein, we remand this case to the Superior Court for further proceedings consistent with this opinion. The record may be returned to the Superior Court.\n. The sentences imposed by the Superior Court on November 28, 1973 were to run consecutively to a twelve-year sentence applicant was then serving for violating his probation with respect to an unrelated conviction. Two days later, on November 30, the Superi- or Court reduced to twenty years Raso\u2019s sentence on the charge of being an accessory before the fact of sodomy, since the court's initial sentence of thirty five years exceeded the statutory maximum.\n.General Laws 1956 \u00a7 10-9.1-1 provides:\n\"(a) Any person who has been convicted of, or sentenced for, a crime, a violation of law, or a violation of probationary or deferred sentence status and who claims:\n(1) That the conviction or the sentence was in violation of the constitution of the United States or the constitution or laws of this state;\n(2) That the court was without jurisdiction to impose sentence;\n(3) That the sentence exceeds the maximum authorized by law, or is otherwise not in accordance with the sentence authorized by law;\n(4) That there exists evidence of material facts, not previously presented and heard, that requires vacation of the conviction or sentence in the interest of justice;\n(5) That his or her sentence has expired, his or her probation, parole, or conditional release unlawfully revoked, or he or she is otherwise unlawfully held in custody or other restraint; or\n(6) That the conviction or sentence is otherwise subject to collateral attack upon any ground of alleged error heretofore available under any common law, statutory or other writ, motion, petition, proceeding, or remedy;\nmay institute, without paying a filing fee, a proceeding under this chapter to secure relief.\u201d\n. The sentences originally imposed by the Superior Court exceeded those recommended by the state. The Attorney General had recommended concurrent sentences of twenty-seven years for rape and twenty years each for kidnapping, sodomy, and robbery, all to be retroactive to November 11, 1972.\n. It should be remembered that the trial justice in 1973 did not definitively deny the motion to withdraw the plea, but simply declined to continue the scheduled sentencing proceeding.\n. In ruling upon the application for postcon-viction relief, the court made the following statement with respect to the laches issue: \"There is considerable common sense and legal support for the State\u2019s argument regarding [laches] in the context of this case. I\u2019ve adverted to the death and retirement of key figures in this scenario, and while I think the State could prevail on that, I don\u2019t have to reach that * \u215e\n. The last contention is plainly erroneous \u2014 as the Superior Court's rescript opinion makes clear.\n. It is of little moment in this context whether we apply the conceptual label \"laches\u201d or \"waiver\u201d to the affirmative defense at issue here. Laches and waiver are first cousins \u2014 if indeed they are not siblings. See, e.g., Lile v. State, 671 N.E.2d 1190, 1194 (Ind.Ct.App.1996) (\"In a post-conviction proceeding, the State may raise the affirmative defense of laches, which acts as a legitimate waiver of the [applicant's] right to challenge a judgment.\u201d).\n. Although the concept of laches originated in the courts of chancery, it is today often employed in situations in which the relief sought is not readily classifiable as equitable in nature. See, e.g., Latham v. State Department of Education, 116 R.I. 245, 249-50, 355 A.2d 400, 403 (1976); see also S.E.R., Jobs for Progress, Inc., v. United States, 759 F.2d 1, 6-7 (Fed.Cir.1985); Environmental Defense Fund, Inc. v. Alexander, 614 F.2d 474, 478 (5th Cir.1980); Smith v. State, 565 N.E.2d 1114, 1115 (Ind.Ct.App.1991); State v. Evans, 273 Wis.2d 192, 682 N.W.2d 784, 800 (2004); see generally Puleio v. Vose, 830 F.2d 1197, 1203 (1st Cir.1987) (\"The law ministers to the vigilant not to those who sleep upon perceptible rights. Like any litigant, a criminal defendant cannot routinely be rewarded for somnolence and lassitude.\u201d).\n.Rule 32(d) of the Superior Court Rules of Criminal Procedure provides in pertinent part that \"[a] motion to withdraw a plea of guilty or of nolo contendere may be made only before sentence is imposed \u215c * \u215b.\u201d In accordance with that rule, this Court has refused to consider an applicant's application for post-conviction relief on the grounds that the \"imposition of the sentence preceded the filing of that motion.\u201d State v. Williams, 122 R.I. 32, 36, 404 A.2d 814, 817 (1979).\nRule 32(d) does not explicitly indicate when a motion to withdraw a plea should be heard and decided. Whether the present applicant is entitled to postconviction relief due to the fact that sentencing occurred in this case even though an oral Rule 32(d) motion had been made in open court prior to the sentencing proceeding is an issue that need not be decided in this case if it is determined that the application for postconviction relief is barred by laches. (We would make the same observation with respect to applicant's allegation that he was unfairly induced to plead guilty.)\n. The state's brief has brought to our attention two decisions by the Superior Court to this effect. Girard v. State, 2000 WL 815867 (R.I.Super.2000); Joost v. State, 1999 WL 1318843 (R.I.Super.2000).\n. Although the \"plain meaning\u201d approach to statutory construction is generally both salutary and also respectful of the concept of tripartite government, said approach (like all approaches to statutory construction) is not without qualifiers. Chief among those qualifiers is the principle that the plain meaning approach is not to be adhered to when it would lead to an absurd result. As we stated very recently in the case of State v. Santos, 870 A.2d 1029 (R.I.2005): \"[I]n abiding by the plain meaning rule, we remain mindful of the corollary principle that we 'will not construe a statute to reach an absurd result.' \" Id. at 1032 n. 5 (quoting Kaya v. Partington, 681 A.2d 256, 261 (R.I.1996)); see also LaPlante v. Honda North America, Inc., 697 A.2d 625, 628 (R.I.1997) (\"[T]his Court will adopt a construction that avoids an absurd or unjust result.\u201d); Berthiaume v. School Committee of Woonsocket, 121 R.I. 243, 247, 397 A.2d 889, 892 (1979) (\"[W]e adhere to the canon that statutes should not be construed to achieve meaningless or absurd results.\u201d).\nWe also note that this Court\u2019s adherence to the \u201cavoid absurd results\u201d canon of statutory interpretation is consistent with the traditional jurisprudential approach of American courts. See, e.g., Church of the Holy Trinity v. United States, 143 U.S. 457, 12 S.Ct. 511, 36 L.Ed. 226 (1892); United States v. Kirby, 7 Wall. 482, 74 U.S. 482, 19 L.Ed. 278 (1868).\n.Generally, a party asserting the affirmative defense of laches bears the burden of proof with respect to that defense. See Rule 8(c) Superior Court Rules of Civil Procedure (listing laches as an affirmative defense); see also DeCosta v. Viacom International, Inc., 758 F.Supp. 807, 815 (D.R.I.1991) (\"Laches is an affirmative defense that must be proven by the party asserting it.\u201d), rev\u2019d on other grounds, 981 F.2d 602 (1st Cir.1992).\n. We do not exclude the possibility of summary judgment being granted on the ground of laches in a particular case. We cannot determine at this juncture whether the case at bar is such a case.\n. At the January 28, 2003 hearing before the Superior Court, the state offered the following argument in support of its position that laches should bar this action;\n\"[I]t is just at this point in time unduly prejudicial to the State to expect the State to go back and resurrect a case like this. People will not be available, recollections will be blurred. It might be virtually impossible at this point in time, 20 some years later to try Mr. Raso for the crimes of which he pled to.\u201d\nThere may well be much merit in this argument, but it will be necessary for the state on remand to present evidence to substantiate these contentions.",
        "type": "majority",
        "author": "PER CURIAM."
      }
    ],
    "attorneys": [
      "Richard K. Corley, for Plaintiff.",
      "Christopher R. Bush, for Defendants."
    ],
    "corrections": "",
    "head_matter": "Edward A. RASO v. Ashbel T. WALL, Jr., Director of the Department of Corrections et al.\nNo. 2003-73-C.A.\nSupreme Court of Rhode Island.\nAug. 23, 2005.\nRichard K. Corley, for Plaintiff.\nChristopher R. Bush, for Defendants.\nPresent: WILLIAMS, C.J., GOLDBERG, FLAHERTY, SUTTELL, and ROBINSON, JJ."
  },
  "file_name": "0391-01",
  "first_page_order": 423,
  "last_page_order": 429
}
