{
  "id": 11173759,
  "name": "NATIONWIDE MUTUAL INSURANCE COMPANY v. Deborah L. WICKETT and James Pesce, Co-Administrators of the Estate of John Richard Pesce and Deborah L. Wickett and James A. Pesce, Individually and in their Own Right as the Surviving Natural Children and Next of Kin of John Richard Pesce, Deceased v. Huron Insurance Company. Appeal of Huron Insurance Company. Walter Robert Hollobaugh and Ruth A. Hollobaugh v. Louis Pesce, Pesce Metal Fabricating Inc., Wilbert McMillen, Jr., State Farm Mutual Automobile Insurance and Huron Insurance Company. Appeal of Huron Insurance Company. Deborah L. Wickett and James A. Pesce, Co Administrators of the Estate of John Richard Pesce and Deborah L. Wickett and James A. Pesce, Individually and in their Own Right as the Surviving Natural Children and Next of Kin of John Richard Pesce, Deceased v. Louis Pesce Individually and as Agent, Servant and Employee of Pesce Metal Fabricating Inc., Pesce Metal Fabricating Inc., A Business Corporation, Wilbert McMillen, Nationwide Mutual Insurance Company and Huron Insurance Company. Appeal of Huron Insurance Company",
  "name_abbreviation": "Nationwide Mutual Insurance v. Wickett",
  "decision_date": "2000-12-22",
  "docket_number": "",
  "first_page": "813",
  "last_page": "819",
  "citations": [
    {
      "type": "official",
      "cite": "763 A.2d 813"
    }
  ],
  "court": {
    "name_abbreviation": "Pa.",
    "id": 8832,
    "name": "Supreme Court of Pennsylvania"
  },
  "jurisdiction": {
    "id": 6,
    "name_long": "Pennsylvania",
    "name": "Pa."
  },
  "cites_to": [
    {
      "cite": "692 A.2d 1089",
      "category": "reporters:state_regional",
      "reporter": "A.2d",
      "case_ids": [
        468736,
        11919873
      ],
      "weight": 2,
      "year": 1997,
      "pin_cites": [
        {
          "page": "1095",
          "parenthetical": "emphasis in original"
        }
      ],
      "opinion_index": 0,
      "case_paths": [
        "/pa/547/0693-01",
        "/a2d/692/1089-01"
      ]
    },
    {
      "cite": "547 Pa. 693",
      "category": "reporters:state",
      "reporter": "Pa.",
      "case_ids": [
        468736
      ],
      "year": 1997,
      "opinion_index": 0,
      "case_paths": [
        "/pa/547/0693-01"
      ]
    },
    {
      "cite": "688 A.2d 177",
      "category": "reporters:state_regional",
      "reporter": "A.2d",
      "case_ids": [
        7347211,
        947427
      ],
      "year": 1996,
      "opinion_index": 0,
      "case_paths": [
        "/a2d/688/0177-01",
        "/pa-super/455/0295-01"
      ]
    },
    {
      "cite": "455 Pa.Super. 295",
      "category": "reporters:state",
      "reporter": "Pa. Super.",
      "case_ids": [
        947427
      ],
      "year": 1996,
      "opinion_index": 0,
      "case_paths": [
        "/pa-super/455/0295-01"
      ]
    },
    {
      "cite": "131 A. 265",
      "category": "reporters:state_regional",
      "reporter": "A.",
      "year": 1925,
      "pin_cites": [
        {
          "page": "268"
        }
      ],
      "opinion_index": 1
    },
    {
      "cite": "284 Pa. 455",
      "category": "reporters:state",
      "reporter": "Pa.",
      "case_ids": [
        1092095
      ],
      "year": 1925,
      "pin_cites": [
        {
          "page": "463"
        }
      ],
      "opinion_index": 1,
      "case_paths": [
        "/pa/284/0455-01"
      ]
    },
    {
      "cite": "692 A.2d 1089",
      "category": "reporters:state_regional",
      "reporter": "A.2d",
      "case_ids": [
        468736,
        11919873
      ],
      "year": 1997,
      "pin_cites": [
        {
          "page": "1095"
        }
      ],
      "opinion_index": 1,
      "case_paths": [
        "/pa/547/0693-01",
        "/a2d/692/1089-01"
      ]
    },
    {
      "cite": "547 Pa. 693",
      "category": "reporters:state",
      "reporter": "Pa.",
      "case_ids": [
        468736
      ],
      "year": 1997,
      "pin_cites": [
        {
          "page": "706-07"
        }
      ],
      "opinion_index": 1,
      "case_paths": [
        "/pa/547/0693-01"
      ]
    }
  ],
  "analysis": {
    "cardinality": 682,
    "char_count": 17422,
    "ocr_confidence": 0.691,
    "pagerank": {
      "raw": 4.03580807328026e-08,
      "percentile": 0.23826833147415158
    },
    "sha256": "1891bb8584d6de9d8eaee1517e486b6f26079d7c044de314ccf366c7de493cae",
    "simhash": "1:8f6df2f21e6c8fac",
    "word_count": 2697
  },
  "last_updated": "2024-02-27T19:12:32.564709+00:00",
  "provenance": {
    "date_added": "2019-08-29",
    "source": "Harvard",
    "batch": "2018"
  },
  "casebody": {
    "judges": [
      "Before FLAHERTY, C.J., and ZAPPALA, CAPPY, CASTILLE, NIGRO, NEWMAN and SAYLOR, JJ."
    ],
    "parties": [
      "NATIONWIDE MUTUAL INSURANCE COMPANY v. Deborah L. WICKETT and James Pesce, Co-Administrators of the Estate of John Richard Pesce and Deborah L. Wickett and James A. Pesce, Individually and in their Own Right as the Surviving Natural Children and Next of Kin of John Richard Pesce, Deceased v. Huron Insurance Company. Appeal of Huron Insurance Company. Walter Robert Hollobaugh and Ruth A. Hollobaugh v. Louis Pesce, Pesce Metal Fabricating Inc., Wilbert McMillen, Jr., State Farm Mutual Automobile Insurance and Huron Insurance Company. Appeal of Huron Insurance Company. Deborah L. Wickett and James A. Pesce, Co Administrators of the Estate of John Richard Pesce and Deborah L. Wickett and James A. Pesce, Individually and in their Own Right as the Surviving Natural Children and Next of Kin of John Richard Pesce, Deceased v. Louis Pesce Individually and as Agent, Servant and Employee of Pesce Metal Fabricating Inc., Pesce Metal Fabricating Inc., A Business Corporation, Wilbert McMillen, Nationwide Mutual Insurance Company and Huron Insurance Company. Appeal of Huron Insurance Company."
    ],
    "opinions": [
      {
        "text": "OPINION\nNIGRO, Justice.\nWe granted allowance of appeal in order to consider whether the Superior Court erred in finding that the trial court\u2019s orders sustaining preliminary objections in the nature of demurrers in actions brought pursuant to the Declaratory Judgment Act were not immediately appealable final orders pursuant to Pa.R.A.P. 341(b)(2). For the reasons that follow, we reverse.\nThe facts and somewhat convoluted procedural history underlying the instant appeal are as follows: On March 8, 1994, John Pesce, Walter Hollobaugh and Louis Pesce, employees of Pesce Metal Fabricating (PMF), were involved in a car accident while acting in the scope of their employment. The vehicle in which they were traveling, which was owned by PMF and was being operated by Louis Pesce, crossed the center line and collided with a vehicle being operated by Wilbert C. McMillen. John Pesce (the decedent) died as a result of the accident, while Walter Hollobaugh and Louis Pesce sustained non-fatal injuries. The decedent and Walter Hollobaugh were covered by individual automobile liability insurance policies. PMF was covered by an automobile liability insurance policy with Appellant Huron Insurance Company (Huron), which included underinsured motorist coverage.\nWalter Hollobaugh and the two surviving children of the decedent (decedent\u2019s estate) filed two separate actions against Louis Pesce, PMF, Wilbert C. McMillen, Huron and their individual first party automobile insurance carriers. Each of their complaints sought a declaration of their rights with respect to the defendants, and specifically sought a declaration that the Workers\u2019 Compensation Act did not prohibit them from recovering underinsured benefits from Huron. Huron, PMF and Louis Pesce filed preliminary objections in the nature of a demurrer in both actions. In the demurrers, Huron argued that the exclusivity provisions of the Workers\u2019 Compensation Act, in conjunction with relevant portions of the Motor Vehicle Financial Responsibility Law in effect at the time of the accident, specifically precluded employees who had been injured in the course and scope of their employment from recovering underinsured motorist benefits from their employer\u2019s insurer. Likewise, PMF and Louis Pesce argued in the demurrers that the Workers\u2019 Compensation Act precluded recovery in a civil action against employers and co-employees for injuries sustained in the course and scope of employment. On September 9, 1996, the trial court entered orders sustaining the preliminary objections and dismissed the complaints as to Huron, PMF and Louis Pesce. The trial court\u2019s orders dismissing Huron, PMF and Louis Pesce from each case were docketed on September 20, 1996. No exceptions, motions for reconsideration or appeals were filed regarding them.\nOn December 11, 1996, Nationwide Insurance Company (Nationwide), the decedent\u2019s individual automobile insurance carrier, filed a declaratory judgment action seeking a declaration, inter alia, that the coverage available to the decedent under the Huron policy and under the Workers\u2019 Compensation Act precluded the decedent\u2019s estate from recovering uninsured or underinsured benefits under the decedent\u2019s Nationwide policy. On January 7, 1997, the decedent\u2019s estate filed an answer and counterclaim. Three days later, on January 10, 1997, the decedent\u2019s estate filed a complaint to join Huron as an additional defendant in the Nationwide action based on the Superior Court\u2019s then newly-issued decision in Warner v. Continental/CNA Ins. Cos., 455 Pa.Super. 295, 688 A.2d 177 (1996), in which the court held that the exclusivity provisions of the Workers\u2019 Compensation Act did not preclude an injured employee from recovering underin-sured benefits under his employer\u2019s liability insurance policy. Huron filed preliminary objections, seeking dismissal of the complaint to join based on the doctrines of res judicata and collateral estoppel. By opinion and order dated October 29, 1997, the trial court denied Huron\u2019s preliminary objections to the joinder complaint in the Nationwide declaratory judgment action. That same day, the trial court entered two separate orders, sua sponte, in the declaratory judgment actions filed by Hollo-baugh and the decedent\u2019s estate reversing its September 9, 1996 orders sustaining Huron\u2019s preliminary objections. By way of explanation, the trial court\u2019s opinion indicated that Huron\u2019s preliminary objections in the nature of a demurrer were no longer valid in light of the Superior Court\u2019s decision in Warner. Huron filed motions requesting reconsideration or, in the alternative, that the trial court\u2019s orders be amended pursuant to 42 Pa.C.S. \u00a7 702(b) to permit immediate appeals. On November 13, 1997, the trial court denied Huron\u2019s motions for reconsideration, but granted its motions to amend its October 29, 1997 orders, thereby facilitating immediate appeals to the Superior Court.\nHuron filed three separate Petitions for Permission to Appeal to the Superior Court from the trial court\u2019s October 29, 1997 orders, as amended on November 13, 1997. The Superior Court granted all three Petitions on January 16, 1998, and later consolidated the appeals. Thereafter, on December 22, 1998, the Superior Court entered an order and memorandum opinion affirming all three of the trial court\u2019s October 29, 1997 orders as amended on November 13,1997.\nOn appeal to this Court, Huron argues that the Superior Court erred in affirming the trial court\u2019s October 29, 1997 orders because the trial court had no jurisdiction to enter them. Specifically, Huron contends that the trial court\u2019s September 9, 1996 orders sustaining Huron\u2019s preliminary. objections in the nature of a demurrer constituted immediately appealable final orders pursuant to Pa.R.A.P. 341(b)(2) and 42 Pa.C.S. \u00a7 7532. Thus, Huron posits that the trial court was without jurisdiction to reconsider them more than thirty days after their entry. See 42 Pa.C.S. \u00a7 5505. We agree, and therefore reverse the Superior Court.\nPursuant to Pa.R.A.P. 341(b)(2), an order is final if it is expressly so defined by a statute. Huron argues that the trial court\u2019s orders of September 9, 1996 constituted final orders under Pa.R.A.P. 341(b)(2) because they were expressly so defined pursuant to Section 7532 of the Declaratory Judgment Act, 42 Pa.C.S. \u00a7 7532. Section 7532 provides that:\nCourts of record, within their respective jurisdictions, shall have the power to declare rights, status, and other legal relations whether or not further relief is or could be claimed. No action or proceeding shall be open to objection on the ground that a declaratory judgment or decree is prayed for. The declaration may be either affirmative or negative in form and effect, and such declarations shall have the force and effect of a final judgment or decree.\n42 Pa.C.S. \u00a7 7532. There can be no disputing that Section 7532 defines any order in a declaratory judgment action that either affirmatively or negatively declares \u201crights, status, and other legal relations\u201d as a final order. Thus, we must determine whether the trial court\u2019s September 9, 1996 orders granting Huron\u2019s preliminary objections in the nature of a demurrer either affirmatively or negatively declared the rights of the parties. If the orders at issue did in fact affirmatively or negatively declare the rights of the parties, then they constituted immediately appealable final orders pursuant to Pa.R.A.P. 341(b)(2). If no such declarations were made, then the orders were merely interlocutory, and the trial court retained jurisdiction to reconsider them.\nAs a general matter, preliminary objections in the nature of a demurrer allege that a pleading is, quite simply, legally insufficient. Pa.R.C.P. 1028(a)(4). Huron\u2019s preliminary objections in the underlying declaratory judgment actions alleged that the Workers\u2019 Compensation Act provided the exclusive remedy available to Hollobaugh and the decedent\u2019s estate, and that relevant portions of the Motor Vehicle Financial Responsibility Law in effect at the time of the accident specifically precluded recovery of underinsured motorist benefits from an employer or the employer\u2019s automobile insurer. By granting the preliminary objections, the trial court essentially concluded that there was no legal basis upon which Hollobaugh or the decedent\u2019s estate could recover underinsured motorist benefits from Huron. In so doing, the trial court effectively declared the legal rights of the parties, notwithstanding Appellees\u2019 assertions to the contrary. Nevertheless, the Superior Court concluded that the orders did not meet the definition of declaratory judgments under Section 7532, because the orders failed to explicitly state that a declaratory judgment was being entered against Hollo-baugh and the decedent\u2019s estate.\nThe Superior Court read the statutory language from Section 7532 that \u201c[t]he declaration may be either affirmative or negative in form and effect\u201d as requiring the courts to make explicit in their declaratory judgment orders that they are entering a declaratory judgment in favor of or against the requesting party. The Superior Court noted that by reading such a requirement into the above-quoted statutory language, possible confusion over the appealability of such orders would be avoided because declaratory judgment orders not identifying themselves as such would not be considered final orders for purposes of Pa.R.A.P. 341(b)(2). However, the plain language of Section 7532 does not support the Superior Court\u2019s expansive interpretation of its terms, and the rales of statutory construction do not permit courts to ignore the plain and unambiguous language of a statute in a supposed pursuit of either its spirit or an unstated legislative intent. 1 Pa.C.S. \u00a7 1921(b). The language quoted by the Superior Court from Section 7532, given its plain meaning, does not impose any specific requirements on courts seeking to enter declaratory judgment orders. Rather, it affords the courts broad discretion in crafting declaratory judgment orders by permitting such orders to be either affirmative or negative in form and effect. By way of illustration, the trial court\u2019s September 9, 1996 orders were affirmative in form, sustaining Huron\u2019s preliminary objections in the nature of a. demurrer, and therefore dismissing the complaints as to Huron. However, the trial court\u2019s orders were decidedly negative in effect, because they declared the rights and duties of the parties under the law adversely to Appellees, the parties originally seeking an affirmative declaration of their rights. That is, the trial court\u2019s orders effectively declared that Hollobaugh and decedent\u2019s estate had no legal basis upon which to claim underin-sured motorist benefits from Huron, and thereby negatively declared their rights.\nSection 7532 simply states that an order in a declaratory judgment action that either affirmatively or negatively declares the rights and duties of the parties constitutes a final order. As the above discussion explains, that is exactly what the trial court\u2019s September 9, 1996 orders did. Therefore, the trial court\u2019s orders constituted final orders pursuant to Pa.R.A.P. 341(b)(2), and the trial court was without jurisdiction to reconsider them more than thirty days after their entry. See 42 Pa. C.S. \u00a7 5505. Accordingly, we reverse the orders of the Superior Court affirming the trial court\u2019s October 29, 1997 orders as amended on November 13,1997.\nJustice SAYLOR files a dissenting opinion.\n. 42 Pa.C.S. \u00a7\u00a7 7531 et seq.\n. The decedent's children filed the action as co-administrators of his estate and in their own right as his surviving natural children.\n. 77 P.S. \u00a7\u00a7 1 et seq.\n. 75 Pa.C.S. \u00a7\u00a7 1701 et seq.\n. The complaint to join filed by the decedent\u2019s estate also included a request that the trial court reverse its September 9, 1996 order granting Huron\u2019s preliminary objections based on the Superior Court\u2019s holding in Warner.\n. In their brief to this Court, Appellees argue that for an order to be considered final pursuant to Pa.R.A.P. 341(b)(2), it must dispose of all claims and of all parties. Appellees' argument is misplaced, as it ignores the plain language of Pa.R.A.P. 341(b). Pa.R.A.P. 341(b) provides as follows:\n(b) Definition of Final Order. A final order is any order that:\n(1) disposes of all claims and of all parties; or\n(2) any order that is expressly defined as a final order by statute; or\n(3) any order entered as a final order pursuant to subdivision (c) of this rule.\nPa.R.A.P. 341(b) (emphasis added). As this Court previously stated in General Accident Ins. Co. of Am. v. Allen, 547 Pa. 693, 692 A.2d 1089 (1997), the plain language of Pa.R.A.P. 341(b) provides that \u201can order is final and appealable if it disposes of all claims or if a statute expressly defines it as final.\u201d Id. at 705, 692 A.2d at 1095 (emphasis in original). Thus, Appellees\u2019 contention that the trial court's September 9, 1996 orders cannot be considered final orders pursuant to Pa.R.A.P. 341(b)(2) because they did not dispose of all parties and all claims is without merit.\n. In its opinion accompanying its September 9, 1996 orders, the trial court stated that: \"In substance, plaintiff[s] are asking this Court to determine that the exclusivity provisions of the Worker\u2019s [sic] Compensation Act do not extend to automobile insurers of an employer where death or injury occurs in a work-related automobile accident.\u201d (Trial Ct. Op., 9/9/96, at 7; R.R. at 43.) Analyzing the merits of Huron's demurrers, the trial court concluded that Hollobaugh and the decedent\u2019s estate were not legally entitled to the determination they sought, because the exclusivity provisions of the Workers\u2019 Compensation Act, in conjunction with relevant portions of the Motor Vehicle Financial Responsibility Law, precluded them from recovering underin-sured motorist benefits from Huron. Accordingly, the trial court granted Huron\u2019s preliminary objections in the nature of demurrers and dismissed it from the complaints.",
        "type": "majority",
        "author": "NIGRO, Justice."
      },
      {
        "text": "SAYLOR, Justice,\ndissenting.\nIn this appeal, the majority adopts a reasonable, plain-meaning construction of Pennsylvania Rule of Appellate Procedure 341(b)(2) as it relates to the Declaratory Judgments Act, and its reasoning appears to follow from the Court\u2019s prior decision in General Accident Ins. Co. of Am. v. Allen, 547 Pa. 693, 706-07, 692 A.2d 1089, 1095 (1997). Nevertheless, since the opinion ultimately rests upon an interpretation of the intention of the General Assembly, I am troubled by the absence of any express indication within the Declaratory Judgments Act to the effect that the Legislature wished to alter the usual rules of appealability in the context of declaratory judgment proceedings, as has been included within other enactments when the purpose is as such. See, e.g., 42 Pa.C.S. \u00a7 7320 (providing -explicitly that appeals may be taken from various interlocutory orders, such as an order denying an application to compel arbitration). Moreover, the primary and direct purpose of the Declaratory Judgments Act, a version of the Uniform Declaratory Judgments Act, was to authorize courts to grant declaratory relief in the face of objections that such relief represented the giving of advisory opinions rather than the adjudication of controversies. See generally Petition of Ranker, 284 Pa. 455, 463, 131 A. 265, 268 (1925). As the language of Section 7532 pertaining to the finality of \u201cthe declaration\u201d is essential to this central purpose, I would read such language as aligning declaratory judgment jurisprudence with that which applies to civil actions generally, rather than as creating a separate and unique scheme for the appeal of otherwise interlocutory orders in declaratory judgment proceedings.",
        "type": "dissent",
        "author": "SAYLOR, Justice,"
      }
    ],
    "attorneys": [
      "Brian S. Kane, Pamela G. Cochenour, Pittsburgh, for Huron Ins. Co.",
      "Gerard R. Sorg, Ridgway, for Deborah L. Wickett and James A. Pesce.",
      "Richard A. Masson, Ridgway, for Walter & Ruth Hollobaugh.",
      "Richard W. Mutzabaugh, Bradford, Gregory S. Olsavick, Altoona, for Nationwide Mut. Ins. Co.",
      "William C. Wagner, Erie, for State Farm.",
      "Edwin Allen Young, Pittsburgh, Marce-line A. Lavelle, for McMillen."
    ],
    "corrections": "",
    "head_matter": "NATIONWIDE MUTUAL INSURANCE COMPANY v. Deborah L. WICKETT and James Pesce, Co-Administrators of the Estate of John Richard Pesce and Deborah L. Wickett and James A. Pesce, Individually and in their Own Right as the Surviving Natural Children and Next of Kin of John Richard Pesce, Deceased v. Huron Insurance Company. Appeal of Huron Insurance Company. Walter Robert Hollobaugh and Ruth A. Hollobaugh v. Louis Pesce, Pesce Metal Fabricating Inc., Wilbert McMillen, Jr., State Farm Mutual Automobile Insurance and Huron Insurance Company. Appeal of Huron Insurance Company. Deborah L. Wickett and James A. Pesce, Co Administrators of the Estate of John Richard Pesce and Deborah L. Wickett and James A. Pesce, Individually and in their Own Right as the Surviving Natural Children and Next of Kin of John Richard Pesce, Deceased v. Louis Pesce Individually and as Agent, Servant and Employee of Pesce Metal Fabricating Inc., Pesce Metal Fabricating Inc., A Business Corporation, Wilbert McMillen, Nationwide Mutual Insurance Company and Huron Insurance Company. Appeal of Huron Insurance Company.\nSupreme Court of Pennsylvania.\nArgued March 6, 2000.\nDecided Dec. 22, 2000.\nBrian S. Kane, Pamela G. Cochenour, Pittsburgh, for Huron Ins. Co.\nGerard R. Sorg, Ridgway, for Deborah L. Wickett and James A. Pesce.\nRichard A. Masson, Ridgway, for Walter & Ruth Hollobaugh.\nRichard W. Mutzabaugh, Bradford, Gregory S. Olsavick, Altoona, for Nationwide Mut. Ins. Co.\nWilliam C. Wagner, Erie, for State Farm.\nEdwin Allen Young, Pittsburgh, Marce-line A. Lavelle, for McMillen.\nBefore FLAHERTY, C.J., and ZAPPALA, CAPPY, CASTILLE, NIGRO, NEWMAN and SAYLOR, JJ."
  },
  "file_name": "0813-01",
  "first_page_order": 841,
  "last_page_order": 847
}
