{
  "id": 7862207,
  "name": "GENERAL ACCIDENT INSURANCE COMPANY OF AMERICA v. Rebecca CUDDY",
  "name_abbreviation": "General Accident Insurance Co. of America v. Cuddy",
  "decision_date": "1995-05-10",
  "docket_number": "No. 94-112-M.P.",
  "first_page": "13",
  "last_page": "18",
  "citations": [
    {
      "type": "official",
      "cite": "658 A.2d 13"
    }
  ],
  "court": {
    "name_abbreviation": "R.I.",
    "id": 10179,
    "name": "Supreme Court of Rhode Island"
  },
  "jurisdiction": {
    "id": 15,
    "name_long": "Rhode Island",
    "name": "R.I."
  },
  "cites_to": [
    {
      "cite": "110 R.I. 719",
      "category": "reporters:state",
      "reporter": "R.I.",
      "case_ids": [
        3146929
      ],
      "weight": 2,
      "year": 1972,
      "pin_cites": [
        {
          "page": "723"
        },
        {
          "page": "351"
        }
      ],
      "opinion_index": 0,
      "case_paths": [
        "/ri/110/0719-01"
      ]
    },
    {
      "cite": "164 A. 327",
      "category": "reporters:state_regional",
      "reporter": "A.",
      "weight": 3,
      "year": 1933,
      "pin_cites": [
        {
          "page": "328"
        }
      ],
      "opinion_index": 0
    },
    {
      "cite": "53 R.I. 101",
      "category": "reporters:state",
      "reporter": "R.I.",
      "case_ids": [
        5014649
      ],
      "year": 1933,
      "pin_cites": [
        {
          "page": "103"
        }
      ],
      "opinion_index": 0,
      "case_paths": [
        "/ri/53/0101-01"
      ]
    },
    {
      "cite": "419 A.2d 297",
      "category": "reporters:state_regional",
      "reporter": "A.2d",
      "case_ids": [
        7950583
      ],
      "pin_cites": [
        {
          "page": "301"
        }
      ],
      "opinion_index": 0,
      "case_paths": [
        "/a2d/419/0297-01"
      ]
    },
    {
      "cite": "62 Nw. U.L.Rev. 497",
      "category": "journals:journal",
      "reporter": "Nw. U. L. Rev.",
      "opinion_index": 0
    },
    {
      "cite": "574 A.2d 1243",
      "category": "reporters:state_regional",
      "reporter": "A.2d",
      "case_ids": [
        7389937
      ],
      "opinion_index": 0,
      "case_paths": [
        "/a2d/574/1243-01"
      ]
    },
    {
      "cite": "542 A.2d 245",
      "category": "reporters:state_regional",
      "reporter": "A.2d",
      "case_ids": [
        7869195
      ],
      "weight": 2,
      "pin_cites": [
        {
          "page": "248"
        },
        {
          "page": "247"
        }
      ],
      "opinion_index": 0,
      "case_paths": [
        "/a2d/542/0245-01"
      ]
    },
    {
      "cite": "583 A.2d 550",
      "category": "reporters:state_regional",
      "reporter": "A.2d",
      "case_ids": [
        7388933
      ],
      "weight": 2,
      "pin_cites": [
        {
          "page": "553"
        }
      ],
      "opinion_index": 0,
      "case_paths": [
        "/a2d/583/0550-01"
      ]
    },
    {
      "cite": "106 R.I. 311",
      "category": "reporters:state",
      "reporter": "R.I.",
      "case_ids": [
        3034313
      ],
      "weight": 2,
      "year": 1969,
      "pin_cites": [
        {
          "page": "318"
        },
        {
          "page": "413"
        }
      ],
      "opinion_index": 0,
      "case_paths": [
        "/ri/106/0311-01"
      ]
    },
    {
      "cite": "513 A.2d 18",
      "category": "reporters:state_regional",
      "reporter": "A.2d",
      "case_ids": [
        7923953
      ],
      "pin_cites": [
        {
          "page": "22"
        }
      ],
      "opinion_index": 0,
      "case_paths": [
        "/a2d/513/0018-01"
      ]
    },
    {
      "cite": "637 A.2d 1047",
      "category": "reporters:state_regional",
      "reporter": "A.2d",
      "case_ids": [
        7367681
      ],
      "weight": 2,
      "pin_cites": [
        {
          "page": "1050"
        }
      ],
      "opinion_index": 0,
      "case_paths": [
        "/a2d/637/1047-01"
      ]
    }
  ],
  "analysis": {
    "cardinality": 677,
    "char_count": 15186,
    "ocr_confidence": 0.723,
    "pagerank": {
      "raw": 5.181990422274443e-07,
      "percentile": 0.9399712106767615
    },
    "sha256": "7e09f1cce835e662d8d44233ee562531709b1386b43fbe89e2a92990f4d85c52",
    "simhash": "1:91c12e974d9ba161",
    "word_count": 2364
  },
  "last_updated": "2024-02-27T22:02:56.390696+00:00",
  "provenance": {
    "date_added": "2019-08-29",
    "source": "Harvard",
    "batch": "2018"
  },
  "casebody": {
    "judges": [],
    "parties": [
      "GENERAL ACCIDENT INSURANCE COMPANY OF AMERICA v. Rebecca CUDDY."
    ],
    "opinions": [
      {
        "text": "OPINION\nLEDERBERG, Justice.\nThis case came before the Supreme Court on the petition for certiorari of General Accident Insurance Company of America (General Accident or plaintiff). General Accident sought review of an order entered in the Superior Court that denied its motion for summary judgment. For the reasons stated below, we grant the petition. The facts and procedural history pertinent to the petition are as follows.\nOn May 25, 1990, Rebecca Cuddy (defendant) was involved in a collision with a car driven by Susan DiDonato (DiDonato) in East Greenwich, Rhode Island. The accident is the subject of a separate action pending in the Providence County Superior Court in which Cuddy alleges that she suffered severe and permanent injuries as a result of DiDonato\u2019s negligent operation of a motor vehicle.\nAt the time of the accident, DiDonato was insured by Nationwide Insurance Company (Nationwide) with liability insurance for bodily injury up to the amount of $300,000, and Cuddy was insured by General Accident with uninsured/underinsured coverage for bodily injury up to $500,000.\nIn October 1992, General Accident received a letter from Cuddy\u2019s attorney indicating that Cuddy was asserting a claim against the uninsured/underinsured motorist provisions of her policy as a result of the accident with DiDonato. In this letter, the attorney stated he was authorized to settle the suit for $80,000.\nGeneral Accident responded by commencing an action in Superior Court for declaratory judgment, pursuant to G.L.1956 (1985 Reenactment) chapter 30 of title 9, The Uniform Declaratory Judgments Act, asking that the court declare that plaintiff was not obligated to pay Cuddy any sums under the uninsured/underinsured motorist provisions of the General Accident policy until Cuddy demonstrated that her damages were in excess of the coverage provided by Nationwide, namely $300,000. As part of its suit, General Accident filed a motion for summary judgment, arguing that in order to trigger the underinsured motorist coverage, Cuddy\u2019s bodily injury damages must exceed DiDona-to\u2019s liability coverage to the extent that a deficiency would result that required supplemental coverage by General Accident. The plaintiff further asserted that Cuddy was entitled to recover only $80,000 (the amount of her settlement offer) from DiDonato because, General Accident claimed, that was the undisputed amount of defendant\u2019s damages.\nCuddy objected to General Accident\u2019s motion for summary judgment and argued that the motion should be denied. Cuddy contended that the material issue of the exact amount of her damages was still in dispute because the $80,000 settlement offer did not create an undisputed amount of damages. To support her contention, Cuddy attached to her objection an affidavit, alleging that in her opinion her bodily injury claim had a value in excess of $300,000, although ten months earlier she had authorized her attorney to offer to settle the claim for $80,000 \u201cin order to expedite settlement.\u201d Cuddy also stated that she had withdrawn her offer of settlement.\nAt a hearing on its motion for summary judgment on September 28, 1993, General Accident argued that it was not obligated to make any payment to Cuddy unless and until the recovery against DiDonato exceeded $300,000. General Accident also requested that the trial justice stay an arbitration proceeding that Cuddy sought against plaintiff. Cuddy in turn argued that the damages in the case were clearly in dispute.\nIn response to these arguments, the trial justice requested that the parties submit briefs in respect to the applicability to their positions of G.L.1956 (1989 Reenactment) \u00a7 27-7-2.1(B)(2), as amended by P.L.1990, ch. 340, \u00a7 1. This statute provides that a person entitled to recover damages is not required to make a claim against or bring an action against the uninsured/underinsured tortfeasor as a prerequisite to recovering damages from the insurer providing coverage to the tortfeasor. Id.\nThe hearing on the motion for summary judgment was resumed in Superior Court on November 30, 1993, at which time the arbitration between plaintiff and defendant was stayed. The justice, however, denied General Accident\u2019s motion for summary judgment on the basis of this court\u2019s ruling in an unpublished order, General Accident Insurance v. Prout, No. 91-20-A. (R.I., filed Sept. 16, 1991), (Prout), and ruled that Cud-dy would have to establish damages in excess of $300,000 in order to proceed against General Accident. An order was entered on January 5, 1994, denying General Accident\u2019s motion for summary judgment and staying any arbitration proceeding between the parties pending a full hearing on General Accident\u2019s request for declaratory judgment.\nGeneral Accident then filed a petition for certiorari with this court seeking review of the trial justice\u2019s decision; it argued that no further hearing on the merits was necessary for a determination of the purely legal issue of when an injured motorist may pursue his or her uninsured/underinsured motorist coverage. The petition was granted on June 22, 1994.\nAnalysis\nThe issue before this court on certiorari is whether \u00a7 27-7-2.1 requires a claimant to prove that his or her damages exceed the tortfeasor\u2019s limits of coverage before asserting an uninsured/under-insured motorist claim against the claimant\u2019s own uninsured/underinsured coverage. We hold that the statute does contain such a requirement and hold further that Cuddy failed to establish that her damages exceeded the limits of coverage of DiDonato\u2019s policy.\nSection 27-7-2.1 provides in pertinent part:\n\u201c(B)(1) For the purposes of this section \u2018uninsured motorist\u2019 shall include an un-derinsured motorist. An underinsured motorist is the owner or operator of a motor vehicle who carries automobile liability insurance with coverage in an amount less than the limits or damages that persons insured pursuant to this section are legally entitled to recover because of bodily injury, sickness, or disease, including death resulting therefrom.\n(2) A person entitled to recover damages pursuant to this section shall not be required to make a claim against or bring an action against the uninsured or underin-sured tortfeasor as a prerequisite to recover damages from the insurer providing coverage pursuant to this section. In the event that the person entitled to recover against an underinsured motorist recovers from the insurer providing coverage pursuant to this section, that insurer shall be entitled to subrogation rights against the underinsured motorist and his or her insurance carrier.\u201d (Emphasis added.)\nThe statute speaks of the underinsured\u2019s coverage in an amount less than the \u201climits or damages\u201d of the claimant. Cuddy, the claimant here, held coverage up to $500,000, while DiDonato\u2019s coverage extended to $300,-000. Cuddy argued that on the basis of this difference DiDonato met the statutory definition of an underinsured motorist, and therefore, Cuddy had an immediate and direct claim against her own underinsured coverage provided by General Accident. Under Cud-dy\u2019s view, she could conceivably have no damages at all and still be able to proceed with a direct claim against her underinsured coverage as long as the tortfeasor\u2019s coverage limits were less than her own.\nIt is axiomatic that this court will not construe a statute so as to result in an absurd outcome or to defeat the underlying purpose of the statute. In re Falstaff Brewing Corp., 637 A.2d 1047, 1050 (R.I.1994). If a mechanical application of a statutory definition produces such an effect, we look beyond the statute\u2019s language in order to give effect to the purpose of the act. Id. (quoting Labbadia v. State, 513 A.2d 18, 22 (R.I.1986)).\nThis court has previously held that \u00a7 27-7-2.1 was enacted to give the insured protection against the \u201ceconomic loss resulting from injuries sustained by reason of the negligent operation of uninsured motor vehicles.\u201d Aldcroft v. Fidelity and Casualty Co. of New York, 106 R.I. 311, 318, 259 A.2d 408, 413 (1969). The legislative purpose of the statute was not, however, \u201cto guard against all economic loss.\u201d (Emphasis added.) Amica Mutual Insurance Co. v. Streicker, 583 A.2d 550, 553 (R.I.1990). Therefore, we have imposed reasonable limitations on the construction of the uninsured/underinsured motorist statute in effectuating a public policy that the statute be interpreted in a \u201cmanner that affords insurers some financial protection.\u201d Id. (quoting DiTata v. Aetna Casualty & Surety Co., 542 A.2d 245, 248 (R.I.1988)). Such financial protection would be lost if every insured whose limits of liability were greater than the limits of liability of a negligent tortfeasor were able to pursue an immediate claim against their own uninsured/un-derinsured motorist coverage. Cuddy\u2019s interpretation would increase the insurer\u2019s cost of doing business because both insurance carriers would necessarily incur the legal and administrative expenses resulting from the assertion of a claim. Such a result would undermine the purpose of the statute to protect \u201cthose who have attempted to protect the public interest and themselves by purchasing insurance.\u201d DiTata, 542 A.2d at 247.\nThis court\u2019s earlier interpretation of \u00a7 27-7-2.1 supports the requirement that a claimant establish the amount he or she is legally entitled to recover from the tortfeasor and establish that the claimant\u2019s damages exceed the tortfeasor\u2019s coverage. Specifically General Accident relies on our holding in Prout, where this court denied defendant Prout\u2019s appeal on the ground that \u201cProut failed to establish that his actual damages exceeded the insurance coverage afforded the negligent motorist.\u201d (Emphasis added.)\nThus, to satisfy the statutory definition of \u201cuninsured motorist,\u201d a claimant must present proof of damages that are legally entitled to be recovered. In order to invoke uninsured/underinsured coverage, it is necessary to determine whether the tortfeasor\u2019s liability policy limit is less than the actual amount of damages sustained by the claimant, damages that the claimant is legally entitled to recover from the tortfeasor. See Gosselin v. Automobile Club Insurance Co., 574 A.2d 1243 (R.I.1990) (discussing qualification of underinsured motorist when tortfea-sor\u2019s coverage is less than claimant\u2019s \u201cdamages\u201d); see alsgo Alan I. Widiss, Perspectives on Uninsured Motorist Coverage, 62 Nw. U.L.Rev. 497, 506-07 n. 35 (1967) (\u201cin order to establish his rights against the company either in a court or before an arbitrator, the insured should be required to show: (1) that he was covered by an uninsured motorist coverage endorsement, (2) that he has sustained damages, (3) that he has complied with all enforceable conditions precedent of the policy, and possibly (4) that he was injured by an uninsured motorist\u201d). (Emphasis added.)\nIn the case before us, General Accident asserts that DiDonato was not an underin-sured motorist because, according to plaintiff, the damages to Cuddy were $80,000, the amount of the settlement offer made by her. With a policy limit of $300,000, General Accident argued, DiDonato could not possibly be underinsured. Cuddy, on the other hand, argued that her damages exceeded DiDona-to\u2019s policy limit, on the basis of the claim, in her affidavit, that her damages exceeded $300,000. The trial justice, following Prout, denied General Accident\u2019s motion for summary judgment on the belief that the matter should go to a hearing in order to ascertain whether Cuddy\u2019s damages exceeded DiDona-to\u2019s liability coverage.\nWe are of the opinion that Cuddy failed to provide any legally sufficient proof that her damages exceeded DiDonato\u2019s liability coverage, and for this reason the trial justice should have granted General Accident\u2019s motion for summary judgment. In deciding a motion for summary judgment, the trial justice must determine whether a genuine issue of material fact exists by examining the documents of the parties, including affidavits. Ludwig v. Kowal, 419 A.2d 297, 301 (R.I.1980). This court has long held that the affiant must demonstrate such knowledge of the facts as would make him or her a competent witness. Henry W. Cooke Co. v. Sheldon, 53 R.I. 101, 103, 164 A. 327, 328 (1933). In particular, general language of defense is insufficient. Id. The party opposing the motion must show to the satisfaction of the court that there is a substantial factual question in dispute, and the affidavit must state in definite terms the basis of the defense, as well as \u201ccontain evidential facts and not conclusions.\u201d (Emphasis added.) Id.\nSuch a level of proof is particularly relevant to proceedings arising out of \u00a7 27-7-2.1 because \u00a7 27-7-2.1(B)(2) mandates that a claimant is not required to make a claim or bring an action against the negligent tortfeasor as a prerequisite to the insurer providing uninsured/underinsured coverage. In order to establish damages, a claimant must prove that he or she is entitled to invoke \u00a7 27-7-2.1 by introducing admissible evidence documented and explained in affidavits that his or her damages exceed the limits of coverage of the negligent tortfeasor. That is, the claimant must introduce material evidence that proves the damages, and upon such evidence a determination can be made as to whether the underinsured coverage is applicable.\nIn the instant case, Cuddy\u2019s affidavit, upon which she supported her underinsured claim, merely stated in respect to damages, \u201cIt was my opinion, based on conversation with my Attorney and with family members, that my bodily injury claim had a value in excess of Three Hundred Thousand Dollars ($300,000).\u201d Cuddy produced no other evidence of damages. The assertion of the level of damages was not validated or verified by any proof of damages, such as medical records, depositions or opinions of doctors, hospital or doctor\u2019s bills, evidence that, if set forth in a factual context, could raise an issue of material fact for trial. \u201c[T]he bald assertion that [such circumstances] do exist is insufficient to place the [movant] beyond the reach of summary judgment.\u201d Egan\u2019s Laundry & Cleaners, Inc. v. Community Hotel Corp., 110 R.I. 719, 723, 297 A.2d 348, 351 (1972). Cuddy merely stated that such damages existed but failed to prove any damages. Therefore, because Cuddy presented no issue of material fact, the trial justice should have granted General Accident\u2019s motion. As a consequence, Cuddy failed to prove that she could invoke the underinsured coverage of \u00a7 27-7-2.1.\nWe consequently grant General Accident\u2019s petition for certiorari. We quash the order denying General Accident\u2019s motion for summary judgment, and affirm the stay of all arbitration proceedings regarding this matter. The papers in this case are remanded to the Superior Court with our decision for entry of judgment in favor of General Accident duly endorsed thereon.",
        "type": "majority",
        "author": "LEDERBERG, Justice."
      }
    ],
    "attorneys": [
      "C. Russell Bengtson, Patricia A. Buckley, Carroll, Kelly & Murphy, Providence, for plaintiff.",
      "Richard I. Abrams, Patricia M. Watson, Providence, for defendant."
    ],
    "corrections": "",
    "head_matter": "GENERAL ACCIDENT INSURANCE COMPANY OF AMERICA v. Rebecca CUDDY.\nNo. 94-112-M.P.\nSupreme Court of Rhode Island.\nMay 10, 1995.\nC. Russell Bengtson, Patricia A. Buckley, Carroll, Kelly & Murphy, Providence, for plaintiff.\nRichard I. Abrams, Patricia M. Watson, Providence, for defendant."
  },
  "file_name": "0013-01",
  "first_page_order": 71,
  "last_page_order": 76
}
