{
  "id": 7865421,
  "name": "Bryan SNYDER, Appellant, v. SPECIALTY GLASS PRODUCTS, INC., B. Patel, Carol Hubbard and Frank Arrison, Appellees",
  "name_abbreviation": "Snyder v. Specialty Glass Products, Inc.",
  "decision_date": "1995-04-27",
  "docket_number": "",
  "first_page": "366",
  "last_page": "375",
  "citations": [
    {
      "type": "official",
      "cite": "658 A.2d 366"
    }
  ],
  "court": {
    "name_abbreviation": "Pa. Super. Ct.",
    "id": 8775,
    "name": "Superior Court of Pennsylvania"
  },
  "jurisdiction": {
    "id": 6,
    "name_long": "Pennsylvania",
    "name": "Pa."
  },
  "cites_to": [
    {
      "cite": "418 Pa.Super. 405",
      "category": "reporters:state",
      "reporter": "Pa. Super.",
      "case_ids": [
        916881
      ],
      "weight": 2,
      "year": 1992,
      "pin_cites": [
        {
          "page": "412-14",
          "parenthetical": "issues not raised in statement of questions presented are deemed waived"
        },
        {
          "page": "703",
          "parenthetical": "issues not raised in statement of questions presented are deemed waived"
        }
      ],
      "opinion_index": 0,
      "case_paths": [
        "/pa-super/418/0405-01"
      ]
    },
    {
      "cite": "555 A.2d 116",
      "category": "reporters:state_regional",
      "reporter": "A.2d",
      "year": 1988,
      "opinion_index": 0
    },
    {
      "cite": "521 Pa. 606",
      "category": "reporters:state",
      "reporter": "Pa.",
      "year": 1988,
      "opinion_index": 0
    },
    {
      "cite": "372 Pa.Super. 480",
      "category": "reporters:state",
      "reporter": "Pa. Super.",
      "case_ids": [
        693727
      ],
      "weight": 2,
      "year": 1988,
      "pin_cites": [
        {
          "page": "495"
        },
        {
          "page": "1305"
        }
      ],
      "opinion_index": 0,
      "case_paths": [
        "/pa-super/372/0480-01"
      ]
    },
    {
      "cite": "366 Pa.Super. 551",
      "category": "reporters:state",
      "reporter": "Pa. Super.",
      "case_ids": [
        679814
      ],
      "weight": 2,
      "year": 1987,
      "pin_cites": [
        {
          "page": "558"
        },
        {
          "page": "1125"
        }
      ],
      "opinion_index": 0,
      "case_paths": [
        "/pa-super/366/0551-01"
      ]
    },
    {
      "cite": "515 Pa. 183",
      "category": "reporters:state",
      "reporter": "Pa.",
      "case_ids": [
        1806073
      ],
      "weight": 2,
      "year": 1987,
      "pin_cites": [
        {
          "page": "189-91"
        },
        {
          "page": "991"
        }
      ],
      "opinion_index": 0,
      "case_paths": [
        "/pa/515/0183-01"
      ]
    },
    {
      "cite": "532 Pa. 130",
      "category": "reporters:state",
      "reporter": "Pa.",
      "case_ids": [
        1835933
      ],
      "weight": 2,
      "year": 1992,
      "opinion_index": 0,
      "case_paths": [
        "/pa/532/0130-01"
      ]
    },
    {
      "cite": "427 Pa.Super. 542",
      "category": "reporters:state",
      "reporter": "Pa. Super.",
      "case_ids": [
        930822
      ],
      "weight": 2,
      "year": 1993,
      "pin_cites": [
        {
          "page": "548-50"
        },
        {
          "page": "1005"
        }
      ],
      "opinion_index": 0,
      "case_paths": [
        "/pa-super/427/0542-01"
      ]
    },
    {
      "cite": "600 A.2d 954",
      "category": "reporters:state_regional",
      "reporter": "A.2d",
      "year": 1991,
      "opinion_index": 0
    },
    {
      "cite": "529 Pa. 635",
      "category": "reporters:state",
      "reporter": "Pa.",
      "year": 1991,
      "opinion_index": 0
    },
    {
      "cite": "402 Pa.Super. 34",
      "category": "reporters:state",
      "reporter": "Pa. Super.",
      "case_ids": [
        891645
      ],
      "weight": 2,
      "year": 1990,
      "pin_cites": [
        {
          "page": "39-41"
        },
        {
          "page": "386"
        }
      ],
      "opinion_index": 0,
      "case_paths": [
        "/pa-super/402/0034-01"
      ]
    },
    {
      "cite": "538 A.2d 500",
      "category": "reporters:state_regional",
      "reporter": "A.2d",
      "weight": 2,
      "year": 1988,
      "opinion_index": 0
    },
    {
      "cite": "517 Pa. 618",
      "category": "reporters:state",
      "reporter": "Pa.",
      "year": 1988,
      "opinion_index": 0
    },
    {
      "cite": "525 A.2d 732",
      "category": "reporters:state_regional",
      "reporter": "A.2d",
      "case_ids": [
        672549,
        1804575
      ],
      "weight": 3,
      "year": 1987,
      "pin_cites": [
        {
          "page": "733"
        },
        {
          "page": "735"
        },
        {
          "parenthetical": "citations omitted"
        }
      ],
      "opinion_index": 0,
      "case_paths": [
        "/pa-super/363/0088-01",
        "/pa/514/0394-01"
      ]
    },
    {
      "cite": "363 Pa.Super. 88",
      "category": "reporters:state",
      "reporter": "Pa. Super.",
      "case_ids": [
        672549
      ],
      "year": 1987,
      "pin_cites": [
        {
          "page": "89-91"
        }
      ],
      "opinion_index": 0,
      "case_paths": [
        "/pa-super/363/0088-01"
      ]
    },
    {
      "cite": "639 A.2d 1170",
      "category": "reporters:state_regional",
      "reporter": "A.2d",
      "case_ids": [
        1843194,
        7868786,
        1843203,
        7868837
      ],
      "weight": 2,
      "year": 1994,
      "opinion_index": 0,
      "case_paths": [
        "/pa/536/0428-01",
        "/a2d/639/1170-01",
        "/pa/536/0429-01",
        "/a2d/639/1170-02"
      ]
    },
    {
      "cite": "536 Pa. 429",
      "category": "reporters:state",
      "reporter": "Pa.",
      "case_ids": [
        1843203
      ],
      "year": 1994,
      "opinion_index": 0,
      "case_paths": [
        "/pa/536/0429-01"
      ]
    },
    {
      "cite": "415 Pa.Super. 137",
      "category": "reporters:state",
      "reporter": "Pa. Super.",
      "case_ids": [
        911101
      ],
      "weight": 4,
      "year": 1992,
      "pin_cites": [
        {
          "page": "153-54"
        },
        {
          "page": "1056"
        },
        {
          "page": "1053"
        },
        {
          "page": "1055"
        }
      ],
      "opinion_index": 0,
      "case_paths": [
        "/pa-super/415/0137-01"
      ]
    },
    {
      "cite": "400 Pa.Super. 358",
      "category": "reporters:state",
      "reporter": "Pa. Super.",
      "case_ids": [
        888174
      ],
      "weight": 3,
      "year": 1990,
      "pin_cites": [
        {
          "parenthetical": "per curiam"
        },
        {
          "parenthetical": "per curiam"
        },
        {
          "page": "826-27",
          "parenthetical": "footnote omitted"
        }
      ],
      "opinion_index": 0,
      "case_paths": [
        "/pa-super/400/0358-01"
      ]
    },
    {
      "cite": "521 Pa. 29",
      "category": "reporters:state",
      "reporter": "Pa.",
      "case_ids": [
        1817438
      ],
      "weight": 4,
      "year": 1989,
      "opinion_index": 0,
      "case_paths": [
        "/pa/521/0029-01"
      ]
    },
    {
      "cite": "514 Pa. 32",
      "category": "reporters:state",
      "reporter": "Pa.",
      "case_ids": [
        1804606
      ],
      "weight": 8,
      "year": 1987,
      "pin_cites": [
        {
          "page": "550"
        },
        {
          "page": "769"
        }
      ],
      "opinion_index": 0,
      "case_paths": [
        "/pa/514/0032-01"
      ]
    },
    {
      "cite": "319 Pa.Super. 91",
      "category": "reporters:state",
      "reporter": "Pa. Super.",
      "case_ids": [
        92688
      ],
      "weight": 2,
      "year": 1983,
      "pin_cites": [
        {
          "page": "98-99"
        },
        {
          "page": "1072"
        }
      ],
      "opinion_index": 0,
      "case_paths": [
        "/pa-super/319/0091-01"
      ]
    },
    {
      "cite": "530 Pa. 11",
      "category": "reporters:state",
      "reporter": "Pa.",
      "case_ids": [
        1833061
      ],
      "weight": 6,
      "year": 1992,
      "pin_cites": [
        {
          "page": "15"
        },
        {
          "page": "446"
        },
        {
          "page": "447-48",
          "parenthetical": "emphasis in original"
        }
      ],
      "opinion_index": 0,
      "case_paths": [
        "/pa/530/0011-01"
      ]
    },
    {
      "cite": "342 Pa.Super. 567",
      "category": "reporters:state",
      "reporter": "Pa. Super.",
      "case_ids": [
        632933
      ],
      "weight": 2,
      "year": 1985,
      "pin_cites": [
        {
          "page": "569-70"
        },
        {
          "page": "737"
        }
      ],
      "opinion_index": 0,
      "case_paths": [
        "/pa-super/342/0567-01"
      ]
    },
    {
      "cite": "344 Pa.Super. 325",
      "category": "reporters:state",
      "reporter": "Pa. Super.",
      "case_ids": [
        636995
      ],
      "weight": 2,
      "year": 1985,
      "pin_cites": [
        {
          "page": "327"
        },
        {
          "page": "819"
        }
      ],
      "opinion_index": 0,
      "case_paths": [
        "/pa-super/344/0325-01"
      ]
    },
    {
      "cite": "252 Pa.Super. 370",
      "category": "reporters:state",
      "reporter": "Pa. Super.",
      "case_ids": [
        92973
      ],
      "weight": 2,
      "year": 1977,
      "pin_cites": [
        {
          "page": "372"
        },
        {
          "page": "964"
        }
      ],
      "opinion_index": 0,
      "case_paths": [
        "/pa-super/252/0370-01"
      ]
    }
  ],
  "analysis": {
    "cardinality": 1161,
    "char_count": 31917,
    "ocr_confidence": 0.721,
    "pagerank": {
      "raw": 4.03580807328026e-08,
      "percentile": 0.2002504779236164
    },
    "sha256": "dc7e840d52a6adfa1aea5590283f86705cd99aff718a01fa9cb25085fc11bb49",
    "simhash": "1:9c8f9d24d748ce68",
    "word_count": 5115
  },
  "last_updated": "2024-02-27T22:02:56.390696+00:00",
  "provenance": {
    "date_added": "2019-08-29",
    "source": "Harvard",
    "batch": "2018"
  },
  "casebody": {
    "judges": [
      "Before HUDOCK, SAYLOR and HESTER, JJ."
    ],
    "parties": [
      "Bryan SNYDER, Appellant, v. SPECIALTY GLASS PRODUCTS, INC., B. Patel, Carol Hubbard and Frank Arrison, Appellees."
    ],
    "opinions": [
      {
        "text": "HUDOCK, Judge:\nAppellant, Bryan Snyder, appeals from the trial court order of November 30, 1993 which granted Appellee\u2019s, Specialty Glass Products, Inc., preliminary objections and the August 25, 1994 order which granted summary judgment in favor of Appellees, B. Patel, Carol Hubbard and Frank Arrison. We affirm.\nThis case commenced on February 26, 1993 when Bryan Snyder (Snyder) filed a complaint against his employer, Specialty Glass Products, Inc. (Specialty), for intentional infliction of emotional distress (IIED). Snyder alleged in his complaint that while on his way to work on February 17, 1993 he stopped to administer emergency medical treatment to a woman involved in a serious automobile accident. Snyder, who was certified as an Emergency Medical Technician (E.M.T.) pursuant to 35 P.S. section 6931, arrived late for work as a result of administering emergency medical treatment. Snyder claimed that when he arrived at work and explained why he was late, his supervisors B. Patel and Carol Hubbard severely reprimanded him for his tardiness and warned him that he would be discharged. Snyder claimed that he was subsequently demoted by the company president Frank Arrison and told to choose between his job as an E.M.T. or his employment with Specialty.\nSnyder claimed that as a result of this reprimand and demotion he suffered emotional and physical trauma causing vomiting, nausea, severe headaches, chest pains and elevated blood pressure. Snyder also claimed that his employers\u2019 acts caused him anxiety, depression, loss of appetite and insomnia. Alleging that he incurred costly medical bills to treat his ailments, Snyder sought compensatory and punitive damages in excess of $50,000.\nSpecialty filed preliminary objections on March 18, 1993 in which it contended that the court lacked subject matter jurisdiction to entertain Snyder\u2019s suit. Specialty claimed that the Pennsylvania Workers\u2019 Compensation Act (WCA), 77 P.S. section 1 et seq., was Snyder\u2019s sole source of recovery.\nSnyder filed an amended complaint on April 8, 1993 adding Frank Arrison, B. Patel and Carol Hubbard as defendants. The additional defendants filed preliminary objections on April 19, 1993 reasserting that the court lacked subject matter jurisdiction to entertain Snyder\u2019s civil action pursuant to the exclusivity provisions of the WCA. The additional defendants also raised a preliminary objection asserting that Snyder\u2019s complaint failed to state a claim upon which relief may be granted.\nOn November 30, 1993, the trial court granted the preliminary objection filed by Specialty challenging the court\u2019s subject matter jurisdiction. The trial judge dismissed count one of the complaint against Specialty, concluding that the WCA was Snyder\u2019s exclusive remedy against his employer. As for the individual defendants, the trial court ruled that they had improperly raised the preliminary objections by amendment without obtaining the court\u2019s or Snyder\u2019s consent. Therefore, the trial judge refused to rule on the merits of their preliminary objections.\nThe individual defendants thereafter filed a motion for summary judgment. The trial court granted the motion on August 25, 1994 and dismissed Snyder\u2019s amended complaint. This direct appeal followed.\nSnyder alleges that the trial court erred when it granted Specialty\u2019s preliminary objection in the nature of a demurrer and dismissed count one of his complaint. When reviewing the grant or denial of a preliminary objection in the nature of a demurrer, we must regard the allegations in the appellant\u2019s complaint as true and accord him all the inferences reasonably deductible therefrom. National Building Leasing, Inc. v. Byler, 252 Pa.Super. 370, 372, 381 A.2d 963, 964 (1977). \u201cIf the [appellant] does set forth a cause of action on which he is entitled to relief upon proof, the demurrer cannot be sustained. Conversely, a preliminary objection in the nature of a demurrer is properly sustained where the complaint has failed to set forth a cause of action.\u201d Higgins v. Clearing Machine Corporation, 344 Pa.Super. 325, 327, 496 A.2d 818, 819 (1985), (citing Acme Markets, Inc. v. Valley View Shopping Center, Inc., 342 Pa.Super. 567, 569-70, 493 A.2d 736, 737 (1985)). When a doubt exists as to whether a demurrer should be sustained, this doubt should be resolved in favor of overruling it. Martin v. Lancaster Battery Company, Inc., 530 Pa. 11, 15, 606 A.2d 444, 446 (1992).\nThe trial court granted Specialty\u2019s preliminary objection in the nature of a demurrer on the grounds that Snyder\u2019s claim was barred by section 303(a) of the WCA, codified at 77 P.S. section 481(a). That section provides:\n(a) The liability of an employer under this act shall be exclusive and in place of any and all liability to such employes, his legal representative, husband or wife, parents, dependents, next of kin or anyone otherwise entitled to damages in any action at law or otherwise on account of any injury or death as defined in section 301(c)(1) and (2) or occupational disease as defined in section 108.\n77 P.S. \u00a7 481(a) (emphasis added) (footnotes omitted).\nThis Court has previously explained the legislative purpose of limiting an employee\u2019s right to sue in tort for injuries sustained in the course of employment.\nThe Legislature ... enacted the Workmen\u2019s Compensation Act to provide employees with compensation for injuries sustained within the scope of their employment. In exchange for the right to compensation without the burden of establishing fault, employees gave up their right to sue the employer in tort for injuries received in the course of employment.\nKosowan v. MDC Industries, Inc., 319 Pa.Super. 91, 98-99, 465 A.2d 1069, 1072 (1983).\nSection 301(c)(1) defines the types of injuries which are compensable under the WCA. It provides:\n(1) The terms \u201cinjury\u201d and \u201cpersonal injury,\u201d as used in this act, shall be construed to mean an injury to an employe, regardless of his previous physical condition, arising in the course of his employment and related thereto, and such disease or infection as naturally results from the injury or is aggravated, reactivated or accelerated by the injury[.] ...\n77 P.S. \u00a7 411(1).\nThe trial court reasoned that Snyder\u2019s alleged injury was compensable under the WCA since it arose from his employment status and occurred during the scope of his employment. Therefore, the court concluded that Snyder was bound by the exclusive remedy provision of the WCA. The trial court also concluded that Snyder did not qualify under any statutory or common law exception to the exclusivity provision of the WCA. The court relied on the Supreme Court of Pennsylvania\u2019s rationale in Poyser v. Newman & Company, Inc., 514 Pa. 32, 522 A.2d 548 (1987), for this conclusion. In Poyser, the appellant, Stephen Poyser, filed a tort action against his employer after he lost a portion of his finger while operating a notching machine. Poyser alleged that his employer\u2019s conduct caused his injury and constituted a \u201cdeliberate and wanton disregard for the safety of its workers!.]\u201d Id., 522 A.2d at 550. Poyser argued that his employer forbade its workers from using a safety device on the notching machine and knowingly failed to comply with federal and state safety regulations. The trial court granted the employer\u2019s judgment on the pleadings and dismissed Poyser\u2019s complaint based on the exclusivity provision of the WCA.\nOn appeal Poyser argued that the immunity provision of the WCA should not apply because his employer\u2019s conduct amounted to an intentional tort. The Supreme Court rejected Poyser\u2019s argument and noted that the Pennsylvania WCA does not contain an exception for injuries caused by the employer\u2019s intentional torts. The Court explained:\nThere is no Pennsylvania judicial authority supportive of the result the appellant seeks. The argument he presents is one based entirely on his view of the relationship between the Act and other laws and regulations which bear upon safety in the workplace....\nIt is true that the appellate courts of some other states have held that wanton and willful misconduct by an employer is tantamount to an intentional tort, and as such, prevents the operation of a statutory exclusive-remedy provision. It must be noted, however, that those cases rested on provisions in the state workmen\u2019s compensation statutes which expressly preserved the right of an employee to sue in tort where his injury was caused by the employer\u2019s intentional wrongdoing. There is no such provision in The Pennsylvania Workmen\u2019s Compensation Act.\nThe appellant\u2019s argument is an interesting one; but it is one that must be resolved by the General Assembly, not this Court. What he is asking us to do is to engraft upon section 303(a) of the Act an exception the legislature did not see fit to put there. A reading of the Act will disclose that the legislature was not unmindful of the issue of intentionally caused harm_ Since it is clear that the legislature had the issue of intentional harm in mind, and yet did not mention it in connection with section 303(a), we are constrained to conclude that the legislature did not intend the result for which the appellant argues.\nId. at 551 (citation omitted).\nThe Supreme Court of Pennsylvania reaffirmed that the WCA does not provide an exclusion for intentional torts of an employer in Barber v. Pittsburgh Coming Corporation, 521 Pa. 29, 555 A.2d 766 (1989). In Barber, the Supreme Court was presented with the issue whether there is an exception to the exclusivity provision of the Occupational Disease Act (ODA) for an employee\u2019s injuries allegedly sustained by intentional misconduct of the employer. Recognizing that the exclusivity provision of the WCA is very similar to the exclusivity provision of the ODA, the Supreme Court relied on its decision in Poyser. The Court held that \u201c[t]he clear language of both of these sections dictates that the only remedy available to an injured employee is statutory.\u201d Id, 522 A.2d at 769. The Court also pointed out that \u201c[t]his Court has never acknowledged or recognized [an exception for intentional torts] to the exclusivity provisions of our workmen\u2019s compensation statute.\u201d Id. at 771.\nIn Barber, our Supreme Court recognized that both the ODA and the WCA contain an exception for intentional misconduct of a fellow employee. Thus, the Court reasoned that the Legislature purposely did not provide an exception for intentional torts of the employer. The Court explained:\nThe significance of this provision indicates that the legislature, in its grant of immunity to fellow employees, expressly excluded intentional misconduct. However, in the immunity provided for the employer, under section 303 of the ODA no such exception was engrafted. This omission cannot be lightly ignored. It is obvious that the legislature considered the issue of intentional torts and created an exception to the statutory immunity when intentional harm was caused by the co-employee. The legislature\u2019s failure to provide a similar exclusion to the immunity provided for the employer must be deemed to have been deliberate. This conclusion is further bolstered by the exception to the immunity in section 205 of the WCA regarding fellow employees with a corresponding absence of such an exclusion under section 303 of the WCA. This would suggest a clear legislative judgment not to recognize an intentional tort exception for employers.\nId. at 770 (citations omitted).\nThe facts of Papa v. Franklin Mint Corporation, 400 Pa.Super. 358, 583 A.2d 826 (1990) (per curiam), are similar to the facts of the instant appeal. In that case, Esther Papa sued her employer for damages for depression and emotional distress allegedly caused by the intentional acts of her employer and co-employees. The trial court entered judgment on the pleadings in favor of the employer based on the exclusivity provision of the WCA. On appeal this Court affirmed and held:\nThe Supreme Court of Pennsylvania has held that there is no intentional tort exception to the exclusivity clause of the Workmen\u2019s Compensation Law. See: Barber v. Pittsburgh Corning Corporation, 521 Pa. 29, 555 A.2d 766 (1989); Poyser v. Newman & Co., Inc., 514 Pa. 32, 522 A.2d 548 (1987). The exclusivity provision is not rendered ineffective merely because the claimant-employee, in proceedings to recover workmen\u2019s compensation benefits, was unable to prove a compensable injury. For injuries allegedly occurring during the course of employment, an employee\u2019s remedy is limited to those provided by the Act.\nId., 583 A.2d at 826-27 (footnote omitted).\nSnyder argues that our Supreme Court limited the application of Poyser in Martin v. Lancaster Battery Company, Inc., 530 Pa. 11, 606 A.2d 444 (1992). In that case the employee, who was exposed to lead fumes and dust at his place of employment, was given periodic blood tests to monitor the level of lead in his blood. The employer intentionally withheld the results of the employee\u2019s blood test which indicated that the employee had been exposed to toxic levels of lead. The employer also intentionally altered the employee\u2019s blood test results to conceal the elevated level of lead. The employee was subsequently diagnosed with chronic lead toxicity and related complications caused by his exposure to lead. The employee\u2019s illness would have been less severe if the employer had not concealed the accurate test results.\nThe employee sued his employer alleging intentional and willful misconduct. The trial court granted the employer\u2019s preliminary objection in the nature of a demurrer and dismissed the employee\u2019s complaint. The trial court concluded that the employee was limited to recovery under the WCA. On appeal to this Court, we reversed and held that the employee\u2019s claim of alleged fraudulent misrepresentation was actionable at common law. Our Supreme Court affirmed this Court\u2019s decision and held that the employee could pursue a common law action against his employer for fraudulent misrepresentation. The Court explained:\nThe employee herein has alleged fraudulent misrepresentation on the part of his employer as causing the delay which aggravated a work-related injury. He is not seeking compensation for the work-related injury itself in this action. Clearly, when the Legislature enacted the Workmen\u2019s Compensation Act in this Commonwealth, it could not have intended to insulate employers from liability for the type of flagrant misconduct at issue herein by limiting Lability to the coverage provided by the Workmen\u2019s Compensation Act. There is a difference between employers who tolerate workplace conditions that will result in a certain number of injuries or illnesses and those who actively mislead employees already suffering as the victims of workplace hazards, thereby precluding such employees from limiting their contact with the hazard and from receiving prompt medical attention and care.\nThe aggravation of the injury arises from and is related to the fraudulent misrepresentation of the employer. Thus, the [employee] is not limited to [his] remedies under the Workmen\u2019s Compensation Act and [is] not precluded from bringing a common law action against [his employer].\nId., 606 A.2d at 447-48 (emphasis in original).\nWe agree with the trial court that the limited exception to the exclusivity of the WCA enunciated in Martin does not apply to the facts of the present case. The employee in Martin sought relief for the aggravation of his work-related injury caused by the employer\u2019s delay in reporting accurate blood test results. The employee was not seeking damages for the work-related injury itself. Justice Zappala, in his concurring opinion in Martin, emphasized the distinction between the Court\u2019s decisions in Poyser and Martin. He stated:\nIn Poyser, it was clear that although the employer disregarded safety regulations, the underlying injury was \u201cwork-related\u201d and occurred in the course of the employee\u2019s employment.\nIn this appeal, the [employee is] not seeking redress for injuries caused by exposure to lead and dust, for those injuries are covered by the Act. Instead, the [employer is] seeking damages for the aggravation to the lead-related injuries due to the employer\u2019s failure to communicate the test results evincing [the employee\u2019s] actual condition.\nId. at 449 (Zappala, J., concurring).\nIn the present appeal, Snyder sought relief for his work-related injury; he was not seeking relief for an aggravation of that injury. Therefore, we find that the limited exception to the principles enunciated in Poy-ser, recognized by our Supreme Court in Martin, does not apply to this case. The trial court was correct in ruling that Snyder\u2019s exclusive remedy for injuries allegedly sustained by his employer\u2019s intentional tort must be recovered under the WCA. Therefore, the trial court correctly granted Specialty\u2019s preliminary objection and dismissed Snyder\u2019s complaint.\nSnyder urges this Court to apply the rationale of the Supreme Court in Martin to engraft another exception to the exclusivity provision of the WCA. Snyder contends that where the employer violates 35 P.S. section 6931(j)(5), the employee should not be precluded by the exclusivity provision of the WCA from maintaining a cause of action outside of the workers\u2019 compensation forum. 35 P.S. section 6931, which is part of the Emergency Medical Services Act, provides guidelines for the education, certification, training and Lability of emergency medical personnel. Section 6931(j)(5) provides:\nNo emergency medical technician or EMT-paramedic who in good faith attempts to render emergency care authorized by this act at an emergency scene while enroute to a place of employment shall receive any form of reprimand or penalty by an employer as a result of late arrival at the place of employment. An employer may request written verification from any such emergency medical technician or EMT-paramedic, who shall obtain the written verification from either the police officer or ambulance personnel who is in charge at the emergency scene.\n35 P.S. \u00a7 6931(3X5).\nSnyder argues, \u201c[s]ueh a clearly enunciated public policy of the Legislature of the Commonwealth of Pennsylvania enacted after the Workers\u2019 Compensation Act, mandates the same result that the Supreme Court found in Martin v. Lancaster Battery Co.\u201d Snyder\u2019s Brief, at p. 6.\nWe find it unnecessary to address Snyder\u2019s argument whether the exclusivity provision of the WCA precludes him from maintaining a cause of action based on his employer\u2019s alleged violation of 35 P.S. section 6931(j)(5). Snyder\u2019s complaint sought one prayer for relief \u2014 compensatory and punitive damages caused by Specialty and the individual defendants\u2019 intentional infliction of emotional distress. Furthermore, the record reveals that Snyder was not terminated from his employment with Specialty and has not suffered any economic loss from his employer\u2019s alleged violation of section 6931(j)(5) of the Emergency Medical Services Act. Although Snyder alleges that he was demoted, he did not seek redress for this alleged violation of the statute. Therefore, the only issue before the trial court was whether Snyder\u2019s cause of action for IIED was barred by the exclusivity provision of the WCA. We previously concluded that Snyder\u2019s claim was barred and the trial court properly entered Specialty\u2019s preliminary objection in the nature of a demurrer.\nSnyder alleges an alternative ground for reversing the trial court\u2019s decision to grant Specialty\u2019s preliminary objection in the nature of a demurrer. Snyder claims that Specialty is collaterally estopped from claiming that exclusive jurisdiction lies within the WCA since it denied that Snyder suffered a work-related injury. Snyder attached to his complaint a notice of workers\u2019 compensation denial which notified him that he would be ineligible for workers\u2019 compensation. The notice indicated that Specialty denied that it owed workers\u2019 compensation because Snyder\u2019s injury was not work-related. Snyder claims, \u201cit has been established as a matter of law that the injuries were not work related and [Specialty] is collaterally estopped from claiming otherwise.\u201d Snyder\u2019s Brief, at p. 10.\nThe doctrine of collateral estoppel, or issue preclusion, \u201coperates to prevent a question of law or an issue of fact which has once been litigated and adjudicated finally in a court of competent jurisdiction from being relitigated in a subsequent suit.\u201d Grant v. GAF Corporation, 415 Pa.Super. 137, 153-54, 608 A.2d 1047, 1056 (1992), aff'd., 536 Pa. 429, 639 A.2d 1170 (1994).\nCollateral estoppel is appropriate where: (1) the issue decided in the prior action was identical with the one presented in the later action; (2) there was a final judgment on the merits; (3) the party against whom the plea is asserted was a party or in privity with a party to the prior adjudication; and (4) the party against whom the plea is asserted has had a full and fair opportunity to litigate the issue in question in a prior action.\nId., 608 A.2d at 1053.\nApplying these four elements to the facts of this appeal, we find that Snyder has failed to prove any of the elements of collateral estoppel. The issue of whether Snyder\u2019s injury was work-related was never adjudicated in a \u201cprior action\u201d and there was never a final judgment on the merits as to whether Snyder\u2019s injury was sustained in the course of work. Accordingly, Specialty is not es-topped from objecting to the subject matter jurisdiction of the court based on the exclusivity clause of the WCA because it previously denied that Snyder\u2019s injury was work-related. This denial was on a notice of denial of workers\u2019 compensation benefits which Snyder could have challenged in the workers\u2019 compensation forum.\nNext we examine Snyder\u2019s challenge to the trial court\u2019s decision to grant the individual defendants\u2019 motion for summary judgment based on a lack of subject matter jurisdiction. A motion for summary judgment may be granted only \u201cif the pleadings, depositions, answers to interrogatories, and admissions on file, together with the affidavits, if any, show that there is no genuine issue as to any material fact and that the moving party is entitled to a judgment as a matter of law.\u201d Pa.R.C.P. 1035(b), 42 Pa. C.S.A. When reviewing the trial court\u2019s decision to grant a summary judgment, we must examine the record in the light most favorable to the non-moving party. McGinn v. Valloti 363 Pa.Super. 88, 89-91, 525 A.2d 732, 733 (1987), alloc. den., 517 Pa. 618, 538 A.2d 500 (1988). Summary judgment may be entered only in cases which are clear and free from doubt and any doubt must be resolved against the moving party. Id. This Court will not disturb the trial court\u2019s decision granting summary judgment unless there has been an error of law or a manifest abuse of discretion. Schweitzer v. Rockwell International, 402 Pa.Super. 34, 39-41, 586 A.2d 383, 386 (1990), alloc. den., 529 Pa. 635, 600 A.2d 954 (1991).\nThe trial court granted the individual defendants\u2019 motion for summary judgment for two reasons. First, the trial court concluded that Snyder\u2019s claim is barred by the exclusivity provision of the WCA. Secondly, Snyder\u2019s complaint failed to set forth a cause of action for IIED.\nSnyder complains that the trial court should not have granted the additional defendants\u2019 motion for summary judgment on the basis that his complaint failed to set forth a cause of action for IIED. Snyder contends that the trial court exceeded its authority by granting summary judgment on this ground since it was not explicitly raised in the parties\u2019 motion.\nRule 1035 of the Pennsylvania Rules of Civil Procedure specifies when it is appropriate for the trial court to enter a summary judgment. It provides:\nThe judgment sought shall be rendered if the pleadings, depositions, answers to interrogatories, and admissions on file, together with the affidavits, if any, show that there is no genuine issue as to any material fact and that the moving party is entitled to a judgment as a matter of law.\nPa.R.C.P. 1035(b).\nRule 1035 does not specify that the trial court may only grant summary judgment based on the specific grounds raised in the parties\u2019 motion. If upon review of the entire record the trial judge determines that there is no genuine issue of material fact, and that the moving party is entitled to a judgment as a matter of law, the entry of summary judgment is warranted. See Kelly v. Ickes, 427 Pa.Super. 542, 548-50, 629 A.2d 1002, 1005 (1993).\nNext, Snyder alleges that he is able to maintain a suit against the individual defendants for their intentional misconduct based on section 205 of the WCA, codified at 77 P.S. section 72. That section states:\nIf disability or death is compensable under this act, a person shall not be liable to anyone at common law or otherwise on account of such disability or death for any act or omission occurring while such person was in the same employ as the person disabled or killed, except for intentional wrong.\n77 P.S. \u00a7 72 (emphasis added). Snyder asserts that B. Patel and Carol Hubbard committed the \u201cintentional wrong\u201d of IIED.\nIn McGinn v. Valloti, supra, this Court enunciated a test to determine which intentional torts would give rise to a cause of action under section 205 of the WCA. The Court explained, \u201cwe examine whether the \u2018intentional wrong\u2019 is one that is not normally expected to be present in the workplace.\u201d McGinn, 525 A.2d at 735. The Court provided examples of intentional torts which an employee would not normally expect to be subjected to while at the workplace. The Court surmised that an employee does not normally expect a physical assault or infliction of emotional distress, yet may expect a knowing violation of safety regulations.\nSnyder relies on the following language in McGinn:\nAn employee does not normally expect a physical assault, and an employee does not normally expect infliction of emotional distress; therefore these intentional torts have been found to be actionable.\nId. (citations omitted).\nDespite this statement enunciated in McGinn, we do not find that the intentional tort allegedly committed by Patel, Hubbard and Arrison is one that Snyder would not normally expect to be present in the workplace. Snyder avers in his amended complaint that these individual defendants severely reprimanded him for his tardiness, threatened to discharge him, and demoted him to an entry-level position. These acts clearly are ones which an employee such as Snyder would expect to occur at the workplace. Therefore, under the test enunciated in McGinn, Snyder\u2019s allegation of IIED does not qualify under the co-employee immunity provision in section 205 of the WCA.\nSnyder also contends that his injury caused by the individual defendants\u2019 intentional tort falls under the \u201cpersonal animus\u201d exception of the WCA. See Kohler v. McCrory Stores, 532 Pa. 130, 615 A.2d 27 (1992). The WCA\u2019s definition of \u201cpersonal injury\u201d provides in pertinent part:\nThe term \u201cinjury arising in the course of his employment,\u201d as used in this article, shall not include an injury caused by an act of a third person intended to injure the employe because of reasons personal to him, and not directed against him as an employe or because of his employment; ....\n77 P.S. \u00a7 411(1) (emphasis added).\nSnyder claims that he qualifies under this exception to the exclusivity provision of the WCA because his supervisors B. Patel and Carol Hubbard committed the IIED motivated by personal animosity. In response to the individual defendants\u2019 motion for summary judgment, Snyder submitted the affidavit of Michael Fuller, a fellow employee of Specialty. This affidavit alleged that Fuller observed Patel and Hubbard direct personal animosity towards Snyder for no apparent reason. Snyder claims that the trial court should not have granted the motion for summary judgment since Fuller\u2019s affidavit raises a genuine issue as to whether Patel and Hubbard were motivated by personal animosity when they allegedly committed the intentional tort of IIED.\nIn order for Snyder\u2019s claim to have merit, we must first address whether the allegations in Snyder\u2019s complaint, accepted as true, adequately set forth a claim for IIED.\nThe gravamen of the tort of IIED is outrageous conduct on the part of the tort-feasor. Kazatsky v. King David Memorial Park, Inc., 515 Pa. 183, 189-91, 527 A.2d 988, 991 (1987). Although Section 46 of the Restatement (Second) of Torts has never been expressly adopted as the law of Pennsylvania, Pennsylvania courts often refer to that section to define the elements of this tort. Section 46(1) of the Restatement (Second) of Torts provides:\n\u00a7 46. Outrageous Conduct Causing Severe Emotional Distress\n(1) One who by extreme and outrageous conduct intentionally or recklessly causes severe emotional distress to another is subject to liability for such emotional distress, and if bodily harm to the other results from it, for such bodily harm.\nRestatement (Second) of Torts, \u00a7 46(1).\nThe commentary to section 46(1) makes it clear that the conduct contemplated by this tort must be \u201cso outrageous in character, and so extreme in degree, as to go beyond all possible bounds of decency, and to be regarded as atrocious, and utterly intolerable in a civilized community.\u201d Restatement (Second) of Torts, \u00a7 46 comment d (1965). See also Buczek v. First National Bank of Mifflintown, 366 Pa.Super. 551, 558, 531 A.2d 1122, 1125 (1987). \u201cPennsylvania courts have found a cause of action for [IIED] to exist only in limited circumstances, where the conduct has been clearly outrageous.\u201d Rinehimer v. Luzerne County Community College, 372 Pa.Super. 480, 495, 539 A.2d 1298, 1305 (1988), alloc. den., 521 Pa. 606, 555 A.2d 116 (1988). Moreover, \u201c[t]he liability clearly does not extend to mere insults, indignities, threats, annoyances, petty oppressions, or other trivialities.\u201d Restatement (Second) of Torts, \u00a7 46 comment d (1965).\nSnyder alleges in his amended complaint that his employers \u201cscreamed at him for being late,\u201d \u201ctold him he would have to choose between being an Emergency Medical Technician and his employment,\u201d \u201creprimanded [him] for his late arrival,\u201d and \u201cdemoted [him] to his entry level position.\u201d See Snyder\u2019s Amended Complaint, at p. 4. We do not find that this conduct, if accepted as true, would rise to the level of outrageousness required to permit recovery for IIED.\nBecause the facts pled by Snyder are legally insufficient to support a cause of action for IIED, we need not address his contention that Patel and Hubbard committed this intentional tort for personal reasons.\nOrders affirmed.\n. We note that the Emergency Medical Services Act does not specify a remedy for an alleged violation of section 6931(j)(5). However, section 6936 of the Act does provide that any person who violates \"any other provision of this act\" commits a summary offense. See 35 P.S. \u00a7 6936.\n. At argument, Snyder presented one additional issue not raised in his brief. He alleged that Specialty was equitably estopped from claiming that the WCA provides Snyder\u2019s exclusive remedy. Snyder did not raise the issue of equitable estoppel in his statement of questions presented. Therefore, this issue is waived. See Harkins v. Calumet Realty Company, 418 Pa.Super. 405, 412-14, 614 A.2d 699, 703 (1992) (issues not raised in statement of questions presented are deemed waived).\n. We recognize that the doctrine of collateral estoppel applies when the prior judgment was made in an administrative hearing such as the Workers\u2019 Compensation Board. See Grant v. GAF Corp., 608 A.2d at 1055.",
        "type": "majority",
        "author": "HUDOCK, Judge:"
      }
    ],
    "attorneys": [
      "Steven Cotlar, Doylestown, for appellant.",
      "George A. Priestley, Warminster, for ap-pellees."
    ],
    "corrections": "",
    "head_matter": "Bryan SNYDER, Appellant, v. SPECIALTY GLASS PRODUCTS, INC., B. Patel, Carol Hubbard and Frank Arrison, Appellees.\nSuperior Court of Pennsylvania.\nArgued March 16, 1995.\nFiled April 27, 1995.\nSteven Cotlar, Doylestown, for appellant.\nGeorge A. Priestley, Warminster, for ap-pellees.\nBefore HUDOCK, SAYLOR and HESTER, JJ."
  },
  "file_name": "0366-01",
  "first_page_order": 424,
  "last_page_order": 433
}
