{
  "id": 7872953,
  "name": "John R. KENNEDY, Administrator of the Estate of Kathleen Kennedy, Deceased, and Lewis Scott, an Incompetent, by Cora Smith, his Guardian Ad Litem, Appellants, v. CITY OF PHILADELPHIA and Commonwealth of Pennsylvania, Torts Litigation Unit-Office of Attorney General, and Pennsylvania Department of Transportation and James H. Hartbauer, Appellees",
  "name_abbreviation": "Kennedy v. City of Philadelphia",
  "decision_date": "1995-05-19",
  "docket_number": "",
  "first_page": "788",
  "last_page": "788",
  "citations": [
    {
      "type": "official",
      "cite": "658 A.2d 788"
    }
  ],
  "court": {
    "name_abbreviation": "Pa.",
    "id": 8832,
    "name": "Supreme Court of Pennsylvania"
  },
  "jurisdiction": {
    "id": 6,
    "name_long": "Pennsylvania",
    "name": "Pa."
  },
  "cites_to": [],
  "analysis": {
    "cardinality": 83,
    "char_count": 899,
    "ocr_confidence": 0.746,
    "sha256": "98ab492aa50ae5d7ff5b7286a4cbd018ca1049d69f443fd0a9e13fd492f8cf30",
    "simhash": "1:5db99a1281f22164",
    "word_count": 130
  },
  "last_updated": "2023-07-14T20:40:06.476976+00:00",
  "provenance": {
    "date_added": "2019-08-29",
    "source": "Harvard",
    "batch": "2018"
  },
  "casebody": {
    "judges": [
      "Before NIX, C.J., and FLAHERTY, ZAPPALA, CAPPY, CASTILLE and MONTEMURO, JJ."
    ],
    "parties": [
      "John R. KENNEDY, Administrator of the Estate of Kathleen Kennedy, Deceased, and Lewis Scott, an Incompetent, by Cora Smith, his Guardian Ad Litem, Appellants, v. CITY OF PHILADELPHIA and Commonwealth of Pennsylvania, Torts Litigation Unit-Office of Attorney General, and Pennsylvania Department of Transportation and James H. Hartbauer, Appellees."
    ],
    "opinions": [
      {
        "text": "ORDER\nPER CURIAM:\nThe Court being evenly divided, the Order of the Commonwealth Court is affirmed.\nMessrs. Justice Cappy and Castille and Senior Justice Montemuro, who is sitting by designation, dissent and would reverse the Order of the Commonwealth Court.",
        "type": "majority",
        "author": "PER CURIAM:"
      }
    ],
    "attorneys": [
      "Lawrence D. Finney, Philadelphia, for Kennedy & Smith.",
      "Alan Ostrow, Philadelphia, for City of Philadelphia."
    ],
    "corrections": "",
    "head_matter": "John R. KENNEDY, Administrator of the Estate of Kathleen Kennedy, Deceased, and Lewis Scott, an Incompetent, by Cora Smith, his Guardian Ad Litem, Appellants, v. CITY OF PHILADELPHIA and Commonwealth of Pennsylvania, Torts Litigation Unit-Office of Attorney General, and Pennsylvania Department of Transportation and James H. Hartbauer, Appellees.\nSupreme Court of Pennsylvania.\nArgued April 25, 1995.\nDecided May 19, 1995.\nReargument Denied July 13, 1995.\nLawrence D. Finney, Philadelphia, for Kennedy & Smith.\nAlan Ostrow, Philadelphia, for City of Philadelphia.\nBefore NIX, C.J., and FLAHERTY, ZAPPALA, CAPPY, CASTILLE and MONTEMURO, JJ."
  },
  "file_name": "0788-01",
  "first_page_order": 846,
  "last_page_order": 846
}
