{
  "id": 8997525,
  "name": "In the Matter of Alan Lee GALLAGHER",
  "name_abbreviation": "In re Gallagher",
  "decision_date": "2005-12-22",
  "docket_number": "No. 1048 DISC 3",
  "first_page": "1165",
  "last_page": "1165",
  "citations": [
    {
      "type": "official",
      "cite": "889 A.2d 1165"
    }
  ],
  "court": {
    "name_abbreviation": "Pa.",
    "id": 8832,
    "name": "Supreme Court of Pennsylvania"
  },
  "jurisdiction": {
    "id": 6,
    "name_long": "Pennsylvania",
    "name": "Pa."
  },
  "cites_to": [],
  "analysis": {
    "cardinality": 74,
    "char_count": 765,
    "ocr_confidence": 0.697,
    "sha256": "9df1870def7f16c59043e5421586171afb3f49664891d100a3309e2d077aa015",
    "simhash": "1:3687216372a70f68",
    "word_count": 135
  },
  "last_updated": "2023-07-14T17:43:13.530671+00:00",
  "provenance": {
    "date_added": "2019-08-29",
    "source": "Harvard",
    "batch": "2018"
  },
  "casebody": {
    "judges": [],
    "parties": [
      "In the Matter of Alan Lee GALLAGHER."
    ],
    "opinions": [
      {
        "text": "ORDER\nPER CURIAM.\nAND NOW, this 22nd day of December, 2005, Alan Lee Gallagher having been disbarred from the practice of law in the State of Oregon by Order of the Supreme Court of the State of Oregon dated October 14, 2004; the said Alan Lee Gallagher having been directed on August 3, 2005, to inform this Court of any claim he has that the imposition of the identical or comparable discipline in this Commonwealth would be unwarranted and the reasons therefor; and no response having been filed, it is\nORDERED that Alan Lee Gallagher is disbarred from the practice of law in this Commonwealth, and he shall comply with all the provisions of Rule 217, Pa.R.D.E.",
        "type": "majority",
        "author": "PER CURIAM."
      }
    ],
    "attorneys": [],
    "corrections": "",
    "head_matter": "In the Matter of Alan Lee GALLAGHER.\nNo. 1048 DISC 3.\nSupreme Court of Pennsylvania.\nDec. 22, 2005."
  },
  "file_name": "1165-01",
  "first_page_order": 1215,
  "last_page_order": 1215
}
