{
  "id": 11804473,
  "name": "Jay H. MYERS and Helen L. Myers, His Wife, Appellants v. Melvin S. BEAM and Anna M. Beam, His Wife, Appellees",
  "name_abbreviation": "Myers v. Beam",
  "decision_date": "1998-05-20",
  "docket_number": "No. 35 M.D. Appeal Docket 1997",
  "first_page": "61",
  "last_page": "63",
  "citations": [
    {
      "type": "official",
      "cite": "713 A.2d 61"
    }
  ],
  "court": {
    "name_abbreviation": "Pa.",
    "id": 8832,
    "name": "Supreme Court of Pennsylvania"
  },
  "jurisdiction": {
    "id": 6,
    "name_long": "Pennsylvania",
    "name": "Pa."
  },
  "cites_to": [
    {
      "cite": "658 A.2d 743",
      "category": "reporters:state_regional",
      "reporter": "A.2d",
      "case_ids": [
        472208,
        7872043
      ],
      "year": 1995,
      "pin_cites": [
        {
          "page": "744"
        }
      ],
      "opinion_index": 0,
      "case_paths": [
        "/pa/540/0435-01",
        "/a2d/658/0743-01"
      ]
    },
    {
      "cite": "540 Pa. 435",
      "category": "reporters:state",
      "reporter": "Pa.",
      "case_ids": [
        472208
      ],
      "year": 1995,
      "pin_cites": [
        {
          "page": "438"
        }
      ],
      "opinion_index": 0,
      "case_paths": [
        "/pa/540/0435-01"
      ]
    },
    {
      "cite": "519 Pa. 66",
      "category": "reporters:state",
      "reporter": "Pa.",
      "case_ids": [
        1813539
      ],
      "weight": 9,
      "year": 1988,
      "pin_cites": [
        {
          "page": "75"
        },
        {
          "page": "5"
        },
        {
          "page": "75"
        },
        {
          "page": "5"
        },
        {
          "page": "75"
        },
        {
          "page": "5"
        }
      ],
      "opinion_index": 0,
      "case_paths": [
        "/pa/519/0066-01"
      ]
    },
    {
      "cite": "252 Pa.Super. 257",
      "category": "reporters:state",
      "reporter": "Pa. Super.",
      "case_ids": [
        93226
      ],
      "weight": 2,
      "year": 1977,
      "opinion_index": 0,
      "case_paths": [
        "/pa-super/252/0257-01"
      ]
    },
    {
      "cite": "12 A.2d 435",
      "category": "reporters:state_regional",
      "reporter": "A.2d",
      "year": 1940,
      "opinion_index": 1
    },
    {
      "cite": "338 Pa. 373",
      "category": "reporters:state",
      "reporter": "Pa.",
      "case_ids": [
        1199881
      ],
      "year": 1940,
      "opinion_index": 1,
      "case_paths": [
        "/pa/338/0373-01"
      ]
    },
    {
      "cite": "359 Pa.Super. 177",
      "category": "reporters:state",
      "reporter": "Pa. Super.",
      "case_ids": [
        661928
      ],
      "weight": 2,
      "year": 1986,
      "opinion_index": 1,
      "case_paths": [
        "/pa-super/359/0177-01"
      ]
    },
    {
      "cite": "118 A.2d 174",
      "category": "reporters:state_regional",
      "reporter": "A.2d",
      "year": 1955,
      "pin_cites": [
        {
          "page": "177",
          "parenthetical": "finding that hostility does not denote ill will, but rather the intent to hold title to property against the record title holder"
        }
      ],
      "opinion_index": 1
    },
    {
      "cite": "383 Pa. 174",
      "category": "reporters:state",
      "reporter": "Pa.",
      "case_ids": [
        1261929
      ],
      "year": 1955,
      "pin_cites": [
        {
          "page": "176",
          "parenthetical": "finding that hostility does not denote ill will, but rather the intent to hold title to property against the record title holder"
        }
      ],
      "opinion_index": 1,
      "case_paths": [
        "/pa/383/0174-01"
      ]
    }
  ],
  "analysis": {
    "cardinality": 459,
    "char_count": 7825,
    "ocr_confidence": 0.683,
    "pagerank": {
      "raw": 4.03580807328026e-08,
      "percentile": 0.24326669238245163
    },
    "sha256": "68debac2f1521e7ab16cb1b547340e1b3bceb7f3a52f4f9ddc3b3ed1f1b6eace",
    "simhash": "1:90716ccac5cfa82b",
    "word_count": 1264
  },
  "last_updated": "2024-02-27T18:27:35.600785+00:00",
  "provenance": {
    "date_added": "2019-08-29",
    "source": "Harvard",
    "batch": "2018"
  },
  "casebody": {
    "judges": [
      "Before FLAHERTY, C.J., and ZAPPALA CAPPY, CASTILLE, NIGRO, NEWMAN and SAYLOR, JJ.",
      "SAYLOR, J., files a dissenting opinion in which CASTILLE and NIGRO, JJ., join.",
      "CASTILLE and NIGRO, JJ., join this dissenting opinion."
    ],
    "parties": [
      "Jay H. MYERS and Helen L. Myers, His Wife, Appellants v. Melvin S. BEAM and Anna M. Beam, His Wife, Appellees."
    ],
    "opinions": [
      {
        "text": "OPINION OF THE COURT\nFLAHERTY, Chief Justice.\nAppellants Jay and Helen Myers sought to acquire title by adverse possession to a strip of land adjoining their property, and the court of common pleas granted their petition. The court found that all elements necessary to establish title by adverse possession were present. The Superior Court, however, reversed due to appellants\u2019 attempt to acquire title by seeking a quitclaim deed from appellees\u2019 predecessors in title before the expiration of the statute of limitations for adverse possession. The Superior Court held that the request for a quitclaim deed was an acknowledgement of the superiority of the record owners\u2019 title inconsistent with the requirement that adverse possession must be hostile. Thus the element of hostility is the only element of adverse possession at issue.\nAppellant argues that we should follow the reasoning of Judge Tamalia, who dissented from the conclusion of the majority of the Superior Court panel. He cited Burns v. Mitchell, 252 Pa.Super. 257, 381 A.2d 487 (1977), to the effect that even if a trespasser seeks a quitclaim deed from the record owner, such a trespasser is not acknowledging superior title in the record owner, but is merely seeking to improve the marketability of his own title.\nBums, however, is factually distinguishable. The disputed land in Bums adjoined the lots of the two parties, neither of whom held record title. Burns obtained title by adverse possession. She later acquired a quitclaim deed to the disputed land. Bums held that the quitclaim deed only gave Burns record title to property she had already acquired by adverse possession. Under these circumstances, Burns merely improved the marketability of her title after establishing ownership by adverse possession.\nIn this case, by contrast, appellants sought a quitclaim deed from the record owner; moreover, they did so approximately eight years prior' to the running of the statute of limitations for adverse possession. It is therefore apparent that the Bums precept\u2014 namely, that it is perfectly consistent to claim title by adverse possession and also seek a quitclaim deed \u2014 is inapplicable under the facts of this case.\nIt is also argued that it is not essential to establish hostility in a claim of adverse possession if all other' elements of adverse possession are present. This argument is based on Tioga Coal Co. v. Supermarkets General Corp., 519 Pa. 66, 75, 546 A.2d 1, 5 (1988). Tioga stated that \u201cif the true owner has not ejected the interloper within the time allotted for an action in ejectment, and all other elements of adverse possession have been established, hostility will be implied, regardless of the subjective state of mind of the trespasser.\u201d Id. Appellants argue that if the Tioga rule is applied to this case, where every element of adverse possession, with the sole exception of hostility, is undisputedly present, then title by adverse possession has been properly proved, as hostility is implied when the other elements are present.\nThis is a misinterpretation of the holding and rationale of Tioga. The opinion stated that the above holding \u201cis consistent with a requirement that adverse possession be characterized by hostility as well as the other elements of the cause of action....\u201d Id., 519 Pa. at 75, 546 A.2d at 5. Tioga manifestly cannot be interpreted as disposing of the requirement of hostility. The record in Tio-ga was silent as to evidence of hostility.\nTo interpret and apply the holding of Tio-ga in this case, it is essential to recognize that the facts of the cases differ materially. The record of Tioga was silent as to hostility; there was no evidence tending to prove or disprove hostility. In those circumstances, the court inferred the existence of hostility. In this ease, however, there is evidence tending to disprove the existence of hostility. To rely on Tioga to establish the existence of hostility in this case would not only be an extreme extension of Tioga, but would essentially eliminate hostility as one of the required elements of adverse possession. Such an interpretation is impermissible given the above-quoted statement in Tioga that its holding \u201cis consistent with a requirement that adverse possession be characterized by hostility as well as the other elements of the cause of action_\u201d Id., 519 Pa. at 75, 546 A.2d at 5. Here, seeking a quitclaim deed destroyed the element of continuous hostility in the adverse possession of appellants, and Tioga is not capable of being interpreted as supplying that element by implication.\nWe therefore hold that the Superior Court was correct in reversing the court of common pleas, thereby denying title by adverse possession on account of appellants\u2019 attempt to acquire a quitclaim deed from appellees.\nOrder of the Superior Court affirmed.\nSAYLOR, J., files a dissenting opinion in which CASTILLE and NIGRO, JJ., join.\n\"[0]ne who claims title by adverse possession must prove actual, continuous, exclusive, visible, notorious, distinct and hostile possession of the land for twenty-one years.\u201d Baylor v. Soska, 540 Pa. 435, 438, 658 A.2d 743, 744 (1995).",
        "type": "majority",
        "author": "FLAHERTY, Chief Justice."
      },
      {
        "text": "SAYLOR, Justice,\ndissenting.\nThere is ample evidence of record to establish the element of hostility required to support a claim of adverse possession. The trial court found that Appellants \u201cintentionally possessed the property as against the record owners.\u201d See Vlachos v. Witherow, 383 Pa. 174, 176, 118 A.2d 174, 177 (1955) (finding that hostility does not denote ill will, but rather the intent to hold title to property against the record title holder). This explicit finding of hostile possession is supported by evidence that Appellants: believed, upon purchase of their farm, that the disputed property was part of their lands; asserted continuous and exclusive dominion over the property; visibly excavated and cleared the property; constructed and removed fencing; and continuously mowed and maintained the property in a manner appropriate to its character.\nI differ, most respectfully, with the majority\u2019s holding that Appellants\u2019 request for a quitclaim deed served to destroy the requisite hostility. This is so, the majority reasons, because such action constituted an acknowledgment of the superiority of the record owners\u2019 title. While an offer to acquire legal title may constitute recognition of superior right in another and support the inference that use of the property is by permission, see Pistner Bros. v. Agheli, 359 Pa.Super. 177, 518 A.2d 838 (1986), an attempt to secure a quitclaim deed does not, in my view, support a similar inference.\nBy statute, a quitclaim deed does not convey or warrant record title but, rather, constitutes only a release by the grantor of his or her interest, if any, in the property in question. 21 P.S. \u00a7 7; see generally Greek Catholic Congregation v. Plummer, 338 Pa. 373, 12 A.2d 435 (1940); LADNER ON CONVEYANCING IN PENNSYLVANIA 9.02 (rev. 4th ed.1979). Indeed, the device is most useful for the very reason that it permits parties to settle a property dispute without the necessity of an acknowledgment by either as to the merit of the other\u2019s claim.\nThus, Appellants\u2019 request for a quitclaim deed did not constitute an acknowledgment that Appellees\u2019 predecessor in title possessed superior title, or any title at all, to the property in question.\nCASTILLE and NIGRO, JJ., join this dissenting opinion.",
        "type": "dissent",
        "author": "SAYLOR, Justice,"
      }
    ],
    "attorneys": [
      "Michael D. Reed, Harrisburg, for Jay H. Myers, et ux.",
      "Dale F. Shughart, Jr., Carlisle, for Melvin S. Beam, et ux."
    ],
    "corrections": "",
    "head_matter": "Jay H. MYERS and Helen L. Myers, His Wife, Appellants v. Melvin S. BEAM and Anna M. Beam, His Wife, Appellees.\nSupreme Court of Pennsylvania.\nArgued Feb. 2, 1998.\nDecided May 20, 1998.\nReargument Denied July 8, 1998.\nMichael D. Reed, Harrisburg, for Jay H. Myers, et ux.\nDale F. Shughart, Jr., Carlisle, for Melvin S. Beam, et ux.\nBefore FLAHERTY, C.J., and ZAPPALA CAPPY, CASTILLE, NIGRO, NEWMAN and SAYLOR, JJ."
  },
  "file_name": "0061-01",
  "first_page_order": 107,
  "last_page_order": 109
}
