{
  "id": 8419000,
  "name": "Randal V. KLINE and Carol L. Kline, Petitioners v. COMMONWEALTH of Pennsylvania, Respondent",
  "name_abbreviation": "Kline v. Commonwealth",
  "decision_date": "2006-05-19",
  "docket_number": "No. 124 F.R. 2005",
  "first_page": "408",
  "last_page": "412",
  "citations": [
    {
      "type": "official",
      "cite": "899 A.2d 408"
    }
  ],
  "court": {
    "name_abbreviation": "Pa. Commw. Ct.",
    "id": 11887,
    "name": "Commonwealth Court of Pennsylvania"
  },
  "jurisdiction": {
    "id": 6,
    "name_long": "Pennsylvania",
    "name": "Pa."
  },
  "cites_to": [
    {
      "cite": "866 A.2d 1205",
      "category": "reporters:state_regional",
      "reporter": "A.2d",
      "case_ids": [
        9040795
      ],
      "weight": 3,
      "pin_cites": [
        {
          "page": "1206"
        },
        {
          "page": "1207"
        }
      ],
      "opinion_index": 0,
      "case_paths": [
        "/a2d/866/1205-01"
      ]
    },
    {
      "cite": "849 A.2d 297",
      "category": "reporters:state_regional",
      "reporter": "A.2d",
      "case_ids": [
        9239476
      ],
      "weight": 3,
      "pin_cites": [
        {
          "page": "298"
        },
        {
          "page": "299-300"
        }
      ],
      "opinion_index": 0,
      "case_paths": [
        "/a2d/849/0297-01"
      ]
    },
    {
      "cite": "763 A.2d 521",
      "category": "reporters:state_regional",
      "reporter": "A.2d",
      "case_ids": [
        11170707
      ],
      "weight": 4,
      "pin_cites": [
        {
          "page": "523"
        },
        {
          "page": "523"
        },
        {
          "page": "524"
        }
      ],
      "opinion_index": 0,
      "case_paths": [
        "/a2d/763/0521-01"
      ]
    }
  ],
  "analysis": {
    "cardinality": 529,
    "char_count": 12803,
    "ocr_confidence": 0.655,
    "pagerank": {
      "raw": 8.02114797974916e-08,
      "percentile": 0.46495104540843885
    },
    "sha256": "9234aa640cb22450064b1bbf86996d798b8c46ca2466dab59539a8dec59e968c",
    "simhash": "1:bea6e6b4aa018582",
    "word_count": 2056
  },
  "last_updated": "2024-02-27T22:52:50.605293+00:00",
  "provenance": {
    "date_added": "2019-08-29",
    "source": "Harvard",
    "batch": "2018"
  },
  "casebody": {
    "judges": [
      "BEFORE: COLINS, President Judge, and McGINLEY, Judge, PELLEGRINI, Judge, FRIEDMAN, Judge, LEADBETTER, Judge, SIMPSON, Judge, and LEAVITT, Judge."
    ],
    "parties": [
      "Randal V. KLINE and Carol L. Kline, Petitioners v. COMMONWEALTH of Pennsylvania, Respondent."
    ],
    "opinions": [
      {
        "text": "OPINION BY\nJudge McGINLEY.\nRandal V. Kline and Carol L. Kline (collectively, Petitioners) petition for review from an order of the Board of Finance and Revenue (Board) that affirmed the imposition of a realty transfer tax on each of the twenty-seven conveyances from Petitioners to Randcar, LLP.\nThe Petitioners, husband and wife, stipulated to the following:\n1. The petitioners ... reside at 345 W. Mt. Airy Road, Lancaster, Pennsylvania, 17578.\n2. The respondent is the Commonwealth of Pennsylvania.\n3. On December 5, 2003, a total of 27 deeds were recorded in Lancaster whereby the Klines [Petitioners], as grantors, conveyed 27 parcels of real estate to Randcar, LLP, grantee.\n4. Randcar, LLP, is a Pennsylvania limited liability partnership whose sole partners and 100 percent owners are the Klines [Petitioners].\n5. For each of the 27 deeds recorded on December 5, 2003, a 100 percent exclusion from realty transfer tax was claimed and no transfer tax was paid. The statements of value that were filed with each deed claimed exemption from transfer tax as a \u201ccorrective or confirmatory deed\u201d and included the explanation:\n\u201cGrantors and the principals are one and the same, therefore no meaningful transfer of title has occurred and the transfer is therefore exempt under 72 P.S. \u00a7 8102-C3(4) (see also Commonwealth v. Exton Plaza, No. F.R. 1990).\u201d\n6. After review, the Department of Revenue (\u201cDepartment\u201d) determined that none of the 27 deeds recorded on December 5, 2003, was exempt from transfer tax and imposed the 1% state transfer tax, plus appropriate interest, on the value of each of the 27 parcels.\n7. The Klines [Petitioners] appealed the Department\u2019s 27 determinations to the Board of Appeals which affirmed the Department\u2019s actions.\n8. The Klines [Petitioners] appealed the 27 decisions of the Board of Appeals to the Board of Finance and Revenue.\n9. On February 22, 2005, the Board of Finance and Revenue issued orders affirming the imposition of realty transfer tax on each of the 27 conveyances from the Klines [Petitioners] to Randcar, LLP. A complete list of each conveyance, the amount of transfer tax imposed and affirmed with interest, and the Board of Finance and Revenue docket number is attached hereto as Exhibit \u201cA.\u201d\n10.The Klines [Petitioners] have appealed the 27 Board of Finance and Revenue decisions of February 22, 2005, to this Court. All 27 decisions have been consolidated under this one petition for review, 124 F.R.2005.\nStipulations .of Facts, August 22, 2005, Paragraphs 1-10 at 1-3.\nOn appeal , Petitioners contend that the conveyance from a husband and wife to a limited liability partnership is not subject to a realty transfer tax where the husband and wife are the sole owners of the limited liability partnership.\nSection 1102-C of the Realty Transfer Tax Act (Act), 72 P.S. \u00a7 8102-C, provides:\nEvery person who makes, executes, delivers, accepts or presents for recording any document or in whose behalf any document is made, executed, delivered, accepted or presented for recording, shall be subject to pay for and in respect to the transaction or any part thereof, ... a State tax at the rate of one percent of the value of the real estate represented by such document, which State tax shall be payable at the earlier of the time the document is presented for recording or within thirty days of acceptance of such document or within thirty days of becoming an acquired company, (emphasis added).\nSection 1102-C.4 of the Act, 72 P.S. \u00a7 8102-C.4, provides:\nExcept as otherwise provided in section 1102-G.3, documents which make, confirm or evidence any transfer or devise of title to real estate between associations or corporations and the members, partners, shareholders or stockholders thereof are fully taxable. For the purposes of this article, corporations and associations are entities separate from their members, partners, stockholders or shareholders, (emphasis added).\nAlso, \u201c[t]he realty transfer tax is a tax upon the transaction, the transfer of title to real estate as evidenced by a document that is presented to be recorded.\u201d Exton Plaza Associates v. Commonwealth of Pennsylvania, 763 A.2d 521, 523 (Pa. Cmwlth.2000). Further, Section 1101-C of the Act, 72 P.S. \u00a7 8101-C, defines the term \u201cdocument\u201d as \u201c[a]ny deed, instrument or writing which conveys, transfers, devises, vests, confirms or evidences any transfer or devise of title to real estate .... \u201d\nIn Farda v. Commonwealth, 849 A.2d 297 (Pa.Cmwlth.2004), this Court addressed a similar issue. Joseph and Ann Farda (the Fardas), husband and wife, stipulated that they had conveyed certain real estate to Farda Realty, a Delaware limited partnership. Each of them was a limited partner and had a 49.5% interest individually in Farda Realty. Also, they were general partners with a 1% interest as tenants by the entireties. The Fardas had claimed a 100% exemption from the realty transfer tax because \u201c[t]he grantors each own fifty percent of the grantee limited partnership [and][t]his is not a document which conveys a real interest in real estate to someone other than the grantor .... \u201d (citation omitted). Id. at 298, quoting Statement of Value, Exhibit B, Stipulations of Facts. The Department of Revenue determined that the property was subject to the realty transfer tax pursuant to Section 1102-C of the Act, 72 P.S. \u00a7 8102-C. The Board of Appeals sustained the Department of Revenue\u2019s determination. The Fardas then appealed to the Board of Finance and Revenue (B.F.R.). The B.F.R. sustained the decision of the Board of Appeals and concluded that Exton Plaza Associates v. Commonwealth of Pennsylvania, 763 A.2d 521 (Pa.Cmwlth.2000) was not applicable because Exton Plaza involved the transfer from a general partnership to a limited partnership.\nOn appeal, the Fardas argued, as Petitioners do here, \u201c[cjiting to Exton Plaza Associates ... the transfer tax does not apply in this case because the deed did not transfer a beneficial interest to land to anyone other than to themselves, the grantors.\u201d Id. at 299. This Court rejected their argument:\nIn Exton Plaza Associates, a general partnership held title to a shopping center with each partner owning 50%. For the purposes of becoming a single purpose and bankruptcy remote entity, the general partnership converted itself into a limited partnership of the same name with each limited partner owning 49.5% (the same partners in the general partnership) and 1% being owned by the general partner, Exton Plaza G.P., LLC (made up of two limited partners). The conveyance was from an association which had decided to change its business form to a newly formed association of another kind which continued to carry out the very same activities. In that case, we recognized that, \u2018transfers between partnerships are fully taxable, as are transfers between partnerships and their partners or members, unless the transaction is excluded; however, the first inquiry must be whether the deed affects a real transfer of an interest in property to someone other than the grantor.\u2019 Exton Plaza Associates, 763 A.2d at 523. Because we characterized the transfer as merely the \u2018memorialization\u2019 of 'the conversion from a general partnership to a limited partnership,\u2019 we concluded that the transfer under those circumstances was \u2018analogous to the exclusion for correctional or confirmatory deed that does not change the beneficial interest in the property,\u2019 and, as such, we reserved the imposition of the realty transfer tax. Exton Plaza Associates, 763 A.2d at 524. However, unlike Exton Plaza Associates, the Fardas, as grantors, were individuals, and not a business partnership wishing to change its business form under Pennsylvania law. The deed in this case conveyed legal title to \u2018someone other than the grantors\u2019 because the Fardas, as tenants in the entirety, are not Farda Realty, the partnership, an entity governed by the laws for foreign registered limited liability partnerships. See 15 Pa.C.S. \u00a7 8211(a). Moreover, this transfer is governed by Section 1102-C.4 of the Act, 72 P.S. \u00a7 8102-C.4.... The deed in this case transferred property from the Fardas, as individuals, to an association, of which they were the sole partners, which under this provision, makes the deed a taxable document. Because the deed was a taxable document that conveyed-real estate with a fair market value of $5,223,320.20 to an association, the Board was correct in affirming the imposition of a 1% realty transfer tax in the amount of $52,233.20. (emphasis added.)\nFarda, 849 A.2d at 299-300.\nRecently, in Penn Towers Associates, LP v. Commonwealth of Pennsylvania, 866 A.2d 1205 (Pa.Cmwlth.2005), this Court revisited Farda. In Penn Towers Associates, Joseph Soffer (Soffer) had conveyed real estate located in Wilkins Township, Pennsylvania, to Penn Towers, a Delaware limited partnership. Soffer was the sole limited partner of Penn Towers with a 99% interest. Soffer Management L.L.C., owned entirely by Soffer, was Penn Towers\u2019 general partner with a 1% interest. Soffer recorded the deed concerning the real estate and claimed a 100% exemption from the realty transfer tax. Because Soffer owned a 100% in Penn Towers (Grantee) and a 100% in Soffer Management, LLC (Grantee), \u201cthe deed in this transaction does not effect a transfer of a beneficial interest in the property to someone other than the Grantor.\u201d Id. at 1206. The department issued a realty transfer tax notice of determination under Section 1102-C of the Act, 72 P.S. \u00a7 8102-C. The Board of Appeals and the Board of Finance and Revenue sustained the department\u2019s determination.\nOn appeal, Soffer also cited Exton Plaza in support of his argument that the conveyance was not subject to the realty transfer tax because as the sole owner of Penn Tower he effectively transferred the property to himself. Again, this Court rejected such an argument:\nIn Farda, we distinguished the situation in Exton Plaza from that where the Fardas, a husband and wife as grantors, were individuals conveying certain real estate to a limited partnership of which they were the sole partners, not a business partnership wishing to change its business form under Pennsylvania law. Thus, the deed in Farda conveyed legal title to 'someone other than the grantors\u2019 because the Fardas were not the same as the partnership to which they transferred the property. For this reason, we held that the transfer was governed by section 1102-C.4 of the Act....\nThe situation in Farda is repeated here. Softer, as grantor, is an individual and is different from Penn Towers, a limited partnership governed by the laws for foreign registered limited liability partnerships .... Because the deed in this case, which transferred property from Softer to Penn Towers, is a conveyance between a partnership and a partner, the transfer is subject to realty transfer tax under the Act .... (emphasis in original).\nPenn Towers Associates, 866 A.2d at 1207.\nHere, as in Farda and Penn Towers, the Petitioners, as individuals, conveyed property to Randcar, LP, a partnership. Therefore, legal title to the twenty-seven properties passed to Randcar, LP, an entity other than the Petitioners themselves. The deed was a taxable document that conveyed real estate to a partnership. The Board properly affirmed the imposition of a 1% realty transfer tax.\nAccordingly, this Court affirms.\nORDER\nAND NOW, this 19th day of May, 2006, the order of the Board of Finance and Review in the above-captioned matter is affirmed. Unless exceptions are filed within thirty (30) days in accord with the provisions of Pa. R.A.P. 1571 (i), judgment shall be entered in favor of the Commonwealth of Pennsylvania.\n. \"Appeals to this Court from Board\u2019s decisions are heard de novo based on the record created before this Court or on stipulated facts.\" Pa. R.A.P. 1571(h). Tax statutes must be strictly construed against the Commonwealth, and any reasonable doubts as to its application to a particular case must be resolved in favor of the taxpayer. 1 Pa.C.S. \u00a7 1928(b)(3).\n. Act of March 4, 1971, P.L. 6, as amended, added by the Act of May 5, 1981, P.L. 36, as amended, 72 P.S. \u00a7 8102-C. The imposition of the tax in the current act remains essentially the same as under the predecessor act. Tax Act, Act of December 27, 1951, P.L. 1742, as amended, formerly 72 P.S. \u00a7\u00a7 3283-3292.",
        "type": "majority",
        "author": "Judge McGINLEY."
      }
    ],
    "attorneys": [
      "George W. Westervelt, Jr., Stroudsburg, for petitioners.",
      "Ronald H. Skubecz, Sr. Deputy Attorney General, Harrisburg, for respondent."
    ],
    "corrections": "",
    "head_matter": "Randal V. KLINE and Carol L. Kline, Petitioners v. COMMONWEALTH of Pennsylvania, Respondent.\nCommonwealth Court of Pennsylvania.\nArgued April 5, 2006.\nDecided May 19, 2006.\nGeorge W. Westervelt, Jr., Stroudsburg, for petitioners.\nRonald H. Skubecz, Sr. Deputy Attorney General, Harrisburg, for respondent.\nBEFORE: COLINS, President Judge, and McGINLEY, Judge, PELLEGRINI, Judge, FRIEDMAN, Judge, LEADBETTER, Judge, SIMPSON, Judge, and LEAVITT, Judge."
  },
  "file_name": "0408-01",
  "first_page_order": 442,
  "last_page_order": 446
}
