{
  "id": 8036935,
  "name": "Larry WARREN v. The STATE of Delaware",
  "name_abbreviation": "Warren v. State",
  "decision_date": "1973-09-19",
  "docket_number": "",
  "first_page": "647",
  "last_page": "648",
  "citations": [
    {
      "type": "official",
      "cite": "310 A.2d 647"
    }
  ],
  "court": {
    "name_abbreviation": "Del. Super. Ct.",
    "id": 9286,
    "name": "Delaware Superior Court"
  },
  "jurisdiction": {
    "id": 8,
    "name_long": "Delaware",
    "name": "Del."
  },
  "cites_to": [
    {
      "cite": "219 A.2d 258",
      "category": "reporters:state_regional",
      "reporter": "A.2d",
      "case_ids": [
        8097653
      ],
      "year": 1966,
      "opinion_index": 0,
      "case_paths": [
        "/a2d/219/0258-01"
      ]
    },
    {
      "cite": "159 F.2d 616",
      "category": "reporters:federal",
      "reporter": "F.2d",
      "case_ids": [
        1123446
      ],
      "year": 1947,
      "opinion_index": 0,
      "case_paths": [
        "/f2d/159/0616-01"
      ]
    }
  ],
  "analysis": {
    "cardinality": 293,
    "char_count": 5140,
    "ocr_confidence": 0.793,
    "pagerank": {
      "raw": 4.03580807328026e-08,
      "percentile": 0.20073428991419964
    },
    "sha256": "7203e3d0b80d877476607c9d16aed20059ef4cbd27afb68076aa980e0144d3c0",
    "simhash": "1:855797e1b4e704df",
    "word_count": 859
  },
  "last_updated": "2024-02-27T21:54:45.436660+00:00",
  "provenance": {
    "date_added": "2019-08-29",
    "source": "Harvard",
    "batch": "2018"
  },
  "casebody": {
    "judges": [],
    "parties": [
      "Larry WARREN v. The STATE of Delaware."
    ],
    "opinions": [
      {
        "text": "OPINION\nCHRISTIE, Judge.\nThis is an appeal from a conviction in the Court of Common Pleas of assault and battery on a police officer. The crime was alleged to have occurred November 14, 1972. The question to be decided is whether or not appellant (hereinafter referred to as defendant) was denied the right to counsel guaranteed by the Fourteenth Amendment when he appeared for trial January 31, 1973, without having made arrangements for representation.\nBefore he was arraigned in the Court of Common Pleas on January 12, 1973, defendant had been informed by written notice dated December 20, 1972, that should he intend to consult counsel, he should do so prior to arraignment. Also embodied in the notice, which defendant signed, was the following statement:\n\u201cIf you cannot afford an attorney and wish to apply for assistance, contact the Public Defender\u2019s Office immediately either in person or by telephoning for an appointment. Their address is:\nPublic Defender\u2019s Office\nRoom 111, Odd Fellows Bldg.\n10th and King Streets\nWilmington, Delaware 19801\n(Telephone No. 658-7131)\u201d\nDefendant entered a plea of not guilty without the assistance of counsel and was informed that he should immediately obtain counsel for trial..\nDefendant appeared before the Court on the date set for trial, January 31, 1973, without having contacted counsel during the interim between arraignment and trial. He was represented by the Public Defender but had given the Public Defender no chance to prepare his defense. At the outset of the trial, the Public Defender requested a continuance on the ground that there had been insufficient time to prepare a defense. It appears that the Public Defender had met defendant for the first time approximately ten minutes before the trial began. The request for a continuance was denied and defendant was tried and convicted. The denial of the requested continuance constitutes the basis for defendant\u2019s appeal.\nDefendant contends that the denial of his request for a continuance constituted a denial of his right to effective counsel in that there had not been sufficient time in which to prepare a defense. In United States v. Helwig, 159 F.2d 616 (C.A. 3, 1947), counsel was appointed only one minute before trial for an indigent defendant who had been held in custody. The Court held:\n\u201cWe are of the opinion that counsel for an indigent defendant, held in custody, must be appointed by the court sufficiently far in advance of trial to enable counsel adequately to prepare the defense. In the case at bar the period given for preparation was too brief.\u201d\nIn the case at bar defendant had not been held in custody prior to trial. He had been informed that if he intended to consult counsel he should do so prior to arraignment. He was also told, in writing, that he should contact the Public Defender\u2019s Office if he wanted an attorney and could not afford one. The notice also set forth the address and telephone number of the Public Defender\u2019s Office. It appears that defendant had sufficient time to contact an attorney if he wanted to do so.\nIn the case of Merritt v. State, Del.Supr., 219 A.2d 258 (1966), the Public Defender, appointed to represent the defendant thirty minutes prior to trial, requested a continuance so as to prepare a defense. The request was denied and, on appeal, the Supreme Court held that such denial constituted an abuse of discretion. The Court stated that \u201cthe appointment of counsel without, at the same time, giving him opportunity to consult with the defendant and prepare his defense is the denial of the effective assistance of counsel . . . .\u201d\nThe facts in the Merritt case, supra, however, reveal that the defendant had secured counsel several months before trial and had not been informed that his attorney had obtained an order permitting him to withdraw from the case. The defendant, therefore, appeared for trial without knowing that his attorney no longer represented him.\nIn the case before the Court, defendant knew that he did not have an attorney and that it was up to him to make the necessary arrangements to get an attorney. It was conceded at oral argument before this Court that defendant had had adequate time in which to obtain counsel and that he had been negligent in failing to do so. Defendant asserts, however, that his negligence did not constitute an intentional waiver of his constitutional right to the effective assistance of counsel.\nUnder the circumstances of this case defendant was not denied effective assistance of counsel by the ruling of the Court, rather he limited the amount of assistance he got by his own lack of action. There was no abuse of discretion on the part of the Court of Common Pleas in proceeding with trial.\nThe conviction is affirmed.\nIt is so ordered.\n. Defendant had initially been arraigned on November 14, 1972, in Justice of the Pence Court before the case was transferred to the Court of Common Pleas.",
        "type": "majority",
        "author": "CHRISTIE, Judge."
      }
    ],
    "attorneys": [
      "Arlen B. Mekler, and James L. Jersild, Wilmington, for appellant.",
      "Edward C. Pankowski, Jr., Deputy Atty. Gen., for State."
    ],
    "corrections": "",
    "head_matter": "Larry WARREN v. The STATE of Delaware.\nSuperior Court of Delaware, New Castle.\nSept. 19, 1973.\nArlen B. Mekler, and James L. Jersild, Wilmington, for appellant.\nEdward C. Pankowski, Jr., Deputy Atty. Gen., for State."
  },
  "file_name": "0647-01",
  "first_page_order": 689,
  "last_page_order": 690
}
