{
  "id": 12491615,
  "name": "STATE of New Jersey, Plaintiff-Respondent, v. Eric D. CURRY, Defendant-Petitioner.",
  "name_abbreviation": "State v. Curry",
  "decision_date": "2017-10-16",
  "docket_number": "C\u2013156 September Term 2017; 079340",
  "first_page": "519",
  "last_page": "519",
  "citations": [
    {
      "type": "official",
      "cite": "174 A.3d 519"
    },
    {
      "type": "parallel",
      "cite": "231 N.J. 223"
    }
  ],
  "court": {
    "name_abbreviation": "N.J.",
    "id": 8815,
    "name": "New Jersey Court of Errors and Appeals"
  },
  "jurisdiction": {
    "id": 24,
    "name_long": "New Jersey",
    "name": "N.J."
  },
  "cites_to": [],
  "analysis": {
    "cardinality": 43,
    "char_count": 406,
    "sha256": "5d3e98f57574defc5189dee1a79ed04b5eeaac67fd9857f3601251341e338b24",
    "simhash": "1:2ef22525d432df22",
    "word_count": 61
  },
  "last_updated": "2021-09-08T21:16:17.237805+00:00",
  "provenance": {
    "date_added": "2021-08-27",
    "source": "Fastcase",
    "batch": "2021"
  },
  "casebody": {
    "judges": [],
    "parties": [
      "STATE of New Jersey, Plaintiff-Respondent,\nv.\nEric D. CURRY, Defendant-Petitioner."
    ],
    "opinions": [
      {
        "text": "",
        "type": "majority",
        "author": null
      }
    ],
    "attorneys": [
      "A petition for certification of the judgment in A-001978-14 having been submitted to this Court, and the Court having considered the same;",
      "It is ORDERED that the petition for certification is denied."
    ],
    "corrections": "",
    "head_matter": "STATE of New Jersey, Plaintiff-Respondent,\nv.\nEric D. CURRY, Defendant-Petitioner.\nC-156 September Term 2017\n079340\nSupreme Court of New Jersey.\nOctober 16, 2017\nTo the Appellate Division, Superior Court:\nA petition for certification of the judgment in A-001978-14 having been submitted to this Court, and the Court having considered the same;\nIt is ORDERED that the petition for certification is denied."
  },
  "file_name": "0519-03",
  "first_page_order": 519,
  "last_page_order": 519
}
