{
  "id": 7281743,
  "name": "STATE of Maine v. Derek W. BOUTILIER",
  "name_abbreviation": "State v. Boutilier",
  "decision_date": "2011-02-08",
  "docket_number": "",
  "first_page": "44",
  "last_page": "50",
  "citations": [
    {
      "type": "official",
      "cite": "12 A.3d 44"
    },
    {
      "type": "parallel",
      "cite": "2011 ME 17"
    }
  ],
  "court": {
    "name_abbreviation": "Me.",
    "id": 9543,
    "name": "Maine Supreme Judicial Court"
  },
  "jurisdiction": {
    "id": 42,
    "name_long": "Maine",
    "name": "Me."
  },
  "cites_to": [
    {
      "cite": "2007 ME 107",
      "category": "reporters:neutral",
      "reporter": "ME",
      "case_ids": [
        8351110
      ],
      "weight": 2,
      "pin_cites": [
        {
          "page": "\u00b6 37"
        },
        {
          "page": "1176"
        }
      ],
      "opinion_index": 0,
      "case_paths": [
        "/a2d/932/1169-01"
      ]
    },
    {
      "cite": "2010 ME 13",
      "category": "reporters:neutral",
      "reporter": "ME",
      "case_ids": [
        7291989
      ],
      "weight": 2,
      "pin_cites": [
        {
          "page": "995"
        }
      ],
      "opinion_index": 0,
      "case_paths": [
        "/a2d/988/0994-01"
      ]
    },
    {
      "cite": "2005 ME 100",
      "category": "reporters:neutral",
      "reporter": "ME",
      "case_ids": [
        8923348
      ],
      "weight": 4,
      "pin_cites": [
        {
          "page": "\u00b6 8"
        },
        {
          "page": "655"
        },
        {
          "page": "\u00b6 17"
        },
        {
          "page": "657",
          "parenthetical": "citations omitted"
        }
      ],
      "opinion_index": 0,
      "case_paths": [
        "/a2d/881/0651-01"
      ]
    },
    {
      "cite": "1997 ME 135",
      "category": "reporters:neutral",
      "reporter": "ME",
      "case_ids": [
        12026655
      ],
      "weight": 3,
      "pin_cites": [
        {
          "page": "\u00b6 6"
        },
        {
          "page": "1090"
        }
      ],
      "opinion_index": 0,
      "case_paths": [
        "/a2d/696/1088-01"
      ]
    },
    {
      "cite": "505 A.2d 791",
      "category": "reporters:state_regional",
      "reporter": "A.2d",
      "case_ids": [
        7913031
      ],
      "weight": 2,
      "pin_cites": [
        {
          "page": "793-94"
        },
        {
          "page": "793-94"
        }
      ],
      "opinion_index": 0,
      "case_paths": [
        "/a2d/505/0791-01"
      ]
    },
    {
      "cite": "439 A.2d 526",
      "category": "reporters:state_regional",
      "reporter": "A.2d",
      "case_ids": [
        7942441
      ],
      "weight": 6,
      "pin_cites": [
        {
          "page": "531"
        },
        {
          "page": "530-31"
        },
        {
          "page": "531",
          "parenthetical": "emphasis added"
        },
        {
          "page": "531"
        },
        {
          "page": "531"
        },
        {
          "page": "531"
        }
      ],
      "opinion_index": 0,
      "case_paths": [
        "/a2d/439/0526-01"
      ]
    },
    {
      "cite": "438 U.S. 154",
      "category": "reporters:federal",
      "reporter": "U.S.",
      "case_ids": [
        1769234
      ],
      "weight": 12,
      "year": 1978,
      "pin_cites": [
        {
          "page": "155-56"
        },
        {
          "page": "171"
        },
        {
          "page": "171-72"
        },
        {
          "page": "156"
        }
      ],
      "opinion_index": 0,
      "case_paths": [
        "/us/438/0154-01"
      ]
    }
  ],
  "analysis": {
    "cardinality": 655,
    "char_count": 12754,
    "ocr_confidence": 0.715,
    "pagerank": {
      "raw": 6.323771877050585e-08,
      "percentile": 0.388800080622461
    },
    "sha256": "6d36e2cfa4e557bf4175321fb2933c024a0e71e7d84d416f321bbf12ac47b688",
    "simhash": "1:871a171aab8b88f9",
    "word_count": 2077
  },
  "last_updated": "2024-02-27T18:01:48.371909+00:00",
  "provenance": {
    "date_added": "2019-08-29",
    "source": "Harvard",
    "batch": "2018"
  },
  "casebody": {
    "judges": [
      "Panel: SAUFLEY, C.J., and ALEXANDER, LEVY, SILVER, MEAD, GORMAN, and JABAR, JJ."
    ],
    "parties": [
      "STATE of Maine v. Derek W. BOUTILIER."
    ],
    "opinions": [
      {
        "text": "ALEXANDER, J.\n[\u00b6 1] Pursuant to a conditional plea agreement, MR.Crim. P. 11(a)(2), by which he pleaded nolo contendere to a charge of unlawful trafficking in scheduled drugs (Class C), 17-A M.R.S. \u00a7 1103(1-A)(E) (2010), Derek W. Boutilier appeals from the Superior Court\u2019s (Oxford County, Ni-vison and Clifford, JJ.) denial of his motions to disclose the identity of a confidential informant and to suppress. Boutilier asserts that the court erred by denying (1) his motion to disclose the identity of the confidential informant who provided information included in the warrant request, and (2) his request for a hearing pursuant to Franks v. Delaware, 438 U.S. 154, 98 S.Ct. 2674, 57 L.Ed.2d 667 (1978), to examine alleged misstatements in the application for a warrant to search his property. We affirm the court\u2019s denial of Boutilier\u2019s motions.\nI. CASE HISTORY\n[\u00b6 2] On September 18, 2008, Maine Drug Enforcement Agency Special Agent Milligan applied for a warrant to search Boutilier\u2019s property in Albany. In support of the warrant application, Milligan submitted an affidavit, which contained allegations about Boutilier\u2019s conduct that were based on Milligan\u2019s observations and on information provided to Milligan by a confidential informant and by a Bethel police officer who owns property in Albany. The affidavit stated that the confidential informant had reported that Boutilier (1) grows marijuana around his home and in the woods around Albany and sells it; (2) owns a .22 rifle; (3) had sold marijuana to the informant more than once since Boutilier\u2019s 2004 arrest for marijuana trafficking and marijuana cultivation while armed; (4) dries his marijuana in his trailer or inside a shed on his property; and (5) hides his marijuana in vehicles parked in his yard, in his outbuildings, under his trailer, or buried in his yard.\n[\u00b6 3] The affidavit also stated that the Bethel officer had learned from his cousin, who was identified by name, that his cousin had recently seen Boutilier and another man leaving a wooded area on the officer\u2019s land, carrying a large marijuana plant. The cousin alleged that when the two men saw him, Boutilier threatened him with harm if he approached Boutilier\u2019s plants and that the two men chased him, while he was on his four-wheeler, in Boutilier\u2019s dark GMC pickup truck.\n[\u00b6 4] The affidavit also stated that (1) Milligan had confirmed with the Bureau of Motor Vehicles that a dark GMC pickup was registered in Boutilier\u2019s name; (2) the Bethel officer had conducted multiple searches of his own property, ultimately finding nearly four hundred marijuana plants, including some with evidence of recent harvesting; (3) while searching his property, the Bethel officer had observed skid marks consistent with his cousin\u2019s description of the threatening manner by which Boutilier had operated his truck; and (4) Milligan had flown over Boutilier\u2019s property and saw \u201cwhat appeared to be a large pile of green plants\u201d lying on the ground outside the back door of the trailer.\n[\u00b6 5] The Disti'ict Court (Rumford, McElwee, J.) granted Milligan\u2019s application and issued a search warrant for Bouti-lier\u2019s property. On September 19, 2008, law enforcement officials executed the warrant. On October 16, 2008, based on evidence found by law enforcement officers who executed the search warrant, Boutilier was indicted by the Oxford County grand jury for unlawful trafficking in scheduled drugs (Class C), 17-A M.R.S. \u00a7 1103(1\u2014 A)(E), and marijuana cultivation (Class D), 17-A M.R.S. \u00a7 1117(1)(B)(3) (2010). Bout-ilier pleaded not guilty to both counts.\n[\u00b6 6] Boutilier filed a motion for identification of the confidential informant whose information Milligan used in the search warrant application. The Superior Court (Nivison, J.) denied the motion in July 2009. Boutilier next filed a motion to suppress the evidence seized pursuant to the search warrant, requesting a Franks hearing on the veracity of the information in the affidavit provided by the confidential informant. In a subsequent filing, Boutilier argued that Milligan\u2019s statements in his affidavit evinced a reckless disregard for the truth. In January 2010, the court (Clifford, J.) denied the motion.\n[\u00b6 7] On May 20, 2010, Boutilier withdrew his not guilty pleas to the charges and entered a conditional plea of nolo con-tendere to the unlawful trafficking charge, pursuant to M.R.Crim. P. 11(a)(2). The State dismissed the , cultivation charge. Following sentencing and entry of judgment, the court (Clifford, J.) stayed execution of the sentence pending this appeal.\nII. LEGAL ANALYSIS\nA. The Motion for Identification of the Confidential Informant\n[\u00b6 8] The State may decline to disclose the identity of \u201ca person who has furnished information relating to or assisting in an investigation of a possible violation of a law to a law enforcement officer.\u201d M.R. Evid. 509(a). An exception applies when the informant \u201cmay be able to give testimony relevant to any issue in a civil or criminal case.\u201d M.R. Evid. 509(c)(2).\n[\u00b6 9] When a defendant alleges that a warrant is invalid based on facts attributed to confidential informants, the trial judge must decide whether in the court\u2019s sound discretion disclosure of an informant\u2019s identity is warranted. State v. Chase (Chase I), 439 A.2d 526, 531 (Me.1982).\n[\u00b6 10] When disclosure of an informant\u2019s identity is sought to support a motion for a Franks hearing that is based on an allegation of a faulty warrant and a claim that the evidence seized pursuant to the warrant should be suppressed, the defendant is not required to show that the informant is able to contribute information relevant at trial as required pursuant to M.R. Evid. 509(c)(2). Chase I, 439 A.2d at 530-31. However, the defendant must make a showing greater than a \u201cbare assertion and supported by more than the mere desire to determine the informant\u2019s identity,\u201d and the court should deny the motion to disclose unless the defendant raises \u201c[a] legitimate question or doubt ... as to the affiant\u2019s credibility.\u201d Id. at 531 (emphasis added). Accordingly, the information to be provided by the informant whose identity is sought must go to the credibility of the affiant, rather than the credibility of the informant himself. Id. at 531.\n[\u00b6 11] When the defendant has \u201cpresented no evidence that the informant may have knowledge relevant to the crime charged,\u201d disclosure of the informant\u2019s identity is not warranted. State v. Chase (Chase II), 505 A.2d 791, 793-94 (Me.1986). Moreover, when the informant will not be called at trial because he was not present on execution of the warrant and otherwise \u201cpossesses no information relevant to the elements of the crimes charged ... [and] is unable to testify to any relevant fact\u201d concerning the charge facing the defendant, disclosure of the informant\u2019s identity is inappropriate. Id. at 793-94. At the court\u2019s discretion, in camera proceedings may be used to determine whether disclosure is appropriate. Chase I, 439 A.2d at 531.\n[\u00b6 12] We review the decision to disclose or withhold an informant\u2019s identity for an \u201cabuse of discretion or other error of law.\u201d State v. Faust, 1997 ME 135, \u00b6 6, 696 A.2d 1088, 1090. \u201cIn exercising its discretion, the court must balance the State\u2019s interest in protecting the flow of information against the defendant\u2019s need for information material to a defense.\u201d Id.\n[\u00b6 13] A review of the record reveals that Boutilier has not presented adequate evidence to support his allegation that the confidential informant\u2019s statement served to enhance the charges against him or that the informant would have information relevant to the case at trial. Since the State specified that it relied only on the evidence found in the search of Boutilier\u2019s property in bringing the charges against him and did not plan to call the informant at trial, Boutilier failed to meet his burden of demonstrating that the informant may possess relevant knowledge that could assist in his defense at trial.\n[\u00b6 14] Boutilier also has not met the requirement of Chase I that in order to succeed in requiring disclosure of an informant\u2019s identity for the purposes of a Franks hearing, he must raise a legitimate question or doubt as to the affiant\u2019s, not the informant\u2019s, credibility. Chase I, 439 A.2d at 531. Boutilier\u2019s arguments present no more than a mere guess that additional details about the informant might support his defense. Thus, the court did not err in denying Boutilier\u2019s motion to disclose the identity of the confidential informant.\nB. The Motion for a Franks Hearing\n[\u00b6 15] A Franks hearing is an evi-dentiary hearing in which a defendant is permitted to challenge the truthfulness of statements made in an affidavit in support of a search warrant. Franks, 438 U.S. at 155-56, 98 S.Ct. 2674. In Franks, the U.S. Supreme Court held that:\n[W]here the defendant makes a substantial preliminary showing that a false statement knowingly and intentionally, or with reckless disregard for the truth, was included by the affiant in the warrant affidavit, and if the allegedly false statement is necessary to the finding of probable cause, the Fourth Amendment requires that a hearing be held at the defendant\u2019s request.\nId.; see also State v. Dickinson, 2005 ME 100, \u00b6 8, 881 A.2d 651, 655 (reiterating the Franks standard). To mandate a hearing, the attack on the affidavit \u201cmust be more than conclusory and must be supported by more than a mere desire to cross-examine.\u201d Franks, 438 U.S. at 171, 98 S.Ct. 2674. Allegations of falsehoods must be supported by an offer of proof. Id. If the allegedly false material in the affidavit is set aside, and sufficient allegations remain to support a finding of probable cause, a hearing is not warranted. Id. at 171-72, 98 S.Ct. 2674.\n[\u00b6 16] Boutilier argues that the court should have conducted a Franks hearing to ascertain whether the affiant, Special Agent Milligan, evinced a reckless disregard for the truth in his \u201capparent failure to make any kind of inquiry [into] the veracity, reliability, and motives of third parties in this matter.\u201d Contrary to Boutilier\u2019s assertions, the record reflects that Milligan took steps necessary to ascertain the accuracy of the information contained in his affidavit, including, with regard to the confidential informant, a personal interview; a review of the informant\u2019s motives; a confirmation of the source of the informant\u2019s information; and other indicia of reliability, including corroboration of some of the information the informant provided. Milligan also took steps to corroborate the information provided by the Bethel police officer by confirming the type of truck driven by Boutilier and conducting a fly-over of Boutilier\u2019s home, where he observed a pile of green plants he believed to be marijuana.\n[\u00b6 17] Boutilier\u2019s arguments and the evidence provided \u201cdo not constitute a substantial preliminary showing\u201d that Milli-gan\u2019s warrant affidavit \u201cmisstated or omitted facts ... in reckless disregard of whether such misstatements or omissions would mislead the warrant judge.\u201d See Dickinson, 2005 ME 100, \u00b6 17, 881 A.2d at 657 (citations omitted). Beyond his bald allegation, Boutilier failed to provide any supporting evidence to demonstrate that Milligan acted with reckless disregard of the truth.\n[\u00b6 18] Regarding the second element of the Franks standard, whether the \u201callegedly false statement is necessary to the finding of probable cause,\u201d there was sufficient evidence \u2014 even without the statements attacked by Boutilier \u2014 presented in the affidavit to support a finding of probable cause. See Franks, 438 U.S. at 156, 98 S.Ct. 2674. The court did not err when it determined that a Franks hearing, based on these circumstances, was not warranted.\nThe entry is:\nJudgment affirmed.\n. We decline to address the issue of which standard of review, clear error or de novo, applies to review of the denial of a Franks hearing because the court\u2019s decision must be affirmed under either standard. See State v. McInnis, 2010 ME 13, \u00b6 2 n. 1, 988 A.2d 994, 995 (citing State v. Bilynsky, 2007 ME 107, \u00b6 37, 932 A.2d 1169, 1176).\n. Boutilier also challenged the other paragraphs of Milligan\u2019s affidavit for a variety of alleged failings, none of which are relevant to the Franks inquiry. As such, we do not address those concerns.",
        "type": "majority",
        "author": "ALEXANDER, J."
      }
    ],
    "attorneys": [
      "Sarah L. Glynn, Esq. (orally), Oxford Hills Law, South Paris, ME, for Derek Boutilier.",
      "Janet T. Mills, Attorney General, William R. Savage, Asst. Atty. Gen. (orally), Office of the Attorney General, Augusta, ME, for the State of Maine."
    ],
    "corrections": "",
    "head_matter": "2011 ME 17\nSTATE of Maine v. Derek W. BOUTILIER.\nSupreme Judicial Court of Maine.\nArgued: Jan. 13, 2011.\nDecided: Feb. 8, 2011.\nSarah L. Glynn, Esq. (orally), Oxford Hills Law, South Paris, ME, for Derek Boutilier.\nJanet T. Mills, Attorney General, William R. Savage, Asst. Atty. Gen. (orally), Office of the Attorney General, Augusta, ME, for the State of Maine.\nPanel: SAUFLEY, C.J., and ALEXANDER, LEVY, SILVER, MEAD, GORMAN, and JABAR, JJ."
  },
  "file_name": "0044-01",
  "first_page_order": 86,
  "last_page_order": 92
}
