{
  "id": 7282844,
  "name": "Henry SOURBRINE, Petitioner v. Louis GIORLA, Superintendent of Philadelphia Prison System, Respondent",
  "name_abbreviation": "Sourbrine v. Giorla",
  "decision_date": "2011-01-05",
  "docket_number": "No. 108 EM 2010",
  "first_page": "286",
  "last_page": "286",
  "citations": [
    {
      "type": "official",
      "cite": "12 A.3d 286"
    }
  ],
  "court": {
    "name_abbreviation": "Pa.",
    "id": 8832,
    "name": "Supreme Court of Pennsylvania"
  },
  "jurisdiction": {
    "id": 6,
    "name_long": "Pennsylvania",
    "name": "Pa."
  },
  "cites_to": [
    {
      "cite": "642 A.2d 453",
      "category": "reporters:state_regional",
      "reporter": "A.2d",
      "case_ids": [
        775522,
        7862821
      ],
      "year": 1994,
      "pin_cites": [
        {
          "parenthetical": "hybrid representation not permitted"
        }
      ],
      "opinion_index": 0,
      "case_paths": [
        "/pa/537/0167-01",
        "/a2d/642/0453-01"
      ]
    },
    {
      "cite": "537 Pa. 167",
      "category": "reporters:state",
      "reporter": "Pa.",
      "case_ids": [
        775522
      ],
      "year": 1994,
      "pin_cites": [
        {
          "parenthetical": "hybrid representation not permitted"
        }
      ],
      "opinion_index": 0,
      "case_paths": [
        "/pa/537/0167-01"
      ]
    }
  ],
  "analysis": {
    "cardinality": 69,
    "char_count": 547,
    "ocr_confidence": 0.715,
    "pagerank": {
      "raw": 4.03580807328026e-08,
      "percentile": 0.18825151582196492
    },
    "sha256": "0f8ac23be6ee15286737084865b31f19b5d429eef14c01d0e0e34c457147a0e5",
    "simhash": "1:0c99821943d5b123",
    "word_count": 85
  },
  "last_updated": "2024-02-27T18:01:48.371909+00:00",
  "provenance": {
    "date_added": "2019-08-29",
    "source": "Harvard",
    "batch": "2018"
  },
  "casebody": {
    "judges": [],
    "parties": [
      "Henry SOURBRINE, Petitioner v. Louis GIORLA, Superintendent of Philadelphia Prison System, Respondent."
    ],
    "opinions": [
      {
        "text": "ORDER\nPER CURIAM.\nAND NOW, this 5th day of January, 2011, the Application for Leave to File Original Process, the Petition for Writ of Habeas Corpus, and the Application for an Immediate Hearing are DISMISSED. See Commonwealth v. Reid, 537 Pa. 167, 642 A.2d 453 (1994) (hybrid representation not permitted). The Prothonotary is directed to forward the filings to counsel of record.",
        "type": "majority",
        "author": "PER CURIAM."
      }
    ],
    "attorneys": [],
    "corrections": "",
    "head_matter": "Henry SOURBRINE, Petitioner v. Louis GIORLA, Superintendent of Philadelphia Prison System, Respondent.\nNo. 108 EM 2010.\nSupreme Court of Pennsylvania.\nJan. 5, 2011."
  },
  "file_name": "0286-01",
  "first_page_order": 328,
  "last_page_order": 328
}
