{
  "id": 6081515,
  "name": "The Buckeye Soda Co. v. Oakite Products, Inc.",
  "name_abbreviation": "Buckeye Soda Co. v. Oakite Products, Inc.",
  "decision_date": "1932-03-28",
  "docket_number": "No. 2901",
  "first_page": "1034",
  "last_page": "1037",
  "citations": [
    {
      "type": "official",
      "cite": "19 C.C.P.A. 1034"
    },
    {
      "type": "parallel",
      "cite": "56 F.2d 462"
    }
  ],
  "court": {
    "name_abbreviation": "C.C.P.A.",
    "id": 8989,
    "name": "United States Court of Customs and Patent Appeals"
  },
  "jurisdiction": {
    "id": 39,
    "name_long": "United States",
    "name": "U.S."
  },
  "cites_to": [
    {
      "cite": "49 F. (2d) 1051",
      "category": "reporters:federal",
      "reporter": "F.2d",
      "case_ids": [
        1828393,
        6560726
      ],
      "opinion_index": 0,
      "case_paths": [
        "/f2d/49/1051-01",
        "/ccpa/18-2/1504-01"
      ]
    }
  ],
  "analysis": {
    "cardinality": 339,
    "char_count": 5347,
    "ocr_confidence": 0.462,
    "pagerank": {
      "raw": 5.676830387708631e-08,
      "percentile": 0.35360768137447396
    },
    "sha256": "f3222cea3711f10d78ad0a33d4ce4d2e438022113bdfe83b8cd8f039ed392ad3",
    "simhash": "1:554dc3688dc21e80",
    "word_count": 855
  },
  "last_updated": "2024-02-27T20:28:03.936240+00:00",
  "provenance": {
    "date_added": "2019-08-29",
    "source": "Harvard",
    "batch": "2018"
  },
  "casebody": {
    "judges": [
      "Before Geaham, Presiding Judge, and Blank, Hatfield, Gaeeett, and Lenboot, Associate Judges"
    ],
    "parties": [
      "The Buckeye Soda Co. v. Oakite Products, Inc."
    ],
    "opinions": [
      {
        "text": "Hatfield, Judge,\ndelivered the opinion of the court:\nThis is an appeal in a trade-mark cancellation proceeding from the decision of the Commissioner of Patents reversing the decision of the examiner of interferences dismissing appellee\u2019s application for the cancellation of appellant\u2019s registration No. 225151, issued March 15, 1927, for the trade-mark \u201c Novite \u201d for use on \u201c washing soda.\u201d\nAppellee is the owner of registration No. 80287, issued November 29, 1910, to appellee\u2019s predecessor, the Oakley Chemical Co., for the trade-mark \u201c Oakite \u201d for use on \u201c a granulated chemical cleansing compound.\u201d.\nIt is conceded by counsel for appellant that the goods of the respective parties possess the same descriptive properties, and that ap-pellee used its mark \u201c Oakite \u201d long prior to appellant\u2019s adoption and use of the mark \u201c Novite.\u201d\nThe sole issue in the case is whether appellant\u2019s registered mark Novite \u201d so nearly resembles appellee\u2019s registered mark \u201c Oakite \u201d as to be likely to cause confusion or mistake in the mind of the public or to deceive purchasers.\nThe examiner of interferences held that the marks were not confusingly similar.\nThe Commissioner of Patents held that the marks were confusingly similar, reversed the decision of the examiner of interferences, sustained the petition for cancellation, and ordered appellant\u2019s registration canceled.\nIt appears from the record that appellee has expended a large sum of money, about $2,000,000, in advertising its trade-mark and its products in \u201c newspapers, trade-magazines, radio, car cards, posters in elevated and subway stations, food fairs and exhibits, window posters, [and] counter displays.\u201d substantially throughout the United States, And that its sales amounted, to approximately $2,000,000 per year. It further appears from the record that the goods of the respective parties are competitive and are sold in small packages in grocery, department, and hardware stores.\nIt is contended by counsel for appellant that the only similarity in the marks is the suffix \u201c ite \u201d; that the prefix \u201c Nov \u201d of appellant\u2019s mark does not resemble the prefix \u201c Oak \u201d in appellee\u2019s mark; and that, therefore, the marks are not confusingly similar. Counsel for appellant further contends that, if the involved marks are confusingly similar, appellee\u2019s mark is confusingly similar to the registered mark \u201c Orite,\u201d owned and used by a third party upon a \"gun cleaning and lubricating material, and that therefore, \u201c appellee has always been, and still is an infringer without a property right in its mark, and coming into court with unclean hands, is barred.\u201d\nWith regard to the last contention of counsel for appellant, it is sufficient to say that there is- nothing in this record to establish that appellee is infringing upon the rights of the owner of the registered trade-mark \u201c Orite.\u201d\nConsiderable testimony was submitted by the parties relative to the existence of actual confusion resulting from the concurrent use of the involved trade-marks. We deem it unnecessary, however, to consider the various arguments presented by counsel relative to this testimony.\nIt is true, as argued by counsel for appellant, that the marks are not identical, but differ, to some extent, both in sound and in appearance. However, they do closely resemble one another. The goods of the parties are common and widely used household articles and are sold to the same class of people. Nevertheless, appellant, with knowledge of the value and popularity of the old and established trade-mark of appellee, selected a trade-mark closely simulating it.\nWe have held on several occasions that the general purpose of the law of trade-marks is to \u201c prevent one person from passing off his goods or his business as the goods or business of another \u201d; and that the purchasing public ought not to be required to dissect trade-marks in order to prevent confusion and deception.\nConsidering the character of the goods of the parties, the places where, and the people to whom, they are sold, we think that the involved trade-marks, considered as a whole, so nearly resemble one another that the use by appellant of its mark, concurrently with the use by appellee of its mark, would be likely to cause confusion and mistake in the mind of the public and would result in damage to appellee.\nAppellee, of course, is not entitled to a monopoly of the suffix \u201c ite.\u201d However, as we said in substance in the case of The Celotex Company v. Chicago Panelstone Company, 18 C. C. P. A. (Patents) 1504, 49 F. (2d) 1051, when appellant, a newcomer in the field, adopts and uses a mark having the suffix \u201c ite \u201d and a prefix not sufficiently dissimilar to the prefix of appellee\u2019s mark to prevent confusing similarity of the marks as a whole, appellee is entitled to the relief' intended to be afforded by the statute.\nWe think that the Commissioner of Patents reached the right conclusion, and his decision is affirmed.",
        "type": "majority",
        "author": "Hatfield, Judge,"
      }
    ],
    "attorneys": [
      "Henry C. Thomson, Charles D. Woodberry (A. V. Cushman of counsel) for appellant.",
      "Louis Alexander for appellee."
    ],
    "corrections": "",
    "head_matter": "56 F. (2d) 462\nThe Buckeye Soda Co. v. Oakite Products, Inc.\n(No. 2901)\nUnited States Court of Customs and Patent Appeals,\nMarch 28, 1932\nHenry C. Thomson, Charles D. Woodberry (A. V. Cushman of counsel) for appellant.\nLouis Alexander for appellee.\n[Oral argument March 8, 1932, by Mr. Woodberry and Mr. Alexander]\nBefore Geaham, Presiding Judge, and Blank, Hatfield, Gaeeett, and Lenboot, Associate Judges"
  },
  "file_name": "1034-01",
  "first_page_order": 350,
  "last_page_order": 353
}
