{
  "id": 6083398,
  "name": "Arthur H. Symons v. Henry W. Roos",
  "name_abbreviation": "Symons v. Roos",
  "decision_date": "1931-12-17",
  "docket_number": "No. 3093",
  "first_page": "1297",
  "last_page": "1297",
  "citations": [
    {
      "type": "official",
      "cite": "19 C.C.P.A. 1297"
    }
  ],
  "court": {
    "name_abbreviation": "C.C.P.A.",
    "id": 8989,
    "name": "United States Court of Customs and Patent Appeals"
  },
  "jurisdiction": {
    "id": 39,
    "name_long": "United States",
    "name": "U.S."
  },
  "cites_to": [],
  "analysis": {
    "cardinality": 11,
    "char_count": 60,
    "ocr_confidence": 0.5,
    "sha256": "8c26f766ef4fa17bc854c09b598f4f9f14c1e13e20f9e1e3234f30963a0dc353",
    "simhash": "1:acd1469f0de31915",
    "word_count": 11
  },
  "last_updated": "2023-07-14T18:56:38.566472+00:00",
  "provenance": {
    "date_added": "2019-08-29",
    "source": "Harvard",
    "batch": "2018"
  },
  "casebody": {
    "judges": [],
    "parties": [
      "Arthur H. Symons v. Henry W. Roos"
    ],
    "opinions": [
      {
        "text": "Column clamp.",
        "type": "majority",
        "author": null
      }
    ],
    "attorneys": [],
    "corrections": "",
    "head_matter": "Arthur H. Symons v. Henry W. Roos\n(No. 3093)."
  },
  "file_name": "1297-19",
  "first_page_order": 613,
  "last_page_order": 613
}
