{
  "id": 8211009,
  "name": "Shawn A. DAILEY, Defendant Below, Appellant, v. STATE of Delaware, Plaintiff Below, Appellee",
  "name_abbreviation": "Dailey v. State",
  "decision_date": "2008-09-02",
  "docket_number": "No. 425, 2007",
  "first_page": "1191",
  "last_page": "1195",
  "citations": [
    {
      "type": "official",
      "cite": "956 A.2d 1191"
    }
  ],
  "court": {
    "name_abbreviation": "Del.",
    "id": 9322,
    "name": "Delaware Supreme Court"
  },
  "jurisdiction": {
    "id": 8,
    "name_long": "Delaware",
    "name": "Del."
  },
  "cites_to": [
    {
      "cite": "859 A.2d 1008",
      "category": "reporters:state_regional",
      "reporter": "A.2d",
      "case_ids": [
        9165050
      ],
      "weight": 2,
      "pin_cites": [
        {
          "page": "1011"
        }
      ],
      "opinion_index": 0,
      "case_paths": [
        "/a2d/859/1008-01"
      ]
    },
    {
      "cite": "790 A.2d 1214",
      "category": "reporters:state_regional",
      "reporter": "A.2d",
      "case_ids": [
        9396963
      ],
      "pin_cites": [
        {
          "page": "1218"
        }
      ],
      "opinion_index": 0,
      "case_paths": [
        "/a2d/790/1214-01"
      ]
    },
    {
      "cite": "691 A.2d 624",
      "category": "reporters:state_regional",
      "reporter": "A.2d",
      "case_ids": [
        11914254
      ],
      "opinion_index": 0,
      "case_paths": [
        "/a2d/691/0624-01"
      ]
    },
    {
      "cite": "469 U.S. 38",
      "category": "reporters:federal",
      "reporter": "U.S.",
      "case_ids": [
        11958370
      ],
      "weight": 3,
      "year": 1984,
      "pin_cites": [
        {
          "page": "43"
        }
      ],
      "opinion_index": 0,
      "case_paths": [
        "/us/469/0038-01"
      ]
    },
    {
      "cite": "585 A.2d 1278",
      "category": "reporters:state_regional",
      "reporter": "A.2d",
      "case_ids": [
        7394570
      ],
      "pin_cites": [
        {
          "page": "1288"
        }
      ],
      "opinion_index": 0,
      "case_paths": [
        "/a2d/585/1278-01"
      ]
    },
    {
      "cite": "893 A.2d 507",
      "category": "reporters:state_regional",
      "reporter": "A.2d",
      "case_ids": [
        8983804
      ],
      "pin_cites": [
        {
          "page": "515"
        }
      ],
      "opinion_index": 0,
      "case_paths": [
        "/a2d/893/0507-01"
      ]
    },
    {
      "cite": "337 A.2d 18",
      "category": "reporters:state_regional",
      "reporter": "A.2d",
      "case_ids": [
        8049212
      ],
      "weight": 3,
      "pin_cites": [
        {
          "page": "23"
        },
        {
          "page": "23"
        },
        {
          "page": "23",
          "parenthetical": "emphasis added"
        }
      ],
      "opinion_index": 0,
      "case_paths": [
        "/a2d/337/0018-01"
      ]
    }
  ],
  "analysis": {
    "cardinality": 658,
    "char_count": 12559,
    "ocr_confidence": 0.686,
    "pagerank": {
      "raw": 8.228332187993091e-08,
      "percentile": 0.47711198606559685
    },
    "sha256": "a1513553aa006e3328777fbe1b832020a3f4b739141d75b53c5fd177e5e655c3",
    "simhash": "1:9faaefb4446ab00f",
    "word_count": 2032
  },
  "last_updated": "2024-02-27T23:44:36.485222+00:00",
  "provenance": {
    "date_added": "2019-08-29",
    "source": "Harvard",
    "batch": "2018"
  },
  "casebody": {
    "judges": [
      "Before STEELE, Chief Justice, HOLLAND, JACOBS, RIDGELY, Justices and NOBLE, Vice Chancellor constituting the court en banc."
    ],
    "parties": [
      "Shawn A. DAILEY, Defendant Below, Appellant, v. STATE of Delaware, Plaintiff Below, Appellee."
    ],
    "opinions": [
      {
        "text": "STEELE, Chief Justice.\nA Superior Court jury convicted Shawn Dailey, defendant-appellant, of three counts of first degree rape. Dailey makes three arguments on appeal. First, he argues that a Superior Court judge should have excluded the complaining witness\u2019s videotaped statement because the State failed to lay the proper foundation for its admission under 11 Del. C. \u00a7 3507. Second, Dailey contends that the trial judge chilled Dailey\u2019s right to testify when the judge improperly suggested that he would admit the facts underlying an earlier conviction for a sex crime into evidence if Dailey testified. Finally, Dailey argues that the prosecutor\u2019s remarks during his rebuttal summation impermissibly shifted the burden of proof to Dailey requiring the trial judge to issue a curative instruction.\nWe conclude: (1) that the complaining witness\u2019s testimony established the proper foundation for admission of the videotaped statement under 11 Del. C. \u00a7 3513(b)(1); (2) that Dailey\u2019s ultimate decision not to testify rendered any complaint about the trial judge\u2019s advisory opinion on the admissibility of the facts underlying an earlier conviction moot; and (3) that the prosecutor on summation merely commented on evidence that challenged Dailey\u2019s contentions in defense and, thus, did not shift the burden of proof to the defendant. Therefore, we AFFIRM.\nFACTS\nA grand jury indicted Dailey for five counts of first degree rape. These charges were based on allegations that he raped six-year-old S.D. in late 2005.\nIn July 2006, S.D. told her mother \u201cboys have milk,\u201d prompting her mother to take S.D. to a pediatrician, Dr. Witherall. Dr. Witherall\u2019s report showed that S.D. explained that Dailey had engaged in sexual contact with her. S.D.\u2019s mother also took S.D. to the Child Advocacy Center. At trial, the State introduced S.D.\u2019s videotaped interview at the CAC. During that CAC videotaped session, S.D. described Dailey\u2019s contact with her. Dailey does not contest that the conduct described at the CAC interview supports a conviction for first degree rape.\nIn order to introduce the videotaped statement at trial, the State called S.D. as a witness. S.D. testified live before the jury that Dailey \u201ctried to touch\u201d her \u201cbutt\u201d with his \u201cwee wee.\u201d The trial judge found that S.D.\u2019s testimony met the threshold required before admitting her out-of-court statement under 11 Del. C. \u00a7 3507 and applicable case law.\nDuring trial, defense counsel attempted to elicit a prophylactic ruling from the trial judge definitively resolving whether the facts underlying Dailey\u2019s earlier conviction for unlawful sexual intercourse would be admitted.\nDEFENSE COUNSEL: Your Honor, there will be consideration tomorrow of whether my client\u2019s going to testify. I may as well bring this up at this moment. He has a prior conviction for unlawful sexual intercourse third degree, a different set of facts than this, but I am unclear whether or not the State will be able to go into the actual facts of that one. That one is going to be a probative versus prejudice type of analysis. The representation that my client had made with regard to the particular charge is that it was a relationship with a girl that was under age, but not known until later and that but for age, it would have been consent, [emphasis supplied]\nTRIAL JUDGE: It would be, I think difficult for the court not to find that a prior sexual offense is not probative of the charges that are here. Obviously it\u2019s prejudicial, but I think when one is charged with a sex offense, its probative value would outweigh any prejudice that would occur. So the fact that he has a prior conviction for that, I would think would be an appropriate area of inquiry for the State. So that\u2019s something you may want to talk about and assess the risk ... of having it admitted to the jury versus him telling them this event didn\u2019t occur. There are pluses and minuses that he needs to think through that. There\u2019s obviously negatives associated with that which may be able to be explained, and if he gets on the stand, I think it\u2019s fair game for you to ask him about the conviction, ask him what it was about, and to distill that there is a distinction between what he was charged with versus what he\u2019s charged with here. But \u2014 and there\u2019s advantages for him to be able to tell the jury that these events did not occur, but there\u2019s risk obviously. There\u2019s risk, so he needs to balance that, [emphasis supplied]\nIt is apparent defense counsel wished to know, in order to decide whether Dailey would testify, the extent of the risk that he would be confronted on the State\u2019s cross with the facts underlying an earlier conviction for unlawful sexual intercourse.\nAt trial, Vivian Roane, Dailey\u2019s mother, testified on Dailey\u2019s behalf. She testified that S.D. reported an allegation to her. Roane and Dailey took S.D. to see a doctor to explore S.D.\u2019s statements to Roane. During closing arguments, the prosecutor stated: \u201c[The defense] suggests that nobody ever explored, meaning the State explored this doctor\u2019s visit in 2005. Well if Vivian and the defendant are the only ones who know about it....\u201d Defense counsel objected to this statement, and argued that the State, through these remarks, attempted to shift the burden of proof to Dailey.\nDISCUSSION\nI. Admitting the Complaining Witness\u2019s Pretrial Out-of-Couri Statement.\nDailey first contends that the trial judge improperly admitted S.D.\u2019s videotaped statement because her testimony at trial did not establish the requisite foundational elements described in Keys v. State. We review admission of an out-of-court statement for abuse of discretion.\nThe State introduced, and the trial judge admitted, S.D.\u2019s videotaped statement under 11 Del. C. \u00a7 3507. On appeal, Dailey argues that S.D.\u2019s testimony did not touch upon \u201cthe events perceived or heard and the out-of-court statement itself\u2019 \u2014 a necessary colloquy before admission under our case law. Although the parties contend that 11 Del. C. \u00a7 3507 applies, we review the admission of this statement under 11 Del. C. \u00a7 3513, which specifically applies in this case. 11 Del. C. \u00a7 3513 pertinently provides that:\nAn out-of-court statement made by a child victim or witness who is under 11 years of age at the time of the proceeding concerning an act that is a material element of the offense relating to sexual abuse, physical injury, serious physical injury, death, abuse or neglect ... is admissible if ... (b)(1) [t]he child is present and the child\u2019s testimony touches upon the event and is subject to cross-examination rendering such prior statement admissible under \u00a7 3507 of this title....\nAt the time of trial, S.D. was 6 years old and first degree rape falls within the enumerated acts listed in \u00a7 3513. In order to admit her out-of-court pretrial statement, S.D. must be present and subject to cross-examination, an issue not in dispute, and her testimony must \u201ctouch [] upon the event.\u201d We note that this last requirement arguably differs from \u00a7 3507 and Keys\u2019 foundational requirement that the testimony must \u201ctouch both on the events perceived and the out-of-court statement itself.\u201d We are unsure what to make of the phrase: \u201crendering such prior statement admissible under \u00a7 3507 of this title.... \u201d As we interpret the facts in this case, however, the trial judge correctly concluded that the statement would be admissible under \u00a7 3507 as well as \u00a7 3513 allowing us to avoid the difficulty of parsing \u00a7 3513 to determine whether the General Assembly intended to lessen the State\u2019s foundational burden for admitting out of court statements by complaining witnesses younger than eleven years old.\nHere, S.D.\u2019s testimony did \u201ctouch on\u201d the event and she was available for cross-examination, thereby meeting \u00a7 3513(b)(l)\u2019s explicitly enumerated requirements. Moreover, the videotape allayed any concern that it was not her statement and enabled the trial judge to asses the voluntariness of the statement and the jury to assess S.D.\u2019s credibility as she made her taped statement. Because the parties and the jury could observe S.D.\u2019s videotaped statement and see and hear her testify to the same events she discussed in part in her live testimony at trial, the concerns are met that in other circumstances require the declarant to touch on the \u201cstatement itself.\u201d Therefore, we conclude under both 11 Del. C. \u00a7 3513(b)(1) and 11 Del. C. \u00a7 3507 that the trial judge properly admitted the videotaped statement.\nII. The Inconclusive Advisory Opinion on the Facts Underlying an Earlier Conviction.\nSecond, Dailey argues that the trial judge unconstitutionally chilled the defendant\u2019s exercise of his right to testify by announcing an erroneous advisory opinion about the admissibility of the facts underlying Dailey\u2019s earlier conviction. The State argues that for Dailey \u201c[t]o raise and preserve for review the claim of improper impeachment with a prior conviction, a defendant must testify.\u201d In Walker v. State, we noted that where a defendant does not testify:\n[t]his Court has no testimony to evaluate and \u2018no way of knowing whether the trial court would have modified its ruling in light of the evidence presented.\u2019 In fact, the State might have decided not to use the prior felony convictions to impeach [the defendant] at trial.\nWe agree that Dailey is not entitled to any relief because he chose not to testify. If Dailey had testified, after his direct testimony, the trial judge would have then ultimately determined, perhaps contrary to the earlier erroneous advisory opinion, whether the State could introduce the facts underlying as well as the fact of Dailey\u2019s earlier conviction based upon a full presentation to the trial judge from counsel about the probative value and prejudicial effect of introducing that evidence. The trial judge\u2019s ill advised response to defense counsel\u2019s entreaty opened the door for Dailey\u2019s argument. Because, however, Dailey decided not to testify, he effectively removed the issue from contention and cannot now claim the trial judge\u2019s preliminary ruling prejudiced him.\nIII. The Prosecutor\u2019s Alleged Improper Closing Statement.\nFinally, Dailey contends that the prosecutor\u2019s statements during closing arguments improperly shifted the burden of proof to Dailey, thus, warranting a curative instruction from the trial judge. As we explained in Daniels v. State:\nNot every improper remark, however, requires reversal. Only comments that prejudicially affect the \u201csubstantial rights\u201d of the accused compromise the integrity of the verdict and the fairness of the trial. We review a claim of prose-cutorial misconduct de novo to determine whether the conduct was improper or prejudicial.\nDuring summation, a prosecutor may \u201cargue an inference which could be drawn from the evidence.\u201d Here, the prosecutor\u2019s statement exposed an inconsistency in Roane\u2019s testimony in an effort to rebut Dailey\u2019s defense. We conclude that the prosecutor\u2019s remark was acceptable comment on Dailey\u2019s evidence. Therefore, the trial judge did not err by failing to give a curative instruction.\nCONCLUSION\nNow, therefore, it is ordered that the judgment of the Superior Court is AFFIRMED.\n. It is not, however, readily apparent that defense counsel and the trial judge were on the same page. Defense counsel appears concerned about the State offering the underlying facts of the earlier unlawful sexual intercourse third conviction and the trial judge focuses on the conviction alone.\n. 337 A.2d 18, 23 (Del.1975).\n. Flonnory v. State, 893 A.2d 507, 515 (Del.2006).\n.Keys, 337 A.2d at 23.\n. Claudio v. State, 585 A.2d 1278, 1288 (Del.1991) (affirming defendant\u2019s conviction on alternate Constitutional grounds).\n. 11 Del. C. \u00a7 3513(b)(1).\n. 337 A.2d at 23 (emphasis added).\n. Luce v. United States, 469 U.S. 38, 43, 105 S.Ct. 460, 83 L.Ed.2d 443 (1984); Fennell v. State, 691 A.2d 624 (Del.1997).\n. 790 A.2d 1214, 1218 (Del.2002) (citations omitted).\n. Daniels v. State, 859 A.2d 1008, 1011 (Del.2004) (citations omitted).\n. Id.",
        "type": "majority",
        "author": "STEELE, Chief Justice."
      }
    ],
    "attorneys": [
      "David J.J. Facciolo and Bernard J. O\u2019Donnell (argued), Office of the Public Defender, Wilmington, Delaware for appellant.",
      "James T. Wakley, Department of Justice, Wilmington, Delaware for appellee."
    ],
    "corrections": "",
    "head_matter": "Shawn A. DAILEY, Defendant Below, Appellant, v. STATE of Delaware, Plaintiff Below, Appellee.\nNo. 425, 2007.\nSupreme Court of Delaware.\nSubmitted: Aug. 20, 2008.\nDecided: Sept. 2, 2008.\nDavid J.J. Facciolo and Bernard J. O\u2019Donnell (argued), Office of the Public Defender, Wilmington, Delaware for appellant.\nJames T. Wakley, Department of Justice, Wilmington, Delaware for appellee.\nBefore STEELE, Chief Justice, HOLLAND, JACOBS, RIDGELY, Justices and NOBLE, Vice Chancellor constituting the court en banc.\nSitting in designation pursuant to Del. Const. Art. IV \u00a7 12."
  },
  "file_name": "1191-01",
  "first_page_order": 1221,
  "last_page_order": 1225
}
