{
  "id": 9122119,
  "name": "COMMONWEALTH of Pennsylvania, Respondent, v. Edwin GOMEZ, Petitioner",
  "name_abbreviation": "Commonwealth v. Gomez",
  "decision_date": "2003-05-08",
  "docket_number": "",
  "first_page": "141",
  "last_page": "142",
  "citations": [
    {
      "type": "official",
      "cite": "823 A.2d 141"
    }
  ],
  "court": {
    "name_abbreviation": "Pa.",
    "id": 8832,
    "name": "Supreme Court of Pennsylvania"
  },
  "jurisdiction": {
    "id": 6,
    "name_long": "Pennsylvania",
    "name": "Pa."
  },
  "cites_to": [],
  "analysis": {
    "cardinality": 46,
    "char_count": 402,
    "ocr_confidence": 0.674,
    "sha256": "c6d5706acd37af32f6810222cf7d8310fc71d4fbf06791f1ade1f94919a78d3f",
    "simhash": "1:4646930eb20b07d3",
    "word_count": 59
  },
  "last_updated": "2023-07-14T16:56:34.529263+00:00",
  "provenance": {
    "date_added": "2019-08-29",
    "source": "Harvard",
    "batch": "2018"
  },
  "casebody": {
    "judges": [],
    "parties": [
      "COMMONWEALTH of Pennsylvania, Respondent, v. Edwin GOMEZ, Petitioner."
    ],
    "opinions": [
      {
        "text": "ORDER\nPER CURIAM.\nAND NOW, this 8th day of May, 2003, the Petition for Allowance of Appeal is hereby GRANTED, LIMITED to the following issue:\nWhether the trial court erred in concluding that Petitioner failed to satisfy the reasonable diligence requirement for after-discovered evidence.",
        "type": "majority",
        "author": "PER CURIAM."
      }
    ],
    "attorneys": [],
    "corrections": "",
    "head_matter": "COMMONWEALTH of Pennsylvania, Respondent, v. Edwin GOMEZ, Petitioner.\nSupreme Court of Pennsylvania.\nMay 8, 2003."
  },
  "file_name": "0141-02",
  "first_page_order": 187,
  "last_page_order": 188
}
