{
  "id": 9126044,
  "name": "STATE v. Edward VASHEY",
  "name_abbreviation": "State v. Vashey",
  "decision_date": "2003-06-09",
  "docket_number": "No. 2001-60-C.A.",
  "first_page": "1151",
  "last_page": "1157",
  "citations": [
    {
      "type": "official",
      "cite": "823 A.2d 1151"
    }
  ],
  "court": {
    "name_abbreviation": "R.I.",
    "id": 10179,
    "name": "Supreme Court of Rhode Island"
  },
  "jurisdiction": {
    "id": 15,
    "name_long": "Rhode Island",
    "name": "R.I."
  },
  "cites_to": [
    {
      "cite": "400 U.S. 25",
      "category": "reporters:federal",
      "reporter": "U.S.",
      "case_ids": [
        12045986
      ],
      "weight": 3,
      "year": 1970,
      "opinion_index": 0,
      "case_paths": [
        "/us/400/0025-01"
      ]
    },
    {
      "cite": "477 A.2d 89",
      "category": "reporters:state_regional",
      "reporter": "A.2d",
      "case_ids": [
        7893077
      ],
      "pin_cites": [
        {
          "page": "90"
        }
      ],
      "opinion_index": 0,
      "case_paths": [
        "/a2d/477/0089-01"
      ]
    },
    {
      "cite": "766 A.2d 374",
      "category": "reporters:state_regional",
      "reporter": "A.2d",
      "case_ids": [
        11137322
      ],
      "pin_cites": [
        {
          "page": "375"
        }
      ],
      "opinion_index": 0,
      "case_paths": [
        "/a2d/766/0374-01"
      ]
    },
    {
      "cite": "679 A.2d 862",
      "category": "reporters:state_regional",
      "reporter": "A.2d",
      "case_ids": [
        11331639
      ],
      "weight": 3,
      "pin_cites": [
        {
          "page": "867"
        }
      ],
      "opinion_index": 0,
      "case_paths": [
        "/a2d/679/0862-01"
      ]
    },
    {
      "cite": "723 A.2d 1101",
      "category": "reporters:state_regional",
      "reporter": "A.2d",
      "case_ids": [
        11775501
      ],
      "pin_cites": [
        {
          "page": "1114"
        }
      ],
      "opinion_index": 0,
      "case_paths": [
        "/a2d/723/1101-01"
      ]
    },
    {
      "cite": "708 A.2d 895",
      "category": "reporters:state_regional",
      "reporter": "A.2d",
      "case_ids": [
        11822748
      ],
      "year": 1998,
      "pin_cites": [
        {
          "page": "898"
        }
      ],
      "opinion_index": 0,
      "case_paths": [
        "/a2d/708/0895-01"
      ]
    },
    {
      "cite": "813 A.2d 982",
      "category": "reporters:state_regional",
      "reporter": "A.2d",
      "case_ids": [
        9382041
      ],
      "pin_cites": [
        {
          "page": "985"
        }
      ],
      "opinion_index": 0,
      "case_paths": [
        "/a2d/813/0982-01"
      ]
    },
    {
      "cite": "582 A.2d 1166",
      "category": "reporters:state_regional",
      "reporter": "A.2d",
      "case_ids": [
        7387128
      ],
      "year": 1990,
      "pin_cites": [
        {
          "page": "1169"
        }
      ],
      "opinion_index": 0,
      "case_paths": [
        "/a2d/582/1166-01"
      ]
    },
    {
      "cite": "727 A.2d 1229",
      "category": "reporters:state_regional",
      "reporter": "A.2d",
      "case_ids": [
        11634977
      ],
      "opinion_index": 0,
      "case_paths": [
        "/a2d/727/1229-01"
      ]
    },
    {
      "cite": "117 R.I. 673",
      "category": "reporters:state",
      "reporter": "R.I.",
      "case_ids": [
        3115332
      ],
      "weight": 4,
      "year": 1977,
      "pin_cites": [
        {
          "page": "678"
        },
        {
          "page": "1276"
        },
        {
          "page": "678"
        },
        {
          "page": "1276"
        }
      ],
      "opinion_index": 0,
      "case_paths": [
        "/ri/117/0673-01"
      ]
    },
    {
      "cite": "408 U.S. 471",
      "category": "reporters:federal",
      "reporter": "U.S.",
      "case_ids": [
        1782797
      ],
      "weight": 3,
      "year": 1972,
      "pin_cites": [
        {
          "page": "488-89"
        },
        {
          "page": "2604"
        },
        {
          "page": "498-99"
        }
      ],
      "opinion_index": 0,
      "case_paths": [
        "/us/408/0471-01"
      ]
    },
    {
      "cite": "448 A.2d 1247",
      "category": "reporters:state_regional",
      "reporter": "A.2d",
      "case_ids": [
        7996513
      ],
      "pin_cites": [
        {
          "page": "1249"
        }
      ],
      "opinion_index": 0,
      "case_paths": [
        "/a2d/448/1247-01"
      ]
    },
    {
      "cite": "667 A.2d 1233",
      "category": "reporters:state_regional",
      "reporter": "A.2d",
      "case_ids": [
        7874248
      ],
      "pin_cites": [
        {
          "page": "1239"
        }
      ],
      "opinion_index": 0,
      "case_paths": [
        "/a2d/667/1233-01"
      ]
    },
    {
      "cite": "755 A.2d 832",
      "category": "reporters:state_regional",
      "reporter": "A.2d",
      "case_ids": [
        11212981
      ],
      "weight": 6,
      "pin_cites": [
        {
          "page": "834"
        },
        {
          "page": "834"
        }
      ],
      "opinion_index": 0,
      "case_paths": [
        "/a2d/755/0832-01"
      ]
    },
    {
      "cite": "786 A.2d 375",
      "category": "reporters:state_regional",
      "reporter": "A.2d",
      "case_ids": [
        9454672
      ],
      "weight": 2,
      "pin_cites": [
        {
          "page": "379"
        },
        {
          "page": "379"
        }
      ],
      "opinion_index": 0,
      "case_paths": [
        "/a2d/786/0375-01"
      ]
    },
    {
      "cite": "411 U.S. 778",
      "category": "reporters:federal",
      "reporter": "U.S.",
      "case_ids": [
        10343
      ],
      "weight": 3,
      "year": 1973,
      "pin_cites": [
        {
          "page": "782"
        },
        {
          "page": "1760"
        },
        {
          "page": "662"
        }
      ],
      "opinion_index": 0,
      "case_paths": [
        "/us/411/0778-01"
      ]
    }
  ],
  "analysis": {
    "cardinality": 711,
    "char_count": 13863,
    "ocr_confidence": 0.689,
    "pagerank": {
      "raw": 2.725946104755014e-07,
      "percentile": 0.8305928260682379
    },
    "sha256": "7b92354d519716830665973ad2c32c85f89bace8f8c62f2a7406268cb4b0c428",
    "simhash": "1:cd3fc51ecf996d68",
    "word_count": 2185
  },
  "last_updated": "2024-02-27T18:15:55.610140+00:00",
  "provenance": {
    "date_added": "2019-08-29",
    "source": "Harvard",
    "batch": "2018"
  },
  "casebody": {
    "judges": [
      "Present: WILLIAMS, C.J., FLANDERS, GOLDBERG, and FLAHERTY, JJ."
    ],
    "parties": [
      "STATE v. Edward VASHEY."
    ],
    "opinions": [
      {
        "text": "OPINION\nPER CURIAM.\nThe defendant, Edward Vashey (Vash-ey), appeals pro se from an adjudication in the Superior Court that he had violated the terms and conditions of his probation, thereby causing that court to execute a previously imposed suspended sentence. The case came before the Court for oral argument on May 13, 2003, pursuant to an order that had directed the parties to appear in order to show cause why the issues raised on this appeal should not summarily be decided. After considering the arguments of counsel and the pro se defendant, and the memoranda filed by the parties, we are of the opinion that cause has not been shown, and shall proceed to decide the case at this time.\nOn February 8, 2000, a criminal complaint and District Court warrant were filed against Vashey, alleging that he had committed first-degree child molestation in violation of G.L.1956 \u00a7\u00a7 11-37-8.1 and 11-37-8.2. The victim of the alleged crime was Vashey\u2019s seven-year old daughter. On February 11, 2000, Vashey was arrested on the underlying charge and held without bail by the District Court. The matter was transferred to the Superior Court where Vashey was confronted with the state\u2019s probation violation report under Rule 32(f) of the Superior Court Rules of Criminal Procedure.\nThereafter, defense counsel requested and was granted numerous continuances. The matter eventually was reached for hearing on July 18, 2000. After a four-day hearing, the hearing justice determined that Vashey had violated his probation. He then vacated Vashey\u2019s previously suspended sentence and sentenced him to serve ten years and four months of imprisonment. Five years and four months of that sentence were suspended with probation. Vashey timely appealed, raising numerous issues on appeal.\nVashey contends that his constitutional right to due process was violated because he did not receive a probable cause hearing and because some of his discovery requests were denied. He also contends that his hearing was unjustly delayed because the three Superior Court justices before whom he variously appeared were not neutral and detached and because the prosecutors had abused their authority. Next, he maintains that the hearing justice misconceived the evidence and that the record did not support the finding of a violation. He further maintains that the hearing justice illegally extended his sentence in violation of G.L.1956 \u00a7 12-19-9. Finally, Vashey avers that his lawyer provided him ineffective assistance of counsel.\nOn February 21, 2000, ten days after Vashey was arrested, a hearing was scheduled to determine whether he had violated his probation. At that hearing, defense counsel made a motion for discovery and a motion for a continuance to obtain the requested information. Thereafter, the matter was continued numerous times, each time at the request of defense counsel. The matter was reached for hearing on July 18, 2000. Before the hearing began, Vashey made a motion to dismiss, claiming that the state wrongfully withheld alleged exculpatory evidence and that this deprived him of his due process rights. The state maintained that because it was a probation violation proceeding, he was not entitled to such discovery. The hearing justice denied the motion to dismiss. Vashey contends that the failure to order full discovery and the failure to grant him a preliminary hearing to establish probable cause violated his constitutional rights to due process and equal protection. He asserts that the failure to provide discovery unreasonably delayed the hearing and that two hearings are mandated by Gagnon v. Scarpelli 411 U.S. 778, 782, 93 S.Ct. 1756, 1760, 36 L.Ed.2d 656, 662 (1973).\n\u201cA probation-violation hearing (also referred to as probation-revocation hearing) is not part of the criminal-prosecution process; therefore, it does not call for the \u2018full panoply of rights\u2019 normally guaranteed to defendants in criminal proceedings.\u201d Hampton v. State, 786 A.2d 375, 379 (R.I.2001) (quoting State v. Znosko, 755 A.2d 832, 834 (R.I.2000)). \u201cThe minimum due process requirements of a violation hearing call for notice of the hearing, notice of the claimed violation, the opportunity to be heard and present evidence in defendant\u2019s behalf, and the right to confront and cross-examine the witnesses against defendant.\u201d State v. Casiano, 667 A.2d 1233, 1239 (R.I.1995) (quoting State v. Bourdeau, 448 A.2d 1247, 1249 (R.I.1982)). \u201c[T]he hearing justice\u2019s only responsibility is to determine, according to the Rule 32(f) requirements, whether he or she is reasonably satisfied that the defendant has violated one or more of the terms of his or her probation.\u201d Hampton, 786 A.2d at 379.\nThe record reveals that Vashey received the state\u2019s Rule 32(f) probation violation report. Attached to the report was a copy of the criminal complaint, affidavits from three police officers recounting the circumstances that prompted the first-degree child sexual molestation charge, and a copy of Vashey\u2019s criminal history. In addition, Vashey\u2019s attorney later received a copy of a taped interview of the victim and DCYF records. The record also reveals that a four-day hearing was conducted, during which Vashey was given the opportunity to present evidence and to confront and cross-examine witnesses. We are satisfied from this record that Vashey received the minimum due process requirements for a probation violation hearing.\nWith respect to Vashey\u2019s contention that Scarpelli mandates the court to conduct a preliminary hearing to determine probable cause, we reiterate that \u201cnothing in Scarpelli purports to interdict a combined revocation and sentencing hearing at which the alleged violator receives the full panoply of due process rights mandated by Morrissey v. Brewer, 408 U.S. 471, 488-89, 92 S.Ct. 2593, 2604, 33 L.Ed.2d 484, 498-99 (1972).\u201d State v. DeLomba, 117 R.I. 673, 678, 370 A.2d 1273, 1276 (1977). See also State v. Rice, 727 A.2d 1229, 1232 n. 4 (R.I.1999). That is because:\n\u201cno constitutional purpose would be served by bifurcating our present unitary judicial violation hearing, at which an alleged violator is afforded due process rights equal or superior to those required in a Scarpelli final hearing. Neither the federal nor our own state constitution requires empty ceremonies.\u201d DeLomba, 117 R.I. at 678, 370 A.2d at 1276.\nThe record reveals that, in accordance with \u00a7 12-19-9, a full hearing was scheduled for February 21, 2000, just ten days after Vashey\u2019s arrest. The state\u2019s witnesses were present and ready to testify. Although the final determination was not actually made that day, the responsibility for any delay lies with Vashey because it was he who repeatedly continued the matter in an attempt to procure discovery to which he was not entitled. See State v. Grundy, 582 A.2d 1166, 1169 (R.I. 1990). For this reason, his contention that his hearing was unjustly delayed also must fail.\nSatisfied that the prehearing procedures were proper, we now turn our attention to the hearing itself. After all of the evidence had been presented, the hearing justice was satisfied that Vashey had violated his probation. Vashey contends that the hearing justice misconstrued the evidence and that, in reality, the evidence did not support a finding of a probation violation. We disagree.\n\u201cThe sole purpose of a probation revocation hearing is to determine whether a condition of the probation has been breached.\u201d State v. Waite, 813 A.2d 982, 985 (R.I.2003) (per curiam) (quoting Znosko, 755 A.2d at 834). \u201cKeeping the peace and remaining on good behavior are conditions of probation.\u201d Id. \u201cConsequently, the reasonably satisfied standard should not be applied to the narrow question of defendant\u2019s guilt with regard to the new charges but rather, the standard should be applied to whether defendant maintained the conditions of his probation.\u201d Id.\n\u201cAssessing the credibility of a witness in a probation violation hearing is a function of the hearing justice, not this Court.\u201d Id.\n\u201cWhen a probation-violation inquiry turns on a determination of credibility, * * * and the hearing justice, after considering all the evidence, accepts one version of events for plausible reasons stated and rationally rejects another version, we can safely conclude that the hearing justice did not act unreasonably or arbitrarily in finding that a probation violation has occurred.\u201d Id. (quoting State v. Rioux, 708 A.2d 895, 898 (R.I. 1998)).\nIn his decision, the hearing justice acknowledged that while most of the testimony concentrated on the abusive relationship between Yashey and the victim\u2019s mother, the testimony that he found the most relevant and compelling was that of the victim, Vashey\u2019s seven-year old daughter. He expressly found her testimony to be credible. He rejected Vashey\u2019s assertion that she \u201chad been coached or prompted\u201d into bringing the allegation of sexual abuse, and specifically found such assertion \u201cwas belied by the fact that she literally had to be coaxed, if you will, into saying what transpired on that overnight visit.\u201d That was because she \u201cwas obviously embarrassed and found it extremely difficult to say what happened to her[.]\u201d The hearing justice found that the victim\u2019s credibility was buttressed by an earlier handwritten note by the victim, as well as by Vashey\u2019s sister, who testified about a subsequent \u201cviolent reaction\u201d that the victim had \u201cwhen confronted with the possibility of being alone with her father.\u201d Having found the victim\u2019s testimony to be credible, the hearing justice was \u201creasonably satisfied that the defendant failed to keep the peace and be of good behavior.\u201d We conclude that the record supports the hearing justice\u2019s determination and that his findings were not arbitrary and capricious.\nVashey next contends that the hearing justice illegally extended his sentence in violation of \u00a7 12-19-9. He maintains that his original 1994 sentence was scheduled to end in 2006, and that the hearing justice exceeded his authority by imposing an additional probationary period that extended his sentence to 2010. He asserts that because the trial justice \u201cchose to revoke [his] \u2018previously imposed sentence\u2019 not to continue it * * * he had no right or authority to make ant [sic ] enhancements to the sentence * *\nThe record reveals that Vashey has not filed a motion to reduce sentence under Rule 35 of the Superior Court Rules of Criminal Procedure.\n\u201cIt is well settled that, in the absence of \u2018extraordinary circumstances,\u2019 this Court will not consider the validity or the legality of a sentence on direct appeal. * * * Rather, we have repeatedly held that the proper procedure for a review of a sentence begins in the Superior Court under Rule 35 of the Superior Court Rules of Criminal Procedure. * * * In the event that a defendant continues to be aggrieved by the ruling of the Superior Court, this Court then will review the decision on appeal.\u201d\nState v. Bettencourt, 723 A.2d 1101, 1114 (R.I.1999) (quoting State v. Collins, 679 A.2d 862, 867 (R.I.1996)).\nVashey has not raised an extraordinary circumstance that would allow us to consider the legality of his sentence on direct appeal. Thus, \u201cbecause the issue raised does not amount to an extraordinary circumstance, the absence of a determination made pursuant to a Rule 35 motion precludes this Court\u2019s consideration of [Vash-ey\u2019s] challenge to his sentence.\u201d Id. \u201cThe statutory 120-day period in which to seek Superior Court review of the sentence commences on the date of this opinion should [Vashey] choose to file such a motion; therefore, [Vashey\u2019s] appeal on this issue is denied and dismissed without prejudice.\u201d Id.\nFinally, Vashey avers that his lawyer provided him ineffective assistance of counsel. However, we need not address that issue because \u201c[t]he proper avenue by which a defendant must proceed when * * * making a claim of ineffective assistance of counsel is an application for post-conviction relief, pursuant to G.L.1956 chapter 9.1 of title 10.\u201d State v. Desir, 766 A.2d 374, 375 (R.I.2001) (per curiam). \u201cOur refusal to consider claims of ineffective counsel on direct appeal is nothing more than an application of the long-recognized and fundamental principle that only specific rulings of a trial justice are reviewable on direct appeal.\u201d State v. D\u2019Alo, 477 A.2d 89, 90 (R.I.1984). Thus, to assert this claim properly, Vashey must file an application for postconviction relief in the Superior Court.\nFor the foregoing reasons, the defendant\u2019s appeal is denied and dismissed. The judgment of the Superior Court is affirmed. The papers of the case may be returned to the Superior Court. Vashey\u2019s appeal challenging the legality of his sentence is denied without prejudice.\n. In 1994, Vashey was sentenced to a twelve-year term of imprisonment for felony assault, one year and eight months to serve, ten years and four months suspended with probation.\n. The state maintains that Vashey is collaterally estopped from challenging the probation violation determination because, while this appeal was pending, he entered into an Alford plea agreement with the state on a new charge of sexually assaulting his daughter. See North Carolina v. Alford, 400 U.S. 25, 91 S.Ct. 160, 27 L.Ed.2d 162 (1970). In return for his Alford plea, the state agreed to amend the initial charge of first-degree child sexual molestation to a lesser charge of second-degree child sexual molestation. He was sentenced to serve a fifteen-year suspended term of imprisonment, with probation. However, because we affirm the hearing justice's decision, we need not address that appellate contention.",
        "type": "majority",
        "author": "PER CURIAM."
      }
    ],
    "attorneys": [
      "Virginia M. McGinn/Aaron Weisman, Providence, for Plaintiff.",
      "Edward Vashey (pro se), for Defendant."
    ],
    "corrections": "",
    "head_matter": "STATE v. Edward VASHEY.\nNo. 2001-60-C.A.\nSupreme Court of Rhode Island.\nJune 9, 2003.\nVirginia M. McGinn/Aaron Weisman, Providence, for Plaintiff.\nEdward Vashey (pro se), for Defendant.\nPresent: WILLIAMS, C.J., FLANDERS, GOLDBERG, and FLAHERTY, JJ."
  },
  "file_name": "1151-01",
  "first_page_order": 1197,
  "last_page_order": 1203
}
