{
  "id": 12059775,
  "name": "Lucille HEALY v. Stephen C. HEALY",
  "name_abbreviation": "Healy v. Healy",
  "decision_date": "1995-10-26",
  "docket_number": "No. 94-588-A",
  "first_page": "1160",
  "last_page": "1161",
  "citations": [
    {
      "type": "official",
      "cite": "666 A.2d 1160"
    }
  ],
  "court": {
    "name_abbreviation": "R.I.",
    "id": 10179,
    "name": "Supreme Court of Rhode Island"
  },
  "jurisdiction": {
    "id": 15,
    "name_long": "Rhode Island",
    "name": "R.I."
  },
  "cites_to": [
    {
      "cite": "119 R.I. 554",
      "category": "reporters:state",
      "reporter": "R.I.",
      "case_ids": [
        3099198
      ],
      "weight": 2,
      "year": 1977,
      "pin_cites": [
        {
          "page": "555"
        },
        {
          "page": "234"
        }
      ],
      "opinion_index": 0,
      "case_paths": [
        "/ri/119/0554-01"
      ]
    }
  ],
  "analysis": {
    "cardinality": 248,
    "char_count": 3484,
    "ocr_confidence": 0.729,
    "pagerank": {
      "raw": 4.03580807328026e-08,
      "percentile": 0.24528341227615974
    },
    "sha256": "38532abfe870de81b84fe9e747698b30162adf61d7cbac38ea430711212cb3fb",
    "simhash": "1:8c1c75d7145e1645",
    "word_count": 582
  },
  "last_updated": "2024-02-27T18:06:30.780568+00:00",
  "provenance": {
    "date_added": "2019-08-29",
    "source": "Harvard",
    "batch": "2018"
  },
  "casebody": {
    "judges": [
      "MURRAY and SHEA (Ret.), JJ., did not participate."
    ],
    "parties": [
      "Lucille HEALY v. Stephen C. HEALY."
    ],
    "opinions": [
      {
        "text": "ORDER\nThis case came before a hearing panel of the Supreme Court for oral argument on October 17, 1995, pursuant to an order that directed both parties to show cause why this appeal should not be summarily decided. In this case the defendant, Stephen C. Healy, has appealed from an order of the Family Court that modified a final judgment of divorce between the parties.\nAfter reviewing the memoranda submitted by the parties and after hearing the arguments of counsel we are of the opinion that cause has not been shown, and thus the case will be decided at this time.\nAt issue in this appeal was a provision of the final judgment of divorce namely, paragraph 9, entered on June 15, 1990, that directed that the marital domicile would be vacated by defendant, that it would be appraised \u201cforthwith,\u201d and that plaintiff should pay to defendant one half of the equity of the home (calculated by subtracting from the appraised value the then outstanding mortgage of about $31,000) minus an adjustment of $4,750. In return, defendant would transfer to plaintiff all his right, title and interest in the marital domicile. Paragraph 9 also directed that \u201cthe wife [plaintiff] shall be responsible for the mortgage, equity line of credit, and all other expenses in connection with the marital domicile.\u201d According to defendant, the equity line of credit totalled $16,400 as of March 1990.\nBecause plaintiff was unable to buy out defendant\u2019s interest in the property, plaintiff remained in the house with the consent of defendant for three years until the property was sold in 1993. At that time, the property was sold by mutual agreement of plaintiff and defendant, and plaintiff thereafter sought a modification of the final judgment alleging a change in circumstances. The defendant, however, filed a motion seeking disbursement of the proceeds of the sale pursuant to the terms of the final judgment plus interest accrued from the date the property was to be sold in 1990.\nIn June 1994, a Family Court justice granted plaintiffs motion for modification, and divided the equity proceeds from the sale equally between plaintiff and defendant, minus the adjustment. The defendant\u2019s motion was denied. The justice found that the parties, by their own actions, had in fact modified the terms of the final judgment. The defendant appealed, arguing that he was being \u201cpunished\u201d for not having previously sought to enforce the terms of the final judgment.\nIt has been well established by this Court that a trial justice\u2019s decision to modify a final judgment is \u201centitled to great weight and will not be disturbed on review unless based upon a misconception or oversight of material evidence or otherwise clearly wrong.\u201d Pasquazzi v. Pasquazzi, 119 R.I. 554, 555, 381 A.2d 233, 234 (1977). In this case, however, it is clear that the justice erred by totally ignoring the directive of paragraph 9 in respect to the equity line of credit. Although the justice certainly had discretion to modify that provision, we are of the opinion that it was error to eliminate it totally.\nTherefore, we vacate the order of the Family Court and remand this case to the Family Court for a recalculation of the distribution of proceeds of the sale of the domicile that takes into account the equity line of credit.\nMURRAY and SHEA (Ret.), JJ., did not participate.",
        "type": "majority",
        "author": null
      }
    ],
    "attorneys": [
      "Joseph McGair, West Warwick.",
      "John McCann, Pawtucket."
    ],
    "corrections": "",
    "head_matter": "Lucille HEALY v. Stephen C. HEALY.\nNo. 94-588-A.\nSupreme Court of Rhode Island.\nOct. 26, 1995.\nJoseph McGair, West Warwick.\nJohn McCann, Pawtucket."
  },
  "file_name": "1160-01",
  "first_page_order": 1218,
  "last_page_order": 1219
}
