{
  "id": 11629058,
  "name": "William GAFFNEY, Warren Faison, and Mingo Isaac, Appellants, v. CITY OF PHILADELPHIA and Civil Service Commission",
  "name_abbreviation": "Gaffney v. City of Philadelphia",
  "decision_date": "1999-04-29",
  "docket_number": "",
  "first_page": "1049",
  "last_page": "1053",
  "citations": [
    {
      "type": "official",
      "cite": "728 A.2d 1049"
    }
  ],
  "court": {
    "name_abbreviation": "Pa. Commw. Ct.",
    "id": 11887,
    "name": "Commonwealth Court of Pennsylvania"
  },
  "jurisdiction": {
    "id": 6,
    "name_long": "Pennsylvania",
    "name": "Pa."
  },
  "cites_to": [
    {
      "cite": "652 A.2d 813",
      "category": "reporters:state_regional",
      "reporter": "A.2d",
      "case_ids": [
        474210,
        7874221
      ],
      "year": 1995,
      "opinion_index": 0,
      "case_paths": [
        "/pa/539/0356-01",
        "/a2d/652/0813-01"
      ]
    },
    {
      "cite": "539 Pa. 356",
      "category": "reporters:state",
      "reporter": "Pa.",
      "case_ids": [
        474210
      ],
      "year": 1995,
      "opinion_index": 0,
      "case_paths": [
        "/pa/539/0356-01"
      ]
    },
    {
      "cite": "746 F.2d 1465",
      "category": "reporters:federal",
      "reporter": "F.2d",
      "opinion_index": 0
    },
    {
      "cite": "100 F.R.D. 354",
      "category": "reporters:specialty",
      "reporter": "F.R.D.",
      "case_ids": [
        7855534
      ],
      "opinion_index": 0,
      "case_paths": [
        "/frd/100/0354-01"
      ]
    },
    {
      "cite": "626 A.2d 1159",
      "category": "reporters:state_regional",
      "reporter": "A.2d",
      "year": 1993,
      "pin_cites": [
        {
          "parenthetical": "distinguishing the limited scope of review under Section 7.7-201 from the more expansive de novo review available under Section 1191 of the Borough Code, 53 P.S. \u00a7 46191"
        }
      ],
      "opinion_index": 0
    },
    {
      "cite": "534 Pa. 641",
      "category": "reporters:state",
      "reporter": "Pa.",
      "year": 1993,
      "pin_cites": [
        {
          "parenthetical": "distinguishing the limited scope of review under Section 7.7-201 from the more expansive de novo review available under Section 1191 of the Borough Code, 53 P.S. \u00a7 46191"
        }
      ],
      "opinion_index": 0
    },
    {
      "cite": "600 A.2d 672",
      "category": "reporters:state_regional",
      "reporter": "A.2d",
      "case_ids": [
        1424909
      ],
      "year": 1991,
      "opinion_index": 0,
      "case_paths": [
        "/pa-commw/144/0027-01"
      ]
    },
    {
      "cite": "492 A.2d 1194",
      "category": "reporters:state_regional",
      "reporter": "A.2d",
      "weight": 2,
      "year": 1985,
      "pin_cites": [
        {
          "page": "1195"
        },
        {
          "page": "1195"
        }
      ],
      "opinion_index": 0
    },
    {
      "cite": "275 A.2d 716",
      "category": "reporters:state_regional",
      "reporter": "A.2d",
      "year": 1971,
      "opinion_index": 0
    },
    {
      "cite": "287 P.2d 438",
      "category": "reporters:state_regional",
      "reporter": "P.2d",
      "year": 1955,
      "pin_cites": [
        {
          "page": "435",
          "parenthetical": "listing among board of examiners for Denver fire department exam fire chiefs from San Francisco and from Portland, Oregon"
        }
      ],
      "opinion_index": 0
    },
    {
      "cite": "132 Colo. 21",
      "category": "reporters:state",
      "reporter": "Colo.",
      "case_ids": [
        89235
      ],
      "year": 1955,
      "pin_cites": [
        {
          "parenthetical": "listing among board of examiners for Denver fire department exam fire chiefs from San Francisco and from Portland, Oregon"
        }
      ],
      "opinion_index": 0,
      "case_paths": [
        "/colo/132/0021-01"
      ]
    },
    {
      "cite": "287 N.Y.S.2d 286",
      "category": "reporters:state",
      "reporter": "N.Y.S.2d",
      "year": 1968,
      "pin_cites": [
        {
          "page": "290",
          "parenthetical": "\"It is impossible to hold an objective examination by oral examiners who have had previous association with the examinee, whether the contact was good or bad.\""
        }
      ],
      "opinion_index": 0
    },
    {
      "cite": "55 Misc.2d 898",
      "category": "reporters:state",
      "reporter": "Misc. 2d",
      "case_ids": [
        1187501
      ],
      "year": 1968,
      "pin_cites": [
        {
          "parenthetical": "\"It is impossible to hold an objective examination by oral examiners who have had previous association with the examinee, whether the contact was good or bad.\""
        }
      ],
      "opinion_index": 0,
      "case_paths": [
        "/misc2d/55/0898-01"
      ]
    },
    {
      "cite": "351 Pa. Code \u00a7 7.7-102",
      "category": "laws:admin_compilation",
      "reporter": "Pa. Code",
      "opinion_index": 0
    },
    {
      "cite": "706 A.2d 905",
      "category": "reporters:state_regional",
      "reporter": "A.2d",
      "case_ids": [
        11864738
      ],
      "opinion_index": 0,
      "case_paths": [
        "/a2d/706/0905-01"
      ]
    },
    {
      "cite": "391 A.2d 1134",
      "category": "reporters:state_regional",
      "reporter": "A.2d",
      "year": 1978,
      "pin_cites": [
        {
          "page": "1136"
        }
      ],
      "opinion_index": 0
    },
    {
      "cite": "452 A.2d 1016",
      "category": "reporters:state_regional",
      "reporter": "A.2d",
      "case_ids": [
        1778925,
        1778838
      ],
      "year": 1982,
      "opinion_index": 0,
      "case_paths": [
        "/pa/499/0215-01",
        "/pa/499/0216-01"
      ]
    },
    {
      "cite": "499 Pa. 215",
      "category": "reporters:state",
      "reporter": "Pa.",
      "case_ids": [
        1778925
      ],
      "year": 1982,
      "opinion_index": 0,
      "case_paths": [
        "/pa/499/0215-01"
      ]
    },
    {
      "cite": "408 A.2d 555",
      "category": "reporters:state_regional",
      "reporter": "A.2d",
      "year": 1979,
      "pin_cites": [
        {
          "page": "558"
        }
      ],
      "opinion_index": 0
    },
    {
      "cite": "563 A.2d 593",
      "category": "reporters:state_regional",
      "reporter": "A.2d",
      "case_ids": [
        1393384
      ],
      "year": 1989,
      "pin_cites": [
        {
          "page": "596"
        }
      ],
      "opinion_index": 0,
      "case_paths": [
        "/pa-commw/128/0349-01"
      ]
    },
    {
      "cite": "723 A.2d 673",
      "category": "reporters:state_regional",
      "reporter": "A.2d",
      "year": 1998,
      "opinion_index": 0
    },
    {
      "cite": "555 Pa. 705",
      "category": "reporters:state",
      "reporter": "Pa.",
      "year": 1998,
      "opinion_index": 0
    },
    {
      "cite": "699 A.2d 1311",
      "category": "reporters:state_regional",
      "reporter": "A.2d",
      "case_ids": [
        11913484
      ],
      "pin_cites": [
        {
          "page": "1313-14"
        }
      ],
      "opinion_index": 0,
      "case_paths": [
        "/a2d/699/1311-01"
      ]
    },
    {
      "cite": "657 A.2d 494",
      "category": "reporters:state_regional",
      "reporter": "A.2d",
      "year": 1995,
      "opinion_index": 0
    },
    {
      "cite": "540 Pa. 625",
      "category": "reporters:state",
      "reporter": "Pa.",
      "year": 1995,
      "opinion_index": 0
    },
    {
      "cite": "646 A.2d 592",
      "category": "reporters:state_regional",
      "reporter": "A.2d",
      "case_ids": [
        1463118,
        12047318
      ],
      "weight": 4,
      "year": 1994,
      "pin_cites": [
        {
          "page": "595"
        },
        {
          "page": "596, n. 3"
        }
      ],
      "opinion_index": 0,
      "case_paths": [
        "/pa-commw/165/0174-01",
        "/a2d/646/0592-01"
      ]
    }
  ],
  "analysis": {
    "cardinality": 859,
    "char_count": 15954,
    "ocr_confidence": 0.707,
    "pagerank": {
      "raw": 1.0935560986217725e-07,
      "percentile": 0.5662183393703648
    },
    "sha256": "550c03d3fbdaa9e499c13981a75224342fed891ba60cacfd3264019d262feb7a",
    "simhash": "1:7cbcbce233c2ffe4",
    "word_count": 2534
  },
  "last_updated": "2024-02-27T17:23:41.267720+00:00",
  "provenance": {
    "date_added": "2019-08-29",
    "source": "Harvard",
    "batch": "2018"
  },
  "casebody": {
    "judges": [
      "Before COLINS, President Judge, and DOYLE, J., SMITH, J., FRIEDMAN, J., KELLEY, J., FLAHERTY, J., and LEADBETTER, J."
    ],
    "parties": [
      "William GAFFNEY, Warren Faison, and Mingo Isaac, Appellants, v. CITY OF PHILADELPHIA and Civil Service Commission"
    ],
    "opinions": [
      {
        "text": "LEADBETTER, Judge.\nIn 1992, Philadelphia firefighters William Gaffney, Warren Faison and Mingo Isaac (firefighters), took the promotion examination for lieutenant. After failing to merit placement on the eligibility list, they filed separate appeals with the Philadelphia Civil Service Commission (Commission) eon-tending that they received failing scores despite having given correct answers. According to the firefighters, this irregularity in scoring was that the panel rating the responses was composed of fire department personnel from out-of-town who were not familiar with Philadelphia policies and procedures. Two of the three Commissioners found no irregularity in the examination, having concluded that the firefighters failed to establish the occurrence of anything extraordinary in the examination process. Following oral argument in the firefighters\u2019 appeal, the Philadelphia Court of Common Pleas (trial court) held that the Commission\u2019s finding of no irregularity was not supported by substantial evidence. The trial court found that, \u201cthese firemen were penalized, so to speak, for giving correct answers because their testers were ignorant of Phila. Fire Dep\u2019t procedures.\u201d Gaffney, Faison & Isaac v. CSC (Nos. 9312-2104, 9312-2106, 9312-2107, Order dated September 24, 1994). The trial court reversed and remanded for further findings as to whether the irregularity caused the failing grade. On remand, the Commission reiterated its finding that no irregularity occurred. The Commission also noted that the passage of the two year period for the validity of the eligibility list rendered the action moot. (Order, April 24, 1997). Firefighters filed a second appeal in the trial court. On December 18,1997, the trial court dismissed this second appeal as moot. The trial court reasoned that, pursuant to the decision in Walls v. City of Philadelphia, 165 Pa.Cmwlth. 174, 646 A.2d 592 (1994), alloc. denied, 540 Pa. 625, 657 A.2d 494 (1995), holding that there could be no extension of a promotion list beyond two years, the firefighters\u2019 only remedy was unavailable and, therefore, the matter was moot. Firefighters filed the instant appeal. They contend that dismissal on the ground of mootness deprives them of a meaningful opportunity to protect their property interest in placement on the list and that to protect this constitutional interest the eligibility list must be extended beyond the two-year statutory period. We disagree.\nIn Walls, this court held that a promotion list cannot be extended by agreement or by the order of a court because:\nThe legislature has spoken on this issue quite clearly. Section 13 of the Act of June 25, 1919, P.L. 581, as amended, 53 P.S. \u00a7 12633, provides:\nThe commission shall adopt, amend, and enforce rules for the classified service, which shall have the force and effect of law. The rules shall provide:\n3. For the creation of eligible lists, upon which shall be entered the names of successful candidates in the order of them standing in examination. Such list shall remain in force not longer than two years. (Emphasis added)\nAccordingly, the Philadelphia Home Rule Charter provides:\nThe establishment of eligible lists for appointment and promotion, upon which lists shall be placed the names of successful candidates in the order of the relative excellence in the respective examinations. Such lists shall continue in force for at least one year from the date of their establishment and thereafter until exhausted or replaced by more recently prepared lists but in no case longer than two years....\n351 Pa.Code \u00a7 7.7-401(f) (emphasis added). And, pursuant to the Home Rule Charter, regulations have been promulgated which provide:\nOpen competitive and promotional lists, established as the result of non-eontinuous'or periodic examinations, shall continue in force for at least one year from the date of establishment thereof and thereafter until exhausted or replaced, but in no case longer than two years.\nPhiladelphia Civil Service Regulation \u00a7 10.071 (emphasis added). There are no provisions in the preceding statute and regulations for exceptions to this two year life span.\nWalls, 646 A.2d at 595.\nThe only relief authorized for an exam irregularity is certification to be reexamined or the award of a passing score. See Philadelphia Civil Service Regulation 9.11. Both remedies become meaningless where the eligibility list has expired. The 1992 list, for which firefighters had tested, expired in July of 1994, some two months before the first trial court decision, dated September 22, 1994. Even if an irregularity occurred in the 1992 exam, the 1992 promotion list had long since expired by the time the matter came up for re-hearing in 1997. Accordingly, we agree with the trial court that, in the absence of an available remedy, a decision on firefighters\u2019 challenge to the oral exam has no practical effect, and thus their challenge ordinarily would be subject to dismissal as moot. In re T.J., 699 A.2d 1311, 1313-14 (Pa.Super.1997), alloc. granted, 555 Pa. 705, 723 A.2d 673 (1998); Cytemp Specialty Steel Div., Cyclops Corp. v. Public Utility Comm\u2019n, 128 Pa.Cmwlth. 349, 563 A.2d 593, 596 (1989); Scanlon v. Mt. Union Area Bd. of Sch. Dirs., 47 Pa.Cmwlth. 409, 408 A.2d 555, 558 (1979), aff'd, 499 Pa. 215, 452 A.2d 1016 (1982). However, where the conduct complained of is capable of repetition yet apt to evade review, or the case involves questions important to the public interest, courts may decide the issue even if the present controversy is technically moot. Daly v. Horse Racing Comm\u2019n, 38 Pa. Cmwlth. 77, 391 A.2d 1134, 1136 (1978).\nThe two-year life span of the eligibility list affords insufficient time for a case, such as the present one, to receive appellate review before the matter is mooted by the lack of an available remedy. Hence the question raised in the instant case is one that is likely to recur yet evade our review. Further, the testing process for qualifying fire department lieutenants is a matter of important public interest. Therefore, the question as to whether the use of out-of-town raters to score the oral portion of the exam produced an irregularity falls within the exception to the general rule calling for dismissal.\nIn general, promotional exams must be impartial, practical and deal with the duties and requirements of the position to be filled. Section 14 of the Act of June 25, 1919, P.L. 581, as amended, 53 P.S. \u00a7 12634(Act); 351 Pa.Code \u00a7 7.7-401; Philadelphia Civil Service Regulation 9.012. See Green v. Civil Service Comm\u2019n, 706 A.2d 905, 907 n. 4 (Pa.Cmwlth.1998) (listing examples of inequity in testing). The use of out-of-town raters to grade the oral portion of a promotional exam is a practice permitted by the statute that regulates civil service in Philadelphia and the Philadelphia Home Rule Charter. Section 14 of the Act of June 25, 1919, P.L. 581, as amended, 53 P.S. \u00a7 12634, provides, in part, that: \u201cThe commission may call on other persons, either within or without the city service, to draw up, conduct, or mark examinations.... \u201d The Home Rule Charter provides that \u201c[t]he Personnel Director shall designate appropriate persons to assist in the preparation and rating of tests.\u201d 351 Pa. Code \u00a7 7.7-102. The use of out-of-town raters has been adopted in Philadelphia and in other cities in order to avoid bias or the appearance thereof that may arise when the grading is performed by personnel who may be familiar with particular competitors. See Jochnowitz v. Poston, 55 Misc.2d 898, 287 N.Y.S.2d 286, 290 (1968) (\u201cIt is impossible to hold an objective examination by oral examiners who have had previous association with the examinee, whether the contact was good or bad.\u201d). See also Civil Service Comm\u2019n v. Frazzini, 132 Colo. 21, 287 P.2d 438, 435 (1955) (listing among board of examiners for Denver fire department exam fire chiefs from San Francisco and from Portland, Oregon). There is nothing inappropriate per se about the use of out-of-town raters so long as the raters are competent to assess the qualities being tested and the competitors\u2019 responses are judged according to objective standards reasonably calculated to assess job related attributes.\nThe purpose of the oral portion of the lieutenant\u2019s exam, articulated by Linda Robinson, Chief of the Test Development Unit, was to test a competitor\u2019s creativity and leadership, attributes that could not be adequately tested on the written exam. Robinson further testified that to achieve this purpose, questions were designed, in consultation with out-of-town fire department officers, to elicit generic responses rather than answers focused on specific local procedure. In order to keep the raters focused on the attributes being tested, the Philadelphia Fire Department took measures to alleviate potential confusion over local procedure and to avoid misplaced analysis during the grading. The department informed the raters about local policy and procedure by providing, for their review, local manuals and memoranda that contained specific information concerning alarm sequences, the definitions for a \u201ctactical box\u201d and a Fire Department organizational chart. The raters also received benchmark responses to the questions. Competitors were at liberty to discuss and clarify points of local procedure where such points may have affected their responses. This process yielded an 80% pass rate, which belies the contention that grading was skewed by misunderstood points of local procedure.\nThe firefighters\u2019 contend that they received failing grades despite having stated answers that were technically correct under local procedure. Given that the oral test did not assess specific knowledge of local procedure, their focus in this respect is misplaced. Considering the attributes the oral test sought to assess, a competitor could enunciate a technically correct point of local procedure but nonetheless fail the oral exam because the answer given failed to demonstrate a sufficient level of analysis, creativity and leadership. Our review of the record reveals ample evidence to support the Commission\u2019s conclusion that the firefighters had not established an irregularity in the use of out-of-town raters nor in the specific grading of their exams.\nTherefore, the order of the court of common pleas is affirmed.\nORDER\nAND NOW, this 29th day of April, 1999, the order of the Court of Common Pleas of Philadelphia County, dated December 18, 1997, in the above captioned matter is hereby affirmed.\n. The appeals, now consolidated, were taken pursuant to Civil Service Regulation 9.11, which states as follows:\nAPPEAL FROM DISQUALIFICATION BY ORAL TEST BOARD. Within thirty (30) calendar days immediately after the date of mailing to the competitor of the official notice of examination results (or a shorter period of not less than seven (7) days, if necessary for the good of the service and announced to the competitors in the notice of examination results) a competitor given a failing score on an oral test may appeal to the Commission upon the grounds of irregularity, bias, or fraud in the conduct of the oral test. Such appeal shall be in writing and shall contain a statement of bases and proofs. Issues related to the suitability or adequacy of point scores awarded to passers are not appealable to the Commission. If, after conducting a hearing, the Commission finds that the competitor's rating in the oral test was the result of irregularity, bias, or fraud, it shall certify to the Director that the competitor is entitled to a re-examination or that the competitor is to be awarded a minimum passing score.\n. Section 7-201 of the Philadelphia Home Rule Charter provides that appellate review of the decisions of the Commission is limited to questions of jurisdiction and the regularity of the proceedings. Caselaw has extended this scope of review to include whether the commission exceeded its authority or violated a guaranteed constitutional right. Staton v. Civil Service Comm\u2019n, 1 Pa.Cmwlth. 543, 275 A.2d 716 (1971). See also Weeks v. Civil Service Comm'n, 89 Pa. Cmwlth. 556, 492 A.2d 1194, 1195 (1985). Cf. In re Blystone, 144 Pa.Cmwlth. 27, 600 A.2d 672, 673 n. 2 (1991), alloc. denied, 534 Pa. 641, 626 A.2d 1159 (1993) (distinguishing the limited scope of review under Section 7.7-201 from the more expansive de novo review available under Section 1191 of the Borough Code, 53 P.S. \u00a7 46191). We note that Section 7.7-201 explicitly provides for appeals from dismissal, demotion or suspension and does not contain language referring to appeals from decisions on a challenge to a promotional exam. Nevertheless, in Weeks, a case involving a challenge to the oral exam for promotion to Fire Department Battalion Chief, this court applied the standard of review under Section 7.7-201. 492 A.2d at 1195.\n. Firefighters cannot avoid the expiration of the eligibility list on the basis of the holding in Commonwealth v. O\u2019Neill, 100 F.R.D. 354 (E.D.Pa.1983), aff'd, 746 F.2d 1465 (3d Cir.1984). In O\u2019Neill, the court approved the extension of an eligibility list as part of a consent decree settling an action, under Title VII of the Civil Rights Act of 1964, as amended, 42 U.S.C. \u00a7 2000e, et seq., to remedy racial discrimination in the hiring and promotional practices of the Philadelphia Police Department. The statutory prohibition was obviously not argued as a bar to the relief ordered since it was entered by agreement, so no inference may be drawn that the district court considered, let alone rejected, the statutory bar. Moreover, this court, in Walls, distinguished the ruling in O\u2019Neill on the ground that in the federal civil rights action, the extension of the civil service eligibility list was justified by the \"overriding federal policy of remedying racial discrimination.\u201d Walls, 646 A.2d at 596, n. 3. Such justification does not exist in a challenge to the administration of the oral exam based on irregularity, bias, and fraud under Philadelphia Civil Service Regulation 9.11. Id.\n. In their appeal of the Commission\u2019s April 24, 1997 decision, firefighters request promotions to positions as lieutenants and back pay retroactive to the date of the last promotion from the 1992 list. We are aware of no authority for this relief and believe such relief would be inappropriate in that it would put firefighters in a better position than they would necessarily have been in if they had passed the test. Trosky v. Civil Service Comm\u2019n, 539 Pa. 356, 652 A.2d 813 (1995).\n. Section 14 of the Act, regulating the civil service in cities of the first class, states, in relevant part: \"All examinations shall be free, and impartial, practical in their character, and shall deal with the duties and requirements of the position to be filled.\u201d\n. Under the Philadelphia Home Rule Charter the Personnel Director must prepare regulations providing for, in relevant part: \"Open competitive examinations to test the relative fitness of applicants for the respective positions.\u201d 351 Pa.Code \u00a7 7.7-401(c).\n. Philadelphia Civil Service Regulation 9.012 provides that \"[ejvery examination for positions within the Civil Services shall be competitive, uniform, and shall be designed to measure fairly the relative qualifications of competitors.\u201d\n. While the trial court dismissed the appeal rather than affirming the order of the Commission, the practical effect is the same; to leave in place the Commission's order of April 24, 1997. Thus, we see no need to vacate common pleas\u2019 order simply to amend its form.",
        "type": "majority",
        "author": "LEADBETTER, Judge."
      }
    ],
    "attorneys": [
      "Alaine S. Williams, Philadelphia, for appellants.",
      "Jane L. Istvan, Philadelphia, for appellee."
    ],
    "corrections": "",
    "head_matter": "William GAFFNEY, Warren Faison, and Mingo Isaac, Appellants, v. CITY OF PHILADELPHIA and Civil Service Commission\nCommonwealth Court of Pennsylvania.\nArgued Oct. 7, 1998.\nFiled April 29, 1999.\nAlaine S. Williams, Philadelphia, for appellants.\nJane L. Istvan, Philadelphia, for appellee.\nBefore COLINS, President Judge, and DOYLE, J., SMITH, J., FRIEDMAN, J., KELLEY, J., FLAHERTY, J., and LEADBETTER, J."
  },
  "file_name": "1049-01",
  "first_page_order": 1083,
  "last_page_order": 1087
}
