{
  "id": 9310590,
  "name": "GALLOTHOM, INC., Petitioner, v. DISTRICT OF COLUMBIA ALCOHOLIC BEVERAGE CONTROL BOARD, Respondent. Ruth Goodwin, Intervenor",
  "name_abbreviation": "Gallothom, Inc. v. District of Columbia Alcoholic Beverage Control Board",
  "decision_date": "2003-03-20",
  "docket_number": "No. 00-AA-373",
  "first_page": "530",
  "last_page": "535",
  "citations": [
    {
      "type": "official",
      "cite": "820 A.2d 530"
    }
  ],
  "court": {
    "name_abbreviation": "D.C.",
    "id": 11933,
    "name": "District of Columbia Court of Appeals"
  },
  "jurisdiction": {
    "id": 56,
    "name_long": "District of Columbia",
    "name": "D.C."
  },
  "cites_to": [
    {
      "cite": "364 A.2d 1183",
      "category": "reporters:state_regional",
      "reporter": "A.2d",
      "case_ids": [
        8030113
      ],
      "weight": 2,
      "opinion_index": 0,
      "case_paths": [
        "/a2d/364/1183-01"
      ]
    },
    {
      "cite": "441 A.2d 246",
      "category": "reporters:state_regional",
      "reporter": "A.2d",
      "case_ids": [
        7944951
      ],
      "weight": 3,
      "pin_cites": [
        {
          "page": "248"
        },
        {
          "page": "248"
        }
      ],
      "opinion_index": 0,
      "case_paths": [
        "/a2d/441/0246-01"
      ]
    },
    {
      "cite": "160 A.2d 100",
      "category": "reporters:state_regional",
      "reporter": "A.2d",
      "case_ids": [
        8118230
      ],
      "weight": 2,
      "pin_cites": [
        {
          "page": "101"
        },
        {
          "page": "101,103"
        }
      ],
      "opinion_index": 0,
      "case_paths": [
        "/a2d/160/0100-01"
      ]
    },
    {
      "cite": "424 U.S. 319",
      "category": "reporters:federal",
      "reporter": "U.S.",
      "case_ids": [
        12026449
      ],
      "weight": 4,
      "year": 1976,
      "pin_cites": [
        {
          "page": "333"
        },
        {
          "parenthetical": "citation and internal quotation marks omitted"
        }
      ],
      "opinion_index": 0,
      "case_paths": [
        "/us/424/0319-01"
      ]
    },
    {
      "cite": "798 A.2d 531",
      "category": "reporters:state_regional",
      "reporter": "A.2d",
      "case_ids": [
        9431604
      ],
      "pin_cites": [
        {
          "page": "541"
        }
      ],
      "opinion_index": 0,
      "case_paths": [
        "/a2d/798/0531-01"
      ]
    },
    {
      "cite": "501 U.S. 104",
      "category": "reporters:federal",
      "reporter": "U.S.",
      "case_ids": [
        1108159
      ],
      "weight": 3,
      "year": 1991,
      "pin_cites": [
        {
          "page": "110"
        }
      ],
      "opinion_index": 0,
      "case_paths": [
        "/us/501/0104-01"
      ]
    },
    {
      "cite": "137 L.Ed.2d 1027",
      "category": "reporters:federal",
      "reporter": "L. Ed. 2d",
      "year": 1997,
      "pin_cites": [
        {
          "parenthetical": "citing Astoria Fed. Sav. & Loan Ass'n v. Solimino, 501 U.S. 104, 110, 111 S.Ct. 2166, 115 L.Ed.2d 96 (1991)"
        }
      ],
      "opinion_index": 0
    },
    {
      "cite": "117 S.Ct. 1818",
      "category": "reporters:federal",
      "reporter": "S. Ct.",
      "year": 1997,
      "pin_cites": [
        {
          "parenthetical": "citing Astoria Fed. Sav. & Loan Ass'n v. Solimino, 501 U.S. 104, 110, 111 S.Ct. 2166, 115 L.Ed.2d 96 (1991)"
        }
      ],
      "opinion_index": 0
    },
    {
      "cite": "520 U.S. 1228",
      "category": "reporters:federal",
      "reporter": "U.S.",
      "case_ids": [
        11717312,
        11717827,
        11717350,
        11717767,
        11717447,
        11717679,
        11717488,
        11717522,
        11717397,
        11717719,
        11717561,
        11717598
      ],
      "year": 1997,
      "pin_cites": [
        {
          "parenthetical": "citing Astoria Fed. Sav. & Loan Ass'n v. Solimino, 501 U.S. 104, 110, 111 S.Ct. 2166, 115 L.Ed.2d 96 (1991)"
        }
      ],
      "opinion_index": 0,
      "case_paths": [
        "/us/520/1228-01",
        "/us/520/1228-12",
        "/us/520/1228-02",
        "/us/520/1228-11",
        "/us/520/1228-04",
        "/us/520/1228-09",
        "/us/520/1228-05",
        "/us/520/1228-06",
        "/us/520/1228-03",
        "/us/520/1228-10",
        "/us/520/1228-07",
        "/us/520/1228-08"
      ]
    },
    {
      "cite": "90 F.3d 1558",
      "category": "reporters:federal",
      "reporter": "F.3d",
      "case_ids": [
        9051518
      ],
      "pin_cites": [
        {
          "page": "1568"
        }
      ],
      "opinion_index": 0,
      "case_paths": [
        "/f3d/90/1558-01"
      ]
    },
    {
      "cite": "406 F.2d 823",
      "category": "reporters:federal",
      "reporter": "F.2d",
      "case_ids": [
        2117206
      ],
      "weight": 2,
      "pin_cites": [
        {
          "page": "825"
        }
      ],
      "opinion_index": 0,
      "case_paths": [
        "/f2d/406/0823-01"
      ]
    },
    {
      "cite": "412 A.2d 1187",
      "category": "reporters:state_regional",
      "reporter": "A.2d",
      "case_ids": [
        7998784
      ],
      "pin_cites": [
        {
          "page": "1194"
        }
      ],
      "opinion_index": 0,
      "case_paths": [
        "/a2d/412/1187-01"
      ]
    },
    {
      "cite": "630 A.2d 699",
      "category": "reporters:state_regional",
      "reporter": "A.2d",
      "case_ids": [
        11324430
      ],
      "pin_cites": [
        {
          "page": "703"
        }
      ],
      "opinion_index": 0,
      "case_paths": [
        "/a2d/630/0699-01"
      ]
    },
    {
      "cite": "663 A.2d 499",
      "category": "reporters:state_regional",
      "reporter": "A.2d",
      "case_ids": [
        7870199
      ],
      "pin_cites": [
        {
          "page": "501"
        }
      ],
      "opinion_index": 0,
      "case_paths": [
        "/a2d/663/0499-01"
      ]
    },
    {
      "cite": "806 A.2d 186",
      "category": "reporters:state_regional",
      "reporter": "A.2d",
      "case_ids": [
        11342291
      ],
      "pin_cites": [
        {
          "page": "193"
        }
      ],
      "opinion_index": 0,
      "case_paths": [
        "/a2d/806/0186-01"
      ]
    }
  ],
  "analysis": {
    "cardinality": 705,
    "char_count": 13229,
    "ocr_confidence": 0.684,
    "pagerank": {
      "raw": 5.78286262662399e-08,
      "percentile": 0.36098919280622155
    },
    "sha256": "06a055a602002b6ae4aa05280b6ac76d4169cac43d25a05dcc4b7c14c39afd70",
    "simhash": "1:b27781343010e560",
    "word_count": 2134
  },
  "last_updated": "2024-02-27T20:34:00.056632+00:00",
  "provenance": {
    "date_added": "2019-08-29",
    "source": "Harvard",
    "batch": "2018"
  },
  "casebody": {
    "judges": [
      "Before WAGNER, Chief Judge, and SCHWELB and WASHINGTON, Associate Judges."
    ],
    "parties": [
      "GALLOTHOM, INC., Petitioner, v. DISTRICT OF COLUMBIA ALCOHOLIC BEVERAGE CONTROL BOARD, Respondent. Ruth Goodwin, Intervenor."
    ],
    "opinions": [
      {
        "text": "WASHINGTON, Associate Judge:\nOn March 8, 2000, the Alcoholic Beverage Control Board (Board) issued a final order denying petitioner, Gallothom, Inc. (Gallothom), a renewal of a liquor license for the Isle Restaurant. On appeal, petitioner alleges that: 1) the doctrines of res judicata and collateral estoppel bar the Board from not renewing its liquor license; 2) the Board violated Gallothom\u2019s due process rights by issuing a final decision after a hearing where none of the members of the Board who signed the decision was present; and 3) a new hearing should be ordered because the Board did not issue the final decision within 120 days. We disagree with the petitioner and affirm the agency\u2019s ruling.\nI.\nThe Isle Restaurant (Isle), owned by Gallothom, has held a class \u201cC\u201d liquor license since 1971. In January 1989, Gal-lothom applied for and received a class \u201cCN\u201d license from the Board for Isle because the restaurant allowed nude dancing. In December 1998, Gallothom filed an application to renew its liquor license, after which Advisory Neighborhood Commission (ANC) Representative Ruth Young Goodwin and ANC Chairperson Joseph Bowser filed a timely protest pursuant to D.C.Code \u00a7 25-315(a) (2001). The protest alleged that Isle adversely affected the peace, order and quiet of the neighborhood, residential parking, vehicular and pedestrian safety, and real property values in the neighborhood. Protest hearings were held on March 17, 1999 and May 19, 1999. On October 6, 1999, the Board issued a proposed order, as opposed to a final order, pursuant to D.C.Code \u00a7 2-509 (2001) denying renewal of the license. Gallothom filed an exception to the Board\u2019s proposed order to which the protestants filed a reply. A hearing on Gallothom\u2019s exceptions to the proposed order was held before the Board on January 19, 2000. The Board then issued a final order on March 8, 2000, concluding that Isle adversely affected the peace, order, and quiet of the neighborhood and denying Gallo-thom\u2019s request to renew its liquor license. Gallothom now seeks review of this decision.\nII.\nA. Res judicata\nGallothom argues that the doctrines of res judicata and collateral estoppel, absent new facts or circumstances, preclude the Board from not renewing its license because the license had been renewed in the past. \u201cRes judicata bars a claim based on the same factual transaction and the same parties if an action was brought or could have been brought in a forum that has rendered a final decision on the merits.\u201d Herbin v. Hoeffel, 806 A.2d 186, 193 (D.C.2002) (citation omitted). \u201c[CJollateral estoppel, or issue preclusion, renders conclusive in the same or a subsequent action determination of an issue of fact or law when (1) the issue is actually litigated and (2) determined by a valid, final judgment on the merits; (3) after a full and fair opportunity for litigation by the parties or their privies; (4) under circumstances where the determination was essential to the judgment, and not merely dictum.\u201d Davis v. Davis, 663 A.2d 499, 501 (D.C.1995) (citation omitted).\nThis court has held that the doctrines of res judicata and collateral estoppel apply in administrative cases only \u201cwhen the agency is acting in a judicial capacity, resolving disputed issues of fact properly before it which the parties have an adequate opportunity to litigate.\u201d Oubre v. District of Columbia, 630 A.2d 699, 703 (D.C.1993) (citing William J. Davis, Inc. v. Young, 412 A.2d 1187, 1194 (D.C.1980)). Thus, \u201c[t]he threshold inquiry is whether the earlier proceeding, is the essential equivalent of a judicial proceeding.\u201d Id. at 703. However, the application of res judicata in administrative decisions \u201cis not encrusted with the rigid finality that characterizes the precept in judicial proceedings,\u201d id. at 703-04 (quoting Grose v. Cohen, 406 F.2d 823, 825 (4th Cir.1969)) and there may be practical reasons to refuse to apply the doctrines. Id. Furthermore, \u201can administrative agency decision, issued pursuant to a statute, cannot have preclusive effect when [the legislature], either expressly or impliedly, indicated] that it intended otherwise.\u201d Texas Inst. Inc. v. Cypress Semiconductor Corp., 90 F.3d 1558, 1568 (Fed.Cir.1996), cert. denied, 520 U.S. 1228, 117 S.Ct. 1818, 137 L.Ed.2d 1027 (1997) (citing Astoria Fed. Sav. & Loan Ass\u2019n v. Solimino, 501 U.S. 104, 110, 111 S.Ct. 2166, 115 L.Ed.2d 96 (1991)).\nGallothom contends that since past Boards have concluded that Isle was appropriate for the neighborhood and that there was not a problem with littering, loitering, public urination, parking, or criminal activity, these prior decisions prevent the Board from reviewing the same factors in ruling on its renewal application. We disagree. This claim is not precluded under a theory of either res judicata or collateral estoppel because the legislature clearly intended that each renewal of a liquor license is a new factual transaction, separate and distinct from both the original transaction of acquiring the license and prior renewals of the license.\nThe Board has the statutory authority to issue a liquor license for a two-year period, after which the license can be renewed. D.C.Code \u00a7 25-104(b) (2001). Before renewing the license, however, the statute requires the Board to make new findings, separate and apart from any prior findings, that the establishment \u201cis appropriate for the locality, section, or portion of the District where it is to be located.\u201d D.C.Code \u00a7 25-313(a) (2001). The statute on its face explicitly provides for a new finding and it is clear that prior adjudications are subject to modification and reexamination. To conclude otherwise would lead to an absurd result because the factors impacting the renewal of a license are based on events subsequent to an establishment\u2019s last hearing. Furthermore, our conclusion comports with the clear legislative intent of the statute. By providing for renewal of the license and a protest hearing every two years, the legislature intended to give the public the opportunity to challenge the renewal of an alcohol license. See Report of the D.C. Council Comm, on Consumer and Reg. Affairs on Bill 6-504, District of Columbia Alcoholic Beverage Control Act Reform Amendment Act of 1986 (Nov. 12,1986), at 2.\nB. Due Process\nGallothom asserts that its due process rights were violated because: 1) a proposed decision was issued even though all the members of the Board were not present during the evidentiary hearings; and, 2) a final decision was issued even though the members of the Board viewed different evidentiary hearings. Gallothom contends that since the members of the Board were not present at the same hearing, they were unable to make credibility determinations, which Gallothom believes were essential to the Board\u2019s denial of its license.\nThe due process clause provides that \u201cno person shall be deprived of life, liberty, or property, without due process of law.\u201d U.S. CONST, amend. V. \u201cThe procedural due process guarantee imposes procedural requirements on the government before it deprives individuals of protected interests.\u201d Richard Milburn Pub. Charter Alternative High Sch. v. Cafritz, 798 A.2d 531, 541 (D.C.2002) (citing Mathews v. Eldridge, 424 U.S. 319, 333, 96 S.Ct. 893, 47 L.Ed.2d 18 (1976)). \u201cWhen protected interests are implicated, the Constitution requires notice and opportunity for hearing appropriate to the nature of the case.\u201d Id. (citation and internal quotation marks omitted). Gallothom relies heavily on Feldman v. Board of Pharmacy of the District of Columbia, 160 A.2d 100, 101 (Mun.Ct.D.C.1960), to argue that the Board\u2019s decision must be remanded. In Feldman, a decision by the Board of Pharmacy was reversed because the petitioner\u2019s case was decided by four members of the board who were not present at the hearing. Id. at 101,103. Since Feldman, however, the D.C. Council enacted the District of Columbia Administrative Procedure Act (DCAPA). This act clearly provides procedural safeguards to protect an individual\u2019s or, as in this case, an establishment\u2019s due process rights. The Act states in part:\nWhenever in a contested case a majority of those who are to render the final order or decision did not personally hear the evidence, no order or decision adverse to a party to the case (other than the Mayor or an agency) shall be made until a proposed order or decision, including findings of fact and conclusions of law, has been served upon the parties and an opportunity has been afforded to each party adversely affected to file exceptions and present argument to a majority of those who are to render the order or decision, who, in such case, shall personally consider such portions of the exclusive record, as provided in subsection (c) of this section, as may be designated by any party.\nD.C.Code \u00a7 2-509(d) (2001). In this case, a panel, including two of the Board members who were present at the protest hearing, issued a proposed decision and order listing its findings of facts and conclusions of law. Gallothom filed an exception to the proposed order, in accordance with D.C.Code \u00a7 2 \u2014 509(d), and it was afforded a hearing before the final order was issued. The final order was then issued based on the extensive findings of fact produced in the proposed decision. After reviewing the facts, it is clear that the procedure set forth in D.C.Code \u00a7 2-509(d) was followed and Gallothom was not deprived of due process of law.\nC. New Hearing\nGallothom\u2019s final argument is that the Board\u2019s decision should be reversed because of the Board\u2019s failure to issue its final decision in a timely manner. The Board has 120 days after the close of the record to issue its written decision accompanied by findings of fact and conclusions of law. See D.C.Code \u00a7 25-106(c)(6) (1996). In this case, the record was closed on June 8, 1999 and the proposed decision was issued on October 6, 1999\u2014 120 days following the closing of the record. The final decision was issued on March 8, 2000. Gallothom contends that since the final decision was not issued within the 120 days, the Board\u2019s decision must be reversed. After reviewing the relevant statutes, we disagree.\nIn this case, D.C.Code \u00a7 25-106(c)(6) has a 120-day limitation for the issuance of a written order. \u201cStatutory provisions concerning the performance of duties by public officers generally are considered directory so that the interests of private parties and the public might not suffer due to the official\u2019s failure to act promptly.\u201d Vann v. District of Columbia Bd. of Funeral Directors & Embalmers, 441 A.2d 246, 248 (D.C.1982) (citing JBG Properties, Inc. v. District of Columbia Office of Human Rights, 364 A.2d 1183 (D.C.1976)) (further citations omitted). When determining whether the 120-day time requirement is mandatory or directory, we must balance \u201cwhether any prejudice to a party caused by agency delay is outweighed by the interests of another party or the public in allowing the agency to act after the statutory time period has elapsed.\u201d Id. We can think of no reason, nor has the petitioner clearly articulated a reason, why it is prejudiced by the delay. Based on the lack of prejudice to the petitioner and the public interest in ensuring the safety of the neighborhood, we must conclude that the 120-day time limit is directory, thus the Board\u2019s decision is valid.\nAccordingly, the judgment on appeal is\nAffirmed.\n. Gallothom also alleges that \u00a7 2-509(d) is unconstitutional because it permits the Board to make determinations without assessing the credibility of witnesses. We do not need to decide this issue. The determination of witnesses\u2019 credibility was not a central issue in this case because none of the testimony was in direct conflict. Here, the testimony received from a number of neighborhood residents and the ABC Investigator clearly supported the Board\u2019s conclusions. While the testimony of the Isle owner and manager was not the same as the testimony of the residents, neither witness could plainly challenge the personal observations made by the residents nor the ABC Investigator.\n. A record is considered closed twenty days after a hearing is concluded or after receipt of Proposed Findings of Fact and Conclusions of Law from all parties. D.C.Code \u00a7 25-106(c)(6) (1996).\n. This code provision has since been amended and recodified to provide for a 90-day time limit. See D.C.Code \u00a7 25-433(c) (2001).\n.The agency must bear the burden of demonstrating that the delay did not substantially prejudice the complaining party. Vann, supra, 441 A.2d at 248.",
        "type": "majority",
        "author": "WASHINGTON, Associate Judge:"
      }
    ],
    "attorneys": [
      "Anson M. Keller, with whom Michael S. Levy, Washington, DC, was on the brief, for petitioner.",
      "Steven A. Skalet, Washington, DC, for intervenor.",
      "Carl J. Schifferle, Assistant Corporation Counsel, with whom Robert R. Rigsby, Corporation Counsel at the time the brief was filed, and Charles L. Reischel, Deputy Corporation Counsel, were on the brief, for respondent."
    ],
    "corrections": "",
    "head_matter": "GALLOTHOM, INC., Petitioner, v. DISTRICT OF COLUMBIA ALCOHOLIC BEVERAGE CONTROL BOARD, Respondent. Ruth Goodwin, Intervenor.\nNo. 00-AA-373.\nDistrict of Columbia Court of Appeals.\nArgued April 10, 2001.\nDecided March 20, 2003.\nAnson M. Keller, with whom Michael S. Levy, Washington, DC, was on the brief, for petitioner.\nSteven A. Skalet, Washington, DC, for intervenor.\nCarl J. Schifferle, Assistant Corporation Counsel, with whom Robert R. Rigsby, Corporation Counsel at the time the brief was filed, and Charles L. Reischel, Deputy Corporation Counsel, were on the brief, for respondent.\nBefore WAGNER, Chief Judge, and SCHWELB and WASHINGTON, Associate Judges."
  },
  "file_name": "0530-01",
  "first_page_order": 564,
  "last_page_order": 569
}
