{
  "id": 8327405,
  "name": "In re AMANDA H. et al.",
  "name_abbreviation": "In re Amanda H.",
  "decision_date": "2007-03-20",
  "docket_number": "",
  "first_page": "1120",
  "last_page": "1121",
  "citations": [
    {
      "type": "official",
      "cite": "917 A.2d 1120"
    },
    {
      "type": "parallel",
      "cite": "2007 ME 43"
    }
  ],
  "court": {
    "name_abbreviation": "Me.",
    "id": 9543,
    "name": "Maine Supreme Judicial Court"
  },
  "jurisdiction": {
    "id": 42,
    "name_long": "Maine",
    "name": "Me."
  },
  "cites_to": [
    {
      "cite": "2006 ME 141",
      "category": "reporters:neutral",
      "reporter": "ME",
      "case_ids": [
        8448189
      ],
      "weight": 3,
      "pin_cites": [
        {
          "page": "\u00b6\u00b6 9"
        },
        {
          "page": "403-04"
        },
        {
          "page": "403"
        }
      ],
      "opinion_index": 0,
      "case_paths": [
        "/a2d/910/0401-01"
      ]
    }
  ],
  "analysis": {
    "cardinality": 209,
    "char_count": 2770,
    "ocr_confidence": 0.671,
    "pagerank": {
      "raw": 5.270135368607289e-08,
      "percentile": 0.3307760413831077
    },
    "sha256": "9b761892290f12f8f511419a062801b8b624e8bcba92e00b55c47a9acafd8960",
    "simhash": "1:cffc4c8602155787",
    "word_count": 461
  },
  "last_updated": "2024-02-27T16:04:09.379056+00:00",
  "provenance": {
    "date_added": "2019-08-29",
    "source": "Harvard",
    "batch": "2018"
  },
  "casebody": {
    "judges": [
      "Panel: SAUFLEY, C.J., and CLIFFORD, ALEXANDER, CALKINS, LEVY, and SILVER, JJ."
    ],
    "parties": [
      "In re AMANDA H. et al."
    ],
    "opinions": [
      {
        "text": "SAUFLEY, C.J.\n[\u00b6 1] The mother of Amanda H. and Kevin H. appeals from a judgment of the District Court (Lewiston, Lawrence, J.) terminating her parental rights to both children. The mother asserts that the court erred because it failed to explicitly find that the termination was in the best interests of the children. We agree and vacate the judgment.\n[\u00b6 2] In its order terminating the mother\u2019s parental rights, the court issued extensive findings and found by clear and convincing evidence three grounds for parental unfitness. See 22 M.R.S. \u00a7 4055(l)(B)(2)(b)(i), (ii), (iv) (2006). The court, however, did not explicitly find by clear and convincing evidence that termination of the mother\u2019s parental rights was in the best interests of the children. See 22 M.R.S. \u00a7 4055(l)(B)(2)(a) (2006). Rather, the court discussed factual findings that it considered relevant to the children\u2019s best interests, as described in 22 M.R.S. \u00a7 4055(2) (2006), and recited the guardian ad litem\u2019s belief that termination of the mother\u2019s parental rights would be in the children\u2019s best interests.\n[\u00b6 3] A court may not enter an order terminating parental rights in the absence of an explicitly stated finding, by clear and convincing evidence, that \u201ctermination is in the best interest of the child.\u201d Id. \u00a7 4055(l)(B)(2)(a). This finding cannot be inferred from the court\u2019s decision, and the court may not summarize testimony as a substitute for its own specific findings. In re Mariah B., 2006 ME 141, \u00b6\u00b6 9, 10 & n. 1, 910 A.2d 401, 403-04. The absence of a critical finding required for a termination of parental rights cannot be characterized as harmless error. See id. \u00b6 9, 910 A.2d at 403.\n[\u00b6 4] Here, the court did not make an explicit finding that termination was in the children\u2019s best interests. Accordingly, we vacate the judgment and remand the matter to the District Court. On remand, the court, in its discretion, may hear from the parties in further argument before deciding whether to terminate the mother\u2019s parental rights, and may, if the presentations of the parties warrant it, reopen the record for further fact-finding. Because we vacate the order, we do not address the mother\u2019s remaining argument on appeal.\nThe entry is:\nJudgment vacated. Remanded for further proceedings consistent with this opinion.",
        "type": "majority",
        "author": "SAUFLEY, C.J."
      }
    ],
    "attorneys": [
      "Alicia C. Giftos, Lewiston, for appellant.",
      "G. Steven Rowe, Attorney General, Matthew Pollack, Asst. Atty. Gen., David Hathaway, Asst. Atty. Gen., Augusta, for appellee.",
      "Terry Hayes, Buckfield, Guardian ad Li-tem.",
      "Jeffrey Dolley, Lewiston, for father."
    ],
    "corrections": "",
    "head_matter": "2007 ME 43\nIn re AMANDA H. et al.\nSupreme Judicial Court of Maine.\nSubmitted on Briefs: March 19, 2007.\nDecided: March 20, 2007.\nAlicia C. Giftos, Lewiston, for appellant.\nG. Steven Rowe, Attorney General, Matthew Pollack, Asst. Atty. Gen., David Hathaway, Asst. Atty. Gen., Augusta, for appellee.\nTerry Hayes, Buckfield, Guardian ad Li-tem.\nJeffrey Dolley, Lewiston, for father.\nPanel: SAUFLEY, C.J., and CLIFFORD, ALEXANDER, CALKINS, LEVY, and SILVER, JJ."
  },
  "file_name": "1120-01",
  "first_page_order": 1158,
  "last_page_order": 1159
}
