{
  "id": 11551957,
  "name": "Krzysztof KIEC and Krystyna Kiec, his wife, Appellants, v. Nina E. SHERRERD, Executrix of the Estate of Joseph H. Kriss, Deceased, Appellee",
  "name_abbreviation": "Kiec v. Sherrerd",
  "decision_date": "1999-06-08",
  "docket_number": "",
  "first_page": "1271",
  "last_page": "1274",
  "citations": [
    {
      "type": "official",
      "cite": "733 A.2d 1271"
    }
  ],
  "court": {
    "name_abbreviation": "Pa. Super. Ct.",
    "id": 8775,
    "name": "Superior Court of Pennsylvania"
  },
  "jurisdiction": {
    "id": 6,
    "name_long": "Pennsylvania",
    "name": "Pa."
  },
  "cites_to": [
    {
      "cite": "426 Pa.Super. 607",
      "category": "reporters:state",
      "reporter": "Pa. Super.",
      "case_ids": [
        929906
      ],
      "weight": 2,
      "year": 1993,
      "opinion_index": 0,
      "case_paths": [
        "/pa-super/426/0607-01"
      ]
    },
    {
      "cite": "648 A.2d 366",
      "category": "reporters:state_regional",
      "reporter": "A.2d",
      "case_ids": [
        1466717,
        7867814
      ],
      "year": 1994,
      "opinion_index": 0,
      "case_paths": [
        "/pa-commw/167/0440-01",
        "/a2d/648/0366-01"
      ]
    },
    {
      "cite": "664 A.2d 84",
      "category": "reporters:state_regional",
      "reporter": "A.2d",
      "case_ids": [
        470753,
        470818,
        470769,
        7862196,
        7862292,
        7862233
      ],
      "weight": 2,
      "year": 1995,
      "pin_cites": [
        {
          "parenthetical": "legislative intent is not to promulgate a statute that effectuates an absurd or unreasonable result"
        },
        {
          "parenthetical": "b"
        }
      ],
      "opinion_index": 0,
      "case_paths": [
        "/pa/541/0423-01",
        "/pa/541/0424-02",
        "/pa/541/0424-01",
        "/a2d/664/0084-01",
        "/a2d/664/0084-03",
        "/a2d/664/0084-02"
      ]
    },
    {
      "cite": "541 Pa. 424",
      "category": "reporters:state",
      "reporter": "Pa.",
      "case_ids": [
        470769,
        470818
      ],
      "year": 1995,
      "pin_cites": [
        {
          "parenthetical": "legislative intent is not to promulgate a statute that effectuates an absurd or unreasonable result"
        }
      ],
      "opinion_index": 0,
      "case_paths": [
        "/pa/541/0424-01",
        "/pa/541/0424-02"
      ]
    },
    {
      "cite": "661 A.2d 1355",
      "category": "reporters:state_regional",
      "reporter": "A.2d",
      "case_ids": [
        7884387,
        470788,
        470813,
        7884551
      ],
      "weight": 2,
      "year": 1995,
      "pin_cites": [
        {
          "page": "1360",
          "parenthetical": "citations omitted"
        }
      ],
      "opinion_index": 0,
      "case_paths": [
        "/a2d/661/1355-01",
        "/pa/541/0148-01",
        "/pa/541/0147-01",
        "/a2d/661/1355-02"
      ]
    },
    {
      "cite": "541 Pa. 148",
      "category": "reporters:state",
      "reporter": "Pa.",
      "case_ids": [
        470788
      ],
      "year": 1995,
      "pin_cites": [
        {
          "page": "157",
          "parenthetical": "citations omitted"
        }
      ],
      "opinion_index": 0,
      "case_paths": [
        "/pa/541/0148-01"
      ]
    },
    {
      "cite": "729 A.2d 555",
      "category": "reporters:state_regional",
      "reporter": "A.2d",
      "case_ids": [
        607091,
        11620638
      ],
      "year": 1999,
      "pin_cites": [
        {
          "page": "559",
          "parenthetical": "emphasis supplied"
        }
      ],
      "opinion_index": 0,
      "case_paths": [
        "/pa/556/0489-01",
        "/a2d/729/0555-01"
      ]
    },
    {
      "cite": "556 Pa. 489",
      "category": "reporters:state",
      "reporter": "Pa.",
      "case_ids": [
        607091
      ],
      "year": 1999,
      "pin_cites": [
        {
          "parenthetical": "emphasis supplied"
        }
      ],
      "opinion_index": 0,
      "case_paths": [
        "/pa/556/0489-01"
      ]
    }
  ],
  "analysis": {
    "cardinality": 620,
    "char_count": 11232,
    "ocr_confidence": 0.764,
    "pagerank": {
      "raw": 4.03580807328026e-08,
      "percentile": 0.24145037027255256
    },
    "sha256": "ae85e11f3f59f37f7bf41fb804bffb63cdc4573e52961538997314246b0f0374",
    "simhash": "1:17b20e8d0d9a1fca",
    "word_count": 1839
  },
  "last_updated": "2024-02-27T20:43:11.594425+00:00",
  "provenance": {
    "date_added": "2019-08-29",
    "source": "Harvard",
    "batch": "2018"
  },
  "casebody": {
    "judges": [
      "Before KELLY, J., CERCONE, President Judge Emeritus, and MONTEMURO, J"
    ],
    "parties": [
      "Krzysztof KIEC and Krystyna Kiec, his wife, Appellants, v. Nina E. SHERRERD, Executrix of the Estate of Joseph H. Kriss, Deceased, Appellee."
    ],
    "opinions": [
      {
        "text": "CERCONE, President Judge Emeritus:\n\u00b6 1 This is an appeal from an order finalizing an adjudication and decree nisi entered in the Court of Common Pleas of Carbon County following the denial of Appellants\u2019 post-trial motions. We reverse and remand for proceedings consistent with this Opinion.\n\u00b6 2 The relevant facts as revealed in the record provide that in December of 1986 the Kiecs, Appellants, entered into a purchase agreement with Joseph and Lillie Kriss to buy lot # 604 in Kriss Pines Estates in Franklin Township of Carbon County. The purchase price was $15,-500.00 and was to be paid in monthly installments over a five (5) year period with an interest rate of nine (9) percent. As Appellants made their final payment in January of 1992, the deed of lot # 604 was executed, delivered and recorded in early February of 1992. Soon thereafter, in an attempt to sell lot # 604, Appellants were informed upon contacting a real estate broker that they would have to furnish a prospective buyer with a permit for an on-site sewage system. After Appellants applied for an on-site sewage permit in November of 1992, two percolation tests were completed but were denied since no suitable area could be determined. Because Lillie Kriss died in November of 1992 and Joseph Kriss died in November of 1994, Appellee, Nina Sherrerd, was appointed Executrix of Joseph\u2019s estate.\n\u00b6 3 In. an attempt to cancel the deed and recover the purchase price of lot # 604, Appellants instituted a suit in Equity Court in Carbon County Civil Division. The matter was heard before the Honorable John P. Lavelle, President Judge, on September 16, 1997. On January 13, 1998 the Chancellor entered an adjudication and a decree nisi denying Appellants their requested relief. Following the denial of Appellants\u2019 post-trial motions, the decree nisi was finalized. This appeal followed.\nAppellants raise four (4) issues for our review:\n1. Did the Chancellor err in determining, in the circumstances of this case, that the plaintiffs-buyers failed to meet their burden of proof that they were fraudulently induced into purchasing the lot involved?\n2. Did the Chancellor err in determining that the vendors\u2019 contract for the sale of the lot involved complied with the vendors\u2019 statutory duty to disclose the facts specified by the statute?\n3. Did the chancellor err in determining that the vendors\u2019 contract for the sale of the lot involved shows that the vendors did not deliberately conceal facts which the vendors were required by the statute to disclose?\n4. Did the Chancellor err in determining, in the circumstances of this case, that the plaintiffs failed to prove a violation of the Pennsylvania Unfair Trade Practices and Consumer Protection Law?\nAppellants\u2019 Brief at 4. Our Supreme Court recently reiterated an appellate court\u2019s standard of review of a final decree by stating:\nthe findings of the Chancellor will not be reversed unless it appears that he has clearly abused his discretion or committed an error of law. Where credibility of witnesses is important to the determination, the Chancellor\u2019s findings are entitled to particular weight because of his opportunity to observe their demeanor. Where a reading of the record reasonably can be said to reflect the conclusions reached by the Chancellor, a reviewing court may not substitute its judgment for that of the Chancellor. A reviewing court, however, is not bound by findings which are without support in the record or have merely been derived from other facts.\nBortz v. Noon, 556 Pa. 489,-, 729 A.2d 555, 559 (1999) (emphasis supplied) (citations omitted).\n\u00b6 4 The interpretation of the Pennsylvania Sewage Facilities Act, particularly Section 750.7a, and the parties\u2019 sales agreement involving lot # 604 are the linchpin in determining the outcome of this matter. Specifically, Section 750.7a provides:\n(a) Every contract for the sale of a lot defined in section 2 for which there is no currently existing community sewage system available shall contain a statement in the contract clearly indicating to the buyer that there is no community sewage system available and that a permit for an individual sewage system will have to be obtained pursuant to section 7. The contract shall also clearly state that the buyer should contact the local agency charged with administering this act before signing the contract to determine the procedure and requirements for obtaining a permit for an individual sewage system if one has not already been obtained. For purposes of this section the terms \u201ccommunity sewage system\u201d and \u201cindividual sewage system\u201d shall be construed to exclude any drainage system for the control of surface water or the control of storm runoff water.\n(b) any contract for the sale of a lot which does not conform to the requirements of subsection (a) shall not be enforceable by the seller against the buyer. Any term of such contract purporting to waive the rights of the buyer to the disclosures required in subsection (a) shall be void.\n35 P.S. Section 750.2.\n35 P.S. Section 750.7.\n35 P.S. Section 750.7a (footnotes in original). In construing the terms of a statute we are mindful that:\n(a) [t]he object of all interpretation and construction of statutes is to ascertain and effectuate the intention of the General Assembly. Every statute shall be construed, if possible, to give effect to all its provisions.\n(b) [w]hen the words of a statute are clear and free from all ambiguity, the letter of it is not to be disregarded under the pretext of pursuing its spirit.\n1 Pa.C.S.A. Section 1921(a) & (b).\n\u00b6 5 In light of this provision, our Supreme Court has held that:\n[t]he object of all statutory interpretation is to ascertain and effectuate the intention of the General Assembly. Regardless, when the words of the statute are free and clear from all ambiguity, we will not disregard the letter of the law under the pretext of pursuing its spirit.\nMarkle v. W.C.A.B., 541 Pa. 148, 157, 661 A.2d 1355, 1360 (1995) (citations omitted). Also, it is a clear presumption \u201cthat the General Assembly does not intend a result that is absurd, impossible of execution or unreasonable.\u201d 1 Pa.C.S.A. Section 1922(1). In fact, it is presumed further \u201cthat the General Assembly intends the entire statute to be effective and certain.\u201d Id., at (2), See Pennsylvania Financial Responsibility Assigned Claims Plan v. English, 541 Pa. 424, 664 A.2d 84 (1995) (legislative intent is not to promulgate a statute that effectuates an absurd or unreasonable result).\n\u00b6 6 Accordingly, in applying the aforementioned principles in interpreting the pertinent section of the Sewage Facilities Act, it is clear that in regard to a land sales contract it is mandatory that: 1) if a community sewage system does not exist currently for the lot, the buyer shall be informed that a permit for an individual sewage system must be obtained; 2) the contract shall state clearly that the buyer should contact the agency responsible for administering the Act before signing the agreement to determine the requisite actions that must be taken so as to obtain a permit for an individual sewage system, if one has not been secured already. 35 P.S. Section 750.7a.(a). Moreover, the Act is clear that non-compliance with subsection (a) shall render the sales contract unenforceable by the seller against the buyer. Id., (b). The Chancellor ruled that paragraph 8 of the parties\u2019 agreement of sale complied with the Sewage Facilities Act and put Appellants on notice that \u201cthe lot they were buying would require an individual sewage system, that the system had to comply with state and local laws, and the language alerted them to contact state and local health authorities.\u201d Trial Court Opinion, 1/13/98, at 10.\n\u00b6 7 The pertinent paragraph of the sale\u2019s agreement reads:\n[n]o individual sewage disposal system shall be permitted on any lot or building site unless such system is designated, located and constructed in accordance with the requirements, standards and recommendations of the State or local public health authorities.\nParties\u2019 Agreement of Sale, 12/26/86, at Paragraph 8. In comparing paragraph 8 to the mandates set forth in the Act, we conclude that this paragraph fails to disclose clearly to the prospective buyer that lot # 604 does not contain a community sewage system and that the buyer will have to obtain a permit for an individual sewage system. Also, the contract does not state clearly that the buyer of the lot should contact the local agency charged with administering the Act before the signing the contract in order to determine the process and procedure involved in securing a permit for an individual sewage system, if a permit has not been obtained already. Clearly the Act sets forth specific terms and requirements for a land sale contract and paragraph 8 of Appellants\u2019 agreement falls far short of what is required. See 35 P.S. Section 750.7a.\n\u00b6 8 Although not necessarily binding on this Court, we find the Commonwealth\u2019s Court\u2019s decision in case of Lake Homes, Inc. v. Hesser, instructive in that the Court affirmed the trial court\u2019s grant of a summary judgment because the land sale agreement did not contain the notice required under the Pennsylvania Sewage Facilities Act informing the buyer that a community sewage system was not available currently. See Lake Homes, Inc. v. Hesser, 167 Pa.Cmwlth. 440, 648 A.2d 366 (1994). We believe that this is the same situation in this matter, and that paragraph 8 of the sales agreement does not remedy the lack of notice required under the Pennsylvania Sewage Facilities Act. Accordingly, we are compelled to reverse the Trial Court in this matter. Thus, we cancel Appellants\u2019 deed to lot # 604 and rescind the contract of sale. We direct the Chancellor to conduct a hearing to determine Appellants\u2019 monetary expenditures regarding lot # 604, including but not limited to, the purchase price, interest, costs and taxes as well as the authority to grant such further relief as the Chancellor deems fair, just and equitable.\n\u00b6 9 Order vacated. Remanded for proceedings ..consistent with this Opinion. Superior Court Jurisdiction relinquished.\n. Due to the Chancellor\u2019s error in interpreting the Pennsylvania Sewage Facilities Act, 35 P.S. Section 750.1 et seq., we need not decide all of Appellants\u2019 issues before this tribunal.\n. We are cognizant of the fact that Appellees raise an issue of res judicata alleging that the issues before this tribunal are the same as those regarding a matter involving another purchase of land between the parties. Since the land agreements involve two separate parcels of land and were commenced two years apart, clearly the doctrine of res judicata is not applicable. See McArdle v. Tronetti, 426 Pa.Super. 607, 627 A.2d 1219 (1993).",
        "type": "majority",
        "author": "CERCONE, President Judge Emeritus:"
      }
    ],
    "attorneys": [
      "Leon H. Kline, Philadelphia and Charles A. Banta, Easton, for appellants.",
      "William G. Schwab, Lehighton, for ap-pellee."
    ],
    "corrections": "",
    "head_matter": "Krzysztof KIEC and Krystyna Kiec, his wife, Appellants, v. Nina E. SHERRERD, Executrix of the Estate of Joseph H. Kriss, Deceased, Appellee.\nSuperior Court of Pennsylvania.\nSubmitted March 1, 1999.\nFiled June 8, 1999.\nLeon H. Kline, Philadelphia and Charles A. Banta, Easton, for appellants.\nWilliam G. Schwab, Lehighton, for ap-pellee.\nBefore KELLY, J., CERCONE, President Judge Emeritus, and MONTEMURO, J\nRetired Justice assigned to the Superior Court."
  },
  "file_name": "1271-01",
  "first_page_order": 1303,
  "last_page_order": 1306
}
