{
  "volume_number": "38",
  "title": null,
  "publisher": "Government Printing Office",
  "publication_year": 1951,
  "start_year": 1950,
  "end_year": 1951,
  "series_volume_number": "",
  "jurisdictions": [
    {
      "id": 39,
      "name": "U.S.",
      "name_long": "United States"
    }
  ],
  "id": "NOTALEPH001609",
  "harvard_hollis_id": "000455582",
  "spine_start_year": 1950,
  "spine_end_year": 1951,
  "publication_city": "Washington, DC",
  "second_part_of_id": "NOTALEPH001610",
  "redacted": true,
  "nominative_reporter": null
}
