{
  "id": 8081331,
  "name": "John TRADER, Defendant Below, Appellant, v. GRAMPP BUILDERS, INC., a Delaware corporation, Plaintiff Below, Appellee",
  "name_abbreviation": "Trader v. Grampp Builders, Inc.",
  "decision_date": "1970-02-26",
  "docket_number": "",
  "first_page": "304",
  "last_page": "305",
  "citations": [
    {
      "type": "official",
      "cite": "263 A.2d 304"
    }
  ],
  "court": {
    "name_abbreviation": "Del. Super. Ct.",
    "id": 9286,
    "name": "Delaware Superior Court"
  },
  "jurisdiction": {
    "id": 8,
    "name_long": "Delaware",
    "name": "Del."
  },
  "cites_to": [
    {
      "cite": "76 A. 621",
      "category": "reporters:state_regional",
      "reporter": "A.",
      "pin_cites": [
        {
          "page": "623"
        }
      ],
      "opinion_index": 0
    },
    {
      "cite": "7 Pennewill 115",
      "category": "reporters:state",
      "reporter": "Pennewill",
      "opinion_index": 0
    },
    {
      "cite": "84 A. 5",
      "category": "reporters:state_regional",
      "reporter": "A.",
      "pin_cites": [
        {
          "page": "6"
        }
      ],
      "opinion_index": 0
    },
    {
      "cite": "3 Boyce 349",
      "category": "reporters:state",
      "reporter": "Boyce",
      "case_ids": [
        92158
      ],
      "opinion_index": 0,
      "case_paths": [
        "/del/26/0349-01"
      ]
    }
  ],
  "analysis": {
    "cardinality": 332,
    "char_count": 5142,
    "ocr_confidence": 0.834,
    "pagerank": {
      "raw": 4.03580807328026e-08,
      "percentile": 0.20076962015932204
    },
    "sha256": "aa257b53514ccbd279f5813015c32664a53d563be27b4b960933b56473651597",
    "simhash": "1:5851aebd010e2164",
    "word_count": 816
  },
  "last_updated": "2024-02-27T16:55:56.950360+00:00",
  "provenance": {
    "date_added": "2019-08-29",
    "source": "Harvard",
    "batch": "2018"
  },
  "casebody": {
    "judges": [],
    "parties": [
      "John TRADER, Defendant Below, Appellant, v. GRAMPP BUILDERS, INC., a Delaware corporation, Plaintiff Below, Appellee."
    ],
    "opinions": [
      {
        "text": "OPINION\nSTOREY, Judge.\nThis is an appeal by defendant owner from a decision of the Court of Common Pleas awarding plaintiff builder two-thirds of the amount claimed under an agreement for construction of a barn roof, and denying defendant\u2019s counterclaim for re-coupment of the cost of materials furnished and removal of the building as completed. Evidence below indicated an agreement whereby plaintiff was to supply the labor and defendant the materials for construction of a barn roof on defendant\u2019s foundation. Although during the course of construction defendant advanced $400.00 to plaintiff, upon completion of the roof defendant refused to pay the balance due, alleging defects in workmanship in the construction of the roof. To plaintiff\u2019s claim of $787.00 for the balance due, defendant counterclaimed for $1,000.00, said sum representing the cost to defendant of the material provided and removal of the structure as built by plaintiff. Included in the evidence at trial was the testimony of both parties to the controversy. Plaintiff\u2019s president testified that there were no plans for the structure nor any specifications provided, that defendant was present at the job site daily making specific requests concerning construction, that these and other requests concerning alleged defects were complied with, and that except for the $400.00, he had not been paid. Defendant testified that, although he had some building experience, he did not direct the construction, that the roof, upon completion, leaked due to improper spacing and plumbing of the rafters, that the doors did not fit and that in general the workmanship was so faulty as to render the barn unusable and require its removal and reconstruction. In rendering its decision, the Court of Common Pleas stated that it had considered the following factors: That defendant had some building experience and had rendered some inspection, correction and supervision; that there had been no repairs to the barn for a whole year; and that the building was not built in the best or proper workmanlike manner.\nThe issue in this case is whether a builder whose product contains defects in workmanship is barred from recovery under a construction contract when the owner of the object of the contract has participated in inspection, correction and supervision of the construction and where the object of the contract has been used without repairs by the owner for a year?\nAlthough a builder may not have satisfactorily performed a construction contract in every particular, \u201cthe American courts are united in holding that a substantial performance of a building or construction contract will support a recovery * * * \u201d, 13 Am.Jur.2d 44, Building and Construction Contracts, Sec. 41. That Delaware likewise follows this rule is indicated by the language in headnote 8 of Hawthorne v. Murray, 3 Boyce 349, 84 A. 5, 6 (Del.Super.1912):\n\u201cWhere a building contractor furnishes work, labor, and material of use to the owner, though inferior to that agreed upon, he may recover their reasonable worth subject to a deduction for damages suffered by the owner from the noncompliance with the contract.\u201d\nSee also Bye v. George W. McCaulley & Son Co., 7 Pennewill 115, 76 A. 621, 623 (Del.Super.1908). As further stated in Sec. 43, 13 Am.Jur.2d 46, Building and Construction Contracts:\n\u201cWhile it is difficult to state what the term \u2018substantial performance\u2019 or \u2018substantial compliance\u2019 as applied to building and construction contracts means, inasmuch as the term is a relative one and the extent of the nonperformance must be viewed in relation to the full performance promised, it may be stated generally that there is substantial performance of such a contract where all the essentials necessary to the full accomplishment of the purposes for which the thing contracted for has been constructed are performed with such an approximation to complete performance that the owner obtains substantially what is called for by the contract.\u201d\n\u00edj\u00ed \u2021 * \u2021 ij< sfi\n\u201cIn the last analysis, the question as to whether there has been substantial performance is one of fact for the trier of fact, * * * \u201d\nThe Court of Common Pleas, as the trier of fact and after consideration of the degree of inspection, correction and supervision by defendant as well as failure to repair the barn for a year, found substantial performance on the part of plaintiff and awarded judgment less damages for faulty workmanship. It appears to this Court that there is sufficient evidence in the record to support the findings of fact made by the Court below, and that that Court\u2019s application of the law to those facts was not incorrect. Accordingly, the Court of Common Pleas\u2019 judgment for plaintiff in the amount of two-thirds of the amount prayed for is affirmed.\nIt is so ordered.",
        "type": "majority",
        "author": "STOREY, Judge."
      }
    ],
    "attorneys": [
      "A. Richard Barros, of Brown, Shiels & Barros, Dover, for defendant below, appellant.",
      "Nicholas H. Rodriguez, of Schmittinger & Rodriguez, Dover, for plaintiff below, appellee."
    ],
    "corrections": "",
    "head_matter": "John TRADER, Defendant Below, Appellant, v. GRAMPP BUILDERS, INC., a Delaware corporation, Plaintiff Below, Appellee.\nSuperior Court of Delaware, Kent.\nFeb. 26, 1970.\nA. Richard Barros, of Brown, Shiels & Barros, Dover, for defendant below, appellant.\nNicholas H. Rodriguez, of Schmittinger & Rodriguez, Dover, for plaintiff below, appellee."
  },
  "file_name": "0304-01",
  "first_page_order": 336,
  "last_page_order": 337
}
