{
  "id": 9375975,
  "name": "Otis M. JONES, Appellant, v. UNITED STATES, Appellee",
  "name_abbreviation": "Jones v. United States",
  "decision_date": "2002-12-31",
  "docket_number": "No. 00-CF-1109",
  "first_page": "220",
  "last_page": "227",
  "citations": [
    {
      "type": "official",
      "cite": "813 A.2d 220"
    }
  ],
  "court": {
    "name_abbreviation": "D.C.",
    "id": 11933,
    "name": "District of Columbia Court of Appeals"
  },
  "jurisdiction": {
    "id": 56,
    "name_long": "District of Columbia",
    "name": "D.C."
  },
  "cites_to": [
    {
      "cite": "347 Md. 363",
      "category": "reporters:state",
      "reporter": "Md.",
      "case_ids": [
        1024296
      ],
      "weight": 2,
      "opinion_index": 0,
      "case_paths": [
        "/md/347/0363-01"
      ]
    },
    {
      "cite": "561 S.E.2d 64",
      "category": "reporters:state_regional",
      "reporter": "S.E.2d",
      "case_ids": [
        1067864
      ],
      "opinion_index": 0,
      "case_paths": [
        "/ga/274/0787-01"
      ]
    },
    {
      "cite": "707 A.2d 1301",
      "category": "reporters:state_regional",
      "reporter": "A.2d",
      "case_ids": [
        11867160
      ],
      "pin_cites": [
        {
          "page": "1305"
        }
      ],
      "opinion_index": 0,
      "case_paths": [
        "/a2d/707/1301-01"
      ]
    },
    {
      "cite": "698 A.2d 1007",
      "category": "reporters:state_regional",
      "reporter": "A.2d",
      "case_ids": [
        12012906
      ],
      "opinion_index": 0,
      "case_paths": [
        "/a2d/698/1007-01"
      ]
    },
    {
      "cite": "668 A.2d 871",
      "category": "reporters:state_regional",
      "reporter": "A.2d",
      "case_ids": [
        7869862
      ],
      "opinion_index": 0,
      "case_paths": [
        "/a2d/668/0871-01"
      ]
    },
    {
      "cite": "630 A.2d 202",
      "category": "reporters:state_regional",
      "reporter": "A.2d",
      "case_ids": [
        11318222
      ],
      "weight": 6,
      "pin_cites": [
        {
          "page": "210",
          "parenthetical": "citation omitted"
        },
        {
          "page": "210"
        }
      ],
      "opinion_index": 0,
      "case_paths": [
        "/a2d/630/0202-01"
      ]
    },
    {
      "cite": "520 U.S. 461",
      "category": "reporters:federal",
      "reporter": "U.S.",
      "case_ids": [
        11652245
      ],
      "weight": 3,
      "year": 1997,
      "pin_cites": [
        {
          "page": "466-67"
        }
      ],
      "opinion_index": 0,
      "case_paths": [
        "/us/520/0461-01"
      ]
    },
    {
      "cite": "606 A.2d 139",
      "category": "reporters:state_regional",
      "reporter": "A.2d",
      "case_ids": [
        11301855
      ],
      "pin_cites": [
        {
          "page": "144"
        }
      ],
      "opinion_index": 0,
      "case_paths": [
        "/a2d/606/0139-01"
      ]
    },
    {
      "cite": "445 A.2d 975",
      "category": "reporters:state_regional",
      "reporter": "A.2d",
      "case_ids": [
        8003236
      ],
      "weight": 2,
      "pin_cites": [
        {
          "parenthetical": "citations omitted"
        }
      ],
      "opinion_index": 0,
      "case_paths": [
        "/a2d/445/0975-01"
      ]
    },
    {
      "cite": "470 A.2d 751",
      "category": "reporters:state_regional",
      "reporter": "A.2d",
      "case_ids": [
        7991970
      ],
      "pin_cites": [
        {
          "page": "753"
        }
      ],
      "opinion_index": 0,
      "case_paths": [
        "/a2d/470/0751-01"
      ]
    },
    {
      "cite": "687 A.2d 1348",
      "category": "reporters:state_regional",
      "reporter": "A.2d",
      "case_ids": [
        7365756
      ],
      "pin_cites": [
        {
          "page": "1352"
        }
      ],
      "opinion_index": 0,
      "case_paths": [
        "/a2d/687/1348-01"
      ]
    },
    {
      "cite": "690 A.2d 479",
      "category": "reporters:state_regional",
      "reporter": "A.2d",
      "case_ids": [
        11923745
      ],
      "pin_cites": [
        {
          "page": "483"
        }
      ],
      "opinion_index": 0,
      "case_paths": [
        "/a2d/690/0479-01"
      ]
    },
    {
      "cite": "27 F.3d 586",
      "category": "reporters:federal",
      "reporter": "F.3d",
      "case_ids": [
        5706377,
        10528572
      ],
      "year": 1994,
      "pin_cites": [
        {
          "page": "592"
        }
      ],
      "opinion_index": 0,
      "case_paths": [
        "/us-app-dc/307/0136-01",
        "/f3d/27/0586-01"
      ]
    },
    {
      "cite": "307 U.S.App.D.C. 136",
      "category": "reporters:state",
      "reporter": "U.S. App. D.C.",
      "case_ids": [
        5706377
      ],
      "year": 1994,
      "pin_cites": [
        {
          "page": "142"
        }
      ],
      "opinion_index": 0,
      "case_paths": [
        "/us-app-dc/307/0136-01"
      ]
    },
    {
      "cite": "656 A.2d 1185",
      "category": "reporters:state_regional",
      "reporter": "A.2d",
      "case_ids": [
        7885223
      ],
      "opinion_index": 0,
      "case_paths": [
        "/a2d/656/1185-01"
      ]
    },
    {
      "cite": "617 A.2d 185",
      "category": "reporters:state_regional",
      "reporter": "A.2d",
      "case_ids": [
        7930888
      ],
      "weight": 2,
      "pin_cites": [
        {
          "page": "189"
        }
      ],
      "opinion_index": 0,
      "case_paths": [
        "/a2d/617/0185-01"
      ]
    },
    {
      "cite": "813 A.2d 216",
      "category": "reporters:state_regional",
      "reporter": "A.2d",
      "case_ids": [
        9375923
      ],
      "opinion_index": 0,
      "case_paths": [
        "/a2d/813/0216-01"
      ]
    },
    {
      "cite": "797 A.2d 1233",
      "category": "reporters:state_regional",
      "reporter": "A.2d",
      "case_ids": [
        9436419,
        9436372
      ],
      "weight": 8,
      "pin_cites": [
        {
          "page": "1241"
        },
        {
          "page": "1245"
        },
        {
          "page": "1243-44"
        }
      ],
      "opinion_index": 0,
      "case_paths": [
        "/a2d/797/1233-02",
        "/a2d/797/1233-01"
      ]
    },
    {
      "cite": "556 A.2d 1076",
      "category": "reporters:state_regional",
      "reporter": "A.2d",
      "case_ids": [
        7902555
      ],
      "weight": 4,
      "pin_cites": [
        {
          "page": "1078"
        },
        {
          "page": "1079"
        }
      ],
      "opinion_index": 0,
      "case_paths": [
        "/a2d/556/1076-01"
      ]
    },
    {
      "cite": "785 A.2d 321",
      "category": "reporters:state_regional",
      "reporter": "A.2d",
      "case_ids": [
        9457835
      ],
      "pin_cites": [
        {
          "page": "326-27"
        }
      ],
      "opinion_index": 0,
      "case_paths": [
        "/a2d/785/0321-01"
      ]
    },
    {
      "cite": "507 U.S. 725",
      "category": "reporters:federal",
      "reporter": "U.S.",
      "case_ids": [
        6237509
      ],
      "weight": 3,
      "year": 1993,
      "pin_cites": [
        {
          "page": "731-32"
        }
      ],
      "opinion_index": 0,
      "case_paths": [
        "/us/507/0725-01"
      ]
    },
    {
      "cite": "705 A.2d 1100",
      "category": "reporters:state_regional",
      "reporter": "A.2d",
      "case_ids": [
        11876150
      ],
      "weight": 3,
      "pin_cites": [
        {
          "page": "1104"
        },
        {
          "page": "1104",
          "parenthetical": "citations omitted"
        }
      ],
      "opinion_index": 0,
      "case_paths": [
        "/a2d/705/1100-01"
      ]
    }
  ],
  "analysis": {
    "cardinality": 942,
    "char_count": 19206,
    "ocr_confidence": 0.715,
    "pagerank": {
      "raw": 1.8447770892423152e-07,
      "percentile": 0.7226695455989905
    },
    "sha256": "f76a6d42a984eb99288dcb8b58a621abaab5f29a83225f2e196f9075293bf842",
    "simhash": "1:e6b3496b5c17b6e2",
    "word_count": 3166
  },
  "last_updated": "2024-02-27T16:21:47.761832+00:00",
  "provenance": {
    "date_added": "2019-08-29",
    "source": "Harvard",
    "batch": "2018"
  },
  "casebody": {
    "judges": [
      "Before WAGNER, Chief Judge, and REID and GLICKMAN, Associate Judges."
    ],
    "parties": [
      "Otis M. JONES, Appellant, v. UNITED STATES, Appellee."
    ],
    "opinions": [
      {
        "text": "REID, Associate Judge.\nAppellant Otis M. Jones was convicted of first-degree cruelty to children, in violation of D.C.Code \u00a7 22-901(a) (1996), reco-dified at \u00a7 22-1101(a) (2001); and second-degree cruelty to children, in violation of \u00a7 22-901(b), recodified at \u00a7 22-1101(b). He contends on appeal that the trial court: (1) improperly instructed the jury on the offense of cruelty to children by failing to include malice as an element of the offense; and (2) committed reversible error by admitting hearsay statements made by his son, under the medical diagnosis exception to the hearsay rule. We hold that the trial court did not err, let alone plainly err in instructing the jury as to the statutory offenses of first- and second-degree cruelty to children, because malice is not an element of the current cruelty to children statute; rather, to satisfy the mens rea requirement, the government need only show that a defendant acted \u201cintentionally, knowingly or recklessly.\u201d We further reaffirm our prior holding that the government is not required to show malice in order to defeat the parental discipline defense to the charge of cruelty to children. Finally, we conclude that the trial judge did not err in admitting the statements T.J. made at the hospital because those statements fell within the medical diagnosis and treatment exception to the hearsay rule.\nFACTUAL SUMMARY\nThe government\u2019s evidence presented at trial showed that Mr. Jones decided to discipline his ten-year-old son, T.J., on October 12, 1999, because of behavioral problems at school. After his girlfriend, with whom he and his son lived, left their residence, Mr. Jones secured his son\u2019s hands with duct tape and, as he put it during his testimony at trial, \u201cwhooped\u201d him. T.J. defecated on himself. After beating T.J., Mr. Jones took pictures of him in the nude and threatened to embarrass T.J. by sending the pictures to T.J.\u2019s school. When his girlfriend returned to the apartment, she smelled feces as she entered, and Mr. Jones showed her the pictures he had taken of T.J. T.J. complained of a bruise on his arm.\nThe following day, T.J. went to school, and from there was taken to the Children\u2019s National Medical Center. There he was seen by Dr. Christina Johns, an Emergency Department physician. T.J. told Dr. Johns \u201cthat his father tied his hands with tape and hit him with a wire brush.\u201d He was hit \u201ca lot\u201d of times. Based on a medico-legal form that had been completed while T.J. was at the hospital, Dr. Johns testified that T.J. \u201chad multiple contusions, multiple bruises, in scattered places on his body,\u201d including a bruise on his face, and contusions on his right shoulder and right thigh. There were \u201cred and purple marks, 8 by 10 centimeters, and contusions\u201d on his buttocks, and broken skin, or a laceration, also on his buttocks. In addition, Dr. Johns saw what appeared to be \u201cpieces or remnants of gray tape\u201d on the arms or wrists of T.J. T.J.\u2019s injuries were treated with ice, Motrin, Tylenol, and \u201csome local wound dressing.\u201d Detective Kimberly Mason-Robinson, who carried T.J. to the hospital, viewed his injuries at the hospital and photographed them.\nThe trial testimony of Mr. Jones was consistent in material respects with the statements Dr. Johns took from T.J. Mr. Jones admitted that he \u201cgrabbed a scrub brush,\u201d \u201cbonded [T.J.\u2019s] hands together ... and then spanked him on his behind.\u201d He acknowledged hitting T.J. at least 10 or 12 times and admitted that it was \u201cpossible but not likely\u201d that T.J. \u201cwas hit more than 12 times.\u201d\nANALYSIS\nMr. Jones first contends that the trial court failed to instruct the jury that \u201cthe government must prove ... that the defendant acted with \u2018malice\u2019 or out of a desire to inflict pain rather than out of genuine effort to correct [T.J.].... \u201d The government maintains that the trial court\u2019s instructions were correct, based on the version of the statute under which Mr. Jones was charged.\nBecause Mr. Jones\u2019 contention was not raised in the trial court, we review it for plain error. See Coates v. United States, 705 A.2d 1100, 1104 (D.C.1998); see also United States v. Olano, 507 U.S. 725, 731-32, 113 S.Ct. 1770, 123 L.Ed.2d 508 (1993); Wilson v. United States, 785 A.2d 321, 326-27 (D.C.2001). \u201cUnder the plain error standard, \u2018[t]he error must be: (1) obvious or readily apparent, and clear under current law; and (2) so clearly prejudicial to substantial rights as to jeopardize the very fairness and integrity of the trial.\u2019 \u201d Coates, supra, 705 A.2d at 1104 (citations omitted).\nIn this case, Mr. Jones was charged under a revised cruelty to children statute which divided this crime into two degrees \u2014 first- and second-degree cruelty to children, neither of which requires proof of malice. Rather, to prove the mens rea requirement of the revised statute, the prosecutor need only show that a defendant committed the offenses \u201cintentionally, knowingly or recklessly.\u201d D.C.Code \u00a7 22-1101.\nIn citing Carson v. United States, 556 A.2d 1076 (D.C.1989), Mr. Jones confounds the old version of the statute with the new one. Since no mens rea standard was set forth in the prior version, Carson, supra, looked, in part, to the common law and \u201ceonclud[ed] that the offense ... required] a showing of malice.\u201d Id. at 1078. In discussing malice in that case, we said, in part: \u201c[A] parent acts with malice when a parent acts out of a desire to inflict pain rather than out of genuine effort to correct the child, or when the parent, in a genuine effort to correct the child, acts with a conscious disregard that serious harm will result.\u201d Id. at 1079. Our decision in Newby v. United States, 797 A.2d 1233 (D.C.2002), signaled that \u201c[m]alice may or may not continue to be an element of cruelty to children .... \u201d Id. at 1241. However, we did not resolve in that case the issue of whether malice is an element of the current cruelty to children statute.\nWe now hold that malice is not an element of the 1994 amended version of the cruelty to children statute, D.C.Code \u00a7 22-1101; rather, the government need only show that a defendant acted \u201cintentionally, knowingly, or recklessly.\u201d See Gerald Smith v. United States, 813 A.2d 216 (D.C.2002). We also reaffirm our holding in Newby, supra, \u201cthat the government [is] not required to prove malice in order to rebut appellant\u2019s assertion of. the parental discipline defense.\u201d Id. at 1245.\nFurthermore, under our standard of review, we are satisfied that the trial court did not err, let alone plainly err in instructing the jury as to the mens rea element of D.C.Code \u00a7 22-1101. The trial judge stated:\nIntentionally or knowingly means that the defendant acted voluntarily and on purpose, not by mistake or accident. Recklessly means that the defendant was aware of and disregarded the grave risk of bodily harm created by his conduct.\nThis precise instruction is set forth in CRIMINAL JURY INSTRUCTIONS FOR THE DISTRICT OF COLUMBIA, No. 4.13 (4th ed. 1996 Supp.). Moreover, the definition of \u201cintentionally or knowingly\u201d which appears in jury instruction No. 4.13 is consistent with our determination in Campos v. United States, 617 A.2d 185 (D.C.1992), that \u201cintentionally or knowingly\u201d refers to an act that \u201cwas deliberate or on purpose, not accidental,\u201d id. at 189; see Schafer v. United States, 656 A.2d 1185, 1188 n. 9 (D.C.1995) (\u201c\u2018An act is done knowingly if done voluntarily and purposely, and not because of mistake, inadvertence or accident.\u2019 \u201d) (quoting United States v. Kleinbart, 307 U.S.App.D.C. 136, 142, 27 F.3d 586, 592 (1994)). Similarly, the definition of recklessness in jury instruction No. 4.13 is consistent with the usual meaning of that term. See, e.g., Thompson v. United States, 690 A.2d 479, 483 (D.C.1997) (\u201c[A] defendant is ... \u2018reckless\u2019 only if he intentionally does an act with a willful disregard of its potential consequences.\u201d); cf. Model Penal Code \u00a7 2.02(2)(c), quoted in the commentary to jury instruction No. 4.13: \u201cA person acts recklessly with respect to a material element of an offense when he consciously disregards a substantial and unjustifiable risk that the material element exists or will result from his conduct.\u201d\nIn short, the plain meaning of the words \u201cintentionally, knowingly, or recklessly,\u201d as used in \u00a7 22-1101, does not connote \u201cmalice\u201d or \u201cevil intent.\u201d See Rider v. United States, 687 A.2d 1348, 1352 (D.C.1996) (\u201cIn examining statutory language, \u2018the words of the statute should be construed according to their ordinary sense and with the meaning commonly attributed to them.\u2019 \u201d) (quoting Peoples Drug Stores, Inc. v. District of Columbia, 470 A.2d 751, 753 (D.C.1983) (en banc)). Since the trial court\u2019s instruction as to D.C.Code \u00a7 22-1101 reflected the \u201cordinary sense\u201d of \u201cintentionally, knowingly, or recklessly,\u201d and \u201cthe meaning commonly attributed to them,\u201d we detect no error, let alone plain error, with respect to that instruction.\nAs his second contention, Mr. Jones asserts that the trial court improperly permitted the government to introduce hearsay statements attributed to his son, T.J., because they \u201cwere not made ... for the purpose of obtaining medical treatment or diagnosis that would facilitate effective medical treatment,\u201d but \u201cwere made for the purpose of examination and/or investigation of suspected child abuse.\u201d The record reveals that this specific argument was not made in the trial court.\nPrior to examining Dr. Johns, the prosecutor made the following proffer:\n[T]he proffer is on the back of the medicolegal form. Except for the part of dropping him on his head that the government agreed not to bring out, it is [that the] father tied [T.J.\u2019s] arms behind his back with duct tape and hit him with a wire \u2014 hit him with a wire brush all over his body, stomach, buttocks, arms. Hit him more than 20 times. Took pictures of him using the bathroom naked .... He hit him in the past. Also hit him with a belt Friday and hits him once a month with a belt or brush.\nIn response, defense counsel \u201cobjected] to anything that was said after she observed him and looked at him.\u201d He added, \u201cwhat I believe [the prosecutor] is trying to [do is] to bring in these statements as hearsay in that they were used to help the doctor determine the treatment. So I would like to ascertain whether or not this statement was taken from the child, whether it was taken from someone else, when it was given to the doctor.\u201d The government responded: \u201cThe proffer is ... that she takes a complete history ... [fjrom the child. That she uses that history to diagnose and treat [hi]m.\u201d Defense counsel made no response to the government\u2019s proffer.\nThe government contends that Mr. Jones did not preserve in the trial court the specific objection to the admissibility of T.J.\u2019s statements through Dr. Johns that he now presents to this court, and thus, our review is governed by the plain error standard. \u201cIt is settled ... that a party objecting to evidence must make known to the court and opposing party the specific portion of the testimony that is objectionable and the precise ground on which the party is basing his objection.\u201d Williamson v. United States, 445 A.2d 975, 980 n. 5 (D.C.1982). Furthermore, \u201c[g]rounds not raised in trial court will not require reversal on appeal, absent \u2018plain error.\u2019 \u201d Id. (citations omitted). See Hunter v. United States, 606 A.2d 139, 144 (D.C(1992) (\u201cIf the point was not preserved ..., we review for plain error.\u201d); Newby, supra, 797 A.2d at 1237 n. 1 (If an appellant demonstrates trial court error that is \u201c \u2018plain\u2019 \u201d and \u201c \u2018affects substantial rights ... an appellate court may then exercise its discretion to notice a forfeited error, but only if [] the error seriously affects the fairness, integrity or public reputation of judicial proceedings.\u2019 \u201d) (quoting Johnson v. United States, 520 U.S. 461, 466-67, 117 S.Ct. 1544, 137 L.Ed.2d 718 (1997)).\nEven assuming that Mr. Jones preserved his objection, we are satisfied that admission of Dr. Johns\u2019 testimony as to what T.J. stated in explaining the causes of his injury while he sought medical treatment did not constitute error. This jurisdiction recognizes the medical diagnosis and treatment exception to the hearsay rule. In Galindo v. United States, 630 A.2d 202 (D.C.1993), we said: \u201cUnder the medical diagnosis exception to the hearsay rule, statements made by a patient for purposes of obtaining medical treatment are admissible for their truth because the law is willing to assume that a declarant seeking medical help will speak truthfully to medical personnel.\u201d Id. at 210 (citation omitted). We rejected as \u201cunpersuasive\u201d \u201c[a]ppellant\u2019s suggestion that the visit to the doctor was prompted by legal rather than treatment incentives .... \u201d Id. We \u201crecognized that statements [made to a doctor] about the cause of injuries fall within the medical diagnosis exception to the hearsay rule because explaining the cause of injuries may facilitate treatment.\u201d Id. Similarly, \u201cstatements in a complainant\u2019s hospital records about the injured party\u2019s explanation of the cause of the injury\u201d fall within the exception. Id.; see Barrera v. Wilson, 668 A.2d 871 (D.C.1995). And, the statements attributed to the victim seeking medical treatment relating to the \u201cpsychological and emotional consequences\u201d of the abuse, as well as the physical injuries, may also be admitted under the medical diagnosis and treatment exception to the hearsay rule. See Galindo, supra, 630 A.2d at 210.\nT.J.\u2019s statements that his \u201cfather tied [his] arms behind his back with duct tape and ... hit him with a wire brush all over his body, stomach, buttocks, arms ... Land that] [h]e hit him in the past ...\u201d all fall within the medical diagnosis and treatment exception to the hearsay rule. Therefore, the trial court committed no error in admitting these statements into evidence through the testimony of Dr. Johns.\nAccordingly, for the foregoing reasons, we affirm the judgment of the trial court.\nSo ordered.\n. The trial court granted Mr. Jones' motion for judgment of acquittal on an aggravated assault charge; and the jury acquitted him of assault with a dangerous weapon (scrub brush).\n. D.C.Code \u00a7 22-1101, the statute under which Mr. Jones was charged, provides:\n(a) A person commits the crime of cruelty to children in the first degree if that person intentionally, knowingly, or recklessly tortures, beats or otherwise willfully maltreats a child under 18 years of age or engages in conduct which creates a grave risk of bodily injury to a child, and thereby causes bodily injury.\n(b) A person commits the crime of cruelty to children in the second degree if that person intentionally, knowingly, or recklessly:\n(1) Maltreats a child or engages in conduct which causes a grave risk of bodily injury to a child; or\n(2) Exposes a child, or aids and abets in exposing a child in any highway, street, field house, outhouse or other place, with intent to abandon the child.\n(c)(1) Any person convicted of cruelty to children in the first degree shall be fined not more than $10,000 or be imprisoned not more than 15 years, or both.\n(2) Any person convicted of cruelty to children in the second degree shall be fined not more than $10,000 or be imprisoned not more than 10 years, or both.\nPrior to its 1994 amendment, the statute read in relevant part:\nAny person who shall ... cruelly beat, abuse, or otherwise wilfully maltreat any child under the age of 18 years; ... shall be deemed guilty of a misdemeanor, and, when convicted thereof, shall be subject to punishment by a fine of not more than $250, or by imprisonment for a term not exceeding 2 years, or both.\nD.C.Code \u00a7 22-901 (1993).\n. In reaching this conclusion, we stated, in part:\n[W]e would not choose to follow the minority of courts that \"hold that in the absence of malice, parents [have] almost unfettered discretion to physically dominate their children. ...\u201d A malice standard for the parental discipline defense also would run counter to the public policy reflected in the child neglect and abuse law of the District .... Constitutionally protected parental prerogatives are sufficiently respected in a criminal assault prosecution by requiring the government to overcome the parental discipline defense beyond a reasonable doubt \u2014 by proving either that the punishment was unreasonable or that it was not genuinely disciplinary \u2014 without also requiring the government to prove that the parent acted with malice toward the child.\nNewby, supra, 797 A.2d at 1243-44.\n. Mr. Jones made neither a general nor a specific objection to the trial court's instruction concerning D.C.Code \u00a7 22-1101. In fact, the only question as to the instruction came from the prosecutor who pointed out that the original charge to the jury included a section of the statute under which Mr. Jones was not charged. The trial judge corrected the instruction accordingly. Objections to jury instructions must be made with specificity. See Russell v. United States, 698 A.2d 1007 (D.C.1997); see also Hicks v. United States, 707 A.2d 1301, 1305 (D.C.1998); Super. Ct.Crim. R. 30.\n. Section 22-1101 is in contrast to the State of Georgia cruelty to children in the first degree statute which specifically includes the word \"malicious\u201d (\"Any person commits the offense of cruelty to children in the first degree when such person maliciously causes a child under the age of 18 cruel or excessive physical or mental main\u201d), Official Code of Georgia Annotated, \u00a7 16-5-70 (2002); see also Alexander v. The State, 21A Ga. 787, 561 S.E.2d 64 (Ga.2002). In addition, the child abuse statute for the State of Maryland contains the term, \u201cmalicious act.\" See Md. Ann. Code, Art. 27, \u00a7 35A (1996 Repl.); State of Maryland v. Taylor, 347 Md. 363, 701 A.2d 389 (Md.1997).\n. Defense counsel later objected to the trial court qualifying Dr. Johns \u201cas an expert in child abuse.\u201d The trial court qualified Dr. Johns \"as an expert in diagnosis of injuries received by children.\u201d When the trial court asked whether there was any objection to introduction into evidence of the medico-legal form, defense counsel replied: \"Well, as long as I get a chance to look at the redacted form prior to that.\u201d No general or specific objection was made to the form. Earlier, defense counsel objected to a question concerning \"how many times [T.J.] was hit by his father.\" The trial court overruled the objection, and defense counsel declared: \"She answered the question earlier when asked.\u201d In addition, defense counsel objected on the ground of lack of foundation when the prosecutor sought to determine, \"how hard somebody would have to strike the child to receive the[ ] kinds of injuries [found on T.J.].\u201d",
        "type": "majority",
        "author": "REID, Associate Judge."
      }
    ],
    "attorneys": [
      "Ian A. Williams, appointed by the court, with whom Kyle A. McGonigal was on the brief, Washington, for appellant.",
      "Denise M. Clark, with whom Roscoe C. Howard, Jr., United States Attorney, and John R. Fisher, Elizabeth Trosman, and Ryan H. Rainey, Assistant United States Attorneys, were on the brief, for appellee."
    ],
    "corrections": "",
    "head_matter": "Otis M. JONES, Appellant, v. UNITED STATES, Appellee.\nNo. 00-CF-1109.\nDistrict of Columbia Court of Appeals.\nArgued Nov. 21, 2002.\nDecided Dec. 31, 2002.\nIan A. Williams, appointed by the court, with whom Kyle A. McGonigal was on the brief, Washington, for appellant.\nDenise M. Clark, with whom Roscoe C. Howard, Jr., United States Attorney, and John R. Fisher, Elizabeth Trosman, and Ryan H. Rainey, Assistant United States Attorneys, were on the brief, for appellee.\nBefore WAGNER, Chief Judge, and REID and GLICKMAN, Associate Judges."
  },
  "file_name": "0220-01",
  "first_page_order": 274,
  "last_page_order": 281
}
