{
  "id": 8000971,
  "name": "STATE of Maine v. Edward LARRABEE",
  "name_abbreviation": "State v. Larrabee",
  "decision_date": "1977-09-08",
  "docket_number": "",
  "first_page": "463",
  "last_page": "467",
  "citations": [
    {
      "type": "official",
      "cite": "377 A.2d 463"
    }
  ],
  "court": {
    "name_abbreviation": "Me.",
    "id": 9543,
    "name": "Maine Supreme Judicial Court"
  },
  "jurisdiction": {
    "id": 42,
    "name_long": "Maine",
    "name": "Me."
  },
  "cites_to": [
    {
      "cite": "290 A.2d 839",
      "category": "reporters:state_regional",
      "reporter": "A.2d",
      "case_ids": [
        8483126
      ],
      "weight": 2,
      "year": 1972,
      "opinion_index": 0,
      "case_paths": [
        "/a2d/290/0839-01"
      ]
    },
    {
      "cite": "415 U.S. 308",
      "category": "reporters:federal",
      "reporter": "U.S.",
      "case_ids": [
        6174956
      ],
      "weight": 9,
      "year": 1974,
      "pin_cites": [
        {
          "page": "318"
        },
        {
          "page": "1111"
        },
        {
          "page": "355"
        }
      ],
      "opinion_index": 0,
      "case_paths": [
        "/us/415/0308-01"
      ]
    },
    {
      "cite": "193 A.2d 1",
      "category": "reporters:state_regional",
      "reporter": "A.2d",
      "year": 1963,
      "pin_cites": [
        {
          "page": "5"
        }
      ],
      "opinion_index": 0
    },
    {
      "cite": "159 Me. 328",
      "category": "reporters:state",
      "reporter": "Me.",
      "case_ids": [
        474081
      ],
      "year": 1963,
      "pin_cites": [
        {
          "page": "336"
        }
      ],
      "opinion_index": 0,
      "case_paths": [
        "/me/159/0328-01"
      ]
    },
    {
      "cite": "321 A.2d 478",
      "category": "reporters:state_regional",
      "reporter": "A.2d",
      "case_ids": [
        8051638
      ],
      "weight": 5,
      "year": 1974,
      "pin_cites": [
        {
          "page": "482"
        },
        {
          "page": "483"
        },
        {
          "page": "485",
          "parenthetical": "citations omitted"
        }
      ],
      "opinion_index": 0,
      "case_paths": [
        "/a2d/321/0478-01"
      ]
    },
    {
      "cite": "207 F.2d 892",
      "category": "reporters:federal",
      "reporter": "F.2d",
      "case_ids": [
        564800
      ],
      "year": 1953,
      "opinion_index": 0,
      "case_paths": [
        "/f2d/207/0892-01"
      ]
    },
    {
      "cite": "175 Kan. 373",
      "category": "reporters:state",
      "reporter": "Kan.",
      "case_ids": [
        50561
      ],
      "weight": 2,
      "year": 1954,
      "opinion_index": 0,
      "case_paths": [
        "/kan/175/0373-01"
      ]
    },
    {
      "cite": "295 F.Supp. 1033",
      "category": "reporters:federal",
      "reporter": "F. Supp.",
      "case_ids": [
        5393961
      ],
      "opinion_index": 0,
      "case_paths": [
        "/f-supp/295/1033-01"
      ]
    },
    {
      "cite": "262 F.Supp. 305",
      "category": "reporters:federal",
      "reporter": "F. Supp.",
      "case_ids": [
        1526086
      ],
      "pin_cites": [
        {
          "page": "307"
        }
      ],
      "opinion_index": 0,
      "case_paths": [
        "/f-supp/262/0305-01"
      ]
    },
    {
      "cite": "78 A.2d 496",
      "category": "reporters:state_regional",
      "reporter": "A.2d",
      "year": 1951,
      "pin_cites": [
        {
          "page": "502"
        }
      ],
      "opinion_index": 0
    },
    {
      "cite": "146 Me. 129",
      "category": "reporters:state",
      "reporter": "Me.",
      "case_ids": [
        663181
      ],
      "year": 1951,
      "pin_cites": [
        {
          "page": "138"
        }
      ],
      "opinion_index": 0,
      "case_paths": [
        "/me/146/0129-01"
      ]
    },
    {
      "cite": "219 A.2d 755",
      "category": "reporters:state_regional",
      "reporter": "A.2d",
      "case_ids": [
        8103762
      ],
      "year": 1966,
      "pin_cites": [
        {
          "page": "757"
        }
      ],
      "opinion_index": 0,
      "case_paths": [
        "/a2d/219/0755-01"
      ]
    },
    {
      "cite": "326 A.2d 1",
      "category": "reporters:state_regional",
      "reporter": "A.2d",
      "case_ids": [
        8024232
      ],
      "year": 1974,
      "pin_cites": [
        {
          "page": "9"
        }
      ],
      "opinion_index": 0,
      "case_paths": [
        "/a2d/326/0001-01"
      ]
    },
    {
      "cite": "340 A.2d 17",
      "category": "reporters:state_regional",
      "reporter": "A.2d",
      "case_ids": [
        8032744
      ],
      "weight": 2,
      "year": 1975,
      "pin_cites": [
        {
          "page": "24"
        }
      ],
      "opinion_index": 0,
      "case_paths": [
        "/a2d/340/0017-01"
      ]
    },
    {
      "cite": "266 A.2d 232",
      "category": "reporters:state_regional",
      "reporter": "A.2d",
      "case_ids": [
        8064152
      ],
      "year": 1970,
      "pin_cites": [
        {
          "page": "234"
        }
      ],
      "opinion_index": 0,
      "case_paths": [
        "/a2d/266/0232-01"
      ]
    },
    {
      "cite": "156 A.2d 383",
      "category": "reporters:state_regional",
      "reporter": "A.2d",
      "year": 1959,
      "pin_cites": [
        {
          "page": "387"
        }
      ],
      "opinion_index": 0
    },
    {
      "cite": "155 Me. 394",
      "category": "reporters:state",
      "reporter": "Me.",
      "case_ids": [
        962493
      ],
      "year": 1959,
      "pin_cites": [
        {
          "page": "400"
        }
      ],
      "opinion_index": 0,
      "case_paths": [
        "/me/155/0394-01"
      ]
    },
    {
      "cite": "182 A.2d 675",
      "category": "reporters:state_regional",
      "reporter": "A.2d",
      "year": 1962,
      "pin_cites": [
        {
          "page": "678"
        }
      ],
      "opinion_index": 0
    },
    {
      "cite": "158 Me. 242",
      "category": "reporters:state",
      "reporter": "Me.",
      "case_ids": [
        942592
      ],
      "year": 1962,
      "pin_cites": [
        {
          "page": "246"
        }
      ],
      "opinion_index": 0,
      "case_paths": [
        "/me/158/0242-01"
      ]
    }
  ],
  "analysis": {
    "cardinality": 691,
    "char_count": 13894,
    "ocr_confidence": 0.788,
    "pagerank": {
      "raw": 4.339010572227916e-07,
      "percentile": 0.917950042647274
    },
    "sha256": "2e536eee2a4df0fff79ef92e67755e72ed5a74c6120c8e736e34dc97760f39b4",
    "simhash": "1:9839e27d31c70fb3",
    "word_count": 2300
  },
  "last_updated": "2024-02-27T21:12:32.747109+00:00",
  "provenance": {
    "date_added": "2019-08-29",
    "source": "Harvard",
    "batch": "2018"
  },
  "casebody": {
    "judges": [
      "Before DUFRESNE, C. J., and POMER-OY, WERNICK, DELAHANTY and GOD-FREY, JJ.",
      "ARCHIBALD, J., did not sit."
    ],
    "parties": [
      "STATE of Maine v. Edward LARRABEE."
    ],
    "opinions": [
      {
        "text": "DELAHANTY, Justice.\nThe defendant, Edward Larrabee, appeals from a Lincoln County Superior Court jury verdict which found him guilty of breaking, entering and larceny in the nighttime. We deny the appeal.\nDuring the early morning hours of July 6, 1975, Kevin Brochu and Kenneth Stinson broke into the Dodge Inn\u2019s gift shop and stole jewelry belonging to Mrs. Stanley Dodge. The defendant did not participate in this crime. A few hours later, Brochu, Stinson, and the defendant returned to the Dodge Inn. The defendant drove and waited in the car while Brochu and Stinson broke into the Inn\u2019s restaurant and stole money belonging to Mr. and Mrs. Stanley Dodge. The defendant was subsequently indicted for stealing both the jewelry and the money from the Dodge Inn. Prior to trial, the defendant filed a timely motion for a bill of particulars essentially seeking to determine whether he was being charged with breaking into the gift shop and/or the restaurant. The presiding Justice denied the motion but ruled that in order to convict the defendant, the State would have to prove that the defendant committed \u201cboth larcenies.\u201d On the day of the trial, but before the jury was impaneled, the State made a \u201cmotion to strike\u201d the language from the indictment that charged the defendant with stealing the jewelry. Over the objection of the defendant, the court granted the motion. Thereafter, the defendant renewed his motion for a bill of particulars which was again denied. The jury subsequently convicted the defendant of breaking and entering the restaurant and stealing the money. Prom this conviction, the defendant has appealed. He alleges that the trial court incorrectly: 1) granted the State\u2019s \u201cmotion to strike\u201d certain language from the indictment; 2) denied the defendant\u2019s motion for a bill of particulars; and 3) sustained the State\u2019s objection to a question that the defendant asked on cross-examination of an accomplice testifying for the State. We consider these allegations seriatim.\nI\nWe note initially that the State\u2019s \u201cmotion to strike\u201d is a misnomer since only a defendant is permitted to make such a motion. M.R.Crim.P. 7(d). The defendant alleges that the State\u2019s motion should be considered' an amendment to the indictment. He asserts that the State\u2019s action in striking the language that charged him with stealing the jewelry was an impermissible substantive amendment. We disagree.\nIt is beyond peradventure that the State can amend an indictment as to form but would have to resubmit the indictment to the grand jury if it desired a substantive change. State v. Child, 158 Me. 242, 246, 182 A.2d 675, 678 (1962). A substantive amendment is one that changes the nature or grade of the offense charged. State v. Mottram, 155 Me. 394, 400, 156 A.2d 383, 387 (1959). If, however, the change in an indictment does not alter any fact which must be proved to make the act charged a crime, the amendment is formal. State v. Grant, Me., 266 A.2d 232, 234 (1970). In the instant case, the indictment, both before and after the amendment, contained every element necessary to charge the defendant with a nighttime breaking, entering and larceny of the money. The amendment\u2019s sole purpose was to remove certain excess language from the indictment. It did not charge the defendant with a crime for which he was not indicted. In State v. Pinnette, Me., 340 A.2d 17 (1975), the defendant was indicted for assault and battery of a high and aggravated nature. The State struck the word \u201cbattery\u201d from the indictment. There we held the amendment permissible since the remaining charge of assault was necessarily included in the initial charge of assault and battery. Here it is evident that the' defendant was always charged with the larceny of the money. Our reasoning in Pinnette controls the case at bar.\nWhere a dismissal of a portion of an indictment does away with excessive charges and does not alter the nature of the criminal charges against the defendant, the partial dismissal is not an amendment of the indictment such as would require the indictment to be resubmitted to the grand jury. Id. at 24.\nII\nThe defendant alleges that the court abused its discretion in denying his motion for a bill of particulars. He asserts that the indictment contained a latent ambiguity because it was not clear for which larceny he was to be tried. While the ambiguity was temporarily resolved when the trial court ruled that the State would have \u201cto prove both larcenies,\u201d the defendant claims the problem reappeared when the presiding Justice granted the State\u2019s motion to amend.\nThe purpose of a bill of particulars is to enable the defendant to prepare an adequate defense, to avoid prejudicial surprise at trial, and to establish a record upon which to plead prior jeopardy if occasion demands. State v. Davenport, Me., 326 A.2d 1, 9 (1974); State v. Littlefield, Me., 219 A.2d 755, 757 (1966). Its grant or denial rests within the sound discretion of the trial judge. State v. Hume, 146 Me. 129, 138, 78 A.2d 496, 502 (1951). To determine whether a bill of particulars should have been granted, it is necessary to determine the facts known to the defendant. In examining the record, we are mindful of the admonition that the defendant is presumed innocent and is therefore ignorant of the facts upon which the pleadings are based. United States v. Tucker, 262 F.Supp. 305, 307 (S.D.N.Y.1966); United States v. Smith, 16 P.R.D. 372, 374 (W.D.Mo.1954).\nAt the hearing on the motion for a bill of particulars, the defense attorney stated that there were two separate larcenies, one into the restaurant and the other into the gift shop. He was aware that the money was taken during one break, and the jewelry during the other. The State informed him that the jewelry was procured from the gift shop and the money was stolen from the restaurant. The only fact of which he was ignorant was whether the defendant was charged with one or both of the larcenies. This ambiguity was resolved before trial when the district attorney amended the indictment to exclude the theft of the jewelry. At this point it was perfectly clear that the defendant was charged only with the theft of the money from the restaurant.\nThat the defendant came upon this knowledge as a result of an amendment to the indictment is irrelevant, for there is nothing talismanic about a bill of particulars. Thus, when a defendant learns of the essential facts upon which an indictment is based at a suppression hearing, United States v. Mazzella, 295 F.Supp. 1033 (S.D.N.Y.1969), a preliminary hearing, State v. Martin, 175 Kan. 373, 265 P.2d 297 (1954), or because of the prosecutor\u2019s oral statement of the case, Demetree v. United States, 207 F.2d 892 (5th Cir. 1953), his motion for a bill of particulars need not be granted. In this case, the defendant acquired all of the necessary facts and particulars upon which he was to be tried when the State amended the indictment. The need for a bill of particulars was thereby obviated and its denial clearly was not an abuse of discretion.\nIll\nStinson, an accomplice of the defendant, was a State\u2019s witness in the case. During cross-examination, the defendant asked Stinson: \u201cDo you know what the maximum punishment was, had you been convicted of that charge of breaking, entering, and larceny?\u201d The State\u2019s objection to this question was sustained. The defendant alleges that in sustaining this objection the court erred because it impinged upon his ability to effectively cross-examine the witness concerning the benefit he would receive in testifying favorably for the State.\nCross-examination is a fundamental right of the defendant. We have been particularly sensitive to the defendant\u2019s right of cross-examining an accomplice concerning any \u201cdeal\u201d entered into between the accomplice and the State. Great latitude is permitted in such cases to show the bias of the witness. State v. Brown, Me., 321 A.2d 478, 482 (1974). In Brown, we stated that\nit is proper to allow cross-examination not only to the existence of the arrangement, but also to the extent of the benefit which the witness is likely to obtain as a result of his co-operating testimony. Id. at 483.\nIn the instant case, absent any countervailing policies, it would have been proper for the defendant to inquire as to the maximum sentence that the witness could have received because it is probative of the extent of the benefit that he was likely to obtain.\nHowever, it has long been the rule that in determining the guilt of an accused, the jury should not consider or be influenced by the punishment that the defendant would receive if he were convicted. State v. Park, 159 Me. 328, 336, 193 A.2d 1, 5 (1963). If the jury knew the maximum possible sentence, it could adversely affect its ability to dispassionately consider the facts presented during trial. It is for this reason that the issue of punishment is considered to be a question of law and within the province of the court.\nIn this case, Stinson could have been convicted of the same crime for which the defendant was indicted. Had he been permitted to state the maximum sentence that he could have received, the jury would have been aware of the defendant\u2019s possible punishment. It is true that the defendant\u2019s question merely asked if Stinson knew the maximum penalty. While it technically required only an affirmative or negative response, it clearly invited a statement as to the length of the possible sentence. In light of the strong policy reasons against informing the jury of the defendant\u2019s disposition, it was more reasonable to exclude the question than to permit a response which could have been highly prejudicial. M.R.Evid. 403. Nor would a limiting instruction have protected the salutary purposes of the rule.\nEven though the court was correct in sustaining the objection, we must confront the issue of whether this restriction on the defendant\u2019s ability to cross-examine the witness denied the defendant his sixth amendment right of confrontation. See Davis v. Alaska, 415 U.S. 308, 94 S.Ct. 1105, 39 L.Ed.2d 347 (1974).\nIn State v. Carey, Me., 290 A.2d 839 (1972), the defendant attempted to impeach a juvenile witness by showing that his testimony, which was favorable to the State, may have been influenced by the threat of probation revocation. We held that the defendant\u2019s right of cross-examination was not denied, even though the trial court excluded the witness\u2019 juvenile record from evidence, since he otherwise has a full opportunity to explore the issue of bias. In State v. Brown, Me., 321 A.2d 478 (1974), an accomplice entered into a plea bargaining agreement with the State. The trial court restricted the defendant\u2019s right to cross-examine the accomplice concerning the underlying crimes which formed the basis of the agreement. In affirming the judgment, we stated:\nThe issue of bias resulting from \u201cdealing\u201d between the prosecution and the witness was substantially explored on cross-examination. The inquiry was conditioned only by the constitutional right of the witness to refrain from discussing the specifics of prior criminal activity. The Defendant\u2019s constitutional right to confront and impeach the witnesses against him does not guarantee unrestricted admission into evidence of all material of an impeaching nature. Id. at 485 (citations omitted).\nAn examination of the record reveals that except for this one question, the defendant fully cross-examined the accomplice as to the extent of the quid pro quo received for his expected testimony. His right to confrontation was therefore not impermissibly curtailed.\nThe entry shall be: Appeal denied.\nARCHIBALD, J., did not sit.\nAll Justices concurring.\n. 17 M.R.S.A. \u00a7 2103.\n. Since there was never an objection to this ruling, we have no occasion to review it on appeal.\n. The indictment charged that the defendant broke into the Dodge Inn\nand therein did, with intent to deprive permanently Mr. and Mrs. Stanley Dodge of their property, steal, take and carry away a quantity of jewelry the property of Mrs. Stanley Dodge, of a value in excess of one dollar ($1.00) and a quantity of currency in the form of change, the property of Mr. and Mrs. Stanley Dodge.\nThe \u201cmotion to strike\u201d excluded from the indictment \u201ca quantity of jewelry, the property of Mrs. Stanley Dodge, of a value in excess of one [dollar] ($1.00) and.\u201d\n. We express no opinion as to whether it would have been an abuse of discretion to deny a bill of particulars if the indictment had not been amended.\n. In State v. Brown, supra, the defendant\u2019s right to cross-examine was restricted by the witness\u2019 fifth amendment privilege against self-incrimination. In State v. Carey, supra, cross-examination was conditioned upon a statutory provision. In the instant case it is impinged by a common law rule. For purposes of this inquiry, we see no substantial difference between a constitutional provision, a statutory prohibition, and an important common law rule.\nAll of these cases are readily distinguishable from Davis v. Alaska, 415 U.S. 308, 94 S.Ct. 1105, 39 L.Ed.2d 347 (1974). In Davis the United States Supreme Court found a sixth amendment violation where the defendant was virtually prohibited from inquiring into the witness\u2019 bias. In each of our cases, the'record indicates that the defendant fulfilled the Davis requirement of being able \u201cto expose to the jury the facts from which the jurors, as the sole triers of fact and credibility, could appropriately draw inferences relating to the reliability of the witness.\u201d Id. at 318, 94 S.Ct. at 1111, 39 L.Ed.2d at 355.",
        "type": "majority",
        "author": "DELAHANTY, Justice."
      }
    ],
    "attorneys": [
      "Thomas A. Berry, Asst. Dist. Atty., Wis-casset, for plaintiff.",
      "Fitzgerald, Donovan & Conley, P. A. by Theodore K. Hoch, Bath, for defendant."
    ],
    "corrections": "",
    "head_matter": "STATE of Maine v. Edward LARRABEE.\nSupreme Judicial Court of Maine.\nSept. 8, 1977.\nThomas A. Berry, Asst. Dist. Atty., Wis-casset, for plaintiff.\nFitzgerald, Donovan & Conley, P. A. by Theodore K. Hoch, Bath, for defendant.\nBefore DUFRESNE, C. J., and POMER-OY, WERNICK, DELAHANTY and GOD-FREY, JJ."
  },
  "file_name": "0463-01",
  "first_page_order": 529,
  "last_page_order": 533
}
