{
  "id": 8035720,
  "name": "STATE of Maine v. Peter ANANIA, Sr.",
  "name_abbreviation": "State v. Anania",
  "decision_date": "1975-06-19",
  "docket_number": "",
  "first_page": "207",
  "last_page": "211",
  "citations": [
    {
      "type": "official",
      "cite": "340 A.2d 207"
    }
  ],
  "court": {
    "name_abbreviation": "Me.",
    "id": 9543,
    "name": "Maine Supreme Judicial Court"
  },
  "jurisdiction": {
    "id": 42,
    "name_long": "Maine",
    "name": "Me."
  },
  "cites_to": [
    {
      "cite": "11 S.W.2d 904",
      "category": "reporters:state_regional",
      "reporter": "S.W.2d",
      "year": 1928,
      "opinion_index": 0
    },
    {
      "cite": "157 Tenn. 635",
      "category": "reporters:state",
      "reporter": "Tenn.",
      "case_ids": [
        8534039
      ],
      "year": 1928,
      "opinion_index": 0,
      "case_paths": [
        "/tenn/157/0635-01"
      ]
    },
    {
      "cite": "354 S.W.2d 495",
      "category": "reporters:state_regional",
      "reporter": "S.W.2d",
      "case_ids": [
        10163871
      ],
      "opinion_index": 0,
      "case_paths": [
        "/sw2d/354/0495-01"
      ]
    },
    {
      "cite": "345 S.W.2d 899",
      "category": "reporters:state_regional",
      "reporter": "S.W.2d",
      "year": 1961,
      "pin_cites": [
        {
          "page": "902"
        }
      ],
      "opinion_index": 0
    },
    {
      "cite": "208 Tenn. 347",
      "category": "reporters:state",
      "reporter": "Tenn.",
      "case_ids": [
        8528942
      ],
      "year": 1961,
      "pin_cites": [
        {
          "page": "355"
        }
      ],
      "opinion_index": 0,
      "case_paths": [
        "/tenn/208/0347-01"
      ]
    },
    {
      "cite": "324 A.2d 739",
      "category": "reporters:state_regional",
      "reporter": "A.2d",
      "case_ids": [
        8057072
      ],
      "opinion_index": 0,
      "case_paths": [
        "/a2d/324/0739-01"
      ]
    },
    {
      "cite": "359 F.2d 1009",
      "category": "reporters:federal",
      "reporter": "F.2d",
      "case_ids": [
        829057,
        3654759
      ],
      "year": 1966,
      "opinion_index": 0,
      "case_paths": [
        "/f2d/359/1009-01"
      ]
    },
    {
      "cite": "123 U.S.App.D.C. 343",
      "category": "reporters:state",
      "reporter": "U.S. App. D.C.",
      "case_ids": [
        3654759
      ],
      "year": 1966,
      "opinion_index": 0,
      "case_paths": []
    },
    {
      "cite": "322 A.2d 73",
      "category": "reporters:state_regional",
      "reporter": "A.2d",
      "case_ids": [
        8049255
      ],
      "opinion_index": 0,
      "case_paths": [
        "/a2d/322/0073-01"
      ]
    },
    {
      "cite": "327 A.2d 576",
      "category": "reporters:state_regional",
      "reporter": "A.2d",
      "year": 1973,
      "opinion_index": 0
    },
    {
      "cite": "165 Conn. 61",
      "category": "reporters:state",
      "reporter": "Conn.",
      "case_ids": [
        511985
      ],
      "year": 1973,
      "opinion_index": 0,
      "case_paths": [
        "/conn/165/0061-01"
      ]
    },
    {
      "cite": "174 A.2d 506",
      "category": "reporters:state_regional",
      "reporter": "A.2d",
      "year": 1961,
      "opinion_index": 0
    },
    {
      "cite": "69 N.J.Super. 479",
      "category": "reporters:state",
      "reporter": "N.J. Super.",
      "case_ids": [
        351340
      ],
      "year": 1961,
      "opinion_index": 0,
      "case_paths": [
        "/nj-super/69/0479-01"
      ]
    },
    {
      "cite": "291 A.2d 618",
      "category": "reporters:state_regional",
      "reporter": "A.2d",
      "year": 1972,
      "opinion_index": 0
    },
    {
      "cite": "112 N.H. 182",
      "category": "reporters:state",
      "reporter": "N.H.",
      "case_ids": [
        4436582
      ],
      "year": 1972,
      "opinion_index": 0,
      "case_paths": [
        "/nh/112/0182-01"
      ]
    },
    {
      "cite": "265 A.2d 706",
      "category": "reporters:state_regional",
      "reporter": "A.2d",
      "case_ids": [
        8078328,
        8078191
      ],
      "opinion_index": 0,
      "case_paths": [
        "/a2d/265/0706-02",
        "/a2d/265/0706-01"
      ]
    },
    {
      "cite": "267 A.2d 190",
      "category": "reporters:state_regional",
      "reporter": "A.2d",
      "year": 1970,
      "opinion_index": 0
    },
    {
      "cite": "258 Md. 547",
      "category": "reporters:state",
      "reporter": "Md.",
      "case_ids": [
        1930232
      ],
      "year": 1970,
      "opinion_index": 0,
      "case_paths": [
        "/md/258/0547-01"
      ]
    },
    {
      "cite": "99 A.2d 46",
      "category": "reporters:state_regional",
      "reporter": "A.2d",
      "opinion_index": 0
    },
    {
      "cite": "20 A.2d 470",
      "category": "reporters:state_regional",
      "reporter": "A.2d",
      "year": 1941,
      "opinion_index": 0
    },
    {
      "cite": "128 Conn. 40",
      "category": "reporters:state",
      "reporter": "Conn.",
      "case_ids": [
        1607776
      ],
      "year": 1941,
      "opinion_index": 0,
      "case_paths": [
        "/conn/128/0040-01"
      ]
    },
    {
      "cite": "273 A.2d 504",
      "category": "reporters:state_regional",
      "reporter": "A.2d",
      "case_ids": [
        8107166
      ],
      "opinion_index": 0,
      "case_paths": [
        "/a2d/273/0504-01"
      ]
    }
  ],
  "analysis": {
    "cardinality": 764,
    "char_count": 13728,
    "ocr_confidence": 0.764,
    "pagerank": {
      "raw": 1.8682003128154378e-07,
      "percentile": 0.7258288031464383
    },
    "sha256": "c07527d8837adee7c5cd263809c2779567b4ae4cbb84b6b18996d5b2b370be15",
    "simhash": "1:31bee2a73ed827b1",
    "word_count": 2366
  },
  "last_updated": "2024-02-27T22:56:15.675616+00:00",
  "provenance": {
    "date_added": "2019-08-29",
    "source": "Harvard",
    "batch": "2018"
  },
  "casebody": {
    "judges": [
      "Before DUFRESNE, C. J., and WEATHERBEE, POMEROY, WER-NICK, ARCHIBALD and DELAHANTY, JJ."
    ],
    "parties": [
      "STATE of Maine v. Peter ANANIA, Sr."
    ],
    "opinions": [
      {
        "text": "ARCHIBALD, Justice.\nAppellant was convicted in a jury waived trial of aggravated assault and battery.\nBecause an appropriate entry by the Clerk of a judgment of guilt had not been entered, thus making an attempted appeal premature, an order was entered by the Law Court pursuant to Rule 37(a), M.R.Crim.P., remanding the case to the Superior Court for entry of an appropriate judgment and allowing an appeal therefrom if the proper procedural steps were thereafter taken.\nAlthough it is true that a motion for a new trial was not filed after the corrected docket entry, such a motion had been filed after the announcement of the verdict. In view of the provisions of Rule 37(c), M.R.Crim.P., namely:\n\u201cA notice of appeal filed after the announcement of a decision, sentence or order but before entry of the judgment or order shall be treated as filed after such entry and on the day thereof,\u201d\nwe consider the appeal from the denial of that motion to have been seasonably made so that the case is now properly before us.\nWe deny the appeal.\nWe will consider the issues raised by this appeal in the order and language in which appellant asserts them in his brief.\nI\n\u201cWas the Defendant justified in using force to repel an intruder in his own home?\u201d\nMr. Anania was the manager of an apartment building in Portland and occupied quarters on the second floor. On the day in question a tenant on the third floor requested his assistance in removing one Thomas Curran who, she contended, was an uninvited guest in her apartment. Appellant responded to this request by ordering Mr. Curran to leave the premises. However, several minutes after these instructions were given, the upstairs tenant appeared at appellant\u2019s door and repeated her request. Appellant complied by standing at the bottom of a stairway and again instructing Mr. Curran, who was standing at the top of the stairs, to leave the premises. At that point Mr. Curran began to descend the stairs and the appellant, apparently being alarmed, entered his apartment and procured a pistol, assigning as his reason therefor, \u201cI got scared.\u201d\nIn a few moments Mr. Curran appeared in the doorway of appellant\u2019s apartment, carrying some unidentified objects under his arms. The record reveals beyond any doubt that Mr. Curran neither verbally nor physically threatened the appellant. The testimony is undisputed that no threatening gestures of any kind were made. The appellant had not even taken the precaution of closing the door of his apartment while Mr. Curran was descending the stairway. In any event, the pistol was discharged, Mr. Curran dropped the objects that were under his arms and fled from the building, seriously wounded.\nOn these facts there could be no basis to support the defense of self-defense or to justify the use of potentially lethal force to expel the intruder. State v. Millett, 273 A.2d 504 (Me.1971); State v. Jacowitz, 128 Conn. 40, 20 A.2d 470 (1941); see also State v. Paxson, 99 A.2d 46 (Del.1916).\nII\n\u201cIn determining the guilt or innocence of Defendant, did the Court take into consideration findings and facts from other jurisdictions which are not germane to the case at bar?\u201d\nThe appellant has urged us to find obvious error in the language of the Justice below in announcing his verdict:\n\u201cWell, the Court has taken into consideration the evidence which was presented to it, and information down in York County just recently and based on these findings and facts, I must find Mr. Anania guilty of aggravated assault. . \u201d (Emphasis supplied.)\nAppellant contends that the Justice below was influenced in his decision by evidence not before him, namely, \u201cinformation down in York County just recently.\u201d\nWe have no way of knowing to what the Justice was referring since the record is devoid of any factual basis for this statement. However, the impact of this reference, assuming it to be disadvantageous to the appellant, is completely neutralized by the comment of the Justice made immediately thereafter, namely,\n\u201cbut I think the facts as presented by Mr. Anania alone would be sufficient [to justify a finding of guilt] . . . \u201d\nIn reviewing the Justice\u2019s findings, of fact, there is nothing to indicate that he assigned \u201cinformation down in York County\u201d as a basis for any of his findings. When the Justice\u2019s verdict is read in its entirety, it is clear that no prejudice has been demonstrated against the appellant. The comment, if error at all, was harmless error. Rule 52(a), M.R.Crim.P.; see State v. Babb, 258 Md. 547, 267 A.2d 190 (1970).\nIll\n\u201cWas the verdict against the weight of the evidence?\u201d\nWe interpret the appellant\u2019s argument on this point not in the context of whether there was insufficient evidence on which the single Justice could conclude that the appellant had shot and wounded the victim but whether this act constituted an assault and battery as proscribed by 17 M.R. S.A. \u00a7 201 because the requisite criminal intent had not been established. As we see the emerging issue, we must decide whether one may be convicted of aggravated assault and battery, assuming there is no evidence of a specific and subjective intent to inflict bodily harm, bearing in mind the statutory provision that \u201can intent . . . to do some violence\u201d is an essential element of the crime.\nTo answer this question we must have in mind the facts disclosed by the record. The Justice below made the following specific findings:\n\u201c1. The Court finds that on the thirtieth day of October, 1972, Mr. Thomas Curran was visiting a Florence Whitney on the third floor of an apartment building located in Portland, County of Cumberland and State of Maine, of which the defendant, Peter Anania, was manager. The said Peter Anania\u2019s own apartment was on the first floor.\n2. The Court finds that because of an altercation between Mrs. Whitney and Mr. Curran, Mr. Anania became aware of the situation.\n3. The Court finds that Mr. Curran, who had been drinking, came downstairs and appeared at the doorway of Mr. Anania\u2019s apartment.\n4. The Court finds that Mr. Anania went to some place in his apartment and procured a pistol.\n5. The Court finds that Mr. Anania shot Mr. Curran and that whether or not Mr. Curran entered the apartment and that whether or not Mr. Anania was afraid of Mr. Curran, Mr. Anania used clearly excessive force and that such force amounts to an aggravated assault and battery.\u201d\nAdditionally, we must remember that the Justice in announcing his verdict said, \u201cbut I think the facts as presented to me by Mr. Anania alone would be sufficient.\u201d Therefore, it becomes important that we consider what these facts were and in part we will summarize the testimony.\nMr. Anania testified that he had several times ordered Mr. Curran to leave the apartment building, that Curran had \u201cnever opened his mouth,\u201d but when he (Curran) started to come downstairs, \u201cI got scared\u201d and \u201cI went in the apartment and got the gun.\u201d\nThe record then continues with this description of the actual shooting incident as testified to by appellant:\n\u201cQ Well, what happened after he was in the room and you were where you placed yourself?\nA I just telling him to get out for the third and the fourth times. He start moving ahead to me, and when he come to me, I pulled the trigger, had the gun down, I don\u2019t know if I shot him or not. He says, \u2018All right, all right, I\u2019m going.\u2019 He dropped everything, what he had, that\u2019s the only time I know he had a steam iron and milk container with a lot of liquor. I don\u2019t know what it was, I couldn\u2019t tell.\nTHE COURT: YOU didn\u2019t know it before?\nTHE WITNESS: On the floor.\nQ You didn\u2019t know that before?\nA No, I didn\u2019t know what he had.\nTHE COURT: He had it under his coat, under his arm?\nTHE WITNESS: He had it like this (indicating).\nTHE COURT: Okay.\nQ Now, where did you aim this gun?\nA I didn\u2019t aim nothing; I just \u2014 shot, and I didn\u2019t aim nothing, just shot, and I don\u2019t know \u2014 I didn\u2019t thought I hit him. He run out like a good person. He says, \u2018All right, all right, I\u2019m going.\u2019 And, he\u2019s going, and then five or ten minutes later a policeman come, he says, \u2018Peter, you shot a guy.\u2019 I says, T deny it,\u2019 because I thought I didn\u2019t hit him. But, then four of them come and he says, \u2018Peter, you did shoot him.\u2019 And, I says, \u2018All right, I tell you the truth.\u2019 And I show him just how it happened. And, he looked down and find a shell.\u201d (Emphasis supplied.)\n\u201cQ Now, how many rounds did you have in the gun?\nA Oh, I had eight or nine more bullets in there, but I didn\u2019t want to- shoot him.\nQ Now, did you know what he had under his coat when he was in the apartment ?\nA No, I didn\u2019t; I didn\u2019t know what he had.\u201d\nFrom the above recited facts we must agree with the appellant that there was no direct evidence which would support a finding that the appellant had a specific intent to fire the weapon directly at Mr. Curran for the purpose of doing \u201csome violence\u201d to him.\nWe reject the appellant\u2019s argument that the State had failed to prove that degree of criminal intent which is statutorily requisite for conviction of the crime of assault. An \u201cintention . . . to do some violence\u201d may be established, given appropriate facts, by evidence of a specific, subjective purpose \u201cto do some violence.\u201d However, it is equally clear that proof of the requisite \u201cintent\u201d is not necessarily confined to such evidence. This statutory language is not calculated to require as indispensable proof of a subjectively existing conscious purpose \u201cto do some violence.\u201d Criminal \u201cintent\u201d may equally well flow, as a matter of law, from intentionally doing an act which has the inherent potential of doing bodily harm, and doing so in a criminally negligent manner. This position is not inconsistent with any of our prior decisions and finds general support elsewhere. Hutchins v. State, 265 A.2d 706 (Me.1970); State v. Brough, 112 N.H. 182, 291 A.2d 618 (1972); State v. Chiarello, 69 N.J.Super. 479, 174 A.2d 506 (1961); see State v. Evans, 165 Conn. 61, 327 A.2d 576 (1973); State v. Worrey, 322 A.2d 73 (Me.1974); see also Parker v. United States, 123 U.S.App.D.C. 343, 359 F.2d 1009 (1966); State v. Farmer, 324 A.2d 739, n. 6 at 747 (Me.1974).\nWhere a criminal defendant attempted to justify shooting and wounding another by saying, \u201cevidently I wasn\u2019t thinking much at all or I wouldn\u2019t have shot,\u201d the Tennessee Court dealt with the issue of criminal intent in this language:\n\u201cThe intent necessary to constitute assault and battery is either an express desire upon the part of the accused to inflict the injury or it can be supplied as a matter of law from doing an act in such a reckless and wanton manner that the natural and probable results thereof will be to inflict an injury.\nSaunders v. State, 208 Tenn. 347, 355, 345 S.W.2d 899, 902 (1961); Bentley v. Commonwealth, 354 S.W.2d 495 (Ky.1962); see also King v. State, 157 Tenn. 635, 11 S.W.2d 904 (1928); 6 C.J.S. Assault and Battery \u00a763.\nReverting to the facts, there can be no doubt that Mr. Anania intentionally procured the gun, intentionally carried it with him to confront the victim, and intentionally fired it at close range, seriously wounding Mr. Curran. From Mr. Anania\u2019s own statement the inference is inescapable that the act of shooting was reckless and wanton, particularly in view of the fact that the entrance wound was in the lower part of the victim\u2019s abdomen. The totality of these facts and reasonable inferences drawn therefrom would legally justify the fact finder in concluding that the degree of criminal intent existed which the statute requires as a necessary element of the offense, and undoubtedly motivated the Justice below to make the comment previously quoted, \u201cbut I think the facts as presented to me by Mr. Anania alone would be sufficient.\u201d\nAppellant\u2019s conduct would fall squarely within the definition of aggravated assault found in the Model Penal Code \u00a7 211.1(2) (a), namely:\n\u201c(2) Aggravated Assault. A person is guilty of aggravated assault if he:\n(a) attempts to cause serious bodily injury to another, or causes such injury purposely, knowingly or recklessly under circumstances manifesting extreme indifference to. the value of human life.\u201d (Emphasis supplied.)\nWe thus conclude that the verdict was amply supported by the evidence and the entry must be:\nAppeal denied.\nAll Justices concurring.\n. The transcript of the testimony includes an oral statement by the single Justice announcing from the bench a finding of guilt and informing the appellant of a proposed sentence. However, it was not until after the order from the Law Court that this was formalized and properly recorded by the Clerk of Courts.\n.In their briefs both appellant and appellee suggest that the reference may have teen to a civil ease that had recently been tried in an adjoining county before three Justices of the Superior Court, one of the issues having to do with the use of deadly force by a police officer.\n. \u201cWhoever unlawfully attempts to strike, hit, touch or do any violence to another however small, in a wanton, willful, angry or insulting manner, having an intention and existing ability to do some violence to such person, is guilty of an assault. If such attempt is carried into effect, he is guilty of an assault and battery.\u201d\n. The record amply supports the findings of the single Justice, except that Mr. Anania\u2019s apartment was on the second floor.\n. See emphasized testimony of the appellant, supra at 210.'",
        "type": "majority",
        "author": "ARCHIBALD, Justice."
      }
    ],
    "attorneys": [
      "Henry N. Berry III, County Atty., Peter G. Ballou, Asst. County Atty., Portland, for plaintiff.",
      "Richard A. Davis, Merle C. Rideout, Jr., Portland, for defendant."
    ],
    "corrections": "",
    "head_matter": "STATE of Maine v. Peter ANANIA, Sr.\nSupreme Judicial Court of Maine.\nJune 19, 1975.\nHenry N. Berry III, County Atty., Peter G. Ballou, Asst. County Atty., Portland, for plaintiff.\nRichard A. Davis, Merle C. Rideout, Jr., Portland, for defendant.\nBefore DUFRESNE, C. J., and WEATHERBEE, POMEROY, WER-NICK, ARCHIBALD and DELAHANTY, JJ."
  },
  "file_name": "0207-01",
  "first_page_order": 239,
  "last_page_order": 243
}
