{
  "id": 7339744,
  "name": "Thomas E. Riley, Jr. vs. Altus Dental Insurance Company, Inc.",
  "name_abbreviation": "Riley v. Altus Dental Insurance",
  "decision_date": "2014-08-15",
  "docket_number": "",
  "first_page": "152",
  "last_page": "157",
  "citations": [
    {
      "type": "official",
      "cite": "2014 Mass. App. Div. 152"
    }
  ],
  "court": {
    "name_abbreviation": "Mass. App. Div.",
    "id": 15177,
    "name": "Massachusetts Appellate Division"
  },
  "jurisdiction": {
    "id": 4,
    "name_long": "Massachusetts",
    "name": "Mass."
  },
  "cites_to": [
    {
      "cite": "337 F.3d 9",
      "category": "reporters:federal",
      "reporter": "F.3d",
      "case_ids": [
        9105773
      ],
      "year": 2003,
      "pin_cites": [
        {
          "page": "15"
        }
      ],
      "opinion_index": 0,
      "case_paths": [
        "/f3d/337/0009-01"
      ]
    },
    {
      "cite": "360 F.3d 211",
      "category": "reporters:federal",
      "reporter": "F.3d",
      "case_ids": [
        2164093
      ],
      "year": 2004,
      "pin_cites": [
        {
          "page": "213"
        }
      ],
      "opinion_index": 0,
      "case_paths": [
        "/f3d/360/0211-01"
      ]
    },
    {
      "cite": "315 F.3d 11",
      "category": "reporters:federal",
      "reporter": "F.3d",
      "case_ids": [
        9373922
      ],
      "weight": 2,
      "year": 2002,
      "pin_cites": [
        {
          "page": "18"
        },
        {
          "page": "18"
        }
      ],
      "opinion_index": 0,
      "case_paths": [
        "/f3d/315/1-11-01"
      ]
    },
    {
      "cite": "328 F.3d 27",
      "category": "reporters:federal",
      "reporter": "F.3d",
      "case_ids": [
        9127718
      ],
      "year": 2003,
      "pin_cites": [
        {
          "page": "31"
        }
      ],
      "opinion_index": 0,
      "case_paths": [
        "/f3d/328/0027-01"
      ]
    },
    {
      "cite": "311 F. Supp. 2d 168",
      "category": "reporters:federal",
      "reporter": "F. Supp. 2d",
      "case_ids": [
        9251318
      ],
      "year": 2004,
      "pin_cites": [
        {
          "page": "174-175"
        }
      ],
      "opinion_index": 0,
      "case_paths": [
        "/f-supp-2d/311/0168-01"
      ]
    },
    {
      "cite": "167 F.3d 53",
      "category": "reporters:federal",
      "reporter": "F.3d",
      "case_ids": [
        11592208
      ],
      "year": 1999,
      "pin_cites": [
        {
          "page": "56-57"
        }
      ],
      "opinion_index": 0,
      "case_paths": [
        "/f3d/167/0053-01"
      ]
    },
    {
      "cite": "230 F.3d 415",
      "category": "reporters:federal",
      "reporter": "F.3d",
      "case_ids": [
        1094312
      ],
      "weight": 2,
      "year": 2000,
      "pin_cites": [
        {
          "page": "418"
        },
        {
          "page": "419",
          "parenthetical": "holding that district court can overturn \"[an administrator's] termination decision only if 'the insurer's eligibility determination was unreasonable in light of the information available to it'\""
        }
      ],
      "opinion_index": 0,
      "case_paths": [
        "/f3d/230/0415-01"
      ]
    },
    {
      "cite": "463 U.S. 1",
      "category": "reporters:federal",
      "reporter": "U.S.",
      "case_ids": [
        6190266
      ],
      "year": 1983,
      "opinion_index": 0,
      "case_paths": [
        "/us/463/0001-01"
      ]
    },
    {
      "cite": "481 U.S. 41",
      "category": "reporters:federal",
      "reporter": "U.S.",
      "case_ids": [
        6208979
      ],
      "year": 1987,
      "pin_cites": [
        {
          "page": "52-57"
        }
      ],
      "opinion_index": 0,
      "case_paths": [
        "/us/481/0041-01"
      ]
    },
    {
      "cite": "29 U.S.C. \u00a7\u00a71132",
      "category": "laws:leg_statute",
      "reporter": "U.S.C.",
      "weight": 2,
      "pin_cites": [
        {
          "page": "(a)",
          "parenthetical": "l"
        },
        {
          "parenthetical": "e"
        }
      ],
      "opinion_index": 0
    },
    {
      "cite": "29 U.S.C. \u00a7\u00a71001",
      "category": "laws:leg_statute",
      "reporter": "U.S.C.",
      "weight": 2,
      "pin_cites": [
        {
          "page": "et seq.",
          "parenthetical": "\"ERISA\""
        },
        {
          "page": "et seq."
        }
      ],
      "opinion_index": 0
    }
  ],
  "analysis": {
    "cardinality": 767,
    "char_count": 17383,
    "ocr_confidence": 0.863,
    "pagerank": {
      "raw": 4.03580807328026e-08,
      "percentile": 0.18907144779483281
    },
    "sha256": "2f6af102277a28a51a7544140984a80e0705fee38305b398dff9c6871aa0c74d",
    "simhash": "1:3bf6ad92bd2406dd",
    "word_count": 2865
  },
  "last_updated": "2024-02-27T22:17:11.025224+00:00",
  "provenance": {
    "date_added": "2019-08-29",
    "source": "Harvard",
    "batch": "2018"
  },
  "casebody": {
    "judges": [
      "Present: Williams, P.J., Merrick & Welch, JJ."
    ],
    "parties": [
      "Thomas E. Riley, Jr. vs. Altus Dental Insurance Company, Inc."
    ],
    "opinions": [
      {
        "text": "Welch, J.\nWe are called upon to review the denial of a claim for medical benefits pursuant to a dental plan governed by the Employee Retirement Income Security Act of 1974, 29 U.S.C. \u00a7\u00a71001 et seq. (\u201cERISA\u201d). It is the position of the defendant, Altus Dental Insurance Company, Inc. (\u201cAltus\u201d), that the trial judge committed reversible error in finding that Altus acted in an arbitrary and capricious manner in denying the claim for dental benefits submitted by the plaintiff, Thomas E. Riley, Jr. (\u201cRiley\u201d), in making certain factual and evidentiary errors, and in finding that Altus\u2019s denial of the claim was a violation of G.L.c. 93A.\nAltus issued a dental insurance policy through Plumbers Union Local 12 (\u201cPolicy\u201d), which coverage would extend to Riley. On February 23, 2011, Riley sought treatment for tooth discomfort at the office of Richard J. Baker, D.M.D. (\u201cDr. Baker\u201d), resulting in the placement of a crown upon a molar. For the services rendered, Riley paid Dr. Baker in full in the amount of $1,499.00. On February 24,2011, Dr. Baker, on behalf of Riley, submitted to Altus a document entitled ADA Dental Claim Form, seeking reimbursement for the dental services in the amount of $1,499.00.\nAs is the case in all insurance contracts, there are procedures set forth in the contract for the parties to follow regarding the submission of a claim and procedural options in the event of a denial of a claim. According to the Policy, in the event of a denial of a claim, there are two levels of appeal to challenge the denial. The initial submission of the claim form resulted in a denial, which notice was sent to Dr. Baker on March 9, 2011. The correspondence informed Dr. Baker that reimbursement for the crown was denied based upon a review by its Dental Consultant (a licensed practicing dentist), who concluded that the placement of a crown did not meet its dental treatment guidelines. In addition to informing Dr. Baker of the basis for the denial, Altus advised Dr. Baker of his right of appeal and the opportunity to obtain documents and guidelines related to the denial free of charge. To initiate the first appeal, Dr. Baker was asked to provide, inter alia, the reason why the claim was wrongfully denied and any other information in support of the claim, such as \u2018\u2018x-rays, narrative, charting, photos, treatment records, etc.\u201d\nAs a result of the denial, Dr. Baker, on behalf of Riley, commenced the first level of appeal. Dr. Baker sent a letter to Altus, which stated as follows: \u201cThis case needs to be reviewed as this tooth has distal and lingual fractures on the tooth. A crown was required to repair this tooth.\u201d In the appeal letter to Altus, Dr. Baker also included an X-ray of the tooth.\nAltus responded to Dr. Baker\u2019s letter, the first level of appeal, by correspondence dated March 28, 2011. Altus informed Dr. Baker that the treatment was reviewed on a first level of appeal by a Dental Consultant (a licensing practicing dentist), not involved in the initial denial, and the initial denial of the claim was upheld. The language for the relevant guideline was the same as previously referenced, Processing Policy Number 73. The letter went on to offer any documentation relevant to the denial free of charge and asked for any further information in support of the claim.\nIn response to the first-level appeal affirmation of the original denial, Dr. Baker initiated the second appeal by sending another letter repeating the same language of the first letter (except adding, \u201c [t] his is our second request\u201d). Dr. Baker provided no other supporting documentation, tests, or explanations as to the reasons that the claim should be paid. Altus responded to Dr. Baker\u2019s second-level appeal by correspondence dated April 19, 2011. Altus denied the claim on the same basis as before. In addition to confirming the original basis for denial, Altus informed Dr. Baker that the internal appeals process had been exhausted and of his, and Riley\u2019s, rights to initiate an external review of the denial or file suit.\nOn April 27, 2011, Jason A. Pithie, Esq. (\u201cPithie\u201d), on behalf of Riley, sent a letter to Altus advising that if the claim was not paid within fourteen days, then suit would be initiated. On June 17, 2011, Attorney Pithie sent another correspondence, pursuant to G.Lc. 176D and G.L.c. 93A, demanding payment of the bill. By letter dated July 14, 2011, Altus responded to the allegations set forth in counsel\u2019s G.L.c. 93A demand letter. As the claim remain unpaid, suit was filed in the Quincy District Court, alleging wrongful denial of claim pursuant to 29 U.S.C. \u00a7\u00a71132(a) (l) (B), (g) and violation of G.L.c. 176D and G.L.c. 93A. See 29 U.S.C. \u00a71132 (e) (conferring jurisdiction for civil actions to recover benefits due under ERISA plan both in state courts and district courts of the United States). On August 22, 2012, the matter proceeded to trial in the Quincy District Court.\nUnlike appeals from Massachusetts administrative agencies, the standard of review for the denial of benefits under an ERISA plan is not set out in the statute itself. See 29 U.S.C. \u00a7\u00a71001 et seq. By design, the courts were tasked to develop a Federal common law of rights and regulations under ERISA-regulated plans. Pilot Life Ins. Co. v. Dedeaux, 481 U.S. 41, 52-57 (1987). See also Franchise Tax Ed. of Cal. v. Construction Laborers Vacation Trust for S. Cal., 463 U.S. 1, 24 n.26 (1983), quoting 120 Cong. Rec. 29942 (1974) (remarks of Senator Javits) (\u201c[A] body of Federal substantive law will be developed by the courts to deal with issues involving rights and obligations under private welfare and pension plans.\u201d). Therefore, the first issue for the trial court was to determine the correct standard of review for an appeal from a denial of benefits under an ERISA-regulated plan.\nThe standard of review to be utilized by the trial judge is not in dispute. The insurer\u2019s denial of benefits is to be reviewed under the arbitrary and capricious standard. Pari-Fasano v. ITT Hartford Life &Acc. Ins. Co., 230 F.3d 415, 418 (1st Cir. 2000); Doe v. Travelers Ins. Co., 167 F.3d 53, 56-57 (1st Cir. 1999); Giannone v. Metropolitan Life Ins. Co., 311 F. Supp. 2d 168, 174-175 (D. Mass. 2004). The operative inquiry under arbitrary, capricious, or abuse of discretion review is whether the aggregate evidence (presented at the administrative hearing) could support a rational determination that the plan administrator acted arbitrarily in denying the claim for benefits. Twomey v. Delta Airlines Pilots Pension Plan, 328 F.3d 27, 31 (1st Cir. 2003), citing Leahy v. Raytheon Co., 315 F.3d 11, 18 (1st Cir. 2002). A decision to deny benefits to a beneficiary will be upheld if the \u201cadministrator\u2019s decision... [was] reasoned and supported by substantial evidence.\u201d Gannon v. Metropolitan Life Ins. Co., 360 F.3d 211, 213 (1st Cir. 2004). See also Boardman v. Prudential Ins. Co. of Am., 337 F.3d 9, 15 (1st Cir. 2003), quoting Pari-Fasano, supra at 419 (holding that district court can overturn \u201c[an administrator\u2019s] termination decision only if \u2018the insurer\u2019s eligibility determination was unreasonable in light of the information available to it\u2019\u201d).\nAltus argues that the court treated the trial as a de novo review of the evidence and did not employ the proper standard of review, namely, whether the administrative decision was arbitrary and capricious. As proof of the above, Altus points to various findings of fact made by the court, which findings went beyond the record and which formed the basis for the denial of the claim. Altus is correct that certain findings made and evidence admitted at trial went beyond the record presented to Altus at the time the decision was made to deny the claim. In particular, Altus points to the admission of testimony of the treating physician, Dr. Baker, regarding any facts not presented to Altus during the claim process as error. It is inherent in reviewing an administrative action for reasonableness that only evidence submitted to the entity be considered in determining whether its actions were reasonable, as an administrator could not act unreasonably by ignoring information never presented. See Leahy, supra at 18.\nAlthough the court\u2019s decision does reference certain inadmissible testimony, the question before us is whether the trial court based its rulings of law on the impermissible factual findings and, by doing so, misapplied the standard of review. In the event the inadmissible testimony was a basis for the court\u2019s decision, then such rulings would be reversible error. If such facts were not so utilized, then they are merely superfluous. Reviewing the courf s conclusions of law and findings of fact in support of the decision, there is no mention of any of the impermissibly admitted testimony. The court based its conclusion that the Altus claim review was arbitrary and capricious on its finding that the stated basis for the denial was disingenuous.\nAs referenced in the findings of fact, Altus denied the claim based upon very specific criteria, Processing Policy No. 73. Only after Riley hired an attorney and submitted a demand pursuant to G.L.c. 93A did Altus then provide a new specific and comprehensive guideline as an explanation for the denial of benefits. The trial judge found that Altus\u2019s actions in referencing a previously undisclosed guideline during the claims process resulted in an arbitrary standard being followed as the only defined standard for denial was \u201csignificant loss of tooth structure.\u201d As the court found the decision to deny the claim was not based upon Altus\u2019s stated reasons, the decision to deny the claim must have therefore been based upon some other, unidentified criteria.\nThe Policy sets forth the responsibilities of the parties upon the denial of a claim as follows:\nTo Appeal A Claim Determination ... Processing policy messages on your Explanation of Benefits or Pre-Treatment Estimate Notice explain the reason (s) for the denial, refer to easy plan provisions on which the decision was based, and refer to a guideline, protocol or criteria we used to make the adverse decision (emphasis in original).\nThe Policy goes on to inform the insured that if requested, free of charge, they would provide the insured copies of all relevant documents regarding the claim and any internal rule, guideline, or protocol and/or any explanation of any clinical judgment used to decide the claim. A review of the record of the claim shows that Altus sent two denial letters to Dr. Baker, stating that the basis for the denial was as follows:\nProcessing Policy No. 73> The contract provides for crowns, buildups and metallic onlays only when teeth have been broken down by decay or when there is significant loss of tooth structure due to fracture (emphasis in original).\nOther than citing Processing Policy No. 73, there is no other stated basis for denials of the claim. Significantly, Altus does not reference, as its policy indicates it must, any plan provisions, guidelines, protocols, or criteria used to render the adverse decision. There was no mention in either of the two levels of appeal of the specific Utilization Review Guideline later used to explain the denial of the claim in the response to the G.L.c. 93A demand letter. In the Explanation of Benefits, there was no other reference to any criteria, other than the processing policy, as a basis for the denial of the claim.\nSubsequent to the two administrative appeals, having exhausted his administrative remedies, Riley sought legal representation. Counsel sent a letter pursuant to G.Lc. 93A and G.Lc. 1760 to Altus. Carol Gioffreda (\u201cGioffreda\u201d), a quality assurance coordinator for Altus, responded to counsel\u2019s demand letter. Gioffreda testified that the purpose of the letter was to respond to the allegations of unfair and deceptive practices in the denial of the claim. In her correspondence, Gioffreda indicated that the basis for the denial was a specific Utilization Review Guideline. Gioffreda set forth the specific guideline in the letter and provided a copy of the guideline as an attachment. The guideline, as a basis for denial, was first referenced in the response to the G.Lc. 93A demand letter; this guideline had never been referenced in any denial letter or Explanation of Benefits to Riley or Dr. Baker. The processing policy, which was the stated reason for the denial of benefits, was nowhere referenced in the response letter as a basis for the denial. As stated aptly by Riley in his testimony, Altus had \u201cmoved the goal posts.\u201d\nNot only did the response to the G.L.c. 93A letter conflict with the reasoning for the original denials, the claims handling documents also show similar revisionist thinking. The most contemporaneous records chronicling the basis for the denial of the claim are contained in the \u201cDCM Notes.\u201d Although not referenced in the G.L. c. 93A demand response, the DCM Notes specify the basis for the denial of the claim:\nTH 19 PROC-2740 DENY WITH PP73\nFINAL REVIEW DECISION IS BASED UPON ALL SUBMITTED DOCUMENTATION\nX-RAY INDICATES A DISTAL FRACTURE OF THE TOOTH WHICH MAY BE RESTORED MORE CONSERVATIVELY. THERE APPEARS TO BE A LACK OF BREAKDOWN TO QUALIFY FORA CROWN.\nNO NARRATIVE EXPLAINING THE EXTENT OFTHE DISTAL FRACTURE\nAlthough referencing the \u201cdeny with PP73\u201d (by inference, Processing Policy No. 73), there is no mention of the specific Utilization Review Guideline as referenced in the G.L.c. 93A response letter.\nThe basis for the trial judge\u2019s decision concluding that the denial of the claim was arbitrary is rooted in the claims handling procedures, which facts are undisputed. At all steps of the denial process, Altus failed to comply with the terms of the Policy insofar as it related to notification for the basis of the denial of the claim. The stated basis for the denial of the claim in both denial letters failed to mention the particular guideline relied upon in the response to the G.L.c. 93A letter and testimony at trial. Based upon the undisputed facts, the trial judge concluded that Altus\u2019s claims handlers were disingenuous and chose arbitrary standards as Altus provided multiple reasons for the denial of the claim. Based upon the properly admitted evidence and the appropriate standard of review, Altus\u2019s shifting reasons for denial of the claim rendered its decision to deny the claim arbitrary and capricious and, as the court opined, disingenuous.\nJudgment affirmed.\nThe claim form identified the date of the procedure, the tooth number 0P 19), the procedure code (D2740), the description of the service (Crown-pore/ceramic Substr), and the cost. There was no other information provided to Altus.\nIn summary, pursuant to the Policy, a claimant may avail himself of two levels of internal appeal and one external review when an adverse determination is made based upon a failure to meet the Policy\u2019s Utilization Review Guidelines. In the first appeal, the claimant would state the basis for the appeal and include any relevant documentation. The matter would then be reviewed by a Dental Consultant and a decision rendered. In the event the denial of the benefit is upheld, the claimant has a right to a second appeal. The second appeal incorporates the same procedure as the first; however, a different Dental Consultant is assigned to review the matter who was not involved in the first denial. In the event the second appeal is denied, the claimant may pursue an external appeal where the claimant and the insurance company split the cost of an external reviewer. If the external review option is not chosen by the claimant, the claimant may choose to file a civil action pursuant to \u00a7502 (a) of ERISA.\nThe correspondence referenced the specific guideline utilized in the denial of the claim as \u201c<Processing Policy Number 73> The contract provides benefits for crowns, buildups and metallic onlays only when teeth have been broken down by decay or when there is significant loss of tooth structure due to fracture. Based upon the documentation reviewed by the Dental Consultant, the procedure does not qualify\u201d (emphasis in original).\nIn summary, Altus\u2019s response set forth the specific dental guidelines that had not been met, further stating that Dr. Baker\u2019s prior submissions showed no evidence of active decay, recurrent decay, cuspal fracture (the entire cusp would have to be missing), three surface restorations with very thin buccal/lingual walls, and the X-rays revealed the existing restoration was not within 2 mm. of the pulp. The specific dental guideline as referenced in the G.L.c. 93A demand response had not been referenced in the initial denial or the two appeal denials or in any other correspondence or Explanation of Benefits.\nAs a comparison, in appeals from denials of unemployment benefits in Massachusetts, the standard of review is set forth by statute. See G.L.c. 30A, \u00a714.\nAs disingenuous is a synonym for deceptive, the trial judge\u2019s finding of a violation of G.L.c. 93A is not an error of law.",
        "type": "majority",
        "author": "Welch, J."
      }
    ],
    "attorneys": [
      "Jason A. Pithie for the plaintiff.",
      "William R. Landry and Joseph V. Cavanagh, III, for the defendant."
    ],
    "corrections": "",
    "head_matter": "Thomas E. Riley, Jr. vs. Altus Dental Insurance Company, Inc.\nSouthern District\nAugust 15, 2014.\nPresent: Williams, P.J., Merrick & Welch, JJ.\nJason A. Pithie for the plaintiff.\nWilliam R. Landry and Joseph V. Cavanagh, III, for the defendant.\nThe Honorable Brian R. Merrick participated in the hearing and review of this appeal, but retired prior to the issuance of this opinion."
  },
  "file_name": "0152-01",
  "first_page_order": 158,
  "last_page_order": 163
}
