{
  "id": 6087937,
  "name": "In re John Keener, et al.",
  "name_abbreviation": "In re Keener",
  "decision_date": "1967-08-28",
  "docket_number": "No. 8029",
  "first_page": "1639",
  "last_page": "1639",
  "citations": [
    {
      "type": "official",
      "cite": "54 C.C.P.A. 1639"
    }
  ],
  "court": {
    "name_abbreviation": "C.C.P.A.",
    "id": 8989,
    "name": "United States Court of Customs and Patent Appeals"
  },
  "jurisdiction": {
    "id": 39,
    "name_long": "United States",
    "name": "U.S."
  },
  "cites_to": [],
  "analysis": {
    "cardinality": 18,
    "char_count": 98,
    "ocr_confidence": 0.479,
    "sha256": "497598225d37581d2fb824f66ef608cf2c9f5577497d5189f554e5ecb6ac565a",
    "simhash": "1:809845efde980edb",
    "word_count": 18
  },
  "last_updated": "2023-07-14T15:23:54.153496+00:00",
  "provenance": {
    "date_added": "2019-08-29",
    "source": "Harvard",
    "batch": "2018"
  },
  "casebody": {
    "judges": [],
    "parties": [
      "In re John Keener, et al."
    ],
    "opinions": [
      {
        "text": "Retractable Support and Method of Using Same.",
        "type": "majority",
        "author": null
      }
    ],
    "attorneys": [],
    "corrections": "",
    "head_matter": "August 28, 1967\nNo. 8029.\nIn re John Keener, et al."
  },
  "file_name": "1639-05",
  "first_page_order": 979,
  "last_page_order": 979
}
