{
  "id": 8021899,
  "name": "Edna THIBODEAU v. ETSCOVITZ CHEVROLET and/or Travelers Insurance Company",
  "name_abbreviation": "Thibodeau v. Etscovitz Chevrolet",
  "decision_date": "1976-11-15",
  "docket_number": "",
  "first_page": "804",
  "last_page": "807",
  "citations": [
    {
      "type": "official",
      "cite": "365 A.2d 804"
    }
  ],
  "court": {
    "name_abbreviation": "Me.",
    "id": 9543,
    "name": "Maine Supreme Judicial Court"
  },
  "jurisdiction": {
    "id": 42,
    "name_long": "Maine",
    "name": "Me."
  },
  "cites_to": [
    {
      "cite": "331 A.2d 365",
      "category": "reporters:state_regional",
      "reporter": "A.2d",
      "case_ids": [
        8035871
      ],
      "year": 1975,
      "pin_cites": [
        {
          "page": "368-69"
        }
      ],
      "opinion_index": 0,
      "case_paths": [
        "/a2d/331/0365-01"
      ]
    },
    {
      "cite": "358 A.2d 511",
      "category": "reporters:state_regional",
      "reporter": "A.2d",
      "case_ids": [
        8016299
      ],
      "year": 1976,
      "pin_cites": [
        {
          "page": "513"
        }
      ],
      "opinion_index": 0,
      "case_paths": [
        "/a2d/358/0511-01"
      ]
    },
    {
      "cite": "358 A.2d 544",
      "category": "reporters:state_regional",
      "reporter": "A.2d",
      "case_ids": [
        8016985
      ],
      "weight": 2,
      "year": 1976,
      "pin_cites": [
        {
          "page": "548"
        }
      ],
      "opinion_index": 0,
      "case_paths": [
        "/a2d/358/0544-01"
      ]
    }
  ],
  "analysis": {
    "cardinality": 477,
    "char_count": 7613,
    "ocr_confidence": 0.799,
    "pagerank": {
      "raw": 8.363161436670141e-08,
      "percentile": 0.48148502094137535
    },
    "sha256": "052bd443d82608ae6ed485fb2e74711277bd4a9550570af4d9ac6aa8129fa0c8",
    "simhash": "1:4591e50b215821fc",
    "word_count": 1237
  },
  "last_updated": "2024-02-27T19:27:40.075995+00:00",
  "provenance": {
    "date_added": "2019-08-29",
    "source": "Harvard",
    "batch": "2018"
  },
  "casebody": {
    "judges": [
      "Before DUFRESNE, C. J., and WEATHERBEE, POMEROY,. WER-NICK and ARCHIBALD, JJ.",
      "DELAHANTY, J., did not sit."
    ],
    "parties": [
      "Edna THIBODEAU v. ETSCOVITZ CHEVROLET and/or Travelers Insurance Company."
    ],
    "opinions": [
      {
        "text": "POMEROY, Justice.\n39 M.R.S.A. \u00a7 65 was invoked by this employer-appellant to effect a forfeiture of an injured employee\u2019s compensation under the Workmen\u2019s Compensation Act. 39 M. R.S.A. \u00a7 1 rf seq.\nAfter a decision by the Industrial Accident Commissioner adverse to the employer, an appeal was taken to the Superior Court. This appeal is before us from a pro forma decree of the Superior Court sustaining the decision of the Commissioner.\nWe deny the appeal.\nThat appellee-employee received a com-pensable injury while in appellant\u2019s employment is not in question. The injury involved a torn cartilage with a subluxing patella, a tear of the lateral meniscus, and laxity of the ligament.\nJohn McGinn, M.D., a board-certified orthopedic surgeon, testified before the commission that he recommended removal of the lateral cartilage and that a Hauser procedure be carried out on the patella. Such surgery, in his opinion, should not be considered difficult, and the probability of a usable knee resulting from such surgery is great. Dr. McGinn acknowledged that any surgery involves some risk, including the risks considered usual to the use of anesthesia. Dr. McGinn\u2019s testimony, which was accepted by the commission, was that the proposed surgery \u201ccarries a very high degree of success, very few recurrences once this is done\u201d and \u201cit [the surgery] would prevent the kneecap from dislocating and subluxing, and by doing that number one it would prevent further damage to the patella femoral articulation; and two, it would give her a more stable knee that would not be giving out on her all the time.\u201d The surgery, he testified, would increase the employee\u2019s work capacity.\nThe problem arises because by history the employee had experienced phlebitis in the past and had once suffered a pulmonary embolism stemming from such phlebitis. The Commissioner found that a Dr. Aungst, who had treated the appellee prior to her accident, had \u201cnoted very marked varicose veins, especially on the left, but did not observe phlebitis which is related to varicose veins.\u201d Mrs. Thibodeau, the appellee, had declined the proposed surgery because, in her words, \u201cI was scared.\u201d She explained her fear by saying that even after she had been told by Dr. McGinn that \u201che didn\u2019t think it would be dangerous to take the operation,\u201d her concern was that \u201cif I take a chance on my life or being crippled, I\u2019m thinking of my kids at home right now. If my kids would be older, it would be different, maybe I would take the chance; but they are too young to take care of themselves and I wouldn\u2019t want to leave them with strangers to take care of them.\u201d\nThe Commissioner concluded from all the evidence before him that \u201cweighing the potential benefits to Mrs. Thibodeau [from the surgery] against the risk involved . it is our feeling that the risk is one of such magnitude that imposition of forfeiture is not warranted under the circumstances.\u201d\nIn Gordon v. Maine Reduction Company, Inc., Me., 358 A.2d 544 (1976), we said, in speaking of that portion of 39 M.R.S.A. \u00a7 65 with which we are here concerned:\n\u201c[W]here the risk of surgery is insubstantial and the probability of its success high, the claimant\u2019s refusal to submit to the operation is unreasonable and will result in a forfeiture of compensation benefits.\n\u201c. . . This standard requires the Commission to make its decision as to the reasonableness of the claimant\u2019s conduct by weighing the probability of the success of the proposed treatment against the risks to the claimant, thus providing an objective limitation on the Commission\u2019s authority to deny compensation once the claimant\u2019s right to benefits under the Act has already been established. Such a calculus of risk and success would embrace a multitude of variables, including the claimant\u2019s age and condition.\u201d Id., at 548.\nThe correct standard involves only medical considerations, i. e., risk of treatment versus the probability of success of treatment.\nIt is urged that the Commissioner applied an incorrect standard. Apparently, this contention is bottomed on Mrs. Thibo-deau\u2019s testimony that she was \u201cthinking of my [her] kids at home . . ..\u201d It might be argued that the Commissioner\u2019s ruling was that the sanction provided by 39 M.R.S.A. \u00a7 65 should not be applied because of the employee\u2019s family situation. We think a fair reading of her testimony compels the conclusion that the employee was merely explaining the underlying cause of her fear of subjecting herself to the medical risk of the proposed surgery.\nWe are satisfied that the Commissioner so interpreted it.\nHe did not use this testimony as a basis for concluding that her refusal of surgery was reasonable.\n39 M.R.S.A. \u00a7 65 mandates that the Commissioner weigh the probability of the success of the proposed treatment against the medical risk to the claimant. To do this, he must \u201cembrace a multitude of variables, including the claimant\u2019s age and condition,\u201d in evaluating the medical risk. In this case specifically he properly considered that the claimant was 50 years of age, suffering from varicose veins, with a history of phlebitis and an incident of pulmonary embolus in her past.\nWe do not interpret the Commissioner\u2019s conclusion to be based on any but medical facts. The Commissioner\u2019s conclusion clearly was that the medical risk to the ap-pellee was of a magnitude such that the imposition of forfeiture provided by the statute was not warranted.\nThe probability of the success of the surgery was high. The risk of the surgery was great. That these two conclusions are accurate cannot be questioned. Applying the standard set forth in Gordon to these facts necessarily results in the finding that the appellee-employee\u2019s refusal was not unreasonable.\nUnder the long-established rule in Maine, the factual findings of the Industrial Accident Commission are final if supported by competent evidence. E. g., Jacobsky v. D\u2019Alfonso & Sons, Inc., Me., 358 A.2d 511, 513 (1976); Willette v. Statler Tissue Corp., Me., 331 A.2d 365, 368-69 (1975); see 39 M.R.S.A. \u00a7 99.\nWe find that the record provided such competent evidence. It follows that the Commissioner\u2019s conclusion is unassailable here.\nAccordingly, the appeal from the pro forma decree of the Superior Court must be denied.\nThe entry is:\nAppeal denied.\nIt is further ordered that appellant pay to appellee $550 for her counsel fees plus her actual reasonable out-of-pocket expenses of this appeal.\nDELAHANTY, J., did not sit.\nAll Justices concurring.\n. 39 M.R.S.A. \u00a7 65 provides in pertinent part as follows:\n\u201cIf any employee refuses or neglects to submit himself to any reasonable examination provided for in .this Act, or in any way obstructs any such examination, or if he declines a service which the employer is required to provide under this Act, then, upon petition of said employer and hearing before the commission, such employee\u2019s rights to compensation shall be forfeited during the period of said infractions if the commission finds that there is adequate cause to do so.\u201d\n. To the extent that the fact that this claimant bore eleven children is of medical significance, the Commissioner was entitled to consider it, but for no other reason.",
        "type": "majority",
        "author": "POMEROY, Justice."
      }
    ],
    "attorneys": [
      "Robert L. Jalbert, Fort Kent, for plaintiff.",
      "Stevens, Engels & Bishop by Albert M. Stevens, Presque Isle, for defendants."
    ],
    "corrections": "",
    "head_matter": "Edna THIBODEAU v. ETSCOVITZ CHEVROLET and/or Travelers Insurance Company.\nSupreme Judicial Court of Maine.\nNov. 15, 1976.\nRobert L. Jalbert, Fort Kent, for plaintiff.\nStevens, Engels & Bishop by Albert M. Stevens, Presque Isle, for defendants.\nBefore DUFRESNE, C. J., and WEATHERBEE, POMEROY,. WER-NICK and ARCHIBALD, JJ.\nWEATHERBEE, J., sat at argument and participated in consultation but died prior to preparation of opinion."
  },
  "file_name": "0804-01",
  "first_page_order": 860,
  "last_page_order": 863
}
