{
  "id": 7975453,
  "name": "BROOKS BROS., INC. v. Barry L. HARRIS et al.",
  "name_abbreviation": "Brooks Bros. v. Harris",
  "decision_date": "1981-07-15",
  "docket_number": "",
  "first_page": "750",
  "last_page": "752",
  "citations": [
    {
      "type": "official",
      "cite": "432 A.2d 750"
    }
  ],
  "court": {
    "name_abbreviation": "Me.",
    "id": 9543,
    "name": "Maine Supreme Judicial Court"
  },
  "jurisdiction": {
    "id": 42,
    "name_long": "Maine",
    "name": "Me."
  },
  "cites_to": [
    {
      "cite": "20 Me.L.Rev. 49",
      "category": "journals:journal",
      "reporter": "Me. L. Rev.",
      "year": 1968,
      "pin_cites": [
        {
          "page": "53"
        }
      ],
      "opinion_index": 0
    },
    {
      "cite": "5 N.E. 847",
      "category": "reporters:state_regional",
      "reporter": "N.E.",
      "year": 1886,
      "pin_cites": [
        {
          "page": "850-51",
          "parenthetical": "contract of fire insurance on merchandise valid and enforcible despite insurer's mistaken belief that the owner-insured was a sole proprietor, rather than a partnership"
        }
      ],
      "opinion_index": 0
    },
    {
      "cite": "141 Mass. 298",
      "category": "reporters:state",
      "reporter": "Mass.",
      "case_ids": [
        766265
      ],
      "year": 1886,
      "pin_cites": [
        {
          "page": "302-04",
          "parenthetical": "contract of fire insurance on merchandise valid and enforcible despite insurer's mistaken belief that the owner-insured was a sole proprietor, rather than a partnership"
        }
      ],
      "opinion_index": 0,
      "case_paths": [
        "/mass/141/0298-01"
      ]
    },
    {
      "cite": "425 A.2d 978",
      "category": "reporters:state_regional",
      "reporter": "A.2d",
      "case_ids": [
        7994230
      ],
      "year": 1981,
      "pin_cites": [
        {
          "page": "982",
          "parenthetical": "emphasis in original"
        }
      ],
      "opinion_index": 0,
      "case_paths": [
        "/a2d/425/0978-01"
      ]
    }
  ],
  "analysis": {
    "cardinality": 449,
    "char_count": 7090,
    "ocr_confidence": 0.8,
    "pagerank": {
      "raw": 6.689752517099727e-08,
      "percentile": 0.4067434047313183
    },
    "sha256": "9df011115eddf8eb9a8e7ea73d062bcf2908e7a2ce6c7b003bb67493f686e58b",
    "simhash": "1:af96be89be711189",
    "word_count": 1169
  },
  "last_updated": "2024-02-27T23:49:49.244770+00:00",
  "provenance": {
    "date_added": "2019-08-29",
    "source": "Harvard",
    "batch": "2018"
  },
  "casebody": {
    "judges": [
      "Before McKUSICK, C. J., and WER-NICK, NICHOLS, ROBERTS and CARTER, JJ."
    ],
    "parties": [
      "BROOKS BROS., INC. v. Barry L. HARRIS et al."
    ],
    "opinions": [
      {
        "text": "McKUSICK, Chief Justice.\nPlaintiff Brooks Brothers, Inc., a fuel oil dealer of Bethel, sued Harris-Cahill, a Massachusetts general partnership, for the balance due on fuel oil and gasoline delivered to the Bethel Inn, a hotel owned by the partnership and located in the same town. The complaint named both partners, Barry Harris and Peter Cahill, as defendants. After a jury-waived trial, the Superior Court (Oxford County) entered judgment for plaintiff against the Harris-Cahill partnership, and against Harris and Cahill as partners therein, in the amount of $7,759.72. The sole issue on appeal is whether the record supports the Superior Court\u2019s finding that the Harris-Cahill partnership was the entity that contracted with Brooks Bros, for the oil products. Defendants contend that, contrary to the finding below, the buyer of the oil products was a corporation, Alliance Corporation of Maine, which Harris and Cahill controlled, to which the partnership had allegedly leased the Bethel Inn. Concluding, as we do, that the Superior Court\u2019s findings of fact had ample support in the record to withstand a \u201cclearly erroneous\u201d attack under M.R.Civ.P. 52(a), we affirm the judgment.\nAs we have recently stated, \u201c[t]he essential impact of the \u2018clearly erroneous\u2019 rule is that the trial judge\u2019s findings stand unless they clearly cannot be correct because there is no competent evidence to support them.\u201d Harmon v. Emerson, Me., 425 A.2d 978, 982 (1981) (emphasis in original). The record contains abundant competent evidence that Brooks\u2019 contractual arrangement was with the owners of Bethel Inn, namely, the Harris-Cahill partnership, and not with Alliance Corporation of Maine. Testimony at trial justifies the following description of the dealings between the parties. Dana Brooks, treasurer of plaintiff Brooks Bros., knew Harris and Cahill had bought the Bethel Inn, although he did not know the exact name or business organization through which they had taken title. At the request of Ernest Tremblay, known to be the manager of the Bethel Inn, with apparent authority to act for the owners, Mr. Brooks submitted a price quotation addressed to \u201cThe Bethel Inn, Inc.\u201d That was the corporate name of the prior owner of the inn to which plaintiff had sold oil products, and Mr. Brooks thought Harris and Cahill had merely \u201cbought it out.\u201d Subsequently, all bills ran to \u201cBethel Inn.\u201d No one connected with the inn ever attempted to correct Mr. Brooks\u2019 erroneous idea of the name of the inn owner.\nWhen the Bethel Inn account fell in arrears, Jeri Brooks, bookkeeper for Brooks Bros., discussed the bill several times with the hotel manager and with Harris, who she knew as \u201cone of the owners.\u201d At no time did either ever indicate that the hotel was being leased to Alliance Corporation or that either was acting in any capacity other than for the owners of Bethel Inn. Certain of the oil bills were paid by checks from \u201cBe-thel Inn, Manager\u2019s Account.\u201d Although some others were paid by checks bearing the legend \u201cThe Bethel Inn, The Alliance Corporation of Maine,\u201d Brooks Bros, never was put on notice that this was anything but a convenient payment device used by the hotel owners. In light of the fact that it is the trial justice\u2019s function to assess the credibility and weight of evidence before him, particularly oral testimony, we must accept his specific conclusion that Brooks Bros., Inc. \u201chad no notice, actual or constructive, that they were doing business with the Alliance Corporation rather than the Bethel Inn.\u201d The fact that Brooks Bros, addressed its price quotation to a corporation does not support defendants\u2019 argument that only a corporation, namely, Alliance Corporation of Maine, is liable for the oil bills. Defendants never did anything to disabuse Brooks Bros, of its obvious assumption in its price quotation and its billings that it was dealing with the hotel owners, and that it was justified in delivering oil products to Bethel Inn, on the credit of that valuable real estate located in the same town. Defendants cannot substitute another corporation as the debtor when it is revealed that in fact the owner of the hotel is not a corporation, but a partnership. Cf. Clement v. British American Assurance Co., 141 Mass. 298, 302-04, 5 N.E. 847, 850-51 (1886) (contract of fire insurance on merchandise valid and enforcible despite insurer\u2019s mistaken belief that the owner-insured was a sole proprietor, rather than a partnership).\nIt is a black-letter principle of contract law that \u201cany conduct of one party, from which the other might reasonably draw the inference of a promise, is effective in law as such.\u201d 1 Wflliston on Contracts \u00a7 22A at 50 (1957); see also Restatement (Second) of Contracts \u00a7 5 (1973). In the case at bar, the conduct of the Bethel Inn owners was such that Brooks Bros, might reasonably draw the inference of a promise to pay for the oil products delivered at the hotel. By no means was the Superior Court\u2019s finding of fact that the partnership that owned Bethel Inn had contracted with Brooks Bros, clearly erroneous on this record.\nThe entry must be:\nJudgment for plaintiff affirmed.\nAll concurring.\n. With the requisite court approval, M.R.Civ.P. 4A(c), plaintiff obtained a real estate attachment upon all real estate of the partnership in Oxford County. Section 8(3) of the Uniform Partnership Act authorizes title to real estate to be held and conveyed in the name of a partnership. See 31 M.R.S.A. \u00a7 288 (1978).\n. Exclusive of geographical references, defendants were named in the caption of the complaint as follows:\nBarry L. Harris\nAND\nPeter J. Cahill\nAS\nHARRIS-CAHILL, a Massachusetts Partnership\nd/b/a\nThe Bethel Inn\nPlaintiff thus complied with the procedural rule at common law that a partnership may be sued only in the name of all its partners. See Wroth, Civil Rules Amendments, 20 Me.L.Rev. 49, 53 (1968); J. Crane & A. Bromberg, Law of Partnership \u00a7 58(a) at 335-36 (1968). Therefore, we need not decide whether the 1967 promulgation of M.R.Civ.P. 4(d)(10) (service upon all partners by service upon any partner or any managing or general agent of the partnership) and the 1973 enactment in Maine of the Uniform Partnership Act, P.L.1973, ch. 377, 31 M.R.S.A. ch. 9 (1978), have effected changes in that procedural rule so that a partnership with a large number of partners may sue or be sued in Maine courts in its common name. In any event, that question is better resolved by the Supreme Judicial Court through its rule-making power by an appropriate amendment comparable to F.R.Civ.P. 17(b) (a partnership \u201cmay sue or be sued in its common name for the purpose of enforcing for or against it a substantive right existing under the Constitution or laws of the United States\u201d).",
        "type": "majority",
        "author": "McKUSICK, Chief Justice."
      }
    ],
    "attorneys": [
      "Michael J. O\u2019Donnell (orally), Bethel, for plaintiff.",
      "Bernstein, Shur, Sawyer & Nelson, Linda A. Monica (orally), Portland, for defendants."
    ],
    "corrections": "",
    "head_matter": "BROOKS BROS., INC. v. Barry L. HARRIS et al.\nSupreme Judicial Court of Maine.\nArgued May 11, 1981.\nDecided July 15, 1981.\nMichael J. O\u2019Donnell (orally), Bethel, for plaintiff.\nBernstein, Shur, Sawyer & Nelson, Linda A. Monica (orally), Portland, for defendants.\nBefore McKUSICK, C. J., and WER-NICK, NICHOLS, ROBERTS and CARTER, JJ."
  },
  "file_name": "0750-01",
  "first_page_order": 794,
  "last_page_order": 796
}
