{
  "id": 8430217,
  "name": "COMMONWEALTH of Pennsylvania, Appellee, v. Albert DAVIS, Appellant",
  "name_abbreviation": "Commonwealth v. Davis",
  "decision_date": "2006-02-24",
  "docket_number": "",
  "first_page": "151",
  "last_page": "154",
  "citations": [
    {
      "type": "official",
      "cite": "894 A.2d 151"
    }
  ],
  "court": {
    "name_abbreviation": "Pa. Super. Ct.",
    "id": 8775,
    "name": "Superior Court of Pennsylvania"
  },
  "jurisdiction": {
    "id": 6,
    "name_long": "Pennsylvania",
    "name": "Pa."
  },
  "cites_to": [
    {
      "cite": "868 A.2d 578",
      "category": "reporters:state_regional",
      "reporter": "A.2d",
      "case_ids": [
        9177968
      ],
      "weight": 6,
      "pin_cites": [
        {
          "page": "580"
        },
        {
          "page": "580-81"
        },
        {
          "page": "581"
        },
        {
          "page": "580",
          "parenthetical": "emphasis added"
        }
      ],
      "opinion_index": 0,
      "case_paths": [
        "/a2d/868/0578-01"
      ]
    },
    {
      "cite": "868 A.2d 431",
      "category": "reporters:state_regional",
      "reporter": "A.2d",
      "case_ids": [
        650302,
        9177582
      ],
      "year": 2005,
      "opinion_index": 0,
      "case_paths": [
        "/pa/582/0052-01",
        "/a2d/868/0431-01"
      ]
    },
    {
      "cite": "582 Pa. 52",
      "category": "reporters:state",
      "reporter": "Pa.",
      "case_ids": [
        650302
      ],
      "year": 2005,
      "opinion_index": 0,
      "case_paths": [
        "/pa/582/0052-01"
      ]
    },
    {
      "cite": "826 A.2d 831",
      "category": "reporters:state_regional",
      "reporter": "A.2d",
      "case_ids": [
        9111753,
        197189
      ],
      "year": 2003,
      "pin_cites": [
        {
          "page": "853"
        }
      ],
      "opinion_index": 0,
      "case_paths": [
        "/a2d/826/0831-01",
        "/pa/573/0426-01"
      ]
    },
    {
      "cite": "573 Pa. 426",
      "category": "reporters:state",
      "reporter": "Pa.",
      "case_ids": [
        197189
      ],
      "year": 2003,
      "opinion_index": 0,
      "case_paths": [
        "/pa/573/0426-01"
      ]
    },
    {
      "cite": "813 A.2d 726",
      "category": "reporters:state_regional",
      "reporter": "A.2d",
      "case_ids": [
        9381173,
        716471
      ],
      "weight": 6,
      "year": 2002,
      "pin_cites": [
        {
          "page": "738"
        },
        {
          "page": "737-38"
        },
        {
          "page": "737"
        },
        {
          "page": "738"
        }
      ],
      "opinion_index": 0,
      "case_paths": [
        "/a2d/813/0726-01",
        "/pa/572/0048-01"
      ]
    },
    {
      "cite": "572 Pa. 48",
      "category": "reporters:state",
      "reporter": "Pa.",
      "case_ids": [
        716471
      ],
      "year": 2002,
      "opinion_index": 0,
      "case_paths": [
        "/pa/572/0048-01"
      ]
    }
  ],
  "analysis": {
    "cardinality": 425,
    "char_count": 8808,
    "ocr_confidence": 0.668,
    "pagerank": {
      "raw": 1.409511397618554e-07,
      "percentile": 0.6466865442734306
    },
    "sha256": "457b784394f26b3cf523826be0f2e2a5f5be16c356b74d5eb7a6c76ecbbed5f3",
    "simhash": "1:c010674c926fb3e7",
    "word_count": 1411
  },
  "last_updated": "2024-02-27T16:16:54.842931+00:00",
  "provenance": {
    "date_added": "2019-08-29",
    "source": "Harvard",
    "batch": "2018"
  },
  "casebody": {
    "judges": [
      "BEFORE: MUSMANNO, KLEIN and JOHNSON, JJ.",
      "\u00b6 13 JOHNSON, J., concurs in the result."
    ],
    "parties": [
      "COMMONWEALTH of Pennsylvania, Appellee, v. Albert DAVIS, Appellant."
    ],
    "opinions": [
      {
        "text": "OPINION BY\nMUSMANNO, J.:\n\u00b6 1 Albert Davis (\u201cDavis\u201d) appeals, nunc ;pro tunc, from the judgment of sentence imposed following his conviction of murder in the first degree. We affirm.\n\u00b6 2 On April 29, 1999, a jury convicted Davis of first degree murder, criminal conspiracy and a violation of the Uniform Firearms Act. The trial court sentenced Davis on the same day to a life prison term. Davis filed an untimely pro se Notice of appeal on June 29, 1999. Thereafter, Davis filed a pro se Petition for relief pursuant to the Post Conviction Relief Act (\u201cPCRA\u201d). The PCRA court subsequently appointed counsel to represent Davis in the post-conviction proceedings. Davis filed an Amended PCRA Petition on August 20, 2004. Davis\u2019s Amended PCRA Petition sought to reinstate his direct appeal rights and also raised two claims of ineffective assistance of trial counsel. The PCRA court reinstated Davis\u2019s direct appeal rights, nunc pro tunc, on October 6, 2004, but did not address Davis\u2019s remaining claims. Thereafter, Davis filed this timely Notice of appeal, in which he raises the following two issues:\n1. Did the PCRA court err when it failed to conduct an evidentiary hearing concerning [Davis\u2019s] ineffective assistance of counsel claims after it reinstated his appellate rights nunc pro tunc since the record regarding trial counsel\u2019s motives for eliciting defense-damaging testimony was incomplete, and therefore, not reviewable on direct appeal?\n2. Was trial counsel ineffective for eliciting from the Commonwealth\u2019s witnesses on cross examination prejudicial testimony that indicated that [Davis] was a suspect in other crimes, by creating an inference that [Davis] was a member of a street gang, and by failing to request a cautionary instruction once the testimony had been made part of the record, where [Davis\u2019s] involvement in other crimes, and his alleged membership in a street gang was not relevant to the determination of guilt or innocence at trial?\nPer Curiam Order of the Superior Court, 9/15/05 (permitting supplemental filing of Statement of Questions Presented after Davis omitted such questions from his appellate brief).\n\u00b63 On direct appeal, nunc pro tunc, Davis raises a claim that the PCRA court erred in failing to conduct an evidentiary hearing, as well as two claims of ineffective assistance of trial counsel. At the heart of Davis\u2019s appeal lies the issue of whether this Court can reach his claims of ineffective assistance and what remedy is available where the PCRA court reinstates direct appeal rights, nunc pro tunc, but does not develop an evidentiary record concerning other claims of ineffective assistance of counsel. Both ineffectiveness claims were raised in Davis\u2019s PCRA Petition, pursuant to which his direct appeal rights were reinstated nunc pro tunc. However, the PCRA court did not conduct an evidentia-ry hearing on Davis\u2019s two ineffectiveness claims or develop an evidentiary record on these claims after reinstating Davis\u2019s direct appeal rights.\n\u00b6 4 In Commonwealth v. Grant, 572 Pa. 48, 813 A.2d 726 (2002), the Pennsylvania Supreme Court stated that \u201cas a general rule, a petitioner should wait to raise claims of ineffective assistance of trial counsel until collateral review.\u201d Id. at 738. Underlying this rule is the Supreme Court\u2019s observation that \u201ctime is necessary for a petitioner to discover and fully develop claims related to trial counsel ineffectiveness.\u201d Id. at 737-38. Thus, \u201cthe record may not be sufficiently developed on direct appeal to permit adequate review of ineffectiveness claims[.]\u201d Id. at 737. Because appellate courts do not normally consider issues that were not raised and developed in the court below, the Grant court reasoned that \u201cdeferring review of trial counsel ineffectiveness claims until the collateral review stage of the proceedings offers a petitioner the best avenue to effect his Sixth Amendment right to counsel.\u201d Id. at 738.\n\u00b6 5 In Grant, however, the Supreme Court acknowledged that under limited circumstances, the Court could create exceptions and review certain claims of ineffectiveness on direct appeal. Grant, 813 A.2d at 738 n. 14. In Commonwealth v. Bomar, 573 Pa. 426, 826 A.2d 831, 853 (2003), the Pennsylvania Supreme Court held that the rule announced in Grant did not apply where the trial court conducted an evidentiary hearing and addressed the ineffectiveness claims in its opinion. The Supreme Court later clarified this exception, stating that, for ineffectiveness issues to be addressed on direct appeal, there must be a record developed that is \u201cdevoted solely to the ineffectiveness claims.\u201d Commonwealth v. Davido, 582 Pa. 52, 868 A.2d 431, 441 n. 16 (2005).\n\u00b6 6 On appeal, Davis acknowledges that his ineffectiveness claims have not been fully developed so as to permit appellate review of these issues on direct appeal because an evidentiary hearing was not conducted by the PCRA court. Brief for Appellant at 16. Consequently, Davis urges this Court to \u201cremand\u201d this case to the PCRA Court for an evidentiary hearing so that a record can be made upon which this Court can decide Davis\u2019s claims of ineffective assistance of trial counsel. Brief for Appellant at 27. Davis bases his argument on this Court\u2019s decision in Commonwealth v. Miller, 868 A.2d 578 (Pa.Super.2005). However, the instant case presents a procedural dilemma not present in Miller and is, thus, distinguishable from Miller.\n\u00b6 7 In Miller, the PCRA court reinstated Miller\u2019s direct appeal rights, nunc pro tunc, but denied his claims of ineffective assistance of trial counsel, which were raised in Miller\u2019s PCRA petition. Miller filed an appeal of the portion of the PCRA court\u2019s order denying his claims of ineffective assistance of counsel. A panel of this Court held that the PCRA court erred in entering an order concerning the merits of Miller\u2019s ineffectiveness claims.\n\u00b6 8 The Miller Court stated that where \u201ca PCRA court grants a request for reinstatement of [ ] direct appeal rights nunc pro tunc, it may address, but not \u2018reach\u2019 the merits of any remaining claims.\u201d Id. at 580. The Miller Court explained this distinction to mean that the PCRA court, after concluding that reinstatement of direct appeal rights was appropriate, should hold a hearing concerning any remaining claims and issue an advisory opinion concerning those claims. Id. at 580-81. On direct appeal, this Court would then be able to reach the ineffective assistance claims pursuant to the Bomar exception to the Grant rule. Miller, 868 A.2d at 581. Consequently, the Miller Court treated the appeal as a direct appeal from the judgment of sentence and reached the merits of the ineffectiveness claim based upon the evidentiary record developed by the PCRA court.\n\u00b6 9 Given the procedural posture of the instant case, we are unable to follow the procedure that this Court discussed in Miller. In this case, Davis is before this Court on direct appeal, nunc pro tunc, from his judgment of sentence. However, the PCRA court in the instant case did not, as in Miller, conduct an evidentiary hearing on Davis\u2019s ineffectiveness claims. Because this Court now reviews this case on direct appeal, as opposed to an appeal from the PCRA court Order, we cannot remand this case to the PCRA court to hold an evidentiary hearing.\n\u00b6 10 Moreover, we note that the procedure set forth in Miller is not mandatory. The Miller Court stated that where \u201ca PCRA court grants a request for reinstatement of [ ] direct appeal rights nunc pro tunc, it may address, but not \u2018reach\u2019 the merits of any remaining claims.\u201d Miller, 868 A.2d at 580 (emphasis added). The Miller Court also stated that the PCRA court \u201cshould follow\u201d this procedure when faced with a request to reinstate direct appeal rights and claims of ineffective assistance. Id. Generally, a discretionary interpretation is conferred upon the words \u201cmay\u201d and \u201cshould,\u201d whereas a mandatory interpretation is usually conferred upon the word \u201cshall.\u201d Accordingly, we cannot conclude that the Miller Court imposed a mandatory procedure upon the PCRA court.\n\u00b6 11 Consequently, we are constrained to apply our Supreme Court\u2019s holding in Grant and dismiss Davis\u2019s ineffectiveness claims without prejudice for him to raise them, as well as any other claims of ineffective assistance of counsel, in a post-conviction petition.\n\u00b6 12 Judgment of sentence affirmed.\n\u00b6 13 JOHNSON, J., concurs in the result.\n. 42 Pa.C.S.A. \u00a7\u00a7 2501, 903, 6106.\n. 42 Pa.C.S.A. \u00a7\u00a7 9541-9546.",
        "type": "majority",
        "author": "MUSMANNO, J.:"
      }
    ],
    "attorneys": [
      "Suzanne M. Swan, Pittsburgh, for appellant.",
      "Michael W. Streily, Deputy Dist. Atty., Amy E. Constantine, Asst. Dist. Atty., Pittsburgh, for Com., appellee."
    ],
    "corrections": "",
    "head_matter": "COMMONWEALTH of Pennsylvania, Appellee, v. Albert DAVIS, Appellant.\nSuperior Court of Pennsylvania.\nSubmitted Nov. 28, 2005.\nFiled Feb. 24, 2006.\nSuzanne M. Swan, Pittsburgh, for appellant.\nMichael W. Streily, Deputy Dist. Atty., Amy E. Constantine, Asst. Dist. Atty., Pittsburgh, for Com., appellee.\nBEFORE: MUSMANNO, KLEIN and JOHNSON, JJ."
  },
  "file_name": "0151-01",
  "first_page_order": 193,
  "last_page_order": 196
}
