{
  "id": 7291513,
  "name": "Garrett A. CURRY, Appellant v. COMMONWEALTH OF PENNSYLVANIA, DEPARTMENT OF TRANSPORTATION, BUREAU OF DRIVER LICENSING",
  "name_abbreviation": "Curry v. Commonwealth, Department of Transportation, Bureau of Driver Licensing",
  "decision_date": "2010-01-21",
  "docket_number": "",
  "first_page": "760",
  "last_page": "764",
  "citations": [
    {
      "type": "official",
      "cite": "988 A.2d 760"
    }
  ],
  "court": {
    "name_abbreviation": "Pa. Commw. Ct.",
    "id": 11887,
    "name": "Commonwealth Court of Pennsylvania"
  },
  "jurisdiction": {
    "id": 6,
    "name_long": "Pennsylvania",
    "name": "Pa."
  },
  "cites_to": [
    {
      "cite": "966 A.2d 1200",
      "category": "reporters:state_regional",
      "reporter": "A.2d",
      "case_ids": [
        8169405
      ],
      "year": 2009,
      "opinion_index": 0,
      "case_paths": [
        "/a2d/966/1200-01"
      ]
    },
    {
      "cite": "484 A.2d 837",
      "category": "reporters:state_regional",
      "reporter": "A.2d",
      "year": 1984,
      "pin_cites": [
        {
          "page": "837-38"
        }
      ],
      "opinion_index": 0
    },
    {
      "cite": "375 A.2d 837",
      "category": "reporters:state_regional",
      "reporter": "A.2d",
      "weight": 2,
      "year": 1977,
      "pin_cites": [
        {
          "page": "839"
        }
      ],
      "opinion_index": 0
    },
    {
      "cite": "533 A.2d 501",
      "category": "reporters:state_regional",
      "reporter": "A.2d",
      "case_ids": [
        1366520
      ],
      "weight": 2,
      "year": 1987,
      "pin_cites": [
        {
          "page": "503"
        }
      ],
      "opinion_index": 0,
      "case_paths": [
        "/pa-commw/111/0105-01"
      ]
    }
  ],
  "analysis": {
    "cardinality": 498,
    "char_count": 11459,
    "ocr_confidence": 0.701,
    "pagerank": {
      "raw": 4.03580807328026e-08,
      "percentile": 0.18832700284842863
    },
    "sha256": "b7aa78e3b02aa36109fd0729542573b45e46920b8b480786ca1332c1b02738bc",
    "simhash": "1:aee3b7ab7159bd7d",
    "word_count": 1812
  },
  "last_updated": "2024-02-27T20:53:10.604864+00:00",
  "provenance": {
    "date_added": "2019-08-29",
    "source": "Harvard",
    "batch": "2018"
  },
  "casebody": {
    "judges": [
      "BEFORE: LEADBETTER, President Judge, and LEAVITT, Judge, and McCLOSKEY, Senior Judge."
    ],
    "parties": [
      "Garrett A. CURRY, Appellant v. COMMONWEALTH OF PENNSYLVANIA, DEPARTMENT OF TRANSPORTATION, BUREAU OF DRIVER LICENSING."
    ],
    "opinions": [
      {
        "text": "OPINION BY\nJudge LEAVITT.\nGarrett A. Curry (Licensee) appeals an order of the Court of Common Pleas of Northampton County (trial court) denying his appeal of a one-year suspension of his operating privilege. Licensee contends that the trial court erred by treating his underlying DUI conviction as a second offense in the license suspension proceeding because Licensee\u2019s plea agreement in criminal court designated it as a first offense. Finding no error by the trial court, we affirm.\nOn April 17, 2008, Licensee was arrested in Pennsylvania for driving under the influence of alcohol. On November 7, 2008, after negotiating a plea agreement with the Northampton County District Attorney\u2019s office, Licensee pled guilty to a first offense of general impairment under Section 3802(a)(1) of the Vehicle Code, 75 Pa.C.S. \u00a7 3802(a)(1). That offense carries a required sentence of six months probation and a $300 fine but does not mandate a suspension of a driver\u2019s license. At the hearing on the plea agreement, Licensee\u2019s counsel stated that his client was \u201cpleading guilty to DUI as a first offense.\u201d Notes of Testimony, November 7, 2008, at 2 (N.T., Nov. 7, 2008, at -). The trial court judge approved the plea agreement and stated on the record that there would be \u201c[n]o loss of license.\u201d Id. at 4.\nUnbeknownst to the district attorney, the trial court judge and, apparently, Licensee\u2019s counsel, Licensee had committed a similar DUI offense in New York on November 6, 2007, prior to committing the Pennsylvania offense. He was convicted of the New York offense on May 15, 2008.\nIn a Notice of Suspension dated December 3, 2008, the Department notified Licensee that his driving privilege was being suspended for one year because of his \u201cconviction of violating Section 3802 [ (a)(1) ] of the Vehicle Code. Dui General Impairment on 04/17/2008.\u201d Supplemental Reproduced Record at 7b (S.R.R.-). By imposing a one-year suspension, the Department treated Licensee\u2019s Pennsylvania conviction as his second offense, with the New York DUI conviction being the first. Licensee appealed the suspension.\nOn April 30, 2009, the trial court conducted a hearing on Licensee\u2019s suspension appeal. The following certified documents were admitted into evidence: (1) a copy of the Notice of Suspension; (2) a copy of the Report of the Clerk of Courts of Northampton County showing Licensee\u2019s conviction on November 7, 2008; (3) a copy of the Acknowledgement of Suspension that Licensee submitted to the Department; (4) a copy of the Department\u2019s notice to Licensee dated June 17, 2008, that the Department received information from the state of New York regarding Licensee\u2019s New York DUI conviction; (5) a copy of the New York Department of Motor Vehicles Report detailing Licensee\u2019s May 15, 2008, conviction; and (6) Licensee\u2019s Certified Driving History. S.R.R. 6b-17b. The Department explained that the suspension at issue was based upon Licensee\u2019s Pennsylvania conviction, not the New York conviction.\nIn response to the Department\u2019s case, Licensee argued that he would not have accepted the district attorney\u2019s plea agreement had he known his operating privileges would be suspended. He claimed he \u201ccould have ... availed himself to his light to a trial.\u201d N.T., April 30, 2009, at 7. Further, Licensee argued that the New York offense could not count as his \u201cfirst offense\u201d because he was not actually convicted in New York until after he committed the Pennsylvania offense. Stated another way, Licensee believed that his New York offense did not \u201ccount\u201d until it had been established by conviction. Accordingly, Licensee claimed that his Pennsylvania offense was in fact his first offense because it preceded his New York conviction.\nThe trial court denied Licensee\u2019s appeal of his one-year suspension. The trial court disagreed with Licensee\u2019s argument that the New York offense did not constitute a \u201cprior offense\u201d under Section 3806(b). In its opinion, the trial court explained that \u201cbecause the conviction for the New York offense came before the Pennsylvania sentencing, [Licensee] did in fact have a prior offense at the time of his Pennsylvania sentencing.\u201d Trial Court Opinion at 3.\nWith respect to Licensee\u2019s claim that denying his appeal \u201cdeprived him of the benefit of his bargain under the plea agreement,\u201d the trial court explained that \u201cthe Department ... is not bound to the terms of a negotiated plea involving an agreement not to impose a mandatory license suspension.\u201d Id. The trial court noted that a civil proceeding concerning an operating privilege suspension is completely separate from the underlying criminal charges. For the foregoing reasons, the trial court concluded that Licensee\u2019s suspension appeal was properly denied. Licensee now petitions for this Court\u2019s review.\nOn appeal, Licensee raises one issue. Licensee claims that the trial court erred in denying his appeal because he entered a guilty plea to a \u201cfirst offense\u201d under Section 3802(a)(1) of the Vehicle Code, 75 Pa.C.S. \u00a7 3802(a)(1), which does not mandate a license suspension. This argument lacks merit.\nTo begin, the Vehicle Code authorized Licensee\u2019s one-year license suspension. When Licensee entered his guilty plea to the charge under Section 3802(a)(1), he had already been convicted in New York of a substantially similar offense. Pursuant to Section 3804(e) of the Vehicle Code, the Department was required to suspend Licensee\u2019s operating privilege for 12 months. See also Section 3806(a)(3) of the Vehicle Code, 75 Pa.C.S. \u00a7 3806(a)(3) (defining a \u201cprior offense,\u201d in pertinent part, as \u201ca conviction ... before the sentencing on the present violation for ... an offense substantially similar to an offense [under Section 3802] in another jurisdiction.\u201d). In sum, because the conviction for Licensee\u2019s New York offense occurred before his Pennsylvania sentencing, and because the two offenses were substantially similar, Licensee had a \u201cprior offense\u201d at the time of his Pennsylvania sentencing. The Department properly suspended Licensee\u2019s operating privileges for one year.\nTurning to Licensee\u2019s issue on appeal, he argues that the Department could not suspend his license because his plea agreement with the district attorney specified that there would be no suspension. Licensee\u2019s position is devoid of merit. It is well-settled \u201cthat neither the district attorney in plea bargaining, nor the court of common pleas when deciding a criminal matter, has jurisdiction to bind\u201d the Department in any decision concerning a subsequent license suspension. Department of Transportation, Bureau of Driver Licensing v. Lefever, 111 Pa.Cmwlth. 105, 533 A.2d 501, 503 (1987). Further, this Court has held that \u201ca conviction for driving under the influence\u201d is not to be used as a \u201cbargaining chip\u201d because it involves \u201cmandatory civil penalties, imposed ... \u2018to protect the public.\u2019\u201d Id. (quoting Commonwealth v. Ebert, 31 Pa.Cmwlth. 82, 375 A.2d 837, 839 (1977)). Thus, Licensee\u2019s plea agreement was of no consequence in his license suspension proceeding.\nFor all of the foregoing reasons, we affirm the order of the trial court.\nORDER\nAND NOW, this 21st day of January, 2010, the order of the Court of Common Pleas of Northampton County dated April 30, 2009, in the above-captioned matter is hereby AFFIRMED.\n. Section 3802(a)(1) states: \u201cAn individual may not drive, operate or be in actual physical control of the movement of a vehicle after imbibing a sufficient amount of alcohol such that the individual is rendered incapable of safely driving, operating or being in actual physical control of the movement of the vehicle.\u201d 75 Pa.C.S. \u00a7 3802(a)(1).\n. The applicable sentencing provision in the Vehicle Code states: \u201d[A]n individual who violates section 3802(a) ... [flor a first offense, [must] (i) undergo a mandatory minimum term of six months' probation; [and] (ii) pay a fine of $300.\u201d 75 Pa.C.S. \u00a7 3804(a)(1).\n. The statute under which Licensee was charged in New York is not of record. Licensee does not contest that the New York offense is \"substantially similar\u201d to its Pennsylvania counterpart.\n. This June 17, 2008 notice indicated that the New York \u201cconviction has been made part of your Pennsylvania driver record.\u201d S.R.R. 1 lb. Further, the notice explained that \"[sjince this is the only driving under the influence violation recorded on your Pennsylvania driver record within the past ten years, no license suspension is being imposed at this time.\u201d Id. This letter demonstrates that the Department had not yet been notified of Licensee's Pennsylvania DUI offense, which pre-dated the notice but for which Licensee would not be convicted until November 7, 2008.\n. Section 3806(b) states in pertinent part:\n[P]rior offenses ... shall include any conviction ... within the ten years before the present violation occurred for any of the following:\n(1) an offense under section 3802; [or]\n(3) an offense substantially similar to an offense under paragraph (1) ... in another jurisdiction.\n75 Pa.C.S. \u00a7 3806(b).\n. Our scope of review in a license suspension case is limited to determining whether the trial court's findings are supported by competent evidence, whether erroneous conclusions of law have been made, or whether the decision of the trial court demonstrates an abuse of discretion. Oden v. Commonwealth, 86 Pa. Cmwlth. 215, 484 A.2d 837, 837-38 (1984).\n. Licensee originally identified two issues on appeal, with the second involving whether the trial court erred in determining that 75 Pa. C.S. \u00a7 3806(a) controlled the question of what constituted a \"prior offense.\u201d Licensee elected not to argue this issue in his brief since it was recently decided by this Court in Gigous v. Department of Transportation, Bureau of Driver Licensing, 966 A.2d 1200 (Pa.Cmwlth. 2009).\n. Section 3804(e) provides, in relevant part:\n(e) Suspension of operating privileges upon conviction.\u2014\n(1) The department shall suspend the operating privilege of an individual under paragraph (2) upon receiving a certified record of the individual\u2019s conviction of or an adjudication of delinquency for:\n(i) an offense under section 3802; or\n(ii) an offense which is substantially similar to an offense enumerated in section 3802 reported to the department under Article III of the compact in section 1581 (relating to Driver\u2019s License Compact).\n(2) Suspension under paragraph (1) shall be in accordance with the following:\n(i) Except as provided for in subpara-graph (iii), 12 months for an ungraded misdemeanor or misdemeanor of the second degree under this chapter.\n75 Pa.C.S. \u00a7 3804(e).\n. More specifically, Licensee contends that the Department violated his due process rights under the United States and Pennsylvania Constitutions, his right to the benefit of his bargain in the plea negotiation, and principles of equitable fairness by subjecting him to punishment for a more serious crime than that for which he was convicted.",
        "type": "majority",
        "author": "Judge LEAVITT."
      }
    ],
    "attorneys": [
      "James Martin Connell, Bethlehem, for appellant.",
      "Terrance M. Edwards, Asst. Counsel and Harold H. Cramer, Asst. Chief Counsel, Harrisburg, for appellee."
    ],
    "corrections": "",
    "head_matter": "Garrett A. CURRY, Appellant v. COMMONWEALTH OF PENNSYLVANIA, DEPARTMENT OF TRANSPORTATION, BUREAU OF DRIVER LICENSING.\nCommonwealth Court of Pennsylvania.\nSubmitted Oct. 23, 2009.\nDecided Jan. 21, 2010.\nJames Martin Connell, Bethlehem, for appellant.\nTerrance M. Edwards, Asst. Counsel and Harold H. Cramer, Asst. Chief Counsel, Harrisburg, for appellee.\nBEFORE: LEADBETTER, President Judge, and LEAVITT, Judge, and McCLOSKEY, Senior Judge.\n. The decision in this case was decided before Senior Judge McCloskey retired on December 31, 2009."
  },
  "file_name": "0760-01",
  "first_page_order": 808,
  "last_page_order": 812
}
