{
  "id": 8312894,
  "name": "Michael Provenzano, D.C. vs. Arbella Mutual Insurance Company",
  "name_abbreviation": "Provenzano v. Arbella Mutual Insurance",
  "decision_date": "2007-04-27",
  "docket_number": "",
  "first_page": "46",
  "last_page": "49",
  "citations": [
    {
      "type": "official",
      "cite": "2007 Mass. App. Div. 46"
    }
  ],
  "court": {
    "name_abbreviation": "Mass. App. Div.",
    "id": 15177,
    "name": "Massachusetts Appellate Division"
  },
  "jurisdiction": {
    "id": 4,
    "name_long": "Massachusetts",
    "name": "Mass."
  },
  "cites_to": [
    {
      "cite": "2001 Mass. App. Div. 208",
      "category": "reporters:state",
      "reporter": "Mass. App. Div.",
      "case_ids": [
        9449766
      ],
      "opinion_index": 0,
      "case_paths": [
        "/mass-app-div-annual/2001/0208-01"
      ]
    },
    {
      "cite": "1995 Mass. App. Div. 69",
      "category": "reporters:state",
      "reporter": "Mass. App. Div.",
      "case_ids": [
        6811789
      ],
      "pin_cites": [
        {
          "page": "73"
        }
      ],
      "opinion_index": 0,
      "case_paths": [
        "/mass-app-div-annual/1995/0069-01"
      ]
    },
    {
      "cite": "2000 Mass. App. Div. 226",
      "category": "reporters:state",
      "reporter": "Mass. App. Div.",
      "case_ids": [
        11140627
      ],
      "pin_cites": [
        {
          "page": "229"
        }
      ],
      "opinion_index": 0,
      "case_paths": [
        "/mass-app-div-annual/2000/0226-01"
      ]
    },
    {
      "cite": "44 Mass. App. Ct. 537",
      "category": "reporters:state",
      "reporter": "Mass. App. Ct.",
      "case_ids": [
        772167
      ],
      "year": 1998,
      "pin_cites": [
        {
          "page": "553"
        }
      ],
      "opinion_index": 0,
      "case_paths": [
        "/mass-app-ct/44/0537-01"
      ]
    },
    {
      "cite": "44 Mass. App. Ct. 34",
      "category": "reporters:state",
      "reporter": "Mass. App. Ct.",
      "case_ids": [
        772101
      ],
      "year": 1997,
      "pin_cites": [
        {
          "page": "38-39"
        }
      ],
      "opinion_index": 0,
      "case_paths": [
        "/mass-app-ct/44/0034-01"
      ]
    },
    {
      "cite": "67 Mass. App. Ct. 454",
      "category": "reporters:state",
      "reporter": "Mass. App. Ct.",
      "case_ids": [
        3825706
      ],
      "year": 2006,
      "pin_cites": [
        {
          "page": "460-461"
        }
      ],
      "opinion_index": 0,
      "case_paths": [
        "/mass-app-ct/67/0454-01"
      ]
    },
    {
      "cite": "398 Mass. 535",
      "category": "reporters:state",
      "reporter": "Mass.",
      "case_ids": [
        877713
      ],
      "weight": 2,
      "year": 1986,
      "pin_cites": [
        {
          "page": "543"
        },
        {
          "page": "543"
        }
      ],
      "opinion_index": 0,
      "case_paths": [
        "/mass/398/0535-01"
      ]
    },
    {
      "cite": "1993 Mass. App. Div. 48",
      "category": "reporters:state",
      "reporter": "Mass. App. Div.",
      "case_ids": [
        6811434
      ],
      "opinion_index": 0,
      "case_paths": [
        "/mass-app-div-annual/1993/0048-01"
      ]
    },
    {
      "cite": "389 Mass. 47",
      "category": "reporters:state",
      "reporter": "Mass.",
      "case_ids": [
        913013
      ],
      "year": 1983,
      "pin_cites": [
        {
          "page": "56"
        }
      ],
      "opinion_index": 0,
      "case_paths": [
        "/mass/389/0047-01"
      ]
    },
    {
      "cite": "2006 Mass. App. Div. 57",
      "category": "reporters:state",
      "reporter": "Mass. App. Div.",
      "case_ids": [
        8328589
      ],
      "opinion_index": 0,
      "case_paths": [
        "/mass-app-div-annual/2006/0057-01"
      ]
    }
  ],
  "analysis": {
    "cardinality": 612,
    "char_count": 12760,
    "ocr_confidence": 0.864,
    "pagerank": {
      "raw": 2.2381124542155285e-07,
      "percentile": 0.7798124523862202
    },
    "sha256": "f33fbb345e7926d96d29e5a7035e2298dcbe3adf002337768b282683774b5fc5",
    "simhash": "1:bf27842d01289f07",
    "word_count": 2020
  },
  "last_updated": "2024-02-27T20:44:07.051895+00:00",
  "provenance": {
    "date_added": "2019-08-29",
    "source": "Harvard",
    "batch": "2018"
  },
  "casebody": {
    "judges": [
      "Present: Greco, P.J., Coven & Brennan, JJ."
    ],
    "parties": [
      "Michael Provenzano, D.C. vs. Arbella Mutual Insurance Company"
    ],
    "opinions": [
      {
        "text": "Brennan, J.\nPlaintiff Michael Provenzano (\u201cProvenzano\u201d), a chiropractor, filed this G.L.c. 90, \u00a734M action to recover $1,763.00 in Personal Injury Protection (\u201cPIP\u201d) payments from defendant Arbella Mutual Insurance Company (\u201cArbella\u201d) for medical services he provided. After a jury-waived trial, the judge found for Provenzano on Count IX of the complaint and assessed damages in the full amount of the PIP payments sought, plus statutory costs, interest and attorney\u2019s fees in the amount of $5,250.00. On this Dist./Mun. Cts. R. A. D. A., Rule 8C, appeal, Arbella claims error in the trial judge\u2019s denial of its motions for involuntary dismissal and of various requests for rulings of law.\nThe trial evidence consisted solely of documentary evidence. Without objection from Arbella, Provenzano submitted the following four exhibits: (1) Arbella\u2019s answers to interrogatories numbers 1, 2, 3, 4, 5A, 5B and 9, together with the preamble defining the terms used in the interrogatories; (2) Proven-zano\u2019s medical bills and records relating to this case, with an accompanying G.L.c. 233, \u00a779G affidavit; (3) a certified copy of a Massachusetts Automobile Insurance Policy; and (4) an affidavit of attorney\u2019s fees. After Provenzano rested his case, Arbella filed a Mass. R. Civ. P., Rule 41(b) (2), motion for involuntary dismissal, which was denied. Arbella then offered those parts of its answers to interrogatories not submitted by Provenzano and rested. At the close of the evidence at that point, Arbella renewed its motion for involuntary dismissal, and Provenzano filed a motion for a required finding. Both motions were denied. Arbella then filed requests for rulings of law and findings of fact, and Provenzano filed similar Mass. R. Civ. R, Rule 64A(b) (2), requests for rulings of law. The trial judge acted on both parties\u2019 requests for rulings, but declined to act on Arbella\u2019s requests for factual findings. See Bottone v. DeFreitas, 2006 Mass. App. Div. 57.\nThe parties\u2019 dispute involves a Massachusetts automobile insurance policy issued by Arbella to Angelo M. Urena (\u201cUrena\u201d) for a 1990 Honda Accord. The policy was in effect from April 26, 2002 to April 26, 2003, and included $8,000.00 in PIP coverage. On December 30, 2002, Arbella was notified that Richard Andujar (\u201cAndujar\u201d) was injured in a motor vehicle accident on December 14, 2002 while riding as a passenger in Urena\u2019s Honda Accord. Arbella received a signed PIP application and health insurance affidavit from Andujar sometime between March 10, 2003 and October 3, 2003. The health certification, signed and dated March 10, 2003, indicated that Andujar did not have medical insurance coverage. On March 3, 2003, Arbella received bills from Provenzano for the treatment he provided to Andujar between December 18, 2002 and January 31, 2003, the six-week period following the automobile accident. None of these medical bills was paid by Arbella.\nArbella\u2019s appeal is predicated on the contention that there was insufficient evidence as a matter of law to support a finding in favor of Provenzano. The relevant standard for assessing the sufficiency of the evidence is whether, construing the evidence and all reasonable inferences therefrom in the light most favorable to Provenzano, any combination of circumstances could be found to support his claim. Mullins v. Pine Manor Coll., 389 Mass. 47, 56 (1983); Devito v. Cellular Mobile Communications, Inc., 1993 Mass. App. Div. 48. Proof of Provenzano\u2019s claim required evidence that (1) an accident occurred, (2) Andu-jar\u2019s injuries and his related treatment by Provenzano were causally related to the accident, (3) a Massachusetts automobile liability policy issued by Arbella and covering the vehicle involved in the accident was in effect on the accident date, and (4) there are unpaid amounts due to Provenzano for the treatment he provided. We address each of these elements in succession.\nArbella\u2019s first contention is that there was insufficient evidence for the trial judge to find that an accident occurred. However, Provenzano\u2019s medical records, admitted without objection as part of his trial exhibit #2, state: \u201cMr. Richard Andujar presented four days post trauma ... complaining of acute injuries sustained in a motor vehicle accident occurring on December 14, 2002.\u201d Arbella\u2019s assertion that this \u201csecond level hearsay\u201d was improperly considered as evidence of an accident is incorrect.\n\u201cIt is well established that hearsay evidence admitted without objection may be considered by the [fact finder] and may be given any probative value it possesses.\u201d Commonwealth v. Stewart, 398 Mass. 535, 543 (1986). Since there was no objection to the introduction of this evidence, nor any request that it be admitted for a limited purpose, the trial judge was entitled to give it full probative weight. This evidence was adequate to permit the trial judge to find that Provenzano\u2019s patient, Andujar, was involved in an automobile accident.\nArbella also claims error in the court\u2019s finding that Provenzano treated Andujar for injuries causally connected to the accident. Arbella asserts that the medical records admitted under G.L.c. 233, \u00a779G do not contain an opinion relative to the proximate cause of Andujar\u2019s injuries. A review of the trial record, however, reveals that this argument is without merit. Appended to Provenzano\u2019s bills and office notes as part of .his exhibit #2 is an affidavit containing the following statement: \u201cAttached hereto are my reports, office notes, records and bills for Richard Andujar. A1 of the treatment was necessary, causally related to the patient\u2019s accident of 12/14/02. ...\u201d To the extent that Arbella complains that this affidavit is not a report of an examination as required by \u00a779G and should .not have been considered by the trial judge, the answer is, once again, that it was admitted without objection or request for limitation. Thus, the information contained in the affidavit is admissible for its truth. Commonwealth v. Stewart, supra at 543. There was sufficient evidence on the issue of causation to support the trial judge\u2019s denial of Arbella\u2019s requests for rulings nos. 8, 9 and 10.\nArbella\u2019s third contention is that Provenzano failed to demonstrate that a Massachusetts automobile liability policy issued by Arbella was in effect on the date of the accident, and that the accident was covered under the policy. Arbella\u2019s answers to Provenzano\u2019s interrogatories constitute the primary proof on this issue. Specifically, Arbella\u2019s answers to interrogatories no. 1 and no. 2 supplied a sufficient basis for the trial courts finding. Those interrogatories and answers read as follows:\n1. Was the defendant automobile insurance carrier providing Personal Injury Protection coverage under a Massachusetts Automobile Insurance Policy for the injured person with regard to the accident alleged in the complaint?\nA Defendant states that Arbella Mutual Insurance Company issued a Massachusetts Automobile Insurance Policy to Angelo M. Urena insuring a 1990 Honda Accord which policy was in effect on December 14,2002.\n2. If the answer to the previous interrogatory was in the affirmative, please state the policy number, the effective dates of coverage, the limits of coverage, whether there was any deductible on the Personal Injury Protection coverage (and the terms thereof); and the verbatim terms and conditions of such policy as they relate to Personal Injury Protection coverage (you may satisfy this request by attaching copies of the declarations page and the policy insuring the said patient).\nA. The policy was in effect from April 26, 2002 to April 26, 2003, Policy No. HB 608, coverage $20,000/$40,000 bodily injury; $8,00 PIP.\nAnswers to interrogatories, if properly admitted at trial, are evidentiary admissions that may be considered by the fact finder. See Mass. R. Civ. P., Rule 33(b); Federico v. Ford Motor Co., 67 Mass. App. Ct. 454, 460-461 (2006). By its \u00bfill, unequivocal response to interrogatory no. 2, Arbella acknowledged that its answer to interrogatory no. 1 was \u201cin the affirmative.\u201d Thus, the trial judge had evidence, to which he was free to give whatever weight he deemed appropriate, that the \u201cdefendant automobile insurance carrier [was] providing Personal Injury Protection coverage under a Massachusetts Automobile Insurance policy for the injured person [Andujar] with regard to the accident [of 12/14/02 for which Richard Andujar made a claim for PIP benefits] alleged in the complaint.\u201d This was sufficient to support a conclusion that the accident at issue was covered by an appropriate policy issued by Arbella and in effect at the relevant time.\nLastly, Arbella argues that Provenzano failed to offer proof that his bills were unpaid at the time of trial. Arbella concedes that there was ample evidence in the record that Provenzano\u2019s bills were not paid as of the commencement of the suit, but asserts that Provenzano was required to submit evidence that they remained so on the trial date of January 6, 2006. Arbella further contends that its response to interrogatory no. 5 that it did not pay any of the bills, admitted into evidence at trial, is insufficient since there is the possibility that Andujar paid Provenzano. This argument is indeed specious, as Provenzano suggests. Clearly, the trial judge could rely on the bills submitted by Provenzano in conjunction with Arbella\u2019s admission in response to interrogatories that Arbella had paid nothing on those bills. See Brito v. Liberty Mut. Ins. Co., 44 Mass. App. Ct. 34, 38-39 (1997). The possibility that the bills were paid by another person or entity is speculative, and, in any event, is an affirmative defense not pleaded or proved by the defendant. Mass. R. Civ. P., Rule 8(c); Community Builders, Inc. v. Indian Motocycle Assocs., 44 Mass. App. Ct. 537,553 (1998). Moreover, since the issue of third-party payment was neither argued to the trial judge, nor specifically raised in Arbella\u2019s motions for dismissal and requests for rulings, it is waived. Bohorquez v. Metropolitan Prop. & Cas. Ins. Co., 2000 Mass. App. Div. 226, 229.\nIn sum, the record supports the trial judge\u2019s rulings on Arbella\u2019s motions for involuntary dismissal and proposed conclusions of law. There was no error in the trial court\u2019s judgment in favor of Provenzano. Accordingly, the trial court\u2019s judgment for the plaintiff is affirmed. Under the mandate of G.L.c. 90, \u00a734M, an award of appellate attorney\u2019s fees is appropriate in this case, and plaintiff\u2019s counsel shall submit the required affidavit to this Division.\nSo ordered.\nThe only issues raised on this appeal relate to the trial judge\u2019s denial of requests for rulings nos. 1,2, 6-10,24 and 25.\nThe same standard governed the disposition of Arbella\u2019s requests nos. 1, 2, 7, 8 and 25, each of which sought, in varying terms, a ruling that Provenzano had failed to sustain his burden of proof and, thus, had no right to relief.\nRequest no. 8 states: \u201cThere has been no evidence offered or received which would warrant a finding that medical expenses presented by the plaintiff were reasonable and necessary and incurred as a proximate result of an accidental loss.\u201d Although not specifically raised by Arbella on this appeal, it is well-settled that the question of reasonableness and necessity of treatment \u201cdepends solely upon the trial court\u2019s assessment, as the finder of fact, of the weight and credibility of the evidence.\u201d Scalia v. Liberty Mut. Ins. Co., 1995 Mass. App. Div. 69, 73. Requests nos. 9 and 10 assert, respectively, that the plaintiff has \u201ccompletely\u201d failed to offer evidence that Andujar\u2019s medical treatment was causally related to accidental loss, and that it has \u201cnot submitted any competent medical evidence causally relating said treatment to the alleged subject motor vehicle accident....\u201d\nThe preamble to the interrogatories defined \u201cinjured person\u201d and \u201cpatient\u201d as Richard Andujar, and \u201caccident\u201d as the automobile accident of December 14, 2002 for which Richard Andujar made a claim for PIP benefits.\nThis conclusion also supports the trial court\u2019s denial of request for ruling no. 24, which states, in part, \u201c[pjlaintiff has failed to present any evidence that a covered loss took place....\u201d\nAlthough tiie denial of request for ruling no. 6 (\u201cThe plaintiff\u2019s medical provider\u2019s rights are wholly dependent on the insured\u2019s rights against the insurance company\u201d) was in error, see Arbit Chiropractic v. Commerce Ins. Co., 2001 Mass. App. Div. 208, 209 n.2, Arbella was not prejudiced by this ruling.",
        "type": "majority",
        "author": "Brennan, J."
      }
    ],
    "attorneys": [
      "Francis A. Gaimari for the plaintiff.",
      "Paul J. Wilbanks for the defendant."
    ],
    "corrections": "",
    "head_matter": "Michael Provenzano, D.C. vs. Arbella Mutual Insurance Company\nNorthern District\nApril 27, 2007.\nPresent: Greco, P.J., Coven & Brennan, JJ.\nFrancis A. Gaimari for the plaintiff.\nPaul J. Wilbanks for the defendant."
  },
  "file_name": "0046-01",
  "first_page_order": 52,
  "last_page_order": 55
}
