{
  "id": 8314570,
  "name": "Henry L. Farineau, and another vs. Mary Rose Easley",
  "name_abbreviation": "Farineau v. Easley",
  "decision_date": "2007-08-20",
  "docket_number": "",
  "first_page": "128",
  "last_page": "132",
  "citations": [
    {
      "type": "official",
      "cite": "2007 Mass. App. Div. 128"
    }
  ],
  "court": {
    "name_abbreviation": "Mass. App. Div.",
    "id": 15177,
    "name": "Massachusetts Appellate Division"
  },
  "jurisdiction": {
    "id": 4,
    "name_long": "Massachusetts",
    "name": "Mass."
  },
  "cites_to": [
    {
      "cite": "50 Mass. App. Ct. 425",
      "category": "reporters:state",
      "reporter": "Mass. App. Ct.",
      "case_ids": [
        235405
      ],
      "year": 2000,
      "opinion_index": 0,
      "case_paths": [
        "/mass-app-ct/50/0425-01"
      ]
    },
    {
      "cite": "2005 Mass. App. Div. 62",
      "category": "reporters:state",
      "reporter": "Mass. App. Div.",
      "case_ids": [
        8994297
      ],
      "opinion_index": 0,
      "case_paths": [
        "/mass-app-div-annual/2005/0062-01"
      ]
    },
    {
      "cite": "448 Mass. 1",
      "category": "reporters:state",
      "reporter": "Mass.",
      "case_ids": [
        3856198
      ],
      "year": 2006,
      "pin_cites": [
        {
          "page": "5"
        }
      ],
      "opinion_index": 0,
      "case_paths": [
        "/mass/448/0001-01"
      ]
    },
    {
      "cite": "14 Mass. App. Ct. 231",
      "category": "reporters:state",
      "reporter": "Mass. App. Ct.",
      "case_ids": [
        5737448
      ],
      "year": 1982,
      "pin_cites": [
        {
          "page": "235"
        }
      ],
      "opinion_index": 0,
      "case_paths": [
        "/mass-app-ct/14/0231-01"
      ]
    },
    {
      "cite": "59 Mass. App. Ct. 302",
      "category": "reporters:state",
      "reporter": "Mass. App. Ct.",
      "case_ids": [
        1508574
      ],
      "year": 2003,
      "pin_cites": [
        {
          "page": "314"
        }
      ],
      "opinion_index": 0,
      "case_paths": [
        "/mass-app-ct/59/0302-01"
      ]
    },
    {
      "cite": "48 Mass. App. Ct. 1",
      "category": "reporters:state",
      "reporter": "Mass. App. Ct.",
      "case_ids": [
        1152939
      ],
      "year": 1999,
      "pin_cites": [
        {
          "page": "12"
        }
      ],
      "opinion_index": 0,
      "case_paths": [
        "/mass-app-ct/48/0001-01"
      ]
    },
    {
      "cite": "395 Mass. 715",
      "category": "reporters:state",
      "reporter": "Mass.",
      "case_ids": [
        896032
      ],
      "year": 1985,
      "pin_cites": [
        {
          "page": "721"
        }
      ],
      "opinion_index": 0,
      "case_paths": [
        "/mass/395/0715-01"
      ]
    },
    {
      "cite": "38 Mass. App. Ct. 573",
      "category": "reporters:state",
      "reporter": "Mass. App. Ct.",
      "case_ids": [
        4022654
      ],
      "year": 1995,
      "pin_cites": [
        {
          "page": "575"
        }
      ],
      "opinion_index": 0,
      "case_paths": [
        "/mass-app-ct/38/0573-01"
      ]
    },
    {
      "cite": "62 Mass. App. Ct. 330",
      "category": "reporters:state",
      "reporter": "Mass. App. Ct.",
      "case_ids": [
        1221162
      ],
      "year": 2004,
      "pin_cites": [
        {
          "page": "335"
        }
      ],
      "opinion_index": 0,
      "case_paths": [
        "/mass-app-ct/62/0330-01"
      ]
    },
    {
      "cite": "397 Mass. 689",
      "category": "reporters:state",
      "reporter": "Mass.",
      "case_ids": [
        874697
      ],
      "year": 1986,
      "pin_cites": [
        {
          "page": "691-692"
        }
      ],
      "opinion_index": 0,
      "case_paths": [
        "/mass/397/0689-01"
      ]
    },
    {
      "cite": "345 Mass. 621",
      "category": "reporters:state",
      "reporter": "Mass.",
      "case_ids": [
        48129
      ],
      "year": 1963,
      "pin_cites": [
        {
          "page": "625-626"
        }
      ],
      "opinion_index": 0,
      "case_paths": [
        "/mass/345/0621-01"
      ]
    },
    {
      "cite": "355 Mass. 639",
      "category": "reporters:state",
      "reporter": "Mass.",
      "case_ids": [
        302740
      ],
      "year": 1969,
      "pin_cites": [
        {
          "page": "642"
        }
      ],
      "opinion_index": 0,
      "case_paths": [
        "/mass/355/0639-01"
      ]
    },
    {
      "cite": "360 Mass. 54",
      "category": "reporters:state",
      "reporter": "Mass.",
      "case_ids": [
        317524
      ],
      "weight": 2,
      "year": 1971,
      "pin_cites": [
        {
          "page": "59-60"
        },
        {
          "page": "59-60"
        }
      ],
      "opinion_index": 0,
      "case_paths": [
        "/mass/360/0054-01"
      ]
    },
    {
      "cite": "19 Mass. App. Ct. 634",
      "category": "reporters:state",
      "reporter": "Mass. App. Ct.",
      "case_ids": [
        5746057
      ],
      "weight": 3,
      "year": 1985,
      "pin_cites": [
        {
          "page": "642"
        },
        {
          "page": "642"
        }
      ],
      "opinion_index": 0,
      "case_paths": [
        "/mass-app-ct/19/0634-01"
      ]
    },
    {
      "cite": "317 Mass. 716",
      "category": "reporters:state",
      "reporter": "Mass.",
      "case_ids": [
        927270
      ],
      "year": 1945,
      "pin_cites": [
        {
          "page": "717"
        }
      ],
      "opinion_index": 0,
      "case_paths": [
        "/mass/317/0716-01"
      ]
    },
    {
      "cite": "368 Mass. 433",
      "category": "reporters:state",
      "reporter": "Mass.",
      "case_ids": [
        307077
      ],
      "year": 1975,
      "pin_cites": [
        {
          "page": "441-442"
        }
      ],
      "opinion_index": 0,
      "case_paths": [
        "/mass/368/0433-01"
      ]
    },
    {
      "cite": "410 Mass. 805",
      "category": "reporters:state",
      "reporter": "Mass.",
      "case_ids": [
        3896017
      ],
      "year": 1991,
      "pin_cites": [
        {
          "page": "809"
        }
      ],
      "opinion_index": 0,
      "case_paths": [
        "/mass/410/0805-01"
      ]
    },
    {
      "cite": "42 Mass. App. Ct. 46",
      "category": "reporters:state",
      "reporter": "Mass. App. Ct.",
      "case_ids": [
        1606135
      ],
      "year": 1997,
      "pin_cites": [
        {
          "page": "49"
        }
      ],
      "opinion_index": 0,
      "case_paths": [
        "/mass-app-ct/42/0046-01"
      ]
    },
    {
      "cite": "310 CMR 15",
      "category": "reporters:specialty",
      "reporter": "C.M.R.",
      "opinion_index": 0
    }
  ],
  "analysis": {
    "cardinality": 805,
    "char_count": 15984,
    "ocr_confidence": 0.863,
    "pagerank": {
      "raw": 4.6994568033799685e-08,
      "percentile": 0.29521335027640605
    },
    "sha256": "e8accb658c6419b553977408a5d7bd6d207250a754877c600b27ac3c9e0ecd23",
    "simhash": "1:5dc0f48541b8c979",
    "word_count": 2603
  },
  "last_updated": "2024-02-27T20:44:07.051895+00:00",
  "provenance": {
    "date_added": "2019-08-29",
    "source": "Harvard",
    "batch": "2018"
  },
  "casebody": {
    "judges": [
      "Present: LoConto, P.J., Rutberg & Gardner, JJ."
    ],
    "parties": [
      "Henry L. Farineau, and another vs. Mary Rose Easley"
    ],
    "opinions": [
      {
        "text": "Gardner, J.\nMore than five years after their acceptance of the purchase deed to the defendant\u2019s home, plaintiffs Henry L. and Linda R. Farineau (\u201cFarineaus\u201d) commenced this action against Mary Rose Easley (\u201cEasley\u201d) for her alleged failure to have filed with the local board of health a copy of the Title V report of the inspection of her property\u2019s subsurface sewage disposal system (\u201cSSDS\u201d). The Farineaus\u2019 complaint sought damages for Easley\u2019s alleged breach of contract, negligent misrepresentation, and Title V \u201cstrict liability.\u201d Summary judgment was entered for Easley, and this appeal by the Farineaus followed.\nThe parties\u2019 Mass. R. Civ. P., Rule 56, summary judgment materials indicate the following: On November 29, 1998, the parties executed a standard form agreement for the Farineaus\u2019 purchase of Easley\u2019s single family home at 112 Old County Road in Lancaster. Added to the standard form were six \u201cadditional provisions,\u201d including the following paragraph 29F:\nTitle V Notice. The parties acknowledge that the property is served by an On-Site Subsurface Sewage Disposal System (the \u201cDisposal System\u201d). Pursuant to the requirement of Title V of the State Environmental Code (310 CMR 15.300) (\u2018Title V\u201d) this Disposal System HAS BEEN inspected in connection with the transfer of the property. SELLER HAS engaged, at their expense, a licensed System Inspector to prepare and file the System Inspection form. PASS PAGE OF REPORT IS ATTACHED. SELLER TO PROVIDE ENTIRE REPORT PRIOR TO CLOSING. See Exhibit 1 (Purchase and Sales Agreement).\nIn preparation for the sale of her home and at her own expense, Easley had the SSDS inspected 15 months prior to the purchase and sale agreement by Bradford S. Leach (\u201cLeach\u201d), a licensed system inspector approved by the Massachusetts Department of Environmental Protection. The first or \u201cpass\u201d page of Leach\u2019s August 18,1997 report stated that the SSDS passed the Title V inspection. Immediately below Leach\u2019s signature on the inspection form was the following printed provision: \u201cThe System Inspector shall submit a copy of this inspection report to the approving authority within thirty (30) days of completing this inspection.\u201d In compliance with para. 29F, a copy of the report\u2019s \u201cpass page\u201d was attached to the purchase and sale agreement.\nHenry Farineau testified in deposition that he and his wife received a complete copy of the Title V inspection report at or before the closing, and that they and their mortgage bank\u2019s attorney accepted the report. Paragraph 13 of the parties\u2019 purchase and sale agreement provided:\nAcceptance of Deed. The acceptance of a deed by the BUYER... shall be deemed to be a full performance and discharge of every agreement and obligation herein contained or expressed, such as are, by the terms hereof, to be performed after the delivery of said deed.\nTitle to the property passed to the Farineaus on January 15, 1999, and the deed was recorded on January 19,1999.\nEasley averred that during the 30-year period in which she, her now deceased husband and their children resided in the Lancaster house, there were no problems with the SSDS. Similarly, Henry Farineau conceded that the system functioned properly, without incident, for the entire five-year period between the Farineaus\u2019 acceptance of the deed and their commencement of this suit.\nHenry Farineau\u2019s deposition, laden with hearsay, is the primary source in the record of the somewhat confused chronology of events subsequent to the Farineaus\u2019 1999 purchase of the property. Farineau testified that when he and his wife decided in early 2003 to build an addition on the house, he telephoned the Nashoba Valley Board of Health (\u201cNashoba Valley\u201d) to obtain another copy of the 1997 SSDS inspection report. Farineau testified that he was told by an employee that Nashoba Valley did not have a report copy in their files. The Farineaus subsequently located their own copy of the 1997 report, and submitted it with their request for approval of a house addition to the Lancaster Board of Health (\u201cLancaster\u201d). By letter dated April 22, 2003, Lancaster stated that the 1997 report was \u201capparently\u201d not submitted by the first inspector, and that there were problems with both the 1997 report and the Farineaus\u2019 addition proposal. Lancaster concluded that it would take no action on the Farineaus\u2019 addition request until a new Title V inspection report was submitted for review.\nSometime in the summer of 2003, the Farineaus had the SSDS inspected by Bradford S. Leach, Jr. (\u201cLeach, Jr.\u201d), the son of the 1997 inspector. Once again, the SSDS passed the Title V inspection.\nThe Lancaster letter made no reference to \u201csoil tests.\u201d Based on his own \u201cresearch\u201d and alleged statements by unidentified employees of either Nashoba Valley or Lancaster, Henry Farineau concluded that the \u201ctown\u201d required \u201csoil tests\u201d for systems in certain sections of Lancaster in addition to the Massachusetts Title V requirements that the SSDS had already satisfied. The Farineaus arranged for those additional soil tests in October, 2003, and the property did not pass. Based on the soil tests, Leach, Jr. issued another Title V report showing that the SSDS had failed. The Farineaus claim that they were required to install a new SSDS at a cost of $25,000.00 in 2004, seven years after the Title Y inspection at issue in this case.\n1. It is elementary that Easley, as the Rule 56 moving party, bore the burden of establishing both the absence of any genuine issue of material fact and her entitlement to summary judgment as a matter of law. Finney v. Madico, Inc., 42 Mass. App. Ct. 46, 49 (1997). We conclude that Easley\u2019s assertion of the \u201cacceptance by deed\u201d provisions of para. 13 of the parties\u2019 purchase and sale agreement effectively satisfied her Rule 56 burden as to Count I of the complaint by negating the Farineaus\u2019 claim for breach of contract. Flesner v. Technical Communications Corp., 410 Mass. 805, 809 (1991).\nThe general rule in Massachusetts is that a buyer\u2019s \u201cacceptance of a deed ordinarily merges all prior covenants in the deed, discharging all obligations contained in the purchase and sale agreement except those specified in the deed itself.\u201d Snyder v. Sperry & Hutchinson Co., 368 Mass. 433, 441-442 (1975), citing, inter alia, Pybus v. Grasso, 317 Mass. 716, 717 (1945). The parties in this case expressly incorporated the doctrine of merger into their purchase and sale agreement by providing in para. 13 for the Farineaus\u2019 \u201cacceptance by deed\u201d of Easley\u2019s full performance of the agreement. Easley is contractually entitled to the \u201cbenefit of [that] language.\u201d Solomon v. Birger, 19 Mass. App. Ct. 634, 642 (1985).\nWe reject the Farineaus\u2019 contention- that this case falls within the \u201cnarrow exception\u201d to the merger doctrine applicable to promises that are additional or collateral to the main promise to convey the property and are, thus, not necessarily merged with the deed. See McMahon v. M & D Bldrs., Inc., 360 Mass. 54, 59-60 (1971). As explained by the Appeals Court in Solomon, supra, the exception to the merger doctrine has been primarily limited to cases involving \u201chouse builders\u201d where there was \u201ca separate agreement to construct or repair a building upon the premises to be conveyed\u201d that was to be performed after delivery of the deed. Id. at 642, citing McMahon, supra at 59-60; Holihan v. Rabenius Bldrs., Inc., 355 Mass. 639, 642 (1969); and Lipson v. Southgate Park Corp., 345 Mass. 621, 625-626 (1963). See also Pedersen v. Leahy, 397 Mass. 689, 691-692 (1986). In this case, para. 29F required both the completion of a Title V inspection prior to execution of the purchase and sale agreement and the attachment of the \u201cpass page\u201d of the inspection report to that agreement. The inspection was completed 15 months prior to the parties\u2019 transaction, and the report was to have been filed within 30 days of the inspection. The Farineaus accepted the Title V report at the closing. Nothing in the unambiguous language of para. 29F suggests any intent or expectation by either party that Eas-ley would undertake any additional Title V action subsequent to the conveyance of the property, or that she was obligated to do so.\nAccordingly, the motion judge properly entered summary judgment in favor of Easley on the Farineaus\u2019 claim for breach of contract.\n2. The merger doctrine does not, however, bar claims for intentional fraud and deceit. Shawmut-Canton LLC v. Great Spring Waters of America, Inc., 62 Mass. App. Ct. 330, 335 (2004). Count II of the Farineaus\u2019 complaint sought recovery for Easley\u2019s alleged misrepresentation in \u201cfailing to disclose that the property had not passed a Title V examination.\u201d Summary judgment in favor of Easley would have been required on any claim for intentional misrepresentation by her. First, the Farineaus failed to rebut Easley\u2019s Rule 56 averments that, in compliance with her contractual obligations, she retained Leach to inspect the SSDS and to prepare and file a report, and that she was unaware until this lawsuit was filed that the Farineaus were alleging that the inspection report had not been filed with the local approving authority. Second, based on Leach\u2019s 1997 report submitted to Easley, the property had in fact passed a Title V examination. In short, the record is devoid of evidence of Easley\u2019s knowledge of any problem with the 1997 inspection report, or of her intent to deceive the plaintiffs.\nThe Farineaus now argue on this appeal that they are entitled to a trial on the merits on a claim of \u201cnegligent\u2019 misrepresentation. Their recovery on that theory required proof that Easley negligently made a false statement of material fact to induce action by the Farineaus, who relied on that statement to their detriment. McEneaney v. Chestnut Hill Realty Corp., 38 Mass. App. Ct. 573, 575 (1995). The material statement at issue is that the SSDS passed a Title V inspection in 1997. What is missing from the Farineaus\u2019 claim is any clear evidence that this statement was false.\nThe Farineaus contend that the 1997 report was not submitted to the \u201capproving authority\u201d by Leach; that if it had been properly filed, the report would have been rejected because the 1997 inspection did not include \u201csoil tests,\u201d that the property would not have passed any soil tests, and that they would not have purchased the property without a passing Title V inspection. First, there is no evidence that Leach actually failed to file his inspection report. Henry Farineau\u2019s testimony as to alleged statements by unidentified Nashoba Valley employees that the report was not on file was hearsay, which the motion judge was free to disregard in deciding Easley\u2019s Rule 56 motion. Madsen v. Erwin, 395 Mass. 715, 721 (1985); TLT Constr. Corp. v. A. Anthony Tappe & Assocs., Inc., 48 Mass. App. Ct. 1, 12 (1999). The Lancaster statement that the 1997 report was \u201capparently\u201d not on file permitted either of two competing inferences, namely, that the Lancaster Board of Health had actually searched their records, unsuccessfully, to find the report, or that the Board simply accepted the Farineaus\u2019 unsubstantiated representation to them that the report had not been filed. Further, there is no evidence that the \u201csoil tests\u201d the Farineaus elected to have done in 2003 were a required element of a Title V inspection in 1997, that the property would not have passed soil tests in 1997, or that Leach\u2019s inspection report would have been rejected on that or any other basis. If the Farineaus had offered only their Rule 56 materials as evidence at trial, judgment would have entered for Easley.\nWhat is before us on this appeal, however, is a motion for summary judgment, which the opposing party can defeat by gaining only a \u201ctoehold\u201d in the evidence. Shimer v. Foley, Hoag & Eliot LLP, 59 Mass. App. Ct. 302, 314 (2003), quoting Marr Equip. Corp. v. I.T.O. Corp., 14 Mass. App. Ct. 231, 235 (1982). Viewing the evidence exclusively in the Farineaus\u2019 favor, and drawing every inference in support of their case, Fuller v. First Financial Ins. Co., 448 Mass. 1, 5 (2006), we conclude that the Lancaster letter is sufficient, marginally, to warrant a trial on the Farineaus\u2019 negligent misrepresentation claim. Viewed strictly, and indulgently, in the Farineaus\u2019 favor, the Lancaster letter may be construed as some evidence that the 1997 Title V inspection report was not filed and approved by the local authority; and that highwater table levels and other discrepancies in the 1997 report noted by Lancaster raise an issue as to whether Leach\u2019s inspection report would have been approved if filed in 1997. The allowance of summary judgment in favor of the defendant on Count II of the complaint is vacated.\n3. The Farineaus\u2019 failure to include in their brief to this Division any analysis or argument on complaint Count III for \u201cstrict liability\u201d constituted a waiver of appellate review of the trial court\u2019s summary judgment on that claim. Dist./Mun. Cts. R. A. D. A., Rule 16(a) (4). See generally Carter v. Seto, 2005 Mass. App. Div. 62, 64 n.6. Summary judgment for Easley on Count III of the Farineaus\u2019 complaint is, therefore, affirmed.\nWe note briefly that pursuant to 310 CMR \u00a715.025, the authority to implement and enforce Title V regulations is vested in the \u201cApproving Authority,\u201d \u201cLocal Approving Authority\u201d and the State Department of Environmental Protection. The Farineaus did not advance any legal authority, in the trial court or on this appeal, for their implicit contention that there exists a private cause of action for a violation of Title V.\nAccordingly, summary judgment for the defendant on Count I of the complaint for breach of contract and on Count III for \u201cstrict liability\u201d is affirmed. Judgment for the defendant on Count II for negligent misrepresentation is vacated, and this case is returned to the Clinton Division for trial.\nSo ordered.\nIn affidavits filed in opposition to Easley\u2019s summary judgment motion, both Farineaus asserted that Leach was obligated to file the 1997 inspection report with the Lancaster Board of Health, not the Nashoba Valley Board of Health.\nThe Lancaster letter stated that the 1997 report \u201cindicates a 4-bedroom dwelling, which is inconsistent with the July 25, 1961 Septic System Permit, which was issued for 3 bedrooms. Page #6 indicates a question as to the length of the leaching trenches. Page #9 indicates the distribution box is 48 inches below grade, and Page #10 indicates that the seasonal high groundwater is 8 feet. This area of Town is known for a much higher seasonal high groundwatertable [sic]. In regards to the addition request \u2014 the sketch must show the horizontal distance of the proposed sauna tubes to the existing septic tank.\u201d\nIn Sound Techniques, Inc. v. Hoffman, 50 Mass. App. Ct. 425 (2000), the Appeals Court held that a merger or integration clause in a commercial lease barred any claims for the defendant\u2019s prior negligent oral misrepresentations. The Court stated: \u2018To ignore a merger clause and allow recovery for a negligent misrepresentation does little to promote honesty and fair dealing in business relationships. An individual who makes negligent misrepresentations has honest intentions but has failed to exercise due care. (Citation omitted). As we read Bates v. Southgate, 308 Mass. [170], 182 [1941], it is intentional misconduct that justifies judicial intrusion upon contractual relationships in order to prevent the wrongdoer from securing contractual benefits for which he had not bargained.\u201d Sound Techniques, supra at 432-433. In this case, the parties\u2019 contract was a purchase agreement rather than a lease, that contained an \u201cacceptance by deed\u201d clause instead of an integration provision. The alleged misrepresentations were written.",
        "type": "majority",
        "author": "Gardner, J."
      }
    ],
    "attorneys": [
      "James T. McLaughlin for the plaintiffs.",
      "John M. Dombrowski for the defendant."
    ],
    "corrections": "",
    "head_matter": "Henry L. Farineau, and another vs. Mary Rose Easley\nWestern District\nAugust 20, 2007.\nPresent: LoConto, P.J., Rutberg & Gardner, JJ.\nJames T. McLaughlin for the plaintiffs.\nJohn M. Dombrowski for the defendant.\nLinda R. Farineau."
  },
  "file_name": "0128-01",
  "first_page_order": 134,
  "last_page_order": 138
}
