{
  "id": 7973481,
  "name": "In the Matter of C.L.W., Appellant",
  "name_abbreviation": "In re C.L.W.",
  "decision_date": "1983-08-22",
  "docket_number": "No. 82-959",
  "first_page": "706",
  "last_page": "711",
  "citations": [
    {
      "type": "official",
      "cite": "467 A.2d 706"
    }
  ],
  "court": {
    "name_abbreviation": "D.C.",
    "id": 11933,
    "name": "District of Columbia Court of Appeals"
  },
  "jurisdiction": {
    "id": 56,
    "name_long": "District of Columbia",
    "name": "D.C."
  },
  "cites_to": [
    {
      "cite": "408 U.S. 786",
      "category": "reporters:federal",
      "reporter": "U.S.",
      "case_ids": [
        1782921
      ],
      "weight": 3,
      "year": 1972,
      "pin_cites": [
        {
          "page": "794"
        },
        {
          "page": "2568"
        }
      ],
      "opinion_index": 0,
      "case_paths": [
        "/us/408/0786-01"
      ]
    },
    {
      "cite": "18 U.S.C. \u00a7 3500",
      "category": "laws:leg_statute",
      "reporter": "U.S.C.",
      "year": 1976,
      "opinion_index": 0
    },
    {
      "cite": "64 L.Ed.2d 253",
      "category": "reporters:federal",
      "reporter": "L. Ed. 2d",
      "year": 1980,
      "opinion_index": 0
    },
    {
      "cite": "100 S.Ct. 1824",
      "category": "reporters:federal",
      "reporter": "S. Ct.",
      "year": 1980,
      "opinion_index": 0
    },
    {
      "cite": "446 U.S. 901",
      "category": "reporters:federal",
      "reporter": "U.S.",
      "case_ids": [
        6189186,
        6188227,
        6188805,
        6188958,
        6188628,
        6188446
      ],
      "year": 1980,
      "opinion_index": 0,
      "case_paths": [
        "/us/446/0901-06",
        "/us/446/0901-01",
        "/us/446/0901-04",
        "/us/446/0901-05",
        "/us/446/0901-03",
        "/us/446/0901-02"
      ]
    },
    {
      "cite": "389 A.2d 801",
      "category": "reporters:state_regional",
      "reporter": "A.2d",
      "case_ids": [
        8025196
      ],
      "pin_cites": [
        {
          "page": "807"
        }
      ],
      "opinion_index": 0,
      "case_paths": [
        "/a2d/389/0801-01"
      ]
    },
    {
      "cite": "317 A.2d 867",
      "category": "reporters:state_regional",
      "reporter": "A.2d",
      "case_ids": [
        8055356
      ],
      "pin_cites": [
        {
          "page": "868"
        }
      ],
      "opinion_index": 0,
      "case_paths": [
        "/a2d/317/0867-01"
      ]
    },
    {
      "cite": "384 U.S. 436",
      "category": "reporters:federal",
      "reporter": "U.S.",
      "case_ids": [
        12046400
      ],
      "weight": 3,
      "year": 1966,
      "opinion_index": 0,
      "case_paths": [
        "/us/384/0436-01"
      ]
    },
    {
      "cite": "408 A.2d 999",
      "category": "reporters:state_regional",
      "reporter": "A.2d",
      "case_ids": [
        8003335
      ],
      "pin_cites": [
        {
          "page": "1002"
        }
      ],
      "opinion_index": 0,
      "case_paths": [
        "/a2d/408/0999-01"
      ]
    },
    {
      "cite": "385 A.2d 159",
      "category": "reporters:state_regional",
      "reporter": "A.2d",
      "case_ids": [
        7969441
      ],
      "opinion_index": 0,
      "case_paths": [
        "/a2d/385/0159-01"
      ]
    },
    {
      "cite": "427 U.S. 97",
      "category": "reporters:federal",
      "reporter": "U.S.",
      "case_ids": [
        6174831
      ],
      "weight": 5,
      "year": 1976,
      "pin_cites": [
        {
          "page": "104"
        },
        {
          "page": "108"
        },
        {
          "page": "2399"
        }
      ],
      "opinion_index": 0,
      "case_paths": [
        "/us/427/0097-01"
      ]
    },
    {
      "cite": "408 A.2d 303",
      "category": "reporters:state_regional",
      "reporter": "A.2d",
      "case_ids": [
        7963932
      ],
      "weight": 3,
      "pin_cites": [
        {
          "page": "306"
        },
        {
          "page": "306"
        }
      ],
      "opinion_index": 0,
      "case_paths": [
        "/a2d/408/0303-01"
      ]
    },
    {
      "cite": "393 A.2d 109",
      "category": "reporters:state_regional",
      "reporter": "A.2d",
      "case_ids": [
        7995751
      ],
      "weight": 2,
      "pin_cites": [
        {
          "page": "114"
        },
        {
          "page": "114"
        }
      ],
      "opinion_index": 0,
      "case_paths": [
        "/a2d/393/0109-01"
      ]
    },
    {
      "cite": "346 A.2d 733",
      "category": "reporters:state_regional",
      "reporter": "A.2d",
      "case_ids": [
        8072008
      ],
      "pin_cites": [
        {
          "page": "735"
        }
      ],
      "opinion_index": 0,
      "case_paths": [
        "/a2d/346/0733-01"
      ]
    },
    {
      "cite": "50 L.Ed.2d 626",
      "category": "reporters:federal",
      "reporter": "L. Ed. 2d",
      "year": 1976,
      "opinion_index": 0
    },
    {
      "cite": "97 S.Ct. 644",
      "category": "reporters:federal",
      "reporter": "S. Ct.",
      "year": 1976,
      "opinion_index": 0
    },
    {
      "cite": "429 U.S. 1024",
      "category": "reporters:federal",
      "reporter": "U.S.",
      "case_ids": [
        5568,
        6881,
        6465,
        6627,
        7105,
        5577,
        5773,
        6353,
        6838,
        6615,
        7544,
        6521,
        7518
      ],
      "year": 1976,
      "opinion_index": 0,
      "case_paths": [
        "/us/429/1024-10",
        "/us/429/1024-06",
        "/us/429/1024-01",
        "/us/429/1024-07",
        "/us/429/1024-03",
        "/us/429/1024-13",
        "/us/429/1024-02",
        "/us/429/1024-05",
        "/us/429/1024-12",
        "/us/429/1024-04",
        "/us/429/1024-11",
        "/us/429/1024-08",
        "/us/429/1024-09"
      ]
    },
    {
      "cite": "539 F.2d 14",
      "category": "reporters:federal",
      "reporter": "F.2d",
      "case_ids": [
        1039930
      ],
      "pin_cites": [
        {
          "page": "17"
        }
      ],
      "opinion_index": 0,
      "case_paths": [
        "/f2d/539/0014-01"
      ]
    },
    {
      "cite": "407 A.2d 655",
      "category": "reporters:state_regional",
      "reporter": "A.2d",
      "case_ids": [
        7976852
      ],
      "pin_cites": [
        {
          "page": "657"
        }
      ],
      "opinion_index": 0,
      "case_paths": [
        "/a2d/407/0655-01"
      ]
    },
    {
      "cite": "392 A.2d 1062",
      "category": "reporters:state_regional",
      "reporter": "A.2d",
      "case_ids": [
        8018563
      ],
      "weight": 2,
      "pin_cites": [
        {
          "page": "1065"
        },
        {
          "page": "1066"
        }
      ],
      "opinion_index": 0,
      "case_paths": [
        "/a2d/392/1062-01"
      ]
    },
    {
      "cite": "393 U.S. 410",
      "category": "reporters:federal",
      "reporter": "U.S.",
      "case_ids": [
        11317375
      ],
      "weight": 3,
      "year": 1969,
      "opinion_index": 0,
      "case_paths": [
        "/us/393/0410-01"
      ]
    },
    {
      "cite": "378 U.S. 108",
      "category": "reporters:federal",
      "reporter": "U.S.",
      "case_ids": [
        6165107
      ],
      "weight": 3,
      "year": 1964,
      "opinion_index": 0,
      "case_paths": [
        "/us/378/0108-01"
      ]
    },
    {
      "cite": "373 U.S. 83",
      "category": "reporters:federal",
      "reporter": "U.S.",
      "case_ids": [
        11716714
      ],
      "weight": 15,
      "year": 1963,
      "pin_cites": [
        {
          "page": "83"
        },
        {
          "page": "83"
        },
        {
          "page": "88"
        },
        {
          "page": "1197"
        },
        {
          "page": "86-87"
        },
        {
          "page": "1196"
        }
      ],
      "opinion_index": 0,
      "case_paths": [
        "/us/373/0083-01"
      ]
    },
    {
      "cite": "D.C. Code \u00a7 16-2320",
      "category": "laws:leg_statute",
      "reporter": "D.C. Code",
      "year": 1981,
      "pin_cites": [
        {
          "page": "(e)"
        }
      ],
      "opinion_index": 0
    },
    {
      "cite": "D.C. Code \u00a7\u00a7 22-501",
      "category": "laws:leg_statute",
      "reporter": "D.C. Code",
      "opinion_index": 0
    },
    {
      "cite": "D.C. Code \u00a7 22-2401",
      "category": "laws:leg_statute",
      "reporter": "D.C. Code",
      "year": 1981,
      "opinion_index": 0
    }
  ],
  "analysis": {
    "cardinality": 918,
    "char_count": 19122,
    "ocr_confidence": 0.797,
    "pagerank": {
      "raw": 5.886792838712933e-08,
      "percentile": 0.36876821776095825
    },
    "sha256": "f3ad1d9345d5ec36e686343dd9d0973cbab55b3094de16fb634dfc2c6aeccbd9",
    "simhash": "1:a7a9914e6337529f",
    "word_count": 3142
  },
  "last_updated": "2024-02-28T00:06:03.852730+00:00",
  "provenance": {
    "date_added": "2019-08-29",
    "source": "Harvard",
    "batch": "2018"
  },
  "casebody": {
    "judges": [
      "Before KERN and BELSON, Associate Judges, and PAIR, Associate Judge, Retired."
    ],
    "parties": [
      "In the Matter of C.L.W., Appellant."
    ],
    "opinions": [
      {
        "text": "PAIR, Associate Judge, Retired:\nAfter a factfinding hearing in the Family Division of the Superior Court as provided by D.C.Code \u00a7 16-2317 (1981), C.L.W., a child, (appellant), was found involved in the offenses of felony murder (robbery), D.C. Code \u00a7 22-2401 (1981); armed robbery, D.C.Code \u00a7\u00a7 22-2901, -3202 (1981); and assault with intent to kill while armed, D.C. Code \u00a7\u00a7 22-501, -3202 (1981). Consequently, appellant was adjudged a delinquent and upon completion of the predisposition study and report required by D.C.Code \u00a7 16-2319 (1981), he was committed, pursuant to D.C. Code \u00a7 16-2320(e) (1981), to the custody of the Social Rehabilitation Administration for a period not to exceed two years.\nAt the factfinding hearing on February 23, 1982, evidence was adduced from which the trial judge could have found that at or about 1:00 a.m. on August 24, 1981, Cornell Cole, one of the complainants, drove his automobile into a parking lot at the rear of 904 Varney Street, S.E. Seated to his right was a man later identified as Gerald Lynch. Shortly thereafter, several persons approached the car \u2014 at least two on the driver\u2019s side and one on the passenger\u2019s side. One of the persons on the driver\u2019s side, later identified as C.L.W. (appellant), yanked open the door, pulled Cornell Cole from the car and at gunpoint robbed him of his watch and money. During the course of the assault and robbery, C.L.W. shot Cole in the leg.\nAt about the same time, a male, later identified as J.R.C., opened the door on the passenger\u2019s side and pointing a gun at Lynch, ordered him from the car. Lynch resisted and struck J.R.C. in the face with his fist. J.R.C. then stepped back several feet and fired one shot into the body of Lynch which caused his death.\nSometime thereafter, the police responded to the scene and found Lynch unconscious on the front seat of the car. Cornell Cole, having returned to the scene of the crime, was transported to a hospital and treated for his wound. Lynch was also transported to a hospital where he was pronounced dead on arrival. Cole was later interviewed by police but apparently was unable to give more than a general account of the occurrence and description of the participants in the criminal enterprise.\nOn or about October 2, 1981, the police, being informed by an eyewitness of the facts and circumstances surrounding the August 24, 1981, incidents in the parking lot, executed an affidavit upon the basis of which an order was made for the custody of C.L.W. and J.R.C.\nAfter his arrest, C.L.W. was taken to police headquarters, and having first been fully informed of his Miranda rights, confessed that on August 24,1981, while armed with a gun, he assaulted and robbed Cornell Cole. He stated to the police that his purpose in making the statement was \u201cto beat my charge.\u201d\nOn this appeal which followed the adjudication and disposition of C.L.W., it is contended that (1) the arrest was without probable cause; (2) the confession should have been suppressed (a) as the fruit of an illegal arrest, and (b) as having been obtained in violation of appellant\u2019s Fifth and Sixth Amendment rights; (3) the court erred in refusing to declare a mistrial when it appeared that the government failed to disclose pretrial material allegedly required by the doctrine of Brady v. Maryland, 373 U.S. 83, 83 S.Ct. 1194, 10 L.Ed.2d 215 (1963); and (4) the evidence was insufficient to support the adjudication. Finding no reversible error, we affirm.\nAs to appellant\u2019s first and second contentions that the custody order was predicated upon a deficient supporting affidavit, and that the confession should have been suppressed as the fruit of an illegal arrest, and as having been obtained in violation of the Fifth and Sixth Amendments, we find no merit.\nAppellant was arrested on a custody order which was issued pursuant to the supporting affidavit of Officer Warren J. Donald which related information given to him by an eyewitness informant. The Supreme Court in Aguilar v. Texas, 378 U.S. 108, 84 S.Ct. 1509, 12 L.Ed.2d 723 (1964), and Spinelli v. United States, 393 U.S. 410, 89 S.Ct. 584, 21 L.Ed.2d 637 (1969), articulated a two-prong test for assessing probable cause in a supporting affidavit situation. This test requires the government to establish by sufficient evidence \u201c(1) that the informant had a sound basis for his knowledge of the particular, reported criminal activity, and (2) that the informant himself is a truthful person.\u201d Rutledge v. United States, 392 A.2d 1062, 1065 (D.C.1978). Here, the informant was an eyewitness and therefore had a sound basis for his knowledge of the reported criminal activity. District of Columbia v. M.E.K., 407 A.2d 655, 657 (D.C.1979). Evidence of the informant\u2019s truthfulness was apparent since much of the information provided had already been confirmed by the police investigation of the incident. Rutledge v. United States, supra, 392 A.2d at 1066. Furthermore, the informant who had known appellant for six years, provided detailed information which was self-corroborating. See United States v. Banks, 539 F.2d 14, 17 (9th Cir.) cert. denied, 429 U.S. 1024, 97 S.Ct. 644, 50 L.Ed.2d 626 (1976). Appellant was therefore properly arrested on the basis of a valid custody order from which it must follow that his confession should not have been suppressed as the fruit of an illegal arrest.\nII\nAppellant also contends that the trial judge erred in refusing to suppress his confession for the reason that prior thereto he did not make a knowing and intelligent waiver of his Miranda rights: the right to remain silent and the right to counsel. We disagree.\nWhat appears from the record is that immediately following his arrest, appellant was advised of his Miranda rights. Approximately one hour later, in the interrogation room, Detective Robert Jackson read the PD-47 form aloud to appellant and then gave him the rights card to read. Appellant looked at the card and replied affirmatively to all the questions on the back of the card. Detective Jackson then took a statement from appellant and when near its completion, he discovered that appellant had reading difficulties, another detective read the rights card aloud. At the hearing on the motion to suppress appellant\u2019s confession, the government called a clinical psychologist, Dr. Evelyn Schaefer, who testified that appellant was a fifteen year old male with an I.Q. of 74 at the time of his arrest. Dr. Schaefer stated that despite appellant\u2019s learning and reading difficulties he could understand and reply to the questions on the back of the PD-47 rights card if the warnings were read to him at least once. She also stated that repeated exposure to such warnings and questions on the PD-47 form would improve appellant\u2019s understanding of his Miranda rights. On cross-examination Dr. Schaefer stated that while an I.Q! of 74 was not within the retarded range, someone with that I.Q. could have learning disabilities which might result in problems in understanding certain words on a PD-47 rights card. Appellant, however, presented no testimony, expert or otherwise, to show that he was unable to understand what his rights were.\nAppellant represents that he was handcuffed to the desk while being interrogated; that none of the officers attempted to contact his mother after his arrest; and that from the time of his arrest at 11:00 p.m. to the taking of his statement at 1:00 a.m., he neither slept nor ate anything. Whatever view may be taken of this representation, made for the first time on appeal, we must uphold the trial court\u2019s factual finding that appellant knowingly and intelligently waived his Miranda rights if there is substantial evidence in the record to support such findings. See In re M.D.J., 346 A.2d 733, 735 (D.C.1975).\nDespite appellant\u2019s low I.Q. and the circumstances surrounding the taking of his statement, the record indicates that there was substantial evidence to support the trial court\u2019s findings. At the time appellant was questioned, he was four days short of his 16th birthday. After being advised of his rights, he stated both orally and in writing that he understood what his rights were. He then made a written waiver of his rights prior to giving a statement to the police. No doubt, his understanding of his rights was further enhanced by his experiences after numerous arrests in the past. In any event, at no time during this encounter with the police did he show any signs of emotional disturbance, or request that his mother or an attorney be present, or did he at any time indicate that he wanted to stop answering questions. In sum, there is no indication in the record that appellant was coerced into or promised anything for his statement. Significantly enough, appellant stated to the police that he was talking to them in an effort to \u201cbeat my charge.\u201d We hold therefore that there was a sound base in the evidence for the trial court\u2019s finding that appellant knowingly and intelligently waived his right to remain silent and his right to counsel.\nIII\nAppellant contends next that he did not receive a fair trial because the government withheld specifically requested \u201cBrady material.\u201d Brady v. Maryland, supra, 373 U.S. at 83, 83 S.Ct. 1194; see also Lewis v. United States, 393 A.2d 109, 114 (D.C.1978), aff\u2019d. after rehearing, 408 A.2d 303 (D.C.1979). We cannot agree.\nIt is true that during a pretrial discovery conference with the government appellant made a specific request for information concerning other persons who might have been involved in the robbery and shootings with which appellant was charged. The government did not furnish any such information pretrial. Midtrial, the government released a Jencks packet to appellant\u2019s counsel which included a police investigation report. Upon review of that report, appellant moved for a mistrial on the basis that the information contained therein was Brady material. The trial judge elected to defer disposition of the motion until after trial, when he ruled that although the report was Brady material, appellant was not prejudiced by its non-disclosure before trial. The report in question reads as follows:\nRUNNING RESUME\nMONDAY, SEPTEMBER 28, 1981: 1500-2300 TOUR OF DUTY (DAY OFF)\nOn the above date the undersigned Detective met with the [name, address and telephone number of informant]. Mr. [] related the following information to the undersigned, [C.L.W. and co-respondent] were the persons responsible for the death of decedent [Gerald Lynch]. He related that he knows because [C.L.W.] told him about it. He stated, that David Jeter was there at the time of the murder and that Jeter was the one that gave the guns to [C.L.W. and co-respondent]. [ ] related that he knows the aforementioned as Jeter told him. [] related that Robert or Russell Holtzclaw was also involved but he did not do any of the shooting. [ ] related that Jeter told him that when he gave the guns to [C.L.W. and co-respondent] that he did not know that they were going to stick up no one. [] related that he has known [C.L.W.], Jeter and Holtzclaw for more than one year and he ID the following photo\u2019s: [Photographs of Russell Holtzclaw, David Jeter, and C.L.W.],\n[ ] related that he will not testify in court that he was relating the information to the undersigned as he needed money but there is no way that he will go to any court proceedings. The undersigned advised him that he would check out the information and if it was correct the undersigned would obtain money for him from the Police Department.\nThe undersigned responded to 3705 Silver Park Drive, Apartment Number 301 to have the other victim in this case (Cornell Cole) view a group of photo\u2019s. No one answered knocking at the door. (Emphasis added).\nAssuming arguendo that the report is Brady material since, as the trial judge ruled, it \u201cmay have tended to exculpate [C.L.W.] when viewed from a pretrial perspective in light of then available evidence in the case.\u201d Nevertheless we are unable to conclude that there was constitutional error in the trial court\u2019s refusal to declare a mistrial because of the government\u2019s non-disclosure.\nIn Lewis v. United States, supra, 393 A.2d at 114, we defined Brady material as \u201cexculpatory information, material to a defendant\u2019s guilt or punishment, which the government knew about but failed to disclose to the defendant in time for trial.\u201d Because the report indicated that others were involved in the criminal activity, the trial court determined that the information contained therein may have tended to exculpate appellant. Having determined that the police report withheld by the government was Brady material, the trial court then considered whether appellant was prejudiced by the non-disclosure. Two areas of possible prejudice were identified. The first was contingent upon the government\u2019s introduction of the report into evidence, but since the report was not so introduced, appellant was not prejudiced in that respect. The second area of concern concentrated on appellant\u2019s inability to make use of the information relating to Jeter and Holtzclaw in preparing and presenting his defense.\nThe record discloses that appellant\u2019s counsel interviewed Holtzclaw during his investigation and that during the cross-examination of a government\u2019s witness, before disclosure, attempted to establish that Jeter and Holtzclaw were present at the scene of the crime. Because of those actions by appellant\u2019s counsel, the trial court concluded that appellant suffered no prejudice since he knew both the identity and involvement of Jeter and Holtzclaw, and thus, was already in a position to discover any favorable evidence to be culled from the roles in the criminal activity that they played.\nIn passing after trial on appellant\u2019s motion for mistrial, the trial court viewed the police report first from a pretrial perspective and then having determined that the report was Brady material, viewed it from a post-trial perspective, applying the \u201cmaterial to outcome\u201d test to determine the effect, if any, on appellant of the non-disclosure. The \u201cmaterial to outcome\u201d test requires that the evidence might have affected the outcome of the trial in order to establish constitutional error. United States v. Agurs, 427 U.S. 97, 104, 96 S.Ct. 2392, 49 L.Ed.2d 342 (1976). This test, or post-trial perspective, is the correct standard to apply in those cases that involve a discovery during or after a trial, that Brady material was not disclosed to the accused. Id. at 108, 96 S.Ct. at 2399.\nThus, it seems too clear for further discussion that, assuming again arguendo that the report was Brady material, appellant was clearly not prejudiced by the government\u2019s failure to disclose the material before trial. Appellant, perhaps the best informed person in the criminal enterprise, knew both the identity of and the involvement of Jeter and Holtzclaw. Moreover, appellant\u2019s counsel interviewed Holtzclaw before trial and during his cross-examination of a government witness sought to place Jeter and Holtzclaw at the scene of the crime.\nWe are, therefore, unpersuaded that the non-disclosure of the police report had any materiality whatsoever on the issue of guilt or punishment. Moore v. Illinois, supra, 408 U.S. at 786, 92 S.Ct. at 2564; Lee v. United States, 385 A.2d 159 (D.C.App.1978). Thus, in deciding whether the non-disclosure of the material resulted in the denial of a fair trial, we have, as did the trial court, analyzed the issue in the context of all the evidence and proceedings at trial, i.e., the entire record. Lewis v. United States, supra, 408 A.2d at 306. The trial judge, as trier of both the law and facts, was uniquely qualified to assess the evidence and proceedings and make a judgment respecting the Brady issue and the effect, if any, of non-disclosure. Compelled to accord his judgment due deference, Nelson-Bey v. Robinson, 408 A.2d 999, 1002 (D.C.1979), we conclude that there was no error requiring reversal.\nAffirmed.\n. J.R.C., together with C.L.W., was charged with the felony murder of George Lynch and the other offenses. At the close of the evidence, the court was unable to find beyond a reasonable doubt that J.R.C. was involved in any of the offenses.\n. Miranda v. Arizona, 384 U.S. 436, 86 S.Ct. 1602, 16 L.Ed.2d 694 (1966).\n. Prior to trial C.L.W. moved to suppress his confession on Fifth and Sixth Amendment grounds. The motion was, after a hearing, denied. C.L.W. did not testify at the hearing on the motion, nor did he testify or offer evidence at the factfinding hearing which followed.\n.Although the trial judge was able to find beyond a reasonable doubt that C.L.W. was involved in the felony murder of George Lynch, he was unable to so find with respect to the charge of assault upon Lynch with a dangerous weapon.\n. Appellant also asserts that had his confession been suppressed, there would have been insufficient evidence to support his conviction. In light of our decision that the confession was properly admitted into evidence, and viewing the evidence in light most favorable to the government, the record supports the finding of appellant\u2019s guilt of the felony murder of Gerald Lynch which occurred during the armed assault and robbery of Cornell Cole. Saunders v. United States, 317 A.2d 867, 868 (D.C.1974); see also Waller v. United States, 389 A.2d 801, 807 (D.C.1978), appeal dismissed, 446 U.S. 901, 100 S.Ct. 1824, 64 L.Ed.2d 253 (1980).\n. Jencks Act, 18 U.S.C. \u00a7 3500 (1976).\n. Because the Brady issue did not arise until mid-trial when the \u201cRunning Resume\u201d was produced, the trial judge was not required to determine at that time whether its suppression by the government violated due process within the purview of Brady v. Maryland, supra, 373 U.S. at 83, 83 S.Ct. 1194. Put another way, the tried judge was not at that time required to rule upon the motion for mistrial by application of the \u201ctends to exculpate\u201d standard articulated in Brady v. Maryland, supra, 373 U.S. at 88, 83 S.Ct. at 1197. That standard is to be applied to determine whether disclosure was required, not whether failure to disclose was prejudicial. The \u201ctends to exculpate\u201d standard is premised on the view that \u201cdue process requires pretrial (or at least at trial) disclosure, upon a specific request of evidence material to guilt or punishment.\u201d Moore v. Illinois, 408 U.S. 786, 794, 92 S.Ct. 2562, 2568, 33 L.Ed.2d 706 (1972); Brady v. Maryland, supra, 373 U.S. at 86-87, 83 S.Ct. at 1196; Lewis v. United States, supra, 408 A.2d 303, 306 (D.C.1979).",
        "type": "majority",
        "author": "PAIR, Associate Judge, Retired:"
      }
    ],
    "attorneys": [
      "Deborah Sines, appointed by the court, was on the briefs for appellant. George H. Kendall, Washington, D.C., was on the initial brief for appellant.",
      "Leo N. Gorman, Asst. Corp. Counsel, Washington, D.C., with whom Judith W. Rogers, Corp. Counsel, and Charles L. Reis-chel, Deputy Corp. Counsel, Washington, D.C., were on the brief, for appellee."
    ],
    "corrections": "",
    "head_matter": "In the Matter of C.L.W., Appellant.\nNo. 82-959.\nDistrict of Columbia Court of Appeals.\nArgued May 25, 1983.\nDecided Aug. 22, 1983.\nAs Amended Dec. 1, 1983.\nDeborah Sines, appointed by the court, was on the briefs for appellant. George H. Kendall, Washington, D.C., was on the initial brief for appellant.\nLeo N. Gorman, Asst. Corp. Counsel, Washington, D.C., with whom Judith W. Rogers, Corp. Counsel, and Charles L. Reis-chel, Deputy Corp. Counsel, Washington, D.C., were on the brief, for appellee.\nBefore KERN and BELSON, Associate Judges, and PAIR, Associate Judge, Retired."
  },
  "file_name": "0706-01",
  "first_page_order": 760,
  "last_page_order": 765
}
