{
  "id": 7860783,
  "name": "Nancy J. RAY, Appellant, v. PENNSYLVANIA STATE POLICE, Lieutenant Matthew E. Hunt, Trooper Harding, Trooper John Ridge, and Trooper Les Freeling",
  "name_abbreviation": "Ray v. Pennsylvania State Police",
  "decision_date": "1995-01-12",
  "docket_number": "",
  "first_page": "140",
  "last_page": "143",
  "citations": [
    {
      "type": "official",
      "cite": "654 A.2d 140"
    }
  ],
  "court": {
    "name_abbreviation": "Pa. Commw. Ct.",
    "id": 11887,
    "name": "Commonwealth Court of Pennsylvania"
  },
  "jurisdiction": {
    "id": 6,
    "name_long": "Pennsylvania",
    "name": "Pa."
  },
  "cites_to": [
    {
      "cite": "155 Pa.Commonwealth Ct. 206",
      "category": "reporters:state",
      "reporter": "Pa. Commw.",
      "case_ids": [
        1445823
      ],
      "weight": 2,
      "year": 1993,
      "opinion_index": 0,
      "case_paths": [
        "/pa-commw/155/0206-01"
      ]
    },
    {
      "cite": "625 A.2d 1195",
      "category": "reporters:state_regional",
      "reporter": "A.2d",
      "year": 1993,
      "opinion_index": 0
    },
    {
      "cite": "533 Pa. 662",
      "category": "reporters:state",
      "reporter": "Pa.",
      "year": 1993,
      "opinion_index": 0
    },
    {
      "cite": "152 Pa.Commonwealth Ct. 248",
      "category": "reporters:state",
      "reporter": "Pa. Commw.",
      "case_ids": [
        1439953
      ],
      "weight": 2,
      "year": 1992,
      "opinion_index": 0,
      "case_paths": [
        "/pa-commw/152/0248-01"
      ]
    },
    {
      "cite": "357 Pa.Superior Ct. 225",
      "category": "reporters:state",
      "reporter": "Pa. Super.",
      "case_ids": [
        657144
      ],
      "weight": 2,
      "year": 1986,
      "pin_cites": [
        {
          "parenthetical": "Section 46 of the Restatement (Second) of Torts does not pertain to emotional distress caused by negligence"
        },
        {
          "parenthetical": "Section 46 of the Restatement (Second) of Torts does not pertain to emotional distress caused by negligence"
        }
      ],
      "opinion_index": 0,
      "case_paths": [
        "/pa-super/357/0225-01"
      ]
    },
    {
      "cite": "595 F.2d 1265",
      "category": "reporters:federal",
      "reporter": "F.2d",
      "case_ids": [
        509121
      ],
      "opinion_index": 0,
      "case_paths": [
        "/f2d/595/1265-01"
      ]
    },
    {
      "cite": "515 Pa. 183",
      "category": "reporters:state",
      "reporter": "Pa.",
      "case_ids": [
        1806073
      ],
      "weight": 2,
      "year": 1987,
      "pin_cites": [
        {
          "parenthetical": "the tort of outrageous conduct causing severe emotional distress as specifically set forth in Section 46 of the Restatement (Second) of Torts (1965) has not been incorporated into the law in Pennsylvania"
        },
        {
          "parenthetical": "the tort of outrageous conduct causing severe emotional distress as specifically set forth in Section 46 of the Restatement (Second) of Torts (1965) has not been incorporated into the law in Pennsylvania"
        }
      ],
      "opinion_index": 0,
      "case_paths": [
        "/pa/515/0183-01"
      ]
    },
    {
      "cite": "626 A.2d 1160",
      "category": "reporters:state_regional",
      "reporter": "A.2d",
      "year": 1993,
      "opinion_index": 0
    },
    {
      "cite": "534 Pa. 643",
      "category": "reporters:state",
      "reporter": "Pa.",
      "year": 1993,
      "opinion_index": 0
    },
    {
      "cite": "150 Pa.Commonwealth Ct. 517",
      "category": "reporters:state",
      "reporter": "Pa. Commw.",
      "case_ids": [
        1436544
      ],
      "weight": 2,
      "year": 1992,
      "opinion_index": 0,
      "case_paths": [
        "/pa-commw/150/0517-01"
      ]
    },
    {
      "cite": "652 A.2d 841",
      "category": "reporters:state_regional",
      "reporter": "A.2d",
      "year": 1994,
      "pin_cites": [
        {
          "parenthetical": "holding that a state trooper acting within the scope of his duties is protected by sovereign immunity from intentional infliction of emotional distress claims"
        }
      ],
      "opinion_index": 0
    },
    {
      "cite": "642 A.2d 555",
      "category": "reporters:state_regional",
      "reporter": "A.2d",
      "case_ids": [
        1461147,
        7864381
      ],
      "year": 1994,
      "pin_cites": [
        {
          "parenthetical": "holding that a state trooper acting within the scope of his duties is protected by sovereign immunity from intentional infliction of emotional distress claims"
        }
      ],
      "opinion_index": 0,
      "case_paths": [
        "/pa-commw/164/0117-01",
        "/a2d/642/0555-01"
      ]
    },
    {
      "cite": "164 Pa.Commonwealth Ct. 117",
      "category": "reporters:state",
      "reporter": "Pa. Commw.",
      "case_ids": [
        1461147
      ],
      "year": 1994,
      "pin_cites": [
        {
          "parenthetical": "holding that a state trooper acting within the scope of his duties is protected by sovereign immunity from intentional infliction of emotional distress claims"
        }
      ],
      "opinion_index": 0,
      "case_paths": [
        "/pa-commw/164/0117-01"
      ]
    },
    {
      "cite": "152 Pa.Commonwealth Ct. 163",
      "category": "reporters:state",
      "reporter": "Pa. Commw.",
      "case_ids": [
        1439942
      ],
      "weight": 2,
      "year": 1992,
      "opinion_index": 0,
      "case_paths": [
        "/pa-commw/152/0163-01"
      ]
    },
    {
      "cite": "56 Atl. 878",
      "category": "reporters:state_regional",
      "reporter": "A.",
      "year": 1904,
      "opinion_index": 1
    },
    {
      "cite": "207 Pa. 313",
      "category": "reporters:state",
      "reporter": "Pa.",
      "case_ids": [
        933498
      ],
      "year": 1904,
      "opinion_index": 1,
      "case_paths": [
        "/pa/207/0313-01"
      ]
    },
    {
      "cite": "109 A. 905",
      "category": "reporters:state_regional",
      "reporter": "A.",
      "year": 1919,
      "opinion_index": 1
    },
    {
      "cite": "94 Vt. 14",
      "category": "reporters:state",
      "reporter": "Vt.",
      "case_ids": [
        4530913
      ],
      "year": 1919,
      "opinion_index": 1,
      "case_paths": [
        "/vt/94/0014-01"
      ]
    },
    {
      "cite": "79 NW 922",
      "category": "reporters:state_regional",
      "reporter": "N.W.",
      "year": 1899,
      "opinion_index": 1
    },
    {
      "cite": "120 Mich. 596",
      "category": "reporters:state",
      "reporter": "Mich.",
      "case_ids": [
        1451207
      ],
      "year": 1899,
      "opinion_index": 1,
      "case_paths": [
        "/mich/120/0596-01"
      ]
    },
    {
      "cite": "47 NE 401",
      "category": "reporters:state_regional",
      "reporter": "N.E.",
      "year": 1897,
      "opinion_index": 1
    },
    {
      "cite": "169 Mass. 57",
      "category": "reporters:state",
      "reporter": "Mass.",
      "case_ids": [
        469621
      ],
      "year": 1897,
      "opinion_index": 1,
      "case_paths": [
        "/mass/169/0057-01"
      ]
    },
    {
      "cite": "55 P. 906",
      "category": "reporters:state_regional",
      "reporter": "P.",
      "year": 1899,
      "opinion_index": 1
    },
    {
      "cite": "123 Cal 285",
      "category": "reporters:state",
      "reporter": "Cal.",
      "case_ids": [
        2076624
      ],
      "year": 1899,
      "opinion_index": 1,
      "case_paths": [
        "/cal/123/0285-01"
      ]
    },
    {
      "cite": "135 A. 301",
      "category": "reporters:state_regional",
      "reporter": "A.",
      "year": 1926,
      "opinion_index": 1
    },
    {
      "cite": "287 Pa. 512",
      "category": "reporters:state",
      "reporter": "Pa.",
      "case_ids": [
        1099675
      ],
      "year": 1926,
      "opinion_index": 1,
      "case_paths": [
        "/pa/287/0512-01"
      ]
    },
    {
      "cite": "97 A.2d 784",
      "category": "reporters:state_regional",
      "reporter": "A.2d",
      "year": 1953,
      "opinion_index": 1
    },
    {
      "cite": "374 Pa. 350",
      "category": "reporters:state",
      "reporter": "Pa.",
      "case_ids": [
        1241440
      ],
      "year": 1953,
      "opinion_index": 1,
      "case_paths": [
        "/pa/374/0350-01"
      ]
    }
  ],
  "analysis": {
    "cardinality": 569,
    "char_count": 8715,
    "ocr_confidence": 0.703,
    "pagerank": {
      "raw": 5.8648112720239546e-08,
      "percentile": 0.36803419813278687
    },
    "sha256": "55d945d06bdb9dbdb543f20c90e72cec01f287da6787fdea8c1b556da97443ff",
    "simhash": "1:bdd5facb458d8918",
    "word_count": 1410
  },
  "last_updated": "2024-02-27T23:51:19.490961+00:00",
  "provenance": {
    "date_added": "2019-08-29",
    "source": "Harvard",
    "batch": "2018"
  },
  "casebody": {
    "judges": [
      "Before COLINS, President Judge, and SMITH, J., and SILVESTRI, Senior Judge."
    ],
    "parties": [
      "Nancy J. RAY, Appellant, v. PENNSYLVANIA STATE POLICE, Lieutenant Matthew E. Hunt, Trooper Harding, Trooper John Ridge, and Trooper Les Freeling."
    ],
    "opinions": [
      {
        "text": "SMITH, Judge.\nNancy J. Ray appeals from the December 9, 1998 order of the Court of Common Pleas of Franklin County sustaining the preliminary objections in the nature of a demurrer filed by the Pennsylvania State Police, Lieutenant Matthew E. Hunt, Trooper Harding, Trooper John Ridge, and Trooper Les Freeling (collectively Defendants) and dismissing Ray\u2019s complaint for emotional distress arising out of the alleged mishandling of her daughter\u2019s remains and failure to turn those remains over to Ray for burial. The Defendants filed their preliminary objections raising, in pertinent part, the affirmative defense of sovereign immunity and challenged the sufficiency of Ray\u2019s allegations of negligent infliction of emotional distress.\nThe trial court is affirmed on the well-written opinion of the court as indicated below: however, the Court notes the following response to the issues raised in this appeal. The trial court properly relied upon this Court\u2019s decision in La Frankie v. Miklich, 152 Pa.Commonwealth Ct. 163, 618 A.2d 1145 (1992), and determined that sovereign immunity bars Ray\u2019s claims for intentional infliction of emotional distress. See also Pickering v. Sacavage, 164 Pa.Commonwealth Ct. 117, 642 A.2d 555, appeal denied, - Pa. -, 652 A.2d 841 (No. 275 M.D.Alloc.Dkt., filed December 5, 1994) (holding that a state trooper acting within the scope of his duties is protected by sovereign immunity from intentional infliction of emotional distress claims). The court also acknowledged that the Pennsylvania Supreme Court has not recognized actions for negligent mishandling of the dead, Kearney v. City of Philadelphia, 150 Pa.Commonwealth Ct. 517, 616 A.2d 72 (1992), appeal denied, 534 Pa. 643, 626 A.2d 1160 (1993); and determined that Ray failed to state a claim for negligent infliction of emotional distress because she failed to plead that she witnessed any traumatic event involving her daughter\u2019s remains.\nRay questions whether the trial court erred in determining that sovereign immunity bars her claims since Pennsylvania courts have recognized this cause of action and determined that is falls under the \u201cproperty exception\u201d to immunity set forth in 42 Pa. C.S. \u00a7 8522(b)(3). Ray argues that her action for emotional distress based on the negligent acts of Defendants pursuant to Section 46 of the Restatement (Second) of Torts should have been sustained by the trial court because they rose to the level of outrageous behavior and she need not witness the harm inflicted on her deceased daughter\u2019s remains to state a cause of action for negligent infliction of emotional distress.\nUpon review, this Court finds no basis to support Ray\u2019s contentions that the trial court erred as the court acted in accordance with the current state of the law. The decision of the trial court is affirmed on the basis of the opinion issued by Judge William H. Kaye in Ray v. Pennsylvania State Police, \u2014 Pa. D. & C.4th - (No. A.D. 1993-155, filed December 9, 1993, later supplemented on February 17, 1994). In doing so, this Court, however, shares the sentiments expressed by the trial court in sustaining the preliminary objections.\nORDER\nAND NOW, this 12th day of January, 1995, the order of the Court of Common Pleas of Franklin County is affirmed upon the December 9, 1993 opinion issued by Judge William H. Kaye in Ray v. Pennsylvania State Police, \u2014 Pa. D. & C.4th - (No. A.D. 1993-155, filed December 9, 1993, later supplemented on February 17, 1994).\n. Cf. Kazatsky v. King David Memorial Park, 515 Pa. 183, 527 A.2d 988 (1987) (the tort of outrageous conduct causing severe emotional distress as specifically set forth in Section 46 of the Restatement (Second) of Torts (1965) has not been incorporated into the law in Pennsylvania). See also Chuy v. Philadelphia Eagles Football Club, 595 F.2d 1265 (3rd Cir.1979); Pierce v. Penman, 357 Pa.Superior Ct. 225, 515 A.2d 948 (1986) (Section 46 of the Restatement (Second) of Torts does not pertain to emotional distress caused by negligence).\n. A review of the record demonstrates that Ray waived the issue of whether the individual state police defendants could have acted outside the scope of their employment when they committed the intentionally tortious acts because she did not raise the issue before the trial court and cannot raise it for the first time on appeal. Bolduc v. Board of Supervisors of Lower Paxton Township, 152 Pa.Commonwealth Ct. 248, 618 A.2d 1188 (1992), appeal denied, 533 Pa. 662, 625 A.2d 1195 (1993); Pa. R.A.P. 302(a). Ray failed to plead in her complaint that the individual state police defendants acted outside the scope of their duties as Commonwealth employees, Bronson v. Lechward, 155 Pa.Commonwealth Ct. 206, 624 A.2d 799 (1993), La Frankie; and the record reflects no indication that Ray sought leave to further amend her complaint to include this allegation. Compare Kearney (trial court did not abuse its discretion in refusing to grant leave to amend a complaint when the plaintiff had been granted one opportunity to amend her complaint and further amendment could not circumvent the city's immunity defense).",
        "type": "majority",
        "author": "SMITH, Judge."
      },
      {
        "text": "SILVESTRI, Senior Judge,\ndissenting.\nBecause I believe the preliminary objections filed by the Defendant\u2019s should have been dismissed, I dissent from the majority\u2019s opinion affirming the trial court\u2019s sustaining of the same.\nI believe the Court of Common Pleas\u2019 reasoning in the Geiges case, Geiges v. Rosko, 49 Pa. D & C 3rd 61 (1987), cited by Ray, is correct. In Geiges, the court held that a decedent\u2019s remains constitute personal property of the deceased\u2019s nearest relatives. The court, reaching this conclusion, set forth the following reasoning:\nPennsylvania law has long recognized the special rights of the next of kin regarding a decedent\u2019s remains. See Leschey v. Leschey, 374 Pa. 350, 97 A.2d 784 (1953); Ronick v. Lynn, 23 D. & C.3d 456 (1982); Miller v. New Holland Cemetery Association, 14 D. & C.2d 735 (1958). These rights include custody of the body (Leschey, supra), control of the burial (Miller, supra) and the right to contest an exhumation and/or autopsy, Commonwealth v. Marshall, 287 Pa. 512, 135 A. 301 (1926). We are faced with deciding whether these rights rise to the level of a property right. Although early common law recognized no property rights in the body of the deceased person, most jurisdictions have modified this rule. See O\u2019Donnell v. Slack, 123 Cal 285, 55 P. 906 (1899); Burney v. Children\u2019s Hospital, 169 Mass. 57, 47 NE 401 (1897); Doxtator v. Chicago & W.M.R. Co., 120 Mich. 596, 79 NW 922 (1899); Nichols v. Central Vermont R. Co., 94 Vt. 14, 109 A. 905 (1919); Pettigrew v. Pettigrew, 207 Pa. 313, 56 Atl. 878 (1904). This line of cases recognizes a quasi property right in a decedent\u2019s remains vesting in the nearest relative of the deceased and arising out of their duty to bury their dead. The Pennsylvania Supreme Court in Pettigrew, supra, found a property right in a corpse \u201csubject to a trust and limited in its rights to such exercise as shall be in conformity with the duty out of which the rights arise.\u201d\nGeiges, 49 D. & C. at 65-66.\nAccordingly, an allegation of the mishandling of a family members\u2019 remains by a local agency, as alleged here by Ray, would fall within the exceptions to immunity set forth in Section 8542 of the Political Subdivision Tort Claims Act. 42 Pa.C.S. \u00a7 8542 provides as follows:\n(b) Acts which may impose liability.\u2014 The following acts done by a local agency or any of its employees may result in the imposition of liability on a local agency:\n(2) Care, custody or control of personal property. \u2014 The care, custody or control of personal property of others in the possession or control of the local agency. The only losses for which damages shall be recoverable under this paragraph are those property losses suffered with respect to the personal property in the possession or control of the local agency.\nBased on the foregoing, I would reverse the trial court\u2019s order sustaining the Defendant\u2019s preliminary objections.\nFinally, I wish to note my disagreement with the trial court\u2019s chastisement of the public officials in its opinion, and, consequently, this court\u2019s agreement therewith. The criticism set forth by the trial court was inappropriate and irrelevant to the outcome in this matter.",
        "type": "dissent",
        "author": "SILVESTRI, Senior Judge,"
      }
    ],
    "attorneys": [
      "F. Stephenson Matthes, for appellant.",
      "John M. Abel, Deputy Atty. Gen., for ap-pellees."
    ],
    "corrections": "",
    "head_matter": "Nancy J. RAY, Appellant, v. PENNSYLVANIA STATE POLICE, Lieutenant Matthew E. Hunt, Trooper Harding, Trooper John Ridge, and Trooper Les Freeling.\nCommonwealth Court of Pennsylvania.\nSubmitted on Briefs Sept. 23, 1994.\nDecided Jan. 12, 1995.\nF. Stephenson Matthes, for appellant.\nJohn M. Abel, Deputy Atty. Gen., for ap-pellees.\nBefore COLINS, President Judge, and SMITH, J., and SILVESTRI, Senior Judge."
  },
  "file_name": "0140-01",
  "first_page_order": 200,
  "last_page_order": 203
}
