{
  "id": 7870032,
  "name": "Edward J. SNYDER, Petitioner, v. WORKMEN'S COMPENSATION APPEAL BOARD (TOWNSHIP OF INDIANA), Respondent",
  "name_abbreviation": "Snyder v. Workmen's Compensation Appeal Board",
  "decision_date": "1995-02-07",
  "docket_number": "",
  "first_page": "641",
  "last_page": "642",
  "citations": [
    {
      "type": "official",
      "cite": "654 A.2d 641"
    }
  ],
  "court": {
    "name_abbreviation": "Pa. Commw. Ct.",
    "id": 11887,
    "name": "Commonwealth Court of Pennsylvania"
  },
  "jurisdiction": {
    "id": 6,
    "name_long": "Pennsylvania",
    "name": "Pa."
  },
  "cites_to": [
    {
      "cite": "67 A.2d 785",
      "category": "reporters:state_regional",
      "reporter": "A.2d",
      "year": 1949,
      "pin_cites": [
        {
          "page": "786"
        }
      ],
      "opinion_index": 0
    },
    {
      "cite": "165 Pa.Superior Ct. 316",
      "category": "reporters:state",
      "reporter": "Pa. Super.",
      "case_ids": [
        467304
      ],
      "year": 1949,
      "pin_cites": [
        {
          "page": "318"
        }
      ],
      "opinion_index": 0,
      "case_paths": [
        "/pa-super/165/0316-01"
      ]
    },
    {
      "cite": "654 A.2d 267",
      "category": "reporters:state_regional",
      "reporter": "A.2d",
      "case_ids": [
        7862035
      ],
      "year": 1995,
      "opinion_index": 0,
      "case_paths": [
        "/a2d/654/0267-01"
      ]
    },
    {
      "cite": "517 A.2d 523",
      "category": "reporters:state_regional",
      "reporter": "A.2d",
      "case_ids": [
        1800416
      ],
      "year": 1986,
      "opinion_index": 0,
      "case_paths": [
        "/pa/512/0377-02"
      ]
    },
    {
      "cite": "512 Pa. 377",
      "category": "reporters:state",
      "reporter": "Pa.",
      "case_ids": [
        1800416,
        1800407
      ],
      "year": 1986,
      "opinion_index": 0,
      "case_paths": [
        "/pa/512/0377-02",
        "/pa/512/0377-01"
      ]
    }
  ],
  "analysis": {
    "cardinality": 258,
    "char_count": 3865,
    "ocr_confidence": 0.73,
    "pagerank": {
      "raw": 5.527646540942415e-08,
      "percentile": 0.3478220158781458
    },
    "sha256": "c2db2fcd86e61b1a41c6effee97ff745a31d71325d81c692ca6b5e236a11ddcf",
    "simhash": "1:8d1a338bec443344",
    "word_count": 611
  },
  "last_updated": "2024-02-27T23:51:19.490961+00:00",
  "provenance": {
    "date_added": "2019-08-29",
    "source": "Harvard",
    "batch": "2018"
  },
  "casebody": {
    "judges": [
      "Before COLINS, President Judge, NEWMAN, J., and SILVESTRI, Senior Judge."
    ],
    "parties": [
      "Edward J. SNYDER, Petitioner, v. WORKMEN\u2019S COMPENSATION APPEAL BOARD (TOWNSHIP OF INDIANA), Respondent."
    ],
    "opinions": [
      {
        "text": "COLINS, President Judge.\nEdward J. Snyder (Snyder) petitions for review of a May 24,1994 order of the Workmen\u2019s Compensation Appeal Board (Board), reversing the referee\u2019s calculation of Snyder\u2019s average weekly wage. We affirm.\nSnyder was injured on June 24,1990 while performing his duties as a volunteer fire fighter for Indiana Township (Township). Snyder received compensation equivalent to the statewide average weekly wage according to Section 601 of the Workers\u2019 Compensation Act (Act). Snyder then filed a petition for review averring that his wages as a full-time truck driver should have been included in the calculation under Section 309(e) of the Act. The referee concluded that Snyder was entitled to inclusion of his wages as a truck driver. The referee reasoned that because Section 601(b) entitles a volunteer fire fighter to \u201cat least\u201d the statewide average weekly wage, benefits should not be limited to the statewide average where concurrent employment exists. The Township appealed, and the Board reversed. The Board concluded that the intention of Section 601 is to fairly compensate a volunteer fire fighter with a lower paying (i.e., lower than the statewide average) \u201cregular\u201d job and that Snyder\u2019s wages from truck driving are not to be included as wages from concurrent employment.\nOur review on appeal is limited to determining violations of constitutional rights, errors of law, and whether the referee\u2019s findings are adequately supported by substantial, competent evidence. Estate of McGovern v. State Employees\u2019 Retirement Board, 512 Pa. 377, 517 A.2d 523 (1986). The sole question before us is whether a claimant injured while performing the duties of a volunteer fire fighter may collect benefits equal to the sum of the statewide average weekly wage and his wage from other employment.\nWe recently addressed this issue in New Bethlehem Volunteer Fire Company v. Workmen\u2019s Compensation Appeal Board (Kemp), \u2014 Pa.Commonwealth Ct. -, 654 A.2d 267 (1995) and concluded that a volunteer fire fighter who also holds compensated employment is not in a concurrent employment situation. New Bethlehem makes it clear that the intent of Section 601 is to ensure that a volunteer fire fighter does not receive less than the statewide average weekly wage.\nBefore he became disabled, Snyder earned a single wage as a truck driver; Snyder was not working under concurrent contracts with concurrent wages. Hartmann v. Commissioners, 165 Pa.Superior Ct. 316, 318, 67 A.2d 785, 786 (1949). Accordingly, Snyder is entitled only to the statewide weekly wage and not a combination of the statewide average and his wage from truck driving.\nORDER\nAND NOW, this 7th day of February, 1995, the order of the Workmen\u2019s Compensation Appeal Board in the above-captioned matter is affirmed.\n. Act of June 2, 1915, P.L. 736, as amended, 77 P.S. \u00a7 1031. Section 601(a) of the Act provides that the definition of employee for the purposes of the Act includes volunteer fire fighters. Section 601(b) provides that in cases of compensable injury to employees as defined in subsection (a) (i.e., fire fighters, among others), \u201cthere is an irrebuttable presumption that his wages shall be at least equal to the Statewide average weekly wage for the purpose of computing his compensation....\u201d 77 P.S. \u00a7 1031(b).\n. \"Where the employe is working under concurrent contracts with two or more employers, his wages from all such employers shall be considered as if earned from the employer liable for compensation.\u201d 77 P.S. \u00a7 582(e).",
        "type": "majority",
        "author": "COLINS, President Judge."
      }
    ],
    "attorneys": [
      "Daniel K. Bricmont, for petitioner.",
      "C. Robet Keenan III, for respondent."
    ],
    "corrections": "",
    "head_matter": "Edward J. SNYDER, Petitioner, v. WORKMEN\u2019S COMPENSATION APPEAL BOARD (TOWNSHIP OF INDIANA), Respondent.\nCommonwealth Court of Pennsylvania.\nSubmitted on Briefs Nov. 10, 1994.\nDecided Feb. 7, 1995.\nDaniel K. Bricmont, for petitioner.\nC. Robet Keenan III, for respondent.\nBefore COLINS, President Judge, NEWMAN, J., and SILVESTRI, Senior Judge."
  },
  "file_name": "0641-01",
  "first_page_order": 701,
  "last_page_order": 702
}
