{
  "id": 12490499,
  "name": "GIACALONE-SOLTESZ, P. v. WCAB (FAYETTE RESOURCES)",
  "name_abbreviation": "Giacalone-Soltesz v. Wcab",
  "decision_date": "2017-03-28",
  "docket_number": "1034 CD 2016",
  "first_page": "298",
  "last_page": "298",
  "citations": [
    {
      "type": "official",
      "cite": "167 A.3d 298"
    }
  ],
  "court": {
    "name_abbreviation": "Pa. Commw. Ct.",
    "id": 11887,
    "name": "Commonwealth Court of Pennsylvania"
  },
  "jurisdiction": {
    "id": 6,
    "name_long": "Pennsylvania",
    "name": "Pa."
  },
  "cites_to": [],
  "analysis": {
    "cardinality": 21,
    "char_count": 159,
    "sha256": "0c0992b9b7b347b4276a20124ce946fdf18f3332bd3c9cb6ea25781a2ed7288c",
    "simhash": "1:a4e56a258099f448",
    "word_count": 21
  },
  "last_updated": "2021-09-08T21:16:17.237805+00:00",
  "provenance": {
    "date_added": "2021-08-27",
    "source": "Fastcase",
    "batch": "2021"
  },
  "casebody": {
    "judges": [],
    "parties": [
      "GIACALONE-SOLTESZ, P.\nv.\nWCAB (FAYETTE RESOURCES)"
    ],
    "opinions": [
      {
        "text": "Affirmed.",
        "type": "majority",
        "author": null
      }
    ],
    "attorneys": [],
    "corrections": "",
    "head_matter": "GIACALONE-SOLTESZ, P.\nv.\nWCAB (FAYETTE RESOURCES)\n1034 CD 2016\nCommonwealth Court of Pennsylvania.\nMarch 28, 2017\nDECISION WITHOUT PUBLISHED OPINION"
  },
  "file_name": "0298-04",
  "first_page_order": 298,
  "last_page_order": 298
}
