{
  "id": 12490559,
  "name": "IN RE: Nom. Pet of Nick ENGLESSON (Garcia, et al.)",
  "name_abbreviation": "In re Nom. Pet (Garcia",
  "decision_date": "2017-04-13",
  "docket_number": "383 CD 2017",
  "first_page": "302",
  "last_page": "302",
  "citations": [
    {
      "type": "official",
      "cite": "167 A.3d 302"
    }
  ],
  "court": {
    "name_abbreviation": "Pa. Commw. Ct.",
    "id": 11887,
    "name": "Commonwealth Court of Pennsylvania"
  },
  "jurisdiction": {
    "id": 6,
    "name_long": "Pennsylvania",
    "name": "Pa."
  },
  "cites_to": [],
  "analysis": {
    "cardinality": 19,
    "char_count": 124,
    "sha256": "3e36e82b275e6254494828086d96ce537b61f6ef0e81f4a29ff31471ab9bf6bb",
    "simhash": "1:7222cee0efc9bc26",
    "word_count": 21
  },
  "last_updated": "2021-08-27T20:57:14.022978+00:00",
  "provenance": {
    "date_added": "2021-08-27",
    "source": "Fastcase",
    "batch": "2021"
  },
  "casebody": {
    "judges": [],
    "parties": [
      "IN RE: Nom. Pet of Nick ENGLESSON (Garcia, et al.)"
    ],
    "opinions": [
      {
        "text": "",
        "type": "majority",
        "author": null
      }
    ],
    "attorneys": [],
    "corrections": "",
    "head_matter": "IN RE: Nom. Pet of Nick ENGLESSON (Garcia, et al.)\n383 CD 2017\nCommonwealth Court of Pennsylvania.\nApril 13, 2017\nAffirmed"
  },
  "file_name": "0302-04",
  "first_page_order": 302,
  "last_page_order": 302
}
