{
  "id": 12490579,
  "name": "PHIVE STARR PROPERTIES, LP v. CITY OF WASHINGTON",
  "name_abbreviation": "Phive Starr Props., LP v. City of Wash.",
  "decision_date": "2017-04-18",
  "docket_number": "435 CD 2015",
  "first_page": "303",
  "last_page": "303",
  "citations": [
    {
      "type": "official",
      "cite": "167 A.3d 303"
    }
  ],
  "court": {
    "name_abbreviation": "Pa. Commw. Ct.",
    "id": 11887,
    "name": "Commonwealth Court of Pennsylvania"
  },
  "jurisdiction": {
    "id": 6,
    "name_long": "Pennsylvania",
    "name": "Pa."
  },
  "cites_to": [],
  "analysis": {
    "cardinality": 22,
    "char_count": 157,
    "sha256": "c58e75a3d55d96dcf2c3baa2f200737131a4ab296b60f867073149d079ba3be9",
    "simhash": "1:2ee5cb63186df564",
    "word_count": 23
  },
  "last_updated": "2021-08-27T20:57:14.022978+00:00",
  "provenance": {
    "date_added": "2021-08-27",
    "source": "Fastcase",
    "batch": "2021"
  },
  "casebody": {
    "judges": [],
    "parties": [
      "PHIVE STARR PROPERTIES, LP\nv.\nCITY OF WASHINGTON"
    ],
    "opinions": [
      {
        "text": "Affirmed.",
        "type": "majority",
        "author": null
      }
    ],
    "attorneys": [],
    "corrections": "",
    "head_matter": "PHIVE STARR PROPERTIES, LP\nv.\nCITY OF WASHINGTON\n435 CD 2015\nCommonwealth Court of Pennsylvania.\nApril 18, 2017\nDECISION WITHOUT PUBLISHED OPINION"
  },
  "file_name": "0303-09",
  "first_page_order": 303,
  "last_page_order": 303
}
