{
  "id": 12490614,
  "name": "MONMALT PARTNERS et al. v. ZHB OF MONROEVILLE et al.",
  "name_abbreviation": "Partners v. ZHB Monroeville",
  "decision_date": "2017-05-04",
  "docket_number": "1992 CD 2016",
  "first_page": "306",
  "last_page": "306",
  "citations": [
    {
      "type": "official",
      "cite": "167 A.3d 306"
    }
  ],
  "court": {
    "name_abbreviation": "Pa. Commw. Ct.",
    "id": 11887,
    "name": "Commonwealth Court of Pennsylvania"
  },
  "jurisdiction": {
    "id": 6,
    "name_long": "Pennsylvania",
    "name": "Pa."
  },
  "cites_to": [],
  "analysis": {
    "cardinality": 22,
    "char_count": 159,
    "sha256": "e7e5b1cdd765d6e95e924f720777f45f044777ae7fd8346e7e2ba8e4212246bc",
    "simhash": "1:b50ff2e08be83679",
    "word_count": 25
  },
  "last_updated": "2021-08-27T20:57:14.022978+00:00",
  "provenance": {
    "date_added": "2021-08-27",
    "source": "Fastcase",
    "batch": "2021"
  },
  "casebody": {
    "judges": [],
    "parties": [
      "MONMALT PARTNERS et al.\nv.\nZHB OF MONROEVILLE et al."
    ],
    "opinions": [
      {
        "text": "Affirmed.",
        "type": "majority",
        "author": null
      }
    ],
    "attorneys": [],
    "corrections": "",
    "head_matter": "MONMALT PARTNERS et al.\nv.\nZHB OF MONROEVILLE et al.\n1992 CD 2016\nCommonwealth Court of Pennsylvania.\nMay 4, 2017\nDECISION WITHOUT PUBLISHED OPINION"
  },
  "file_name": "0306-12",
  "first_page_order": 306,
  "last_page_order": 306
}
