{
  "id": 7944300,
  "name": "Martin MALINOU, Public Administrator v. Lenoard A. KIERNAN, Jr., Administrator; Martin MALINOU, Public Administrator v. Leonard A. KIERNAN, Jr., Administrator",
  "name_abbreviation": "Malinou v. Kiernan",
  "decision_date": "1980-06-12",
  "docket_number": "Nos. 78-357-A., 79-90-A",
  "first_page": "93",
  "last_page": "93",
  "citations": [
    {
      "type": "official",
      "cite": "420 A.2d 93"
    }
  ],
  "court": {
    "name_abbreviation": "R.I.",
    "id": 10179,
    "name": "Supreme Court of Rhode Island"
  },
  "jurisdiction": {
    "id": 15,
    "name_long": "Rhode Island",
    "name": "R.I."
  },
  "cites_to": [],
  "analysis": {
    "cardinality": 63,
    "char_count": 569,
    "ocr_confidence": 0.831,
    "sha256": "7b0bc41b4e8d2392d3af2e9eeee722269e608d5f46a0218057d38f4e815516f2",
    "simhash": "1:2acae8f341072a78",
    "word_count": 88
  },
  "last_updated": "2023-07-14T14:49:01.032278+00:00",
  "provenance": {
    "date_added": "2019-08-29",
    "source": "Harvard",
    "batch": "2018"
  },
  "casebody": {
    "judges": [
      "WEISBERGER, J., did not participate."
    ],
    "parties": [
      "Martin MALINOU, Public Administrator v. Lenoard A. KIERNAN, Jr., Administrator. Martin MALINOU, Public Administrator v. Leonard A. KIERNAN, Jr., Administrator."
    ],
    "opinions": [
      {
        "text": "ORDER\nThis case is assigned to the October, 1980 show cause calendar. The plaintiff is directed to appear and show cause why his appeals should not be dismissed in view of the fact that the issues raised appear to be without merit.\nWEISBERGER, J., did not participate.",
        "type": "majority",
        "author": null
      }
    ],
    "attorneys": [
      "Martin Malinou, pro se.",
      "Bernard W. Boyer, Providence, for defendant."
    ],
    "corrections": "",
    "head_matter": "Martin MALINOU, Public Administrator v. Lenoard A. KIERNAN, Jr., Administrator. Martin MALINOU, Public Administrator v. Leonard A. KIERNAN, Jr., Administrator.\nNos. 78-357-A., 79-90-A.\nSupreme Court of Rhode Island.\nJune 12, 1980.\nMartin Malinou, pro se.\nBernard W. Boyer, Providence, for defendant."
  },
  "file_name": "0093-01",
  "first_page_order": 149,
  "last_page_order": 149
}
