{
  "id": 7945012,
  "name": "Feliska HYSZKO v. Lawrence BARBOUR et al.; Alice MINASIAN, Executrix v. Brian J. BARRY et al.",
  "name_abbreviation": "Hyszko v. Barbour",
  "decision_date": "1980-07-10",
  "docket_number": "Nos. 79-508-A, 80-121-A",
  "first_page": "100",
  "last_page": "100",
  "citations": [
    {
      "type": "official",
      "cite": "420 A.2d 100"
    }
  ],
  "court": {
    "name_abbreviation": "R.I.",
    "id": 10179,
    "name": "Supreme Court of Rhode Island"
  },
  "jurisdiction": {
    "id": 15,
    "name_long": "Rhode Island",
    "name": "R.I."
  },
  "cites_to": [],
  "analysis": {
    "cardinality": 53,
    "char_count": 411,
    "ocr_confidence": 0.802,
    "sha256": "8918468ff7442a6f4caace3a0f8b22c4ad2a6d747a9760acc0fa7dac22ebc834",
    "simhash": "1:c11b1cbbf83d4a74",
    "word_count": 62
  },
  "last_updated": "2023-07-14T14:49:01.032278+00:00",
  "provenance": {
    "date_added": "2019-08-29",
    "source": "Harvard",
    "batch": "2018"
  },
  "casebody": {
    "judges": [
      "DORIS, J., did not participate."
    ],
    "parties": [
      "Feliska HYSZKO v. Lawrence BARBOUR et al. Alice MINASIAN, Executrix v. Brian J. BARRY et al."
    ],
    "opinions": [
      {
        "text": "ORDER\nThe motion of plaintiffs to consolidate these cases is granted.\nDORIS, J., did not participate.",
        "type": "majority",
        "author": null
      }
    ],
    "attorneys": [
      "S. Christopher Stowe, Jr., Deeb G. Sar-kas, Warwick, for plaintiffs.",
      "Higgins, Cavanagh & Cooney, Joseph V. Cavanagh, Providence, for defendants."
    ],
    "corrections": "",
    "head_matter": "Feliska HYSZKO v. Lawrence BARBOUR et al. Alice MINASIAN, Executrix v. Brian J. BARRY et al.\nNos. 79-508-A, 80-121-A.\nSupreme Court of Rhode Island.\nJuly 10, 1980.\nS. Christopher Stowe, Jr., Deeb G. Sar-kas, Warwick, for plaintiffs.\nHiggins, Cavanagh & Cooney, Joseph V. Cavanagh, Providence, for defendants."
  },
  "file_name": "0100-01",
  "first_page_order": 156,
  "last_page_order": 156
}
