{
  "id": 7935087,
  "name": "STATE of Maine v. Dana BETTS",
  "name_abbreviation": "State v. Betts",
  "decision_date": "1985-04-19",
  "docket_number": "",
  "first_page": "1169",
  "last_page": "1171",
  "citations": [
    {
      "type": "official",
      "cite": "491 A.2d 1169"
    }
  ],
  "court": {
    "name_abbreviation": "Me.",
    "id": 9543,
    "name": "Maine Supreme Judicial Court"
  },
  "jurisdiction": {
    "id": 42,
    "name_long": "Maine",
    "name": "Me."
  },
  "cites_to": [
    {
      "cite": "151 A.2d 266",
      "category": "reporters:state_regional",
      "reporter": "A.2d",
      "year": 1959,
      "opinion_index": 0
    },
    {
      "cite": "155 Me. 115",
      "category": "reporters:state",
      "reporter": "Me.",
      "case_ids": [
        962524
      ],
      "year": 1959,
      "opinion_index": 0,
      "case_paths": [
        "/me/155/0115-01"
      ]
    },
    {
      "cite": "379 A.2d 735",
      "category": "reporters:state_regional",
      "reporter": "A.2d",
      "case_ids": [
        11328827
      ],
      "opinion_index": 0,
      "case_paths": [
        "/a2d/379/0735-01"
      ]
    },
    {
      "cite": "300 A.2d 755",
      "category": "reporters:state_regional",
      "reporter": "A.2d",
      "case_ids": [
        8056707
      ],
      "pin_cites": [
        {
          "page": "757"
        }
      ],
      "opinion_index": 0,
      "case_paths": [
        "/a2d/300/0755-01"
      ]
    },
    {
      "cite": "413 A.2d 160",
      "category": "reporters:state_regional",
      "reporter": "A.2d",
      "case_ids": [
        7944061
      ],
      "opinion_index": 0,
      "case_paths": [
        "/a2d/413/0160-01"
      ]
    }
  ],
  "analysis": {
    "cardinality": 348,
    "char_count": 4629,
    "ocr_confidence": 0.773,
    "pagerank": {
      "raw": 1.0052889892850951e-07,
      "percentile": 0.5404859511114355
    },
    "sha256": "75ed1c9f7acf4a23f3f64ce806a070f82a0ccf50ed99396f5e6783f2413098bd",
    "simhash": "1:aaf216f219abc719",
    "word_count": 758
  },
  "last_updated": "2024-02-27T20:30:16.830663+00:00",
  "provenance": {
    "date_added": "2019-08-29",
    "source": "Harvard",
    "batch": "2018"
  },
  "casebody": {
    "judges": [
      "Before McKUSICK, C.J., and NICHOLS, ROBERTS, VIOLETTE, WATHEN, GLASSMAN, and SCOLNIK, JJ."
    ],
    "parties": [
      "STATE of Maine v. Dana BETTS."
    ],
    "opinions": [
      {
        "text": "NICHOLS, Justice.\nThe Defendant, Dana Betts, appeals from his conviction in Superior Court, Hancock County, of operating a motor vehicle after being adjudicated an habitual offender. 29 M.R.S.A. \u00a7 2298.\nWe find no merit in any of the arguments that the Defendant advances on appeal. The Defendant has failed to demonstrate that anything done at his trial prejudiced his rights or was inconsistent with substantial justice. M.R.Crim.P. 52. Viewed in the light most favorable to the State, there was ample evidence to support a guilty verdict. See State v. Brewer, 413 A.2d 160 (Me.1980).\nIn order to prove the Defendant\u2019s birthdate, and hence his identity as the Dana Betts who had received notice of license revocation as an habitual offender, the State elicited testimony from a state trooper that he knew the birthdate because he had read it on the Defendant\u2019s license. This was not hearsay when it was not offered for the truth of the matter asserted. Rather, the Defendant objected on the grounds of self-incrimination and \u201cbest evidence.\u201d Neither of the grounds he specified was valid, and the Superior Court properly overruled the objection. The Defendant cannot now claim that he meant to make a hearsay objection but that the words came out wrong. Furthermore, the Defendant has not demonstrated obvious error affecting any substantial right. M.R.Crim.P. 52(b).\nSimilarly, we conclude that the Defendant was not prejudiced by the admission of a carbon copy of the notice of license revocation, in which all references to the Defendant\u2019s previous convictions were deleted. Uncontested, clearly valid evidence showed that the notice was served on the Defendant.\nThe Defendant contends that the Superior Court\u2019s instructions were erroneous because they failed to state that a guilty verdict must be premised on a finding that the Defendant drove on a public way. In light of the Legislature\u2019s declaration of policy regarding this statute, we agree that the statute\u2019s proscription was intended to apply only on public ways.\nThe court did instruct the jury, however, that a guilty verdict must be based on a finding that the Defendant drove on Sunset Avenue in Stonington, as alleged in the indictment. Judicial notice may be taken of the fact that Sunset Avenue is a \u201cway upon which the public has a right of access as invitees or licensees,\u201d and, hence is a public way. Our statutes define \u201cpublic way\u201d as \u201cway dedicated to public use, way upon which the public has a right of access, as invitees or licensees.\u201d 17-A M.R.S.A. \u00a7 505(2). This fact is not reasonably open to dispute and, indeed, has not been disputed by the Defendant. Hence, there was no element of the offense charged that was not adequately covered in the instructions, Cf. State v. McKeough, 300 A.2d 755, 757 (Me.1973). Based on these instructions, the jury clearly found beyond a reasonable doubt that the Defendant drove on Sunset Avenue.\nIt is well settled that jury instructions need state only the law applicable to the particular facts in controversy. State v. Tibbetts, 379 A.2d 735 (Me.1977); State v. Benson, 155 Me. 115, 151 A.2d 266 (1959). That the Defendant drove on Sunset Avenue being an accepted fact, the jury required no instruction thereon.\nThe entry will be:\nJudgment affirmed.\nAll concurring.\n. \"The overruling of a specific objection preserves nothing for review unless the evidence was inadmissible for the reason stated; if the reason stated was invalid, there is no error in admitting the evidence even though the objection would have been valid if made on some other ground.\" 3 Glassman, Maine Practice: Rules of Criminal Procedure Annotated \u00a7 51.2 at 425 (1967); see also Field & Murray, Maine Evidence \u00a7 103.2 at 5 (1976).\n. The policy clause reads in part:\n\"It is declared to be the public policy of Maine:\n1. Safety. To provide maximum safety for all persons who travel or otherwise use public highways of the State;\n2. Privileges denied. To deny the privilege of operating motor vehicles on the highways to [habitual offenders]_\u201d\n29 M.R.S.A. \u00a7 2291.\n. Cf. P.L.1983, ch. 288 (amending the habitual offender statute to provide that an habitual offender may not operate a vehicle \"on a public way, as defined in Title 17-A, section 505, subsection 2\u201d).",
        "type": "majority",
        "author": "NICHOLS, Justice."
      }
    ],
    "attorneys": [
      "Michael Povich, Dist. Atty., Sophie L. Spurr, Asst. Dist. Atty. (orally), Ellsworth, for the State.",
      "Silsby & Silsby, Anthony W. Beardsley (orally), Ellsworth, for defendant."
    ],
    "corrections": "",
    "head_matter": "STATE of Maine v. Dana BETTS.\nSupreme Judicial Court of Maine.\nArgued Sept. 19, 1983.\nDecided April 19, 1985.\nMichael Povich, Dist. Atty., Sophie L. Spurr, Asst. Dist. Atty. (orally), Ellsworth, for the State.\nSilsby & Silsby, Anthony W. Beardsley (orally), Ellsworth, for defendant.\nBefore McKUSICK, C.J., and NICHOLS, ROBERTS, VIOLETTE, WATHEN, GLASSMAN, and SCOLNIK, JJ."
  },
  "file_name": "1169-01",
  "first_page_order": 1245,
  "last_page_order": 1247
}
