{
  "id": 7341305,
  "name": "Evaldo M. Cardoso vs. Law Offices of Martin C. Liu & Associates, PLLC",
  "name_abbreviation": "Cardoso v. Law Offices of Liu & Associates, PLLC",
  "decision_date": "2011-05-04",
  "docket_number": "",
  "first_page": "102",
  "last_page": "106",
  "citations": [
    {
      "type": "official",
      "cite": "2011 Mass. App. Div. 102"
    }
  ],
  "court": {
    "name_abbreviation": "Mass. App. Div.",
    "id": 15177,
    "name": "Massachusetts Appellate Division"
  },
  "jurisdiction": {
    "id": 4,
    "name_long": "Massachusetts",
    "name": "Mass."
  },
  "cites_to": [
    {
      "cite": "32 Mass. App. Ct. 248",
      "category": "reporters:state",
      "reporter": "Mass. App. Ct.",
      "case_ids": [
        4008859
      ],
      "year": 1992,
      "pin_cites": [
        {
          "page": "253"
        }
      ],
      "opinion_index": 0,
      "case_paths": [
        "/mass-app-ct/32/0248-01"
      ]
    },
    {
      "cite": "448 Mass. 671",
      "category": "reporters:state",
      "reporter": "Mass.",
      "case_ids": [
        3855726
      ],
      "weight": 2,
      "year": 2007,
      "opinion_index": 0,
      "case_paths": [
        "/mass/448/0671-01"
      ]
    },
    {
      "cite": "424 Mass. 501",
      "category": "reporters:state",
      "reporter": "Mass.",
      "case_ids": [
        117659
      ],
      "year": 1997,
      "pin_cites": [
        {
          "page": "510"
        }
      ],
      "opinion_index": 0,
      "case_paths": [
        "/mass/424/0501-01"
      ]
    },
    {
      "cite": "1997 Mass. App. Div. 95",
      "category": "reporters:state",
      "reporter": "Mass. App. Div.",
      "case_ids": [
        11883396
      ],
      "pin_cites": [
        {
          "page": "96"
        }
      ],
      "opinion_index": 0,
      "case_paths": [
        "/mass-app-div-annual/1997/0095-01"
      ]
    },
    {
      "cite": "2010 Mass. App. Div. 180",
      "category": "reporters:state",
      "reporter": "Mass. App. Div.",
      "case_ids": [
        7342477
      ],
      "pin_cites": [
        {
          "page": "181"
        }
      ],
      "opinion_index": 0,
      "case_paths": [
        "/mass-app-div-annual/2010/0180-01"
      ]
    },
    {
      "cite": "375 Mass. 369",
      "category": "reporters:state",
      "reporter": "Mass.",
      "case_ids": [
        330468
      ],
      "year": 1978,
      "pin_cites": [
        {
          "page": "377"
        }
      ],
      "opinion_index": 0,
      "case_paths": [
        "/mass/375/0369-01"
      ]
    },
    {
      "cite": "2011 Mass. App. Div. 96",
      "category": "reporters:state",
      "reporter": "Mass. App. Div.",
      "case_ids": [
        7341286
      ],
      "opinion_index": 0,
      "case_paths": [
        "/mass-app-div-annual/2011/0096-01"
      ]
    },
    {
      "cite": "414 Mass. 526",
      "category": "reporters:state",
      "reporter": "Mass.",
      "case_ids": [
        3902994
      ],
      "year": 1993,
      "pin_cites": [
        {
          "page": "535"
        }
      ],
      "opinion_index": 0,
      "case_paths": [
        "/mass/414/0526-01"
      ]
    },
    {
      "cite": "362 Mass. 751",
      "category": "reporters:state",
      "reporter": "Mass.",
      "case_ids": [
        44157
      ],
      "year": 1973,
      "pin_cites": [
        {
          "page": "753-754"
        }
      ],
      "opinion_index": 0,
      "case_paths": [
        "/mass/362/0751-01"
      ]
    },
    {
      "cite": "40 Mass. App. Ct. 172",
      "category": "reporters:state",
      "reporter": "Mass. App. Ct.",
      "case_ids": [
        1035635
      ],
      "year": 1996,
      "pin_cites": [
        {
          "page": "177"
        }
      ],
      "opinion_index": 0,
      "case_paths": [
        "/mass-app-ct/40/0172-01"
      ]
    },
    {
      "cite": "383 Mass. 218",
      "category": "reporters:state",
      "reporter": "Mass.",
      "case_ids": [
        813471
      ],
      "year": 1981,
      "pin_cites": [
        {
          "page": "225"
        }
      ],
      "opinion_index": 0,
      "case_paths": [
        "/mass/383/0218-01"
      ]
    },
    {
      "cite": "2001 Mass. App. Div. 179",
      "category": "reporters:state",
      "reporter": "Mass. App. Div.",
      "case_ids": [
        9449535
      ],
      "year": 1981,
      "pin_cites": [
        {
          "page": "180"
        }
      ],
      "opinion_index": 0,
      "case_paths": [
        "/mass-app-div-annual/2001/0179-01"
      ]
    },
    {
      "cite": "45 Mass. App. Ct. 925",
      "category": "reporters:state",
      "reporter": "Mass. App. Ct.",
      "case_ids": [
        1707092
      ],
      "year": 1998,
      "pin_cites": [
        {
          "page": "926"
        }
      ],
      "opinion_index": 0,
      "case_paths": [
        "/mass-app-ct/45/0925-01"
      ]
    },
    {
      "cite": "411 Mass. 39",
      "category": "reporters:state",
      "reporter": "Mass.",
      "case_ids": [
        3897673
      ],
      "year": 1991,
      "pin_cites": [
        {
          "page": "45"
        }
      ],
      "opinion_index": 0,
      "case_paths": [
        "/mass/411/0039-01"
      ]
    }
  ],
  "analysis": {
    "cardinality": 853,
    "char_count": 15488,
    "ocr_confidence": 0.871,
    "pagerank": {
      "raw": 7.549453159901391e-08,
      "percentile": 0.4479369260524455
    },
    "sha256": "dfbd4ce18d8d78ba5c92ef4cf4f2fddc3b14fce8069efb520bd585f7ae59e28f",
    "simhash": "1:3a9cbcb949628c96",
    "word_count": 2619
  },
  "last_updated": "2024-02-27T21:03:31.873742+00:00",
  "provenance": {
    "date_added": "2019-08-29",
    "source": "Harvard",
    "batch": "2018"
  },
  "casebody": {
    "judges": [
      "Present: Greco, P.J., Coven & Swan, JJ."
    ],
    "parties": [
      "Evaldo M. Cardoso vs. Law Offices of Martin C. Liu & Associates, PLLC"
    ],
    "opinions": [
      {
        "text": "Greco, PJ.\nThe plaintiff, Evaldo M. Cardoso (\u201cCardoso\u201d), has appealed the finding for the defendant after a jury-waived trial. Cardoso alleges that he hired Attorney Martin C. Liu (\u201cLiu\u201d) in relation to his efforts to become a lawful permanent resident of the United States (i.e., to obtain a \u201cgreen card\u201d); that he agreed to pay Liu $8,000.00 for his services, of which $6,735.00 was paid; and that he is entitled to a refund of those payments since a green card was not obtained. Cardoso also sought damages pursuant to G.L.c. 93A, \u00a79. In his notice of appeal, Cardoso alleges error in twelve specific findings of fact by the trial judge. The sole question of law is the contention that the trial court \u201cerred in its interpretation of what acts rise to the level of a violation of G.L.c. 93A\u201d In his brief, Cardoso states the issues on appeal to be: 1) whether the trial judge \u201cwas required, as a matter of law, to find that the defendant promised... that it would obtain adjustment of [the plaintiffs] immigration status to lawful permanent residency\u201d; 2) whether that promise was unambiguously made in the written agreement between the parties, and if not unambiguously made, \u201cwhether the judge properly applied rules of construction for ambiguous contracts\u201d; 3) whether any finding that such a promise was made was in error as a matter of law; and 4) whether the trial court \u201cmisunderstood immigration law when it found that the [p]laintiff still has a viable immigration process in place.\u201d\nAfter the trial, the judge made written findings that Cardoso, whose native language is Portuguese, came to the United States in May of 2000 on a tourist visa that he knew enabled him to stay in this country for only six months. In Brazil, he had worked as a butcher and also owned a business. A few months after arriving in the U.S., he began working again as a butcher. In June of 2002, over a year after his visa had expired, Cardoso began consultation with Liu, a lawyer whose practice was exclusively in immigration law. Liu \u201cwas raised in Brazil and speaks fluent Portuguese.\u201d Liu \u201cadvised\u201d Cardoso \u201cthat he had to remain gainfully employed so that his employer could sponsor him\u201d for permanent residency.\nOn June 22, 2002, the parties entered into a \u201cRetainer Agreement\u201d whereby Cardoso retained Liu \u201cto represent\u201d him \u201cin obtaining\u201d three items that were handwritten in a space provided in the agreement These items were listed as \u201c3th preference/ Skilled Labor/ Adjustment of Status.\u201d The agreement then provided that the fee for these services would total $8,000.00, plus various costs, but not including \u201cthe cost of any appeal.\u201d Of this amount, $2,000.00 was to be paid \u201cupon execution\u201d of the agreement, $2,000.00 \u201c[ujpon filing application for Labor Certification,\u201d $2,000.00 upon the approval of that certification, and the final $2,000.00 upon \u201creceipt of appointment of 245 hearing/immigrant visa appointment.\u201d The trial judge found that Liu \u201cexplained in detail each aspect of the Agreement in Portuguese,\u201d and that he also brought to Cardoso\u2019s attention a printed disclaimer appearing at the bottom of the agreement that indicated that a person unlawfully in the United States after April 1,1997 for more than six months who then leaves this country may face a three or ten-year bar before reentering.\nThe trial judge also found the following. Liu \u201cfully explained\u201d to Cardoso that the law then in effect did not allow him, while he was within the country, to adjust his status to lawful permanent residence \u201cbased upon an offer of employment, but that the process for that goal could be commenced.\u201d Liu also told Cardoso that \u201c[gjiven the political climate at the time,\u201d he believed there was \u201ca possibility\u201d that \u00a7245 (i), i.e., the provision in the immigration law that had previously allowed the status adjustment, would be reactivated, and that \u201cit made sense to start the process prior to reactivation of section 245 (i),\u201d in that if a labor certification and an immigration visa were obtained, \u201cthe application process would be in an advanced state when and if [Cardoso] became eligible to make the final application.\u201d During 2003 and 2004, Liu contacted Cardoso\u2019s employer in an effort to get the financial information necessary for a visa application. Without getting that information, Liu filed a petition for an immigration visa on behalf of Cardoso on May 16, 2006. The employer, however, did not supply the necessary documentation until October 17, 2006, which was \u201cten days past [the] required submission date.\u201d When Liu submitted the information late, the petition was denied for failure to submit the information in a timely manner. Finally, the trial judge found that Cardoso had quit his job in January of 2007 without consulting Liu; and that Liu was thereafter unable to make contact with either Cardoso, or his former employer. At the close of her findings of fact, the trial judge stated:\nThe Plaintiff never complained to the Defendant about any aspect of his legal work or fees until he sent a demand letter pursuant to G.L.c. 93A in August 2008. There exists a labor certification and priority date approved under the Plaintiffs name which could be used by him to advance the immigration process. The Defendant responded to the demand letter.\nThe Plaintiff understood the terms, conditions, uncertainties and stages of the Agreement and by signing it accepted the risks attendant thereto. The Defendant diligently pursued the accomplishment of the stages promised.\nIn making these findings, the trial judge chose, on the critical issues, to credit the testimony of Liu over that of Cardoso. For example, Cardoso testified that Liu \u201cguaranteed [him] that while [he] had a boss that would sponsor [him, he] would be able to file for a green card\u201d; that he would \u201cfirst... receive a Social Security card, then the green card, and that [he] would become a resident.\u201d Cardoso also testified that at their first meeting, Liu told him if his boss \u201csigned for\u201d him, he \u201cwould be eligible by the 245 (i) .\u2019\u2019On the other hand, Liu testified that he \u201cexplained the different steps, ... pointed exactly to where the issue would arise if 245 (i) was not to be reactivated,\u201d and that \u201cwe would have to wait for a penalty fee to be instituted,\u201d thereby explaining why 245 (i) was written on the retainer agreement followed by a question mark.\nThe main issue in this case, however, centers more on whether Liu unambiguously promised to obtain a green card for Cardoso, and, if he did, whether Cardoso is entitled to a refund of the fees he paid since Liu did not fulfill that obligation. We agree with Cardoso that the Retainer Agreement was not ambiguous, but not in the way Cardoso construes it. Liu agreed to represent Cardoso \u201cin obtaining\u201d an \u201cAdjustment of Status.\u201d Liu did so. Liu was not, however, promising success in that effort. In fact, the agreement expressly provided that the agreed fee of $8,000.00 would not cover any fees attendant to an appeal, thus recognizing the possibility that such adjustment might not be successfully obtained. The agreement here was straightforward; it required Cardoso to pay Liu as certain items were accomplished. Cardoso has not paid the total amount due because the last step in the process was not accomplished. As the trial judge found, Cardoso was made aware that the final step could not be accomplished without a change in the law. Liu advised him of the benefit of keeping the process going and of his view as to why the law might change. Cardoso made the decision to go forward. Thus, the obtaining of a green card was not a condition precedent that had to take place before Cardoso was obligated to make any payment. See Massachusetts Mun. Wholesale Elec. Co. v. Danvers, 411 Mass. 39, 45 (1991) (\u201cA condition precedent defines an event which must occur before a contract becomes effective or before an obligation to perform arises under the contract. If the condition is not fulfilled, the contract, or the obligations attached to the condition, may not be enforced\u201d [citations omitted]). As certain events happened, Cardoso was required to make payments; an appointment for a visa not having been obtained, Cardoso never became obligated to make the final payment of $2,000.00.\nIn the alternative, Cardoso argues that if the Retainer Agreement is deemed ambiguous, the trial judge was required to construe it against its drafter, here Liu. That principle, as noted by the appellant, \u201csurely counts double when the drafter is a lawyer writing on his or her own account to a client [since] [i]n setting fees, lawyers are fiduciaries who owe their clients greater duties than are owed under the general law of contracts. Beatty v. NP Corp., 31 Mass. App. Ct. [606], 612 [(1991)], quoting from RESTATEMENT (THIRD) OF THE LAW GOVERNING LAWYERS \u00a746, comment b (Tent. Draft No. 4, 1991).\u201d Garnick & Scudder, P.C. v. Dolinsky, 45 Mass. App. Ct. 925, 926 (1998). However, \u201c[w]hile that rule of construction may apply in many situations, it \u2018must give way to the primary and inflexible rule that... contracts are to be construed so as to ascertain ... the true intention the parties.\u201d DeLorenzo v. Tzokos, 2001 Mass. App. Div. 179, 180, quoting Shea v. Bay State Gas Co., 383 Mass. 218, 225 (1981). Moreover, \u201c[w]hen a written agreement, as applied to the subject matter, \u2018is in any respect uncertain or equivocal in meaning, all the circumstances of the parties leading up to its execution may be shown for the purpose of elucidating but not of contradicting or changing its terms,\u2019\u201d Hubert v. Melrose-Wakefield Hosp. Ass\u2019n, 40 Mass. App. Ct. 172, 177 (1996), quoting Robert Indus., Inc. v. Spence, 362 Mass. 751, 753-754 (1973). In this case, the trial judge displayed an understanding of the applicable immigration law and was warranted in finding that Cardoso knew that his obligation to pay was not conditioned on ultimate success in obtaining a \u201cgreen card,\u201d and that he would not obtain that result unless the law changed.\nFinally, Cardoso argues that it was error to allow Liu to explain the bases for believing that the immigration law might change. Liu testified that there were \u201cefforts... not only initiated in [C]ongress, but also the White House was involved in a number of initiatives to reinstate 245\u00a9\u201d; that \u00a7245\u00a9 had been a \u201cgreat success\u201d; and that \u201cthere was a lot of support for this program to be reenacted again.\u201d This issue was not, however, set out in his notice of appeal or in his statement of the issues in his brief. Moreover, there was no objection to the above testimony at the trial. The sole objection was to Liu\u2019s additional testimony that \u00a7245\u00a9 came close to being approved in 2002 when Congress was considering \u201cbatching it together with the appropriations bill.\u201d Accordingly, we do not consider this evidentiary issue. See Adoption of Kimberly, 414 Mass. 526, 535 (1993). In any event, the evidence, while not admissible for its truth, may well have been properly admitted to explain Liu\u2019s state of mind as to any hope for a change in the immigration law.\nIn reaching this decision, we are mindful that we have almost contemporaneously issued opinions reaching different results in two cases involving the same defendant, similar legal issues and facts (including the same fee agreement), with the parties represented by the same lawyers and in the same court house, but tried before two different trial judges, one finding for the defendant and the other for the plaintiff. See Soares v. Law Offices of Martin C. Liu & Assocs., 2011 Mass. App. Div. 96, ante. However, evidence in any given case may produce one outcome or another depending on how it is presented and challenged, and how it is perceived and weighed by the finder of fact. Nuance and credibility play no small part in divergent outcomes, and credibility is for the fact finder to resolve. See, e.g., Commonwealth v. Hoffer, 375 Mass. 369, 377 (1978). Whether Soares was found more believable than Liu by one judge or Cordoso less so by another is not for us to speculate. Our role is strictly limited. \u201cAn appellate court will set aside... findings only if they are \u2018unsupported by the trial evidence or tainted by error of law.\u2019\u201d North Shore Chiropractic v. Norfolk & Dedham Group, 2010 Mass. App. Div. 180, 181, quoting Macone Bros., Inc. v. Strauss, 1997 Mass. App. Div. 95, 96. Such findings must be \u201cclearly erroneous\u201d and regard must be given \u201cto the opportunity of the trial court to judge the credibility of the witnesses.\u201d Mass. R. Civ. R, Rule 52(c). \u201cSo long as the judge\u2019s account is plausible in light of the entire record, an appellate court should decline to reverse it\u201d Demoulas v. Demoulas Super Mkts., Inc., 424 Mass. 501, 510 (1997).\nAccordingly, the judgment for the defendant on the contract claim is affirmed. That being the case, there was no basis for a finding for the plaintiff on his G.L.c. 93A claim, and no error in the denial of his motion for a new trial.\nSo ordered.\nIn his notice of appeal, however, Cardoso \u201creserve [d] his right to argue additional or alternative issues for appeal as provided in Rule 8C\u201d of the Dist./Mun. Cts. R. AD. A.\nThe agreement was clearly a preprinted form with spaces provided for particular items and particular dollar amounts to be entered at the time the attorney was retained. Contrary to Cardoso\u2019s contention, this was not an adhesion contract, which has been characterized as \u201ca contract that is drafted unilaterally by the dominant party and then presented on a take it or leave it basis to the weaker party, who has no real opportunity to bargain about its terms.\u201d 9 Mass. Jur., Commercial Law \u00a71.3, at 9-10 (1993). See also Miller v. Cotter, 448 Mass. 671 (2007), which notes that the adhesion \u201clabel makes no difference\u201d because such contracts are enforceable \u201cunless they are unconscionable, offend public policy, or are shown to be unfair in particular circumstances.\u201d Id. at 684 n.16, quoting Chase Commercial Corp. v. Owen, 32 Mass. App. Ct. 248, 253 (1992). While the shell of the contract here appeared to be a form, the significant terms were left blank to be filled in by the parties. Also, there is no basis to consider these parties as \u201cdominant\u201d or \u201cweaker.\u201d\nIn making this argument, Cardoso points to the question mark after the reference to \u201c245 \u00a9 \u201d in the agreement. However, that reference creates no doubt as to the scope of Liu\u2019s representation. If anything, it bolsters Liu\u2019s argument that ultimate success required a change in the law.\nWhile many of the facts in this case are similar to those in Soares, there are critical differences that gave support to the respective findings of the trial judges. As to Soares, there was evidence supporting a finding that he agreed to pay Liu for the sole purpose of obtaining a \u201cgreen card, \u201c \u2014 and nothing less \u2014 and that Liu accepted that money even though he knew, but did not explain to Soares, that attainment of that goal was not possible under the present state of the law. By contrast, in this case, there was evidence supporting a finding that Cardoso was accurately advised of the state of the law, but nevertheless chose to go forward with his application in the hope that he would ultimately obtain a green card as soon as possible if and when the law changed.",
        "type": "majority",
        "author": "Greco, PJ."
      }
    ],
    "attorneys": [
      "Peter Cole for the plaintiff.",
      "Daniel R. Deutsch for the defendant."
    ],
    "corrections": "",
    "head_matter": "Evaldo M. Cardoso vs. Law Offices of Martin C. Liu & Associates, PLLC\nNorthern District\nMay 4, 2011.\nPresent: Greco, P.J., Coven & Swan, JJ.\nPeter Cole for the plaintiff.\nDaniel R. Deutsch for the defendant."
  },
  "file_name": "0102-01",
  "first_page_order": 108,
  "last_page_order": 112
}
