{
  "id": 9045593,
  "name": "ANA QUILES SOTO Peticionaria EX PARTE",
  "name_abbreviation": "Ex parte Quiles Soto",
  "decision_date": "2003-09-23",
  "docket_number": "N\u00fam. KLAN-03-01098",
  "first_page": "600",
  "last_page": "606",
  "citations": [
    {
      "type": "official",
      "cite": "9 T.C.A. 600"
    },
    {
      "type": "parallel",
      "cite": "2003 DTA 151"
    }
  ],
  "court": {
    "name_abbreviation": "P.R. Cir.",
    "id": 16431,
    "name": "Puerto Rico Circuit Court of Appeals"
  },
  "jurisdiction": {
    "id": 25,
    "name_long": "Puerto Rico",
    "name": "P.R."
  },
  "cites_to": [
    {
      "cite": "142 D.P.R. 26",
      "category": "reporters:state",
      "reporter": "P.R. Dec.",
      "case_ids": [
        9381997
      ],
      "year": 1996,
      "pin_cites": [
        {
          "page": "40"
        }
      ],
      "opinion_index": 0,
      "case_paths": [
        "/pr-dec/142/0026-01"
      ]
    },
    {
      "cite": "105 D.P.R. 728",
      "category": "reporters:state",
      "reporter": "P.R. Dec.",
      "case_ids": [
        8813904
      ],
      "year": 1977,
      "opinion_index": 0,
      "case_paths": [
        "/pr-dec/105/0728-01"
      ]
    },
    {
      "cite": "119 D.P.R. 8",
      "category": "reporters:state",
      "reporter": "P.R. Dec.",
      "case_ids": [
        8757270
      ],
      "weight": 2,
      "year": 1987,
      "pin_cites": [
        {
          "page": "14"
        }
      ],
      "opinion_index": 0,
      "case_paths": [
        "/pr-dec/119/0008-01"
      ]
    },
    {
      "cite": "92 D.P.R. 187",
      "category": "reporters:state",
      "reporter": "P.R. Dec.",
      "case_ids": [
        8813862
      ],
      "year": 1965,
      "opinion_index": 0,
      "case_paths": [
        "/pr-dec/92/0187-01"
      ]
    },
    {
      "cite": "116 D.P.R. 909",
      "category": "reporters:state",
      "reporter": "P.R. Dec.",
      "case_ids": [
        8761273
      ],
      "year": 1986,
      "opinion_index": 0,
      "case_paths": [
        "/pr-dec/116/0909-01"
      ]
    },
    {
      "cite": "117 D.P.R. 729",
      "category": "reporters:state",
      "reporter": "P.R. Dec.",
      "case_ids": [
        8759214
      ],
      "year": 1986,
      "opinion_index": 0,
      "case_paths": [
        "/pr-dec/117/0729-01"
      ]
    },
    {
      "cite": "115 D.P.R. 721",
      "category": "reporters:state",
      "reporter": "P.R. Dec.",
      "case_ids": [
        8759283
      ],
      "year": 1984,
      "opinion_index": 0,
      "case_paths": [
        "/pr-dec/115/0721-01"
      ]
    },
    {
      "cite": "117 D.P.R. 188",
      "category": "reporters:state",
      "reporter": "P.R. Dec.",
      "case_ids": [
        8757495
      ],
      "year": 1986,
      "opinion_index": 0,
      "case_paths": [
        "/pr-dec/117/0188-01"
      ]
    },
    {
      "cite": "119 D.P.R. 762",
      "category": "reporters:state",
      "reporter": "P.R. Dec.",
      "case_ids": [
        8760268
      ],
      "year": 1987,
      "opinion_index": 0,
      "case_paths": [
        "/pr-dec/119/0762-01"
      ]
    },
    {
      "cite": "126 D.P.R. 302",
      "category": "reporters:state",
      "reporter": "P.R. Dec.",
      "case_ids": [
        8756315
      ],
      "year": 1990,
      "opinion_index": 0,
      "case_paths": [
        "/pr-dec/126/0302-01"
      ]
    },
    {
      "cite": "136 D.P.R. 203",
      "category": "reporters:state",
      "reporter": "P.R. Dec.",
      "case_ids": [
        11555388
      ],
      "year": 1994,
      "opinion_index": 0,
      "case_paths": [
        "/pr-dec/136/0203-01"
      ]
    },
    {
      "cite": "137 D.P.R. 927",
      "category": "reporters:state",
      "reporter": "P.R. Dec.",
      "case_ids": [
        11557758
      ],
      "year": 1995,
      "opinion_index": 0,
      "case_paths": [
        "/pr-dec/137/0927-01"
      ]
    },
    {
      "cite": "146 D.P.R. 215",
      "category": "reporters:state",
      "reporter": "P.R. Dec.",
      "case_ids": [
        12253470
      ],
      "year": 1996,
      "opinion_index": 0,
      "case_paths": [
        "/pr-dec/146/0215-01"
      ]
    },
    {
      "cite": "148 D.P.R. 420",
      "category": "reporters:state",
      "reporter": "P.R. Dec.",
      "case_ids": [
        9313887
      ],
      "year": 1999,
      "opinion_index": 0,
      "case_paths": [
        "/pr-dec/148/0420-01"
      ]
    }
  ],
  "analysis": {
    "cardinality": 1045,
    "char_count": 21031,
    "ocr_confidence": 0.853,
    "pagerank": {
      "raw": 4.03580807328026e-08,
      "percentile": 0.21374682462182157
    },
    "sha256": "1841ed9e9713905e18df49d81de917d010a508a20da69db66940f1236b7ba812",
    "simhash": "1:a870a71795fb66ed",
    "word_count": 3559
  },
  "last_updated": "2024-02-27T16:27:07.050261+00:00",
  "provenance": {
    "date_added": "2019-08-29",
    "source": "Harvard",
    "batch": "2018"
  },
  "casebody": {
    "judges": [
      "Panel integrado por su Presidenta, la Juez L\u00f3pez Vilanova, el Juez C\u00f3rdova Arone y la Juez Feliciano Acevedo"
    ],
    "parties": [
      "ANA QUILES SOTO Peticionaria EX PARTE"
    ],
    "opinions": [
      {
        "text": "Feliciano Acevedo, Jueza Ponente\nTEXTO COMPLETO DE LA SENTENCIA\nLa Sra. Ana Quiles Soto present\u00f3 el 10 de septiembre de 2003 recurso de Certiorari y \u201cMoci\u00f3n urgente en auxilio de jurisdicci\u00f3n\u201d. En s\u00edntesis, la peticionaria solicit\u00f3 revis\u00e1ramos la determinaci\u00f3n emitida el 11 de agosto de 2003 por el Tribunal de Primera Instancia, Sala Superior de Aguadilla (en lo subsiguiente TPI). El foro de instancia decidi\u00f3 remover a la se\u00f1ora Carmen Soto M\u00e9ndez del hogar de su hija y tutora, la peticionaria de ep\u00edgrafe, y enviarla aun centro de envejecientes.\nMediante la moci\u00f3n en auxilio de jurisdicci\u00f3n, la peticionaria solicit\u00f3 que orden\u00e1semos el regreso de la Sra. Soto al su hogar hasta la final resoluci\u00f3n del recurso. Inmediatamente requerimos, mediante resoluci\u00f3n notificada a todas las partes, que todos los recurridos, Patrio, Elisa y William de apellidos Rivera Soto; la Procuradora Especial de Relaciones de Familia, Leda. Anaida I. Lamboy S\u00e1nchez y la Oficina de Asuntos para la Vejez que mostraran causa por la cual no deb\u00edamos conceder el remedio solicitado.\nMediante \u201cEscrito en Cumplimiento de Orden\u201d de 19 de septiembre de 2003, el Procurador General de Puerto Rico compareci\u00f3 en representaci\u00f3n de la Procuradora Especial de Relaciones de Familia y la Oficina de Asuntos de la Vejez del Estado Libre Asociado de Puerto Rico, solicitando se conceda el remedio requerido por la peticionaria.\nSin el beneficio de la comparecencia de los recurridos Patrio, Elisa y William de apellidos todos Rivera Soto, y habiendo expirado el t\u00e9rmino concedido a esos fines, resolvemos expedir el auto y conceder el remedio solicitado.\nI\nEl 16 de marzo de 2001, la peticionaria, Ana Quiles Soto solicit\u00f3 se declarara incapaz mental a su madre, do\u00f1a Carmen Soto M\u00e9ndez, y se le nombrara su tutora legal, ya que su se\u00f1ora madre padec\u00eda de numerosas condiciones de salud como el alzhaimer y enficema cerebral, que le incapacitaban para administrar sus bienes y persona. La peticionaria adujo que era la persona m\u00e1s cercana a do\u00f1a Carmen y capacitada para atender sus necesidades de salud y para administrar sus bienes. Tras celebrar vista al respecto, el TPI declar\u00f3 Con Lugar la petici\u00f3n de declaraci\u00f3n de incapacidad y nombramiento judicial de tutor. As\u00ed las cosas, nombr\u00f3 a la Sra. Quiles Soto tutora legal de su se\u00f1ora madre.\nPosteriormente, Patrio, William y Elisa, de apellidos todos Rivera Soto, hijos de do\u00f1a Carmen Soto, impugnaron el nombramiento de su medio hermana, Ana Quiles Soto, como tutora legal de su madre. Adujeron que \u00e9sta padec\u00eda de sus facultades mentales que le imposibilitaban ejercer la tutela de su madre. Adem\u00e1s, se\u00f1alaron que la peticionaria hab\u00eda violado los derechos a su madre de relacionarse con sus otros hijos. M\u00e1s importante a\u00fan, no objetaron la declaraci\u00f3n de incapacidad, pero cuestionaron el proceso, toda vez que no se le notific\u00f3 del procedimiento judicial y que siendo hijos de do\u00f1a Carmen alegaron ser parte indispensable en el caso.\nAnte la objeci\u00f3n del nombramiento de la peticionaria como tutora judicial, el TPI celebr\u00f3 vista en la cual orden\u00f3 presentar copia del expediente m\u00e9dico psiqui\u00e1trico de la peticionaria y estableci\u00f3 un programa de visitas para los hijos, Patrio y Elisa Rivera Soto. Posteriormente, el 11 de marzo de 2002, celebr\u00f3 otra vista en la cual orden\u00f3 al Dr. Tom\u00e1s Larrieux, m\u00e9dico de la peticionaria, presentar un informe sobre su intervenci\u00f3n m\u00e9dica con \u00e9sta. En esta ocasi\u00f3n, advirti\u00f3 que de entender que se le estaba causando da\u00f1o a do\u00f1a Carmen, ordenar\u00eda al Departamento de la Familia que la ubique en un hogar. Adem\u00e1s, el TPI dispuso que las relaciones entre don Patrio y su madre se dieran en el hogar de \u00e9ste los mi\u00e9rcoles y domingos.\nEn vista de seguimiento, don Patrio Rivera solicit\u00f3 se dividiera la tutor\u00eda legal, entre \u00e9ste y su hermana Ana Quiles Soto a los fines de que \u00e9l administrara los bienes y ella se encargase del cuido de do\u00f1a Carmen. El Tribunal no dispuso nada en cuanto a dicho requerimiento, pero mantuvo las relaciones entre hijo y madre. El 17 de mayo de 2002, la peticionaria present\u00f3 moci\u00f3n urgente ante el TPI solicitando que do\u00f1a Carmen no saliera de la casa, toda vez que su salud se hab\u00eda quebrantado luego de estar expuesta a las visitas en el hogar de su hijo Patrio. Asimismo, en el informe anual de su gesti\u00f3n como tutora, la peticionaria adujo que desde el 2 de junio de 2002, do\u00f1a Carmen no hab\u00eda podido salir de su casa, toda vez que estaba muy d\u00e9bil y hab\u00eda desarrollado un tic nervioso. Solicit\u00f3 al TPI la paralizaci\u00f3n de las visitas. Nuevamente, el 19 de agosto de 2002, la peticionaria solicit\u00f3 al TPI que en consideraci\u00f3n al deterioro en el estado de salud de do\u00f1a Carmen, reconsiderara su autorizaci\u00f3n de visitas a casa de su hijo, Patrio Rivera Soto. La peticionaria acompa\u00f1\u00f3 en dicha ocasi\u00f3n, certificaciones m\u00e9dicas que recomendaban que la Sra. Carmen Soto no fuera expuesta a cambios de ambiente y se le garantizare reposo absoluto. El Dr. Luis Freytes Lugo, neur\u00f3logo, indic\u00f3 el 23 de julio de 2002 que do\u00f1a Carmen padec\u00eda de \u201cOrganic Brain Syndrome\u201d, \u201cSenile Deme\u00edia\u201d, cambios cognoscitivos s\u00fabitos por lo cual cualquier cambio brusco de ambiente la desorienta. (Ap\u00e9ndice Petici\u00f3n de Certiorari, p\u00e1g. 51). La Dra. Rosa I. Rom\u00e1n Cario, neum\u00f3loga, indic\u00f3 mediante comunicado escrito de 13 de agosto de 2002 que do\u00f1a Carmen padece de una \u201cenfermedad org\u00e1nica cerebral, enfermedad obstructiva cr\u00f3nica de pulm\u00f3n, severa; que requiere cuidados persistentes, con conocimiento y responsabilidad. \u201d A\u00f1adi\u00f3 que no deb\u00eda ser expuesta a cambios bruscos de temperatura, cambios en el ambiente, ni estar expuesta a mucha gente. (Ap\u00e9ndice Petici\u00f3n de Certiorari, p\u00e1g. 52). Sin embargo, el foro de instancia dej\u00f3 inalteradas las relaciones filiales entre do\u00f1a Carmen y don Patrio Rivera, estableciendo que \u00e9ste la podr\u00eda visitar en la casa donde se encontraba la anciana. A\u00f1adi\u00f3: \u201cSe proh\u00edbe a la Sra. Ana Quiles intervenir ni evitar dicha relaci\u00f3n. \u201d (Ap\u00e9ndice Petici\u00f3n de Certiorari, p\u00e1g. 54).\nEl 24 de abril de 2003, un nieto de do\u00f1a Carmen present\u00f3 ante el TPI moci\u00f3n por derecho propio alegando que a \u00e9sta se le hab\u00edan violentado sus derechos de visitas. Ante esta situaci\u00f3n, el TPI dict\u00f3 orden el 28 de abril de 20003 prohibiendo a la peticionaria interferir con las relaciones de los nietos de do\u00f1a Carmen y \u00e9sta. Apercibi\u00f3 a la peticionaria que de recibir otra queja, ordenar\u00eda a la Oficina de Asuntos de la Vejez y al Departamento de la Familia ubicar a do\u00f1a Carmen en un hogar de cuido. El 29 de mayo de 2003, el TPI recibi\u00f3 nuevamente una moci\u00f3n por derecho propio alegando que la peticionaria hab\u00eda interferido en las relaciones filiales. El 20 de mayo de 2003, la Oficina de Asuntos de la Vejez rindi\u00f3 Informe en el cual recomend\u00f3 que las visitas a do\u00f1a Carmen se coordinen como lo hab\u00eda ordenado el TPI y se determine qui\u00e9nes podr\u00e1n visitarla, considerando su estado de salud. As\u00ed las cosas, el TPI orden\u00f3 el 27 de mayo de 2003 visitas entre la incapaz y sus nietos los s\u00e1bados. Tras nuevas quejas, el TPI celebr\u00f3 el 26 de junio de 2003 vista en la cual dilucid\u00f3 la controversia de las relaciones filiales entre los hijos de do\u00f1a Carmen y \u00e9sta. Las partes llegaron a un acuerdo provisional sobre visitas, el cual fue aceptado por el Tribunal y puesto en vigor inmediatamente. En dicha vista particip\u00f3 la Sra. Carmen Grajales de Jes\u00fas de la Oficina de Asuntos de la Vejez.\nPosteriormente, el foro de instancia emiti\u00f3 Orden a los fines de requerir la comparecencia de la Oficina de Asuntos de la Vejez a la vista del 11 de agosto de 2003 en la cual se aprestaba a resolver la controversia sobre las relaciones filiales de do\u00f1a Carmen y sus familiares. La Oficina de Asuntos de la Vejez deber\u00eda informar al Tribunal si era m\u00e1s conveniente trasladar a la incapaz a un hogar de cuido de ancianos, en vista de que la peticionaria no hab\u00eda demostrado estar en disposici\u00f3n de di\u00e1logo a favor de su madre.\nFinalmente, el TPI celebr\u00f3 vista el 11 de agosto de 2003 en la cual, con el beneficio de la comparecencia de todas las partes y de la Procuradora Especial de Relaciones de Familia, Leda. Anaida Lamboy y de la Sr. Carmen Grajales por parte de la Oficina de Asuntos de la Vejez, declar[\u00f3] CON LUGAR la solicitud de remoci\u00f3n y la raz\u00f3n para esta determinaci\u00f3n es el bienestar de la incapaz, la cual se debe reubicar, ya que la incapaz se qued\u00f3 sola en la casa y no hay comunicaci\u00f3n entre las dos familias. (Ap\u00e9ndice Petici\u00f3n de Certiorari, p\u00e1gs. 76-77).\nLa Oficina de Asuntos de la Vejez se hab\u00eda expresado a favor de la remoci\u00f3n de la incapaz, puesto que en una ocasi\u00f3n en que personal de dicha entidad fue a visitar el hogar de la anciana la encontraron sola. (V\u00e9ase carta suscrita por la Sra. Grajales el 31 de octubre de 2003, dirigida a la Hon. Juez Gladys Torregrosa de la Rosa, juez a cargo del caso en el TPI, Ap\u00e9ndice Petici\u00f3n de Certiorari, p\u00e1g. 75).\nMediante comunicaci\u00f3n escrita, la Oficina de Asuntos de la Vejez compareci\u00f3 nuevamente, en esta ocasi\u00f3n por conducto de la Supervisora de Servicios, Sra. Niurka I. Arce Torres, y el Director Ejecutivo Delegado, Sr. Samuel Paris. En la misma, se\u00f1alaron que la institucionalizaci\u00f3n de un envejeciente es siempre el \u00faltimo recurso que recomiendan y que en vista del delicado estado de salud de la incapaz y de los cuidados, no cuestionados, brindados por su hija Ana Quiles, deb\u00eda permanecer en el hogar de la peticionaria y resolver de otro modo las diferencias entre los familiares. La Oficina present\u00f3 una serie de recomendaciones entre las que se encontraban, el utilizar el dinero que aportar\u00edan los hijos para el pago de un ama de llave que pudiera cuidar de la anciana en el hogar de la peticionaria, mientras realizaba sus diligencias, sin descuidar a su se\u00f1ora madre; libre acceso a las visitas, aunque se establezca un horario; utilizar los servicios de la Oficina para mediar entre los familiares y supervisar las relaciones entre \u00e9stos y la anciana.\nEn la vista de seguimiento celebrada el 19 de agosto de 2003, el TPI discuti\u00f3 la comunicaci\u00f3n antes referida y rechaz\u00f3 admitirla evidencia, toda vez que la misma hab\u00eda surgido luego de que la peticionaria solicitara a la Oficina una revisi\u00f3n de las recomendaciones previamente comunicadas al Tribunal en el caso de ep\u00edgrafe. Por su parte, la Procurada Especial de Relaciones de Familia, defensora judicial de la incapaz, se expres\u00f3 en contra de la posici\u00f3n adoptada por la Oficina de Asuntos de la Vejez y a favor de la remoci\u00f3n de la anciana del hogar de su hija. El TPI se mantuvo en su determinaci\u00f3n de localizar a la anciana en el hogar de cuido Casa Matilde. Se\u00f1al\u00f3 \u201cque no tiene duda de que la Sra. Ana Quiles es adecuada en el cuidado de la Sra. Carmen Soto, pero en el \u00e1rea de la comunicaci\u00f3n con sus dem\u00e1s hermanos no ha mejorado.\u201d (Ap\u00e9ndice Petici\u00f3n de Certiorari, p\u00e1g. 95).\nEn desacuerdo con ello, la Sra. Ana Quiles Soto present\u00f3 el recurso de ep\u00edgrafe. En el mismo aleg\u00f3 que:\n\u201cErr\u00f3 el Tribunal de Instancia al reubicar a la se\u00f1ora Carmen Soto en un centro de cuido en lugar de determinar que por el bienestar de \u00e9sta, deb\u00eda permanecer en el hogar de la apelante. \u201d\nEn s\u00edntesis, aduce que hubo prejuicio y error manifiesto en la determinaci\u00f3n recurrida, ya que la misma va en contra del bienestar y seguridad de do\u00f1a Carmen Soto, toda vez que el mismo foro a quo hab\u00eda determinado consistentemente que la envejeciente se encontraba bien cuidada en la casa de la peticionaria. El Procurador General coincide con la posici\u00f3n de la peticionaria y arguye que existen otras alternativas menos dr\u00e1sticas para resolver la controversia de marras, la cual a la postre se circunscribe a diferencias entre hermanos.\nEs norma reiterada de nuestro ordenamiento que las determinaciones de los tribunales de instancia deben ser objeto de gran deferencia, en ausencia de circunstancias extraordinarias o indicios de pasi\u00f3n, prejuicio, parcialidad o error manifiesto. Rol\u00f3n v. Charlie Car Rental Inc., 148 D.P.R. 420 (1999); Belk Arce v. Mart\u00ednez, 146 D.P.R. 215 (1996); Orta v. Padilla Ayala, 137 D.P.R. 927 (1995); Cooperativa de Seguros M\u00faltiples v. Lugo, 136 D.P.R. 203 (1994); Benitez Guzm\u00e1n v. Garc\u00eda Merced, 126 D.P.R. 302 (1990); Riley v. Rodr\u00edguez Pacheco, 119 D.P.R. 762 (1987); Pueblo v. Miranda Ortiz, 117 D.P.R. 188 (1986); P\u00e9rez Cruz v. Hospital La Concepci\u00f3n, 115 D.P.R. 721 (1984).\nAsimismo, en aquellos casos en los cuales el juzgador haga determinaciones al amparo del poder discrecional que le confiere un estatuto o regla, \u00e9stas deber\u00e1n ser respetadas por los foros apelativos, a menos que se demuestre arbitrariedad, un craso abuso de discreci\u00f3n, una determinaci\u00f3n err\u00f3nea que cause grave perjuicio a una de las paites, o la necesidad de un cambio de pol\u00edtica p\u00fablica procesal o sustantiva. Cf. Lluch v. Espa\u00f1a Service Sta., 117 D.P.R. 729 (1986); Ex Parte Valencia, 116 D.P.R. 909 (1986); Ortiz Rivera v. Agostini, 92 D.P.R. 187 (1965).\nDicha norma se encuentra plasmada en la Regla 43.2 de las de Procedimiento Civil, 32 L.P.R.A. Ap. III, R. 43.2, la cual reitera que s\u00f3lo cuando las determinaciones sean claramente err\u00f3neas o producto de pasi\u00f3n, podr\u00e1n ser alteradas. Claro est\u00e1, tales determinaciones no son inmutables. Aunque el arbitrio del juzgador de hechos es respetable y merece deferencia, no es absoluto, y una apreciaci\u00f3n err\u00f3nea de la prueba no tiene credenciales de inmunidad frente a la funci\u00f3n revisora de los foros apelativos. Rivera P\u00e9rez v. Cruz Corchado, 119 D.P.R. 8, 14 (1987). Por ello, aunque haya evidencia que sostenga las conclusiones de hecho del Tribunal, si de un an\u00e1lisis de la totalidad de la evidencia este Tribunal queda convencido que se cometi\u00f3 un error, como cuando las conclusiones est\u00e1n en conflicto con el balance m\u00e1s racional, justiciero y jur\u00eddico de la totalidad de la evidencia recibida, \u00e9stas han de considerarse claramente err\u00f3neas. Abudo Servera v. A.T.P.R., 105 D.P.R. 728 (1977). Ello porque el arbitrio del juzgador, aunque respetable y merecedor de deferencia, no es absoluto. La apreciaci\u00f3n err\u00f3nea de la prueba no tiene credenciales de inmunidad frente a la funci\u00f3n revisora de un tribunal apelativo. V\u00e9anse M\u00e9ndez v. Morales, 142 D.P.R. 26, 40 (1996); Rivera P\u00e9rez v. Cruz Corchado, supra.\nEl 12 de julio de 1986 se aprob\u00f3 la Ley N\u00fam. 121, la cual establece los derechos y la pol\u00edtica p\u00fablica prevaleciente en torno a las personas de edad avanzada. 8 L.P.R.A. \u00a7 341-347. Dicha ley define el concepto de \u201cpersonas de edad avanzada\u201d como aqu\u00e9llas de sesenta (60) a\u00f1os de edad o m\u00e1s. 8 L.P.R.A. \u00a7 341(b). La Ley tiene como prop\u00f3sito fundamental declarar los derechos de la persona de edad avanzada dentro de nuestro ordenamiento, prevaleciendo el respeto a sus derechos individuales y la protecci\u00f3n de su salud f\u00edsica y mental y de su propiedad. Establece, entre otras cosas, que la persona de edad avanzada tiene derecho a que el Estado le garantice los servicios y medios que faciliten su permanencia, siempre que sea posible, con su familia, siendo la \u00faltima alternativa la institucionalizaci\u00f3n de \u00e9ste en un hogar sustituto. 8 L.P.R.A. \u00a7 341. Entre los derechos reconocidos a la persona de edad avanzada se destacan el:\n\u201c(c) Vivir en un ambiente de tranquilidad, respeto y dignidad que satisfaga las necesidades b\u00e1sicas de vivienda, de alimentaci\u00f3n, de salud y econ\u00f3micas, con atenci\u00f3n a sus condiciones f\u00edsicas, mentales, sociales, espirituales y emocionales.\n(d) Vivir libre de presiones, coacciones y manipulaciones por parte de familiares, personas particulares o del Estado, que est\u00e9n dirigidas a menoscabar su capacidad y su derecho a la autodeterminaci\u00f3n.\n(e) Recibir atenci\u00f3n m\u00e9dica en su fase preventiva, cl\u00ednica, y de rehabilitaci\u00f3n para la protecci\u00f3n de su salud y su bienestar general.\n(m) Disfrutar de un ambiente de tranquilidad y solaz.\u201d (8 L.P.R.A. \u00a7 343, \u00e9nfasis suplido).\nUn an\u00e1lisis desapasionado de los hechos y de las circunstancias que generaron este recurso, nos llevan a concluir que el foro de instancia err\u00f3 en su proceder.\nLa determinaci\u00f3n recurrida fue tomada sin considerar y colocar como prioridad los mejores intereses, el bienestar y la seguridad de do\u00f1a Carmen Soto, la tutelada. En casi todas las intervenciones del TPI, \u00e9ste se expresa a favor de la remoci\u00f3n de la anciana del hogar de la apelada. Insistentemente se\u00f1ala el TPI que la peticionaria no promueve las relaciones filiales entre su madre y dem\u00e1s hijos, sin destacar, aunque lo reconoce, la encomiable labor que realiza en el cuido de su se\u00f1ora madre. Dicho foro coloc\u00f3 como prioridad la controversia de las relaciones entre hermanos a la seguridad e integridad de la do\u00f1a Carmen Soto. Olvid\u00f3 proteger la salud de una anciana, que lamentablemente no puede hacer valer por derecho propio sus derechos.\nEn reiteradas ocasiones, tanto el TPI como la Oficina de Asuntos de la Vejez reconocen que la peticionaria cuidaba de la anciana y ten\u00eda control sobre el tratamiento m\u00e9dico de \u00e9sta. El foro de instancia no reconoci\u00f3 en su determinaci\u00f3n el cuidado, esmero y dedicaci\u00f3n profesada por do\u00f1a Ana Quiles Soto hacia su madre durante los \u00faltimos 27 a\u00f1os en los cuales ha cuidado a la anciana. Nadie ha cuestionado la labor de la peticionaria como tutora en cuanto al cuidado y atenci\u00f3n de todas las necesidades de la incapaz como ser humano. Contradictoriamente, de los autos se desprende que luego de la remoci\u00f3n de la anciana al Hogar Matilde, \u00e9sta ha tenido que ser recluida en dos ocasiones en el Hospital Buena Vista por complicaciones de salud. A todas luces, la salud de do\u00f1a Carmen se ha afectado adversamente desde que tuvo que abandonar lo que constituy\u00f3 por largos a\u00f1os su hogar e ingresar al llamado \u201chogar de cuid\u00f3\".\nDe otra parte, el TPI rechaz\u00f3 admitir en evidencia la \u00faltima comunicaci\u00f3n cursada por la Oficina de Asuntos de la Vejez, toda vez que la misma surgi\u00f3 luego de que la peticionaria solicitara revisi\u00f3n de las recomendaciones previas de dicha Oficina en el caso. El foro a quo se\u00f1al\u00f3 lo siguiente: \u201cUna parte no puede comparecer a una agencia para que el Tribunal cambie su decisi\u00f3n. Eso est\u00e1 mal.\" Ignor\u00f3 el TPI que fue \u00e9l mismo quien le dio foro a la Oficina de Asuntos de la Vejez en el caso de ep\u00edgrafe y le solicit\u00f3 su intervenci\u00f3n. Adem\u00e1s, es dicha Oficina quien tiene la autoridad en ley de velar por los derechos de la persona de edad avanzada. 3 L.P.R.A. \u00a7\u00a7 1953, 1955 y 1970. De los autos se desprende que dicha Oficina ha desarrollado un plan de trabajo para el caso de ep\u00edgrafe el cual recomienda que:\n\u201c1. Que la se\u00f1ora Soto sea mantenida en un ambiente familiar junto a la hija, la Sra. Ana Quiles, quien est\u00e1 dispuesta a tenerla en su hogar y ha demostrado por a\u00f1os mantener un cuidado adecuado de la madre.\n2. Que dada la condici\u00f3n f\u00edsica de la se\u00f1ora Soto y puesto que la se\u00f1ora Quiles necesita hacer diligencias en ocasiones, los dem\u00e1s hijos aporten para el pago de un ama de llaves durante un m\u00ednimo de 3 horas al d\u00eda de 3-5 d\u00edas a la semana para que la se\u00f1ora Soto no quede sola bajo ninguna circunstancia.\n3. Dadas las discrepancias entre hermanos, se recomienda llevar a cabo una reuni\u00f3n familiar junto a las siguientes agencias o programas ASUME (Prospera), Oficina del Procurador de Familia, Mediaci\u00f3n de Conflictos y Oficina Asuntos de la Vejez, Regi\u00f3n Sur. Se podr\u00e1 fijar horarios de visitas para cualquier familiar que interese ver a la se\u00f1ora Carmen Soto sin interferir en el cuidado de \u00e9sta.\n4. Dar seguimiento cada uno o dos meses por parte de las agencias para verificar el bienestar de la se\u00f1ora Soto y que el acuerdo entre hermanos no sea violado poniendo en riesgo la salud y estabilidad de la Sra. Carmen Soto. \u2019\u2019\nPor entender que dicho plan recoge y protege los derechos esenciales de la anciana, adoptamos el mismo y se ordena se ponga en vigor inmediatamente. La Oficina de Asuntos de la Vejez debe continuar interviniendo en el caso como mediador entre los hermanos y protector de los derechos de la Sra. Carmen Soto. .\nII\nA la luz de las circunstancias antes rese\u00f1adas y el derecho aplicable, se revoca el dictamen del foro de instancia y se ordena la devoluci\u00f3n inmediata de la Sra. Carmen Soto M\u00e9ndez al hogar de su tutora legal, la Sra. Ana Quiles Soto. Se devuelve el caso al TPI para que contin\u00fae los procedimientos acorde con lo establecido en esta Sentencia.\nNotif\u00edquese inmediatamente v\u00eda tel\u00e9fono, fax y correo ordinario al Tribunal y todas las partes.\nLo acord\u00f3 y manda el Tribunal y lo certifica la Secretaria General.\nAida Ileana Oquendo Graulau\nSecretaria General\nESCOLIO 2003 DTA 151\n1. De la comparecencia del Procurador General se desprende que el TPI emiti\u00f3 el 12 de septiembre de 2003 Resoluci\u00f3n en la que recoge lo previamente resuelto en las vistas de 10 y 19 de agosto de 2003 y notificado mediante minutas de 3 y 2 de septiembre de 2003, respectivamente.",
        "type": "majority",
        "author": "Feliciano Acevedo, Jueza Ponente"
      }
    ],
    "attorneys": [],
    "corrections": "",
    "head_matter": "2003 DTA 151\nTRIBUNAL DE CIRCUITO DE APELACIONES CIRCUITO REGIONAL IV DE AGUADILLA/MAYAGUEZ\nANA QUILES SOTO Peticionaria EX PARTE\nN\u00fam. KLAN-03-01098\nSan Juan, Puerto Rico, a 23 de septiembre de 2003\nPanel integrado por su Presidenta, la Juez L\u00f3pez Vilanova, el Juez C\u00f3rdova Arone y la Juez Feliciano Acevedo"
  },
  "file_name": "0600-01",
  "first_page_order": 18,
  "last_page_order": 24
}
