{
  "id": 9046612,
  "name": "LUZ MARIA GARCIA CENTENO Querellante-Recurrente v. COOPERATIVA DE AHORRO Y CREDITO DE MAUNABO Querellada-Recurrida v. CORPORACION PARA LA SUPERVISION DE SEGUROS DE COOPERATIVAS DE PUERTO RICO \"COSSEC\" Agencia-Recurrida",
  "name_abbreviation": "Garcia Centeno v. Cooperativa de Ahorro y Credito de Maunabo",
  "decision_date": "2003-11-07",
  "docket_number": "N\u00fam. KLRA-2003-00279",
  "first_page": "779",
  "last_page": "787",
  "citations": [
    {
      "type": "official",
      "cite": "9 T.C.A. 779"
    },
    {
      "type": "parallel",
      "cite": "2004 DTA 18"
    }
  ],
  "court": {
    "name_abbreviation": "P.R. Cir.",
    "id": 16431,
    "name": "Puerto Rico Circuit Court of Appeals"
  },
  "jurisdiction": {
    "id": 25,
    "name_long": "Puerto Rico",
    "name": "P.R."
  },
  "cites_to": [
    {
      "cite": "93 D.P.R. 685",
      "category": "reporters:state",
      "reporter": "P.R. Dec.",
      "case_ids": [
        8814698
      ],
      "year": 1966,
      "opinion_index": 0,
      "case_paths": [
        "/pr-dec/93/0685-01"
      ]
    },
    {
      "cite": "102 D.P.R. 87",
      "category": "reporters:state",
      "reporter": "P.R. Dec.",
      "case_ids": [
        8810943
      ],
      "year": 1974,
      "opinion_index": 0,
      "case_paths": [
        "/pr-dec/102/0087-01"
      ]
    },
    {
      "cite": "103 D.P.R. 692",
      "category": "reporters:state",
      "reporter": "P.R. Dec.",
      "case_ids": [
        8812410
      ],
      "year": 1975,
      "opinion_index": 0,
      "case_paths": [
        "/pr-dec/103/0692-01"
      ]
    },
    {
      "cite": "143 D.P.R. 85",
      "category": "reporters:state",
      "reporter": "P.R. Dec.",
      "case_ids": [
        9389167
      ],
      "year": 1997,
      "opinion_index": 0,
      "case_paths": [
        "/pr-dec/143/0085-01"
      ]
    },
    {
      "cite": "126 D.P.R. 284",
      "category": "reporters:state",
      "reporter": "P.R. Dec.",
      "case_ids": [
        8756297
      ],
      "year": 1990,
      "opinion_index": 0,
      "case_paths": [
        "/pr-dec/126/0284-01"
      ]
    },
    {
      "cite": "133 D.P.R. 694",
      "category": "reporters:state",
      "reporter": "P.R. Dec.",
      "case_ids": [
        11558203
      ],
      "year": 1993,
      "opinion_index": 0,
      "case_paths": [
        "/pr-dec/133/0694-01"
      ]
    },
    {
      "cite": "140 D.P.R. 763",
      "category": "reporters:state",
      "reporter": "P.R. Dec.",
      "case_ids": [
        9385979
      ],
      "year": 1996,
      "opinion_index": 0,
      "case_paths": [
        "/pr-dec/140/0763-01"
      ]
    },
    {
      "cite": "143 D.P.R. 756",
      "category": "reporters:state",
      "reporter": "P.R. Dec.",
      "case_ids": [
        9390379
      ],
      "year": 1997,
      "opinion_index": 0,
      "case_paths": [
        "/pr-dec/143/0756-01"
      ]
    },
    {
      "cite": "126 D.P.R. 191",
      "category": "reporters:state",
      "reporter": "P.R. Dec.",
      "case_ids": [
        8756014
      ],
      "year": 1990,
      "opinion_index": 0,
      "case_paths": [
        "/pr-dec/126/0191-01"
      ]
    },
    {
      "cite": "99 D.P.R. 368",
      "category": "reporters:state",
      "reporter": "P.R. Dec.",
      "case_ids": [
        8812887
      ],
      "weight": 2,
      "year": 1970,
      "opinion_index": 0,
      "case_paths": [
        "/pr-dec/99/0368-01"
      ]
    },
    {
      "cite": "144 D.P.R. 425",
      "category": "reporters:state",
      "reporter": "P.R. Dec.",
      "case_ids": [
        9389321
      ],
      "weight": 4,
      "year": 1997,
      "opinion_index": 0,
      "case_paths": [
        "/pr-dec/144/0425-01"
      ]
    },
    {
      "cite": "132 D.P.R. 866",
      "category": "reporters:state",
      "reporter": "P.R. Dec.",
      "case_ids": [
        11558401
      ],
      "year": 1993,
      "opinion_index": 0,
      "case_paths": [
        "/pr-dec/132/0866-01"
      ]
    },
    {
      "cite": "144 D.P.R. 450",
      "category": "reporters:state",
      "reporter": "P.R. Dec.",
      "case_ids": [
        9389384
      ],
      "year": 1997,
      "opinion_index": 0,
      "case_paths": [
        "/pr-dec/144/0450-01"
      ]
    },
    {
      "cite": "134 D.P.R. 947",
      "category": "reporters:state",
      "reporter": "P.R. Dec.",
      "case_ids": [
        11557978
      ],
      "weight": 2,
      "year": 1993,
      "opinion_index": 0,
      "case_paths": [
        "/pr-dec/134/0947-01"
      ]
    }
  ],
  "analysis": {
    "cardinality": 1162,
    "char_count": 25563,
    "ocr_confidence": 0.854,
    "pagerank": {
      "raw": 4.03580807328026e-08,
      "percentile": 0.21376806138118476
    },
    "sha256": "d1ca5d4028047c2e9b6a0fabf643e4987300a10bef4711417dc3c4836d507163",
    "simhash": "1:c299c58db08bde6b",
    "word_count": 4080
  },
  "last_updated": "2024-02-27T16:27:07.050261+00:00",
  "provenance": {
    "date_added": "2019-08-29",
    "source": "Harvard",
    "batch": "2018"
  },
  "casebody": {
    "judges": [
      "Panel compuesto por su Presidenta, la Juez Rodr\u00edguez de Oronoz, y las Juezas Pe\u00f1agar\u00edcano Soler y Bajandas V\u00e9lez"
    ],
    "parties": [
      "LUZ MARIA GARCIA CENTENO Querellante-Recurrente v. COOPERATIVA DE AHORRO Y CREDITO DE MAUNABO Querellada-Recurrida v. CORPORACION PARA LA SUPERVISION DE SEGUROS DE COOPERATIVAS DE PUERTO RICO \u201cCOSSEC\u201d Agencia-Recurrida"
    ],
    "opinions": [
      {
        "text": "Pe\u00f1agar\u00edcano Soler, Jueza Ponente\nTEXTO COMPLETO DE LA SENTENCIA\nComparece ante nos, Luz Mar\u00eda Garc\u00eda Centeno (en adelante, Sra. Garc\u00eda), mediante revisi\u00f3n administrativa presentada el 22 de abril de 2003. Nos solicita, revisemos la Resoluci\u00f3n Sumaria emitida y archivada el 12 de febrero de 2003, por la Corporaci\u00f3n para la Supervisi\u00f3n y Seguros de Cooperativas de Puerto Rico (en adelante, COSSEC). Por la misma, COSSEC desestim\u00f3 la querella presentada por la parte recurrente por hallar la misma acad\u00e9mica.\nExaminados los escritos y documentos de las partes, determinamos expedir el auto solicitado y confirmar la Resoluci\u00f3n Sumaria recurrida.\nI\nEl 31 de octubre de 1989, el Sr. Gregorio Monta\u00f1ez Cruz (en adelante, Sr. Monta\u00f1ez), abri\u00f3 una cuenta de ahorros en la Cooperativa de Ahorro y Cr\u00e9dito de Maunabo (en adelante, Mauna Coop). Al momento de hacerse socio de Mauna Coop, el Sr. Monta\u00f1ez suscribi\u00f3 una tarjeta testamentaria, se\u00f1alando como beneficiaria a su hermana Guillermina Monta\u00f1ez Cruz, del cien por ciento (100%) de sus haberes en la cooperativa. En mayo de 2001, el Sr. Monta\u00f1ez result\u00f3 ganador de un premio de la loter\u00eda de Puerto Rico por la cantidad de $75,000.00, depositando gran parte del mismo en su cuenta de ahorros de Mauna Coop.\nAs\u00ed las cosas, el 24 de noviembre de 2001, el Sr. Monta\u00f1ez falleci\u00f3 intestado. Al momento de su fallecimiento, \u00e9ste se encontraba casado con la Sra. Garc\u00eda, con quien procre\u00f3 siete hijos. El 2 de febrero de 2002, la representante legal de Mauna Coop apunt\u00f3 en una misiva dirigida al representante legal de la parte recurrente, que el 17 de enero de 2002, la cooperativa hab\u00eda recibido un requerimiento sobre los haberes del Sr. Monta\u00f1ez en esa instituci\u00f3n. Se\u00f1al\u00f3 adem\u00e1s, que el 23 de enero de 2002, la cooperativa recibi\u00f3 a su vez un requerimiento por parte de la hermana del causante fundamentada en la designaci\u00f3n de \u00e9sta como beneficiaria en la tarjeta testamentaria.\nEl 25 de marzo de 2002, los herederos del Sr. Monta\u00f1ez, mediante una carta dirigida al Presidente Ejecutivo de Mauna Coop, solicitaron formalmente la congelaci\u00f3n y entrega de los bienes del causante all\u00ed depositados. No obstante, la cooperativa se neg\u00f3 a entregar los mismos debido a que en la tarjeta testamentaria que cumplimentara el causante al abrir su cuenta, \u00e9ste dispuso a su hermana como beneficiaria. Luego de varios incidentes, el 23 de mayo de 2002, la parte recurrente inst\u00f3 en COSSEC una querella contra Mauna Coop. Esgrimi\u00f3 que la cooperativa se negaba a desembolsar los bienes del Sr. Monta\u00f1\u00e9s sin raz\u00f3n fundamentada. A esos efectos, solicit\u00f3 la orientaci\u00f3n y determinaci\u00f3n de la agencia recurrida.\nEl 13 de junio de 2002, Mauna Coop present\u00f3 su Contestaci\u00f3n a la Querella. El 13 de agosto de 2002, se celebr\u00f3 en COSSEC una vista informal entre las partes de autos; la Sra. Guillermina Monta\u00f1ez no acudi\u00f3 a la misma. El 12 de septiembre de 2002, Mauna Coop present\u00f3 ante el Tribunal de Primera Instancia, Sala de Guayama, una Moci\u00f3n de Consignaci\u00f3n, anexando la presentaci\u00f3n de un cheque por la cantidad de $67,206.99. As\u00ed las cosas, el 13 de septiembre de 2002, el representante legal de la Sra. Guillermina Monta\u00f1ez dirigi\u00f3 una misiva a COSSEC, indicando que el 15 de agosto' de 2002 hab\u00eda peticionado formalmente a Mauna Coop la entrega a su cliente de los bienes del Sr. Monta\u00f1ez. Asimismo, se\u00f1al\u00f3 que reiteraban su reclamaci\u00f3n de los fondos en la cooperativa por ser la Sra. Monta\u00f1ez la beneficiaria de la tarjeta testamentaria. El 28 de enero de 2003, Mauna Coop present\u00f3 ante COSSEC una Moci\u00f3n Informativa y Solicitud de Cierre de Expediente, se\u00f1alando haber consignado ante el TPI los dineros objetos de controversia en autos.\nEn tanto, el 5 de febrero de 2003, la parte recurrente present\u00f3 su Oposici\u00f3n al Archivo del Caso. El 12 de febrero de 2003, COSSEC emiti\u00f3 la Resoluci\u00f3n Sumaria de autos desestimando la querella. En suma, precis\u00f3 que como consecuencia de haberse consignado los fondos en disputa ante el tribunal de instancia, la agencia carec\u00eda de remedio a conceder, por lo cual la reclamaci\u00f3n de la parte recurrente hab\u00eda advenido acad\u00e9mica. El 18 de mayo de 2003, COSSEC deneg\u00f3 la moci\u00f3n en reconsideraci\u00f3n que presentara la Sra. Garc\u00eda.\nInconforme con la anterior determinaci\u00f3n, el 22 de abril de 2003, la Sra. Garc\u00eda acudi\u00f3 ante nos mediante recurso de revisi\u00f3n administrativa. En el mismo, indic\u00f3 el siguiente se\u00f1alamiento de error:\n\u201cERRO LA AGENCIA AL DECRETAR EL ARCHIVO DEL CASO SIN ADJUDICAR LAS CONTROVERSIAS QUE SE LE PRESENTARON; ACCION QUE ES CONTRARIA A DERECHO\nEl 2 de mayo de 2003, COSSEC present\u00f3 una Moci\u00f3n de Desestimaci\u00f3n por Falta de Jurisdicci\u00f3n, aduciendo que el recurso de autos no fue notificado a la Junta de Directores de la agencia. El 28 de mayo de 2003, la parte recurrente present\u00f3 su Oposici\u00f3n a Solicitud de Desestimaci\u00f3n. Postul\u00f3 que la Junta de Directores y COSSEC constituyen una sola entidad. El 3 de junio de 2003, emitimos Resoluci\u00f3n concediendo diez (10) d\u00edas a COSSEC para expresarse en tomo a lo anterior.\nEl 9 de junio de 2003, COSSEC present\u00f3 una R\u00e9plica a Moci\u00f3n en Oposici\u00f3n a Solicitud de Desestimaci\u00f3n. El 20 de junio de 2003, COSSEC present\u00f3 Moci\u00f3n en Cumplimiento de Orden. El 3 de julio de 2003, concedimos quince (15) d\u00edas a COSSEC para atender los m\u00e9ritos del recurso. El 4 de agosto de 2003, COSSEC present\u00f3 su Alegato.\nII\nComo cuesti\u00f3n de umbral, dispondremos del planteamiento jurisdiccional tra\u00eddo ante nuestra consideraci\u00f3n por la parte recurrida. COSSEC argumenta que su Junta de Directores es una agencia separada de la corporaci\u00f3n. A\u00f1ade que a base de la normativa jurisprudencial, es un requisito jurisdiccional que se notifique el presente recurso de revisi\u00f3n a la referida Junta, en adici\u00f3n a COSSEC. Veamos.\nEl art\u00edculo 1 de la Ley de la Corporaci\u00f3n P\u00fablica para la Supervisi\u00f3n y Seguros de Cooperativas de Puerto Rico, Ley N\u00fam. 114 de 17 de agosto de 2001, establece lo siguiente:\n\u201cEs pol\u00edtica p\u00fablica del Estado Libre Asociado de Puerto Rico velar por la integridad, solvencia y fortaleza financiera del Movimiento Cooperativo de Puerto Rico. Parte esencial de dicha pol\u00edtica p\u00fablica y responsabilidad esencial del Estado, es efectuar una supervisi\u00f3n y fiscalizaci\u00f3n justa, equitativa y efectiva de las cooperativas bajo los siguientes principios:\n(a) La funci\u00f3n de fiscalizaci\u00f3n y supervisi\u00f3n total de las cooperativas de ahorro y cr\u00e9dito y sus operaciones, productos y servicios, estar\u00e1 consolidada y unificada de forma exclusiva en la Corporaci\u00f3n P\u00fablica para la Supervisi\u00f3n y Seguros de Cooperativas de Puerto Rico.\n(b) La formulaci\u00f3n de pol\u00edtica p\u00fablica y reglamentaci\u00f3n del Movimiento Cooperativo por parte de la Corporaci\u00f3n contar\u00e1 con representaci\u00f3n de las cooperativas aseguradas, seg\u00fan se dispone m\u00e1s adelante en este cap\u00edtulo.\n(c) Aquellos asuntos relativos a los procesos rectores de las cooperativas, cuyos asuntos no presenten o impliquen riesgos relativos a la integridad econ\u00f3mica, financiera, jur\u00eddica o moral de dichas instituciones o de sus socios, ser\u00e1n objeto de autoreglamentaci\u00f3n al amparo de aquellas reglas que adopte la Corporaci\u00f3n con el concurso de la Junta, seg\u00fan se dispone m\u00e1s adelante en este cap\u00edtulo.\u201d 7 L.P.R.A. see. 1334.\nDe conformidad con el Art. 4 de la Ley N\u00fam. 114, supra, la responsabilidad primordial de COSSEC es, entre otras cosas, \u201c [fjiscalizar y supervisar deforma comprensiva y consolidada a las cooperativas de ahorro y cr\u00e9dito que operen o hagan negocios en el Estado Libre Asociado de Puerto Rico; ...[pjroveer a todas las cooperativas de ahorro y cr\u00e9dito un seguro de acciones y dep\u00f3sitos.... \u201d. 7 L.P.R.A. sec. 1334b (b).\nPor su parte, la Junta de Directores de COSSEC cuenta entre sus facultades el aprobar reglas y reglamentos para la aplicaci\u00f3n de los asuntos de la corporaci\u00f3n, as\u00ed como: \u201c[ejstablecer la pol\u00edtica de inversiones de la Corporaci\u00f3n de conformidad a las disposiciones y limitaciones establecidas en este cap\u00edtulo; ...[rjealizar estudios actuariales; ...[ajdoptar las medidas preventivas o remediativas que sean necesarias para reducir el potencial de p\u00e9rdidas de las cooperativas aseguradas.... \u201d. 1 L.P.R.A. sec. 1334e (b) (c) (e).\nAsimismo, el Presidente Ejecutivo de COSSEC es el encargado, entre otras, de \u201c[a]tender las consultas, solicitudes de opiniones y determinaciones administrativas y/o querellas que se le presenten. En tales casos, la decisi\u00f3n del Presidente ejecutivo podr\u00e1 ser revisada por la Junta de Directores....\u201d. Bastardillas nuestras. 7 L.P. R.A. sec. 1334h (s).\nPredicado en lo anterior, atendemos los argumentos tra\u00eddos por COSSEC. Contrario a lo alegado por la parte recurrida, el caso que nos ocupa se distingue de la norma establecida en Rosario & Associates, Inc. v. Departamento de la Familia, 2002 J.T.S. 93. Conforme al an\u00e1lisis de la normativa estatutaria y jurisprudencial aplicable, la Junta de Directores de COSSEC tiene a bien las funciones generalmente atribuidas a la junta de una corporaci\u00f3n. Esto es, velar por el funcionamiento a grandes rasgos de la entidad corporativa, con funciones como lo son el fijar cuotas y primas especiales, as\u00ed como establecer el sistema de an\u00e1lisis financiero de la misma. 7 L.P.R.A. 1334e.\nA diferencia de las agencias concernidas en Rosario & Associates, Inc. v. Departamento de la Familia, supra, la Junta de Directores de COSSEC no es un cuerpo creado espec\u00edficamente con el fin primordial de revisar las determinaciones del Presidente Ejecutivo en tomo a las querellas de socios individuales que pudieran presentarse. De la letra de la ley habilitadora de la agencia recurrida, no se colige que la concepci\u00f3n de este cuerpo haya tenido como prop\u00f3sito esencial la revisi\u00f3n de las decisiones referentes a querellas ante el oficial ejecutivo.\nPrecisa destacar que en el caso en que se apoya la corporaci\u00f3n para solicitar la desestimaci\u00f3n del presente recurso, la agencia en controversia -la Junta Adjudicativa-, fue creada por el Departamento de la Familia con el fin espec\u00edfico de revisar aquellas determinaciones tomadas por la Junta de Subastas. En contraste, hallamos que la situaci\u00f3n f\u00e1ctica de autos no nos permite la interpretaci\u00f3n an\u00e1loga que pretende la agencia recurrida. Ante ello, nos declaramos con jurisdicci\u00f3n para atender el recurso de revisi\u00f3n ante nos presentado.\nIII\n\u201cEl alcance de la revisi\u00f3n judicial comprende tres \u00e1reas. Ellas son: (1) Concesi\u00f3n del remedio apropiado, (2) Revisi\u00f3n de las determinaciones de hechos, conforme al criterio de la evidencia sustancial, y (3) Revisi\u00f3n completa y absoluta de las conclusiones de derecho.\u201d Fern\u00e1ndez Qui\u00f1ones, Derecho Administrativo y Ley de Procedimiento Administratiyo Uniforme, 2da. Ed., Bogot\u00e1, Forum, 2001, p\u00e1g. 534. Asimismo, el tribunal revisor deber\u00e1 precisar si las actuaciones de la agencia son acordes al poder que le fuera delegado por ley; as\u00ed se determinar\u00e1 si la actuaci\u00f3n fue ultra vires. Puerto Rico Telephone Company v. Junta Reglamentadora de Telecomunicaciones de Puerto Rico, 2000 J.T.S. 98. (Citas omitidas).\nEl expediente de la agencia constituir\u00e1 la base exclusiva para la acci\u00f3n de la agencia en un procedimiento adjudicativo y para la revisi\u00f3n judicial ulterior. Ley de Procedimiento Administrativo Uniforme (LPAU), Ley N\u00fam. 170 de 12 de agosto de 1988, 3 L.P.R.A. see. 2168. \u201cAl evaluar la decisi\u00f3n de una agencia, el tribunal debe determinar si \u00e9sta actu\u00f3 de manera arbitraria, ilegal o tan irrazonable que sus actuaciones constituyeron un abuso de discreci\u00f3n. \u201d Municipio de San Juan v. J.C.A. y otros, 99 J.T.S. 152, citando a Fuertes v. A.R.P.E., 134 D.P.R. 947 (1993). V\u00e9ase, adem\u00e1s, Municipio de San Juan v. Junta de Calidad Ambiental, 2000 J.T.S. 193; T-JAC v. Caguas Centrum Limited, 99 J.T.S. 60; Rivera v. A & C Development Corp., 144 D.P.R. 450 (1997); Agosto v. Fondo del Seguro del Estado, 132 D.P.R. 866 (1993). Para que el tribunal revisor se encuentre en posici\u00f3n de analizar la determinaci\u00f3n tomada por el organismo administrativo, es imprescindible que las agencias acojan determinaciones de hechos y de derecho.\nEl Tribunal Supremo de Puerto Rico ha manifestado en reiteradas ocasiones que las determinaciones de hechos adoptadas por la agencia ser\u00e1n sostenidas por los tribunales de estar \u00e9stas basadas en evidencia sustancial. Se considera la evidencia sustancial como aquella evidencia que \u201cuna mente razonable pueda aceptar como adecuada para sostener una conclusi\u00f3n\u201d. Asoc. de Vecinos Hosp. San Jorge v. United Medical Corp., 2002 J.T.S. 21, a la p\u00e1g. 561; Ram\u00edrez v. Departamento de Salud, 99 J.T.S. 47; Associated Insurance Agencies, Inc. v. Comisionado de Seguros de P.R., 144 D.P.R. 425 (1997).\nLo anterior responde a la intenci\u00f3n legislativa de revestir a las determinaciones realizadas por las agencias, con un velo de correcci\u00f3n y legitimidad. Por ello, es ampliamente conocido que las actuaciones de las agencias administrativas gozan de la m\u00e1s dilatada deferencia. No obstante, la deferencia no ha de ser \u00f3bice para la revisi\u00f3n en aquellos casos donde la misma menoscabe derechos de \u00edndole fundamental o sea irrazonable. Costa Wood, et al. v. Caguas Expressway Motors, Inc., supra; Reinaldo Castillo Camacho v. Dpto. del Trabajo, 2000 J.T.S. 154.\nHabida cuenta de ello, recientemente, el Tribunal Supremo de Puerto Rico expres\u00f3 en tomo a las determinaciones de hechos, que:\n\u201c...cuando una parte alega haber sido afectada por una determinaci\u00f3n de hecho de una agencia, tendr\u00e1 que demostrar que en el expediente administrativo existe otra prueba que reduce o menoscaba el valor probatorio de la evidencia impugnada, hasta tal punto que no pueda concluirse que la determinaci\u00f3n de la agencia, fue razonable a la luz de la totalidad de la prueba que tuvo ante su consideraci\u00f3n...Si por el contrario, la parte afectada no demuestra la existencia de esa otra prueba, las determinaciones de la agencia deber\u00e1n sostenerse por el tribunal revisor...\u201d. OEG v. Rodr\u00edguez Mart\u00ednez, supra, a la p\u00e1g. 795. Bastardillas nuestras y citas omitidas.\nEl criterio rector para los tribunales, ser\u00e1 la razonabilidad en la actuaci\u00f3n de la agencia recurrida. As\u00ed pues, al realizar su funci\u00f3n revisora, el tribunal est\u00e1 compelido a considerar la especializaci\u00f3n y experiencia de la agencia sobre las cuestiones que tuviera ante s\u00ed. Por tanto, en el descargo de su funci\u00f3n, deber\u00e1 caracterizar entre asuntos de discernimiento estatutario o cuestiones de especializaci\u00f3n administrativa. No obstante, la deferencia reconocida no equivale a la renuncia de la funci\u00f3n revisora del Tribunal en instancias apropiadas y meritorias, como resulta ser cuando el organismo administrativo ha errado en la aplicaci\u00f3n de la ley. Reyes Salcedo v. Polic\u00eda de P.R., supra; Rodr\u00edguez v. Comisi\u00f3n Industrial, 99 D.P.R. 368 (1970).\nSeg\u00fan expuesto en Adorno Quiles v. Hern\u00e1ndez, 126 D.P.R. 191 (1990), a la p\u00e1g. 195, \u201c[...] al evaluar los casos es necesario distinguir entre cuestiones de interpretaci\u00f3n estatutaria, en la que los tribunales son especialistas, y cuestiones propias para la discreci\u00f3n o pericia administrativa.\u201d Qui\u00f1ones v. San Rafael Estates, S.E., 143 D.P.R. 756 (1997); Alvarez v. Junta de Directores, Con. Villa Caparra, 140 D.P.R. 763 (1996); Fuertes v. A.R.P.E., supra.\nEn tanto, con respecto de las determinaciones de derecho, el Tribunal Supremo de Puerto Rico pronunci\u00f3:\n\u201cLas conclusiones de derecho de la agencia, distinto de las determinaciones de hechos, pueden ser revisadas \u2018en todos sus aspectos por el tribunal\u2019, LPAU, see. 4.5, 3 L.P.R.A. \u00a7 2175 (1992), sin sujeci\u00f3n a norma o criterio alguno. V\u00e9ase, Miranda v. Comisi\u00f3n Estatal de Elecciones, ante. Esto no significa, sin embargo, que al ejercer su funci\u00f3n revisora, el tribunal pueda descartar libremente las conclusiones e interpretaciones de la agencia, sustituyendo el criterio de \u00e9sta por el propio. Al contrario, hemos reiterado consistentemente -antes y despu\u00e9s de la vigencia de la LPAU- que, de ordinario, los tribunales deben deferencia a las interpretaciones y conclusiones de los organismos administrativos\u201d. Puerto Rico Telephone Company v. Junta Reglamentadora de Telecomunicaciones de Puerto Rico, supra, a la p\u00e1g. 1266. (Citas omitidas)\nFinalmente, el foro judicial podr\u00e1 sustituir el criterio del organismo administrativo por el propio, s\u00f3lo en aquellas ocasiones que no encuentre una base racional que fundamente la actuaci\u00f3n administrativa. No obstante, es axioma judicial que ante la prueba pericial y documental, el tribunal revisor se encuentra en igual posici\u00f3n que el foro recurrido y, por tanto, est\u00e1 facultado para apreciar la prueba apoy\u00e1ndose en su propio criterio. Dye-Tex de P.R. v. Royal Ins. Co., 2000 J.T.S. 67; Rodr\u00edguez Rold\u00e1n v. Municipio de Caguas, 133 D.P.R. 694 (1993).\nPor otro lado, y como mencion\u00e1ramos, la responsabilidad primordial de COSSEC, entre otras cosas, lo es, \u201c[fjiscalizar y supervisar deforma comprensiva y consolidada a las cooperativas de ahorro y cr\u00e9dito que operen o hagan negocios en el Estado Libre Asociado de Puerto Rico; ...[pjroveer a todas las cooperativas de ahorro y cr\u00e9dito un seguro de acciones y dep\u00f3sitos....\u201d. 7 L.P.R.A. sec. 1334b (b). Por ello, el art. 4 de la Ley N\u00fam. 114, supra, dispone la transferencia a COSSEC de \u201c...todos los poderes y deberes de la Oficina del Comisionado de Instituciones Financieras, de la Oficina del Inspector de Cooperativas.... \u201d. 1 L.P.R.A. sec. 1334b.\nEllo, con el prop\u00f3sito de facultar el desempe\u00f1o de COSSEC en torno a la supervisi\u00f3n, fiscalizaci\u00f3n e implantaci\u00f3n de determinadas disposiciones de ley en su aplicaci\u00f3n a las cooperativas de ahorro y cr\u00e9dito. Ibid. Asimismo, el aludido articulado expone de forma espec\u00edfica que COSSEC tendr\u00e1 inherencia sobre: la Ley de Sociedades Cooperativas de Ahorro y Cr\u00e9dito de 1989; la Ley General de Sociedades Cooperativas de Puerto Rico, 5 L.P.R.A. secs. 4001 et seq.; Ley de Pr\u00e9stamos Personales Peque\u00f1os, 10 L.P.R.A. secs. 941 et seq.; Ley de Instituciones Hipotecarias, 7 L.P.R.A. secs. 1051 et seq.; Ley de Instituciones de Arrendamiento de Propiedad Mueble, 10 L.P.R.A. secs. 996 et seq.; Ley Para Regular los Contratos de Arrendamiento de Bienes Muebles, 10 L.P.R.A. secs. 2401 et seq.; Ley Para Regular el Negocio de Transferencias Monetarias, 10 L.P.R.A. 2551 et seq.; Ley Sobre Transferencias de Fondos al Extranjero, 7 L.P.R.A. 1401 et seq.; Ley Uniforme de Valores, 10 L.P.R. A. 851 et seq.; Ley de Compa\u00f1\u00edas de Inversiones de Puerto Rico, 10 L.P.R.A. secs. 661 et seq.; 7 L.P.R.A. secs. 206-209, 215; Ley de Ventas a Plazos y Compa\u00f1\u00edas de Financiamiento, 10 L.P.R.A. secs. 731 et seq.; Ley Para Reglamentar el Negocio de Intermediaci\u00f3n Financiera, 7 secs. 1071 et seq.; 13 L.P.R.A. secs. 8569 y 8572, partes del C\u00f3digo de Rentas Internas de 1994; Ley Para Regular los Dep\u00f3sitos de Fondos P\u00fablicos y para Proveer sobre su Seguridad, 7 L.P.R.A. secs. 251 et seq.\nEvidentemente, entre las facultades y poderes delegados a la agencia recurrida no despunta el emitir determinaciones en cuanto a asuntos sucesorios. Habiendo examinado el derecho aplicable, as\u00ed como los escritos de las partes, estamos en posici\u00f3n de resolver. As\u00ed lo hacemos.\nIV\nEn el caso de marras, existen dos partes contrarias que solicitan la titularidad de los haberes dejados por el Sr. Monta\u00f1ez en Mauna Coop al momento de su deceso. Mauna Coop se neg\u00f3 a entregar el dinero en cuesti\u00f3n, pues entend\u00eda que el foro correspondiente para dilucidar la controversia lo era el tribunal. La parte recurrente acudi\u00f3 a COSSEC solicitando la opini\u00f3n en tomo a la validez de las tarjetas testamentarias, y la entrega inmediata de los bienes. A esos efectos, COSSEC concedi\u00f3 una vista informal a las partes envueltas conforme lo solicitado por la parte recurrente.\nA esa vista no se person\u00f3 la Sra. Guillermina Monta\u00f1ez, hermana del causante, no empece mediante carta a COSSEC indic\u00f3 haber solicitado formalmente la entrega de los bienes por ser beneficiar\u00eda en la tarjeta testamentaria cumplimentada por el Sr. Monta\u00f1ez y reiter\u00f3 su pedido. As\u00ed pues, COSSEC entendi\u00f3 trabada la controversia que nos ocupa. As\u00ed las cosas, Mauna Coop procedi\u00f3 a consignar el dinero en controversia ante el foro judicial. En vista de lo anterior, COSSEC determin\u00f3 que la querella ante s\u00ed advino acad\u00e9mica y desestim\u00f3 la misma.\nLa parte recurrente nos solicita que revoquemos la determinaci\u00f3n tomada por la agencia, pues entiende que no hay controversia en cuanto a la titularidad del dinero en cuesti\u00f3n y por tanto COSSEC deb\u00eda haber ordenado que la cooperativa entregara el mismo. No le asiste la raz\u00f3n.\nBajo el crisol doctrinario esbozado, resulta forzoso concluir que bajo las circunstancias del caso de marras, el foro judicial es en efecto aqu\u00e9l con jurisdicci\u00f3n para resolver la cuesti\u00f3n en controversia. De entre las facultades conferidas a COSSEC no se encuentra la disposici\u00f3n de asuntos de \u00edndole sucesorio. Contrario a lo argumentado por la Sra. Garc\u00eda, la nulidad o validez de la tarjeta testamentaria en cuesti\u00f3n no es materia a ser dirimida por la agencia recurrida.\nAdem\u00e1s, resulta indubitado que tras un ponderado an\u00e1lisis a la querella interpuesta por la parte recurrente ante COSSEC, el remedio solicitado estaba fuera del \u00e1mbito de facultades de la agencia. En este caso, son los tribunales los llamados a ponderar, auscultar y determinar la validez de la tarjeta testamentaria en cuesti\u00f3n y la subsiguiente adjudicaci\u00f3n de los bienes en litigio.\nPor \u00faltimo, precisa destacar que en Rodr\u00edguez P\u00e9rez v. Sucn. Rodr\u00edguez, 126 D.P.R. 284 (1990), el Tribunal Supremo de Puerto Rico manifest\u00f3, entre otros, que la designaci\u00f3n de beneficiarios en una tarjeta testamentaria constituia una donaci\u00f3n mortis causa y como tal estaba sujeta -aunque liberalmente-, a las reglas de la sucesi\u00f3n testamentaria. V\u00e9ase, Rodr\u00edguez P\u00e9rez v. Sucn. Rodr\u00edguez, supra, a la p\u00e1g. 295. Asimismo, el tribunal determin\u00f3 que para poder disponer sobre la titularidad de los bienes en la instituci\u00f3n o cooperativa, el tribunal est\u00e1 compelido a celebrar una vista en donde se dilucide la naturaleza de los bienes en cuesti\u00f3n, y aquello relacionado al efecto de la donaci\u00f3n sobre la leg\u00edtima de los herederos forzosos. En forma alguna se puede colegir que el aludido caso invalidara las tarjetas testamentarias; m\u00e1s bien se expone el procedimiento a seguir al emitir juicio sobre \u00e9stas.\nPor tanto, no hallamos que la actuaci\u00f3n de la agencia recurrida, COSSEC, fuera irrazonable o caprichosa seg\u00fan lo estatuido por la normativa que rige nuestro ordenamiento jur\u00eddico. Ante una controversia como la del caso de marras, el foro con jurisdicci\u00f3n lo es el judicial. No se cometi\u00f3 el error se\u00f1alado.\nV\nPor los fundamentos anteriormente expresados, se expide el recurso de revisi\u00f3n solicitado, y as\u00ed se confirma la Resoluci\u00f3n Sumaria recurrida.\nAs\u00ed lo acord\u00f3 y lo manda el Tribunal y lo certifica la Secretaria General.\nAida Ileana Oquendo Graulau\nSecretaria General\nESCOLIOS 2004 DTA 18\n1. V\u00e9anse, folios n\u00fam. 103 y 104 en Ap\u00e9ndice de autos.\n2. V\u00e9ase, folio n\u00fam. 100 en Ap\u00e9ndice de autos.\n3. Acompa\u00f1aron la Declaratoria de Herederos y el Relevo de Hacienda; v\u00e9ase folio n\u00fam. 98 en Ap\u00e9ndice de autos.\n4. V\u00e9anse, Querella, folios n\u00fam. 92-94 en Ap\u00e9ndice de autos.\n5. V\u00e9ase, folio n\u00fam. 58 en Ap\u00e9ndice de autos.\n6. V\u00e9ase, cheque n\u00fam. 01-11908, folio n\u00fam. 24 en Ap\u00e9ndice de autos.\n7. V\u00e9ase, anejo 1 en Moci\u00f3n de Desestimaci\u00f3n por Falta de Jurisdicci\u00f3n por COSSEC.\n8. V\u00e9ase, folio n\u00fam. 18 en Ap\u00e9ndice de autos.\n9. V\u00e9ase, folio n\u00fam. 16 en Ap\u00e9ndice de autos.\n10. V\u00e9ase, folio n\u00fam. 11 en Ap\u00e9ndice de autos.\n11. V\u00e9ase, folio n\u00fam. 1 en Ap\u00e9ndice de autos.\n12. El 25 de agosto de 2003, la parte recurrente present\u00f3 su R\u00e9plica a Alegato.\n13. \u201cEl tribunal podr\u00e1 conceder el remedio apropiado si determina que el peticionario tiene derecho a un remedio.\nLas determinaciones de hechos de las decisiones de las agencias ser\u00e1n sostenidas por el tribunal, si se basan en evidencia sustancial que obra en el expediente administrativo.\nLas conclusiones de derecho ser\u00e1n revisables en todos sus aspectos por el tribunal\u201d. Ley de Procedimiento Administrativo Uniforme, supra, sec. 2175.\n14. \u201cNo empece esta deferencia, la interpretaci\u00f3n de la agencia no merece deferencia si la misma afecta derechos fundamentales, resultare irrazonable, o conduce a la comisi\u00f3n de injusticias. Comisionado de Seguros de Puerto Rico v. Antilles Insurance Company, res. el 2 de abril de 1998, 98 J.T.S. 38.\u201d Seg\u00fan citado en Costa Wood, et al. v. Caguas Expressway Motors, Inc., supra, a la p\u00e1g. 489.\n15. Reyes Salcedo v. Polic\u00eda de P.R., 143 D.P.R. 85 (1997); Murphy Bernab\u00e9 v. Tribunal Superior, 103 D.P.R. 692 (1975); Quevedo Segarra v. J.A.C.L., 102 D.P.R. 87 (1974); Rodr\u00edguez v. Comisi\u00f3n Industrial, 99 D.P.R. 368 (1970); Rom\u00e1n v. Superintendente de la Polic\u00eda, 93 D.P.R. 685 (1966).\n16.7 L.P.R.A. sec. 1334b (c) (1).\n17. Por raz\u00f3n de la cuesti\u00f3n planteada ante nos, habremos de limitarnos a atender los asuntos relacionados a la desestimaci\u00f3n de la querella de autos. As\u00ed, pues, no habremos de emitir en esta etapa, manifestaciones en torno a la naturaleza privativa o ganancial de los bienes en cuesti\u00f3n, la validez de la tarjeta cumplimentada o cualesquiera asuntos relacionados con ello.",
        "type": "majority",
        "author": "Pe\u00f1agar\u00edcano Soler, Jueza Ponente"
      }
    ],
    "attorneys": [],
    "corrections": "",
    "head_matter": "2004 DTA 18\nTRIBUNAL DE CIRCUITO DE APELACIONES CIRCUITO REGIONAL I DE SAN JUAN PANEL II\nLUZ MARIA GARCIA CENTENO Querellante-Recurrente v. COOPERATIVA DE AHORRO Y CREDITO DE MAUNABO Querellada-Recurrida v. CORPORACION PARA LA SUPERVISION DE SEGUROS DE COOPERATIVAS DE PUERTO RICO \u201cCOSSEC\u201d Agencia-Recurrida\nN\u00fam. KLRA-2003-00279\nSan Juan, Puerto Rico, a 7 de noviembre de 2003\nPanel compuesto por su Presidenta, la Juez Rodr\u00edguez de Oronoz, y las Juezas Pe\u00f1agar\u00edcano Soler y Bajandas V\u00e9lez"
  },
  "file_name": "0779-01",
  "first_page_order": 202,
  "last_page_order": 210
}
