{
  "id": 7900660,
  "name": "STATE of Maine v. Nelson DONNELL",
  "name_abbreviation": "State v. Donnell",
  "decision_date": "1986-04-08",
  "docket_number": "",
  "first_page": "1056",
  "last_page": "1057",
  "citations": [
    {
      "type": "official",
      "cite": "507 A.2d 1056"
    }
  ],
  "court": {
    "name_abbreviation": "Me.",
    "id": 9543,
    "name": "Maine Supreme Judicial Court"
  },
  "jurisdiction": {
    "id": 42,
    "name_long": "Maine",
    "name": "Me."
  },
  "cites_to": [],
  "analysis": {
    "cardinality": 178,
    "char_count": 2189,
    "ocr_confidence": 0.72,
    "sha256": "9eda3ef19c8abea523d79741e882ea965b47d0d47af75cffc87445126e8015c6",
    "simhash": "1:d6d2bab9a431e7fb",
    "word_count": 363
  },
  "last_updated": "2023-07-14T14:55:09.046902+00:00",
  "provenance": {
    "date_added": "2019-08-29",
    "source": "Harvard",
    "batch": "2018"
  },
  "casebody": {
    "judges": [
      "Before McKUSICK, C.J., and NICHOLS, ROBERTS, WATHEN, GLASSMAN and SCOLNIK, JJ."
    ],
    "parties": [
      "STATE of Maine v. Nelson DONNELL."
    ],
    "opinions": [
      {
        "text": "NICHOLS, Justice.\nThe Defendant, Nelson Donnell, appeals from two judgments entered after a jury trial in Superior Court (Kennebec County).\nOne of the two charges against the Defendant was for operating a motorcycle July 4, 1983, on Whitten Road, Augusta, while under the influence of intoxicating liquor, 29 M.R.S.A. \u00a7 1312-B. We have examined the issues raised by the Defendant in connection therewith, and they are without merit. We affirm the judgment.\nThe second of the two charges against the Defendant has a more unique history. The Defendant was charged, and found by the jury guilty, of then and there eluding a law enforcement officer in a high-speed chase after being signalled to stop, 29 M.R.S.A. \u00a7 2501-A(3), which is a Class D offense. After the verdict, and upon the Defendant\u2019s motion for acquittal, on September 14, 1984, the Superior Court vacated this conviction and imposed a sentence on the Defendant for failure to stop upon the signal of a uniformed law enforcement officer, 29 M.R.S.A. \u00a7 2501-A(2). The latter is a Class E offense, and it is distinguishable from the former by the requirement that the officer be uniformed. It is not a lesser included offense. 17-A M.R.S.A. \u00a7 13-A(2).\nThe Superior Court\u2019s order acquitted the Defendant of the crime of which the jury had found him guilty. Moreover, it was obvious error to sentence the Defendant for a crime with which he had not been charged and for which he had not stood trial.\nThe entry, therefore, must be:\nJudgment of conviction of operating a motor vehicle while under the influence of intoxicating liquor affirmed.\nJudgment of conviction of failing to stop upon the signal of a uniformed law enforcement officer vacated.\nRemanded for entry of judgment of acquittal of eluding a law enforcement officer in a high speed chase after being sig-nalled to stop.\nAll concurring.",
        "type": "majority",
        "author": "NICHOLS, Justice."
      }
    ],
    "attorneys": [
      "David W. Crook, Dist. Atty., Pamela Ames, Asst. Dist. Atty. (orally), Augusta, for plaintiff.",
      "Nelson G. Donnell, Litchfield, pro se (orally)."
    ],
    "corrections": "",
    "head_matter": "STATE of Maine v. Nelson DONNELL.\nSupreme Judicial Court of Maine.\nArgued Nov. 18, 1985.\nDecided April 8, 1986.\nDavid W. Crook, Dist. Atty., Pamela Ames, Asst. Dist. Atty. (orally), Augusta, for plaintiff.\nNelson G. Donnell, Litchfield, pro se (orally).\nBefore McKUSICK, C.J., and NICHOLS, ROBERTS, WATHEN, GLASSMAN and SCOLNIK, JJ."
  },
  "file_name": "1056-01",
  "first_page_order": 1104,
  "last_page_order": 1105
}
