{
  "id": 7292929,
  "name": "STATE v. Jerry COLEMAN",
  "name_abbreviation": "State v. Coleman",
  "decision_date": "2009-12-14",
  "docket_number": "No. 2007-223-C.A.",
  "first_page": "650",
  "last_page": "657",
  "citations": [
    {
      "type": "official",
      "cite": "984 A.2d 650"
    }
  ],
  "court": {
    "name_abbreviation": "R.I.",
    "id": 10179,
    "name": "Supreme Court of Rhode Island"
  },
  "jurisdiction": {
    "id": 15,
    "name_long": "Rhode Island",
    "name": "R.I."
  },
  "cites_to": [
    {
      "cite": "615 A.2d 1010",
      "category": "reporters:state_regional",
      "reporter": "A.2d",
      "case_ids": [
        7934672
      ],
      "pin_cites": [
        {
          "page": "1014"
        }
      ],
      "opinion_index": 0,
      "case_paths": [
        "/a2d/615/1010-01"
      ]
    },
    {
      "cite": "871 A.2d 347",
      "category": "reporters:state_regional",
      "reporter": "A.2d",
      "case_ids": [
        8977242
      ],
      "pin_cites": [
        {
          "page": "358"
        }
      ],
      "opinion_index": 0,
      "case_paths": [
        "/a2d/871/0347-01"
      ]
    },
    {
      "cite": "863 A.2d 1284",
      "category": "reporters:state_regional",
      "reporter": "A.2d",
      "case_ids": [
        9174604
      ],
      "pin_cites": [
        {
          "page": "1288"
        }
      ],
      "opinion_index": 0,
      "case_paths": [
        "/a2d/863/1284-01"
      ]
    },
    {
      "cite": "883 A.2d 1146",
      "category": "reporters:state_regional",
      "reporter": "A.2d",
      "case_ids": [
        8917433
      ],
      "opinion_index": 0,
      "case_paths": [
        "/a2d/883/1146-01"
      ]
    },
    {
      "cite": "924 A.2d 784",
      "category": "reporters:state_regional",
      "reporter": "A.2d",
      "case_ids": [
        8306924
      ],
      "pin_cites": [
        {
          "page": "794"
        }
      ],
      "opinion_index": 0,
      "case_paths": [
        "/a2d/924/0784-01"
      ]
    },
    {
      "cite": "666 A.2d 405",
      "category": "reporters:state_regional",
      "reporter": "A.2d",
      "case_ids": [
        12047022
      ],
      "weight": 3,
      "pin_cites": [
        {
          "page": "406"
        }
      ],
      "opinion_index": 0,
      "case_paths": [
        "/a2d/666/0405-01"
      ]
    },
    {
      "cite": "539 A.2d 528",
      "category": "reporters:state_regional",
      "reporter": "A.2d",
      "case_ids": [
        7876488
      ],
      "weight": 2,
      "pin_cites": [
        {
          "page": "530"
        }
      ],
      "opinion_index": 0,
      "case_paths": [
        "/a2d/539/0528-01"
      ]
    },
    {
      "cite": "766 A.2d 391",
      "category": "reporters:state_regional",
      "reporter": "A.2d",
      "case_ids": [
        11137413
      ],
      "pin_cites": [
        {
          "page": "394"
        }
      ],
      "opinion_index": 0,
      "case_paths": [
        "/a2d/766/0391-01"
      ]
    },
    {
      "cite": "623 A.2d 973",
      "category": "reporters:state_regional",
      "reporter": "A.2d",
      "case_ids": [
        7366294
      ],
      "pin_cites": [
        {
          "page": "974"
        }
      ],
      "opinion_index": 0,
      "case_paths": [
        "/a2d/623/0973-01"
      ]
    },
    {
      "cite": "637 A.2d 366",
      "category": "reporters:state_regional",
      "reporter": "A.2d",
      "case_ids": [
        7355324
      ],
      "pin_cites": [
        {
          "page": "366-67"
        }
      ],
      "opinion_index": 0,
      "case_paths": [
        "/a2d/637/0366-01"
      ]
    },
    {
      "cite": "736 A.2d 93",
      "category": "reporters:state_regional",
      "reporter": "A.2d",
      "case_ids": [
        11572688
      ],
      "pin_cites": [
        {
          "page": "94"
        }
      ],
      "opinion_index": 0,
      "case_paths": [
        "/a2d/736/0093-01"
      ]
    },
    {
      "cite": "699 A.2d 14",
      "category": "reporters:state_regional",
      "reporter": "A.2d",
      "case_ids": [
        11903590
      ],
      "weight": 3,
      "pin_cites": [
        {
          "page": "16"
        },
        {
          "page": "18"
        }
      ],
      "opinion_index": 0,
      "case_paths": [
        "/a2d/699/0014-01"
      ]
    },
    {
      "cite": "755 A.2d 841",
      "category": "reporters:state_regional",
      "reporter": "A.2d",
      "case_ids": [
        11213384
      ],
      "pin_cites": [
        {
          "page": "841"
        }
      ],
      "opinion_index": 0,
      "case_paths": [
        "/a2d/755/0841-01"
      ]
    },
    {
      "cite": "746 A.2d 135",
      "category": "reporters:state_regional",
      "reporter": "A.2d",
      "case_ids": [
        11467565
      ],
      "pin_cites": [
        {
          "page": "137"
        }
      ],
      "opinion_index": 0,
      "case_paths": [
        "/a2d/746/0135-01"
      ]
    },
    {
      "cite": "771 A.2d 906",
      "category": "reporters:state_regional",
      "reporter": "A.2d",
      "case_ids": [
        11103317
      ],
      "pin_cites": [
        {
          "page": "908"
        }
      ],
      "opinion_index": 0,
      "case_paths": [
        "/a2d/771/0906-01"
      ]
    },
    {
      "cite": "809 A.2d 476",
      "category": "reporters:state_regional",
      "reporter": "A.2d",
      "case_ids": [
        11425521
      ],
      "pin_cites": [
        {
          "page": "480"
        }
      ],
      "opinion_index": 0,
      "case_paths": [
        "/a2d/809/0476-01"
      ]
    },
    {
      "cite": "818 A.2d 642",
      "category": "reporters:state_regional",
      "reporter": "A.2d",
      "case_ids": [
        9353963
      ],
      "weight": 2,
      "pin_cites": [
        {
          "page": "644"
        },
        {
          "page": "645",
          "parenthetical": "distinguishing Ballard on its facts in upholding the defendant's consecutive sentences"
        }
      ],
      "opinion_index": 0,
      "case_paths": [
        "/a2d/818/0642-01"
      ]
    },
    {
      "cite": "900 A.2d 1212",
      "category": "reporters:state_regional",
      "reporter": "A.2d",
      "case_ids": [
        8418854
      ],
      "weight": 2,
      "pin_cites": [
        {
          "page": "1221"
        },
        {
          "page": "1217"
        }
      ],
      "opinion_index": 0,
      "case_paths": [
        "/a2d/900/1212-01"
      ]
    },
    {
      "cite": "909 A.2d 929",
      "category": "reporters:state_regional",
      "reporter": "A.2d",
      "case_ids": [
        8459630
      ],
      "weight": 5,
      "pin_cites": [
        {
          "page": "934"
        },
        {
          "page": "932"
        }
      ],
      "opinion_index": 0,
      "case_paths": [
        "/a2d/909/0929-01"
      ]
    }
  ],
  "analysis": {
    "cardinality": 806,
    "char_count": 17636,
    "ocr_confidence": 0.7,
    "pagerank": {
      "raw": 2.1634161655223536e-07,
      "percentile": 0.7701858293668858
    },
    "sha256": "832931eb491036f1f233ecdeca3b373ce51da2917ceab440af620f7ea0721582",
    "simhash": "1:8983461eeabc9100",
    "word_count": 2834
  },
  "last_updated": "2024-02-27T22:30:03.425189+00:00",
  "provenance": {
    "date_added": "2019-08-29",
    "source": "Harvard",
    "batch": "2018"
  },
  "casebody": {
    "judges": [
      "Present: SUTTELL, C.J., GOLDBERG, FLAHERTY, ROBINSON, JJ., and WILLIAMS, C.J. (ret.)."
    ],
    "parties": [
      "STATE v. Jerry COLEMAN."
    ],
    "opinions": [
      {
        "text": "OPINION\nChief Justice WILLIAMS (ret.),\nfor the Court.\nThe defendant, Jerry Coleman, appeals from a Superior Court order denying his motion to reduce sentence pursuant to Rule 35 of the Superior Court Rules of Criminal Procedure. This case came before the Supreme Court for oral argument on September 30, 2009, pursuant to an order directing the parties to show cause why the issues raised in this appeal should not be summarily decided. After examining the written and oral submissions of the parties, we conclude that this appeal may be resolved without further briefing or argument. For the reasons set forth below, we affirm the order of the Superior Court.\nI\nFacts and Travel\nThe facts of this case are more elaborately presented in State v. Coleman, 909 A.2d 929 (R.I.2006). We discuss only those facts relevant to Mr. Coleman\u2019s present appeal. At approximately 9:30 p.m. on July 3, 2001, Mr. Coleman and his confederate, Jeffrey Alston a/k/a Kam Ausar, broke into the Warwick home of Dennis and Suzanne Laven. While the two were still inside, Mr. and Mrs. Laven returned home and noticed a suspicious car outside their house. Noticing that their front door was ajar and a light was on inside the house, Mr. Laven approached the house, yelling some approximation of \u201c[g]et out of the house, we\u2019re home.\u201d Just then, he observed two men run out of his house and into the nearby woods. Mr. Laven briefly gave chase, but then returned to the suspicious vehicle parked out front and removed the keys from the ignition. Meanwhile, Mrs. Laven phoned 911 from a portable telephone that she had retrieved from inside the house. She then joined her husband to wait in the driveway for the two men to return from the woods, which they did a short time later.\nAs Mr. Coleman and Mr. Alston emerged from the woods, Mr. Laven yelled to them that he had their keys and that the police were on their way. After confirming that the keys were not in the ignition, the larger of the two men charged Mr. Laven, stating that he had a knife and was going to stab him. As the larger man charged, Mr. Laven threw the keys into the woods and steeled himself for the altercation. As the fight between Mr. La-ven and the larger man ensued, the smaller of the two men joined the fight and struck Mr. Laven in the head from behind and kicked him repeatedly. Mr. Laven and the two men continued to fight until the smaller man returned to the car to try to start it. A short time later, the larger man abruptly ceased fighting and joined the smaller man at the car. Just as suddenly, the larger man returned to Mr. Laven, this time declaring that he had a gun and was going to shoot him. Another fight between the two men ensued until the larger man turned his attention to Mrs. Laven and told her he was going to shoot her. In response, Mrs. Laven surrendered her own car keys and the larger man returned to his car believing the keys to be his. The smaller man then unsuccessfully attempted to start his car. Suddenly, the headlights from a neighbor\u2019s car illuminated the street and both men fled back into the woods. The police arrived on the scene shortly thereafter.\nAfter an investigation into the incident, the state charged Mr. Coleman and Mr. Alston each with: (1) conspiracy to break and enter a dwelling in violation of G.L. 1956 \u00a7 11-1-6; (2) breaking and entering a dwelling in violation of G.L. 1956 \u00a7 11\u20148\u20142; (3) assault with a dangerous weapon in violation of G.L. 1956 \u00a7 11-5-2; (4) assault and battery resulting in serious bodily injury in violation of \u00a7 11-5-2; and (5) driving a motor vehicle without the consent of the owner in violation of G.L. 1956 \u00a7 31-9-1 and G.L. 1956 \u00a7 31-27-9. Mr. Alston and Mr. Coleman were tried separately.\nA\nThe Alston Trial\nMr. Alston was tried and convicted of felony conspiracy, breaking and entering a dwelling, and felony assault. He was then sentenced to a total of seventeen years imprisonment, including consecutive terms of: (1) ten years on the conspiracy charge (five years to be served at the Adult Correctional Institutions (ACI) and five years suspended, with probation); (2) fifteen years on the breaking and entering charge (five years to be served at the ACI and ten years suspended, with probation); and (3) ten years on the assault charge (seven years to be served and three years suspended, with probation). In addition to his seventeen-year sentence, Mr. Alston had a previously suspended sentence revoked, resulting in an additional seven-year sentence. Subsequently, Mr. Alston appealed his conviction, which was vacated by this Court on the grounds that the trial justice erred by admitting Mr. Coleman\u2019s confession into evidence at trial. State v. Alston, 900 A.2d 1212, 1221 (R.I.2006).\nMr. Alston was retried in April 2008, and, for a second time, was convicted of felony conspiracy, breaking and entering, and felony assault. This time, Mr. Alston was sentenced to a total of forty years imprisonment, consisting of: (1) ten years for conspiracy to commit breaking and entering; (2) ten years for breaking and entering; and (3) twenty years for felony assault. He was sentenced to serve all terms consecutively.\nB\nThe Coleman Trial\nIn July 2003, a jury convicted Mr. Coleman of conspiracy to commit breaking and entering, breaking and entering, simple assault, and driving a motor vehicle without the consent of the owner. Mr. Coleman was sentenced to serve a total of twenty years imprisonment, including: (1) ten years on the conspiracy charge (five years to be served at the ACI and five years suspended, with probation); (2) fifteen years on the breaking and entering charge (twelve-and-a-half to be served and two- and-a-half suspended, with probation); (3) one year on the simple assault charge; and (4) five years on the charge of driving a motor vehicle without consent of the owner (eighteen months to serve, and three-and-a-half years suspended, with probation). Like Mr. Alston, Mr. Coleman also was sentenced to serve consecutive sentences.\nMr. Coleman appealed his convictions on several grounds, none of which were successful. See Coleman, 909 A.2d at 934. On December 4, 2006, Mr. Coleman moved to reduce his sentence pursuant to Rule 35, arguing that: (1) his sentence was disproportionate to that of his confederate, Mr. Alston; (2) his sentence for breaking and entering exceeded the recommended sentence as set forth in the Superior Court Sentencing Benchmarks; and (3) that his sentences should run concurrently rather than consecutively.\nII\nStandard of Review\n\u201c[A] motion to reduce sentence under Rule 35 \u2018is essentially a plea for leniency.\u2019 \u201d State v. Ferrara, 818 A.2d 642, 644 (R.I.2003) (quoting State v. Kilburn, 809 A.2d 476, 480 (R.I.2002)). \u201cThis Court has maintained a \u2018strong policy against interfering with a trial justice\u2019s discretion in sentencing matters,\u2019 and, therefore, we only will interfere with that discretion \u2018in rare instances when the trial justice has imposed a sentence that is without justification and is grossly disparate from other sentences generally imposed for similar offenses.\u2019 \u201d State v. Rossi, 771 A.2d 906, 908 (R.I.2001) (mem.) (quoting State v. Mollicone, 746 A.2d 135, 137 (R.I.2000)). \u201cA manifestly excessive sentence is defined as one which is \u2018disparate from sentence[s] generally imposed for similar offenses when the heavy sentence imposed is without justification.\u2019 \u201d State v. Ortega, 755 A.2d 841, 841 (R.I.2000) (mem.) (quoting State v. Ballard, 699 A.2d 14, 16 (R.I.1997)). \u201cIt is the defendant\u2019s burden to show that the sentence imposed violates this standard.\u201d Id. (quoting State v. Cote, 736 A.2d 93, 94 (R.I.1999)).\nIll\nAnalysis\nA\nThe Breaking and Entering Sentence\nMr. Coleman first argues that his twelve-and-a-half-year sentence for breaking and entering was grossly disproportionate to the five-year breaking and entering sentence that Mr. Alston received after his first trial. Initially, both Mr. Coleman and Mr. Alston received fifteen-year sentences for their breaking and entering convictions. Mr. Coleman, however, was ordered to serve twelve-and-a-half years, with two-and-a-half years suspended, while Mr. Alston was ordered to serve five years, with ten years suspended. Mr. Coleman\u2019s argument relies on the initial seven-and-a-half-year disparity between Mr. Coleman\u2019s time to serve and Mr. Alston\u2019s time to serve after his first trial. That comparison, however, is no longer meaningful because Mr. Alston\u2019s first conviction was vacated, and his first sentence has become a nullity. After Mr. Alston\u2019s first conviction was vacated, and after he was convicted a second time, he received a total of forty years imprisonment. Of that forty-year sentence, Mr. Alston was sentenced to serve ten years imprisonment on the breaking and entering charge. Thus, the difference between Mr. Coleman and Mr. Alston\u2019s breaking and entering sentences is a mere two-and-a-half years.\nThis Court has held that confederates need not receive equal sentences for the same crime. See State v. Flores, 637 A.2d 366, 366-67 (R.I.1994) (disparity between confederates\u2019 sentences permissible where sentence mirrored culpability); State v. Holley, 623 A.2d 973, 974 (R.I.1993) (five year difference between sentences of two confederates not grossly disproportionate). Here, the two-and-a-half-year disparity between the sentences that Mr. Coleman and Mr. Alston received for breaking and entering is not grossly disproportionate. Further, although Mr. Coleman received two-and-a-half years more on the breaking and entering charge than Mr. Alston, Mr. Alston received a total of forty years imprisonment, compared with Mr. Coleman\u2019s twenty years imprisonment. Mr. Coleman\u2019s argument that his sentence was grossly disproportionate to Mr. Alston\u2019s is therefore meritless.\nNext, Mr. Coleman argues that his fifteen-year breaking and entering sentence was excessive because it exceeds the sentence as set forth in the Superior Court Sentencing Benchmarks. The crime of unlawful breaking and entering of a dwelling house is punishable under \u00a7 ll-8-2(a) by imprisonment for \u201cnot less than two (2) years and not more than ten (10) years for the first conviction, and for the second and subsequent conviction shall be imprisoned for not less than four (4) years and not more than fifteen (15) years * * In addition to the sentence imposed by statute, the Superior Court Sentencing Benchmarks recommend a one-to-four-year sentence for breaking and entering into an unoccupied dwelling. Superior Court Sentencing Benchmark 3.\nAlthough, when sentencing a defendant, \u201ca trial justice may use benchmarks as a guide to the proportionality of a term, [s]he is bound only by the statutory limits.\u201d State v. Bettencourt, 766 A.2d 391, 394 (R.I.2001) (quoting State v. Gordon, 539 A.2d 528, 530 (R.I.1988)). \u201cIn formulating a fair sentence, a trial justice \u2018considers various factors including the severity of the crime, the defendant\u2019s personal, educational, and employment background, the potential for rehabilitation, social deterrence, and the appropriateness of the punishment.\u2019 \u201d Id. (quoting State v. Brigham, 666 A.2d 405, 406 (R.I.1995)). The sentencing benchmarks allow departure \u201cwhen substantial and compelling circumstances exist.\u201d Superior Court Sentencing Benchmarks, Using the Benchmarks 1. If a trial justice sentences a defendant outside the recommended range, the benchmarks instruct the trial justice to \u201cgive specific reasons for the departure on the record.\u201d Id. Examples of compelling circumstances provided in the sentencing benchmarks include a defendant\u2019s prior criminal record, lack of remorse, whether the defendant testified, and if he or she testified and gave patently false testimony, and \u201cother substantial grounds which tend to mitigate or aggravate the offender\u2019s culpability.\u201d Id. at l.(q). Further, the sentencing benchmarks explicitly allow for a sentencing departure based on a defendant\u2019s criminal history. Superior Court Sentencing Benchmarks, Departure from Benchmarks.\nHere, because this was Mr. Coleman\u2019s second breaking and entering conviction, the maximum sentence he could receive under \u00a7 11-8-2 was fifteen years, a term which the trial justice imposed. Acknowledging her departure from the benchmarks in sentencing Mr. Coleman to fifteen years with twelve and a half to serve, the trial justice listed myriad reasons for doing so: (1) that the breaking and entering by Mr. Coleman was not comparable to the breaking and entering into an unoccupied dwelling because there was no indication that the house was going to remain vacant, as was demonstrated by the Lavens\u2019 return home in the midst of the break-in; (2) that the breaking and entering turned into a crime of violence; (3) that Mr. Coleman was a career criminal and was a poor candidate for rehabilitation; (4) that he refused to take personal responsibility for his crimes; (5) that he lacked any remorse; and (6) that he lied on the stand at his trial. She further stated that she found it in the best interests of the community for Mr. Coleman to be removed from society for twenty years. These specific findings, in addition to the fact that this was Mr. Coleman\u2019s second breaking and entering conviction more than fully justify the trial justice\u2019s departure from the benchmarks. Thus, we see no reason to disturb the sentence imposed.\nB\nConsecutive Sentences\nFinally, Mr. Coleman argues that his sentences should have run concurrently, not consecutively. Relying on this Court\u2019s holding in Ballard, 699 A.2d at 18, that \u201cwhere * * * a criminal defendant commits multiple criminal endeavors concurrently, thereby giving rise to multiple convictions, that defendant ought to be committed to serve sentences for those convictions concurrently, absent the presence of extraordinary aggravating circumstances * * In recent years, however, we have declined to treat our holding in Ballard as a bright-line rule with respect to consecutive sentences. See State v. Monteiro, 924 A.2d 784, 794 (R.I.2007) (questioning whether Ballard still held precedential value); State v. Vieira, 883 A.2d 1146, 1150 n. 3 (R.I.2005) (reiterating that our holding in Ballard should be read narrowly as applying to the facts in that case); State v. Morris, 863 A.2d 1284, 1288 (R.I.2004) (\u201cBallard did not establish a bright-line rule on consecutive sentences.\u201d); see also Ferrara, 818 A.2d at 645 (distinguishing Ballard on its facts in upholding the defendant\u2019s consecutive sentences). While we are aware that \u201cstare decisis serves a profoundly important purpose in our legal system,\u201d we also firmly believe that \u201coverruling precedent is justified if the motivating purpose is to eliminate inconsistency and anomalous results.\u201d State v. Gautier, 871 A.2d 347, 358 (R.I.2005) (quoting State v. Werner, 615 A.2d 1010, 1014 (R.I.1992)). Recognizing that this Court\u2019s holding in Ballard was an aberration, we now hold that Ballard is of little or no precedential value.\nAt both Mr. Coleman\u2019s sentencing and his motion to reduce hearing, the trial justice, in ordering Mr. Coleman to serve consecutive sentences, emphasized that Mr. Coleman\u2019s crime was not just a run-of-the-mill breaking and entering. What the trial justice found most disturbing was that, rather than fleeing once the Lavens returned home, Mr. Coleman chose to stay and fight Mr. Laven for the keys to his getaway car. The trial justice also determined that the crime was \u201cone of violence, * * * a premeditated crime, a cold-heart-ed crime, a crime for profit, with no regard, whatsoever, to the rights of Mr. and Mrs. Laven, and without regard to the law.\u201d The trial justice further highlighted that this incident had changed the lives of both Mr. and Mrs. Laven by \u201cinterfere[ing] with their sense of comfort and security at home.\u201d\nAfter noting that Mr. Coleman lied on the stand during his trial, that he lacked any remorse for his actions, and that he refused to take personal responsibility, the trial justice found that Mr. Coleman was a poor candidate for rehabilitation. Finally, the trial justice deemed Mr. Coleman to be a danger to society, given his long history of unlawful behavior and his inability to \u201cfunction in society as a law-abiding and productive member of the community.\u201d Given these factors, and the trial justice\u2019s exhaustive explanation of her reasoning in sentencing Mr. Coleman, we hold it was not an abuse of her discretion to order Mr. Coleman to serve consecutive sentences.\nIV\nConclusion\nFor the reasons stated herein, we affirm the Superior Court\u2019s denial of Mr. Coleman\u2019s motion to reduce his sentence.\n. Jeffrey Alston is also known as Kam Ausar. On November 2, 2005, this Court issued an order granting Mr. Alston\u2019s motion to amend the record to reflect this name change. For the sake of simplicity, however, we will refer to Kam Ausar as Jeffrey Alston. See State v. Coleman, 909 A.2d 929, 931 n. 1 (R.I.2006).\n. The Lavens were unable to identify Mr. Alston and Mr. Coleman, however, the jury in Mr. Alston's trial convicted him of felony assault, while, the jury in Mr. Coleman\u2019s trial found him guilty of the lesser-included offense of simple assault. See State v. Alston, 900 A.2d 1212, 1217 (R.I.2006); see also Coleman, 909 A.2d at 932.\n. Prior to trial, Mr. Alston successfully moved to sever his case. Coleman, 909 A.2d at 934 n. 4.",
        "type": "majority",
        "author": "Chief Justice WILLIAMS (ret.),"
      }
    ],
    "attorneys": [
      "Christopher R. Bush, Department of Attorney General, for Plaintiff.",
      "Marie T. Roebuck, Office of the Public Defender, for Defendant."
    ],
    "corrections": "",
    "head_matter": "STATE v. Jerry COLEMAN.\nNo. 2007-223-C.A.\nSupreme Court of Rhode Island.\nDec. 14, 2009.\nChristopher R. Bush, Department of Attorney General, for Plaintiff.\nMarie T. Roebuck, Office of the Public Defender, for Defendant.\nPresent: SUTTELL, C.J., GOLDBERG, FLAHERTY, ROBINSON, JJ., and WILLIAMS, C.J. (ret.)."
  },
  "file_name": "0650-01",
  "first_page_order": 690,
  "last_page_order": 697
}
