{
  "id": 7378080,
  "name": "Luther C. GREEN and Cecelia D. Green, v. Carroll Bradford SNEERINGER, Appellant",
  "name_abbreviation": "Green v. Sneeringer",
  "decision_date": "1993-12-23",
  "docket_number": "",
  "first_page": "1074",
  "last_page": "1077",
  "citations": [
    {
      "type": "official",
      "cite": "635 A.2d 1074"
    }
  ],
  "court": {
    "name_abbreviation": "Pa. Super. Ct.",
    "id": 8775,
    "name": "Superior Court of Pennsylvania"
  },
  "jurisdiction": {
    "id": 6,
    "name_long": "Pennsylvania",
    "name": "Pa."
  },
  "cites_to": [
    {
      "cite": "351 Pa.Super. 393",
      "category": "reporters:state",
      "reporter": "Pa. Super.",
      "case_ids": [
        649781
      ],
      "weight": 2,
      "year": 1986,
      "pin_cites": [
        {
          "parenthetical": "trial court's order forbidding a father to see his child for a year was held to be unreasonable where the record failed to show that the father's \"impulsive and somewhat irrational behavior\" had any harmful effect upon the child"
        },
        {
          "parenthetical": "trial court's order forbidding a father to see his child for a year was held to be unreasonable where the record failed to show that the father's \"impulsive and somewhat irrational behavior\" had any harmful effect upon the child"
        }
      ],
      "opinion_index": 0,
      "case_paths": [
        "/pa-super/351/0393-01"
      ]
    },
    {
      "cite": "890 A.2d 1331",
      "category": "reporters:state_regional",
      "reporter": "A.2d",
      "year": 1978,
      "pin_cites": [
        {
          "parenthetical": "visitation may be limited or denied in a custody case only where a parent has been shown to suffer from severe mental or moral deficiencies that constitute a grave threat to the child"
        }
      ],
      "opinion_index": 0
    },
    {
      "cite": "257 Pa.Super. 468",
      "category": "reporters:state",
      "reporter": "Pa. Super.",
      "case_ids": [
        102970
      ],
      "year": 1978,
      "pin_cites": [
        {
          "parenthetical": "visitation may be limited or denied in a custody case only where a parent has been shown to suffer from severe mental or moral deficiencies that constitute a grave threat to the child"
        }
      ],
      "opinion_index": 0,
      "case_paths": [
        "/pa-super/257/0468-01"
      ]
    },
    {
      "cite": "344 A.2d 553",
      "category": "reporters:state_regional",
      "reporter": "A.2d",
      "year": 1975,
      "opinion_index": 0
    },
    {
      "cite": "236 Pa.Super. 42",
      "category": "reporters:state",
      "reporter": "Pa. Super.",
      "case_ids": [
        6770203
      ],
      "year": 1975,
      "opinion_index": 0,
      "case_paths": [
        "/pa-super/236/0042-01"
      ]
    },
    {
      "cite": "316 Pa.Super. 505",
      "category": "reporters:state",
      "reporter": "Pa. Super.",
      "case_ids": [
        88423
      ],
      "weight": 2,
      "year": 1983,
      "opinion_index": 0,
      "case_paths": [
        "/pa-super/316/0505-01"
      ]
    },
    {
      "cite": "252 Pa.Super. 487",
      "category": "reporters:state",
      "reporter": "Pa. Super.",
      "case_ids": [
        93179
      ],
      "weight": 2,
      "year": 1977,
      "opinion_index": 0,
      "case_paths": [
        "/pa-super/252/0487-01"
      ]
    },
    {
      "cite": "130 A.2d 245",
      "category": "reporters:state_regional",
      "reporter": "A.2d",
      "year": 1957,
      "opinion_index": 0
    },
    {
      "cite": "183 Pa.Super. 190",
      "category": "reporters:state",
      "reporter": "Pa. Super.",
      "case_ids": [
        735250
      ],
      "year": 1957,
      "opinion_index": 0,
      "case_paths": [
        "/pa-super/183/0190-01"
      ]
    },
    {
      "cite": "346 A.2d 363",
      "category": "reporters:state_regional",
      "reporter": "A.2d",
      "year": 1975,
      "opinion_index": 0
    },
    {
      "cite": "237 Pa.Super. 48",
      "category": "reporters:state",
      "reporter": "Pa. Super.",
      "case_ids": [
        6770117
      ],
      "year": 1975,
      "opinion_index": 0,
      "case_paths": [
        "/pa-super/237/0048-01"
      ]
    },
    {
      "cite": "115 A.2d 885",
      "category": "reporters:state_regional",
      "reporter": "A.2d",
      "year": 1955,
      "pin_cites": [
        {
          "parenthetical": "citations omitted"
        }
      ],
      "opinion_index": 0
    },
    {
      "cite": "179 Pa.Super. 83",
      "category": "reporters:state",
      "reporter": "Pa. Super.",
      "case_ids": [
        727538
      ],
      "year": 1955,
      "pin_cites": [
        {
          "parenthetical": "citations omitted"
        }
      ],
      "opinion_index": 0,
      "case_paths": [
        "/pa-super/179/0083-01"
      ]
    },
    {
      "cite": "314 Pa.Super. 391",
      "category": "reporters:state",
      "reporter": "Pa. Super.",
      "case_ids": [
        84123
      ],
      "weight": 8,
      "year": 1983,
      "pin_cites": [
        {
          "page": "394",
          "parenthetical": "quoting Commonwealth ex rel. Turner v. Strange, 179 Pa.Super. 83, 115 A.2d 885 (1955) (citations omitted)"
        },
        {
          "page": "1198",
          "parenthetical": "quoting Commonwealth ex rel. Turner v. Strange, 179 Pa.Super. 83, 115 A.2d 885 (1955) (citations omitted)"
        },
        {
          "page": "394"
        },
        {
          "page": "1198"
        },
        {
          "page": "395"
        },
        {
          "page": "395"
        },
        {
          "page": "1198"
        }
      ],
      "opinion_index": 0,
      "case_paths": [
        "/pa-super/314/0391-01"
      ]
    },
    {
      "cite": "146 A.2d 362",
      "category": "reporters:state_regional",
      "reporter": "A.2d",
      "year": 1958,
      "pin_cites": [
        {
          "page": "364",
          "parenthetical": "it is against public policy to destroy the relationship of parent to child"
        }
      ],
      "opinion_index": 0
    },
    {
      "cite": "188 Pa.Super. 241",
      "category": "reporters:state",
      "reporter": "Pa. Super.",
      "case_ids": [
        743621
      ],
      "year": 1958,
      "pin_cites": [
        {
          "page": "246",
          "parenthetical": "it is against public policy to destroy the relationship of parent to child"
        }
      ],
      "opinion_index": 0,
      "case_paths": [
        "/pa-super/188/0241-01"
      ]
    },
    {
      "cite": "424 Pa.Super. 378",
      "category": "reporters:state",
      "reporter": "Pa. Super.",
      "case_ids": [
        926698
      ],
      "weight": 2,
      "year": 1993,
      "opinion_index": 0,
      "case_paths": [
        "/pa-super/424/0378-01"
      ]
    }
  ],
  "analysis": {
    "cardinality": 563,
    "char_count": 10952,
    "ocr_confidence": 0.725,
    "pagerank": {
      "raw": 4.03580807328026e-08,
      "percentile": 0.1895753381760867
    },
    "sha256": "6d2d053f4cdaa04a8633079829a2c09234676a476378bf0426a96e2eb91b8cf5",
    "simhash": "1:cffee6e34eafd6c4",
    "word_count": 1789
  },
  "last_updated": "2024-02-27T18:47:10.698751+00:00",
  "provenance": {
    "date_added": "2019-08-29",
    "source": "Harvard",
    "batch": "2018"
  },
  "casebody": {
    "judges": [
      "Before CIRILLO, HUDOCK and CERCONE, JJ."
    ],
    "parties": [
      "Luther C. GREEN and Cecelia D. Green, v. Carroll Bradford SNEERINGER, Appellant."
    ],
    "opinions": [
      {
        "text": "CIRILLO, Judge:\nThis is an appeal from an order of the Court of Common Pleas of Adams County denying appellant Carroll Bradford Sneer-inger (Father) visitation with his son. We affirm.\nFather was convicted of first-degree murder. The victim, Father\u2019s girlfriend, was the mother of their two year old child. Following his conviction, Father was sentenced to life imprisonment.\nThe child is currently in the custody of Luther and Cecilia Green, the child\u2019s maternal aunt and uncle. Father, under the circumstances, did not oppose custody. He did, however, seek visitation rights. The maternal aunt and uncle opposed Father\u2019s petition for visitation. Following a hearing, the trial court denied Father\u2019s request.\nIn its ruling, the court acknowledged that it had accepted Father\u2019s offer of proof with respect to the testimony of Bernard Yannet-ti, Warden of Adams County Prison. The court accepted the following: (1) that Father was entitled to one visit per week; and (2) that if the Warden agreed, these visits could be contact visits. The court determined, however, that it was not in the child\u2019s best interests to allow visitation.\nIn his appeal, Father presents three issues:\nWhether the hearing afforded Father sufficient due process when deciding his visitation rights?\nWhether a court can deny a parent visitation solely because of a homicide conviction?\nWhether the heating judge applied the correct legal standard to decide a parent\u2019s visitation rights?\n\u201cThe law protects the natural parent\u2019s relationship with his or her child and will not interfere unnecessarily with that relationship[.]\u201d Jackson v. Garland, 424 Pa.Super. 378, 622 A.2d 969 (1993). The General Assembly has declared:\n[I]t is the public policy of this Commonwealth, when in the best interest of the child, to assure reasonable and continuing contact of the child with both parents after a separation or dissolution of the marriage ....\n23 Pa.C.S. \u00a7 5301. See Commonwealth ex rel. Lotz v. Lotz, 188 Pa.Super. 241, 246, 146 A.2d 362, 364 (1958) (it is against public policy to destroy the relationship of parent to child).\nIn his Pa.R.A.P. 1925(a) opinion the Honorable Oscar F. Spicer concluded that he did not find \u201cmandatory trips to the prison to be in the child\u2019s best interest.\u201d Father argues that the trial court did not utilize the correct standard. Father contends that the correct standard is whether the parent poses a grave threat to the child, not whether visitation is in the best interest of the child.\nThis court has previously stated:\nThe best interest standard has long been the the guiding principle in determining custody cases. [] In dealing with visitation rights, however, the stricter \u201cgrave threat\u201d standard has long prevailed.\nOnly when the evidence clearly shows that a [parent] is unfit to associate with [his or her] children should [he or she] be denied the right to see them.\nIn re Damon B., 314 Pa.Super. 391, 394, 460 A.2d 1196, 1198 (1983) (quoting Commonwealth ex rel. Turner v. Strange, 179 Pa.Super. 83, 115 A.2d 885 (1955) (citations omitted)).\nHere, it is not entirely clear what standard the trial court utilized; it is clear, however, that the court was presented with the \u201cgrave threat\u201d standard and with case law and arguments to that effect. It is also clear that the trial judge concluded his opinion with a statement that visitation would be detrimental to the child\u2019s best interests.\nIn Damon B., this court was presented with a similar argument. There, the the trial court had reduced the mother\u2019s visitation. On appeal the mother claimed that a parent\u2019s right to visitation can be limited or denied only if the parent possesses severe mental or moral deficiencies that constitute a grave threat to the welfare of the child. Damon B., 314 Pa.Super. at 394, 460 A.2d at 1198. Mother contended that the trial court\u2019s use of the \u201cbest interests\u201d standard was incorrect and that the trial court\u2019s specific finding of a lack of evidence substantiating moral or mental deficiencies precluded limitation or reduction of her visitation. Defining the standard, this court stated:\n[W]e agree that the best interest standard is inappropriate. This error, however, does not necessarily require that we reverse the order reducing visitation, since we may affirm an order for reasons other than those given by the trial court.\nDamon B., 314 Pa.Super. at 395, 460 A.2d at 1198 (citing Weber v. Lynch, 237 Pa.Super. 48, 346 A.2d 363 (1975) and In re King\u2019s Estate, 183 Pa.Super. 190, 130 A.2d 245 (1957)). The court pointed out that the case before it was one of those \u201crare instances\u201d in which it has \u201capproved restricting or temporarily suspending visitation even though there has been no showing of such severe mental or moral deficiencies in the parent as would constitute a grave threat to the child\u2019s welfare.\u201d Damon B., 314 Pa.Super. at 395, 460 A.2d at 1198.\nAlthough not the precise situation here, we find Damon B. analogous to the extent that the court\u2019s error in incorporating the \u201cbest interest\u201d standard, of itself, does not necessarily require that we reverse or remand. We take this opportunity to emphasize that, although the best interest of the child is always our overriding concern, the appropriate standard to apply when presented with the issue of parental visitation is whether the parent suffers from mental or moral deficiencies which pose a grave threat to the child. Id.; Commonwealth ex rel. Peterson v. Hayes, 252 Pa.Super. 487, 381 A.2d 1311 (1977).\nIn this case, however, as we have noted above, the court was presented with the correct standard and with arguments to that effect. The court\u2019s brief opinion in this case makes a general reference to the child\u2019s best interests in the last sentence: \u201cUnder the circumstances, the undersigned did not find mandatory trips to the prison to be in the child\u2019s best interest.\u201d Although it appears that the court utilized both standards and found it unnecessary to hear evidence of the father\u2019s relationship with his child, we are unable to conclude that either of these deviations requires reversal or remand in this case. See Hughes v. Hughes, 316 Pa.Super. 505, 463 A.2d 478 (1983) (court utilized both standards, finding that father\u2019s act of shooting the child\u2019s mother while the child was in her arms and his constant abuse toward the mother confirmed the father\u2019s moral deficiency and concluding that the trial court did not err in finding father unfit for visitation and that visitation would not be in the child\u2019s best interest); see also Commonwealth ex rel. Sorace v. Sorace, 236 Pa.Super. 42, 344 A.2d 553 (1975) (father may not be denied visitation rights with children unless such visits will be detrimental to the best interests of the children; fact that father was living with woman in extramarital relationship did not amount to severe moral deficiency constituting a grave threat to the welfare of the children).\nFurthermore, unlike the trial court in Damon B., which specifically found a lack of evidence substantiating the parent\u2019s mental or moral deficiencies, the trial court here was presented with the stipulation of a first-degree murder conviction. Though the court did not expressly state as much in its opinion, we find, for the reasons that follow, that this was sufficient evidence substantiating the father\u2019s moral deficiency.\nWhere a father engages in the premeditated killing of the mother of his infant child, a fortiori he possesses a moral deficiency constituting a grave threat to the child. Although the circumstances of the killing and the father\u2019s conviction of first-degree murder are not a part of this record, we are unable to escape the obvious suggestion that the father\u2019s actions indicate a complete disregard for the child\u2019s welfare. Barring criminal acts committed upon the child, we can think of no action in which a parent could engage posing a graver threat to a child\u2019s welfare than killing the other parent. In one grim swoop, the father has deprived his child of both parents\u2019 guidance and support. We find, therefore, that father\u2019s first-degree murder conviction for the killing of a child\u2019s mother is, in itself, evidence of severe mental or moral deficiencies in the parent as would constitute a grave threat to the child\u2019s welfare. Damon B., supra. The court\u2019s refusal to hear evidence of the preexisting relationship between father and son is, therefore, of no consequence. See Sorace, supra (parent should seldom be denied right to visit with his child, but when severe mental or moral deficiency constitutes threat to child\u2019s welfare, visitation rights may be denied to parent who manifests such condition); Scarlett v. Scarlett, 257 Pa.Super. 468, 890 A.2d 1331 (1978) (visitation may be limited or denied in a custody case only where a parent has been shown to suffer from severe mental or moral deficiencies that constitute a grave threat to the child); cf. In re Constance W., 351 Pa.Super. 393, 506 A.2d 405 (1986) (trial court\u2019s order forbidding a father to see his child for a year was held to be unreasonable where the record failed to show that the father\u2019s \u201cimpulsive and somewhat irrational behavior\u201d had any harmful effect upon the child).\nOrder affirmed.\n. Visitation, as distinguished from partial custody, is \"the right to visit a child, but does not include the right to remove the child from the custodial person\u2019s control.\" See Pa.R.C.P. 1915.1.\n. This court, in an order dated April 3, 1993, denied Father\u2019s petition for Relief pending appeal.",
        "type": "majority",
        "author": "CIRILLO, Judge:"
      }
    ],
    "attorneys": [
      "Charles H. Field, Gettysburg, for appellant.",
      "Walton V. Davis, Gettysburg, for appellees."
    ],
    "corrections": "",
    "head_matter": "Luther C. GREEN and Cecelia D. Green, v. Carroll Bradford SNEERINGER, Appellant.\nSuperior Court of Pennsylvania.\nArgued Oct. 5, 1993.\nFiled Dec. 23, 1993.\nApplication for Reargument or Reconsideration Denied Feb. 25, 1994.\nCharles H. Field, Gettysburg, for appellant.\nWalton V. Davis, Gettysburg, for appellees.\nBefore CIRILLO, HUDOCK and CERCONE, JJ.\n. We note that the Hughes court made reference to the best interests of child when passing upon the question of whether the father\u2019s visitation would have posed a grave threat to the child. After applying the grave threat standard, the Hughes court concluded: \"The court below did not err in finding appellant-father to be unfit for visitations with the child and that such visitations would be contrajy to the child's best interests.\u201d Hughes, 316 Pa.Super. at 508, 463 A.2d at 479. Similarly, in Sorace, supra, the court made reference to both standards, using the best interests of the child as the general standard, and utilizing the grave threat standard as the test for determining when a limitation or restriction in parental visitation is required. It approaches an exercise in semantics, however, to argue that a statement to the effect that our overriding concern is the best interests of the child precludes a proper consideration of the grave threat standard. The two standards, though distinct, are related. In any event, we believe that the Damon B. court has clarified this matter."
  },
  "file_name": "1074-01",
  "first_page_order": 1140,
  "last_page_order": 1143
}
