{
  "id": 11520250,
  "name": "PRENTALS, INC. H/N/C NATIONAL CAR RENTAL Peticionaria v. ESTADO LIBRE ASOCIADO DE PUERTO RICO, POR CONDUCTO DEL SECRETARIO DE JUSTICIA, HONORABLE JOSE A. FUENTES AGOSTINI Recurrido",
  "name_abbreviation": "Prentals, Inc. v. Estado Libre Asociado",
  "decision_date": "1998-01-14",
  "docket_number": "N\u00fam. KLCE-97-01222",
  "first_page": "926",
  "last_page": "930",
  "citations": [
    {
      "type": "official",
      "cite": "3 T.C.A. 926"
    },
    {
      "type": "parallel",
      "cite": "98 DTA 54"
    }
  ],
  "court": {
    "name_abbreviation": "P.R. Cir.",
    "id": 16431,
    "name": "Puerto Rico Circuit Court of Appeals"
  },
  "jurisdiction": {
    "id": 25,
    "name_long": "Puerto Rico",
    "name": "P.R."
  },
  "cites_to": [
    {
      "cite": "117 D.P.R. 714",
      "category": "reporters:state",
      "reporter": "P.R. Dec.",
      "case_ids": [
        8759171
      ],
      "year": 1986,
      "pin_cites": [
        {
          "page": "720"
        }
      ],
      "opinion_index": 0,
      "case_paths": [
        "/pr-dec/117/0714-01"
      ]
    },
    {
      "cite": "119 D.P.R. 83",
      "category": "reporters:state",
      "reporter": "P.R. Dec.",
      "case_ids": [
        8757659
      ],
      "year": 1987,
      "pin_cites": [
        {
          "page": "86"
        }
      ],
      "opinion_index": 0,
      "case_paths": [
        "/pr-dec/119/0083-01"
      ]
    },
    {
      "cite": "88 D.P.R. 517",
      "category": "reporters:state",
      "reporter": "P.R. Dec.",
      "case_ids": [
        8813865
      ],
      "year": 1963,
      "pin_cites": [
        {
          "page": "528"
        }
      ],
      "opinion_index": 0,
      "case_paths": [
        "/pr-dec/88/0517-01"
      ]
    },
    {
      "cite": "94 D.P.R. 717",
      "category": "reporters:state",
      "reporter": "P.R. Dec.",
      "case_ids": [
        8814127
      ],
      "weight": 4,
      "year": 1967,
      "pin_cites": [
        {
          "page": "721"
        }
      ],
      "opinion_index": 0,
      "case_paths": [
        "/pr-dec/94/0717-01"
      ]
    },
    {
      "cite": "107 D.P.R. 356",
      "category": "reporters:state",
      "reporter": "P.R. Dec.",
      "case_ids": [
        8813110
      ],
      "weight": 2,
      "year": 1978,
      "opinion_index": 0,
      "case_paths": [
        "/pr-dec/107/0356-01"
      ]
    }
  ],
  "analysis": {
    "cardinality": 771,
    "char_count": 14300,
    "ocr_confidence": 0.901,
    "pagerank": {
      "raw": 4.03580807328026e-08,
      "percentile": 0.24112158662532063
    },
    "sha256": "975739b0d48681f369649c10174b969389c47f713885bff9ccf371f7ddfd27eb",
    "simhash": "1:421ccd2b8a58f450",
    "word_count": 2363
  },
  "last_updated": "2024-02-27T17:05:12.521415+00:00",
  "provenance": {
    "date_added": "2019-08-29",
    "source": "Harvard",
    "batch": "2018"
  },
  "casebody": {
    "judges": [
      "Panel integrado por su Presidente, Juez se\u00f1or Brau Ram\u00edrez y los Jueces se\u00f1or Col\u00f3n Birriel y se\u00f1ora Pesante Mart\u00ednez"
    ],
    "parties": [
      "PRENTALS, INC. H/N/C NATIONAL CAR RENTAL Peticionaria v. ESTADO LIBRE ASOCIADO DE PUERTO RICO, POR CONDUCTO DEL SECRETARIO DE JUSTICIA, HONORABLE JOSE A. FUENTES AGOSTINI Recurrido"
    ],
    "opinions": [
      {
        "text": "Pesante Mart\u00ednez, Juez Ponente\nTEXTO COMPLETO DE LA SENTENCIA\nI\nEl 18 de febrero de 1997 la Junta de Confiscaci\u00f3n del Departamento de Justicia le comunic\u00f3 a la demandante-peticionaria, Prentals, Inc. h/n/c National Car Rental que un veh\u00edculo de su propiedad hab\u00eda sido confiscado y que el mismo fue tasado en la cantidad de $17,000.00. En respuesta, la peticionaria present\u00f3 en el Tribunal de Primera Instancia, Sala Superior de Humacao, una demanda de impugnaci\u00f3n de confiscaci\u00f3n de veh\u00edculo de motor al amparo de las disposiciones de la Ley Uniforme de Confiscaciones, 34 L.P.R.A. sees. 1723 et seq. En la misma aleg\u00f3 que es una corporaci\u00f3n dedicada al negocio de alquiler de veh\u00edculos de motor a corto plazo, con oficinas principales en el Aeropuerto Luis Mu\u00f1oz Mar\u00edn, Carolina, Puerto Rico. Arg\u00fcy\u00f3 que adquiri\u00f3 la posesi\u00f3n del veh\u00edculo de motor Ford Taurus, a\u00f1o 1997, tablilla n\u00famero CMW500, mediante contrato de arrendamiento financiero con Popular Leasing, por lo que es la parte con inter\u00e9s propietario sobre dicho veh\u00edculo. Asimismo aleg\u00f3 que el 7 de febrero de 1997, la demandante le arrend\u00f3 el referido veh\u00edculo a Enrique Gonz\u00e1lez mediante contrato de arrendamiento n\u00famero L-277757-0. Ese mismo d\u00eda el veh\u00edculo fue confiscado en el municipio de Humacao por haber sido utilizado para infringir los Art\u00edculos 5 y 5-A de la Ley de Armas, Ley N\u00fam. 17 del 19 de enero de 1951, 25 L.P.R.A. secs. 411 et seq.\nLa demandante sostuvo en su demanda que para todos los efectos legales deb\u00eda consider\u00e1rsele como un tercero inocente ya que ella tom\u00f3 todas las diligencias razonables para evitar el uso ilegal del veh\u00edculo aludido y el veh\u00edculo fue confiscado mientras estaba en posesi\u00f3n del arrendatario, Enrique Gonz\u00e1lez. El 19 de septiembre de 1997, la demandante present\u00f3 una solicitud de sentencia sumaria solicitando se declarara con lugar la demanda a tenor con lo dispuesto en la Ley N\u00fam. 93 de 13 de julio de 1988, Ley Uniforme de Confiscaciones de 1988, seg\u00fan enmendada por la Ley N\u00fam. 167 de 28 de agosto de 1996. Aleg\u00f3 que mediante las enmiendas incorporadas al referido estatuto, el Estado tiene que demostrar la existencia de un v\u00ednculo delictivo entre el due\u00f1o del veh\u00edculo y la persona que lo alquila o lo maneje para que proceda la confiscaci\u00f3n. Adujo que en el caso de marras, el Estado no present\u00f3 prueba al respecto, raz\u00f3n por la cual, no se rebati\u00f3 la presunci\u00f3n a su favor creada por disposici\u00f3n estatutaria.\nEl 11 de octubre de 1997, el Estado contest\u00f3 la demanda de impugnaci\u00f3n mediante un escrito titulado R\u00e9plica a Moci\u00f3n Solicitando Sentencia Sumaria. En la misma arg\u00fcy\u00f3 que el procedimiento de confiscaci\u00f3n va dirigido contra la cosa y no contra su due\u00f1o y que a la demandante no le aplica la excepci\u00f3n del tercero inocente.\nEl 22 de octubre de 1997, el Tribunal de Primera Instancia emiti\u00f3 un resoluci\u00f3n declarando sin lugar la moci\u00f3n de sentencia sumaria. Es de esta resoluci\u00f3n que se recurre ante nos mediante el presente recurso de Certiorari.\nExpedimos el auto solicitado y revocamos la resoluci\u00f3n en cuesti\u00f3n.\nII\nLa Ley N\u00fam. 93 de 13 de julio de 1988, Ley Uniforme de Confiscaciones de 1988, 34 L.P.R.A. sees. 1723 et seq., fue creada con el prop\u00f3sito de ampliar los poderes del Estado para poder confiscar toda aquella propiedad que haya sido utilizada con fines ilegales. Alejandro Rivera v. Estado Libre Asociado, et. al., _ D.P.R. _ (1996), op. de 10 de abril de 1996, 96 J.T.S. 50, p\u00e1g. 950. A esos efectos autoriza al Secretario de Justicia a incautar a favor del Estado Libre Asociado de Puerto Rico y privar a una persona de su propiedad cuando la misma ha sido utilizada en la comisi\u00f3n de un acto ilegal penable por nuestro C\u00f3digo Penal, o en violaci\u00f3n a las leyes de sustancias controladas, de armas y explosivos, en las leyes de juegos prohibidos, en las leyes contra el crimen organizado, bebidas alcoh\u00f3licas, leyes fiscales, leyes contra la apropiaci\u00f3n ilegal de veh\u00edculos, leyes de veh\u00edculos y tr\u00e1nsito y de embarcaciones. 34 L.P.R.A. see. 1723.\nEn nuestra jurisdicci\u00f3n el procedimiento de confiscaci\u00f3n tiene un car\u00e1cter in rem, esto es, que va dirigido contra la cosa y no contra la persona (due\u00f1o de la Propiedad) de tal modo que si \u00e9ste, consciente y voluntariamente entrega la posesi\u00f3n al infractor, sus derechos corren la misma suerte del uso al que el infractor pueda someter el veh\u00edculo. Del Toro Lugo v. Estado Libre Asociado, _ D.P.R _ (1994), op. de 12 de septiembre de 1994, 94 J.T.S. 119, p\u00e1g. 160. V\u00e9ase tambi\u00e9n, General Accident Ins. Co. v. E.L.A., _ D.P.R. _ (1994), op. de noviembre de 1994, 94 J.T.S. 140; Carlo v. Srio. de Justicia, 107 D.P.R. 356 (1978).\nPor otro lado, nuestro acervo jurisprudencial establece que a pesar del car\u00e1cter in rem del procedimiento de confiscaciones, como excepci\u00f3n a la norma, el due\u00f1o del veh\u00edculo no perder\u00e1 su propiedad cuando \u00e9ste o un tercero inocente demuestre que el infractor no ten\u00eda permiso para utilizar el veh\u00edculo o que se tomaron expresamente todas las medidas cautelares para precaver el uso ilegal de la propiedad en la comisi\u00f3n de un delito. Del Toro Lugo v. Estado Libre Asociado, supra. V\u00e9ase, tambi\u00e9n, Estado Libre Asociado v. Tribunal Superior, 94 D.P.R. 717, 721 (1967); Carlo v. Srio. de Justicia, supra, p\u00e1g. 361.\nDe esta manera, la doctrina ha elaborado una ruta de cautelosa \"atenuaci\u00f3n de severidad\" para aquellos casos en que se demuestre que el due\u00f1o del veh\u00edculo es un tercero inocente. Del Toro Lugo v. Estado Libre Asociado, supra. No olvidemos que \"no toda entrega de la posesi\u00f3n de un veh\u00edculo tiene iguales motivaciones, ni id\u00e9ntica justificaci\u00f3n, ni la misma necesidad, ni similares prop\u00f3sitos.\" Ochoteco v. Tribunal Superior, 88 D.P.R. 517, 528 (1963). En otras palabras, cada caso deber\u00e1 verse y pesarse a la luz de sus hechos particulares.\nAhora bien, \"independientemente de la naturaleza civil de la acci\u00f3n, la forma en que ha sido aplicada la sanci\u00f3n, el procedimiento que se utiliza y las defensas permitidas en \u00e9ste\" hay que reconocer que la referida norma posee un car\u00e1cter punitivo. Del Toro Lugo v. Estado Libre Asociado, supra. Por consiguiente, nuestro Tribunal Supremo desarroll\u00f3 una jurisprudencia que exhortaba a los tribunales que al interpretar y aplicar los estatutos que autorizaban la confiscaci\u00f3n lo hicieran de un forma restrictiva. Ibid.\nEn la actualidad, las empresas que se dedican al alquiler de veh\u00edculos atraviesan por un tedioso proceso cada vez que un veh\u00edculo de su propiedad es utilizado para cometer un delito y el mismo es confiscado. Para proteger a empresas como la del demandante la Legislatura aprob\u00f3 la Ley N\u00fam. 167 de 28 de agosto de 1996, y estableci\u00f3 una presunci\u00f3n de tercero inocente a favor del demandante. La referida ley reza en lo pertinente como sigue:\n\"Art\u00edculo 2. - Toda propiedad que sea utilizada en relaci\u00f3n a la comisi\u00f3n de delitos graves y de aquellos delitos menos graves en que por ley se autorice la confiscaci\u00f3n, cuando tales delitos graves y menos graves est\u00e9n tipificados en el C\u00f3digo Penal del Estado Libre Asociado de Puerto Rico, en las leyes de sustancias controladas, de armas y explosivos, en las leyes contra el crimen organizado, en las leyes de juegos prohibidos, bebidas alcoh\u00f3licas, leyes fiscales, leyes contra la apropiaci\u00f3n ilegal de veh\u00edculos y tr\u00e1nsito y de embarcaciones, as\u00ed como en otras leyes y aquella propiedad que est\u00e9 sujeta a una sentencia de confiscaci\u00f3n que as\u00ed lo autorice, ser\u00e1 confiscada en favor del Estado Libre Asociado de Puerto Rico. Disponi\u00e9ndose que no estar\u00e1 sujeto a ocusaci\u00f3n para fines de confiscaci\u00f3n un veh\u00edculo alquilado a una empresa acreditada, el cual es usado en la comisi\u00f3n de un delito en que por ley se autorice la confiscaci\u00f3n a menos que el Estado pruebe la existencia de un v\u00ednculo delictivo entre el due\u00f1o del veh\u00edculo y la persona que lo alquila o lo maneje.\nCuando no proceda la confiscaci\u00f3n por las circunstancias antes expuestas, el arrendatario del veh\u00edculo deber\u00e1 pagar a favor del Estado Libre Asociado de Puerto Rico, el monto de la tasaci\u00f3n del mismo. Para que una empresa acreditada como de alquiler de veh\u00edculos pueda levantar esta defensa, deber\u00e1 haber verificado que el arrendador del veh\u00edculo, cuando sea una persona natural, era un conductor autorizado conforme a las Leyes del Estado Libre Asociado de Puerto Rico. Adem\u00e1s, mediante un sistema fotogr\u00e1fico identificar\u00e1 e incluir\u00e1 en el expediente de la unidad arrendada la fotograf\u00eda de la persona a quien se le entreg\u00f3 el veh\u00edculo, quien tambi\u00e9n deber\u00e1 ser un conductor autorizado conforme a las Leyes del Estado Libre Asociado de Puerto Rico. Dichos expedientes, incluyendo las fotograf\u00edas, estar\u00e1n disponibles para la inspecci\u00f3n de cualquier funcionario estatal o federal como parte de una investigaci\u00f3n criminal.\"\nDe otra parte y relacionado al precepto que antecede, la Regla 218 de las de Procedimiento Criminal establece que:\n\"(c)(ll) Cuando en la comisi\u00f3n del delito se hubiere utilizado un veh\u00edculo alquilado a una empresa acreditada, el magistrado le deber\u00e1 ordenar al imputado que deposite una garant\u00eda legal suficiente a favor del Estado Libre Asociado de Puerto Rico para cubrir el monto del valor de la tasaci\u00f3n del veh\u00edculo para la eventualidad de que proceda la confiscaci\u00f3n del veh\u00edculo; el producto de la garant\u00eda ser\u00e1 depositado en el fondo especial administrado por la Junta de Confiscaciones seg\u00fan establecido en la Ley N\u00fam. 93 de 13 de julio de 1988, seg\u00fan enmendada.\"\nComo se puede apreciar, la Ley N\u00fam. 167 traslad\u00f3 el peso de la prueba recayendo en el Estado el peso de probar que exist\u00eda un v\u00ednculo delictivo entre el usuario del veh\u00edculo alquilado y la empresa due\u00f1a del veh\u00edculo, o sea, que para que proceda la confiscaci\u00f3n el Estado tiene que probar la existencia de un v\u00ednculo delictivo entre el due\u00f1o del veh\u00edculo y la persona que lo alquila y lo maneja. Exposici\u00f3n de Motivos, Ley N\u00fam. 167 de 28 de agosto de 1996.\nEn el caso de marras, la demandante solicit\u00f3 la anulaci\u00f3n de la confiscaci\u00f3n mediante la presentaci\u00f3n de una moci\u00f3n de sentencia sumaria alegando que el Estado carec\u00eda de pruebas que lo vinculara con el delito que se le imput\u00f3 al arrendatario. Adem\u00e1s acompa\u00f1\u00f3 su solicitud con la declaraci\u00f3n jurada de la se\u00f1ora Carmen M. V\u00e1zquez Ortiz, Gerente General de Rentals Inc. En la misma declar\u00f3 que la compa\u00f1\u00eda tiene una pol\u00edtica de arrendamiento de que \"es mejor un veh\u00edculo bien estacionado que uno mal alquilado\". V\u00e9ase, Petici\u00f3n de Certiorari, Ap\u00e9ndice 7, p\u00e1g. 27. Conforme a dicha pol\u00edtica los empleados reciben entrenamiento y seminarios sobre el trato al cliente y mecanismos a seguir en un arrendamiento de veh\u00edculos, no s\u00f3lo por personas con experiencia en este campo, sino tambi\u00e9n por las compa\u00f1\u00edas de tarjetas de cr\u00e9dito.\nEstos otorgan un gran peso a la informaci\u00f3n y estudio que surge de los terminales electr\u00f3nicos de las compa\u00f1\u00edas de tarjetas de cr\u00e9dito. A su vez, la informaci\u00f3n que se obtiene de los terminales se corrobora con la informaci\u00f3n que el empleado obtiene de la licencia de conducir y con las preguntas investigativas que se les hagan.\nEn el presente caso, el Estado no present\u00f3 documentos que controvirtieran las alegaciones de la demandante a los efectos que \u00e9sta no ten\u00eda ning\u00fan v\u00ednculo delictivo con el arrendatario del veh\u00edculo confiscado y que hab\u00edan tomado medidas cautelares para alquilar el veh\u00edculo a personas no vinculadas con actividades delictivas. M\u00e1s a\u00fan, la demandante sin tener el peso de la prueba acredit\u00f3 las medidas adoptadas para evitar el uso ilegal de sus veh\u00edculos. Resolvemos pues, que de los escritos y documentos obrantes en el expediente no surge prueba tendente a demostrar la existencia de un v\u00ednculo delictivo entre la demandante y el arrendatario.\nLa Regla 36 de Procedimiento Civil precept\u00faa que cualquier parte que interese se disponga de su caso podr\u00e1 presentar una moci\u00f3n solicitando se dicte sentencia sumaria a su favor sobre la totalidad de la reclamaci\u00f3n o parte de ella. 32 L.P.R.A. Ap. III, Regla 36. El objetivo principal de dicho mecanismo es facilitar la soluci\u00f3n r\u00e1pida, justa y econ\u00f3mica de aquellos casos que no presentan genuinas controversias de hechos, por lo que no ameritan la celebraci\u00f3n de una vista evidenciar\u00eda. Medina Morales v. Merck, Sharp & Dohme Qu\u00edmica de Puerto Rico Inc., _ D.P.R. _ (1994), op. de 7 de abril de 1994, 94 J.T.S. 52, p\u00e1g. 11786. V\u00e9ase tambi\u00e9n, Pilot Life Ins. Co. v. Crespo Mart\u00ednez, _ D.P.R. _ (1994), op. de 13 de julio de 1994, 94 J.T.S. 104, p\u00e1gs. 20-21, Tello Rivera v. Eastern Airlines, 119 D.P.R. 83, 86 (1987); Corp. of the Presiding Bishop v. Purcell, 117 D.P.R. 714, 720 (1986). Usada correctamente ayuda a descongestionar los calendarios judiciales. M\u00e9ndez Arocho v. El Vocero de P.R., _ D.P.R. _ (1992), op. de 30 de junio de 1992, 92 J.T.S. 94, p\u00e1g. 9715.\nCuando la parte promovente \"luego de haber transcurrido un tiempo adecuado y razonable para el descubrimiento de prueba, puede demostrar que del r\u00e9cord del tribunal surge que la parte promovida no cuenta con evidencia suficiente para probar un elemento esencial de su caso sobre el cu\u00e1l tiene el peso de la prueba, procede que se dicte sentencia sumaria desestimando la demanda.\" Medina Morales v. Merck, Sharp & Dohme Qu\u00edmica de Puerto Rico Inc., supra, p\u00e1g. 11786.\nComo mencion\u00e1ramos anteriormente, la demandante tiene una presunci\u00f3n de tercero inocente que el Estado no ha podido controvertir. No surge nada en el r\u00e9cord que nos persuada de lo contrario. En ausencia total de controversia de hecho, el juez de instancia debi\u00f3 declarar con lugar la moci\u00f3n de sentencia sumaria.\nPor los fundamentos antes expuestos se expide el auto de Certiorari y se revoca la resoluci\u00f3n en controversia y en su lugar procedemos a declarar con lugar la Moci\u00f3n de Sentencia Sumaria presentada por la parte peticionaria.\nLo acord\u00f3 el Tribunal y lo certifica la Secretaria General.\nAida I. Oquendo Graulau\nSecretaria General",
        "type": "majority",
        "author": "Pesante Mart\u00ednez, Juez Ponente"
      }
    ],
    "attorneys": [],
    "corrections": "",
    "head_matter": "98 DTA 54\nTRIBUNAL DE CIRCUITO DE APELACIONES CIRCUITO REGIONAL VI DE CAGUAS/HUMACAO/GUAYAMA PANEL I\nPRENTALS, INC. H/N/C NATIONAL CAR RENTAL Peticionaria v. ESTADO LIBRE ASOCIADO DE PUERTO RICO, POR CONDUCTO DEL SECRETARIO DE JUSTICIA, HONORABLE JOSE A. FUENTES AGOSTINI Recurrido\nN\u00fam. KLCE-97-01222\nSan Juan, Puerto Rico, a 14 de enero de 1998\nPanel integrado por su Presidente, Juez se\u00f1or Brau Ram\u00edrez y los Jueces se\u00f1or Col\u00f3n Birriel y se\u00f1ora Pesante Mart\u00ednez"
  },
  "file_name": "0926-01",
  "first_page_order": 304,
  "last_page_order": 308
}
