{
  "id": 7973031,
  "name": "David GOMES v. SUPERIOR COURT",
  "name_abbreviation": "Gomes v. Superior Court",
  "decision_date": "1983-03-31",
  "docket_number": "No. 83-147-M.P.",
  "first_page": "349",
  "last_page": "349",
  "citations": [
    {
      "type": "official",
      "cite": "458 A.2d 349"
    }
  ],
  "court": {
    "name_abbreviation": "R.I.",
    "id": 10179,
    "name": "Supreme Court of Rhode Island"
  },
  "jurisdiction": {
    "id": 15,
    "name_long": "Rhode Island",
    "name": "R.I."
  },
  "cites_to": [],
  "analysis": {
    "cardinality": 58,
    "char_count": 435,
    "ocr_confidence": 0.781,
    "sha256": "18b5ced9cee8229d3244b1ce55d0119b553f844491ecb978307185ac561a0af3",
    "simhash": "1:793f00625f856df3",
    "word_count": 68
  },
  "last_updated": "2023-07-14T15:58:55.909704+00:00",
  "provenance": {
    "date_added": "2019-08-29",
    "source": "Harvard",
    "batch": "2018"
  },
  "casebody": {
    "judges": [],
    "parties": [
      "David GOMES v. SUPERIOR COURT."
    ],
    "opinions": [
      {
        "text": "ORDER\nSince the charges against petitioner Gomes have been dismissed and petitioner has now been released from incarceration, the petition for writ of habeas corpus is denied as moot.",
        "type": "majority",
        "author": null
      }
    ],
    "attorneys": [
      "Walter R. Stone, Providence, for petitioner.",
      "Dennis J. Roberts II, Atty. Gen., Henry Gemma, Jr., Maureen E. Goldberg, Sp. Asst. Attys. Gen., for respondent."
    ],
    "corrections": "",
    "head_matter": "David GOMES v. SUPERIOR COURT.\nNo. 83-147-M.P.\nSupreme Court of Rhode Island.\nMarch 31, 1983.\nWalter R. Stone, Providence, for petitioner.\nDennis J. Roberts II, Atty. Gen., Henry Gemma, Jr., Maureen E. Goldberg, Sp. Asst. Attys. Gen., for respondent."
  },
  "file_name": "0349-02",
  "first_page_order": 397,
  "last_page_order": 397
}
