{
  "id": 7859648,
  "name": "COMMONWEALTH of Pennsylvania, Petitioner, v. Dorothy DENNIS, Respondent",
  "name_abbreviation": "Commonwealth v. Dennis",
  "decision_date": "1996-04-23",
  "docket_number": "",
  "first_page": "243",
  "last_page": "243",
  "citations": [
    {
      "type": "official",
      "cite": "674 A.2d 243"
    }
  ],
  "court": {
    "name_abbreviation": "Pa.",
    "id": 8832,
    "name": "Supreme Court of Pennsylvania"
  },
  "jurisdiction": {
    "id": 6,
    "name_long": "Pennsylvania",
    "name": "Pa."
  },
  "cites_to": [],
  "analysis": {
    "cardinality": 54,
    "char_count": 445,
    "ocr_confidence": 0.725,
    "pagerank": {
      "raw": 2.1995933875888662e-07,
      "percentile": 0.7605749520937735
    },
    "sha256": "b088af5bde9d2b5cc791fe62a652146a844ea64c6c139639dd9329f2957a8b05",
    "simhash": "1:e52f05a463421db4",
    "word_count": 70
  },
  "last_updated": "2023-07-14T21:22:33.474467+00:00",
  "provenance": {
    "date_added": "2019-08-29",
    "source": "Harvard",
    "batch": "2018"
  },
  "casebody": {
    "judges": [],
    "parties": [
      "COMMONWEALTH of Pennsylvania, Petitioner, v. Dorothy DENNIS, Respondent."
    ],
    "opinions": [
      {
        "text": "ORDER\nPER CURIAM:\nAND NOW, this 23rd day of April, 1996, the Petition for Allowance of Appeal is hereby granted with oral argument on whether the time differential between the administration of a breathalyzer test and commission of the offense of driving under the influence vitiates the effect of 75 Pa.C.S.A. \u00a7 1547(d)(1).",
        "type": "majority",
        "author": "PER CURIAM:"
      }
    ],
    "attorneys": [],
    "corrections": "",
    "head_matter": "COMMONWEALTH of Pennsylvania, Petitioner, v. Dorothy DENNIS, Respondent.\nSupreme Court of Pennsylvania.\nApril 23, 1996."
  },
  "file_name": "0243-01",
  "first_page_order": 313,
  "last_page_order": 313
}
