{
  "id": 7286032,
  "name": "PARKCENTRAL GLOBAL, L.P., Defendant Below, Appellant, v. BROWN INVESTMENT MANAGEMENT, L.P., Plaintiff Below, Appellee",
  "name_abbreviation": "Parkcentral Global, L.P. v. Brown Investment Management, L.P.",
  "decision_date": "2010-08-12",
  "docket_number": "No. 288, 2010",
  "first_page": "291",
  "last_page": "299",
  "citations": [
    {
      "type": "official",
      "cite": "1 A.3d 291"
    }
  ],
  "court": {
    "name_abbreviation": "Del.",
    "id": 9322,
    "name": "Delaware Supreme Court"
  },
  "jurisdiction": {
    "id": 8,
    "name_long": "Delaware",
    "name": "Del."
  },
  "cites_to": [
    {
      "cite": "746 A.2d 842",
      "category": "reporters:state_regional",
      "reporter": "A.2d",
      "case_ids": [
        11475810
      ],
      "year": 1999,
      "pin_cites": [
        {
          "page": "859",
          "parenthetical": "\"Under 17-305(b"
        }
      ],
      "opinion_index": 0,
      "case_paths": [
        "/a2d/746/0842-01"
      ]
    },
    {
      "cite": "17 C.F.R. \u00a7 248.15",
      "category": "laws:admin_compilation",
      "reporter": "C.F.R.",
      "pin_cites": [
        {
          "page": "(a)"
        }
      ],
      "opinion_index": 0
    },
    {
      "cite": "17 C.F.R. \u00a7 160.15",
      "category": "laws:admin_compilation",
      "reporter": "C.F.R.",
      "pin_cites": [
        {
          "page": "(a)"
        }
      ],
      "opinion_index": 0
    },
    {
      "cite": "16 C.F.R. \u00a7 313.15",
      "category": "laws:admin_compilation",
      "reporter": "C.F.R.",
      "pin_cites": [
        {
          "page": "(a)"
        }
      ],
      "opinion_index": 0
    },
    {
      "cite": "2002 WL 205681",
      "category": "reporters:specialty_west",
      "reporter": "WL",
      "year": 2002,
      "opinion_index": 0
    },
    {
      "cite": "986 A.2d 1150",
      "category": "reporters:state_regional",
      "reporter": "A.2d",
      "case_ids": [
        7294410
      ],
      "pin_cites": [
        {
          "page": "1160"
        }
      ],
      "opinion_index": 0,
      "case_paths": [
        "/a2d/986/1150-01"
      ]
    },
    {
      "cite": "476 U.S. 355",
      "category": "reporters:federal",
      "reporter": "U.S.",
      "case_ids": [
        12556
      ],
      "weight": 5,
      "year": 1986,
      "pin_cites": [
        {
          "page": "369",
          "parenthetical": "citations omitted"
        },
        {
          "parenthetical": "citations omitted"
        },
        {
          "parenthetical": "citations omitted"
        },
        {
          "page": "368"
        }
      ],
      "opinion_index": 0,
      "case_paths": [
        "/us/476/0355-01"
      ]
    },
    {
      "cite": "17 C.F.R. \u00a7 248.17",
      "category": "laws:admin_compilation",
      "reporter": "C.F.R.",
      "weight": 2,
      "pin_cites": [
        {
          "page": "(a)"
        }
      ],
      "opinion_index": 0
    },
    {
      "cite": "17 C.F.R. \u00a7 160.17",
      "category": "laws:admin_compilation",
      "reporter": "C.F.R.",
      "weight": 2,
      "pin_cites": [
        {
          "page": "(a)"
        }
      ],
      "opinion_index": 0
    },
    {
      "cite": "16 C.F.R. \u00a7 313.17",
      "category": "laws:admin_compilation",
      "reporter": "C.F.R.",
      "weight": 2,
      "pin_cites": [
        {
          "page": "(a)"
        }
      ],
      "opinion_index": 0
    },
    {
      "cite": "17 C.F.R. \u00a7 248.10",
      "category": "laws:admin_compilation",
      "reporter": "C.F.R.",
      "opinion_index": 0
    },
    {
      "cite": "17 C.F.R. \u00a7 160.10",
      "category": "laws:admin_compilation",
      "reporter": "C.F.R.",
      "opinion_index": 0
    },
    {
      "cite": "16 C.F.R. \u00a7 313.10",
      "category": "laws:admin_compilation",
      "reporter": "C.F.R.",
      "opinion_index": 0
    },
    {
      "cite": "17 C.F.R. \u00a7 248",
      "category": "laws:admin_compilation",
      "reporter": "C.F.R.",
      "opinion_index": 0
    },
    {
      "cite": "17 C.F.R. \u00a7 160",
      "category": "laws:admin_compilation",
      "reporter": "C.F.R.",
      "opinion_index": 0
    },
    {
      "cite": "16 C.F.R. \u00a7 313",
      "category": "laws:admin_compilation",
      "reporter": "C.F.R.",
      "opinion_index": 0
    },
    {
      "cite": "988 A.2d 425",
      "category": "reporters:state_regional",
      "reporter": "A.2d",
      "case_ids": [
        7290580
      ],
      "weight": 2,
      "pin_cites": [
        {
          "page": "427"
        }
      ],
      "opinion_index": 0,
      "case_paths": [
        "/a2d/988/0425-01"
      ]
    },
    {
      "cite": "817 A.2d 160",
      "category": "reporters:state_regional",
      "reporter": "A.2d",
      "case_ids": [
        9362823
      ],
      "pin_cites": [
        {
          "page": "170"
        }
      ],
      "opinion_index": 0,
      "case_paths": [
        "/a2d/817/0160-01"
      ]
    }
  ],
  "analysis": {
    "cardinality": 838,
    "char_count": 22122,
    "ocr_confidence": 0.708,
    "pagerank": {
      "raw": 5.527646540942415e-08,
      "percentile": 0.34750732571667303
    },
    "sha256": "a215d72f1b9e98d68e9950cdef245994028f1ad57951e6d97baad92420512213",
    "simhash": "1:31b36aecb5db585c",
    "word_count": 3431
  },
  "last_updated": "2024-02-27T22:12:33.551687+00:00",
  "provenance": {
    "date_added": "2019-08-29",
    "source": "Harvard",
    "batch": "2018"
  },
  "casebody": {
    "judges": [
      "Before STEELE, Chief Justice, HOLLAND, BERGER, JACOBS and RIDGELY, Justices constituting the court en banc."
    ],
    "parties": [
      "PARKCENTRAL GLOBAL, L.P., Defendant Below, Appellant, v. BROWN INVESTMENT MANAGEMENT, L.P., Plaintiff Below, Appellee."
    ],
    "opinions": [
      {
        "text": "STEELE, Chief Justice:\nParkcentral Global, L.P. refused Brown Investment Management, L.P.\u2019s request for its list of limited partners. Parkcen-tral asserts that the Vice Chancellor erred by requiring Parkcentral to provide the list to Brown, because the Partnership Agreement allows Parkcentral to restrict access to that information, and federal law prohibits disclosure of agreements with third parties. Because Brown complied with the Partnership Agreement, and limited partners are not \u201cthird parties\u201d to the partnership, we AFFIRM the judgment of the Court of Chancery.\nFACTUAL AND PROCEDURAL BACKGROUND\n1. Parkcentral provided investors with information about privacy policies.\nParkcentral is a hedge fund, incorporated as a Delaware limited partnership in June 2001 with Parkcentral Capital Management, L.P. as its general partner. Parkcentral invested all of its capital in an affiliated fund known as Parkcentral Global Hub Limited, a Bermuda corporation.\nParkcentral informs all prospective investors, in a private placement memorandum (\u201cPPM\u201d), that confidentiality concerns will limit their access to partnership information. In 2002, the General Partner informed investors that federal regulations obligated it to provide annual notice of its privacy policies. Parkcentral\u2019s annual privacy notice stated, \u201c[W]e generally do not disclose any non-public personal information about our current or former investors that we obtain during the course of our relationship to unaffiliated third parties, except as permitted by law.\u201d\nThe 2003 PPM included a section entitled \u201cPrivacy Policy\u201d with language that mirrored the Privacy Notice\u2019s language. It states, \u201cWith respect to the General-Partner\u2019s individual, non-entity investors, the General Partner does not disclose nonpublic personal information about such clients/investors or former clients/investors to third parties other than described below.\u201d The section also included a general policy that stated, \u201cThe General Partner does not otherwise provide any non-public personal information about investors to outside firms, organizations or individuals, except as required by law.\u201d\nBeginning in 2004, Parkcentral\u2019s subscription documents required all investors to agree that they have \u201creviewed the General Partner\u2019s privacy policy contained in the Memorandum [PPM].\u201d\n2. Disclosure under the Partnership Agreement.\nSection 9.1 of Parkcentral\u2019s Second Amended and Restated Limited Partnership Agreement, entitled \u201cPartnership Records,\u201d mirrors the language of \u00a7 17-305 of the Delaware Revised Uniform Limited Partnership Act. Section 9.1(b) allows each partner, subject to \u00a7 9.1(c) and reasonable standards established by the General Partner, to obtain records, including a current list of partners\u2019 names and addresses, upon reasonable demand. Section 9.1(c) provides that the General Partner may keep information confidential if it believes in good faith that disclosure is not in the best interest of the Partnership or if the General Partner is bound by law or agreement with a third party to keep the information confidential.\n3. Parkcentral ceased operation and investors brought suit in Texas.\nIn August 2008, Brown signed subscription documents and became a limited partner in Parkcentral., In the subscription documents, Brown represented that it had reviewed the PPM and the Partnership Agreement.\nIn November 2008, Parkcentral suffered large losses that wiped out investors\u2019 capital. As a result, Brown lost its entire investment. The Global Hub fund ceased trading, \u201cterminated substantially all of its positions,\u201d and was liquidated. Now, Parkcentral\u2019s only activity is to defend lawsuits against it, and has no plans to raise new capital for future investment operations.\nIn spring 2009, certain Parkcentral investors brought a class action claim in a Texas federal court against individuals and entities affiliated with Parkcentral. The lawsuit alleged mismanagement of the fund and breaches of fiduciary duty, among other claims. Brown is not involved in the Texas litigation, except as an absent member of the purported class.\n4. Brown requested a list of limited partners.\nOn December 21, 2009, Brown wrote to the General Partner and requested a \u201ccurrent list of the name and last known business, residence or mailing address of each Partner in Parkcentral.\u201d Brown wrote again to reiterate its demand on January 5, 2010. The General Partner responded that the demand failed to state a proper purpose for the request, as required by \u00a7 9.1(b) of the Partnership Agreement. The General Partner also denied the request because \u201capplicable law\u201d and Parkcentral\u2019s privacy policies purportedly prohibited the disclosure of nonpublic information.\nOn January 15, 2010, Brown submitted a third request for a list of names and addresses of Parkcentral partners. Brown stated that it sought the information to: (a) contact other limited partners in order to investigate claims of the General Partner\u2019s mismanagement or breaches of fiduciary duty; (b) contact other limited partners to investigate the allegations made in the Texas litigation; (c) contact other limited partners to bring their attention to the Texas litigation and ascertain their desire to become associated with it or pursue similar actions; (d) contact other limited partners to investigate potential direct and derivative claims against the partnership\u2019s auditors; and (e) contact other limited partners to discuss whether any of them would desire to pursue a derivative and/or direct claim against the partnership\u2019s auditors. Brown further stated that it was investigating the allegations raised in the Texas litigation.\nOn January 20, 2010, the General Partner\u2019s counsel responded that Parkcentral\u2019s privacy obligations limited the General Partner\u2019s ability to disclose information and suggested Brown\u2019s counsel contact them regarding the request.\n5. The Vice Chancellor ordered Park-central to produce the list.\nOn February 4, 2010, Brown filed a complaint in the Court of Chancery under 8 Del. C. \u00a7 220 seeking an order that Park-central provide Brown with the name and address of each partner. The Vice Chancellor conducted a trial on May 11, and ordered Parkcentral to produce the list, pursuant to the Partnership Agreement and \u00a7 17-305. He noted that Brown met both the procedural and substantive requirements for access, and that Parkcen-tral had not placed restrictions to limited partners\u2019 rights in the Partnership Agreement. The Vice Chancellor ordered Park-central to produce a list of each of its partners\u2019 name and last known business, residence, or mailing address. The order directed Brown to keep the list confidential and to use it only for the purposes set forth in its January 15 letter.\nOn May 14, 2010, Parkcentral appealed the Vice Chancellor\u2019s order and requested that the Vice Chancellor stay the order pending appeal. The Vice Chancellor denied the stay, but this Court granted a stay on May 27, 2010.\nSTANDARD OF REVIEW\nWe review the Vice Chancellor\u2019s interpretation of written agreements and Delaware law de novo. We also review de novo the Vice Chancellor\u2019s statutory interpretation that federal law does not preempt disclosure of the partnership list.\nANALYSIS\n1. Brown has a right to the list under the Partnership Agreement.\nThe parties to a Delaware limited partnership have broad discretion when drafting their partnership agreement. DRULPA gives \u201cmaximum effect to the principle of freedom of contract and to the enforceability of partnership agreements.\u201d\nTitle Six, section 17-305 of the Delaware Code entitles limited partners to access partnership information and records if they make a reasonable demand for a purpose reasonably related to their interest as a limited partner. Subsection (a) allows the general partner to establish reasonable standards governing the right to access information in the partnership agreement or otherwise. Subsection (f) allows the general partner to restrict the rights of a limited partner to obtain information under \u00a7 17-305 in the partnership agreement.\nParkcentral asserts that the Partnership Agreement and \u00a7 17-305(a) authorizes the General Partners to establish reasonable standards governing access to information. Parkcentral claims that the annual Privacy Notices constitute reasonably restrictive standards that permitted it to deny Brown\u2019s request.\nParkcentral cannot deny Brown\u2019s request based on its Privacy Notices. The Partnership Agreement expressly grants limited partners the right to access a list of the names and addresses of each partner. Brown complied with all the procedural requirements of \u00a7 9.1(b), which entitles Brown to the list of names and addresses. The General Partner may not eliminate that right through unilaterally issued Privacy Notices. The General Partner\u2019s policy goes beyond reasonably governing access to information; it purports to deny completely a right granted in the Partnership Agreement. If the General Partner wished to bar access to the names and addresses of partners, it could have done so explicity in the Partnership Agreement under \u00a7 17 \u2014 305(f).\n2. Federal regulations do not pre-empt Delaware law.\nParkcentral asserts that federal regulations pre-empt Delaware law and prohibit disclosure of the shareholder list to Brown. The Gramm-Leach-Bliley Financial Modernization Act of 1999 provides privacy protections for customers of financial institutions. Pursuant to the Act, the Federal Trade Commission, the Commodities Futures Traders Commission, and the Securities and Exchange Commission adopted rules designed to protect individuals\u2019 privacy interests. Under these Privacy Regulations, a financial institution may not disclose any nonpublic personal information about a consumer to a non-affiliated third party unless the individual has been provided notice and the opportunity to opt out of the disclosure. The Privacy Regulations contain subsections entitled \u201cRelation to State laws.\u201d The FTC\u2019s privacy Regulation states:\nThis subpart shall not be construed as superseding, altering, or affecting any statute, regulation, order, or interpretation in effect in any State, except to the extent that such State statute, regulation, order, or interpretation is inconsistent with the provisions of this subpart, and then only to the extent of the inconsistency.\nFederal agencies, acting within the scope of their congressionally delegated authority, may pre-empt state law. \u201cPre-emption occurs when Congress, in enacting a federal statute, expresses a clear intent to pre-empt state law, when there is outright or actual conflict between federal and state law, [or] where compliance with both federal and state law is in effect physically impossible.\u201d Where two statutes narrowly conflict, we will read them so as to give effect to both, unless the text or legislative history of the later statute shows that the legislature intended to repeal an earlier one and simply failed to do so expressly.\nThe Privacy Regulations do not preempt Delaware law, nor \u2014 for reasons discussed below \u2014 do the federal statute or regulations apply to the partner list. A financial institution may comply with both the Privacy Regulations and 6 Del. C. \u00a7 17-305. The agencies did not express a clear intent to pre-empt state law. Rather, to comply with state law, they included an exception to the notice and opt out requirements when a financial institution discloses non-public personal information. For example, the FTC\u2019s regulation states:\n\u201c(a) Exceptions to opt out requirements. The requirements for initial notice in \u00a7 313.4(a)(2), for the opt out in \u00a7\u00a7 313.7 and 313.10, and for service providers and joint marketing in \u00a7 313.13 do not apply when you disclose nonpublic personal information:\n(7)(i) To comply with Federal, State, or local laws, rules and other applicable legal requirements.\u201d\nDisclosure of the list of the limited partners\u2019 names and addresses to another limited partners falls within that exception because 6 Del. C. \u00a7 17-305 requires it. In addition to our holding that the federal Privacy Regulations do not pre-empt Delaware law, we also conclude that Parkcen-tral\u2019s limited partners are not \u201cunaffiliated third parties\u201d whose identities the Privacy Regulations would protect from disclosure. Accordingly, the Privacy Regulations do not preclude Parkcentral from disclosing the list of limited partners\u2019 names and addresses to Brown.\n3. Section 9.1(c) of the Partnership Agreement does not allow Parkcen-tral to withhold the shareholder list.\nFurther, Parkcentral asserts that the Partnership Agreement \u00a7 9.1(c) allows it to keep the list of names and addresses confidential from Brown for two reasons: it believed in good faith that disclosure would damage the Partnership, and it is required by agreement with a third party to keep the information confidential.\nFirst, Parkcentral did not demonstrate that it had a good faith belief that providing a list of names and addresses would harm the Partnership. At trial, Parkcen-tral COO David Radunsky testified that disclosure would cause damage to the Partnership because it had a moral and contractual obligation to keep the information confidential. The Vice Chancellor found and held that the General Partner did not possess a good faith belief that disclosure would harm the Partnership. We agree. Parkcentral does not actively conduct business; it has no business to damage. Disclosure of the names and addresses of the partners may harm the General Partner\u2019s reputation and it may limit certain individuals\u2019 ability to gain investors in future funds, but it will not damage Parkcentral.\nSecond, there is no agreement with a third party that requires Parkcentral to keep the information confidential from its limited partners. Parkcentral attempts to classify each limited partner as a \u201cthird party\u201d in relation to the other limited partners, and then goes onto assert that the PPM created an agreement that the General Partner would keep the limited partners\u2019 information confidential. But the limited partners all signed and became principal parties to the Partnership Agreement. Therefore, the \u201cthird party agreement\u201d provision does not apply or require Parkcentral to keep the information confidential.\nCONCLUSION\nFor the foregoing reasons, the judgment of the Court of Chancery is affirmed.\n. 6 Del. C. \u00a7 17-305.\n. Section 9.1(b) of the Partnership Agreement provides:\nEach Partner or its duly authorized representative shall have the right, subject to the provisions of Section 9.1(c) and such other reasonable standards as may be established from time to by the General Partner (including standards governing what information and documents are to be furnished at what time and location and at whose expense), to obtain from the General Partner from time to time upon reasonable demand (which demand shall be in writing and shall state the purpose thereof) for any purpose reasonably related such Partner's interest as a Partner: (i) true and full information regarding the status of the business and financial condition of the Partnership; (ii) promptly after becoming available, a copy of the federal, state, and local income tax returns of the Partnership for each Fiscal Year; (iii) a current list of the name and last known business, residence or mailing address of each Partner; (iv) a copy of this Agreement and the Certificate and any amendment and/or restatement hereof or thereof, together with executed copies of any written powers of attorney pursuant to which this Agreement or the Certificate or any amendment and/or restatement hereof or thereof has been executed; (v) true and full information regarding the amount of case and a description and statement of the agreed value of any other property or services contributed by each Partner to the Partnership or which each Partner has agreed to contribute to the Partnership in the future, and the date on which each became a Partner; and (vi) such other information regarding the affairs of the Partnership as is just and reasonable.\n.Section 9.1(c) of the Partnership Agreement provides:\nNotwithstanding anything in this Agreement to the contrary, the Limited Partners understand and agree that the General Partner shall have the right to keep confidential from the Limited Partners, for such period of time as the General Partner deems reasonable, any information which the General Partner reasonably believes to be in the nature of trade secrets or other information the disclosure of which the General Partner in good faith believes is not in the best interests of the Partnership or could damage the Partnership or its business or which the Partnership is required by law or by agreement with a third party to keep confidential.\n. Gotham Partners, L.P. v. Hallwood Realty Partners, L.P., 817 A.2d 160, 170 (Del.2002).\n. Rapposelli v. State Farm Mut. Auto. Ins. Co., 988 A.2d 425, 427 (Del.2010).\n. Id.\n. 6 Del. C. \u00a7 17-1101(c).\n. 6 Del. C. \u00a7 17-305(a).\n. 6 Del. C. \u00a7 17-305(a).\n. 6 Del. C. \u00a7 17 \u2014 305(f).\n.Partnership Agreement \u00a7 9.1 essentially adopts the language of \u00a7 17-305. See supra footnotes 2-3 for the language of the Partnership Agreement.\n. The Privacy Notice states that \"we generally do not disclose any non-public personal information about our current or former investors that we obtain during the course of our relationship to unaffiliated third parties, except as permitted by law.\u201d\n. The parties do not dispute that Brown made a reasonable demand in writing and stated a proper purpose reasonably related to its interest as a partner.\n. 15U.S.C. \u00a7 6801.\n. In its brief, Parkcentral cited three agencies which adopted regulations pursuant to the Act. The regulations all utilize essentially the same subsections, titles, and text. The FTC adopted 16 C.F.R. \u00a7 313; the CFTC 17 C.F.R. \u00a7 160; and the SEC 17 C.F.R. \u00a7 248.\n. 16 C.F.R. \u00a7 313.10:\n(a)(1) Conditions for disclosure. Except as otherwise authorized in this part, you may not, directly or through any affiliate, disclose any nonpublic personal information about a consumer to a nonaffiliated third party unless:\n(i) You have provided to the consumer an initial notice as required under \u00a7 313.4;\n(ii) You have provided to the consumer an opt out notice as required in \u00a7 313.7;\n(iii) You have given the consumer a reasonable opportunity, before you disclose the information to the nonaffiliated third party, to opt out of the disclosure; and\n(iv) The consumer does not opt out.\nThe CFTC and SEC regulations contain essentially the same language. 17 C.F.R. \u00a7 160.10; 17 C.F.R. \u00a7 248.10.\n. 16 C.F.R. \u00a7 313.17; 17 C.F.R. \u00a7 160.17; 17 C.F.R. \u00a7 248.17.\n. 16 C.F.R. \u00a7 313.17(a). The CFTC and SEC regulations contain essentially the same language. 17 C.F.R. \u00a7 160.17(a); 17 C.F.R. \u00a7 248.17(a).\n. Louisiana Public Service Com'n v. F.C.C., 476 U.S. 355, 369, 106 S.Ct. 1890, 90 L.Ed.2d 369 (1986) (citations omitted).\n. Id. at 368, 106 S.Ct. 1890 (citations omitted).\n. Olson v. Halvorsen, 986 A.2d 1150, 1160 (Del.2009).\n. The Chancellor reached a similar conclusion in Arbor Place, L.P. v. Encore Opportunity Fund, L.L.C., 2002 WL 205681 (Del.Ch. January 29, 2002). In Arbor Place, the list was requested under 6 Del. C. \u00a7 18-305, a parallel statute to \u00a7 17-305 for limited liability companies. The Chancellor ruled that the SEC regulations did not preclude disclosure because they contained an exception to the notice and opt-out requirements in order to comply with state law. Id. at *4.\n. 16 C.F.R. \u00a7 313.15(a). The CFTC and SEC regulations contain essentially the same language. 17 C.F.R. \u00a7 160.15(a); 17 C.F.R. \u00a7 248.15(a).\n. Section 9.1(c):\nNotwithstanding anything in this Agreement to the contrary, the Limited Partners understand and agree that the General Partner shall have the right to keep confidential from the Limited Partners, for such period of time as the General Partner deems reasonable, any information which the General Partner reasonably believes to be in the nature of trade secrets or other information the disclosure of which the General Partner in good faith believes is not in the best interests of the Partnership or could damage the Partnership or its business or which the Partnership is required by law or by agreement with a third party to keep confidential.\n. Bond Purchase, L.L.C. v. Patriot Tax Credit Properties, L.P., 746 A.2d 842, 859 (Del.Ch. 1999) (\"Under 17-305(b), on the other hand, the general partner of a partnership needs to prove by a preponderance of the evidence only that there is a basis for it in good faith to believe that providing a partner with a list of partners would not be in the best interest of the partnership or would damage the partnership.\u201d). Section 9.1(c) of the Partnership Agreement is practically identical to \u00a7 17-305(b).\n. During direct examination, Radunsky testified:\nBut I think, to me \u2014 because we have promised people that we will keep their information confidential \u2014 to me it\u2019s a legal undertaking that we\u2019ve made and a moral undertaking that we've made to do that, and it's our professional responsibility to fulfill that. And I think that to not do it is hurtful to an entity. An entity ought not breach its moral and legal promises.\n. The PPM states that the \"General Partner does not otherwise provide any non-public personal information about investors to outside firms, organizations or individuals, except as required by law.\u201d\n. We need not address whether the PPM constituted an agreement.",
        "type": "majority",
        "author": "STEELE, Chief Justice:"
      }
    ],
    "attorneys": [
      "R. Judson Scaggs, Jr. (argued) and Ryan D. Stottmann, Morris of Nichols, Arsht & Tunnell LLP, Wilmington, Delaware, for appellant.",
      "Elizabeth M. McGeever, Prickett, Jones & Elliott, P.A., Wilmington, Delaware. Of Counsel: Demetrios Anaipakos and Amir H. Alavi, pro hac vice, (argued), Ahmad, Zavitsanos & Anaipakos, P.C., Houston, Texas, for appellee."
    ],
    "corrections": "",
    "head_matter": "PARKCENTRAL GLOBAL, L.P., Defendant Below, Appellant, v. BROWN INVESTMENT MANAGEMENT, L.P., Plaintiff Below, Appellee.\nNo. 288, 2010.\nSupreme Court of Delaware.\nSubmitted: July 7, 2010.\nDecided: Aug. 12, 2010.\nR. Judson Scaggs, Jr. (argued) and Ryan D. Stottmann, Morris of Nichols, Arsht & Tunnell LLP, Wilmington, Delaware, for appellant.\nElizabeth M. McGeever, Prickett, Jones & Elliott, P.A., Wilmington, Delaware. Of Counsel: Demetrios Anaipakos and Amir H. Alavi, pro hac vice, (argued), Ahmad, Zavitsanos & Anaipakos, P.C., Houston, Texas, for appellee.\nBefore STEELE, Chief Justice, HOLLAND, BERGER, JACOBS and RIDGELY, Justices constituting the court en banc."
  },
  "file_name": "0291-01",
  "first_page_order": 321,
  "last_page_order": 329
}
