{
  "id": 11876116,
  "name": "COMMONWEALTH of Pennsylvania, Respondent, v. Anthony WASHINGTON, Petitioner",
  "name_abbreviation": "Commonwealth v. Washington",
  "decision_date": "1997-12-29",
  "docket_number": "No. 0086 Capital Appeal Docket",
  "first_page": "628",
  "last_page": "628",
  "citations": [
    {
      "type": "official",
      "cite": "704 A.2d 628"
    }
  ],
  "court": {
    "name_abbreviation": "Pa.",
    "id": 8832,
    "name": "Supreme Court of Pennsylvania"
  },
  "jurisdiction": {
    "id": 6,
    "name_long": "Pennsylvania",
    "name": "Pa."
  },
  "cites_to": [
    {
      "cite": "700 A.2d 400",
      "category": "reporters:state_regional",
      "reporter": "A.2d",
      "case_ids": [
        11899290,
        17692
      ],
      "year": 1997,
      "opinion_index": 0,
      "case_paths": [
        "/a2d/700/0400-01",
        "/pa/549/0012-01"
      ]
    },
    {
      "cite": "549 Pa. 12",
      "category": "reporters:state",
      "reporter": "Pa.",
      "case_ids": [
        17692
      ],
      "year": 1997,
      "opinion_index": 0,
      "case_paths": [
        "/pa/549/0012-01"
      ]
    }
  ],
  "analysis": {
    "cardinality": 70,
    "char_count": 623,
    "ocr_confidence": 0.67,
    "pagerank": {
      "raw": 4.03580807328026e-08,
      "percentile": 0.24378506237236225
    },
    "sha256": "922d8fc91ef964b1573b07bff2a038c5b79ab71ba9e8dba302af820d11974d6f",
    "simhash": "1:85630662d0864534",
    "word_count": 94
  },
  "last_updated": "2024-02-27T21:46:20.476796+00:00",
  "provenance": {
    "date_added": "2019-08-29",
    "source": "Harvard",
    "batch": "2018"
  },
  "casebody": {
    "judges": [],
    "parties": [
      "COMMONWEALTH of Pennsylvania, Respondent, v. Anthony WASHINGTON, Petitioner."
    ],
    "opinions": [
      {
        "text": "ORDER\nPER CURIAM.\nAND NOW, this 29th day of December, 1997, upon consideration of petitioner\u2019s emergency motion for a stay of execution, and the Commonwealth\u2019s concurrence with this application, IT IS HEREBY ORDERED that petitioner\u2019s application is GRANTED and his execution will be stayed pending action by the United States Supreme Court on his petition for writ of certiorari from this Court\u2019s ruling in Commonwealth v. Washington, 549 Pa. 12, 700 A.2d 400 (1997).",
        "type": "majority",
        "author": "PER CURIAM."
      }
    ],
    "attorneys": [],
    "corrections": "",
    "head_matter": "COMMONWEALTH of Pennsylvania, Respondent, v. Anthony WASHINGTON, Petitioner.\nNo. 0086 Capital Appeal Docket.\nSupreme Court of Pennsylvania.\nDec. 29, 1997."
  },
  "file_name": "0628-01",
  "first_page_order": 734,
  "last_page_order": 734
}
