{
  "id": 8208303,
  "name": "COMMONWEALTH of Pennsylvania, Respondent v. Robert Gene REGA, Petitioner",
  "name_abbreviation": "Commonwealth v. Rega",
  "decision_date": "2008-08-14",
  "docket_number": "",
  "first_page": "345",
  "last_page": "345",
  "citations": [
    {
      "type": "official",
      "cite": "955 A.2d 345"
    }
  ],
  "court": {
    "name_abbreviation": "Pa.",
    "id": 8832,
    "name": "Supreme Court of Pennsylvania"
  },
  "jurisdiction": {
    "id": 6,
    "name_long": "Pennsylvania",
    "name": "Pa."
  },
  "cites_to": [
    {
      "cite": "947 A.2d 710",
      "category": "reporters:state_regional",
      "reporter": "A.2d",
      "case_ids": [
        4088483,
        8397995,
        4089073,
        4087509,
        8398070,
        8398041
      ],
      "pin_cites": [
        {
          "page": "711"
        }
      ],
      "opinion_index": 0,
      "case_paths": [
        "/pa/596/0579-01",
        "/a2d/947/0710-01",
        "/pa/596/0579-02",
        "/pa/596/0580-01",
        "/a2d/947/0710-03",
        "/a2d/947/0710-02"
      ]
    },
    {
      "cite": "781 A.2d 1167",
      "category": "reporters:state_regional",
      "reporter": "A.2d",
      "case_ids": [
        9480634,
        706246
      ],
      "year": 2001,
      "pin_cites": [
        {
          "parenthetical": "holding that, where a post-conviction petitioner files his first petition pro se, he shall be permitted to file an amended petition with the assistance of counsel"
        }
      ],
      "opinion_index": 0,
      "case_paths": [
        "/a2d/781/1167-01",
        "/pa/566/0457-01"
      ]
    },
    {
      "cite": "566 Pa. 457",
      "category": "reporters:state",
      "reporter": "Pa.",
      "case_ids": [
        706246
      ],
      "year": 2001,
      "pin_cites": [
        {
          "parenthetical": "holding that, where a post-conviction petitioner files his first petition pro se, he shall be permitted to file an amended petition with the assistance of counsel"
        }
      ],
      "opinion_index": 0,
      "case_paths": [
        "/pa/566/0457-01"
      ]
    }
  ],
  "analysis": {
    "cardinality": 121,
    "char_count": 1299,
    "ocr_confidence": 0.697,
    "pagerank": {
      "raw": 4.03580807328026e-08,
      "percentile": 0.20146367606760085
    },
    "sha256": "6611a4fe8d0b8fe1409d92a7b6536005548b35c74b7696310d3c7da30dfa1a0c",
    "simhash": "1:768513c8220009d0",
    "word_count": 201
  },
  "last_updated": "2024-02-27T19:28:04.518935+00:00",
  "provenance": {
    "date_added": "2019-08-29",
    "source": "Harvard",
    "batch": "2018"
  },
  "casebody": {
    "judges": [],
    "parties": [
      "COMMONWEALTH of Pennsylvania, Respondent v. Robert Gene REGA, Petitioner."
    ],
    "opinions": [
      {
        "text": "ORDER\nPER CURIAM.\nAND NOW, this 14th day of August, Petitioner\u2019s emergency motion for stay of execution and remand for filing of first, amended, counseled PCRA petition is GRANTED; the PCRA court\u2019s Order dated July 21, 2008, dismissing Movant\u2019s pro se PCRA petition is VACATED, see Commonwealth v. Tedford, 566 Pa. 457, 781 A.2d 1167 (2001) (holding that, where a post-conviction petitioner files his first petition pro se, he shall be permitted to file an amended petition with the assistance of counsel); Commonwealth v. Robinson, 947 A.2d 710, 711 (Pa.2008) (per curiam) (explaining that pertinent criminal procedural rules are \u201cintended to provide petitioners with a legitimate opportunity to present their claims to the PCRA court, in a manner sufficient to avoid dismissal due to a correctable defect in pleading or presentation\u201d); the motion for stay of execution is GRANTED, pending an appropriate final disposition of the post-conviction proceedings, see Pa.R.Crim.P. 909(A)(2); and the matter is REMANDED to the PCRA court with the direction that Movant be permitted to file an amended, counseled post-conviction petition within 120 days after the entry of this Order.",
        "type": "majority",
        "author": "PER CURIAM."
      }
    ],
    "attorneys": [],
    "corrections": "",
    "head_matter": "COMMONWEALTH of Pennsylvania, Respondent v. Robert Gene REGA, Petitioner.\nSupreme Court of Pennsylvania.\nAug. 14, 2008."
  },
  "file_name": "0345-02",
  "first_page_order": 377,
  "last_page_order": 377
}
