{
  "id": 7909192,
  "name": "STATE of Maine v. Patricia DOUGHTY",
  "name_abbreviation": "State v. Doughty",
  "decision_date": "1989-03-07",
  "docket_number": "",
  "first_page": "1189",
  "last_page": "1192",
  "citations": [
    {
      "type": "official",
      "cite": "554 A.2d 1189"
    }
  ],
  "court": {
    "name_abbreviation": "Me.",
    "id": 9543,
    "name": "Maine Supreme Judicial Court"
  },
  "jurisdiction": {
    "id": 42,
    "name_long": "Maine",
    "name": "Me."
  },
  "cites_to": [
    {
      "cite": "129 A.2d 216",
      "category": "reporters:state_regional",
      "reporter": "A.2d",
      "year": 1957,
      "pin_cites": [
        {
          "page": "219"
        }
      ],
      "opinion_index": 0
    },
    {
      "cite": "152 Me. 332",
      "category": "reporters:state",
      "reporter": "Me.",
      "case_ids": [
        472606
      ],
      "year": 1957,
      "pin_cites": [
        {
          "page": "338"
        }
      ],
      "opinion_index": 0,
      "case_paths": [
        "/me/152/0332-01"
      ]
    },
    {
      "cite": "546 A.2d 1013",
      "category": "reporters:state_regional",
      "reporter": "A.2d",
      "case_ids": [
        7942402
      ],
      "pin_cites": [
        {
          "page": "1018"
        }
      ],
      "opinion_index": 0,
      "case_paths": [
        "/a2d/546/1013-01"
      ]
    },
    {
      "cite": "682 F.Supp. 608",
      "category": "reporters:federal",
      "reporter": "F. Supp.",
      "case_ids": [
        7398749
      ],
      "year": 1988,
      "pin_cites": [
        {
          "parenthetical": "applying M.R.Evid. 503(e)(3)"
        }
      ],
      "opinion_index": 0,
      "case_paths": [
        "/f-supp/682/0608-01"
      ]
    }
  ],
  "analysis": {
    "cardinality": 714,
    "char_count": 12552,
    "ocr_confidence": 0.763,
    "pagerank": {
      "raw": 1.1057907527216474e-07,
      "percentile": 0.5695268334177012
    },
    "sha256": "103fd2264e6789f9c7b5d4733ea686e876cb88c640324aadd25d6cb12ea8ae7c",
    "simhash": "1:773786913b198e4a",
    "word_count": 2040
  },
  "last_updated": "2024-02-27T19:47:21.521297+00:00",
  "provenance": {
    "date_added": "2019-08-29",
    "source": "Harvard",
    "batch": "2018"
  },
  "casebody": {
    "judges": [
      "Before McKUSICK, C.J., and ROBERTS, WATHEN, GLASSMAN, CLIFFORD and HORNBY, JJ."
    ],
    "parties": [
      "STATE of Maine v. Patricia DOUGHTY."
    ],
    "opinions": [
      {
        "text": "McKUSICK, Chief Justice.\nAfter a jury trial in the Superior Court (York County; Cole, J.), Patricia Doughty was convicted of operating a motor vehicle while under the influence of intoxicating liquor (OUI), 29 M.R.S.A. \u00a7 1312-B (Pamph.1988). Doughty raises three issues on appeal, contending: 1) that the presiding justice erroneously admitted into evidence a privileged physician-patient communication; 2) that evidence of her refusal to submit to a blood-alcohol test, throughout the time she was in police custody, was rendered inadmissible by the subsequent hospital analysis of her blood-alcohol content for diagnostic purposes (the results of which had been suppressed from evidence); and 3) that the prosecutor in closing argument summarized the testimony in a misleading and inflammatory manner and prej-udicially used impeachment evidence for substantive purposes. We find no error.\nAccording to Doughty\u2019s testimony, she and her husband had stopped for dinner at a restaurant in Ogunquit after a Sunday drive up the coast from their Kittery home. While waiting to be served, Doughty drank some \u201cmimosas,\u201d a mixture of orange juice and champagne. Then, deciding the service was too slow, they left without eating and checked into a nearby motel. Doughty, who suffers from diabetes, then drove off alone to fetch some take-out food. That much of her testimony is undisputed. Next, according to Doughty, she felt an insulin reaction coming on while en route to get the food, pulled onto a side road, and stopped her car. Only then did she notice that a police cruiser had pulled up behind her.\nThe owner of the motel testified that Doughty was noticeably intoxicated when she checked in and that she drove out of the parking lot in a highly erratic manner. The motel owner called to warn the police, giving them a description of Doughty\u2019s car. According to the arresting officer\u2019s testimony, he encountered Doughty driving head-on towards him in the wrong lane. It was after dark and he was not yet aware that the car met the description he had just received of the OUI suspect in the neighborhood. After taking the necessary evasive action, he turned around to follow, and the car pulled off and stopped. The driver, he said, was severely disoriented, with a flushed face, bloodshot eyes, and a very strong odor of alcohol on her breath. She told him she had consumed two mimosas and asked to be driven back to her motel because she had had too much to drink to be driving. Her performance on field sobriety tests was not satisfactory.\nDoughty consented to return to the station. After she again displayed difficulty in walking a straight line, the officer asked her if she would voluntarily take a breath test. When she declined, he placed her under arrest and informed her of her duty to submit to a breath test and of the consequences of failure to submit. He followed the procedure specified in 29 M.R.S.A. \u00a7 1312(1) (Pamph.1988) and gave her an acknowledgment form to sign. She again refused to be tested, and soon began having chest pains. She was taken to York Hospital for observation, spent the night there, and was discharged the next morning. In the course of her treatment, she had blood drawn and analyzed; the laboratory results included a blood-alcohol reading of 0.21%. The hospital records also show that she told the attending physician when asked about her alcohol consumption that she had drunk four mimosas.\nAt trial, she testified on direct examination that she had had only two mimosas. When she reaffirmed that figure on cross-examination, the State offered as impeachment evidence a certified copy of the hospital record with the text of her statement to the physician. On appeal Doughty renews her objection that the record is a privileged physician-patient communication under M.R.Evid. 503.\nI.\nDoughty\u2019s statement was clearly a confidential communication to her doctor, and the State has not contested this point. Were there no applicable exception to the \u201cGeneral Rule of Privilege,\u201d M.R.Evid. 503(b), Doughty would have the right to have the statement excluded from evidence. Rule 503(e)(3), however, provides:\nThere is no privilege under this rule as to communications relevant to an issue of the physical, mental or emotional condition of the patient in any proceeding in which the condition of the patient is an element of the claim or defense of the patient....\nDoughty affirmed on direct examination that she did not \u201cfeel any impairment, even to the slightest degree, of what [she] had had to drink.\u201d She testified that any problems she may have had with her driving or her field sobriety tests were the result of unrelated medical conditions, diabetes and a back injury, not the two mimosas she said she had drunk. By so doing, she placed her physical condition in issue as an element of her defense and thereby took her level of alcohol consumption outside the scope of the privilege. To preserve the confidentiality of a statement to a physician pertaining to a medical condition, the patient must avoid raising that condition as an issue in her defense at trial. See Leslie v. Brames, 682 F.Supp. 608, 609 n. 1 (D.Me. 1988) (applying M.R.Evid. 503(e)(3)).\nII.\nNext, Doughty contends that it was error for the court to admit evidence of her refusal to submit to an alcohol test while in police custody. She argues that the blood-alcohol test taken in the hospital for diagnostic purposes, some two to four hours after she was stopped, fulfilled her statutory \u201cduty to submit to a test to determine h[er] blood-alcohol level by analysis of h[er] blood or breath,\u201d 29 M.R.S.A. \u00a7 1312 (Pamph.1988). The phrase \u201csubmit to a test\u201d in the introductory paragraph of section 1312, however, is clarified and amplified in the eleven subsections that follow, leaving no room for doubt that the motorist\u2019s duty is to \u201csubmit to a chemical test or tests at the request of a law enforcement officer,\u201d 29 M.R.S.A. \u00a7 1312(4) (1978), for investigatory purposes. At no time did Doughty do this. She never consented to the State\u2019s use of the hospital laboratory results. Indeed, when Doughty learned that the State had obtained those results, she sought and obtained their suppression.\nThe manifest purpose of the implied consent law is to provide reliable evidence to aid in determining whether a person suspected of operating under the influence has in fact committed that crime against public safety. The aim is the prompt resolution of the key factual question at a time when meaningful objective information is available through testing under controlled conditions. If that aim is frustrated by the defendant\u2019s refusal to submit to testing when the officer so requests, the statute expressly authorizes the factfinder to consider the logical implication of that refusal. 29 M.R.S.A. \u00a7 1312(8).\nIII.\nFinally, Doughty contends that the State\u2019s closing argument was prejudicial in two ways: first, that it contained inflammatory and inaccurate paraphrases of the testimony; second, that it used the hospital record for the truth of her \u201cfour mimosa\u201d statement rather than merely for impeachment of her \u201ctwo mimosa\u201d testimony. On the first point we state the obvious, that an attorney making a closing argument is not restricted to the difficult if not impossible task of providing verbatim renditions of all testimony alluded to. In closing argument, counsel may comment on testimony and other evidence as long as they stay within the bounds of fairness. Miller v. Szelenyi, 546 A.2d 1013, 1018 (Me.1988); Young v. Carignan, 152 Me. 332, 338, 129 A.2d 216, 219 (1957). In this case, whatever potential for prejudice there may have been in such prosecutorial remarks as \u201con the look out for a reported drunk driver\u201d was fully remedied when defense counsel carefully explained to the jury that the dispatcher actually warned the arresting officer only of a \u201cpossible OUI,\u201d and provided similar corrections for every other arguable inconsistency between testimony and closing argument.\nNeither was there any error in the prosecutor\u2019s reference in closing argument to Doughty\u2019s admission to her doctor that she had consumed four mimosas. Even if the prosecutor\u2019s reference to the hospital record did go beyond the limited purpose of impeachment, there was no impropriety because the use of the evidence was not restricted to that purpose. No limiting instruction was ever requested under M.R. Evid. 105, none was given, and none was in order. Rule 503(e)(3) in no way puts any limitation on the exception to the physician-patient privilege that arises when the patient has herself put her physical condition in issue. That rule simply states: \u201cThere is no privilege ...\u201d in that situation. Doughty\u2019s statement to the doctor, admissible under M.R.Evid. 801(d)(2) as a party\u2019s admission, went into evidence for all purposes.\nThe entry is:\nJudgment affirmed.\nAll concurring.\n. Rule 503, defining the physician and psychotherapist-patient privilege, provides in pertinent part:\n(a) Definitions.\n(4) A communication is \"confidential\u201d if not intended to be disclosed to third persons other than those present to further the interest of the patient ... or persons reasonably necessary for the transmission of the communication, or persons who are participating in the diagnosis and treatment....\n(b) General Rule of Privilege. A patient has a privilege to refuse to disclose and to prevent any other person from disclosing confidential communications made for the purpose of diagnosis or treatment of his physical, mental or emotional condition, including alcohol or drug addiction, among himself, his physician or psychotherapist, and persons who are participating in the diagnosis or treatment....\nM.R.Evid. 503(a)(4), 503(b).\n. Before the Maine Rules of Evidence were adopted, there was no such unqualified privilege, and any claim of confidentiality could be overridden \"when a court!,] in the exercise of sound discretion, deems ... disclosure necessary to the proper administration of justice.\u201d 32 M.R.S.A. \u00a7 3295 (Pamph. 1973), repealed by P.L. 1977, ch. 564, \u00a7 123; see M.R.Evid. 503 advisers\u2019 note, reprinted in Field & Murray, Maine Evidence \u00a7 503, at 161 (2d ed. 1987).\n. The implied consent statute provides more fully:\nAny person who operates or attempts to operate a motor vehicle within this State shall have the duty to submit to a test to determine his blood-alcohol level by analysis of his blood or breath, if there is probable cause to believe he has operated or attempted to operate a motor vehicle while under the influence of intoxicating liquor....\n1. Prerequisites to tests. Before any test specified is given, the law enforcement officer shall inform the person as to whom there is probable cause that, if he fails to comply with the duty to submit to and complete a test ... his license ... will be suspended.... The officer should also inform the person that the failure to comply with the duty ... shall be admissible in evidence against him at any trial for operating under the influence of intoxicating liquor.\n8. Evidence. The percentage by weight of alcohol in the defendant's blood at the time alleged, as shown by the chemical analysis ... shall be admissible in evidence.\n. The failure of a person to comply with the duty required by this section to submit to a blood-alcohol test shall be admissible in evidence on the issue of whether that person was under the influence of intoxicating liquor. If the law enforcement officer having probable cause to believe that the person operated or attempted to operate a motor vehicle under the influence of intoxicating liquor fails to give either of the warnings required under subsection 1, the failure of the person to comply with the duty to submit to a blood-alcohol test shall not be admissible....\n29 M.R.S.A. \u00a7 1312 (Pamph.1988). Doughty does not contest the existence of probable cause or the officer\u2019s compliance with the warning requirement.\n. The District Court (Kittery; Janelle, J.) suppressed the blood-alcohol reading with the State\u2019s consent pursuant to an agreement under which Doughty dropped her effort to suppress \"any self-incriminating statements ... including the recitation of the alphabet.\u201d",
        "type": "majority",
        "author": "McKUSICK, Chief Justice."
      }
    ],
    "attorneys": [
      "Mary Tousignant, Dist. Atty., Anne H. Jordan (orally), Asst. Dist. Atty., Alfred, for plaintiff.",
      "James M. Dineen (orally), Kittery, for defendant."
    ],
    "corrections": "",
    "head_matter": "STATE of Maine v. Patricia DOUGHTY.\nSupreme Judicial Court of Maine.\nArgued Jan. 9, 1989.\nDecided March 7, 1989.\nMary Tousignant, Dist. Atty., Anne H. Jordan (orally), Asst. Dist. Atty., Alfred, for plaintiff.\nJames M. Dineen (orally), Kittery, for defendant.\nBefore McKUSICK, C.J., and ROBERTS, WATHEN, GLASSMAN, CLIFFORD and HORNBY, JJ."
  },
  "file_name": "1189-01",
  "first_page_order": 1235,
  "last_page_order": 1238
}
