{
  "id": 9221038,
  "name": "THE CITY OF RENO and RENO POLICE DEPARTMENT, Appellants, v. RENO POLICE PROTECTIVE ASSOCIATION and STATE OF NEVADA, LOCAL GOVERNMENT EMPLOYEE-MANAGEMENT RELATIONS BOARD, Respondents",
  "name_abbreviation": "City of Reno v. Reno Police Protective Ass'n",
  "decision_date": "2002-12-26",
  "docket_number": "No. 37060",
  "first_page": "889",
  "last_page": "901",
  "citations": [
    {
      "type": "official",
      "cite": "118 Nev. 889"
    },
    {
      "type": "parallel",
      "cite": "59 P.3d 1212"
    }
  ],
  "court": {
    "name_abbreviation": "Nev.",
    "id": 9783,
    "name": "Supreme Court of Nevada"
  },
  "jurisdiction": {
    "id": 48,
    "name_long": "Nevada",
    "name": "Nev."
  },
  "cites_to": [
    {
      "cite": "104 Nev. 709",
      "category": "reporters:state",
      "reporter": "Nev.",
      "case_ids": [
        8558438
      ],
      "weight": 2,
      "year": 1988,
      "pin_cites": [
        {
          "page": "713",
          "parenthetical": "quoting Clark Co. Sch. Dist., 90 Nev. at 446, 530 P.2d at 117"
        },
        {
          "page": "266",
          "parenthetical": "quoting Clark Co. Sch. Dist., 90 Nev. at 446, 530 P.2d at 117"
        }
      ],
      "opinion_index": 0,
      "case_paths": [
        "/nev/104/0709-01"
      ]
    },
    {
      "cite": "105 Nev. 830",
      "category": "reporters:state",
      "reporter": "Nev.",
      "case_ids": [
        4789129
      ],
      "weight": 2,
      "year": 1989,
      "pin_cites": [
        {
          "page": "834"
        },
        {
          "page": "947"
        }
      ],
      "opinion_index": 0,
      "case_paths": [
        "/nev/105/0830-01"
      ]
    },
    {
      "cite": "109 Nev. 327",
      "category": "reporters:state",
      "reporter": "Nev.",
      "case_ids": [
        8557617
      ],
      "weight": 2,
      "year": 1993,
      "pin_cites": [
        {
          "page": "329"
        },
        {
          "page": "269"
        }
      ],
      "opinion_index": 0,
      "case_paths": [
        "/nev/109/0327-01"
      ]
    },
    {
      "cite": "113 Nev. 942",
      "category": "reporters:state",
      "reporter": "Nev.",
      "case_ids": [
        11786459
      ],
      "weight": 2,
      "year": 1997,
      "pin_cites": [
        {
          "page": "947"
        },
        {
          "page": "787"
        }
      ],
      "opinion_index": 0,
      "case_paths": [
        "/nev/113-2/0942-01"
      ]
    },
    {
      "cite": "109 Nev. 74",
      "category": "reporters:state",
      "reporter": "Nev.",
      "case_ids": [
        8556964
      ],
      "weight": 2,
      "year": 1993,
      "pin_cites": [
        {
          "page": "76"
        },
        {
          "page": "738"
        }
      ],
      "opinion_index": 0,
      "case_paths": [
        "/nev/109/0074-01"
      ]
    },
    {
      "cite": "109 Nev. 322",
      "category": "reporters:state",
      "reporter": "Nev.",
      "case_ids": [
        8557588
      ],
      "weight": 2,
      "year": 1993,
      "pin_cites": [
        {
          "page": "325"
        },
        {
          "page": "273"
        }
      ],
      "opinion_index": 0,
      "case_paths": [
        "/nev/109/0322-01"
      ]
    },
    {
      "cite": "Cal. Evidence Code \u00a7 952",
      "category": "laws:leg_statute",
      "reporter": "Cal. Code",
      "weight": 2,
      "year": 1995,
      "pin_cites": [
        {
          "page": "1"
        }
      ],
      "opinion_index": 0
    },
    {
      "cite": "201 F.R.D. 465",
      "category": "reporters:specialty",
      "reporter": "F.R.D.",
      "case_ids": [
        678657
      ],
      "year": 2001,
      "opinion_index": 0,
      "case_paths": [
        "/frd/201/0465-01"
      ]
    },
    {
      "cite": "2001 WL 897185",
      "category": "reporters:specialty_west",
      "reporter": "WL",
      "year": 2001,
      "opinion_index": 0
    },
    {
      "cite": "903 F. Supp. 803",
      "category": "reporters:federal",
      "reporter": "F. Supp.",
      "case_ids": [
        7828160
      ],
      "year": 1995,
      "opinion_index": 0,
      "case_paths": [
        "/f-supp/903/0803-01"
      ]
    },
    {
      "cite": "1994 WL 878920",
      "category": "reporters:specialty_west",
      "reporter": "WL",
      "year": 1994,
      "pin_cites": [
        {
          "page": "*2-3",
          "parenthetical": "holding e-mails sent to or from an in-house counsel protected because contained legal advice and plaintiff failed to prove e-mails were disclosed to third parties"
        }
      ],
      "opinion_index": 0
    },
    {
      "cite": "2001 WL 1558303",
      "category": "reporters:specialty_west",
      "reporter": "WL",
      "year": 2001,
      "pin_cites": [
        {
          "parenthetical": "considering whether e-mails contained communications concerning legal advice"
        }
      ],
      "opinion_index": 0
    },
    {
      "cite": "01 C 1576",
      "category": "reporters:state",
      "reporter": "Cow.",
      "year": 2001,
      "pin_cites": [
        {
          "parenthetical": "considering whether e-mails contained communications concerning legal advice"
        }
      ],
      "opinion_index": 0
    },
    {
      "cite": "39 F.3d 1210",
      "category": "reporters:federal",
      "reporter": "F.3d",
      "case_ids": [
        10532441,
        3615242
      ],
      "year": 1994,
      "pin_cites": [
        {
          "page": "1213",
          "parenthetical": "finding that \"parties must have contractually agreed to be bound by the [arbitration]\" (emphasis added)"
        }
      ],
      "opinion_index": 0,
      "case_paths": [
        "/f3d/39/1210-01",
        "/us-app-dc/309/0118-01"
      ]
    },
    {
      "cite": "268 N.L.R.B. 573",
      "category": "reporters:federal",
      "reporter": "N.L.R.B.",
      "weight": 3,
      "year": 1984,
      "pin_cites": [
        {
          "page": "574"
        },
        {
          "page": "574"
        },
        {
          "page": "574"
        }
      ],
      "opinion_index": 0
    },
    {
      "cite": "112 N.L.R.B. 1080",
      "category": "reporters:federal",
      "reporter": "N.L.R.B.",
      "weight": 2,
      "year": 1955,
      "pin_cites": [
        {
          "page": "1082"
        },
        {
          "page": "1087",
          "parenthetical": "deferring to arbitration award because parties agreed that issue of reinstatement would be submitted to arbitration"
        }
      ],
      "opinion_index": 0
    },
    {
      "cite": "785 F.2d 807",
      "category": "reporters:federal",
      "reporter": "F.2d",
      "case_ids": [
        1565365
      ],
      "weight": 3,
      "year": 1986,
      "pin_cites": [
        {
          "page": "809",
          "parenthetical": "quoting Spielberg Manufacturing Co., 112 N.L.R.B. 1080, 1082 (1955)"
        },
        {
          "page": "809",
          "parenthetical": "holding that for the deferral policy to apply, the parties must have agreed to be bound by the arbitration"
        },
        {
          "page": "809",
          "parenthetical": "holding that the deferral policy does not apply if the arbitrator's finding is repugnant to the NLRA"
        }
      ],
      "opinion_index": 0,
      "case_paths": [
        "/f2d/785/0807-01"
      ]
    },
    {
      "cite": "90 Nev. 442",
      "category": "reporters:state",
      "reporter": "Nev.",
      "case_ids": [
        8557620
      ],
      "weight": 5,
      "year": 1974,
      "pin_cites": [
        {
          "page": "446"
        },
        {
          "page": "117"
        },
        {
          "page": "446"
        },
        {
          "page": "117"
        }
      ],
      "opinion_index": 0,
      "case_paths": [
        "/nev/90/0442-01"
      ]
    },
    {
      "cite": "118 Nev. 444",
      "category": "reporters:state",
      "reporter": "Nev.",
      "case_ids": [
        9221549
      ],
      "weight": 7,
      "year": 2002,
      "pin_cites": [
        {
          "page": "449"
        },
        {
          "page": "654"
        },
        {
          "page": "449"
        },
        {
          "page": "654"
        },
        {
          "page": "449"
        },
        {
          "page": "654"
        }
      ],
      "opinion_index": 0,
      "case_paths": [
        "/nev/118/0444-01"
      ]
    },
    {
      "cite": "892 P.2d 947",
      "category": "reporters:state_regional",
      "reporter": "P.2d",
      "case_ids": [
        1561211
      ],
      "year": 1995,
      "pin_cites": [
        {
          "parenthetical": "holding that if a party specifically agrees to arbitrate statutory claims, the private arbitration could bind an administrative body"
        }
      ],
      "opinion_index": 0,
      "case_paths": [
        "/nm/119/0500-01"
      ]
    },
    {
      "cite": "112 Nev 1319",
      "category": "reporters:state",
      "reporter": "Nev.",
      "case_ids": [
        11824748
      ],
      "weight": 2,
      "year": 1996,
      "pin_cites": [
        {
          "page": "1323",
          "parenthetical": "finding that the extent of arbitrators' jurisdiction over NRS Chapter 288 collective bargaining agreements depends upon the construction of the agreement"
        },
        {
          "page": "956",
          "parenthetical": "finding that the extent of arbitrators' jurisdiction over NRS Chapter 288 collective bargaining agreements depends upon the construction of the agreement"
        }
      ],
      "opinion_index": 0,
      "case_paths": [
        "/nev/112-2/1319-01"
      ]
    },
    {
      "cite": "581 P.2d 865",
      "category": "reporters:state_regional",
      "reporter": "P.2d",
      "case_ids": [
        8557946,
        8557917
      ],
      "year": 1978,
      "pin_cites": [
        {
          "page": "867"
        }
      ],
      "opinion_index": 0,
      "case_paths": [
        "/nev/94/0491-01",
        "/nev/94/0490-01"
      ]
    },
    {
      "cite": "94 Nev 491",
      "category": "reporters:state",
      "reporter": "Nev.",
      "case_ids": [
        8557946
      ],
      "year": 1978,
      "pin_cites": [
        {
          "page": "493"
        }
      ],
      "opinion_index": 0,
      "case_paths": [
        "/nev/94/0491-01"
      ]
    },
    {
      "cite": "107 Nev 906",
      "category": "reporters:state",
      "reporter": "Nev.",
      "case_ids": [
        8558932
      ],
      "weight": 4,
      "year": 1991,
      "pin_cites": [
        {
          "page": "911"
        },
        {
          "page": "880"
        },
        {
          "page": "910"
        },
        {
          "page": "879"
        }
      ],
      "opinion_index": 0,
      "case_paths": [
        "/nev/107/0906-01"
      ]
    },
    {
      "cite": "114 Nev. 823",
      "category": "reporters:state",
      "reporter": "Nev.",
      "case_ids": [
        11499611
      ],
      "weight": 2,
      "year": 1998,
      "opinion_index": 0,
      "case_paths": [
        "/nev/114/0823-01"
      ]
    },
    {
      "cite": "110 Nev 581",
      "category": "reporters:state",
      "reporter": "Nev.",
      "case_ids": [
        8558408
      ],
      "weight": 2,
      "year": 1994,
      "pin_cites": [
        {
          "page": "598-99"
        },
        {
          "page": "1191"
        }
      ],
      "opinion_index": 0,
      "case_paths": [
        "/nev/110/0581-01"
      ]
    },
    {
      "cite": "110 Nev 632",
      "category": "reporters:state",
      "reporter": "Nev.",
      "case_ids": [
        8558490
      ],
      "weight": 4,
      "year": 1994,
      "pin_cites": [
        {
          "page": "634-35"
        },
        {
          "page": "1034"
        },
        {
          "page": "634"
        },
        {
          "page": "1034"
        }
      ],
      "opinion_index": 0,
      "case_paths": [
        "/nev/110/0632-01"
      ]
    },
    {
      "cite": "110 Nev. 739",
      "category": "reporters:state",
      "reporter": "Nev.",
      "case_ids": [
        8558781
      ],
      "weight": 2,
      "year": 1994,
      "pin_cites": [
        {
          "page": "742"
        },
        {
          "page": "542"
        }
      ],
      "opinion_index": 0,
      "case_paths": [
        "/nev/110/0739-01"
      ]
    }
  ],
  "analysis": {
    "cardinality": 1014,
    "char_count": 23202,
    "ocr_confidence": 0.884,
    "pagerank": {
      "raw": 1.3793263244403009e-07,
      "percentile": 0.6401919571372694
    },
    "sha256": "d16d10f99c6ffafa6fed3fddc4b1e8f618610c97858033e20647887e9919ee58",
    "simhash": "1:9fc2cfbb05534c79",
    "word_count": 3596
  },
  "last_updated": "2024-02-27T22:30:20.364377+00:00",
  "provenance": {
    "date_added": "2019-08-29",
    "source": "Harvard",
    "batch": "2018"
  },
  "casebody": {
    "judges": [],
    "parties": [
      "THE CITY OF RENO and RENO POLICE DEPARTMENT, Appellants, v. RENO POLICE PROTECTIVE ASSOCIATION and STATE OF NEVADA, LOCAL GOVERNMENT EMPLOYEE-MANAGEMENT RELATIONS BOARD, Respondents."
    ],
    "opinions": [
      {
        "text": "OPINION\nPer Curiam:\nThis is an appeal from a district court order affirming the Employee-Management Relations Board\u2019s (EMRB\u2019s) decision regarding the discipline of police officers. The judgment of the district court is affirmed.\nFACTS\nOn October 13, 1996, nine off-duty Reno police officers were involved in an altercation at Caesar\u2019s Tahoe, located in Douglas County, Nevada, resulting in the arrest of two officers for disorderly conduct and battery. In a separate matter, another police officer was implicated in an off-duty episode and disciplined in July 1996. The Reno Police Protective Association (RPPA) represented the majority of the officers involved in both incidents. At the time of these events, all parties to this appeal, as well as the disciplined officers, were governed by a collective bargaining agreement (the contract) that expired in June 1997. The contract was negotiated by the RPPA and the City and contained all subjects of mandatory bargaining required by NRS 288.150.\nOn June 17, 1997, the RPPA filed an unfair labor practice complaint against the City with the EMRB. The complaint alleged that the City engaged in a prohibited practice in violation of NRS 288.270 by adopting new criteria for disciplining police personnel for off-duty conduct without conducting mandatory negotiation as required by NRS 288.150. The RPPA argued that, prior to these incidents, the City had used three criteria known as the Robertson criteria, but when the City disciplined these officers, it added an additional criterion. The Robertson criteria, defining when police officers could be disciplined for off-duty misconduct, included:\n(a) identifying oneself as a police officer, thus placing himself/herself on duty, (b) the use of any tools of the police officer trade, such as handcuffs, gun, badge, identification, etc., and (c) did a third person know the individual as a police officer or identified the individual as a police officer.\nThe City added the following criterion: \u201cdid the conduct impair the reputation or operations of the police department.\u201d The EMRB deferred hearing the complaint because the RPPA was simultaneously arbitrating whether just cause existed to discipline the officers.\nThe arbitrations pertinent to this appeal concerned the disciplinary actions taken against a police officer from the Caesar\u2019s Tahoe incident and the officer from the July 1996 incident. The same arbitrator heard both disputes. The arbitrator, in both arbi-trations, was presented with three issues: (1) whether the City had jurisdiction to discipline the grievant for his off-duty conduct, and (2) if so, whether the grievant was disciplined for just cause under the contract, and (3) if not, what the remedy should be. The arbitrator determined that the Robertson criteria were not a clearly enunciated, or acted-upon, past practice. The arbitrator found that just cause existed to discipline the officers.\nAfter completion of the grievance-arbitration process, upon the RPPA\u2019s request, the EMRB conducted a hearing on January 11, 2000, concerning the deferred complaint. At the outset, the City argued that the EMRB was estopped from hearing the matter because the arbitrations resolved the complaint. The EMRB decided to hear the matter because the complaint involved allegations of an unfair labor practice, a subject over which the EMRB has exclusive jurisdiction.\nDuring the hearing, the EMRB admitted a memorandum over the City\u2019s claim of attorney-client privilege. Rick Gonzales, the City\u2019s labor relations manager, authored the memorandum and sent it by e-mail to the chief deputy city attorney, two deputy city attorneys, and the assistant city manager. Ron Dreher, executive director of the RPPA, found the memorandum on his desk sometime after the arbitrations, but did not know who placed the document on his desk. The EMRB concluded that documents transmitted by e-mail are not covered by the attorney-client privilege.\nOn February 29, 2000, based on the evidence before it, and without deferring to the arbitrator\u2019s findings, the EMRB issued its decision. The EMRB found that the City\u2019s use of the Robertson criteria was an established practice, which could only be changed through negotiation pursuant to NRS 288.150, and that the City engaged in a prohibited practice by unilaterally changing that criteria. The City petitioned the district court for judicial review. The district court denied the petition, finding that the EMRB\u2019s decision was supported by substantial evidence. The City filed this appeal.\nDISCUSSION\nWhen reviewing an administrative decision, this court is limited to determining whether the decision is legally sound and is based upon substantial evidence. This court conducts an independent de novo review of questions of law to determine whether there has been a clear error of judgment. However, with respect to an agency\u2019s decision concerning an issue of fact, this court will affirm the agency\u2019s decision if it is supported by substantial evidence.\nCollateral estoppel\nThe City argues that the EMRB was precluded from determining whether the Robertson criteria were previously utilized in disciplining police officers\u2019 off-duty conduct because the arbitrator, in both arbitrations, determined the criteria were not utilized. The doctrine of collateral estoppel precludes parties from re-litigating issues that were actually decided and necessary to a judgment in an earlier suit on a different claim between the same parties. Collateral estoppel applies to arbitration. However, when a collective bargaining agreement is at issue, the arbitrator\u2019s award \u201c \u2018must be based on the collective bargaining agreement,\u2019 \u201d and the deference bestowed upon arbitration findings is not limitless.\nUnder the contract, the arbitrator had jurisdiction to determine if just cause existed to discipline the officers, but not to determine whether the City engaged in an unfair labor practice. The parties only submitted their contract grievances to arbitration and did not agree to arbitrate their NRS 288.150 unfair labor practice claims. Further, the contract itself provides, in Article 28, that the arbitrator\u2019s decision is final and binding, unless the contract provides otherwise. The contract later states in Article 31(b):\nIn the event the City intends to institute a change during the term of this Agreement of a subject which falls within the scope of mandatory bargaining as outlined in Subsection 2 of NRS 288.150, the City recognizes its duty to bargain with the Association over said change. Disputes arising under this Article shall not be grievable under Article 28 of this Agreement, but shall be submitted to the Nevada Local Government Employee-Management Relations Board of resolution.\n(Emphasis added.) The contract also states that the arbitrator\u2019s decision must be consistent with the terms of the contract. Accordingly, disputes concerning a change in disciplinary procedure, such as modification of the Robertson criteria, would be submitted to the EMRB, and any factual finding or conclusion in an arbitration award concerning such modification would not be final or binding.\nThis court has recognized that the EMRB has exclusive jurisdiction over unfair labor practice issues. An unfair labor practice includes the prohibited practice of unilaterally changing a subject of mandatory bargaining. A function of the EMRB is to determine whether a matter falls within the scope of mandatory bargaining. The EMRB has the duty to administer NRS Chapter 288, and thus, is \u201cimpliedly clothed with [the] power to construe it as a necessary precedent to administrative action.\u201d We conclude, therefore, that the EMRB is not estopped from determining issues previously decided by an arbitrator when the EMRB has exclusive jurisdiction over the issue. Thus, the EMRB did not err by hearing the RPPA\u2019s unfair labor practice complaint.\nDeferral\nThe City argues that because the EMRB is patterned after the National Labor Relations Board (NLRB), the EMRB is required to apply the deferral policy followed by the NLRB. This court has held that \u201cit is proper to look toward the NLRB for guidance on issues involving the EMRB.\u201d The NLRB defers to a prior arbitration if:\n(1) the arbitration proceedings were fair and regular; (2) the parties agreed to be bound; (3) the decision was not \u201cclearly repugnant to the purposes and policies of the [National Labor Relations Act (NLRA)];\u201d (4) the contractual issue was factually parallel to the unfair labor practice issue; and (5) the arbitrator was presented generally with the facts relevant to resolving the [unfair labor practice].\nThe party desiring the NLRB to reject an arbitration award has the burden of demonstrating that these principles are not met. We adopt the NLRB deferral policy and conclude that the EMRB must apply these principles in determining whether to defer to an arbitration. However, under these principles, the EMRB would not be required to defer to the arbitrations in this case.\nFirst, the parties did not agree to be bound by the arbitrator\u2019s decision regarding changes to mandatory subjects of bargaining. In fact, the contract specifically stated that disputes concerning changes to mandatory bargaining were to be submitted to the EMRB. Further, under the contract, an arbitrator\u2019s decision as to negotiable subjects is not final, or binding. When the NLRB has deferred to arbitration awards, the parties had specifically agreed to be bound, under their collective bargaining agreement, to the arbitrator\u2019s decision on that particular matter.\nSecondly, the arbitrator\u2019s decisions were repugnant to the Employee-Management Relations Act (EMRA). Under the NLRB deferral standard, the NLRB need not defer if the \u201carbitrator\u2019s decision is not susceptible to an interpretation consistent with the [NLRA].\u201d Here, the EMRB has exclusive jurisdiction over alleged prohibited practices concerning mandatory bargaining issues. The arbitrator found that the City may unilaterally adopt rules and enforce them with disciplinary action, as long as the rules are reasonable and not in conflict with the law. Yet, under the EMRA, disciplinary procedure is a mandatory subject of negotiation. We conclude, therefore, that the EMRB was not required to defer to the arbitrations in this particular matter.\nE-mail and the attorney-client privilege\nThe EMRB admitted the Gonzalez memorandum, a document normally protected by the attorney-client privilege, because the memorandum was transmitted by e-mail. Under the attorney-client privilege, a client may \u201crefuse to disclose, and . . . prevent any other person from disclosing, confidential communications: [b]etween himself or his representative and his lawyer or his lawyer\u2019s representative.\u2019 \u2019 The EMRB is required by Nevada law to give effect to the attorney-client privilege. The EMRB concluded that documents sent by e-mail cannot be considered privileged.\n[Headnote 14]\nContrary to the EMRB\u2019s decision, documents transmitted by e-mail are protected by the attorney-client privilege. Courts have generally looked to the content and recipients of the e-mail to determine if the e-mail is protected. California has enacted a statute providing that \u201c[a] communication between a client and his or her lawyer is not deemed lacking in confidentiality solely because the communication is transmitted by . . . electronic means between the client and his or her lawyer.\u201d Similarly, the American Bar Association (ABA) has concluded that an attorney does not violate the confidentiality provisions of the Model Rules of Professional Conduct by using e-mail as long as the client has agreed to that mode of communication. The ABA has also found that e-mails \u201cpose no greater risk of interception or disclosure than other modes of communication commonly relied upon as having a reasonable expectation of privacy\u201d and \u201c[t]he level of legal protection accorded e-mail transmissions . . . supports the reasonableness of an expectation of privacy.\u2019 \u2019 We conclude that a document transmitted by e-mail is protected by the attorney-client privilege as long as the requirements of the privilege are met.\nThe EMRB contends that the Gonzales memorandum was not confidential based on City Management Policies and Procedures (policy) that cover the use of City computers. The policy provides that employees have no expectation of privacy in using City equipment and that \u201c [electronic data transmissions using City hardware or software may be classified as public documents.\u201d However, the policy is meant to deprive expectations of privacy only as to personal use and warn employees that the City has the right to review personal documents on City hardware. Such policies are common in workplaces. If a document transmitted by e-mail could not be privileged based on such a policy, very few e-mails would be protected. Further, the City\u2019s policy specifically encourages the use of e-mail for City business purposes to increase the efficiency of communication between the departments. It seems unlikely that the City would encourage such use for business if the City did not view these transmissions as confidential. We conclude that the Gonzales memorandum was confidential, and therefore privileged, despite the City\u2019s policy. Although the EMRB erred by admitting the Gonzales memorandum, the error is harmless because substantial evidence supported the EMRB\u2019s decision even without the memorandum.\nSubstantial evidence\nSubstantial evidence is evidence that a reasonable person would deem adequate to support a decision. This court is limited to reviewing the agency record as it was presented before the administrative body in order to determine whether substantial evidence existed. If the agency\u2019s decision lacks substantial evidentiary support, the decision is unsustainable as being arbitrary or capricious.\nRon Dreher, executive director of the RPPA, testified that the Robertson criteria were the established procedure for imposing discipline on officers for off-duty conduct during Police Chief Richard Kirkland\u2019s and Police Chief Robert Bradshaw\u2019s tenures. Further, the RPPA submitted into evidence a letter from Deputy Chief of Police James Weston, the chief in charge of the officers involved, to Dreher, in which Weston stated he looked toward four factors for imposing discipline for off-duty conduct. The Robertson criteria are only composed of three of those factors. Weston included the fourth factor of whether \u201cthe conduct impair[ed] the reputation or operations of the police department.\u2019 \u2019 The letter was dated after the Caesar\u2019s Tahoe incident.\nDreher testified that Weston utilized the Robertson criteria until the Caesar\u2019s Tahoe incident. During Weston\u2019s tenure, two other officers were involved in off-duty conduct affecting the reputation of the police department. One of those officers was arrested for a DUI, her picture was featured on the front page of the newspaper, and she was identified as an officer. Another officer committed domestic violence and was also identified in the newspaper as a police officer. Neither officer was disciplined. Based on this evidence in the record, we conclude that substantial evidence supports the EMRB\u2019s decision that the Robertson criteria were an established past practice, and that the fourth factor was added without negotiation.\nMandatory subjects of negotiation\nThe City contends that its discipline of the police officers for off-duty misconduct was not a unilateral change of disciplinary procedure in violation of NRS 288.150. The EMRB found otherwise. The construction of a statute is a question of law, and therefore, independent review is appropriate. However, this court will not readily disturb an administrative interpretation of statutory language. This court has held that \u201c \u2018[a]n agency charged with the duty of administering an act is impliedly clothed with power to construe it as a necessary precedent to administrative action [and] great deference should be given to the agency\u2019s interpretation when it is within the language of the statute.\u2019 \u201d The EMRB has the authority to interpret and administer NRS Chapter 288.\nNRS 288.150(1) states that government employers must negotiate with employee organizations concerning mandatory subjects of bargaining. NRS 288.150(2) provides a list of these subjects, which includes \u201c[discharge and disciplinary procedures.\u201d The EMRB determined, based on substantial evidence, that the Robertson criteria established what actions of an off-duty officer were punishable. The criteria are not included in the contract, nor do they mention disciplinary procedure for off-duty conduct. However, the EMRB has previously held that \u201can employer may create, by practice over a substantial period of time, a term or condition of employment which it is obligated to continue, subject to negotiation. This notwithstanding the clear and unambiguous terms of the collective bargaining agreement.\u201d The EMRB determined that the Robertson criteria were a past practice and hence became part of the contract.\nCriteria used in determining whether to impose discipline on an individual for off-duty conduct clearly fit within the definition of \u201cdisciplinary procedure.\u201d \u201cDiscipline\u201d means \u201cto punish\u201d while \u201cprocedure\u201d is \u201can established way\u201d of doing things. The Robertson criteria were the established criteria for determining punishable conduct of off-duty officers. We conclude, therefore, the EMRB had substantial evidence on which to base the determination that when the City added an additional criterion to the Robertson criteria without negotiation, it failed to comply with NRS 288.150.\nCONCLUSION\nFor the reasons set forth above, we affirm the judgment of the district court.\nNRS 288.270(l)(e) provides that a local government employer is prohibited from \u201c[r]efus[ing] to bargain collectively in good faith with the exclusive representative as required in NRS 288.150.\u201d\nSHS v. Romero, 110 Nev. 739, 742, 877 P.2d 541, 542 (1994).\nTighe v. Las Vegas Metro. Police Dep\u2019t, 110 Nev 632, 634-35, 877 P.2d 1032, 1034 (1994).\nId. at 634, 877 P.2d at 1034.\nUniversity of Nevada v. Tarkanian, 110 Nev 581, 598-99, 879 P2d 1180, 1191 (1994), modified on other grounds by Executive Mgmt. v. Ticor Title Ins. Co., 114 Nev. 823, 963 P.2d 465 (1998).\nInt\u2019l Assoc. Firefighters v. City of Las Vegas, 107 Nev 906, 911, 823 P.2d 877, 880 (1991).\nId. at 910, 823 P.2d at 879 (quoting IBEW Local 396 v. Central Tel. Co., 94 Nev 491, 493, 581 P.2d 865, 867 (1978)).\nSee Int\u2019l Ass\u2019n Firefighters v. Las Vegas, 112 Nev 1319, 1323, 929 P.2d 954, 956 (1996) (finding that the extent of arbitrators\u2019 jurisdiction over NRS Chapter 288 collective bargaining agreements depends upon the construction of the agreement). The contract at issue provides that discipline must be for just cause and is subject to review under the Article 28 grievance-arbitration procedures. Article 28(a) states that: \u201cThe purpose of the . . . grievance-arbitration procedure shall be to settle . . . disputes concerning the interpretation, application, and enforcement of this Agreement raised by an employee or the Association.\u201d\nCf. Rex, Inc. v. Manufactured Hous. Comm. of NM, 892 P.2d 947 (N.M. 1995) (holding that if a party specifically agrees to arbitrate statutory claims, the private arbitration could bind an administrative body).\nSee NRS 288.150.\nRosequist v. Int\u2019l Ass\u2019n of Firefighters, 118 Nev. 444, 449, 49 P.3d 651, 654 (2002); NRS 288.110(2) (stating that the EMRB hears and determines complaints arising out of NRS Chapter 288).\nNRS 288.280 (providing that \u201c[a]ny controversy concerning prohibited practices may be submitted to the board\u201d).\nClark Co. Sch. Dist. v. Local Gov't, 90 Nev. 442, 446, 530 P.2d 114, 117 (1974).\nId.\nSee Rosequist, 118 Nev. at 449, 49 P.3d at 654.\nId.\nGarcia v. N.L.R.B., 785 F.2d 807, 809 (9th Cir. 1986) (quoting Spielberg Manufacturing Co., 112 N.L.R.B. 1080, 1082 (1955)); see also Olin Corp., 268 N.L.R.B. 573, 574 (1984).\nOlin, 268 N.L.R.B. at 574.\nSee Garcia, 785 F.2d at 809 (holding that for the deferral policy to apply, the parties must have agreed to be bound by the arbitration).\nSee Utility Workers Union v. N.L.R.B., 39 F.3d 1210, 1213 (D.C. Cir. 1994) (finding that \u201cparties must have contractually agreed to be bound by the [arbitration]\u201d (emphasis added)); Spielberg, 112 N.L.R.B. at 1087 (deferring to arbitration award because parties agreed that issue of reinstatement would be submitted to arbitration).\nSee Garcia, 785 F.2d at 809 (holding that the deferral policy does not apply if the arbitrator\u2019s finding is repugnant to the NLRA).\nOlin, 268 N.L.R.B. at 574.\nSee Rosequist, 118 Nev. at 449, 49 P.3d at 654; NRS 288.110(2).\nNRS 288.150(2)(i).\nThe RPPA stipulated that all individuals that received the Gonzales memorandum were covered by the attorney-client privilege.\nNRS 49.095(1).\nNRS 233B. 123(1) (stating that \u201c[a]gencies shall give effect to the rules of privilege recognized by law\u201d).\nSee Mold-Masters Ltd. v. Husky Injection Molding Systems, No. 01 C 1576, 2001 WL 1558303 (N.D. Ill. Dec. 6, 2001) (considering whether e-mails contained communications concerning legal advice); Nat'l Employment Service Corp. v. Liberty Mutual Insurance Co., No. 93-2528-G, 1994 WL 878920, at *2-3 (Mass. Super. Ct. Dec. 12, 1994) (holding e-mails sent to or from an in-house counsel protected because contained legal advice and plaintiff failed to prove e-mails were disclosed to third parties); U.S. v. Keystone Sanitation Co., Inc., 903 F. Supp. 803 (M.D. Pa. 1995); Johnson v. Sea-Land Service, No. 99 CIV9161WHPTHK, 2001 WL 897185 (S.D.N.Y. Aug. 9, 2001); Yurick ex rel. Yurick v. Liberty Mut. Ins. Co., 201 F.R.D. 465 (D. Ariz. 2001).\nCal. Evidence Code \u00a7 952 (West 1995).\nABA Comm. On Ethics and Prof\u2019l Responsibility, Formal Op. 413 (1999) (discussing the confidentiality of unencrypted e-mail).\nId. at 1.\nSchepcoff v. SHS, 109 Nev. 322, 325, 849 P.2d 271, 273 (1993).\nEmployment Security Dep\u2019t v. Cline, 109 Nev. 74, 76, 847 P.2d 736, 738 (1993).\nNRS 233B. 135(3); State, Dep\u2019t Mtr. Veh. v. Root, 113 Nev. 942, 947, 944 P.2d 784, 787 (1997).\nMaxwell v. SHS, 109 Nev. 327, 329, 849 P.2d 267, 269 (1993).\nWestergard v. Barnes, 105 Nev. 830, 834, 784 P.2d 944, 947 (1989).\nState v. State Engineer, 104 Nev. 709, 713, 766 P.2d 263, 266 (1988) (quoting Clark Co. Sch. Dist., 90 Nev. at 446, 530 P.2d at 117).\nNRS 288.110.\nOrmsby County Education Assoc. v. Carson City School Dist., No. Al-045527, Item No. 311, at 8 (EMRB Apr. 1, 1993) (citation omitted).\nWebster\u2019s Third New International Dictionary 645 (1968).\nId. at 1807.",
        "type": "majority",
        "author": "Per Curiam:"
      }
    ],
    "attorneys": [
      "Patricia A. Lynch, City Attorney, and Donald L. Christensen, Deputy City Attorney, Reno, for Appellants.",
      "Frankie Sue Del Papa, Attorney General, and Dianna Hegeduis, Deputy Attorney General, Carson City, for Respondent Local Government Employee-Management Relations Board.",
      "Michael E. Langton, Reno, for Respondent Reno Police Protective Association."
    ],
    "corrections": "",
    "head_matter": "THE CITY OF RENO and RENO POLICE DEPARTMENT, Appellants, v. RENO POLICE PROTECTIVE ASSOCIATION and STATE OF NEVADA, LOCAL GOVERNMENT EMPLOYEE-MANAGEMENT RELATIONS BOARD, Respondents.\nNo. 37060\nDecember 26, 2002\n59 P.3d 1212\n[Rehearing denied May 14, 2003]\nPatricia A. Lynch, City Attorney, and Donald L. Christensen, Deputy City Attorney, Reno, for Appellants.\nFrankie Sue Del Papa, Attorney General, and Dianna Hegeduis, Deputy Attorney General, Carson City, for Respondent Local Government Employee-Management Relations Board.\nMichael E. Langton, Reno, for Respondent Reno Police Protective Association."
  },
  "file_name": "0889-01",
  "first_page_order": 301,
  "last_page_order": 313
}
