{
  "id": 7912295,
  "name": "Merlyn YOUNG v. GENERAL DYNAMICS",
  "name_abbreviation": "Young v. General Dynamics",
  "decision_date": "1985-06-19",
  "docket_number": "No. 82-399-Appeal",
  "first_page": "100",
  "last_page": "102",
  "citations": [
    {
      "type": "official",
      "cite": "494 A.2d 100"
    }
  ],
  "court": {
    "name_abbreviation": "R.I.",
    "id": 10179,
    "name": "Supreme Court of Rhode Island"
  },
  "jurisdiction": {
    "id": 15,
    "name_long": "Rhode Island",
    "name": "R.I."
  },
  "cites_to": [
    {
      "cite": "293 F.Supp. 1",
      "category": "reporters:federal",
      "reporter": "F. Supp.",
      "case_ids": [
        2902881
      ],
      "pin_cites": [
        {
          "page": "4"
        }
      ],
      "opinion_index": 0,
      "case_paths": [
        "/f-supp/293/0001-01"
      ]
    },
    {
      "cite": "122 R.I. 178",
      "category": "reporters:state",
      "reporter": "R.I.",
      "case_ids": [
        5547920
      ],
      "weight": 2,
      "year": 1979,
      "pin_cites": [
        {
          "page": "183-84"
        },
        {
          "page": "832"
        }
      ],
      "opinion_index": 0,
      "case_paths": [
        "/ri/122/0178-01"
      ]
    },
    {
      "cite": "33 U.S.C.A. \u00a7 914",
      "category": "laws:leg_statute",
      "reporter": "U.S.C.",
      "year": 1978,
      "pin_cites": [
        {
          "page": "(a)"
        }
      ],
      "opinion_index": 0
    },
    {
      "cite": "453 A.2d 762",
      "category": "reporters:state_regional",
      "reporter": "A.2d",
      "case_ids": [
        7971378
      ],
      "weight": 3,
      "year": 1982,
      "pin_cites": [
        {
          "page": "764"
        },
        {
          "page": "764"
        }
      ],
      "opinion_index": 0,
      "case_paths": [
        "/a2d/453/0762-01"
      ]
    },
    {
      "cite": "448 U.S. 261",
      "category": "reporters:federal",
      "reporter": "U.S.",
      "case_ids": [
        1787661
      ],
      "weight": 3,
      "year": 1980,
      "pin_cites": [
        {
          "page": "275"
        },
        {
          "page": "2658"
        },
        {
          "page": "769"
        }
      ],
      "opinion_index": 0,
      "case_paths": [
        "/us/448/0261-01"
      ]
    },
    {
      "cite": "447 U.S. 715",
      "category": "reporters:federal",
      "reporter": "U.S.",
      "case_ids": [
        6188834
      ],
      "weight": 3,
      "year": 1980,
      "opinion_index": 0,
      "case_paths": [
        "/us/447/0715-01"
      ]
    }
  ],
  "analysis": {
    "cardinality": 361,
    "char_count": 6024,
    "ocr_confidence": 0.794,
    "pagerank": {
      "raw": 5.6454232620736374e-08,
      "percentile": 0.3523908150629631
    },
    "sha256": "d38d432b217107de7d6070d6d88542f7c133e66a1b43303e2c9695759d09381e",
    "simhash": "1:120b15fe9669ce79",
    "word_count": 937
  },
  "last_updated": "2024-02-27T23:11:04.358096+00:00",
  "provenance": {
    "date_added": "2019-08-29",
    "source": "Harvard",
    "batch": "2018"
  },
  "casebody": {
    "judges": [],
    "parties": [
      "Merlyn YOUNG v. GENERAL DYNAMICS."
    ],
    "opinions": [
      {
        "text": "OPINION\nBEVILACQUA, Chief Justice.\nThis is an appeal from a decree of the Workers\u2019 Compensation Commission denying the employee\u2019s original petition for compensation on the ground that it had not been filed within the statutory period set forth in G.L.1956 (1979 Reenactment) \u00a7'28-35-57.\nThe facts are not in dispute. The petitioner was employed by respondent as a welder. On March 3, 1976, he suffered a back injury. He received benefits under the Longshoremen\u2019s and Harbor Workers\u2019 Compensation Act (LHWCA), commencing on the date of injury and continuing until May 8,1980, when payments were unilaterally terminated by respondent.\nOn July 24, 1980, petitioner filed a claim for total disability with the Rhode Island Workers\u2019 Compensation Commission. After a hearing before a trial commissioner, wherein counsel for respondent essentially conceded liability and a degree of residual disability, the trial commissioner entered a decree denying the petition because petitioner failed to bring his claim within the three-year time limitation specified in \u00a7 28-35-57. The commission affirmed.\nThe issue before this court is whether payments made by the employer under LHWCA toll the statute of limitations for filing a petition under the Rhode Island Workers\u2019 Compensation Act?\nThe employee contends that successive awards are legal and have been upheld. In addition, he argues, the payment of compensation stays the running of the statute of limitations for the period of the payment, and this principle should apply to the payment of compensation under both federal and state systems. He further asserts that it was error on the commission\u2019s part to apply the doctrine of \u201celection of remedies\u201d in a ease in which concurrent jurisdiction existed.\nThe employer argues that the statute of limitations is a \u201cprocedural prerequisite\u201d in workers\u2019 compensation cases and claims that the payment of compensation in another jurisdiction does not stay the running of the statute of limitations.\nIt is undisputed that there is concurrent federal and state jurisdiction over this injury. Sun Ship, Inc. v. Pennsylvania, 447 U.S. 715, 100 S.Ct. 2432, 65 L.Ed.2d 458 (1980). Furthermore, absent double recovery, there is no bar to successive awards under different state compensation systems. Thomas v. Washington Gas Light Co., 448 U.S. 261, 275, 100 S.Ct. 2647, 2658, 65 L.Ed.2d 757, 769 (1980). The commission denied the petition on the ground that the employee failed to elect to file within the limitation period provided by Rhode Island statute. However, we recently stat-' ed in Aragao v. American Emery Wheel Works, \u2014 R.I. \u2014, \u2014, 453 A.2d 762, 764 (1982), that in instances in which there is no agreement, the payment of compensation stays the running of the statute of limitations. The period of limitations begins to run from the last compensation payment, not from the initial date of incapacity. Id.\nIn the case before us the employer conceded liability and made payments without an agreement, consonant with the terms of 33 U.S.C.A. \u00a7 914(a) (1978). Voluntary payments of this nature certainly would have stayed the limitation period under the Rhode Island Act. We conclude, therefore, that where there is concurrent jurisdiction between federal and state compensation systems, payments made pursuant to the federal act stay the state limitations period in the same manner as payments made pursuant to the state act.\nThe federal and state acts confer concurrent jurisdiction and afford complementary remedies. No election-of-remedies problem arises when the remedies are complementary. Silva v. Silva, 122 R.I. 178, 183-84, 404 A.2d 829, 832 (1979).\nOnce the employer makes payments that \u201cconstitute an admission that the employee is entitled to compensation,\u201d as stated in \u00a7 28-35-9, \u201c[t]he result of such payments is that the period for filing a claim begins to run from the date of the last payment.\u201d Aragao v. American Emery Wheel Works, \u2014 R.I. at \u2014, 453 A.2d at 764.\nWe therefore hold that the statute of limitations was tolled at the date of the last LHWCA payment, May 9, 1980, and that the petition filed July 24, 1980, was well within the three-year period set forth in \u00a7 28-35-57.\nThe employee\u2019s appeal is sustained, the decree appealed from is vacated, and the case is remanded to the Workers\u2019 Compensation Commission for further proceedings in accordance with this opinion.\n. General Laws 1956 (1979 Reenactment) \u00a7 28-35-57 states in pertinent part:\n\u201cLimitation of claims for compensation \u2014An employee's claim for compensation under chapters 29 to 38, inclusive, of this title shall be barred unless an agreement or a petition, as provided in this chapter, shall be filed within three (3) years after the occurrence or manifestation of the injury or incapacity * *\n. Unlike workers\u2019 compensation benefits, payments under LHWCA are made voluntarily, without an award or memorandum of agreement. Such payments constitute an admission of liability for compensation and are \u201cmade in the voluntary discharge of [that] liability.\" Windrem v. Bethlehem Steel Corp., 293 F.Supp. 1, 4 (D.N.J.1968).\n. 33 U.S.C.A. 914(a) (1978) states:\n\u201cPayment of Compensation \u2014 Compensation under this chapter shall be paid periodically, promptly, and directly to the person entitled thereto, without an award, except where liability to pay compensation is controverted by the employer.\u201d",
        "type": "majority",
        "author": "BEVILACQUA, Chief Justice."
      }
    ],
    "attorneys": [
      "Raul L. Lovett, Marc B. Gursky, Lovett Morger Sehefrin & Gallogly, Ltd., Providence, for plaintiff; Lauren Jones, Providence, on brief.",
      "Robert J. Quigley, Jr., Harold E. Adams, Higgins Cavanagh & Cooney, Providence, for defendant."
    ],
    "corrections": "",
    "head_matter": "Merlyn YOUNG v. GENERAL DYNAMICS.\nNo. 82-399-Appeal.\nSupreme Court of Rhode Island.\nJune 19, 1985.\nRaul L. Lovett, Marc B. Gursky, Lovett Morger Sehefrin & Gallogly, Ltd., Providence, for plaintiff; Lauren Jones, Providence, on brief.\nRobert J. Quigley, Jr., Harold E. Adams, Higgins Cavanagh & Cooney, Providence, for defendant.\n. Section 28-35-9 provides:\n\u201cIn the event that an employer or insurer makes payment of compensation to an employee without executing a memorandum of agreement such payment shall constitute an admission that the employee is entitled to compensation under the provisions of chapters 29 to 38, inclusive, of this title * *"
  },
  "file_name": "0100-01",
  "first_page_order": 170,
  "last_page_order": 172
}
