{
  "id": 7365714,
  "name": "COMMONWEALTH of Pennsylvania, v. Michael PRESLEY, Appellant",
  "name_abbreviation": "Commonwealth v. Presley",
  "decision_date": "1996-12-16",
  "docket_number": "",
  "first_page": "1321",
  "last_page": "1325",
  "citations": [
    {
      "type": "official",
      "cite": "686 A.2d 1321"
    }
  ],
  "court": {
    "name_abbreviation": "Pa. Super. Ct.",
    "id": 8775,
    "name": "Superior Court of Pennsylvania"
  },
  "jurisdiction": {
    "id": 6,
    "name_long": "Pennsylvania",
    "name": "Pa."
  },
  "cites_to": [
    {
      "cite": "7 A.2d 302",
      "category": "reporters:state_regional",
      "reporter": "A.2d",
      "year": 1939,
      "pin_cites": [
        {
          "page": "319"
        }
      ],
      "opinion_index": 0
    },
    {
      "cite": "334 Pa. 449",
      "category": "reporters:state",
      "reporter": "Pa.",
      "case_ids": [
        1190745
      ],
      "year": 1939,
      "pin_cites": [
        {
          "page": "485"
        }
      ],
      "opinion_index": 0,
      "case_paths": [
        "/pa/334/0449-01"
      ]
    },
    {
      "cite": "585 A.2d 468",
      "category": "reporters:state_regional",
      "reporter": "A.2d",
      "year": 1991,
      "opinion_index": 0
    },
    {
      "cite": "526 Pa. 648",
      "category": "reporters:state",
      "reporter": "Pa.",
      "year": 1991,
      "pin_cites": [
        {
          "page": "649"
        }
      ],
      "opinion_index": 0
    },
    {
      "cite": "395 Pa.Super. 578",
      "category": "reporters:state",
      "reporter": "Pa. Super.",
      "case_ids": [
        881200
      ],
      "weight": 2,
      "year": 1990,
      "pin_cites": [
        {
          "page": "589"
        },
        {
          "page": "1354"
        }
      ],
      "opinion_index": 0,
      "case_paths": [
        "/pa-super/395/0578-01"
      ]
    },
    {
      "cite": "394 A.2d 444",
      "category": "reporters:state_regional",
      "reporter": "A.2d",
      "case_ids": [
        1749683,
        1749598
      ],
      "year": 1978,
      "opinion_index": 0,
      "case_paths": [
        "/pa/482/0522-01",
        "/pa/482/0521-01"
      ]
    },
    {
      "cite": "482 Pa. 522",
      "category": "reporters:state",
      "reporter": "Pa.",
      "case_ids": [
        1749683
      ],
      "year": 1978,
      "opinion_index": 0,
      "case_paths": [
        "/pa/482/0522-01"
      ]
    },
    {
      "cite": "525 Pa. 80",
      "category": "reporters:state",
      "reporter": "Pa.",
      "case_ids": [
        1823776
      ],
      "weight": 2,
      "year": 1990,
      "pin_cites": [
        {
          "page": "88",
          "parenthetical": "citing In re 42 Pa.C.S. Section 1703, 482 Pa. 522, 394 A.2d 444 (1978)"
        },
        {
          "page": "554",
          "parenthetical": "citing In re 42 Pa.C.S. Section 1703, 482 Pa. 522, 394 A.2d 444 (1978)"
        }
      ],
      "opinion_index": 0,
      "case_paths": [
        "/pa/525/0080-01"
      ]
    },
    {
      "cite": "110 U.S. 574",
      "category": "reporters:federal",
      "reporter": "U.S.",
      "case_ids": [
        3503664
      ],
      "weight": 3,
      "year": 1884,
      "pin_cites": [
        {
          "page": "589"
        },
        {
          "page": "210"
        },
        {
          "page": "269"
        }
      ],
      "opinion_index": 0,
      "case_paths": [
        "/us/110/0574-01"
      ]
    },
    {
      "cite": "534 Pa. 424",
      "category": "reporters:state",
      "reporter": "Pa.",
      "case_ids": [
        1839722
      ],
      "weight": 4,
      "year": 1993,
      "pin_cites": [
        {
          "page": "429",
          "parenthetical": "quoting Hopt v. Utah, 110 U.S. 574, 589, 4 S.Ct. 202, 210, 28 L.Ed. 262, 269 (1884)"
        },
        {
          "page": "1071",
          "parenthetical": "quoting Hopt v. Utah, 110 U.S. 574, 589, 4 S.Ct. 202, 210, 28 L.Ed. 262, 269 (1884)"
        },
        {
          "page": "429"
        },
        {
          "page": "1071"
        }
      ],
      "opinion_index": 0,
      "case_paths": [
        "/pa/534/0424-01"
      ]
    },
    {
      "cite": "520 Pa. 165",
      "category": "reporters:state",
      "reporter": "Pa.",
      "case_ids": [
        1815613
      ],
      "weight": 2,
      "year": 1989,
      "pin_cites": [
        {
          "page": "170"
        },
        {
          "page": "900"
        }
      ],
      "opinion_index": 0,
      "case_paths": [
        "/pa/520/0165-01"
      ]
    },
    {
      "cite": "132 A.2d 867",
      "category": "reporters:state_regional",
      "reporter": "A.2d",
      "year": 1957,
      "pin_cites": [
        {
          "page": "871",
          "parenthetical": "citations omitted"
        }
      ],
      "opinion_index": 0
    },
    {
      "cite": "389 Pa. 569",
      "category": "reporters:state",
      "reporter": "Pa.",
      "case_ids": [
        1274017
      ],
      "year": 1957,
      "pin_cites": [
        {
          "page": "575-76",
          "parenthetical": "citations omitted"
        }
      ],
      "opinion_index": 0,
      "case_paths": [
        "/pa/389/0569-01"
      ]
    },
    {
      "cite": "663 A.2d 685",
      "category": "reporters:state_regional",
      "reporter": "A.2d",
      "year": 1995,
      "opinion_index": 0
    },
    {
      "cite": "541 Pa. 632",
      "category": "reporters:state",
      "reporter": "Pa.",
      "year": 1995,
      "opinion_index": 0
    },
    {
      "cite": "649 A.2d 961",
      "category": "reporters:state_regional",
      "reporter": "A.2d",
      "case_ids": [
        7877632,
        706759
      ],
      "year": 1994,
      "pin_cites": [
        {
          "page": "965",
          "parenthetical": "en banc"
        }
      ],
      "opinion_index": 0,
      "case_paths": [
        "/a2d/649/0961-01",
        "/pa-super/437/0258-01"
      ]
    },
    {
      "cite": "437 Pa.Super. 258",
      "category": "reporters:state",
      "reporter": "Pa. Super.",
      "case_ids": [
        706759
      ],
      "year": 1994,
      "pin_cites": [
        {
          "page": "266",
          "parenthetical": "en banc"
        }
      ],
      "opinion_index": 0,
      "case_paths": [
        "/pa-super/437/0258-01"
      ]
    }
  ],
  "analysis": {
    "cardinality": 753,
    "char_count": 12451,
    "ocr_confidence": 0.682,
    "pagerank": {
      "raw": 4.03580807328026e-08,
      "percentile": 0.189514909942626
    },
    "sha256": "48cf19df1d7be00c0b01e1e06bd51b180e8d29321e1f6abaeccab1b2c31fed01",
    "simhash": "1:0d4f81545629a4bc",
    "word_count": 1993
  },
  "last_updated": "2024-02-27T19:30:33.176097+00:00",
  "provenance": {
    "date_added": "2019-08-29",
    "source": "Harvard",
    "batch": "2018"
  },
  "casebody": {
    "judges": [
      "Before CIRILLO, President Judge Emeritis, and DEL SOLE and OLSZEWSKI, JJ."
    ],
    "parties": [
      "COMMONWEALTH of Pennsylvania, v. Michael PRESLEY, Appellant."
    ],
    "opinions": [
      {
        "text": "OLSZEWSKI, Judge:\nA heavy snow blanketed Philadelphia on the morning of February 11, 1994. Nevertheless, Kwan Yul Choi diligently stood behind the counter of his Family Seafood Restaurant on South 7th Street. At approximately 3:00 p.m., appellant Michael Presley, known on the street as \u201cGrimace,\u201d entered Mr. Choi\u2019s establishment. Mr. Choi, who had earlier banished Presley, kindheartedly admitted the youth into the business because \u201cit was cold outside.\u201d N.T. 7/26/95. Mr. Choi would pay with blood for his concern. Immediately upon entry, Presley began spewing profanities, driving the paying customers out of the restaurant. Mr. Choi, witnessing his patrons\u2019 departure, ordered Presley to vacate the store. Presley refused. Mr. Choi again instructed the youth to leave. This time, Presley moved towards the front door and grabbed the doorknob. In a final act of defiance, Presley spun around and aimed a revolver at the proprietor. Presley pulled the trigger and a bullet ripped through Mr. Choi\u2019s left leg. Presley then exited the store, leaving his victim withering in pain.\nA warrant was issued for Presley\u2019s arrest on March 2, 1994. Appellant, however, managed to avoid capture until November 10, 1994, when police found him hiding in a basement on Cantrell Street. As for Mr. Choi, luckily his wound was not fatal. The bullet had entered his lower leg, eight inches below the knee, and passed through the flesh. The victim was hospitalized for a short time and the injuries limited his work ability for over a half of a year. Mr. Choi still experiences pain in his leg when the weather is inclement.\nPrior to trial, Presley moved to preclude the Commonwealth from introducing his pri- or adjudications of delinquency for theft by receiving stolen property in 1989 and 1991 and possession of an instrument of crime in 1991. The trial court denied Presley\u2019s motion and, on July 28, 1995, a jury found Presley guilty of aggravated assault and possession of an instrument a crime. Subsequently, appellant was sentenced to seven-to-fifteen years imprisonment. This appeal follows.\nWhile Presley raises a host of issues for our review, they all concern the extent to which an adjudication of delinquency may be introduced in a subsequent criminal proceeding. At present, this important question remains unanswered in our Commonwealth.\nPrior to last year, there was no doubt that a juvenile disposition could not be used against a person in criminal proceedings except for subsequent juvenile hearings. See 42 Pa.C.S.A. \u00a7 6854 (prior to amendment of May 12, 1995). This fact changed, however, when our state legislature overhauled the Juvenile Act. Act No. 13 of the Special Session of 1995, effective July 11, 1995, amended Section 6354 to provide as follows:\n\u00a7 6354. Effect of adjudication.\n(a) General rule.- An order of disposition or other adjudication in a proceeding under this chapter is not a conviction of a crime and does not impose any civil disability ordinarily resulting from a conviction or operate to disqualify the child in any civil service application or appointment.\n(b) Effect in subsequent judicial matters- The disposition of a child under this chapter may only be used against him:\n(1) in dispositional proceedings after conviction for the purposes of a presen-tence investigation and report if the child was adjudicated delinquent;\n(2) in a subsequent juvenile hearing, whether before or after reaching majority;\n(3) if relevant, where he has put reputation or character in issue in a civil matter; or\n(Jp) in a criminal proceeding, if the child was adjudicated delinquent for an offense, the evidence of which would he admissible if committed by an adult.\n42 Pa.C.S.A. \u00a7 6354 (emphasis added). To date, amended Section 6354(b)(4) has yet to be reviewed by an appellate court. Accordingly, we are provided with an opportunity to give guidance to Pennsylvania\u2019s bench and bar.\nIn his first claim, Presley alleges that amended Section 6354(b)(4) only permits use of a juvenile adjudication in a criminal proceeding \u201cif the substantive evidence underlying the adjudication would be independently admissible at an adult criminal trial.\u201d Appellant\u2019s brief at 12. Admittedly, a strained reading of subsection (b)(4) would allow for Presley\u2019s interpretation. Our state\u2019s courts, however, are not duty-bound to give effect to every labored interpretation of our state\u2019s statutes. To the contrary, \u201c[w]e are to give the words of a statute their plain and ordinary meaning.\u201d Commonwealth v. Berryman, 437 Pa.Super. 258, 266, 649 A.2d 961, 965 (1994) (en banc), alloc. denied, 541 Pa. 632, 663 A.2d 685 (1995).\nInstantly, for Presley\u2019s interpretation to prevail, we are required to insert a word, that is not already existent, into the statute. The statute now reads that a prior juvenile adjudication may be used against a person if it was for \u201can offense, the evidence of which would be admissible if committed by an adult.\u201d Presley would have us read the statute to provide that a juvenile adjudication may be used against a person if it was for an offense, the underlying evidence of which would be admissible if committed by an adult. Unfortunately for Presley, the legislature did not insert the word \u201cunderlying\u201d into amended Section 6354(b)(4). The plain and ordinary meaning of the statute, as it now reads, is that the Commonwealth may only introduce evidence of a juvenile adjudication where, if the child were an adult when he committed the offense, evidence of his conviction would be admissible. Accordingly, Presley\u2019s first contention must fail.\nPresley next alleges that the trial court erred in applying amended Section 6354(b)(4) retroactively. In presenting this argument, Presley correctly notes that the Statutory Construction Act of 1972 provides that \u201c[n]o statute shall be construed to be retroactive unless clearly and manifestly so intended by the General Assembly.\u201d 1 Pa. C.S.A. \u00a7 1926. Nevertheless, appellant fails to appreciate the fact that, while Section 6354(b)(4) concerns past adjudications, the trial court applied the statute prospectively. It is well settled that:\n[A]n act is not retroactively construed when applied to a condition existing on its effective date even though the condition results from events which occurred prior to that date. A statute is not retroactive because a part of the requisites for its action is drawn from a time antecedent to its enactment.... [A] statute is not regarded as operating retroactively because of the mere fact that it relates to antecedent events, or draws upon antecedent facts for its operation.\nCreighan v. City of Pittsburgh, 389 Pa. 569, 575-76, 132 A.2d 867, 871 (1957) (citations omitted).\nFurther, our Supreme Court has held that \u201c[o]nly where a vested right or contractual obligation is involved is a statute applied retroactively when it is applied to a condition existing on its effective date which resulted from events which occurred prior to that date.\u201d Commonwealth v. Johnson, 520 Pa. 165, 170, 553 A.2d 897, 900 (1989). Instantly, it cannot be said that Presley possessed a \u201cvested right\u201d to have his juvenile adjudications kept out of evidence in criminal proceedings. As noted by our Supreme Court:\n[Alterations which do not increase the punishment, nor change the ingredients of the offense, or the ultimate facts necessary to establish guilt, but ... only remove existing restrictions upon the competency of certain classes of persons as witnesses, relate to the modes of procedure only, in which no one can be said to have a vested right, and which the State, upon grounds of public policy, may regulate at its pleasure.\nCommonwealth v. Newman, 534 Pa. 424, 429, 633 A.2d 1069, 1071 (1993) (quoting Hopt v. Utah, 110 U.S. 574, 589, 4 S.Ct. 202, 210, 28 L.Ed. 262, 269 (1884)).\nFurther, we note that the only reason that juvenile adjudications were previously excluded was due to the legislative mandates of pre-amended Section 6354. Unfortunately for Presley, the legislature revamped the Juvenile Act partially in an attempt to hold child offendei\u2019s more accountable for their offenses. See 42 Pa.C.SA. \u00a7 6301(b)(2). Section 6354(b)(4) serves to achieve this goal and Presley is entitled to no relief.\nPresley next claims that Section 6354(b)(4) violates the concept of separation of powers under Pennsylvania\u2019s Constitution. To support this argument, Presley directs our attention to Article V, Section 10(c) which provides that:\nThe Supreme Court shall have the power to prescribe general rules governing practice, procedure and the conduct of all courts.... A1 laws shall be suspended to the extent that they are inconsistent with rules prescribed under these provisions.\nPresley correctly notes that the above provision generally prohibits the legislature from \u201ctellpng] the Judiciary how to hear and decide cases.\u201d Appeal of Borough of Churchill, 525 Pa. 80, 88, 575 A.2d 550, 554 (1990) (citing In re 42 Pa.C.S. Section 1703, 482 Pa. 522, 394 A.2d 444 (1978)). Nevertheless, \u201c[i]t is well settled that the legislature of a state has the power to prescribe new rules of evidence, providing that they do not deprive any person of his constitutional rights.\u201d Dranzo v. Winterhalter, 395 Pa.Super. 578, 589, 577 A.2d 1349, 1354 (1990), alloc. denied, 526 Pa. 648, 649, 585 A.2d 468 (1991). This principle was settled nearly sixty years ago, when our Supreme Court stated that \u201c[w]e recognize the right of the legislature to create or alter rules of evidence.\u201d Rich Hill Coal Co. v. Bashore, 334 Pa. 449, 485, 7 A.2d 302, 319 (1939). More recently, the Court reaffirmed this holding by stating that \u201c[sjubject Only to constitutional limitations, the legislature is always free to change the rules governing the competency of witnesses and the admissibility of evidence.\u201d Newman, supra at 429, 633 A.2d at 1071.\nFurther, the state constitution, itself, does not provide a complete proscription against laws which regulate practice, procedure and the conduct of courts. To the contrary, the constitution mandates that such laws shall only be prohibited \u201cto the extent that they are inconsistent with rules prescribed\u201d by the Supreme Court. Since the Supreme Court has not yet adopted a rale concerning the issue addressed in Section 6354(b)(4) and our Supreme Court has held that the legislature may properly create rales of evidence, we cannot find that 42 Pa.C.S.A. \u00a7 6354(b)(4) violates Article V, Section 10(c) of our state constitution.\nPresley next argues that Section 6354(b)(4) violates the state constitution in that it \u201calters final judgments or retro-actively affects the inherent attributes of those judgments.\u201d 6354(b)(4) has not altered the final judgments in Presley\u2019s juvenile adjudications. Those judgments have remained intact. The rule merely effects the evidential use of those judgments in subsequent criminal proceedings. As noted above, Presley never had a vested right to preclude such use. Consequently, his penultimate claim must fail.\nIn his final issue, Presley alleges that Section 6354(b)(4) violates his constitutional right to due process. Presley claims that juveniles may have been induced to admit guilt, rather than stand trial, because pre-amended Section 6354 prohibited use of juvenile dispositions in subsequent criminal proceedings. Thus, Presley concludes that Section 6354(b)(4) unfairly changes the effects of juvenile adjudications. We do not agree. As noted above, it was only by legislative grace that juvenile adjudications were not admissible under pre-amended Section 6354. Juveniles, who admitted their guilt rather than stood trial, obviously undertook the risk that the legislature would revoke the privileges afforded under the pre-amended statute. Last year, the legislature responded to the rise in juvenile violent crimes and resolved to hold juvenile offenders more accountable. The legislature was well within its rights to withdraw the privileges granted under the pre-amended statute and Presley is entitled to no relief.\nJudgment of sentence affirmed.\nDEL SOLE, J., concurs in the result.",
        "type": "majority",
        "author": "OLSZEWSKI, Judge:"
      }
    ],
    "attorneys": [
      "Peter Rosalsky, Assiatant Public Defender, Philadelphia, for appellant.",
      "Karen A. Brancheau, Assistant District Attorney, Philadelphia, for the Commonwealth, appellee."
    ],
    "corrections": "",
    "head_matter": "COMMONWEALTH of Pennsylvania, v. Michael PRESLEY, Appellant.\nSuperior Court of Pennsylvania.\nArgued Nov. 14, 1996.\nFiled Dec. 16, 1996.\nPeter Rosalsky, Assiatant Public Defender, Philadelphia, for appellant.\nKaren A. Brancheau, Assistant District Attorney, Philadelphia, for the Commonwealth, appellee.\nBefore CIRILLO, President Judge Emeritis, and DEL SOLE and OLSZEWSKI, JJ."
  },
  "file_name": "1321-01",
  "first_page_order": 1381,
  "last_page_order": 1385
}
