{
  "id": 9320019,
  "name": "COMMONWEALTH of Pennsylvania, Appellee v. Delbert L. ALEXANDER, Appellant",
  "name_abbreviation": "Commonwealth v. Alexander",
  "decision_date": "2002-11-25",
  "docket_number": "",
  "first_page": "1064",
  "last_page": "1068",
  "citations": [
    {
      "type": "official",
      "cite": "811 A.2d 1064"
    }
  ],
  "court": {
    "name_abbreviation": "Pa. Super. Ct.",
    "id": 8775,
    "name": "Superior Court of Pennsylvania"
  },
  "jurisdiction": {
    "id": 6,
    "name_long": "Pennsylvania",
    "name": "Pa."
  },
  "cites_to": [
    {
      "cite": "533 Pa. 294",
      "category": "reporters:state",
      "reporter": "Pa.",
      "case_ids": [
        1837506
      ],
      "weight": 2,
      "year": 1993,
      "pin_cites": [
        {
          "page": "299",
          "parenthetical": "citation omitted"
        },
        {
          "page": "992",
          "parenthetical": "citation omitted"
        }
      ],
      "opinion_index": 0,
      "case_paths": [
        "/pa/533/0294-01"
      ]
    },
    {
      "cite": "764 A.2d 1063",
      "category": "reporters:state_regional",
      "reporter": "A.2d",
      "year": 2000,
      "opinion_index": 0
    },
    {
      "cite": "564 Pa. 701",
      "category": "reporters:state",
      "reporter": "Pa.",
      "year": 2000,
      "opinion_index": 0
    },
    {
      "cite": "747 A.2d 400",
      "category": "reporters:state_regional",
      "reporter": "A.2d",
      "case_ids": [
        11470146
      ],
      "pin_cites": [
        {
          "page": "403"
        }
      ],
      "opinion_index": 0,
      "case_paths": [
        "/a2d/747/0400-01"
      ]
    },
    {
      "cite": "724 A.2d 903",
      "category": "reporters:state_regional",
      "reporter": "A.2d",
      "case_ids": [
        11639803,
        1702004
      ],
      "year": 1999,
      "pin_cites": [
        {
          "page": "907",
          "parenthetical": "citing 1 Pa.C.S. \u00a7 1921(b)"
        }
      ],
      "opinion_index": 0,
      "case_paths": [
        "/a2d/724/0903-01",
        "/pa/555/0370-01"
      ]
    },
    {
      "cite": "555 Pa. 370",
      "category": "reporters:state",
      "reporter": "Pa.",
      "case_ids": [
        1702004
      ],
      "year": 1999,
      "pin_cites": [
        {
          "page": "378",
          "parenthetical": "citing 1 Pa.C.S. \u00a7 1921(b)"
        }
      ],
      "opinion_index": 0,
      "case_paths": [
        "/pa/555/0370-01"
      ]
    },
    {
      "cite": "798 A.2d 192",
      "category": "reporters:state_regional",
      "reporter": "A.2d",
      "case_ids": [
        163625,
        9428700
      ],
      "year": 2002,
      "pin_cites": [
        {
          "page": "196"
        }
      ],
      "opinion_index": 0,
      "case_paths": [
        "/pa/568/0481-01",
        "/a2d/798/0192-01"
      ]
    },
    {
      "cite": "568 Pa. 481",
      "category": "reporters:state",
      "reporter": "Pa.",
      "case_ids": [
        163625
      ],
      "year": 2002,
      "pin_cites": [
        {
          "page": "488-89"
        }
      ],
      "opinion_index": 0,
      "case_paths": [
        "/pa/568/0481-01"
      ]
    },
    {
      "cite": "411 Pa.Super. 460",
      "category": "reporters:state",
      "reporter": "Pa. Super.",
      "case_ids": [
        904747
      ],
      "weight": 2,
      "year": 1992,
      "pin_cites": [
        {
          "parenthetical": "en banc"
        },
        {
          "parenthetical": "en banc"
        }
      ],
      "opinion_index": 0,
      "case_paths": [
        "/pa-super/411/0460-01"
      ]
    },
    {
      "cite": "623 A.2d 814",
      "category": "reporters:state_regional",
      "reporter": "A.2d",
      "case_ids": [
        1837433,
        1837548,
        1837525
      ],
      "year": 1993,
      "opinion_index": 0,
      "case_paths": [
        "/pa/533/0323-01",
        "/pa/533/0324-01",
        "/pa/533/0322-01"
      ]
    },
    {
      "cite": "533 Pa. 322",
      "category": "reporters:state",
      "reporter": "Pa.",
      "case_ids": [
        1837525
      ],
      "year": 1993,
      "opinion_index": 0,
      "case_paths": [
        "/pa/533/0322-01"
      ]
    },
    {
      "cite": "411 Pa.Super. 450",
      "category": "reporters:state",
      "reporter": "Pa. Super.",
      "case_ids": [
        904741
      ],
      "weight": 3,
      "year": 1992,
      "pin_cites": [
        {
          "parenthetical": "en banc"
        },
        {
          "parenthetical": "en banc"
        },
        {
          "page": "1255"
        }
      ],
      "opinion_index": 0,
      "case_paths": [
        "/pa-super/411/0450-01"
      ]
    },
    {
      "cite": "791 A.2d 363",
      "category": "reporters:state_regional",
      "reporter": "A.2d",
      "case_ids": [
        9474760
      ],
      "pin_cites": [
        {
          "page": "365"
        }
      ],
      "opinion_index": 0,
      "case_paths": [
        "/a2d/791/0363-01"
      ]
    },
    {
      "cite": "734 A.2d 910",
      "category": "reporters:state_regional",
      "reporter": "A.2d",
      "case_ids": [
        11547199
      ],
      "pin_cites": [
        {
          "page": "912"
        }
      ],
      "opinion_index": 0,
      "case_paths": [
        "/a2d/734/0910-01"
      ]
    },
    {
      "cite": "741 A.2d 767",
      "category": "reporters:state_regional",
      "reporter": "A.2d",
      "case_ids": [
        11656102
      ],
      "pin_cites": [
        {
          "page": "769"
        }
      ],
      "opinion_index": 0,
      "case_paths": [
        "/a2d/741/0767-01"
      ]
    },
    {
      "cite": "777 A.2d 492",
      "category": "reporters:state_regional",
      "reporter": "A.2d",
      "case_ids": [
        11079901
      ],
      "weight": 3,
      "pin_cites": [
        {
          "page": "493"
        },
        {
          "page": "494"
        },
        {
          "page": "494",
          "parenthetical": "citation omitted"
        }
      ],
      "opinion_index": 0,
      "case_paths": [
        "/a2d/777/0492-01"
      ]
    }
  ],
  "analysis": {
    "cardinality": 594,
    "char_count": 12770,
    "ocr_confidence": 0.673,
    "pagerank": {
      "raw": 2.3598427979588156e-07,
      "percentile": 0.7941729421290585
    },
    "sha256": "96b39e07a5f80cfae373ec47215a217604ebd4183f5a6e16134b008a35466464",
    "simhash": "1:def7bebec496199d",
    "word_count": 2097
  },
  "last_updated": "2024-02-27T18:37:59.487895+00:00",
  "provenance": {
    "date_added": "2019-08-29",
    "source": "Harvard",
    "batch": "2018"
  },
  "casebody": {
    "judges": [
      "Before: MUSMANNO, ORIE MELVIN, and BECK, JJ."
    ],
    "parties": [
      "COMMONWEALTH of Pennsylvania, Appellee v. Delbert L. ALEXANDER, Appellant"
    ],
    "opinions": [
      {
        "text": "ORIE MELVIN, J.:\n\u00b6 1 Appellant, Delbert L. Alexander, appeals from the judgments of sentence imposed following his guilty pleas to two driving under the influence (DUI) charges and related summary offenses. Appellant contends the trial court improperly graded his third DUI offense and thereby imposed a sentence at Docket No. 2000-1291 that exceeds the statutory maximum. For the following reasons, we affirm.\n\u00b6 2 The facts may be summarized as follows. On July 14, 2000, Appellant was charged at criminal Docket No. 2000-1267 with Driving Under the Influence (DUI), Driving Under Suspension-DUI related and other summary offenses arising out of an incident which occurred on or about June 23, 2000 in Hayfield Township, Crawford County, Pennsylvania. On September 15, 2000, another criminal complaint was filed and docketed at No. 2000-1291 again charging Appellant with the same offenses, with the exception of one summary offense, arising out of an incident which occurred or about May 20, 2000 in Vernon Township, Crawford County, Pennsylvania. On February 9, 2001, Appellant pled guilty to the DUI and suspension offenses at both docket numbers. Additionally, Appellant\u2019s criminal history included a prior conviction for DUI in July of 1998. Due to Appellant\u2019s failure to appear for sentencing he was not sentenced until December 8, 2001, whereupon the trial court imposed the following sentences. At Docket No. 2000-1267, sixteen (16) to thirty-six (36) months\u2019 imprisonment for the DUI offense and a concurrent mandatory sentence of ninety (90) days for Driving Under Suspension-DUI related along with the mandatory one thousand dollar ($1,000.00) f\u00edne. At Docket No. 2000-1291, a consecutive term of sixteen (16) to thirty-six (36) months\u2019 imprisonment for the DUI offense and a concurrent mandatory sentence of ninety (90) days\u2019 imprisonment and $1,000.00 fine for the Driving under Suspension-DUI related offense.\n\u00b6 3 Appellant filed a motion for reconsideration of sentence as to both dockets averring that the court improperly graded both DUI offenses as misdemeanors of the first-degree (Ml) when they should have been misdemeanors of the second-degree (M2). On February 4, 2002, the sentencing court granted reconsideration in part and vacated the sentence at 2000-1267. The court then immediately re-sentenced Appellant at 2000-1267 by treating that DUI offense as a second offense and thus an M2, and sentenced Appellant to nine (9) to twenty-four (24) months\u2019 incarceration for this DUI conviction with a ninety (90) day concurrent sentence for Driving Under Suspension-DUI related. . The sentencing court at Docket No. 2000-1291, reimposed its original sentence of sixteen (16) to thirty-six (36) months\u2019 imprisonment for this DUI conviction graded as an Ml (third offense) with credit for time served. Appellant again filed a motion for reconsideration as to both dockets. In his motion he averred that the DUI offense at 2000-1267 could not be used as a prior offense for grading purposes because he had pled guilty at both dockets on the same date and thus the DUI offense at 2000-1291 should also be graded as an M2. The sentencing court denied reconsideration. Appellant filed separate appeals as to each docket, which this Court consolidated for appeal.\n\u00b6 4 Appellant presents the following question for our review:\nWHETHER [APPELLANT\u2019S] .DRIVING UNDER THE INFLUENCE CONVICTION STEMMING FROM AN INCIDENT OCCURRING ON MAY 20th, 2000, SHOULD BE TREATED AS A SECOND DEGREE MISDEMEANOR UNDER THE PROVISIONS OF 75 Pa.C.S.A. \u00a7 3731(e) WHERE [APPELLANT] WAS CONVICTED AT THE SAME TIME BY VIRTUE OF HIS PLEAS OF ANOTHER DRIVING UNDER THE INFLUENCE OFFENSE FROM A SUBSEQUENT INCIDENT OCCURRING ON JUNE 23rd, 2000, AND HAD A PREVIOUS DUI CONVICTION.\nAppellant\u2019s brief, at 9.\n\u00b6 5 Initially, we note that\n[ o]nce a defendant has entered a plea of guilty, the only matters that may be raised on appeal are the jurisdiction of the court, the validity of the guilty plea, and the legality of the sentence. Commonwealth v. Kinney, 777 A.2d 492, 493 (Pa.Super.2001) (quoting Commonwealth v. Fogel, 741 A.2d 767, 769 (Pa.Super.1999)). If no statutory authorization exists for a particular sentence, that sentence is illegal and subject to correction. Kinney, 777 A.2d at 494 (quoting Commonwealth v. Arest, 734 A.2d 910, 912 (Pa.Super.1999)). An illegal sentence must be vacated. Kinney, 777 A.2d at 494 (citation omitted).\nCommonwealth v. Syno, 791 A.2d 363, 365 (Pa.Super.2002).\n\u00b6 6 Appellant argues that because he pled to both DUI offenses on the same date neither conviction can count towards establishing a third conviction under \u00a7 3731(e)(1), and both offenses should have been treated as second convictions and graded as misdemeanors of the second degree. As such, the sentence imposed at docket no. 2000-1291 of 16 to 36 months\u2019 imprisonment exceeds the statutory maximum for a misdemeanor of the second degree (two years) and is therefore illegal. Appellant relies on the line of cases that hold for purposes of sentence enhancement under \u00a7 3731(e)(l)(ii)-(iv) a conviction must occur prior to the commission of the subsequent offense. See Commonwealth v. Beatty, 411 Pa.Super. 450, 601 A.2d 1253 (1992) (en banc), affirmed, 533 Pa. 322, 623 A.2d 814 (1993) and Commonwealth v. Tobin, 411 Pa.Super. 460, 601 A.2d 1258 (1992) (en banc). We find Beatty and Tobin are distinguishable, and thus Appellant\u2019s rebanee on these cases is misplaced.\n\u00b6 7 In Beatty and Tobin, we were called upon to determine the correct point in time a sentencing court must utilize in establishing the defendant\u2019s status for purposes of applying the minimum mandatory penalty enhancement provisions of 75 Pa. C.S.A. \u00a7 3731(e)(1) subsections (ii) through (iv). Therein, this Court determined that the sentencing court must utilize the date of the offense for which the defendant is to be sentenced and determine the number of prior convictions as of that date. In other words \u201c \u2018a present violation and a previous conviction constitute the look-back period.\u2019 [Commonwealth v.] Kimmel, 523 Pa. [107,] 111, 565 A.2d [426,] 428 [(1989)].\u201d Beatty, 601 A.2d at 1255. Due to the ambiguous language contained in subsection (n) through (iv), we utilized the so-called recidivist philosophy as a tool in construing those subsections. Instantly, however, we are not concerned with the sentence enhancement provisions of \u00a7 3731(e)(1)(f)-(iv); therefore, our only focus is upon whether the trial court properly graded the multiple DUI offenses pursuant to the language of \u00a7 3731(e)(1).\n\u00b6 8 As with ab statutory interpretation we begin by looking to the language of the statute, because where the intent of the legislature is clear from the plain meaning of the statute, there is no need to pursue statutory construction. Commonwealth v. Packer, 568 Pa. 481, 488-89, 798 A.2d 192, 196 (2002). \u201cOnly when the language of the statute is ambiguous does statutory construction become necessary.\u201d Id (citations omitted). Moreover, \u201c[w]hen the words of a statute are free and clear of all ambiguity, the courts cannot disregard the letter of it under the pretext of pursuing the spirit of the statute.\u201d Fonner v. Shandon, Inc., 555 Pa. 370, 378, 724 A.2d 903, 907 (1999) (citing 1 Pa.C.S. \u00a7 1921(b)).\n\u00b6 9 The grading of a DUI offense is determined pursuant to \u00a7 3731(e) of the Vehicle Code as follows:\n(e) Penalty.\u2014\n(1) Any person- violating any of the provisions of this section is guilty of a misdemeanor of the second degree, except that a person convicted of a third or subsequent offense is guilty of a misdemeanor of the first degree,\n75 Pa.C.S.A. \u00a7 3731(e)(1). We find the applicable language of the grading provision stating that \u201ca person convicted of a third or subsequent offense is guilty of a misdemeanor of the first degree, ....\u201d is clear and unequivocal. Unlike subsections (ii), (iii) and (iv) there is nothing in \u00a7 3731(e)(1) addressing whether or not a person was \u201cpreviously ... convicted of [a DUI] offense ... within the previous seven years.\u201d Consequently, we are not concerned with a look back period to determine if there was a prior conviction for sentencing purposes. For purposes of grading, the sentencing court is only being asked to count the number of DUI offenses resulting in convictions at the time of sentencing. Clearly, the language of \u00a7 3731(e)(1) does not mean, as Appellant suggests, that a person\u2019s conviction of a third offense is determined by the number of prior convictions as of the date of the commission of that offense. The plain reading of the statute requires a grading of M2 if the person has less than three convictions and a grading of Ml if the person has three or more convictions. There is simply no requirement in the grading provision of \u00a7 3731(e)(1) that the second conviction be extant at the time that the third or subsequent conviction is committed. Since there is no ambiguity in this statutory language there is no occasion to engage in statutory construction. As such, the trial court properly rejected Appellant\u2019s call to apply the recidivist philosophy utilized in Beatty and Tobin.\n\u00b6 10 The trial court properly discerned this difference between the grading and sentencing provisions and offered the following explanation for rejecting Appellant\u2019s second motion for reconsideration:\nSpecifically, for mandatory minimum [sentencing] purposes based on the language in 75 Pa.C.S.A. \u00a7 3731(e)(1) and the case law that has interpreted it, we considered for mandatory minimum [sentencing] purposes in each of the cases that the defendant had committed a second offense.\nHowever, when determining the grading of the offense, that same subsection directs the court to look not to the date offenses were committed but to the date that the defendant was \u2018convicted of a third or subsequent offense\u2019 in determining whether or not the grading is a misdemeanor of the first degree.\nHere, the defendant pled guilty on February 9, 2001 to both offenses and, therefore, was convicted of both on that date, one of which had to be a second offense and the other a third offense and we do not believe it matters which was the second and which was the third in light of the same conviction date.\nTrial Court Opinion, 2/27/02, at 2. We agree with the trial court\u2019s astute rationale.\n\u00b6 11 In this case, it is undisputed that Appellant had a DUI conviction in 1998 and was twice convicted on February 9, 2001, when he pled guilty to a DUI offense at 2000-1267 and at 2000-1291. It is clear that one of these February 9th convictions was a second conviction and the other was a third conviction. Given the plain language of the statute the sentencing court properly counted the convictions as one, two, and three. To accept Appellant\u2019s argument would require the sentencing court to count the convictions as one, two and two. Such a result would run contrary to the presumption that the legislature, in drafting a statute, does not intend a result that is absurd. Commonwealth v. A.W. Robl Transp., 747 A.2d 400, 403 (Pa.Super.2000), appeal denied, 564 Pa. 701, 764 A.2d 1063 (2000). Accordingly, we find Appellant\u2019s conviction at 2000-1291 was properly graded as an Ml, which may be penalized by a term of imprisonment not to exceed five years. 18 Pa.C.S.A. \u00a7 1104(1). Thus, the sentence imposed of sixteen to thirty six months\u2019 imprisonment was within the statutory maximum and, therefore, is legal. Likewise, the conviction at 2000-1267 was properly graded as an M2, which may be penalized by a term of imprisonment not to exceed two' years, 18 Pa.C.S.A. \u00a7 1104(2), and the corresponding sentence of nine to twenty four months\u2019 imprisonment did not exceed the statutory maximum and thus is legal.\n\u00b6 12 Judgments of sentence affirmed.\n. 75 Pa.C.S.A. \u00a7\u00a7 3731(a)(1) & (4)(i), 1543(b), 3309 and 3714, respectively.\n. 75 Pa.C.S.A. \u00a7\u00a7 3731(a)(1) & (4)(i), 1543(b) and 3309, respectively.\n. Our Supreme Court described this philosophy as follows:\nIt was not intended that the heavier penalty prescribed for the commission of a second offense should descend upon anyone, except the incorrigible one, who after being reproved, 'still hardeneth his neck,\u2019 If the heavier penalty prescribed for the second violation ... is visited upon the one who has not had the benefit of the reproof of a first conviction, then. the purpose of the statute is lost.\nCommonwealth v. Dickerson, 533 Pa. 294, 299, 621 A.2d 990, 992 (1993) (citation omitted).",
        "type": "majority",
        "author": "ORIE MELVIN, J.:"
      }
    ],
    "attorneys": [
      "Stephen E. Hall, Meadville, for appellant.",
      "Roger M. Bauer, Asst. Dist. Atty., Meadville, for the Commonwealth, appel-lee."
    ],
    "corrections": "",
    "head_matter": "COMMONWEALTH of Pennsylvania, Appellee v. Delbert L. ALEXANDER, Appellant\nSuperior Court of Pennsylvania.\nSubmitted Sept. 9, 2002.\nFiled Nov. 25, 2002.\nStephen E. Hall, Meadville, for appellant.\nRoger M. Bauer, Asst. Dist. Atty., Meadville, for the Commonwealth, appel-lee.\nBefore: MUSMANNO, ORIE MELVIN, and BECK, JJ."
  },
  "file_name": "1064-01",
  "first_page_order": 1094,
  "last_page_order": 1098
}
