{
  "id": 9459501,
  "name": "Kenneth FOX, Appellant, v. GINSBURG, Feldman & Bress, Chartered, Appellee",
  "name_abbreviation": "Fox v. Ginsburg",
  "decision_date": "2001-11-15",
  "docket_number": "No. 00-CV-1280",
  "first_page": "660",
  "last_page": "663",
  "citations": [
    {
      "type": "official",
      "cite": "785 A.2d 660"
    }
  ],
  "court": {
    "name_abbreviation": "D.C.",
    "id": 24318,
    "name": "District of Columbia Court of Appeals"
  },
  "jurisdiction": {
    "id": 8,
    "name_long": "Delaware",
    "name": "Del."
  },
  "cites_to": [
    {
      "cite": "116 F.3d 1536",
      "category": "reporters:federal",
      "reporter": "F.3d",
      "case_ids": [
        11988930,
        3706230
      ],
      "year": 1997,
      "pin_cites": [
        {
          "page": "1545",
          "parenthetical": "\"The elementary wisdom of the best evidence rule rests on the fact that [the recording itself] is a more reliable, complete and accurate source of information as to its contents and meaning than anyone's description of it.\""
        }
      ],
      "opinion_index": 0,
      "case_paths": [
        "/f3d/116/1536-01",
        "/us-app-dc/325/0360-01"
      ]
    },
    {
      "cite": "325 U.S.App.D.C. 360",
      "category": "reporters:state",
      "reporter": "U.S. App. D.C.",
      "case_ids": [
        3706230
      ],
      "year": 1997,
      "pin_cites": [
        {
          "page": "369",
          "parenthetical": "\"The elementary wisdom of the best evidence rule rests on the fact that [the recording itself] is a more reliable, complete and accurate source of information as to its contents and meaning than anyone's description of it.\""
        }
      ],
      "opinion_index": 0,
      "case_paths": [
        "/us-app-dc/325/0360-01"
      ]
    },
    {
      "cite": "512 A.2d 1024",
      "category": "reporters:state_regional",
      "reporter": "A.2d",
      "case_ids": [
        7903443
      ],
      "weight": 3,
      "pin_cites": [
        {
          "page": "1026"
        },
        {
          "page": "1027"
        }
      ],
      "opinion_index": 0,
      "case_paths": [
        "/a2d/512/1024-01"
      ]
    },
    {
      "cite": "127 F.2d 741",
      "category": "reporters:federal",
      "reporter": "F.2d",
      "case_ids": [
        1077656,
        3559342
      ],
      "year": 1942,
      "pin_cites": [
        {
          "page": "742",
          "parenthetical": "citations omitted"
        }
      ],
      "opinion_index": 0,
      "case_paths": [
        "/f2d/127/0741-01"
      ]
    },
    {
      "cite": "75 U.S.App.D.C. 298",
      "category": "reporters:state",
      "reporter": "U.S. App. D.C.",
      "case_ids": [
        3559342
      ],
      "year": 1942,
      "pin_cites": [
        {
          "page": "299",
          "parenthetical": "citations omitted"
        }
      ],
      "opinion_index": 0,
      "case_paths": []
    },
    {
      "cite": "737 A.2d 1021",
      "category": "reporters:state_regional",
      "reporter": "A.2d",
      "case_ids": [
        11573595
      ],
      "pin_cites": [
        {
          "page": "1025-26"
        }
      ],
      "opinion_index": 0,
      "case_paths": [
        "/a2d/737/1021-01"
      ]
    }
  ],
  "analysis": {
    "cardinality": 512,
    "char_count": 10253,
    "ocr_confidence": 0.687,
    "pagerank": {
      "raw": 5.456954848847313e-08,
      "percentile": 0.34276206836769246
    },
    "sha256": "1a89c394adc9c57e0708778f455288d026c6306daef580be7fe61174b0de890e",
    "simhash": "1:a53d863aab5e8796",
    "word_count": 1706
  },
  "last_updated": "2024-02-27T19:17:42.723901+00:00",
  "provenance": {
    "date_added": "2019-08-29",
    "source": "Harvard",
    "batch": "2018"
  },
  "casebody": {
    "judges": [
      "Before WAGNER, Chief Judge, and FARRELL and WASHINGTON, Associate Judges."
    ],
    "parties": [
      "Kenneth FOX, Appellant, v. GINSBURG, Feldman & Bress, Chartered, Appellee."
    ],
    "opinions": [
      {
        "text": "FARRELL, Associate Judge.\nAppellee Ginsburg, Feldman & Bress (\u201cGFB\u201d) sued a former client, Dr. Kenneth Fox, for unpaid legal fees. In June 2000 the Superior Court entered a default judgment against Fox. Fox then filed a motion to vacate the default judgment, alleging that GFB had not properly effected service of process against him while he was domiciled in the Bahamas, so that the default judgment was invalid. See generally Cruz v. Sarmiento, 737 A.2d 1021, 1025-26 (D.C.1999). The trial court rejected the argument, concluding that GFB had adequately served Fox in compliance with Bahamian' law. We hold that on the present record the proof that GFB complied with a key requirement of Bahamian law is insufficient. We therefore vacate the Superior Court order and remand for further proceedings consistent with this opinion.\nI.\nIn March 1999 GFB sued Fox in Superi- or Court for the unpaid fees. GFB made repeated attempts to serve Fox at his District of Columbia address, but to no avail. In May 1999 GFB moved the trial court for additional time to serve Fox, stating that it had obtained a Post Office Box address for him in the Bahamas. GFB made several more attempts to serve Fox in the Bahamas, but could not locate him. On December 20, 1999, GFB filed a motion for alternative service in Superior Court listing the considerable measures it had taken to serve Fox personally, without success. In addition to attempting personal service, GFB had retained a Bahamian attorney, Krystal D. Rolle, to advise it on serving Fox in accordance with the law of the Bahamas. GFB represented in Superior Court, without additional proof, that Rolle had received an ex parte hearing before a Bahamian court on or about November BO, 1999, and that the court had authorized service by publication provided Ms. Rolle obtained an order permitting such service from the Superior Court, to be carried out in the Bahamas.\nThe Superior Court judge accepted the representation that GFB had obtained an order permitting substituted service (conditionally) from the Bahamas court, and accepted as well the sufficiency of GFB\u2019s showing that it had made diligent efforts to serve Fox by delivery and mail without success. The judge therefore issued an order on January 12, 2000, directing GFB to proceed with service in any manner permitted by the law of the Bahamas. In February 2000, GFB filed an Affidavit of Service with the Superior Court accompanied by the sworn affidavit of attorney Rolle. The affidavit confirmed that Rolle had been retained by GFB \u201cfor the purpose of effecting service of these proceedings on ... Dr. Kenneth Fox in The Bahamas, including substitute service by publication in a newspaper of general circulation in The Bahamas in the manner prescribed by the Laws of the Commonwealth of the Bahamas.\u201d The affidavit further stated that on February 9, 2000, Rolle had served Fox \u201cwith Notice of this action, of the Complaint filed therein and of the Order for service by advertisement. The said Notice was in accordance with the form prescribed by the Laws of the Commonwealth of the Bahamas for substituted service by advertisement in a newspaper.\u201d Accompanying the Rolle affidavit was the January 12, 2000 order of the Superior Court authorizing substituted service by publication in any manner permitted by Bahamian law.\nWhen Fox failed to appear in Superior Court, GFB filed a motion for default judgment under Super. Ct. Civ. R. 55(b). The court entered a default judgment on June 15, 2000. Several weeks later, Fox filed a motion to vacate the judgment arguing that (1) under Super. Ct. Civ. R. 4(f)(2)(A) the substituted service had to be carried out in accordance with the law of the Bahamas; (2) Bahamian law required GFB to obtain a court order from the Bahamas specifically allowing service by advertisement before proceeding with service by that means; and (3) GFB had not adequately proved that such an order had been issued. The trial court denied Fox\u2019s Motion, and this appeal followed.\nII.\nThe parties agree on two points. First, they acknowledge that under Super. Ct. Civ. R. 4(f)(2)(A) the Superior Court could not authorize service by publication unless that form of service is \u201cprescribed by the law of [the Bahamas] for service in that country in an action in any of its courts of general jurisdiction.\u201d Second, they agree that the law of the Bahamas does not permit substituted service by publication unless a court of the Bahamas has issued an order permitting such service. See Rules of the Supreme Court of the Bahamas, Chapter 41, \u00a7 4 (1). They disagree, however, on whether GFB presented sufficient proof that it had obtained the required order from the Bahamas court. Fox contends that the representation of GFB\u2019s attorney in Superior Court that its retained counsel in the Bahamas secured the order (ie., the putative order allowing substituted service if the Superior Court judge found this to be appropriate) is inadequate proof of that fact, and that attorney Rolle\u2019s affidavit submitted later likewise did not suffice to prove that she obtained the required order before going ahead with publication.\n\u201c[N]otice by publication, being in derogation of the common law, can be availed of only when a statute permits.\u201d Cooper v. Burton, 75 U.S.App.D.C. 298, 299, 127 F.2d 741, 742 (1942) (citations omitted); see Spevacek v. Wright, 512 A.2d 1024, 1026 (D.C.1986). For the same reason, \u201cstatutes purporting to authorize constructive service by publication must be strictly construed.\u201d Id. at 1027. When the exercise of personal jurisdiction is authorized by statute (for present purposes, we assume that to be so in this case), service outside of the District but reasonably calculated to give actual notice may be resorted to \u201cin the manner prescribed by the law of the place in which the service is made for service in that place in an action in any of its courts of general jurisdiction.\u201d D.C.Code \u00a7 13-431(a)(2) (1995); see id. \u00a7 13^124. Strict construction of this statute demands, accordingly, that the Superior Court have received adequate proof that GFB obtained an order from a court in the Bahamas \u2014 as required by the law of the Bahamas \u2014 authorizing service by publication.\nWe agree with Fox that GFB has not established that fact sufficiently on the present record. D.C.Code \u00a7 13-431(b) specifies how \u201c[p]roof of service outside the District of Columbia may be made.\u201d Such proof, it provides,\nmay be made by affidavit of the individual who made the service or in the manner prescribed by the law of the District of Columbia, the order pursuant to which the service is made, or the law of the place in which the service is made for proof of service in an action in any of its courts of general jurisdiction. When service is made by mail, proof of service shall include a receipt signed by the addressee or other evidence of personal delivery to the addressee satisfactory to the court.\nAt a minimum, we think, this law required GFB to produce a certified copy of \u201cthe order pursuant to which the service [was] made\u201d so that the Superior Court could determine whether, as required, the Bahamas court had authorized service by publication. See Super. Ct. Civ. R. 44(a)(2) (authentication of foreign record). Without that proof, the Superior Court had only GFB\u2019s counsel\u2019s representation that such an order had been issued, proof decidedly inferior to what a regime of service by publication requires.\nEven tested by ordinary principles of evidence, moreover, GFB\u2019s representations failed as evidence. Where the contents of a writing (including a court entry) may be at issue, the best evidence of the writing is the document itself. See United States v. Holton, 325 U.S.App.D.C. 360, 369, 116 F.3d 1536, 1545 (1997) (\u201cThe elementary wisdom of the best evidence rule rests on the fact that [the recording itself] is a more reliable, complete and accurate source of information as to its contents and meaning than anyone\u2019s description of it.\u201d). Whether the Bahamas court authorized substituted service, and the terms on which it did so, are most reliably confirmed by a copy of the court order itself. And the comparative ease of obtaining such an order \u2014 assuming that it was issued \u2014 confirms our view that the order should speak for itself in proving that publication was authorized.\nWe accordingly reverse the order denying the motion to set aside the default judgment, and remand the case for further proceedings consistent with this opinion.\nSo ordered.\n.Although Super. Ct. Civ. R. 4(f)(3) also permits service, broadly, \"by other means not prohibited by international agreement as may be directed by the Court,\" that does not change the analysis here because Article 15 of the Hague Convention (see Super. Ct. Civ. R. 4(f)(1)) prohibits entry of judgment-\"until it is established that ... the [writ ofisummons or equivalent document] was served by a method prescribed by the internal law of\u201d the signatory state in which service was to be effected. (Both the United States and the Bahamas are signatory states to the Hague Convention.)\n. Fox does not contend, nor could he reasonably, that the conditional nature of the Bahamian order \u2014 assuming the order was issued\u2014 would affect its validity.\n. Fox does not contend that jurisdiction could not be obtained over him pursuant to the District\u2019s long-arm statute. See D.C.Code \u00a7 13-423.\n. We note that, under District of Columbia law, a copy of the court order allowing service by publication is necessary but not sufficient; the fact of publication must also be proved, \"by affidavit of an officer or agent of the publisher stating the dates of publication.\u201d Super. Ct. Civ. R. 4-1. Rule 4 \u2014 1, however, does not expressly apply to service by publication outside of the District of Columbia, and because appellant has not asserted reliance on that rule, we do not address the issue further in this case.",
        "type": "majority",
        "author": "FARRELL, Associate Judge."
      }
    ],
    "attorneys": [
      "Matthew A. Pavuk, Washington, for appellant.",
      "Daniel S. Willard, Rockville, Maryland, for appellee."
    ],
    "corrections": "",
    "head_matter": "Kenneth FOX, Appellant, v. GINSBURG, Feldman & Bress, Chartered, Appellee.\nNo. 00-CV-1280.\nDistrict of Columbia Court of Appeals.\nArgued June 7, 2001.\nDecided Nov. 15, 2001.\nMatthew A. Pavuk, Washington, for appellant.\nDaniel S. Willard, Rockville, Maryland, for appellee.\nBefore WAGNER, Chief Judge, and FARRELL and WASHINGTON, Associate Judges."
  },
  "file_name": "0660-01",
  "first_page_order": 720,
  "last_page_order": 723
}
