{
  "id": 11930686,
  "name": "Kermit G. FOSTER, Jr. v. Arthur BLOOMBERG",
  "name_abbreviation": "Foster v. Bloomberg",
  "decision_date": "1995-04-13",
  "docket_number": "",
  "first_page": "327",
  "last_page": "329",
  "citations": [
    {
      "type": "official",
      "cite": "657 A.2d 327"
    }
  ],
  "court": {
    "name_abbreviation": "Me.",
    "id": 9543,
    "name": "Maine Supreme Judicial Court"
  },
  "jurisdiction": {
    "id": 42,
    "name_long": "Maine",
    "name": "Me."
  },
  "cites_to": [
    {
      "cite": "437 A.2d 645",
      "category": "reporters:state_regional",
      "reporter": "A.2d",
      "case_ids": [
        7977852
      ],
      "pin_cites": [
        {
          "page": "647"
        }
      ],
      "opinion_index": 0,
      "case_paths": [
        "/a2d/437/0645-01"
      ]
    },
    {
      "cite": "598 A.2d 444",
      "category": "reporters:state_regional",
      "reporter": "A.2d",
      "case_ids": [
        7353654
      ],
      "weight": 2,
      "opinion_index": 0,
      "case_paths": [
        "/a2d/598/0444-01"
      ]
    },
    {
      "cite": "404 A.2d 573",
      "category": "reporters:state_regional",
      "reporter": "A.2d",
      "case_ids": [
        8044579
      ],
      "weight": 2,
      "pin_cites": [
        {
          "page": "578"
        },
        {
          "page": "578"
        }
      ],
      "opinion_index": 0,
      "case_paths": [
        "/a2d/404/0573-01"
      ]
    },
    {
      "cite": "558 A.2d 705",
      "category": "reporters:state_regional",
      "reporter": "A.2d",
      "case_ids": [
        11320060
      ],
      "weight": 2,
      "pin_cites": [
        {
          "page": "706"
        },
        {
          "page": "706"
        }
      ],
      "opinion_index": 0,
      "case_paths": [
        "/a2d/558/0705-01"
      ]
    },
    {
      "cite": "444 A.2d 382",
      "category": "reporters:state_regional",
      "reporter": "A.2d",
      "case_ids": [
        7963258
      ],
      "pin_cites": [
        {
          "page": "385"
        }
      ],
      "opinion_index": 0,
      "case_paths": [
        "/a2d/444/0382-01"
      ]
    }
  ],
  "analysis": {
    "cardinality": 367,
    "char_count": 5598,
    "ocr_confidence": 0.731,
    "pagerank": {
      "raw": 6.155461896083572e-08,
      "percentile": 0.3825553150009904
    },
    "sha256": "0147341c4c38feba60c1375b085446d89cb5bc1ed7d453784a98e160b4094652",
    "simhash": "1:31672b2b891f44a3",
    "word_count": 908
  },
  "last_updated": "2024-02-27T20:55:06.992618+00:00",
  "provenance": {
    "date_added": "2019-08-29",
    "source": "Harvard",
    "batch": "2018"
  },
  "casebody": {
    "judges": [
      "Before WATHEN, C.J., and ROBERTS, GLASSMAN, CLIFFORD, RUDMAN, DANA, and LIPEZ, JJ.",
      "All concurring."
    ],
    "parties": [
      "Kermit G. FOSTER, Jr. v. Arthur BLOOMBERG."
    ],
    "opinions": [
      {
        "text": "WATHEN, Chief Justice.\nDefendant, Arthur Bloomberg, appeals pro se from a writ of possession issued by the Superior Court (Cumberland County, Bradford, J.) on a judgment entered in the District Court (Bridgton, Donovan, J.), in a forcible entry and detainer (FED) action. Finding no defect in the service of process, we dismiss the appeal for mootness because defendant has vacated the premises.\nPlaintiff, Kermit G. Foster, Jr., brought an FED complaint against defendant in October of 1993. Defendant had last paid rent in February of 1992 for premises he rented from plaintiff. Defendant was served on October 5, 1993 with a summons and complaint with a return date of October 12, 1993. After a hearing on October 12, 1993, the District Court found for plaintiff and directed that a writ of possession issue. Defendant filed motions for relief from judgment and for stay of issuance of the writ of possession, which the court denied. Defendant appealed to the Superior Court which found no sufficient reason to stay the issuance of a writ of possession pending disposition of the appeal, and ordered that the writ issue. Defendant appealed to this Court. Upon motion for relief pending judgment filed by plaintiff, we ordered that any further stay of execution of the writ of possession be conditioned on defendant paying rent into an escrow account. We subsequently ordered that the stay be dissolved and that execution proceed because defendant failed to make the required payments.\nPlaintiff argues that defendant\u2019s appeal is moot. Before addressing that issue, however, we first address the defense of insufficient service of process. The District Court rejected defendant\u2019s argument that he did not receive proper notice.\nDefendant was served with the FED summons and complaint on Tuesday, October 5, 1993. The return day was Tuesday, October 12, at 8:30 a.m. M.R.Civ.P. 80D(b) states that \u201c[t]he summons in [FED] actions shall ... state the day when the action is returnable, which shall be not less than 7 days from the date of service of the summons.\u201d Defendant essentially argues that seven days equal seven twenty-four-hour periods. The day of service is not included in the computation of the seven days. M.R.Civ.P. 6(a). The last day of the period is to be included unless it is a Saturday, Sunday, or legal holiday. M.R.Civ.P. 6(a). Counting from Wednesday, October 6, through the return day, Tuesday, October 12, gives a total of seven days. The fact that service may have been in the afternoon, and thus the actual 24-hour periods were less than seven is not determinative here because Rule 80D(b) requires a minimum of seven days \u201cfrom the date of service of the summons.\u201d Also, contrary to defendant\u2019s assertions, the Rule 6(a) provision that \u201c[w]hen the period of time prescribed or allowed is less than 7 days, intermediate Saturdays, Sundays and holidays shall be excluded in the computation\u201d does not apply because the period of time prescribed by Rule 80D(b) is a minimum of seven days. The District Court correctly rejected the service of process defense.\nPlaintiff urges us to dismiss defendant\u2019s appeal because defendant was evicted from the premises. \u201cIt is a fundamental appellate principle that this Court ... will not consider an appeal that has become moot except in extraordinary circumstances_\u201d Jones v. York, 444 A.2d 382, 385 (Me.1982) (dismissing defendant\u2019s appeal of FED judgment for mootness where defendant had voluntarily removed himself from disputed premises before issuance of writ of possession). The test for mootness is whether sufficient practical effects flowing from resolution of the litigation remain so as to justify applying limited judicial resources. In re Faucher, 558 A.2d 705, 706 (Me.1989); State v. Gleason, 404 A.2d 573, 578 (Me.1979). An FED proceeding is a summary proceeding to determine the single issue of who is entitled to the immediate possession of the property. See 14 M.R.S.A. \u00a7 6001-6013 (1980 & Supp. 1994); Rairdon v. Dwyer, 598 A.2d 444, 445 n. 3 (Me.1991); Tozier v. Tozier, 437 A.2d 645, 647 (Me.1981). In this case, because the wilt of possession issued and defendant no longer is in possession of the property, this appeal is moot. See Rairdon, 598 A.2d at 445 n. 3 (\u201c[Ojnee the unstayed writ of possession turned the premises over to the Rair-dons to the exclusion of the Dwyers, no further issue remained to be tried between the parties in this forcible entry and detainer action.\u201d). None of the exceptions to the mootness rule apply to the circumstances of this case.\nThe entry is:\nAppeal dismissed.\nAll concurring.\n. We have recognized three exceptions to the rule of mootness:\nFirst, the court will determine whether sufficient collateral consequences will result from determination of the questions presented so as to justify relief. Second, while technically moot in the immediate context, questions of great public interest may nevertheless be addressed for the future guidance of the bar and of the public. Third, issues which may be repeatedly presented to the trial court, yet escape review at the appellate level because of their fleeting or determinate nature, may appropriately be decided.\nIn re Faucher, 558 A.2d at 706 (quoting Gleason, 404 A.2d at 578) (citations omitted).",
        "type": "majority",
        "author": "WATHEN, Chief Justice."
      }
    ],
    "attorneys": [
      "Lisa J. Friedlander, Smith & Kimball, P.A., Harrison, for plaintiff.",
      "Arthur Bloomberg, Fryeburg, pro se."
    ],
    "corrections": "",
    "head_matter": "Kermit G. FOSTER, Jr. v. Arthur BLOOMBERG.\nSupreme Judicial Court of Maine.\nSubmitted on Briefs March 17, 1995.\nDecided April 13, 1995.\nLisa J. Friedlander, Smith & Kimball, P.A., Harrison, for plaintiff.\nArthur Bloomberg, Fryeburg, pro se.\nBefore WATHEN, C.J., and ROBERTS, GLASSMAN, CLIFFORD, RUDMAN, DANA, and LIPEZ, JJ."
  },
  "file_name": "0327-01",
  "first_page_order": 397,
  "last_page_order": 399
}
