{
  "id": 8159142,
  "name": "Christopher TOLAND, Appellant v. COMMONWEALTH of Pennsylvania, BOARD OF PROBATION AND PAROLE, Appellee",
  "name_abbreviation": "Toland v. Commonwealth, Board of Probation & Parole",
  "decision_date": "2009-01-22",
  "docket_number": "",
  "first_page": "545",
  "last_page": "545",
  "citations": [
    {
      "type": "official",
      "cite": "966 A.2d 545"
    }
  ],
  "court": {
    "name_abbreviation": "Pa.",
    "id": 8832,
    "name": "Supreme Court of Pennsylvania"
  },
  "jurisdiction": {
    "id": 6,
    "name_long": "Pennsylvania",
    "name": "Pa."
  },
  "cites_to": [],
  "analysis": {
    "cardinality": 36,
    "char_count": 326,
    "ocr_confidence": 0.706,
    "pagerank": {
      "raw": 2.1995933875888662e-07,
      "percentile": 0.766158768697478
    },
    "sha256": "8f94866a344b47b7224fb3aab17923d86d7db13f9de6208036f79fab1819dae6",
    "simhash": "1:45bc2ae502093c7b",
    "word_count": 49
  },
  "last_updated": "2023-07-14T18:01:30.821331+00:00",
  "provenance": {
    "date_added": "2019-08-29",
    "source": "Harvard",
    "batch": "2018"
  },
  "casebody": {
    "judges": [],
    "parties": [
      "Christopher TOLAND, Appellant v. COMMONWEALTH of Pennsylvania, BOARD OF PROBATION AND PAROLE, Appellee."
    ],
    "opinions": [
      {
        "text": "ORDER\nPER CURIAM.\nAND NOW, this 22nd day of January, 2009, the order of the Commonwealth Court is AFFIRMED. The Application to Suppress Appellant\u2019s Brief is DISMISSED as moot.",
        "type": "majority",
        "author": "PER CURIAM."
      }
    ],
    "attorneys": [],
    "corrections": "",
    "head_matter": "Christopher TOLAND, Appellant v. COMMONWEALTH of Pennsylvania, BOARD OF PROBATION AND PAROLE, Appellee.\nSupreme Court of Pennsylvania.\nJan. 22, 2009."
  },
  "file_name": "0545-01",
  "first_page_order": 579,
  "last_page_order": 579
}
