{
  "id": 11101556,
  "name": "Kevin TINNEY v. Harle TINNEY et al.",
  "name_abbreviation": "Tinney v. Tinney",
  "decision_date": "2001-04-27",
  "docket_number": "No. 99-345-Appeal",
  "first_page": "420",
  "last_page": "441",
  "citations": [
    {
      "type": "official",
      "cite": "770 A.2d 420"
    }
  ],
  "court": {
    "name_abbreviation": "R.I.",
    "id": 10179,
    "name": "Supreme Court of Rhode Island"
  },
  "jurisdiction": {
    "id": 15,
    "name_long": "Rhode Island",
    "name": "R.I."
  },
  "cites_to": [
    {
      "cite": "142 F.2d 985",
      "category": "reporters:federal",
      "reporter": "F.2d",
      "case_ids": [
        3690147
      ],
      "pin_cites": [
        {
          "page": "988-89"
        }
      ],
      "opinion_index": 0,
      "case_paths": [
        "/f2d/142/0985-01"
      ]
    },
    {
      "cite": "109 R.I. 68",
      "category": "reporters:state",
      "reporter": "R.I.",
      "case_ids": [
        3151348
      ],
      "weight": 3,
      "year": 1971,
      "pin_cites": [
        {
          "page": "71"
        },
        {
          "page": "921-22"
        },
        {
          "page": "71"
        }
      ],
      "opinion_index": 0,
      "case_paths": [
        "/ri/109/0068-01"
      ]
    },
    {
      "cite": "114 R.I. 146",
      "category": "reporters:state",
      "reporter": "R.I.",
      "case_ids": [
        5519690
      ],
      "weight": 2,
      "year": 1975,
      "pin_cites": [
        {
          "page": "148"
        },
        {
          "page": "76"
        }
      ],
      "opinion_index": 0,
      "case_paths": [
        "/ri/114/0146-01"
      ]
    },
    {
      "cite": "115 R.I. 243",
      "category": "reporters:state",
      "reporter": "R.I.",
      "case_ids": [
        3120598
      ],
      "weight": 2,
      "year": 1975,
      "pin_cites": [
        {
          "page": "257"
        },
        {
          "page": "615"
        }
      ],
      "opinion_index": 0,
      "case_paths": [
        "/ri/115/0243-01"
      ]
    },
    {
      "cite": "121 R.I. 343",
      "category": "reporters:state",
      "reporter": "R.I.",
      "case_ids": [
        3191327
      ],
      "weight": 4,
      "year": 1979,
      "pin_cites": [
        {
          "page": "348-49"
        },
        {
          "page": "1128"
        },
        {
          "page": "349"
        }
      ],
      "opinion_index": 0,
      "case_paths": [
        "/ri/121/0343-01"
      ]
    },
    {
      "cite": "497 A.2d 307",
      "category": "reporters:state_regional",
      "reporter": "A.2d",
      "case_ids": [
        7916894
      ],
      "pin_cites": [
        {
          "page": "312-13"
        }
      ],
      "opinion_index": 0,
      "case_paths": [
        "/a2d/497/0307-01"
      ]
    },
    {
      "cite": "668 A.2d 321",
      "category": "reporters:state_regional",
      "reporter": "A.2d",
      "case_ids": [
        7862389
      ],
      "pin_cites": [
        {
          "page": "326"
        }
      ],
      "opinion_index": 0,
      "case_paths": [
        "/a2d/668/0321-01"
      ]
    },
    {
      "cite": "698 A.2d 202",
      "category": "reporters:state_regional",
      "reporter": "A.2d",
      "case_ids": [
        12002172
      ],
      "pin_cites": [
        {
          "page": "206-07"
        }
      ],
      "opinion_index": 0,
      "case_paths": [
        "/a2d/698/0202-01"
      ]
    },
    {
      "cite": "92 A. 571",
      "category": "reporters:state_regional",
      "reporter": "A.",
      "weight": 3,
      "pin_cites": [
        {
          "page": "572-74"
        },
        {
          "page": "574"
        }
      ],
      "opinion_index": 0
    },
    {
      "cite": "189 A. 408",
      "category": "reporters:state_regional",
      "reporter": "A.",
      "weight": 3,
      "year": 1987,
      "pin_cites": [
        {
          "page": "409-10"
        },
        {
          "page": "408-09"
        }
      ],
      "opinion_index": 0
    },
    {
      "cite": "57 R.I. 252",
      "category": "reporters:state",
      "reporter": "R.I.",
      "case_ids": [
        5023187
      ],
      "weight": 3,
      "year": 1987,
      "pin_cites": [
        {
          "page": "255-57"
        },
        {
          "page": "253-54"
        }
      ],
      "opinion_index": 0,
      "case_paths": [
        "/ri/57/0252-01"
      ]
    },
    {
      "cite": "119 A. 639",
      "category": "reporters:state_regional",
      "reporter": "A.",
      "weight": 2,
      "year": 1923,
      "opinion_index": 0
    },
    {
      "cite": "45 R.I. 40",
      "category": "reporters:state",
      "reporter": "R.I.",
      "case_ids": [
        4958615
      ],
      "weight": 2,
      "year": 1923,
      "opinion_index": 0,
      "case_paths": [
        "/ri/45/0040-01"
      ]
    },
    {
      "cite": "200 A. 959",
      "category": "reporters:state_regional",
      "reporter": "A.",
      "weight": 2,
      "year": 1938,
      "opinion_index": 0
    },
    {
      "cite": "61 R.I. 302",
      "category": "reporters:state",
      "reporter": "R.I.",
      "case_ids": [
        2424247
      ],
      "weight": 2,
      "year": 1938,
      "opinion_index": 0,
      "case_paths": [
        "/ri/61/0302-01"
      ]
    },
    {
      "cite": "108 R.I. 711",
      "category": "reporters:state",
      "reporter": "R.I.",
      "case_ids": [
        3158474
      ],
      "weight": 2,
      "year": 1971,
      "pin_cites": [
        {
          "page": "713-15",
          "parenthetical": "reaching substantive question of whether defendant's right to jury trial was violated only after trial justice proceeded to hear the case, over defendant's timely objection, as a nonjury trial"
        },
        {
          "page": "436-37",
          "parenthetical": "reaching substantive question of whether defendant's right to jury trial was violated only after trial justice proceeded to hear the case, over defendant's timely objection, as a nonjury trial"
        }
      ],
      "opinion_index": 0,
      "case_paths": [
        "/ri/108/0711-01"
      ]
    },
    {
      "cite": "431 A.2d 1233",
      "category": "reporters:state_regional",
      "reporter": "A.2d",
      "case_ids": [
        7992180
      ],
      "opinion_index": 0,
      "case_paths": [
        "/a2d/431/1233-01"
      ]
    },
    {
      "cite": "708 A.2d 178",
      "category": "reporters:state_regional",
      "reporter": "A.2d",
      "case_ids": [
        11808410
      ],
      "weight": 5,
      "pin_cites": [
        {
          "page": "180"
        }
      ],
      "opinion_index": 0,
      "case_paths": [
        "/a2d/708/0178-01"
      ]
    },
    {
      "cite": "712 A.2d 871",
      "category": "reporters:state_regional",
      "reporter": "A.2d",
      "case_ids": [
        11821384
      ],
      "weight": 2,
      "pin_cites": [
        {
          "page": "873"
        },
        {
          "page": "873"
        }
      ],
      "opinion_index": 0,
      "case_paths": [
        "/a2d/712/0871-01"
      ]
    },
    {
      "cite": "459 A.2d 960",
      "category": "reporters:state_regional",
      "reporter": "A.2d",
      "case_ids": [
        7984755
      ],
      "pin_cites": [
        {
          "page": "963"
        }
      ],
      "opinion_index": 0,
      "case_paths": [
        "/a2d/459/0960-01"
      ]
    },
    {
      "cite": "640 A.2d 950",
      "category": "reporters:state_regional",
      "reporter": "A.2d",
      "case_ids": [
        7868007
      ],
      "pin_cites": [
        {
          "page": "959"
        }
      ],
      "opinion_index": 0,
      "case_paths": [
        "/a2d/640/0950-01"
      ]
    },
    {
      "cite": "708 A.2d 1321",
      "category": "reporters:state_regional",
      "reporter": "A.2d",
      "case_ids": [
        11826594
      ],
      "weight": 2,
      "pin_cites": [
        {
          "page": "1325"
        },
        {
          "page": "1324"
        }
      ],
      "opinion_index": 0,
      "case_paths": [
        "/a2d/708/1321-01"
      ]
    },
    {
      "cite": "732 A.2d 111",
      "category": "reporters:state_regional",
      "reporter": "A.2d",
      "case_ids": [
        11545810
      ],
      "pin_cites": [
        {
          "page": "113"
        }
      ],
      "opinion_index": 0,
      "case_paths": [
        "/a2d/732/0111-01"
      ]
    },
    {
      "cite": "748 A.2d 249",
      "category": "reporters:state_regional",
      "reporter": "A.2d",
      "case_ids": [
        11454365
      ],
      "weight": 2,
      "pin_cites": [
        {
          "page": "252"
        },
        {
          "page": "252"
        }
      ],
      "opinion_index": 0,
      "case_paths": [
        "/a2d/748/0249-01"
      ]
    },
    {
      "cite": "744 A.2d 850",
      "category": "reporters:state_regional",
      "reporter": "A.2d",
      "case_ids": [
        11492429
      ],
      "pin_cites": [
        {
          "page": "858-59"
        }
      ],
      "opinion_index": 0,
      "case_paths": [
        "/a2d/744/0850-01"
      ]
    },
    {
      "cite": "752 A.2d 946",
      "category": "reporters:state_regional",
      "reporter": "A.2d",
      "case_ids": [
        11512388
      ],
      "pin_cites": [
        {
          "page": "948"
        }
      ],
      "opinion_index": 0,
      "case_paths": [
        "/a2d/752/0946-01"
      ]
    },
    {
      "cite": "752 A.2d 476",
      "category": "reporters:state_regional",
      "reporter": "A.2d",
      "case_ids": [
        11510338
      ],
      "pin_cites": [
        {
          "page": "479"
        }
      ],
      "opinion_index": 0,
      "case_paths": [
        "/a2d/752/0476-01"
      ]
    }
  ],
  "analysis": {
    "cardinality": 2214,
    "char_count": 67443,
    "ocr_confidence": 0.692,
    "pagerank": {
      "raw": 2.3803854505551218e-07,
      "percentile": 0.7967576488050075
    },
    "sha256": "83038b90f78965b047fa38f4be6b8d48362c0f154c09db0b14b5b167d7e373ff",
    "simhash": "1:b2ce47ed6849e77a",
    "word_count": 11147
  },
  "last_updated": "2024-02-27T21:56:05.215409+00:00",
  "provenance": {
    "date_added": "2019-08-29",
    "source": "Harvard",
    "batch": "2018"
  },
  "casebody": {
    "judges": [
      "Present WEISBERGER, C.J., LEDERBERG, BOURCIER, FLANDERS, and GOLDBERG, JJ.",
      "Chief Justice WILLIAMS did not participate."
    ],
    "parties": [
      "Kevin TINNEY v. Harle TINNEY et al."
    ],
    "opinions": [
      {
        "text": "OPINION\nBOURCIER, Justice.\nIn this civil action, Kevin Tinney, a.k.a. Kevin Koellisch (Kevin or plaintiff), appeals from a Superior Court judgment entered after a nonjury trial on his complaint seeking partition of two adjacent parcels of land (collectively Belcourt), including one large lot (parcel 1) upon which the mansion Belcourt Castle rests and one smaller unimproved lot (parcel 2). The trial justice denied the plaintiffs claim to partition parcel 1, and voided his proprietary interest in that parcel. As to parcel 2, the trial justice upheld the plaintiffs possessory interest in it but ordered him to sell this interest to Donald and Harle Tinney (Tinneys or defendants) for $65,011. The trial justice also ordered the plaintiff to vacate Belcourt. For the reasons hereinafter set out, we affirm the judgment of the Superi- or Court and deny the plaintiffs appeal.\nI\nFacts and Case Travel\nIn 1956, Harold and Ruth Tinney purchased Belcourt Castle, a sixty-room Louis XIII summer cottage with the majestic trappings of a European palace, on Belle-vue Avenue in Newport. When they purchased Belcourt Castle, it was no longer the posh Newport showplace that its designer and architect, the famed Richard Morris, had intended for its original owner, Oliver Hazard Perry Belmont, in the late 1890\u2019s, and neither the years since, nor its varied owners, had been kind to Belcourt Castle. Harold and Ruth, however, were able to visualize more in Bel-court Castle than their Newport neighbors, and they persevered in their dream of restoring Belcourt Castle to its former regal splendor and opening it to the public as a museum. In 1957, Harold, Ruth and their son, Donald, were able to open Bel-court Castle to the public. By 1960, they were beginning to realize public acceptance of their venture, and in the summer of 1960, they hired a tour guide, Harle, a young Newport girl, to assist them. In December of that year, Donald and Harle married, and Harle moved into Belcourt Castle with Harold and Ruth, who were then all living in the one habitable apartment in Belcourt Castle. All went well with the four Tinneys and Belcourt Castle primarily because of the long hours they spent operating a stained-glass window business on the premises. They used the earnings from that business to keep Bel-court Castle open to the public.\nIn 1974, plumbing problems surfaced at Belcourt Castle. Repair costs were estimated to be about $10,000, which was beyond the ability of Belcourt Castle to meet. Kevin Koellisch (Kevin), a local itinerant handyman, plumber of sorts, and jack of all trades, was recommended to Harold. Despite Harold\u2019s \u201cnot lik[ing] Kevin from day one,\u201d Harold hired Kevin to do the plumbing work for $600. Shortly thereafter, Kevin was hired to do other work on the Belcourt Castle heating system, and the Tinneys, in appreciation for Kevin\u2019s work and low prices, began inviting Kevin to have dinner with them at Belcourt Castle as a sign of their appreciation. Within six months, however, Kevin had talked the Tinneys into letting him clean up, renovate, and move into an apartment in the south wing of Belcourt Castle. In 1975, Kevin lived in one room in the apartment and rented out the apartment\u2019s other rooms to a \u201cbunch of roommates\u201d to help pay the rent due to the Tinneys. Kevin was soon considered to be the general-maintenance manager for the budding and grounds, and was invited to have his meals with the Tinneys in Belcourt Castle\u2019s main dining room.\nFrom 1975 to 1989, Kevin was in and out of Belcourt Castle, being self employed at different jobs in Massachusetts and other states. On those frequent occasions when Kevin was away from Belcourt Castle, sometimes for months at a time, the Tin-neys occasionally would rent out his south wing apartment. If, when Kevin returned, his apartment happened to be rented out, he would then stay in the \u201cCream Room\u201d at Belcourt Castle or with Donald and Harle in their apartment.\nKevin\u2019s excursions away from Belcourt Castle were not, however, always for purposes of perfecting his capabilities as a handyman. A libertine and a bounder of sorts, he apparently was attracted to elderly ladies, and became quite successful in cleverly relieving them of their worldly goods. For example, in 1982, when Kevin was just thirty-one, he was able to relieve the elderly lady who owned the Fife & Drum Bar in Providence of her stock ownership in that business by means of a promissory note that he never honored. He later acquired an apartment building in Massachusetts from another elderly lady by means of a purchase money mortgage that never was repaid.\nHaving thus sharpened his ancillary skills, Kevin by 1984, was living in his south wing apartment in Belcourt Castle and working with the Tinneys. He was soon given the position of general manager of Belcourt Castle and was permitted to hire employees, handle financial matters and do general-maintenance work.\nHarold, the patriarch of the Tinney family, died in 1989. At the time of his death, he had been married to Ruth for some sixty years. Ruth was \u201cdevastated\u201d by the loss of her husband. Her son, Donald, at this time was also suffering from depression, anemia, and alcoholism, all of which did little to help console Ruth. In those unfortunate circumstances, Kevin\u2019s relationship with his employer, Ruth, underwent a rapid and unseemly fulgent metamorphosis, which would later create significant ramifications for the ownership of Belcourt. By most accounts of the trial witnesses, Kevin, in the wake of Harold\u2019s death, began to ingratiate himself with Ruth, who was some forty-five years older than Kevin. He took her dancing, took her horseback riding, took her on overnight trips, was seen \u201crubbing\u201d her and kissing her in public and otherwise he was acting overly solicitous toward her, even though Kevin, at that time, still had a male domestic partner living with him in his south wing apartment. Within a year or so after Harold\u2019s death, and while Ruth was still seriously depressed over his death, and the near fatal illness of her son, Donald, Kevin indicated that he wanted to be adopted by Ruth and become part of the Tinney family. He told the then vulnerable Donald that unless he was adopted, he was going to leave Belcourt within a year. He also told friends that he always considered himself to have been a member of the Tinney family as far back as the \u201c70\u2019s.\u201d On October 11, 1990, Ruth who was then eighty-four years of age, apparently succumbed to Kevin\u2019s oleaginous charm and adopted Kevin, who was then thirty-seven. Kevin immediately assumed the surname \u201cTinney\u201d much to the dismay of his natural mother, who was still living and who admonished him that people would regard him as having \u201csold his name for a buck.\u201d On April 18, 1991, some six months after the adoption proceeding, Ruth, Donald, and Harle executed a deed conveying to Kevin a one-fourth joint interest in parcel 1 of Belcourt. That acquisition by Kevin of his one-fourth joint interest served to spawn the onset of the Belcourt Castle intrigue and wrangling over its ownership and generated the litigation that brings this appeal to this Court.\nIn 1993, Ruth, who was then eighty-six years of age, suffered a stroke, and because of her age, became debilitated. On September 10, 1995, Kevin and the Tinney family decided to dispose of Belcourt Castle, and entered into a one-year listing agreement with a local realtor, Private Properties, to sell it. However, there were no buyers. In December 1995, Ruth died. Title to Belcourt Castle now vested in Kevin, Harle and Donald as joint tenants, each owning a one-third joint title interest.\nBy March 1997, the long-strained relationship between Kevin and the Tinneys had deteriorated to such an extent that Harle and Donald, to prevent Kevin from acquiring any of their interest in Belcourt Castle, severed their joint tenancy with Kevin by quitclaiming their interest in parcel 1 \u2014 containing the mansion \u2014 to Amy Manning (Amy), who then quitclaimed her interest in parcel 1 back to Harle and Donald, who took their title interest as tenants by the entirety. Amy is the daughter of the Tinneys\u2019 longtime family attorney Edward Manning, who had arranged for and prepared the conveyance documents. As a result of these conveyances, Donald and Harle now owned a two-thirds interest in parcel 1 as tenants by the entirety, and Kevin retained his one-third title interest with little chance, if any, except by conveyance, of ever acquiring Donald or Harle\u2019s interest in Belcourt Castle.\nKevin, who also held a real estate broker\u2019s license and who obviously was aware of the title consequences resulting from Donald and Harle\u2019s taking title as tenants by the entirety to their two-third\u2019s interest in Belcourt Castle, was not content with being left his mere one-third interest in Belcourt Castle. He began to threaten both Harle and Donald with accusations and court actions concerning their handling of Belcourt matters. As a result of these threats, Donald\u2019s health once again began to deteriorate, and after succumbing to Kevin\u2019s threats and accusations, Donald and Harle capitulated, and executed a quitclaim deed whereby they agreed to re-convey parcel 1 to themselves and Kevin as joint tenants. They did so in April 1997. Kevin and the Tinneys, who were then able to obtain mortgage financing on Belcourt Castle about five months later, on September 5, 1997, also decided to purchase as joint tenants what is now known as parcel 2 of Belcourt, an unimproved lot abutting Belcourt Castle to the south. Donald and Harle, however, continued to be suspicious of Kevin\u2019s intentions with regard to Belcourt and were uneasy in their roles there with Kevin.\nIn November 1997, Donald and Harle decided once again to sever their joint tenancy with Kevin. Thus, they again conveyed their two-third title interest to Bel-court to themselves as tenants by the entirety. As a result, Kevin was left yet again with his isolated one-third ownership interest.\nOn November 25, 1997, Kevin retaliated against Donald and Harle\u2019s title shifting and began carrying through on his earlier threats to them. He filed a civil action in the Newport Superior Court on behalf of himself and the Royal Arts Foundation, a nonprofit corporation that managed the museum at Belcourt. In that action, he alleged that Harle and Donald had embezzled and converted foundation funds and property. Donald and Harle answered Kevin\u2019s complaint, denying any wrongdoing on their part, and filed a counterclaim in which they leveled a barrage of claims against Kevin.\nShortly thereafter, in March 1998, despite his alleged \u201cdream\u201d of wanting to keep Belcourt under the ownership of the Tinney family and keeping it open as a museum, Kevin then filed a second complaint (C.A.98-116), this time seeking the partition of Belcourt by the Superior Court in Newport. In his complaint, Kevin alleged he possessed a one-third joint interest with Donald and Harle in both parcel 1, as evidenced by the quitclaim deed recorded April 11, 1997, and in parcel 2, as evidenced by the warranty deed recorded on September 5,1997, and that Donald and Harle had an undivided two-thirds interest in both parcel 1 and parcel 2 as tenants by the entirety. Kevin also alleged that he and the Tinneys could not agree \u201con a sale of the premises\u201d and that the real estate could not \u201cbe divided by metes and bounds.\u201d That complaint filed, pursuant to G.L.1956 \u00a7 34-15-16, sought to have a commissioner appointed by the Superior Court to \u201cdivide or sell the property and order the immediate sale of the real estate; and, pursuant to R.I.G.L. 34-15-18, order the partition of funds resulting from this sale.\u201d\nThe defendants, Donald and Harle, duly filed them answers objecting to Kevin\u2019s complaint seeking partition of the Belcourt properties. They contended in their amended answers that the properties could be divided by metes and bounds, and asserted affirmative defenses alleging breach of agreement, accord and satisfaction, lack of equitable entitlements to partition, the procurement by Kevin of his title interest and claims by means of undue influence, duress and/or fraud, and requested \u201csuch other\u201d relief as the trial court might deem \u201cjust and appropriate.\u201d Notwithstanding that a partition action is an equitable proceeding in which there is no right to a jury trial, the Tinneys nevertheless claimed a trial by jury.\nOn April 16,1999, Donald and Harle had moved to amend their answers to Kevin\u2019s suit for partition by adding thereto the affirmative defense that the deeds conveying to Kevin his interest in Belcourt Castle and the lot adjoining Belcourt Castle had been procured by him through \u201cundue influence and/or duress and/or fraud\u201d and should be declared \u201cnull and void, canceled and/or set aside.\u201d That motion to amend was not objected to and was later granted.\nOn April 26, 1999, before commencing trial on Kevin\u2019s suit for partition, the trial justice conducted a pretrial conference with the trial attorneys. At that pretrial conference, the parties agreed that Kevin\u2019s complaint for partition would be tried by the trial justice sitting without a jury and that two other pending cases involving Kevin, Donald and Harle, C.A. 97-516 and C.A. 98-2722, would be dismissed without prejudice. That left for trial only Kevin\u2019s suit for partition. Thereupon, on April 26, 1999, trial commenced on Kevin\u2019s complaint seeking partition of Beleourt, and Donald and Harle\u2019s affirmative defenses seeking to set aside the deeds to Kevin upon which his partition claims were based. Trial proceeded before a Superior Court trial justice sitting without a jury. In the presentation of Kevin\u2019s case, only Kevin and Robert Magnuson, a real estate appraiser, testified in support of the partition claim.\nKevin attempted to show that because of his devotion to Beleourt and the Tinneys\u2019 affection for him, Ruth had adopted him as a son, and the Tinney family had added Kevin\u2019s name to the deed as a joint-tenant to Beleourt Castle. Subsequently, however, Kevin also testified that his dream of maintaining Beleourt as a public museum started to unravel as his relationship with the Tinney family deteriorated.\nUnder cross-examination, Kevin acknowledged that after Harold died and before his name was added to the Beleourt Castle deed, he had taken overnight trips with Ruth, that he had danced with her, taken her horseback riding, and kissed her in public. He steadfastly denied that Ruth was distraught after Harold, her husband of sixty years, had died. He also denied telling Ruth that he would leave Beleourt, and claimed only that he had told Donald he would leave if Ruth did not adopt him. He also admitted to peccadilloes with two other elderly women in which he obtained property from them in what appeared to be suspicious business transactions, and further testified that he understood the different ways to jointly own property and the significance of various ways of holding title.\nRobert Magnuson, a property appraiser, also testified in support of Kevin\u2019s claim for partition. He testified that he did not believe the Beleourt property could be \u201cseparated\u201d or that the lots could be \u201csubdivided.\u201d\nIn defending against Kevin\u2019s partition claim, and in support of their affirmative defenses and counterclaims, Donald and Harle presented eleven witnesses, including relatives, friends and employees of Beleourt. Those witnesses testified that, prior to Harold\u2019s death, Ruth was a strong-willed leader of Beleourt who ran the family business closely and demanded a close-knit family loyalty. She was described by these witnesses as a \u201cmatriarch,\u201d a \u201cvery domineering woman,\u201d a \u201cVictorian lady,\u201d and \u201cvery demanding.\u201d One witness, Mark Malkovich (Malkovich), the General Director of the Newport Music Festival for the past twenty-five years and a Tinney family friend for some twenty-five years, testified that Ruth \u201cbefore the death of Harold, I would say she was somewhat imperious. She was the gran-dame [sic ] of Beleourt Castle. She dressed beautifully. She handled herself well.\u201d\nCertain defense witnesses, including Malkovich, testified that after Harold\u2019s death, which was \u201cdevastating\u201d for Ruth, she became \u201cdepressed, lonesome, [and] out of the [sic ] control.\u201d Malkovich testified in particular that \u201cShe cried very easily. We\u2019d have a meeting; and in the meeting, in the middle of the meeting, she would start to cry; and I thought that she became sort of little-girlish.\u201d Harle also testified that Donald was very sick at this time and suffered from alcoholism, depression, and anemia, and his condition weighed upon Ruth\u2019s depression.\nThe trial testimony also disclosed that Ruth\u2019s vulnerability had become apparent to Kevin, and after Harold\u2019s death, but before his adoption or addition to the Bel-court Castle deed, witnesses observed that Kevin had begun to \u201cingratiate\u201d himself and \u201csolicit\u201d Ruth in an inappropriate manner that would have never been tolerated by Harold. Gregory Beals (Beals), an employee of Belcourt for over fifteen years, testified that in the time leading up to the addition of Kevin\u2019s name to the deed, Kevin \u201cdoted on her constantly, called her mom every time he addressed her.\u201d David Betzer (Betzer), a nephew of Ruth, testified that Ruth and Kevin often would be \u201cholding hands, sometimes walking arm-in-arm, kissing, not passionately, but it was uncharacteristic of her, in my opinion. * * * Well, knowing her all of my life, she, as far as being a warm, affectionate, kissing, hugging type of person, she was never ever like that, never. Certainly not in public and not outwardly.\u201d Malkovich testified that Kevin \u201cwas extremely solicitous of Ruth in a way I felt almost unctuous.\u201d It was around this time that Betzer testified that Ruth confided in him, \u201cthat she was glad to have a lover in Kevin.\u201d Lucy Rouse, an employee of the Royal Arts Foundation, also testified that Kevin had threatened to leave Belcourt and said that Kevin said, \u201c T told mom that, if she didn\u2019t adopt me, that I was leaving.\u2019 \u201d\nThe trial evidence also disclosed that, after Kevin was adopted and had his name added to the deed, Kevin began to distance himself from Ruth and no longer worked as extensively as he had before at Bel-court. Beals testified in particular that \u201che didn\u2019t seem to dote on her quite as much. He took more trips; he wasn\u2019t as present as much as he had been before.\u201d\nIn addition, Harle also testified. She testified that she signed the deed conveying the Tinneys\u2019 interest in Belcourt Castle back to joint tenancy with Kevin in April 1997 because Kevin was threatening all kinds of court actions against her and Donald, including that Harle was an embezzler and that she had murdered Ruth by turning off her oxygen supply when Ruth was last hospitalized.\nOther trial witnesses testified that Kevin had also made various admissions to them about' his ulterior motives for being at Belcourt. Keith Greene, an employee at Belcourt, testified that Kevin told him, before the adoption, that \u201c T struck a gold mine.\u2019 \u201d Malkovich t\u00e9stified that Ruth told him she regretted adopting Kevin,\n\u201csaid how sorry she was; that she made a big mistake; and that there was a lot of trouble; and that she was very sorry that she did that. I remember my own \u25a0reaction at the time being \u2014 thinking to myself, Oh, Ruth has come back to herself. Because prior to that, I just felt that she was in a fantasy-land.\u201d\nHarle testified also that Ruth had informed her that \u201cKevin wants to marry me\u201d and that she told Ruth that it was not right. She said she told Ruth this because Ruth was \u201c84 years old and [Kevin] was 39, and he had somebody [Roger Bisson] living with him on the third floor.\u201d Harle testified that when she confronted Kevin about what Ruth had said, he told Harle that the marriage \u201cwould put me in a better position.\u201d\nKevin\u2019s counsel during trial made great effort to rebut the evidence that had been presented to prove that Kevin had exerted undue influence on Ruth, Donald and Harle. During his cross-examination of Harle, he asked her a series of questions seeking to establish that she signed the 1991 deed transferring an interest to Kevin freely. While Harle acknowledged that she signed the 1991 deed and that no one \u201cforced\u201d her to sign the deed, she indicated that there was a \u201cstrong influence from mom.\u201d\nKevin, after the close of the defendants\u2019 case, was recalled to rebut the damaging evidence of his interactions with Ruth. He sought to show that, inter alia, he did not seek to marry Ruth, that any \u201ckissing\u201d that took place was familial and proper, that his work did not diminish after being adopted or placed on the deed, and that he did not make any threat to Ruth that he would leave Belcourt if she did not adopt him. Kevin also denied ever threatening or coercing Donald and Harle to execute the April 1997 deed wherein his name was added as part owner of Belcourt Castle.\nUpon completion of the trial, the trial justice, in a thirty-six page-decision, that comprehensively discussed the history of Belcourt, the witnesses\u2019 testimony and the applicable law, rejected Kevin\u2019s request to partition. The trial justice found that Bel-court could not be divided by metes and bounds based upon the uniqueness and history of the property, the agreement of the parties, and the testimony of the appraiser. The trial justice also found that Donald and Harle had failed to prove their affirmative defenses of breach of agreement, accord and satisfaction, lack of equitable entitlement to partition, estoppel, irreparable harm, fraud and duress.\nHowever, the trial justice found that Donald and Harle had proven them claim of undue influence on the part of Kevin concerning the signing of the April 1991 and the April 1997 deeds. He found that the testimony of the trial witnesses called by Donald and Harle to be most persuasive, particularly that of Malkovich and Harle, and that the testimony of Kevin was unpersuasive and not credible. He found that at the time leading up to the signing of the April 1991 deed Ruth was devastated by the death of her husband, suffered from depression and loneliness, and that she was involved in a very intimate relationship with Kevin. He also found that \u201cKevin preyed on Ruth\u2019s situation and threatened Ruth that he would leave Bel-court after gaining her confidence and dependency\u201d and that \u201cKevin was a bounder and a con artist seeing Belcourt as his own personal \u2018gold mine.\u2019 \u201d He also found that the condition of the other members of the family, Donald and Harle, was one \u201crife with opportunity\u201d for someone to unduly influence them because of Donald\u2019s sickness and the control that Ruth exerted over them. He also found that Kevin had threatened Donald and Harle with various legal and penal actions if they did not reinstate the joint tenancy by signing the April 1997 deed.\nAccordingly, the trial justice found that the April 1991 and the April 1997 deeds were procured through undue influence exercised by Kevin upon Ruth, and upon Donald and Harle. He concluded that the clear and convincing evidence in this case \u201cwarrants that the Court set aside both the April 1991 and the April 1997 deeds.\u201d However, the trial justice found that the September, 1997 deed to Kevin, Donald and Harle for parcel 2, the lot adjoining Belcourt Castle, was not procured by any undue influence and, thus, was a valid deed and that Kevin was entitled to one-third of its value. He further ordered that since Belcourt was a historical landmark and had been the home of the original Tinney family for over thirty years, that Donald and Harle would have the option of buying out Kevin\u2019s share within six months for $65,011. He also ordered Kevin to vacate Belcourt within one month.\nKevin timely appealed to this Court, seeking to set aside the final judgment of the Superior Court and to have judgment entered in his favor or, alternatively, to have the case remanded for a new trial. On appeal to this Court, Kevin has raised four issues:\nI. Whether the trial court erred by admitting hearsay evidence over plaintiffs objection.\nII. Whether the trial court improperly surprised plaintiff when it sua sponte converted defendants\u2019 affirmative defense of undue influence into a counterclaim and granted affirmative relief without notice to plaintiff of its intent to do so.\nIII. Whether the trial court denied plaintiff the right to a jury trial on the legal issues after it sua sponte transformed the affirmative defense of undue influence into a counterclaim.\nIV. Whether the trial court misapplied the law and overlooked material evidence in finding that Kevin had exerted undue influence upon Ruth, Donald and Harle.\nWe consider these contentions in the order raised by Kevin, noting as we do that in our review of a decision made by a trial justice sitting without a jury we accord great deference to the findings of credibility and fact made by the trial justice, Canario v. Culhane, 752 A.2d 476, 479 (R.I.2000), and in the absence of a showing that he or she overlooked or misconceived material and relevant evidence or was clearly wrong we will not disturb those findings. Burke-Tarr Co. v. Ferland Corp., 12A A.2d 1014, 1018 (R.I.1999). Kevin in this appeal does not question our standard of review but as we understand from his appellate contentions, he argues that the trial justice did overlook and misconceive material evidence and clearly erred in his findings.\nII\nHearsay Evidence\nKevin first asserts that the trial justice erred in admitting hearsay evidence. He contends that three statements by Ruth and a letter to the Newport police written by Malkovich were inadmissible hearsay. The three statements challenged on appeal concerned Malkovich\u2019s testimony that Ruth had told him that the adoption was a \u201cmistake;\u201d Betzer\u2019s testimony that Ruth had informed him that she was \u201cglad to have a lover in Kevin;\u201d and Kevin\u2019s testimony that Ruth told him not to \u201copen\u201d an envelope that may have contained her will. Kevin faults the trial justice for improperly admitting those three statements under Rule 804(c) of the Rhode Island Rules of Evidence. He argues that the trial justice erred by failing to cite to Rule 804(c) and by neglecting to make the requisite finding of good faith under Rule 804(c). We disagree.\nWe first note from the trial record that no proper objection had been ever made to the three challenged statements. \u201cAccording to our well-settled \u2018raise or waive\u2019 rule, issues that present themselves at trial and that are not preserved by a specific objection at trial, \u2018sufficiently focused so as to call the trial justice\u2019s attention to the basis for said objection, may not be considered on appeal.\u2019 \u201d State v. Anderson, 752 A.2d 946, 948 (R.I.2000); State v. Morris, 744 A.2d 850, 858-59 (R.I.2000); see also 1 McCormick on Evidence \u00a7 52 at 225 (5th ed. Strong 1999) (\u201c[i]f the judge overrules a general objection, the objecting party may not ordinarily complain of the ruling on appeal by urging a ground not mentioned when the objection was made at trial\u201d); 1 Wigmore, Evidence in Trials at Common Law \u00a7 18 at 818 (1988) (\u201cThe cardinal principle (no sooner repeated by courts than ignored by counsel) is that a general objection, if overruled, cannot avail the objector on appeal\u201d). In this case, plaintiffs counsel failed to offer any objection whatsoever to Malkovich\u2019s testimony, relating that Ruth had told him that the adoption was a mistake. Concerning the question put to Bet-zer, about whether Ruth had made a statement to him indicating that she had been involved romantically with Kevin, plaintiffs counsel only noted his \u201cobjection,\u201d without specifying any particular ground or reason for the objection. Again while Kevin was being cross-examined about the will and envelope, the plaintiff failed to properly challenge the admission of that evidence under Rule 804(c), but instead simply objected that the statement had not met the requirements of Rule 804(b)(2) concerning a dying declaration. Had plaintiffs counsel made a proper objection or given adequate reason for his objection, the trial justice may have been alerted to what the objection was based upon and might have sustained the objection or at least may have provided the reason for its admission upon which this reviewing Court could then adequately determine its admissibility. See 1 McCormick on Evidence \u00a7 52 at 225 (one purpose of requirement of specific objection is to make a \u201cproper record for the reviewing court in the event of an appeal\u201d). Viewing the record as it stands now, the trial justice may have admitted the testimony under Rule 804(c) or for other adequate reason. The plaintiff simply seeks to raise an issue now here on appeal that was not adequately raised below by presuming now the basis for the evidence\u2019s admission and tailoring his objection to that presumed basis. Absent proper objection to the three questions, the answers thereto constituted proper evidence for the trial justice to rely upon in arriving at his decision. See also 1 McCormick on Evidence \u00a7 52 at 225-26.\nFurthermore, even if the challenged statements had been properly objected to, the plaintiff has failed to show how he was materially prejudiced by their admission. \u201c[T]he admission of evidence rests in the sound discretion of the trial justice and will not be disturbed absent a showing of an abuse of that discretion.\u201d Graff v. Motta, 748 A.2d 249, 252 (R.I.2000) (quoting New Hampshire Insurance Co. v. Rouselle, 732 A.2d 111, 113 (R.I.1999) (per curiam)). An aggrieved party challenging the ruling of the trial justice additionally bears the supplemental burden of establishing that the questioned evidence was material and that its admission had an impermissible prejudicial influence on the decision of the factfinder. Graff, 748 A.2d at 252; Caranci v. Howard, 708 A.2d 1321, 1325 (R.I.1998). Concerning the three challenged hearsay statements here on appeal, the plaintiff has failed to demonstrate that the evidence contained in those statements was so singularly material and that its admission impermissibly prejudiced the fact-finder. Indeed, we find in the record more than substantial other similar evidence to support the trial justice\u2019s findings of a relationship of \u201ctrust, confidence and great intimacy\u201d between Kevin and Ruth, that Kevin\u2019s adoption was ill-conceived, and that Kevin had otherwise \u201cunduly influenced\u201d Harle and Donald.\nThe plaintiff also asserts that the trial justice improperly admitted the witness statement given by Malkovich to the Newport police department because the letter constituted \u201cimproperly admitted hearsay evidence.\u201d Yet, at trial, plaintiffs counsel objected only to its introduction as a full exhibit apparently on relevancy grounds, not on hearsay grounds. The following exchange occurred between each party\u2019s counsel and the trial justice:\n\u201cQ: Let me show you what\u2019s been marked Exhibit O, for identification, and ask you if that\u2019s a copy of your statement?\n\u201cA: This is my letter to the detective.\n\u201cMr. Currier: With the permission of the Court, I ask he read that statement into the record?\n\u201cThe Court: Let\u2019s save some time and put it in as an exhibit, and just indicate roughly what he said.\n\u201cMr. D\u2019Addario: I object to it as a full exhibit; makes conclusions about his opinion of the plaintiff. Totally inappropriate.\u201d\nThus, we agree with the defendants that the plaintiff is precluded now, on appeal, from challenging for the first time the validity of the introduction of the letter on hearsay grounds. See Hydro-Manufacturing, Inc. v. Kayser-Roth Corp., 640 A.2d 950, 959 (R.I.1994) (\u201c[i]t is well settled that a party may not \u2018advance new theories or raise new issues in order to secure a reversal of the lower court\u2019s determination\u2019 \u201d) (quoting Nedder v. Rhode Island Hospital Trust National Bank, 459 A.2d 960, 963 (R.I.1983)). Accordingly, we discern no error on the part of the trial justice when admitting the challenged testimony and Malkovieh\u2019s statement to the Newport police.\nIll\nPleading\nThe plaintiff next contends that the trial justice erred when it \u201csua sponte rendered judgment on a claim not pleaded by the defendants.\u201d The plaintiff maintains that the trial justice improperly granted affirmative relief to the defendants when he set aside the April 1991 and April 1997 conveyances of a proprietary interest in parcel one of Belcourt to Kevin when he only had before him the defendants\u2019 affirmative defense of \u201cundue influence.\u201d More specifically, the plaintiff contends:\n\u201cThe trial court had two choices, to treat the defense as a defense without granting affirmative relief or to treat the defense like a counterclaim after providing notice to the parties of its intent to do [sic ]. The problem arose here primarily because the trial court never indicated that it would treat the defense as a separate claim for relief. It sua sponte granted relief when no claim requesting relief existed. Plaintiff never suspected, nor should he have, that the trial court would invalidate the deeds from the Tin-neys to Kevin Tinney, order Kevin to sell his portion of land owned with Donald and Harle Tinney, or order Kevin to vacate his home based on Defendants\u2019 defense.\u201d\nAccordingly, the plaintiff contends that the trial justice acted sua sponte after the close of the evidence in granting affirmative relief that was not specifically requested by the parties. We view the record quite differently.\nIn this case, the defendants pled \u201cundue influence\u201d as an affirmative defense, and they specifically requested affirmative relief in asking that Kevin\u2019s interest in the deeds be voided. Under this circumstance, although we might agree with the plaintiffs basic premise that the defendants\u2019 claim of undue influence should have been properly pled as a counterclaim and not as an affirmative defense, the trial proceeded with the understanding of all parties that the Tinneys were seeking to have not only the 1991 deed voided but also the 1997 deed to the separate lot.\nRule 8(c) of the Superior Court Rules of Civil Procedure gives the trial justice the discretion to treat an \u201caffirmative defense\u201d as a counterclaim. Rule 8(c) provides in pertinent part, \u201cWhen a party has mistakenly designated a defense as a counterclaim or a counterclaim as a defense, the court on terms, if justice so requires, shall treat the pleadings as if there had been a proper designation.\u201d See also Visconti & Boren Ltd. v. Bess Eaton Donut Flour Co., 712 A.2d 871, 873 (R.I.1998) (per curiam); Hawkins v. Town of Foster, 708 A.2d 178, 184 n. 1 (R.I.1998).\nIn Hawkins, 708 A.2d at 180, a trial justice precluded the Town of Foster (town) from presenting evidence as to campground operators\u2019 (campground) violations of applicable ordinances, which the town had raised as affirmative defenses to the campground\u2019s complaint to void these ordinances as ultra vires. On appeal, we noted, citing Rule 8(c), that the trial justice should have treated the town\u2019s affirmative defenses as counterclaims. See Hawkins, 708 A.2d at 184 n. 1. We reasoned that although the town labeled these allegations as \u201caffirmative defenses\u201d as opposed to \u201ccounterclaims,\u201d the record revealed that the town had \u201cstruggled valiantly\u201d to have all of these issues fully considered at the trial. See id.\nIn this case, the trial justice properly treated the defendants\u2019 affirmative defense of \u201cundue influence\u201d as a counterclaim. See Visconti & Boren Ltd., 712 A.2d at 873; Hawkins, 708 A.2d at 184 n. 1. The plaintiffs contention that he was \u201cambushed\u201d by the trial justice, and that the trial justice pulled an \u201cunforeseen rabbit\u201d out of his hat, and that the plaintiff \u201cnever suspected, nor should he have, that the trial court would invalidate the deeds\u201d is flatly contradicted by the record. The defendants\u2019 second amended answer, which the plaintiff did not object to, unequivocally asserted that the \u201c[djefendants allege that the deeds referred to in Plaintiffs Complaint were procured by Plaintiff through undue influence and/or duress and/or fraud.\u201d (Emphasis added.) It explicitly demanded that the \u201cPlaintiffs complaint be dismissed, [and] that the deeds referred to in Plaintiffs Complaint be declared null and void, canceled and/or set aside.\u201d (Emphasis added.)\nIndeed, at trial, the defense from the outset put Kevin on notice that it was seeking to establish his \u201cundue influence\u201d upon Ruth when Kevin, who was the first trial witness, was cross-examined about his actions and relationship with Ruth. The plaintiff was certainly aware of this claim and its potential consequences throughout the trial. In fact, his attorney interrogated Manning, the Tinney family attorney, as well as Harle, concerning whether the deeds in question had been freely executed, and Kevin was actually recalled to testify about the details of his relationship with Ruth. The trial justice, on more than one occasion throughout the trial, clearly indicated to the parties that the validity of Kevin\u2019s possessory interest in Belcourt was at issue.\nIn a post-trial memorandum, submitted to the trial justice before the trial justice\u2019s decision was entered, the plaintiff specifically recognized that the deeds were being challenged and could be voided. He argued that:\n\u201cThere is no question that the Plaintiff is a lawful co-owner of the real estate that he seeks to partition. Defendants\u2019 claim that the Plaintiff exerted undue influence or coercion in connection with the deeds to the real estate is without merit. In order to void the various deeds establishing his ownership on the ground of undue influence or coercion, the Defendants must establish, by a fair preponderance of the evidence, that the actions of the Plaintiff resulted in the substitution of his will for that of the grantors.\u201d\nIn this case, the record demonstrates that Kevin was at all times clearly on notice that the Tinneys were seeking to void his title interest in the applicable deeds. Kevin\u2019s contention now that the trial justice sua sponte \u201csurprised\u201d him is without merit.\nIV\nRight to a Jury Trial\nThe plaintiff next asserts that the trial justice\u2019s \u201csua sponte treatment of the undue influence defense as a counterclaim without notice to plaintiff denied plaintiff his right to a jury trial on the counterclaim.\u201d Apparently, Kevin contends that if he had been given notice that the trial justice was being requested to grant the Tinneys affirmative relief, namely setting aside the deeds from the Tinneys to Kevin, then he would have asserted his right to a jury trial. Since we have determined that the trial justice acted appropriately in treating the \u201caffirmative defense\u201d as a counterclaim and that Kevin had been given more than adequate notice that the Tinneys were attempting to set aside Kevin\u2019s deeds, we need not determine what might have followed had Kevin ever claimed a jury trial because he never did and we will not speculate as to what would have taken place had he done so. In this case, it was only the Tinneys who in defending against Kevin\u2019s suit for partition had demanded a jury trial. That demand for a jury trial, however, was a complete nullity because a complaint for partition under G.L.1956 chapter 15 of title 34 is an equitable proceeding and does not permit trial by jury as a matter of right. Duffy v. Maciag, 431 A.2d 1233, 1234 n. 3 (R.I.1981). We also conclude from the record that both parties apparently agreed that the trial would be held without a jury during the pretrial conference with the trial justice. Accordingly, we need not reach the question of whether the parties properly waived their right to jury trial under Rule 89 of the Superior Court Rules of Civil Procedure because neither had at any time before commencing trial ever properly requested a trial by jury on any issue raised in their respective pleadings. See Hall v. Pryor, 108 R.I. 711, 713-15, 279 A.2d 435, 436-37 (1971) (reaching substantive question of whether defendant\u2019s right to jury trial was violated only after trial justice proceeded to hear the case, over defendant\u2019s timely objection, as a nonjury trial). Indeed, Kevin\u2019s trial counsel at the very beginning of trial assented to the nonjury trial in open court. Under our long-standing raise or waive rule, the plaintiff has not adequately preserved this issue for review. Accordingly, we conclude that the trial justice committed no error in hearing Kevin\u2019s partition complaint while sitting without a jury.\nV\nUndue Influence\nThe plaintiff finally contends that the trial justice \u201cmisapplied the law of undue influence and made clearly erroneous findings by overlooking material evidence\u201d when he found \u201cundue influence absent evidence that the Tinneys failed to act upon their own free will or that they lacked the mental capacity.\u201d\n\u201cUndue influence\u201d is defined as the \u201csubstitution of the will of [the dominant] party for the free will and choice [of the subservient party].\u201d Caranci v. Howard, 708 A.2d 1321, 1324 (R.I.1998). Exactly what constitutes undue influence is a question depending upon the facts of each particular case. See 25 Am. Jur.2d Duress and Undue Influence \u00a7 31 (1996). \u201cSpecific undue influence cases tend to be lonely islands of facts in an ocean of law; what constitutes undue influence in one case will not necessarily constitute undue influence in a similar case.\u201d Id. at 545. \u201cUndue influence has been referred to as a species of constructive fraud which the courts will not undertake to define by any fixed principles lest the very definition itself should furnish a guide to the path by which its consequences may be evaded.\u201d 23 Am.Jur.2d Deeds (Undue Influence) \u00a7 203 (1983). In determining what constitutes undue influence in a particular case, then, a trial justice ordinarily examines the totality of circumstances, including the relationship between the parties, the physical and mental condition of the grantor, the opportunity and disposition of a person wielding influence, and his or her acts and declarations. See 23 Am. Jur.2d Deeds (Undue Influence) \u00a7 203; 25 Am.Jur.2d Duress and Undue Influence \u00a7 31.\nThe plaintiff advances several rather amorphous contentions that the trial justice misapplied the \u201claw\u201d of \u201cundue influence.\u201d He contends that this Court has not discerned \u201cundue influence\u201d in cases when the donor or testator had sought the \u201cadvice of a personal attorney before executing the deed or will in favor of the donee.\u201d The plaintiff further contends that the trial justice erred in failing to apply two cases in which undue influence was not found with \u201cfacts substantially similar to the facts of this case.\u201d The plaintiff also chides the trial justice for relying on two particular cases, Gilbert v. Marquis, 61 R.I. 302, 200 A. 959 (1938), and Huebel v. Baldwin, 45 R.I. 40, 119 A. 639 (1923), to support his finding that Kevin unduly influenced the Tinneys. In an exhaustive litany of alleged errors, he finally and generally contends that there was no factual question raised about the soundness of Ruth\u2019s mind \u2014 that any \u201cinfluence gained by kindness and affection\u201d does not suffice to undo a gift or deed\u2014 that Ruth had a strong will not easily overcome, and that the Tinney family wanted Kevin to have an interest in Bel-court because of his dedication to Belcourt. His initial attempt to convince the trial justice of those very contentions failed to impress the trial justice and fails to impress us.\nWe note first that this Court does not adhere, nor does it choose to adopt, a per se rule that merely because the personal attorney of the donor provides some testimony as to circumstances evincing a donor\u2019s free will in executing deeds that this testimony is enough by itself to defeat a claim or defense of undue influence. Rather, it is but one of many factors that the trial justice must weigh in considering all the evidence contained in the trial record. See also 23 Am.Jur.2d Deeds \u00a7 203. In this case, we are satisfied from the trial record that the trial justice properly considered all of the evidence before him and not solely the testimony of the Tinney personal attorney. See also Kerr v. McKenna, 57 R.I. 252, 255-57, 189 A. 408, 409-10 (1987); Briggs v. Briggs, 92 A. 571, 572-74 (R.I.1914).\nThe plaintiffs remaining averments in his litany of alleged error we deem to be without merit and without need for discussion. We determine that the trial justice did not, as alleged by Kevin, overlook cases previously decided by this Court that were substantially similar to this one in reaching his conclusion that Kevin unduly influenced the Tinneys.\nFinally, the plaintiff contends that the trial justice made erroneous findings by overlooking material evidence. More specifically, he argues that the trial evidence does not support the trial justice\u2019s finding that Kevin unduly influenced the Tinneys into executing the April 1991 deed. We view the record quite differently.\nAccording to our well-settled rule, this Court will not disturb the findings of a trial justice sitting without a jury unless such findings are clearly erroneous or unless the trial justice misconceived or overlooked material evidence or unless the decision fails to do substantial justice between the parties. See L.A. Ray Realty v. Town Council of Cumberland, 698 A.2d 202, 206-07 (R.I.1997); Harris v. Town of Lincoln, 668 A.2d 321, 326 (R.I.1995). \u201cMore significantly, in relation to the case at bar, the same principle applies to the inferences and conclusions drawn by a trial justice in respect to ultimate issues of fact derived from the testimony and evidence. * * * Consequently, the inferences and conclusions drawn by the trial justice from the facts adduced at the hearing before [him] are entitled to substantial deference from this Court.\u201d Dickinson v. Killheffer, 497 A.2d 307, 312-13 (R.I.1985).\nWe discern in the trial record before us strong and compelling evidence demonstrating that Kevin\u2019s actions toward Ruth went well beyond acts of mere \u201ckindness\u201d or \u201cconsideration\u201d in connection with securing a possessory interest in Belcourt via the April 1991 deed. Various witnesses testified that before her husband died, Ruth was \u201cimperious\u201d and \u201cdemanding,\u201d and evinced a strong will. Nevertheless, after Harold\u2019s death, Ruth was devastated, and became lonely and depressed. In the short time, thereafter, leading up to the time of Kevin\u2019s adoption and his addition to the Belcourt Castle deed, Kevin \u201csolicited,\u201d \u201cdoted,\u201d and attempted to \u201cingratiate\u201d himself with Ruth. He called her \u201cmom\u201d continuously, held her, kissed her, took her on overnight trips, and, after incessantly courting her, threatened to leave if he were not adopted by the Tinneys. He also, according to witnesses whom the trial justice found to be credible, asked Ruth to marry him. In addition, the trial justice had before him evidence of Kevin\u2019s covetous and avaricious motivations and of his dream of owning Belcourt, and that Kevin\u2019s behavior changed dramatically the instant he gained an interest in Belcourt.\nThe trial justice we believe properly evaluated the testimony of Harle and Mal-kovich, who both testified to what the trial justice concluded to be Kevin\u2019s insidious motives and actions in influencing the Tin-neys. He also properly discounted the testimony of Kevin, whose testimony he found to be generally not credible and at times incredible.\nWe discern nothing in the record that persuades us to conclude that the trial justice erred in finding that the material evidence produced by the Tinneys clearly exceeded the required burden of proof to show that Kevin unduly influenced Ruth into transferring him an interest in Bel-court. Accordingly, the plaintiffs allegations that the trial justice only reversed a business deal that went sour or that Ruth acted voluntarily out of a desire to compensate Kevin who had given so much to the Tinney family was controverted by the record. The plaintiff attempts to undo this finding by contending that, even if the trial justice properly found that Ruth was unduly influenced, the record is \u201cdevoid\u201d of any evidence that Kevin unduly influenced Donald or Harle and that the trial justice found only that Kevin influenced Ruth, who in turn influenced Donald and Harle. Accordingly, the plaintiff argues that the law does not permit courts to void a transfer of property by imputing the influence of one person to another person. We are not persuaded by this argument. The trial justice found that the \u201cfacts and inferences taken as a whole indicate to this Court clear and convincing evidence of the exertion of undue influence by Kevin upon Ruth and the Tinneys.\u201d The evidence clearly established that Donald was anemic, depressed, and suffering from alcoholism in the time leading up to the signing of the deed. The trial justice found him to have been \u201cemotionally and physically unstable.\u201d The trial justice also found that Harle was treated like a servant by Ruth, and thus was in a vulnerable position when she signed the deed. Accordingly, the trial justice did not err in finding that Kevin unduly influenced all of the Tinney family, not just Ruth.\nVI\nConclusion\nFor the reasons herein above set out, the plaintiffs appeal is denied. The judgment of the Superior Court is affirmed and the papers are ordered to be returned to the Newport Superior Court.\nChief Justice WILLIAMS did not participate.\n. Throughout this opinion, we refer to various parties and individuals by their first names for the purposes of convenience, and in doing so no disrespect is intended.\n. One of the trial exhibits permitted the Superior Court trial justice to make eloquent note of its historic and troubled past. He said:\n\"The mansion at Belcourt, which majestically sits on the property, was originally built for Oliver Hazard Perry Belmont ('Belmont'). Belmont hired architect Richard Morris Hunt in the late 1890s to build a 60-room Louis XIII summer cottage. Originally, Belmont named the property Bel-court. Richard Morris Hunt had an impressive resume of architectural plans as he designed Newport\u2019s own Griswold House, Fairlawn, Marble House, Ochre Court, and The Breakers. Oliver is quoted as saying that \u2018Richard Morris Hunt is the greatest architect alive and I want the best for Bel-court.\u2019 During this time period, Belmont and William K. Vanderbilt were best friends. Alva Vanderbilt divorced her husband in 1895 amidst rumors of her being in love with Belmont. Allegedly, however, it was Alva who was tired of her husband\u2019s philandering ways. Nonetheless, once Belmont and Alva married, she had fr ee reign to reconstruct and redecorate Belcourt as she desired. Prior to Alva\u2019s death, she sold Belcourt to her brother-in-law Perry Belmont.\n\"Perry owned Belcourt from 1925 until 1940. Since Perry equated Belcourt as the proverbial \u2019White Elephant,\u2019 he sold the property to George Waterman in 1940 on the condition that Waterman pay a penny on every 1890 dollar, and that he restore the property to the original plans due to his dislike of his sister-in-law Alva. Waterman had planned to use Belcourt as an antique auto museum, but zoning laws and protesting neighbors prevented the realization of his plans.\n\"In 1943, Waterman sold Belcourt to Edward Dunn. At the time of purchase, none of the.rooms in Belcourt were habitable. Although Dunn never lived at Belcourt, he maintained the property until 1954 when he sold it to Louis and Elaine Lorillard.\n\"The Lorillards purchased Belcourt with a business plan in mind of conducting the jazz festivals on the property. Some of the citizens of Newport did not share the Loril-lards\u2019 interest in this type of music and successfully campaigned to prevent any further jazz festivals at Belcourt. In 1956, the Lorillards sold Belcourt to the Tinney family-\n\"The Tinney family purchased Belcourt in 1956 as a family restoration project, renaming the property Belcourt Castle. In 1957, Belcourt was opened to the public as a museum. Through the years, the Tinney family has had to overcome financial hardships and challenges from the neighbors to their right to operate a museum. Belcourt is now an eclectic showcase of furnishings, paintings, sculptures, and other artifacts from many countries displayed in ten rooms on two floors. To this date, Belcourt continues to be a home to the Tinney family, as well as a museum opened to the public and a banquet facility. Since 1972, the museum has been managed and leased by the Royal Arts Foundation (RAF), a nonprofit corporation. Belcourt has continued its operation through the rents received from the lease with RAF, as well as funds derived from tours, donations, and a stained glass and restoration business.\u201d\n. Kevin was not a licensed plumber but did plumbing work under a license issued to a Robert Cox.\n. The names of the unfortunate ladies have been omitted to respect their privacy.\n. At the time of Harold Tinney\u2019s death, Ruth Tinney, Donald Tinney and Harle Tinney owned parcel 1 of Belcourt, containing the mansion, as joint tenants, each possessing a one-third interest.\n. The counterclaim by Donald and Harle prayed for injunctive and monetary relief. Harle also filed, in July 1998, a claim for injunctive and monetary relief against Kevin, alleging in part that Kevin's \"constant\u201d harassment drove Donald, who suffered from clinical depression and alcoholism, into an alcoholic coma on July 2, 1998. It also alleged that the \"adoption petition was the result of many years of intimidation, undue pressure, misrepresentation and other actions by Kevin Koellisch upon Ruth Tinney, for purposes of Kevin Koellisch either being adopted by Ruth Tinney or being married to Ruth Tinney for purposes of procuring for his own benefit a share in Belcourt Castle and the various artifacts contained therein.\u201d It also alleged that since the death of Ruth, Kevin sought to procure a greater interest in Belcourt by engaging in activities that \"amount to the constant harassment of the Tinneys and their employees, the filing of frivolous and untrue lawsuits, filing of false police reports, or making false allegations to the City Council of the City of Newport and other regulatory bodies relative to the business activities being carried out at Belcourt Castle * * * to harm the plaintiffs and induce them to capitulate to the defendant's demands.\u201d\n. General Laws 1956 \u00a7 34-15-16, \"Order of sale,\u201d provides, in pertinent part:\n\"In an action for partition, the superior court may, in its discretion, upon motion of any party to the action, order the whole premises sought to be divided, or any particular lot, portion, or tract thereof or the interest of the plaintiff or plaintiffs or of the defendant or defendants in the whole premises, or in any particular lot, portion, or tract thereof, to be sold, either at public auction or by private contract * *\nSection 34-15-18, \"Division of proceeds of sale \u2014 Share set aside for absent or unknown parties,\u201d provides, in relevant part:\n\"In case of a sale under this chapter, the proceeds of the sale shall be divided, under the direction of the court, between the parties entitled thereto, in lieu of their interest in the estate ordered or decreed to be sold, and the portion of the proceeds of sale to which any party or person absent from the state or unknown and not appearing to claim the proceeds, may be entitled, may be invested for that person by the commissioners * *\n. The trial justice found that Kevin had a. prior history of ingratiating himself with elderly women and profiting financially therefrom.\n. David Betzer, a nephew of Ruth Tinney, Keith Greene, a longtime employee of Bel-eourt, Gregory Beals, another employee of Beleourt, Keith Henry, a friend of the Tin-neys, Lucy Rouse, an employee of the Royal Arts Foundation, Edward Manning, the Tin-ney's past lawyer, Mark Malkovich, a family friend, Ann Baker, a friend, David Baker, a family friend, Ellen Brady, an employee of the Royal Arts Foundation, and Harle all testified at trial.\n. Harle also testified that Kevin reported to the City of Newport that she was conducting an illegal catering business at Belcourt.\n. There were also allegations, inter alia, that Kevin embezzled money, improperly converted business funds for personal use, and fraudulently opened a line of credit with a financial institution.\nIn addition, Malkovich testified that Kevin\u2019s allegations that Harle embezzled money were not true and that he made the allegations without properly notifying the Royal Arts Foundation. He also indicated that, at one meeting of the Royal Arts Foundation, in which Kevin was attending, Malkovich asked his lawyer and the Newport police to attend because \"there was a dangerous situation\u201d and \"I felt that Kevin was capable of anything.\u201d\nMalkovich also testified that: \"The only good part about growing older is that you suddenly tell the truth; and that in my opinion, Kevin was a dangerous con artist; that he had conned Mrs. Tinney, conned the whole family.\u201d\n. Despite this denial, Kevin did under cross-examination earlier testify unequivocally that:\n\"Q: [Djidn\u2019t you at one point threaten to leave Belcourt, if Ruth Tinney did not adopt you?\n\"A: Yes. I did say to my brother Donald Tinney, he was the one who had to decide whether or not the adoption would go through and mom objected, the lawyers objected, saying that he didn't have any right in it, to decide whether she wanted to adopt me or not.\n\"If he didn\u2019t think I was a member of the family and didn\u2019t think I should be a Tin-ney, in a year, I would leave.\u201d\n. A motion to stay execution of this judgment pending appeal was granted, and Kevin continues to reside at Belcourt.\n. The statements were posed, respectively, to Kevin, Betzer, and Malkovich:\n(Re: Kevin\u2019s Testimony) \"Q: When she gave you that envelope, and she told you not to open that envelope until after her death; correct?\n\"Mr. D'Addario: Objection.\n\"The Court: Why?\n\u201cMr. D\u2019Addario: It\u2019s hearsay. He's bringing in what somebody said.\n\"The Court: She\u2019s deceased now, right? I\u2019ll allow it.\n\"Mr. D\u2019Addario: This isn\u2019t a dying declaration.\n\"The Court: Did you receive any instructions from the decedent? Did you receive any instructions from Ruth Tinney?\n\"The Witness: Yes, [y]our honor.\n\"The Court: And what were they?\n\"The Witness: Not to open up the envelope.\n(Re: Better\u2019s Testimony) \u201cQ: After Harold's death, and before the adoption of Kevin Colish [sic ], did you ever have occasion to talk with Ruth about her relationship with Kevin Colish [sic ]?\n\"A: I did, yes.\n\"Q: What did she say to you about that? \"Mr. D\u2019Addario: Objection.\n\"The Court: I\u2019ll allow it.\n\"The Witness: The one thing that comes to mind, and this is \u2014 this is the only conversation I had with her about it, because after this, I didn\u2019t know how to handle it, quite frankly. She made the statement to me that she was glad to have a lover in Kevin.\n(Re: Malkovich\u2019s Testimony) \"Q: And did you have occasion to, during the course of that conversation with her, speak to her about having adopted Kevin Colish [sic ]?\n\"A: We did, yes.\n\"Q: What did she say to you?\n\"A: She said how sorry she was; that she made a big mistake; and that there was a lot of trouble; and that she was very sorry that she did that. I remember my own reaction at the time being \u2014 thinking to myself, Oh, Ruth has come back to herself. Because prior to that, I just felt that she was in a fantasy-land.\u201d\n. Rule 804(c) of the Rhode Island Rules of Evidence, \u201cDeclaration of Decedent Made in Good Faith,\u2019\u2019 provides:\n\u201cA declaration of a deceased person shall not be inadmissible in evidence as hearsay if the court finds that it was made in good faith before the commencement of the action and upon the personal knowledge of the declarant.\u201d\nAlthough the plaintiff concedes that, under this rule, the trial justice need not \"observe ritualistic procedures\u201d or need not make \"formal findings on the record\u201d to comply with Rule 804(c), the plaintiff obliquely contends that the \"trial court\u2019s actions must still signify good faith.\u201d However, since we dispose of the matter on alternative grounds, we need not address this contention further.\n. Rule 804(b)(2) provides that hearsay evidence is not inadmissible if the declarant is unavailable as a witness and, \"In a prosecution for homicide or in a civil action or proceeding, a statement made by a declarant while believing that his or her death was imminent, concerning the cause or circumstances of what the declarant believed to be his or her impending death.\u201d\n. In Burns v. Janes, 121 R.I. 343, 348-49, 398 A.2d 1125, 1128 (1979), we provided that: \u201cIt is well settled that hearsay evidence to which no objection is offered is entitled to be treated as if it were legally admissible and to be accorded whatever probative weight the factfinder believes it deserves.\u201d See also McAree v. Gerber Products Co., 115 R.I. 243, 257, 342 A.2d 608, 615 (1975); Desrosiers v. Hemingway Bros. Interstate Trucking Co., 114 R.I. 146, 148, 330 A.2d 74, 76 (1975); Gilbert v. Girard, 109 R.I. 68, 71, 279 A.2d 919, 921-22 (1971). \"Such testimony is admissible because the failure to object to its admission is deemed a waiver of its incompetency.\u201d Burns, 121 R.I. at 349, 398 A.2d at 1128 (citing United States v. Lutz, 142 F.2d 985, 988-89 (3rd Cir.1944); Gilbert, 109 R.I. at 71, 279 A.2d at 921-22). See also 1 McCormick on Evidence \u00a7 52 (5th ed. Strong 1999).\n. The plaintiff asserts in his brief that these statements prejudiced Kevin because the trial justice relied on them in determining the existence of a romantic relationship between Ruth and Kevin, in determining that the adoption was a mistake, and in determining that Kevin engaged in misconduct concerning the loss of Ruth\u2019s will. We note that the trial justice did not conclude that Kevin \"had a romantic relationship with Ruth Tinney,\u201d as alleged by the plaintiff in his brief. Rather, the trial justice concluded only that the testimony established that Ruth \"may have had a sexual relationship with Kevin at one time * * went on to conclude, \"[n]onetheless, the Court believes that the relationship between Ruth and Kevin was one of trust, confidence, and great intimacy.\u201d\n. The plaintiff complains, inter alia, that he was \"ambushed,\u201d taken by \"surprise,\u201d and that the trial justice \"pulled an unforeseen rabbit out of a hat\u201d and that the \"parties believed\u201d that the issue of undue influence only represented a \"mere defense.\u201d\n. The first such occasion took place on the defense's cross-examination of Kevin, when the trial justice and plaintiff's counsel engaged in the following exchange:\n\"Q: You used to take her on overnight trips after Harold died and before you got your name on the deed, didn't you, sir? \"A: Before and after, yes.\n\u201cQ: And you used to dance with her?\n\"A: Oh, yes.\n\"Q: And you used to take her horseback riding?\n\"A: Yes.\n\"Q: And you used to hug and kiss her in public?\n\"Mr. D'Addario: Your honor, I'm going to object to this line. I want to be heard for one second. The latest deed that Mr. Tinney is on isn't signed by Ruth Tinney. There's a deed in the file signed by the defendants and Mr. Tinney.\n\"The Court: Yes. But, you see, I just allowed an amendment to the complaint on undue influence. And, we\u2019re not in a vacuum here. If Mr. Currier is going to prove his clients\u2019 case, along with Mr. Kyle, I think they\u2019ve got to be allowed to start somewhere. And at some point, at least allegedly or its uncontroverted, Mr. Tinney had a relationship with Mrs. Tin-ney, the late Mrs. Tinney, and also was the recipient of her beneficence [sic ], as well as his adoptive brother and sister-in-law.\u201d\n. The plaintiffs counsel stated at the beginning of trial, \u201cI'll waive an opening statement. Since this is a nonjury trial, I think the Court is familiar with the general issues.\u201d (Emphasis added.)\n. The plaintiff alleges in his brief that, unlike the donor in Gilbert v. Marquis, 61 R.I. 302, 200 A. 959 (1938) who was found to have been unduly influenced by a handyman, Ruth had all of her mental capabilities at the time she deeded an interest in Belcourt to Kevin, was not isolated from family and friends, and Ruth obtained the advice of her long-time attorney, not \"some attorney shyster hired by' Kevin.\u201d The plaintiff also alleges that in Huebel v. Baldwin, 45 R.I. 40, 119 A. 639 (1923), this Court \"did not find, as suggested by the trial court, that the intimate relationship between the widow Muenchinger and the younger Mr. Baldwin constituted undue influence.\u201d\n. The two cases that plaintiff alleges were substantially similar to the present one, but which the trial justice did not address, are Kerr v. McKenna, 57 R.I. 252, 189 A. 408 (1937), and Briggs v. Briggs, 92 A. 571 (1914). However, the cases differ markedly from the one at hand. In Briggs, this Court stated that \"No witness has related a single incident tending to show that he was in any way under the control or domination of his wife, or of any other person; there is no evidence that any of his acts were not solely the result of his own volition, and no one has asserted or suggested anything as affording a reasonable basis for finding the existence of the control of his will by that of another.\u201d Id., at 574. In this case, ample evidence supported the finding that Kevin attempted and did unduly influence all the Tinneys, particularly Ruth. Similarly, in Kerr, this Court discerned no \"undue influence\u201d only after noting that:\n\"[T]he testimony is all to the effect that her mind remained clear and active to the end. She was described by witnesses for the complainants, as well as for the respondent, as a woman of strong mind, and not easily influenced against her will. There was no testimony indicating or tending to prove that she suffered any mental deterioration as a result of her long illness.\n\"The uncontradicted testimony is, however, that she was then as mentally alert and well as ever,\u201d Kerr, 57 R.I. at 253-54, 189 A. at 408-09.\nHere, again, there was plentiful evidence on the record for the trial justice to conclude that the Tinneys, particularly, Ruth, were extremely vulnerable to being unduly influenced by Kevin.\n. The plaintiff apparently concedes that there was sufficient evidence to support the finding that Kevin directly influenced Donald and Harle to sign the April 1997 deed by threatening them with legal action. We agree with the trial justice, who found that Kevin threatened the Tinneys with various insidious allegations if they did not execute the April 1997 deed: \"court action against the Tinneys; the reopening of Ruth's estate; jail for Harle's alleged illegal activities; having a group of investors take over Belcourt; and reporting to the police that Harle had killed Ruth by turning off her oxygen in the hospital.\u201d\n. The plaintiff in his brief contends that \"none of this [evidence] matters\u201d since the Tinneys conveyed an interest in Belcourt to Kevin out of their \"own free will and volition.\u201d However, how Kevin acted toward the Tinneys in the time leading up to the transfer and his behavior immediately after gaining an interest is extremely probative of his motivations, credibility, and even the extent of control he exerted over the Tinneys.",
        "type": "majority",
        "author": "BOURCIER, Justice."
      }
    ],
    "attorneys": [
      "David N. Cicilline, Bristol, for Plaintiff.",
      "Keith B. Kyle, Providence, for Defendant."
    ],
    "corrections": "",
    "head_matter": "Kevin TINNEY v. Harle TINNEY et al.\nNo. 99-345-Appeal.\nSupreme Court of Rhode Island.\nApril 27, 2001.\nDavid N. Cicilline, Bristol, for Plaintiff.\nKeith B. Kyle, Providence, for Defendant.\nPresent WEISBERGER, C.J., LEDERBERG, BOURCIER, FLANDERS, and GOLDBERG, JJ."
  },
  "file_name": "0420-01",
  "first_page_order": 458,
  "last_page_order": 479
}
