{
  "id": 11482071,
  "name": "PILOT'S POINT MARINA, INC. v. CAZZANI POWER BOAT MANUFACTURING, INC.",
  "name_abbreviation": "Pilot's Point Marina, Inc. v. Cazzani Power Boat Manufacturing, Inc.",
  "decision_date": "2000-02-15",
  "docket_number": "No. 98-214-Appeal",
  "first_page": "782",
  "last_page": "786",
  "citations": [
    {
      "type": "official",
      "cite": "745 A.2d 782"
    }
  ],
  "court": {
    "name_abbreviation": "R.I.",
    "id": 10179,
    "name": "Supreme Court of Rhode Island"
  },
  "jurisdiction": {
    "id": 15,
    "name_long": "Rhode Island",
    "name": "R.I."
  },
  "cites_to": [
    {
      "cite": "679 A.2d 862",
      "category": "reporters:state_regional",
      "reporter": "A.2d",
      "case_ids": [
        11331639
      ],
      "pin_cites": [
        {
          "page": "865"
        }
      ],
      "opinion_index": 0,
      "case_paths": [
        "/a2d/679/0862-01"
      ]
    },
    {
      "cite": "708 A.2d 178",
      "category": "reporters:state_regional",
      "reporter": "A.2d",
      "case_ids": [
        11808410
      ],
      "pin_cites": [
        {
          "page": "182"
        }
      ],
      "opinion_index": 0,
      "case_paths": [
        "/a2d/708/0178-01"
      ]
    },
    {
      "cite": "727 A.2d 676",
      "category": "reporters:state_regional",
      "reporter": "A.2d",
      "case_ids": [
        11629471
      ],
      "pin_cites": [
        {
          "page": "680"
        }
      ],
      "opinion_index": 0,
      "case_paths": [
        "/a2d/727/0676-01"
      ]
    },
    {
      "cite": "734 A.2d 502",
      "category": "reporters:state_regional",
      "reporter": "A.2d",
      "case_ids": [
        11544278
      ],
      "pin_cites": [
        {
          "page": "504"
        }
      ],
      "opinion_index": 0,
      "case_paths": [
        "/a2d/734/0502-01"
      ]
    },
    {
      "cite": "707 A.2d 698",
      "category": "reporters:state_regional",
      "reporter": "A.2d",
      "case_ids": [
        11859057
      ],
      "opinion_index": 0,
      "case_paths": [
        "/a2d/707/0698-01"
      ]
    },
    {
      "cite": "383 A.2d 686",
      "category": "reporters:state_regional",
      "reporter": "A.2d",
      "year": 1975,
      "pin_cites": [
        {
          "page": "689"
        }
      ],
      "opinion_index": 0
    },
    {
      "cite": "114 R.I. 410",
      "category": "reporters:state",
      "reporter": "R.I.",
      "case_ids": [
        5528218
      ],
      "year": 1975,
      "pin_cites": [
        {
          "page": "415"
        }
      ],
      "opinion_index": 0,
      "case_paths": [
        "/ri/114/0410-01"
      ]
    },
    {
      "cite": "615 A.2d 122",
      "category": "reporters:state_regional",
      "reporter": "A.2d",
      "case_ids": [
        7928931
      ],
      "weight": 7,
      "pin_cites": [
        {
          "page": "124-25"
        },
        {
          "page": "125"
        },
        {
          "page": "125"
        },
        {
          "page": "125"
        }
      ],
      "opinion_index": 0,
      "case_paths": [
        "/a2d/615/0122-01"
      ]
    }
  ],
  "analysis": {
    "cardinality": 610,
    "char_count": 13483,
    "ocr_confidence": 0.683,
    "pagerank": {
      "raw": 1.3152598708993427e-07,
      "percentile": 0.6253854954478041
    },
    "sha256": "6b4e87b9f87f071e756d5cb9971903cf0db98c2ad2a4bba495bc5884b068211e",
    "simhash": "1:f4fb9b6949cf50aa",
    "word_count": 2154
  },
  "last_updated": "2024-02-27T23:01:45.927011+00:00",
  "provenance": {
    "date_added": "2019-08-29",
    "source": "Harvard",
    "batch": "2018"
  },
  "casebody": {
    "judges": [
      "Present WEISBERGER, C.J., and LEDERBERG, BOURCIER, FLANDERS, and GOLDBERG, JJ."
    ],
    "parties": [
      "PILOT\u2019S POINT MARINA, INC. v. CAZZANI POWER BOAT MANUFACTURING, INC."
    ],
    "opinions": [
      {
        "text": "OPINION\nLEDERBERG, Justice.\nThis case arose from a boat manufacturing company\u2019s dissatisfaction with custom-made boat molds it ordered from an experienced boat maker. The company, Caz-zani Power Boat Manufacturing, Inc., (Cazzani) appealed the entry of a judgment in favor of the mold-maker, Pilot\u2019s Point Marina, Inc. (Pilot\u2019s Point); Cazzani also challenged the dismissal of its counterclaim. Cazzani alleged three errors, namely, that the trial justice erred (1) by allowing Pilot\u2019s Point to amend its response to Cazzani\u2019s counterclaim by pleading lack of Cazzani\u2019s corporate capacity as a defense, (2) by denying Cazzani\u2019s motion for a continuance to enable it to reinstate its corporate charter, and (3) by overlooking and misconstruing material evidence in granting judgment to Pilot\u2019s Point. Because the counterclaim was dismissed without prejudice to Cazzani and because we have concluded that the trial justice neither overlooked nor misconstrued material evidence, the appeal is denied.\nFacts and Procedural History\nOn or about November 22, 1992, Pilot\u2019s Point and Cazzani entered into a contract under which Pilot\u2019s Point was to manufacture a deck mold and a hull mold using a prototype supplied by Cazzani. Cazzani intended to use the completed molds to manufacture additional boats.\nSeveral months later, Cazzani took delivery of the hull mold after having made partial payment on the contract. Cazzani apparently encountered difficulty in using the hull mold to manufacture additional boats and, after retrieving the prototype, refused to accept delivery of the deck mold or make further payments on the contract. On July 5, 1994, Pilot\u2019s Point filed an action for breach of contract against Caz-zani. A month later, Cazzani filed a counterclaim, seeking damages for Pilot\u2019s Point\u2019s alleged breach of express and implied warranties and for its failure to perform the contract in a satisfactory and workmanlike manner.\nA non-jury trial was held in February and March 1998, during which both parties presented lay and expert testimony on the quality and suitability of the prototype supplied by Cazzani and the molds produced by Pilot\u2019s Point. At some time during the trial, Pilot\u2019s Point became aware that Cazzani\u2019s certificate of incorporation had been revoked by the Rhode Island Secretary of State on August 11, 1995. The issue was first raised on cross-examination of one of Cazzani\u2019s witnesses, and the trial justice took judicial notice of the revocation.\nDuring closing arguments, counsel for Pilot\u2019s Point orally moved to amend its response to Cazzani\u2019s counterclaim, seeking permission to add the affirmative defense of lack of corporate capacity. Over Cazzani\u2019s objection, the trial justice granted the motion. Counsel for Cazzani immediately moved for a continuance to allow Cazzani to take the steps necessary to vacate the revocation of the company\u2019s certificate of incorporation. After brief argument on the issue, the trial justice denied the continuance. At the close of the trial, the justice reviewed the evidence that had been presented, made findings of fact, dismissed Cazzani\u2019s counterclaim after finding that Cazzani lacked capacity to sue, and entered judgment for Pilot\u2019s Point on its breach of contract claim.\nAdditional facts will be discussed as required in the legal analysis of the issues raised.\nDismissal of Cazzani\u2019s Counterclaim\nFirst, Cazzani alleged that the trial justice erred in permitting Pilot\u2019s Point to amend its response to the counterclaim to plead as an affirmative defense Cazzani\u2019s lack of corporate capacity to bring suit. Cazzani argued that such a ruling was contrary to our holding in World-Wide Computer Resources, Inc. v. Arthur Kaufman Sales Co., 615 A.2d 122 (R.I.1992) (World-Wide Computer). In that case, we held that the trial justice erred in permitting \u2014 four years after commencement of the action \u2014 a defendant to amend an answer in order to plead the plaintiffs lack of corporate capacity as a defense. Id. at 124-25. We explained that the defendant could have discovered the plaintiffs lack of capacity at the time the suit was filed. Id. at 125. Cazzani made this argument to the trial justice, who determined that the holding in World-Wide Computer was inapplicable to this ease. Specifically, the trial justice found that Pilot\u2019s Point could not have raised Cazzani\u2019s lack of corporate status at the inception of the action because at that time Cazzani was a valid corporation, whereas the defendant in World-Wide Computer could easily have discovered the plaintiff corporation\u2019s lack of capacity to maintain suit in Rhode Island courts. Id. at 125. Further, the trial justice determined that there was no inequity in permitting the issue to be raised during the trial because Cazzani\u2019s trial counsel was also counsel for service of process, had received notice of the revocation, and had taken no steps to have the corporate charter reinstated during the preceding two years.\nSecond, Cazzani asserted that the trial justice committed further error by denying Cazzani\u2019s motion for a continuance during which it could reinstate its corporate charter. Cazzani\u2019s certificate of incorporation was administratively revoked by the Secretary of State pursuant to G.L.1956 \u00a7 7-1.1-87. Under \u00a7 7-1.1-88.1, a revoked certificate of incorporation may be reinstated retroactively under certain conditions. Cazzani argued before the trial justice that a one-month continuance would suffice to reinstate its certificate of incorporation, and it asserted to this Court that had the continuance been granted, its counterclaim would not have been dismissed. Thus, Cazzani claimed, the trial justice erred by not granting the continuance.\nCazzani, however, \u201chas failed to point out how its rights were in any way prejudiced\u201d by the trial justice\u2019s grant of Pilot\u2019s Point\u2019s motion to amend the response and his denial of Cazzani\u2019s motion for a continuance. Walmac Co. v. Zurich Insurance Co., 114 R.I. 410, 415, 383 A.2d 686, 689 (1975). The trial justice here dismissed Cazzani\u2019s counterclaim because Cazzani lacked the capacity to sue. This dismissal did not constitute a final judgment on the merits, however, and does not preclude Cazzani from proceeding on its claim in a separate action after taking the necessary steps to regain its corporate capacity. Lombardi v. Sciacca, 707 A.2d 698, 700 n. 1 (R.I.1998). Under the provisions of G.L.1956 \u00a7 9-1-22, when an action is terminated without prejudice, as it was in this case, a party may commence a new action within one year of the termination. We have previously held that a dismissal without prejudice is a final judgment that may be appealed to this Court, Jackson v. Medical Coaches, 734 A.2d 502, 504 (R.I.1999), and when such an appeal is taken, the action is not finally terminated until this Court renders a decision on the appeal. Thus, there remains one year from the date of this' opinion during which Cazzani may initiate an action against Pilot\u2019s Point. Cazzani alleged at trial that it would be able to have its revocation withdrawn in one month. Therefore it has suffered no harm from the dismissal given its estimate of the time it would need to activate the corporation.\nThe lack of prejudice to Cazzani in the instant case may be contrasted with the result of the trial justice\u2019s decision to permit amendment of the response in WorldWide Computer. In that case, we noted that had lack of corporate capacity been raised at the commencement of the action, the plaintiff corporation could have obtained a certif\u00edcate of authority to operate in Rhode Island well before trial. WorldWide Computer, 615 A.2d at 125. By the time the issue was actually raised, however, the corporation \u201cwas no longer a validly existing corporation in Massachusetts and therefore could not readily obtain a certificate of authority in Rhode Island, without reestablishing its existence in Massachusetts.\u201d Id. Although the Court in WorldWide Computer did not explore the specific procedure the corporation would need to undertake to reestablish its existence in Massachusetts, it assumed that \u201c[t]he efforts to revitalize the corporation and obtain a certificate of authority could not reasonably be accomplished within the time remaining for the trial of the case.\u201d Id. Thus, even though the dismissal of the complaint in World-Wide Computer was also not a decision on the merits, the party whose claim was dismissed was still prejudiced by the dismissal. As we have discussed, Cazzani\u2019s interests were not harmed in the same way by the trial justice\u2019s dismissal of its counterclaim in the case at bar.\nIt is true, however, that if Cazzani chooses to pursue its claim in a separate action, the doctrine of collateral estoppel may preclude its challenge to certain facts. This doctrine \u201cdirects that an issue of ultimate fact that has been actually litigated and determined cannot be re-litigated between the same parties * * Commercial Union Insurance Co. v. Pelchat, 727 A.2d 676, 680 (R.I.1999). Thus, if the same issues recur in a later action against Pilot\u2019s Point, Cazzani will be bound by the findings of fact made by the trial justice in his decision on the claims of Pilot\u2019s Point. Depending on the exact nature of Cazzani\u2019s later claim, these findings of fact may be dispositive of any later action it may bring. Even so, Cazzani has not been prejudiced. In the case at bar, the dismissal of Cazzani\u2019s counterclaim came after it had rested its case. Cazzani was neither prevented nor discouraged from presenting all evidence necessary to prove its counterclaim or to defeat the claims of Pilot\u2019s Point. Cazzani was afforded a full and fair opportunity-to litigate every fact ultimately decided by the trial justice on the claims of Pilot\u2019s Point, and it is not prejudicial if those findings of fact prove detrimental to a separate action on Cazza-ni\u2019s claim against Pilot\u2019s Point.\nEvidence Concerning the Deck Mold\nThird, Cazzani argued that the trial justice, in rendering his decision, overlooked and misconstrued material evidence concerning the deck mold produced by Pilot\u2019s Point. Specifically, Cazzani asserted that the trial justice erred in finding that the deck mold was made in a workmanlike manner and additionally erred by including the cost of storing the deck mold in the damage award.\nThis Court has consistently held that the factual findings of a trial justice sitting without a jury are entitled to great weight, Hawkins v. Town of Foster, 708 A.2d 178, 182 (R.I.1998), and we shall not disturb those findings \u201cunless the justice has overlooked or misconceived material evidence or was otherwise clearly wrong.\u201d State v. Collins, 679 A.2d 862, 865 (R.I.1996). Such error did not occur here, in our opinion.\nIn rendering his decision, the trial justice thoroughly summarized the evidence that had been presented. In particular he reviewed the expert testimony concerning the construction and quality of the boat molds and found that the expert testifying on behalf of Pilot\u2019s Point was the more credible one. Moreover, the opinion of Pilot\u2019s Point\u2019s expert witness was given greater weight because he had participated in the construction of the molds and had observed them at the time the dispute arose over their quality. The trial justice was less impressed with the testimony of Cazzani\u2019s expert because the witness had no firsthand knowledge of the construction of the molds and only observed the molds five years after they were constructed, at which time they had been physically altered and had been- exposed to the elements. Although the \u2019trial justice primarily discussed the hull mold, his findings of fact on the credibility and reliability of the expert witnesses were equally applicable to the quality of the deck mold. Therefore, it is our opinion that the justice did not err in finding that the deck mold was produced in a workmanlike manner.\nThe trial justice further stated that Pilot\u2019s Point had proven its right to collect for storage charges through the credible testimony of Pilot\u2019s Point\u2019s general manager, who testified that Cazzani had never informed Pilot\u2019s Point that it was formally rejecting the deck mold. The trial justice also found that Pilot\u2019s Point notified Cazzani that storage charges would accumulate until the deck mold was removed by Cazzani. Thus, the findings of fact were supported by material evidence sufficient to include storage charges in the award of damages to Pilot\u2019s Point.\nConclusion\nIn summary, it is our conclusion that Cazzani was not prejudiced by the trial justice\u2019s dismissal of its counterclaim and his denial of a continuance, and the trial justice did not err in entering judgment in favor of Pilot\u2019s Point. Therefore, Cazza-ni\u2019s appeal is denied and dismissed, and we affirm the judgment of the Superior Court to which the papers of the case may be returned.\n. Boat molds are used in the manufacture of fiberglass boats. A full-scale model or an existing boat (the prototype) is used to cast molds of separate parts of a boat \u2014 here, a hull and a deck. These molds are then used to create fiberglass replicas of the boat parts that are joined together to manufacture boats identical to the prototype.",
        "type": "majority",
        "author": "LEDERBERG, Justice."
      }
    ],
    "attorneys": [
      "Geoffrey Alan Regan, for plaintiff.",
      "Timothy J. Dodd, for defendant."
    ],
    "corrections": "",
    "head_matter": "PILOT\u2019S POINT MARINA, INC. v. CAZZANI POWER BOAT MANUFACTURING, INC.\nNo. 98-214-Appeal.\nSupreme Court of Rhode Island.\nFeb. 15, 2000.\nGeoffrey Alan Regan, for plaintiff.\nTimothy J. Dodd, for defendant.\nPresent WEISBERGER, C.J., and LEDERBERG, BOURCIER, FLANDERS, and GOLDBERG, JJ."
  },
  "file_name": "0782-01",
  "first_page_order": 836,
  "last_page_order": 840
}
