{
  "id": 8049762,
  "name": "In the Matter of Alfred M. SCHWARTZ, Appellant",
  "name_abbreviation": "In re Schwartz",
  "decision_date": "1978-08-29",
  "docket_number": "No. 12089",
  "first_page": "278",
  "last_page": "282",
  "citations": [
    {
      "type": "official",
      "cite": "391 A.2d 278"
    }
  ],
  "court": {
    "name_abbreviation": "D.C.",
    "id": 11933,
    "name": "District of Columbia Court of Appeals"
  },
  "jurisdiction": {
    "id": 56,
    "name_long": "District of Columbia",
    "name": "D.C."
  },
  "cites_to": [
    {
      "cite": "313 A.2d 576",
      "category": "reporters:state_regional",
      "reporter": "A.2d",
      "case_ids": [
        8032485
      ],
      "year": 1973,
      "opinion_index": 0,
      "case_paths": [
        "/a2d/313/0576-01"
      ]
    },
    {
      "cite": "358 A.2d 332",
      "category": "reporters:state_regional",
      "reporter": "A.2d",
      "case_ids": [
        8012145
      ],
      "year": 1976,
      "opinion_index": 0,
      "case_paths": [
        "/a2d/358/0332-01"
      ]
    },
    {
      "cite": "251 A.2d 655",
      "category": "reporters:state_regional",
      "reporter": "A.2d",
      "case_ids": [
        8081677
      ],
      "year": 1969,
      "opinion_index": 0,
      "case_paths": [
        "/a2d/251/0655-01"
      ]
    },
    {
      "cite": "43 L.Ed.2d 671",
      "category": "reporters:federal",
      "reporter": "L. Ed. 2d",
      "year": 1975,
      "opinion_index": 0
    },
    {
      "cite": "95 S.Ct. 1425",
      "category": "reporters:federal",
      "reporter": "S. Ct.",
      "year": 1975,
      "opinion_index": 0
    },
    {
      "cite": "420 U.S. 990",
      "category": "reporters:federal",
      "reporter": "U.S.",
      "case_ids": [
        11668069,
        11668327,
        11667879,
        11668007,
        11667948,
        11668269,
        11668140,
        11667696,
        11667762,
        11667832,
        11668191
      ],
      "year": 1975,
      "opinion_index": 0,
      "case_paths": [
        "/us/420/0990-07",
        "/us/420/0990-11",
        "/us/420/0990-04",
        "/us/420/0990-06",
        "/us/420/0990-05",
        "/us/420/0990-10",
        "/us/420/0990-08",
        "/us/420/0990-01",
        "/us/420/0990-02",
        "/us/420/0990-03",
        "/us/420/0990-09"
      ]
    },
    {
      "cite": "502 F.2d 813",
      "category": "reporters:federal",
      "reporter": "F.2d",
      "case_ids": [
        98962
      ],
      "year": 1974,
      "opinion_index": 0,
      "case_paths": [
        "/f2d/502/0813-01"
      ]
    },
    {
      "cite": "461 F.2d 389",
      "category": "reporters:federal",
      "reporter": "F.2d",
      "case_ids": [
        1329883
      ],
      "year": 1972,
      "pin_cites": [
        {
          "page": "399"
        }
      ],
      "opinion_index": 0,
      "case_paths": [
        "/f2d/461/0389-01"
      ]
    },
    {
      "cite": "178 A.2d 922",
      "category": "reporters:state_regional",
      "reporter": "A.2d",
      "case_ids": [
        8114824
      ],
      "year": 1962,
      "pin_cites": [
        {
          "page": "924"
        }
      ],
      "opinion_index": 0,
      "case_paths": [
        "/a2d/178/0922-01"
      ]
    },
    {
      "cite": "345 A.2d 154",
      "category": "reporters:state_regional",
      "reporter": "A.2d",
      "case_ids": [
        8015220
      ],
      "weight": 3,
      "year": 1975,
      "pin_cites": [
        {
          "page": "156"
        }
      ],
      "opinion_index": 0,
      "case_paths": [
        "/a2d/345/0154-01"
      ]
    },
    {
      "cite": "16 L.Ed.2d 1017",
      "category": "reporters:federal",
      "reporter": "L. Ed. 2d",
      "year": 1966,
      "opinion_index": 0
    },
    {
      "cite": "86 S.Ct. 1914",
      "category": "reporters:federal",
      "reporter": "S. Ct.",
      "case_ids": [
        12049042
      ],
      "year": 1966,
      "opinion_index": 0,
      "case_paths": [
        "/us/384/0889-01"
      ]
    },
    {
      "cite": "384 U.S. 1003",
      "category": "reporters:federal",
      "reporter": "U.S.",
      "case_ids": [
        12089606,
        12089483,
        12089521,
        12089655,
        12089560
      ],
      "year": 1966,
      "opinion_index": 0,
      "case_paths": [
        "/us/384/1003-04",
        "/us/384/1003-01",
        "/us/384/1003-02",
        "/us/384/1003-05",
        "/us/384/1003-03"
      ]
    },
    {
      "cite": "351 F.2d 91",
      "category": "reporters:federal",
      "reporter": "F.2d",
      "case_ids": [
        807889
      ],
      "year": 1965,
      "opinion_index": 0,
      "case_paths": [
        "/f2d/351/0091-01"
      ]
    },
    {
      "cite": "423 F.2d 1130",
      "category": "reporters:federal",
      "reporter": "F.2d",
      "case_ids": [
        3698954
      ],
      "year": 1970,
      "opinion_index": 0,
      "case_paths": [
        "/f2d/423/1130-01"
      ]
    },
    {
      "cite": "96 L.Ed. 717",
      "category": "reporters:federal",
      "reporter": "L. Ed.",
      "year": 1952,
      "opinion_index": 0
    },
    {
      "cite": "343 U.S. 1",
      "category": "reporters:federal",
      "reporter": "U.S.",
      "case_ids": [
        11337453
      ],
      "weight": 2,
      "year": 1952,
      "opinion_index": 0,
      "case_paths": [
        "/us/343/0001-01"
      ]
    },
    {
      "cite": "370 U.S. 230",
      "category": "reporters:federal",
      "reporter": "U.S.",
      "case_ids": [
        6166710
      ],
      "weight": 8,
      "year": 1962,
      "pin_cites": [
        {
          "page": "235"
        },
        {
          "page": "235-36"
        },
        {
          "page": "1292"
        }
      ],
      "opinion_index": 0,
      "case_paths": [
        "/us/370/0230-01"
      ]
    }
  ],
  "analysis": {
    "cardinality": 742,
    "char_count": 13109,
    "ocr_confidence": 0.743,
    "pagerank": {
      "raw": 1.8462118490085996e-07,
      "percentile": 0.7228747699190184
    },
    "sha256": "ba47bf8c5e89d25fd686d7130eae6fe95e204fae819a3fd2d57d0312adf57588",
    "simhash": "1:b3a697af2baa0aac",
    "word_count": 2204
  },
  "last_updated": "2024-02-27T19:54:12.826396+00:00",
  "provenance": {
    "date_added": "2019-08-29",
    "source": "Harvard",
    "batch": "2018"
  },
  "casebody": {
    "judges": [
      "Before GALLAGHER, YEAGLEY and MACK, Associate Judges.",
      "MACK, Associate Judge, concurs in the result only."
    ],
    "parties": [
      "In the Matter of Alfred M. SCHWARTZ, Appellant."
    ],
    "opinions": [
      {
        "text": "PER CURIAM:\nAppellant, an attorney, was summarily adjudged guilty of contempt of court and ordered to pay a fine of $200 or serve a sentence of ten days in jail. He contends on appeal the evidence was insufficient to support a finding of contempt. We agree and reverse.\nAppellant was counsel for a defendant (husband) in a divorce proceeding in the Domestic Relations Branch of Superior Court. The divorce had been granted by the court in February 1976, but the case was continued for further hearings to determine the questions of custody of the minor child, the amount of child support, and whether attorney\u2019s fees should be awarded to the plaintiff (wife). By April 7, 1977, the matter of custody had been settled and, on that date, a hearing was held to dispose of the remaining issues. During the course of this proceeding, appellant attempted to elicit testimony from his client with respect to payments made on the parties\u2019 jointly-owned property. The following exchange then occurred:\n[PLAINTIFF\u2019S COUNSEL] . . . [M]y objection [is] that it\u2019s not relevant to this proceeding.\nTHE COURT: Sustained.\nMR. SCHWARTZ: The grounds of my\u2014\nTHE COURT: I sustained the objection.\nMR. SCHWARTZ: I know, but I want to state the ground for the benefit of the Court and for the benefit of any further proceedings that may be involved.\nTHE COURT: I don\u2019t think you have to. I don\u2019t have the time, Mr. Schwartz. Go ahead, will you? I have a whole calendar waiting for me. This was represented to me, this motion, if we started promptly at 10:00, should have been over by now.\nMR. SCHWARTZ: I made no representation to Your Honor as to time.\nTHE COURT: Well, I\u2019m making a representation to you. I\u2019m only going to hear relevant evidence.\nGo ahead, Mr. Schwartz. And, with respect to [counsel for plaintiff\u2019s] objection, you\u2019ll be allowed to cross-examine, but you will be bound by direct.\nMR. SCHWARTZ: If Your Honor please, I\u2019m trying\u2014\nTHE COURT: I\u2019m not interested.\nMR. SCHWARTZ: May I finish, at least, my statement as to this, Your Honor?\nTHE COURT: No, you may not, Mr. Schwartz. And, if you don\u2019t behave yourself, I'm going to have you taken into custody.\nMR. SCHWARTZ: Your Honor has threatened me every time I have appeared before him.[]\nTHE COURT: That\u2019s right, and one of these times, I\u2019m going to carry it out, Mr. Schwartz. Now, I\u2019m going to give you a chance. You went through a very tedious and unnecessary cross-examination. You took up the time of the Court and delayed this Court, and I indulged you. Now, do you have any questions of your witness?\nMR. SCHWARTZ: Yes, Your Honor, I have questions.\nTHE COURT: All right, ask him and ask him in a direct fashion, and start right now.\nCall the marshal\nMR. SCHWARTZ: And, I think Your Honor\u2014\nTHE COURT: Mr. Schwartz, you better start going. Now ask your questions.\nMR. SCHWARTZ: If Your Honor please, first let me say\u2014\nTHE COURT: Ask your questions.\nMR. SCHWARTZ: Your Honor said call the marshal. Now, I\u2019m not going to be under duress while I ask questions.\nTHE COURT: Call the marshal.\nMR. SCHWARTZ: I expect to be treated by Your Honor with the same courtesy and the courtesy that you expect counsel to treat you.\nTHE COURT: Mr. Schwartz, you're taking the time of this Court. You\u2019re exceeding the administration of justice, and you have done it for over an hour. Now, do you have any further questions?\nMR. SCHWARTZ: Your Honor came into court\u2014\nTHE COURT: Do you have any further questions of this witness?\nMR. SCHWARTZ: Your Honor came in quarter after ten, and it\u2019s now two minutes to eleven. I have not been unduly long, and I have questions\u2014\nTHE COURT: Mr. Bailiff, take him out.\nMR. SCHWARTZ: I can\u2019t ask questions? What am I being taken into custody for?\nTHE COURT: Mr. Schwartz, I find you in direct contempt of this Court, and I fine you two hundred dollars or ten days in jail. And, Mr. Bailiff, ton him over to the U.S. Marshal. [Emphasis added.]\nThe trial judge subsequently entered a written order of contempt and issued a \u201cStatement of the Court\u201d setting forth the basis of the contempt citation. The court further noted that:\nIt is the impression of this Court that Attorney Schwartz engaged in conduct deliberately calculated to deprive plaintiff herein of deserved support of the child of the parties. Although the issue of custody was settled by consent, the actions of Attorney Schwartz have delayed the award of a- most reasonable amount of support contribution if it is so ordered and an equally reasonable request for counsel fees under the circumstances.\nIn sum, Alfred M. Schwartz engaged in planned conduct unbecoming a member of the Bar of this jurisdiction, contemptuous of the court and prejudicial to the proper administration of justice. [Emphasis added.]\nThe power to punish summarily should be exercised sparingly. In re McConnell, 370 U.S. 230, 82 S.Ct. 1288, 8 L.Ed.2d 434 (1962); Sacher v. United States, 343 U.S. 1, 72 S.Ct. 451, 96 L.Ed. 717 (1952). This is particularly true in contempt cases against lawyers, where there must be limited interference with their right to properly represent their clients. In re Marshall, 423 F.2d 1130 (5th Cir. 1970); United States v. Schiffer, 351 F.2d 91 (6th Cir. 1965), cert. denied, 384 U.S. 1003, 86 S.Ct. 1914, 16 L.Ed.2d 1017 (1966). Naturally, this does not mean that an attorney may engage in hostile behavior or insulting speech designed to disrupt the trial. Nor should an attorney be permitted to delay unduly the course of proceedings. Trial judges must maintain discipline in their courtrooms and take whatever reasonable measures that are necessary to ensure the proceedings are conducted in an orderly and expeditious manner. See In re Nesbitt, D.C.App., 345 A.2d 154 (1975).\nIn this case, the court precluded, as irrelevant, a course of examination directed to appellant\u2019s client. Appellant attempted to state his grounds for the inquiry, but was informed by the court it didn\u2019t \u201chave the time\u201d to listen. Appellant persisted in trying to make a proffer for the record, but was not permitted to do so. The court ordered appellant to begin questioning the witness and at the same time, directed the bailiff to \u201ccall the marshal.\u201d Appellant was then put in the position of having to proceed under pain of removal from the courtroom if he didn\u2019t commence his examination immediately with \u201crelevant\u201d questions. Although he may have extended the discussion with the court a bit too long, we do not find in appellant\u2019s actions contumacious conduct indicative of a criminal intent to show disrespect for the court or to disrupt the proceedings.\nIn In re McConnell, supra, an attorney, wanting to provide an appellate record, persisted in questioning a witness after the judge ordered him to cease. The attorney insisted he had a right to prepare his record in this manner \u201cunless some bailiff stop[ped him].\u201d Id. at 235, 82 S.Ct. 1288. The Supreme Court reversed his conviction for contempt and held there \u201cwas nothing in petitioner\u2019s conduct sufficiently disruptive of the trial court\u2019s business to be an obstruction of justice.\u201d Id. at 235-36, 82 S.Ct. at 1292. Appellant\u2019s conduct here was considerably less volatile.\nAn attorney has the right, if not the obligation, to preserve an issue for appeal or other proceedings. We have recognized that failure to make a proffer in the trial court may preclude appellate consideration of an allegation that evidence was erroneously excluded. E. g., Rafeedie v. Seelye, D.C.Mun.App., 178 A.2d 922, 924 (1962). Counsel also should be normally afforded an opportunity to state briefly and respectfully his legal argument in favor of the admission of evidence. Appellant was deprived of this procedure here. \u201c[W]here the judge . . . affords counsel inadequate opportunity to argue his position, counsel must be given substantial leeway in pressing his contention, for it is through such colloquy that the judge may recognize his mistake and prevent error from infecting the record.\u201d In re Dellinger, 461 F.2d 389, 399 (7th Cir. 1972), aff\u2019d after remand, 502 F.2d 813 (7th Cir. 1974), cert. denied, 420 U.S. 990, 95 S.Ct. 1425, 43 L.Ed.2d 671 (1975). This is not to say that an attorney may prolong discussion with the court once the court is advised of his position and an adverse ruling has been made. He has a right to preserve his point for appeal, but not to impede the proceedings. Sacher v. United States, supra; In re Abse, D.C.App., 251 A.2d 655 (1969).\nThe government relies on In re Nesbitt, supra, in support of its contention that appellant engaged in contemptuous behavior when he persisted in discussing with the court the grounds for his inquiry after the court ruled the question irrelevant. We stated in Nesbitt that \u201cwhen the court rules, the remedy is appeal if he is in disagreement, not further argument.\u201d Id. at 156. But in Nesbitt, the record revealed repeated instances of improper conduct. The attorney purposely behaved in such a manner during the course of proceedings that a mistrial had to be granted. The contempt conviction was not based on an isolated incident, but upon contemptuous and disrespectful conduct continued in the face of warnings by the trial court. See also Sacher v. United States, supra. Here, appellant\u2019s conduct does not appear openly defiant. He was merely attempting to press a legal contention. Nor was the dialogue between the court and appellant which led to the contempt citation the culmination of a series of repeated and continuous outbursts. Moreover, we simply find no evidence in this record to support the court\u2019s ill-conceived statement that appellant engaged in \u201c[planned] conduct deliberately designed\u201d to deprive the child of needed support. While appellant\u2019s cross-examination of the plaintiff may have been, as the court said, somewhat \u201ctedious,\u201d it cannot be characterized as a willful attempt to obstruct or delay the judicial proceedings.\nWe appreciate the need for the court to limit argument in order to preserve decorum and protect its orderly processes. But we are also mindful that intent is a necessary element of criminal contempt. In re Foshee, D.C.App., 358 A.2d 332 (1976); In re Nesbitt, D.C.App., 313 A.2d 576 (1973). Appellant\u2019s behavior may have been, to some degree, irritating to the court but we do not perceive his conduct as rising to the level of willful obstruction of the orderly administration of justice or flagrant disrespect for the court so as to sustain a conviction of criminal contempt. While use of the contempt power is sometimes necessary to maintain the orderly administration of justice, it should not be employed indiscriminately.\nReversed.\nMACK, Associate Judge, concurs in the result only.\n. Counsel may have been referring to an incident which occurred at a hearing seven months earlier in connection with the same proceeding. At that hearing, while appellant was addressing the court, he noticed the trial judge was reading some papers before him. Appellant asked the judge, \u201cIs Your Honor listening to me?\u201d A brief exchange ensued, after which the court remarked:\nTHE COURT: And the next time you make an insulting remark like that to the Court, you get ready to bring your toothbrush because you\u2019re going to D.C. Jail.\n. In McConnell, the attorney cited Fed.R.Civ.P. 43(c) which requires that before an offer of proof is made, questions intended to lay the proper foundation first must be asked in the presence of the jury. Super.Ct.Civ.R. 43(c) is similar; it also provides that in actions tried without a jury, as here, the same procedure may be followed, \u201cexcept that the court upon request shall take and report the [excluded] evidence in full . . . .\u201d It is in this manner that claims of error can be preserved for appeal.\n. The minor child in question was then an eighteen-year-old high school student earning approximately fifty dollars per week from a part-time job. The husband had agreed to contribute a \u201creasonable\u201d amount toward support of the child. The wife testified it would require $430 a month in addition to the child\u2019s earnings to meet his immediate needs.\n. In his \u201cStatement of the Court,\u201d the trial judge also referred to an \u201cunproductive hearing\u201d held on August 19, 1976, where the court was \u201cled to the brink of a contempt citation.\u201d See note 1, ante. The parties previously had agreed that the child would remain with the parent who retained possession of the house. By August 19, the parties had agreed to sell the house so that the prior arrangement as to custody was no longer viable. The court on that date deferred decision on the matters of custody and support until the property had been disposed of and both parties had moved from the home.",
        "type": "majority",
        "author": "PER CURIAM:"
      }
    ],
    "attorneys": [
      "Alfred M. Schwartz, pro se.",
      "Leo N. Gorman, Asst. Corp. Counsel, Washington, D. C., with whom John R. Risher, Jr., Corp. Counsel, Washington, D. C., and Richard W. Barton, Deputy Corp. Counsel, Washington, D. C., were on brief, for appellee."
    ],
    "corrections": "",
    "head_matter": "In the Matter of Alfred M. SCHWARTZ, Appellant.\nNo. 12089.\nDistrict of Columbia Court of Appeals.\nArgued June 14, 1978.\nDecided Aug. 29, 1978.\nAlfred M. Schwartz, pro se.\nLeo N. Gorman, Asst. Corp. Counsel, Washington, D. C., with whom John R. Risher, Jr., Corp. Counsel, Washington, D. C., and Richard W. Barton, Deputy Corp. Counsel, Washington, D. C., were on brief, for appellee.\nBefore GALLAGHER, YEAGLEY and MACK, Associate Judges."
  },
  "file_name": "0278-01",
  "first_page_order": 338,
  "last_page_order": 342
}
