{
  "id": 9449637,
  "name": "Regco Corporation vs. DiGiorgio Corporation, and another",
  "name_abbreviation": "Regco Corp. v. DiGiorgio Corp.",
  "decision_date": "2001-08-27",
  "docket_number": "",
  "first_page": "190",
  "last_page": "191",
  "citations": [
    {
      "type": "official",
      "cite": "2001 Mass. App. Div. 190"
    }
  ],
  "court": {
    "name_abbreviation": "Mass. App. Div.",
    "id": 15177,
    "name": "Massachusetts Appellate Division"
  },
  "jurisdiction": {
    "id": 4,
    "name_long": "Massachusetts",
    "name": "Mass."
  },
  "cites_to": [
    {
      "cite": "295 Mass. 123",
      "category": "reporters:state",
      "reporter": "Mass.",
      "case_ids": [
        883763
      ],
      "year": 1936,
      "pin_cites": [
        {
          "page": "129"
        }
      ],
      "opinion_index": 0,
      "case_paths": [
        "/mass/295/0123-01"
      ]
    },
    {
      "cite": "50 Mass. App. Ct. 425",
      "category": "reporters:state",
      "reporter": "Mass. App. Ct.",
      "case_ids": [
        235405
      ],
      "year": 2000,
      "pin_cites": [
        {
          "page": "429"
        }
      ],
      "opinion_index": 0,
      "case_paths": [
        "/mass-app-ct/50/0425-01"
      ]
    },
    {
      "cite": "2000 Mass. App. Div. 284",
      "category": "reporters:state",
      "reporter": "Mass. App. Div.",
      "case_ids": [
        11141864
      ],
      "pin_cites": [
        {
          "page": "287"
        }
      ],
      "opinion_index": 0,
      "case_paths": [
        "/mass-app-div-annual/2000/0284-01"
      ]
    },
    {
      "cite": "36 Mass. App. Ct. 277",
      "category": "reporters:state",
      "reporter": "Mass. App. Ct.",
      "case_ids": [
        4017450
      ],
      "year": 1994,
      "pin_cites": [
        {
          "page": "279"
        }
      ],
      "opinion_index": 0,
      "case_paths": [
        "/mass-app-ct/36/0277-01"
      ]
    },
    {
      "cite": "24 Mass. App. Ct. 160",
      "category": "reporters:state",
      "reporter": "Mass. App. Ct.",
      "case_ids": [
        3993357
      ],
      "year": 1987,
      "pin_cites": [
        {
          "page": "163"
        }
      ],
      "opinion_index": 0,
      "case_paths": [
        "/mass-app-ct/24/0160-01"
      ]
    },
    {
      "cite": "264 Mass. 74",
      "category": "reporters:state",
      "reporter": "Mass.",
      "case_ids": [
        841760
      ],
      "year": 1928,
      "pin_cites": [
        {
          "page": "77"
        }
      ],
      "opinion_index": 0,
      "case_paths": [
        "/mass/264/0074-01"
      ]
    },
    {
      "cite": "369 Mass. 550",
      "category": "reporters:state",
      "reporter": "Mass.",
      "case_ids": [
        309679
      ],
      "year": 1976,
      "pin_cites": [
        {
          "page": "556-557"
        }
      ],
      "opinion_index": 0,
      "case_paths": [
        "/mass/369/0550-01"
      ]
    },
    {
      "cite": "1995 Mass. App. Div. 167",
      "category": "reporters:state",
      "reporter": "Mass. App. Div.",
      "case_ids": [
        6813122
      ],
      "year": 1976,
      "pin_cites": [
        {
          "page": "169"
        }
      ],
      "opinion_index": 0,
      "case_paths": [
        "/mass-app-div-annual/1995/0167-01"
      ]
    }
  ],
  "analysis": {
    "cardinality": 409,
    "char_count": 6353,
    "ocr_confidence": 0.781,
    "pagerank": {
      "raw": 4.03580807328026e-08,
      "percentile": 0.21777041827535118
    },
    "sha256": "1c4f417aaf561466d3b072272b821e18aa4534764796e2bb838534bb4fc8e1cb",
    "simhash": "1:47018c5089448646",
    "word_count": 1057
  },
  "last_updated": "2024-02-27T22:09:15.420909+00:00",
  "provenance": {
    "date_added": "2019-08-29",
    "source": "Harvard",
    "batch": "2018"
  },
  "casebody": {
    "judges": [
      "Present Merrick, EJ., Greco & Curtin, JJ."
    ],
    "parties": [
      "Regco Corporation vs. DiGiorgio Corporation, and another"
    ],
    "opinions": [
      {
        "text": "Greco, J.\nThis is a Dist/Mun. Cts. RAD.A, Rule 8C, appeal by defendant DiGiorgio Corporation, doing business as White Rose Dairy (\u201cWhite Rose\u201d), of the entry of summary judgment in favor of plaintiff Regco Corporation (\u201cRegco\u201d) on that count of its complaint which alleged breach of contract\nRegco alleged that White Rose sent it a purchase order for a thousand cases of pita chips; that pursuant to the terms of that order, Regco prepared and shipped the goods; that White Rose agreed to pay $22,000.00 for the chips; and that White Rose received the chips, but refused to pay for them. These allegations were supported by the materials Regco submitted with its motion for summary judgment\nThe materials submitted by White Rose in opposition to summary judgment presented a very different scenario. White Rose contended that it is in the business of distributing products to supermarkets, that A & P is one of its clients, that the transaction for the pita chips was between Regco and A & P, that the chips were to be sold at A & P stores in New York and New Jersey, and that A & P had instructed Regco to contact White Rose simply to arrange for the transportation of the chips from its facility to White Rose\u2019s warehouse in New Jersey from where they would be subsequently delivered to the supermarkets. White Rose does not dispute that it prepared a purchase order which indicated that White Rose was the entity to he billed and which did not mention A & P at all However, the purpose of the purchase order, White Rose asserts, was merely to memorialize and confirm the agreement between Regco and A & P.\nIt is undisputed that the chips were delivered to White Rose\u2019s warehouse. Barbara Brown, White Rose\u2019s Merchandising Coordinator, filed an affidavit indicating that after the goods were unloaded, she contacted A & P to request proper bar, price and vendor codes. At that point, A & P informed Brown that it was to receive the chips \u201cfree\u201d of charge. Brown relayed this information to Regco. When Regco contacted A & P, the latter affirmed that the goods were to be free and Regco could \u201ctake it or leave it\u201d Regco then instructed White Rose to return the goods to its Massachusetts facility. Regco contends that when received, the chips were irreparably damaged and \u201cnonsaleable.\u201d\n1. To defeat Regco\u2019s motion for summary judgment White Rose had to \u201cadvance \u2018enough countervailing details to demonstrate that material facts exist which, taken for our purposes as true,\u2019 constituted an issue of fact requiring a trial on the merits.\u201d Chapian v. Car Wash Systems, Inc., 1995 Mass. App. Div. 167, 169, quoting from Community Nat\u2019l Bank v. Dawes, 369 Mass. 550, 556-557 (1976). On this appeal, White Rose contends that the summary judgment materials discussed above satisfied that burden. Regco disagrees, arguing that the allegations set forth in White Rose\u2019s Rule 56 materials are irrelevant because the purchase order constituted a valid contract between Regco and White Rose, that White Rose breached that contract, and that those facts are dispositive of this case. In granting summary judgment, the trial judge agreed with Regco, ruling that\nThe purchase order contains the agreement between defendant, White Rose and plaintiff, Regco. The plaintiff complied with the terms of the contract, the defendant refused to pay. While the plaintiff attempted to mitigate its damages by calling for the return of the pita chips as soon as it learned the defendant refused payment, it was unsuccessful, as the chips were returned crushed and unusable.\nThis ruling was premised on the trial judge\u2019s prior ruling that the parol evidence rule would preclude consideration of the allegations in White Rose\u2019s summary judgment submissions because testimony which explained or contradicted the unambiguous purchase order drafted by White Rose would have been inadmissible.\nWhile it \u201cis familiar law that evidence is not admissible to vary, contradict or add to the terms of a contract reduced to writing by the parties,\u201d Western Newspaper Union v. Dittemore, 264 Mass. 74, 77 (1928),\nevidence of the contract negotiations and the circumstances of its execution are always admissible to show whether the contract was intended by the parties as an integrated (Le., final) expression of the terms of their agreement or to show file existence of any uncertainties in the contracts application.\nFred S. James & Co. v. Hoffman, 24 Mass. App. Ct. 160, 163 (1987), quoted in Charles River Mortgage Co. v. The Baptist Homes of Mass., Inc., 36 Mass. App. Ct. 277, 279 (1994). See also Fillion v. Cardinal, 2000 Mass. App. Div. 284, 287. Thus\n[t]he rule that written agreements may not be varied or added to by parol evidence of antecedent or contemporaneous negotiations is not one merely of evidence, but is a rule of substantive law ... Before that rule comes into operation, however, the court must be sure that it has before it a written contract intended by the parties as a statement of their complete agreement (Citations omitted).\nSound Techniques, Inc. v. Hoffman, 50 Mass. App. Ct. 425, 429 (2000), quoting from Kesslen Shoe Co. v. Philadelphia Fire & Marine Ins. Co., 295 Mass. 123, 129 (1936).\nIn the case at bar, there was a genuine factual dispute about what the trial court \u201cha[d] before it\u201d White Rose should have the opportunity at trial to show that it was not a principal to this transaction, just a middle-man; that the transaction was between Regco and A & P; and that the purchase order was not a contract, but a method for White Rose to keep a record of the matter. While the parol evidence rule would preclude White Rose from presenting evidence to vary the terms of the purchase order, if White Rose was xdtimately found to be a principal, the rule would not have such an affect on the threshold inquiry of whether the order was a contract between White Rose and Regco.\nAccordingly, the allowance of summary judgment for Regco on its contract count against White Rose is reversed, and the matter is returned to the Haverhill Division for trial.\nSo ordered.",
        "type": "majority",
        "author": "Greco, J."
      }
    ],
    "attorneys": [
      "Matthew A Caffrey for the plaintiff",
      "James G. Healy for defendant DiGiorgio Corporation."
    ],
    "corrections": "",
    "head_matter": "Regco Corporation vs. DiGiorgio Corporation, and another\nNorthern District\nAugust 27, 2001.\nPresent Merrick, EJ., Greco & Curtin, JJ.\nMatthew A Caffrey for the plaintiff\nJames G. Healy for defendant DiGiorgio Corporation.\nDoing business as White Rose Dairy.\nPaolini-Cretazzo Food Brokers."
  },
  "file_name": "0190-01",
  "first_page_order": 196,
  "last_page_order": 197
}
