{
  "id": 11454317,
  "name": "STATE v. Matthew FERRARA",
  "name_abbreviation": "State v. Ferrara",
  "decision_date": "2000-03-17",
  "docket_number": "No. 98-499-C.A.",
  "first_page": "246",
  "last_page": "249",
  "citations": [
    {
      "type": "official",
      "cite": "748 A.2d 246"
    }
  ],
  "court": {
    "name_abbreviation": "R.I.",
    "id": 10179,
    "name": "Supreme Court of Rhode Island"
  },
  "jurisdiction": {
    "id": 15,
    "name_long": "Rhode Island",
    "name": "R.I."
  },
  "cites_to": [
    {
      "cite": "740 F.2d 239",
      "category": "reporters:federal",
      "reporter": "F.2d",
      "case_ids": [
        622971
      ],
      "pin_cites": [
        {
          "page": "250"
        }
      ],
      "opinion_index": 0,
      "case_paths": [
        "/f2d/740/0239-01"
      ]
    },
    {
      "cite": "463 A.2d 1328",
      "category": "reporters:state_regional",
      "reporter": "A.2d",
      "case_ids": [
        7994252
      ],
      "pin_cites": [
        {
          "page": "1331"
        }
      ],
      "opinion_index": 0,
      "case_paths": [
        "/a2d/463/1328-01"
      ]
    },
    {
      "cite": "666 A.2d 405",
      "category": "reporters:state_regional",
      "reporter": "A.2d",
      "case_ids": [
        12047022
      ],
      "pin_cites": [
        {
          "page": "406"
        }
      ],
      "opinion_index": 0,
      "case_paths": [
        "/a2d/666/0405-01"
      ]
    },
    {
      "cite": "808 F.2d 508",
      "category": "reporters:federal",
      "reporter": "F.2d",
      "case_ids": [
        1369159
      ],
      "pin_cites": [
        {
          "page": "509"
        }
      ],
      "opinion_index": 0,
      "case_paths": [
        "/f2d/808/0508-01"
      ]
    },
    {
      "cite": "542 A.2d 1237",
      "category": "reporters:state_regional",
      "reporter": "A.2d",
      "case_ids": [
        7896360
      ],
      "weight": 4,
      "pin_cites": [
        {
          "page": "1241"
        },
        {
          "page": "1241"
        },
        {
          "page": "1241"
        },
        {
          "page": "1242"
        }
      ],
      "opinion_index": 0,
      "case_paths": [
        "/a2d/542/1237-01"
      ]
    },
    {
      "cite": "446 A.2d 746",
      "category": "reporters:state_regional",
      "reporter": "A.2d",
      "case_ids": [
        8004021
      ],
      "weight": 2,
      "pin_cites": [
        {
          "page": "748"
        },
        {
          "page": "747-48"
        }
      ],
      "opinion_index": 0,
      "case_paths": [
        "/a2d/446/0746-01"
      ]
    },
    {
      "cite": "705 A.2d 1379",
      "category": "reporters:state_regional",
      "reporter": "A.2d",
      "case_ids": [
        11879475
      ],
      "weight": 3,
      "pin_cites": [
        {
          "page": "1379"
        },
        {
          "page": "1379"
        },
        {
          "page": "1379"
        }
      ],
      "opinion_index": 0,
      "case_paths": [
        "/a2d/705/1379-01"
      ]
    },
    {
      "cite": "571 A.2d 16",
      "category": "reporters:state_regional",
      "reporter": "A.2d",
      "case_ids": [
        11334167
      ],
      "weight": 2,
      "pin_cites": [
        {
          "page": "24"
        }
      ],
      "opinion_index": 0,
      "case_paths": [
        "/a2d/571/0016-01"
      ]
    }
  ],
  "analysis": {
    "cardinality": 394,
    "char_count": 6248,
    "ocr_confidence": 0.691,
    "pagerank": {
      "raw": 2.0145913157074952e-07,
      "percentile": 0.7446382009144162
    },
    "sha256": "dd927997b80e736d7d241e22cc84f4d60586b45b3acd7567322ec14f04f0b1ab",
    "simhash": "1:5a4b96ec934a8545",
    "word_count": 1030
  },
  "last_updated": "2024-02-27T19:07:31.488059+00:00",
  "provenance": {
    "date_added": "2019-08-29",
    "source": "Harvard",
    "batch": "2018"
  },
  "casebody": {
    "judges": [
      "Present WEISBERGER, C.J., and LEDERBERG, BOURCIER, FLANDERS, and GOLDBERG, JJ."
    ],
    "parties": [
      "STATE v. Matthew FERRARA."
    ],
    "opinions": [
      {
        "text": "OPINION\nPER CURIAM.\nThis matter came before the Court for oral argument on January 27, 2000, pursuant to an order directing the parties to appear and show cause why the issues raised by the defendant\u2019s appeal from a Superior Court justice\u2019s denial of his motion to reduce sentence filed, pursuant to Rule 35 of the Superior Court Rules of Criminal Procedure should not be summarily decided.\nAfter hearing the arguments of counsel and considering the memoranda submitted by both of the parties, we are of the opinion that cause has not been shown. The issues raised in the appeal will be decided at this time.\nIn 1988, the defendant, Matthew Fer-rara (the defendant), was convicted on numerous charges for which he was given concurrent and consecutive sentences. For a recitation of the facts, charges and convictions, see State v. Ferrara, 571 A.2d 16 (R.I.1990). On March 7, 1990, we denied and dismissed the defendant\u2019s appeal. See id. at 24. On May 17, 1990, he filed a timely pro se motion to reduce sentence, and on May 21, 1990, he filed a motion to appoint counsel and a \u201cMotion to Assign for Hearing Determination of Attorney.\u201d The record indicates that the Superior Court did not respond to these motions.\nIn 1997, the Office of the Public Defender was involved in the case. On November 19, 1997, the state filed an objection to the defendant\u2019s motion to reduce sentence. It asserted that Rule 35 permits the trial court to retain jurisdiction only for a reasonable time after the expiration of the 120-day jurisdictional period, and that the seven-year delay in pressing the motion was unreasonable per se. It additionally contended that a hearing on the defendant\u2019s motion would unfairly prejudice the state and illegally impede the parole board\u2019s executive function. The trial justice sustained the state\u2019s objection. He found that the seven-year delay was unreasonable and declined to address the substantive issues of the motion. The defendant appeals.\n\u201cA motion to reduce sentence pursuant to Super.R.Crim.P. 35 must be filed within 120 days after the sentence is imposed.\u201d State v. McKinney, 705 A.2d 1379, 1379 (R.I.1997) (order). \u201c[T]he 120-day time period set forth in Rule 35 is jurisdictional and may not be enlarged.\u201d State v. Letourneau, 446 A.2d 746, 748 (R.I.1982). \u201c[T]he failure and inability of [a] trial judge to act on the motion within that period [does] not divest him [or her] of jurisdiction,\u201d because jurisdiction is \u201cretained for as long a period as the judge reasonably need[s] to consider and act upon the motion.\u201d Id. at 747-48. Thus, \u201c[o]nly the time within which to file is \u2018jurisdictional.\u2019 \u201d Garcia v. United States, 542 A.2d 1237, 1241 (D.C.App.1988) (quoting United States v. House, 808 F.2d 508, 509 (7th Cir.1986)).\nIn this case, there is no dispute that the defendant\u2019s motion was timely. The issue on appeal is whether the subsequent seven-year delay divested the trial court of its jurisdiction to hear the motion.\n\u201cA motion to reduce a sentence under Rule 35 is essentially a plea for leniency.\u201d McKinney, 705 A.2d at 1379 (quoting State v. Brigham, 666 A.2d 405, 406 (R.I.1995) (per curiam)). It \u201callows a trial justice to evaluate whether the sentence originally imposed is unduly severe under the circumstances and to consider any new information or circumstances that may arise within the 120-day period.\u201d State v. O\u2019Rourke, 463 A.2d 1328, 1331 (R.I.1983). Although \u201c[s]uch motions are within the sound discretion of the trial justice\u201d (McKinney, 705 A.2d at 1379), that discretion \u201cis not discretion to ignore; the court must affirmatively exercise the discretion the law affords.\u201d Garcia, 542 A.2d at 1241.\nIn Garcia, the Court of Appeals for the District of Columbia recognized that some \u201ccourts have been willing to reach the merits of a timely filed motion if the government expressed no concern about the time the trial court took to rule * * * or if the delay itself \u2014 no matter how long \u2014 was attributable to the court system.\u201d Garcia, 542 A.2d at 1241. When a trial court \u201cfails to act on a defendant\u2019s timely Rule 35 motion by reason of the court\u2019s own error, any ensuing delay cannot as a matter of law be \u2018unreasonable delay\u2019 barring Rule 35 relief.\u201d Diggs v. United States, 740 F.2d 239, 250 (3rd Cir.1984) (Gibbons, J., dissenting). \u201cA prisoner\u2019s right to a ruling on a Rule 35 motion, coupled with an extremely limited right of appeal from the trial court\u2019s exercise of discretion * * * cuts substantially in favor of a liberal reading of the \u2018reasonable time\u2019 requirement; a prisoner who timely files a Rule 35 motion should not be penalized unfairly because of circumstances beyond his or her control.\u201d Garcia, 542 A.2d at 1242.\nIn the instant case, the defendant timely filed his motion to reduce sentence. Several days later, he filed a motion to appoint counsel so that he could be represented in the matter. The Superior Court failed to respond to either motion, and seven years elapsed before the defendant finally appeared before the court. Then, having failed to respond to the defendant\u2019s motions in the first instance, the trial justice found that because the seven-year delay was unreasonable, the court had lost jurisdiction over the matter. Boiled down to its essence, the trial justice basically ruled that the court\u2019s own inaction barred Rule 35 relief. This, we believe, was an abuse of discretion and warrants remand for a determination on the merits. In making such determination, the trial justice\u2019s considerations are limited to facts and events that arose within the 120-day period of Rule 35.\nFor the foregoing reasons, we sustain the defendant\u2019s appeal and vacate the order of the Superior Court. This case is remanded to the Superior Court for a hearing on the defendant\u2019s motion.\n. Subsequently, the justice who presided over the trial retired, in 1992.\n. It is unclear exactly when the public defender's office became involved because there is no entry of appearance in the record.",
        "type": "majority",
        "author": "PER CURIAM."
      }
    ],
    "attorneys": [
      "Aaron L. Weisman, Providence, for Plaintiff.",
      "Kelly Monteiro, Paula Rosin, Providence, for Defendant."
    ],
    "corrections": "",
    "head_matter": "STATE v. Matthew FERRARA.\nNo. 98-499-C.A.\nSupreme Court of Rhode Island.\nMarch 17, 2000.\nAaron L. Weisman, Providence, for Plaintiff.\nKelly Monteiro, Paula Rosin, Providence, for Defendant.\nPresent WEISBERGER, C.J., and LEDERBERG, BOURCIER, FLANDERS, and GOLDBERG, JJ."
  },
  "file_name": "0246-01",
  "first_page_order": 304,
  "last_page_order": 307
}
