{
  "id": 7283157,
  "name": "COMMONWEALTH of Pennsylvania, Petitioner v. Jeanette GARCIA, Respondent",
  "name_abbreviation": "Commonwealth v. Garcia",
  "decision_date": "2011-05-25",
  "docket_number": "",
  "first_page": "1191",
  "last_page": "1192",
  "citations": [
    {
      "type": "official",
      "cite": "20 A.3d 1191"
    }
  ],
  "court": {
    "name_abbreviation": "Pa.",
    "id": 8832,
    "name": "Supreme Court of Pennsylvania"
  },
  "jurisdiction": {
    "id": 6,
    "name_long": "Pennsylvania",
    "name": "Pa."
  },
  "cites_to": [],
  "analysis": {
    "cardinality": 81,
    "char_count": 766,
    "ocr_confidence": 0.701,
    "pagerank": {
      "raw": 2.1995933875888662e-07,
      "percentile": 0.766195827174737
    },
    "sha256": "624a7e19c1210af6e71e30748e56e6520a9d5c953843cf0176b18347faced78c",
    "simhash": "1:723e11e9f6af84fb",
    "word_count": 124
  },
  "last_updated": "2023-07-14T17:45:29.891956+00:00",
  "provenance": {
    "date_added": "2019-08-29",
    "source": "Harvard",
    "batch": "2018"
  },
  "casebody": {
    "judges": [],
    "parties": [
      "COMMONWEALTH of Pennsylvania, Petitioner v. Jeanette GARCIA, Respondent."
    ],
    "opinions": [
      {
        "text": "ORDER\nPER CURIAM.\nAND NOW, this 25th day of May 2011, the Petition for Allowance of Appeal is GRANTED. The issues, as stated by Petitioner, are:\na. Whether the Pennsylvania Superior Court erred [by] denying the Commonwealth\u2019s motion to dismiss the appeal of respondent for lack of jurisdiction, since the appeal involved a judgment of sentence issued by a Magisterial District Judge, and there was no order of Common Pleas entered?\nb. Whether a Defendant who seeks to change a plea of guilty previously entered before a Magisterial District Judge must do so within ten days afforded by rule, or be precluded from challenging the entry of the plea?",
        "type": "majority",
        "author": "PER CURIAM."
      }
    ],
    "attorneys": [],
    "corrections": "",
    "head_matter": "COMMONWEALTH of Pennsylvania, Petitioner v. Jeanette GARCIA, Respondent.\nSupreme Court of Pennsylvania.\nMay 25, 2011."
  },
  "file_name": "1191-01",
  "first_page_order": 1229,
  "last_page_order": 1230
}
