{
  "id": 6079462,
  "name": "In re Gregg",
  "name_abbreviation": "In re Gregg",
  "decision_date": "1957-04-30",
  "docket_number": "No. 6265",
  "first_page": "904",
  "last_page": "909",
  "citations": [
    {
      "type": "official",
      "cite": "44 C.C.P.A. 904"
    },
    {
      "type": "parallel",
      "cite": "113 U.S.P.Q. 526"
    },
    {
      "type": "parallel",
      "cite": "244 F.2d 316"
    }
  ],
  "court": {
    "name_abbreviation": "C.C.P.A.",
    "id": 8989,
    "name": "United States Court of Customs and Patent Appeals"
  },
  "jurisdiction": {
    "id": 39,
    "name_long": "United States",
    "name": "U.S."
  },
  "cites_to": [
    {
      "cite": "64 USPQ 245",
      "category": "reporters:specialty",
      "reporter": "U.S.P.Q. (BNA)",
      "case_ids": [
        6078396
      ],
      "opinion_index": 0,
      "case_paths": [
        "/ccpa/32-2/0813-01"
      ]
    },
    {
      "cite": "146 F. 2d 290",
      "category": "reporters:federal",
      "reporter": "F.2d",
      "case_ids": [
        7414410,
        6078396
      ],
      "opinion_index": 0,
      "case_paths": [
        "/f2d/146/0290-01",
        "/ccpa/32-2/0813-01"
      ]
    },
    {
      "cite": "49 USPQ 657",
      "category": "reporters:specialty",
      "reporter": "U.S.P.Q. (BNA)",
      "opinion_index": 0
    },
    {
      "cite": "120 F. 2d 386",
      "category": "reporters:federal",
      "reporter": "F.2d",
      "case_ids": [
        466395,
        6081963
      ],
      "opinion_index": 0,
      "case_paths": [
        "/f2d/120/0386-01",
        "/ccpa/28-2/1240-01"
      ]
    },
    {
      "cite": "73 USPQ 431",
      "category": "reporters:specialty",
      "reporter": "U.S.P.Q. (BNA)",
      "case_ids": [
        6081377
      ],
      "opinion_index": 0,
      "case_paths": [
        "/ccpa/34-2/1039-01"
      ]
    },
    {
      "cite": "161 F. 2d 229",
      "category": "reporters:federal",
      "reporter": "F.2d",
      "case_ids": [
        6081377,
        1114850
      ],
      "opinion_index": 0,
      "case_paths": [
        "/ccpa/34-2/1039-01",
        "/f2d/161/0229-01"
      ]
    },
    {
      "cite": "71 F. 2d 178",
      "category": "reporters:federal",
      "reporter": "F.2d",
      "case_ids": [
        264145,
        6082391
      ],
      "opinion_index": 0,
      "case_paths": [
        "/f2d/71/0178-01",
        "/ccpa/21-2/1183-01"
      ]
    },
    {
      "cite": "89 USPQ 66",
      "category": "reporters:specialty",
      "reporter": "U.S.P.Q. (BNA)",
      "case_ids": [
        6084032
      ],
      "opinion_index": 0,
      "case_paths": [
        "/ccpa/38-2/0887-01"
      ]
    },
    {
      "cite": "187 F. 2d 637",
      "category": "reporters:federal",
      "reporter": "F.2d",
      "case_ids": [
        6084032,
        1222303
      ],
      "opinion_index": 0,
      "case_paths": [
        "/ccpa/38-2/0887-01",
        "/f2d/187/0637-01"
      ]
    },
    {
      "cite": "78 USPQ 146",
      "category": "reporters:specialty",
      "reporter": "U.S.P.Q. (BNA)",
      "case_ids": [
        6082431
      ],
      "opinion_index": 0,
      "case_paths": [
        "/ccpa/35-2/1248-01"
      ]
    },
    {
      "cite": "168 F. 2d 753",
      "category": "reporters:federal",
      "reporter": "F.2d",
      "case_ids": [
        1278556
      ],
      "opinion_index": 0,
      "case_paths": [
        "/f2d/168/0753-01"
      ]
    },
    {
      "cite": "58 USPQ 553",
      "category": "reporters:specialty",
      "reporter": "U.S.P.Q. (BNA)",
      "opinion_index": 0
    },
    {
      "cite": "136 F. 2d 1016",
      "category": "reporters:federal",
      "reporter": "F.2d",
      "case_ids": [
        6081950,
        3670950
      ],
      "opinion_index": 0,
      "case_paths": [
        "/ccpa/30-2/1250-01",
        "/f2d/136/1016-01"
      ]
    }
  ],
  "analysis": {
    "cardinality": 618,
    "char_count": 13194,
    "ocr_confidence": 0.456,
    "pagerank": {
      "raw": 4.913492155696997e-07,
      "percentile": 0.9340436450155974
    },
    "sha256": "57104de281e4d0c276731a6fa1cbbdf62846ed4495ace2aace9b6cc4a3c5820f",
    "simhash": "1:262099592cec4d90",
    "word_count": 2261
  },
  "last_updated": "2024-02-27T22:59:17.985166+00:00",
  "provenance": {
    "date_added": "2019-08-29",
    "source": "Harvard",
    "batch": "2018"
  },
  "casebody": {
    "judges": [
      "Before Johnson, Chief Judge, and O\u2019Connell, Worley, Rich, and Jackson (retired), Associate Judges",
      "Jackson, J., Retired, recalled to participate herein in place of Cole, J., absent because of illness."
    ],
    "parties": [
      "In re Gregg"
    ],
    "opinions": [
      {
        "text": "Worley, Judge,\ndelivered the opinion of the court:\nThis is an appeal from the decision of the Board of Appeals of the United States Patent Office affirming, the rejection by the Primary Examiner of claims 24, 26, and 39 of appellant\u2019s application for a patent on a valve device. Twenty-one claims of the application have been allowed.\nClaims 24 and 26, which are representative of the appealed claims, are as follows:\n24. The combination comprising constricting means to be worn about a portion of the body of an occupant of an aircraft, a conduit for conducting a .continuous flow of fluid medium under pressure to operate said constricting means, means for regulating the flow and thereby the pressure of the fluid medium in said conduit, means responsive to centrifugal force for controlling the flow regulating means and thereby the pressure of said fluid medium so as to increase the constricting force applied by said constricting means upon flight of said aircraft along a curved path during recovery from a diving maneuver, said constricting means being adapted to be positionable about the body of the occupant to retard upon such increase in the constricting force thereof the drainage of blood from the brain of the occupant, whereby the occupant may be protected from loss of consciousness.\n26. The combination comprising first means to be worn about a portion of the body of an occupant of an aircraft, said first means for applying a variable force to the abdominal portion of the body of said occupant, second means arranged for regulating the force applied by said first means, said second means including centrifugal force responsive means arranged to automatically operate said second means in such a manner as to cause an increase in the regulated force applied to said abdominal portion of the body by said first means during recovery of said aircraft from a diving maneuver and a decrease in such force relative to said increase during recovery of said aircraft from an ascending maneuver.\nThe single reference relied on is\nCoakwell, 2,676,586, April 29, 1954.\nAppellant\u2019s invention is designed to prevent the \u201cblackout\u201d of an airplane pilot caused by the draining of blood from the brain during the \u201cpull-out\u201d of a plane from a dive. His apparatus comprises a belt, adapted to be worn about the pilot\u2019s waist, with an outer leather wall sealed to an inner rubber wall band to form an air-tight pocket between them. When air under pressure is supplied to this pocket the rubber wall is forced inwardly and exerts pressure on the pilot\u2019s body and prevents the drainage of blood from the brain to the stomach.\nAir is supplied to the belt by an engine-operated pump which is connected with the pocket by a pipe having a spring-pressed relief valve which is normally set to maintain a pressure of about 1% pounds per square inch. A pivoted weight is associated with the valve in such a manner that, when the plane pulls out\u2019 of a dive, the weight will swing about its pivot and exert an increased pressure on the valve, thereby causing a corresponding increase of the pressure within the pocket.\nThe Coakwell patent discloses an anti-\u201cblackout\u201d device in which drainage of blood is prevented by supplying liquid under pressure to one or more inflatable pads inside of a collar worn around the pilot\u2019s neck. The pads are connected by a tube with the interior of a flexible bellows, which, together with the tube and pads, is filled with liquid. A pivoted weight is associated with the bellows in such a manner that, when the plane pulls out of a dive, the weight will exert pressure, through a spring, on the bellows. The pressure is transmitted through the tube to the pads, inflating them and causing them to press against the pilot\u2019s throat so that blood will not be drained from his brain. The extent of movement of the weight appears to be purposely limited to prevent the building up of a dangerously high pressure in the pads.\nThe record shows that appellant\u2019s application was involved in an interference with the application on which the Coakwell patent was granted, with Coakwell being awarded priority. Under such circumstances, it is well settled that the disclosure of the Coakwell patent constitutes prior art against appellant, and that no claim can be allowed to appellant which does not present a patentable distinction over such disclosure. In re Bicknell et al., 30 C. C. P. A. (Patents) 1250, 136 F. 2d 1016, 58 USPQ 553; In re Boileau, 35 C. C. P. A. (Patents) 1248, 168 F. 2d 753, 78 USPQ 146; and In re Bronstein, 38 C. C. P. A. (Patents) 887, 187 F. 2d 637, 89 USPQ 66.\nWe have carefully considered appellant\u2019s arguments that the doctrine set forth in the cases just cited was modified by the Patent Act of 1952, particularly Sections 102 and 103 thereof, but we do not find them convincing.\nThe pertinent portions of the sections in question read:\nSection 102. Conditions for patentability; novelty and loss of right to patent\nA person shall be entitled to a patent unless \u2014 (a) The invention was known or used by others in this country, or patented or described in a printed publication in this or a foreign country, before the invention thereof by the application for patent, or\n* * * * * * *\n(e) the invention was described in a patent granted on an application for patent by another filed in the United States before the invention thereof by the applicant for patent, or\n* * * * * * *\n(g) before the applicant\u2019s invention thereof the invention was made in this country by another who had not abandoned, suppressed, or concealed it. In determining priority of invention there shall be considered not only the respective dates of conception and reduction to practice of the invention, but also the reasonable diligence of one who was first to conceive and last to reduce to practice, from a time prior to conception by the other.\nSection. 103. Conditions for patentability nonobvious subject matter\nA patent may not be obtained tbougb tbe invention is not identically disclosed or described as set forth in section 102 of this title, if tbe differences between tbe subject matter sought to be patented and tbe prior art are such that tbe subject matter as a whole would have been obvious at the time the invention was made to a person having ordinary skill in the art to which said subject matter pertains. * * *\nAppellant had the opportunity during his interference with the Coakwell application to place in issue additional claims to any patentable subject matter common to the applications involved. Having failed to do so, he cannot now predicate the patentability of any claim on subject matter which is disclosed by Coakwell. As was said in In re Chase, 21 C. C. P. A. (Patents) 1183, 71 F. 2d 178, 22 U. S. Pat. Q. 77, with an extensive citation of authorities, \u201can interference settles not only the rights of the parties under the issues or counts of the interference but also settles every question of the rights to every claim which might have been presented and determined in the interference proceedings. * * *\u201d\nThe award of priority in the interference was a final determination that any invention common to appellant\u2019s application and that of Coakwell was made by Coakwell prior to appellant\u2019s invention thereof. Coakwell\u2019s disclosure thus constitutes prior art within the meaning of section 102 (g) of the Patent Act of 1952 and, in accordance with section 103 of that Act, appellant may not obtain any claim which distinguishes from Coakwell\u2019s disclosure only in matters which would have been obvious to a person having ordinary skill in the art at the time when his invention was made.\nIt follows that the Coakwell patent is a proper reference here for everything disclosed by it. It seems proper to note in this connection, moreover, that Coakwell\u2019s application was filed prior to that of appellant and there is no evidence to show completion of the invention covered by the appealed claims by appellant at any time prior to Coakwell\u2019s filing date. As the record stands, therefore, the Coakwell patent is a reference under section 102 (e) as well as 102 (g).\nWe are unable to agree with appellant that the prior art referred to in section 103 of the 1952 Act is limited to art which was available to the public prior to the date of the applicant\u2019s invention. The section clearly does not make any express statement to that effect, and no reason appears for reading such a limitation into it. It was well settled prior to the 1952 Act that a patent issued on an application which was copending with that of another applicant could properly be used as a reference against the claims of the other applicant even though it did not disclose everything claimed, and it was necessary to combine it with other references. In re Seid, 34 C. C. P. A. (Patents) 1039, 161 F. 2d 229, 73 USPQ 431, and cases there cited. There is nothing to indicate that any change in that practice was contemplated by the Congress when it enacted the Patent Act of 1952.\nClaims 24 and 39 were rejected by the examiner \u201cas being directly readable on Coakwell.\u201d In affirming that rejection, the board stated that the functional recitation in those claims that the conduit is \u201cfor conducting a continuous flow of fluid medium under pressure to operate said constricting means,\u201d was not sufficient to support the allowance of the claims. We agree with the board in that conclusion since it is well settled that claims drawn to structure cannot be allowed unless they recite some structural difference over the prior art. In re Carr, 28 C. C. P. A. (Patents) 1240, 120 F. 2d 386, 49 USPQ 657, and In re Stattmann, 32 C. C. P. A. (Patents) 813, 146 F. 2d 290, 64 USPQ 245. The conduit which connects the bellows of Coakwell with the inflatable pads is obviously capable of conducting a continuous flow of fluid, thus the quoted limitation presents no structural difference over the reference.\nHowever, we cannot agree with the further conclusion stated by the board that the functional limitation just considered provides the only material distinction between claims 24 and 39 and the Coakwell patent. Each of those claims recites a means for regulating the flow of fluid through the conduit and an additional means for controlling such regulating means. In appellant\u2019s structure those elements are readily identifiable as the relief valve and the pivoted weight which controls it.\nWe think that, in attempting to read claims 24 and 39 on the reference, it is necessary to consider the flexible means and the weight, which acts upon the bellows when the plane pulls out of a dive, as the means for controlling the flow regulating means. It is evident the amount of flow which takes place in the Coakwell system is extremely limited, since the bellows and pads, with the connecting tube, constitute a closed system and the only flow of liquid through the tube is the slight amount which is incident to the inflation or deflation of the pads. Even that flow, however, cannot properly be said to be regulated by the bellows alone, since the bellows has no effect on the flow except when it is actuated by the weight.\nAssuming that the slight variation in flow resulting from the movement of Coakwell\u2019s weight is a regulation, it is necessary to consider the weight a part of the flow regulating means, and there is then no element corresponding to the means for controlling the flow regulating means, which is recited as an additional element in claims 24 and 39.\nWe are of the opinion that claims 24 and 39 are not readable upon the Coakwell patent, and the rejection of those claims, therefore, should not be sustained. Whether the distinctions between those claims and the reference involve invention is a matter which is not properly before us since no rejection on that ground was made by the board.\nWe agree with the Patent Office that appealed claim 26 is readable on the Coakwell patent except for the statement that the variable force is applied to the abdomen of the pilot, rather than to the neck as in Coakwell. The broad reference in the claim to regulating the force applied is fully satisfied by Coakwell who varies that force in the manner set forth in the claim. Claim 26 does not call for any regulation of fluid flow.\nIn our opinion the substitution of an inflatable abdominal belt for the inflatable collar of Coakwell would not involve invention, especially since, as pointed out by the board, it is conceded in appellant\u2019s specification that such belts are old. The portion of the body to which pressure is applied is merely a matter of choice.\nThe decision of the Board of Appeals is affirmed as to claim 26 and reversed as to claims 24 and 39.\nJackson, J., Retired, recalled to participate herein in place of Cole, J., absent because of illness.",
        "type": "majority",
        "author": "Worley, Judge,"
      }
    ],
    "attorneys": [
      "Herbert L. Davis (Emory C. Naylor of counsel) for appellant.",
      "Clarence W. Moore (S. Wm. Cochran of counsel) for the Commissioner of Patents."
    ],
    "corrections": "",
    "head_matter": "244 F. 2d 316: 113 USPQ 526\nIn re Gregg\n(No. 6265)\nUnited States Court of Customs and Patent Appeals,\nApril 30, 1957\nHerbert L. Davis (Emory C. Naylor of counsel) for appellant.\nClarence W. Moore (S. Wm. Cochran of counsel) for the Commissioner of Patents.\n[Oral argument March 4, 1957, by Mr. Cochran;\nBefore Johnson, Chief Judge, and O\u2019Connell, Worley, Rich, and Jackson (retired), Associate Judges"
  },
  "file_name": "0904-01",
  "first_page_order": 222,
  "last_page_order": 227
}
