{
  "id": 8933123,
  "name": "In Re: Appeal of the CUTLER GROUP, INC. from decision of the Board of Supervisors of East Vincent Township. Appeal of: The Cutler Group, Inc.",
  "name_abbreviation": "In re Appeal of the Cutler Group, Inc.",
  "decision_date": "2005-07-08",
  "docket_number": "",
  "first_page": "39",
  "last_page": "48",
  "citations": [
    {
      "type": "official",
      "cite": "880 A.2d 39"
    }
  ],
  "court": {
    "name_abbreviation": "Pa. Commw. Ct.",
    "id": 11887,
    "name": "Commonwealth Court of Pennsylvania"
  },
  "jurisdiction": {
    "id": 6,
    "name_long": "Pennsylvania",
    "name": "Pa."
  },
  "cites_to": [
    {
      "cite": "602 A.2d 861",
      "category": "reporters:state_regional",
      "reporter": "A.2d",
      "year": 1992,
      "opinion_index": 0
    },
    {
      "cite": "529 Pa. 652",
      "category": "reporters:state",
      "reporter": "Pa.",
      "year": 1992,
      "opinion_index": 0
    },
    {
      "cite": "597 A.2d 219",
      "category": "reporters:state_regional",
      "reporter": "A.2d",
      "case_ids": [
        1421208
      ],
      "year": 1991,
      "opinion_index": 0,
      "case_paths": [
        "/pa-commw/142/0249-01"
      ]
    },
    {
      "cite": "529 A.2d 582",
      "category": "reporters:state_regional",
      "reporter": "A.2d",
      "case_ids": [
        1362136
      ],
      "year": 1987,
      "opinion_index": 0,
      "case_paths": [
        "/pa-commw/108/0107-01"
      ]
    },
    {
      "cite": "590 A.2d 65",
      "category": "reporters:state_regional",
      "reporter": "A.2d",
      "case_ids": [
        1415167
      ],
      "weight": 4,
      "year": 1991,
      "opinion_index": 0,
      "case_paths": [
        "/pa-commw/139/0206-01"
      ]
    },
    {
      "cite": "569 A.2d 915",
      "category": "reporters:state_regional",
      "reporter": "A.2d",
      "case_ids": [
        1822852,
        1822788
      ],
      "year": 1990,
      "opinion_index": 0,
      "case_paths": [
        "/pa/524/0107-01",
        "/pa/524/0106-01"
      ]
    },
    {
      "cite": "524 Pa. 107",
      "category": "reporters:state",
      "reporter": "Pa.",
      "case_ids": [
        1822852
      ],
      "year": 1990,
      "opinion_index": 0,
      "case_paths": [
        "/pa/524/0107-01"
      ]
    },
    {
      "cite": "657 A.2d 494",
      "category": "reporters:state_regional",
      "reporter": "A.2d",
      "year": 1995,
      "opinion_index": 0
    },
    {
      "cite": "540 Pa. 625",
      "category": "reporters:state",
      "reporter": "Pa.",
      "year": 1995,
      "opinion_index": 0
    },
    {
      "cite": "636 A.2d 1308",
      "category": "reporters:state_regional",
      "reporter": "A.2d",
      "case_ids": [
        1456419,
        7376814
      ],
      "year": 1994,
      "opinion_index": 0,
      "case_paths": [
        "/pa-commw/161/0392-01",
        "/a2d/636/1308-01"
      ]
    },
    {
      "cite": "834 A.2d 1144",
      "category": "reporters:state_regional",
      "reporter": "A.2d",
      "year": 2003,
      "opinion_index": 0
    },
    {
      "cite": "575 Pa. 689",
      "category": "reporters:state",
      "reporter": "Pa.",
      "year": 2003,
      "opinion_index": 0
    },
    {
      "cite": "824 A.2d 372",
      "category": "reporters:state_regional",
      "reporter": "A.2d",
      "case_ids": [
        9122592
      ],
      "opinion_index": 0,
      "case_paths": [
        "/a2d/824/0372-01"
      ]
    },
    {
      "cite": "690 A.2d 1324",
      "category": "reporters:state_regional",
      "reporter": "A.2d",
      "case_ids": [
        11926750
      ],
      "weight": 2,
      "opinion_index": 0,
      "case_paths": [
        "/a2d/690/1324-01"
      ]
    }
  ],
  "analysis": {
    "cardinality": 824,
    "char_count": 21455,
    "ocr_confidence": 0.698,
    "pagerank": {
      "raw": 1.5573616149149625e-07,
      "percentile": 0.6763299713612647
    },
    "sha256": "bfd0ccb52b9af73f8117fbe9cea4a9a07d15e662e0aae46c7cdc0c69e466af0d",
    "simhash": "1:2438e422a25426e1",
    "word_count": 3423
  },
  "last_updated": "2024-02-27T21:11:02.658642+00:00",
  "provenance": {
    "date_added": "2019-08-29",
    "source": "Harvard",
    "batch": "2018"
  },
  "casebody": {
    "judges": [
      "BEFORE: FRIEDMAN, J., COHN JUBELIRER, J., and JIULIANTE, Senior Judge."
    ],
    "parties": [
      "In Re: Appeal of the CUTLER GROUP, INC. from decision of the Board of Supervisors of East Vincent Township. Appeal of: The Cutler Group, Inc."
    ],
    "opinions": [
      {
        "text": "OPINION BY\nJudge FRIEDMAN.\nThe Cutler Group, Inc. (Cutler) appeals from the July 9, 2004, order of the Chester County Court of Common Pleas (trial court), affirming the decision of the Board of Supervisors of East Vincent Township (Board), which denied Cutler\u2019s application for a conditional use to develop its property using the Open Space Design Option under Article IX of the East Vincent Township (Township) Zoning Ordinance (Ordinance). We affirm in part and reverse in part.\nCutler owns a 154.62-acre tract of land in the Township. A large portion of the tract is zoned Agricultural Preservation (AP); a smaller portion is zoned Rural Conservation (RC). Both the AP and RC zoning districts allow development by conditional use under Article IX of the Ordinance. Cutler submitted a conditional use application to the Board on December 12, 2002, proposing to build seventy-two single family detached dwellings on its land using the Open Space Design Option in Article IX of the Ordinance. (Board\u2019s Findings of Fact, Nos. 3-5, 7-8.)\nAfter conducting public hearings on the matter, the Board denied Cutler\u2019s conditional use application because: (1) the development would severely exacerbate an already dangerous traffic condition; (2) Cutler failed to demonstrate a safe on-site water supply; (3) the proposed development does not support the preservation of agricultural uses; (4) Cutler failed to establish an adequate stormwater recharge system; (5) Cutler failed to delineate all wetlands; and (6) there was inconclusive evidence of a bog turtle habitat. (Board\u2019s op. at 18-23.) Cutler appealed to the trial court, which affirmed. Cutler now appeals to this court.\nA conditional use is nothing more than a special exception which falls within the jurisdiction of the municipal legislative body rather than the zoning hearing board. Bailey v. Upper Southampton Township, 690 A.2d 1324 (Pa.Cmwlth.1997). The fact that a use is permitted as a conditional use evidences a legislative decision that the particular type of use is consistent with the zoning plan and presumptively consistent with the health, safety and welfare of the community. Northampton Area School District v. East Allen Township Board of Supervisors, 824 A.2d 372 (Pa.Cmwlth.), appeal denied, 575 Pa. 689, 834 A.2d 1144 (2003); Bailey; In re Saunders, 161 Pa.Cmwlth. 392, 636 A.2d 1308 (1994), appeal denied, 540 Pa. 625, 657 A.2d 494 (1995); Robert S. Ryan, 1 Pennsylvania Zoning Law and Practice 5.2.6 (2003) (hereinafter Ryan).\nThus, a conditional use must be granted unless the protestants present sufficient evidence to establish that there is a high degree of probability that the use will cause substantial threat to the community. Ryan, \u00a7 5.2.5, \u00a7 5.2.6. The evidence of the protestants cannot consist of mere bald assertions or personal opinions and perceptions of the effect of the use on the community. Id.; Visionquest National, Ltd. v. Board of Supervisors, 524 Pa. 107, 569 A.2d 915 (1990). Moreover, the degree of harm required to justify denial of the conditional use must be greater than that which normally flows from the proposed use. Ryan, \u00a7 5.2.6.\nI. Already Dangerous Traffic Condition\nCutler argues that the Board erred in denying its conditional use application on grounds that the development would severely exacerbate an already dangerous traffic condition. We agree.\nUnder section 1900(F)(10) of the Ordinance, the location of proposed use must be \u201csuitable with respect to probable effects upon highway traffic.\u201d However, the location cannot be deemed unsuitable simply because the proposed use would contribute to an already dangerous traffic condition which is primarily generated by other sources. Manor Healthcare Corporation v. Lower Moreland Township Zoning Hearing Board, 139 Pa.Cmwlth. 206, 590 A.2d 65 (1991); Appeal of Martin, 108 Pa.Cmwlth. 107, 529 A.2d 582 (1987).\nHere, the Board found that: (1) County Bridge No. 191, a one-lane bridge, is located less than one-half mile south of the proposed development; (2) the approach to the bridge from the proposed development includes a ninety-degree turn; (3) the bridge and its approaches constitute an existing dangerous traffic condition; (4) the proposed development would increase traffic over the bridge by 80%, adding 252 trips to the 315 trips that vehicles currently make daily over the bridge; and (5) this increase in traffic would exacerbate the already dangerous traffic condition. (Board\u2019s Findings of Fact, Nos. 57, 59, 61; Board\u2019s op. at 18-19.)\nUnder Manor Healthcare and Martin, the Board could not deny Cutler\u2019s conditional use application simply because the proposed use would contribute to the already dangerous traffic condition because the dangerous condition is caused primarily by the ninety-degree approach to the one-lane bridge. Thus, we conclude that the Board erred in denying Cutler\u2019s conditional use because of its effect on traffic at the bridge.\nII. Water Supply\nCutler next argues that the Board erred in denying its conditional use application on grounds that Cutler failed to demonstrate a safe on-site water supply, e.g., a community well. Cutler contends that the Board\u2019s rejection of its plan to use off-site public water is contrary to section 901(B) of the Ordinance. We agree.\nSection 400(C) of the Ordinance states that one purpose of the AP district provisions is to accommodate residential development \u201cat densities which will assure a healthful water supply from on-lot wells .... \u201d (Emphasis added.) Section 500(B) of the Ordinance states that one purpose of the RC district provisions is to \u201cassure a healthful water supply from on-lot wells ....\u201d (Emphasis added.) However, sections 401(C)(1), 501(C) and 901(A)(2) of the Ordinance permit, as a conditional use, development in the AP and RC zoning districts in accordance with the Open Space Design Option set forth in Article IX. Section 901(B) of the Ordinance, which is within Article IX, states:\nDevelopment under the open space design option shall be served by individual, community, or public water supply systems ... where the applicant can demonstrate, to the satisfaction of the Board of Supervisors, adequate supply for the intended residential and open space uses.\n(S.R.R. at 6b) (emphasis added).\nIn interpreting the language of zoning ordinances to determine the extent of a restriction upon the use of property, the language shall be interpreted, where doubt exists as to the intended meaning, in favor of the property owner and against any implied extension of the restriction. Section 603.1 of the Pennsylvania Municipalities Planning Code (MPC). Here, sections 400(C) and 500(B) of the Ordinance appear to totally prohibit the use of public water in the AG and RC districts. However, sections 401(C)(1), 501(C) and 901(A)(2) of the Ordinance permit development under the Open Space Design Option, which allows the use of public water. Because this creates some doubt as to the intended meaning of the Ordinance, we interpret the Ordinance in favor of Cutler and against the implicit prohibition on the use of public water in the AG and RC districts when using the Open Space Design Option.\nIn this case, the Pennsylvania American Water Company provided a letter to Cutler evidencing its willingness to provide public water service to the proposed use by the extension of existing service lines within the public rights-of-way without the need for off-site easements. (Board\u2019s Findings of Fact, No. 13.) Thus, we conclude that the Board erred in denying Cutler\u2019s application for a conditional use on grounds that Cutler failed to demonstrate an adequate water supply.\nIII. Preservation of Agricultural Uses\nCutler next argues that the Board erred in denying its conditional use application on grounds that the proposed development does not support the preservation of agricultural uses. In denying Cutler\u2019s application on these grounds, the Board relied on provisions of the MPC and provisions of the Ordinance governing the AP and RC districts. (Board\u2019s op. at 21-23.) Cutler contends that, inasmuch as the Ordinance permits the Open Space Design Option as a conditional use in the AG and RC districts, the Board may consider only whether Cutler met the criteria for a conditional use. We agree. However, in this regard, the Board did consider sections 1900(F)(3) and 1900(F)(5) of the Ordinance, which set forth criteria for a conditional use. (Board\u2019s op. at 22.)\nA. Section 1900(F)(3)\nSection 1900(F)(3) of the Ordinance states that the size, scope, extent and character of a conditional use must be consistent with the spirit, purposes and intent of the Township\u2019s Comprehensive Plan. The Board found that Cutler\u2019s proposed development was not consistent with the spirit, purposes and intent of the Comprehensive Plan because Cutler\u2019s proposed development does not support the preservation of agricultural uses. (Board\u2019s Findings of Fact, No. 24; Board\u2019s op. at 22.) However, as a matter of law, where a zoning ordinance allows a conditional use, there is legislative acceptance that the use is consistent with the zoning plan. Northampton Area School District; Saunders; Ryan, \u00a7 5.1.5.\nHere, the Township\u2019s Ordinance allows development under the Open Space Design Option as a conditional use in the AG and RC districts. The Open Space Design Option requires preservation of 65% of a property\u2019s open space, not preservation of 100% of the open space. See section 903(A) of the Ordinance. Thus, there is legislative acceptance that preservation of 65% of a property\u2019s open space in the AG and RC districts is consistent with the spirit, purposes and intent of the Township\u2019s Comprehensive Plan. Because Cutler proposes preservation of 65% of its property\u2019s open space, the Board erred in denying Cutler\u2019s application for a conditional use based on inconsistency with the Comprehensive Plan.\nB. Section 1900(F)(5)\nSection 1900(F)(5) of the Ordinance requires a determination that the proposed use will not injure the use of the surrounding properties. In this regard, the Board relied on the testimony of Protestants and found that numerous large farms in the area depend for their viability on \u201cthe contiguous and extensive nature of stretch of or cluster of large farms.\u201d (Board\u2019s Findings of Fact, No. 27; Board\u2019s op. at 22.) However, Protestants cannot establish a substantial threat from a conditional use by presenting evidence that consists of mere bald assertions or personal opinions. Visionquest; Ryan, \u00a7 5.2.5.\nHere, there is little, if any, evidence that Cutler\u2019s proposed use will adversely affect the viability of the surrounding large farms. One Protestant, representing the French and Pickering Creek Conservation Trust, testified that, \u201cif farming is to survive, farms cannot be separated from each other and isolated and surrounded by housing developments.\u201d (R.R., Vol. II, at 1006a; 8/7/03 hearing, N.T. at 88-89.) However, this protestant offered no valid explanation for his bald assertion, and we have found no other evidence explaining why the survival of large farms in the area requires that Cutler preserve its farm land for agricultural uses. Thus, we conclude that the Board erred in denying Cutler\u2019s conditional use application for failure to comply with section 1900(F)(5).\nIV. Stormwater Management\nCutler next argues that the Board erred in denying its conditional use application on grounds that Cutler failed to establish an adequate stormwater recharge system under section 905(A)(l)(b)(3)(a) of the Ordinance. Cutler asserts that, under section 905(A)(l)(b)(3)(a), Cutler was required to establish only that the three proposed stormwater retention basins are \u201cdesigned to ... promote recharge of the groundwater system.\u201d Cutler maintains that the testimony is overwhelming that the retention basins are designed to promote recharge of the groundwater system, and there is no credible evidence to the contrary. (Cutler\u2019s brief at 19-20.) We disagree.\nDeterminations as to the credibility- of witnesses and the weight to be given evidence are matters left solely to the Board in the performance of its fact-finding role. Amerikohl Mining, Inc. v. Zoning Hearing Board, 142 Pa.Cmwlth. 249, 597 A.2d 219 (1991), appeal denied, 529 Pa. 652, 602 A.2d 861 (1992).\nHere, in support of the recharge capabilities of the three proposed stormwater retention basins, Cutler presented a \u201cConceptual Stormwater Recharge Evaluation\u201d by Horizon Engineering Associates, LLC (Horizon). The evaluation contains results of soil testing done by DelVal Soil & Environmental Consultants, Inc. Based on the results, which show the hydraulic conductivity rates of the soil in the areas of the three proposed stormwater recharge basins, Horizon concluded that the basins can be designed in a manner that promotes meaningful groundwater recharge. (See R.R., Vol. Ill, at 1343a-45a; ex. A-27.)\nIn rejecting Horizon\u2019s conclusion, the Board relied on the testimony of Wesley R. Horner, an expert in environmental planning. (Board\u2019s Findings of Fact, Nos. 19-20.) Horner reviewed the \u201cConceptual Stormwater Recharge Evaluation\u201d and testified as follows:\nA couple of the testing results show what we would consider to be reasonable permeability for some sort of an infiltration system or recharge system.... [However,] [t]here were two sampling tests done- \u2014 4 and 5, I believe. 4 was inadequate at less than a quarter of an inch an hour, I believe, and a few feet away, there was [sic] 75 inches per hour. It was bizarre. It makes absolutely no sense. Obviously, that\u2019s not a natural condition. There\u2019s a problem with that test and 75 inches per hour is simply absurd.\n(R.R., Vol. II, at 887a; 7/9/03 hearing, N.T. at 88.) Horner opined that, in his expert opinion, it will be difficult for Cutler to achieve the Township\u2019s stormwater requirements by means of the three proposed stormwater retention basins. (R.R., Vol. II, at 876a; 7/9/03 hearing, N.T. at 75.)\nBecause determinations as to the credibility of witnesses and the weight to be given evidence are the sole province of the Board, we conclude that the Board did not err in denying Cutler\u2019s conditional use application on grounds that Cutler failed to establish that the three proposed stormwa-ter retention basins are designed to promote recharge of the groundwater system.\nV. Wetlands Delineation\nCutler next argues that the Board erred in denying its conditional use application on grounds that Cutler failed to delineate all wetlands. Cutler contends that it presented conclusive evidence of the location of wetlands on its property in the form of a United States Army Corps of Engineers\u2019 jurisdictional determination confirming the accuracy of the wetlands delineation on Cutler\u2019s development plan. We disagree.\nCutler submitted the U.S. Army Corps of Engineers\u2019 jurisdictional determination as to the wetlands on Cutler\u2019s property. (Board\u2019s Findings of Fact, No. 44.) Nevertheless, the Board found that Cutler failed to delineate all wetlands because the Township\u2019s expert testified that he observed additional wetlands on the property. (Board\u2019s Findings of Fact, Nos. 42, 46.) In this regard, the Township\u2019s expert explained that the jurisdiction of the U.S. Army Corps of Engineers is limited to wetlands that are adjacent to U.S. waters, and some of the wetlands he observed were isolated wetlands, i.e., those not adjacent to U.S. waters. (R.R., Vol. I, at 519a; 5/14/03 hearing, N.T. at 139.) In light of such testimony, we conclude that the Board did not err in denying Cutler\u2019s conditional use application for failure to delineate all wetlands.\nVI. Bog Turtle Habitat\nFinally, Cutler argues that the Board erred in denying its conditional use application based on inconclusive evidence of a bog turtle habitat. However, it does not appear to us from the Board\u2019s decision that the Board denied Cutler\u2019s conditional use application on this basis. The Board states only that it cannot reach a definite conclusion as to the existence of bog turtle habitats on Cutler\u2019s property. (See Board\u2019s Findings of Fact, No. 54; Board\u2019s op. at 23.)\nNevertheless, the Township and Protestants argue in their briefs that Cutler failed to comply with section 1900(E)(4) of the Ordinance. Section 1900(E)(4) requires that a conditional use applicant prove that the proposed use will comply with applicable federal regulations, and the Township and Protestants contend that federal regulations protecting the bog turtle as an endangered species are applicable in this case. However, we reiterate that the Board was unable to conclude from the evidence that there was a bog turtle habitat on Cutler\u2019s property. Absent evidence establishing the existence of a bog turtle habitat on Cutler\u2019s property, federal regulations protecting bog turtles are not applicable. Thus, to the extent that the Board may have denied Cutler\u2019s conditional use application based on inconclusive evidence of a bog turtle habitat, we hold that the Board erred in doing so.\nAccordingly, we reverse to the extent that the order denies Cutler\u2019s conditional use application on grounds that the proposed use: (1) would severely exacerbate an already dangerous traffic condition; (2) does not have a safe on-site water supply; (3) does not support the preservation of agricultural uses; and (4) does not comply with applicable federal regulations protecting bog turtle habitats. In all other respects, we affirm.\nORDER\nAND NOW, this 8th day of July, 2005, the July 9, 2004, order of the Chester County Court of Common Pleas is hereby reversed to the extent that it denies the conditional use application of The Cutler Group, Inc. on grounds that the proposed use: would severely exacerbate an already dangerous traffic condition; does not have a safe on-site water supply; does not support the preservation of agricultural uses; and does not comply with applicable federal regulations protecting bog turtle habitats. The order is affirmed in all other respects.\n. Our scope of review where the trial court takes no additional evidence is limited to determining whether the Board committed a manifest abuse of discretion or an error of law. Bailey v. Upper Southampton Township, 690 A.2d 1324 (Pa.Cmwlth.1997).\n. Initially, the applicant for a conditional use has the duty to present evidence and the burden of persuading the governing body that the proposed use satisfies the objective requirements of the ordinance. Manor Healthcare Corporation v. Lower Moreland Township Zoning Hearing Board, 139 Pa.Cmwlth. 206, 590 A.2d 65 (1991). Once the applicant meets these burdens, the burden normally shifts to the protestants to present evidence and to persuade the governing body that the proposed use will have a generally detrimental effect on health, safety and welfare or will conflict with the expressions of general policy contained in the ordinance. Id. With respect to the detrimental effect of a use on health, safety and welfare, an ordinance may place the burden of persuasion on the applicant; however, an ordinance may not place the burden of production on the applicant. Id.\n. We also note that a conditional use may not be denied for traffic reasons unless: (1) there is a high probability that the proposed use will generate traffic at the location that is not normally generated by the type of use; and (2) the abnormal traffic increase threatens safety. Bailey. However, this rule does not apply here because the abnormal traffic condition at the bridge already threatens safety.\n. Act of July 31, 1968, P.L. 805, added by the Act of December 21, 1988, P.L. 1329, as amended, 53 P.S. \u00a7 10603.1.\n. In their briefs, the Township and Protestants refer this court to various pages of the reproduced record for evidence that Culter\u2019s proposed use will adversely affect the viability of the surrounding large farms. (Township\u2019s brief at 20; Protestants\u2019 brief at 23.) However, we have examined those pages and have found testimony that amounts to conjecture but no evidence to support the Board\u2019s finding.\n. The Township\u2019s expert testified that the Pennsylvania Department of Environmental Protection regulates all wetlands, whether or not they are adjacent to U.S. waters. (R.R., Vol. I, at 519a; 5/14/03 hearing, N.T. at 139.)\n. If the Board had found that there is a bog turtle habitat on Cutler\u2019s property, then it would have been necessary for Cutler to prove its compliance with federal regulations protecting the bog turtle.\n.We note that the Township and Protestants raise other issues in their briefs that might support the denial of Cutler\u2019s conditional use application. However, because the Board did not address any of those issues in denying Cutler\u2019s application, we decline to address them. See section 913.2(b)(1) of the MPC, added by the Act of December 21, 1988, P.L. 1329, as amended, 53 P.S. \u00a7 10913.2(b)(1) (stating that a governing body\u2019s decision denying a conditional use must contain the reasons for the denial).",
        "type": "majority",
        "author": "Judge FRIEDMAN."
      }
    ],
    "attorneys": [
      "Richard P. McBride, Horsham, for appellant.",
      "William J. Brennan, King of Prussia, for appellee, East Vincent Township.",
      "Robert J. Sugarman, Philadelphia, for appellee, Elaine Milito."
    ],
    "corrections": "",
    "head_matter": "In Re: Appeal of the CUTLER GROUP, INC. from decision of the Board of Supervisors of East Vincent Township. Appeal of: The Cutler Group, Inc.\nCommonwealth Court of Pennsylvania.\nArgued March 1, 2005.\nDecided July 8, 2005.\nReargument Denied Aug. 31, 2005.\nRichard P. McBride, Horsham, for appellant.\nWilliam J. Brennan, King of Prussia, for appellee, East Vincent Township.\nRobert J. Sugarman, Philadelphia, for appellee, Elaine Milito.\nBEFORE: FRIEDMAN, J., COHN JUBELIRER, J., and JIULIANTE, Senior Judge."
  },
  "file_name": "0039-01",
  "first_page_order": 81,
  "last_page_order": 90
}
