{
  "id": 8941973,
  "name": "In the Matter of Diannajean SMITH. Petition for Reinstatement from Inactive Status",
  "name_abbreviation": "In re Smith",
  "decision_date": "2005-05-27",
  "docket_number": "No. 176 DB 2004",
  "first_page": "1204",
  "last_page": "1204",
  "citations": [
    {
      "type": "official",
      "cite": "880 A.2d 1204"
    }
  ],
  "court": {
    "name_abbreviation": "Pa.",
    "id": 8832,
    "name": "Supreme Court of Pennsylvania"
  },
  "jurisdiction": {
    "id": 6,
    "name_long": "Pennsylvania",
    "name": "Pa."
  },
  "cites_to": [],
  "analysis": {
    "cardinality": 79,
    "char_count": 787,
    "ocr_confidence": 0.655,
    "sha256": "d3be8a6442607a7866ac2f031f4a4a4d9a27bf2cfec12395f4b20e095ea740bc",
    "simhash": "1:d0b8c1fd9683d6bc",
    "word_count": 129
  },
  "last_updated": "2023-07-14T19:39:09.542950+00:00",
  "provenance": {
    "date_added": "2019-08-29",
    "source": "Harvard",
    "batch": "2018"
  },
  "casebody": {
    "judges": [],
    "parties": [
      "In the Matter of Diannajean SMITH. Petition for Reinstatement from Inactive Status."
    ],
    "opinions": [
      {
        "text": "ORDER\nPER CURIAM.\nAND NOW, this 27th day of May, 2005, the Report and Recommendations of the Disciplinary Board dated March 31, 2005, are approved and IT IS ORDERED that DIANNAJEAN SMITH, who has been on inactive status, has never been suspended or disbarred, and has demonstrated that she has the moral qualifications, competency and learning in law required for admission to practice in the Commonwealth, shall be and is hereby reinstated to active status as a member of the Bar of this Commonwealth. The expenses incurred by the Board in the investigation and processing of the Petition for Reinstatement shall be paid by the Petitioner.",
        "type": "majority",
        "author": "PER CURIAM."
      }
    ],
    "attorneys": [],
    "corrections": "",
    "head_matter": "In the Matter of Diannajean SMITH. Petition for Reinstatement from Inactive Status.\nNo. 176 DB 2004.\nSupreme Court of Pennsylvania.\nMay 27, 2005."
  },
  "file_name": "1204-01",
  "first_page_order": 1240,
  "last_page_order": 1240
}
