{
  "id": 7331492,
  "name": "Russell YATES v. A.T. WALL et al.; State v. Russell Yates",
  "name_abbreviation": "Yates v. Wall",
  "decision_date": "2009-05-07",
  "docket_number": "Nos. 2004-284-Appeal, 2004-289-M.P. and 2005-19-C.A.",
  "first_page": "36",
  "last_page": "38",
  "citations": [
    {
      "type": "official",
      "cite": "970 A.2d 36"
    }
  ],
  "court": {
    "name_abbreviation": "R.I.",
    "id": 10179,
    "name": "Supreme Court of Rhode Island"
  },
  "jurisdiction": {
    "id": 15,
    "name_long": "Rhode Island",
    "name": "R.I."
  },
  "cites_to": [
    {
      "cite": "941 A.2d 842",
      "category": "reporters:state_regional",
      "reporter": "A.2d",
      "case_ids": [
        8397824
      ],
      "opinion_index": 0,
      "case_paths": [
        "/a2d/941/0842-01"
      ]
    },
    {
      "cite": "935 A.2d 618",
      "category": "reporters:state_regional",
      "reporter": "A.2d",
      "case_ids": [
        8363545
      ],
      "pin_cites": [
        {
          "page": "623"
        }
      ],
      "opinion_index": 0,
      "case_paths": [
        "/a2d/935/0618-01"
      ]
    }
  ],
  "analysis": {
    "cardinality": 386,
    "char_count": 6691,
    "ocr_confidence": 0.714,
    "pagerank": {
      "raw": 4.03580807328026e-08,
      "percentile": 0.18897819911508354
    },
    "sha256": "45e1c13a4d8e1c3891729e93a51431cfa5001b2d91e029f2b2b88d51457ae5c6",
    "simhash": "1:558c828390f976a3",
    "word_count": 1051
  },
  "last_updated": "2024-02-27T22:50:27.103752+00:00",
  "provenance": {
    "date_added": "2019-08-29",
    "source": "Harvard",
    "batch": "2018"
  },
  "casebody": {
    "judges": [],
    "parties": [
      "Russell YATES v. A.T. WALL et al. State v. Russell Yates."
    ],
    "opinions": [
      {
        "text": "ORDER\nThe defendant, Russell Yates, appeals from (1) a judgment of conviction declaring him to have violated the terms and conditions of probation, and (2) the denial of his application for postconviction relief. On appeal, the defendant challenges the constitutional authority of the Superior Court magistrate to preside at such proceedings. He further contends that the magistrate improperly refused to recuse himself because of his bias against the defendant, and that the magistrate erred in denying the defendant\u2019s motion for default judgment with respect to his application for postconviction relief.\nThe defendant pleaded nolo contendere on December 21, 1989 to various offenses and was sentenced to twenty-five years at the Adult Correctional Institutions (ACI), with twelve years to serve and the balance suspended, with probation. On March 14, 2000, defendant was presented as a violator in connection with a misdemeanor larceny offense allegedly committed on March 11, 2000. On May 31, 2000, defendant admitted to violating the terms of his probation, and the violation hearing justice removed four months of his suspended sentence, giving defendant credit for time that he had been held in custody on the underlying charge. The defendant was represented by counsel at these proceedings.\nOn October 29, 2002, the state filed another violation report against defendant under Rule 32(f) of the Superior Court Rules of Criminal Procedure, based upon a police report indicating that on October 28, 2002 he had been charged with first-degree robbery and two counts of assault with a device similar to a firearm. On July 30, 2003, before the probation violation was adjudicated, defendant filed a pro se application for postconviction relief, alleging inter alia that the violation report filed by the state incorrectly referred to defendant\u2019s original sentence as twenty-five years with twelve years, four months to serve and twelve years, eight months suspended, rather than twelve years to serve and thirteen years suspended. From this, he apparently deduced that the sentence imposed on May 31, 2000 had altered the original sentence and was, therefore, an illegal sentence. He sought to have the \u201cremaining 12 years and 8 months vacated.\u201d\nOn September 29, 2003, defendant filed a motion for default judgment against the state for its failure to answer his application for postconviction relief. Eventually all pending matters were assigned to a magistrate acting on the authority conferred upon him by the Chief Justice under G.L. 1956 \u00a7 8-15-3.1. After several hearings, the magistrate denied both defendant\u2019s application for postconviction relief and motion for default judgment. The magistrate then proceeded to address the probation-violation hearing. On October 5, 2004, the magistrate found defendant to have violated his probation and ordered him to serve twelve years and eight months at the ACI. On November 7, 2007, defendant entered a guilty plea to an amended charge of second-degree robbery and was sentenced to twenty years, with thirteen years to serve retroactive to October 28, 2002.\nThe primary focus of defendant\u2019s arguments on appeal is the authority of the magistrate to preside at both the postcon-viction-relief and probation-violation hearings. His contentions with respect to the probation-violation hearing, however, are unquestionably moot. The defendant\u2019s subsequent plea of guilty to the underlying charge of second-degree robbery has removed any \u201ccontroversy about whether defendant committed the criminal conduct that gave rise to the probation violation.\u201d State v. Seamans, 935 A.2d 618, 623 (R.I.2007); see State v. Goncalves, 941 A.2d 842, 844 n. 1 (R.I.2008) (nolo contendere plea subsequent to probation hearing precluded the defendant from challenging those charges on appeal). If defendant were granted a new probation-violation hearing, there would be nothing for a hearing justice to decide because defendant\u2019s failure to keep the peace and be of good behavior was established conclusively when he pleaded guilty. Accordingly, we are satisfied that defendant\u2019s guilty plea to an offense emanating from the same conduct that provided the basis of the Rule 32(f) violation report renders moot his appeal from the judgment declaring him to be a probation violator. His appeal from said judgment, therefore, is denied and dismissed.\nWith respect to the defendant\u2019s application for postconviction relief, the record indicates that the magistrate denied both the application and the defendant\u2019s motion for default judgment in a bench decision issued on September 17, 2004, and that the defendant filed a notice of appeal on September 21, 2004. The record is devoid, however, of any judgment or order embodying the magistrate\u2019s decision. Thus, the defendant\u2019s appeal is not properly before us. See G.L. 1956 \u00a7 10-9.1-9 (\u201cA final judgment entered in a proceeding [for postconviction relief] shall be appealable to the supreme court in the same manner and subject to the same requirements as a final judgment in a civil action.\u201d). We remand the case, therefore, to the Superior Court for the sole purpose of entering an appropriate judgment, after which the papers shall be returned to the Supreme Court.\nAccordingly, the defendant\u2019s appeal from the judgment declaring him to have violated the terms and conditions of his probation is denied and dismissed. The record of the case shall be remanded to the Superior Court for further proceedings consistent with this order.\n. The charges included racketeering, violating state narcotics laws, carrying a pistol without a license, and altering markings on a firearm.\n. At the time, G.L. 1956 \u00a7 8-15-3.1 provided:\n\u201cThe Chief justice of the supreme court has the power to assign any magistrate of the superior court, family court, and/or district court to any court of the unified judicial system with the consent of the presiding justice and/or chief judge of the relevant courts in the same manner as a judge may be assigned pursuant to chapter 15 of this title. When a magistrate is so assigned, he or she shall be vested, authorized, and empowered with all the powers belonging to the justices and/or magistrates of the court to which he or she is specially assigned.\u201d\nSection 8-15-3.1 has since been amended to eliminate the Chief Justice\u2019s authority to vest a magistrate with the authority of a justice. See P.L. 2007, ch. 73, art. 3, \u00a7 10.",
        "type": "majority",
        "author": null
      }
    ],
    "attorneys": [
      "Aaron L. Weisman, Department of the Attorney General.",
      "Marie T. Roebuck, Office of the Public Defender."
    ],
    "corrections": "",
    "head_matter": "Russell YATES v. A.T. WALL et al. State v. Russell Yates.\nNos. 2004-284-Appeal, 2004-289-M.P. and 2005-19-C.A.\nSupreme Court of Rhode Island.\nMay 7, 2009.\nAaron L. Weisman, Department of the Attorney General.\nMarie T. Roebuck, Office of the Public Defender."
  },
  "file_name": "0036-01",
  "first_page_order": 82,
  "last_page_order": 84
}
