{
  "id": 11790675,
  "name": "DIAMOND ENTERPRISES, INC., d/b/a FACTORY SERVICE CENTER, Appellant, v. JEFFREY LAU and SOPHIE LAU d/b/a EL CID HOTEL a/k/a HOTEL FORTUNE; PAUL R. GOODMAN and KATHERYN ALLENE GOODMAN, Each Individually, Respondents",
  "name_abbreviation": "Diamond Enterprises, Inc. v. Lau",
  "decision_date": "1997-12-30",
  "docket_number": "No. 28095",
  "first_page": "1376",
  "last_page": "1380",
  "citations": [
    {
      "type": "official",
      "cite": "113 Nev. 1376"
    },
    {
      "type": "parallel",
      "cite": "951 P.2d 73"
    }
  ],
  "court": {
    "name_abbreviation": "Nev.",
    "id": 9783,
    "name": "Supreme Court of Nevada"
  },
  "jurisdiction": {
    "id": 48,
    "name_long": "Nevada",
    "name": "Nev."
  },
  "cites_to": [
    {
      "cite": "514 U.S. 1127",
      "category": "reporters:federal",
      "reporter": "U.S.",
      "case_ids": [
        1339360,
        1338912,
        1339927,
        1339434,
        1339371,
        1338666,
        1339725,
        1338798,
        1340534,
        1340503,
        1339129,
        1340219,
        1338972,
        1338686
      ],
      "year": 1994,
      "opinion_index": 0,
      "case_paths": [
        "/us/514/1127-14",
        "/us/514/1127-10",
        "/us/514/1127-08",
        "/us/514/1127-07",
        "/us/514/1127-02",
        "/us/514/1127-06",
        "/us/514/1127-01",
        "/us/514/1127-03",
        "/us/514/1127-05",
        "/us/514/1127-04",
        "/us/514/1127-13",
        "/us/514/1127-11",
        "/us/514/1127-12",
        "/us/514/1127-09"
      ]
    },
    {
      "cite": "110 Nev. 984",
      "category": "reporters:state",
      "reporter": "Nev.",
      "case_ids": [
        8557462
      ],
      "weight": 2,
      "year": 1994,
      "pin_cites": [
        {
          "page": "987"
        },
        {
          "page": "71"
        }
      ],
      "opinion_index": 0,
      "case_paths": [
        "/nev/110-2/0984-01"
      ]
    },
    {
      "cite": "466 U.S. 959",
      "category": "reporters:federal",
      "reporter": "U.S.",
      "case_ids": [
        6340064,
        6340641,
        6338728,
        6341035,
        6339533,
        6340463,
        6339317,
        6340853,
        6340251,
        6339677,
        6341278,
        6339871
      ],
      "year": 1984,
      "opinion_index": 0,
      "case_paths": [
        "/us/466/0959-06",
        "/us/466/0959-09",
        "/us/466/0959-01",
        "/us/466/0959-11",
        "/us/466/0959-03",
        "/us/466/0959-08",
        "/us/466/0959-02",
        "/us/466/0959-10",
        "/us/466/0959-07",
        "/us/466/0959-04",
        "/us/466/0959-12",
        "/us/466/0959-05"
      ]
    },
    {
      "cite": "99 Nev. 644",
      "category": "reporters:state",
      "reporter": "Nev.",
      "case_ids": [
        4850187
      ],
      "weight": 2,
      "year": 1983,
      "opinion_index": 0,
      "case_paths": [
        "/nev/99/0644-01"
      ]
    },
    {
      "cite": "110 Nev. 1201",
      "category": "reporters:state",
      "reporter": "Nev.",
      "case_ids": [
        8558025
      ],
      "weight": 2,
      "year": 1994,
      "pin_cites": [
        {
          "page": "1204"
        },
        {
          "page": "542"
        }
      ],
      "opinion_index": 0,
      "case_paths": [
        "/nev/110-2/1201-01"
      ]
    }
  ],
  "analysis": {
    "cardinality": 430,
    "char_count": 7682,
    "ocr_confidence": 0.926,
    "pagerank": {
      "raw": 8.873601766964432e-08,
      "percentile": 0.499162692496744
    },
    "sha256": "2f44646849d69ae9afc5d10354105e45779b108d78a118a773b35e6136804cca",
    "simhash": "1:9fdac3a31a8227e1",
    "word_count": 1287
  },
  "last_updated": "2024-02-27T20:24:24.780579+00:00",
  "provenance": {
    "date_added": "2019-08-29",
    "source": "Harvard",
    "batch": "2018"
  },
  "casebody": {
    "judges": [],
    "parties": [
      "DIAMOND ENTERPRISES, INC., d/b/a FACTORY SERVICE CENTER, Appellant, v. JEFFREY LAU and SOPHIE LAU d/b/a EL CID HOTEL a/k/a HOTEL FORTUNE; PAUL R. GOODMAN and KATHERYN ALLENE GOODMAN, Each Individually, Respondents."
    ],
    "opinions": [
      {
        "text": "OPINION\nPer Curiam:\nOn August 1, 1991, Factory Service Center (\u201cFSC\u201d) entered into a five-year maintenance contract with respondents Jeffrey Lau and Sophie Lau d/b/a El Cid Hotel a/k/a Hotel Fortune; Paul R. Goodman and Katheryn Aliene Goodman, each individually (\u201cthe El Cid Group\u201d). According to the contract, FSC was to provide maintenance to primary and secondary air conditioning systems in the El Cid Hotel, which is owned by the El Cid Group.\nOn April 9, 1992, FSC and the El Cid Group entered into a second contract that provided for the installation of a secondary air conditioner compressor into the El Cid Hotel. The price of the contract was $13,500.00, with $6,500.00 to be paid at the execution of the contract and the balance paid in equal payments over four months beginning thirty days after installation of the compressor. The president of FSC executed the installation contract on behalf of FSC. Sophie Lau (\u201cLau\u201d) executed the contract for the El Cid Group.\nOn May 22, 1992, FSC completed installation of the secondary air conditioner compressor. However, on May 27, 1992, the unit stopped working.\nThe El Cid Group contacted FSC to repair the air conditioning unit on several occasions up to June 8, 1992. On June 9, 1992, FSC wrote the El Cid Group and stated that the compressor failure was due to the El Cid Group\u2019s failure to maintain the hotel water tower used by the compressor. On June 25, 1992, FSC wrote again demanding the El Cid Group repair the water tower and pay the full amount of the April 1992 contract. On June 26, 1992, Lau wrote FSC stating the hotel was losing revenue and that she demanded a refund of the $6,500.00 already paid or a new air conditioner compressor.\nSubsequently, the El Cid Group hired a contract repair person, who discovered the unit\u2019s failure was due to a defective part. On July 7, 1992, the repair person fixed the air conditioning unit.\nIn the meantime, on July 1, 1992, appellant Diamond Enterprises, Inc., d/b/a Factory Service Center (\u201cDiamond\u201d) purchased FSC. Pursuant to the purchase, FSC assigned substantially all of its assets to Diamond. The purchase included accounts receivable that FSC had on its books. One of the accounts receivable was the April 1992 contract between FSC and the El Cid Group. Subsequent to the purchase, Diamond took over the existing operations of FSC, used the same building, and served the same clients. Diamond operated FSC\u2019s operations under the FSC name until early 1993.\nOn November 16, 1992, Diamond filed a complaint against the El Cid Group for $8,670.00 (the amount due on the April 1992 contract plus interest). On December 16, 1992, the El Cid Group counterclaimed against Diamond for breach of contract, asking for lost revenue as a result of the breach.\nOn September 21, 1995, a bench trial was conducted. On October 11, 1995, the district court entered judgment in favor of Diamond for $15,721.48, and in favor of the El Cid Group for $36,690.92, thus giving the El Cid Group a net award of $20,969.44, plus interest, costs, and attorney\u2019s fees.\nOn November 20, 1995, Diamond filed its notice of appeal from the final judgment.\nDISCUSSION\nA \u201cdistrict court\u2019s findings will not be disturbed on appeal unless they are clearly erroneous and are not based on substantial evidence.\u201d Gibellini v. Klindt, 110 Nev. 1201, 1204, 885 P.2d 540, 542 (1994).\nDiamond raises the issue of contract successor liability. The district court found Diamond to be liable on the contract with the El Cid Group. After a thorough review of the record, we conclude the district court did not err in its decision and, therefore, we decline to address this issue.\nDiamond also argues that the computation of the lost profits did not reflect expenses saved by the hotel due to the decreased need for electricity, personnel, etc. However, Diamond never made this argument to the district court before judgment was rendered. Diamond did make this argument in a motion for reconsideration after the final judgment was entered; however, Diamond\u2019s appeal is from the final judgment. It is well established that arguments raised for the first time on appeal need not be considered by this court. Montesano v. Donrey Media Group, 99 Nev. 644, 650 n.5, 668 P.2d 1081, 1085 n.5 (1983), cert. denied, 466 U.S. 959 (1984). Diamond should have made this argument below in response to the El Cid Group\u2019s counterclaim if it was to be preserved for appeal. Therefore, we conclude that Diamond waived this issue on appeal.\nLast, Diamond argues that the district court erred in computing the award of $20,969.44 ($36,690.92 in lost revenue less money due on the service contract and interest of $15,721.48) to the El Cid Group.\nWe have held that the district court is given wide discretion in calculating an award of damages, and this award will not be disturbed on appeal absent an abuse of discretion. Flamingo Realty v. Midwest Development, 110 Nev. 984, 987, 879 P.2d 69, 71, cert. denied, 514 U.S. 1127 (1994).\nThe district court awarded damages to the El Cid Group for lost profits during the period of April 10 to July 2, 1992. To compute the damages resulting from the breach, the district court may have used an average profit for the same months of the previous three years. Ultimately, the district court found that resulting damages were $310.94 per day for the period from April 10, 1992, to July 7, 1992, excluding the days the air conditioner was actually working. Without indicating how many days the air conditioning system was not working, the district court determined the amount of lost revenue was $36,690.92. This is divisible by $310.94 for a quotient of exactly 118 and, therefore, would be appropriate for 118 days of lost revenue. However, there are only 89 days from April 10 to July 7, inclusive. Thus, even if the evidence supported the air conditioning was not working the entire period stated, the lost revenue would only be 89 multiplied by $310.94, or $27,673.66. This is $9,017.26 less than the district court\u2019s computation of lost revenue. Assuming the district court\u2019s calculations are correct, there is nothing in the findings of fact to support the award of the extra $9,017.26, and, therefore, the district court abused its discretion.\nAn additional problem arises if we assume the district court merely made a mathematical error, and that the correct figure should have been for the entire 89 days multiplied by $310.94, or $27,673.66. The findings of fact indicate that the damages to the El Cid Group covered the 89-day period between April 10 to July 7, 1992, excluding days the air conditioning was actually working. Indeed, the record shows that there was a period of time in June 1992 when the air conditioning was operational, thus reducing the number of days that the El Cid Group was damaged. Thus, the district court abused its discretion by not making findings as to which days the El Cid Group was actually damaged by the inoperable air conditioner. Therefore, we conclude the district court abused its discretion in the findings of fact and calculations supporting the award of damages to the El Cid Group.\nCONCLUSION\nBased on the reasoning discussed above, we reverse the district court\u2019s judgment and remand with instructions to recalculate damages and for factual findings in support of the recalculations.",
        "type": "majority",
        "author": "Per Curiam:"
      }
    ],
    "attorneys": [
      "John Taylor Jensen, Chtd., Las Vegas, for Appellant.",
      "John D. Lee, Las Vegas, for Respondents."
    ],
    "corrections": "",
    "head_matter": "DIAMOND ENTERPRISES, INC., d/b/a FACTORY SERVICE CENTER, Appellant, v. JEFFREY LAU and SOPHIE LAU d/b/a EL CID HOTEL a/k/a HOTEL FORTUNE; PAUL R. GOODMAN and KATHERYN ALLENE GOODMAN, Each Individually, Respondents.\nNo. 28095\nDecember 30, 1997\n951 P.2d 73\nJohn Taylor Jensen, Chtd., Las Vegas, for Appellant.\nJohn D. Lee, Las Vegas, for Respondents."
  },
  "file_name": "1376-01",
  "first_page_order": 556,
  "last_page_order": 560
}
