{
  "id": 7297686,
  "name": "COMMONWEALTH of Pennsylvania, Appellee v. Jeffrey WILLIAMS, Appellant",
  "name_abbreviation": "Commonwealth v. Williams",
  "decision_date": "2009-07-02",
  "docket_number": "",
  "first_page": "1174",
  "last_page": "1177",
  "citations": [
    {
      "type": "official",
      "cite": "977 A.2d 1174"
    }
  ],
  "court": {
    "name_abbreviation": "Pa. Super. Ct.",
    "id": 8775,
    "name": "Superior Court of Pennsylvania"
  },
  "jurisdiction": {
    "id": 6,
    "name_long": "Pennsylvania",
    "name": "Pa."
  },
  "cites_to": [
    {
      "cite": "905 A.2d 983",
      "category": "reporters:state_regional",
      "reporter": "A.2d",
      "case_ids": [
        8472097
      ],
      "pin_cites": [
        {
          "page": "988"
        }
      ],
      "opinion_index": 0,
      "case_paths": [
        "/a2d/905/0983-01"
      ]
    },
    {
      "cite": "838 A.2d 710",
      "category": "reporters:state_regional",
      "reporter": "A.2d",
      "case_ids": [
        9299392,
        16703
      ],
      "year": 2003,
      "pin_cites": [
        {
          "page": "711"
        }
      ],
      "opinion_index": 0,
      "case_paths": [
        "/a2d/838/0710-01",
        "/pa/576/0101-01"
      ]
    },
    {
      "cite": "576 Pa. 101",
      "category": "reporters:state",
      "reporter": "Pa.",
      "case_ids": [
        16703
      ],
      "year": 2003,
      "pin_cites": [
        {
          "page": "103-04"
        }
      ],
      "opinion_index": 0,
      "case_paths": [
        "/pa/576/0101-01"
      ]
    },
    {
      "cite": "876 A.2d 988",
      "category": "reporters:state_regional",
      "reporter": "A.2d",
      "case_ids": [
        8968518
      ],
      "weight": 3,
      "pin_cites": [
        {
          "page": "992"
        },
        {
          "page": "994"
        },
        {
          "page": "992"
        }
      ],
      "opinion_index": 0,
      "case_paths": [
        "/a2d/876/0988-01"
      ]
    },
    {
      "cite": "850 A.2d 743",
      "category": "reporters:state_regional",
      "reporter": "A.2d",
      "case_ids": [
        9229830
      ],
      "opinion_index": 0,
      "case_paths": [
        "/a2d/850/0743-01"
      ]
    },
    {
      "cite": "853 A.2d 1068",
      "category": "reporters:state_regional",
      "reporter": "A.2d",
      "case_ids": [
        9379432
      ],
      "pin_cites": [
        {
          "page": "1070"
        }
      ],
      "opinion_index": 0,
      "case_paths": [
        "/a2d/853/1068-01"
      ]
    },
    {
      "cite": "832 A.2d 962",
      "category": "reporters:state_regional",
      "reporter": "A.2d",
      "case_ids": [
        9088607
      ],
      "year": 2003,
      "opinion_index": 0,
      "case_paths": [
        "/a2d/832/0962-01"
      ]
    },
    {
      "cite": "574 Pa. 487",
      "category": "reporters:state",
      "reporter": "Pa.",
      "case_ids": [
        588032
      ],
      "year": 2003,
      "opinion_index": 0,
      "case_paths": [
        "/pa/574/0487-01"
      ]
    },
    {
      "cite": "703 A.2d 714",
      "category": "reporters:state_regional",
      "reporter": "A.2d",
      "case_ids": [
        11885366
      ],
      "weight": 2,
      "pin_cites": [
        {
          "page": "716",
          "parenthetical": "citations omitted"
        }
      ],
      "opinion_index": 0,
      "case_paths": [
        "/a2d/703/0714-01"
      ]
    },
    {
      "cite": "832 A.2d 1141",
      "category": "reporters:state_regional",
      "reporter": "A.2d",
      "case_ids": [
        9089222
      ],
      "pin_cites": [
        {
          "page": "1143"
        }
      ],
      "opinion_index": 0,
      "case_paths": [
        "/a2d/832/1141-01"
      ]
    },
    {
      "cite": "699 A.2d 718",
      "category": "reporters:state_regional",
      "reporter": "A.2d",
      "case_ids": [
        11909445,
        960457,
        11909386,
        11909357,
        960471,
        960475
      ],
      "year": 1997,
      "pin_cites": [
        {
          "page": "720"
        }
      ],
      "opinion_index": 0,
      "case_paths": [
        "/a2d/699/0718-03",
        "/pa/548/0543-01",
        "/a2d/699/0718-02",
        "/a2d/699/0718-01",
        "/pa/548/0544-01",
        "/pa/548/0544-02"
      ]
    },
    {
      "cite": "548 Pa. 544",
      "category": "reporters:state",
      "reporter": "Pa.",
      "case_ids": [
        960475,
        960471
      ],
      "year": 1997,
      "pin_cites": [
        {
          "page": "548"
        }
      ],
      "opinion_index": 0,
      "case_paths": [
        "/pa/548/0544-02",
        "/pa/548/0544-01"
      ]
    },
    {
      "cite": "911 A.2d 939",
      "category": "reporters:state_regional",
      "reporter": "A.2d",
      "case_ids": [
        8404140
      ],
      "weight": 2,
      "opinion_index": 0,
      "case_paths": [
        "/a2d/911/0939-01"
      ]
    },
    {
      "cite": "626 A.2d 651",
      "category": "reporters:state_regional",
      "reporter": "A.2d",
      "opinion_index": 0
    }
  ],
  "analysis": {
    "cardinality": 416,
    "char_count": 7415,
    "ocr_confidence": 0.715,
    "pagerank": {
      "raw": 1.3440557708158224e-07,
      "percentile": 0.6318729393103614
    },
    "sha256": "c535d4216f2c76c12effef9e4a3f862befe7e6c19dde7f3a9a07720d61260481",
    "simhash": "1:1811239eb3d5c99c",
    "word_count": 1167
  },
  "last_updated": "2024-02-27T17:30:07.409299+00:00",
  "provenance": {
    "date_added": "2019-08-29",
    "source": "Harvard",
    "batch": "2018"
  },
  "casebody": {
    "judges": [
      "BEFORE: STEVENS, DONOHUE, and FITZGERALD, JJ."
    ],
    "parties": [
      "COMMONWEALTH of Pennsylvania, Appellee v. Jeffrey WILLIAMS, Appellant."
    ],
    "opinions": [
      {
        "text": "OPINION BY\nFITZGERALD, J.:\n\u00b6 1 Appellant, Jeffrey Williams, files this pro se appeal from the order entered in the Allegheny County Court of Common Pleas, which dismissed his second petition filed pursuant to the Post Conviction Relief Act (\u201cPCRA\u201d). We hold that an appellant who is required to submit to the reporting requirements of Section 9795.1 of Megan\u2019s Law II, but has also completed a sentence of imprisonment and/or probation, is not eligible for relief under PCRA Section 9543(a)(1)\u00ae. Accordingly, we affirm.\n\u00b6 2 Appellant was convicted by a jury in 1991 of crimes relating to the kidnapping and assault of a minor. He was sentenced on September 17, 1991, to an aggregate sentence of five to twelve years\u2019 imprisonment. This Court affirmed his judgment of sentence. Commonwealth v. Williams, 626 A.2d 651 (Pa. Super.1993) (unpublished memorandum). Appellant did not petition for allowance of appeal with our Supreme Court.\n\u00b6 3 Appellant filed a pro se PCRA petition in 1993. After appointed counsel filed an amended petition, the PCRA court denied relief. Appellant filed a notice of appeal, but later filed a praecipe for discontinuance, which was granted. He filed a second PCRA petition pro se in 1995, and appointed counsel filed an amended petition. The PCRA court dismissed this petition. Appellant filed a notice of appeal, but it appears that the Commonwealth and Appellant reached an agreement that he was entitled to relief because the appeal was discontinued and, soon thereafter, the PCRA court resentenced Appellant to a maximum term of five years\u2019 imprisonment, followed by four years\u2019 probation. As a result of this new sentence, Appellant was released from incarceration, and he has completed serving the newly imposed sentence. However, as a result of his conviction for aggravated indecent assault, he is subject to lifetime registration under Megan\u2019s Law II. See 42 Pa.C.S. \u00a7 9795.1(b)(2).\n\u00b6 4 On July 12, 2007, Appellant filed the instant, pro se, PCRA petition. In the petition, he alleged newly discovered evidence regarding allegedly inconsistent testimony by the victim in a 2007 trial. The PCRA court dismissed the petition without a hearing, finding Appellant\u2019s claim untimely raised. This timely appeal followed.\n\u00b6 5 Before we address Appellant\u2019s claim, the Commonwealth avers that Appellant is no longer eligible for relief because he has completed serving his term of incarceration, and he is not serving a term of probation or parole. Appellant counters that because he is required to register under Megan\u2019s Law II, he is eligible for relief through the PCRA.\n\u00b6 6 In Commonwealth v. Hart, 911 A.2d 939 (Pa.Super.2006), a panel of this Court noted:\nOur [S]upreme [C]ourt has held that, to be eligible for relief under the PCRA, the petitioner must be \u201ccurrently serving a sentence of imprisonment, probation or parole for the crime.\u201d 42 Pa. C.S.A. \u00a7 9543(a)(1)(i). As soon as his sentence is completed, the petitioner becomes ineligible for relief, regardless of whether he was serving his sentence when he filed the petition. Commonwealth v. Ahlborn, 548 Pa. 544, 548, 699 A.2d 718, 720 (1997); Commonwealth v. Matin, 832 A.2d 1141, 1143 (Pa.Super.2003)[ ]. In addition, this court determined in Commonwealth v. Fisher, 703 A.2d 714 (Pa.Super.1997), that the PCRA precludes relief for those petitioners whose sentences have expired, regardless of the collateral consequences of their sentence. Id. at 716 (citations omitted).\nId. at 941-42.\n\u00b6 7 We find no merit to Appellant\u2019s claim that he is eligible for PCRA relief due to his registration requirements under Megan\u2019s Law II. Considering Appellant eligible for PCRA relief would require a finding that the Megan\u2019s Law II reporting requirements qualify as \u201ca sentence of imprisonment, probation or parole for the crime.\u201d See 42 Pa.C.S. \u00a7 9543(a)(l)(i). However, as this Court has observed:\nThe PCRA \u201cis not intended to ... provide relief from collateral consequences of a criminal conviction.\u201d 42 Pa.C.S.A. \u00a7 9542. The registration, notification, and counseling requirements for offenders under Megan\u2019s Law II are not criminal punishment, but represent non-punitive, regulatory measures designed to safeguard the public. Commonwealth v. Williams, 574 Pa. 487, 832 A.2d 962 (2003). In reliance on Williams, this Court has determined the registration, notification, and counseling requirements under Megan\u2019s Law II are collateral consequences of guilty plea convictions. Commonwealth v. Benner, 853 A.2d 1068, 1070 (Pa.Super.2004) (citing Commonwealth v. Leidig, 850 A.2d 743 (Pa. Super.2004)).\nCommonwealth v. Price, 876 A.2d 988, 992 (Pa.Super.2005) (emphasis added).\n\u00b6 8 The holding in Price pertained to the petitioner\u2019s desire to reverse his classification as a sexually violent predator, and therefore does not directly control this case, where Appellant instantly asserts that he may challenge his original conviction of aggravated indecent assault via his status as a Megan\u2019s Law II registrant. See id. at 994. Nonetheless, Price firmly establishes that the registration requirements of Megan\u2019s Law II are collateral consequences of his conviction, and therefore cannot be considered part of his sentence. See id. at 992. Because his registration requirement does not qualify as a sentence of incarceration, probation, or parole, pursuant to the mandates of Ahlborn, Matin, and Hart, we must conclude that Appellant can no longer seek relief under the PCRA. See 42 Pa.C.S. \u00a7 9543(a)(l)(i); Hart, supra. Accordingly, we hold that Appellant is not eligible for PCRA relief, despite the requirement that he register under Megan\u2019s Law II, because he is not serving a sentence of incarceration, probation, or parole.\n\u00b6 9 Order affirmed.\n.42 Pa.C.S. \u00a7\u00a7 9541-9546.\n. 42 Pa.C.S. \u00a7\u00a7 9791-9799.7.\n. According to both parties, the sentencing court miscalculated Appellant's prior record score.\n. Upon motion by the Commonwealth, the sentencing court clarified that the new sentence was one to five years\u2019 imprisonment, immediately followed by four years\u2019 probation. Appellant, therefore, also completed his term of probation at the time of his release.\n. 18 Pa.C.S. \u00a7 3125.\n. We note that on September 14, 2006, Appellant filed a petition for writ of error coram nobis. The docket does not reveal that the trial court ruled on this petition. However, Appellant filed his notice of appeal only from the dismissal of his PCRA petition, not his coram nobis petition. We therefore address only those issues pertaining to his PCRA petition.\n7.The Pennsylvania Supreme Court confirmed the Williams holding in Commonwealth v. Maldonado, 576 Pa. 101, 103-04, 838 A.2d 710, 711 (2003).\n. Appellant also claims that the Commonwealth waived its argument because it did not allege it in opposing his PCRA petition, and the PCRA court did not dismiss his petition on this basis. It is well-settled, however, that we may affirm the PCRA court\u2019s decision on any basis. See Commonwealth v. McCulligan, 905 A.2d 983, 988 (Pa.Super.2006).",
        "type": "majority",
        "author": "FITZGERALD, J.:"
      }
    ],
    "attorneys": [
      "Jeffrey Williams, appellant, pro se.",
      "Michael W. Streily, Deputy Dist. Atty., Amy E. Constantine, Asst. Dist. Atty., Pittsburgh, for Commonwealth, appellee."
    ],
    "corrections": "",
    "head_matter": "COMMONWEALTH of Pennsylvania, Appellee v. Jeffrey WILLIAMS, Appellant.\nSuperior Court of Pennsylvania.\nSubmitted Feb. 23, 2009.\nFiled July 2, 2009.\nJeffrey Williams, appellant, pro se.\nMichael W. Streily, Deputy Dist. Atty., Amy E. Constantine, Asst. Dist. Atty., Pittsburgh, for Commonwealth, appellee.\nBEFORE: STEVENS, DONOHUE, and FITZGERALD, JJ.\nFormer Justice specially assigned to the Superior Court."
  },
  "file_name": "1174-01",
  "first_page_order": 1202,
  "last_page_order": 1205
}
