{
  "id": 7874643,
  "name": "ERIE COUNTY GERIATRIC CENTER (now, by change of name, Pleasant Ridge Manor) and County of Erie, Appellants v. COMMONWEALTH of Pennsylvania, DEPARTMENT OF PUBLIC WELFARE",
  "name_abbreviation": "Erie County Geriatric Center v. Commonwealth, Department of Public Welfare",
  "decision_date": "1994-10-12",
  "docket_number": "",
  "first_page": "775",
  "last_page": "775",
  "citations": [
    {
      "type": "official",
      "cite": "648 A.2d 775"
    }
  ],
  "court": {
    "name_abbreviation": "Pa.",
    "id": 8832,
    "name": "Supreme Court of Pennsylvania"
  },
  "jurisdiction": {
    "id": 6,
    "name_long": "Pennsylvania",
    "name": "Pa."
  },
  "cites_to": [],
  "analysis": {
    "cardinality": 75,
    "char_count": 662,
    "ocr_confidence": 0.671,
    "sha256": "121033b45c860a87fbb3cb00571b269b7269860228b18cb15f28d7de4ad14407",
    "simhash": "1:1da687069327f580",
    "word_count": 97
  },
  "last_updated": "2023-07-14T18:46:09.060986+00:00",
  "provenance": {
    "date_added": "2019-08-29",
    "source": "Harvard",
    "batch": "2018"
  },
  "casebody": {
    "judges": [
      "Before NIX, C.J., and FLAHERTY, ZAPPALA, PAPADAKOS, CAPPY, CASTILLE and MONTEMURO, JJ."
    ],
    "parties": [
      "ERIE COUNTY GERIATRIC CENTER (now, by change of name, Pleasant Ridge Manor) and County of Erie, Appellants v. COMMONWEALTH of Pennsylvania, DEPARTMENT OF PUBLIC WELFARE."
    ],
    "opinions": [
      {
        "text": "ORDER\nPER CURIAM:\nOrder affirmed.\nMONTEMURO, J., is sitting by designation.",
        "type": "majority",
        "author": "PER CURIAM:"
      }
    ],
    "attorneys": [
      "James K. McNamara and Kenneth W. Wargo, Quinn, Buseck, Leemhuis, Toohey & Kroto, Inc., Erie, for appellants.",
      "John A. Kane, Chief Counsel, Mary Frances Grabowski, Senior Asst. Counsel, Dept, of Public Welfare, and Jason Manne, Pittsburgh, for appellee."
    ],
    "corrections": "",
    "head_matter": "ERIE COUNTY GERIATRIC CENTER (now, by change of name, Pleasant Ridge Manor) and County of Erie, Appellants v. COMMONWEALTH of Pennsylvania, DEPARTMENT OF PUBLIC WELFARE.\nSupreme Court of Pennsylvania.\nArgued Sept. 21, 1994.\nDecided Oct. 12, 1994.\nJames K. McNamara and Kenneth W. Wargo, Quinn, Buseck, Leemhuis, Toohey & Kroto, Inc., Erie, for appellants.\nJohn A. Kane, Chief Counsel, Mary Frances Grabowski, Senior Asst. Counsel, Dept, of Public Welfare, and Jason Manne, Pittsburgh, for appellee.\nBefore NIX, C.J., and FLAHERTY, ZAPPALA, PAPADAKOS, CAPPY, CASTILLE and MONTEMURO, JJ."
  },
  "file_name": "0775-02",
  "first_page_order": 847,
  "last_page_order": 847
}
