{
  "id": 9465217,
  "name": "PENNSYLVANIA STATE POLICE, Petitioner, v. Dean C. HEGGENSTALLER, Respondent",
  "name_abbreviation": "Pennsylvania State Police v. Heggenstaller",
  "decision_date": "2001-10-16",
  "docket_number": "",
  "first_page": "853",
  "last_page": "857",
  "citations": [
    {
      "type": "official",
      "cite": "784 A.2d 853"
    }
  ],
  "court": {
    "name_abbreviation": "Pa. Commw. Ct.",
    "id": 11887,
    "name": "Commonwealth Court of Pennsylvania"
  },
  "jurisdiction": {
    "id": 6,
    "name_long": "Pennsylvania",
    "name": "Pa."
  },
  "cites_to": [
    {
      "cite": "762 A.2d 1145",
      "category": "reporters:state_regional",
      "reporter": "A.2d",
      "case_ids": [
        11162076
      ],
      "opinion_index": 0,
      "case_paths": [
        "/a2d/762/1145-01"
      ]
    },
    {
      "cite": "38 C.F.R. \u00a7 3.353",
      "category": "laws:admin_compilation",
      "reporter": "C.F.R.",
      "pin_cites": [
        {
          "page": "(a)"
        }
      ],
      "opinion_index": 0
    },
    {
      "cite": "27 C.F.R. \u00a7 178.11",
      "category": "laws:admin_compilation",
      "reporter": "C.F.R.",
      "weight": 2,
      "pin_cites": [
        {
          "page": "(a)(2)"
        }
      ],
      "opinion_index": 0
    },
    {
      "cite": "18 U.S.C. \u00a7 922",
      "category": "laws:leg_statute",
      "reporter": "U.S.C.",
      "weight": 2,
      "pin_cites": [
        {
          "page": "(g)(4)"
        },
        {
          "page": "(g)(4)"
        }
      ],
      "opinion_index": 0
    }
  ],
  "analysis": {
    "cardinality": 541,
    "char_count": 12011,
    "ocr_confidence": 0.699,
    "pagerank": {
      "raw": 1.0463145471458043e-07,
      "percentile": 0.5521945487941575
    },
    "sha256": "4e00f9024011b10322017eae3db5fb57bbe81211e21940fff8db953c5f331dd8",
    "simhash": "1:ad12f6351329456f",
    "word_count": 1911
  },
  "last_updated": "2024-02-27T22:32:27.818386+00:00",
  "provenance": {
    "date_added": "2019-08-29",
    "source": "Harvard",
    "batch": "2018"
  },
  "casebody": {
    "judges": [
      "Before McGINLEY, J\u201e PELLEGRINI, J., and McCLOSKEY, Senior Judge."
    ],
    "parties": [
      "PENNSYLVANIA STATE POLICE, Petitioner, v. Dean C. HEGGENSTALLER, Respondent."
    ],
    "opinions": [
      {
        "text": "McCLOSKEY, Senior Judge.\nThe Pennsylvania State Police (the PSP) petition for review of an order of an Administrative Law Judge (ALJ), appointed by the Office of Attorney General (OAG), upholding the appeal of Dean C. Heggen-staller (Heggenstaller) from the denial of his application to purchase a firearm. We now reverse.\nOn January 11, 2000, Heggenstaller attempted to purchase a firearm at Coopers Sporting Goods in Mansfield, Pennsylvania. In response to an instantaneous records check request from the firearm licensee and pursuant to Section 6111.1(b) of the Pennsylvania Uniform Firearms Act of 1995 (Uniform Firearms Act), 18 Pa.C.S. \u00a7 6111.1(b), the PSP conducted a review of their criminal history, mental health and other relevant records to determine if Heggenstaller was prohibited from receipt or possession of a firearm under federal or state law. This review revealed a disqualifying event, i.e., a finding by the Department of Veterans Affairs (VA) in May of 1997 that Heggenstaller was mentally incompetent to manage his personal affairs, including disbursement of his VA benefits. Hence, his application was denied.\nHeggenstaller thereafter filed an SP4-197 denial challenge form with the PSP. By letter dated January 24, 2000, the Director of the PSP\u2019s Firearms Division confirmed the denial, noting that Heggenstal-ler had previously been determined to be mentally defective under federal law. Heggenstaller then sent the PSP a letter dated January 27, 2000, further questioning his denial and submitting additional evidence regarding his VA disabilities and honorable discharge from the military. By letter dated February 7, 2000, the Director of the PSP\u2019s Firearms Division informed Heggenstaller that this additional evidence was reviewed, but that the denial was still upheld. In this letter, the Director cited Section 6105(c)(4) of the Uniform Firearms Act, 18 Pa.C.S. \u00a7 6105(c)(4), and Section 922(g)(4) of the Federal Gun Control Act of 1968 (Gun Control Act), 18 U.S.C. \u00a7 922(g)(4), as the basis for the PSP\u2019s denial.\nHeggenstaller thereafter filed an appeal of the PSP\u2019s denial with the OAG pursuant to Section 6111.1(e) of the Uniform Firearms Act, 18 Pa.C.S. \u00a7 6111.1(e). OAG assigned the case to the ALJ and hearings were scheduled and held on May 16, 2000, and June 16, 2000. At the first hearing, the PSP introduced into evidence a certified copy of a rating decision by the VA in May of 1997 finding that Heggenstaller lacked the mental capacity to manage his personal affairs. Heggenstaller then testified on his own behalf, indicating that he was unaware of any official VA determination declaring him incompetent. Rather, Heggenstaller indicated that he first became aware of such when the PSP denied his application to purchase a firearm.\nDuring his testimony, however, Heggen-staller introduced a copy of a compensation and pension exam report, dated April 15,1997, and authored by Dr. M. Jenner at the VA Medical Center in Bath, New York. Dr. Jenner examined Heggenstal-ler on April 9, 1997, and concluded that he did not appear to be able to handle his own funds independently. Dr. Jenner did note a belief that said inability and cognitive disorder might be related to medication. Heggenstaller also introduced a progress note dated February 24, 2000, from Dr. Norm Quirion, Staff Psychologist at the VA Medical Center in Bath. Dr. Quirion had treated Heggenstaller since 1993 and his note indicates his professional opinion that Heggenstaller was competent to manage his own financial affairs. In addition, Heggenstaller introduced a copy of an independent psychiatric evaluation performed by Dr. Jon Grigg on April 28, 2000, at the Mansfield Health Center of the Soldiers and Sailors Memorial Hospital in Wellsboro, Pennsylvania. Dr. Grigg concluded that Heggenstaller was clinically competent to handle his finances. Dr. Grigg noted that Heggenstaller had cognitive difficulties in the past as a result of over medication of psychotropics and pain medications.\nAt the second hearing in this matter, Heggenstaller introduced another progress note dated April 18, 2000, from Dr. Qui-rion, wherein he found Heggenstaller to be competent and further found no cognitive impairments which would cause him to be incompetent to manage his funds. Heg-genstaller also introduced a letter from Dr. Edward Guelig, Heggenstaller\u2019s treating family physician for three years. Dr. Guelig notes no incident that would make him medically incapable of handling a firearm. Further, Heggenstaller introduced two letters, the first dated March 31, 2000, and the second dated May 8, 2000, from Dr. Edmund Osgood at the Mental Health Associates of Northcentral Pennsylvania. Dr. Osgood counseled Heggenstaller and his family for over six years and he believes that he is safe to own a firearm. Dr. Osgood also notes that the VA\u2019s 1997 finding came at a time when Heggenstaller was seriously overmedicated. Also at this hearing, the PSP introduced a letter from the VA dated June 12, 2000, four days before this hearing, indicating that Heg-genstaller remains \u201ccurrently rated incompetent for VA purposes,\u201d but that it was in the process of reevaluating his competency due to two recent psychiatric evaluations. (R.R. at 239a).\nApproximately five months after the second and last hearing, the ALJ issued an order dated November 29, 2000, upholding Heggenstaller\u2019s appeal on the basis that the PSP had presented insufficient evidence to support its denial of Heggenstal-ler\u2019s application. The PSP thereafter filed a petition for review with this Court. The ALJ then issued an opinion in support of his order. In this opinion, the ALJ reviewed the procedures utilized by the VA in order to declare an individual incompetent. The ALJ next reviewed the medical evidence submitted by Heggenstaller. Upon review of this evidence, the ALJ indicated that it appears that Heggenstal-ler\u2019s medical condition and the rating of the YA was \u201clargely due to the medications prescribed by the [VA].\u201d (ALJ\u2019s Decision at 7). The ALJ also noted the findings of the February 22, 2000, field examination report described above. While this report suggests a new competency exam be scheduled, the ALJ further noted the lack of proper notification of the same or of Heggenstaller\u2019s rights to challenge his current incompetency rating. The ALJ concluded that this evidence establishes that Heggenstaller is not disabled as a mental defective incapable of handling his own financial affairs and is free from the restrictions imposed by the Uniform Firearms Act and the Gun Control Act.\nOn appeal to this Court, the PSP argue that the ALJ erred as a matter of law in upholding Heggenstaller\u2019s appeal, as it had sufficient justification to deny Heggenstaller the right to purchase a firearm based upon the VA\u2019s 1997 finding of mental incompetency and Section 922(g)(4) of the Gun Control. We agree.\nAs noted above, Section 6111.1(b) of the Uniform Firearms Act authorizes the PSP to review their criminal history and mental health records to determine whether or not a party is prohibited from receipt or possession of a firearm. Also as noted above, Section 922(g)(4) of the Gun Control Act provides that \u201cit shall be unlawful for any person .... who has been adjudicated as a mental defective\u201d to possess a firearm. 18 U.S.C. \u00a7 922(g)(4). The phrase \u201cadjudicated as a mental defective\u201d is defined by Department of Treasury regulations as \u201c(a) [a] determination by a court, board, commission, or other lawful authority that a person, as a result of marked subnormal intelligence, or mental illness, incompetency, condition, or disease .... (2) [l]acks the mental capacity to contract or manage his own affairs.\u201d 27 C.F.R. \u00a7 178.11(a)(2).\nAt the first hearing before the ALJ, the PSP introduced into evidence a certified copy of the rating decision by the VA in May of 1997, concluding that Heggenstaller was mentally incompetent to manage his personal affairs, including disbursement of his VA benefits. (R.R. at 87a-88a). Additionally, at this hearing, Heggenstaller himself introduced a copy of a compensation and pension exam report dated April 15, 1997, and authored by Dr. Jenner of the VA Medical Center in Bath, New York. (R.R. at 89a-94a). This report followed Dr. Jenner\u2019s examination of Heggenstaller on April 9, 1997, and concluded that Heggenstaller was unable to \u201chandle his own funds independently.\u201d (R.R. at 93a).\nFurthermore, at the second hearing on this matter, the PSP introduced into evidence a letter from the VA dated June 12, 2000, indicating that Heggenstal-ler remains \u201ccurrently rated incompetent for VA purposes,\u201d but that it was in the process of reevaluating his competency due to two recent psychiatric evaluations. (R.R. at 239a). The evidence described above constitutes sufficient justification to deny Heggenstaller the right to purchase a firearm. Thus, the ALJ erred as a matter of law in finding to the contrary and in upholding Heggenstaller\u2019s appeal.\nAccordingly, the order of the ALJ is reversed.\nORDER\nAND NOW, this 16th day of October, 2001, the order of the Administrative Law Judge is hereby reversed.\n. This report formed the basis for the VA\u2019s ultimate determination of Heggenstaller's incompetency.\n. At the time of this examination, Heggenstal-ler was taking approximately twenty-five different medications.\n. Included with this letter was a field examination report performed by the VA on February 22, 2000. This report determined that Heggenstaller was \"now able to handle funds independently without supervision.\u201d (R.R. at 256a). The report later reiterated that Heg-genstaller was \"now capable of managing his VA benefits independently.\u201d Id. Further, this report requested a new competency exam.\n.The ALJ noted that Section 3.353 of Title 38 of the Code of Federal Regulations governs the VA\u2019s determination of competency and incompetency. This Section provides, in pertinent part, that (1) a \"mentally incompetent person\u201d is \u201cone who because of injury or disease lacks the mental capacity to contract or to manage his or her own affairs, including disbursement of funds without limitation;\u201d (2) rating agencies have sole authority to make official determinations of competency and incompetency and (3) a finding of incompetency must be based upon medical evidence which is \"clear, convincing and leaves no doubt as to the person's incompetency.\u201d 38 C.F.R. \u00a7 3.353(a), (b)(1) and (c).\n.Our scope of review is limited to a determination of whether necessary findings are supported by substantial evidence, an error of law was committed or whether constitutional rights were violated. See Section 704 of the Administrative Agency Law, 2 Pa.C.S. \u00a7 704; Bellum v. Pennsylvania State Police, 762 A.2d 1145 (Pa.Cmwlth.2000).\n. The PSP rely solely on federal law, i.e., Section 922(g)(4) of the Gun Control Act, in support of its argument and abandon any argument regarding state law, i.e., Section 6105(c)(4) of the Uniform Firearms Act.\n. As noted above, this report actually formed the basis for the rating decision in May of 1997.\n. We note that the ALJ, in reviewing the evidence presented, appears to have rendered his own competency determination, contrary to that of the VA. In essence, the ALJ collaterally attacked the VA\u2019s competency determination. However, in so doing, the ALJ exceeded his authority and erred as a matter of law.",
        "type": "majority",
        "author": "McCLOSKEY, Senior Judge."
      }
    ],
    "attorneys": [
      "Joanna N. Reynolds, Harrisburg, for petitioner.",
      "Richard Seheib, Williamsport, for respondent."
    ],
    "corrections": "",
    "head_matter": "PENNSYLVANIA STATE POLICE, Petitioner, v. Dean C. HEGGENSTALLER, Respondent.\nCommonwealth Court of Pennsylvania.\nArgued Sept. 10, 2001.\nDecided Oct. 16, 2001.\nJoanna N. Reynolds, Harrisburg, for petitioner.\nRichard Seheib, Williamsport, for respondent.\nBefore McGINLEY, J\u201e PELLEGRINI, J., and McCLOSKEY, Senior Judge.\n. Section 6105(c)(4) of the Uniform Firearms Act prohibits any person \u201cwho has been adjudicated as an incompetent\u201d from possessing a firearm. Section 922(g)(4) of the Gun Control Act provides that \"it shall be unlawful for any person .... who has been adjudicated as a mental defective\u201d to possess a firearm."
  },
  "file_name": "0853-01",
  "first_page_order": 897,
  "last_page_order": 901
}
