{
  "id": 7990110,
  "name": "WIFE B., Appellant, v. HUSBAND B., Appellee",
  "name_abbreviation": "Wife B. v. Husband B.",
  "decision_date": "1978-04-17",
  "docket_number": "",
  "first_page": "732",
  "last_page": "734",
  "citations": [
    {
      "type": "official",
      "cite": "385 A.2d 732"
    }
  ],
  "court": {
    "name_abbreviation": "Del.",
    "id": 9322,
    "name": "Delaware Supreme Court"
  },
  "jurisdiction": {
    "id": 8,
    "name_long": "Delaware",
    "name": "Del."
  },
  "cites_to": [
    {
      "cite": "314 A.2d 176",
      "category": "reporters:state_regional",
      "reporter": "A.2d",
      "case_ids": [
        11249654
      ],
      "year": 1973,
      "opinion_index": 0,
      "case_paths": [
        "/a2d/314/0176-01"
      ]
    },
    {
      "cite": "280 A.2d 710",
      "category": "reporters:state_regional",
      "reporter": "A.2d",
      "case_ids": [
        8090066
      ],
      "year": 1971,
      "pin_cites": [
        {
          "page": "712"
        }
      ],
      "opinion_index": 0,
      "case_paths": [
        "/a2d/280/0710-01"
      ]
    }
  ],
  "analysis": {
    "cardinality": 334,
    "char_count": 4930,
    "ocr_confidence": 0.797,
    "pagerank": {
      "raw": 1.059989733099374e-07,
      "percentile": 0.5567177854770684
    },
    "sha256": "6f3b94b017d14f0672953a773b465e0be18f3a331910c580ca2ba04e2ae853e9",
    "simhash": "1:f3092d4ed25dc5fb",
    "word_count": 790
  },
  "last_updated": "2024-02-27T23:49:46.658859+00:00",
  "provenance": {
    "date_added": "2019-08-29",
    "source": "Harvard",
    "batch": "2018"
  },
  "casebody": {
    "judges": [
      "Before HERRMANN, Chief Justice, DUFFY and McNEILLY, Justices."
    ],
    "parties": [
      "WIFE B., Appellant, v. HUSBAND B., Appellee."
    ],
    "opinions": [
      {
        "text": "PER CURIAM:\nIn this contested action, the Husband filed suit for divorce on the ground that the marriage was irretrievably broken where it was characterized by voluntary separation. 13 Del.C. \u00a7 1505(b)(1). The case was tried by the Family Court on July 23, 1976 and, during an office conference some four weeks later, the Husband\u2019s attorney moved to add incompatibility as a ground, 13 Del.C. \u00a7 1505(b)(4). Over objection, the motion was granted and the Court, in an order dated September 30, 1976, stated that:\n\u201c[t]he testimony given at the hearing was, in the Court\u2019s opinion, sufficient to prove that the marriage was irretrievably broken, and that the parties were Ineom-patable [sic].\u201d\nThe Court then went on to request\n\u201c. . . counsel for [the Wife] to file an answer regarding the issue of Incompatability [sic] and to attach thereto an offer of proof regarding any additional facts that would be presented in opposition to the granting of a divorce on the amended ground.\u201d\nIn response thereto, the Wife\u2019s attorney wrote to the Court, saying:\n\u201c. . . please be advised that . [the Wife\u2019s] testimony would be that there was no mutual conflict of personalities between the parties, that she presently does the cooking, cleaning, shopping and laundry for . . . [the Husband], and, from the time he moved into the guest room, she has sought repeatedly to have him return to her bedroom and live as man and wife.\u201d\nIn an opinion dated November 3, 1976, the Court said:\n\u201cIt is the Court\u2019s interpretation of Incompatibility as a ground for Divorce (13 Del.Code Sec. 1503(3) that where a Petitioner has testified that the marriage was characterized by rift and discord which had destroyed the marriage relationship including testimony as to the termination of sexual relations, social relations, lack of common interests and that the marriage relationship has been so destroyed that there is no possibility of reconcilliation [sic], Respondent\u2019s testimony denying mutual conflict would not be sufficient to justify a denial of the Petition. The Court, in the instant case, finds that the testimony presented at the time of hearing was sufficient to prove the necessary elements for granting a Divorce on the ground of Incompatibility.\u201d\nThe Court then granted the divorce and this appeal followed. We reverse.\n* * * * * *\nWe make no judgment about the Court\u2019s construction of the incompatibility statute; but see Husband v. Wife, Del.Supr., 280 A.2d 710, 712 (1971), and compare T. v. T., Del.Supr., 314 A.2d 176 (1973). We do not reach that question because, under the most basic rule of fair procedure, the Wife has been denied procedural due process, that is, she has been denied an opportunity to be heard on the very issue which is the legal basis for the divorce given against her.\nThus the Wife went to trial on a pleading alleging one ground and her Husband was thereafter granted a divorce on a ground which, if it is not logically inconsistent with the issue submitted for trial, is at least governed by an entirely different statutory definition. Moreover, the Wife was given an opportunity to answer the new ground only after the Court had evaluated the testimony and announced its opinion that the \u201cmarriage was irretrievably broken and that the parties were Incompatable [sic].\u201d That made any future fact-finding an academic exercise. The Trial Court obviously did not intend such a consequence but that was the result.\nSince the Wife did not have an opportunity to defend on the ground of incompatibility, the judgment must be vacated and the cause remanded for a new trial. And since the Trial Judge has already evaluated the unheard testimony and announced, in effect, that any testimony by the Wife denying mutual conflict would not be accepted over the Husband\u2019s, fairness requires that the case be assigned to a different Judge for trial.\n* * * * * *\nReversed and remanded for proceedings consistent herewith.\n13 Del.C. \u00a7 1503 states in part:\n\u201cFor purposes of this chapter, unless the context indicates differently:\n(3) \u2018Incompatibility\u2019 means marital rift or discord that has destroyed the marriage relation, without regard to the fault of either party.\n(8) \u2018Voluntary separation\u2019 means separation by mutual consent or acquiescence; but if respondent denies that the separation was voluntary then mutual consent or acquiescence must be established either by written agreement of the parties or by participation by respondent in judicial proceedings premised upon respondent\u2019s consent to or acquiescence in the separation.\u201d",
        "type": "majority",
        "author": "PER CURIAM:"
      }
    ],
    "attorneys": [
      "William E. Wright and Louis B. Ferrara, of Aerenson & Balick, Wilmington, for Wife, appellant.",
      "Gerald Z. Berkowitz and Robert B. Coo-nin, of Knecht, Greenstein & Berkowitz, Wilmington, for Husband, appellee."
    ],
    "corrections": "",
    "head_matter": "WIFE B., Appellant, v. HUSBAND B., Appellee.\nSupreme Court of Delaware.\nSubmitted Feb. 21, 1978.\nDecided April 17, 1978.\nWilliam E. Wright and Louis B. Ferrara, of Aerenson & Balick, Wilmington, for Wife, appellant.\nGerald Z. Berkowitz and Robert B. Coo-nin, of Knecht, Greenstein & Berkowitz, Wilmington, for Husband, appellee.\nBefore HERRMANN, Chief Justice, DUFFY and McNEILLY, Justices."
  },
  "file_name": "0732-01",
  "first_page_order": 792,
  "last_page_order": 794
}
