{
  "id": 7992556,
  "name": "STATE of Maine v. Forrest S. GREENWOOD",
  "name_abbreviation": "State v. Greenwood",
  "decision_date": "1978-05-05",
  "docket_number": "",
  "first_page": "803",
  "last_page": "805",
  "citations": [
    {
      "type": "official",
      "cite": "385 A.2d 803"
    }
  ],
  "court": {
    "name_abbreviation": "Me.",
    "id": 9543,
    "name": "Maine Supreme Judicial Court"
  },
  "jurisdiction": {
    "id": 42,
    "name_long": "Maine",
    "name": "Me."
  },
  "cites_to": [
    {
      "cite": "384 A.2d 429",
      "category": "reporters:state_regional",
      "reporter": "A.2d",
      "case_ids": [
        7980348
      ],
      "year": 1978,
      "opinion_index": 0,
      "case_paths": [
        "/a2d/384/0429-01"
      ]
    },
    {
      "cite": "361 A .2d 926",
      "category": "reporters:state_regional",
      "reporter": "A.2d",
      "case_ids": [
        8023094
      ],
      "year": 1976,
      "pin_cites": [
        {
          "page": "927"
        }
      ],
      "opinion_index": 0,
      "case_paths": [
        "/a2d/361/0926-01"
      ]
    },
    {
      "cite": "334 A.2d 510",
      "category": "reporters:state_regional",
      "reporter": "A.2d",
      "case_ids": [
        8060459
      ],
      "year": 1975,
      "pin_cites": [
        {
          "page": "512-513"
        }
      ],
      "opinion_index": 0,
      "case_paths": [
        "/a2d/334/0510-01"
      ]
    },
    {
      "cite": "296 A.2d 489",
      "category": "reporters:state_regional",
      "reporter": "A.2d",
      "case_ids": [
        8047982
      ],
      "weight": 2,
      "year": 1972,
      "pin_cites": [
        {
          "page": "492"
        },
        {
          "page": "492"
        }
      ],
      "opinion_index": 0,
      "case_paths": [
        "/a2d/296/0489-01"
      ]
    }
  ],
  "analysis": {
    "cardinality": 425,
    "char_count": 6123,
    "ocr_confidence": 0.795,
    "pagerank": {
      "raw": 1.7557711722755054e-07,
      "percentile": 0.7091722335935415
    },
    "sha256": "36dc2c81a42962d2b085dd3884351610cbe63ed9b902aba5758c7c3e1153c7b6",
    "simhash": "1:e6dab3216ba5fdc4",
    "word_count": 1002
  },
  "last_updated": "2024-02-27T23:49:46.658859+00:00",
  "provenance": {
    "date_added": "2019-08-29",
    "source": "Harvard",
    "batch": "2018"
  },
  "casebody": {
    "judges": [
      "Before McKUSICK, C. J., and WER-NICK, ARCHIBALD, GODFREY and NICHOLS, JJ.",
      "POMEROY and DELAHANTY, JJ., did not sit."
    ],
    "parties": [
      "STATE of Maine v. Forrest S. GREENWOOD."
    ],
    "opinions": [
      {
        "text": "PER CURIAM.\nThe Defendant, Forrest S. Greenwood, was tried in Superior Court in Androscog-gin County on an indictment charging three counts of aggravated assault and one count of terrorizing with a firearm. The jury acquitted him on the aggravated assault charges, but returned a guilty verdict on Count IV, which was the terrorizing count. He appeals from the judgment of conviction on that count which was entered on the verdict, assigning as errors the manner of interrogation of a witness by the presiding justice, and the alleged violation of a sequestration order by some of the witnesses.\nFinding merit in the former point, we sustain the appeal and remand for a new trial.\nHere credibility was the key to the outcome of the trial. The stories of the Defendant\u2019s subsequently divorced wife, his brother-in-law, and his teen-age daughters were aligned against the Defendant\u2019s own recollection of the events.\nAlthough the Defendant\u2019s son, Forrest (Sonny) Greenwood, was called to testify by the State, his testimony was of critical importance because he alone among these several witnesses tended to support his father\u2019s version of the events.\nNevertheless, after counsel had completed examination and cross-examination of Sonny, the presiding justice sua sponte launched his own examination of the young man, which extended to twenty-nine questions. Objection by Defendant\u2019s counsel came during this questioning, and under M.R.Evid. 614(c) his objection was sufficient to preserve the point for appellate review. Compare State v. Haycock, Me., 296 A.2d 489, 492 (1972).\nWhen Defendant\u2019s counsel attempted to state the grounds of his objection, he was interrupted by the presiding justice, who stated that counsel\u2019s objection might be noted and declared:\nI think the Court is entitled to know. The jury is entitled to know what went on out there. We have a difference of testimony here and we\u2019d like to know what the truth is what happened.\nThe presiding justice then resumed his questioning of the young man.\nSignificantly not one of the four witnesses who related a different version of the facts, and a version extremely damaging to the Defendant, was subjected to any questioning whatsoever by the presiding justice.\nThe right of a trial judge to interrogate witnesses appearing before him is expressly granted by our rules. M.R.Evid. 614(b). So long as the trial judge intervenes for the purpose of clarifying testimony, saving time, or preventing a miscarriage of justice, he must be allowed considerable latitude in his questioning. Field & Murray, Maine Evidence \u00a7 614.2 (1976).\nThe issue presented by the instant case, however, is whether this trial judge\u2019s protracted interrogation of this one witness went so far as to suggest to the jury that he had aligned himself on the side of one of the contestants, notwithstanding his disavowal of such alignment while he was instructing the jury. State v. Hunnewell, Me., 334 A.2d 510, 512-513 (1975).\nWhile this issue must be resolved in the light of the facts of the particular case, we reach the same result here as we reached in State v. Lint, where it was concluded that the justice\u2019s examination of a defendant\u2019s sole supporting witness was a serious injustice to that defendant. Me., 361 A .2d 926, 927 (1976).\nOur review of the record in the instant case leads us to conclude the court below erred in singling out this one witness for extended examination. His twenty-nine questions were, for the most part, leading, and were occasionally argumentative. At best these questions were only marginally helpful in ascertaining the facts. Moreover, when the objection to such questioning was interposed, the justice\u2019s response that \u201cwe\u2019d like to know what the truth is\u201d could suggest to the jury that they had heard something other than the truth in this witness\u2019 prior testimony.\nIn sum, the jury could infer that the presiding justice had retreated from a position of judicial impartiality.\nThe crucial nature of the credibility of this witness, the potential effect on the jury of this one witness being singled out, and the cross-examination style of the questioning by the presiding justice lead us to further conclude that the cautionary instruction which he later gave the jury was insufficient to remedy the error.\nAs we cautioned in Haycock, a trial judge should not assume the posture of an advocate. Me., 296 A.2d 489, 492 (1972). When both parties are represented by experienced counsel, it is seldom, if ever, necessary for the presiding justice to question a witness in a manner that may be taken by the jury to cast doubt on the credibility of that witness, or to an extent that the jury may infer that the presiding justice has retreated from a position of complete impartiality.\nThe entry will be:\nAppeal sustained.\nRemanded for a new trial on Count IV of the indictment.\nPOMEROY and DELAHANTY, JJ., did not sit.\n. 17-A M.R.S.A. \u00a7 208.\n. 17-A M.R.S.A. \u00a7 210, elevated to a Class B offense, with mandatory prison sentence, by the provisions of 17-A M.R.S.A. \u00a7 1252.\n.This Court\u2019s opinion in State v. Porter, Me., 384 A.2d 429 (1978) is dispositive on the issue raised sua sponte by the Court relative to the sufficiency of the indictment to charge terrorizing.\n. The other prosecution witnesses testified that the Defendant pointed a loaded shotgun at his brother-in-law and said that he was going to \u201cshoot the turkey off the tailgate\u201d of his truck. In contrast, the Defendant and Sonny testified that the gun was unloaded, and that the Defendant stated that he was going to \u201cshoot the tires off the truck,\u201d so that certain items could not be removed from the marital home. The aggravated assault charges stemmed from a struggle for the gun immediately thereafter.",
        "type": "majority",
        "author": "PER CURIAM."
      }
    ],
    "attorneys": [
      "Charles K. Leadbetter, Asst. Atty. Gen. (orally), Augusta, Thomas E. Delahanty, II, Dist. Atty., Auburn, for plaintiff.",
      "Marshall, Raymond, Beliveau, Dionne & Bonneau by Paul R. Dionne (orally), Lewi-ston, for defendant."
    ],
    "corrections": "",
    "head_matter": "STATE of Maine v. Forrest S. GREENWOOD.\nSupreme Judicial Court of Maine.\nMay 5, 1978.\nCharles K. Leadbetter, Asst. Atty. Gen. (orally), Augusta, Thomas E. Delahanty, II, Dist. Atty., Auburn, for plaintiff.\nMarshall, Raymond, Beliveau, Dionne & Bonneau by Paul R. Dionne (orally), Lewi-ston, for defendant.\nBefore McKUSICK, C. J., and WER-NICK, ARCHIBALD, GODFREY and NICHOLS, JJ."
  },
  "file_name": "0803-01",
  "first_page_order": 863,
  "last_page_order": 865
}
