{
  "id": 8028798,
  "name": "Matthew HINES, Appellant, v. UNITED STATES, Appellee",
  "name_abbreviation": "Hines v. United States",
  "decision_date": "1974-10-17",
  "docket_number": "No. 8059",
  "first_page": "247",
  "last_page": "249",
  "citations": [
    {
      "type": "official",
      "cite": "326 A.2d 247"
    }
  ],
  "court": {
    "name_abbreviation": "D.C.",
    "id": 11933,
    "name": "District of Columbia Court of Appeals"
  },
  "jurisdiction": {
    "id": 56,
    "name_long": "District of Columbia",
    "name": "D.C."
  },
  "cites_to": [
    {
      "cite": "302 A.2d 216",
      "category": "reporters:state_regional",
      "reporter": "A.2d",
      "case_ids": [
        11249602
      ],
      "weight": 2,
      "year": 1973,
      "pin_cites": [
        {
          "page": "217"
        },
        {
          "page": "218"
        }
      ],
      "opinion_index": 0,
      "case_paths": [
        "/a2d/302/0216-01"
      ]
    },
    {
      "cite": "91 U.S.App.D.C. 135",
      "category": "reporters:state",
      "reporter": "U.S. App. D.C.",
      "case_ids": [
        3756159
      ],
      "year": 1952,
      "pin_cites": [
        {
          "page": "136"
        }
      ],
      "opinion_index": 0,
      "case_paths": []
    },
    {
      "cite": "198 F.2d 299",
      "category": "reporters:federal",
      "reporter": "F.2d",
      "case_ids": [
        3756159,
        492311
      ],
      "year": 1952,
      "pin_cites": [
        {
          "page": "300"
        }
      ],
      "opinion_index": 0,
      "case_paths": [
        "/f2d/198/0299-01"
      ]
    },
    {
      "cite": "149 U.S.App.D.C. 186",
      "category": "reporters:state",
      "reporter": "U.S. App. D.C.",
      "year": 1972,
      "pin_cites": [
        {
          "page": "187"
        }
      ],
      "opinion_index": 0
    },
    {
      "cite": "462 F.2d 290",
      "category": "reporters:federal",
      "reporter": "F.2d",
      "case_ids": [
        1338429
      ],
      "year": 1972,
      "pin_cites": [
        {
          "page": "291"
        }
      ],
      "opinion_index": 0,
      "case_paths": [
        "/f2d/462/0290-01"
      ]
    },
    {
      "cite": "82 Tex.Cr.R. 658",
      "category": "reporters:state",
      "reporter": "Tex. Crim.",
      "case_ids": [
        4745477
      ],
      "year": 1918,
      "opinion_index": 0,
      "case_paths": [
        "/tex-crim/82/0658-01"
      ]
    },
    {
      "cite": "200 S.W. 836",
      "category": "reporters:state_regional",
      "reporter": "S.W.",
      "case_ids": [
        8260305,
        8260339
      ],
      "year": 1918,
      "opinion_index": 0,
      "case_paths": [
        "/sw/200/0836-01",
        "/sw/200/0836-02"
      ]
    },
    {
      "cite": "125 U.S.App.D.C. 303",
      "category": "reporters:state",
      "reporter": "U.S. App. D.C.",
      "case_ids": [
        3658089
      ],
      "year": 1967,
      "pin_cites": [
        {
          "page": "305"
        }
      ],
      "opinion_index": 0,
      "case_paths": []
    },
    {
      "cite": "371 F.2d 956",
      "category": "reporters:federal",
      "reporter": "F.2d",
      "case_ids": [
        3658089,
        2046430
      ],
      "year": 1967,
      "pin_cites": [
        {
          "page": "958"
        }
      ],
      "opinion_index": 0,
      "case_paths": [
        "/f2d/371/0956-01"
      ]
    },
    {
      "cite": "272 N.Y. 81",
      "category": "reporters:state",
      "reporter": "N.Y.",
      "case_ids": [
        2021443
      ],
      "year": 1936,
      "opinion_index": 0,
      "case_paths": [
        "/ny/272/0081-01"
      ]
    },
    {
      "cite": "4 N. E.2d 943",
      "category": "reporters:state_regional",
      "reporter": "N.E.2d",
      "year": 1936,
      "opinion_index": 0
    },
    {
      "cite": "283 A.2d 21",
      "category": "reporters:state_regional",
      "reporter": "A.2d",
      "case_ids": [
        8058810
      ],
      "weight": 2,
      "year": 1971,
      "pin_cites": [
        {
          "page": "23"
        },
        {
          "page": "24",
          "parenthetical": "emphasis in original"
        }
      ],
      "opinion_index": 0,
      "case_paths": [
        "/a2d/283/0021-01"
      ]
    },
    {
      "cite": "152 U.S.App.D.C. 307",
      "category": "reporters:state",
      "reporter": "U.S. App. D.C.",
      "year": 1972,
      "opinion_index": 0
    },
    {
      "cite": "470 F.2d 455",
      "category": "reporters:federal",
      "reporter": "F.2d",
      "case_ids": [
        261912
      ],
      "year": 1972,
      "opinion_index": 0,
      "case_paths": [
        "/f2d/470/0455-01"
      ]
    },
    {
      "cite": "183 S.W.2d 573",
      "category": "reporters:state_regional",
      "reporter": "S.W.2d",
      "case_ids": [
        10214386
      ],
      "year": 1944,
      "opinion_index": 0,
      "case_paths": [
        "/sw2d/183/0573-01"
      ]
    }
  ],
  "analysis": {
    "cardinality": 512,
    "char_count": 7112,
    "ocr_confidence": 0.79,
    "pagerank": {
      "raw": 3.875267856566682e-07,
      "percentile": 0.9006509645929164
    },
    "sha256": "4300e6d81076d4e8202a91268a5c1be67332db114f6fc15dbe9bd816b645866e",
    "simhash": "1:b5066d082e3197d0",
    "word_count": 1184
  },
  "last_updated": "2024-02-27T23:49:29.241506+00:00",
  "provenance": {
    "date_added": "2019-08-29",
    "source": "Harvard",
    "batch": "2018"
  },
  "casebody": {
    "judges": [
      "Before KELLY, NEBEKER and HARRIS, Associate Judges."
    ],
    "parties": [
      "Matthew HINES, Appellant, v. UNITED STATES, Appellee."
    ],
    "opinions": [
      {
        "text": "NEBEKER, Associate Judge:\nThis appeal primarily raises the question whether appellant, being tried for carrying a pistol without a license. (D.C.Code 1973, \u00a7 22-3204), was entitled to a jury instruction as to the defense of momentary or innocent possession when the evidence revealed that his admitted purpose in carrying an allegedly newfound pistol had been to show it to a friend. A second contention, which we shall address later, is that the trial court erred in ruling that appellant was not within the statutory exception permitting possession of a gun on land \u201cpossessed by him\u201d. (Section 22-3204, supra.) We hold that he was not entitled to the instruction and that he did not bring himself within the statutory exception. Accordingly, the judgment of conviction is affirmed.\nAppellant\u2019s version of the facts was that he found a pistol in an alley near his apartment building when he went outside to throw away trash and inspect his parked car. Carrying the weapon on his upraised palm, he decided to return to his apartment and show the newfound pistol to his girl friend. When he reached his front porch, however, his girl friend panicked and grabbed the gun. In the ensuing struggle the gun fired twice, injuring appellant and his girl friend. A nearby hospital security guard heard the shots, came to the front porch, and seized the weapon. According to the security guard, appellant tried to conceal the gun in his (appellant\u2019s) pocket as he protested that no gun was involved. (Tr. 7, 19-20.)\nWe note at the outset that we are not confronted with a claim that a pistol was picked up out of an altruistic. motive either to protect the finder or others from harm, to turn it over to the police, or to otherwise secure it. Rather, we deal with a situation in which the asserted reason for possession was to show the gun to a girl friend. Appellant stated at trial: \u201cWell, I had to take it to somebody. You don\u2019t find things like that and not show it.\u201d (Tr. 90, 91.) We deem this claimed purpose not properly cognizable as an excuse under the policy of section 22-3204 aimed at strict handgun control referred to in Mitchell v. United States, D.C.App., 302 A.2d 216, 217 (1973).\nIn order to assert the defense of innocent or momentary possession, an accused must show not only an absence of criminal purpose but also that his possession was excused and justified as stemming from an affirmative effort to aid and enhance social policy underlying law enforcement. This requirement is entirely consistent with the well-established principle that the showing of a legally valid excuse or justification will negate liability for the doing of an act normally held criminal. For example, the otherwise unlawful possession of a pistol is excused if done for the purpose of self-defense. Wilson v. United States, 91 U.S.App.D.C. 135, 136, 198 F.2d 299, 300 (1952). Furthermore, certain actions by police officers, such as the carrying of pistols, the use of force in effecting an arrest, or the possession of seized weapons, narcotics, or other contraband, are also not crimes if done for the purpose of aiding or advancing an articulated or obvious law enforcement obj ective.\nThe concept of innocent possession was acknowledged in Mitchell v. United States, supra 302 A.2d at 218. There we implied that possession of a found pistol might be excused under some circumstances not extant on that record. It was said:\nAlthough appellant asserts that he picked up the gun with the ultimate intention of delivering it to the police, it is significant that he still proceeded to move toward the hostile group and contributed to the ensuing disorder. . . . [Id.)\nFurthermore, we agree with what Judge Leventhal stated in United States v. Freeman, 149 U.S.App.D.C. 186, 187, 462 F.2d 290, 291 (1972), in dealing with a similar issue.\n[W]e question authorities like Wallace v. State, 82 Tex.Cr.R. 658, 200 S.W. 836 (1918), that an \u201cunlawful carrying of the pistol\u201d was not established when a friend handed defendant a pistol, as they crossed the railroad track, to hold while he went into a nearby social gathering. Whatever the conditions in rural Texas fifty years ago, in today\u2019s society the offense of carrying a dangerous weapon \u201cis a serious matter in a troubled metropolitan area.\u201d Epperson v. United States, 125 U.S.App.D.C. 303, 305, 371 F.2d 956, 958 (1967).\nAppellant has cited several cases from other jurisdictions in which courts have carved exceptions for \u201cnonwrongful\u201d possession of dangerous weapons based on either momentary possession or possession with a civic-minded purpose. We agree with People v. LaPella, 272 N.Y. 81, 4 N. E.2d 943 (1936), in which the court held that it was error to refuse to instruct the jury regarding a defense for innocent possession where defendant\u2019s possession stemmed from his civic effort to aid law enforcement by turning the newfound pistol over to the police. There the defendant\u2019s possession was not only \u201cnon-wrongful\u201d, as appellant would confin\u00e9 our analysis (Appellant\u2019s Brief at 7), but also \u201cdesigned to meet the social policy of the law.\u201d People v. LaPella, supra. It is on this basis that we distinguish, on the one hand, mere \u201cnon-wrongful\u201d possession, which does not in every case further the policy of section 22-3204, and innocent possession with the intent of ensuring that, a newfound pistol is taken as soon and as directly as possible to law enforcement officers.\nAppellant\u2019s second contention is that the trial court erroneously ruled that appellant was not within the exception in section 22-3204 for a person who carries a weapon \u201cin his dwelling house ... or on other land possessed by him\u201d. Appellant has the burden of bringing himself within the statutory exception. White v. United States, D.C.App., 283 A.2d 21, 23 (1971). Moreover, appellant must show that he had \u201cexclusive control and possession of the premises.\u201d Id. at 24 (emphasis in original). In the instant case, the porch where appellant and his girl friend struggled was part of an apartment building in which appellant and others lived. Hence, appellant did not meet his burden of showing that the porch was within his exclusive control and possession. It follows that there was no error in the conviction and it is therefore\nAffirmed.\n. Mitchell v. United States, supra; W. Burdick, Law of Crime \u00a7\u00a7 427, 746 (1946).\n. United States v. Pritchett, 152 U.S.App.D.C. 307, 470 F.2d 455 (1972); D.C.Code 1973, \u00a7 22-3205.\n. W. LaFave and A. Scott, Jr., Criminal Law 389 (1972 ed.).\n. Franklin v. State, 147 Tex.Cr. 636, 183 S.W.2d 573 (1944); 94 C.J.S. Weapons \u00a7 9 (1955).",
        "type": "majority",
        "author": "NEBEKER, Associate Judge:"
      }
    ],
    "attorneys": [
      "Frank F. Flegal, Washington, D.C., appointed by this court, with whom Charles Ruff, Washington, D.C., was on .the brief, for appellant.",
      "David T. Stitt, Asst. U. S. Atty., with whom Earl J. Silbert, U. S. Atty., John A. Terry and Donald E. Robinson, Jr., Asst. U. S. Attys., were on the brief, for appel-lee."
    ],
    "corrections": "",
    "head_matter": "Matthew HINES, Appellant, v. UNITED STATES, Appellee.\nNo. 8059.\nDistrict of Columbia Court of Appeals.\nArgued Sept. 10, 1974.\nDecided Oct. 17, 1974.\nFrank F. Flegal, Washington, D.C., appointed by this court, with whom Charles Ruff, Washington, D.C., was on .the brief, for appellant.\nDavid T. Stitt, Asst. U. S. Atty., with whom Earl J. Silbert, U. S. Atty., John A. Terry and Donald E. Robinson, Jr., Asst. U. S. Attys., were on the brief, for appel-lee.\nBefore KELLY, NEBEKER and HARRIS, Associate Judges."
  },
  "file_name": "0247-01",
  "first_page_order": 285,
  "last_page_order": 287
}
