[
  {
    "id": 8144128,
    "name": "BLOK v. UNITED STATES",
    "name_abbreviation": "Blok v. United States",
    "decision_date": "1949-12-12",
    "docket_number": "No. 850",
    "first_page": "55",
    "last_page": "59",
    "citations": [
      {
        "type": "official",
        "cite": "70 A.2d 55"
      }
    ],
    "court": {
      "name_abbreviation": "D.C.",
      "id": 21806,
      "name": "District of Columbia Municipal Court of Appeals"
    },
    "jurisdiction": {
      "id": 56,
      "name_long": "District of Columbia",
      "name": "D.C."
    },
    "cites_to": [
      {
        "cite": "146 F.2d 254",
        "category": "reporters:federal",
        "reporter": "F.2d",
        "case_ids": [
          7414164
        ],
        "pin_cites": [
          {
            "page": "257"
          }
        ],
        "opinion_index": 0,
        "case_paths": [
          "/f2d/146/0254-01"
        ]
      },
      {
        "cite": "127 F.2d 525",
        "category": "reporters:federal",
        "reporter": "F.2d",
        "case_ids": [
          1077691
        ],
        "opinion_index": 0,
        "case_paths": [
          "/f2d/127/0525-01"
        ]
      },
      {
        "cite": "125 F.2d 924",
        "category": "reporters:federal",
        "reporter": "F.2d",
        "case_ids": [
          1086320
        ],
        "opinion_index": 0,
        "case_paths": [
          "/f2d/125/0924-01"
        ]
      },
      {
        "cite": "115 F.2d 292",
        "category": "reporters:federal",
        "reporter": "F.2d",
        "case_ids": [
          1102203
        ],
        "pin_cites": [
          {
            "page": "294"
          }
        ],
        "opinion_index": 0,
        "case_paths": [
          "/f2d/115/0292-01"
        ]
      },
      {
        "cite": "135 F.2d 534",
        "category": "reporters:federal",
        "reporter": "F.2d",
        "case_ids": [
          3663884
        ],
        "opinion_index": 0,
        "case_paths": [
          "/f2d/135/0534-01"
        ]
      },
      {
        "cite": "61 A.2d 486",
        "category": "reporters:state_regional",
        "reporter": "A.2d",
        "case_ids": [
          8157865
        ],
        "opinion_index": 0,
        "case_paths": [
          "/a2d/61/0486-01"
        ]
      },
      {
        "cite": "333 U.S. 10",
        "category": "reporters:federal",
        "reporter": "U.S.",
        "case_ids": [
          6156920
        ],
        "weight": 2,
        "opinion_index": 0,
        "case_paths": [
          "/us/333/0010-01"
        ]
      },
      {
        "cite": "92 L.Ed. 436",
        "category": "reporters:federal",
        "reporter": "L. Ed.",
        "opinion_index": 0
      },
      {
        "cite": "255 U.S. 313",
        "category": "reporters:federal",
        "reporter": "U.S.",
        "case_ids": [
          341450
        ],
        "weight": 3,
        "opinion_index": 0,
        "case_paths": [
          "/us/255/0313-01"
        ]
      },
      {
        "cite": "73 App.D.C. 85",
        "category": "reporters:state",
        "reporter": "App. D.C.",
        "opinion_index": 0
      },
      {
        "cite": "80 U.S.App. D.C. 81",
        "category": "reporters:state",
        "reporter": "U.S. App. D.C.",
        "opinion_index": 0
      },
      {
        "cite": "149 F.2d 381",
        "category": "reporters:federal",
        "reporter": "F.2d",
        "case_ids": [
          3658253
        ],
        "opinion_index": 0,
        "case_paths": [
          "/f2d/149/0381-01"
        ]
      },
      {
        "cite": "326 U.S. 724",
        "category": "reporters:federal",
        "reporter": "U.S.",
        "case_ids": [
          6171793,
          6171554,
          6171715,
          6171637
        ],
        "opinion_index": 0,
        "case_paths": [
          "/us/326/0724-04",
          "/us/326/0724-01",
          "/us/326/0724-03",
          "/us/326/0724-02"
        ]
      },
      {
        "cite": "66 S.Ct. 29",
        "category": "reporters:federal",
        "reporter": "S. Ct.",
        "opinion_index": 0
      },
      {
        "cite": "90 L.Ed. 429",
        "category": "reporters:federal",
        "reporter": "L. Ed.",
        "opinion_index": 0
      },
      {
        "cite": "285 U.S. 452",
        "category": "reporters:federal",
        "reporter": "U.S.",
        "case_ids": [
          1175385
        ],
        "weight": 3,
        "opinion_index": 0,
        "case_paths": [
          "/us/285/0452-01"
        ]
      },
      {
        "cite": "82 A.L.R. 775",
        "category": "reporters:specialty",
        "reporter": "A.L.R.",
        "opinion_index": 0
      },
      {
        "cite": "51 F.2d 330",
        "category": "reporters:federal",
        "reporter": "F.2d",
        "case_ids": [
          1821252
        ],
        "opinion_index": 0,
        "case_paths": [
          "/f2d/51/0330-01"
        ]
      },
      {
        "cite": "335 U.S. 451",
        "category": "reporters:federal",
        "reporter": "U.S.",
        "case_ids": [
          6159793
        ],
        "weight": 2,
        "pin_cites": [
          {
            "page": "193"
          }
        ],
        "opinion_index": 0,
        "case_paths": [
          "/us/335/0451-01"
        ]
      },
      {
        "cite": "63 Harv.L.Rev. 132",
        "category": "journals:journal",
        "reporter": "Harv. L. Rev.",
        "year": 1949,
        "opinion_index": 0
      }
    ],
    "analysis": {
      "cardinality": 730,
      "char_count": 14069,
      "ocr_confidence": 0.668,
      "pagerank": {
        "raw": 1.773312569642522e-07,
        "percentile": 0.712420492468866
      },
      "sha256": "2a78250c5f8c08f6f73ae2faa947e8879d53035d0d76ff17bf6567b95ff7049e",
      "simhash": "1:3a0ab1c578808059",
      "word_count": 2375
    },
    "last_updated": "2024-02-27T21:44:34.419376+00:00",
    "provenance": {
      "date_added": "2019-08-29",
      "source": "Harvard",
      "batch": "2018"
    },
    "file_name": "0055-01",
    "first_page_order": 93,
    "last_page_order": 97
  },
  {
    "id": 8144154,
    "name": "BLOCK v. TENANTS, 2016 O STREET, N. W., et al. (COGSWELL, Administrator of Rent Control, Intervener)",
    "name_abbreviation": "Block v. Tenants, 2016 O Street, N. W.",
    "decision_date": "1949-12-22",
    "docket_number": "No. 868",
    "first_page": "59",
    "last_page": "61",
    "citations": [
      {
        "type": "official",
        "cite": "70 A.2d 59"
      }
    ],
    "court": {
      "name_abbreviation": "D.C.",
      "id": 21806,
      "name": "District of Columbia Municipal Court of Appeals"
    },
    "jurisdiction": {
      "id": 56,
      "name_long": "District of Columbia",
      "name": "D.C."
    },
    "cites_to": [
      {
        "cite": "64 A.2d 163",
        "category": "reporters:state_regional",
        "reporter": "A.2d",
        "case_ids": [
          8140743
        ],
        "opinion_index": 0,
        "case_paths": [
          "/a2d/64/0163-01"
        ]
      },
      {
        "cite": "162 F.2d 722",
        "category": "reporters:federal",
        "reporter": "F.2d",
        "case_ids": [
          1110352
        ],
        "opinion_index": 0,
        "case_paths": [
          "/f2d/162/0722-01"
        ]
      },
      {
        "cite": "159 F.2d 416",
        "category": "reporters:federal",
        "reporter": "F.2d",
        "case_ids": [
          1122987
        ],
        "opinion_index": 0,
        "case_paths": [
          "/f2d/159/0416-01"
        ]
      }
    ],
    "analysis": {
      "cardinality": 318,
      "char_count": 4929,
      "ocr_confidence": 0.648,
      "pagerank": {
        "raw": 6.770845263994211e-08,
        "percentile": 0.41386988198925884
      },
      "sha256": "6a66be98ab6551382a657093a8637209782b834d24154846120896ddf4b21545",
      "simhash": "1:79ecb6ace7229246",
      "word_count": 841
    },
    "last_updated": "2024-02-27T21:44:34.419376+00:00",
    "provenance": {
      "date_added": "2019-08-29",
      "source": "Harvard",
      "batch": "2018"
    },
    "file_name": "0059-01",
    "first_page_order": 97,
    "last_page_order": 99
  },
  {
    "id": 8144167,
    "name": "NEWLIN v. WEAVER BROS., Inc.",
    "name_abbreviation": "Newlin v. Weaver Bros.",
    "decision_date": "1949-12-14",
    "docket_number": "No. 849",
    "first_page": "61",
    "last_page": "62",
    "citations": [
      {
        "type": "official",
        "cite": "70 A.2d 61"
      }
    ],
    "court": {
      "name_abbreviation": "D.C.",
      "id": 21806,
      "name": "District of Columbia Municipal Court of Appeals"
    },
    "jurisdiction": {
      "id": 56,
      "name_long": "District of Columbia",
      "name": "D.C."
    },
    "cites_to": [
      {
        "cite": "51 A.2d 375",
        "category": "reporters:state_regional",
        "reporter": "A.2d",
        "case_ids": [
          8155316
        ],
        "year": 1940,
        "opinion_index": 0,
        "case_paths": [
          "/a2d/51/0375-01"
        ]
      }
    ],
    "analysis": {
      "cardinality": 265,
      "char_count": 3295,
      "ocr_confidence": 0.674,
      "pagerank": {
        "raw": 6.380125665320789e-08,
        "percentile": 0.3943932638543792
      },
      "sha256": "614ff3b8da45bf2d7752e5f009b75f694d984a938acdfe3e3b73d738545d3395",
      "simhash": "1:b7fa0717636e91ad",
      "word_count": 548
    },
    "last_updated": "2024-02-27T21:44:34.419376+00:00",
    "provenance": {
      "date_added": "2019-08-29",
      "source": "Harvard",
      "batch": "2018"
    },
    "file_name": "0061-01",
    "first_page_order": 99,
    "last_page_order": 100
  },
  {
    "id": 8144197,
    "name": "WATWOOD v. CREDIT BUREAU, Inc., et al.",
    "name_abbreviation": "Watwood v. Credit Bureau, Inc.",
    "decision_date": "1949-12-12",
    "docket_number": "No. 859",
    "first_page": "62",
    "last_page": "64",
    "citations": [
      {
        "type": "official",
        "cite": "70 A.2d 62"
      }
    ],
    "court": {
      "name_abbreviation": "D.C.",
      "id": 21806,
      "name": "District of Columbia Municipal Court of Appeals"
    },
    "jurisdiction": {
      "id": 56,
      "name_long": "District of Columbia",
      "name": "D.C."
    },
    "cites_to": [
      {
        "cite": "68 A.2d 905",
        "category": "reporters:state_regional",
        "reporter": "A.2d",
        "case_ids": [
          8142925
        ],
        "opinion_index": 0,
        "case_paths": [
          "/a2d/68/0905-01"
        ]
      },
      {
        "cite": "68 A. 2d 211",
        "category": "reporters:state_regional",
        "reporter": "A.2d",
        "case_ids": [
          8140969
        ],
        "opinion_index": 0,
        "case_paths": [
          "/a2d/68/0211-01"
        ]
      },
      {
        "cite": "61 A.2d 32",
        "category": "reporters:state_regional",
        "reporter": "A.2d",
        "case_ids": [
          8150612
        ],
        "opinion_index": 0,
        "case_paths": [
          "/a2d/61/0032-01"
        ]
      }
    ],
    "analysis": {
      "cardinality": 376,
      "char_count": 5836,
      "ocr_confidence": 0.669,
      "pagerank": {
        "raw": 7.456941401377682e-08,
        "percentile": 0.4448170530405441
      },
      "sha256": "0f883b70a81302eb1b70f04d2607cdefe68a8e7f8243659c318531d13221840f",
      "simhash": "1:af8bcaa37bda04cc",
      "word_count": 1025
    },
    "last_updated": "2024-02-27T21:44:34.419376+00:00",
    "provenance": {
      "date_added": "2019-08-29",
      "source": "Harvard",
      "batch": "2018"
    },
    "file_name": "0062-01",
    "first_page_order": 100,
    "last_page_order": 102
  },
  {
    "id": 8145282,
    "name": "WHITE v. ALLAN",
    "name_abbreviation": "White v. Allan",
    "decision_date": "1949-12-29",
    "docket_number": "No. 857",
    "first_page": "252",
    "last_page": "256",
    "citations": [
      {
        "type": "official",
        "cite": "70 A.2d 252"
      }
    ],
    "court": {
      "name_abbreviation": "D.C.",
      "id": 21806,
      "name": "District of Columbia Municipal Court of Appeals"
    },
    "jurisdiction": {
      "id": 56,
      "name_long": "District of Columbia",
      "name": "D.C."
    },
    "cites_to": [
      {
        "cite": "171 F.2d 888",
        "category": "reporters:federal",
        "reporter": "F.2d",
        "case_ids": [
          1185876
        ],
        "pin_cites": [
          {
            "page": "889"
          }
        ],
        "opinion_index": 0,
        "case_paths": [
          "/f2d/171/0888-01"
        ]
      },
      {
        "cite": "37 A.2d 270",
        "category": "reporters:state_regional",
        "reporter": "A.2d",
        "case_ids": [
          8135815
        ],
        "opinion_index": 0,
        "case_paths": [
          "/a2d/37/0270-01"
        ]
      },
      {
        "cite": "69 A.2d 659",
        "category": "reporters:state_regional",
        "reporter": "A.2d",
        "case_ids": [
          8149535
        ],
        "opinion_index": 0,
        "case_paths": [
          "/a2d/69/0659-01"
        ]
      },
      {
        "cite": "38 A.2d 113",
        "category": "reporters:state_regional",
        "reporter": "A.2d",
        "case_ids": [
          8134438
        ],
        "opinion_index": 0,
        "case_paths": [
          "/a2d/38/0113-01"
        ]
      },
      {
        "cite": "55 A.2d 349",
        "category": "reporters:state_regional",
        "reporter": "A.2d",
        "case_ids": [
          8156203
        ],
        "opinion_index": 0,
        "case_paths": [
          "/a2d/55/0349-01"
        ]
      },
      {
        "cite": "174 F.2d 657",
        "category": "reporters:federal",
        "reporter": "F.2d",
        "case_ids": [
          306304
        ],
        "opinion_index": 0,
        "case_paths": [
          "/f2d/174/0657-01"
        ]
      },
      {
        "cite": "54 App.D.C. 152",
        "category": "reporters:state",
        "reporter": "App. D.C.",
        "opinion_index": 1
      },
      {
        "cite": "295 F. 973",
        "category": "reporters:federal",
        "reporter": "F.",
        "case_ids": [
          3633118
        ],
        "opinion_index": 1,
        "case_paths": [
          "/f/295/0973-01"
        ]
      },
      {
        "cite": "77 U.S.App.D.C. 299",
        "category": "reporters:state",
        "reporter": "U.S. App. D.C.",
        "opinion_index": 1
      },
      {
        "cite": "135 F.2d 803",
        "category": "reporters:federal",
        "reporter": "F.2d",
        "case_ids": [
          3664484
        ],
        "opinion_index": 1,
        "case_paths": [
          "/f2d/135/0803-01"
        ]
      },
      {
        "cite": "237 U.S. 605",
        "category": "reporters:federal",
        "reporter": "U.S.",
        "case_ids": [
          631862
        ],
        "weight": 3,
        "opinion_index": 1,
        "case_paths": [
          "/us/237/0605-01"
        ]
      }
    ],
    "analysis": {
      "cardinality": 668,
      "char_count": 13130,
      "ocr_confidence": 0.684,
      "pagerank": {
        "raw": 3.331136200297426e-07,
        "percentile": 0.873603634806508
      },
      "sha256": "98122da1266a2dfb232b351771225142063a25d22add3f8e4c740f7977d0cb0e",
      "simhash": "1:8536f6881d158556",
      "word_count": 2214
    },
    "last_updated": "2024-02-27T21:44:34.419376+00:00",
    "provenance": {
      "date_added": "2019-08-29",
      "source": "Harvard",
      "batch": "2018"
    },
    "file_name": "0252-01",
    "first_page_order": 290,
    "last_page_order": 294
  }
]
