{
  "id": 8025742,
  "name": "Robert J. LOPEZ, Appellant, v. UNITED STATES, Appellee",
  "name_abbreviation": "Lopez v. United States",
  "decision_date": "1977-05-10",
  "docket_number": "No. 10515",
  "first_page": "882",
  "last_page": "885",
  "citations": [
    {
      "type": "official",
      "cite": "373 A.2d 882"
    }
  ],
  "court": {
    "name_abbreviation": "D.C.",
    "id": 11933,
    "name": "District of Columbia Court of Appeals"
  },
  "jurisdiction": {
    "id": 56,
    "name_long": "District of Columbia",
    "name": "D.C."
  },
  "cites_to": [
    {
      "cite": "362 U.S. 402",
      "category": "reporters:federal",
      "reporter": "U.S.",
      "case_ids": [
        6164747
      ],
      "weight": 3,
      "year": 1960,
      "opinion_index": 0,
      "case_paths": [
        "/us/362/0402-01"
      ]
    },
    {
      "cite": "349 F.2d 699",
      "category": "reporters:federal",
      "reporter": "F.2d",
      "case_ids": [
        3652025,
        854422
      ],
      "year": 1965,
      "opinion_index": 0,
      "case_paths": [
        "/f2d/349/0699-01"
      ]
    },
    {
      "cite": "121 U.S.App.D.C. 264",
      "category": "reporters:state",
      "reporter": "U.S. App. D.C.",
      "case_ids": [
        3652025
      ],
      "year": 1965,
      "opinion_index": 0,
      "case_paths": []
    },
    {
      "cite": "348 F.2d 358",
      "category": "reporters:federal",
      "reporter": "F.2d",
      "case_ids": [
        857602,
        3652709
      ],
      "year": 1965,
      "opinion_index": 0,
      "case_paths": [
        "/f2d/348/0358-01"
      ]
    },
    {
      "cite": "121 U.S.App.D.C. 129",
      "category": "reporters:state",
      "reporter": "U.S. App. D.C.",
      "case_ids": [
        3652709
      ],
      "year": 1965,
      "opinion_index": 0,
      "case_paths": []
    },
    {
      "cite": "15 L.Ed.2d 164",
      "category": "reporters:federal",
      "reporter": "L. Ed. 2d",
      "year": 1965,
      "opinion_index": 0
    },
    {
      "cite": "86 S.Ct. 245",
      "category": "reporters:federal",
      "reporter": "S. Ct.",
      "year": 1965,
      "opinion_index": 0
    },
    {
      "cite": "382 U.S. 912",
      "category": "reporters:federal",
      "reporter": "U.S.",
      "case_ids": [
        6363701,
        6363894,
        6363260,
        6363518,
        6363039
      ],
      "year": 1965,
      "opinion_index": 0,
      "case_paths": [
        "/us/382/0912-04",
        "/us/382/0912-05",
        "/us/382/0912-02",
        "/us/382/0912-03",
        "/us/382/0912-01"
      ]
    },
    {
      "cite": "15 L.Ed.2d 100",
      "category": "reporters:federal",
      "reporter": "L. Ed. 2d",
      "year": 1965,
      "opinion_index": 0
    },
    {
      "cite": "86 S.Ct. 124",
      "category": "reporters:federal",
      "reporter": "S. Ct.",
      "year": 1965,
      "opinion_index": 0
    },
    {
      "cite": "382 U.S. 862",
      "category": "reporters:federal",
      "reporter": "U.S.",
      "case_ids": [
        6294659,
        6293896,
        6294156,
        6294925,
        6293394,
        6295188,
        6294392,
        6293657
      ],
      "year": 1965,
      "opinion_index": 0,
      "case_paths": [
        "/us/382/0862-06",
        "/us/382/0862-03",
        "/us/382/0862-04",
        "/us/382/0862-07",
        "/us/382/0862-01",
        "/us/382/0862-08",
        "/us/382/0862-05",
        "/us/382/0862-02"
      ]
    },
    {
      "cite": "346 F.2d 812",
      "category": "reporters:federal",
      "reporter": "F.2d",
      "case_ids": [
        3648987,
        863564
      ],
      "year": 1965,
      "opinion_index": 0,
      "case_paths": [
        "/f2d/346/0812-01"
      ]
    },
    {
      "cite": "120 U.S.App.D.C. 331",
      "category": "reporters:state",
      "reporter": "U.S. App. D.C.",
      "case_ids": [
        3648987
      ],
      "year": 1965,
      "opinion_index": 0,
      "case_paths": []
    },
    {
      "cite": "389 F.2d 949",
      "category": "reporters:federal",
      "reporter": "F.2d",
      "case_ids": [
        2097665,
        3577674
      ],
      "year": 1967,
      "opinion_index": 0,
      "case_paths": [
        "/f2d/389/0949-01"
      ]
    },
    {
      "cite": "128 U.S.App.D.C. 408",
      "category": "reporters:state",
      "reporter": "U.S. App. D.C.",
      "case_ids": [
        3577674
      ],
      "year": 1967,
      "opinion_index": 0,
      "case_paths": []
    }
  ],
  "analysis": {
    "cardinality": 549,
    "char_count": 9405,
    "ocr_confidence": 0.784,
    "pagerank": {
      "raw": 7.152478360372901e-08,
      "percentile": 0.42864583996982064
    },
    "sha256": "bd8c9ce301df8f5f4e5c9cf544fe8cc174830e2673e7a14fce45371441aa1ec0",
    "simhash": "1:9942f7203b11c755",
    "word_count": 1541
  },
  "last_updated": "2024-02-27T23:49:27.505024+00:00",
  "provenance": {
    "date_added": "2019-08-29",
    "source": "Harvard",
    "batch": "2018"
  },
  "casebody": {
    "judges": [
      "Before KELLY, GALLAGHER and NE-BEKER, Associate Judges."
    ],
    "parties": [
      "Robert J. LOPEZ, Appellant, v. UNITED STATES, Appellee."
    ],
    "opinions": [
      {
        "text": "KELLY, Associate Judge:\nThe issue on this appeal from convictions of assault with a dangerous weapon and possession of a prohibited weapon is whether the trial court abused its discretion by failing to hold a competency hearing pursuant to D.C.Code 1973, \u00a7 24-301(a), where the accused strenuously objected to such hearing, all the psychiatric reports held appellant competent to stand trial and defense counsel alone thought a hearing was required.\nThe undisputed facts are that on December 9, 1974, appellant, who had been drinking heavily, began banging and kicking on the office door of Mr. Edward Guinan, whom appellant had known for over two years. The two men had argued earlier in the day; and when Guinan came to the door, appellant slashed him on the neck and arm with a knife. Appellant did not remember the details of the assault.\nBefore trial, appellant was subjected to a series of status hearings. At the second such hearing appellant expressed extreme displeasure with the services of appointed counsel and the court granted his request for a new attorney. Appellant quickly became disenchanted with new counsel as well and requested that he be removed, that a new attorney be appointed, or that appellant be allowed to represent himself at trial. These requests were denied; but in view of appellant\u2019s belligerent attitude the court, over appellant\u2019s vigorous objection, committed him to St. Elizabeths Hospital for a competency examination.\nThe subsequent report from St. Eliza-beths was that appellant was competent to stand trial. It said that appellant was a habitual excessive drinker, but that his drinking had caused no organic brain damage. Based on this report as well as three letters from a forensic psychiatrist which also found appellant competent to stand trial, the trial judge issued an order in which he in turn found appellant competent to stand trial.\nDespite this unanimity of opinion, counsel again moved for a competency hearing pursuant to D.C.Code 1973, \u00a7 24-301(a). The trial judge denied the motion, saying to appellant: \u201cI am satisfied myself at this point that you understand what your circumstances are.\u201d During the hearing on the motion, appellant vociferously expressed his displeasure with counsel and explained his refusal to \u201cplay crazy\u201d and his desire to represent himself at trial.\nThe trial judge explained to appellant at length and with great patience that he would be foolish to refuse the aid of counsel and that appointed counsel was very able, but appellant was adamant. After another unsuccessful attempt at dissuasion on the first day of trial, the court allowed appellant to proceed pro se. Appellant proceeded only long enough to ask the first government witness three questions before he decided to allow appointed counsel to represent him for the remainder of the trial. Appellant was eventually found guilty by a jury on two counts of a six-count indictment.\nThe argument on appeal is that the trial judge should either have ruled appellant incompetent to stand trial on the basis of his obstreperous behavior in court or have held a competency hearing before sending the case to trial. While \u00a7 24-301(a) is silent as to whether there should be a competency hearing when the psychiatric report finds the accused competent to stand trial, case law on the subject has supplied the answer. When the psychiatric report finds the accused competent, but either the accused or the government objects to that report finding, the court must hold a competency hearing. Green v. United States, 128 U.S.App.D.C. 408, 389 F.2d 949 (1967); Whalem v. United States, 120 U.S.App.D.C. 331, 346 F.2d 812, cert. denied, 382 U.S. 862, 86 S.Ct. 124, 15 L.Ed.2d 100, rehearing denied, 382 U.S. 912, 86 S.Ct. 245, 15 L.Ed.2d 164 (1965). Absent such objections, the trial judge is not bound by the competency report and may hold a hearing if he thinks it necessary. Green v. United States, supra; Wider v. United States, 121 U.S.App.D.C. 129, 348 F.2d 358 (1965); Pouncey v. United States, 121 U.S.App.D.C. 264, 349 F.2d 699 (1965); Whalem v. United States, supra. The court\u2019s decision is discretionary and our standard of review on appeal is whether the decision reveals an abuse of that discretion. Whalem v. United States, supra.\nThe test for competency, set out in Dusky v. United States, 362 U.S. 402, 80 S.Ct. 788, 4 L.Ed.2d 824 (1960), is:\nwhether he [the accused] has sufficient present ability to consult with his lawyer with a reasonable degree of rational understanding \u2014 and whether he has a rational as well as a factual understanding of the proceedings against him.\nIn this case, although appellant was in most instances uncooperative and belligerent, he nevertheless was able to consult intelligently with his attorney and, other than a loss of memory, assist in his own defense. Appellant simply did not want to present an insanity defense. As one doctor at forensic psychiatry said, appellant had certain personality problems which made him antagonistic towards others, but these factors did not rise to the level of incompetence. It was clear that appellant not only understood the nature of the proceedings against him but also that he was thoroughly familiar with the workings of the criminal justice system. For instance, he was able to explain his bond status on a different charge to a confused court and counsel, realized that the assault charge carried a sentence of one to ten years and that he was subject to life imprisonment if he refused the government\u2019s offer of a plea and went to trial. Appellant knew he was eligible for a time cut, and was familiar with such things as third party custody, halfway houses, parole procedures, and eligibility for rehabilitation programs at Lorton. At one point appellant conceded that he had been pleased with his attorney on a previous case, indicating that he was not antagonistic towards the entire bar. Furthermore, in the present trial appellant realized that he was incapable of representing himself effectively and allowed appointed counsel to take over.\nThe trial judge engaged in several long, detailed conversations with appellant before he determined that appellant was competent to stand trial. This determination was based on an extensive observation of appellant and consideration of psychiatric reports. The decision has adequate support in the record and is\nAffirmed.\n. D.C.Code 1973, \u00a7\u00a7 22-502, -3214(b), respectively.\n. D.C.Code 1973, \u00a7 24-301(a), reads as follows:\nIf it appears to a court having jurisdiction of\u2014\n(1) a person arrested or indicted for, or charged by information with, an offense, or\n(2) a child subject to a transfer motion in the Family Division of the Superior Court of the District of Columbia pursuant to section 16-2307,\nthat, from the court\u2019s own observations or from prima facie evidence submitted to it and prior to the imposition of sentence, the expiration of any period of probation, or the hearing on the transfer motion, as the case may be, such person or child (hereafter in this subsection and subsection (b) referred to as the \u201caccused\u201d) is of unsound mind or is mentally incompetent so as to be unable to understand the proceedings against him or properly to assist in his own defense, the court may order the accused committed to the District of Columbia General Hospital or other mental hospital designated by the court, for such reasonable period as the court may determine for examination and observation and for care and treatment if such is necessary by the psychiatric staff of said hospital. If, after such examination and observation, the superintendent of the hospital, in the case of a mental hospital, or the chief psychiatrist of the District of Columbia General Hospital, in the case of the District of Columbia General Hospital, shall report that in his opinion the accused is of unsound mind or mentally incompetent, such report shall be sufficient to authorize the court to commit by order the accused to a hospital for the mentally ill unless the accused or the Government objects, in which event, the court, after hearing without a jury, shall make a judicial determination of the competency of the accused to stand trial or to participate in transfer proceedings. If the court shall find the accused to be then of unsound mind or mentally incompetent to stand trial or to participate in transfer proceedings, the court shall order the accused confined to a hospital for the mentally ill.\n.Tr. at 92.\n. Appellant cites no authority for the proposition that the trial judge should have ruled appellant incompetent despite the reports from St. Elizabeths Hospital without a hearing. However, as we believe the record adequately supports the trial judge\u2019s ruling of competence, we need not discuss this issue.",
        "type": "majority",
        "author": "KELLY, Associate Judge:"
      }
    ],
    "attorneys": [
      "Michael B. McGovern, Washington, D.C., appointed by the court, for appellant. J. Hampton Baumgartner, Jr., Washington, D.C., also appointed by the court, was on the brief, for appellant.",
      "Lillian A. McEwen, Asst. U. S. Atty., Washington, D.C., with whom Earl J. Sil-bert, U. S. Atty., John A. Terry, William D. Pease and Bette E. Uhrmacher, Asst. U. S. Attys., Washington, D.C., were on the brief, for appellee."
    ],
    "corrections": "",
    "head_matter": "Robert J. LOPEZ, Appellant, v. UNITED STATES, Appellee.\nNo. 10515.\nDistrict of Columbia Court of Appeals.\nArgued Feb. 9, 1977.\nDecided May 10, 1977.\nMichael B. McGovern, Washington, D.C., appointed by the court, for appellant. J. Hampton Baumgartner, Jr., Washington, D.C., also appointed by the court, was on the brief, for appellant.\nLillian A. McEwen, Asst. U. S. Atty., Washington, D.C., with whom Earl J. Sil-bert, U. S. Atty., John A. Terry, William D. Pease and Bette E. Uhrmacher, Asst. U. S. Attys., Washington, D.C., were on the brief, for appellee.\nBefore KELLY, GALLAGHER and NE-BEKER, Associate Judges."
  },
  "file_name": "0882-01",
  "first_page_order": 936,
  "last_page_order": 939
}
