{
  "id": 7877653,
  "name": "Evangeline SAMM, Appellant, v. Trina GRINA & Plaza West Co-Op Association, Inc., Appellees",
  "name_abbreviation": "Samm v. Grina",
  "decision_date": "1988-06-10",
  "docket_number": "Nos. 87-731, 87-732",
  "first_page": "836",
  "last_page": "837",
  "citations": [
    {
      "type": "official",
      "cite": "542 A.2d 836"
    }
  ],
  "court": {
    "name_abbreviation": "D.C.",
    "id": 11933,
    "name": "District of Columbia Court of Appeals"
  },
  "jurisdiction": {
    "id": 56,
    "name_long": "District of Columbia",
    "name": "D.C."
  },
  "cites_to": [
    {
      "cite": "524 A.2d 1199",
      "category": "reporters:state_regional",
      "reporter": "A.2d",
      "case_ids": [
        7889000
      ],
      "opinion_index": 0,
      "case_paths": [
        "/a2d/524/1199-01"
      ]
    },
    {
      "cite": "539 A.2d 1082",
      "category": "reporters:state_regional",
      "reporter": "A.2d",
      "case_ids": [
        7888529
      ],
      "opinion_index": 0,
      "case_paths": [
        "/a2d/539/1082-01"
      ]
    },
    {
      "cite": "494 A.2d 1346",
      "category": "reporters:state_regional",
      "reporter": "A.2d",
      "case_ids": [
        7923203
      ],
      "weight": 3,
      "pin_cites": [
        {
          "page": "1350"
        },
        {
          "page": "1350-51"
        }
      ],
      "opinion_index": 0,
      "case_paths": [
        "/a2d/494/1330-01"
      ]
    }
  ],
  "analysis": {
    "cardinality": 247,
    "char_count": 3164,
    "ocr_confidence": 0.758,
    "pagerank": {
      "raw": 1.304840681601385e-07,
      "percentile": 0.6229637326346054
    },
    "sha256": "120d43597758d7124309078dd28e291d60910ffbe5ea273ed12ed35fdf33f272",
    "simhash": "1:89f6832bb3d1253c",
    "word_count": 504
  },
  "last_updated": "2024-02-27T18:31:58.399277+00:00",
  "provenance": {
    "date_added": "2019-08-29",
    "source": "Harvard",
    "batch": "2018"
  },
  "casebody": {
    "judges": [
      "Before PRYOR, Chief Judge, and NEWMAN and STEADMAN, Associate Judges."
    ],
    "parties": [
      "Evangeline SAMM, Appellant, v. Trina GRINA & Plaza West Co-Op Association, Inc., Appellees."
    ],
    "opinions": [
      {
        "text": "PER CURIAM.\nAppellant Evangeline Samm filed this lawsuit as a pro se litigant in August, 1984. On March 12, 1987, the trial court dismissed the case because of Samm\u2019s failure to attend a pretrial conference. Samm argues that on the record before us, dismissal was an improper sanction. We agree and reverse.\nA pretrial conference was scheduled for 9:30 a.m. on March 12, 1987. Samm failed to appear at that time. The court waited until 3:00 p.m. and then sua sponte ordered that the case be dismissed for Samm\u2019s failure to attend the pretrial conference. The dismissal was recorded in an entry on the docket sheet, but was unamplified of record, by hearing, findings of fact, written order or otherwise. Samm filed a motion for reconsideration, explaining that she mistakenly thought that the pretrial conference was scheduled for April 12 rather than March 12. The trial court denied this motion for reconsideration without explanation.\nThough Super.Ct.Civ.R. 16-11 authorizes dismissal as a sanction for a party\u2019s failure to appear at a pretrial conference, this court has made clear that the sanction of dismissal \u201cshould be imposed \u2018sparingly.\u2019 \u201d Durham v. District of Columbia, 494 A.2d 1346, 1350 (D.C.1985). Recognizing the broad discretion of the trial court to select appropriate sanctions, we nevertheless held that the trial court must first consider less severe sanctions before ordering the dismissal of a case. We also noted as relevant factors to a dismissal decision whether there was willful and deliberate delay by the appellant, and whether appellee was prejudiced by appellant\u2019s delay. Id. As in the present case, the appellees in Durham had not articulated any prejudice suffered as a result of the appellant\u2019s failure to appear, nor had they offered any significant evidence of willful conduct on the part of the appellant or his attorney. Id. at 1350-51. Because the trial court had not made any findings on the record with respect to these or other factors, we reversed and remanded the case for further proceedings. Cf., dealing with entry of default judgment for discovery abuse, District of Columbia v. Greene, 539 A.2d 1082 (D.C.1988); Lyons v. Jordon, 524 A.2d 1199 (D.C.1987). The circumstances of the present case being virtually indistinguishable from Durham, the same disposition is called for.\nAccordingly, we reverse and remand this case for further proceedings in accordance with this opinion.\nSo ordered.\n. Rule 16-H states as follows:\nIf counsel or a party proceeding pro se fails to appear at a pretrial, settlement, or status conference, the court may enter a default, a dismissal of the case with or without prejudice, or take such other action, including the imposition of penalties and sanctions, as may be deemed appropriate.",
        "type": "majority",
        "author": "PER CURIAM."
      }
    ],
    "attorneys": [
      "Evangeline Samm, pro se.",
      "Sanford A. Friedman, for appellees. Keith M. Bonner, Washington, D.C., filed a brief, for appellees."
    ],
    "corrections": "",
    "head_matter": "Evangeline SAMM, Appellant, v. Trina GRINA & Plaza West Co-Op Association, Inc., Appellees.\nNos. 87-731, 87-732.\nDistrict of Columbia Court of Appeals.\nArgued April 12, 1988.\nDecided June 10, 1988.\nEvangeline Samm, pro se.\nSanford A. Friedman, for appellees. Keith M. Bonner, Washington, D.C., filed a brief, for appellees.\nBefore PRYOR, Chief Judge, and NEWMAN and STEADMAN, Associate Judges."
  },
  "file_name": "0836-01",
  "first_page_order": 894,
  "last_page_order": 895
}
