{
  "id": 1279836,
  "name": "W. B. Beason, Appellants, v. M. W. Watters and his Wife, Appellees",
  "name_abbreviation": "Beason v. Watters",
  "decision_date": "1930-06",
  "docket_number": "",
  "first_page": "1813",
  "last_page": "1813",
  "citations": [
    {
      "type": "official",
      "cite": "100 Fla. 1813"
    }
  ],
  "court": {
    "name_abbreviation": "Fla.",
    "id": 9230,
    "name": "Florida Supreme Court"
  },
  "jurisdiction": {
    "id": 28,
    "name_long": "Florida",
    "name": "Fla."
  },
  "cites_to": [],
  "analysis": {
    "cardinality": 16,
    "char_count": 131,
    "ocr_confidence": 0.527,
    "sha256": "e758de9401b122ce84ec964094a8ef09d1f7622c5ccbeb2cc8a755422f4467d7",
    "simhash": "1:a474809d06bbc485",
    "word_count": 21
  },
  "last_updated": "2023-07-14T17:35:28.833773+00:00",
  "provenance": {
    "date_added": "2019-08-29",
    "source": "Harvard",
    "batch": "2018"
  },
  "casebody": {
    "judges": [],
    "parties": [
      "W. B. Beason, Appellants, v. M. W. Watters and his Wife, Appellees."
    ],
    "opinions": [],
    "attorneys": [
      "Forrest Chapman for Appellant.",
      "W. W. Whitehurst for Appellees."
    ],
    "corrections": "",
    "head_matter": "W. B. Beason, Appellants, v. M. W. Watters and his Wife, Appellees.\nForrest Chapman for Appellant.\nW. W. Whitehurst for Appellees."
  },
  "file_name": "1813-01",
  "first_page_order": 809,
  "last_page_order": 809
}
