{
  "id": 8205830,
  "name": "Tifphane RILEY, Petitioner v. COMMONWEALTH of Pennsylvania, DEPARTMENT OF TRANSPORTATION, BUREAU OF MOTOR VEHICLES, Respondent",
  "name_abbreviation": "Riley v. Commonwealth, Department of Transportation, Bureau of Motor Vehicles",
  "decision_date": "2008-09-24",
  "docket_number": "No. 86 EM 2008",
  "first_page": "230",
  "last_page": "230",
  "citations": [
    {
      "type": "official",
      "cite": "957 A.2d 230"
    }
  ],
  "court": {
    "name_abbreviation": "Pa.",
    "id": 8832,
    "name": "Supreme Court of Pennsylvania"
  },
  "jurisdiction": {
    "id": 6,
    "name_long": "Pennsylvania",
    "name": "Pa."
  },
  "cites_to": [],
  "analysis": {
    "cardinality": 45,
    "char_count": 382,
    "ocr_confidence": 0.634,
    "sha256": "105eb2ecb953c3ec8a106f521809549ff1ef051d9e1d941d8bdf244758f2a9ff",
    "simhash": "1:44360ba7bbcf2272",
    "word_count": 59
  },
  "last_updated": "2023-07-14T22:36:50.088456+00:00",
  "provenance": {
    "date_added": "2019-08-29",
    "source": "Harvard",
    "batch": "2018"
  },
  "casebody": {
    "judges": [],
    "parties": [
      "Tifphane RILEY, Petitioner v. COMMONWEALTH of Pennsylvania, DEPARTMENT OF TRANSPORTATION, BUREAU OF MOTOR VEHICLES, Respondent."
    ],
    "opinions": [
      {
        "text": "ORDER\nPER CURIAM.\nAND NOW, this 24th day of September, 2008, the Petition for Leave to File Petition for Allowance of Appeal Nunc Pro Tunc and the Petition for Expedited Decision are DENIED.",
        "type": "majority",
        "author": "PER CURIAM."
      }
    ],
    "attorneys": [],
    "corrections": "",
    "head_matter": "Tifphane RILEY, Petitioner v. COMMONWEALTH of Pennsylvania, DEPARTMENT OF TRANSPORTATION, BUREAU OF MOTOR VEHICLES, Respondent.\nNo. 86 EM 2008.\nSupreme Court of Pennsylvania.\nSept. 24, 2008."
  },
  "file_name": "0230-02",
  "first_page_order": 270,
  "last_page_order": 270
}
