{
  "id": 8212690,
  "name": "RAIT PARTNERSHIP, L.P., Rait Emerald Pointe, Inc. and Rait Buckner, LLC, Appellees v. E POINTE PROPERTIES I, LTD., E Pointe Properties, Inc., Park Hollow Apartments, Ltd., Emerald Hollow Properties, Inc., Harold R. Demoss, III, John W. McCrary, William L. Harrington, Jan G. Demoss, Fred N. Himburg, Fred B. Himburg, Jeffrey S. Johnson and Buckner Apartment Partners # 1, Ltd., Appellants",
  "name_abbreviation": "Rait Partnership, L.P. v. E Pointe Properties I, Ltd.",
  "decision_date": "2008-09-26",
  "docket_number": "",
  "first_page": "1275",
  "last_page": "1280",
  "citations": [
    {
      "type": "official",
      "cite": "957 A.2d 1275"
    }
  ],
  "court": {
    "name_abbreviation": "Pa. Super. Ct.",
    "id": 8775,
    "name": "Superior Court of Pennsylvania"
  },
  "jurisdiction": {
    "id": 6,
    "name_long": "Pennsylvania",
    "name": "Pa."
  },
  "cites_to": [
    {
      "cite": "655 A.2d 997",
      "category": "reporters:state_regional",
      "reporter": "A.2d",
      "case_ids": [
        716011,
        7875621
      ],
      "year": 1995,
      "opinion_index": 0,
      "case_paths": [
        "/pa-super/440/0372-01",
        "/a2d/655/0997-01"
      ]
    },
    {
      "cite": "440 Pa.Super. 372",
      "category": "reporters:state",
      "reporter": "Pa. Super.",
      "case_ids": [
        716011
      ],
      "year": 1995,
      "opinion_index": 0,
      "case_paths": [
        "/pa-super/440/0372-01"
      ]
    },
    {
      "cite": "653 A.2d 1231",
      "category": "reporters:state_regional",
      "reporter": "A.2d",
      "year": 1994,
      "pin_cites": [
        {
          "parenthetical": "attorney's fee provision of fifteen percent enforceable where it was \"specifically authorized by the warrant of attorney\""
        }
      ],
      "opinion_index": 0
    },
    {
      "cite": "539 Pa. 692",
      "category": "reporters:state",
      "reporter": "Pa.",
      "year": 1994,
      "pin_cites": [
        {
          "parenthetical": "attorney's fee provision of fifteen percent enforceable where it was \"specifically authorized by the warrant of attorney\""
        }
      ],
      "opinion_index": 0
    },
    {
      "cite": "637 A.2d 309",
      "category": "reporters:state_regional",
      "reporter": "A.2d",
      "case_ids": [
        937953,
        7354133
      ],
      "weight": 2,
      "year": 1994,
      "pin_cites": [
        {
          "page": "314"
        }
      ],
      "opinion_index": 0,
      "case_paths": [
        "/pa-super/431/0541-01",
        "/a2d/637/0309-01"
      ]
    },
    {
      "cite": "431 Pa.Super. 541",
      "category": "reporters:state",
      "reporter": "Pa. Super.",
      "case_ids": [
        937953
      ],
      "year": 1994,
      "opinion_index": 0,
      "case_paths": [
        "/pa-super/431/0541-01"
      ]
    },
    {
      "cite": "485 A.2d 1086",
      "category": "reporters:state_regional",
      "reporter": "A.2d",
      "case_ids": [
        1790980,
        1790941
      ],
      "year": 1984,
      "pin_cites": [
        {
          "page": "1088"
        }
      ],
      "opinion_index": 0,
      "case_paths": [
        "/pa/506/0439-01",
        "/pa/506/0438-01"
      ]
    },
    {
      "cite": "506 Pa. 439",
      "category": "reporters:state",
      "reporter": "Pa.",
      "case_ids": [
        1790980
      ],
      "year": 1984,
      "pin_cites": [
        {
          "page": "442"
        }
      ],
      "opinion_index": 0,
      "case_paths": [
        "/pa/506/0439-01"
      ]
    },
    {
      "cite": "936 A.2d 39",
      "category": "reporters:state_regional",
      "reporter": "A.2d",
      "year": 2007,
      "opinion_index": 0
    },
    {
      "cite": "594 Pa. 702",
      "category": "reporters:state",
      "reporter": "Pa.",
      "year": 2007,
      "opinion_index": 0
    },
    {
      "cite": "922 A.2d 919",
      "category": "reporters:state_regional",
      "reporter": "A.2d",
      "case_ids": [
        8311725
      ],
      "pin_cites": [
        {
          "page": "923"
        }
      ],
      "opinion_index": 0,
      "case_paths": [
        "/a2d/922/0919-01"
      ]
    },
    {
      "cite": "936 A.2d 1145",
      "category": "reporters:state_regional",
      "reporter": "A.2d",
      "case_ids": [
        8365086
      ],
      "pin_cites": [
        {
          "page": "1146"
        }
      ],
      "opinion_index": 0,
      "case_paths": [
        "/a2d/936/1145-01"
      ]
    },
    {
      "cite": "361 A.2d 343",
      "category": "reporters:state_regional",
      "reporter": "A.2d",
      "weight": 3,
      "year": 1976,
      "pin_cites": [
        {
          "page": "347"
        },
        {
          "parenthetical": "noting also that the appellant failed to cite to evidence of record or argue sufficiently as to why the attorneys' fees were excessive, and that a voluminous record accompanied the case"
        }
      ],
      "opinion_index": 1
    },
    {
      "cite": "238 Pa.Super. 540",
      "category": "reporters:state",
      "reporter": "Pa. Super.",
      "case_ids": [
        6772077
      ],
      "year": 1976,
      "opinion_index": 1,
      "case_paths": [
        "/pa-super/238/0540-01"
      ]
    },
    {
      "cite": "655 A.2d 997",
      "category": "reporters:state_regional",
      "reporter": "A.2d",
      "case_ids": [
        716011,
        7875621
      ],
      "year": 1995,
      "opinion_index": 1,
      "case_paths": [
        "/pa-super/440/0372-01",
        "/a2d/655/0997-01"
      ]
    },
    {
      "cite": "440 Pa.Super. 372",
      "category": "reporters:state",
      "reporter": "Pa. Super.",
      "case_ids": [
        716011
      ],
      "year": 1995,
      "opinion_index": 1,
      "case_paths": [
        "/pa-super/440/0372-01"
      ]
    },
    {
      "cite": "637 A.2d 309",
      "category": "reporters:state_regional",
      "reporter": "A.2d",
      "case_ids": [
        937953,
        7354133
      ],
      "weight": 2,
      "year": 1994,
      "opinion_index": 1,
      "case_paths": [
        "/pa-super/431/0541-01",
        "/a2d/637/0309-01"
      ]
    },
    {
      "cite": "431 Pa.Super. 541",
      "category": "reporters:state",
      "reporter": "Pa. Super.",
      "case_ids": [
        937953
      ],
      "year": 1994,
      "opinion_index": 1,
      "case_paths": [
        "/pa-super/431/0541-01"
      ]
    }
  ],
  "analysis": {
    "cardinality": 692,
    "char_count": 14724,
    "ocr_confidence": 0.722,
    "pagerank": {
      "raw": 5.008689654632738e-08,
      "percentile": 0.31593695230880253
    },
    "sha256": "1ad8af0eae8439af5f4223436b62010901b64a2ef6409cb67395b599a8595550",
    "simhash": "1:1fa35136fd2a1c2d",
    "word_count": 2356
  },
  "last_updated": "2024-02-27T23:44:39.692751+00:00",
  "provenance": {
    "date_added": "2019-08-29",
    "source": "Harvard",
    "batch": "2018"
  },
  "casebody": {
    "judges": [
      "BEFORE: DONOHUE, J\u201e McEWEN, P.J.E., and FITZGERALD, J."
    ],
    "parties": [
      "RAIT PARTNERSHIP, L.P., Rait Emerald Pointe, Inc. and Rait Buckner, LLC, Appellees v. E POINTE PROPERTIES I, LTD., E Pointe Properties, Inc., Park Hollow Apartments, Ltd., Emerald Hollow Properties, Inc., Harold R. Demoss, III, John W. McCrary, William L. Harrington, Jan G. Demoss, Fred N. Himburg, Fred B. Himburg, Jeffrey S. Johnson and Buckner Apartment Partners # 1, Ltd., Appellants."
    ],
    "opinions": [
      {
        "text": "OPINION BY\nMcEWEN, P.J.E.:\n\u00b6 1 Appellants, E Pointe Properties I, Ltd., E Pointe Properties, Inc., Park Hollow Apartments, Ltd., Emerald Hollow Properties, Inc., Harold R. DeMoss, III, John W. McCrary, William L. Karrington, Jan G. DeMoss, Fred N. Himburg, Fred B. Himburg, Jeffrey S. Johnson, and Buckner Apartments Partners # 1, Ltd. (hereinafter referred to as \u201cE Pointe\u201d), appeal from the order denying their motion to open or strike the confessed judgment that had been entered against them by appellees, RAIT Partnership, L.P., RAIT Emerald Pointe, Inc., and RAIT Buckner, LLC (hereinafter \u201cRAIT\u201d). We affirm.\n\u00b6 2 The germane procedural facts of this case are not in dispute. The record reveals that on May 7, 2007, RAIT filed a civil complaint against E Pointe seeking a confessed judgment grounded upon a signed Forbearance Agreement that had been earlier entered into between the parties. RAIT obtained its requested relief when a confessed judgment was entered against E Point in the amount of $3,857,128.01. Thereafter, on June 6, 2007, E Pointe filed a timely consolidated motion to strike or open the confessed judgment. The trial court, on September 26, 2007, issued an order that modified the amount of the judgment \u2014 reducing the judgment from $3,857,128.01 to $3,450,-000.00 \u2014 but denied the request to otherwise strike or open the judgment. This appeal followed.\n\u00b6 3 E Pointe, in the brief filed in support of this appeal, sets out the following questions for this Court\u2019s review:\nWhether the trial court erred in refusing to strike or open the judgment entered by confession where the original and modified confessed judgments included amounts and items not recoverable under the express terms of the confession of judgment provision of the parties\u2019 Agreement?\nWhether the trial court erred in refusing to strike or open the judgment entered by confession and in entering a modified judgment that included $450,000.00 for attorney\u2019s fees?\nWhether the trial court erred in refusing to strike or open the judgment entered by confession where the original and modified judgments did not reflect credit for prior payments made by appellants in excess of the amount for which RAIT could properly obtain a judgment?\nSee: Brief of Appellants, p. 4.\n\u00b6 4 A petition to strike a judgment raises a question of law and relief thereon will only be granted if a fatal defect appears on the face of the record. Knickerbocker Russell Company, Inc. v. Crawford, 936 A.2d 1145, 1146 (Pa.Super.2007). Alternatively, a petition to open rests within the discretion of the trial court, and may be granted if the petitioner (1) acts promptly, (2) alleges a meritorious defense, and (3) can produce sufficient evidence to require submission of the case to a jury. Atlantic National Trust, LLC v. Stivala Investments, Inc., 922 A.2d 919, 923 (Pa.Super.2007), appeal denied, 594 Pa. 702, 936 A.2d 39 (2007). The decision of the trial court on a petition to strike or open judgment will not be disturbed unless there is an error of law or a manifest abuse of discretion. Id. at 922. See also: First Seneca Bank & Trust Co. v. Laurel Mountain Development Corp., 506 Pa. 439, 442, 485 A.2d 1086, 1088 (1984).\n\u00b6 5 E Pointe first claims that the judgment as entered was for an amount not authorized by the Agreement. The learned Judge Howland W. Abramson, in the Opinion filed in support of his decision, provided the following cogent analysis of the facts related to this claim:\nThe Forbearance Agreement provides that, upon defendant\u2019s [E Pointe\u2019s] default, plaintiff [RAIT] may confess judgment for \u201cthe Investment together with an attorneys\u2019 collection commission of fifteen percent (15%) of the aggregate amount of the foregoing sums, but in no event less than $10,000.\u201d The Forbearance Agreement contains the following discussion of what constitutes the \u201cInvestment\u201d referred to in the Confession of Judgment provisions:\n5(a). Obligors acknowledge and agree that as of November 13, 2006, the outstanding principal amount of the Investment is $2,500,000; and the outstanding Participation Return (as defined in the EP Partnership Agreement) is $2,000,000, totaling an aggregate Investment of $4,500,000, plus any accrued and unpaid Preferred Return (as defined in the EP Partnership Agreement) and/or Additional Preferred Return (as defined in the EP Partnership Agreement) [the \u201cInvestment Balance\u201d];\n6(a). EP Partnership and Guarantors agree to pay RAIT $1,500,000 of the Investment Balance on or before December 20, 2006, as a partial redemption of the Investment.\n(b). In addition to the payment required under subsection (a) above, EP Partnership and Guarantors agree to pay to RAIT ... $1,200,000 of the Investment Balance on or before January 4, 2007, as a partial redemption of the Investment.\n8(a) Upon repayment of the Investment pursuant to section 6(b) hereof, the remaining balance of the Investment (in an amount not to exceed $1,800,000), if any shall bo converted to a loan (the \u201cLoan\u201d) ...\nAfter the Forbearance Agreement was executed, defendants made the first $1.5 million payment on the Investment, but subsequently defaulted on the second payment due. As a result of th[e] payment, the aggregate Investment was no longer the $4.5 million stated in the Agreement, but was instead $3 million. Upon default, [RAIT] confessed judgment against [E Pointe] for $3,354,024.36, which included the $3 million and a Preferred Return amount of $354,024.36.\nTrial Court Opinion, September 28, 2007, pp. 2-3 (footnotes omitted). The judge, in response to E Pointe\u2019s petition to strike the judgment, struck the amount computed as the \u201cPreferred Return\u201d and the attorney\u2019s commission computed thereon, as not being included within the definition of \u201cInvestment\u201d set forth in the Forbearance Agreement, but allowed the judgment to stand for the amount of 3 million dollars, plus the fifteen percent attorney\u2019s collection commission thereon of $450,000. E Pointe now argues that the trial court misconstrued the Agreement\u2019s use of the term \u201cInvestment\u201d and, consequently, failed to properly identify the amount in controversy.\n\u00b6 6 Thus, the initial focus of our inquiry is on whether the trial court was correct in ruling that RAIT had correctly identified the amount at issue for which the entry of judgment was authorized, namely 3 million dollars. The argument of E Pointe rests upon its proposed interpretation of the confession of judgment provision, paragraph 20, contained in the Forbearance Agreement, which provided, in relevant part, that upon the occurrence of a default by E Pointe, a confessed judgment could be entered for \u201cthe Investment.\u201d According to E Pointe, the Investment should have consisted of only the 2.5 million dollars that was referred to in the Recitals section of the Agreement, specifically, paragraphs B and H. However, as the trial court correctly found, such an interpretation ignores, and in fact contradicts, explicit paragraphs that are contained in the actual \u201cAgreement\u201d section of the Agreement, namely, paragraphs 6 and 8 of that section.\n\u00b6 7 Paragraph 6, which defined the \u201cRepayment Terms\u201d to which the parties agreed, provided:\n(a) [E Pointe] agree[s] to pay to RAIT $1,500,000 of the Investment Balance on or before December 20, 2006, as a partial redemption of the Investment.\n(b) In addition to the payment required under subsection (a) above, [E Pointe] agree[s] to pay to RAIT ... $1,200,000 of the Investment Balance on or before January 4, 2007, as a partial redemption of the Investment.\nForbearance Agreement, November 30, 2006, \u00b6 6 (emphasis supplied). As is clear from these two paragraphs, E Pointe explicitly agreed to make two timely payments that totaled $2,700,000, instead of what appellant now claims was the total Investment amount, namely, $2,500,000. Moreover, paragraph 8 explicitly provides for the further repayment of \u201cthe remaining balance of the Investment (in an amount not to exceed $1,800,000).\u201d Forbearance Agreement, supra, \u00b6 8(a) (emphasis supplied). Not coincidentally, these payment amounts, when added together, match \u201cthe aggregate Investment\u201d of 4.5 million dollars which was spelled out in paragraph 5(a), and acknowledged as \u201cdue and owing\u201d in subsection (b) of that same paragraph. Since, as the trial court found, E Pointe received a reduction of this aggregate amount as a result of its first payment of 1.5 million dollars, the remaining amount subject to confession of judgment was the 3 million dollars as averred by RAIT. Therefore, we find no basis upon which to disagree with the decision of the trial court as to the amount in controversy.\n\u00b6 8 E Pointe next argues that the trial court erred in refusing to strike off or open that part of the judgment that included \u201can attorney\u2019s collection commission\u201d of $450,000. We disagree, since, as the trial court astutely observed, this Court has previously approved the inclusion of similar collection commission provisions in contracts. See: Dollar Bank, v. Northwood Cheese Co., 431 Pa.Super. 541, 637 A.2d 309, 314 (1994), appeal denied, 539 Pa. 692, 653 A.2d 1231 (1994) (attorney\u2019s fee provision of fifteen percent enforceable where it was \u201cspecifically authorized by the warrant of attorney\u201d). Here, there is no dispute that the Forbearance Agreement specifically provided for RAIT to include as part of the confessed judgment \u201can attorney\u2019s collection commission of fifteen percent (15%) of the aggregate amount of the foregoing sums.\u201d Forbearance Agreement, supra, \u00b6 20. Therefore, once again, we have no basis upon which to disagree with the decision of the trial court.\n\u00b6 9 The final issue raised by E Pointe merits minimum comment. Specifically, E Pointe claims that it was entitled to credit and set-offs on the judgment amount confessed against it due to partial payments allegedly made to RAIT. However, the factual basis for asserting this claim was never developed before the trial court, and in fact was not addressed by the trial court. Consequently, we regard the issue as waived. See generally: Pa.R.A.P. 302(a).\n\u00b6 10 Order affirmed.\n\u00b6 11 FITZGERALD, J., FILES A CONCURRING OPINION.\n. The Forbearance Agreement derived from RAIT\u2019s agreement to forego the enforcement of legal remedies that vested when E Pointe, inter alia, \"failed to comply with certain material obligations ... including the mandatory redemption of [RAIT\u2019s original] Investment\u201d of 2.5 million dollars, and the payment of 2 million dollars as a \u201cParticipation Return\u201d for RAIT\u2019s participation in E Pointe\u2019s limited partnership. See: Forbearance Agreement, November 30, 2006, Recitals, \u00b6\u00b6 N-Q.\n. It bears mention that we have rephrased E Pointe\u2019s questions raised on appeal to comply with the applicable Pennsylvania Rule of Appellate Procedure, which mandated that such questions be stated \"in the briefest and most general terms, without names, dates, amounts or particulars of any kind.\u201d Pa.R.A.P. 2116(a) (amended effective August 10, 2008).\n. We are not persuaded by E Pointe\u2019s argument that the decision of this Court in PNC Bank v. Bolus, 440 Pa.Super. 372, 655 A.2d 997 (1995), compels a different result. In that case, this Court approved a trial court's finding that the inclusion of an attorney\u2019s commission of $70,647.77 on a confessed judgment was \"unreasonable.\u201d However, the provision at issue in that case specifically called for the imposition of a \u201creasonable\u201d fee, thus justifying the trial court's inquiry into the reasonableness of the fee. Here, however, there is no similar provision, merely the automatic imposition of a \"commission\u201d of fifteen percent taxable as a cost attributable to E Pointe\u2019s default. Moreover, it bears remarking that the apparent munificence of the present provision is more understandable in the light of the fact that by the terms of the Forbearance Agreement, RAIT extended considerable grace to E Pointe in forgoing the enforcement of its previously vested rights. See: Footnote 1, supra. Thus, the collection commission became operable only when E Pointe defaulted on its obligation for the second time, thereby causing RAIT to resort to the judicial system to collect the amount it was admittedly owed.",
        "type": "majority",
        "author": "McEWEN, P.J.E.:"
      },
      {
        "text": "CONCURRING OPINION BY\nFITZGERALD, J.:\n\u00b6 11 join in all respects with the learned majority\u2019s resolution of the first and third issues. I also join in the result reached by the majority on the second issue regarding the award of fifteen percent in attorneys\u2019 fees. Although I agree that PNC Bank v. Bolus, 440 Pa.Super. 372, 655 A.2d 997 (1995), is inapplicable, I write separately to emphasize that, nonetheless, such awards of attorneys\u2019 fees should never be automatic, regardless of the language in the contract.\n\u00b6 2 In Dollar Bank, Fed. Savs. Bank v. Northwood Cheese Co., 431 Pa.Super. 541, 637 A.2d 309 (1994), upon which the majority relies, this Court acknowledged, \u201c[I]f the judgment as entered is for items clearly within the judgment note, but excessive in amount, the court will modify the judgment and cause a proper judgment to be entered.\u201d Id. at 314 (citing Colony Fed. Savs. & Loan Ass\u2019n v. Beaver Valley Eng\u2019g Supplies Co., 238 Pa.Super. 540, 361 A.2d 343, 347 (1976)). That the fifteen percent in attorney\u2019s fees were authorized by warrant of attorney was but a factor, though a significant one, in the Dollar Bank Court\u2019s analysis of whether the judgment was excessive. See id. (noting also that the appellant failed to cite to evidence of record or argue sufficiently as to why the attorneys\u2019 fees were excessive, and that a voluminous record accompanied the case). In the instant case, considering the warrant of attorney and the majority\u2019s observation that RAIT \u201cextended considerable grace to E Pointe\u201d at first, resorting to enforcement only after E Pointe\u2019s second default, I agree that the fifteen percent award of attorneys\u2019 fees was not excessive based on the facts of this case alone.\n. The Court also noted, \u201cIf the judgment was entered for an amount which was grossly excessive, the judgment must be stricken in its entirety.\u2019\u2019 Id.",
        "type": "concurrence",
        "author": "FITZGERALD, J.:"
      }
    ],
    "attorneys": [
      "Jennifer A. Diamantis, Philadelphia, for appellants.",
      "Jaqueline R. Dungee, Philadelphia, for appellees."
    ],
    "corrections": "",
    "head_matter": "RAIT PARTNERSHIP, L.P., Rait Emerald Pointe, Inc. and Rait Buckner, LLC, Appellees v. E POINTE PROPERTIES I, LTD., E Pointe Properties, Inc., Park Hollow Apartments, Ltd., Emerald Hollow Properties, Inc., Harold R. Demoss, III, John W. McCrary, William L. Harrington, Jan G. Demoss, Fred N. Himburg, Fred B. Himburg, Jeffrey S. Johnson and Buckner Apartment Partners # 1, Ltd., Appellants.\nSuperior Court of Pennsylvania.\nArgued April 30, 2008.\nFiled Sept. 26, 2008.\nJennifer A. Diamantis, Philadelphia, for appellants.\nJaqueline R. Dungee, Philadelphia, for appellees.\nBEFORE: DONOHUE, J\u201e McEWEN, P.J.E., and FITZGERALD, J.\nFormer Justice specially assigned to the Superior Court."
  },
  "file_name": "1275-01",
  "first_page_order": 1315,
  "last_page_order": 1320
}
