{
  "id": 11998924,
  "name": "In re Estate of Mary FONOS, Deceased. Appeal of Louise M. PORAC, Matthew Pope, Joseph Pope, Michael James Anthony, Walter Wacht, Jean Bracalento, Louise Nelson, Margaret Mary Pope Epstein, Alan Pope, Marion Sutherland, Richard Wacht, Joseph Porac, Suzanne Scott, Thomas Pope, Katherine Coulter, Geraldine Delong, Clare Porac, Marion Porac, Mark Kalas",
  "name_abbreviation": "In re Estate of Fonos",
  "decision_date": "1997-07-01",
  "docket_number": "",
  "first_page": "74",
  "last_page": "80",
  "citations": [
    {
      "type": "official",
      "cite": "698 A.2d 74"
    }
  ],
  "court": {
    "name_abbreviation": "Pa.",
    "id": 8832,
    "name": "Supreme Court of Pennsylvania"
  },
  "jurisdiction": {
    "id": 6,
    "name_long": "Pennsylvania",
    "name": "Pa."
  },
  "cites_to": [
    {
      "cite": "638 A.2d 489",
      "category": "reporters:state_regional",
      "reporter": "A.2d",
      "case_ids": [
        1458184,
        7363893
      ],
      "year": 1994,
      "pin_cites": [
        {
          "page": "491",
          "parenthetical": "\"In order to preserve an objection to the exclusion of testimony, the party seeking to have the testimony admitted must make an offer [to the trial court] as to what the testimony is going to establish.\""
        }
      ],
      "opinion_index": 0,
      "case_paths": [
        "/pa-commw/162/0340-01",
        "/a2d/638/0489-01"
      ]
    },
    {
      "cite": "393 Pa.Super. 355",
      "category": "reporters:state",
      "reporter": "Pa. Super.",
      "case_ids": [
        877820
      ],
      "weight": 2,
      "year": 1990,
      "pin_cites": [
        {
          "page": "359-61"
        },
        {
          "page": "651"
        }
      ],
      "opinion_index": 0,
      "case_paths": [
        "/pa-super/393/0355-01"
      ]
    },
    {
      "cite": "393 Pa.Super. 320",
      "category": "reporters:state",
      "reporter": "Pa. Super.",
      "case_ids": [
        877857
      ],
      "weight": 2,
      "year": 1990,
      "pin_cites": [
        {
          "page": "328-31"
        },
        {
          "page": "636"
        }
      ],
      "opinion_index": 0,
      "case_paths": [
        "/pa-super/393/0320-01"
      ]
    },
    {
      "cite": "276 A.2d 516",
      "category": "reporters:state_regional",
      "reporter": "A.2d",
      "year": 1971,
      "pin_cites": [
        {
          "page": "517-18"
        }
      ],
      "opinion_index": 0
    },
    {
      "cite": "442 Pa. 421",
      "category": "reporters:state",
      "reporter": "Pa.",
      "case_ids": [
        1935439
      ],
      "year": 1971,
      "pin_cites": [
        {
          "page": "422-24"
        }
      ],
      "opinion_index": 0,
      "case_paths": [
        "/pa/442/0421-01"
      ]
    }
  ],
  "analysis": {
    "cardinality": 1033,
    "char_count": 18808,
    "ocr_confidence": 0.698,
    "pagerank": {
      "raw": 1.4064277772564744e-07,
      "percentile": 0.6458897796744134
    },
    "sha256": "5eadef591222dd0b3d2cd9433ca0908832f2ba07cc6b551a261ce244fbc79bbb",
    "simhash": "1:fe6f088fc8bed453",
    "word_count": 2980
  },
  "last_updated": "2024-02-27T18:32:49.499896+00:00",
  "provenance": {
    "date_added": "2019-08-29",
    "source": "Harvard",
    "batch": "2018"
  },
  "casebody": {
    "judges": [
      "Before McEWEN, President Judge, and KELLY and OLSZEWSKI, JJ."
    ],
    "parties": [
      "In re Estate of Mary FONOS, Deceased. Appeal of Louise M. PORAC, Matthew Pope, Joseph Pope, Michael James Anthony, Walter Wacht, Jean Bracalento, Louise Nelson, Margaret Mary Pope Epstein, Alan Pope, Marion Sutherland, Richard Wacht, Joseph Porac, Suzanne Scott, Thomas Pope, Katherine Coulter, Geraldine Delong, Clare Porac, Marion Porac, Mark Kalas"
    ],
    "opinions": [
      {
        "text": "OLSZEWSKI, Judge.\nIn June of 1989, Mary Fonos, aged 88, married Michael Fonos, aged 81. Approximately three and one-half years there-after, Mary died intestate and, after being granted Letters of Administration from the Allegheny County Register of Wills, Michael was named administrator of her estate. Just weeks later, however, on Christmas day, 1993, Michael died as well. In his will, Michael bequeathed his two children from his previous marriage, Raymond and Doloras, equal shares of his estate.\nRaymond then petitioned for, and was granted, Letters of Administration for his father\u2019s estate and Letters of Administration D.B.N.C.T.A. for the estate of Mary Fonos. One week later, Louise Porac, a niece of Mary Fonos, filed a petition by which she and numerous other blood relatives of Mary Fonos sought to revoke the Letters of Administration D.B.N.C.TA. In the petition, the relatives challenged the right of Mary\u2019s then-surviving spouse, the late Michael Fo-nos, to inherit from his deceased spouse.\nIn support of her assertion that Michael was not entitled to inherit from his wife, appellants claimed that Michael had willfully neglected or refused to support his wife from the inception of their marriage and, as a result, had forfeited his inheritance rights. Administrative Judge Kelly then issued a citation to show cause why the Letters should not be revoked. Following two days of testimony, at which numerous friends and relatives of Mary Fonos testified, the Honorable Nathan Schwartz denied appellants\u2019 petition for revocation. After being considered by an en banc panel of the Allegheny County Orphan\u2019s Court, the Honorable Judges Schwartz and Zavarella denied appellants\u2019 post-trial motions. This timely appeal follows.\nInstantly, appellants propound several claims which allege that the trial court erred and abused its discretion in denying their petition. As all of these claims touch upon the propriety of spousal forfeiture in the present case, however, we will outline our standard of review at the outset.\nOur law does not favor forfeitures; statutes permitting such must, therefore, be strictly construed. See, e.g., In re Estate of Fisher, 442 Pa. 421, 422-24, 276 A.2d 516, 517-18 (1971); Commonwealth v. One 1988 Ford Coupe, 393 Pa.Super. 320, 328-31, 574 A.2d 631, 636 (1990). Thus, the petitioner in a forfeiture action bears the burden of proof and must demonstrate that the heirs taking by will or through statute are legally undeserving. See, e.g., In re Estate of Teaschenko, 393 Pa.Super. 355, 359-61, 574 A.2d 649, 651 (1990).\nAppellants\u2019 primary claim is that, pursuant to the inheritance forfeiture provision embodied in 20 Pa.C.S.A. \u00a7 2106, Michael Fonos surrendered his right to inherit from his wife, Mary. Specifically, appellants contend that Michael willfully and intentionally refused to support Mary from the inception of their marriage to Mary\u2019s ultimate day of death.\nBecause our standard of review mandates strict construction of the statute in question, we will reproduce the applicable section herein:\n\u00a7 2106. Forfeiture\n(a) Spouse\u2019s share. \u2014 A spouse, who for one year or upwards previous to the death of the other spouse, has willfully neglected or refused to perform the duty to support the other spouse, or for one year or upwards has willfully and maliciously deserted the other spouse, shall have no right or interest under this chapter in the real or personal estate of the other spouse.\n20 Pa.C.S.A. \u00a7 2106.\nAfter independently reviewing the record in this case, we must agree with the trial court that, \u201cdespite all of the evidence of Michael Fonos\u2019 shortcomings, it does not rise to the level required by \u00a7 2106 for spousal forfeiture\u201d and that \"Michael Fonos did not willfully neglect or refuse to perform his duty of support to his spouse.\u201d Slip op., 6/7/96 at\n2.\nFactually, the record discloses that, at the time the elderly couple wed, Mary was already having some trouble completing daily tasks and living independently. For example, Mary\u2019s extensive network of family and Mends would often visit to help with household chores, cooking and errand running. See, e.g., T.T., 7/5/94 at 27, 32, 51-52. Also, although Mary paid her own bills from her cheeking account, her sister would often remind her when a particular bill was due.\nConversely, Michael\u2019s life prior to the couple\u2019s nuptials was spent in relative solitude; estranged from both family and neighbors due to his crotchety, curmudgeon like nature. For instance, Michael\u2019s son Raymond testified that he had a very poor relationship with his father and rarely visited his home after his mother passed away because his father was verbally combative and accusatory. Raymond Fonos\u2019 deposition at 6. Similarly, Michael\u2019s long-time neighbor testified that Michael had a habit of calling the police for minor and sometimes imagined infractions, such as parking in front of his home. Mur-zyn\u2019s deposition at 5-7. Unlike Mary, Michael steadfastly refused help from others and, consequently, Ms home had been untidy and in a state of disrepair for some time preceding the wedding. Raymond Fonos\u2019 deposition at 28.\nAfter Michael and Mary married, the couple moved into Michael\u2019s home. Apparently, Mary had attempted to persuade Michael to live in her house because it was newer and in better repair; Michael, however, refused. T.T. 7/5/94 at 34. It is undisputed that, thereafter, the couple\u2019s lifestyle and standard of living rapidly deteriorated. See, e.g., id at 36, 67-68.\nMichael, by all accounts the more assertive of the two, generally refused to allow Mary\u2019s Mends and relations to help with household chores as they had before. Verbal battles ensued when Samaritans would offer to vacuum or do laundry for the couple. See, e.g., id at 37-38, 53-54, 72. As a rule, Michael would vehemently assert that he could take care of himself and Mary and did not need or appreciate outside intervention. Additionally, Michael acquired power of attorney over Mary\u2019s cheeking account and, although her social security funds were deposited directly into her account, she made no withdrawals throughout the marriage. T.T. 10/24/94 at 15.\nDuring tMs time, Mary never complained that she was being abused or mistreated, and no testimony was elicited that tended to show that Michael was physically abusive or that he maliciously withheld necessities from Mary. The couple attended weekly church services and occasionally socialized outside their home. Mary told one Mece that she tried to refrain from upsetting Michael and, therefore, generally acqmesced to Ms \"wishes, but she never stated that he forbade her from any particular activities. T.T. 7/5/94 at 61.\nAs time passed, visitors to the home began to suspect that both Michael and Mary were suffering from mental, as well as physical, incapacities. TMs, m turn, made Mary\u2019s family even more concerned about Michael\u2019s unreasonable behavior. Id. at 5960.\nIn December of 1992, Michael called emergency personnel to his home. Upon their arrival, the paramedics found Mary lying on the floor, incapacitated and covered with bruises, urine and feces. Maiy was rushed to the hospital where her condition was stabilized, although her mental acMty continued to fluctuate. Id. at 12-13. After speaking with hospital personnel, Mary\u2019s Mece, Louise Porac, made a complaint of suspected physical abuse to the protective services division of New Heritage, an Allegheny County-funded elder care agency. Id. at 56. In the subsequent interview between the New Heritage caseworker and Michael, Michael stated that Mary had fallen and that he had attempted unsuccessfully to drag her across the floor or pull her into a standing position. Only when it became evident that outside help was required did Michael notify the paramedics. Id. at 13.\nAdditionally, the caseworker reported that, during her home visit, she found the premises cluttered yet semi-clean and that the couple had adequate food supplies. The caseworker explained to Michael the differences between personal care homes and nursing homes and relayed her recommendation that Mary should live in such a facility after being released from the hospital. Although Michael initially insisted that Mary should return home, he eventually admitted that he was unable to care for Mary any longer. Id. at 11-13.\nUpon her release from the hospital, Mary became a resident at the Elder Crest nursing home in Munhall, Pennsylvania. During the six months that Mary lived at Elder Crest, Michael visited her every day. Id. at 16. Hospital administrators did, however, contact Louise Porac to elicit her help in settling a substantial, unpaid, bill. A meeting was arranged at which hospital administrator Helen Merlo, Louise Porac and Michael Fonos were present. Michael initially balked at paying the bill and, again, stated that he wanted to take Mary home. After some convincing and insisting, however, Michael relented and paid the $15,000 deficiency in full. Id. at 19-20.\nOn November 1, 1993, Mary died at the nursing home; she was ninety-two years old. Seven weeks later, Michael, aged eighty-nine, was found dead in the couple\u2019s house. Although, as stated, their home had been unclean and disheveled prior to Mary\u2019s accident, it is evident that, during the time Michael lived alone while Mary was at Elder Crest, the situation greatly worsened. In fact, virtually all of the couple\u2019s furnishings, clothing and belongings were thrown away due to their unsalvageable condition. Raymond Fonos\u2019 deposition at 28.\nAfter reviewing this evidence, all of which was offered by either neutral parties or friends and relations of Mary, we cannot conclude that Michael willfully neglected or refused to perform his duty to support Mary. Undoubtedly, the couple\u2019s living conditions were sub-par, and Michael\u2019s churlish, discourteous nature offended many of Mary\u2019s friends and, no doubt, Mary herself. Certainly, if Michael had accepted the help so frequently offered from others, the couple\u2019s standard of living would have vastly improved. Being an irascible, irritable, choleric old man is not, however, grounds for spousal forfeiture.\nMoreover, we agree with the trial court that Michael\u2019s ever-quarrelsome demeanor was exacerbated by his increasing loss of mental capacity. Slip op., 3/7/96 at 2. Any neglect of Mary or himself cannot rightfully be termed willful or intentional; instead, the neglect was the disturbing result of a man increasingly incapable of rational behavior. Michael did not willfully neglect or refuse to support Mary; rather, he willfully refused to accept the help from others that would have increased his ability to care for Mary in the manner to which she had been accustomed prior to their marriage. While this is unfortunate, it is not actionable.\nNext, appellants ask this Court to impose liability on Michael pursuant to the Older Adults Protective Services Act, 35 P.S. \u00a7 10225.101 et seq. Specifically, appellants maintain that, as defined by the Act, Michael qualified as a \u201ccaretaker\u201d and, because his care was substandard, he must be held responsible.\nPursuant to \u00a7 10225.103 of the Act, a \u201ccaretaker\u201d is defined as follows:\n\u201cCaretaker.\u201d An individual or institution that has assumed the responsibility for the provision of care needed to maintain the physical or mental health of an older adult. This responsibility may arise voluntarily, by contract, by receipt of payment for care, as a result of a familial relationship, or by order of a court of competent jurisdiction. It is not the intent of this act to impose responsibility on any individual if such responsibility would not otherwise exist in law.\n35 Pa.S.A \u00a7 10225.103.\nIt is appellants\u2019 contention that Michael assumed the role of Mary\u2019s sole provider and dominant caregiver and, because \u201che failed miserably in his self-appointed role,\u201d he should forfeit his inheritance rights. Appellants\u2019 brief at 18. This analysis, however, is fundamentally flawed and cannot support the proposition which appellants maintain.\nAs stated, the evidence adduced at trial reflected the opinions of many of Mary\u2019s friends and relations that Michael, as well as Mary, grew increasingly mentally infirm as the couple aged. T.T. 7/5/94 at 59-60. In fact, the trial court specifically found that \u201cMichael Fonos suffered infirmities of his own which caused many of the unfortunate conditions that existed.\u201d Slip op., 3/7/96 at 2.\nAlthough the Act does not specify, in its definition of \u201ccaregiver,\u201d that the person assuming the responsibility for the maintenance of an older individual be mentally stable and alert, we find that such a requirement is necessarily implicit. It would be fundamentally unfair to impose liability on an aged, physically and mentally infirm man who could not adequately care for himself, let alone his spouse.\nFurther support for this finding can be found in the Act\u2019s definition of \u201cneglect,\u201d which reads as follows:\n\u201cNeglect.\u201d The failure to provide for oneself or the failure of a caretaker to provide goods or services essential to avoid a clear and serious threat to physical or mental health. No older adult who does not consent to the provision of protective services shall be found to be neglected solely due to environmental factors which are beyond the control of the older adult or caretaker, such as inadequate housing, furnishings, income, clothing or medical care.\n35 Pa.S.A. \u00a7 10225.103 (emphasis added). Surely, the loss of one\u2019s mental faculties must be termed an environmental factor which is beyond the control of the caregiver. As such, Michael cannot be held to the caregiver standards set forth in the Act and any actions on his part that may have been in contravention of the statute are not actionable.\nFinally, appellants aver that, because the trial court\u2019s holding was contingent upon its finding that Michael did not act willfully, the court should have permitted expert testimony relative to the \u201cabusive relationship\u201d that existed between Michael and Mary. We find, however, that the question of whether such testimony should have been admitted at trial is not properly before this Court.\nAlthough, in a supplemental post-trial motion, appellants claimed that \u201cthe Court erred in not allowing a domestic abuse expert\u201d to testify, our independent review of both the record and the trial transcripts reveals no request or motion to the court that such testimony be allowed. It is axiomatic that the preservation of issues for appellate review entails both presentation during the trial stage and through post-trial motions. Therefore, appellants have waived this issue. See, e.g., Pa.R.A.P. 302; Pa.R.A.P. 2117(c); Watson v. City of Philadelphia, 162 Pa.Comm. 340, 344-46, 638 A.2d 489, 491 (1994)(\u201cIn order to preserve an objection to the exclusion of testimony, the party seeking to have the testimony admitted must make an offer [to the trial court] as to what the testimony is going to establish.\u201d).\nAssuming, however, that this issue was properly presented and preserved, we find that appellants would nonetheless be due no relief, for the present assertions are belied by the record and, thus, are without merit. In support of their contention that \u201cMary certainly suffered physical harm at the hands of her husband,\u201d appellants rely upon the events surrounding Mary\u2019s fall and subsequent hospitalization. From the fact that Mary was bruised and in deplorable condition upon arriving at the emergency room, appellants deduce that the injuries must have been the result of intentional abuse. Expert medical testimony, as well as the testimony of Mary\u2019s relatives, however, supports Michael\u2019s assertion that the wounds were accidental, rather than intentional.\nDr. Michael C. Staschak, appellants\u2019 own expert on emergency treatment, stated that the cause of Mary\u2019s injuries was twofold; the initial fall and the dragging or pulling afterward. For example, in Dr. Stasehak\u2019s opinion,\nthe ecchymotic lesions on the back of the right elbow, the abrasion, was not created by a fall. It was more along the lines of an abrasion or dragging-type injury. The lesions of the upper left arm would be more consistent with someone trying to grab her, to grab an arm as opposed to falling.\nStaschak\u2019s deposition, 10/25/94 at 32-33. Additionally, Mary\u2019s granddaughter stated that, when she asked her grandmother how the bruises were inflicted, Mary replied that there were bruises wherever Michael had tried to pick her up. T.T. 7/5/94 at 57.\nThis testimony is entirely consistent with Michael\u2019s claim, made to hospital personnel as well as the New Heritage caseworker, that he attempted to pull Mary to a standing position and dragged her across the carpeted floor prior to calling for emergency help. In light of this paucity of record evidence, we cannot agree that evidence of an abusive relationship existed and that such should have been admissible to prove motivation or intent at trial.\nOrder affirmed; jurisdiction relinquished.\n. \u00a7 3159. Letters of administration D.B.N. or D.B.N.C.T.A.\nWhen an entire vacancy occurs in the office of personal representative before administration is completed, the register, in the case of intestacy, shall grant letters of administration de bonis non, and in the case of testacy, letters de bonis non cum testamento annexo, to the person or persons entitled thereto.\n20 Pa.C.S.A. \u00a7 3159.\n. We note our displeasure that, despite the unambiguous dictate of Pa.R.A.P. 3518(a), appellants have failed to include in their brief to this Court a statement of the scope and standard of review applicable to the disposition of their claims. Such an omission does not, however, preclude effective review of their claims, and we will address their merits. Nonetheless, we expect litigants to fully comply with all procedural rules, regardless of whether default will be detrimental to the substance of their appeal.\n. Our painstaking, independent, review was necessitated by appellants\u2019 failure to cite, in their brief, to the places in the record which memorialize their presentation and preservation of this issue.\n. Dr. Staschak was deposed prior to trial and his testimony is included in the official record. He did not, however, testify at trial.",
        "type": "majority",
        "author": "OLSZEWSKI, Judge."
      }
    ],
    "attorneys": [
      "Louise Porac, Homestead, for appellants.",
      "Michael J. Murphy, Munhall, for appellants."
    ],
    "corrections": "",
    "head_matter": "In re Estate of Mary FONOS, Deceased. Appeal of Louise M. PORAC, Matthew Pope, Joseph Pope, Michael James Anthony, Walter Wacht, Jean Bracalento, Louise Nelson, Margaret Mary Pope Epstein, Alan Pope, Marion Sutherland, Richard Wacht, Joseph Porac, Suzanne Scott, Thomas Pope, Katherine Coulter, Geraldine Delong, Clare Porac, Marion Porac, Mark Kalas\nSuperior Court of Pennsylvania.\nArgued May 22, 1997.\nFiled July 1, 1997.\nReargument Denied Sept. 9, 1997.\nLouise Porac, Homestead, for appellants.\nMichael J. Murphy, Munhall, for appellants.\nBefore McEWEN, President Judge, and KELLY and OLSZEWSKI, JJ."
  },
  "file_name": "0074-01",
  "first_page_order": 158,
  "last_page_order": 164
}
