{
  "id": 11228639,
  "name": "SAULO COTTO FRANCOIS Querellante-Recurrido v. FRANCISCO REYES RIVERA Querellado-Recurrente",
  "name_abbreviation": "Cotto Francois v. Reyes Rivera",
  "decision_date": "1997-01-09",
  "docket_number": "N\u00fam. KLRA-96-00407",
  "first_page": "768",
  "last_page": "771",
  "citations": [
    {
      "type": "official",
      "cite": "2 T.C.A. 768"
    },
    {
      "type": "parallel",
      "cite": "97 DTA 183"
    }
  ],
  "court": {
    "name_abbreviation": "P.R. Cir.",
    "id": 16431,
    "name": "Puerto Rico Circuit Court of Appeals"
  },
  "jurisdiction": {
    "id": 25,
    "name_long": "Puerto Rico",
    "name": "P.R."
  },
  "cites_to": [
    {
      "cite": "115 D.P.R. 805",
      "category": "reporters:state",
      "reporter": "P.R. Dec.",
      "case_ids": [
        8759807
      ],
      "year": 1984,
      "opinion_index": 0,
      "case_paths": [
        "/pr-dec/115/0805-01"
      ]
    },
    {
      "cite": "121 D.P.R. 522",
      "category": "reporters:state",
      "reporter": "P.R. Dec.",
      "case_ids": [
        8758798
      ],
      "year": 1988,
      "pin_cites": [
        {
          "page": "532-533"
        }
      ],
      "opinion_index": 0,
      "case_paths": [
        "/pr-dec/121/0522-01"
      ]
    },
    {
      "cite": "126 D.P.R. 22",
      "category": "reporters:state",
      "reporter": "P.R. Dec.",
      "case_ids": [
        8755664
      ],
      "year": 1990,
      "pin_cites": [
        {
          "page": "31-32"
        }
      ],
      "opinion_index": 0,
      "case_paths": [
        "/pr-dec/126/0022-01"
      ]
    },
    {
      "cite": "114 D.P.R. 5",
      "category": "reporters:state",
      "reporter": "P.R. Dec.",
      "case_ids": [
        8756149
      ],
      "year": 1983,
      "opinion_index": 0,
      "case_paths": [
        "/pr-dec/114/0005-01"
      ]
    },
    {
      "cite": "116 D.P.R. 153",
      "category": "reporters:state",
      "reporter": "P.R. Dec.",
      "case_ids": [
        8757289
      ],
      "year": 1985,
      "pin_cites": [
        {
          "page": "158"
        }
      ],
      "opinion_index": 0,
      "case_paths": [
        "/pr-dec/116/0153-01"
      ]
    },
    {
      "cite": "93 D.P.R. 140",
      "category": "reporters:state",
      "reporter": "P.R. Dec.",
      "case_ids": [
        8813671
      ],
      "year": 1966,
      "opinion_index": 0,
      "case_paths": [
        "/pr-dec/93/0140-01"
      ]
    },
    {
      "cite": "85 D.P.R. 82",
      "category": "reporters:state",
      "reporter": "P.R. Dec.",
      "case_ids": [
        8813813
      ],
      "year": 1962,
      "pin_cites": [
        {
          "page": "88"
        }
      ],
      "opinion_index": 0,
      "case_paths": [
        "/pr-dec/85/0082-01"
      ]
    }
  ],
  "analysis": {
    "cardinality": 578,
    "char_count": 12360,
    "ocr_confidence": 0.888,
    "pagerank": {
      "raw": 4.03580807328026e-08,
      "percentile": 0.23871140749904723
    },
    "sha256": "24d92b0619c3389918aa2d7c529ee0f83aaed9fc8125b047e40dc6d29aae00a0",
    "simhash": "1:241649d7c11def62",
    "word_count": 1998
  },
  "last_updated": "2024-02-27T20:49:30.291166+00:00",
  "provenance": {
    "date_added": "2019-08-29",
    "source": "Harvard",
    "batch": "2018"
  },
  "casebody": {
    "judges": [
      "Panel integrado por su presidente, Juez Negr\u00f3n Soto y los Jueces Aponte Jim\u00e9nez y Segarra Olivero"
    ],
    "parties": [
      "SAULO COTTO FRANCOIS Querellante-Recurrido v. FRANCISCO REYES RIVERA Querellado-Recurrente"
    ],
    "opinions": [
      {
        "text": "Aponte Jim\u00e9nez, Juez Ponente\nTEXTO COMPLETO DE LA RESOLUCION\nPor las razones que a continuaci\u00f3n exponemos, desestimamos el recurso de revisi\u00f3n presentado por el querellado-recurrente por haberse presentado luego de transcurrido el t\u00e9rmino de treinta (30) d\u00edas dispuesto para ello en la secci\u00f3n 4.2 de la Ley N\u00fam. 170 de 12 de agosto de 1988, seg\u00fan enmendada, conocida como la Ley de Procedimiento Administrativo Uniforme (L.P.A.U.), 3 L.P.R.A. see. 2172.\nEl 10 de octubre de 1996, el Departamento de Asuntos del Consumidor (D.A.C.O.), emiti\u00f3 una resoluci\u00f3n ordenando al querellado-recurrente, Francisco Reyes Rivera, a indemnizar al querellante-recurrido, Saulo Cotto Francois, por gastos incurridos por este \u00faltimo en la terminaci\u00f3n de una remodelaci\u00f3n de su residencia para lo cual Reyes Rivera hab\u00eda sido contratado. Copia de la notificaci\u00f3n de la resoluci\u00f3n emitida fue archivada en autos el mismo 10 de octubre de 1996. No obstante, se envi\u00f3 por correo al querellado-recurrente cuatro (4) d\u00edas despu\u00e9s.\nEl 31 de octubre de 1996, el D.A.C.O. recibi\u00f3 una moci\u00f3n de reconsideraci\u00f3n enviada a trav\u00e9s del correo el 26 de octubre de 1996 por la representaci\u00f3n legal del querellado-recurrente. El 7 de noviembre de 1996, el D.A.C.O. declar\u00f3 no ha lugar la moci\u00f3n de reconsideraci\u00f3n presentada por el querellado-recurrente, por tard\u00eda. Dictamin\u00f3 que a la luz de la secci\u00f3n 3.15 de la L.P.A.U., 3 L.P.R.A. see. 2165, la moci\u00f3n presentada por la parte recurrente se present\u00f3 luego de haber transcurrido veinti\u00fan (21) d\u00edas desde la fecha de notificaci\u00f3n de la resoluci\u00f3n. Siendo as\u00ed, la agencia determin\u00f3 que carec\u00eda de jurisdicci\u00f3n para entender en la misma.\nNo conforme, el querellado-recurrente present\u00f3 el 5 de diciembre de 1996 el recurso que nos ocupa. Solicita que revoquemos la resoluci\u00f3n emitida y notificada por el D.A.C.O. el 7 de noviembre de 1996 resolviendo que la agencia carec\u00eda de jurisdicci\u00f3n para atender su solicitud de reconsideraci\u00f3n. Arguye que, independientemente de que el archivo en autos y la notificaci\u00f3n de la resoluci\u00f3n aludida tuviera fecha de 10 de octubre de 1996, la misma no fue depositada en el correo hasta cuatro (4) d\u00edas m\u00e1s tarde, esto es, el 14 de octubre de 1996. Se\u00f1ala, adem\u00e1s, que su moci\u00f3n de reconsideraci\u00f3n fue remitida por correo el 26 de octubre de 1996, por lo que debi\u00f3 entenderse presentada ante la agencia al ser depositada en el correo. Es a base de las fechas anteriormente indicadas que el querellado-recurrente pretende que determinemos que su moci\u00f3n de reconsideraci\u00f3n fue radicada oportunamente. No le asiste la raz\u00f3n.\nLa secci\u00f3n 3.15 de la L.P.A.U., supra, en lo pertinente a la controversia objeto de este recurso, dispone que:\n\"La parte adversamente afectada por una resoluci\u00f3n u orden parcial o final podr\u00e1, dentro del t\u00e9rmino de veinte (20) d\u00edas desde la fecha de archivo en autos de la notificaci\u00f3n de la resoluci\u00f3n u orden, presentar una moci\u00f3n de reconsideraci\u00f3n de la resoluci\u00f3n u orden.\" (Enfasis suplido.)\nEn Figueroa Rivera v. Tribunal Superior, 85 D.P.R. 82, 88 (1962), nuestro Tribunal Supremo contempl\u00f3 el efecto del env\u00edo de una sentencia despu\u00e9s de la fecha del archivo en autos de copia de su notificaci\u00f3n. Adelant\u00f3 la posibilidad de que al no remitirse copia de la sentencia \"dentro del t\u00e9rmino para apelar o revisar o se enviara tan tard\u00edamente que una parte no tuviera tiempo para preparar una revisi\u00f3n\". All\u00ed se expreso que ante tales situaciones, \"siempre habr\u00eda medios para proteger los derechos de una parte as\u00ed perjudicada\". Posteriormente, en Vda. de Carmona v. Carmona, 93 D.P.R. 140 (1966), donde la notificaci\u00f3n se envi\u00f3 pasado el t\u00e9rmino para apelar, el tribunal resolvi\u00f3 que dicho t\u00e9rmino comenzar\u00eda a transcurrir desde el dep\u00f3sito en el correo de la notificaci\u00f3n, no desde su archivo en autos. V\u00e9ase, adem\u00e1s, Canales Vel\u00e1zquez v. Converse de P.R., Inc., 92 J.T.S. 9, p\u00e1g. 9148.\nLa situaci\u00f3n antes nos es distinguible. La notificaci\u00f3n de la resoluci\u00f3n del D.A.C.O. se deposit\u00f3 en el correo s\u00f3lo cuatro (4) d\u00edas despu\u00e9s de haberse archivado en autos copia de la notificaci\u00f3n de la resoluci\u00f3n. El querellado-recurrente tuvo amplia oportunidad de preparar una moci\u00f3n de reconsideraci\u00f3n dentro del t\u00e9rmino de veinte (20) d\u00edas provisto por la secci\u00f3n 3.15 de la L.P.A.U. De hecho, alega que su moci\u00f3n de reconsideraci\u00f3n fue remitida por correo el 26 de octubre de 1996, cuatro (4) d\u00edas antes de que se venciera el t\u00e9rmino de veinte (20) d\u00edas dispuesto para ello. En ausencia de circunstancias extraordinarias que ameriten que el t\u00e9rmino comience a decursar desde el dep\u00f3sito de la notificaci\u00f3n en el correo, la moci\u00f3n de reconsideraci\u00f3n debi\u00f3 presentarse dentro del t\u00e9rmino jurisdiccional de veinte (20) d\u00edas desde la fecha de archivo en autos de la notificaci\u00f3n de la resoluci\u00f3n u orden que provee la secci\u00f3n 3.15 de la L.P.A.U. Canales Vel\u00e1zquez v. Converse de P.R., Inc., supra, p\u00e1g. 9149.\nSabido es que el t\u00e9rmino de veinte (20) d\u00edas para presentar una moci\u00f3n de reconsideraci\u00f3n ante una agencia es uno de car\u00e1cter jurisdiccional y que dicho plazo se computa a partir del archivo en autos de la notificaci\u00f3n de la resoluci\u00f3n. As\u00ed, en Tormos & D.A.C.O. v. F.R. Technology, 116 D.P.R. 153, 158 (1985), nuestro m\u00e1s alto foro expres\u00f3:\n\"Por otro lado, ya desde un punto de vista estrictamente jur\u00eddico, constituyendo el referido t\u00e9rmino para solicitar reconsideraci\u00f3n de la agencia uno de car\u00e1cter jurisdiccional, G.M. Overseas Dist. Corp. v. D.A.C.O., 114 D.P.R. 5 (1983), es mandatorio que dicho t\u00e9rmino sea uno cierto, \u00fanico e improrrogable dentro del cual todas las partes envueltas vengan obligadas a radicar la requerida moci\u00f3n de reconsideraci\u00f3n.\" (Enfasis suplido.)\nPor ello es que reiteradamente se ha resuelto que el t\u00e9rmino adicional de tres (3) d\u00edas dispuesto en la Regla 68.3 de Procedimiento Civil, 32 L.P.R.A. Ap. Ill, R.68.3, s\u00f3lo aplica a actos que han de realizarse a partir de la notificaci\u00f3n y cuando la misma se hace por correo. Dicho plazo no aprovecha a los t\u00e9rminos que comienzan a contarse a partir del archivo en autos de una copia de la sentencia. Aquellos que se establecen para apelar, reconsiderar o revisar, incluyendo los relativos a la revisi\u00f3n de las decisiones administrativas, no se ampl\u00edan por el hecho de que el secretario notifique la sentencia por correo. U.G.T. v. Challenger Caribbean Corp., 126 D.P.R. 22, 31-32 (1990); Gobernador de P.R. v. Alcalde de Juncos, 121 D.P.R. 522, 532-533 (1988); Lasalle v. J.A.C.L., 115 D.P.R. 805 (1984).\nDe otra parte, este Foro apelativo resolvi\u00f3 correctamente en Rivera Pimentel v. Caguas Expressway Motors, Inc., Departamento de Asuntos del Consumidor, Resoluci\u00f3n de 27 de abril de 1995, que cuando se utilice el correo para la presentaci\u00f3n de una moci\u00f3n de reconsideraci\u00f3n la misma tiene que ser recibida por la agencia concernida dentro del t\u00e9rmino jurisdiccional. El planteamiento del querellado-recurrente en cuanto a la remisi\u00f3n por correo de escritos jurisdiccionales como acto equivalente a su presentaci\u00f3n, carece pues de fundamento.\nA tenor de lo anterior, el D.A.C.O. notific\u00f3 adecuadamente al querellado-recurrente la resoluci\u00f3n cuya notificaci\u00f3n se archiv\u00f3 en autos por la agencia el 10 de octubre de 1996. Fue igualmente advertido en la resoluci\u00f3n de sus derechos, de los t\u00e9rminos para presentar su recurso de reconsideraci\u00f3n y de revisi\u00f3n, seg\u00fan establecidos en la secci\u00f3n 3.15 de la L.P.A.U. En virtud de todo ello, actu\u00f3 correctamente el D.A.C.O. al declarar no ha lugar la moci\u00f3n de reconsideraci\u00f3n presentada tard\u00edamente por el querellado-recurrente.\nEs importante notar que aunque la moci\u00f3n de reconsideraci\u00f3n ha dejado de ser un requisito jurisdiccional para recurrir en alzada, a\u00fan se requiere que su presentaci\u00f3n sea oportuna. Ley N\u00fam. 247 de 25 de diciembre de 1995; Rivera Rivera v. Municipio de Carolina, 96 J.T.S. 28, p\u00e1g. 747; Aponte Correa v. Polic\u00eda de Puerto Rico, 96 J.T.S. 157, p\u00e1g. 383. La secci\u00f3n 4.2 de la L.P.A.U., 3 L.P.R.A. see. 2172, actualmente dispone como sigue:\n\"Una parte adversamente afectada por una orden o resoluci\u00f3n final de una agencia y que haya agotado todos los remedios provistos por la agencia o por el organismo administrativo apelativo correspondiente podr\u00e1 presentar una solicitud de revisi\u00f3n ante el Tribunal de Circuito de Apelaciones, dentro de un t\u00e9rmino de treinta (30) d\u00edas contados a partir de la fecha del archivo en autos de la copia de la notificaci\u00f3n de la orden o resoluci\u00f3n final de la agencia o a partir de la fecha aplicable de las dispuestas en la secci\u00f3n 3.15 de esta Ley de Procedimiento Uniforme del Estado Libre Asociado de Puerto Rico, cuando el t\u00e9rmino para solicitar la revisi\u00f3n judicial haya sido interrumpido mediante la presentaci\u00f3n oportuna de una moci\u00f3n de reconsideraci\u00f3n.\" (Subrayado nuestro.)\nLa moci\u00f3n de reconsideraci\u00f3n que present\u00f3 tard\u00edamente el querellado-recurrente ante el D.A.C.O. no tuvo el efecto de paralizar el t\u00e9rmino para presentar el recurso de revisi\u00f3n ante este Foro. El mismo nunca fue interrumpido. Por ende, ante la ausencia de una presentaci\u00f3n oportuna de la moci\u00f3n de reconsideraci\u00f3n, el t\u00e9rmino de treinta (30) d\u00edas dispuesto en la secci\u00f3n 4.2 de la L.P.A.U., para acudir ante nos en revisi\u00f3n comenz\u00f3 a decursar el 10 de octubre de 1996, fecha que se archiv\u00f3 en autos copia de la notificaci\u00f3n de la resoluci\u00f3n emitida por el D.A.C.O. que orden\u00f3 al querellado-recurrente indemnizar al querellante-recurrido. De ese modo, el t\u00e9rmino para la revisi\u00f3n judicial venci\u00f3 el 9 de noviembre de 1996. Siendo as\u00ed, su presentaci\u00f3n ante este foro, el 5 de diciembre de 1996, fue en extremo tard\u00eda por lo que procede la desestimaci\u00f3n del recurso.\nPor las razones que anteceden, se desestima el recurso instado por haberse presentado el mismo luego de haber vencido el t\u00e9rmino de treinta (30) d\u00edas que incorpora por referencia la Regla 57 del Reglamento del Tribunal de Circuito de Apelaciones a las disposiciones antes discutidas.\nLo acuerda el tribunal y lo certifica la Secretaria General.\nAida Ileana Oquendo Graulau\nSecretaria General\nESCOLIOS 97 DTA 183\n1. \"Secci\u00f3n3.15 -Reconsideraci\u00f3n\nLa parte adversamente afectada por una resoluci\u00f3n u orden parcial o final podr\u00e1, dentro del t\u00e9rmino de veinte (20) d\u00edas desde la fecha de archivo en autos de la notificaci\u00f3n de la resoluci\u00f3n u orden, presentar una moci\u00f3n de reconsideraci\u00f3n de la resoluci\u00f3n u orden. La agencia dentro de los quince (15) d\u00edas de haberse presentado dicha moci\u00f3n deber\u00e1 considerarla. Si la rechazare de plano o no actuare dentro de los quince (15) d\u00edas, el t\u00e9rmino para solicitar revisi\u00f3n comenzar\u00e1 a correr nuevamente desde que se notifique dicha denegatoria o desde que expiren esos quince (15) d\u00edas, seg\u00fan sea el caso. Si se tomare alguna determinaci\u00f3n en su consideraci\u00f3n, el t\u00e9rmino para solicitar revisi\u00f3n empezar\u00e1 a contarse desde la fecha en que se archive en autos una copia de la resoluci\u00f3n de la agencia resolviendo definitivamente la moci\u00f3n de reconsideraci\u00f3n. Tal resoluci\u00f3n deber\u00e1 ser emitida y archivada en autos dentro de los noventa (90) d\u00edas siguientes a la radicaci\u00f3n de la moci\u00f3n de reconsideraci\u00f3n. Si la agencia acoge la moci\u00f3n de reconsideraci\u00f3n pero deja de tomar alguna acci\u00f3n con relaci\u00f3n a la moci\u00f3n dentro de los noventa (90) d\u00edas de \u00e9sta haber sido radicada, perder\u00e1 jurisdicci\u00f3n sobre la misma y el t\u00e9rmino para solicitar la revisi\u00f3n judicial empezar\u00e1 a contarse a partir de la expiraci\u00f3n de dicho t\u00e9rmino de noventa (90) d\u00edas salvo que la agencia, por justa causa y dentro de esos noventa (90) d\u00edas, prorrogue el t\u00e9rmino para resolver por un per\u00edodo que no exceder\u00e1 de treinta (30) d\u00edas adicionales\". Enmendada en 25 de diciembre de 1995, N\u00fam. 247, art. 4, ef. 1 de mayo de 1996.\n2. Cabe se\u00f1alar, que el querellado-recurrente en apoyo de su planteamiento en cuanto al perfeccionamiento de la moci\u00f3n de reconsideraci\u00f3n ante el D.A.C.O., pretende que se adopte por analog\u00eda la Regla 58 del Reglamento del Tribunal de Circuito de Apelaciones. Dicha Regla se refiere a la notificaci\u00f3n del escrito a otras partes, no as\u00ed a su presentaci\u00f3n ante el foro administrativo.",
        "type": "majority",
        "author": "Aponte Jim\u00e9nez, Juez Ponente"
      }
    ],
    "attorneys": [],
    "corrections": "",
    "head_matter": "97 DTA 183\nTRIBUNAL DE CIRCUITO DE APELACIONES CIRCUITO REGIONAL DE PONCE Y AEBONITO\nSAULO COTTO FRANCOIS Querellante-Recurrido v. FRANCISCO REYES RIVERA Querellado-Recurrente\nN\u00fam. KLRA-96-00407\nSan Juan, Puerto Rico, a 9 de enero de 1997\nPanel integrado por su presidente, Juez Negr\u00f3n Soto y los Jueces Aponte Jim\u00e9nez y Segarra Olivero"
  },
  "file_name": "0768-01",
  "first_page_order": 160,
  "last_page_order": 163
}
