{
  "id": 8151746,
  "name": "MIGUEL \u00c1NGEL MART\u00cdNEZ R\u00cdOS POR S\u00cd Y EN REPRESENTACI\u00d3N DE SU HIJA MENOR DE EDAD NINOSHKA MART\u00cdNEZ R\u00cdOS QUIEN ES PARTE DEMANDANTE Y CARMEN GLADYS R\u00cdOS ROM\u00c1N Recurridos v. HOSPITAL HERMANOS MEL\u00c9NDEZ, INC. Y/O LA CORPORACI\u00d3N QUE REPRESENTA AL HOSPITAL, EL DR. CARLOS A. MU\u00d1IZ MEL\u00c9NDEZ, SU ESPOSA FULANA DE TAL Y LA SOCIEDAD LEGAL DE BIENES GANANCIALES COMPUESTA POR AMBOS, EL DEPARTAMENTO DE ANESTESIOLOG\u00cdA DEL HOSPITAL Y/O LA CORPORACI\u00d3N QUIEN LA ADMINISTRA, EL DR. MANUEL MART\u00cdN, SU ESPOSA FULANA DE TAL Y LA SOCIEDAD LEGAL DE BIENES GANANCIALES COMPUESTA POR AMBOS, LAS COMPA\u00d1\u00cdAS X, Y Y Z, ASEGURADORAS COMO ASEGURADORAS DE FULANO DE TAL Y MENGANO DE TAL, DR. JOHN DOE Y DRA. JANE DOE Y LAS CORPORACIONES N, M, S, Peticionarios; BETZAIDA CARTAGENA, POR S\u00cd Y EN REPRESENTACI\u00d3N DE LA MENOR TIFFANY Y. ROND\u00d3N ROM\u00c1N; ANTONIO ROM\u00c1N Recurridos v. HOSPITAL HERMANOS MEL\u00c9NDEZ, INC.; DRA. DELMA NEGR\u00d3N RIVERA; DRA. MAR\u00cdA DEL C. P\u00c9REZ IGLESIAS; GRUPO GINECO-OBSTETRICO FEMENINO; FULANO DE TAL, MENGANO DE TAL, SUTANA DE TAL; COMPA\u00d1\u00cdAS X, Y & Z Peticionarios",
  "name_abbreviation": "Mart\u00ednez R\u00edos v. Hospital Hermanos Mel\u00e9ndez, Inc.",
  "decision_date": "2007-12-04",
  "docket_number": "N\u00fam. KLCE-07-00977",
  "first_page": "688",
  "last_page": "693",
  "citations": [
    {
      "type": "official",
      "cite": "13 T.C.A. 688"
    },
    {
      "type": "parallel",
      "cite": "2008 DTA 11"
    }
  ],
  "court": {
    "name_abbreviation": "P.R. Cir.",
    "id": 16431,
    "name": "Puerto Rico Circuit Court of Appeals"
  },
  "jurisdiction": {
    "id": 25,
    "name_long": "Puerto Rico",
    "name": "P.R."
  },
  "cites_to": [
    {
      "cite": "81 D.P.R. 554",
      "category": "reporters:state",
      "reporter": "P.R. Dec.",
      "case_ids": [
        8814832
      ],
      "year": 1959,
      "opinion_index": 0,
      "case_paths": [
        "/pr-dec/81/0554-01"
      ]
    },
    {
      "cite": "147 D.P.R. 669",
      "category": "reporters:state",
      "reporter": "P.R. Dec.",
      "case_ids": [
        9425716
      ],
      "weight": 2,
      "year": 1999,
      "opinion_index": 0,
      "case_paths": [
        "/pr-dec/147/0669-01"
      ]
    },
    {
      "cite": "151 D.P.R. 649",
      "category": "reporters:state",
      "reporter": "P.R. Dec.",
      "case_ids": [
        9156098
      ],
      "year": 2000,
      "opinion_index": 0,
      "case_paths": [
        "/pr-dec/151/0649-01"
      ]
    },
    {
      "cite": "90 D.P.R. 197",
      "category": "reporters:state",
      "reporter": "P.R. Dec.",
      "year": 1964,
      "pin_cites": [
        {
          "page": "200"
        }
      ],
      "opinion_index": 0
    },
    {
      "cite": "125 D.P.R. 203",
      "category": "reporters:state",
      "reporter": "P.R. Dec.",
      "case_ids": [
        8756358
      ],
      "year": 1990,
      "pin_cites": [
        {
          "page": "211"
        }
      ],
      "opinion_index": 0,
      "case_paths": [
        "/pr-dec/125/0203-01"
      ]
    },
    {
      "cite": "144 D.P.R. 651",
      "category": "reporters:state",
      "reporter": "P.R. Dec.",
      "case_ids": [
        9389674
      ],
      "weight": 2,
      "year": 1997,
      "pin_cites": [
        {
          "page": "658"
        }
      ],
      "opinion_index": 0,
      "case_paths": [
        "/pr-dec/144/0651-01"
      ]
    },
    {
      "cite": "117 D. P.R. 729",
      "category": "reporters:state",
      "reporter": "P.R. Dec.",
      "case_ids": [
        8759214
      ],
      "year": 1986,
      "opinion_index": 0,
      "case_paths": [
        "/pr-dec/117/0729-01"
      ]
    },
    {
      "cite": "132 D.P.R. 170",
      "category": "reporters:state",
      "reporter": "P.R. Dec.",
      "case_ids": [
        11556185
      ],
      "year": 1992,
      "pin_cites": [
        {
          "page": "181"
        }
      ],
      "opinion_index": 0,
      "case_paths": [
        "/pr-dec/132/0170-01"
      ]
    },
    {
      "cite": "132 D.P.R. 1042",
      "category": "reporters:state",
      "reporter": "P.R. Dec.",
      "case_ids": [
        11559016
      ],
      "year": 1993,
      "pin_cites": [
        {
          "page": "1052"
        }
      ],
      "opinion_index": 0,
      "case_paths": [
        "/pr-dec/132/1042-01"
      ]
    },
    {
      "cite": "123 D.P.R. 664",
      "category": "reporters:state",
      "reporter": "P.R. Dec.",
      "case_ids": [
        8810492
      ],
      "year": 1989,
      "pin_cites": [
        {
          "page": "674"
        }
      ],
      "opinion_index": 0,
      "case_paths": [
        "/pr-dec/123/0664-01"
      ]
    },
    {
      "cite": "117 D.P.R. 807",
      "category": "reporters:state",
      "reporter": "P.R. Dec.",
      "case_ids": [
        8759606
      ],
      "year": 1986,
      "pin_cites": [
        {
          "page": "814"
        }
      ],
      "opinion_index": 0,
      "case_paths": [
        "/pr-dec/117/0807-01"
      ]
    },
    {
      "cite": "85 D.P.R. 823",
      "category": "reporters:state",
      "reporter": "P.R. Dec.",
      "case_ids": [
        8815531
      ],
      "weight": 2,
      "pin_cites": [
        {
          "page": "829-830"
        }
      ],
      "opinion_index": 0,
      "case_paths": [
        "/pr-dec/85/0823-01"
      ]
    },
    {
      "cite": "113 D.P.R. 494",
      "category": "reporters:state",
      "reporter": "P.R. Dec.",
      "case_ids": [
        8811795
      ],
      "weight": 3,
      "year": 1982,
      "pin_cites": [
        {
          "page": "498"
        }
      ],
      "opinion_index": 0,
      "case_paths": [
        "/pr-dec/113/0494-01"
      ]
    },
    {
      "cite": "102 D.P.R. 787",
      "category": "reporters:state",
      "reporter": "P.R. Dec.",
      "case_ids": [
        8812968
      ],
      "year": 1984,
      "pin_cites": [
        {
          "page": "791"
        }
      ],
      "opinion_index": 0,
      "case_paths": [
        "/pr-dec/102/0787-01"
      ]
    },
    {
      "cite": "105 D.P.R. 305",
      "category": "reporters:state",
      "reporter": "P.R. Dec.",
      "case_ids": [
        8813229
      ],
      "year": 1976,
      "pin_cites": [
        {
          "page": "307"
        }
      ],
      "opinion_index": 0,
      "case_paths": [
        "/pr-dec/105/0305-01"
      ]
    },
    {
      "cite": "118 D.P.R. 679",
      "category": "reporters:state",
      "reporter": "P.R. Dec.",
      "case_ids": [
        8759146
      ],
      "weight": 2,
      "year": 1986,
      "pin_cites": [
        {
          "page": "686-687"
        }
      ],
      "opinion_index": 0,
      "case_paths": [
        "/pr-dec/118/0679-01"
      ]
    },
    {
      "cite": "120 D.P.R. 283",
      "category": "reporters:state",
      "reporter": "P.R. Dec.",
      "case_ids": [
        8758010
      ],
      "year": 1988,
      "pin_cites": [
        {
          "page": "293"
        }
      ],
      "opinion_index": 0,
      "case_paths": [
        "/pr-dec/120/0283-01"
      ]
    },
    {
      "cite": "143 D.P.R. 282",
      "category": "reporters:state",
      "reporter": "P.R. Dec.",
      "case_ids": [
        9389577
      ],
      "year": 1997,
      "pin_cites": [
        {
          "page": "291"
        }
      ],
      "opinion_index": 0,
      "case_paths": [
        "/pr-dec/143/0282-01"
      ]
    }
  ],
  "analysis": {
    "cardinality": 855,
    "char_count": 15881,
    "ocr_confidence": 0.821,
    "pagerank": {
      "raw": 4.03580807328026e-08,
      "percentile": 0.20086634394514893
    },
    "sha256": "7cf01f64b972ca9ec394588f40e22f0918b15afa76df20cf151e4533e928aed6",
    "simhash": "1:ecd24dd94e09dc7a",
    "word_count": 2613
  },
  "last_updated": "2024-02-27T23:44:18.335018+00:00",
  "provenance": {
    "date_added": "2019-08-29",
    "source": "Harvard",
    "batch": "2018"
  },
  "casebody": {
    "judges": [
      "Panel integrado por su Presidente, el Juez Rivera Mart\u00ednez, el Juez Col\u00f3n Biniel y la Juez Jim\u00e9nez Vel\u00e1zquez"
    ],
    "parties": [
      "MIGUEL \u00c1NGEL MART\u00cdNEZ R\u00cdOS POR S\u00cd Y EN REPRESENTACI\u00d3N DE SU HIJA MENOR DE EDAD NINOSHKA MART\u00cdNEZ R\u00cdOS QUIEN ES PARTE DEMANDANTE Y CARMEN GLADYS R\u00cdOS ROM\u00c1N Recurridos v. HOSPITAL HERMANOS MEL\u00c9NDEZ, INC. Y/O LA CORPORACI\u00d3N QUE REPRESENTA AL HOSPITAL, EL DR. CARLOS A. MU\u00d1IZ MEL\u00c9NDEZ, SU ESPOSA FULANA DE TAL Y LA SOCIEDAD LEGAL DE BIENES GANANCIALES COMPUESTA POR AMBOS, EL DEPARTAMENTO DE ANESTESIOLOG\u00cdA DEL HOSPITAL Y/O LA CORPORACI\u00d3N QUIEN LA ADMINISTRA, EL DR. MANUEL MART\u00cdN, SU ESPOSA FULANA DE TAL Y LA SOCIEDAD LEGAL DE BIENES GANANCIALES COMPUESTA POR AMBOS, LAS COMPA\u00d1\u00cdAS X, Y Y Z, ASEGURADORAS COMO ASEGURADORAS DE FULANO DE TAL Y MENGANO DE TAL, DR. JOHN DOE Y DRA. JANE DOE Y LAS CORPORACIONES N, M, S, Peticionarios BETZAIDA CARTAGENA, POR S\u00cd Y EN REPRESENTACI\u00d3N DE LA MENOR TIFFANY Y. ROND\u00d3N ROM\u00c1N; ANTONIO ROM\u00c1N Recurridos v. HOSPITAL HERMANOS MEL\u00c9NDEZ, INC.; DRA. DELMA NEGR\u00d3N RIVERA; DRA. MAR\u00cdA DEL C. P\u00c9REZ IGLESIAS; GRUPO GINECO-OBSTETRICO FEMENINO; FULANO DE TAL, MENGANO DE TAL, SUTANA DE TAL; COMPA\u00d1\u00cdAS X, Y & Z Peticionarios"
    ],
    "opinions": [
      {
        "text": "Rivera Mart\u00ednez, Juez Ponente\nTEXTO COMPLETO DE LA SENTENCIA\nComparece ante nos el Hospital Hermanos Mel\u00e9ndez mediante recurso de certiorari en el que nos solicita que revoquemos la resoluci\u00f3n emitida por el Tribunal de Primera Instancia, Sala de Bayam\u00f3n, el 18 de mayo de 2007, notificada el 31 de mayo de 2007. En \u00e9sta se declar\u00f3 no ha lugar su solicitud de desestimaci\u00f3n de la demanda sobre da\u00f1os y perjuicios presentada en su contra por las partes demandantes de ep\u00edgrafe.\nExaminadas las comparecencias de las partes, as\u00ed como el derecho aplicable, procedemos a expedir el auto solicitado y modificar la resoluci\u00f3n recurrida.\nI\nEl 20 de diciembre de 2002, el se\u00f1or Miguel \u00c1ngel Mart\u00ednez R\u00edos (en adelante se\u00f1or Mart\u00ednez), por s\u00ed y en representaci\u00f3n de la menor Ninoshka Mart\u00ednez R\u00edos, y la se\u00f1ora Carmen Gladys R\u00edos Rom\u00e1n, presentaron una demanda sobre da\u00f1os y perjuicios contra el Hospital Hermanos Mel\u00e9ndez (en adelante Hospital) y varios m\u00e9dicos, entre \u00e9stos, unos anestesi\u00f3logos, por la muerte de la se\u00f1ora Anabet Rom\u00e1n Cartagena (en adelante se\u00f1ora Rom\u00e1n), de quien el se\u00f1or Mart\u00ednez era compa\u00f1ero consensual. Junto con la demanda presentaron un informe pericial realizado por la Dra. Stephanie Mann (en adelante doctora Mann). Por su parte, el 23 de diciembre de ese a\u00f1o, la se\u00f1ora Betzaida Cartagena, madre de la se\u00f1ora Rom\u00e1n, por s\u00ed y en representaci\u00f3n de la menor Tiffany Y. Rond\u00f3n Rom\u00e1n, as\u00ed como el se\u00f1or Antonio Rom\u00e1n, presentaron una demanda sobre da\u00f1os y perjuicios contra el Hospital y varios m\u00e9dicos. Ambas demandas trataban sobre las circunstancias en que falleci\u00f3 la se\u00f1ora Rom\u00e1n y se presentaron ante el Tribunal de Primera Instancia, Sala de Bayam\u00f3n (en adelante TPI).\nLuego de varios tr\u00e1mites procesales, entre \u00e9stos, el comienzo del descubrimiento de prueba, los casos se consolidaron. As\u00ed las cosas, durante una vista celebrada el 27 de enero de 2005, el TPI manifest\u00f3 que en una vista anterior, el representante legal de los demandantes, entre los que estaba el se\u00f1or Mart\u00ednez, inform\u00f3 que la doctora Mann no hab\u00eda podido entregar su informe pericial por problemas administrativos. Adem\u00e1s, el referido foro expres\u00f3 que dicho letrado hab\u00eda indicado que con el informe decidir\u00eda si desist\u00eda de la demanda contra los anestesi\u00f3logos. Ante esto, el TPI le concedi\u00f3 t\u00e9rmino para que mostrara causa por la cual no se deb\u00eda desestimar la demanda en contra de los referidos galenos.\nPosteriormente, los anestesi\u00f3logos solicitaron la desestimaci\u00f3n de la demanda. Los demandantes encabezados por el se\u00f1or Mart\u00ednez se opusieron. Sostuvieron que no hab\u00edan podido conseguir un perito que les pudiera proveer un informen cuanto a las actuaciones de los anestesi\u00f3logos. Por ello, solicitaron un t\u00e9rmino adicional para obtener dicho informe. Por su parte, los otros demandantes solicitaron tiempo adicional para contratai' un perito sobre los anestesi\u00f3logos. En cuanto a esta solicitud, el TPI emiti\u00f3 una orden en la que indic\u00f3 que si para el 28 de julio de 2005 no se rend\u00eda el informe pericial, se desestimar\u00eda la demanda contra los anestesi\u00f3logos.\nLuego de varios tr\u00e1mites procesales, el Hospital present\u00f3 una Moci\u00f3n Informativa y Solicitud de Pr\u00f3rroga Para Anunciar Perito. En lo pertinente, adujo que no hab\u00eda podido contratar un perito debido a que los demandantes no hab\u00edan informado el suyo. Posteriormente, en febrero de 2006, el Hospital solicit\u00f3 la desestimaci\u00f3n del caso. Aleg\u00f3 que ello proced\u00eda, en vista de los incumplimientos con las \u00f3rdenes del tribunal por parte de los demandantes, espec\u00edficamente, al no presentar su informe pericial.\nEl 1 de mayo de 2007, se celebr\u00f3 una vista de seguimiento. Surge de la minuta que los abogados de los anestesi\u00f3logos y del Hospital se\u00f1alaron que solicitar\u00edan la desestimaci\u00f3n de la demanda por el incumplimiento de los demandantes, quienes no comparecieron a la vista. El TPI manifest\u00f3 que se expresar\u00eda por escrito y emitir\u00eda una orden, con t\u00e9rmino perentorio, incluyendo sanciones, requiri\u00e9ndole a las partes demandantes cumplir.\nAs\u00ed pues, el 18 de mayo de 2007, notificada el 31 de mayo de 2007, el TPI emiti\u00f3 la resoluci\u00f3n recurrida. En primer lugar, les impuso a los demandantes una sanci\u00f3n de $200 por su incomparecencia a la vista del 1 de mayo de 2007. Adem\u00e1s, les impuso una sanci\u00f3n de $400 por no haber cumplido con las \u00f3rdenes del tribunal. Por \u00faltimo, les concedi\u00f3 un t\u00e9rmino perentorio de 40 d\u00edas para notificar el informe pericial a las partes. Sostuvo que su incumplimiento dar\u00eda paso a la desestimaci\u00f3n de su causa de acci\u00f3n. Ahora bien, de un examen de la notificaci\u00f3n de dicha resoluci\u00f3n no surge que \u00e9sta se les haya notificado a los demandantes.\nInconforme, el Hospital present\u00f3 el recurso que nos ocupa. Sostiene que el TPI abus\u00f3 de su discreci\u00f3n al no desestimar la demanda y al darles a los demandantes t\u00e9rmino adicional para presentar su informe pericial.\nII\nLa Regla 39.2(a) de Procedimiento Civil, 32 L.P.R.A. Ap. III, dispone, en cuanto a la desestimaci\u00f3n de los pleitos, lo siguiente:\n\u201c(a) Si el demandante dejare de cumplir con estas reglas o con cualquier orden del tribunal, el tribunal a iniciativa propia o a solicitud del demandado, podr\u00e1 decretar la desestimaci\u00f3n del pleito o de cualquier reclamaci\u00f3n contra \u00e9l o la eliminaci\u00f3n de las alegaciones, seg\u00fan corresponda. \u201d\nCuando se trate de un primer incumplimiento, la severa sanci\u00f3n de la desestimaci\u00f3n de la demanda o la eliminaci\u00f3n de las alegaciones, tan s\u00f3lo proceder\u00e1 despu\u00e9s que el tribunal, en primer t\u00e9rmino, haya apercibido al abogado de la paite de la situaci\u00f3n y se le haya concedido oportunidad para responder. Si el abogado de la parte no respondiese a tal apercibimiento, el tribunal proceder\u00e1 a imponer sanciones al abogado de la parte y se notificar\u00e1 directamente a la parte sobre la situaci\u00f3n. Luego de que la parte haya sido debidamente informada y/o apercibido de la situaci\u00f3n y de las consecuencias que pueda tener el que la misma no sea corregida, el tribunal podr\u00e1 ordenar la desestimaci\u00f3n del pleito o la eliminaci\u00f3n de las alegaciones. El tribunal conceder\u00e1 a la parte un t\u00e9rmino de tiempo razonable para corregir la situaci\u00f3n que en ning\u00fan caso ser\u00e1 menor de treinta (30) d\u00edas, a menos que las circunstancias del caso justifiquen que se reduzca el t\u00e9rmino.\nNo se debe desestimar una acci\u00f3n judicial, salvo que a la luz de todos los hechos expuestos, el reclamante carezca de derecho a remedio alguno. Soto L\u00f3pez v. Col\u00f3n, 143 D.P.R. 282, 291 (1997). Existe una clara y firme pol\u00edtica de que los casos sean resueltos en sus m\u00e9ritos. Neptune Packing Corp. v. Wackenhut Corp., 120 D.P.R. 283, 293 (1988); Imp. Vilca, Inc. v. Hogares Crea Inc., 118 D.P.R. 679, 686-687 (1986). La desestimaci\u00f3n de un pleito bajo la Regla 39.2, supra, debe prevalecer \u00fanicamente en casos extremos al quedar expuesto el desinter\u00e9s y el abandono total de la parte de su caso. Arce v. Club Gall\u00edstico de San Juan, 105 D.P.R. 305, 307 (1976). El desestimar una causa de acci\u00f3n, solamente debe hacerse en casos en que no haya duda de la irresponsabilidad y contumacia de la paite contra quien se toman las medidas dr\u00e1sticas. Acevedo v. Compa\u00f1\u00eda Telef\u00f3nica de P.R., 102 D.P.R. 787, 791 (1984). Es principio claro que tal poder discrecional de desestimar una demanda se debe ejercer juiciosa y apropiadamente. Maldonado v. Secretario de Recursos Naturales, 113 D.P.R. 494, 498 (1982).\nReiteradamente se ha resuelto que la desestimaci\u00f3n de un pleito sin ir a sus m\u00e9ritos como medio de sanci\u00f3n debe ser el \u00faltimo recurso a utilizarse despu\u00e9s que otras sanciones hayan probado ser ineficaces en el orden de administrar justicia y en todo caso no deber\u00eda procederse a ella sin un previo apercibimiento. Ram\u00edrez de Arellano v. Srio. de Hacienda, 85 D.P.R. 823, 829-830. El Tribunal Supremo ha resuelto en reiteradas ocasiones que, como primera alternativa ante el incumplimiento procesal de una parte, el Tribunal de Primera Instancia debe imponer sanciones econ\u00f3micas a la parte, al abogado o a ambos, previo adoptar una disposici\u00f3n que pueda tener el efecto de privarla de su d\u00eda en corte. Imp. Vilca, Inc. v. Hogares Crea Inc., supra, a la p\u00e1g. 686; D\u00e1vila v. Hosp. San Miguel Inc., 117 D.P.R. 807, 814 (1986); Maldonado v. Srio. de Rec. Naturales, supra.\nEl tribunal, al momento de ejercer su poder discrecional de imponer sanciones, deber\u00e1 hacer un balance de intereses entre su obligaci\u00f3n de velar porque los casos sean ventilados sin demora y el derecho de toda paite a tener su d\u00eda en corte. Para poder hacer un adecuado balance de intereses, se tendr\u00e1 que tomar en consideraci\u00f3n diferentes factores, tales como el conocimiento o no de la parte promo vente de la inactividad de su caso, la-necesidad del tribunal de supervisar su calendario, el inter\u00e9s p\u00fablico en la resoluci\u00f3n expedita de los casos y el peijuicio que la inacci\u00f3n haya causado. Echevarr\u00eda Jim\u00e9nez v. Sucn. P\u00e9rez Meris, 123 D.P.R. 664, 674 (1989).\nEn el caso de Maldonado v. Srio. de Recursos Naturales, supra, el Tribunal Supremo de Puerto Rico se\u00f1al\u00f3 lo siguiente:\n\u201cPlanteada ante un tribunal una situaci\u00f3n que, de acuerdo con la ley y la jurisprudencia aplicable, amerita la imposici\u00f3n de sanciones, \u00e9ste debe, en primer t\u00e9rmino, imponer las mismas al abogado de la parte. Si dicha acci\u00f3n disciplinaria no produce frutos positivos, proceder\u00e1 la imposici\u00f3n de la severa sanci\u00f3n \u25a0 de la desestimaci\u00f3n de la demanda o de la eliminaci\u00f3n de las alegaciones, tan s\u00f3lo despu\u00e9s que la parte haya sido debidamente informada y/o [sic.] apercibida de la situaci\u00f3n y de las consecuencias que puede tener el que la misma no sea corregida. La experiencia se\u00f1ala que en la gran mayor\u00eda de los casos ... las partes no est\u00e1n enteradas de la actuaci\u00f3n negligente de sus abogados y, al advenir en conocimiento de ello, la situaci\u00f3n es corregida de inmediato. Una parte que haya sido informada y apercibida de esta clase de situaci\u00f3n y no tome acci\u00f3n correctiva, nunca podr\u00e1 querellar, ante ning\u00fan foro, de que se le despoj\u00f3 injustificadamente de su causa de acci\u00f3n y/o defensas. \u201d\nEl fundamento para no imponer sanciones dr\u00e1sticas al cliente es que, de ordinario, la parte que ejercita su derecho en corte no est\u00e1 informada de los tr\u00e1mites rutinarios. Ram\u00edrez de Arellano v. Srio. de Hacienda, supra, a la p\u00e1g. 830. La tendencia ha sido a imponer primero sanciones econ\u00f3micas contra aquella parte que incumple y no la sanci\u00f3n m\u00e1s dr\u00e1stica que es la desestimaci\u00f3n del caso. Esta suavizaci\u00f3n de la sanci\u00f3n as\u00ed como el postergar la imposici\u00f3n de sanciones dr\u00e1sticas y severas como \u00faltimo recurso al cual se deba acudir, responde a la pol\u00edtica judicial imperante, por un lado, de que los casos se ventilen en los m\u00e9ritos y, por otro lado, de que \u00e9stos se resuelvan de forma justa, r\u00e1pida y econ\u00f3mica. Amaro Gonz\u00e1lez v. First Fed. Savs, 132 D.P.R. 1042, 1052 (1993).\nPor otro lado, por lo general, los tribunales revisores no intervienen con el manejo de los casos por el Tribunal de Primera Instancia, salvo que se demuestre que hubo un craso abuso de discreci\u00f3n o que el tribunal actu\u00f3 con prejuicio o parcialidad, o que se equivoc\u00f3 en la interpretaci\u00f3n o aplicaci\u00f3n de cualquier norma procesal o de derecho sustantivo, y que nuestra intervenci\u00f3n en esa etapa evitar\u00e1 un perjuicio sustancial. Zorniak Air Services v. Cessna Aircraft Co., 132 D.P.R. 170, 181 (1992); Lluch v. Espa\u00f1a Service Sta., 117 D. P.R. 729 (1986).\nEn nuestro ordenamiento jur\u00eddico se ha entendido que la discreci\u00f3n es una forma de razonabilidad aplicada al discernimiento judicial para llegar a una conclusi\u00f3n justiciera. Bco. Popular de P.R. v. Mun. de Aguadilla, 144 D.P.R. 651, 658 (1997); Pueblo v. Ortega Santiago, 125 D.P.R. 203, 211 (1990); Pueblo v. S\u00e1nchez Gonz\u00e1lez, 90 D.P.R. 197, 200 (1964). Dentro del \u00e1mbito judicial, el concepto de discreci\u00f3n no significa poder para actuar en una forma u otra, haciendo abstracci\u00f3n del resto del Derecho. Pueblo v. S\u00e1nchez Gonz\u00e1lez, supra; Bco. Popular de P.R. v. Mun. de Aguadilla, supra. El actuar de esa manera constituye claramente un abuso de discreci\u00f3n.\nEs necesario enfatizar que, en lo relativo a las determinaciones interlocutorias discrecionales, los foros revisores deben abstenerse de sustituir su criterio por el sano ejercicio de discreci\u00f3n del tribunal de instancia, salvo cuando dicho foro haya incurrido en arbitrariedad o craso abuso de discreci\u00f3n. Mel\u00e9ndez v. Caribbean Int'l News, 151 D.P.R. 649 (2000). La parte que cuestiona prerrogativas inherentes al ejercicio de discreci\u00f3n judicial, viene obligada a demostrar que el tribunal incurri\u00f3 en abuso de discreci\u00f3n. E.L.A. v. Asoc. de Auditores, 147 D.P.R. 669 (1999).\nIII\nDebemos recordar que los jueces de instancia est\u00e1n facultados de flexibilidad para lidiar con la tramitaci\u00f3n de los asuntos judiciales. E.L.A. v. Asoc. de Auditores, supra. Si su actuaci\u00f3n se funda en una base razonable que no resulta perjudicial a los derechos sustanciales de una parte, debe prevalecer su criterio. Sierra v. Tribunal Superior, 81 D.P.R. 554 (1959). En vista de ello, en este caso, le concedemos al TPI la debida deferencia en el manejo del caso. M\u00e1s todav\u00eda cuando del expediente ante nos no surge, ni ha sido planteado por el recurrente, un proceder arbitrario, caprichoso, irrazonable o abuso de discreci\u00f3n de parte del TPI. Lluch v. Espa\u00f1a Service, supra.\nAhora bien, debemos se\u00f1alar que el TPI no les notific\u00f3 a los demandantes de la resoluci\u00f3n recurrida, en la que advirti\u00f3 que desestimar\u00eda la demanda si no cumpl\u00edan con sus \u00f3rdenes. Seg\u00fan el derecho esbozado anteriormente, antes de desestimar una causa de acci\u00f3n, el TPI tiene que notificarle directamente a la parte demandante de ello. As\u00ed pues, en este caso, el TPI tiene que notificarle a los demandantes que de \u00e9stos no cumplir con lo requerido, desestimar\u00e1 las demandas.\nT\u00e9ngase en cuenta, adem\u00e1s, que en nuestra jurisdicci\u00f3n existe una clara pol\u00edtica judicial que milita a favor de que las controversias judiciales se diluciden en sus m\u00e9ritos. Global Gas v. Salaam Realty, 164 D.P.R. _ (2005), 2005 J.T.S. 48. En vista de que la desestimaci\u00f3n es una medida dr\u00e1stica y de excepci\u00f3n, que resulta en .la disposici\u00f3n de un pleito sin un juicio en sus m\u00e9ritos, concluimos que no err\u00f3 el TPI al no desestimar las demandas.\nIV\nPor los fundamentos expuestos anteriormente, se expide el auto solicitado, se modifica la resoluci\u00f3n recurrida a los fines de que el TPI notifique a los demandantes la resoluci\u00f3n recurrida y, as\u00ed modificada, se confirma la resoluci\u00f3n emitida por el TPI el 18 de mayo de 2007.\nNotif\u00edquese.\nLo acord\u00f3 y manda el Tribunal y lo certifica la Secretaria del Tribunal.\nMar\u00eda Elena P\u00e9rez Ortiz\nSecretaria del Tribunal de Apelaciones",
        "type": "majority",
        "author": "Rivera Mart\u00ednez, Juez Ponente"
      }
    ],
    "attorneys": [],
    "corrections": "",
    "head_matter": "2008 DTA 11\nTRIBUNAL DE APELACIONES REGION JUDICIAL DE BAYAMON PANEL VII\nMIGUEL \u00c1NGEL MART\u00cdNEZ R\u00cdOS POR S\u00cd Y EN REPRESENTACI\u00d3N DE SU HIJA MENOR DE EDAD NINOSHKA MART\u00cdNEZ R\u00cdOS QUIEN ES PARTE DEMANDANTE Y CARMEN GLADYS R\u00cdOS ROM\u00c1N Recurridos v. HOSPITAL HERMANOS MEL\u00c9NDEZ, INC. Y/O LA CORPORACI\u00d3N QUE REPRESENTA AL HOSPITAL, EL DR. CARLOS A. MU\u00d1IZ MEL\u00c9NDEZ, SU ESPOSA FULANA DE TAL Y LA SOCIEDAD LEGAL DE BIENES GANANCIALES COMPUESTA POR AMBOS, EL DEPARTAMENTO DE ANESTESIOLOG\u00cdA DEL HOSPITAL Y/O LA CORPORACI\u00d3N QUIEN LA ADMINISTRA, EL DR. MANUEL MART\u00cdN, SU ESPOSA FULANA DE TAL Y LA SOCIEDAD LEGAL DE BIENES GANANCIALES COMPUESTA POR AMBOS, LAS COMPA\u00d1\u00cdAS X, Y Y Z, ASEGURADORAS COMO ASEGURADORAS DE FULANO DE TAL Y MENGANO DE TAL, DR. JOHN DOE Y DRA. JANE DOE Y LAS CORPORACIONES N, M, S, Peticionarios BETZAIDA CARTAGENA, POR S\u00cd Y EN REPRESENTACI\u00d3N DE LA MENOR TIFFANY Y. ROND\u00d3N ROM\u00c1N; ANTONIO ROM\u00c1N Recurridos v. HOSPITAL HERMANOS MEL\u00c9NDEZ, INC.; DRA. DELMA NEGR\u00d3N RIVERA; DRA. MAR\u00cdA DEL C. P\u00c9REZ IGLESIAS; GRUPO GINECO-OBSTETRICO FEMENINO; FULANO DE TAL, MENGANO DE TAL, SUTANA DE TAL; COMPA\u00d1\u00cdAS X, Y & Z Peticionarios\nN\u00fam. KLCE-07-00977\nSan Juan, Puerto Rico, a 4 de diciembre de 2007\nPanel integrado por su Presidente, el Juez Rivera Mart\u00ednez, el Juez Col\u00f3n Biniel y la Juez Jim\u00e9nez Vel\u00e1zquez"
  },
  "file_name": "0688-01",
  "first_page_order": 45,
  "last_page_order": 50
}
