{
  "id": 8068598,
  "name": "Kenneth M. SAMS and William H. Bowman, Appellants, v. DISTRICT OF COLUMBIA, Appellee",
  "name_abbreviation": "Sams v. District of Columbia",
  "decision_date": "1969-01-08",
  "docket_number": "Nos. 4634 and 4635",
  "first_page": "230",
  "last_page": "231",
  "citations": [
    {
      "type": "official",
      "cite": "249 A.2d 230"
    }
  ],
  "court": {
    "name_abbreviation": "D.C.",
    "id": 11933,
    "name": "District of Columbia Court of Appeals"
  },
  "jurisdiction": {
    "id": 56,
    "name_long": "District of Columbia",
    "name": "D.C."
  },
  "cites_to": [
    {
      "cite": "232 A.2d 298",
      "category": "reporters:state_regional",
      "reporter": "A.2d",
      "case_ids": [
        8108301
      ],
      "year": 1967,
      "pin_cites": [
        {
          "page": "299"
        }
      ],
      "opinion_index": 0,
      "case_paths": [
        "/a2d/232/0298-01"
      ]
    },
    {
      "cite": "215 A.2d 853",
      "category": "reporters:state_regional",
      "reporter": "A.2d",
      "case_ids": [
        8101365
      ],
      "weight": 2,
      "year": 1966,
      "pin_cites": [
        {
          "page": "855"
        }
      ],
      "opinion_index": 0,
      "case_paths": [
        "/a2d/215/0853-01"
      ]
    },
    {
      "cite": "9 L.Ed.2d 725",
      "category": "reporters:federal",
      "reporter": "L. Ed. 2d",
      "year": 1963,
      "opinion_index": 0
    },
    {
      "cite": "83 S.Ct. 734",
      "category": "reporters:federal",
      "reporter": "S. Ct.",
      "year": 1963,
      "opinion_index": 0
    },
    {
      "cite": "372 U.S. 919",
      "category": "reporters:federal",
      "reporter": "U.S.",
      "case_ids": [
        1765443,
        1765224,
        1765577,
        1765162,
        1765579,
        1765298
      ],
      "year": 1963,
      "opinion_index": 0,
      "case_paths": [
        "/us/372/0919-06",
        "/us/372/0919-01",
        "/us/372/0919-04",
        "/us/372/0919-03",
        "/us/372/0919-05",
        "/us/372/0919-02"
      ]
    },
    {
      "cite": "288 F.2d 398",
      "category": "reporters:federal",
      "reporter": "F.2d",
      "case_ids": [
        1986262
      ],
      "year": 1961,
      "opinion_index": 0,
      "case_paths": [
        "/f2d/288/0398-01"
      ]
    },
    {
      "cite": "109 U.S.App.D.C. 414",
      "category": "reporters:state",
      "reporter": "U.S. App. D.C.",
      "year": 1961,
      "opinion_index": 0
    }
  ],
  "analysis": {
    "cardinality": 276,
    "char_count": 3218,
    "ocr_confidence": 0.763,
    "pagerank": {
      "raw": 1.059989733099374e-07,
      "percentile": 0.5567181715999658
    },
    "sha256": "ad20350d98fb68c6c63df966432018f2317583e7a4d5787460c64fb8b1bcfa2a",
    "simhash": "1:8e8bc952e063d7c0",
    "word_count": 535
  },
  "last_updated": "2024-02-27T22:01:55.832468+00:00",
  "provenance": {
    "date_added": "2019-08-29",
    "source": "Harvard",
    "batch": "2018"
  },
  "casebody": {
    "judges": [
      "Before HOOD, Chief Judge, and KELLY and GALLAGHER, Associate Judges."
    ],
    "parties": [
      "Kenneth M. SAMS and William H. Bowman, Appellants, v. DISTRICT OF COLUMBIA, Appellee."
    ],
    "opinions": [
      {
        "text": "PER CURIAM:\nEach appellant, at separate trials, was convicted of disorderly conduct (jostling) in violation of D.C.Code 1967, \u00a7 22-1121 (4).\nAppellants argue that the informations upon which they were tried failed to state an offense in that they did not set forth the names of the alleged victims. However, this omission is not fatal. Young v. United States, 109 U.S.App.D.C. 414, 288 F.2d 398 (1961), cert. denied, 372 U.S. 919, 83 S.Ct. 734, 9 L.Ed.2d 725 (1963); Bush v. United States, D.C.App., 215 A.2d 853 (1966). In Bush we said that\nAn information or indictment is required to perform two primary functions: it should sufficiently apprise the accused of the charge against him so that he might properly prepare his defense, and it should spell out the offense clearly enough to enable him to plead the judgment, whether conviction or acquittal, as a bar in the event of a subsequent prosecution for the same crime. It has also been stated that a corollary purpose served by an information is to inform the court of the facts alleged so that it may decide whether they are sufficient in law to support a conviction. * * * [215 A.2d at 855]\nAppellants neither allege nor show any handicap in the preparation of their defense and in our judgment the informations, with the testimony at trial, would clearly support a plea of former jeopardy in any subsequent proceeding.\nAppellants also claim, for the first time on appeal, that the informations were defective for failure to allege that the disorderly conduct (jostling) was with intent to provoke a breach of the peace or under circumstances such that a breach of the peace may be occasioned thereby. We said in District of Columbia v. Jordan, D.C.App., 232 A.2d 298, 299 (1967), that \u201cit is not necessary in every case for the information to follow the precise language of the statute.\u201d Moreover, these cases were tried seriatim, by the same attorney, before the same trial judge, and the record reveals that appellant Sams argued and the court specifically considered the question of whether the offense occurred with intent to breach the peace or under circumstances that might occasion such breach before a finding of guilt was entered. No objection to the informations on this ground was ever made, nor is any prejudice to either appellant alleged or shown. Under these circumstances the convictions are\nAffirmed.\n. Whoever, with intent to provoke a breach of the peace, or under circumstances such that a breach of the peace may be occasioned thereby\u2014\n* * * * *\n(4) interferes with any person in any place by jostling against such person or unnecessarily crowding him or by placing a hand in the proximity of such person\u2019s pocketbook, or handbag; or\n\u00abI* \u00a1\u00ed\u00bb *i* *(*",
        "type": "majority",
        "author": "PER CURIAM:"
      }
    ],
    "attorneys": [
      "William J. Garber, Washington, D. C, for appellants.",
      "Charles T. Duncan, Corp. Counsel, Hubert B. Pair, Principal Asst. Corp. Counsel, Richard W. Barton and Lewis D. Clarke, Asst. Corp. Counsels, were on the brief, for appellee."
    ],
    "corrections": "",
    "head_matter": "Kenneth M. SAMS and William H. Bowman, Appellants, v. DISTRICT OF COLUMBIA, Appellee.\nNos. 4634 and 4635.\nDistrict of Columbia Court of Appeals.\nSubmitted Nov. 4, 1968.\nDecided Jan. 8, 1969.\nWilliam J. Garber, Washington, D. C, for appellants.\nCharles T. Duncan, Corp. Counsel, Hubert B. Pair, Principal Asst. Corp. Counsel, Richard W. Barton and Lewis D. Clarke, Asst. Corp. Counsels, were on the brief, for appellee.\nBefore HOOD, Chief Judge, and KELLY and GALLAGHER, Associate Judges."
  },
  "file_name": "0230-01",
  "first_page_order": 268,
  "last_page_order": 269
}
