{
  "id": 7898688,
  "name": "STATE v. Alceu PIRES",
  "name_abbreviation": "State v. Pires",
  "decision_date": "1987-06-09",
  "docket_number": "No. 87-62-C.A.",
  "first_page": "1313",
  "last_page": "1314",
  "citations": [
    {
      "type": "official",
      "cite": "525 A.2d 1313"
    }
  ],
  "court": {
    "name_abbreviation": "R.I.",
    "id": 10179,
    "name": "Supreme Court of Rhode Island"
  },
  "jurisdiction": {
    "id": 15,
    "name_long": "Rhode Island",
    "name": "R.I."
  },
  "cites_to": [
    {
      "cite": "114 R.I. 161",
      "category": "reporters:state",
      "reporter": "R.I.",
      "case_ids": [
        5524606
      ],
      "weight": 2,
      "year": 1975,
      "pin_cites": [
        {
          "page": "174"
        },
        {
          "page": "411-12"
        }
      ],
      "opinion_index": 0,
      "case_paths": [
        "/ri/114/0161-01"
      ]
    }
  ],
  "analysis": {
    "cardinality": 210,
    "char_count": 2794,
    "ocr_confidence": 0.749,
    "pagerank": {
      "raw": 1.4828351654414992e-07,
      "percentile": 0.6614383695728979
    },
    "sha256": "503c490e6f4e62332f311cc5d6b5edf1aeae6b55e8bb50a393e8094104dcf41f",
    "simhash": "1:9a2de8052cef4780",
    "word_count": 456
  },
  "last_updated": "2024-02-27T23:50:11.135689+00:00",
  "provenance": {
    "date_added": "2019-08-29",
    "source": "Harvard",
    "batch": "2018"
  },
  "casebody": {
    "judges": [],
    "parties": [
      "STATE v. Alceu PIRES."
    ],
    "opinions": [
      {
        "text": "OPINION\nPER CURIAM.\nThis matter is before the Supreme Court pursuant to an order issued to the state and to the defendant to appear and show cause why the issues raised in the appeal should not be summarily decided. After examining the memoranda submitted by the parties and listening to their oral arguments, the court concludes that the sentence imposed must be vacated and the case remanded to the Superior Court.\nIn September 1983 defendant, Alceu Pires, entered a store at night through a previously broken window and took two packages of cigarettes. He was arrested, convicted, and sentenced to two years\u2019 probation on this original charge. In June 1986 defendant was arrested in connection with an armed robbery and charged with one count of robbery, one count of conspiracy, and one count of assault with intent to murder. At his violation hearing in September 1986 defendant admitted the violation. Thereafter the trial justice adjudicated him a probation violator and imposed a ten year sentence, the maximum possible for the original charge. He stated that he was imposing the maximum because the act of violation, that being the armed robbery, was so serious.\nIn State v. Fortes, 114 R.I. 161, 174, 330 A.2d 404, 411-12 (1975), we said:\n\u201c[the violation] hearing was not held for the purpose of punishing defendant for the new offense. Although the latter is the precipitating cause for the revocation hearing, it should play no part in determining the extent of the penalty to be imposed on the charge on which sentence had formally been deferred. Punishment for the new offense must await the disposition of the case in which the new offense is charged.\u201d\nThe record in this case discloses that the trial justice specifically rejected the Fortes holding. He was in error in doing so, and we must therefore vacate the sentence and remand for resentencing consistent with our holding in Fortes.\nWe have never held that the trial justice must completely ignore the nature of the second offense when imposing a sentence for a probation violation. However, we have held that the trial justice should be guided principally by consideration of the nature of the first offense. We believe that the benchmarks promulgated as policy for sentencing by the Superior Court provide acceptable guidance and a reasonable range for the imposition of a sentence at a violation hearing.\nAccordingly the sentence imposed must be vacated and the case is remanded to the Superior Court for proceedings consistent with this opinion.",
        "type": "majority",
        "author": "PER CURIAM."
      }
    ],
    "attorneys": [
      "William Reilly, Public Defender, Barbara Hurst, Asst. Public Defender, Providence, for plaintiff.",
      "James E. O\u2019Neil, Atty. Gen., Thomas Dickinson, Asst. Atty. Gen., Providence, for defendant."
    ],
    "corrections": "",
    "head_matter": "STATE v. Alceu PIRES.\nNo. 87-62-C.A.\nSupreme Court of Rhode Island.\nJune 9, 1987.\nWilliam Reilly, Public Defender, Barbara Hurst, Asst. Public Defender, Providence, for plaintiff.\nJames E. O\u2019Neil, Atty. Gen., Thomas Dickinson, Asst. Atty. Gen., Providence, for defendant."
  },
  "file_name": "1313-01",
  "first_page_order": 1367,
  "last_page_order": 1368
}
