{
  "id": 6812862,
  "name": "Richard B. Kulakowski, and another vs. William H. Leavitt",
  "name_abbreviation": "Kulakowski v. Leavitt",
  "decision_date": "1996-10-08",
  "docket_number": "",
  "first_page": "159",
  "last_page": "162",
  "citations": [
    {
      "type": "official",
      "cite": "1996 Mass. App. Div. 159"
    }
  ],
  "court": {
    "name_abbreviation": "Mass. App. Div.",
    "id": 15177,
    "name": "Massachusetts Appellate Division"
  },
  "jurisdiction": {
    "id": 4,
    "name_long": "Massachusetts",
    "name": "Mass."
  },
  "cites_to": [
    {
      "cite": "1993 Mass. App. Div. 89",
      "category": "reporters:state",
      "reporter": "Mass. App. Div.",
      "pin_cites": [
        {
          "page": "91"
        }
      ],
      "opinion_index": 0
    },
    {
      "cite": "1991 Mass. App. Div. 25",
      "category": "reporters:state",
      "reporter": "Mass. App. Div.",
      "case_ids": [
        6812094
      ],
      "pin_cites": [
        {
          "page": "26"
        }
      ],
      "opinion_index": 0,
      "case_paths": [
        "/mass-app-div-annual/1991/0025-01"
      ]
    },
    {
      "cite": "1993 Mass. App. Div. 181",
      "category": "reporters:state",
      "reporter": "Mass. App. Div.",
      "case_ids": [
        6812917
      ],
      "opinion_index": 0,
      "case_paths": [
        "/mass-app-div-annual/1993/0181-01"
      ]
    },
    {
      "cite": "1994 Mass. App. Div. 101",
      "category": "reporters:state",
      "reporter": "Mass. App. Div.",
      "case_ids": [
        6812151
      ],
      "pin_cites": [
        {
          "page": "102"
        }
      ],
      "opinion_index": 0,
      "case_paths": [
        "/mass-app-div-annual/1994/0101-01"
      ]
    },
    {
      "cite": "1 Mass. App. Ct. 808",
      "category": "reporters:state",
      "reporter": "Mass. App. Ct.",
      "case_ids": [
        3944405
      ],
      "year": 1973,
      "pin_cites": [
        {
          "page": "809"
        }
      ],
      "opinion_index": 0,
      "case_paths": [
        "/mass-app-ct/1/0808-01"
      ]
    },
    {
      "cite": "31 Mass. App. Ct. 592",
      "category": "reporters:state",
      "reporter": "Mass. App. Ct.",
      "case_ids": [
        4006250
      ],
      "year": 1991,
      "pin_cites": [
        {
          "page": "595-596"
        }
      ],
      "opinion_index": 0,
      "case_paths": [
        "/mass-app-ct/31/0592-01"
      ]
    },
    {
      "cite": "531 F. Supp. 435",
      "category": "reporters:federal",
      "reporter": "F. Supp.",
      "case_ids": [
        3398715
      ],
      "year": 1982,
      "pin_cites": [
        {
          "page": "439",
          "parenthetical": "sale in 1975 found to be some measure of value of property at time of 1974 breach"
        }
      ],
      "opinion_index": 0,
      "case_paths": [
        "/f-supp/531/0435-01"
      ]
    },
    {
      "cite": "21 Mass. App. Ct. 97",
      "category": "reporters:state",
      "reporter": "Mass. App. Ct.",
      "case_ids": [
        3987036
      ],
      "year": 1985,
      "pin_cites": [
        {
          "page": "100"
        }
      ],
      "opinion_index": 0,
      "case_paths": [
        "/mass-app-ct/21/0097-01"
      ]
    },
    {
      "cite": "350 Mass. 765",
      "category": "reporters:state",
      "reporter": "Mass.",
      "case_ids": [
        526944,
        526907
      ],
      "year": 1966,
      "opinion_index": 0,
      "case_paths": [
        "/mass/350/0765-01",
        "/mass/350/0765-02"
      ]
    },
    {
      "cite": "27 Mass. App. Ct. 282",
      "category": "reporters:state",
      "reporter": "Mass. App. Ct.",
      "case_ids": [
        3996976
      ],
      "weight": 4,
      "year": 1989,
      "pin_cites": [
        {
          "page": "286"
        },
        {
          "page": "287"
        },
        {
          "page": "287"
        }
      ],
      "opinion_index": 0,
      "case_paths": [
        "/mass-app-ct/27/0282-01"
      ]
    },
    {
      "cite": "342 Mass. 474",
      "category": "reporters:state",
      "reporter": "Mass.",
      "case_ids": [
        3855452
      ],
      "year": 1961,
      "pin_cites": [
        {
          "page": "477"
        }
      ],
      "opinion_index": 0,
      "case_paths": [
        "/mass/342/0474-01"
      ]
    },
    {
      "cite": "19 Mass. App. Ct. 966",
      "category": "reporters:state",
      "reporter": "Mass. App. Ct.",
      "case_ids": [
        5745521
      ],
      "year": 1985,
      "pin_cites": [
        {
          "page": "967"
        }
      ],
      "opinion_index": 0,
      "case_paths": [
        "/mass-app-ct/19/0966-01"
      ]
    },
    {
      "cite": "39 Mass. App. Ct. 302",
      "category": "reporters:state",
      "reporter": "Mass. App. Ct.",
      "case_ids": [
        1040702
      ],
      "year": 1995,
      "pin_cites": [
        {
          "page": "305"
        }
      ],
      "opinion_index": 0,
      "case_paths": [
        "/mass-app-ct/39/0302-01"
      ]
    },
    {
      "cite": "383 Mass. 568",
      "category": "reporters:state",
      "reporter": "Mass.",
      "case_ids": [
        813488
      ],
      "year": 1981,
      "pin_cites": [
        {
          "page": "572"
        }
      ],
      "opinion_index": 0,
      "case_paths": [
        "/mass/383/0568-01"
      ]
    },
    {
      "cite": "23 Mass. App. Ct. 722",
      "category": "reporters:state",
      "reporter": "Mass. App. Ct.",
      "case_ids": [
        3992665
      ],
      "year": 1987,
      "pin_cites": [
        {
          "page": "726"
        }
      ],
      "opinion_index": 0,
      "case_paths": [
        "/mass-app-ct/23/0722-01"
      ]
    },
    {
      "cite": "336 Mass. 399",
      "category": "reporters:state",
      "reporter": "Mass.",
      "case_ids": [
        881884
      ],
      "weight": 2,
      "year": 1957,
      "pin_cites": [
        {
          "page": "402-403"
        },
        {
          "page": "406"
        }
      ],
      "opinion_index": 0,
      "case_paths": [
        "/mass/336/0399-01"
      ]
    },
    {
      "cite": "20 Mass. App. Ct. 623",
      "category": "reporters:state",
      "reporter": "Mass. App. Ct.",
      "case_ids": [
        1154603
      ],
      "year": 1985,
      "pin_cites": [
        {
          "page": "625"
        }
      ],
      "opinion_index": 0,
      "case_paths": [
        "/mass-app-ct/20/0623-01"
      ]
    }
  ],
  "analysis": {
    "cardinality": 709,
    "char_count": 14495,
    "ocr_confidence": 0.91,
    "pagerank": {
      "raw": 7.031324996443159e-08,
      "percentile": 0.4241731853864839
    },
    "sha256": "6eb1ac975ffdb7195a239a6ab27d33503739b6dc286809ce6f9a7d43d7da2798",
    "simhash": "1:37d8e9349cac4e46",
    "word_count": 2336
  },
  "last_updated": "2024-02-27T20:27:17.845924+00:00",
  "provenance": {
    "date_added": "2019-08-29",
    "source": "Harvard",
    "batch": "2018"
  },
  "casebody": {
    "judges": [
      "Present: Sherman, P.J., Merrick & Greco, JJ."
    ],
    "parties": [
      "Richard B. Kulakowski, and another vs. William H. Leavitt"
    ],
    "opinions": [
      {
        "text": "Greco, J.\nThis is an action by prospective purchasers Richard B. and Phyllis Kula-kowski (\u201cthe Kulakowskis\u201d) to recover a real estate deposit following their termination of the parties\u2019 purchase and sale agreement because of an inability to obtain mortgage financing. The defendant-seller, William H. Leavitt (\u201cLeavitt\u201d), alleged that the Kula-kowskis\u2019 failure to comply with the terms of the mortgage contingency clause precluded their proper termination of the agreement, and counterclaimed for consequential damages in excess of the liquidated amount of the deposit. After trial, the court found that the Kulakowskis had breached the agreement, but that Leavitt could neither recover additional damages, nor retain the deposit. Both parties appealed pursuant to Dist./Mun. Cts. R. A. D. A., Rule 8A.\nThe record indicates, and the trial judge so found, that in December, 1993, the Kula-kowskis submitted a \u201cContract to Purchase\u201d a Peabody condominium owned by Leavitt for a price of $85,000.00. Leavitt accepted the Kulakowskis\u2019 offer, the parties executed a written purchase and sale agreement, and the Kulakowskis paid a deposit of $4,250.00. Paragraph 27 of the agreement was a financing contingency clause which released the Kulakowskis from their obligation to purchase and entitled them to a return of their deposit if they were unable, after \u201cdiligent efforts\u201d to obtain a commitment \u201cfor a conventional bank or other institutional mortgage of $80,750.00 at prevailing rates, terms and conditions.\u201d Paragraph 27 further provided:\nIn no event will the Buyer be deemed to have used diligent efforts to obtain such commitment unless the Buyer submits a complete mortgage loan application conforming to the foregoing provisions on or before December 29, 1993.\nLeavitt\u2019s right to retain the deposit upon the Kulakowskis\u2019 breach was set forth in the following liquidated damages clause:\n22. If the Buyer shall fail to fulfill the Buyer\u2019s agreements herein, all deposits made hereunder by the Buyer shall be retained by the Seller as liquidated damages unless within thirty days after the time for performance of this agreement or any extension hereof, the Seller otherwise notifies the Buyer in writing.\nThe Kulakowskis spoke to a neighbor who was a \u201cloan originator\u201d for First NH Mortgage. The neighbor informed them that lending institutions would view the condominium as investment property, and would thus require a down payment of twenty-five (25%) to thirty (30%) percent instead of the five (5%) percent deposit envisioned by the Kulakowskis as their sole down payment. The Kulakowskis then spoke to a \u201crepresentative\u201d of the bank which held both the mortgage and a home equity loan note on their residence. They were informed that that particular bank was not issuing loans on condominiums. Based on such limited information and without applying to any lender for an $80,750.00 loan on the condominium, the Kulakowskis applied to their bank for a $100,000.00 loan and a $25,000.00 equity subordination with their residence as collateral. That mortgage application was denied on January 14,1994.\nThe Kulakowskis thereafter informed Leavitt that they were unable to obtain financing and requested that he return their deposit. Leavitt refused to do so and issued a timely notice to the Kulakowskis pursuant to paragraph 22 of the parties\u2019 agreement that he was seeking consequential damages in excess of the deposit.\nThe trial judge made voluntary, comprehensive written findings of fact and rulings of law, and entered judgment for the Kulakowskis\u2019 in the amount of their deposit.\n1. The Kulakowskis\u2019 appeal is predicated on a charge of error in the trial court\u2019s determination that they failed to comply with the requirements of the mortgage contingency clause. Whether the Kulakowskis acted \u201cdiligently\u201d to obtain the requisite financing contemplated by paragraph 27 was a \u201cfactual question, the determination of which is entitled to the customary appellate deference.\u201d Lynch v. Andrew, 20 Mass. App. Ct. 623, 625 (1985). We conclude that there was no error in the court\u2019s findings on this issue which were amply supported by the evidence.\nA mortgage contingency clause permits a buyer to avoid his contractual obligation to purchase and to escape liability therefor upon the \u201chappening of a condition precedent,\u201d Stabile v. McCarthy, 336 Mass. 399, 402-403 (1957); namely, the buyer\u2019s failure, after sufficient, appropriate effort, to obtain financing \u201cin a stated amount and on stated terms\u201d specified in the contingency clause. Tremouliaris v. Pina, 23 Mass. App. Ct. 722, 726 (1987). Paragraph 27 clearly required the Kulakowskis to use \u201cdiligent efforts\u201d to obtain financing in the amount of $80,750.00, and to submit at least one completed application for a condominium mortgage in that amount. They never filed even a single application for an $80,750.00 mortgage, or for any financing on the condominium itself. Moreover, as the trial court properly ruled, the Kulakowskis\u2019 mere conversations with a neighbor and with a single bank representative did not require a finding that the actual submission of the mortgage loan application contemplated by paragraph 27 would have been an \u201cempty gesture.\u201d Stabile v. McCarthy, supra at 406; See also Sechrest v. Safiol, 383 Mass. 568, 572 (1981).\nThere is no merit to the Kulakowskis\u2019 argument that their single application for a $100,000.00 mortgage on their own residence satisfied the terms of paragraph 27. Because a financing contingency clause is for the buyer\u2019s benefit and may be waived by him, Churgin v. Hobbie, 39 Mass. App. Ct. 302, 305 (1995); Bossi v. Whalen, 19 Mass. App. Ct. 966, 967 (1985), a buyer may elect to obtain full financing in an amount and form different from that specified in the clause only if the buyer then in fact proceeds to complete his purchase obligations. \u201cIt would be of no importance\u201d to the seller \u201cif the buyer was still able to tender the full purchase price.\u201d DeFreitas v. Cote, 342 Mass. 474, 477 (1961). However, the buyer may not unilaterally alter the requirements of the contingency clause and still seek to take advantage of its terms. If the buyer wishes to escape liability for failing to purchase, he must fully comply with the requirements of the financing contingency agreed to by the seller.\n2. Having properly determined that the Kulakowskis breached the parties\u2019 purchase and sale agreement and that Leavitt had issued timely notice of his intent to seek consequential damages pursuant to paragraph 22, the trial judge then mled that Leavitt was not entitled either to recover additional damages, or even to retain the deposit. Such ruling was error, and the court\u2019s judgment must be vacated.\nParagraph 22 herein varied from the standard purchase and sale agreement liquidated damages clause which authorizes a seller to retain the deposit as his full damages upon the buyer\u2019s breach. Identical to the liquidated damages clause in Schrenko v. Regnante, 27 Mass. App. Ct. 282 (1989), paragraph 22 herein \u201cdeparted in a material way from the classic pattern ... [by giving the] seller... the right to consider the damages unliquidated and to seek additional damages beyond the amount of the forfeited deposit.\u201d Id. at 286. As noted in Schrenko,\nthe ... deposit, instead of being a settlement agreed upon in advance, became, at the sellers\u2019 option, only the minimum amount they would receive as compensation for their losses. According to the terms of the agreement, the minimum amount had to be accepted in settlement in the event of a loss in the amount of the deposit or less [emphasis supplied].\nId. at 287. The clause was construed in Schrenko as providing for an unenforceable penalty rather than liquidated damages for the reason that the sellers sold the property at a higher price to a third party after the buyer\u2019s default. The Appeals Court concluded that in such \u201cunusual circumstances,\u201d it was not \u201cequitable for the sellers, having benefited financially as a result of the buyer\u2019s breach, to retain the deposit.\u201d Id. at 287. In this case, however, Leavitt has not sold the property at a higher price. To the contrary, at the time of trial, he had only an agreement for a forthcoming sale at a price $11,000.00 less than that to which the Kulakowskis had agreed. Accordingly, paragraph 22 did not result in a penalty herein, and was fully enforceable. Leavitt was thus entitled, at a minimum, to retain the $4,250.00 deposit, and judgment should have been entered for Leavitt in at least this amount on his counterclaim.\nThe trial judge denied Leavitt\u2019s claim for actual damages on the grounds that Leavitt \u201csubmitted no evidence as to the fair market value [of the property] on the date of the breach.\u201d Traditionally, the measure of damages as a result of the prospective buyer\u2019s breach of a contract for the sale of land has been the difference between the purchase and sale agreement price and the fair market value on the date of the breach. Capaldi v. Burlwood Realty Corp., 350 Mass. 765 (1966); American Mech. Corp. v. Union Machine Co. of Lynn, Inc., 21 Mass. App. Ct. 97, 100 (1985). We note that, apart from any issue as to its probative weight, there was some evidence of fair market value in this case. The price negotiated by Leavitt for the prospective sale of the property to a third party some eighteen months after the breach was some evidence of market value on the earlier date. See, e.g. American Mech. Corp., supra at 100 n.2 (evidence of foreclosure sale price seven months after breach was admissible on the issue of market value at the time of the breach); Rokowsky v. Gordon, 531 F. Supp. 435, 439 (D. Mass. 1982) (sale in 1975 found to be some measure of value of property at time of 1974 breach).\nIn any event, a seller\u2019s failure to submit evidence of fair market value on the date of the breach would not preclude recovery of his actual losses in every case. The reason is that the traditional measure of damages stated above is neither the exclusive method, nor a \u201crigid rule,\u201d for calculating and assessing damages. Foster v. Bartolomeo, 31 Mass. App. Ct. 592, 595-596 (1991). Where the \u201cusual rule produces an inadequate remedy\u201d because a seller\u2019s actual losses exceed the amount yielded by the traditional formula, a court may properly consider the \u201cactual losses sustained as a result of a breach when the losses are reasonably foreseeable or within the contemplation of the parties.\u201d American Mech. Corp., supra at 102. Thus as a seller may recover actual damages and as the traditional rule is merely one formulation of the general principles of contract recovery, it was unnecessary for Leavitt to first establish what the traditional rule would have yielded before seeking his out-of-pocket expenses. If the total of such actual losses proves less than what the traditional formula might have yielded, the Kulakowskis would certainly have no cause to complain.\nAccordingly, this case must be returned to the trial court on the question of damages. Leavitt will be entitled to one of the following, whichever is greater: (1) liquidated damages in the amount of the $4,250.00 deposit; (2) the difference between the purchase and sale agreement price and the fair market value of the property on the date of the Kula-kowskis\u2019 breach under the traditional formula; qt (3) his actual out-of-pocket losses, which would not include the amount yielded by the traditional formula.\nThe trial court\u2019s judgment for the Kulakowskis is vacated. Judgment is to be entered for defendant Leavitt on the Kulakowskis\u2019 complaint. Following an evidentiary hearing for the assessment of damages, judgment for the amount assessed is to be entered for Leavitt on his counterclaim.\nThe Kulakowskis were purchasing the condominium in their name as a home for Richard Kulakowski\u2019s parents. Thus as the unit would not have been \u201cowner-occupied,\u201d it would have been classified as investment property for financing purposes.\nAs both parties failed to file Mass. R. Civ. R, Rule 64A requests for rulings of law, they effectively forfeited any right to appellate review by this Division. See Arrow Paper Corp. v. Boylston Foods, Inc., 1 Mass. App. Ct. 808, 809 (1973); U. B. Vehicle Leasing, Inc. v. Bender, 1994 Mass. App. Div. 101, 102. The trial judge\u2019s election to issue written findings and rulings, however, revived the parties\u2019 moribund appellate rights and provided a legal basis for the cross-appeals herein. Falmouth Nat\u2019l Bank v. Blackmon, 1993 Mass. App. Div. 181, 182: Ledgemere Country Condo. Assoc., Inc. v. Steckloff, 1991 Mass. App. Div. 25, 26.\nThe trial judge correctly ruled that no reasonable construction of the parties\u2019 agreement supports the Kulakowskis\u2019 contention that paragraph 27 did not require an application for a mortgage on the condominium as opposed to a loan secured by other real estate. Paragraph 27 states: \u201cIn order to help finance the acquisition of said premises, the Buyer shall apply for a conventional... mortgage ...\u201d The Kulakowskis\u2019 initial \u201cContract to Purchase\u201d stated that it was subject to their obtaining a \u201cconventional first mortgage commitment of $80,750.00...\u201d\nThere was nothing unconscionably excessive or grossly disproportionate about the amount of the $4,250.00 deposit per se as liquidated damages. Given the various actual expenses claimed by Leavitt after the failed sale, liquidated damages in the amount of five (5%) percent of the purchase price was a reasonable, if not conservative, forecast of Leavitt\u2019s losses. Compare Goodman v. Blum, 1993 Mass. App. Div. 89, 91 (liquidated damages in the amount of 4.9% of total purchase price was \u201ca moderate and acceptable estimate of the [seller\u2019s] potential losses.\u201d\nThe trial judge listed in his findings the various expense items alleged as losses by Leavitt. With respect to Leavitt\u2019s mortgage payments, only the portion representing interest and carrying costs, rather than principal, may be considered. While the $11,000.00 difference between the price to be paid by the Kulakowskis and the prospective third party purchaser may factor in an assessment of damages under the traditional rule, American Mech. Corp., supra at 103, it cannot be included as an actual, out-of-pocket expense under the third method.",
        "type": "majority",
        "author": "Greco, J."
      }
    ],
    "attorneys": [
      "Peter C. DiGangi for the plaintiffs.",
      "Donald R. Bumiller for the defendant."
    ],
    "corrections": "",
    "head_matter": "Richard B. Kulakowski, and another vs. William H. Leavitt\nNorthern District\nOctober 8, 1996.\nPresent: Sherman, P.J., Merrick & Greco, JJ.\nPeter C. DiGangi for the plaintiffs.\nDonald R. Bumiller for the defendant.\nPhyllis Kulakowski."
  },
  "file_name": "0159-01",
  "first_page_order": 165,
  "last_page_order": 168
}
