{
  "id": 8990248,
  "name": "In the Matter of Gregg M. PALEY, Esquire A Member of the Bar of the District of Columbia Court of Appeals",
  "name_abbreviation": "In re Paley",
  "decision_date": "2006-01-26",
  "docket_number": "No. 05-BG-1320",
  "first_page": "226",
  "last_page": "226",
  "citations": [
    {
      "type": "official",
      "cite": "891 A.2d 226"
    }
  ],
  "court": {
    "name_abbreviation": "D.C.",
    "id": 24318,
    "name": "District of Columbia Court of Appeals"
  },
  "jurisdiction": {
    "id": 8,
    "name_long": "Delaware",
    "name": "Del."
  },
  "cites_to": [],
  "analysis": {
    "cardinality": 178,
    "char_count": 2600,
    "ocr_confidence": 0.671,
    "sha256": "c02a9372c48391e68ab823fafc4cc41b817f8ce2e25b9986db01067ef9273d57",
    "simhash": "1:90501056644e2167",
    "word_count": 434
  },
  "last_updated": "2023-07-14T18:00:25.222284+00:00",
  "provenance": {
    "date_added": "2019-08-29",
    "source": "Harvard",
    "batch": "2018"
  },
  "casebody": {
    "judges": [
      "Before: FARRELL and FISHER, Associate Judges; and KING, Senior Judge."
    ],
    "parties": [
      "In the Matter of Gregg M. PALEY, Esquire A Member of the Bar of the District of Columbia Court of Appeals."
    ],
    "opinions": [
      {
        "text": "ORDER\nPER CURIAM.\nOn consideration of the certified copy of the order of the Virginia State Bar Disciplinary Board revoking respondent\u2019s license to practice law in the Commonwealth of Virginia based on his affidavit declaring consent to revocation at a time when disciplinary charges were pending, and on further consideration of the order of this Court dated November 28, 2005, suspending respondent from the practice of law in the District of Columbia pursuant to D.C. Bar Rule XI, \u00a7 10(c), based on his conviction of a serious crime as defined by D.C. Bar Rule XI, \u00a7 10(b), and on consideration of the affidavit of Gregg M. Paley, wherein he consents to disbarment from the Bar of the District of Columbia pursuant to \u00a7 12 of Rule XI of the Rules Governing the Bar of the District of Columbia, which affidavit has been filed with the Clerk of this Court, the report and recommendation of the Board on Professional Responsibility with respect thereto, and the letter from the Office of Bar Counsel dated December 28, 2005, advising the Court that Bar Counsel does not note an exception to the report and recommendation of the Board on Professional Responsibility, it is this 26th day of January, 2006\nORDERED that the said Gregg M. Paley, is hereby disbarred by consent effective forthwith. The effective date of respondent\u2019s disbarment shall run, for reinstatement purposes, from the date respondent files his affidavit pursuant to D.C. Bar Rule XI, \u00a7 14(g). It is\nFURTHER ORDERED that the criminal conviction matter referred to the Board and the reciprocal discipline matter pending before the Court be dismissed as moot, without prejudice to Bar Counsel\u2019s reinstating a reciprocal discipline proceeding if respondent seeks reinstatement to the District of Columbia Bar while his Virginia revocation is still in effect.\nThe Clerk shall publish this order, but the affidavit shall not be publicly disclosed or otherwise made available except upon order of the Court or upon written consent of the respondent.\nThe Clerk shall cause a copy of this order to be transmitted to the Chairman of the Board on Professional Responsibility and to the respondent, thereby giving him notice of the provisions of Rule XI, \u00a7 14(g), and \u00a7 16, which set forth certain rights and responsibilities of disbarred attorneys and the effect of failure to comply therewith.",
        "type": "majority",
        "author": "PER CURIAM."
      }
    ],
    "attorneys": [],
    "corrections": "",
    "head_matter": "In the Matter of Gregg M. PALEY, Esquire A Member of the Bar of the District of Columbia Court of Appeals.\nNo. 05-BG-1320.\nDistrict of Columbia Court of Appeals.\nJan. 26, 2006.\nBefore: FARRELL and FISHER, Associate Judges; and KING, Senior Judge."
  },
  "file_name": "0226-01",
  "first_page_order": 258,
  "last_page_order": 258
}
