{
  "id": 8992182,
  "name": "STATE v. Feliciano E. CASTRO",
  "name_abbreviation": "State v. Castro",
  "decision_date": "2006-02-06",
  "docket_number": "No. 2003-438-M.P.",
  "first_page": "848",
  "last_page": "856",
  "citations": [
    {
      "type": "official",
      "cite": "891 A.2d 848"
    }
  ],
  "court": {
    "name_abbreviation": "R.I.",
    "id": 10179,
    "name": "Supreme Court of Rhode Island"
  },
  "jurisdiction": {
    "id": 15,
    "name_long": "Rhode Island",
    "name": "R.I."
  },
  "cites_to": [
    {
      "cite": "660 N.Y.S.2d 549",
      "category": "reporters:state",
      "reporter": "N.Y.S.2d",
      "case_ids": [
        165773
      ],
      "weight": 2,
      "year": 1997,
      "pin_cites": [
        {
          "page": "550",
          "parenthetical": "finding probable cause that a narcotics transaction occurred when an experienced officer observed an exchange of an unidentified object for currency in a drug-prone location"
        },
        {
          "parenthetical": "finding probable cause that a narcotics transaction occurred when an experienced officer observed an exchange of an unidentified object for currency in a drug-prone location"
        }
      ],
      "opinion_index": 0,
      "case_paths": [
        "/ny-2d/90/0835-03"
      ]
    },
    {
      "cite": "90 N.Y.2d 835",
      "category": "reporters:state",
      "reporter": "N.Y.2d",
      "case_ids": [
        165773,
        165838,
        165813
      ],
      "year": 1997,
      "pin_cites": [
        {
          "parenthetical": "finding probable cause that a narcotics transaction occurred when an experienced officer observed an exchange of an unidentified object for currency in a drug-prone location"
        }
      ],
      "opinion_index": 0,
      "case_paths": [
        "/ny-2d/90/0835-03",
        "/ny-2d/90/0835-01",
        "/ny-2d/90/0835-02"
      ]
    },
    {
      "cite": "596 N.E.2d 337",
      "category": "reporters:state_regional",
      "reporter": "N.E.2d",
      "year": 1992,
      "pin_cites": [
        {
          "page": "339-40",
          "parenthetical": "finding probable cause existed when an experienced narcotics investigator observed an exchange of an object for money outside of a taxicab in a place of high incidence of drug traffic"
        }
      ],
      "opinion_index": 0
    },
    {
      "cite": "413 Mass. 238",
      "category": "reporters:state",
      "reporter": "Mass.",
      "case_ids": [
        3902432
      ],
      "year": 1992,
      "pin_cites": [
        {
          "parenthetical": "finding probable cause existed when an experienced narcotics investigator observed an exchange of an object for money outside of a taxicab in a place of high incidence of drug traffic"
        }
      ],
      "opinion_index": 0,
      "case_paths": [
        "/mass/413/0238-01"
      ]
    },
    {
      "cite": "655 F.2d 1302",
      "category": "reporters:federal",
      "reporter": "F.2d",
      "case_ids": [
        3518098,
        1262047
      ],
      "pin_cites": [
        {
          "page": "1303-04"
        }
      ],
      "opinion_index": 0,
      "case_paths": [
        "/us-app-dc/211/0072-01",
        "/f2d/655/1302-01"
      ]
    },
    {
      "cite": "568 A.2d 316",
      "category": "reporters:state_regional",
      "reporter": "A.2d",
      "case_ids": [
        7347653
      ],
      "pin_cites": [
        {
          "page": "321"
        }
      ],
      "opinion_index": 0,
      "case_paths": [
        "/a2d/568/0316-01"
      ]
    },
    {
      "cite": "421 A.2d 546",
      "category": "reporters:state_regional",
      "reporter": "A.2d",
      "case_ids": [
        7943937
      ],
      "weight": 2,
      "pin_cites": [
        {
          "page": "550"
        },
        {
          "page": "550",
          "parenthetical": "\"When the arrest or search is made when the police do not know that a crime has been committed, more and better evidence is needed to prove that probable cause exists for the arrest than is the case when the police do know that a crime has been -committed.\""
        }
      ],
      "opinion_index": 0,
      "case_paths": [
        "/a2d/421/0546-01"
      ]
    },
    {
      "cite": "384 U.S. 436",
      "category": "reporters:federal",
      "reporter": "U.S.",
      "case_ids": [
        12046400
      ],
      "weight": 3,
      "year": 1966,
      "pin_cites": [
        {
          "page": "479"
        }
      ],
      "opinion_index": 0,
      "case_paths": [
        "/us/384/0436-01"
      ]
    },
    {
      "cite": "882 A.2d 1097",
      "category": "reporters:state_regional",
      "reporter": "A.2d",
      "case_ids": [
        8922103
      ],
      "pin_cites": [
        {
          "page": "1116"
        }
      ],
      "opinion_index": 0,
      "case_paths": [
        "/a2d/882/1097-01"
      ]
    },
    {
      "cite": "848 A.2d 221",
      "category": "reporters:state_regional",
      "reporter": "A.2d",
      "case_ids": [
        9246804
      ],
      "pin_cites": [
        {
          "page": "234"
        }
      ],
      "opinion_index": 0,
      "case_paths": [
        "/a2d/848/0221-01"
      ]
    },
    {
      "cite": "603 A.2d 1094",
      "category": "reporters:state_regional",
      "reporter": "A.2d",
      "case_ids": [
        7939954
      ],
      "pin_cites": [
        {
          "page": "1096"
        }
      ],
      "opinion_index": 0,
      "case_paths": [
        "/a2d/603/1094-01"
      ]
    },
    {
      "cite": "648 A.2d 1363",
      "category": "reporters:state_regional",
      "reporter": "A.2d",
      "case_ids": [
        7886516
      ],
      "pin_cites": [
        {
          "page": "1367"
        }
      ],
      "opinion_index": 0,
      "case_paths": [
        "/a2d/648/1363-01"
      ]
    },
    {
      "cite": "788 A.2d 469",
      "category": "reporters:state_regional",
      "reporter": "A.2d",
      "case_ids": [
        9401733
      ],
      "weight": 3,
      "pin_cites": [
        {
          "page": "472"
        },
        {
          "page": "472"
        }
      ],
      "opinion_index": 0,
      "case_paths": [
        "/a2d/788/0469-01"
      ]
    },
    {
      "cite": "121 R.I. 55",
      "category": "reporters:state",
      "reporter": "R.I.",
      "case_ids": [
        3188057
      ],
      "weight": 2,
      "year": 1978,
      "pin_cites": [
        {
          "page": "59-60"
        },
        {
          "page": "1351"
        }
      ],
      "opinion_index": 0,
      "case_paths": [
        "/ri/121/0055-01"
      ]
    },
    {
      "cite": "112 R.I. 276",
      "category": "reporters:state",
      "reporter": "R.I.",
      "case_ids": [
        3132952
      ],
      "weight": 2,
      "year": 1973,
      "pin_cites": [
        {
          "page": "280-81"
        },
        {
          "page": "799"
        }
      ],
      "opinion_index": 0,
      "case_paths": [
        "/ri/112/0276-01"
      ]
    },
    {
      "cite": "121 R.I. 138",
      "category": "reporters:state",
      "reporter": "R.I.",
      "case_ids": [
        3188270
      ],
      "weight": 2,
      "year": 1979,
      "pin_cites": [
        {
          "page": "141"
        },
        {
          "page": "113"
        }
      ],
      "opinion_index": 0,
      "case_paths": [
        "/ri/121/0138-01"
      ]
    },
    {
      "cite": "431 A.2d 1199",
      "category": "reporters:state_regional",
      "reporter": "A.2d",
      "case_ids": [
        7991092
      ],
      "pin_cites": [
        {
          "page": "1204"
        }
      ],
      "opinion_index": 0,
      "case_paths": [
        "/a2d/431/1199-01"
      ]
    },
    {
      "cite": "371 U.S. 471",
      "category": "reporters:federal",
      "reporter": "U.S.",
      "case_ids": [
        450611
      ],
      "weight": 3,
      "year": 1963,
      "pin_cites": [
        {
          "page": "485"
        }
      ],
      "opinion_index": 0,
      "case_paths": [
        "/us/371/0471-01"
      ]
    },
    {
      "cite": "425 A.2d 536",
      "category": "reporters:state_regional",
      "reporter": "A.2d",
      "case_ids": [
        7974359
      ],
      "pin_cites": [
        {
          "page": "538-39"
        }
      ],
      "opinion_index": 0,
      "case_paths": [
        "/a2d/425/0536-01"
      ]
    },
    {
      "cite": "454 A.2d 1216",
      "category": "reporters:state_regional",
      "reporter": "A.2d",
      "case_ids": [
        12073268
      ],
      "weight": 2,
      "pin_cites": [
        {
          "page": "1218"
        },
        {
          "page": "1219"
        }
      ],
      "opinion_index": 0,
      "case_paths": [
        "/a2d/454/1216-01"
      ]
    },
    {
      "cite": "742 A.2d 1178",
      "category": "reporters:state_regional",
      "reporter": "A.2d",
      "case_ids": [
        11502956
      ],
      "pin_cites": [
        {
          "page": "1182"
        }
      ],
      "opinion_index": 0,
      "case_paths": [
        "/a2d/742/1178-01"
      ]
    },
    {
      "cite": "93 L.Ed. 1879",
      "category": "reporters:federal",
      "reporter": "L. Ed.",
      "weight": 2,
      "year": 1949,
      "opinion_index": 0
    },
    {
      "cite": "338 U.S. 160",
      "category": "reporters:federal",
      "reporter": "U.S.",
      "case_ids": [
        3943769
      ],
      "weight": 2,
      "year": 1949,
      "pin_cites": [
        {
          "page": "175"
        }
      ],
      "opinion_index": 0,
      "case_paths": [
        "/us/338/0160-01"
      ]
    },
    {
      "cite": "425 A.2d 1224",
      "category": "reporters:state_regional",
      "reporter": "A.2d",
      "case_ids": [
        8000076
      ],
      "weight": 2,
      "pin_cites": [
        {
          "page": "1226"
        },
        {
          "page": "1227"
        }
      ],
      "opinion_index": 0,
      "case_paths": [
        "/a2d/425/1224-01"
      ]
    },
    {
      "cite": "379 U.S. 89",
      "category": "reporters:federal",
      "reporter": "U.S.",
      "case_ids": [
        11728831
      ],
      "weight": 3,
      "year": 1964,
      "pin_cites": [
        {
          "page": "91"
        }
      ],
      "opinion_index": 0,
      "case_paths": [
        "/us/379/0089-01"
      ]
    },
    {
      "cite": "443 U.S. 31",
      "category": "reporters:federal",
      "reporter": "U.S.",
      "case_ids": [
        6179569
      ],
      "weight": 3,
      "year": 1979,
      "pin_cites": [
        {
          "page": "36"
        }
      ],
      "opinion_index": 0,
      "case_paths": [
        "/us/443/0031-01"
      ]
    },
    {
      "cite": "367 U.S. 643",
      "category": "reporters:federal",
      "reporter": "U.S.",
      "case_ids": [
        1785580
      ],
      "weight": 3,
      "year": 1961,
      "pin_cites": [
        {
          "page": "654-55"
        }
      ],
      "opinion_index": 0,
      "case_paths": [
        "/us/367/0643-01"
      ]
    },
    {
      "cite": "517 U.S. 690",
      "category": "reporters:federal",
      "reporter": "U.S.",
      "case_ids": [
        11746351
      ],
      "weight": 3,
      "year": 1996,
      "pin_cites": [
        {
          "page": "699"
        }
      ],
      "opinion_index": 0,
      "case_paths": [
        "/us/517/0690-01"
      ]
    },
    {
      "cite": "752 A.2d 1",
      "category": "reporters:state_regional",
      "reporter": "A.2d",
      "case_ids": [
        11508392
      ],
      "weight": 2,
      "pin_cites": [
        {
          "page": "3"
        },
        {
          "page": "4"
        }
      ],
      "opinion_index": 0,
      "case_paths": [
        "/a2d/752/0001-01"
      ]
    },
    {
      "cite": "709 A.2d 1042",
      "category": "reporters:state_regional",
      "reporter": "A.2d",
      "case_ids": [
        11842984
      ],
      "pin_cites": [
        {
          "page": "1044"
        }
      ],
      "opinion_index": 0,
      "case_paths": [
        "/a2d/709/1042-01"
      ]
    },
    {
      "cite": "797 A.2d 440",
      "category": "reporters:state_regional",
      "reporter": "A.2d",
      "case_ids": [
        9431462
      ],
      "pin_cites": [
        {
          "page": "443"
        }
      ],
      "opinion_index": 0,
      "case_paths": [
        "/a2d/797/0440-01"
      ]
    }
  ],
  "analysis": {
    "cardinality": 1031,
    "char_count": 20592,
    "ocr_confidence": 0.68,
    "pagerank": {
      "raw": 6.204990961594998e-08,
      "percentile": 0.3842171879518845
    },
    "sha256": "b606e3624ed47775c269133f5229d15af142a2188a33a0fbb0e9e3daace74a0a",
    "simhash": "1:628f01747349964e",
    "word_count": 3325
  },
  "last_updated": "2024-02-27T19:11:14.199164+00:00",
  "provenance": {
    "date_added": "2019-08-29",
    "source": "Harvard",
    "batch": "2018"
  },
  "casebody": {
    "judges": [
      "Present: WILLIAMS, CJ., GOLDBERG, FLAHERTY, SUTTELL, and ROBINSON, JJ."
    ],
    "parties": [
      "STATE v. Feliciano E. CASTRO."
    ],
    "opinions": [
      {
        "text": "OPINION\nJustice SUTTELL, for the Court.\nThe defendant, Feliciano E. Castro, was convicted of delivering a controlled substance, to wit, cocaine, as set forth in Schedule II of G.L.1956 \u00a7 21-28-2.08, in violation of \u00a7 21-28-4.01(A)(2)(a), and sentenced to ten years at the Adult Correctional Institutions, with six months to serve, and one hundred fourteen months suspended with probation. He did not timely file a notice of appeal; however, on October 2, 2003, this Court granted the defendant\u2019s petition for writ of certiorari. The defendant asks this Court to review the trial justice\u2019s denial of his motion to suppress certain statements he made to a police officer as the fruits of an illegal arrest and of his motion for a new trial for failure to prove the charge beyond a reasonable doubt. For the reasons set forth herein, we affirm the judgment of conviction.\nFacts and Procedural History\nOn August 23, 2002, Det. Peter Conley of the Providence Police Department, a fourteen-year veteran of the force, with six years as a member of the Special Services Unit dealing with narcotics, gambling, and prostitution, was conducting undercover routine surveillance in the Eddy Street and Thurbers Avenue area of Providence with Det. Robert Enright, also of the force. Detective Conley testified that the officers were in this area because it was known to be \u201ca high area for narcotics transaction^],\u201d based upon numerous arrests made by the unit in the past. At approximately 1:45 p.m., the detectives observed a blue pickup truck with Massachusetts license plates pull into the Burger King parking lot at the comer of Eddy Street and Thurbers Avenue. The man driving the pickup truck, later identified as Jonathan Beniers, did not leave his vehicle, but rather pulled into a parking space in a \u201crushed manner\u201d and made a brief call on his cellular telephone. When Beniers finished the telephone call, he quickly pulled out of the parking lot onto Eddy Street. Detectives Conley and Enright followed the blue pickup truck in their unmarked police vehicle. They followed the driver from Eddy Street to Thurbers Avenue to Prairie Avenue, then to Oxford Street and Baxter Street, until the driver made a quick left turn onto Massie Avenue. Detective Conley testified that once on Mas-sie Avenue, the blue pickup truck \u201cwent left of center,\u201d stopping at a green Toyota that was parked across from 29 Massie Avenue. The pickup truck pulled alongside the Toyota so that the driver\u2019s side door of the Toyota was facing the driver\u2019s side door of the pickup. Two male subjects, later identified as defendant, Felici-ano E. Castro, and his ten-year-old son, were in the green Toyota.\nThe detectives parked their car thirty to forty feet away on Massie Avenue, from which vantage point Det. Conley observed Beniers, the driver of the truck, put his left hand out and hand over folded United States currency to Castro, the driver of the Toyota. Detective Conley said that \u201cwithin seconds the driver of the Toyota then reached out and handed a white bag of suspected narcotics to the driver of the pickup truck.\u201d The bag was a little bigger than a half-dollar. Detective Conley suspected that the bag contained narcotics based on his experience as a narcotics officer, the way the transaction occurred, and how quickly it transpired.\nImmediately after the exchange, the blue pickup truck left Massie Avenue. The detectives followed the truck and radioed their observations to other detectives in the area. Sergeant Alfred Zonfrilli and Det. Joseph Colanduono received the transmission, which relayed the 29 Massie Avenue address and a description of the green Toyota and its license plate. The testimony differed about whether a physical description of defendant was given.\nDetectives Conley and Enright followed the blue pickup truck from Massie Avenue to Prairie Avenue to Thurbers Avenue. At a red light, Det. Conley exited his vehicle, approached the pickup truck on foot, identified himself as a police officer, and had the driver step out of the vehicle. When he approached the truck, Det. Conley observed a white plastic bag containing suspected narcotics in plain view on the middle armrest. He then arrested Beni-ers and seized the bag. Directly after seizing the bag, Dets. Conley and Enright radioed the other officers advising that a bag of suspected narcotics had been seized from the pickup truck and requesting that they apprehend the subject in the Toyota.\nDetective Colanduono testified that he responded to the radio transmissions and arrived at 29 Massie Avenue within two to three minutes. Upon seeing the green Toyota parked in the same spot and matching the description relayed over the radio, Det. Colanduono approached the Toyota, identified himself, removed defendant from the vehicle, frisked him for weapons, and placed him in handcuffs. He then recited defendant\u2019s Miranda rights, which the detective testified defendant said he understood. When Det. Colanduo-no informed Castro of the reason why he was being arrested, defendant responded, \u201cYou got that guy?\u201d When Det. Colanduo-no answered \u2018Tes,\u201d defendant said \u201cOh, God,\u201d and asked, \u2018Tou saw me sell the drugs?\u201d The detective further testified that when told that he had been observed selling drugs, defendant volunteered, \u201cI am just a small time dealer. Nothing big. I sell a little bit on the side. I was trying to make money.\u201d Detective Colanduono testified that defendant said he was trying to make extra money because of marital problems.\nWithin five minutes, Dets. Conley and Enright returned to 29 Massie Avenue with Beniers in custody, at which time both detectives positively identified Castro as the suspected seller. At the police station, an inventory of Castro\u2019s belongings revealed he had $146 in United States currency on his person. A later field test of the contents of the bag seized from the blue pickup truck indicated that the substance was indeed cocaine, a fact to which both parties stipulated at trial.\nCastro was charged with one count of delivering a controlled substance. Before the trial began, he moved to suppress the statements he made to Det. Colanduono. His motion was denied; and, after a trial, a jury returned a verdict of guilty. On April 14, 2003, the trial justice denied defendant\u2019s motion for a new trial. The defendant now asks this Court to review the trial justice\u2019s denial of (1) his motion to suppress the statements as the fruits of an illegal arrest and (2) his motion for a new trial for failure to prove the charge beyond a reasonable doubt.\nMotion to Suppress\nThe defendant first alleges that the trial justice erred in determining that the police had probable cause to arrest him and that, therefore, the statements he made to Det. Colanduono should have been suppressed as the fruits of his unlawful arrest. \u201cIn reviewing the trial justice\u2019s denial of defendant\u2019s motion to suppress the incriminating statements * * *, we defer to the factual findings of the trial justice, applying a \u2018clearly erroneous\u2019 standard.\u201d State v. Apalakis, 797 A.2d 440, 443 (R.I.2002) (quoting State v. Page, 709 A.2d 1042, 1044 (R.I.1998)). \u201cBut we review de novo a probable-cause-to-arrest determination, because this type of mixed-law-and-fact ruling implicates constitutional rights.\u201d State v. Guzman, 752 A.2d 1, 3 (R.I.2000); accord Ornelas v. United States, 517 U.S. 690, 699, 116 S.Ct. 1657, 134 L.Ed.2d 911 (1996).\nThe Fourth Amendment to the United States Constitution, applicable to the states through the Due Process Clause of the Fourteenth Amendment, provides: \u201cThe right of the people to be secure in their persons * * * against unreasonable searches and seizures, shall not be violated, and no warrants shall issue, but upon probable cause * * See Mapp v. Ohio, 367 U.S. 643, 654-55, 81 S.Ct. 1684, 6 L.Ed.2d 1081 (1961). Article I, section 6, of the Rhode Island Constitution protects the same interests. The United States Supreme Court has held that a police officer may arrest a suspect without a warrant if, before the arrest, the officer has probable cause to believe that the suspect has committed a crime. See Michigan v. DeFillippo, 443 U.S. 31, 36, 99 S.Ct. 2627, 61 L.Ed.2d 343 (1979). By statute, police officers in this state may make warrantless arrests under the same circumstances. See G.L.1956 \u00a7 12-7-4.\n\u201cThe existence of probable cause to arrest without a warrant depends on whether, under the totality of the circumstances, the arresting officer possesses sufficient trustworthy facts and information to warrant a prudent officer in believing that the suspect has committed or was committing an offense.\u201d Guzman, 752 A.2d at 4; see also Beck v. Ohio, 379 U.S. 89, 91, 85 S.Ct. 223, 13 L.Ed.2d 142 (1964). When we determine whether probable cause existed to arrest a suspect, \u201cwe deal with probabilities. These are not technical; they are the factual and practical considerations of everyday life on which reasonable and prudent men, not legal technicians, act.\u201d State v. Belcourt, 425 A.2d 1224, 1226 (R.I.1981) (quoting Brinegar v. United States, 338 U.S. 160, 175, 69 S.Ct. 1302, 93 L.Ed. 1879 (1949)). Probable cause to arrest does not require the same quantum of proof needed to establish guilt beyond a reasonable doubt. Id. Mere suspicion, however, is never enough. See State v. Kryla, 742 A.2d 1178, 1182 (R.I.1999).\nThis Court has said that \u201cthe mosaic of facts and circumstances [available to the arresting officer] must be viewed cumulatively \u2018as through the eyes of a reasonable and cautious police officer on the scene, guided by his or her experience and training.\u2019 \u201d In re Armand, 454 A.2d 1216, 1218 (R.I.1983) (quoting In re John C., 425 A.2d 536, 538-39 (R.I.1981)). When no probable cause to arrest exists, statements obtained by exploitation of that illegal arrest are \u201cfruits of the poisonous tree\u201d that are generally inadmissible at trial. See Wong Sun v. United States, 371 U.S. 471, 485, 83 S.Ct. 407, 9 L.Ed.2d 441 (1963). Probable cause, however, need not be based upon direct personal observations of the arresting officer. The determination may be grounded upon hearsay information relayed to the arresting officer, as long as there exists a substantial basis for relying on the information. State v. Burns, 431 A.2d 1199, 1204 (R.I.1981). Furthermore, \u201c[a]n arresting officer in the field may rely on departmental knowledge which comes to him through official channels.\u201d State v. Smith, 121 R.I. 138, 141, 396 A.2d 110, 113 (1979).\nFor example, in Belcourt, 425 A.2d at 1227, this Court held that information transmitted by a radio dispatcher based on physical descriptions of the perpetrator that the victims of the crime gave was sufficiently trustworthy to'support the arresting officer\u2019s probable cause to arrest the defendant. Similarly, in State v. Duffy, 112 R.I. 276, 280-81, 308 A.2d 796, 799 (1973), rev\u2019d on other grounds, State v. McGehearty, 121 R.I. 55, 59-60, 394 A.2d 1348, 1351 (1978), we held that information relayed to a police officer via police radio was enough to establish probable cause to apprehend the defendant because, based on the arresting officer\u2019s extensive experience and the description of the suspect, he had a right to rely upon the information obtained via the transmission. Besides reliable information transmitted over police radio and officer experience, this Court has also held that an arrest\u2019s proximity in both location and time to the crime\u2019s commission is a significant factor in the probable-cause analysis. See In re Armand, 454 A.2d at 1219.\nIn the present case, after a \u2018 de novo review of the facts and circumstances available to Det. Colanduono when he arrested defendant, we conclude that he clearly possessed the requisite probable cause to make the arrest. Detective Conley, based on his extensive training and experience \u25a0 in narcotics crimes and the high-crime area he was surveilling, determined that a suspected drug transaction had taken place between defendant and Beniers. He observed a very brief transaction involving what he believed to be an exchange of possible drugs for currency. He then followed and apprehended the suspected buyer, Beniers, and seized a bag of white substance suspected to be cocaine. Detective Conley then relayed this information via police radio to Det. Colanduono, who was told, at the very least, the location of defendant and a description of his vehicle. When Det. Colanduono responded to the call within minutes of the suspected drug deal, defendant\u2019s green Toyota still was parked in the exact spot Det. Conley had described.\nUnder these circumstances, we conclude that Det. Colanduono, relying on the information he received through official channels from a reliable and seasoned fellow officer, had the requisite probable cause to arrest Castro. Accordingly, because the arrest was lawful, defendant\u2019s extemporaneous statements were not fruits of a poisonous tree, but rather fruits that had fully ripened on a savory tree and virtually fallen in the detective\u2019s basket. We therefore hold that defendant\u2019s motion to suppress the statements properly was denied.\nMotion for a New Trial\nThe defendant\u2019s second contention on appeal is that the trial justice erred in denying his motion for a new trial because the state failed to prove that defendant delivered a controlled substance beyond a reasonable doubt. Rule 33 of the Superior Court Rules of Criminal Procedure provides that \u201c[o]n motion of the defendant the court may grant a new trial * * * if required in the interest of justice.\u201d The standard for ruling on such motions is well established in Rhode Island. \u201cIn deciding a motion for a new trial, the trial justice acts as a thirteenth juror and exercises independent judgment on the credibility of witnesses and on the weight of the evidence.\u201d State v. Otero, 788 A.2d 469, 472 (R.I.2002) (quoting State v. Banach, 648 A.2d 1363, 1367 (R.I.1994)).\n\u201cIf, after conducting this independent review, the trial justice agrees with the jury\u2019s verdict or if the evidence is such that reasonable minds could differ as to the outcome, the motion for a new trial must be denied.\u201d Otero, 788 A.2d at 472. \u201cIf, however, \u2018the trial justice finds that the state has failed to sustain its burden of proof, a new trial must be ordered.\u2019 \u201d Id. (quoting State v. Clark, 603 A.2d 1094, 1096 (R.I.1992)). When the trial justice has articulated adequate reasons for denying the motion, the decision \u201cwill be given great weight and left undisturbed unless the trial justice overlooked or misconceived material evidence or otherwise was clearly wrong.\u201d State v. Gomez, 848 A.2d 221, 234 (R.I.2004).\nIn the present case, defendant argues that a new trial should have been granted because there were inconsistencies in the testimony each officer offered with respect to certain facts. After reviewing the testimony, however, the trial justice denied the motion, finding that the jury heard the inconsistencies in the officers\u2019 testimony but apparently determined, as the trial justice did, that those inconsistencies were \u201cimmaterial.\u201d The trial justice recognized that these detectives make arrests like this every day, and often are paired with different partners while doing surveillance. He attributed the inconsistencies in their testimony to the repetitive nature of their jobs, making it not at all surprising that minor details may be forgotten in such a routine arrest. The trial justice found the officers\u2019 testimony to be believable. Finding \u201cno inconsistency which would give rise to a larger suspicion that there was an informal conspiracy to convict innocent defendants,\u201d the trial justice concluded that the inconsistencies of who was traveling with whom, specific timing, and what type of description was relayed over the police radio, while factors for the jury to have considered, were not \u201clinchpins [upon] which this case would rise or fall.\u201d\nWe find that these reasons, articulated by the trial justice, are adequate to warrant upholding his decision to deny the defendant\u2019s motion for a new trial. Moreover, giving the trial justice\u2019s ruling appropriate deference, we conclude that he did not overlook or misconceive material evidence; nor was he otherwise clearly wrong. To prove delivery of a controlled substance beyond a reasonable doubt, the state must prove the actual delivery or attempted delivery of a controlled substance by the defendant and that the defendant did so knowingly and intentionally. See State v. Oliveira, 882 A.2d 1097, 1116 (R.I.2005). Testimony adduced at trial indicated that Det. Conley observed, based on his extensive experience in narcotics crimes, what he suspected to be an exchange of cocaine for money between Be-niers and the defendant. He testified he saw a small white bag exchanged for folded United States currency. Later, Det. Conley seized a small white bag of what tested to be, and was stipulated by the parties to be, cocaine from Beniers\u2019s truck. Shortly thereafter, the defendant was apprehended sitting in the same green Toyota, parked in the same location as- the purveyor of the suspected narcotics had been. After his arrest, the defendant made incriminating statements implicating himself as a small-time dealer involved in the crime, and had $146 in his pocket upon reaching the police station. With these ample facts in the record as a basis for an inference by both the jury and the trial justice that the defendant delivered a controlled substance, we cannot say that the trial justice was clearly wrong or misconceived or overlooked material evidence in denying the defendant\u2019s motion for a new trial.\nConclusion\nAccordingly, we affirm the judgment of conviction and remand the case to the Superior Court.\n. While Det. Conley could not recall giving a physical description over the radio, and Sgt. Zonfrilli also could not recall receiving one, Det. Colanduono testified that either Det. Conley or Det. Enright stated that the operator of the Toyota was a dark-skinned, possibly Hispanic, male with a shaved head and glasses.\n. See Miranda v. Arizona, 384 U.S. 436, 479, 86 S.Ct. 1602, 16 L.Ed.2d 694 (1966).\n. The defendant has cited cases from other jurisdictions to argue that Det. Conley could not have had probable cause to determine that a suspected drug deal had taken place because of his distance from the vehicles when he made his observations and. the fact that he was unsure whether the white substance was narcotics until the later field test, and thus Det. Colanduono could not reasonably rely on that information when transmitted over the radio. Although, as defendant points out, \"[o]ne of the most important elements in determining whether probable cause existed is satisfied when the police know a crime has actually been committed!)]\u201d State v. Frazier, 421 A.2d 546, 550 (R.I.1980), this Court has never held that absolute certainty that an object exchanged was drugs is essential. See, e.g., State v. Travis, 568 A.2d 316, 321 (R.I.1990) (\"By its very definition the possibility of error is always inherent in the determination of probable cause.\u201d); Frazier, 421 A.2d at 550 (\"When the arrest or search is made when the police do not know that a crime has been committed, more and better evidence is needed to prove that probable cause exists for the arrest than is the case when the police do know that a crime has been -committed.\u201d). Other jurisdictions appear to be in agreement, and have held probable cause to exist in circumstances similar to the case at bar. See, e.g., United States v. White, 655 F.2d 1302, 1303-04 (D.C.Cir.1981) (holding that probable cause was established when an officer experienced in narcotics investigations saw a woman who was a passenger in an automobile receive from the driver a small, unidentified object in exchange for money); Commonwealth v. Santaliz, 413 Mass. 238, 596 N.E.2d 337, 339-40 (1992) (finding probable cause existed when an experienced narcotics investigator observed an exchange of an object for money outside of a taxicab in a place of high incidence of drug traffic); People v. Jones, 90 N.Y.2d 835, 660 N.Y.S.2d 549, 550, 683 N.E.2d 14 (1997) (finding probable cause that a narcotics transaction occurred when an experienced officer observed an exchange of an unidentified object for currency in a drug-prone location).",
        "type": "majority",
        "author": "Justice SUTTELL, for the Court."
      }
    ],
    "attorneys": [
      "Virginia M. McGinn, Esq., Providence, for Plaintiff.",
      "Paula Lynch, Esq., East Greenwicch, for Defendant."
    ],
    "corrections": "",
    "head_matter": "STATE v. Feliciano E. CASTRO.\nNo. 2003-438-M.P.\nSupreme Court of Rhode Island.\nFeb. 6, 2006.\nVirginia M. McGinn, Esq., Providence, for Plaintiff.\nPaula Lynch, Esq., East Greenwicch, for Defendant.\nPresent: WILLIAMS, CJ., GOLDBERG, FLAHERTY, SUTTELL, and ROBINSON, JJ."
  },
  "file_name": "0848-01",
  "first_page_order": 880,
  "last_page_order": 888
}
