{
  "volume_number": "140",
  "title": null,
  "publisher": null,
  "publication_year": null,
  "start_year": 2016,
  "end_year": 2016,
  "series_volume_number": null,
  "jurisdictions": [
    {
      "id": 56,
      "name": "D.C.",
      "name_long": "District of Columbia"
    },
    {
      "id": 8,
      "name": "Del.",
      "name_long": "Delaware"
    },
    {
      "id": 42,
      "name": "Me.",
      "name_long": "Maine"
    },
    {
      "id": 6,
      "name": "Pa.",
      "name_long": "Pennsylvania"
    },
    {
      "id": 9,
      "name": "Regional",
      "name_long": "Regional"
    },
    {
      "id": 15,
      "name": "R.I.",
      "name_long": "Rhode Island"
    },
    {
      "id": 39,
      "name": "U.S.",
      "name_long": "United States"
    }
  ],
  "id": "A3d_140",
  "harvard_hollis_id": null,
  "spine_start_year": 2016,
  "spine_end_year": 2016,
  "publication_city": null,
  "second_part_of_id": null,
  "redacted": false,
  "nominative_reporter": null
}
