{
  "id": 8096631,
  "name": "W. H. F. C., INC., t/a Washington Household Furniture Company, Inc., Appellant, v. Lincoln PRESTON, Appellee",
  "name_abbreviation": "W. H. F. C., Inc. v. Preston",
  "decision_date": "1964-03-30",
  "docket_number": "No. 3416",
  "first_page": "913",
  "last_page": "914",
  "citations": [
    {
      "type": "official",
      "cite": "198 A.2d 913"
    }
  ],
  "court": {
    "name_abbreviation": "D.C.",
    "id": 11933,
    "name": "District of Columbia Court of Appeals"
  },
  "jurisdiction": {
    "id": 56,
    "name_long": "District of Columbia",
    "name": "D.C."
  },
  "cites_to": [],
  "analysis": {
    "cardinality": 152,
    "char_count": 1707,
    "ocr_confidence": 0.686,
    "sha256": "ab00168b745737a580d8284f571adfe35ee80f3c8ca8dcad086032a23f9f2890",
    "simhash": "1:73d027f23069f03a",
    "word_count": 297
  },
  "last_updated": "2023-07-14T19:44:17.287330+00:00",
  "provenance": {
    "date_added": "2019-08-29",
    "source": "Harvard",
    "batch": "2018"
  },
  "casebody": {
    "judges": [
      "Before HOOD, Chief Judge, MYERS, Associate Judge, and CAYTON (Chief Judge, Retired)."
    ],
    "parties": [
      "W. H. F. C., INC., t/a Washington Household Furniture Company, Inc., Appellant, v. Lincoln PRESTON, Appellee."
    ],
    "opinions": [
      {
        "text": "HOOD, Chief Judge.\nAppellant brought this action to recover $625.08, alleged to be due as the balance on the sale to appellee of a combination radio and record player.\nAppellee\u2019s defense was that he went to appellant\u2019s store and agreed to purchase a set after being told that its price was $199.-95, that he made a down payment of $30 and signed a blank contract form; that he was told the contract would be completed later and that the total price, including a one-year service charge and carrying charges would be around $250; that about a week and a half after receiving the set he received a payment book showing the price of the set to be $499.95, with a total price, including carrying charges of $98.98, of $655.08; that he called appellant and told it the set was not what he had ordered and the price was not what he had agreed to, and offered to return the set; that appellant refused to take back the set, stating that appellee had signed the contract and would have to pay. \u2022\nAt the conclusion of the testimony the trial court announced it was not impressed by the testimony of either of appellant\u2019s two witnesses, and it believed the appellee was telling the truth. The court then found that appellee\u2019s signature to the contract had been obtained by fraud and denied any recovery on the contract. We find no error.\nAffirmed.",
        "type": "majority",
        "author": "HOOD, Chief Judge."
      }
    ],
    "attorneys": [
      "Paschal R. La Padula, Washington, D\u201e C., for appellant.",
      "No brief for appellee."
    ],
    "corrections": "",
    "head_matter": "W. H. F. C., INC., t/a Washington Household Furniture Company, Inc., Appellant, v. Lincoln PRESTON, Appellee.\nNo. 3416.\nDistrict of Columbia Court of Appeals.\nArgued Feb. 24, 1964.\nDecided March 30, 1964.\nPaschal R. La Padula, Washington, D\u201e C., for appellant.\nNo brief for appellee.\nBefore HOOD, Chief Judge, MYERS, Associate Judge, and CAYTON (Chief Judge, Retired)."
  },
  "file_name": "0913-01",
  "first_page_order": 949,
  "last_page_order": 950
}
