{
  "id": 11573472,
  "name": "In the Matter of the Petition of Tyrone BROOKINS for a Writ of Mandamus",
  "name_abbreviation": "In re Brookins",
  "decision_date": "1999-08-18",
  "docket_number": "No. 307, 1999",
  "first_page": "204",
  "last_page": "207",
  "citations": [
    {
      "type": "official",
      "cite": "736 A.2d 204"
    }
  ],
  "court": {
    "name_abbreviation": "Del.",
    "id": 9322,
    "name": "Delaware Supreme Court"
  },
  "jurisdiction": {
    "id": 8,
    "name_long": "Delaware",
    "name": "Del."
  },
  "cites_to": [
    {
      "cite": "597 A.2d 1",
      "category": "reporters:state_regional",
      "reporter": "A.2d",
      "case_ids": [
        11934307
      ],
      "weight": 2,
      "year": 1991,
      "pin_cites": [
        {
          "page": "2"
        }
      ],
      "opinion_index": 0,
      "case_paths": [
        "/a2d/597/0001-01"
      ]
    },
    {
      "cite": "1999 WL 507237",
      "category": "reporters:specialty_west",
      "reporter": "WL",
      "year": 1999,
      "pin_cites": [
        {
          "parenthetical": "ORDER"
        }
      ],
      "opinion_index": 0
    },
    {
      "cite": "600 A.2d 37",
      "category": "reporters:state_regional",
      "reporter": "A.2d",
      "case_ids": [
        7348096
      ],
      "year": 1991,
      "pin_cites": [
        {
          "page": "38"
        }
      ],
      "opinion_index": 0,
      "case_paths": [
        "/a2d/600/0037-01"
      ]
    },
    {
      "cite": "551 A.2d 65",
      "category": "reporters:state_regional",
      "reporter": "A.2d",
      "case_ids": [
        11314372
      ],
      "year": 1988,
      "pin_cites": [
        {
          "page": "66"
        }
      ],
      "opinion_index": 0,
      "case_paths": [
        "/a2d/551/0065-01"
      ]
    },
    {
      "cite": "545 A.2d 619",
      "category": "reporters:state_regional",
      "reporter": "A.2d",
      "case_ids": [
        7941311
      ],
      "year": 1988,
      "pin_cites": [
        {
          "page": "620"
        }
      ],
      "opinion_index": 0,
      "case_paths": [
        "/a2d/545/0619-01"
      ]
    },
    {
      "cite": "57 A.2d 94",
      "category": "reporters:state_regional",
      "reporter": "A.2d",
      "weight": 3,
      "year": 1947,
      "pin_cites": [
        {
          "page": "97"
        }
      ],
      "opinion_index": 0
    },
    {
      "cite": "1986 WL 16796",
      "category": "reporters:specialty_west",
      "reporter": "WL",
      "year": 1986,
      "pin_cites": [
        {
          "parenthetical": "ORDER"
        }
      ],
      "opinion_index": 0
    },
    {
      "cite": "465 A.2d 785",
      "category": "reporters:state_regional",
      "reporter": "A.2d",
      "case_ids": [
        7964867
      ],
      "year": 1983,
      "opinion_index": 0,
      "case_paths": [
        "/a2d/465/0785-01"
      ]
    }
  ],
  "analysis": {
    "cardinality": 453,
    "char_count": 9342,
    "ocr_confidence": 0.676,
    "pagerank": {
      "raw": 7.317852702137001e-08,
      "percentile": 0.43825489439731813
    },
    "sha256": "6dc1d94a9afa1e0a8b6214af90e75f03432f863ace76e64f4eee0c21e5fd0672",
    "simhash": "1:1c3332f8521337f6",
    "word_count": 1529
  },
  "last_updated": "2024-02-27T19:06:19.256060+00:00",
  "provenance": {
    "date_added": "2019-08-29",
    "source": "Harvard",
    "batch": "2018"
  },
  "casebody": {
    "judges": [
      "Before VEASEY, C.J., HOLLAND, and HARTNETT, JJ."
    ],
    "parties": [
      "In the Matter of the Petition of Tyrone BROOKINS for a Writ of Mandamus."
    ],
    "opinions": [
      {
        "text": "PER CURIAM:\nThis Court has before it the petition for a writ of mandamus filed by Tyrone Broo-kins (\u201cBrookins\u201d). An answer and a motion to dismiss the petition have been filed by the State of Delaware. We have concluded that Brookins\u2019 petition must be granted and a writ of mandamus issued to the Superior Court.\nFacts\nMore than fifteen years ago, a Superior Court jury convicted Brookins of first degree murder and related offenses. Broo-kins\u2019 convictions were affirmed by this Court on direct appeal. Brookins subsequent applications for state postconviction and federal habeas relief were denied.\nOn April 13, 1998, Brookins presented another motion for postconviction relief in the Superior Court by filing that motion in the proper office of its Clerk, the New Castle County Prothonotary. Brookins filed a motion for an evidentiary hearing on February 17, 1999. More recently, Brookins filed a motion for default judgment on June 22,1999.\nThe Superior Court docket reflects that Brookins\u2019 motion for postconviction relief was not referred to a Superior Court judge by the New Castle County Prothonotary until April 14, 1999, one year and one day after the motion was filed. The Superior Court record in this case includes a memorandum dated April 14, 1999, from the New Castle County Prothonotary to the Criminal Office Judge. The memorandum states that a number of Motions for Post-conviction Relief, including Brookins\u2019 motion, had \u201c[fallen] through the cracks.\u201d\nProthonotary Superior Court Clerk\nThe Prothonotary has always been the Clerk of the Superior Court. The Delaware Constitution was amended within the last few years, however, to make the Office of Prothonotary subject to the appointment and direct supervision of the Superi- or Court, rather than an independently elected position. The recent amendment to the Delaware Constitution, which provides for the Superior Court to appoint a Prothonotary in each county to hold office at the pleasure of the Superior Court, has made the Prothonotary an integral internal component of the Superior Court judicial system.\nThe action or inaction of the Prothonota-ry in each county now constitutes institutional conduct by the Superior Court. Brookins\u2019 petition for a writ of mandamus seeks an order from this Court compelling the Superior Court to act on his motion for postconviction relief. Brookins\u2019 petition also seeks to compel the Superior Court to act on his motions for an evidentiary'hear-ing and for a default judgment.\nWrit of Mandamus Character and Function\nThe character and function of a writ of mandamus in Delaware is the sam\u00e9 that it was at common law. The writ of mandamus is a command \u201cissued by a court of law having competent jurisdiction, to an inferior or lower court, to a tribunal or board, or to a corporation or person, requiring the performance of some duty named therein, said duty being attached to the official position of the party to whom the writ is directed, or resulting from operation of law.\u201d When a person seeks to compel the performance of some duty by mandamus proceedings, that person must show a clear right to have the duty performed and the unavailability of any other adequate remedy.\nThe Delaware Constitution confers original jurisdiction on this Court to issue writs of mandamus to the Superior Court. The Court will not issue a writ of mandamus \u201cto compel a trial court to perform a particular judicial function, to decide a matter in a particular way, or to dictate the control of its docket.\u201d This Court will issue a writ of mandamus to a trial court only when the petitioner can show that there is the clear right to the performance of the duty at the time of the petition, no other adequate remedy is available, and the trial court has refused or failed to perform its duty.\nProthonotary Inaction Judicial Authority Unexercised Constitutes Institutional Failure\nThe Superior Court record reflects that Brookins\u2019 motion for postconviction relief was docketed by the New Castle County Prothonotary on April 13, 1998, but was not presented to an individual judge until April 14, 1999, more than a year after that motion was filed. The passage of four months since Brookins\u2019 motion was referred to a Superior Court judge is not evidence of the trial judge\u2019s arbitrary refusal or failure to rule on the motion. Nevertheless, Brookins has established that the Superior Court, as an institution, failed to act systematically when the New Castle County Prothonota-ry did not refer his postconviction motion to a judge for more than one year. Broo-kins\u2019 related motions for an evidentiary hearing and for default judgment also remain undecided.\nLitigants in the Superior Court are \u2022 required to file documents with the Prothonotary in each county because the Delaware Constitution makes that office the Clerk of the Superior Court. In its answer and motion to dismiss, the State argues that the lapse or passage of time, for more than one year from filing with the New Castle County Prothonotary until the referral to an individual judge of the Superior Court, is an insufficient \u201cfailure\u201d to invoke the original writ jurisdiction of this Court. If that were the law, a litigant would be without any redress if the clerk of a trial court simply docketed a motion and never forwarded' it to a judge for action.\nThe Delaware Constitution makes it the concomitant responsibility of the Superior Court, as the appointing authority, to ensure that litigant\u2019s filings are presented by the Prothonotary to a Superior Court judge in a timely manner. The Superior Court cannot exercise its authority until the litigants filings are presented to an individual judge. Unfortunately, this case is the third recent application to this Court for a writ of mandamus because of similar inaction by the New Castle County Pro-thonotary in referring a matter to an individual judge.\nThe framers of the Delaware Constitution vested this Court with the original jurisdiction to issue writs of mandamus to the Superior Court, as a means of redress for litigants, when there is an institutional failure to respond or act within a reasonable amount of time. The record of the New Castle County Prothonotary\u2019s inaction in this case reflects such a systematic failure by an officer of the Superior Court. Brookins is entitled to redress for the Superior Court\u2019s institutional failure to exercise its authority by considering Brookins\u2019 motions in a timely manner when it had a duty to do so. Since there is no other adequate remedy, Brookins\u2019 petition for a writ of mandamus must be granted.\nWrit Issued\nAccordingly, Brookins\u2019 petition for a writ of mandamus is granted. The Clerk of this Court is directed to send this Opinion to the President Judge of the Superior Court, who should ascertain that all of Brookins\u2019 motions have been assigned for a final disposition by an individual judge of the Superior Court. The assigned judge should decide all of those motions on a priority basis and send the Clerk of this Court a copy of the final judgments that are entered. Jurisdiction is retained until the Superior Court decides Brookins\u2019 pending motions. The writ shall issue immediately.\n. Lampkins v. State, Del.Supr., 465 A.2d 785 (1983).\n. Brookins v. State, Del.Supr., No. 386, 1985, Christie, C.J., 1986 WL 16796 (May 1, 1986) (ORDER); Brookins v. Redman, D .Del., C.A. No. 84-318-WKS, Stapleton, C.J. (Nov. 26, 1984); Brookins v. Redman, D.Del, C.A. No. 86-226-JRR, Roth, J. (Sept. 10, 1986); Brookins v. Redman, D.Del., C.A. No. 87-434-JLL, Latchum, J. (Oct. 5, 1987).\n. Del. Const, art. IV, \u00a7 26.\n. Del. Const, art. IV, \u00a7 26\n. State ex rel. Lyons v. McDowell, Del.Super., 57 A.2d 94, 97 (1947).\n. Id.\n. Id.\n. Del. Const, art. IV, \u00a7 11(5).\n. In re Bordley, Del.Supr., 545 A.2d 619, 620 (1988).\n. In re Haskins, Del.Supr., 551 A.2d 65, 66 (1988).\n. This Court is without jurisdiction to issue a writ of mandamus directly to the Prothonota-ry. See In re Hitchens, Del.Supr., 600 A.2d 37, 38 (1991).\n. In re Johnson, Del.Supr., No. 210, 1999, 1999 WL 507237, Holland, J. (June 3, 1999) (ORDER) (declining to issue a writ of mandamus on the assumption that the failure in making a referral to a judge was aberrational conduct by the New Castle County Prothono-tary); and In re Knight, Del.Supr., No. 349, 1999, Holland, J. (August 18, 1999) (ORDER) (issuing a writ of mandamus due to similar inaction by the New Castle County Prothono-tary).\n. Del. Const, art. IV, 11(5).\n. See Petition of State, Del.Supr., 597 A.2d 1, 2 (1991).\n. Id.\n. This opinion does not express or imply any view as to the merits of Brookins\u2019 motions. We also do not suggest that Brookins\u2019 later motions would merit extraordinary relief in the absence of the Superior Court's institutional failure in referring his original motion for postconviction relief to a judge. To the extent Brookins has experienced inexcusable delay on his original motion, however, fundamental fairness requires that his later motions receive priority consideration.",
        "type": "majority",
        "author": "PER CURIAM:"
      }
    ],
    "attorneys": [
      "Tyrone Brookins, pro se, Smyrna, Delaware.",
      "Loren C. Meyers, Department of Justice, Wilmington, Delaware, for the State of Delaware."
    ],
    "corrections": "",
    "head_matter": "In the Matter of the Petition of Tyrone BROOKINS for a Writ of Mandamus.\nNo. 307, 1999.\nSupreme Court of Delaware.\nSubmitted: July 23, 1999.\nDecided: Aug. 18, 1999.\nTyrone Brookins, pro se, Smyrna, Delaware.\nLoren C. Meyers, Department of Justice, Wilmington, Delaware, for the State of Delaware.\nBefore VEASEY, C.J., HOLLAND, and HARTNETT, JJ."
  },
  "file_name": "0204-01",
  "first_page_order": 268,
  "last_page_order": 271
}
