{
  "id": 7874466,
  "name": "Robert C.G. HOTTENTOT v. MID-MAINE MEDICAL CENTER",
  "name_abbreviation": "Hottentot v. Mid-Maine Medical Center",
  "decision_date": "1988-10-21",
  "docket_number": "",
  "first_page": "365",
  "last_page": "370",
  "citations": [
    {
      "type": "official",
      "cite": "549 A.2d 365"
    }
  ],
  "court": {
    "name_abbreviation": "Me.",
    "id": 9543,
    "name": "Maine Supreme Judicial Court"
  },
  "jurisdiction": {
    "id": 42,
    "name_long": "Maine",
    "name": "Me."
  },
  "cites_to": [
    {
      "cite": "114 Ariz. 66",
      "category": "reporters:state",
      "reporter": "Ariz.",
      "case_ids": [
        1457035
      ],
      "weight": 2,
      "year": 1977,
      "pin_cites": [
        {
          "page": "71"
        },
        {
          "page": "191"
        }
      ],
      "opinion_index": 0,
      "case_paths": [
        "/ariz/114/0066-01"
      ]
    },
    {
      "cite": "250 N.E.2d 892",
      "category": "reporters:state_regional",
      "reporter": "N.E.2d",
      "year": 1969,
      "opinion_index": 0
    },
    {
      "cite": "19 Ohio App.2d 246",
      "category": "reporters:state",
      "reporter": "Ohio App. 2d",
      "case_ids": [
        6705790
      ],
      "year": 1969,
      "opinion_index": 0,
      "case_paths": [
        "/ohio-app-2d/19/0246-01"
      ]
    },
    {
      "cite": "102 N.M. 201",
      "category": "reporters:state",
      "reporter": "N.M.",
      "case_ids": [
        1580048
      ],
      "weight": 4,
      "year": 1984,
      "pin_cites": [
        {
          "page": "203-04"
        },
        {
          "page": "1352-53"
        }
      ],
      "opinion_index": 0,
      "case_paths": [
        "/nm/102/0201-01"
      ]
    },
    {
      "cite": "497 P.2d 564",
      "category": "reporters:state_regional",
      "reporter": "P.2d",
      "year": 1972,
      "opinion_index": 0
    },
    {
      "cite": "53 Haw. 475",
      "category": "reporters:state",
      "reporter": "Haw.",
      "case_ids": [
        1444771
      ],
      "year": 1972,
      "opinion_index": 0,
      "case_paths": [
        "/haw/53/0475-01"
      ]
    },
    {
      "cite": "540 P.2d 345",
      "category": "reporters:state_regional",
      "reporter": "P.2d",
      "opinion_index": 0
    },
    {
      "cite": "567 P.2d 1162",
      "category": "reporters:state_regional",
      "reporter": "P.2d",
      "year": 1977,
      "opinion_index": 0
    },
    {
      "cite": "140 Cal.Rptr. 442",
      "category": "reporters:state",
      "reporter": "Cal. Rptr.",
      "year": 1977,
      "opinion_index": 0
    },
    {
      "cite": "19 Cal.3d 802",
      "category": "reporters:state",
      "reporter": "Cal. 3d",
      "case_ids": [
        2291119
      ],
      "year": 1977,
      "opinion_index": 0,
      "case_paths": [
        "/cal-3d/19/0802-01"
      ]
    },
    {
      "cite": "117 Ariz. 403",
      "category": "reporters:state",
      "reporter": "Ariz.",
      "case_ids": [
        1603025
      ],
      "weight": 2,
      "year": 1977,
      "opinion_index": 0,
      "case_paths": [
        "/ariz/117/0403-01"
      ]
    },
    {
      "cite": "609 P.2d 24",
      "category": "reporters:state_regional",
      "reporter": "P.2d",
      "case_ids": [
        10445198
      ],
      "weight": 2,
      "year": 1980,
      "pin_cites": [
        {
          "page": "28"
        }
      ],
      "opinion_index": 0,
      "case_paths": [
        "/p2d/609/0024-01"
      ]
    },
    {
      "cite": "525 N.E.2d 50",
      "category": "reporters:state_regional",
      "reporter": "N.E.2d",
      "year": 1988,
      "opinion_index": 0
    },
    {
      "cite": "121 Ill.Dec. 244",
      "category": "reporters:state",
      "reporter": "Ill. Dec.",
      "year": 1988,
      "opinion_index": 0
    },
    {
      "cite": "123 Ill.2d 49",
      "category": "reporters:state",
      "reporter": "Ill. 2d",
      "case_ids": [
        5550702
      ],
      "year": 1988,
      "opinion_index": 0,
      "case_paths": [
        "/ill-2d/123/0049-01"
      ]
    },
    {
      "cite": "125 Vt. 419",
      "category": "reporters:state",
      "reporter": "Vt.",
      "case_ids": [
        4636767
      ],
      "weight": 4,
      "year": 1966,
      "opinion_index": 0,
      "case_paths": [
        "/vt/125/0419-01"
      ]
    },
    {
      "cite": "281 A.2d 589",
      "category": "reporters:state_regional",
      "reporter": "A.2d",
      "weight": 2,
      "year": 1971,
      "opinion_index": 0
    },
    {
      "cite": "111 N.H. 276",
      "category": "reporters:state",
      "reporter": "N.H.",
      "case_ids": [
        4435274
      ],
      "weight": 2,
      "year": 1971,
      "opinion_index": 0,
      "case_paths": [
        "/nh/111/0276-01"
      ]
    },
    {
      "cite": "429 N.E.2d 1011",
      "category": "reporters:state_regional",
      "reporter": "N.E.2d",
      "year": 1981,
      "opinion_index": 0
    },
    {
      "cite": "384 Mass. 770",
      "category": "reporters:state",
      "reporter": "Mass.",
      "case_ids": [
        934188
      ],
      "year": 1981,
      "opinion_index": 0,
      "case_paths": [
        "/mass/384/0770-01"
      ]
    },
    {
      "cite": "192 A.2d 817",
      "category": "reporters:state_regional",
      "reporter": "A.2d",
      "year": 1963,
      "opinion_index": 0
    },
    {
      "cite": "40 N.J. 389",
      "category": "reporters:state",
      "reporter": "N.J.",
      "case_ids": [
        1324251
      ],
      "year": 1963,
      "opinion_index": 0,
      "case_paths": [
        "/nj/40/0389-01"
      ]
    },
    {
      "cite": "170 A.2d 791",
      "category": "reporters:state_regional",
      "reporter": "A.2d",
      "weight": 2,
      "year": 1961,
      "pin_cites": [
        {
          "page": "799"
        }
      ],
      "opinion_index": 0
    },
    {
      "cite": "34 N.J. 582",
      "category": "reporters:state",
      "reporter": "N.J.",
      "case_ids": [
        568579
      ],
      "year": 1961,
      "opinion_index": 0,
      "case_paths": [
        "/nj/34/0582-01"
      ]
    },
    {
      "cite": "76 Harv.L.Rev. 983",
      "category": "journals:journal",
      "reporter": "Harv. L. Rev.",
      "year": 1963,
      "opinion_index": 0
    },
    {
      "cite": "43 Harv.L.Rev. 993",
      "category": "journals:journal",
      "reporter": "Harv. L. Rev.",
      "weight": 2,
      "year": 1930,
      "opinion_index": 0
    },
    {
      "cite": "486 A.2d 97",
      "category": "reporters:state_regional",
      "reporter": "A.2d",
      "case_ids": [
        7908873
      ],
      "pin_cites": [
        {
          "page": "101"
        }
      ],
      "opinion_index": 0,
      "case_paths": [
        "/a2d/486/0097-01"
      ]
    },
    {
      "cite": "453 So.2d 519",
      "category": "reporters:state_regional",
      "reporter": "So. 2d",
      "case_ids": [
        7621532,
        7621382
      ],
      "weight": 2,
      "pin_cites": [
        {
          "page": "523"
        }
      ],
      "opinion_index": 0,
      "case_paths": [
        "/so2d/453/0519-02",
        "/so2d/453/0519-01"
      ]
    },
    {
      "cite": "42 U.S.C.A. \u00a7\u00a7 1302",
      "category": "laws:leg_statute",
      "reporter": "U.S.C.",
      "opinion_index": 1
    },
    {
      "cite": "17 Harv.L.Rev. 156",
      "category": "journals:journal",
      "reporter": "Harv. L. Rev.",
      "year": 1904,
      "opinion_index": 1
    },
    {
      "cite": "497 P.2d 564",
      "category": "reporters:state_regional",
      "reporter": "P.2d",
      "year": 1972,
      "opinion_index": 1
    },
    {
      "cite": "53 Haw. 475",
      "category": "reporters:state",
      "reporter": "Haw.",
      "case_ids": [
        1444771
      ],
      "year": 1972,
      "opinion_index": 1,
      "case_paths": [
        "/haw/53/0475-01"
      ]
    },
    {
      "cite": "540 P.2d 345",
      "category": "reporters:state_regional",
      "reporter": "P.2d",
      "opinion_index": 1
    },
    {
      "cite": "567 P.2d 1162",
      "category": "reporters:state_regional",
      "reporter": "P.2d",
      "year": 1977,
      "opinion_index": 1
    },
    {
      "cite": "140 Cal.Rptr. 442",
      "category": "reporters:state",
      "reporter": "Cal. Rptr.",
      "year": 1977,
      "opinion_index": 1
    },
    {
      "cite": "19 Cal.3d 802",
      "category": "reporters:state",
      "reporter": "Cal. 3d",
      "case_ids": [
        2291119
      ],
      "year": 1977,
      "opinion_index": 1,
      "case_paths": [
        "/cal-3d/19/0802-01"
      ]
    },
    {
      "cite": "486 A.2d 97",
      "category": "reporters:state_regional",
      "reporter": "A.2d",
      "case_ids": [
        7908873
      ],
      "pin_cites": [
        {
          "page": "101"
        }
      ],
      "opinion_index": 1,
      "case_paths": [
        "/a2d/486/0097-01"
      ]
    }
  ],
  "analysis": {
    "cardinality": 947,
    "char_count": 18016,
    "ocr_confidence": 0.749,
    "pagerank": {
      "raw": 7.851471846339233e-08,
      "percentile": 0.45875454514915737
    },
    "sha256": "46274c8f54ada912307a05dc44aafc7f9fbc2e8e1ce0bd642ef364df49e73c3f",
    "simhash": "1:0daee5b9927caaeb",
    "word_count": 2786
  },
  "last_updated": "2024-02-27T22:51:59.885733+00:00",
  "provenance": {
    "date_added": "2019-08-29",
    "source": "Harvard",
    "batch": "2018"
  },
  "casebody": {
    "judges": [
      "Before McKUSICK, C.J., and ROBERTS, WATHEN, GLASSMAN, SCOLNIK, CLIFFORD and HORNBY, JJ."
    ],
    "parties": [
      "Robert C.G. HOTTENTOT v. MID-MAINE MEDICAL CENTER."
    ],
    "opinions": [
      {
        "text": "WATHEN, Justice.\nPlaintiff Robert C.G. Hottentot appeals from an order of the Superior Court (Ken-nebec County, Brennan, J.) granting summary judgment to defendant Mid-Maine Medical Center. The Superior Court found no basis for reviewing the staffing decision of a private, non-profit hospital. Finding no error we affirm the judgment.\nPlaintiff is an osteopathic orthopedic surgeon practicing in Waterville. He is fully licensed by the State of Maine and is a member of the medical staff at both Sebas-ticook Valley Hospital (Pittsfield) and Wa-terville Osteopathic Hospital. For a time he was Chief of Surgery at Waterville Osteopathic. Dr. Hottentot has applied twice for surgical staff privileges at Mid-Maine Medical Center. His most recent application was rejected because he did not meet the requirements of the Hospital\u2019s Rule D-l. This Rule requires that an applicant for surgical staff privileges \u201cmust be qualified for examination by the American Board of Surgery or one of its sub-specialty boards or be so certified .... \u201d In order to take the American Board of Surgery examination, a physician must first serve a residency program approved by that Board. Dr. Hottentot\u2019s residencies do not qualify because they were served primarily at osteopathic institutions. Three osteopathic physicians have qualified under the Rule and been admitted to staff privileges at the Hospital.\nDr. Hottentot brought a seven-count complaint against the Mid-Maine Medical Center seeking consideration of his application without regard to Rule D-l. The complaint asserts that the Hospital's application of Rule D-l violates regulations promulgated by the State Department of Human Services; that the Rule is contrary to the Hospital By-laws; that the decision to deny Dr. Hottentot\u2019s application is contrary to the By-laws; that Rule D-l is arbitrary, capricious, unreasonable and unlawful because Dr. Hottentot\u2019s residency program was equivalent to the American Medical Association-approved residency program and he was excluded solely because it was osteopathic rather than allopathic; that the Hospital denied Dr. Hottentot a fair hearing in refusing to permit him to have counsel at the hearing or to present certain evidence and in failing to comply with its own time limits; that Rule D-l and the decision to deny Dr. Hottentot\u2019s application violate State public policy and are unreasonable, arbitrary and capricious, as well as substantively irrational and procedurally unfair and unlawful; and that Dr. Hottentot\u2019s application should have been judged by the standards in effect in August of 1981 when he submitted an earlier application that was not approved.\nAfter issue was joined both Dr. Hottentot and the Hospital filed motions for summary judgment with supporting affidavits. No genuine issue of material fact emerged. After a hearing, the Superior Court granted the Hospital\u2019s motion for summary judgment on the ground that it had no jurisdiction to review the staffing decisions of a private, non-profit hospital such as Mid-Maine Medical Center. It is from this decision that Dr. Hottentot has appealed.\nVIOLATION OF STATE REGULATION\nWe address first the assertion that the Hospital\u2019s action violated a Department of Human Services regulation. The trial court did not explicitly rule on this issue. Its decision focused instead on whether Dr. Hottentot has a common law cause of action, an issue whose resolution does not determine whether he has a claim for breach of the regulation. The parties have addressed in this Court the substance of the regulation without considering whether a physician may bring a private cause of action to enforce it. We conclude that enforcement is for the Department through licensing sanctions or prosecution, not a private physician in a civil action.\nMaine statutes require that any person or association operating a hospital obtain a state license. 22 M.R.S.A. \u00a7 1811 (1980). Section 1817 permits the Department to condition the license upon meeting Department standards. Section 1820 grants the Department \u201cpower to establish reasonable standards ... which it finds to be necessary and in the public interest.\u201d The Department has in fact adopted regulations whose coverage extends to issues of medical staff qualifications. They require that members of the medical staff be \u201cqualified legally, professionally, and ethically for the positions to which they are appointed.\u201d The medical staff must have a system, \u201cbased on definite workable standards, to evaluate each applicant;\u201d and privileges must be extended to \u201cduly licensed qualified physicians\u201d in the \u201cappropriate fields ... according to individual qualifications.\u201d Membership may not be \u201cdependent solely upon certification, fellowship, or membership in a specialty, body or society.\u201d Instead, \u201c[a]ll qualified candidates [must be] considered by the credentials committee.\u201d In the specific provision pointed to by Dr. Hottentot, the regulation requires that \u201c[c]riteria for selection are individual character, competence, training, experience, and judgment.\u201d\nDr. Hottentot emphasizes the use of the word \u201cindividual\u201d in the regulation, and maintains that a blanket requirement of eligibility for the ABS examination eliminates consideration of his individual characteristics. This argument is not persuasive. Obviously the Department did not intend to prohibit all credentials requirements (such as graduation from a medical school) and require a hospital to assess each applicant\u2019s medical knowledge independently of education and training. See Hull v. Board of Commissioners of Halifax Hospital Medical Center, 453 So.2d 519, 523 (Fla.Dist.Ct.App.1984) (statutory requirement of consideration on an individual basis requires only \u201cthat uniform standards be applied equally\u201d).\nWe are more troubled by the import of the Department\u2019s outright prohibition of criteria \u201cdependent solely upon certification ... in a specialty body\u201d like the ABS. Neither party sheds any light on the scope of this provision and whether Rule D-l is consistent with it.\nWhatever its scope, however, the regulation is adopted pursuant to a licensing program. The sanction provided by statute for failure to comply with Department regulations is to make the hospital\u2019s license temporary or conditional and ultimately suspend or revoke it if necessary. 22 M.R. S.A. \u00a7 1817 (1980). In addition, criminal penalties are explicitly provided for violation of the Department\u2019s regulations. Id. at \u00a7 1821. We have stated in Larrabee v. Penobscot Frozen Foods, Inc., 486 A.2d 97, 101 (Me.1984), that we will recognize a private cause of action to enforce a statute only where the legislative intent to create such a remedy is clear. The same standard should apply to enforcement of regulations, and we see no such intent here. Instead the Legislature has clearly enumerated the sanctions: license conditions and suspensions and criminal penalties. Accordingly, if there has been any violation of the licensing standards, Dr. Hottentot should address his complaint to the Department rather than the courts.\nCOMMON LAW CAUSE OF ACTION\nAlternatively, Dr. Hottentot asks us to recognize a physician\u2019s right to judicial review of a private hospital\u2019s decision to deny his or her application for staff privileges. We have not previously recognized such a cause of action with respect to any private institution \u2014 hospitals, colleges, museums or otherwise.\nCommon law courts were traditionally reluctant to intervene in the affairs of nonprofit organizations or associations. See generally Chafee, The Internal Affairs of Associations Not for Profit, 43 Harv.L.Rev. 993 (1930). When they did intervene, it was often to deal with expulsions from membership and the theories for intervention failed to develop any coherent judicial approach. Id. Commentators, however, urged the courts to intervene because of the sometimes severe effects on individuals caused by the private organization\u2019s activities, particularly in instances where the organization had gained effective monopoly power over an area like a profession. See, e.g., Note, Judicial Control of Actions of Private Associations, 76 Harv.L.Rev. 983 (1963).\nThe clearest break with the traditional approach occurred in 1961 in a New Jersey Supreme Court decision, Falcone v. Middlesex Medical Society, 34 N.J. 582, 170 A.2d 791 (1961). Dr. Falcone lost his associate membership in the Middlesex Medical Society because he received his training at an osteopathic school. Without that membership, he could not obtain hospital privileges at any hospital within the county. The New Jersey Supreme Court announced that it would recognize a private cause of action to review such exclusions because they affected profoundly both a doctor\u2019s ability to practice and the public interest in health care. 170 A.2d at 799. In 1963, New Jersey extended this principle to the staff privilege decisions of a private nonprofit hospital, Greisman v. Newcomb Hospital, 40 N.J. 389, 192 A.2d 817 (1963). The court intervened in Greisman because of the hospital\u2019s dedication to the public, its receipt of public benefits and public donations, and its role as the only hospital in a metropolitan area (as a result of which it could limit severely a doctor\u2019s ability to practice medicine and a patient\u2019s choice of doctors). In both Falcone and Greisman the court announced that it would review such decisions for arbitrariness.\nSubsequently, nine other jurisdictions followed suit in opening the staffing decisions of private hospitals to judicial review on a common law basis. The trend, however, has not been uniform. In our neighboring jurisdictions, for example, Massachusetts adheres to the traditional view, see Bello v. South Shore Hospital, 384 Mass. 770, 429 N.E.2d 1011 (1981), whereas New Hampshire and Vermont follow Greisman at least in instances of dismissal. Bricker v. Sceva Speare Memorial Hospital, 111 N.H. 276, 281 A.2d 589 (1971); Woodard v. Porter Hospital, Inc., 125 Vt. 419, 217 A.2d 37 (1966). In the most recent case on this issue, the Illinois Supreme Court explicitly rejected the Greisman approach and adhered to the traditional doctrine of refusing to intervene. See Barrows v. Northwestern Memorial Hospital, 123 Ill.2d 49, 121 Ill.Dec. 244, 525 N.E.2d 50 (1988).\nThe present case does not involve any monopolization of hospital access and we are simply not presented with the facts that prompted the New Jersey Supreme Court to recognize a right of judicial review for the actions of private, non-profit hospitals. Judicial prudence dictates that we await the presentation of a truly comparable case before adopting, or rejecting, the Falcone-Greisman line of authority. On this record the Superior Court correctly found no basis for judicial review.\nThe entry is:\nJUDGMENT AFFIRMED.\nROBERTS, GLASSMAN, and CLIFFORD, JJ., concur.\n. Portions \u2014 perhaps as much as \u2018A \u2014 could qualify because they were served under allopathic physicians.\n. Regulations for the License of General and Specialty Hospitals in the State of Maine, ch. IX.\n. The parties agree that no constitutional principles are at stake, no judicial review of agency action, no contractual relationship between the physician and the hospital, and no monopolization of hospital access.\n. See Storrs v. Lutheran Hospitals and Homes Society of America, Inc., 609 P.2d 24 (Alaska 1980); Homes v. Hoemako Hospital, 117 Ariz. 403, 573 P.2d 477 (1977); Anton v. San Antonio Community Hospital, 19 Cal.3d 802, 140 Cal.Rptr. 442, 567 P.2d 1162 (1977); Hawkins v. Kinsie, 540 P.2d 345 (Colo.1975); Silver v. Castle Memorial Hospital, 53 Haw. 475, 497 P.2d 564 (1972); Bricker v. Sceva Speare Memorial Hospital, 111 N.H. 276, 281 A.2d 589 (1971); Kelly v. St. Vincent Hospital, 102 N.M. 201, 692 P.2d 1350 (1984); Davidson v. Youngstown Hospital Association, 19 Ohio App.2d 246, 250 N.E.2d 892 (1969); Woodard v. Porter Hospital, Inc., 125 Vt. 419, 217 A.2d 37 (1966).\nSeveral of these courts have called specific attention to the unique circumstances of their states. Rural environments with limited hospital choices pose severe limitations to both doctors and patients in gaining access to a hospital and, in these courts' views, justify judicial intervention to review for arbitrariness. See, e.g., Storrs v. Lutheran Hospitals and Homes Society of America, Inc., 609 P.2d at 28; Peterson v. Tuscon General Hospital, Inc., 114 Ariz. 66, 71, 559 P.2d 186, 191 (1977); Kelly v. St. Vincent Hospital, 102 N.M. at 203-04, 692 P.2d at 1352-53.\n. In light of our holding and in light of the fact that Dr. Hottentot has no other relationship to this hospital we conclude that he has no standing to pursue the assertions made in the remaining Counts of his complaint.",
        "type": "majority",
        "author": "WATHEN, Justice."
      },
      {
        "text": "HORNBY, Justice,\nwith whom McKUSICK, Chief Justice, joins, concurring.\nThe central issue of this case is whether we should exercise our undoubted authority to create a new common law cause of action. Although I agree with the result the Court reaches, I do not agree that judicial prudence dictates that we examine the question solely in terms of whether our case matches New Jersey precedents. Instead, I believe that we should make our own analysis within the context of circumstances here in Maine.\nThe Plaintiffs argument for a new cause of action recalls an earlier era when the courts created remedies against innkeepers and common carriers to ensure that they provided service without discrimination. See generally Wyman, The Law of the Public Callings as a Solution to the Trust Problem, 17 Harv.L.Rev. 156 (1904). In the case of innkeepers judicial intervention enabled travelers to find a secure lodging in situations where there was often only one inn available. In the case of common carriers a similar principle was at stake, namely, the carriers\u2019 ability to monopolize the means of shipping goods to market. But in both instances judicial intervention was necessary because these industries were then virtually unregulated.\nPrivate hospitals in Maine in the 1980\u2019s are, by contrast, extensively regulated. The Maine Human Rights Act, for example, prohibits all forms of invidious discrimination on bases such as race, sex and religion. 5 M.R.S.A. \u00a7\u00a7 4551-4632 (1979 & Supp.1987). This statute encompasses hospital admissions, employment decisions, and staff privileges. State antitrust law prohibits attempts to monopolize commerce. 10 M.R.S.A. \u00a7 1102 (1980). This statute likewise encompasses hospitals and prohibits any attempt to exclude competing doctors from economic benefits. Maine\u2019s hospital licensing statute specifically regulates the activities of hospitals, and does so in detail. 22 M.R.S.A. \u00a7\u00a7 1811-1827 (1980 & Supp.1987). Under its authority the Department of Human Services has promulgated regulations imposing limits on what hospitals can do in the specific area of staffing privileges. (Portions of \u201cRegulations for The License of General and Specialty Hospitals in the State of Maine\u201d are quoted by the Court in discussing whether Dr. Hottentot has a cause of action for their breach.) Finally, many kinds of extensive and detailed regulations have been imposed on hospitals through the federal government and the state government as a result of the Medicare and Medicaid Programs. See, e.g., 42 U.S.C.A. \u00a7\u00a7 1302, 1312, 1320a-2(a) (1983 & Supp.1988); 22 M.R.S.A. \u00a7\u00a7 3172-3188 (1980 & Supp.1987).\nI believe that we should examine the question whether to create a new cause of action against this background of extensive involvement by other agencies of government, a background that exists for hospitals both with monopoly power and without. Despite this extensive involvement, the legislative and executive branches have not been prompted in the area of medical staff exclusions to go beyond the licensing standards described by the Court. I would rest our decision on that basis, not on the failure of proof of monopolization. When the legislature passes a statute, we do not lightly assume that a new cause of action should be recognized to enforce it. Instead we wait for an expression of intent that the statute contemplates a private cause of action. Larrabee v. Penobscot Frozen Foods, Inc., 486 A.2d. 97, 101 (Me.1984). When the legislative and the executive branches have the extensive involvement they do in this area and yet have declined to provide judicial remedies for grievances such as Dr. Hottentot\u2019s, I believe that we should likewise stay our hand as a common law court. The appellate process provides only a limited insight into whether staff exclusion is a problem in Maine.\nConsequently, I agree that we should not create a new cause of action, but conclude that it is ill-advised to approach the issue on a case-by-case basis, holding open the possibility of granting more protection in some eases than the legislature and executive have already provided. We do the practicing bar and its clients who pay the bills no service in fostering this sort of uncertainty. I would hold, therefore, that the common law cause of action does not exist in Maine, regardless of the monopoly factor.\nAs to the other issues, I concur fully in the Court\u2019s reasoning.\n. Other jurisdictions have created the cause of action without finding the monopoly power the Court deems critical. E.g., Anton v. San Antonio Community Hospital, 19 Cal.3d 802, 140 Cal.Rptr. 442, 567 P.2d 1162 (1977); Silver v. Castle Memorial Hospital, 53 Haw. 475, 497 P.2d 564 (1972); Hawkins v. Kinsie, 540 P.2d 345 (Colo.App.1975).",
        "type": "concurrence",
        "author": "HORNBY, Justice,"
      }
    ],
    "attorneys": [
      "Martin L. Wilk (orally), Eaton, Peabody, Bradford & Yeague, Brunswick, for plaintiff.",
      "George Z. Singal (orally), Sean F. Fair-cloth, Gross, Minsky, Mogul & Singal, Bangor, for defendant."
    ],
    "corrections": "",
    "head_matter": "Robert C.G. HOTTENTOT v. MID-MAINE MEDICAL CENTER.\nSupreme Judicial Court of Maine.\nArgued June 17, 1988.\nDecided Oct. 21, 1988.\nMartin L. Wilk (orally), Eaton, Peabody, Bradford & Yeague, Brunswick, for plaintiff.\nGeorge Z. Singal (orally), Sean F. Fair-cloth, Gross, Minsky, Mogul & Singal, Bangor, for defendant.\nBefore McKUSICK, C.J., and ROBERTS, WATHEN, GLASSMAN, SCOLNIK, CLIFFORD and HORNBY, JJ.\nSCOLNIK, J., sat at oral argument and participated in the initial conference but resigned before this opinion was adopted."
  },
  "file_name": "0365-01",
  "first_page_order": 425,
  "last_page_order": 430
}
