{
  "id": 7883111,
  "name": "FIREMEN'S FUND INSURANCE COMPANY v. William and Priscilla O'NEILL",
  "name_abbreviation": "Firemen's Fund Insurance v. O'Neill",
  "decision_date": "1988-11-03",
  "docket_number": "No. 88-64-Appeal",
  "first_page": "1020",
  "last_page": "1021",
  "citations": [
    {
      "type": "official",
      "cite": "549 A.2d 1020"
    }
  ],
  "court": {
    "name_abbreviation": "R.I.",
    "id": 10179,
    "name": "Supreme Court of Rhode Island"
  },
  "jurisdiction": {
    "id": 15,
    "name_long": "Rhode Island",
    "name": "R.I."
  },
  "cites_to": [
    {
      "cite": "431 A.2d 416",
      "category": "reporters:state_regional",
      "reporter": "A.2d",
      "case_ids": [
        7964349
      ],
      "opinion_index": 0,
      "case_paths": [
        "/a2d/431/0416-01"
      ]
    },
    {
      "cite": "113 R.I. 169",
      "category": "reporters:state",
      "reporter": "R.I.",
      "case_ids": [
        3128239
      ],
      "weight": 2,
      "year": 1974,
      "pin_cites": [
        {
          "page": "172"
        },
        {
          "page": "361"
        }
      ],
      "opinion_index": 0,
      "case_paths": [
        "/ri/113/0169-01"
      ]
    },
    {
      "cite": "480 A.2d 403",
      "category": "reporters:state_regional",
      "reporter": "A.2d",
      "case_ids": [
        7900137
      ],
      "pin_cites": [
        {
          "page": "405"
        }
      ],
      "opinion_index": 0,
      "case_paths": [
        "/a2d/480/0403-01"
      ]
    }
  ],
  "analysis": {
    "cardinality": 275,
    "char_count": 4408,
    "ocr_confidence": 0.731,
    "pagerank": {
      "raw": 9.854698792074577e-08,
      "percentile": 0.5342176319932166
    },
    "sha256": "135840a9ec1daf3c3cd5a837be7c71ec08bf47f45042f1fc7ea0f20eca0cc015",
    "simhash": "1:3830207058476d01",
    "word_count": 701
  },
  "last_updated": "2024-02-27T22:51:59.885733+00:00",
  "provenance": {
    "date_added": "2019-08-29",
    "source": "Harvard",
    "batch": "2018"
  },
  "casebody": {
    "judges": [
      "KELLEHER and MURRAY, JJ., did not participate."
    ],
    "parties": [
      "FIREMEN\u2019S FUND INSURANCE COMPANY v. William and Priscilla O\u2019NEILL"
    ],
    "opinions": [
      {
        "text": "OPINION\nPER CURIAM.\nOn October 18, 1988, the litigants in this dispute appeared before a panel of this court to show cause why the defendants\u2019 appeal from a grant of the plaintiff\u2019s motion for summary judgment by a Superior Court justice should not be summarily sustained.\nIn June 1983 William and Priscilla O\u2019Neill were injured when the moped on which they were riding was involved in a collision with a hit-and-run vehicle. The collision occurred on Block Island. Subsequently they filed suit in the United States District Court for the District of Rhode Island, alleging that George Millikian was the operator of the vehicle that caused their injuries. Millikian denied that he was the operator of the hit-and-run vehicle. After a trial, a jury returned a verdict in favor of Millikian. The O\u2019Neills then sought compensation from their insurer, Fireman\u2019s Fund, pursuant to their uninsured-motorist coverage. The O\u2019Neills filed a demand for arbitration, and Fireman\u2019s Fund brought a declaratory-judgment action in Superior Court and moved for a summary judgment. A Superior Court justice granted Fireman\u2019s motion, finding that the prior federal action was \u201cres judicata/collateral estoppel with respect to the instant action.\u201d\nFireman\u2019s Fund argues that the O\u2019Neills were barred from bringing this suit by the judgment in favor of Millikian. Fireman\u2019s Fund claims that in this type of suit an insurer stands in the shoes of the uninsured motorist and if the uninsured motorist is not liable to the injured party, neither is the insured.\nThe O\u2019Neills contend that they were the victims of a phantom driver and consequently are entitled to seek uninsured-motorist benefits.\nFireman\u2019s Fund\u2019s reliance on res ju-dicata.is misplaced. The bar of res judicata comes into play only when there is an identity of parties and issues, and a final judgment has been entered. Hebert v. Ventetuolo, 480 A.2d 403, 405 (R.I.1984). The parties in the federal litigation were the O\u2019Neills and Millikian. The present dispute concerns the O\u2019Neills and Fireman\u2019s Fund. Since an identity of parties does not exist, res judicata cannot apply.\nThe prerequisites for the application of collateral estoppel are an identity of issues, a final judgment on the merits, and proof that the party against whom collateral estoppel is asserted was a party or in privity with a party to the prior action. Providence Teachers Union, Local 958 v. McGovern, 113 R.I. 169, 172, 319 A.2d 358, 361 (1974). Here there is no doubt that a final judgment has been entered and that the O\u2019Neills were a party to the prior action. In the federal litigation the issue was whether Millikian caused the collision that resulted in the O\u2019Neills\u2019 injuries. The issue in the present dispute between the O\u2019Neills and their insurer is whether the O\u2019Neills are entitled to the uninsured-motorist benefits pursuant to Fireman\u2019s Fund\u2019s policy.\nFireman\u2019s Fund suggests that the general verdict in the federal court implies that all issues were decided in favor of Milliki-an. If this proposition is accepted, then the issue of whether Millikian was the operator of the vehicle that caused the O\u2019Neills\u2019 injuries must have been resolved in his favor. \u2022 If Millikian was not the driver, then the O\u2019Neills might well have been the victims of a so-called phantom hit-and-run driver. Thus, they may be entitled to uninsured-motorist benefits by this court\u2019s ruling in Su v. Kemper Ins. Companies, 431 A.2d 416 (R.I.1981).\nFireman\u2019s Fund also contends that the O\u2019Neills in the past have consistently identified Millikian as the operator of the hit-and-run vehicle. But in seeking uninsured-motorist benefits, the O\u2019Neills are claiming that the operator of the second vehicle was unknown. Although this inconsistency may be brought out when the O\u2019Neills\u2019 claim comes on for a hearing, the inconsistency, in and of itself, does not constitute a bar to the O\u2019Neills\u2019 seeking relief under the Su doctrine.\nConsequently the O\u2019Neills\u2019 appeal is sustained. The judgment is vacated, and the case is remanded to the Superior Court for further proceedings.\nKELLEHER and MURRAY, JJ., did not participate.",
        "type": "majority",
        "author": "PER CURIAM."
      }
    ],
    "attorneys": [
      "Robert J. Quigley, Jr., Higgins, Cav-anagh & Cooney, Providence, for plaintiff.",
      "Ronald J. Resmini, Ronald J. Resmini Ltd., Providence, for defendants."
    ],
    "corrections": "",
    "head_matter": "FIREMEN\u2019S FUND INSURANCE COMPANY v. William and Priscilla O\u2019NEILL\nNo. 88-64-Appeal.\nSupreme Court of Rhode Island.\nNov. 3, 1988.\nRobert J. Quigley, Jr., Higgins, Cav-anagh & Cooney, Providence, for plaintiff.\nRonald J. Resmini, Ronald J. Resmini Ltd., Providence, for defendants."
  },
  "file_name": "1020-01",
  "first_page_order": 1080,
  "last_page_order": 1081
}
