{
  "id": 7928150,
  "name": "Roger VACHON v. TOWN OF KENNEBUNK",
  "name_abbreviation": "Vachon v. Town of Kennebunk",
  "decision_date": "1985-10-09",
  "docket_number": "",
  "first_page": "140",
  "last_page": "143",
  "citations": [
    {
      "type": "official",
      "cite": "499 A.2d 140"
    }
  ],
  "court": {
    "name_abbreviation": "Me.",
    "id": 9543,
    "name": "Maine Supreme Judicial Court"
  },
  "jurisdiction": {
    "id": 42,
    "name_long": "Maine",
    "name": "Me."
  },
  "cites_to": [
    {
      "cite": "433 A.2d 366",
      "category": "reporters:state_regional",
      "reporter": "A.2d",
      "case_ids": [
        7979490
      ],
      "weight": 2,
      "pin_cites": [
        {
          "page": "370"
        }
      ],
      "opinion_index": 0,
      "case_paths": [
        "/a2d/433/0366-01"
      ]
    },
    {
      "cite": "213 A.2d 527",
      "category": "reporters:state_regional",
      "reporter": "A.2d",
      "weight": 2,
      "year": 1965,
      "pin_cites": [
        {
          "parenthetical": "zoning commission's decision to amend regulations is rendered for the purpose of starting appeal period on date it is announced, even though decision may not take effect until statutory notice is published"
        }
      ],
      "opinion_index": 0
    },
    {
      "cite": "26 Conn.Sup. 85",
      "category": "reporters:state",
      "reporter": "Conn. Super. Ct.",
      "year": 1965,
      "pin_cites": [
        {
          "parenthetical": "zoning commission's decision to amend regulations is rendered for the purpose of starting appeal period on date it is announced, even though decision may not take effect until statutory notice is published"
        }
      ],
      "opinion_index": 0
    },
    {
      "cite": "481 A.2d 133",
      "category": "reporters:state_regional",
      "reporter": "A.2d",
      "case_ids": [
        7914231
      ],
      "pin_cites": [
        {
          "page": "138"
        }
      ],
      "opinion_index": 0,
      "case_paths": [
        "/a2d/481/0133-01"
      ]
    }
  ],
  "analysis": {
    "cardinality": 485,
    "char_count": 8268,
    "ocr_confidence": 0.798,
    "pagerank": {
      "raw": 2.2153030306329733e-07,
      "percentile": 0.7770007054465338
    },
    "sha256": "fee0e0ac40c2990ae7f69c830ad0e7c1a5837b348ebb3cbde1230ece19889d12",
    "simhash": "1:d7e044341247225c",
    "word_count": 1381
  },
  "last_updated": "2024-02-27T18:38:23.242092+00:00",
  "provenance": {
    "date_added": "2019-08-29",
    "source": "Harvard",
    "batch": "2018"
  },
  "casebody": {
    "judges": [
      "Before McKUSICK, C.J., and NICHOLS, VIOLETTE, WATHEN, GLASSMAN and SCOLNIK, JJ."
    ],
    "parties": [
      "Roger VACHON v. TOWN OF KENNEBUNK."
    ],
    "opinions": [
      {
        "text": "McKUSICK, Chief Justice.\nAt the threshold of this appeal taken by plaintiff Roger Vachon from a decision of the Town of Kennebunk\u2019s Zoning Board of Appeals (the Kennebunk Board), we must construe the statute that requires any such appeal to be taken \u201cwithin 30 days after the decision is rendered.\u201d 30 M.R.S.A. \u00a7 2411(3)(F) (1978). The issue is: For the purpose of measuring the 30-day appeal period, when was the Board\u2019s decision \u201crendered\u201d?\nAt its public meeting held on January 17, 1983, the Kennebunk Board heard argument from Vachon\u2019s attorney and others about the meaning of a provision of the Kennebunk zoning ordinance and then voted 4-to-l to revoke a land use permit previously issued to Vachon. The chairman of the Kennebunk Board gave notice of that vote in his letter dated January 22, 1983, which merely quoted the motion adopted at the Board\u2019s January 17 meeting. Vachon received a copy of that letter on January 24, 1983. He took his appeal from the Board\u2019s decision by filing his Rule 80B complaint in the Superior Court (York County) on February 23, 1983. Vachon contends that the Board\u2019s decision was \u201crendered\u201d only when he received the chairman\u2019s letter and that therefore his appeal was timely. We reject that contention. Since we hold that the Board \u201crendered\u201d its decision within the meaning of section 2411(3)(F) when it cast its public vote at its meeting on January 17, Va-chon\u2019s appeal, taken 37 days later, came too late. The Superior Court erred in entertaining Vachon\u2019s appeal on its merits.\nIn seeking an answer to the question of when the appeal period starts to run, we must first take a close look at the statutory language itself. Perry v. Hartford Accident & Indemnity Co., 481 A.2d 133, 138 (Me.1984). On its face, \u201crendered,\u201d the critical word in section 2411(3)(F), carries the everyday connotation of action by the decisionmakers. A decision is \u201crendered\u201d when the tribunal makes, gives, or delivers it. See \u201cRender,\u201d Webster\u2019s New International Dictionary (2d ed. unabridged 1961). See also \u201cRender judgment,\u201d Black\u2019s Law Dictionary (5th ed. 1979). The word \u201crendered\u201d carries a facial connotation inconsistent with the passive receipt of notice of the decision by some unidentified third party. If the legislature indeed had intended to delay the start of the appeal period until the potential appellant had received notice of the zoning board\u2019s decision, it almost certainly would not have picked the word \u201crendered.\u201d Instead, it could very easily have said exactly what it meant by choosing the language it used for appeals from decisions of state administrative agencies: \u201cwithin 30 days after receipt of notice\u201d by the appealing party. 5 M.R.S.A. \u00a7 11002(3) (1979). . Thus, looking only at the language of the controlling section, one must con-elude that the time when \u201cthe decision is rendered\u201d is when the zoning board of appeals publicly makes its decision or announces it to the public. As applied to the facts of the case at bar, the Kennebunk Board completed the action of rendering its decision when on January 17 it took its vote at a public meeting attended by the parties, including Vachon; the Board chairman\u2019s letter dated January 22 added nothing to that decision. See Bernard v. Planning & Zoning Commission of the Town of Westport, 26 Conn.Sup. 85, 213 A.2d 527 (1965) (zoning commission\u2019s decision to amend regulations is rendered for the purpose of starting appeal period on date it is announced, even though decision may not take effect until statutory notice is published).\nWhen we broaden the area of our search for the legislative intent, our confidence in the correctness of a facial reading of section 2411(3)(F) is strengthened. Like all other state and local governmental bodies, zoning boards of appeals are subject to the Freedom of Access Law, 1 M.R.S.A. \u00a7\u00a7 401-410 (1979 & Supp.1984-1985), and are permitted to make a decision only in public at a public meeting. Id., \u00a7 403. In compliance with that legislative requirement, the Kennebunk Board made its decision to revoke Vachon\u2019s permit by voting upon a motion made at its public meeting of January 17, 1983. That decision is the one, and the only one, that Vachon seeks to appeal; and under section 2411(3)(F), only parties to that public proceeding of January 17, 1983, are entitled to appeal. We conclude that the legislature intended that, in the factual circumstances of this case, the 30-day appeal period should start to run immediately when the Board took its final public action, both because that time is easily determined and precisely fixed and because all parties to the public proceeding will ordinarily know of the Board\u2019s public vote at the time it is taken.\nOther provisions of section 2411 support our rejection of Vachon\u2019s attempt to construe subsection 3(F) to mean that the appeal period starts on January 24, 1983, when he received the Board chairman\u2019s letter. The last sentence of the preceding subsection 3(E) requires that notice of a zoning board\u2019s decision be given only to the \u201cpetitioner\u201d and certain municipal agencies. On the other hand, under subsection 3(F) any party to the public proceedings before a zoning board may appeal, and must do so \u201cwithin 30 days after the [board\u2019s] decision is rendered.\u201d In many, if not most, zoning cases, in addition to the permit applicant, abutters and other interested parties participate in the proceedings before the zoning board and are potential appellants from an adverse board decision. Indeed, in the case at bar the petitioners before the Kennebunk Board were abutting landowners who sought revocation of Vachon\u2019s land use permit. It would appear that technically subsection 3(E) did not require that Vachon be given notice of the Board\u2019s decision. Thus, the limitation on the notice required by subsection 3(E) negates by clear implication any suggestion that receipt of notice of a zoning board\u2019s decision is a prerequisite for the start of the appeal period.\nSince Vachon failed to perfect his appeal in timely fashion, he never satisfied the threshold requirement for Superior Court review of the Kennebunk Board\u2019s revocation of his land use permit. Fisher v. Dame, 433 A.2d 366 (Me.1981).\nThe entry is:\nJudgment vacated; case remanded to the Superior Court for entry of judgment of dismissal.\nAll concurring.\n. 30 M.R.S.A. \u00a7 2411(3)(F) reads in full as follows:\nF. An appeal may be taken, within 30 days after the decision is rendered, by any party to Superior Court from any order, relief or denial [of a zoning board of appeals] in accordance with the Maine Rules of Civil Procedure, Rule 80B. The hearing before the Superior Court shall be without a jury.\n. 30 M.R.S.A. \u00a7 2411(3)(E) (1978) reads in full as follows:\nE. The transcript of testimony, if any, and exhibits, together with all papers and requests filed in the proceeding, shall constitute the record. All decisions shall become a part of the record and shall include a statement of findings and conclusions, as well as the reasons or basis therefor, upon all the material issues of fact, law or discretion presented and the appropriate order, relief or denial thereof. Notice of any decision shall be mailed or hand delivered to the petitioner, his representative or agent, the planning board, agency or office and the municipal officers within 7 days of their decision.\n. Fisher v. Dame involved fact circumstances very similar to those of the case at bar; the appeal had been taken more than 30 days after both the date of the zoning board\u2019s final meeting and the mailing date of the letter notifying appellant of the zoning board\u2019s action. See 433 A.2d at 370. Without deciding on which date the appeal period commenced to run, we upheld the Superior Court\u2019s dismissal of the appeal as untimely. Obviously, it was our implicit assumption that the date of appellant\u2019s receipt of the notice letter was not a plausible starting point for the appeal period under section 2411(3)(F).",
        "type": "majority",
        "author": "McKUSICK, Chief Justice."
      }
    ],
    "attorneys": [
      "Ward T. Hanscom (orally), Sanford, for plaintiff.",
      "Smith & Elliott, Robert H. Furbish (oral- . ly), Saco, for defendant."
    ],
    "corrections": "",
    "head_matter": "Roger VACHON v. TOWN OF KENNEBUNK.\nSupreme Judicial Court of Maine.\nArgued Sept. 13, 1985.\nDecided Oct. 9, 1985.\nWard T. Hanscom (orally), Sanford, for plaintiff.\nSmith & Elliott, Robert H. Furbish (oral- . ly), Saco, for defendant.\nBefore McKUSICK, C.J., and NICHOLS, VIOLETTE, WATHEN, GLASSMAN and SCOLNIK, JJ."
  },
  "file_name": "0140-01",
  "first_page_order": 198,
  "last_page_order": 201
}
