{
  "id": 7928418,
  "name": "TOWN OF BAR HARBOR v. Robert E. EVANS",
  "name_abbreviation": "Town of Bar Harbor v. Evans",
  "decision_date": "1985-10-17",
  "docket_number": "",
  "first_page": "157",
  "last_page": "159",
  "citations": [
    {
      "type": "official",
      "cite": "499 A.2d 157"
    }
  ],
  "court": {
    "name_abbreviation": "Me.",
    "id": 9543,
    "name": "Maine Supreme Judicial Court"
  },
  "jurisdiction": {
    "id": 42,
    "name_long": "Maine",
    "name": "Me."
  },
  "cites_to": [
    {
      "cite": "381 A.2d 639",
      "category": "reporters:state_regional",
      "reporter": "A.2d",
      "case_ids": [
        7994404
      ],
      "pin_cites": [
        {
          "page": "641-42"
        }
      ],
      "opinion_index": 0,
      "case_paths": [
        "/a2d/381/0639-01"
      ]
    },
    {
      "cite": "66 A. 733",
      "category": "reporters:state_regional",
      "reporter": "A.",
      "year": 1906,
      "pin_cites": [
        {
          "parenthetical": "injunction against a public nuisance maintained in violation of town ordinance"
        }
      ],
      "opinion_index": 0
    },
    {
      "cite": "102 Me. 272",
      "category": "reporters:state",
      "reporter": "Me.",
      "case_ids": [
        674753
      ],
      "year": 1906,
      "pin_cites": [
        {
          "page": "286",
          "parenthetical": "injunction against a public nuisance maintained in violation of town ordinance"
        }
      ],
      "opinion_index": 0,
      "case_paths": [
        "/me/102/0272-01"
      ]
    },
    {
      "cite": "48 A.2d 715",
      "category": "reporters:state_regional",
      "reporter": "A.2d",
      "year": 1946,
      "pin_cites": [
        {
          "page": "717"
        }
      ],
      "opinion_index": 0
    },
    {
      "cite": "142 Me. 121",
      "category": "reporters:state",
      "reporter": "Me.",
      "case_ids": [
        631704
      ],
      "year": 1946,
      "pin_cites": [
        {
          "page": "126"
        }
      ],
      "opinion_index": 0,
      "case_paths": [
        "/me/142/0121-01"
      ]
    }
  ],
  "analysis": {
    "cardinality": 304,
    "char_count": 3511,
    "ocr_confidence": 0.766,
    "pagerank": {
      "raw": 1.1279268868473223e-07,
      "percentile": 0.5750543757570422
    },
    "sha256": "48bd07a8291eabd936e85d6e4496337594149a87d7395b59e715e81a793de917",
    "simhash": "1:1a1072bc691d6424",
    "word_count": 585
  },
  "last_updated": "2024-02-27T18:38:23.242092+00:00",
  "provenance": {
    "date_added": "2019-08-29",
    "source": "Harvard",
    "batch": "2018"
  },
  "casebody": {
    "judges": [
      "Before McKUSICK, C.J., and ROBERTS, VIOLETTE, WATHEN, GLASSMAN and SCOLNIK, JJ."
    ],
    "parties": [
      "TOWN OF BAR HARBOR v. Robert E. EVANS."
    ],
    "opinions": [
      {
        "text": "McKUSICK, Chief Justice.\nOn December 12, 1984, on the complaint of the Town of Bar Harbor, the Superior Court (Hancock County) enjoined the use of the plumbing in defendant Robert E. Evans\u2019 house in Bar Harbor and also the discharge of raw sewage therefrom until all its sewage drains are tied into the public sewer system or otherwise brought into compliance with the Town\u2019s sewer ordinance. On his appeal, Evans does not contest the Superior Court\u2019s determination that he was in violation of the Bar Harbor ordinance by discharging raw sewage from his house onto a nearby beach and into the waters of Frenchman Bay. Rather, he makes two arguments why injunctive relief was inappropriate despite his ordinance violations. We find both arguments utterly without merit.\nFirst, Evans argues that the Town failed to prove that it has no adequate remedy at law. This argument rests on the fallacious premise that the absence of such an alternative remedy is a matter for evidentiary proof or refutation by the parties. On the contrary, \u201c[wjhether a litigant seeking equitable relief has an adequate remedy at law is a question of law.\u201d Loose-Wiles Biscuit Co. v. Deering Village Corp., 142 Me. 121, 126, 48 A.2d 715, 717 (1946). At no time has Evans suggested any remedy other than equitable relief that would abate the public nuisance he was maintaining. Nor could he. Traditionally, the courts of equity have recognized that only an injunction can give completely effective relief against a public nuisance. See 14 M.R.S.A. \u00a7 6051(5) (1980) (\u201cnuisance\u201d as a branch of \u201cequity jurisdiction\u201d); Town of Houlton v. Titcomb, 102 Me. 272, 286, 66 A. 733 (1906) (injunction against a public nuisance maintained in violation of town ordinance). For the public represented by the Town of Bar Harbor, it was an injunction or no real remedy at all.\nSecond, Evans argues that the \u201cclean hands\u201d doctrine bars the Town from obtaining equitable relief because Henry Cattley, an independent engineer planning the Town\u2019s new sewer system in the early 1970\u2019s, had told Evans that he would have little or nothing to do to connect into the proposed public sewer. Cattley made that statement to Evans on the basis of a mutual misunderstanding that Evans\u2019 private line was already connected to the old public sewer. Even if we assume arguendo that Cattley was speaking as an agent of the Town, his advice to Evans does not bring into play the principle that \u201che who comes into equity must come with clean hands.\u201d His advice, made innocently through a mutual mistake of fact, hardly made the Town \u201cguilty of conduct in violation of the fundamental conceptions of equity jurisprudence,\u201d so that \u201cthe doors of the court will be shut against [the Town] in limine.\u201d 2 J. Pomeroy, Equity Jurisprudence \u00a7 397, at 91-92 (5th ed.1941). Furthermore, Evans has cited no authority for holding the Town to a duty of advising homeowners on how to comply with its sewer ordinance. Cf. Harrington v. Town of Garland, 381 A.2d 639, 641-42 (Me.1978) (requirement that counterclaimant Town \u201cdo equity\u201d met where no showing made of \u201cany duty in the Town to act otherwise than it did\u201d).\nThe entry is:\nJudgment affirmed.\nAll concurring.",
        "type": "majority",
        "author": "McKUSICK, Chief Justice."
      }
    ],
    "attorneys": [
      "Bernard C. Staples (orally), Bar Harbor, for plaintiff.",
      "Walker & Ross Michael L. Ross (orally), Ellsworth, for defendant."
    ],
    "corrections": "",
    "head_matter": "TOWN OF BAR HARBOR v. Robert E. EVANS.\nSupreme Judicial Court of Maine.\nArgued Sept. 10, 1985.\nDecided Oct. 17, 1985.\nBernard C. Staples (orally), Bar Harbor, for plaintiff.\nWalker & Ross Michael L. Ross (orally), Ellsworth, for defendant.\nBefore McKUSICK, C.J., and ROBERTS, VIOLETTE, WATHEN, GLASSMAN and SCOLNIK, JJ."
  },
  "file_name": "0157-01",
  "first_page_order": 215,
  "last_page_order": 217
}
