{
  "id": 8044237,
  "name": "Elpidio S. ORTIZ, Appellant, v. UNEMPLOYMENT INSURANCE APPEAL BOARD and Brown & Scott Packing Company, Appellees",
  "name_abbreviation": "Ortiz v. Unemployment Insurance Appeal Board",
  "decision_date": "1974-03-04",
  "docket_number": "",
  "first_page": "100",
  "last_page": "101",
  "citations": [
    {
      "type": "official",
      "cite": "317 A.2d 100"
    }
  ],
  "court": {
    "name_abbreviation": "Del.",
    "id": 9322,
    "name": "Delaware Supreme Court"
  },
  "jurisdiction": {
    "id": 8,
    "name_long": "Delaware",
    "name": "Del."
  },
  "cites_to": [
    {
      "cite": "274 A.2d 446",
      "category": "reporters:state_regional",
      "reporter": "A.2d",
      "case_ids": [
        8104280
      ],
      "weight": 2,
      "year": 1971,
      "opinion_index": 0,
      "case_paths": [
        "/a2d/274/0446-01"
      ]
    },
    {
      "cite": "288 A.2d 285",
      "category": "reporters:state_regional",
      "reporter": "A.2d",
      "case_ids": [
        8067841
      ],
      "weight": 2,
      "year": 1972,
      "opinion_index": 0,
      "case_paths": [
        "/a2d/288/0285-01"
      ]
    },
    {
      "cite": "235 A.2d 271",
      "category": "reporters:state_regional",
      "reporter": "A.2d",
      "case_ids": [
        8071086
      ],
      "year": 1967,
      "opinion_index": 0,
      "case_paths": [
        "/a2d/235/0271-01"
      ]
    },
    {
      "cite": "41 A.L.R.2d 1158",
      "category": "reporters:specialty",
      "reporter": "A.L.R. 2d",
      "year": 1967,
      "opinion_index": 0
    },
    {
      "cite": "305 A.2d 629",
      "category": "reporters:state_regional",
      "reporter": "A.2d",
      "case_ids": [
        11251961
      ],
      "year": 1973,
      "opinion_index": 0,
      "case_paths": [
        "/a2d/305/0629-01"
      ]
    }
  ],
  "analysis": {
    "cardinality": 314,
    "char_count": 4212,
    "ocr_confidence": 0.79,
    "pagerank": {
      "raw": 2.016813973829356e-07,
      "percentile": 0.7448858987531706
    },
    "sha256": "c6ed9ab10538df4b65fe4655b84f8a4ac454221ae1a3d7dee2d8d9b77ec4f8ab",
    "simhash": "1:5db9f3ea435fb4ca",
    "word_count": 677
  },
  "last_updated": "2024-02-27T16:45:38.577427+00:00",
  "provenance": {
    "date_added": "2019-08-29",
    "source": "Harvard",
    "batch": "2018"
  },
  "casebody": {
    "judges": [
      "HERRMANN, C. J., and CAREY and DUFFY, JJ\u201e sitting."
    ],
    "parties": [
      "Elpidio S. ORTIZ, Appellant, v. UNEMPLOYMENT INSURANCE APPEAL BOARD and Brown & Scott Packing Company, Appellees."
    ],
    "opinions": [
      {
        "text": "DUFFY, Justice:\nThis appeal brings up for review a decision by the Superior Court affirming an order of the Unemployment Insurance Appeal Board denying benefits to Elpidio Ortiz (Claimant). A complete statement of facts appears in the Court\u2019s opinion, 305 A.2d 629 (1973).\nWe agree with the Superior Court that for decisional purposes the Claimant\u2019s employment period may be divided into two parts: the six months immediately preceding mid-January 1972 and the six weeks thereafter. The mid-January date is significant because that is when, with the- aid of his employer, Claimant secured a \u201cmother\u2019s helper\u201d to assist with his domestic problems which resulted in repeated tardiness and absence from work. We concur with the Court\u2019s analysis that for the period prior to mid-January, the employer condoned Claimant\u2019s substandard appearance record, which was poor in the extreme. See Weaver v. Employment Security Commission, Del.Super., 274 A.2d 446 (1971). And the uncontroverted facts show that after the \u201cmother\u2019s helper\u201d was obtained, Claimant continued to be tardy (eight times) and absent (eight times, including four excused days on which he took his wife to the hospital). On February 29, 1972 Claimant was discharged for tardiness and absenteeism.\nThe Superior Court was correct in stating the general rule that poor attendance may support a finding of \u201cjust cause\u201d for dismissal. Weaver v. Employment Security Commission, supra; see also 41 A.L.R.2d 1158. And we approve the definition of \u201cjust cause\u201d adopted in Abex Corporation v. Todd, Del.Super., 235 A.2d 271 (1967), and cited with approval in both Coleman v. Department of Labor, Del. Super., 288 A.2d 285 (1972) and the opinion in this case. Further, we agree with the Superior Court\u2019s conclusion that the employer was generous and sympathetic in its efforts to accommodate employment requirements to the very difficult problems encountered by Claimant as a result of his wife\u2019s serious illness. In the face of that we are most reluctant to reach a result which may appear to penalize the employer for understanding and tolerant conduct, but our analysis of the undisputed facts leads to a conclusion different from that of the Superior Court.\nThe Court assumed that the Claimant had not been explicitly warned that he would be discharged if his poor attendance record continued. In our view, that fact is critical and, in searching the record, the only evidence we find of such warning is in a letter by the employer dated August 18, 1971 to the Department of Social Services stating that, \u201cIn order for this man to keep working, his particular needs are for a mother\u2019s helper.\u201d Under the facts in this case, that was insufficient notice.\nGiven the six months (before mid-January) in which the employer made all of the special arrangements reflected in the record to enable Claimant to continue working, it is our opinion that at the time the employer decided to bring that approach to a close, fundamental fairness required an unambiguous warning to Claimant that thereafter he was expected to comply with the employer\u2019s standards as to days and hours of employment. The employer did not give any warning of any kind but simply discharged Claimant without notice. Understandably, after everything the employer had done to assist Claimant, its patience and tolerance may have become exhausted; but in that event, it should have so informed him before summary dismissal. In short, the circumstances called for a warning that tolerance of tardiness and absences was at an end.\nOur decision today should not be construed as holding that a warning is required in every instance before a discharge for absenteeism or tardiness is valid. Compare Coleman v. Department of Labor, supra. The circumstances here are exceptional and the decision is based on them.\nThe judgment of the Superior Court is reversed.",
        "type": "majority",
        "author": "DUFFY, Justice:"
      }
    ],
    "attorneys": [
      "Elwyn Evans, Jr., Wilmington, for appellant.",
      "Thomas Herlihy, III, and John C. S. Frank of Herlihy & Herlihy, Wilmington, for appellees."
    ],
    "corrections": "",
    "head_matter": "Elpidio S. ORTIZ, Appellant, v. UNEMPLOYMENT INSURANCE APPEAL BOARD and Brown & Scott Packing Company, Appellees.\nSupreme Court of Delaware.\nMarch 4, 1974.\nElwyn Evans, Jr., Wilmington, for appellant.\nThomas Herlihy, III, and John C. S. Frank of Herlihy & Herlihy, Wilmington, for appellees.\nHERRMANN, C. J., and CAREY and DUFFY, JJ\u201e sitting."
  },
  "file_name": "0100-01",
  "first_page_order": 140,
  "last_page_order": 141
}
