{
  "id": 8044291,
  "name": "Andree NATHAN, Petitioner, v. Edward E. MARTIN, Commissioner of License and Inspection, Respondent, and Facciolo Construction Company, Intervenor",
  "name_abbreviation": "Nathan v. Martin",
  "decision_date": "1974-03-22",
  "docket_number": "",
  "first_page": "110",
  "last_page": "114",
  "citations": [
    {
      "type": "official",
      "cite": "317 A.2d 110"
    }
  ],
  "court": {
    "name_abbreviation": "Del. Super. Ct.",
    "id": 9286,
    "name": "Delaware Superior Court"
  },
  "jurisdiction": {
    "id": 8,
    "name_long": "Delaware",
    "name": "Del."
  },
  "cites_to": [
    {
      "cite": "134 A.2d 709",
      "category": "reporters:state_regional",
      "reporter": "A.2d",
      "year": 1957,
      "opinion_index": 0
    },
    {
      "cite": "36 Del.Ch. 543",
      "category": "reporters:state",
      "reporter": "Del. Ch.",
      "case_ids": [
        727075
      ],
      "year": 1957,
      "opinion_index": 0,
      "case_paths": [
        "/del-ch/36/0543-01"
      ]
    },
    {
      "cite": "166 A.2d 135",
      "category": "reporters:state_regional",
      "reporter": "A.2d",
      "year": 1960,
      "opinion_index": 0
    },
    {
      "cite": "39 Del.Ch. 427",
      "category": "reporters:state",
      "reporter": "Del. Ch.",
      "case_ids": [
        722277
      ],
      "year": 1960,
      "opinion_index": 0,
      "case_paths": [
        "/del-ch/39/0427-01"
      ]
    },
    {
      "cite": "160 A.2d 582",
      "category": "reporters:state_regional",
      "reporter": "A.2d",
      "year": 1960,
      "opinion_index": 0
    },
    {
      "cite": "39 Del.Ch. 130",
      "category": "reporters:state",
      "reporter": "Del. Ch.",
      "case_ids": [
        722293
      ],
      "year": 1960,
      "opinion_index": 0,
      "case_paths": [
        "/del-ch/39/0130-01"
      ]
    },
    {
      "cite": "311 A.2d 512",
      "category": "reporters:state_regional",
      "reporter": "A.2d",
      "case_ids": [
        8031604,
        8031559
      ],
      "year": 1973,
      "opinion_index": 0,
      "case_paths": [
        "/a2d/311/0512-02",
        "/a2d/311/0512-01"
      ]
    },
    {
      "cite": "313 A.2d 904",
      "category": "reporters:state_regional",
      "reporter": "A.2d",
      "case_ids": [
        8035883
      ],
      "opinion_index": 0,
      "case_paths": [
        "/a2d/313/0904-01"
      ]
    },
    {
      "cite": "239 A.2d 227",
      "category": "reporters:state_regional",
      "reporter": "A.2d",
      "case_ids": [
        8069556
      ],
      "year": 1968,
      "opinion_index": 0,
      "case_paths": [
        "/a2d/239/0227-01"
      ]
    },
    {
      "cite": "141 A.2d 451",
      "category": "reporters:state_regional",
      "reporter": "A.2d",
      "weight": 2,
      "year": 1957,
      "opinion_index": 0
    },
    {
      "cite": "1 Storey 203",
      "category": "reporters:state",
      "reporter": "Storey",
      "weight": 2,
      "year": 1957,
      "opinion_index": 0
    },
    {
      "cite": "236 A.2d 369",
      "category": "reporters:state_regional",
      "reporter": "A.2d",
      "case_ids": [
        8075037
      ],
      "year": 1967,
      "opinion_index": 0,
      "case_paths": [
        "/a2d/236/0369-01"
      ]
    },
    {
      "cite": "281 A.2d 493",
      "category": "reporters:state_regional",
      "reporter": "A.2d",
      "case_ids": [
        8078964
      ],
      "year": 1971,
      "opinion_index": 0,
      "case_paths": [
        "/a2d/281/0493-01"
      ]
    },
    {
      "cite": "273 A.2d 275",
      "category": "reporters:state_regional",
      "reporter": "A.2d",
      "case_ids": [
        8106165
      ],
      "weight": 2,
      "year": 1971,
      "opinion_index": 0,
      "case_paths": [
        "/a2d/273/0275-01"
      ]
    },
    {
      "cite": "297 A.2d 51",
      "category": "reporters:state_regional",
      "reporter": "A.2d",
      "case_ids": [
        11249231
      ],
      "weight": 2,
      "year": 1972,
      "opinion_index": 0,
      "case_paths": [
        "/a2d/297/0051-01"
      ]
    },
    {
      "cite": "231 A.2d 470",
      "category": "reporters:state_regional",
      "reporter": "A.2d",
      "case_ids": [
        8098518
      ],
      "opinion_index": 0,
      "case_paths": [
        "/a2d/231/0470-01"
      ]
    },
    {
      "cite": "233 A.2d 457",
      "category": "reporters:state_regional",
      "reporter": "A.2d",
      "case_ids": [
        8086587
      ],
      "year": 1967,
      "opinion_index": 0,
      "case_paths": [
        "/a2d/233/0457-01"
      ]
    },
    {
      "cite": "143 A. 257",
      "category": "reporters:state_regional",
      "reporter": "A.",
      "year": 1926,
      "opinion_index": 0
    },
    {
      "cite": "4 W.W.Harr. 81",
      "category": "reporters:state",
      "reporter": "W.W. Harr.",
      "case_ids": [
        1864869
      ],
      "year": 1926,
      "opinion_index": 0,
      "case_paths": [
        "/del/4/0081-01"
      ]
    },
    {
      "cite": "5 A.2d 519",
      "category": "reporters:state_regional",
      "reporter": "A.2d",
      "year": 1939,
      "opinion_index": 0
    },
    {
      "cite": "1 Terry 105",
      "category": "reporters:state",
      "reporter": "Terry",
      "year": 1939,
      "opinion_index": 0
    },
    {
      "cite": "200 A.2d 748",
      "category": "reporters:state_regional",
      "reporter": "A.2d",
      "year": 1964,
      "opinion_index": 0
    },
    {
      "cite": "414 Pa. 451",
      "category": "reporters:state",
      "reporter": "Pa.",
      "case_ids": [
        1890346
      ],
      "year": 1964,
      "opinion_index": 0,
      "case_paths": [
        "/pa/414/0451-01"
      ]
    },
    {
      "cite": "36 A. 81",
      "category": "reporters:state_regional",
      "reporter": "A.",
      "year": 1897,
      "opinion_index": 0
    },
    {
      "cite": "2 Harr. 543",
      "category": "reporters:state",
      "reporter": "W.W. Harr.",
      "case_ids": [
        1866213
      ],
      "year": 1897,
      "opinion_index": 0,
      "case_paths": [
        "/del/2/0543-01"
      ]
    },
    {
      "cite": "83 A.2d 762",
      "category": "reporters:state_regional",
      "reporter": "A.2d",
      "year": 1951,
      "opinion_index": 0
    },
    {
      "cite": "237 A.2d 143",
      "category": "reporters:state_regional",
      "reporter": "A.2d",
      "case_ids": [
        8069313
      ],
      "year": 1967,
      "opinion_index": 0,
      "case_paths": [
        "/a2d/237/0143-01"
      ]
    },
    {
      "cite": "27 A.2d 67",
      "category": "reporters:state_regional",
      "reporter": "A.2d",
      "year": 1942,
      "opinion_index": 0
    },
    {
      "cite": "3 Terry 14",
      "category": "reporters:state",
      "reporter": "Terry",
      "year": 1942,
      "opinion_index": 0
    },
    {
      "cite": "272 A.2d 336",
      "category": "reporters:state_regional",
      "reporter": "A.2d",
      "case_ids": [
        8107427
      ],
      "year": 1970,
      "opinion_index": 0,
      "case_paths": [
        "/a2d/272/0336-01"
      ]
    },
    {
      "cite": "240 A. 2d 757",
      "category": "reporters:state_regional",
      "reporter": "A.2d",
      "case_ids": [
        12119935
      ],
      "year": 1968,
      "opinion_index": 0,
      "case_paths": [
        "/a2d/240/0757-01"
      ]
    },
    {
      "cite": "281 A.2d 608",
      "category": "reporters:state_regional",
      "reporter": "A.2d",
      "case_ids": [
        8087935
      ],
      "year": 1968,
      "opinion_index": 0,
      "case_paths": [
        "/a2d/281/0608-01"
      ]
    },
    {
      "cite": "269 A. 2d 409",
      "category": "reporters:state_regional",
      "reporter": "A.2d",
      "case_ids": [
        8067938
      ],
      "year": 1970,
      "opinion_index": 0,
      "case_paths": [
        "/a2d/269/0409-01"
      ]
    },
    {
      "cite": "224 A.2d 250",
      "category": "reporters:state_regional",
      "reporter": "A.2d",
      "case_ids": [
        8098802
      ],
      "year": 1966,
      "opinion_index": 0,
      "case_paths": [
        "/a2d/224/0250-01"
      ]
    },
    {
      "cite": "183 A.2d 572",
      "category": "reporters:state_regional",
      "reporter": "A.2d",
      "year": 1962,
      "opinion_index": 0
    },
    {
      "cite": "177 A.2d 785",
      "category": "reporters:state_regional",
      "reporter": "A.2d",
      "year": 1962,
      "opinion_index": 0
    },
    {
      "cite": "40 Del. Ch. 174",
      "category": "reporters:state",
      "reporter": "Del. Ch.",
      "case_ids": [
        720298
      ],
      "year": 1962,
      "opinion_index": 0,
      "case_paths": [
        "/del-ch/40/0174-01"
      ]
    },
    {
      "cite": "141 A.2d 453",
      "category": "reporters:state_regional",
      "reporter": "A.2d",
      "year": 1958,
      "opinion_index": 0
    }
  ],
  "analysis": {
    "cardinality": 671,
    "char_count": 11934,
    "ocr_confidence": 0.78,
    "pagerank": {
      "raw": 4.666970501906556e-08,
      "percentile": 0.2931493303277527
    },
    "sha256": "f263415c098013029d854cb2e14ea79b42bcfe3e8d1027704c09fd83f4225264",
    "simhash": "1:6713f2baa7a49405",
    "word_count": 1946
  },
  "last_updated": "2024-02-27T16:45:38.577427+00:00",
  "provenance": {
    "date_added": "2019-08-29",
    "source": "Harvard",
    "batch": "2018"
  },
  "casebody": {
    "judges": [],
    "parties": [
      "Andree NATHAN, Petitioner, v. Edward E. MARTIN, Commissioner of License and Inspection, Respondent, and Facciolo Construction Company, Intervenor."
    ],
    "opinions": [
      {
        "text": "TAYLOR, Judge.\nPetitioner seeks a writ of mandamus to compel respondent Edward Martin, Commissioner of License and Inspection of the City of Wilmington [Commissioner] to cancel building permits issued for the construction of an apartment building to be located at 25th and Broom Streets, Wilmington, Delaware, and to order the work stopped. The builder-owner, Facciolo Construction Company [Facciolo] has intervened.\nCommencing in 1969, Facciolo had taken certain steps directed toward the ultimate construction of the apartment building. The land at that time was zoned R-5-B which permitted construction of apartment houses up to fifteen stories in height. Facciolo held conferences with the City building inspector\u2019s office. As a result of the conferences, Facciolo sought a modification of the parking requirements from the City Board of Adjustment and was granted the modification in June 1972. On June 15, 1972, Facciolo obtained a Demolition Permit and Foundation Permit from the Department of License and Inspection of Wilmington. Thereafter, effective September 8, 1972, the City adopted an ordinance changing the zoning classification for the area in which the building site was located to a new zoning category, R-2-A which prohibited buildings taller than three stories or forty feet in height. On December 14, 1972, the Department of License and Inspection of Wilmington issued a permit for the construction of the building after receiving an opinion from the City Solicitor\u2019s office that Facciolo had a vested right to a building permit by virtue of the Foundation Permit and the work which Facciolo had done prior to the adoption of the ordinance of September 8, 1972. This action was commenced March 14, 1973. After the filing of this action, petitioner pursued an appeal before the Board of License and Inspection Review putting in issue the failure of the Department to cancel the June 15, 1972 permits and the issuance by the Department of the December 14, 1972 permit. The Board decided in favor of the Department on July 9, 1973.\nRespondent and intervenor [collectively, defendant] challenge the availability of mandamus for the relief which petitioner seeks. Plaintiff seeks summary judgment. In view of the conclusion reached in this opinion, the posture of the case is such that it is ripe for final disposition. The conclusion reached makes it unnecessary to consider certain issues raised by respondent including the question of whether the Commissioner or the Board is the proper respondent.\nMandamus is a remedy which has been limited strictly, both as to procedure and scope of relief. The remedy of mandamus will lie to coerce the performance by a public official of a clear duty. 2 Woolley on Delaware Practice, 1124, \u00a7 1653. Conversely, mandamus will not lie to compel the performance of a duty which lies within the discretion of a public officer. Ibid., page 1126, \u00a7 1655; Holmes v. Rosbrow, Del.Supr., 297 A.2d 51 (1972). It has been utilized to compel the issuance of a building permit where uncertainty existed as to the correct ordinance which controlled the zoning classification of the land. Baynard Court, Inc. v. City of Wilmington, Del. Super., 273 A.2d 275 (1971) aff\u2019d. 281 A.2d 493 (1971).\nPetitioner contends that mandamus will lie to compel the Commissioner to revoke a permit which was issued in violation of the law. The cases cited in support of the use of mandamus to compel nullification of a prior action by a public official arise in states in which the same court exercises both law and equity jurisdictions. Courts which exercise both equitable and legal jurisdiction need not be so concerned about the requirements and limitations of specific remedies. However, our judicial system does not enjoy such luxury. Accordingly, historic remedies must be applied according to the principles which caused their creation and support their existence. Hence, the cases arising in courts which exercise combined law and equity jurisdiction and which do not appear to test the relief against the traditional standards applicable to this remedy are not entitled to significant weight.\nTraditionally, mandamus has been granted to compel a public official to perform a ministerial duty. Here, the official has taken official action by granting a permit. What is sought here is an order to compel the public official to undo that which he has done. While it is true that plaintiff relies upon a provision in the Building Code which states that the Commissioner shall direct any work to be stopped which violates the law, the real purport of this mandamus action is to compel the official to revoke the permit which he has granted. No Delaware case has been cited where mandamus has been used to compel a public official to nullify a prior action. It is noted that in Lynch v. Tunnell, Del.Supr., 236 A.2d 369 (1967), the Delaware Supreme Court held that mandamus would not lie to bar the State Board of Health from asserting nonexistent authority.\nWhile this Court has utilized mandamus for the issuance of a building permit where a dispute existed as to the proper zoning law, Baynard Court, Inc. v. City of Wilmington, supra, and it indicated in State v. Klingmeyer, Del.Super., 1 Storey 203, 141 A.2d 451 (1957), that mandamus might be ordered if no other relief were available where the impact of zoning upon property rights was involved, the more usual method for deciding zoning issues is by direct action by property owners in the Court of Chancery. Allen v. Donovan, Del.Supr., 239 A.2d 227 (1968); Acierno v. Folsom, Del.Ch., 313 A.2d 904 (1973, Marvel, V.C.), aff\u2019d. Folsom v. Acierno, Del.Supr., 311 A.2d 512 (1973). This is particularly appropriate where the matter is a true adversary proceeding involving controverted facts and law, and where complex property rights are involved. Ibid.; Ullman v. Santow, 39 Del.Ch. 130, 160 A.2d 582 (1960), rev\u2019d. on other grounds, 39 Del.Ch. 427, 166 A.2d 135 (1960); Bave v. S. & S. Builders, Inc., 36 Del.Ch. 543, 134 A.2d 709 (1957); Reinbacher v. Conly, Del.Ch., 141 A.2d 453 (1958). Validity of a zoning action may be tested by action in Chancery. Cf. Dukes v. Shell Oil Company, 40 Del. Ch. 174, 177 A.2d 785 (1962), aff\u2019d. 183 A.2d 572 (1962); Shellburne, Inc. v. Roberts, Del.Supr., 224 A.2d 250 (1966); Shellburne, Inc. v. Conner, Del.Ch., 269 A. 2d 409 (1970), app. dism. 281 A.2d 608; Shellburne, Inc. v. Buck, Del.Supr., 240 A. 2d 757 (1968). It should be noted that in the last cited case, in a different context where a zoning ordinance was under attack as violative of vested property rights, the Delaware Supreme Court stated \u201cThe proper and normal method of attacking an invalid exercise of legislative power is to await passage and then seek the enjoining of its enforcement.\u201d The Supreme Court and this Court have expressed serious doubts concerning the propriety of mandamus as the remedy to dispose of zoning related controversies which involve primarily rights of private parties. Ingersoll v. Rollins Broadcasting of Delaware, Inc., Del. Supr., 272 A.2d 336 (1970).\nThe two courts should not be placed in the position of competing for litigation. Nor should the plaintiff be afforded a choice of forum. Jurisdiction should be exercised where it can effectively provide ultimate relief. The real issue here is not the granting or denial of the permit. The dispute is not really between the land owner and the Commissioner. The real issue is whether the landowner has a right to use this land for the apartment building and the real parties to the dispute are the owner of the land in question and the owners of. other land nearby. The relief sought here, if granted, would not, of course, provide ultimate relief against the owner-builder. If the owner-builder fails to heed the revocation, other proceedings must be commenced, either in a Court of Law or in the Court of Chancery. Presumably the action at law would be a criminal action. An action in the Court of Chancery could be for injunctive relief involving the property owner. Thus, a single action in Chancery could adjudicate the rights of the parties and grant ultimate relief. At law, some other proceeding in addition to mandamus would be required.\nMandamus will not lie to compel the performance of a judicial function. State ex rel. Walker v. Harrington, Del.Supr., 3 Terry 14, 27 A.2d 67 (1942). The remedy is available only where the right of the petitioner is clear. Webb v. Diamond State Telephone Company, Del.Ch., 237 A.2d 143 (1967). The duty must not only be clear, but it must be ministerial and not require that the official or body make a factual adjudication. State v. Wolcott, Del.Supr., 83 A.2d 762 (1951); McCoy v. State ex rel. Allee, Del.Ct.Err. & App., 2 Harr. 543, 36 A. 81 (1897).\nHere, it is undisputed that the literal application of the present zoning ordinance, without considering the owner\u2019s contention that he has countervailing vested rights, prevents the proposed building from being built or used as an apartment building. But that would not dispose of the issues. There remains the issue of whether the owner, by actions taken prior to adoption of the present zoning ordinance, has established a right to construct and use the building as he could have used it prior to the zoning change. The determination of this issue involves the determination of facts not existing within the administration of the Commissioner and the interpretation and application of principles of law not found in the statutes and ordinances controlling the Commissioner.\nMandamus is a remedy whose issuance rests in the sound discretion of this Court. McCoy v. State ex rel. Allee, supra; Holmes v. Rosbrow, supra. This Court has held that the mere fact that a vested right may entitle a land owner to some form of relief does not necessarily entitle him to relief by way of mandamus. State v. Klingmeyer, Del.Super., 1 Storey 203, 141 A.2d 451 (1957).\nMandamus is not the appropriate remedy unless it will settle the entire controversy. 52 Am.Jur.2d 362, Mandamus \u00a7 37; Lakeland Joint School District Authority v. School District, 414 Pa. 451, 200 A.2d 748 (1964). Relief in mandamus proceeding such as this is against the public official for enforcement of the order. Clearly, that limited relief could not provide the ultimate disposition required in this instance.\nAfter considering all of the requisites which warrant issuance of an order of mandamus in the light of the facts of this case and the objectives of the parties, the Court concludes that the issuance of an order of mandamus is not appropriate or warranted in this case. In reaching this conclusion, the Court makes no determination of the respective rights of the parties with respect to the permissible use of the land.\nDefendant shall submit an appropriate Order on notice to petitioner.\n. The Court has not been called upon to determine whether exhaustion of administrative remedy is a prerequisite to this action.\n. This discussion of mandamus excludes consideration of the availability of mandamus as a remedy to deal with certain intracorporate relationships within private corporations. Cf. Insuranceshares Corporation of Delaware v. Kirchner, Del.Supr., 1 Terry 105, 5 A.2d 519 (1939); State v. Penn-Beaver Oil Co., Del. Supr., 4 W.W.Harr. 81, 143 A. 257 (1926); State ex rel. Armour & Co. v. Gulf Sulphur Corp., Del.Super., 233 A.2d 457 (1967), aff\u2019d 231 A.2d 470.",
        "type": "majority",
        "author": "TAYLOR, Judge."
      }
    ],
    "attorneys": [
      "Daniel A. Durkin, of Murdoch, Longo-bardi, Schwartz & Walsh, Wilmington, and Paul P. Welsh, of Morris, Nichols, Arsht & Tunnell, Wilmington, for petitioner.",
      "Michael P. Maguire, Wilmington, for respondent.",
      "John E. Babiarz, Jr., and Samuel J. Fra-bizzio, of Biondi & Babiarz, Wilmington, for intervenor."
    ],
    "corrections": "",
    "head_matter": "Andree NATHAN, Petitioner, v. Edward E. MARTIN, Commissioner of License and Inspection, Respondent, and Facciolo Construction Company, Intervenor.\nSuperior Court of Delaware, New Castle.\nMarch 22, 1974.\nDaniel A. Durkin, of Murdoch, Longo-bardi, Schwartz & Walsh, Wilmington, and Paul P. Welsh, of Morris, Nichols, Arsht & Tunnell, Wilmington, for petitioner.\nMichael P. Maguire, Wilmington, for respondent.\nJohn E. Babiarz, Jr., and Samuel J. Fra-bizzio, of Biondi & Babiarz, Wilmington, for intervenor."
  },
  "file_name": "0110-01",
  "first_page_order": 150,
  "last_page_order": 154
}
