{
  "id": 7866614,
  "name": "Thomas DePRIMO, Petitioner, v. WORKMEN'S COMPENSATION APPEAL BOARD (AFFILIATED FOOD DISTRIBUTORS), Respondent",
  "name_abbreviation": "DePrimo v. Workmen's Compensation Appeal Board",
  "decision_date": "1995-07-06",
  "docket_number": "",
  "first_page": "37",
  "last_page": "40",
  "citations": [
    {
      "type": "official",
      "cite": "661 A.2d 37"
    }
  ],
  "court": {
    "name_abbreviation": "Pa. Commw. Ct.",
    "id": 11887,
    "name": "Commonwealth Court of Pennsylvania"
  },
  "jurisdiction": {
    "id": 6,
    "name_long": "Pennsylvania",
    "name": "Pa."
  },
  "cites_to": [
    {
      "cite": "121 Pa.Commonwealth Ct. 436",
      "category": "reporters:state",
      "reporter": "Pa. Commw.",
      "case_ids": [
        1379684
      ],
      "weight": 2,
      "year": 1988,
      "opinion_index": 0,
      "case_paths": [
        "/pa-commw/121/0436-01"
      ]
    },
    {
      "cite": "458 A.2d 1050",
      "category": "reporters:state_regional",
      "reporter": "A.2d",
      "weight": 2,
      "year": 1983,
      "pin_cites": [
        {
          "page": "1051"
        }
      ],
      "opinion_index": 0
    },
    {
      "cite": "73 Pa.Commonwealth Ct. 618",
      "category": "reporters:state",
      "reporter": "Pa. Commw.",
      "case_ids": [
        1939808
      ],
      "year": 1983,
      "opinion_index": 0,
      "case_paths": [
        "/pa-commw/73/0618-01"
      ]
    },
    {
      "cite": "502 Pa. 178",
      "category": "reporters:state",
      "reporter": "Pa.",
      "case_ids": [
        1784510
      ],
      "weight": 2,
      "year": 1983,
      "opinion_index": 0,
      "case_paths": [
        "/pa/502/0178-01"
      ]
    },
    {
      "cite": "549 A.2d 139",
      "category": "reporters:state_regional",
      "reporter": "A.2d",
      "year": 1988,
      "opinion_index": 0
    },
    {
      "cite": "520 Pa. 580",
      "category": "reporters:state",
      "reporter": "Pa.",
      "year": 1988,
      "opinion_index": 0
    },
    {
      "cite": "114 Pa.Commonwealth Ct. 405",
      "category": "reporters:state",
      "reporter": "Pa. Commw.",
      "case_ids": [
        1370777
      ],
      "weight": 2,
      "year": 1988,
      "opinion_index": 0,
      "case_paths": [
        "/pa-commw/114/0405-01"
      ]
    }
  ],
  "analysis": {
    "cardinality": 446,
    "char_count": 7714,
    "ocr_confidence": 0.708,
    "pagerank": {
      "raw": 5.8591662004228935e-08,
      "percentile": 0.3668154012067885
    },
    "sha256": "7f62a37cddb2c6773a53c87a40f2aa9025fa45cf62d2ca1df28720a01dca3152",
    "simhash": "1:022439e51f18254b",
    "word_count": 1195
  },
  "last_updated": "2024-02-27T23:51:09.545420+00:00",
  "provenance": {
    "date_added": "2019-08-29",
    "source": "Harvard",
    "batch": "2018"
  },
  "casebody": {
    "judges": [
      "Before PELLEGRINI and FRIEDMAN, JJ., and RODGERS, Senior Judge."
    ],
    "parties": [
      "Thomas DePRIMO, Petitioner, v. WORKMEN\u2019S COMPENSATION APPEAL BOARD (AFFILIATED FOOD DISTRIBUTORS), Respondent."
    ],
    "opinions": [
      {
        "text": "RODGERS, Senior Judge.\nThomas DePrimo (Claimant) petitions for review of an order of the Workmen\u2019s Compensation Appeal Board (Board) that affirmed a referee\u2019s decision granting Claimant\u2019s claim petition paying benefits from November 23, 1989, through January 31, 1992, and terminating Claimant\u2019s benefits as of February 1, 1992. We affirm.\nClaimant was a truck driver employed by Affiliated Food Distributors (Employer). Claimant generally drove between 150 and 300 miles per day delivering goods to grocery stores. He was required to unload the goods by hand which at times entailed lifting up to eighty pounds. During the period of time between June 23, 1989, and November 22, 1989, Claimant experienced a number of episodes of chest tightness and pain and shortness of breath while carrying out his work duties. Three of these episodes resulted in treatment at various hospitals. On November 22, 1989, Claimant again experienced chest pain while unloading a delivery. That was Claimant\u2019s last day of work.\nOn January 16, 1990, Claimant filed a claim petition alleging that he was totally disabled as a result of a work-related heart attack on November 23, 1989. At hearings held before a referee, Claimant testified on his own behalf and presented the deposition testimony of Linda Barrasse, M.D. Employer presented the deposition testimony of Basil M. RuDusky, M.D., and submitted documentation of sickness and accident benefits paid to Claimant. The referee formulated the following pertinent finding of fact:\n21. The findings and opinions of Dr. Linda Barrasse, as well as the testimony of the claimant, is more credible than the other relevant evidence of record. On Thanksgiving Day, November 23, 1989, and in late December of 1989, claimant suffered a myocardial infarction. Claimant\u2019s woi\u2019k as a truck driver was a precipitating factor to claimant\u2019s myocardial in-farctions. Claimant suffered a work related injury on November 23, 1989 in the nature of a myocardial infarction. Claimant\u2019s work injury disabled claimant from performing his pre-injury job as of November 23,1989. In January of 1992, claimant suffered a third myocardial infarction as a result of his failure to follow reasonable medical advice and take prescribed medications. Claimant\u2019s heart condition and disability after his third myocardial infarction is not related to his work injury.\n(Referee\u2019s decision, p. 4.)\nThe referee granted Claimant\u2019s claim petition for the limited period of time, November 23, 1989 to January 31, 1992, but concluded that Claimant forfeited his right to benefits after January, 1992, \u201cby failing to follow reasonable medical advise which resulted in his third myocardial infarction and resulting heart condition and disability.\u201d (Referee\u2019s decision, p. 6.) The Board affirmed the referee\u2019s decision and this appeal followed.\nClaimant first argues that Employer has the burden of proving that Claimant\u2019s third heart attack was unrelated to his initial injury and that this burden was not met. However, in an original claim petition, the claimant bears the burden of proving that an injury arose in the course of his employment and is related thereto. Miller v. Workmen\u2019s Compensation Appeal Board (Pocono Hospital), 114 Pa.Commonwealth Ct. 405, 539 A.2d 18, petition for allowance of appeal denied, 520 Pa. 580, 549 A.2d 139 (1988).\nClaimant also contends that Dr. Barrasse\u2019s testimony, taken as a whole, does not form the basis of a finding that Claimant\u2019s disability as of February 1, 1992, was not related to his prior heart attacks. However, our review of Dr. Barrasse\u2019s testimony discloses that, although she believed that Claimant\u2019s first two heart attacks were work-related, she opined that the third was precipitated by Claimant\u2019s failure to take his medication. This testimony supports a finding of an independent cause for Claimant\u2019s present disability. To prove that a termination is proper, it must be shown that either the disability has ceased or that the continued disability is the result of an independent cause. Beissel v. Workmen\u2019s Compensation Appeal Board (John Wanamaker, Inc.), 502 Pa. 178, 465 A.2d 969 (1983). Claimant\u2019s doctor\u2019s testimony, found credible by the referee, provides evidence of an independent cause.\nCiting GTE Sylvania v. Workmen\u2019s Compensation Appeal Board (Lydon), 73 Pa.Commonwealth Ct. 618, 458 A.2d 1050 (1983), Claimant also argues that an injury unrelated to a claimant\u2019s work is compensa-ble if it is the proximate or the natural and probable result of a prior work-related injury. The GTE Sylvania court stated that:\nWhere there is an intervening nonwork injury, claimant must then prove that his resultant disability was so immediately and directly connected with the prior work-related injury that it would naturally and probably result therefrom; that is to say, that the first accident was the proximate predisposing cause of the resultant disability.\nId. at 620, 458 A.2d at 1051. In GTE Sylva-nia, the referee made a finding, based on substantial evidence, that the claimant\u2019s work-related injury was the cause of his disability and that the intervening nonwork injury was not the cause. Here, the referee was presented with credible evidence that Claimant did not suffer an intervening injury, but that his progress was good until he stopped taking the medication that his treating physician had prescribed. The referee found, based on testimony elicited from Claimant\u2019s doctor, that Claimant\u2019s failure to take prescribed medication caused his third heart attack and the resulting disability. The referee based his conclusion of forfeiture of benefits on this evidence.\nAlthough the referee did not cite Section 306(e)(4) of The Pennsylvania Workmen\u2019s Compensation Act (Act), we conclude that section of the Act provides a basis for the referee\u2019s determination that Claimant forfeited his benefits. Clearly, in Claimant\u2019s doctor\u2019s opinion, Claimant\u2019s disability following his third heart attack was ascribed to Claimant\u2019s failure to take his medication and under 77 P.S. \u00a7 531 authority is provided for ordering the forfeiture of benefits. Thus, Claimant failed to carry his burden of proof of the causal connection between his present disability and his work injury. Moreover, pursuant to our scope of review, we cannot overturn a referee\u2019s finding of fact that is based on substantial evidence.\nAccordingly, we affirm.\nORDER\nNOW, July 6,1995, the order of the Workmen\u2019s Compensation Appeal Board, dated January 18, 1995, at A93-0465, is affirmed.\n. Our scope of review in a workmen\u2019s compensation appeal is limited to determining whether an error of law was committed, constitutional rights were violated, or whether necessary findings of fact are supported by substantial evidence. Section 704 of the Administrative Agency Law, 2 Pa.C.S. \u00a7 704. Russell v. Workmen's Compensation Appeal Board (Volkswagen of America), 121 Pa.Commonwealth Ct. 436, 550 A.2d 1364 (1988).\n. Act of June 2, 1915, P.L. 736, renumbered and amended by the Act of July 2, 1993 P.L. 190, 77 P.S. \u00a7 531 states, in pertinent part, that:\n(8) If the employe shall refuse reasonable services of health care providers, surgical, medical and hospital services, treatment, medicines and supplies, he shall forfeit all right to compensation for any injury or increase in his incapacity shown to have resulted from such refusal.",
        "type": "majority",
        "author": "RODGERS, Senior Judge."
      }
    ],
    "attorneys": [
      "Robert A. Ceechini and Brian J. Call, for petitioner.",
      "Michel A. Brady, for respondent."
    ],
    "corrections": "",
    "head_matter": "Thomas DePRIMO, Petitioner, v. WORKMEN\u2019S COMPENSATION APPEAL BOARD (AFFILIATED FOOD DISTRIBUTORS), Respondent.\nCommonwealth Court of Pennsylvania.\nSubmitted on Briefs May 26, 1995.\nDecided July 6, 1995.\nRobert A. Ceechini and Brian J. Call, for petitioner.\nMichel A. Brady, for respondent.\nBefore PELLEGRINI and FRIEDMAN, JJ., and RODGERS, Senior Judge."
  },
  "file_name": "0037-01",
  "first_page_order": 91,
  "last_page_order": 94
}
