{
  "id": 6812007,
  "name": "Rosemary H. Wielock and another vs. Webster Credit Union vs. William E.S. Bird",
  "name_abbreviation": "Wielock v. Webster Credit Union",
  "decision_date": "1990-01-08",
  "docket_number": "",
  "first_page": "12",
  "last_page": "14",
  "citations": [
    {
      "type": "official",
      "cite": "1990 Mass. App. Div. 12"
    }
  ],
  "court": {
    "name_abbreviation": "Mass. App. Div.",
    "id": 15177,
    "name": "Massachusetts Appellate Division"
  },
  "jurisdiction": {
    "id": 4,
    "name_long": "Massachusetts",
    "name": "Mass."
  },
  "cites_to": [
    {
      "cite": "320 Mass. 336",
      "category": "reporters:state",
      "reporter": "Mass.",
      "case_ids": [
        498281
      ],
      "year": 1946,
      "opinion_index": 0,
      "case_paths": [
        "/mass/320/0336-01"
      ]
    },
    {
      "cite": "338 Mass. 118",
      "category": "reporters:state",
      "reporter": "Mass.",
      "case_ids": [
        515554
      ],
      "year": 1958,
      "opinion_index": 0,
      "case_paths": [
        "/mass/338/0118-01"
      ]
    },
    {
      "cite": "352 Mass. 449",
      "category": "reporters:state",
      "reporter": "Mass.",
      "case_ids": [
        304783
      ],
      "year": 1967,
      "opinion_index": 0,
      "case_paths": [
        "/mass/352/0449-01"
      ]
    },
    {
      "cite": "394 Mass. 1103",
      "category": "reporters:state",
      "reporter": "Mass.",
      "opinion_index": 0
    },
    {
      "cite": "19 Mass. App. Ct. 310",
      "category": "reporters:state",
      "reporter": "Mass. App. Ct.",
      "case_ids": [
        5743808
      ],
      "year": 1985,
      "pin_cites": [
        {
          "page": "313"
        }
      ],
      "opinion_index": 0,
      "case_paths": [
        "/mass-app-ct/19/0310-01"
      ]
    },
    {
      "cite": "24 Mass. App. Ct. 102",
      "category": "reporters:state",
      "reporter": "Mass. App. Ct.",
      "case_ids": [
        3992839
      ],
      "year": 1987,
      "opinion_index": 0,
      "case_paths": [
        "/mass-app-ct/24/0102-01"
      ]
    },
    {
      "cite": "402 Mass. 97",
      "category": "reporters:state",
      "reporter": "Mass.",
      "case_ids": [
        820844
      ],
      "year": 1988,
      "opinion_index": 0,
      "case_paths": [
        "/mass/402/0097-01"
      ]
    },
    {
      "cite": "386 Mass. 1104",
      "category": "reporters:state",
      "reporter": "Mass.",
      "opinion_index": 0
    },
    {
      "cite": "13 Mass. App. Ct. 504",
      "category": "reporters:state",
      "reporter": "Mass. App. Ct.",
      "case_ids": [
        3971284
      ],
      "year": 1982,
      "opinion_index": 0,
      "case_paths": [
        "/mass-app-ct/13/0504-01"
      ]
    },
    {
      "cite": "21 Mass. App. Ct. 967",
      "category": "reporters:state",
      "reporter": "Mass. App. Ct.",
      "case_ids": [
        3988761
      ],
      "year": 1986,
      "opinion_index": 0,
      "case_paths": [
        "/mass-app-ct/21/0967-01"
      ]
    },
    {
      "cite": "367 Mass. 776",
      "category": "reporters:state",
      "reporter": "Mass.",
      "case_ids": [
        3869117
      ],
      "year": 1975,
      "pin_cites": [
        {
          "parenthetical": "jury could determine on their lay knowledge whether the failure to immediately stop was a design defect in a commercial ironing machine"
        }
      ],
      "opinion_index": 0,
      "case_paths": [
        "/mass/367/0776-01"
      ]
    },
    {
      "cite": "375 Mass. 620",
      "category": "reporters:state",
      "reporter": "Mass.",
      "case_ids": [
        330364
      ],
      "year": 1978,
      "pin_cites": [
        {
          "parenthetical": "jury can determine whether unshielded metal protrusions on the handle bar of a snowmobile constitutes a design defect with an unreasonable risk of harm"
        }
      ],
      "opinion_index": 0,
      "case_paths": [
        "/mass/375/0620-01"
      ]
    },
    {
      "cite": "14 A.L.R. 4th 170",
      "category": "reporters:specialty",
      "reporter": "A.L.R. 4th",
      "year": 1982,
      "opinion_index": 0
    },
    {
      "cite": "25 Mass. App. Ct. 107",
      "category": "reporters:state",
      "reporter": "Mass. App. Ct.",
      "case_ids": [
        3994478
      ],
      "year": 1987,
      "opinion_index": 0,
      "case_paths": [
        "/mass-app-ct/25/0107-01"
      ]
    },
    {
      "cite": "396 Mass. 1005",
      "category": "reporters:state",
      "reporter": "Mass.",
      "case_ids": [
        898131
      ],
      "year": 1985,
      "opinion_index": 0,
      "case_paths": [
        "/mass/396/1005-01"
      ]
    }
  ],
  "analysis": {
    "cardinality": 488,
    "char_count": 7116,
    "ocr_confidence": 0.818,
    "pagerank": {
      "raw": 4.03580807328026e-08,
      "percentile": 0.18294502884144984
    },
    "sha256": "ce846c41ac9cdf18f601bb4c7a2f3893047229ff639daa465438e556287c3ce3",
    "simhash": "1:f1adcf545c33ce6a",
    "word_count": 1127
  },
  "last_updated": "2024-02-27T23:57:50.161531+00:00",
  "provenance": {
    "date_added": "2019-08-29",
    "source": "Harvard",
    "batch": "2018"
  },
  "casebody": {
    "judges": [
      "Present: Dohoney, Larkin & Lenhoff, JJ."
    ],
    "parties": [
      "Rosemary H. Wielock and another vs. Webster Credit Union vs. William E.S. Bird"
    ],
    "opinions": [
      {
        "text": "Dohoney,J.\nRosemary H.WielockandJohnWielockseektorecoverforalleged injuries resulting from a fall on a step or platform at the rear of the premises of the Defendant Webster Credit Union in Webster, Massachusetts. The Defendant and Third Party Plaintiff Webster Credit Union brought aThird Party Complaint against the Third Party Defendant William E. S. Bird. Bird was the architectfor renovations to the Credit Union building which included the rear where Rosemary Wielock fell. Wielock subsequently asserted claims directly against Bird.\nWielocks assert that Webster Credit Union was negligent in failing to warn of certain hazards to the premises. The allegations against Bird assert that he negligently designed the premises. The Trial Judge ordered that the Wielocks recover against Webster Credit Union and Bird for $6,428.00.\nThe Defendant Bird filed the following Requests for Rulings of Law and the Trial Judge took the action noted thereon.\n38. To prove negligence on the part of the defendant Bird, plaintiff must offer expert testimony to the effect that the defendant Bird failed to exercise that degree of care of a reasonably prudent architect under similar circumstances. (Denied as to the pattern of the brick paving \u2014 the consistent appearance of the pattern extending over each platform is a matter within the realm of common experience and can be so judged.)\n39. The evidence is insufficient to warrant a finding that the defendant Bird was negligent in the circumstances of this case. (Denied)\n40. Absent exceptional circumstance, a fact finder instructed by common knowledge and experience cannotwithoutthe aid of expert testimony determine whether the conduct of a professional architect is violative of such architect's duty of care imposed by law. (Denied)\nThe rulings thus present the issue whether expert testimony was required to prove the negligence of a professional architect.\nFrom the Findings of Fact which were incorporated with Report, we learn thatthe rearexitofthe WebsterCredit Union wasdesigned bytheDefendantBird.Therear exit begins with a platform which is level with the rear door. This platform extends seven feet to a step down. This step is five inches. The platform then extends five feet to a curb at the parking lot. Both the seven foot platform and five foot platform are paved with bricks laid in the same pattern. There is a break in the pattern at the step between the two platforms. Rosemary Wielock fell at the break between the two platforms because shewas misled bythedecept\u00edve pattern andfailed to discern the difference in level. There was no expert testimony relative to the pattern of the steps or to the professional standards of design by architects performing similar work. From the action on the rulings, we learn thatthe Trial Judge did notfeel that expert testimony was required.\nInitially, we must determine whether negligence cases against professionals require expert testimony. There appears to be no decided case in Massachusetts involving architects. However, the rule withrespectto legal malpractice is stated in Pongonis v. Saab, 396 Mass. 1005 (1985) to the effect that expert testimony is generally necessary to establish thatthe attorney failed to meetthe standard of care owed by an attorney inaparticular case butitisnot essential where theclaimedlegal malpractice is so gross or obvious that laymen can rely on their common knowledge to recognize or infer negligence. See also Colucci v. Rosen, Goldberg, Slavet, Levenson & Wekstein. P.C., 25 Mass. App. Ct. 107 (1987). See also Admissibility and Necessity of Expert Evidence as to Standards of Practice and Negligence in Malpractice Actions Against Attorneys, 14 A.L.R. 4th 170 (1982).\nThus, we must therefore determine whether the error was so obvious that the fact finder could rely on his common knowledge to infer negligence. Generally, certain design defects are clearly within the knowledge of the factfinder. See Smith v. Arlens Co., 375 Mass. 620 (1978) (jury can determine whether unshielded metal protrusions on the handle bar of a snowmobile constitutes a design defect with an unreasonable risk of harm); do Canto v. Ametek, Inc., 367 Mass. 776 (1975) (jury could determine on their lay knowledge whether the failure to immediately stop was a design defect in a commercial ironing machine). See also Richard v. Amer. Manufacturing Co., Inc., 21 Mass. App. Ct. 967 (1986). Certain design defects are also clearly beyond the common knowledge of afactfinder. See Gynan v. Jeep Corp., 13 Mass. App. Ct. 504 (1982) further app. rev. den. 386 Mass. 1104 (placement and illumination of headlights and compliance with state and federal standards and practices). See also Goffredo v. Mercedes-Benz Truck Co., 402 Mass. 97 (1988).\nThe number of cases involving walkways and related areas is legion. Our examination leads us to the conclusion that the configuration of the walkway would not require expert testimony. See Adams v. United States Steel Corp., 24 Mass. App. Ct. 102 (1987), where expert testimonywas excluded with the Courtfeelingthe jury able to determine whether a hole in a parking lot was dangerous; McInnis v. Tewksbury, 19 Mass. App. Ct. 310, 313 (1985), further app. rev. den. 394 Mass. 1103, where the Court did not feel that expert testimony was necessary to determine the amount of sawdust necessary in a pit where seventh grade students were directed to jump and stated \u201cJuries routinely are asked to determine whether particular ground surfaces are reasonably safe in the particular circumstances\u201d; Thomas v. Tom's Food World Inc., 352 Mass. 449 (1967) where the Court stated expert testimony was not needed to who the hazard of walking down a forty or forty-five degree grade; Merwin v. De Raptellis, 338 Mass. 118 (1958) where the Court felt expert testimony was not necessary to conclude that a clicking sound indicated movement of a stair tread and that repeated walking on it caused it to slip out of place; and Johnson v. Orange, 320 Mass. 336 (1946) where the Court upheld the exclusion of expert evidence on the proper construction of adriveway entrance over a sidewalk by saying that the matter could easily be comprehended by a jury.\nIn our case, the design defect consisted solely in the configuration of certain bricks to create the impression of a continuous surface. There is no question about design strengths or quality of materials or alternative materials. Nor is there any evidence of competing cost figures. In our case the simple placement of warning strips or signs might have been sufficient to avoid the impression of a continuous surface. There is really nothing beyond common sense. Thus the question of negligence was properly decided by the Trial Justice.\nAccordingly, the Trial Justice was able to reach a decision without the aid of expert testimony. Thus,there was no error.",
        "type": "majority",
        "author": "Dohoney,J."
      }
    ],
    "attorneys": [
      "Alice Klein for the plaintiff.",
      "Herbert F. Travers, III, for the third-party defendant."
    ],
    "corrections": "",
    "head_matter": "Rosemary H. Wielock and another vs. Webster Credit Union vs. William E.S. Bird\nWestern District\nJanuary 8, 1990.\nPresent: Dohoney, Larkin & Lenhoff, JJ.\nAlice Klein for the plaintiff.\nHerbert F. Travers, III, for the third-party defendant.\nJohn Wielock."
  },
  "file_name": "0012-01",
  "first_page_order": 22,
  "last_page_order": 24
}
