{
  "id": 9335617,
  "name": "In the Matter of Francis X. GAVIN",
  "name_abbreviation": "In re Gavin",
  "decision_date": "2002-10-31",
  "docket_number": "No. 750 Disciplinary Docket No. 3",
  "first_page": "173",
  "last_page": "173",
  "citations": [
    {
      "type": "official",
      "cite": "814 A.2d 173"
    }
  ],
  "court": {
    "name_abbreviation": "Pa.",
    "id": 8832,
    "name": "Supreme Court of Pennsylvania"
  },
  "jurisdiction": {
    "id": 6,
    "name_long": "Pennsylvania",
    "name": "Pa."
  },
  "cites_to": [],
  "analysis": {
    "cardinality": 85,
    "char_count": 897,
    "ocr_confidence": 0.67,
    "sha256": "9277896f66a6dc1608d22c8b10f3ec374429a1440705d814374dd1dc61298514",
    "simhash": "1:168e0fb25a872f40",
    "word_count": 160
  },
  "last_updated": "2023-07-14T17:48:27.380404+00:00",
  "provenance": {
    "date_added": "2019-08-29",
    "source": "Harvard",
    "batch": "2018"
  },
  "casebody": {
    "judges": [],
    "parties": [
      "In the Matter of Francis X. GAVIN"
    ],
    "opinions": [
      {
        "text": "ORDER\nPER CURIAM:\nAND NOW, this 31st day of October, 2002, Francis X. Gavin having been suspended from the practice of law in the State of New Jersey for a period of three months by Order of the Supreme Court of New Jersey dated June 11, 2002; the said Francis X. Gavin having been directed on September 6, 2002, to inform this Court of any claim he has that the imposition of the identical or comparable discipline in this Commonwealth would be unwarranted and the reasons therefor; and no response having been filed, it is\nORDERED that Francis X. Gavin is suspended from the practice of law in this Commonwealth for a period of three months, consecutive to the suspension ordered by this Court on August 1, 2002, and he shall comply with all the provisions of Rule 217, Pa.R.D.E.",
        "type": "majority",
        "author": "PER CURIAM:"
      }
    ],
    "attorneys": [],
    "corrections": "",
    "head_matter": "In the Matter of Francis X. GAVIN\nNo. 750 Disciplinary Docket No. 3.\nSupreme Court of Pennsylvania.\nOct. 31, 2002."
  },
  "file_name": "0173-02",
  "first_page_order": 211,
  "last_page_order": 211
}
