{
  "id": 12485199,
  "name": "Commonwealth v. Christopher Deshawn Lanier",
  "name_abbreviation": "Commonwealth v. Lanier",
  "decision_date": "2016-05-24",
  "docket_number": "NO. 50 WAL 2016",
  "first_page": "12",
  "last_page": "12",
  "citations": [
    {
      "type": "official",
      "cite": "140 A.3d 12"
    }
  ],
  "court": {
    "name_abbreviation": "Pa.",
    "id": 8832,
    "name": "Supreme Court of Pennsylvania"
  },
  "jurisdiction": {
    "id": 6,
    "name_long": "Pennsylvania",
    "name": "Pa."
  },
  "cites_to": [],
  "analysis": {
    "cardinality": 21,
    "char_count": 156,
    "sha256": "a5e01bff5427c94ebfb17056f4430a487d2a5bd0052dab8ff4d9e855b59ae05d",
    "simhash": "1:348e16eed93235e2",
    "word_count": 23
  },
  "last_updated": "2021-08-27T20:57:13.996876+00:00",
  "provenance": {
    "date_added": "2021-08-27",
    "source": "Fastcase",
    "batch": "2021"
  },
  "casebody": {
    "judges": [],
    "parties": [
      "Commonwealth\nv.\nChristopher Deshawn Lanier"
    ],
    "opinions": [
      {
        "text": "",
        "type": "majority",
        "author": null
      }
    ],
    "attorneys": [],
    "corrections": "",
    "head_matter": "Commonwealth\nv.\nChristopher Deshawn Lanier\nNO. 50 WAL 2016\nSupreme Court of Pennsylvania\nMay 24, 2016\nAppeal from the Superior Court.\nDisposition: Denied."
  },
  "file_name": "0012-20",
  "first_page_order": 12,
  "last_page_order": 12
}
