{
  "id": 12485270,
  "name": "Catherine Randall v. Adelberg Rudow Dorf & Hendler, LLC., David Applefeld, Esquire, Geoffrey Washington, Esquire, Marc Noren, Esquire, Andrew Radding, Esquire, Carol Cooper, Esquire, Winston Gresov, Marion Bess Parmerter, Frederick Gresov",
  "name_abbreviation": "Randall v. Adelberg Rudow Dorf & Hendler, LLC.",
  "decision_date": "2016-06-02",
  "docket_number": "NO. 22 MAL 2016",
  "first_page": "14",
  "last_page": "14",
  "citations": [
    {
      "type": "official",
      "cite": "140 A.3d 14"
    }
  ],
  "court": {
    "name_abbreviation": "Pa.",
    "id": 8832,
    "name": "Supreme Court of Pennsylvania"
  },
  "jurisdiction": {
    "id": 6,
    "name_long": "Pennsylvania",
    "name": "Pa."
  },
  "cites_to": [],
  "analysis": {
    "cardinality": 41,
    "char_count": 353,
    "sha256": "a2c7e596220a8bc4e9b536856ff50c69a2e61df3413f4c65b4967d289c69a761",
    "simhash": "1:948a560762a12099",
    "word_count": 48
  },
  "last_updated": "2021-08-27T20:57:13.996876+00:00",
  "provenance": {
    "date_added": "2021-08-27",
    "source": "Fastcase",
    "batch": "2021"
  },
  "casebody": {
    "judges": [],
    "parties": [
      "Catherine Randall\nv.\nAdelberg Rudow Dorf & Hendler, LLC., David Applefeld, Esquire, Geoffrey Washington, Esquire, Marc Noren, Esquire, Andrew Radding, Esquire, Carol Cooper, Esquire, Winston Gresov, Marion Bess Parmerter, Frederick Gresov"
    ],
    "opinions": [
      {
        "text": "",
        "type": "majority",
        "author": null
      }
    ],
    "attorneys": [],
    "corrections": "",
    "head_matter": "Catherine Randall\nv.\nAdelberg Rudow Dorf & Hendler, LLC., David Applefeld, Esquire, Geoffrey Washington, Esquire, Marc Noren, Esquire, Andrew Radding, Esquire, Carol Cooper, Esquire, Winston Gresov, Marion Bess Parmerter, Frederick Gresov\nNO. 22 MAL 2016\nSupreme Court of Pennsylvania\nJune 02, 2016\nAppeal from the Superior Court.\nDisposition: Denied."
  },
  "file_name": "0014-04",
  "first_page_order": 14,
  "last_page_order": 14
}
