{
  "id": 12485187,
  "name": "Darlene A. CHAPDELAINE v. TOWN OF EASTFORD et al.",
  "name_abbreviation": "Chapdelaine v. Town of Eastford",
  "decision_date": "2016-07-26",
  "docket_number": "No. 38209.",
  "first_page": "1114",
  "last_page": "1114",
  "citations": [
    {
      "type": "official",
      "cite": "140 A.3d 1114"
    },
    {
      "type": "parallel",
      "cite": "167 Conn. App. 901"
    }
  ],
  "court": {
    "name_abbreviation": "Conn. App. Ct.",
    "id": 8801,
    "name": "Connecticut Appellate Court"
  },
  "jurisdiction": {
    "id": 2,
    "name_long": "Connecticut",
    "name": "Conn."
  },
  "cites_to": [],
  "analysis": {
    "cardinality": 27,
    "char_count": 177,
    "pagerank": {
      "raw": 2.0446031217563963e-07,
      "percentile": 0.7545569259057189
    },
    "sha256": "d0ca2258d8e7a4391bd0342348e5ec8c60e8e8f8e134b33795b0339a44cebe3f",
    "simhash": "1:e38e992e8b121471",
    "word_count": 29
  },
  "last_updated": "2023-03-29T19:33:20.158477+00:00",
  "provenance": {
    "date_added": "2021-08-27",
    "source": "Fastcase",
    "batch": "2021"
  },
  "casebody": {
    "judges": [],
    "parties": [
      "Darlene A. CHAPDELAINE\nv.\nTOWN OF EASTFORD et al."
    ],
    "opinions": [
      {
        "text": "PER CURIAM.\nThe judgment is affirmed.",
        "type": "majority",
        "author": "PER CURIAM."
      }
    ],
    "attorneys": [],
    "corrections": "",
    "head_matter": "Darlene A. CHAPDELAINE\nv.\nTOWN OF EASTFORD et al.\nNo. 38209.\nAppellate Court of Connecticut.\nArgued April 13, 2016.\nDecided July 26, 2016."
  },
  "file_name": "1114-01",
  "first_page_order": 1114,
  "last_page_order": 1114
}
