{
  "id": 12485214,
  "name": "Earl S. Wilson v. District of Columbia Department of Employment Services and Washington Metropolitan Area Transit Authority",
  "name_abbreviation": "Wilson v. D.C. Dep't of Emp't Servs.",
  "decision_date": "2016-05-25",
  "docket_number": "NO. 15-AA-596",
  "first_page": "1224",
  "last_page": "1224",
  "citations": [
    {
      "type": "official",
      "cite": "140 A.3d 1224"
    }
  ],
  "court": {
    "name_abbreviation": "DC",
    "id": 25265,
    "name": "District of Columbia Court of Appeals"
  },
  "jurisdiction": {
    "id": 56,
    "name_long": "District of Columbia",
    "name": "D.C."
  },
  "cites_to": [],
  "analysis": {
    "cardinality": 30,
    "char_count": 286,
    "sha256": "dab9a4dbe0e8a34ffc4372b29b904f9ea15fa17ed34ce42856a61c1cf51761d0",
    "simhash": "1:bdd6349075099c57",
    "word_count": 40
  },
  "last_updated": "2021-08-27T20:57:13.996876+00:00",
  "provenance": {
    "date_added": "2021-08-27",
    "source": "Fastcase",
    "batch": "2021"
  },
  "casebody": {
    "judges": [],
    "parties": [
      "Earl S. Wilson\nv.\nDistrict of Columbia Department of Employment Services and Washington Metropolitan Area Transit Authority"
    ],
    "opinions": [
      {
        "text": "",
        "type": "majority",
        "author": null
      }
    ],
    "attorneys": [],
    "corrections": "",
    "head_matter": "Earl S. Wilson\nv.\nDistrict of Columbia Department of Employment Services and Washington Metropolitan Area Transit Authority\nNO. 15-AA-596\nDistrict of Columbia Court of Appeals\nMay 25, 2016\nDist. of Columbia Dept. of Employment Services - Compensation Review Bd.\nDisposition: Affirmed."
  },
  "file_name": "1224-16",
  "first_page_order": 1224,
  "last_page_order": 1224
}
