{
  "id": 12485212,
  "name": "Christopher J. Millender v. United States",
  "name_abbreviation": "Millender v. United States",
  "decision_date": "2016-05-26",
  "docket_number": "NO. 15-CM-682",
  "first_page": "1224",
  "last_page": "1224",
  "citations": [
    {
      "type": "official",
      "cite": "140 A.3d 1224"
    }
  ],
  "court": {
    "name_abbreviation": "DC",
    "id": 25265,
    "name": "District of Columbia Court of Appeals"
  },
  "jurisdiction": {
    "id": 56,
    "name_long": "District of Columbia",
    "name": "D.C."
  },
  "cites_to": [],
  "analysis": {
    "cardinality": 19,
    "char_count": 139,
    "sha256": "7e8533df6496054d27a5854adb732563061b6ac6e01d45b82ac50187336c6821",
    "simhash": "1:5ec02254259dc40b",
    "word_count": 20
  },
  "last_updated": "2021-08-27T20:57:13.996876+00:00",
  "provenance": {
    "date_added": "2021-08-27",
    "source": "Fastcase",
    "batch": "2021"
  },
  "casebody": {
    "judges": [],
    "parties": [
      "Christopher J. Millender\nv.\nUnited States"
    ],
    "opinions": [
      {
        "text": "",
        "type": "majority",
        "author": null
      }
    ],
    "attorneys": [],
    "corrections": "",
    "head_matter": "Christopher J. Millender\nv.\nUnited States\nNO. 15-CM-682\nDistrict of Columbia Court of Appeals\nMay 26, 2016\nJackson\nDisposition: Affirmed."
  },
  "file_name": "1224-14",
  "first_page_order": 1224,
  "last_page_order": 1224
}
