{
  "id": 12485211,
  "name": "Derrick T. Banks v. United States",
  "name_abbreviation": "Banks v. United States",
  "decision_date": "2016-05-26",
  "docket_number": "NO. 15-CM-360",
  "first_page": "1224",
  "last_page": "1224",
  "citations": [
    {
      "type": "official",
      "cite": "140 A.3d 1224"
    }
  ],
  "court": {
    "name_abbreviation": "DC",
    "id": 25265,
    "name": "District of Columbia Court of Appeals"
  },
  "jurisdiction": {
    "id": 56,
    "name_long": "District of Columbia",
    "name": "D.C."
  },
  "cites_to": [],
  "analysis": {
    "cardinality": 19,
    "char_count": 131,
    "sha256": "de2d1f2edcf9cdaa778cf75bf94af6aaee6e220d05aa8b4b80e4258102e95b6f",
    "simhash": "1:5c8622442517d01b",
    "word_count": 20
  },
  "last_updated": "2021-08-27T20:57:13.996876+00:00",
  "provenance": {
    "date_added": "2021-08-27",
    "source": "Fastcase",
    "batch": "2021"
  },
  "casebody": {
    "judges": [],
    "parties": [
      "Derrick T. Banks\nv.\nUnited States"
    ],
    "opinions": [
      {
        "text": "",
        "type": "majority",
        "author": null
      }
    ],
    "attorneys": [],
    "corrections": "",
    "head_matter": "Derrick T. Banks\nv.\nUnited States\nNO. 15-CM-360\nDistrict of Columbia Court of Appeals\nMay 26, 2016\nJackson\nDisposition: Affirmed."
  },
  "file_name": "1224-13",
  "first_page_order": 1224,
  "last_page_order": 1224
}
