{
  "id": 12485239,
  "name": "Carlton D. Hammond v. United States",
  "name_abbreviation": "Hammond v. United States",
  "decision_date": "2016-05-11",
  "docket_number": "NO. 15-CM-265; NO. 15-CM-0266",
  "first_page": "1225",
  "last_page": "1225",
  "citations": [
    {
      "type": "official",
      "cite": "140 A.3d 1225"
    }
  ],
  "court": {
    "name_abbreviation": "DC",
    "id": 25265,
    "name": "District of Columbia Court of Appeals"
  },
  "jurisdiction": {
    "id": 56,
    "name_long": "District of Columbia",
    "name": "D.C."
  },
  "cites_to": [],
  "analysis": {
    "cardinality": 20,
    "char_count": 148,
    "sha256": "8a6332363af50965339465f274875be786087cf3dcb47c4d729e9fb740fa099c",
    "simhash": "1:9f4a1610051cd45a",
    "word_count": 22
  },
  "last_updated": "2021-08-27T20:57:13.996876+00:00",
  "provenance": {
    "date_added": "2021-08-27",
    "source": "Fastcase",
    "batch": "2021"
  },
  "casebody": {
    "judges": [],
    "parties": [
      "Carlton D. Hammond\nv.\nUnited States"
    ],
    "opinions": [
      {
        "text": "",
        "type": "majority",
        "author": null
      }
    ],
    "attorneys": [],
    "corrections": "",
    "head_matter": "Carlton D. Hammond\nv.\nUnited States\nNO. 15-CM-265\nNO. 15-CM-0266\nDistrict of Columbia Court of Appeals\nMay 11, 2016\nJackson\nDisposition: Affirmed."
  },
  "file_name": "1225-08",
  "first_page_order": 1225,
  "last_page_order": 1225
}
