{
  "id": 7858409,
  "name": "Joseph J. OWENS, Petitioner, v. WORKMEN'S COMPENSATION APPEAL BOARD (PA MINES CORPORATION/GREENWICH COLLIERIES), Respondent",
  "name_abbreviation": "Owens v. Workmen's Compensation Appeal Board",
  "decision_date": "1996-02-21",
  "docket_number": "",
  "first_page": "3",
  "last_page": "6",
  "citations": [
    {
      "type": "official",
      "cite": "673 A.2d 3"
    }
  ],
  "court": {
    "name_abbreviation": "Pa. Commw. Ct.",
    "id": 11887,
    "name": "Commonwealth Court of Pennsylvania"
  },
  "jurisdiction": {
    "id": 6,
    "name_long": "Pennsylvania",
    "name": "Pa."
  },
  "cites_to": [
    {
      "cite": "532 A.2d 374",
      "category": "reporters:state_regional",
      "reporter": "A.2d",
      "case_ids": [
        1808596
      ],
      "weight": 2,
      "year": 1987,
      "opinion_index": 0,
      "case_paths": [
        "/pa/516/0240-01"
      ]
    },
    {
      "cite": "655 A.2d 995",
      "category": "reporters:state_regional",
      "reporter": "A.2d",
      "year": 1995,
      "opinion_index": 0
    },
    {
      "cite": "540 Pa. 608",
      "category": "reporters:state",
      "reporter": "Pa.",
      "year": 1995,
      "opinion_index": 0
    },
    {
      "cite": "648 A.2d 348",
      "category": "reporters:state_regional",
      "reporter": "A.2d",
      "case_ids": [
        1466753,
        7867562
      ],
      "year": 1994,
      "opinion_index": 0,
      "case_paths": [
        "/pa-commw/167/0402-01",
        "/a2d/648/0348-01"
      ]
    },
    {
      "cite": "309 A.2d 165",
      "category": "reporters:state_regional",
      "reporter": "A.2d",
      "weight": 3,
      "year": 1973,
      "pin_cites": [
        {
          "page": "167"
        }
      ],
      "opinion_index": 0
    },
    {
      "cite": "479 A.2d 77",
      "category": "reporters:state_regional",
      "reporter": "A.2d",
      "year": 1984,
      "opinion_index": 0
    },
    {
      "cite": "517 A.2d 523",
      "category": "reporters:state_regional",
      "reporter": "A.2d",
      "case_ids": [
        1800416
      ],
      "year": 1986,
      "opinion_index": 0,
      "case_paths": [
        "/pa/512/0377-02"
      ]
    },
    {
      "cite": "512 Pa. 377",
      "category": "reporters:state",
      "reporter": "Pa.",
      "case_ids": [
        1800416,
        1800407
      ],
      "year": 1986,
      "opinion_index": 0,
      "case_paths": [
        "/pa/512/0377-02",
        "/pa/512/0377-01"
      ]
    }
  ],
  "analysis": {
    "cardinality": 445,
    "char_count": 8700,
    "ocr_confidence": 0.681,
    "pagerank": {
      "raw": 4.03580807328026e-08,
      "percentile": 0.20007305445220938
    },
    "sha256": "45be05c3c705bec785ac36bbf9e6a88c14e52c5c3cd91f032dc7baddfa832cec",
    "simhash": "1:607e70d625af3b51",
    "word_count": 1361
  },
  "last_updated": "2024-02-27T20:33:11.762329+00:00",
  "provenance": {
    "date_added": "2019-08-29",
    "source": "Harvard",
    "batch": "2018"
  },
  "casebody": {
    "judges": [
      "Before COLINS, President Judge, FLAHERTY, J\u201e and RODGERS, Senior Judge."
    ],
    "parties": [
      "Joseph J. OWENS, Petitioner, v. WORKMEN\u2019S COMPENSATION APPEAL BOARD (PA MINES CORPORATION/GREENWICH COLLIERIES), Respondent."
    ],
    "opinions": [
      {
        "text": "COLINS, President Judge.\nJoseph Owens (Owens) petitions for review of the August 2, 1995 order of the Workmen\u2019s Compensation Appeal Board (Board), which affirmed the workers\u2019 compensation judge\u2019s (WCJ) remand decision correcting the effective date of modification of benefits. We affirm.\nPennsylvania Mines/Greenwich Collieries (Pa. Mines) petitioned for modification of Owens\u2019s benefits effective February 16,1990. Pa. Mines presented unopposed medical testimony that Owens could return to work with a lifting restriction and produced evidence that suitable work had been made available to Owens on multiple occasions. Witnesses testified as to the following referrals and Owens\u2019s failure to follow through: 1) Owens failed to respond when offered a position as janitor/watchman at Rushton Mines on February 16, 1990. 2) Owens applied for a customer service representative position at Delaney Chevrolet, but failed to complete the application, listed his treating physicians as references, and indicated to the interviewer that he was not interested in that type of work. 3) Owens filled out an application at Sears Auto Service, but failed to take the required mechanical tests. All three jobs were within Owens\u2019s physical limitations.\nThe WCJ found that jobs were made available to Owens, but that he did not demonstrate a good faith effort to obtain employment. The WCJ granted the modification to partial disability effective February 16, 1990 (the date requested in Pa. Mines\u2019 petition) and reduced Owens\u2019s benefits based on the weekly wage for the Delaney Chevrolet position. On appeal, the Board found substantial evidence to support the WCJ\u2019s finding that Owens acted in bad faith and affirmed the modification, but the Board remanded to the WCJ for the limited purpose of recalculating Owens\u2019s benefits based on the weekly wage consistent with the position (at Rushton Mines) found to be available as of the effective date of the modification.\nOn remand, the WCJ found that his earlier decision misstated the effective date of the modification. The WCJ found that the modification was correctly based on the available position at Delaney Chevrolet; therefore, the effective date of modification should have been August 13, 1990, the date on which Owens exhibited bad faith in not following through on the available position. Owens again appealed to the Board, which found that the WCJ had complied with the remand order by explaining that the effective date, not the wage calculation, was misstated in the original decision. The Board affirmed the remand decision for the reasons stated in its earlier opinion.\nOur review on appeal is limited to violations of constitutional rights, errors of law, and whether the referee\u2019s findings are adequately supported by substantial, competent evidence. Estate of McGovern v. State Employees\u2019 Retirement Board, 512 Pa. 377, 517 A.2d 523 (1986). Before this Court, Owens contends that on remand the WCJ changed his decision without taking additional evidence and without notice to Owens and that the record does not support a finding that work was made available to Owens on August 13, 1990.\nOwens contends that on remand, the WCJ exceeded the scope of the Board\u2019s remand order directing the WCJ to recalculate the change in benefits based on the wage for the job available to Owens as of the modification date. Citing Glabern Corporation v. Workmen\u2019s Compensation Appeal Board (Moccia), 84 Pa.Cmwlth. 381, 479 A.2d 77 (1984), Owens insists that the WCJ did not restrict remand proceedings to the purpose indicated by the remand order. In our view, Owens mischaracterizes the WCJ\u2019s remand decision.\nIn remanding to the WCJ, the Board was concerned with the inconsistency between the February 1990 modification date and the benefit recalculation based on a position not available until August 1990. Assuming the modification to be correct, the Board remanded for recalculation based on the position available to Owens in February 1990. The purpose of the remand was to resolve the inconsistency. Finding that he had misstated the effective date of the modification, the WCJ corrected the effective date to August 1990, resolving the inconsistency. The WCJ\u2019s restricted his remand decision to the \u201cpurpose\u201d indicated by the Board.\nOwens further mischaracterizes the WCJ\u2019s remand decision as a change in decision without notice to Owens and without the WCJ having taken new evidence. It is well settled that an administrative agency may on its own motion correct obvious errors, as supported by the record, including mechanical errors, undisputed factual errors, and factual misconceptions. Kentucky Fried Chicken of Altoona v. Unemployment Compensation Board of Review, 10 Pa.Cmwlth. 90, 309 A.2d 165 (1973). Due process considerations prevent an agency from reversing itself on substantive issues in the absence of a petition for reconsideration or the granting of a hearing. Id. The WCJ did not reverse himself on a substantive issue. Although the correction of the modification date from February 1990 to August 1990 made a substantial change in the final outcome, the change did not involve substantive legal issues; rather it corrected a mechanical error. Kentucky Fried Chicken, 309 A.2d at 167.\nNext, Owens contends that the WCJ\u2019s finding that the Delaney Chevrolet job was made available to him was not supported by substantial evidence. To meet its burden of proof on a petition for modification, the employer must prove that a job referral is actually available and must bring the referral to the attention of the claimant or his counsel. McCray v. Workmen\u2019s Compensation Appeal Board (Preschool Development Programs, Inc.), 167 Pa.Cmwlth. 402, 648 A.2d 348 (1994), petition for allowance of appeal denied, 540 Pa. 608, 655 A.2d 995 (1995). In order to avoid modification on the basis of job availability, the claimant must demonstrate that he has made a good faith effort to return to the work force; benefits can be modified for failure to follow through on job referrals or for willfully sabotaging referrals. Kachinski v. Workmen\u2019s Compensation Appeal Board (Vepco Construction Company), 532 A.2d 374, 516 Pa. 240 (1987).\nThe record contains ample evidence to support the WCJ\u2019s finding that the Delaney Chevrolet position was actually available to Owens and brought to his attention. Vocational consultant Tony Gomick, who referred Owens to the Delaney Chevrolet position, testified that he personally visited the employer to verify the availability of the position and its physical requirements. Gornick notified Owens of the position by certified letter. The employer having established job availability, the burden shifted to Owens.\nAgain, the record contains substantial evidence to support the WCJ\u2019s finding that Owens did not meet his burden of proving that he acted in good faith in following through on the referral. Gornick testified that he found problems with Owens\u2019s application in that Owens listed his treating physicians as references and did not respond to a question asking whether he was physically capable of performing the job duties. Gor-nick also testified that the employer response form received from Delaney Chevrolet after Owens\u2019s interview contained comments to the effect that Ow\u00e9ns expressed his lack of interest in working in the automotive industry. This testimony tends to show that with respect to this position in particular, Owens sabotaged his chances of being hired. Owens offered no explanation as to why he listed his physicians as references and said he probably overlooked the question as to his physical capability. As evidence of his good faith, Owens provided only his own testimony that he filed the application, but was not offered the position.\nAlthough we will not substitute our judgment for that of the WCJ, in our view, the WCJ could have based the modification on the Rushton Mines position, which was offered to Owens and to which offer he never responded, or on the Sears position, for which he failed to follow through by not taking the required mechanical tests. Accordingly, we affirm the decision of the Board modifying Owens\u2019s benefits.\nORDER\nAND NOW, this 21st day of February, 1996, the decision of the Workmen\u2019s Compensation Appeal Board in the above-captioned matter is affirmed.",
        "type": "majority",
        "author": "COLINS, President Judge."
      }
    ],
    "attorneys": [
      "Blair V. Pawlowski, for Petitioner.",
      "Michael J. Wagner, for Respondent."
    ],
    "corrections": "",
    "head_matter": "Joseph J. OWENS, Petitioner, v. WORKMEN\u2019S COMPENSATION APPEAL BOARD (PA MINES CORPORATION/GREENWICH COLLIERIES), Respondent.\nCommonwealth Court of Pennsylvania.\nSubmitted on Briefs Jan. 19, 1996.\nDecided Feb. 21, 1996.\nReargument Denied April 11, 1996.\nBlair V. Pawlowski, for Petitioner.\nMichael J. Wagner, for Respondent.\nBefore COLINS, President Judge, FLAHERTY, J\u201e and RODGERS, Senior Judge."
  },
  "file_name": "0003-01",
  "first_page_order": 69,
  "last_page_order": 72
}
