{
  "id": 7861360,
  "name": "Kevin M. CARNEY, Appellant, v. Donna J. CARNEY, Appellee",
  "name_abbreviation": "Carney v. Carney",
  "decision_date": "1996-03-20",
  "docket_number": "",
  "first_page": "367",
  "last_page": "371",
  "citations": [
    {
      "type": "official",
      "cite": "673 A.2d 367"
    }
  ],
  "court": {
    "name_abbreviation": "Pa. Super. Ct.",
    "id": 8775,
    "name": "Superior Court of Pennsylvania"
  },
  "jurisdiction": {
    "id": 6,
    "name_long": "Pennsylvania",
    "name": "Pa."
  },
  "cites_to": [
    {
      "cite": "200 A.2d 745",
      "category": "reporters:state_regional",
      "reporter": "A.2d",
      "year": 1964,
      "pin_cites": [
        {
          "page": "747"
        }
      ],
      "opinion_index": 0
    },
    {
      "cite": "414 Pa. 403",
      "category": "reporters:state",
      "reporter": "Pa.",
      "case_ids": [
        1890339
      ],
      "year": 1964,
      "pin_cites": [
        {
          "page": "406"
        }
      ],
      "opinion_index": 0,
      "case_paths": [
        "/pa/414/0403-01"
      ]
    },
    {
      "cite": "423 Pa.Super. 134",
      "category": "reporters:state",
      "reporter": "Pa. Super.",
      "case_ids": [
        924739
      ],
      "weight": 2,
      "year": 1993,
      "pin_cites": [
        {
          "page": "140",
          "parenthetical": "\"There is a sharp difference between joint estates and those held by husband and wife. An intention to create the entirety is assumed from the deposit of an asset in both the names of husband and wife, without more, and from the fact of marital relationship.\""
        },
        {
          "page": "1149",
          "parenthetical": "\"There is a sharp difference between joint estates and those held by husband and wife. An intention to create the entirety is assumed from the deposit of an asset in both the names of husband and wife, without more, and from the fact of marital relationship.\""
        }
      ],
      "opinion_index": 0,
      "case_paths": [
        "/pa-super/423/0134-01"
      ]
    },
    {
      "cite": "375 Pa.Super. 382",
      "category": "reporters:state",
      "reporter": "Pa. Super.",
      "case_ids": [
        700027
      ],
      "weight": 2,
      "year": 1988,
      "opinion_index": 0,
      "case_paths": [
        "/pa-super/375/0382-01"
      ]
    },
    {
      "cite": "421 Pa.Super. 23",
      "category": "reporters:state",
      "reporter": "Pa. Super.",
      "case_ids": [
        921927
      ],
      "weight": 2,
      "year": 1992,
      "opinion_index": 0,
      "case_paths": [
        "/pa-super/421/0023-01"
      ]
    },
    {
      "cite": "412 Pa.Super. 398",
      "category": "reporters:state",
      "reporter": "Pa. Super.",
      "case_ids": [
        906652
      ],
      "weight": 2,
      "year": 1992,
      "pin_cites": [
        {
          "page": "407-08"
        },
        {
          "page": "646"
        }
      ],
      "opinion_index": 0,
      "case_paths": [
        "/pa-super/412/0398-01"
      ]
    },
    {
      "cite": "419 Pa.Super. 464",
      "category": "reporters:state",
      "reporter": "Pa. Super.",
      "case_ids": [
        918218
      ],
      "weight": 2,
      "year": 1992,
      "pin_cites": [
        {
          "page": "470"
        },
        {
          "page": "462"
        }
      ],
      "opinion_index": 0,
      "case_paths": [
        "/pa-super/419/0464-01"
      ]
    },
    {
      "cite": "351 Pa.Super. 588",
      "category": "reporters:state",
      "reporter": "Pa. Super.",
      "case_ids": [
        649828
      ],
      "weight": 2,
      "year": 1986,
      "pin_cites": [
        {
          "page": "596-98"
        },
        {
          "page": "933"
        }
      ],
      "opinion_index": 0,
      "case_paths": [
        "/pa-super/351/0588-01"
      ]
    },
    {
      "cite": "649 A.2d 691",
      "category": "reporters:state_regional",
      "reporter": "A.2d",
      "case_ids": [
        707313,
        7873110
      ],
      "weight": 2,
      "year": 1994,
      "pin_cites": [
        {
          "page": "692"
        },
        {
          "page": "692"
        }
      ],
      "opinion_index": 0,
      "case_paths": [
        "/pa-super/437/0130-01",
        "/a2d/649/0691-01"
      ]
    },
    {
      "cite": "437 Pa.Super. 130",
      "category": "reporters:state",
      "reporter": "Pa. Super.",
      "case_ids": [
        707313
      ],
      "year": 1994,
      "pin_cites": [
        {
          "page": "132"
        }
      ],
      "opinion_index": 0,
      "case_paths": [
        "/pa-super/437/0130-01"
      ]
    },
    {
      "cite": "518 Pa. 378",
      "category": "reporters:state",
      "reporter": "Pa.",
      "case_ids": [
        1811607
      ],
      "weight": 2,
      "year": 1988,
      "pin_cites": [
        {
          "parenthetical": "rejecting the argument that the status of funds such as those presently in question should be based upon contribution"
        },
        {
          "parenthetical": "rejecting the argument that the status of funds such as those presently in question should be based upon contribution"
        }
      ],
      "opinion_index": 0,
      "case_paths": [
        "/pa/518/0378-01"
      ]
    },
    {
      "cite": "361 Pa.Super. 504",
      "category": "reporters:state",
      "reporter": "Pa. Super.",
      "case_ids": [
        667120
      ],
      "weight": 2,
      "year": 1987,
      "opinion_index": 0,
      "case_paths": [
        "/pa-super/361/0504-01"
      ]
    },
    {
      "cite": "293 Pa.Super. 491",
      "category": "reporters:state",
      "reporter": "Pa. Super.",
      "case_ids": [
        175575
      ],
      "weight": 2,
      "year": 1981,
      "pin_cites": [
        {
          "page": "510"
        },
        {
          "page": "693"
        }
      ],
      "opinion_index": 0,
      "case_paths": [
        "/pa-super/293/0491-01"
      ]
    },
    {
      "cite": "371 A.2d 1040",
      "category": "reporters:state_regional",
      "reporter": "A.2d",
      "year": 1977,
      "opinion_index": 0
    },
    {
      "cite": "393 A.2d 57",
      "category": "reporters:state_regional",
      "reporter": "A.2d",
      "year": 1978,
      "opinion_index": 0
    },
    {
      "cite": "395 A.2d 317",
      "category": "reporters:state_regional",
      "reporter": "A.2d",
      "year": 1978,
      "opinion_index": 0
    },
    {
      "cite": "266 Pa.Super. 276",
      "category": "reporters:state",
      "reporter": "Pa. Super.",
      "case_ids": [
        123155
      ],
      "weight": 2,
      "year": 1979,
      "opinion_index": 0,
      "case_paths": [
        "/pa-super/266/0276-01"
      ]
    },
    {
      "cite": "650 A.2d 444",
      "category": "reporters:state_regional",
      "reporter": "A.2d",
      "case_ids": [
        707307,
        11325197
      ],
      "year": 1994,
      "opinion_index": 0,
      "case_paths": [
        "/pa-super/437/0453-01",
        "/a2d/650/0444-01"
      ]
    },
    {
      "cite": "437 Pa.Super. 453",
      "category": "reporters:state",
      "reporter": "Pa. Super.",
      "case_ids": [
        707307
      ],
      "year": 1994,
      "opinion_index": 0,
      "case_paths": [
        "/pa-super/437/0453-01"
      ]
    },
    {
      "cite": "527 Pa. 393",
      "category": "reporters:state",
      "reporter": "Pa.",
      "case_ids": [
        1827729
      ],
      "weight": 3,
      "year": 1991,
      "opinion_index": 0,
      "case_paths": [
        "/pa/527/0393-01"
      ]
    },
    {
      "cite": "647 A.2d 530",
      "category": "reporters:state_regional",
      "reporter": "A.2d",
      "case_ids": [
        706496,
        7866075
      ],
      "weight": 2,
      "year": 1994,
      "pin_cites": [
        {
          "page": "537-538"
        }
      ],
      "opinion_index": 0,
      "case_paths": [
        "/pa-super/436/0126-01",
        "/a2d/647/0530-01"
      ]
    },
    {
      "cite": "436 Pa.Super. 126",
      "category": "reporters:state",
      "reporter": "Pa. Super.",
      "case_ids": [
        706496
      ],
      "year": 1994,
      "pin_cites": [
        {
          "page": "140-144"
        }
      ],
      "opinion_index": 0,
      "case_paths": [
        "/pa-super/436/0126-01"
      ]
    },
    {
      "cite": "486 A.2d 401",
      "category": "reporters:state_regional",
      "reporter": "A.2d",
      "case_ids": [
        622175
      ],
      "weight": 3,
      "year": 1985,
      "pin_cites": [
        {
          "page": "404",
          "parenthetical": "citations omitted"
        },
        {
          "page": "404",
          "parenthetical": "\"The gift is presumed by reason of the joint tenancy with [sic] is peculiar to the husband and wife relation-ship_\""
        }
      ],
      "opinion_index": 0,
      "case_paths": [
        "/pa-super/336/0552-01"
      ]
    },
    {
      "cite": "336 Pa.Super. 652",
      "category": "reporters:state",
      "reporter": "Pa. Super.",
      "weight": 3,
      "year": 1985,
      "pin_cites": [
        {
          "page": "558"
        },
        {
          "page": "557"
        }
      ],
      "opinion_index": 0
    }
  ],
  "analysis": {
    "cardinality": 830,
    "char_count": 14537,
    "ocr_confidence": 0.69,
    "pagerank": {
      "raw": 4.03580807328026e-08,
      "percentile": 0.20013888840623525
    },
    "sha256": "3793c38330f373b42ec0132f1fb2f7725170a5351a334cfbd10f4b6cebdc9519",
    "simhash": "1:0dbbea0301d40df5",
    "word_count": 2355
  },
  "last_updated": "2024-02-27T20:33:11.762329+00:00",
  "provenance": {
    "date_added": "2019-08-29",
    "source": "Harvard",
    "batch": "2018"
  },
  "casebody": {
    "judges": [
      "Before McEWEN, CIRILLO and OLSZEWSKI, JJ."
    ],
    "parties": [
      "Kevin M. CARNEY, Appellant, v. Donna J. CARNEY, Appellee."
    ],
    "opinions": [
      {
        "text": "OLSZEWSKI, Judge:\nOn September 30, 1991, appellant, Kevin M. Carney, filed a complaint seeking a divorce from his wife, Donna J. Carney, appel-lee herein. A final order, both decreeing a divorce and equitably distributing the marital property, was entered in the Court of Common Pleas of Delaware County on December, 30, 1994. Appellant appeals from this order raising three issues for our review.\nThe parties to this ease were married on June 2,1978, and resided together until their separation on January 31, 1991. Both prior to and during the course of the marriage, appellant was employed full-time by the United States Army. While in military service, appellant sustained several injuries qualifying him for a 20 percent military disability benefit. On June 1, 1990, appellant was honorably discharged and received an advance of approximately $28,000 on account of this disability.\nAppellant initially deposited these funds into a checking account titled jointly with his spouse. Subsequently, $8,000 was disbursed in satisfaction of marital debts and the remaining $20,000 was used to purchase a joint investment annuity from the Metropolitan Life Insurance Company. The trial court valued this annuity at $18,363 and classified it as marital property subject to equitable distribution. First, appellant alleges that the trial court erred in making such a distribution and seeks partition of the annuity in his favor.\nPresently, it remains uncontested that veteran\u2019s disability benefits are generally not marital property subject to equitable distribution. Relying upon Madden v. Madden, 336 Pa.Super. 652, 486 A.2d 401 (1985), however, the trial court decided that, due to the absence of clear and convincing evidence to the contrary, the placing of the funds initially in a joint bank account and then in a joint annuity created an estate by the entire-ties in such funds resulting in a complete gift to the marriage. Appellant claims, on several grounds, that the mere depositing of the funds in joint investments did not change their character from exclusively his to marital. After careful review, we disagree with appellant.\nWhether an asset is marital property or separate property for purposes of distribution of the marital estate, is a matter reserved to the sound discretion of the trial court. Gordon v. Gordon, 436 Pa.Super. 126, 140-144, 647 A.2d 530, 537-538 (1994). An abuse of such discretion will be found to exist, however, if the trial court fails to follow proper legal procedures or misapplies the law. Id.\nThe trial court applied the following common-law principle in resolving the case at hand:\nWhere ... an account is placed in the names of a husband and wife, a gift and the creation of an estate by the entire-ties is presumed even though the funds used to ... establish the account were exclusively those of the husband.\nHi H* H* Hi 5}! H?\nIn order to overcome the presumption that an estate by the entireties exists and that a complete gift ensued therefrom, there must be clear and convincing evidence to the contrary.\nMadden, 336 Pa.Super. at 558, 486 A.2d at 404 (citations omitted) (emphasis added). Appellant contends that this is not the proper legal principle to be applied in disposing of this case. Instead, citing Lessner v. Rubinson, 527 Pa. 393, 592 A.2d 678 (1991), appellant argues that the Multiple-Party Accounts Act, 20 Pa.C.S.A. \u00a7 6301, et seq., governs. In particular, appellant raises the applicability of 20 Pa.C.S.A. \u00a7 6303 which states, in pertinent part:\nOwnership during lifetime\n(a) Joint account. \u2014 A joint account belongs, during the lifetime of all parties, to the parties in proportion to the net contributions by each to the sum on deposit, unless there is clear and convincing evidence of a different intent.\nAppellant claims that the presumption created by this statutory provision requires ap-pellee, as claimant, to produce clear and convincing evidence that he did not intend to retain his beneficial interest in the funds, but rather, intended to make a gift. Appellant claims that, absent such a rebuttal, the statute requires allocation of funds in a divorce on the basis of who contributed them to the account. Accordingly, appellant contends that the trial court created an improper presumption in favor of appellee and mis allocated the burden upon him to rebut such presumption. We disagree.\nThe section defining the scope of applicability of the Multiple-Party Accounts Act provides:\n\u00a7 6302. Applicability of chapter\nThe provisions of this chapter are applicable to the determination of property rights among parties to multiple-parly accounts and all claims made through them....\n20 Pa.C.SA. \u00a7 6302. We find that this general provision is preempted by the more relevant provisions relating to the husband and wife relationship contained in the Divorce Code. In so deciding, we are guided by the following principle of statutory construction:\n\u00a7 1933. Particular controls general\nWhenever a general provision in a statute shall be in conflict with a special provision in the same or another statute, the two shall be construed, if possible, so that effect may be given to both. If the conflict between the two provisions is irreconcilable, the special provisions shall prevail and shall be construed as an exception to the general provision, unless the general provision shall be enacted later and it shall be the manifest intention of the General Assembly that such provision shall prevail.\n1 Pa.C.S.A. \u00a7 1933. See Commonwealth v. Mingensmith, 437 Pa.Super. 453, 650 A.2d 444 (1994); Comm, ex rel. Platt v. Platt, 266 Pa.Super. 276, 404 A.2d 410 (1979); Young v. Workmen\u2019s Compensation Appeal Bd., 39 Pa.Cmwlth. 265, 395 A.2d 317 (1978); Duda v. Com., Bd. of Pharmacy, 38 Pa.Cmwlth. 378, 393 A.2d 57 (1978) (as a special provision, the provision of 35 P.S. \u00a7 780-123 which provides that only offenses that are felonies under the Drug Act, 35 P.S. \u00a7 780-101 et seq., may be punished by the suspension or revocation of a practitioner\u2019s license, must be construed as an exception to the general provision of 63 P.S. \u00a7 390-5 giving the pharmacy board power to impose sanctions for any offense in connection with the practice of pharmacy); Bowers v. State Bmp. Retirement Bd., 29 Pa.Cmwlth. 561, 371 A.2d 1040 (1977) (because Fiduciaries Act, 20 Pa.C.SA. \u00a7 3101 et seq., was general legislation in comparison with the specific provisions of the State Employees\u2019 Retirement Code, 71 Pa. C.S.A. \u00a7 5101 et seq., Code provisions controlled for purposes of determining whether widow of state employee, who was the legal representative of her deceased husband\u2019s estate under the Fiduciaries Act, could be a \u201ccontributor\u201d under the Retirement Code).\nThe Divorce Code clearly states that \u201cit is the policy of the Commonwealth to ... [e]f-feetuate economic justice between parties who are divorced or separated ... and insure a fair and just determination and settlement of their property rights.\u201d 23 Pa.C.SA. \u00a7 3102. Pursuant to this statutory directive, the courts of this Commonwealth have exercised their broad equity power in matrimonial causes and established the legal principle that the placing of funds by one spouse in an account titled jointly in the names of both spouses creates a presumption of ownership as tenants by the entirety. This well-settled law comports with the intent of the Divorce Code that the dissolution of a marriage \u201cshould be accomplished in a manner that recognizes the prior existence of the family as both an economic and social unit.\u201d Gordon v. Gordon, 293 Pa.Super. 491, 510, 439 A.2d 683, 693 (1981).\nBased upon the foregoing, we hold that the provisions of the Multiple-Party Accounts Act are not applicable to the equitable distribution of funds held in joint accounts between husband and wife. Sutliff v. Sutliff, 361 Pa.Super. 504, 522 A2d 1144 (1987), rev\u2019d on other grounds, 518 Pa. 378, 543 A.2d 534 (1988) (rejecting the argument that the status of funds such as those presently in question should be based upon contribution). Accordingly, the trial court did not err in including the annuity in the marital estate for purposes of equitable distribution. Since Lessner, supra, concerned funds deposited in an account titled jointly in the names of a brother and sister, appellant\u2019s reliance thereon is clearly misplaced.\nAppellant next claims that, even if the trial court applied the correct legal standards in deciding this case, he has presented clear and convincing evidence to rebut the presumption that the annuity is marital property. Appellant claims that, at no time did he intend to gift the funds to the marriage and, further, that he relied on appellee\u2019s reassurances that the funds would remain his alone.\nIn assessing this claim, the extent of our inquiry is restricted. \u201c[I]n reviewing challenges to an order of equitable distribution, the trial court\u2019s decision will stand unless the court abused its discretion in formulating the order.\u201d Paulone v. Paulone, 437 Pa.Super. 130, 132, 649 A.2d 691, 692 (1994).\nPresently, we believe that the trial court did not abuse its discretion in finding an absence of clear and convincing evidence sufficient to overcome the presumption that an entireties estate was created when appellant placed the disability funds in a joint account. The trial court noted that;\nThe Transcript is devoid of clear and convincing evidence that the annuity was to remain the sole property of [appellant]. In fact, the use of funds for marital necessaries, the withdrawals from the annuity for the wife and Mds, and the fact that [appellant] could not close out the account without [appellee\u2019s] authorization, support the determination ... that the annuity was marital property.\nTrial court opinion, 6/22/95 at 4. Our review of the record discloses ample support for the trial court\u2019s findings. For example, appellee testified that it was mutually agreed that the funds would be invested for both her and appellant\u2019s retirement. N.T. 11/29/94 at 98. Since, \u201c[u]nder the abuse of discretion standard, the appellate court does not usurp the trial court\u2019s duty as factfinder\u201d, we find no reason to disturb the trial court\u2019s decision to treat the annuity as marital property. Paulone, 437 Pa.Super. at 132, 649 A.2d at 692; accord Sergi v. Sergi, 351 Pa.Super. 588, 596-98, 506 A.2d 928, 933 (1986).\nFinally, appellant argues that the trial court entered an order against the weight of the record evidence since, in both the December 30, 1994 order and the opinion dated June 22, 1995, the court allegedly fails to set forth an analysis of the factors contained in 23 Pa.C.S.A. \u00a7 3502. Appellant argues that the trial court opinion is, therefore, insufficient for us to conduct a review. Specifically, appellant contends that there is no discussion of how the court allocated assets, such as a computer, and liabilities and also no justification for the awarding of attorney\u2019s fees.\nContrary to appellant\u2019s assertion, the trial court opinion clearly sets forth its basis for allocating the assets and liabilities and awarding attorney\u2019s fees. The trial court notes reliance on the factors contained in section 3502(a) and, in particular, the disparity in the parties\u2019 salaries as well as their differing occupations. On this basis, the trial court distributed certain assets, including the computer, in kind; awarded 55 percent of the net marital assets to appellee and 45 percent to appellant; and awarded appel-lee $1,500 as reasonable attorney\u2019s fees.\nIn Powers v. Powers, 419 Pa.Super. 464, 470, 615 A.2d 459, 462 (1992), we stated that:\nAlthough the trial court did not set forth its rationale in an exhaustive opinion, the court did provide the parties and this court with the reasons for its decision. The trial court after considering detailed testimony from the parties, stated, in making its decision, that it considered the \u201crelevant 3502 factors of the Domestic Relations Code in distributing the marital assets.\u201d The court ultimately focused on husband\u2019s higher earnings [as well as other similar considerations] in shaping its award which granted wife slightly more than 50% of the marital assets. [W]e find no reason[, and appellant offers none,] to suggest that the court ignored any relevant factors, and ... the court has provided just reason for its disposition of the marital property....\nWe note, also, that 23 Pa.C.S.A. \u00a7 3502(e) permits the awarding of attorney\u2019s fees, costs, and expenses in a divorce action. Further, consideration of the parties\u2019 relative incomes is appropriate in determining whether to award such fees. See Endy v. Endy, 412 Pa.Super. 398, 407-08, 603 A.2d 641, 646 (1992). Based upon the foregoing, we can find no merit to appellant\u2019s claim that the trial court failed to adequately set forth its analysis of the factors contained in 23 Pa. C.SJL \u00a7 3502.\nOrder affirmed.\n. Appellant will continue to be credited each month from June, 1990, for approximately $160 per month until the advance is repaid at which time he will begin receiving further benefits.\n. See 23 Pa.C.S.A. \u00a7 3501(a)(6); Miller v. Miller, 421 Pa.Super. 23, 617 A.2d 375 (1992).\n. Appellant further claims that appeEee has failed to meet this standard. Since we find the Multiple-Party Accounts Act to be inapplicable to the case before us, see infra, we do not proceed to address this particular allegation.\n. See, e.g., Lowry v. Lowry, 375 Pa.Super. 382, 544 A.2d 972 (1988); Constitution Bank v. Olson, 423 Pa.Super. 134, 140, 620 A.2d 1146, 1149 (1993) (\"There is a sharp difference between joint estates and those held by husband and wife. An intention to create the entirety is assumed from the deposit of an asset in both the names of husband and wife, without more, and from the fact of marital relationship.\u201d); Madden, 336 Pa.Super. at 557, 486 A.2d at 404 (\"The gift is presumed by reason of the joint tenancy with [sic] is peculiar to the husband and wife relation-ship_\u201d) (quoting In re Holmes Estate, 414 Pa. 403, 406, 200 A.2d 745, 747 (1964)).\n. The trial court found that appellant is employed as a chemical operator for Sun Refining and Marketing and has a weekly salary of approximately $1,000 whereas appellee is paid $340 per week as a customer service representative at Choice Seating.",
        "type": "majority",
        "author": "OLSZEWSKI, Judge:"
      }
    ],
    "attorneys": [
      "Joseph M. Lamonanca, Chadds Ford, for appellant.",
      "R. Kurtz Holloway, Pottstown, for appel-lee."
    ],
    "corrections": "",
    "head_matter": "Kevin M. CARNEY, Appellant, v. Donna J. CARNEY, Appellee.\nSuperior Court of Pennsylvania.\nArgued Dec. 14, 1995.\nFiled March 20, 1996.\nJoseph M. Lamonanca, Chadds Ford, for appellant.\nR. Kurtz Holloway, Pottstown, for appel-lee.\nBefore McEWEN, CIRILLO and OLSZEWSKI, JJ."
  },
  "file_name": "0367-01",
  "first_page_order": 433,
  "last_page_order": 437
}
