{
  "id": 7866965,
  "name": "Lorraine ELIAS, Appellant, v. George SPENCER, Appellee",
  "name_abbreviation": "Elias v. Spencer",
  "decision_date": "1996-03-29",
  "docket_number": "",
  "first_page": "982",
  "last_page": "986",
  "citations": [
    {
      "type": "official",
      "cite": "673 A.2d 982"
    }
  ],
  "court": {
    "name_abbreviation": "Pa. Super. Ct.",
    "id": 8775,
    "name": "Superior Court of Pennsylvania"
  },
  "jurisdiction": {
    "id": 6,
    "name_long": "Pennsylvania",
    "name": "Pa."
  },
  "cites_to": [
    {
      "cite": "642 A.2d 1136",
      "category": "reporters:state_regional",
      "reporter": "A.2d",
      "case_ids": [
        943125,
        7873582
      ],
      "year": 1994,
      "pin_cites": [
        {
          "page": "1139",
          "parenthetical": "trial court's meager explanation did not justify twenty-seven percent reduction of defendant's obligation"
        }
      ],
      "opinion_index": 0,
      "case_paths": [
        "/pa-super/434/0288-01",
        "/a2d/642/1136-01"
      ]
    },
    {
      "cite": "434 Pa.Super. 288",
      "category": "reporters:state",
      "reporter": "Pa. Super.",
      "case_ids": [
        943125
      ],
      "year": 1994,
      "pin_cites": [
        {
          "page": "293-94",
          "parenthetical": "trial court's meager explanation did not justify twenty-seven percent reduction of defendant's obligation"
        }
      ],
      "opinion_index": 0,
      "case_paths": [
        "/pa-super/434/0288-01"
      ]
    },
    {
      "cite": "415 Pa.Super. 591",
      "category": "reporters:state",
      "reporter": "Pa. Super.",
      "case_ids": [
        911121
      ],
      "weight": 2,
      "year": 1992,
      "pin_cites": [
        {
          "page": "596-98",
          "parenthetical": "a trial court should deviate from the guidelines only when the obligor can establish unique financial needs"
        },
        {
          "page": "1384",
          "parenthetical": "a trial court should deviate from the guidelines only when the obligor can establish unique financial needs"
        }
      ],
      "opinion_index": 0,
      "case_paths": [
        "/pa-super/415/0591-01"
      ]
    },
    {
      "cite": "654 A.2d 563",
      "category": "reporters:state_regional",
      "reporter": "A.2d",
      "case_ids": [
        7868840,
        713730
      ],
      "year": 1995,
      "pin_cites": [
        {
          "page": "565",
          "parenthetical": "presumption that guideline figure is appropriate amount of support is rebutted only where the trier of fact makes written finding or specific finding on record that an award in the amount determined from the guidelines would be unjust or inappropriate"
        }
      ],
      "opinion_index": 0,
      "case_paths": [
        "/a2d/654/0563-01",
        "/pa-super/439/0372-01"
      ]
    },
    {
      "cite": "439 Pa.Super. 372",
      "category": "reporters:state",
      "reporter": "Pa. Super.",
      "case_ids": [
        713730
      ],
      "year": 1995,
      "pin_cites": [
        {
          "page": "375-77",
          "parenthetical": "presumption that guideline figure is appropriate amount of support is rebutted only where the trier of fact makes written finding or specific finding on record that an award in the amount determined from the guidelines would be unjust or inappropriate"
        }
      ],
      "opinion_index": 0,
      "case_paths": [
        "/pa-super/439/0372-01"
      ]
    },
    {
      "cite": "655 A.2d 563",
      "category": "reporters:state_regional",
      "reporter": "A.2d",
      "case_ids": [
        715970,
        7865620
      ],
      "weight": 2,
      "year": 1995,
      "pin_cites": [
        {
          "page": "565",
          "parenthetical": "quoting Ball v. Minnick, 648 A.2d at 1195-96 (1994)"
        },
        {
          "page": "565",
          "parenthetical": "trial court could not deviate from guideline amount based on current spouse's net income without testimony or evidence regarding current spouse's contributions toward joint expenses of wife's new household"
        }
      ],
      "opinion_index": 0,
      "case_paths": [
        "/pa-super/440/0280-01",
        "/a2d/655/0563-01"
      ]
    },
    {
      "cite": "440 Pa.Super. 280",
      "category": "reporters:state",
      "reporter": "Pa. Super.",
      "case_ids": [
        715970
      ],
      "year": 1995,
      "pin_cites": [
        {
          "page": "284",
          "parenthetical": "quoting Ball v. Minnick, 648 A.2d at 1195-96 (1994)"
        }
      ],
      "opinion_index": 0,
      "case_paths": [
        "/pa-super/440/0280-01"
      ]
    },
    {
      "cite": "648 A.2d 1192",
      "category": "reporters:state_regional",
      "reporter": "A.2d",
      "case_ids": [
        475538,
        7882564
      ],
      "weight": 3,
      "year": 1984,
      "pin_cites": [
        {
          "page": "1196"
        },
        {
          "page": "1195-96",
          "parenthetical": "1994"
        },
        {
          "page": "1196",
          "parenthetical": "emphasis in original"
        }
      ],
      "opinion_index": 0,
      "case_paths": [
        "/pa/538/0441-01",
        "/a2d/648/1192-01"
      ]
    },
    {
      "cite": "538 Pa. 441",
      "category": "reporters:state",
      "reporter": "Pa.",
      "case_ids": [
        475538
      ],
      "year": 1984,
      "pin_cites": [
        {
          "page": "448-49"
        }
      ],
      "opinion_index": 0,
      "case_paths": [
        "/pa/538/0441-01"
      ]
    },
    {
      "cite": "524 A.2d 494",
      "category": "reporters:state_regional",
      "reporter": "A.2d",
      "year": 1987,
      "opinion_index": 0
    },
    {
      "cite": "514 Pa. 648",
      "category": "reporters:state",
      "reporter": "Pa.",
      "year": 1987,
      "opinion_index": 0
    },
    {
      "cite": "349 Pa.Super. 524",
      "category": "reporters:state",
      "reporter": "Pa. Super.",
      "case_ids": [
        646824
      ],
      "weight": 2,
      "year": 1986,
      "opinion_index": 0,
      "case_paths": [
        "/pa-super/349/0524-01"
      ]
    },
    {
      "cite": "506 Pa. 404",
      "category": "reporters:state",
      "reporter": "Pa.",
      "case_ids": [
        1790946
      ],
      "weight": 2,
      "year": 1985,
      "opinion_index": 0,
      "case_paths": [
        "/pa/506/0404-01"
      ]
    },
    {
      "cite": "518 Pa. 137",
      "category": "reporters:state",
      "reporter": "Pa.",
      "case_ids": [
        1811627
      ],
      "weight": 2,
      "year": 1988,
      "opinion_index": 0,
      "case_paths": [
        "/pa/518/0137-01"
      ]
    },
    {
      "cite": "530 Pa. 176",
      "category": "reporters:state",
      "reporter": "Pa.",
      "case_ids": [
        1832988
      ],
      "weight": 2,
      "year": 1992,
      "opinion_index": 0,
      "case_paths": [
        "/pa/530/0176-01"
      ]
    },
    {
      "cite": "462 Pa. 36",
      "category": "reporters:state",
      "reporter": "Pa.",
      "case_ids": [
        485159
      ],
      "weight": 2,
      "year": 1975,
      "opinion_index": 0,
      "case_paths": [
        "/pa/462/0036-01"
      ]
    }
  ],
  "analysis": {
    "cardinality": 522,
    "char_count": 9584,
    "ocr_confidence": 0.657,
    "pagerank": {
      "raw": 4.03580807328026e-08,
      "percentile": 0.2002906347049577
    },
    "sha256": "5432cb7443ecf670b811c8a7460c229dc3185cc8ad42e8c15e422840fd65aee3",
    "simhash": "1:d367c40a3edaa268",
    "word_count": 1519
  },
  "last_updated": "2024-02-27T20:33:11.762329+00:00",
  "provenance": {
    "date_added": "2019-08-29",
    "source": "Harvard",
    "batch": "2018"
  },
  "casebody": {
    "judges": [
      "Before DEL SOLE, HUDOCK and BROSKY, JJ."
    ],
    "parties": [
      "Lorraine ELIAS, Appellant, v. George SPENCER, Appellee."
    ],
    "opinions": [
      {
        "text": "HUDOCK, Judge:\nIn this appeal Lorraine Elias (Mother) claims that the trial court abused its discretion in deviating downward from the guideline amount in an action for child support. We reverse and remand for further proceedings.\nThe facts may be summarized as follows: On April 11, 1995, Mother filed a petition to modify a child support order issued against George Spencer (Father) in which she sought an increase in support. As of that date, Mother had been receiving $250 a month for the support of the child, Alycia. A support conference was scheduled for May 15, 1995. Because the parties were unable to reach an agreement, a hearing was held before a hearing officer pursuant to Pa.R.C.P. 1910.12, 42 Pa.C.SA. Thereafter, the hearing officer recommended that Father pay $450 per month for the support of Alycia and provide medical insurance for the child\u2019s benefit through his employer. The hearing officer\u2019s report also stated that there were no reasons which would warrant a deviation from the guideline recommendation. Father filed timely exceptions to the hearing officer\u2019s report and recommendation. The trial court heard argument on these exceptions and issued an order and memorandum opinion on July 11,1995 in which the amount of support was reduced to $375 per month. The trial court specifically stated that the downward deviation was warranted due to Father\u2019s \u201cnew family and his personal expenses in general[.]\u201d On appeal to this Court, Mother contends that these reasons are insufficient to support a downward deviation and further contends, therefore, that the trial court erred in doing so.\nOur standard of review is well-settled:\nThe standard of appellate review of child support matters has not changed; a reviewing court must continue to apply an abuse of discretion standard. Costello v. LeNoir, 462 Pa. 36, 337 A.2d 866 (1975). A support order will not be disturbed on appeal unless the trial court failed to consider properly the requirements of the Rules of Civil Procedure Governing Actions for Support, Pa.R.C.P. 1910.1 et seq., or abused its discretion in applying these Rules. O\u2019Callaghan v. O\u2019Callaghan, 530 Pa. 176, 607 A.2d 735 (1992); Hovis v. Hovis, 518 Pa. 137, 541 A.2d 1378 (1988); Barletta v. Barletta, 506 Pa. 404, 485 A.2d 752 (1985); LaBuda v. LaBuda, 349 Pa.Super. 524, 503 A.2d 971 (1986), appeal denied, 514 Pa. 648, 524 A.2d 494 (1987).\nBall v. Minnick, 538 Pa. 441, 448-49, 648 A.2d 1192, 1196 (1984).\nMother argues that the trial court\u2019s decision to deviate downward from the guideline amount is unsupported by the record because Father never testified that he or any member of his new family has unusual needs or fixed obligations, or medical expenses not covered by health insurance. Mother further argues that a multiple family calculation of the support obligations based upon the guidelines would garner less than fifty percent of Father\u2019s net monthly income to fulfill his child support obligations. We agree.\nAs this Court has recently stated:\nThe rules make clear that the amount of support as determined from the support guidelines is presumed to be the appropriate amount of support and that any deviation must be based on Rule 1910.16-4.\nThe presumption is strong that the appropriate amount of support in each case is the amount as determined from the support guidelines. However, where the facts demonstrate the inappropriateness of such an award, the trier of fact may deviate therefrom. This flexibility is not, however, intended to provide the trier of fact with unfettered discretion to, in each case, deviate from the recommended amount of support. Deviation will be permitted only where special needs and/or circumstances are present such as to render an award in the amount of the guideline figure unjust or inappropriate.\nMcCarty v. Smith, 440 Pa.Super. 280, 284, 655 A.2d 563, 565 (1995) (quoting Ball v. Minnick, 648 A.2d at 1195-96 (1994)).\nRule 1910.16-4 of the Pennsylvania Rules of Civil Procedure provides a list of eight circumstances to which a court may refer when providing its reasons for deviating from the guideline amount:\nRule 1910.16-4. Support Guidelines. Deviation\n(a) If the amount of support deviates from the amount of support determined by the guidelines, the trier of fact shall specify, in writing, the guideline amount of support, and the reasons for, and findings of fact justifying, the amount of the deviation.\n(b) In deciding whether to deviate from the amount of support determined by the guidelines, the trier of fact shall consider\n(1) unusual needs and unusual fixed obligations;\n(2) other support obligations of the parties;\n(3) other income in the household;\n(4) ages of the children;\n(5) assets of the parties;\n(6) medical expenses not covered by insurance;\n(7) standard of living of the parties and their children; and\n(8) other relevant and appropriate factors, including the best interests of the child or children.\nPa.R.C.P., Rule 1910-16.4.\nAs our Supreme Court farther stated in Ball v. Minnick:\nAs we said previously, deviations are governed by Rule 1910.16-4 in support proceedings involving parties whose incomes fall within the guideline figures. Subsection (b) of this Rule sets forth the only factors that a trier of fact may consider in determining whether to deviate. The trier of fact is required to consider all relevant factors and any one factor alone will not necessarily dictate that the amount of support should be other than the guideline figure. Rather, the trier of fact must carefully consider all the relevant factors and make a reasoned decision as to whether the consideration thereof suggests that there are special needs and/or circumstances which render deviation necessary. Furthermore, where the trier of fact does determine that the circumstances warrant a departure from the guideline amount, the justification for any such deviation must be explicitly set forth in writing, giving particular attention to those factors which this Court, in adopting the guidelines, has specifically deemed relevant. See Pa.R.C.P. 1910.16-4(a). General references to the effect that \u201call relevant factors have been considered\u201d is wholly insufficient.\nBall v. Minnick, 648 A.2d at 1196 (emphasis in original) (footnote omitted). See also McGinnis v. McGinnis, 439 Pa.Super. 372, 375-77, 654 A.2d 563, 565 (1995) (presumption that guideline figure is appropriate amount of support is rebutted only where the trier of fact makes written finding or specific finding on record that an award in the amount determined from the guidelines would be unjust or inappropriate); Young v. Muthersbaugh, 415 Pa.Super. 591, 596-98, 609 A.2d 1381, 1384 (1992) (a trial court should deviate from the guidelines only when the obligor can establish unique financial needs).\nGiven the above comments, the trial court\u2019s general statement in the present case that a downward modification is warranted \u201cconsidering [Father\u2019s] new family and personal expenses\u201d provides an insufficient justification for an approximate twenty percent reduction in Father\u2019s support obligation. See Connor v. Connor, 434 Pa.Super. 288, 293-94, 642 A.2d 1136, 1139 (1994) (trial court\u2019s meager explanation did not justify twenty-seven percent reduction of defendant\u2019s obligation); see also McCarty, 655 A.2d at 565 (trial court could not deviate from guideline amount based on current spouse\u2019s net income without testimony or evidence regarding current spouse\u2019s contributions toward joint expenses of wife\u2019s new household).\nMoreover, our own review of the record reveals that there was no evidence presented which would establish any special obligations or circumstances justifying an award lower than the recommended guideline figure. While we recognize that Father appeared at the May 15,1995, Master\u2019s hearing without counsel, he provided little testimony which would support any deviation. Although he testified that he had filed for bankruptcy approximately eighteen months earlier, he provided no testimony as to the effect of this action on his financial needs and the trial court made no specific reference to this fact in its memorandum order modifying the Master\u2019s recommendation. Father only asked the Master to take into consideration the fact that he has a new wife and son to support. While this fact is to be considered by the trial court, we concur with Mother\u2019s assertion that, under Rule 1910.16-5(n), Awards of Child Support When There Are Multiple Families, Father\u2019s total support obligations are less than fifty percent of his net income and would not, therefore, provide a reason for reducing Father\u2019s support obligation for Alycia.\nOrder reversed. The case is remanded for the imposition of an award in the amount of the appropriate guideline figure. Jurisdiction relinquished.\n. Father has not filed an appellate brief.\n. Given the incomes as found by the Master and undisputed on appeal, the guideline amount of support for Alycia is $462 per month. The Master recommended only $450 a month because that was the amount requested by Mother. A plain reading of our Supreme Court\u2019s rationale in Ball v. Minnick, supra, however, leads us to conclude that, unless there is a reason or reasons justifying a deviation, the guideline figure must be awarded.\n. The trial court has not filed a 1925(a) opinion in this appeal.",
        "type": "majority",
        "author": "HUDOCK, Judge:"
      }
    ],
    "attorneys": [
      "Gary Gilman, Washington, for appellant.",
      "Robert N. Clarke, Washington, for appel-lee."
    ],
    "corrections": "",
    "head_matter": "Lorraine ELIAS, Appellant, v. George SPENCER, Appellee.\nSuperior Court of Pennsylvania.\nSubmitted Jan. 24, 1996.\nFiled March 29, 1996.\nGary Gilman, Washington, for appellant.\nRobert N. Clarke, Washington, for appel-lee.\nBefore DEL SOLE, HUDOCK and BROSKY, JJ."
  },
  "file_name": "0982-01",
  "first_page_order": 1048,
  "last_page_order": 1052
}
