{
  "id": 9426275,
  "name": "Terrie PATTERSON, et al., Appellants, v. DISTRICT OF COLUMBIA, et al., Appellees",
  "name_abbreviation": "Patterson v. District of Columbia",
  "decision_date": "2002-04-11",
  "docket_number": "No. 98-CV-1564",
  "first_page": "681",
  "last_page": "684",
  "citations": [
    {
      "type": "official",
      "cite": "795 A.2d 681"
    }
  ],
  "court": {
    "name_abbreviation": "D.C.",
    "id": 11933,
    "name": "District of Columbia Court of Appeals"
  },
  "jurisdiction": {
    "id": 56,
    "name_long": "District of Columbia",
    "name": "D.C."
  },
  "cites_to": [
    {
      "cite": "726 A.2d 675",
      "category": "reporters:state_regional",
      "reporter": "A.2d",
      "case_ids": [
        11591984
      ],
      "opinion_index": 0,
      "case_paths": [
        "/a2d/726/0675-01"
      ]
    },
    {
      "cite": "583 A.2d 191",
      "category": "reporters:state_regional",
      "reporter": "A.2d",
      "case_ids": [
        7372345
      ],
      "weight": 3,
      "pin_cites": [
        {
          "page": "194"
        },
        {
          "page": "194"
        },
        {
          "page": "194"
        }
      ],
      "opinion_index": 0,
      "case_paths": [
        "/a2d/583/0191-01"
      ]
    },
    {
      "cite": "443 A.2d 29",
      "category": "reporters:state_regional",
      "reporter": "A.2d",
      "case_ids": [
        7944031
      ],
      "weight": 2,
      "pin_cites": [
        {
          "page": "33"
        },
        {
          "page": "87",
          "parenthetical": "citations omitted"
        }
      ],
      "opinion_index": 0,
      "case_paths": [
        "/a2d/443/0029-01"
      ]
    },
    {
      "cite": "537 A.2d 1086",
      "category": "reporters:state_regional",
      "reporter": "A.2d",
      "case_ids": [
        12040475
      ],
      "pin_cites": [
        {
          "page": "1093"
        }
      ],
      "opinion_index": 0,
      "case_paths": [
        "/a2d/537/1086-01"
      ]
    },
    {
      "cite": "728 A.2d 86",
      "category": "reporters:state_regional",
      "reporter": "A.2d",
      "case_ids": [
        11617597
      ],
      "weight": 2,
      "pin_cites": [
        {
          "page": "88"
        },
        {
          "page": "88"
        }
      ],
      "opinion_index": 0,
      "case_paths": [
        "/a2d/728/0086-01"
      ]
    },
    {
      "cite": "42 U.S.C. \u00a7 1988",
      "category": "laws:leg_statute",
      "reporter": "U.S.C.",
      "weight": 2,
      "year": 1982,
      "opinion_index": 0
    },
    {
      "cite": "787 F.2d 601",
      "category": "reporters:federal",
      "reporter": "F.2d",
      "case_ids": [
        3607361,
        1560737
      ],
      "opinion_index": 0,
      "case_paths": [
        "/us-app-dc/252/0045-01",
        "/f2d/787/0601-01"
      ]
    },
    {
      "cite": "252 U.S.App. D.C. 45",
      "category": "reporters:state",
      "reporter": "U.S. App. D.C.",
      "case_ids": [
        3607361
      ],
      "opinion_index": 0,
      "case_paths": [
        "/us-app-dc/252/0045-01"
      ]
    },
    {
      "cite": "136 L.Ed.2d 612",
      "category": "reporters:federal",
      "reporter": "L. Ed. 2d",
      "weight": 3,
      "year": 1997,
      "pin_cites": [
        {
          "parenthetical": "with Chief Judge Wagner dissenting"
        }
      ],
      "opinion_index": 0
    },
    {
      "cite": "117 S.Ct. 688",
      "category": "reporters:federal",
      "reporter": "S. Ct.",
      "year": 1997,
      "pin_cites": [
        {
          "parenthetical": "with Chief Judge Wagner dissenting"
        }
      ],
      "opinion_index": 0
    },
    {
      "cite": "519 U.S. 1058",
      "category": "reporters:federal",
      "reporter": "U.S.",
      "case_ids": [
        11731778,
        11731906,
        11732162,
        11731624,
        11731498,
        11732042,
        11732108,
        11731725,
        11731979,
        11731668,
        11731541,
        11731447,
        11731834
      ],
      "year": 1997,
      "pin_cites": [
        {
          "parenthetical": "with Chief Judge Wagner dissenting"
        }
      ],
      "opinion_index": 0,
      "case_paths": [
        "/us/519/1058-07",
        "/us/519/1058-09",
        "/us/519/1058-13",
        "/us/519/1058-04",
        "/us/519/1058-02",
        "/us/519/1058-11",
        "/us/519/1058-12",
        "/us/519/1058-06",
        "/us/519/1058-10",
        "/us/519/1058-05",
        "/us/519/1058-03",
        "/us/519/1058-01",
        "/us/519/1058-08"
      ]
    },
    {
      "cite": "667 A.2d 1338",
      "category": "reporters:state_regional",
      "reporter": "A.2d",
      "case_ids": [
        7876695
      ],
      "pin_cites": [
        {
          "page": "1346-47"
        }
      ],
      "opinion_index": 0,
      "case_paths": [
        "/a2d/667/1338-01"
      ]
    },
    {
      "cite": "42 U.S.C. \u00a7 1983",
      "category": "laws:leg_statute",
      "reporter": "U.S.C.",
      "opinion_index": 0
    }
  ],
  "analysis": {
    "cardinality": 506,
    "char_count": 9489,
    "ocr_confidence": 0.686,
    "pagerank": {
      "raw": 2.0022352227291422e-07,
      "percentile": 0.7431043277040477
    },
    "sha256": "aac1ba33f2107ef174c97c8c4ff5b131eecf176495b0bfac572614a8725b684f",
    "simhash": "1:0a6684421b1185fe",
    "word_count": 1513
  },
  "last_updated": "2024-02-27T20:54:19.083056+00:00",
  "provenance": {
    "date_added": "2019-08-29",
    "source": "Harvard",
    "batch": "2018"
  },
  "casebody": {
    "judges": [
      "Before WAGNER, Chief Judge, and SCHWELB and WASHINGTON, Associate Judges."
    ],
    "parties": [
      "Terrie PATTERSON, et al., Appellants, v. DISTRICT OF COLUMBIA, et al., Appellees."
    ],
    "opinions": [
      {
        "text": "WASHINGTON, Associate Judge:\nThe principal issue on appeal is whether the trial court erred in holding that the parties, in settling the claims of four plaintiffs, in an action brought under 42 U.S.C. \u00a7 1983, also intended to settle claims for counsel fees arising out of the litigation. The trial court concluded that counsel fees were covered by the broad releases executed by the plaintiffs in settling their individual cases and denied their request for fees. We reverse and remand.\nI.\nThis matter was originally before us after the trial court ruled that the plaintiffs prevailed on one of their several legal challenges to the constitutionality of the District of Columbia\u2019s civil forfeiture procedures under both the Fourth and Fifth Amendments and awarded them some but not all of the counsel fees they requested.\nII.\nBoth parties appealed, the District arguing that the plaintiffs were not entitled to any counsel fees because they were not prevailing parties, and the plaintiffs arguing that the trial court erred in not awarding them a reasonable counsel fee. We held in District of Columbia v. Patterson, 667 A.2d 1338, 1346-47 (D.C.1995), cert. denied, 519 U.S. 1058, 117 S.Ct. 688, 136 L.Ed.2d 612 (1997) (with Chief Judge Wagner dissenting), that the plaintiffs were not prevailing parties with respect to their Fourth Amendment claim, thereby vacating an award of counsel fees for this claim. We concluded, however, that a remand was necessary \u201cfor further consideration of the possibility that plaintiffs could establish such status with respect to certain other of their constitutional claims,\u201d which they settled. Id. We declined to address the District\u2019s argument that the plaintiffs had waived counsel fees by failing to explicitly reserve the issue of counsel fees in the releases signed by their clients because it was raised for the first time on appeal. Id. at 1348 n. 20. On remand, the trial court found that with respect to the settled claims, the plaintiffs likely were prevailing parties, but denied their motion for counsel fees relying on the rationale of the D.C. Circuit Court in Elmore v. Shuler, 252 U.S.App. D.C. 45, 787 F.2d 601. In that case, the court, in construing the almost identical language in dispute here, held that the broad language of the release included counsel fees. A timely Notice of Appeal was filed.\nIn Elmore, the court took a very narrow approach to deciding whether the language of the broad releases utilized by the parties included counsel fees. The court noted that the statute invoked by the plaintiff in support of their request for counsel fees, 42 U.S.C. \u00a7 1988 (1982), provides for a \u201creasonable counsel fee as part of costs.\u201d The court then looked to the language of the release which covered any and all further claims against the District for damages, costs and expenses and concluded that the fee claim could have been reserved, if that was the parties\u2019 understanding, but because the plaintiffs failed to explicitly reserve the issue of counsel fees, those fees were covered by the \u201ccosts\u201d provision in the releases they executed.\nWhile the District asks us to accept the interpretation given by the Court in Elmore to the contract language at issue here, under the \u201cobjective law\u201d of contract interpretation followed by this court, the written language of a contract governs the parties\u2019 rights unless it is not susceptible of clear meaning. Adler v. Abramson, 728 A.2d 86, 88 (D.C.1999). We decline to apply the D.C. Circuit\u2019s interpretation of language (in a case where there had been no discussion regarding counsel fees prior to the execution of the releases) to defeat the intent of the parties in this case, where there was substantial prior discussion of the issue. Fundamentally, when interpreting a contract, the court should look to the intent of the parties entering into the agreement. Dodek v. CF 16 Corp., 537 A.2d 1086, 1093 (D.C.1988) (citations omitted) (internal quotation marks omitted). However, in deciding whether the contract language is susceptible of clear meaning, we look to the contract language itself, and ask ourselves generally \u201cwhat a reasonable person in the position of the parties would have thought the disputed language meant.\u201d Adler, 728 A.2d at 88, (quoting Intercounty Constr. Co. v. District of Columbia, 443 A.2d 29, 33 (D.C.1982)). Using this approach, the objective reasonable person assessing the contract\u2019s language \u201cis presumed to know all the circumstances before and contemporaneous with the making of the agreement,\u201d Id., at 87 (citations omitted), and extrinsic evidence is admissible to determine the nature of those circumstances. See Christacos v. Blackie\u2019s House of Beef, Inc., 583 A.2d 191, 194 (D.C.1990).\nThis reasonableness determination involving an evaluation of the surrounding circumstances is to be applied whether the contract\u2019s language appears ambiguous or not. Fairfax Vill. Condo. VIII Unit Owners\u2019 Ass\u2019n v. Fairfax Vill. Cmty. Ass\u2019n, Inc., 726 A.2d 675, 677 n. 4 (D.C.1999); see also, e.g., Christacos, 583 A.2d at 194 (\u201calthough extrinsic evidence of the parties\u2019 subjective intent may be resorted to only if the document is ambiguous, extrinsic evidence may be considered to determine the circumstances surrounding the making of the contract so that it may be ascertained what a reasonable person in the position of the parties would have thought the words meant\u201d) (citations omitted).\nApplying these principles to the facts of this case leads us to conclude that the release agreement executed in this case was not intended to preclude a subsequent counsel fee award under 42 U.S.C. \u00a7 1988 (1982). Whether the release\u2019s use of the term \u201ccosts\u201d in the indemnification clause includes counsel fees is the main question here. In determining \u201cwhat a reasonable person in the position of the parties\u201d would think this language meant, the specific circumstances surrounding the contract formation should be considered. Christacos, 583 A.2d at 194.\nIn this case, the evidence is overwhelming that the parties did not intend the settlement of the underlying individual claims to include counsel fees. Unlike in Elmore where the parties never discussed counsel fees prior to execution of the settlement agreements, Ms. Grantland, the plaintiffs\u2019 attorney here listed counsel fees for all of her clients as a separate lump sum settlement item distinct from her clients\u2019 individual demands for settlement. In addition, the Assistant Corporation Counsel (ACC) representing the District treated the issue of counsel fees as separate from the settlement of the individual claims. The record indicates that the ACC acknowledged the requested fee request but refused to settle the fee claim along with the individual plaintiffs\u2019 claims in order to preserve the District\u2019s right to appeal the original order in this case that found the plaintiffs were prevailing parties and entitled to counsel fees. The most telling evidence of the parties\u2019 intent that counsel fees were not to be considered as part of the settlement agreements, however, is the fact that although the parties reached an oral settlement on the individual plaintiffs\u2019 claims and filed a praecipe to that effect on May 22,1992, and on August 7, 1992, plaintiffs\u2019 counsel filed a petition for counsel fees that was opposed by the District on the merits. Moreover, the actual releases were not signed until September 22, 1992, and yet the litigation on the merits of plaintiffs\u2019 counsel fees claim continued into the Spring of 1993. At no time while the counsel fees litigation was ongoing between September 1992 and May 17, 1993 did the District argue that plaintiffs had waived their claim to counsel fees when they executed the releases and settled their individual claims. Throughout this period, the District opposed the petition for counsel fees on the grounds \u201cthat none of the plaintiffs were prevailing parties,\u201d or, alternatively, that counsel\u2019s records were inadequate to support the amount of fees requested. It was not until the trial court\u2019s counsel fees order was on appeal that the District claimed that plaintiff waived their right to counsel fees when they settled their individual cases.\nBased on these facts, a reasonable person in the position of the parties, knowing all of the circumstances before and contemporaneous with the settlement of the individual claims, and after settlement of those claims, would not have thought that the boilerplate release language that included the word \u201ccosts\u201d also covered counsel fees.\nTherefore, we reverse the trial court\u2019s order denying plaintiff counsel\u2019s petition for counsel fees. We remand the case so that the trial court can more fully explain its finding that the plaintiffs \u201clikely\u201d were prevailing parties and to decide the amount of counsel fees, if any, to which plaintiffs\u2019 counsel may be lawfully entitled.\nSo ordered.\n. D.C.Code \u00a7 48-905.02 (2001).",
        "type": "majority",
        "author": "WASHINGTON, Associate Judge:"
      }
    ],
    "attorneys": [
      "Brenda G. Grantland, Mill Valley, CA, with whom Landon G. Dowdey, Washington, DC, was on the brief, for appellants.",
      "James C. McKay, Jr., Assistant Corporation Counsel, with whom Jo Anne Robinson, Interim Corporation Counsel, and Charles L. Reischel, Deputy Corporation Counsel, were on the brief, for appellees."
    ],
    "corrections": "",
    "head_matter": "Terrie PATTERSON, et al., Appellants, v. DISTRICT OF COLUMBIA, et al., Appellees.\nNo. 98-CV-1564.\nDistrict of Columbia Court of Appeals.\nArgued June 9, 2000.\nDecided April 11, 2002.\nBrenda G. Grantland, Mill Valley, CA, with whom Landon G. Dowdey, Washington, DC, was on the brief, for appellants.\nJames C. McKay, Jr., Assistant Corporation Counsel, with whom Jo Anne Robinson, Interim Corporation Counsel, and Charles L. Reischel, Deputy Corporation Counsel, were on the brief, for appellees.\nBefore WAGNER, Chief Judge, and SCHWELB and WASHINGTON, Associate Judges."
  },
  "file_name": "0681-01",
  "first_page_order": 721,
  "last_page_order": 724
}
