{
  "id": 9021097,
  "name": "George JONES, Appellant, v. Jeffery BEARD, Secretary of the Department of Corrections, Appellee",
  "name_abbreviation": "Jones v. Beard",
  "decision_date": "2005-02-23",
  "docket_number": "",
  "first_page": "482",
  "last_page": "482",
  "citations": [
    {
      "type": "official",
      "cite": "869 A.2d 482"
    }
  ],
  "court": {
    "name_abbreviation": "Pa.",
    "id": 8832,
    "name": "Supreme Court of Pennsylvania"
  },
  "jurisdiction": {
    "id": 6,
    "name_long": "Pennsylvania",
    "name": "Pa."
  },
  "cites_to": [],
  "analysis": {
    "cardinality": 33,
    "char_count": 270,
    "ocr_confidence": 0.682,
    "sha256": "79e6e3d3c28015a52b5534664b36307bd4fb903cca6725ef723bb2b1fc663a45",
    "simhash": "1:44b75d3693df7f51",
    "word_count": 41
  },
  "last_updated": "2023-07-14T18:36:41.950360+00:00",
  "provenance": {
    "date_added": "2019-08-29",
    "source": "Harvard",
    "batch": "2018"
  },
  "casebody": {
    "judges": [],
    "parties": [
      "George JONES, Appellant, v. Jeffery BEARD, Secretary of the Department of Corrections, Appellee."
    ],
    "opinions": [
      {
        "text": "ORDER\nPER CURIAM.\nAND NOW, this 23rd day of February, 2005, probable jurisdiction is noted and the order appealed is affirmed.",
        "type": "majority",
        "author": "PER CURIAM."
      }
    ],
    "attorneys": [],
    "corrections": "",
    "head_matter": "George JONES, Appellant, v. Jeffery BEARD, Secretary of the Department of Corrections, Appellee.\nSupreme Court of Pennsylvania.\nFeb. 23, 2005."
  },
  "file_name": "0482-01",
  "first_page_order": 526,
  "last_page_order": 526
}
