{
  "id": 7296088,
  "name": "COMMONWEALTH of Pennsylvania, Respondent v. Robert COOK, Petitioner",
  "name_abbreviation": "Commonwealth v. Cook",
  "decision_date": "2009-05-21",
  "docket_number": "No. 38 EM 2009",
  "first_page": "487",
  "last_page": "487",
  "citations": [
    {
      "type": "official",
      "cite": "972 A.2d 487"
    }
  ],
  "court": {
    "name_abbreviation": "Pa.",
    "id": 8832,
    "name": "Supreme Court of Pennsylvania"
  },
  "jurisdiction": {
    "id": 6,
    "name_long": "Pennsylvania",
    "name": "Pa."
  },
  "cites_to": [],
  "analysis": {
    "cardinality": 43,
    "char_count": 368,
    "ocr_confidence": 0.665,
    "pagerank": {
      "raw": 2.1995933875888662e-07,
      "percentile": 0.7661620265855887
    },
    "sha256": "fdc7883c43520b999ab07c3ddf4932de6f644a21861c2ece51e49e23ec0a666a",
    "simhash": "1:d8ae4a27b3c2a13f",
    "word_count": 63
  },
  "last_updated": "2023-07-14T15:48:22.024983+00:00",
  "provenance": {
    "date_added": "2019-08-29",
    "source": "Harvard",
    "batch": "2018"
  },
  "casebody": {
    "judges": [],
    "parties": [
      "COMMONWEALTH of Pennsylvania, Respondent v. Robert COOK, Petitioner."
    ],
    "opinions": [
      {
        "text": "ORDER\nPER CURIAM.\nAND NOW, this 21st day of May, 2009, the Petition for Leave to File Petition for Allowance of Appeal Nunc Pro Tunc is GRANTED. Counsel is directed to file a Petition for Allowance of Appeal within 30 days of this order.",
        "type": "majority",
        "author": "PER CURIAM."
      }
    ],
    "attorneys": [],
    "corrections": "",
    "head_matter": "COMMONWEALTH of Pennsylvania, Respondent v. Robert COOK, Petitioner.\nNo. 38 EM 2009.\nSupreme Court of Pennsylvania.\nMay 21, 2009."
  },
  "file_name": "0487-01",
  "first_page_order": 531,
  "last_page_order": 531
}
