{
  "id": 11320364,
  "name": "Steven M. TAKES and Catherine C. Takes, His Wife, Petitioners, v. METROPOLITAN EDISON COMPANY, a Corporation, v. Steven M. TAKES d/b/a El Greco Painting Company, Respondent",
  "name_abbreviation": "Takes v. Metropolitan Edison Co.",
  "decision_date": "1996-07-15",
  "docket_number": "",
  "first_page": "225",
  "last_page": "226",
  "citations": [
    {
      "type": "official",
      "cite": "679 A.2d 225"
    }
  ],
  "court": {
    "name_abbreviation": "Pa.",
    "id": 8832,
    "name": "Supreme Court of Pennsylvania"
  },
  "jurisdiction": {
    "id": 6,
    "name_long": "Pennsylvania",
    "name": "Pa."
  },
  "cites_to": [],
  "analysis": {
    "cardinality": 60,
    "char_count": 502,
    "ocr_confidence": 0.677,
    "pagerank": {
      "raw": 2.1995933875888662e-07,
      "percentile": 0.7605824859600294
    },
    "sha256": "256b40d10bb77ec95f0f2c2816dc923150fdbf305c438c71e5de9c5e2af7deb7",
    "simhash": "1:7d3fcb0dd1a74ce6",
    "word_count": 79
  },
  "last_updated": "2023-07-14T15:02:52.801684+00:00",
  "provenance": {
    "date_added": "2019-08-29",
    "source": "Harvard",
    "batch": "2018"
  },
  "casebody": {
    "judges": [],
    "parties": [
      "Steven M. TAKES and Catherine C. Takes, His Wife, Petitioners, v. METROPOLITAN EDISON COMPANY, a Corporation, v. Steven M. TAKES d/b/a El Greco Painting Company, Respondent."
    ],
    "opinions": [
      {
        "text": "ORDER\nPER CURIAM:\nAND NOW, this 15th day of July, 1996, the Petition for Allowance of Appeal is hereby GRANTED, BUT LIMITED to the following:\nWhether the Superior Court erred in affirming the trial court finding that Respondent timely objected to the flawed punitive damage charge?",
        "type": "majority",
        "author": "PER CURIAM:"
      }
    ],
    "attorneys": [],
    "corrections": "",
    "head_matter": "Steven M. TAKES and Catherine C. Takes, His Wife, Petitioners, v. METROPOLITAN EDISON COMPANY, a Corporation, v. Steven M. TAKES d/b/a El Greco Painting Company, Respondent.\nSupreme Court of Pennsylvania.\nJuly 15, 1996."
  },
  "file_name": "0225-01",
  "first_page_order": 307,
  "last_page_order": 308
}
