{
  "id": 11324800,
  "name": "Frank E. ACIERNO, Defendant Below, Appellant, v. NEW CASTLE COUNTY, Plaintiff Below, Appellee",
  "name_abbreviation": "Acierno v. New Castle County",
  "decision_date": "1996-07-25",
  "docket_number": "No. 458, 1995",
  "first_page": "455",
  "last_page": "460",
  "citations": [
    {
      "type": "official",
      "cite": "679 A.2d 455"
    }
  ],
  "court": {
    "name_abbreviation": "Del.",
    "id": 9322,
    "name": "Delaware Supreme Court"
  },
  "jurisdiction": {
    "id": 8,
    "name_long": "Delaware",
    "name": "Del."
  },
  "cites_to": [
    {
      "cite": "973 F.2d 1089",
      "category": "reporters:federal",
      "reporter": "F.2d",
      "case_ids": [
        10518680,
        6520610
      ],
      "year": 1992,
      "pin_cites": [
        {
          "page": "1097"
        }
      ],
      "opinion_index": 0,
      "case_paths": [
        "/f2d/973/1089-01",
        "/br/144/1089-01"
      ]
    },
    {
      "cite": "238 A.2d 343",
      "category": "reporters:state_regional",
      "reporter": "A.2d",
      "case_ids": [
        8073498
      ],
      "year": 1968,
      "pin_cites": [
        {
          "page": "346"
        }
      ],
      "opinion_index": 0,
      "case_paths": [
        "/a2d/238/0343-01"
      ]
    },
    {
      "cite": "584 A.2d 1214",
      "category": "reporters:state_regional",
      "reporter": "A.2d",
      "case_ids": [
        7393769
      ],
      "year": 1991,
      "pin_cites": [
        {
          "page": "1216",
          "parenthetical": "quoting Tyndall v. Tyndall, Del.Supr., 238 A.2d 343, 346 (1968)"
        }
      ],
      "opinion_index": 0,
      "case_paths": [
        "/a2d/584/1214-01"
      ]
    },
    {
      "cite": "126 L.Ed.2d 252",
      "category": "reporters:federal",
      "reporter": "L. Ed. 2d",
      "year": 1993,
      "opinion_index": 0
    },
    {
      "cite": "114 S.Ct. 304",
      "category": "reporters:federal",
      "reporter": "S. Ct.",
      "year": 1993,
      "opinion_index": 0
    },
    {
      "cite": "510 U.S. 914",
      "category": "reporters:federal",
      "reporter": "U.S.",
      "case_ids": [
        231044,
        230505,
        232062,
        233323,
        230062,
        231825,
        231250,
        231509,
        230774,
        232567,
        231738,
        229854,
        232351
      ],
      "year": 1993,
      "opinion_index": 0,
      "case_paths": [
        "/us/510/0914-04",
        "/us/510/0914-05",
        "/us/510/0914-02",
        "/us/510/0914-07",
        "/us/510/0914-03",
        "/us/510/0914-06",
        "/us/510/0914-12",
        "/us/510/0914-09",
        "/us/510/0914-10",
        "/us/510/0914-13",
        "/us/510/0914-11",
        "/us/510/0914-01",
        "/us/510/0914-08"
      ]
    },
    {
      "cite": "983 F.2d 1285",
      "category": "reporters:federal",
      "reporter": "F.2d",
      "case_ids": [
        11648936
      ],
      "pin_cites": [
        {
          "page": "1291"
        }
      ],
      "opinion_index": 0,
      "case_paths": [
        "/f2d/983/1285-01"
      ]
    },
    {
      "cite": "1995 WL 704976",
      "category": "reporters:specialty_west",
      "reporter": "WL",
      "weight": 2,
      "year": 1995,
      "opinion_index": 0
    },
    {
      "cite": "620 A.2d 858",
      "category": "reporters:state_regional",
      "reporter": "A.2d",
      "year": 1993,
      "opinion_index": 0
    },
    {
      "cite": "1992 WL 113455",
      "category": "reporters:specialty_west",
      "reporter": "WL",
      "year": 1992,
      "opinion_index": 0
    },
    {
      "cite": "1995 WL 694385",
      "category": "reporters:specialty_west",
      "reporter": "WL",
      "year": 1995,
      "pin_cites": [
        {
          "page": "*2"
        }
      ],
      "opinion_index": 0
    },
    {
      "cite": "669 A.2d 104",
      "category": "reporters:state_regional",
      "reporter": "A.2d",
      "case_ids": [
        11309136
      ],
      "weight": 2,
      "year": 1995,
      "pin_cites": [
        {
          "page": "107"
        }
      ],
      "opinion_index": 0,
      "case_paths": [
        "/a2d/669/0104-01"
      ]
    },
    {
      "cite": "263 A.2d 281",
      "category": "reporters:state_regional",
      "reporter": "A.2d",
      "case_ids": [
        8080546
      ],
      "year": 1970,
      "pin_cites": [
        {
          "page": "283"
        }
      ],
      "opinion_index": 0,
      "case_paths": [
        "/a2d/263/0281-01"
      ]
    },
    {
      "cite": "198 A.2d, 681",
      "category": "reporters:state_regional",
      "reporter": "A.2d",
      "year": 1964,
      "pin_cites": [
        {
          "page": "684"
        }
      ],
      "opinion_index": 0
    },
    {
      "cite": "40 F.3d 645",
      "category": "reporters:federal",
      "reporter": "F.3d",
      "case_ids": [
        10525411
      ],
      "weight": 2,
      "year": 1994,
      "opinion_index": 0,
      "case_paths": [
        "/f3d/40/0645-01"
      ]
    },
    {
      "cite": "1994 WL 720273",
      "category": "reporters:specialty_west",
      "reporter": "WL",
      "year": 1994,
      "opinion_index": 0
    },
    {
      "cite": "6 F.3d 970",
      "category": "reporters:federal",
      "reporter": "F.3d",
      "case_ids": [
        10513689
      ],
      "weight": 2,
      "year": 1993,
      "opinion_index": 0,
      "case_paths": [
        "/f3d/6/0970-01"
      ]
    },
    {
      "cite": "1992 WL 694590",
      "category": "reporters:specialty_west",
      "reporter": "WL",
      "year": 1992,
      "opinion_index": 0
    },
    {
      "cite": "337 A.2d 309",
      "category": "reporters:state_regional",
      "reporter": "A.2d",
      "case_ids": [
        8052015
      ],
      "year": 1975,
      "opinion_index": 0,
      "case_paths": [
        "/a2d/337/0309-01"
      ]
    },
    {
      "cite": "311 A.2d 512",
      "category": "reporters:state_regional",
      "reporter": "A.2d",
      "case_ids": [
        8031604,
        8031559
      ],
      "year": 1973,
      "opinion_index": 0,
      "case_paths": [
        "/a2d/311/0512-02",
        "/a2d/311/0512-01"
      ]
    },
    {
      "cite": "313 A.2d 904",
      "category": "reporters:state_regional",
      "reporter": "A.2d",
      "case_ids": [
        8035883
      ],
      "year": 1973,
      "opinion_index": 0,
      "case_paths": [
        "/a2d/313/0904-01"
      ]
    }
  ],
  "analysis": {
    "cardinality": 735,
    "char_count": 14839,
    "ocr_confidence": 0.666,
    "pagerank": {
      "raw": 2.2448469160765247e-07,
      "percentile": 0.7805414524167239
    },
    "sha256": "040e75f2469df2c7b798acb2dd4f749614ae9bc0a48f9941ad536e280c4768d9",
    "simhash": "1:ff36d29a4e48d669",
    "word_count": 2406
  },
  "last_updated": "2024-02-27T18:44:17.532134+00:00",
  "provenance": {
    "date_added": "2019-08-29",
    "source": "Harvard",
    "batch": "2018"
  },
  "casebody": {
    "judges": [
      "Before VEASEY, C.J., HARTNETT and BERGER, JJ."
    ],
    "parties": [
      "Frank E. ACIERNO, Defendant Below, Appellant, v. NEW CASTLE COUNTY, Plaintiff Below, Appellee."
    ],
    "opinions": [
      {
        "text": "BERGER, Justice:\nThis appeal concerns one phase of the lengthy dispute between Frank Aeierno (\u201cAeierno\u201d) and New Castle County (the \u201cCounty\u201d) over Acierno\u2019s efforts to develop a 40 acre parcel of land located near the intersection of Interstate Highway 95 and Route 273, in New Castle County (the \u201c273 property\u201d). In 1993, after Aeierno was denied a building permit, he filed an injunctive action in the United States District Court for the District of Delaware, claiming violations of his constitutional rights. At the same time, the County filed an action in the Court of Chancery, seeking a declaratory judgment that Aeierno was not entitled to proceed with his commercial development plans. Aeierno moved to stay or dismiss the state action, and the County moved for summary judgment. The Court of Chancery denied Aeier-no\u2019s motion to stay or dismiss and granted the County\u2019s motion for summary judgment.\nAeierno appeals both rulings. We hold that the trial court acted within its discretion in refusing to stay or dismiss the state action in favor of the federal action. We also hold that the trial court was correct in ruling that the decision denying Acierno\u2019s building permit became final when Acierno failed to appeal to the Superior Court.\nI. FACTUAL BACKGROUND\nThe history of Acierno\u2019s struggle to obtain County approval of his commercial development plans has been described in some detail in several decisions of the state and federal courts. See, e.g. Acierno v. Folsom, Del.Ch., 313 A.2d 904, aff'd., Del.Supr., 311 A.2d 512 (1973); Acierno v. Folsom, Del.Supr., 337 A.2d 309 (1975); Acierno v. Mitchell, D.Del., C.A. No. 92-384-SLR, Robinson, J., 1992 WL 694590 (Dec. 30, 1992), rev\u2019d., 3d Cir., 6 F.3d 970 (1993); Acierno v. New Castle County, D.Del., C.A. No. 93-579-SLR, Robinson, J., 1994 WL 720273 (Feb. 11, 1994), rev\u2019d., 3d Cir., 40 F.3d 645 (1994). We summarize here only those facts necessary to an understanding of the issues presented to this Court.\nIn 1971, the 273 property consisted of two tracts. Acierno held a long-term lease on the larger tract (approximately 38 acres), which was zoned M-l (manufacturing), and he owned the smaller tract, which was zoned C-2 (commercial). In May 1971, Acierno filed an exploratory sketch plan for the construction of a shopping center on the 273 property. At that time, commercial uses were permitted in both M-l and C-2 zoning classifications. In November 1971, Acierno\u2019s preliminary tentative plan for the shopping center was approved by the County Planning Board. However, the County thereafter amended the zoning code to delete commercial uses as permitted uses in an M-l zone. As a result, when Acierno submitted his final plan early in 1972, it was rejected by the County Planning Department and, ultimately, by the County Council. Acierno spent the next three years litigating in the state courts and, after a favorable ruling from this Court in March 1975, the County approved Aeier-no\u2019s plan for a shopping mall on the 273 property.\nThe record does not reflect any activity relating to the 273 property for the next ten years. In the mid-1980s, Acierno purchased the 38 acre parcel that he had been leasing. In 1987, he submitted a record resubdivision plan for the 273 property to the County Planning Department. After some revisions, the plan was approved in 1989. In December 1991, Acierno applied for a building permit to construct a retail store on the 273 property. The original application called for a larger structure than had been approved in the resubdivision plan, and Acierno submitted a revised application in May 1992. That application was denied in June 1992 because, although the structure size now was in compliance with the recorded plan, the proposed commercial use was not permitted in an M-l zone.\nAcierno filed suit in the United States District Court for the District of Delaware on July 1, 1992. He alleged, among other things, that the County\u2019s denial of a building permit violated his constitutional rights to procedural and substantive due process and equal protection of the laws. The District Court entered a preliminary injunction ordering the County to issue a building permit. However, the federal appellate court vacated that order, finding that Aciemo\u2019s claim was premature, as he had not appealed to the County Board of Adjustment before filing suit. See Acierno v. Mitchell, 3d Cir., 6 F.3d 970 (1993).\nThe first federal action was dismissed without prejudice and Acierno filed his appeal with the Board of Adjustment, as instructed. On December 16, 1993, the Board of Adjustment orally affirmed the decision of the Department of Public Works denying the building permit. The next morning, the County filed the Court of Chancery declaratory judgment action that is the subject of this appeal. A few minutes later, Acierno filed his second federal action, again seeking injunctive relief for alleged constitutional violations.\nIn January 1994, Acierno filed a motion to dismiss or stay the state action and the County filed a motion for summary judgment. While those motions were being briefed and considered by the Court of Chancery, the federal action was proceeding. The District Court entered a second preliminary injunction, ordering the County to issue Acierno a building permit. The federal appellate court again vacated the order, this time on the ground that Acierno failed to establish immediate irreparable harm. See Acierno v. New Castle County, 3d Cir., 40 F.3d 645 (1994).\nThe parties had taken discovery and filed cross-motions for summary judgment in the federal action before the Court of Chancery ruled on the two motions pending there. In October 1995, the Court of Chancery acted on the first motion, denying Acierno\u2019s motion to dismiss or stay. In November 1995, the federal court granted, in part, the parties\u2019 cross-motions for summary judgment. A few days later, after being advised of the federal court\u2019s decision, the Court of Chancery granted the County\u2019s motion for summary judgment, without referring to the federal court\u2019s most recent decision.\nII. ACIERNO\u2019S MOTION TO DISMISS OR STAY\nThe law governing a trial court\u2019s discretion to grant a motion to dismiss or stay in favor of litigation pending in another forum is well settled. The court should consider:\n(1) The relative ease of access to proof; (2) the availability of compulsory processes for witnesses; (3) the possibility of the view of the premises, if appropriate, and (4) all other practical problems that would make the trial of the case easy, expeditious and inexpensive.\nWe add a further factor \u2014 whether or not the controversy is dependent upon the application of Delaware law which the courts of this State more properly should decide than those of another jurisdiction.\nGeneral Foods Corp. v. Cryo-Maid, Inc., Del.Supr., 198 A.2d, 681, 684 (1964). The trial court\u2019s discretion \u201cshould be exercised freely in favor of the stay when there is a prior action pending elsewhere, in a court capable of doing prompt and complete justice, involving the same parties and the same issues ...\u201d McWane Cast Iron Pipe Corp. v. McDowell-Wellman Engineering Co., Del.Supr., 263 A.2d 281, 283 (1970). By contrast, where the Delaware action is the first filed, a motion to stay or dismiss should be granted only in a rare case, after defendant has established that litigating in Delaware will cause undue hardship and inconvenience. Chrysler First Business Corp. v. 1500 Locust Ltd. Partnership, Del.Supr., 669 A.2d 104, 107 (1995).\nAcierno argues that the trial court erred in giving the County\u2019s declaratory judgment action first-filed status. The federal action was filed only minutes after the County\u2019s state action and Acierno argues that the County should not be allowed to benefit from its \u201crace-to-the-courthouse\u201d tactics. If the County\u2019s action is not a accorded first-filed status, Acierno argues that a stay is mandated because: (i) the parties to the two actions are the same; (ii) the issue raised in the state action is being litigated in the federal action; (iii) the federal court is capable of providing prompt and complete relief; and (iv) a stay would avoid wasteful duplication of limited judicial resources.\nWe find that the Court of Chancery properly considered the relevant factors in exercising its discretion to deny the stay. The trial court did not give any weight to the fact that the County\u2019s action technically was the first filed. Acierno was not required to prove hardship and inconvenience and the trial court gave no deference to the County\u2019s choice of forum. Rather, the Court of Chancery focused on the fact that the denial of a braiding permit is a distinctly local government issue. Given the narrow, state law issue presented, the trial court concluded that it would not be more convenient to litigate in the federal forum. The court also determined that it could provide prompt and full relief and that denial of the stay would not result in duplicative litigation because resolution of the state law issues in the state court would eliminate the need for those issues to be considered by the federal courts.\nThe Court of Chancery\u2019s analysis properly considered those factors that would make disposition of the case \u201ceasy, expeditious and inexpensive\u201d as well as the applicability of Delaware law. Its conclusions were sound, and its discretionary ruling will not be disturbed.\nIII. THE COUNTY\u2019S MOTION FOR SUMMARY JUDGMENT\nThe one issue presented by the County\u2019s motion for summary judgment was the legal effect of Acierno\u2019s failure to appeal from an adverse decision by the County Board of Adjustment. Pursuant to 9 Del.C. \u00a7 1353(a), \u201c[a]ny person aggrieved by any decision of the Board of Adjustment ... may present to the Superior Court a petition duly verified alleging that such decision is illegal in whole or in part, and specifying the grounds of illegality.\u201d This statutory right of appeal must be exercised within 30 days after the filing of the Board of Adjustment\u2019 decision. Id. Acierno chose not to appeal, and the Court of Chancery ruled that, \u201cDelaware law precludes Acierno from challenging the finality of the Board of Adjustment\u2019s decision in the State court system.\u201d New Castle County v. Acierno, Del.Ch., C.A. No. 13302-NC, slip op. at 3, Steele, V.C., 1995 WL 694385 *2 (November 9, 1995). That holding is a correct statement of the law. See Wiggin v. Mummert, Del.Ch., C.A. No. 8556, Hartnett, V.C., 1992 WL 113455 (May 26, 1992), aff'd., Del.Supr., 620 A.2d 858 (1993).\nThe parties do not seriously question the validity of this limited holding. Rather, they focus their arguments on the preclusive effect, if any, of the District Court\u2019s arguably contrary holding. A few days before the Court of Chancery issued its opinion granting summary judgment to the County, the District Court issued an opinion granting, in part, the parties\u2019 cross-motions for summary judgment. Acierno v. New Castle County, D.Del., C.A.No. 93-579-385-SLR, Robinson, J., 1995 WL 704976 (November 1, 1995). In its opinion, the District Court stated:\nThe court once again rejects the notion that the Board of Adjustment\u2019s January 14, 1994 decision is binding in all respects on this court_ The court likewise rejects the notion that the Board is the \u2018final decisionmaker in the permitting process\u2019 for purposes of plaintiff\u2019s constitutional claims. The requirement is that local authorities be given the opportunity to \u2018define the application of the zoning ordinance and define[ ] the harm to the owner.\u2019 Taylor Inv., Ltd. v. Upper Darby TP., 983 F.2d 1285, 1291 (3d Cir.), cert. denied, [510 U.S. 914,] 114 S.Ct. 304 [126 L.Ed.2d 252] (1993). There is no indication in the Third Circuit\u2019s decisions regarding the \u2018finality rule\u2019 that the slate is wiped clean and the federal court is precluded from reviewing the totality of the circumstances underlying the allegations of constitutional violations. Id. at 1292-93.\nId., slip op. at 1-2, n. 1,1995 WL 704976 *23 n. 1.\nAcierno argues that the District Court\u2019s conclusions about the effect of the Board of Adjustment decision should have been adopted by the Court of Chancery under the doctrine of collateral estoppel. That doctrine, also known as issue preclusion, provides that, \u201cwhere a question of fact essential to the judgment is litigated and determined by a valid and final judgment, the determination is conclusive between the same parties in a subsequent case on a different cause of action.\u201d Columbia Casualty Co. v. Playtex F.P., Inc., Del.Supr., 584 A.2d 1214, 1216 (1991) (quoting Tyndall v. Tyndall, Del.Supr., 238 A.2d 343, 346 (1968)). The \u201cpreclusive effect of a foreign judgment is mea sured by standards of the rendering forum.\u201d Id. at 1217. Under the test recently articulated by the United States Court of Appeals for the Third Circuit, issue preclusion applies if, \u201c(1) the issue sought to be precluded [is] the same as that involved in the prior action; (2) that issue [was] actually litigated; (3) [the issue was] determined by a final and valid judgment; and (4) the determination [was] essential to the prior judgment.\u201d Graham v. Internal Revenue Service, 3d Cir., 973 F.2d 1089, 1097 (1992).\nIn this case, the issues presented to the two courts are not the same. The Court of Chancery was asked to decide whether the Board of Adjustment\u2019s decision became final and binding by reason of Aciemo\u2019s failure to appeal from that decision. The Court of Chancery decided, as a matter of State law, that it did. The District Court was asked to decide whether Acierno\u2019s constitutional rights had been violated as a result of the actions of the County, including the Board of Adjustment. The District Court determined that the Board of Adjustment\u2019s decision is not controlling for purposes of that court\u2019s constitutional analysis.\nWhether the District Court\u2019s conclusion is correct or not is irrelevant, and we offer no view on that subject. All that matters, for purposes of an issue preclusion inquiry, is whether the two decisions purported to address the same issue. They did not, and the Court of Chancery correctly addressed the state law issue without regard to any federal constitutional determinations being made by the District Court.\nBased upon the foregoing, the decisions of the Court of Chancery denying Aciemo\u2019s motion to dismiss or stay and granting the County\u2019s motion for summary judgment are AFFIRMED.",
        "type": "majority",
        "author": "BERGER, Justice:"
      }
    ],
    "attorneys": [
      "Charles M. Oberly, III, and Kathleen Jennings of Oberly, Jennings & Drexler, Wilmington, for Appellant.",
      "Collins J. Seitz, Jr. of Connolly, Bove, Lodge & Hutz, Wilmington, for Appellee."
    ],
    "corrections": "",
    "head_matter": "Frank E. ACIERNO, Defendant Below, Appellant, v. NEW CASTLE COUNTY, Plaintiff Below, Appellee.\nNo. 458, 1995.\nSupreme Court of Delaware.\nSubmitted: April 30, 1996.\nDecided: July 25, 1996.\nCharles M. Oberly, III, and Kathleen Jennings of Oberly, Jennings & Drexler, Wilmington, for Appellant.\nCollins J. Seitz, Jr. of Connolly, Bove, Lodge & Hutz, Wilmington, for Appellee.\nBefore VEASEY, C.J., HARTNETT and BERGER, JJ."
  },
  "file_name": "0455-01",
  "first_page_order": 537,
  "last_page_order": 542
}
