{
  "id": 8390571,
  "name": "COMMONWEALTH of Pennsylvania, Appellee, v. Edward GORDON, Appellant",
  "name_abbreviation": "Commonwealth v. Gordon",
  "decision_date": "2007-12-28",
  "docket_number": "",
  "first_page": "174",
  "last_page": "189",
  "citations": [
    {
      "type": "official",
      "cite": "942 A.2d 174"
    }
  ],
  "court": {
    "name_abbreviation": "Pa.",
    "id": 8832,
    "name": "Supreme Court of Pennsylvania"
  },
  "jurisdiction": {
    "id": 6,
    "name_long": "Pennsylvania",
    "name": "Pa."
  },
  "cites_to": [
    {
      "cite": "156 A.2d 841",
      "category": "reporters:state_regional",
      "reporter": "A.2d",
      "year": 1959,
      "pin_cites": [
        {
          "page": "843",
          "parenthetical": "\"A statute should not be declared unconstitutional unless it violates the constitution clearly, palpably, plainly and in such manner as to leave no doubt or hesitation in the mind of the Court.\""
        }
      ],
      "opinion_index": 0
    },
    {
      "cite": "397 Pa. 604",
      "category": "reporters:state",
      "reporter": "Pa.",
      "case_ids": [
        1286251
      ],
      "year": 1959,
      "pin_cites": [
        {
          "parenthetical": "\"A statute should not be declared unconstitutional unless it violates the constitution clearly, palpably, plainly and in such manner as to leave no doubt or hesitation in the mind of the Court.\""
        }
      ],
      "opinion_index": 0,
      "case_paths": [
        "/pa/397/0604-01"
      ]
    },
    {
      "cite": "825 A.2d 1252",
      "category": "reporters:state_regional",
      "reporter": "A.2d",
      "case_ids": [
        9118417,
        9118385,
        197197,
        197169
      ],
      "weight": 2,
      "year": 2003,
      "opinion_index": 0,
      "case_paths": [
        "/a2d/825/1252-02",
        "/a2d/825/1252-01",
        "/pa/573/0413-01",
        "/pa/573/0414-01"
      ]
    },
    {
      "cite": "573 Pa. 414",
      "category": "reporters:state",
      "reporter": "Pa.",
      "case_ids": [
        197169
      ],
      "year": 2003,
      "opinion_index": 0,
      "case_paths": [
        "/pa/573/0414-01"
      ]
    },
    {
      "cite": "902 A.2d 976",
      "category": "reporters:state_regional",
      "reporter": "A.2d",
      "opinion_index": 0
    },
    {
      "cite": "824 A.2d 1153",
      "category": "reporters:state_regional",
      "reporter": "A.2d",
      "case_ids": [
        197221,
        9124486
      ],
      "year": 2003,
      "pin_cites": [
        {
          "page": "1157",
          "parenthetical": "holding that the Judicial Code's definition of \"court\" is limited to the role of judges and for purposes of the statute the word does not also include \"jury\" within its ambit."
        }
      ],
      "opinion_index": 0,
      "case_paths": [
        "/pa/573/0267-01",
        "/a2d/824/1153-01"
      ]
    },
    {
      "cite": "573 Pa. 267",
      "category": "reporters:state",
      "reporter": "Pa.",
      "case_ids": [
        197221
      ],
      "year": 2003,
      "pin_cites": [
        {
          "page": "274-75",
          "parenthetical": "holding that the Judicial Code's definition of \"court\" is limited to the role of judges and for purposes of the statute the word does not also include \"jury\" within its ambit."
        }
      ],
      "opinion_index": 0,
      "case_paths": [
        "/pa/573/0267-01"
      ]
    },
    {
      "cite": "760 A.2d 384",
      "category": "reporters:state_regional",
      "reporter": "A.2d",
      "case_ids": [
        1366994,
        11184535
      ],
      "year": 2000,
      "opinion_index": 0,
      "case_paths": [
        "/pa/563/0324-01",
        "/a2d/760/0384-01"
      ]
    },
    {
      "cite": "563 Pa. 324",
      "category": "reporters:state",
      "reporter": "Pa.",
      "case_ids": [
        1366994
      ],
      "year": 2000,
      "opinion_index": 0,
      "case_paths": [
        "/pa/563/0324-01"
      ]
    },
    {
      "cite": "110 S.Ct. 2148",
      "category": "reporters:federal",
      "reporter": "S. Ct.",
      "opinion_index": 0
    },
    {
      "cite": "495 U.S. 575",
      "category": "reporters:federal",
      "reporter": "U.S.",
      "case_ids": [
        634101
      ],
      "weight": 5,
      "year": 1990,
      "pin_cites": [
        {
          "page": "601-02"
        }
      ],
      "opinion_index": 0,
      "case_paths": [
        "/us/495/0575-01"
      ]
    },
    {
      "cite": "18 U.S.C. \u00a7 924",
      "category": "laws:leg_statute",
      "reporter": "U.S.C.",
      "weight": 3,
      "pin_cites": [
        {
          "page": "(e)"
        },
        {
          "page": "(e)(1)"
        },
        {
          "page": "(e)(1)"
        }
      ],
      "opinion_index": 0
    },
    {
      "cite": "784 A.2d 795",
      "category": "reporters:state_regional",
      "reporter": "A.2d",
      "case_ids": [
        9464790
      ],
      "opinion_index": 0,
      "case_paths": [
        "/a2d/784/0795-01"
      ]
    },
    {
      "cite": "229 F.3d 226",
      "category": "reporters:federal",
      "reporter": "F.3d",
      "case_ids": [
        11184358
      ],
      "opinion_index": 0,
      "case_paths": [
        "/f3d/229/0226-01"
      ]
    },
    {
      "cite": "235 F.3d 858",
      "category": "reporters:federal",
      "reporter": "F.3d",
      "case_ids": [
        11172943
      ],
      "opinion_index": 0,
      "case_paths": [
        "/f3d/235/0858-01"
      ]
    },
    {
      "cite": "536 U.S. 584",
      "category": "reporters:federal",
      "reporter": "U.S.",
      "case_ids": [
        1254507
      ],
      "weight": 3,
      "year": 2002,
      "pin_cites": [
        {
          "page": "613",
          "parenthetical": "Scalia, J., concurring"
        },
        {
          "page": "2445",
          "parenthetical": "Scalia, J., concurring"
        },
        {
          "parenthetical": "Scalia, J., concurring"
        }
      ],
      "opinion_index": 0,
      "case_paths": [
        "/us/536/0584-01"
      ]
    },
    {
      "cite": "163 L.Ed.2d 863",
      "category": "reporters:federal",
      "reporter": "L. Ed. 2d",
      "year": 2006,
      "opinion_index": 0
    },
    {
      "cite": "126 S.Ct. 1089",
      "category": "reporters:federal",
      "reporter": "S. Ct.",
      "year": 2006,
      "opinion_index": 0
    },
    {
      "cite": "546 U.S. 1095",
      "category": "reporters:federal",
      "reporter": "U.S.",
      "case_ids": [
        5888548,
        5971912,
        5939789,
        5962286,
        5934606,
        5972879,
        5880114,
        5956087,
        5948056,
        6012505,
        6004923,
        5903646,
        5981535
      ],
      "year": 2006,
      "opinion_index": 0,
      "case_paths": [
        "/us/546/1095-04",
        "/us/546/1095-09",
        "/us/546/1095-07",
        "/us/546/1095-08",
        "/us/546/1095-02",
        "/us/546/1095-10",
        "/us/546/1095-12",
        "/us/546/1095-01",
        "/us/546/1095-11",
        "/us/546/1095-06",
        "/us/546/1095-13",
        "/us/546/1095-05",
        "/us/546/1095-03"
      ]
    },
    {
      "cite": "881 A.2d 818",
      "category": "reporters:state_regional",
      "reporter": "A.2d",
      "year": 2005,
      "opinion_index": 0
    },
    {
      "cite": "584 Pa. 684",
      "category": "reporters:state",
      "reporter": "Pa.",
      "year": 2005,
      "opinion_index": 0
    },
    {
      "cite": "862 A.2d 598",
      "category": "reporters:state_regional",
      "reporter": "A.2d",
      "case_ids": [
        9161966
      ],
      "pin_cites": [
        {
          "page": "603"
        }
      ],
      "opinion_index": 0,
      "case_paths": [
        "/a2d/862/0598-01"
      ]
    },
    {
      "cite": "923 A.2d 1111",
      "category": "reporters:state_regional",
      "reporter": "A.2d",
      "case_ids": [
        8311545,
        3555850
      ],
      "weight": 2,
      "year": 2007,
      "pin_cites": [
        {
          "page": "1117"
        },
        {
          "page": "1119"
        }
      ],
      "opinion_index": 0,
      "case_paths": [
        "/a2d/923/1111-01",
        "/pa/592/0120-01"
      ]
    },
    {
      "cite": "592 Pa. 120",
      "category": "reporters:state",
      "reporter": "Pa.",
      "case_ids": [
        3555850
      ],
      "year": 2007,
      "opinion_index": 0,
      "case_paths": [
        "/pa/592/0120-01"
      ]
    },
    {
      "cite": "544 U.S. 13",
      "category": "reporters:federal",
      "reporter": "U.S.",
      "case_ids": [
        5879404
      ],
      "weight": 12,
      "year": 2005,
      "pin_cites": [
        {
          "page": "25"
        },
        {
          "page": "1262"
        },
        {
          "page": "15"
        },
        {
          "page": "18"
        },
        {
          "page": "26"
        },
        {
          "page": "24"
        },
        {
          "page": "25"
        }
      ],
      "opinion_index": 0,
      "case_paths": [
        "/us/544/0013-01"
      ]
    },
    {
      "cite": "160 L.Ed.2d 792",
      "category": "reporters:federal",
      "reporter": "L. Ed. 2d",
      "year": 2005,
      "opinion_index": 0
    },
    {
      "cite": "125 S.Ct. 886",
      "category": "reporters:federal",
      "reporter": "S. Ct.",
      "year": 2005,
      "opinion_index": 0
    },
    {
      "cite": "548 U.S. 1063",
      "category": "reporters:federal",
      "reporter": "U.S.",
      "year": 2005,
      "opinion_index": 0
    },
    {
      "cite": "855 A.2d 800",
      "category": "reporters:state_regional",
      "reporter": "A.2d",
      "case_ids": [
        1370939,
        12254885
      ],
      "weight": 3,
      "year": 2004,
      "pin_cites": [
        {
          "page": "811-812"
        }
      ],
      "opinion_index": 0,
      "case_paths": [
        "/pa/579/0246-01",
        "/a2d/855/0800-01"
      ]
    },
    {
      "cite": "579 Pa. 246",
      "category": "reporters:state",
      "reporter": "Pa.",
      "case_ids": [
        1370939
      ],
      "weight": 2,
      "year": 2004,
      "pin_cites": [
        {
          "page": "264"
        }
      ],
      "opinion_index": 0,
      "case_paths": [
        "/pa/579/0246-01"
      ]
    },
    {
      "cite": "118 S.Ct. 1219",
      "category": "reporters:federal",
      "reporter": "S. Ct.",
      "case_ids": [
        11503479
      ],
      "weight": 9,
      "year": 1998,
      "pin_cites": [
        {
          "page": "1229"
        }
      ],
      "opinion_index": 0,
      "case_paths": [
        "/us/523/0224-01"
      ]
    },
    {
      "cite": "528 U.S. 224",
      "category": "reporters:federal",
      "reporter": "U.S.",
      "year": 1998,
      "opinion_index": 0
    },
    {
      "cite": "911 A.2d 505",
      "category": "reporters:state_regional",
      "reporter": "A.2d",
      "case_ids": [
        3851746,
        8403141,
        3852202,
        3851700,
        8403125,
        8403162
      ],
      "year": 2006,
      "pin_cites": [
        {
          "parenthetical": "alloc. granted"
        }
      ],
      "opinion_index": 0,
      "case_paths": [
        "/pa/590/0008-01",
        "/a2d/911/0505-02",
        "/pa/590/0006-01",
        "/pa/590/0007-01",
        "/a2d/911/0505-01",
        "/a2d/911/0505-03"
      ]
    },
    {
      "cite": "590 Pa. 8",
      "category": "reporters:state",
      "reporter": "Pa.",
      "case_ids": [
        3851746,
        3851579
      ],
      "year": 2006,
      "pin_cites": [
        {
          "parenthetical": "alloc. granted"
        }
      ],
      "opinion_index": 0,
      "case_paths": [
        "/pa/590/0008-01",
        "/pa/590/0008-02"
      ]
    },
    {
      "cite": "834 A.2d 1127",
      "category": "reporters:state_regional",
      "reporter": "A.2d",
      "case_ids": [
        630409,
        9083893
      ],
      "weight": 9,
      "year": 2003,
      "pin_cites": [
        {
          "page": "1128"
        },
        {
          "page": "1129"
        },
        {
          "page": "1129"
        },
        {
          "page": "1131"
        },
        {
          "page": "1131"
        },
        {
          "page": "1129"
        }
      ],
      "opinion_index": 0,
      "case_paths": [
        "/pa/575/0141-01",
        "/a2d/834/1127-01"
      ]
    },
    {
      "cite": "575 Pa. 141",
      "category": "reporters:state",
      "reporter": "Pa.",
      "case_ids": [
        630409
      ],
      "weight": 3,
      "year": 2003,
      "pin_cites": [
        {
          "page": "149"
        },
        {
          "page": "145"
        }
      ],
      "opinion_index": 0,
      "case_paths": [
        "/pa/575/0141-01"
      ]
    },
    {
      "cite": "838 A.2d 643",
      "category": "reporters:state_regional",
      "reporter": "A.2d",
      "case_ids": [
        630516,
        9299031
      ],
      "year": 2003,
      "pin_cites": [
        {
          "page": "645"
        }
      ],
      "opinion_index": 0,
      "case_paths": [
        "/pa/575/0670-01",
        "/a2d/838/0643-01"
      ]
    },
    {
      "cite": "575 Pa. 670",
      "category": "reporters:state",
      "reporter": "Pa.",
      "case_ids": [
        630516
      ],
      "year": 2003,
      "pin_cites": [
        {
          "page": "674"
        }
      ],
      "opinion_index": 0,
      "case_paths": [
        "/pa/575/0670-01"
      ]
    },
    {
      "cite": "786 A.2d 176",
      "category": "reporters:state_regional",
      "reporter": "A.2d",
      "case_ids": [
        9454282,
        404538
      ],
      "year": 2001,
      "pin_cites": [
        {
          "page": "180-81"
        }
      ],
      "opinion_index": 0,
      "case_paths": [
        "/a2d/786/0176-01",
        "/pa/567/0141-01"
      ]
    },
    {
      "cite": "567 Pa. 141",
      "category": "reporters:state",
      "reporter": "Pa.",
      "case_ids": [
        404538
      ],
      "year": 2001,
      "pin_cites": [
        {
          "page": "148"
        }
      ],
      "opinion_index": 0,
      "case_paths": [
        "/pa/567/0141-01"
      ]
    },
    {
      "cite": "931 A.2d 15",
      "category": "reporters:state_regional",
      "reporter": "A.2d",
      "case_ids": [
        8343224
      ],
      "pin_cites": [
        {
          "page": "21"
        }
      ],
      "opinion_index": 0,
      "case_paths": [
        "/a2d/931/0015-01"
      ]
    },
    {
      "cite": "530 U.S. 466",
      "category": "reporters:federal",
      "reporter": "U.S.",
      "case_ids": [
        9413911
      ],
      "weight": 4,
      "year": 2000,
      "pin_cites": [
        {
          "page": "2362"
        }
      ],
      "opinion_index": 0,
      "case_paths": [
        "/us/530/0466-01"
      ]
    },
    {
      "cite": "879 A.2d 185",
      "category": "reporters:state_regional",
      "reporter": "A.2d",
      "case_ids": [
        8933265,
        687746
      ],
      "year": 2005,
      "opinion_index": 2,
      "case_paths": [
        "/a2d/879/0185-01",
        "/pa/583/0478-01"
      ]
    },
    {
      "cite": "583 Pa. 478",
      "category": "reporters:state",
      "reporter": "Pa.",
      "case_ids": [
        687746
      ],
      "year": 2005,
      "opinion_index": 2,
      "case_paths": [
        "/pa/583/0478-01"
      ]
    },
    {
      "cite": "465 F.3d 250",
      "category": "reporters:federal",
      "reporter": "F.3d",
      "case_ids": [
        3261302
      ],
      "pin_cites": [
        {
          "page": "253"
        }
      ],
      "opinion_index": 2,
      "case_paths": [
        "/f3d/465/0250-01"
      ]
    },
    {
      "cite": "268 F.3d 151",
      "category": "reporters:federal",
      "reporter": "F.3d",
      "case_ids": [
        1949926
      ],
      "year": 2001,
      "pin_cites": [
        {
          "parenthetical": "\"The determination of 'the fact of a prior conviction' implicitly entails many subsidiary findings!"
        }
      ],
      "opinion_index": 2,
      "case_paths": [
        "/f3d/268/0151-01"
      ]
    },
    {
      "cite": "421 F.3d 278",
      "category": "reporters:federal",
      "reporter": "F.3d",
      "case_ids": [
        8929206
      ],
      "pin_cites": [
        {
          "page": "282"
        }
      ],
      "opinion_index": 2,
      "case_paths": [
        "/f3d/421/0278-01"
      ]
    },
    {
      "cite": "447 F.3d 1300",
      "category": "reporters:federal",
      "reporter": "F.3d",
      "case_ids": [
        5858137
      ],
      "pin_cites": [
        {
          "page": "1304"
        }
      ],
      "opinion_index": 2,
      "case_paths": [
        "/f3d/447/1300-01"
      ]
    },
    {
      "cite": "544 U.S. 13",
      "category": "reporters:federal",
      "reporter": "U.S.",
      "case_ids": [
        5879404
      ],
      "weight": 3,
      "year": 2005,
      "opinion_index": 2,
      "case_paths": [
        "/us/544/0013-01"
      ]
    },
    {
      "cite": "722 A.2d 203",
      "category": "reporters:state_regional",
      "reporter": "A.2d",
      "case_ids": [
        11767476
      ],
      "weight": 2,
      "pin_cites": [
        {
          "page": "209"
        }
      ],
      "opinion_index": 3,
      "case_paths": [
        "/a2d/722/0203-01"
      ]
    },
    {
      "cite": "768 A.2d 1136",
      "category": "reporters:state_regional",
      "reporter": "A.2d",
      "case_ids": [
        11120309
      ],
      "opinion_index": 3,
      "case_paths": [
        "/a2d/768/1136-01"
      ]
    },
    {
      "cite": "163 L.Ed.2d 141",
      "category": "reporters:federal",
      "reporter": "L. Ed. 2d",
      "year": 2005,
      "opinion_index": 3
    },
    {
      "cite": "126 S.Ct. 139",
      "category": "reporters:federal",
      "reporter": "S. Ct.",
      "year": 2005,
      "opinion_index": 3
    },
    {
      "cite": "546 U.S. 860",
      "category": "reporters:federal",
      "reporter": "U.S.",
      "case_ids": [
        5913056,
        3810403,
        5922788,
        5920646,
        5911719,
        6018171,
        5952813,
        5919533,
        6015742,
        5919983,
        5911635,
        5984247,
        5971993,
        6015450,
        5992155,
        5897150
      ],
      "year": 2005,
      "opinion_index": 3,
      "case_paths": [
        "/us/546/0860-04",
        "/us/546/0860-16",
        "/us/546/0860-13",
        "/us/546/0860-11",
        "/us/546/0860-12",
        "/us/546/0860-10",
        "/us/546/0860-09",
        "/us/546/0860-15",
        "/us/546/0860-07",
        "/us/546/0860-02",
        "/us/546/0860-03",
        "/us/546/0860-14",
        "/us/546/0860-01",
        "/us/546/0860-05",
        "/us/546/0860-08",
        "/us/546/0860-06"
      ]
    },
    {
      "cite": "866 A.2d 851",
      "category": "reporters:state_regional",
      "reporter": "A.2d",
      "case_ids": [
        9038969
      ],
      "year": 2005,
      "opinion_index": 3,
      "case_paths": [
        "/a2d/866/0851-01"
      ]
    },
    {
      "cite": "581 Pa. 587",
      "category": "reporters:state",
      "reporter": "Pa.",
      "case_ids": [
        1140702
      ],
      "year": 2005,
      "opinion_index": 3,
      "case_paths": [
        "/pa/581/0587-01"
      ]
    },
    {
      "cite": "834 A.2d 1127",
      "category": "reporters:state_regional",
      "reporter": "A.2d",
      "case_ids": [
        630409,
        9083893
      ],
      "year": 2003,
      "opinion_index": 3,
      "case_paths": [
        "/pa/575/0141-01",
        "/a2d/834/1127-01"
      ]
    },
    {
      "cite": "575 Pa. 141",
      "category": "reporters:state",
      "reporter": "Pa.",
      "case_ids": [
        630409
      ],
      "year": 2003,
      "opinion_index": 3,
      "case_paths": [
        "/pa/575/0141-01"
      ]
    },
    {
      "cite": "530 U.S. 466",
      "category": "reporters:federal",
      "reporter": "U.S.",
      "case_ids": [
        9413911
      ],
      "weight": 3,
      "year": 2000,
      "opinion_index": 3,
      "case_paths": [
        "/us/530/0466-01"
      ]
    }
  ],
  "analysis": {
    "cardinality": 1629,
    "char_count": 52669,
    "ocr_confidence": 0.716,
    "pagerank": {
      "raw": 4.03580807328026e-08,
      "percentile": 0.20334023334951187
    },
    "sha256": "c98ccec11fe0d6ba5fa75236650f08e95da66f29d8b9bbf255257a8029b9da82",
    "simhash": "1:95142292810cb20d",
    "word_count": 8377
  },
  "last_updated": "2024-02-27T20:50:41.140765+00:00",
  "provenance": {
    "date_added": "2019-08-29",
    "source": "Harvard",
    "batch": "2018"
  },
  "casebody": {
    "judges": [
      "BEFORE: CAPPY, C.J., and CASTILLE, SAYLOR, EAKIN, BAER, BALDWIN and FITZGERALD, JJ."
    ],
    "parties": [
      "COMMONWEALTH of Pennsylvania, Appellee, v. Edward GORDON, Appellant."
    ],
    "opinions": [
      {
        "text": "OPINION\nJustice BALDWIN.\nIn this matter, we are called to resolve whether Appellant Edward Gordon\u2019s constitutionally guaranteed right to trial by jury was violated. We granted allocatur limited to resolution of whether it violates the United States and/or Pennsylvania Constitutions when a judge, not a jury, finds by a preponderance of the evidence, not beyond a reasonable doubt, that the defendant has been convicted of multiple crimes of violence arising from separate criminal transactions.\nThe issue arises in the context of Appellant\u2019s challenge to the constitutionality of the \u201cThree Strikes\u201d sentencing provision of 42 Pa.C.S. \u00a7 9714 on grounds that it violates Apprendi v. New Jersey, 530 U.S. 466, 120 S.Ct. 2348, 147 L.Ed.2d 435 (2000) and its progeny., It seems to be a settled question in Pennsylvania that Apprendi-based challenges raise questions related to the legality of a sentence, and not the discretionary aspects of it. See e.g. Commonwealth v. Robinson, 931 A.2d 15, 21 (Pa.Super.2007) (\u201c\u2018[Ijllegal sentence\u2019 is a term of art that our Courts apply narrowly, to a relatively small class of cases [including ...] claims implicating the rule in Apprendi_\u201d). When addressing such questions of law, we employ a plenary scope of review. See e.g. C.B. ex rel. R.R.M. v. Com., Dept. of Public Welfare, 567 Pa. 141, 148, 786 A.2d 176, 180-81 (2001). Our standard of review is de novo. See South Newton Twp. Electors v. South Newton Twp. Sup\u2019r, Bouch, 575 Pa. 670, 674, 838 A.2d 643, 645 (2003). For reasons explained in detail below, we affirm the decision of the Superior Court. The factual background in this matter is as follows.\nOn February 28, 2002, seventeen-year old Dion Johnson, walking down a street near his home in Philadelphia, was hustled by two gun-wielding men into a waiting car. One of the two men was Appellant. A third assailant then drove the group to a telephone booth from which Johnson\u2019s father was called and informed of the kidnapping. Then, blindfolded, Johnson was then taken to an unfamiliar house.\nOver the next day and a half, Johnson was tied to a chair, and his captors repeatedly threatened him with firearms, including the cycling of an unloaded handgun behind his head. Ransom demands were repeatedly made of Johnson\u2019s father, and the men threatened to cut off one of Johnson\u2019s fingers. At one point, Johnson was driven back to the phone booth so that his father could hear Johnson\u2019s voice, presumably to prove that his son remained alive. The captors demanded $50,000 from Johnson\u2019s father. After Johnson was taken back to the house, only one of the captors remained with Johnson; the other two men left the premises for reasons explained below. Eventually, the sole remaining captor grew bored and left Johnson by himself. Once alone, Johnson broke free, left the house, and contacted police. Commonwealth v. Gordon, No. 0204-1438 1/3, slip op. at 2-3 (Ct. of Com. Pleas of Philadelphia Cty. July 22, 2004) (Trial Ct. slip op.).\nAppellant and his co-conspirators were apprehended as a result of Johnson\u2019s father\u2019s collaboration with the police. Following the ransom calls, Johnson\u2019s father arranged to pay the kidnappers a total of $27,000. A bag containing the purported ransom money was then dropped off by Johnson\u2019s father at a prearranged location. Although the bag had only seven dollars and police forms in it, Appellant and one of his partners picked up the bag shortly after it was dropped off. When the police announced themselves, a foot chase ensued, during which both suspects dropped handguns. Appellant\u2019s partner was observed to have dropped the ransom bag. Both men were arrested; each made incriminating statements while being held in neighboring cells at the police station. Id. at 3. Following a trial that concluded on March 3, 2004, Appellant was convicted of kidnapping (18 Pa.C.S. \u00a7 2901), conspiracy (18 Pa.C.S. \u00a7 903) and two violations of the Uniform Firearms Act (18 Pa.C.S. \u00a7 6101). Trial Ct. slip op. at 5.\nAt the April 26, 2004 sentencing hearing, it was stipulated by the parties that official court records would reveal Appellant\u2019s two prior first-degree felony convictions of robbery. Also at the sentencing hearing, the Commonwealth provided certified court records that indicated Appellant had been sentenced to twenty-five to fifty years of imprisonment on December 19, 2003 for yet another first-degree felony robbery conviction.\nFollowing the sentencing hearing, Appellant was sentenced to life in prison upon conviction of kidnapping pursuant to the mandatory sentencing provision of 42 Pa. C.S. \u00a7'9714. Section 9714 provides in relevant part as follows:\nSentences for Second and Subsequent Offenses.\n(a) Mandatory sentence.\n(1) Any person who is convicted in any court of this Commonwealth of a crime of violence shall, if at the time of the commission of the current offense the person had previously been convicted of a crime of violence, be sentenced to a minimum sentence of at least ten years of total confinement, notwithstanding any other provision of this title or other statute to the contrary. Upon a second conviction for a crime of violence, the court shall give the person oral and written notice of the penalties under this section for a third conviction for a crime of violence. Failure to provide such notice shall not render the offender ineligible to be sentenced under paragraph (2).\n(2) Where the person had at the time of the commission of the current offense previously been convicted of two or more such crimes of violence arising from separate criminal transactions, the person shall be sentenced to a minimum sentence of at least 25 years of total confinement, notwithstanding any other provision of this title or other statute to the contrary. Proof that the offender received notice of or otherwise knew or should have known of the penalties under this paragraph shall not be required. Upon conviction for a third or subsequent crime of violence the court may, if it determines that 25 years of total confinement is insufficient to protect the public safety, sentence the offender to life imprisonment without parole.\n(a.l) Mandatory maximum,\nAn offender sentenced to a mandatory minimum sentence under this section shall be sentenced to a maximum sentence equal to twice the mandatory minimum sentence, notwithstanding 18 Pa.C.S. \u00a7 1108 (relating to sentence of imprisonment for felony) or any other provision of this title or other statute to the contrary.\n(d) Proof at sentencing.\nProvisions of this section shall not be an element of the crime and notice thereof to the defendant shall not be required prior to conviction, but reasonable notice of the Commonwealth\u2019s intention to proceed under this section shall be provided after conviction and before sentencing. The applicability of this section shall be determined at sentencing. The sentencing court, prior to imposing sentence on an offender under subsection (a), shall have a complete record of the previous convictions of the offender, copies of which shall be furnished to the offender. If the offender or the attorney for the Commonwealth contests the accuracy of the record, the court shall schedule a hearing and direct the offender and the attorney for the Commonwealth to submit evidence regarding the previous convictions of the offender. The court shall then determine, by a preponderance of the evidence, the previous convictions of the offender and, if this section is applicable, shall impose sentence in accordance with this section....\n(g) Definition.\nAs used in this section, the term \u201ccrime of violence\u201d means murder of the third degree, voluntary manslaughter, aggravated assault as defined in 18 Pa.C.S. \u00a7 2702(a)(1) or (2) (relating to aggravated assault), rape, involuntary deviate sexual intercourse, aggravated indecent assault, incest, sexual assault, arson as defined in 18 Pa.C.S. \u00a7 3301(a) (relating to arson and related offenses), kidnapping, burglary of a structure adapted for overnight accommodation in which at the time of the offense any person is present, robbery as defined in 18 Pa.C.S. \u00a7 3701(a)(l)(i), (ii) or (iii) (relating to robbery), or robbery of a motor vehicle, or criminal attempt, criminal conspiracy or criminal solicitation to commit murder or any of the offenses listed above, or an equivalent crime under the laws of this Commonwealth in effect at the time of the commission of that offense or an equivalent crime in another jurisdiction.\n42 Pa.C.S. \u00a7 9714 (as amended December 20, 2000). (emphasis added). Appellant was further sentenced to seventeen-to-thirty-four years of incarceration for the conspiracy and the firearms violations, to run consecutive to the life sentence. A direct appeal followed. Trial Ct. slip op. at 5.\nBefore the Superior Court, Appellant raised several challenges. For purposes of the limited grant of review allowed by this Court, Appellant argued that his right to a trial by jury, guaranteed by the United States and Pennsylvania Constitutions, was violated by application of the sentencing provisions of Section 9714. He contended that he was entitled to have a jury, not a judge, assess the interrelatedness of his prior crimes and that Section 9714, which instructs the sentencing court to make this determination by a preponderance of the evidence, is therefore constitutionally infirm. Commonwealth v. Gordon, No. 1326 EDA 2004, slip op. at 6-7 (Pa.Super. Ct. April 20, 2006) (Super. Ct. slip op.). This argument was unsuccessful.\nFirst, a majority of the Superior Court panel found that Appellant\u2019s challenge fell within the \u201cfact of a prior conviction\u201d exception provided by Apprendi Then, as an apparently separate basis for its decision, the Superior Court further opined that this Court\u2019s decision in Commonwealth v. Bradley, 575 Pa. 141, 834 A.2d 1127 (2003) determined that \u201cthe question of whether separated crimes constitutes separate criminal transactions for purposes of Section 9714(a)(2) was one of law, and fell within the province of the court.\u201d Superior Ct. slip op. at 8. Thus, regarding whether Section 9714 called for the sentencing court to find a fact or to resolve a question of law, the Superior Court held there was no merit to Appellant\u2019s constitutional challenge to a judge determining whether the predicate crimes arose from separate criminal transactions. Id. at 7-8.\nDespite this, another of Appellant\u2019s arguments before the Superior Court met with success. The panel noted that at the time the sentence was issued, Appellant was also serving time for other convictions to which the twenty-five year minimum for the instant crime would have been added. Under the circumstances, the length of time Appellant would have been in prison (had the sentencing court issued Section 9714\u2019s twenty-five year sentence, rather than life imprisonment) could not have resulted in Appellant\u2019s release until he was over ninety years old. Under the statute, a life sentence may be imposed if the court determines \u201cthat twenty-five years of total confinement is insufficient to protect the public safety.\u201d 42 Pa.C.S. \u00a7 9714(a)(2). The Superior Court found no support in the record to conclude that Appellant, who would be at an advanced age upon completion of all his sentences, would be a threat to public safety upon completion of his various sentences and that issuing a life sentence was an abuse of discretion. Super Ct. slip op. at 9-10. Indeed, the Commonwealth conceded that the life sentence was unsupported by the record. Id. As such, the life sentence was vacated, and the matter was remanded. However, Appellant elected to pursue his argument that Section 9714 is unconstitutional, and filed a Petition for Allowance of Appeal with this Court. We granted limited review to address this matter of first impression. Commonwealth v. Gordon, 590 Pa. 8, 911 A.2d 505 (2006) (alloc. granted).\nIn a straightforward argument in this Court, Appellant concedes it is settled that as a general proposition, under both Pennsylvania and federal law, the existence of predicate convictions can be determined by a sentencing judge based upon a preponderance of the evidence. This was made clear by the United States Supreme Court beginning with Almendarez-Torres v. United States, 528 U.S. 224, 118 S.Ct. 1219, 140 L.Ed.2d 350 (1998), and by this Court in Commonwealth v. Aponte, 579 Pa. 246, 855 A.2d 800 (2004), cert. denied, 548 U.S. 1063, 125 S.Ct. 886, 160 L.Ed.2d 792 (2005). Therefore, Appellant\u2019s arguments are limited to illustrating why Section 9714 requires more than simply ascertaining the existence of predicate convictions. In other words, Appellant insists that the determination of whether prior convictions arose from separate criminal transactions is a question of fact that falls within the net circumscribed by the line of cases led by Apprendi, and that the exception carved out for \u201cthe fact of a prior conviction\u201d does not save Section 9714 from his challenge. \u201cThe fact of a prior conviction is considerably narrower than facts about this conviction.\u201d Brief of Appellant at 10. Rather, \u201c[t]he fact \u2018of a prior conviction only contemplates recognition of the bare existence of the conviction. Facts going beyond the bare existence of the prior conviction, such as the relatedness of one criminal conviction to the other, are a wholly different matter.\u201d Id. at 21.\nPointing to the basis for the \u201cfact of a prior conviction\u201d exception (See Aponte, infra) Appellant illustrates the different finding required by Section 9714. \u201cWhether two predicate convictions arise from separate criminal transactions is not an element of either of the two predicate convictions, and, therefore, is not established merely by accepting the validity of the prior judgments of conviction.\u201d Brief of Appellant at 21. In sum, Appellant insists that the inquiry into the interrelatedness of prior convictions, if any, is a clear step beyond the \u201cthe language of, and the rationale underlying\u201d, Apprendi\u2019s exception for \u201cthe fact of a prior conviction.\u201d Id. at 246, 855 A.2d 800. The facts needed to apply Section 9714 cannot simply be harvested from the official court records of the predicate convictions. This requires the sentencing court to assess the relationship between those convictions in order to determine if they are, indeed, separate criminal transactions. The Appellant insists that the need to consider the logical and temporal relationship between the predicate convictions takes Section 9714 outside the scope of the exception to Apprendi:\nFor example, it would be hard to even imagine a 1980 murder and a 1995 rape as not arising from separate criminal transactions. But that only makes the \u201cseparate criminal transactions\u201d fact-finding determination an easy or obvious one to make. [Nevertheless,] it does not remove it from the realm of fact-finding....\nReply Brief of Appellant at 7. Using such an example, Appellant illustrates his argument that the Apprendi decision has no exception for obviousness, either in the context of a trial or at sentencing. According to Appellant, even where it is obvious a criminal defendant is guilty, his or her right to a jury trial remains inviolate. Similarly, in this sentencing context, the only exception is for facts that have already been proved within the confines of due process, the right to a trial by jury, and the \u201cbeyond a reasonable doubt\u201d burden of proof. It follows, then, that since the relationship between the predicate convictions is not a fact of any convictions, the safeguards that justify the existence of the exception cannot apply to an assessment of interrelatedness under Section 9714.\nGiven these positions, Appellant insists the Superior Court\u2019s reliance upon Bradley as a basis to dismiss his challenge to Section 9714\u2019s constitutionally, was misplaced. Bradley was not a case decided on Apprendi grounds. Further, Appellant contends that the Bradley holding established only that a challenge to the legality of the imposition of a sentence pursuant to Section 9714 required statutory construction and established the definition of \u201ctransaction\u201d within the meaning of the statute.\nThe Commonwealth candidly acknowledges that, in the wake of Apprendi, Section 9714 is open to the challenge to its constitutionality:\nIf the prior conviction exception encompasses facts demonstrating the separateness of the prior offenses, such as the dates and locations of the crimes, that are inherently subsumed within the prior convictions, [S]ection 9714 is constitutionally sound.... If, however, the prior conviction exception is so narrow that it does not cover such basis matters, which can be established by reference to official court documents, that aspect of [S]ection 9714 violates the due process principle articulated in Apprendi and Aponte.\nBrief of Appellee at 12. However, the Commonwealth explains that Section 9714 is constitutionally sound because it authorizes the sentencing court to resolve a legal question based upon facts that are of, or about, the predicate conviction(s). Relying principally upon the list of materials a sentencing court may consider identified in the plurality decision of the United States Supreme Court in Shepard v. United States, 544 U.S. 13, 125 S.Ct. 1254, 161 L.Ed.2d 205 (2005), discussed infra, the Commonwealth argues that the assessment of the separateness of prior convictions is a legal question that can be resolved by looking to the facts of prior convictions, namely the date and location of those predicate crimes.\n[I]f it already has been admitted or proved beyond a reasonable doubt that a defendant committed his prior violent crimes on particular dates (or at particular locations or against particular victims), the dates (or locations or victims) of those crimes are part of the fact of his prior convictions.\nBrief of Appellee at 18.\nWith regard to the Bradley decision, the Commonwealth argues that the Superior Court correctly construed that decision to hold that a sentencing court may issue a sentence under Section 9714 based upon facts of prior convictions derived from Shepard-approved sources, after making the legal conclusion that the predicate crimes arose from separate criminal transactions. Brief of Appellee at 18.\nAs a general matter, Pennsylvania\u2019s sentencing scheme, with its guidelines and suggested minimum sentences, is \u201cindeterminate, advisory, and guided\u201d in its nature. Commonwealth v. Yuhasz, 592 Pa. 120, 923 A.2d 1111, 1117 (2007). Therefore, in Pennsylvania, a sentence imposed for a given conviction does not implicate Apprendi concerns unless that sentence exceeds the applicable statutory maximum. See generally Commonwealth v. Bromley, 862 A.2d 598, 603 (Pa.Super.2004), appeal denied, 584 Pa. 684, 881 A.2d 818 (2005), cert. denied, 546 U.S. 1095, 126 S.Ct. 1089, 163 L.Ed.2d 863 (2006). Pennsylvania judges retain broad discretion to sentence up to and including the maximum sentence authorized by statute; \u201cthe only line that a sentence may not cross is the statutory maximum sentence.\u201d Yuhasz, 923 A.2d at 1119. For kidnapping, a felony of the first-degree, the statutory maximum is, as explained above, twenty years of imprisonment. See 18 Pa. C.S. \u00a7 2901.\nThe matter sub judice presents an Ap-prendi concern only because Appellant was issued a sentence of twenty-five to fifty years, pursuant to Section 9714, which exceeded the otherwise applicable statutory maximum of twenty years that was authorized by the jury verdict. This case is therefore located squarely in \u201cApprendiland.\u201d See Ring v. Arizona, 536 U.S. 584, 613, 122 S.Ct. 2428, 2445, 153 L.Ed.2d 556 (2002) (Scalia, J., concurring).\nShortly after Apprendi was decided, the Third Circuit identified a two-part test to assess Apprendi-based challenges to federal sentencing statutes:\nA court must first determine the prescribed statutory maximum sentence for the crime of which the defendant was convicted and assess whether the defendant\u2019s ultimate sentence exceeded it. If it did, the court must consider the second-order Apprendi question; whether the enhanced sentence was based on the fact of a prior conviction. If it was, then the sentence is constitutional. If it was not, then the sentence is unconstitutional.\nUnited States v. Williams, 235 F.3d 858, 863 n. 4 (3d Cir.2000) (citing United States v. Mack, 229 F.3d 226 (3d Cir.2000)). This test has been applied by state courts. See e.g. Commonwealth v. Lowery, 784 A.2d 795 (Pa.Super.2001) (counsel not ineffective for failing to raise Apprendi-based claim where sentence was less than statutory maximum).\nHere, it is a variety of this \u201csecond order\u201d question that Appellant challenges, i.e., whether facts about prior convictions, as opposed to the fact of a prior conviction, must be proved to a jury beyond a reasonable doubt in the wake of Apprendi. The fact of Appellant\u2019s prior convictions, i.e. whether they exist, is not in dispute. Indeed, Appellant stipulated to their existence. Rather than their existence, however, facts about the predicate convictions are not all within the established parameters of the prior conviction exception set forth in Apprendi. When it comes to such \u201csecond order\u201d questions, the United States Supreme Court has established a continuum of sorts; while some facts about prior convictions need not be submitted to a jury for proof beyond a reasonable doubt, other facts are \u201ctoo far removed from the conclusive significance of [the] prior judicial record, and too much like the findings subject to ... Apprendi\u201d for a judge to resolve. Shepard v. United States, 544 U.S. 13, 25, 125 S.Ct. 1254, 1262, 161 L.Ed.2d 205 (2005).\nIn Commonwealth v. Aponte, this Court ruled on an issue similar to that raised in the instant ease, but in the context of another Pennsylvania statute. There, we granted allocatur to review whether 35 P.S. \u00a7 780-115(a), which doubles the statutory maximum penalty upon proof of a prior conviction for a similar offense without requiring proof beyond a reasonable doubt before a jury, violates due process under the Pennsylvania and United States Constitutions. We concluded the enhancement was constitutionally valid, and explained:\n[I]n cases where the fact which increases the maximum penalty is not a prior conviction and requires a subjective assessment, anything less than proof beyond a reasonable doubt before a jury violates due process. Additionally, any judicial finding which results in punishment beyond the statutory maximum must be submitted to a jury and proven beyond a reasonable doubt. Where, however, the judicial finding is the fact of a prior conviction, submission to a jury is unnecessary, since the prior conviction is an objective fact that initially was cloaked in all the constitutional safeguards, and is now a matter of public record.\nAlthough the fact of appellant\u2019s prior drug convictions was not required to be pled in the information charging appellant with [possession with intent to deliver], the [criminal] information notified appellant of the Commonwealth\u2019s intent to seek the enhancement. Appellant\u2019s prior drug convictions appeared in the Quarter Sessions file and presentence report available to the sentencing court.... [T]he existence of these convictions was capable of objective proof; there was no need to resubmit them for the jury to determine they were recorded in appellant\u2019s file. Accordingly, appellant was properly sentenced under the enhancement....\nAponte, 579 Pa. at 264, 855 A.2d at 811-812. Appellant argues that Section 9714 cannot survive our holding in Aponte because the determination of whether the predicate crimes arose from separate criminal transactions is not an objective fact ascertainable from review of the records of the prior judicial proceedings. It is here that we side with the Commonwealth\u2019s position that the ascertainment is one of a legal question related to a sentencing factor. Thus the final inquiry is removed from the ambit of the concerns raised by Apprendi, because it is not a factual finding that results in the sentence that exceeds the otherwise applicable statutory maximum.\nThe United States Supreme Court faced similar issues in two cases involving a federal habitual criminal penalty statute, the Armed Career Criminal Act, Title 18 U.S.C. \u00a7 924(e) (2000 ed. and Supp. II), also known as \u201cACCA.\u201d Taylor v. United States, 495 U.S. 575, 110 S.Ct. 2143, 109 L.Ed.2d 607 (1990); Shepard, supra. A burglary is a violent crime under ACCA only where it is a burglary of a building. Some states criminalize \u201cgeneric\u201d burglary, which relates only to buildings. However, other states have various grades of burglary, including, for example, burglary of a car or boat.\nIn Taylor, the United States Supreme Court held \u201cthat a court sentencing under the ACCA could look to statutory elements, charging documents, and jury instructions to determine whether an earlier conviction after trial was for generic burglary,\u201d i.e. burglary of a building. Shepard, 544 U.S. at 15, 125 S.Ct. at 1257. The Supreme Court explained that a sentencing court could not look to the facts in the record itself to make the necessary determination about whether the burglary in question was of a building. Instead, the sentencing court could, generally, look only to \u201cthe fact of conviction and the statutory definition of the prior offense\u201d to determine whether that prior conviction was \u201cviolent\u201d for purposes of ACCA. Taylor, 495 U.S. at 601-02, 110 S.Ct. 2148, 109 L.Ed.2d 607.\nShepard, decided after Apprendi, addressed a question left open by Taylor\u2014 how to consider predicate offense convictions which are the results of guilty pleas, not jury trials. As a result, \u201cthere were of course no jury instructions\u201d available to the later sentencing court. Shepard, 544 U.S. at 18, 125 S.Ct. at 1258. Thus, the prosecution wanted the sentencing court to consider other documents beyond those identified as acceptable in Taylor. Id. It was decided that a sentencing court could not \u201clook to police reports or complaint applications to determine whether an earlier guilty plea necessarily admitted, and supported a conviction for, generic burglary.\u201d Id. Even though such evidence would have been of record, the Supreme Court held that such evidence could not be considered. Id.\nInstead, Shepard held:\nthat enquiry under the ACCA to determine whether a plea of guilty to burglary defined by a nongeneric statute necessarily admitted elements of the generic offense is limited to the terms of the charging document, the terms of a plea agreement or transcript of colloquy between judge and defendant in which the factual basis for the plea was confirmed by the defendant, or to some comparable judicial record of this information.\nShepard, 544 U.S. at 26, 125 S.Ct. at 1263.\nWe note that the United States Supreme Court has consistently intimated that the prior conviction exception to Apprendi is not on unshakeable ground. See Shepard, 544 U.S. at 24, 125 S.Ct at 1262. Indeed, the Shepard Court recognized the \u201cproblem\u201d that findings of the trial courts regarding the predicate crimes may not establish the facts necessary to implement a mandatory sentence for a later conviction, much like the argument raised by Appellant in the case at bar. Id.\nWhile the disputed fact here can be described as a fact about a prior conviction, it is too far removed from the conclusive significance of a prior judicial record, and too much like the findings subject to ... Apprendi to say that ... a judge [is clearly authorized] to resolve the dispute.\nId. To preserve the constitutionality of ACCA, the Shepard Court limited the documents upon which the judge could make the necessary determination. While this portion of Shepard seems to indicate that only that which is \u201cof record\u201d may be used by the sentencing judge, and here there was nothing \u201cof record\u201d to indicate whether Appellant\u2019s prior convictions arose from separate criminal transactions, reading Bradley alongside the Apprerafi-based decisions, Section 9714 can be construed so as to comport with the constitutional requirements.\nIn Bradley, we granted allocatur to define the term \u201ctransaction\u201d for purposes of Section 9714 in order to determine whether \u201ctwo prior armed robbery convictions arose from separate criminal transactions such that appellant was properly sentenced under ... 42 Pa.C.S. \u00a7 9714(a)(2).\u201d Id. at 144, 834 A.2d at 1128. Following a conviction for, inter alia, escape, Taboo Bradley was sentenced under Section 9714(a)(2). He had been convicted of two robberies in 1991, which occurred approximately one-half of an hour apart, and over three miles from one another. Id. at 145, 834 A.2d at 1129. The Commonwealth argued that Section 9714 should be applied. Bradley argued \u201cthat he should not be sentenced under the \u2018three strikes\u2019 law because the 1991 robberies arose from a single criminal transaction.\u201d Id. at 146, 834 A.2d at 1129. Both sides introduced evidence from which the sentencing court concluded \u201cthat the 1991 robbery convictions constituted two predicate crimes of violence from separate criminal transactions,\u201d applied Section 9714, and ordered Bradley to serve a 25 to 50 year prison sentence. Id.\nIn order to establish jurisdiction, the Bradley Court explained that defining \u201ctransaction\u201d was a matter of statutory construction, i.e. \u201ca pure question of law,\u201d and that the appellant was not requesting review of the discretionary aspects of the sentences. This was necessary because this Court generally does not engage in review of the discretionary aspects of sentences. See 42 Pa.C.S. \u00a7 9781(f). Thus, for purposes of application to resolution of the matter sub judiee, the Bradley holding established that a determination of whether the events at issue constitute a separate criminal transaction for purposes of Section 9714 constituted a question of law, and that a sentence imposed pursuant to Section 9714 without the necessary proof that the prior crimes arose from separate criminal transactions is an illegal sentence. Bradley, 575 Pa. at 149, 834 A.2d at 1131. Having established jurisdiction, the Bradley Court then turned to the merits; based upon the facts established in the record, we reached the legal conclusion that the relationship between the prior convictions established, within the language provided by the General Assembly in Section 9714, that \u201ctwo separate criminal transactions were involved.\u201d Id.\nIn the matter sub judiee, we find the Superior Court was incorrect to imply that Bradley, standing alone, provided a basis to dispose of the constitutional claim advanced by Appellant. Bradley did not probe the nuanced constitutional question of which decisions must be made by a jury. Instead, it merely fleshed out the definition of the terms provided by statute through application of the principles of statutory construction to what was a pure question of law. Bradley, 575 Pa. at 149, 834 A.2d at 1131 (2003). However, the other basis for the Superior Court\u2019s decision \u2014 that the interrelatedness at issue here falls within the \u201cfact of a prior conviction\u201d exception to Apprendi \u2014 when read alongside Bradley, does provide a basis to affirm.\nWe agree with the Commonwealth that the finding of separateness required by Section 9714 is not too far afield from the conclusive significance of the facts about prior convictions, as illustrated in Shepard, to run afoul of the exception to Apprendi. Shepard, 544 U.S. at 25, 125 S.Ct. at 1262-63. While Appellant has put forth a color-able argument that the logical and temporal relationship between the predicate crimes requires an analysis that is not resolved by consideration of facts proved in the prior prosecutions, that argument does not establish a constitutional violation because the analysis due, read in light of Bradley, is not fact-finding. The nature of the authorized sources identified in Shepard tells us that if the subject determination can be made by rebanee upon objective facts that were proved as part of the underlying conviction, then those facts are imbued with the conclusive significance that permits a sentencing court to make its legal conclusions based upon them. In this way, we agree with the Commonwealth that the \u201cfacts\u201d needed to impose the Section 9714 enhanced penalties are available to a sentencing court through official court records. It is those facts that provide the basis for the sentencing court to decide whether to impose the enhanced penalties under Section 9714.\nAs we apply this analysis to the instant record, we note that the parties stipulated that court records would establish Appellant\u2019s predicate convictions. N.T. 4/26/05, 21-22. Thus, the dates of the predicate crimes, part of the record in those cases, were uncontested. Armed with that information, the sentencing court needed only to conduct the legal analysis and determine whether Appellant\u2019s predicate first-degree felony convictions arose from separate criminal transactions. Therefore, we perceive no due process violation obtaining from the proceedings below. This determination comports with this Court\u2019s prior decisions addressing the process due under Apprendi and the United States Constitution. Appellant has failed to argue or establish a basis to conclude that the Pennsylvania Constitution requires anything more.\nFor the reasons set forth above, the order of the Superior Court is affirmed. Jurisdiction is relinquished.\nJustice BAER and FITZGERALD join the opinion.\nJustice CASTILLE files a concurring opinion.\nJustice SAYLOR files a concurring opinion in which Chief Justice CAPPY joins.\nJustice EAKIN files a concurring opinion.\n. In Apprendi, the United States Supreme Court held a New Jersey hate-crime statute unconstitutional because it permitted the imposition of a twenty year sentence in place of the otherwise applicable ten year maximum if the judge determined, by a preponderance of the evidence, that the crime was perpetrated in violation of the statute. The United States Supreme Court determined that any facts, \"other than the fact of a prior conviction,\u201d that subject a defendant to any additional penalty beyond a statutory maximum must be submitted to a jury and be found proved beyond a reasonable doubt. Id. at 490, 120 S.Ct. at 2362.\n. As explained in detail below, Appellant\u2019s constitutional claims, that his right to trial by jury and to have the separateness at issue be proved beyond a reasonable doubt were violated, are based generally on the case law interpreting the federal and state Constitutions. Appellant generally contends that the \"Due Process Clause of the Fourteenth Amendment to the United States Constitution, which is applicable to state criminal proceedings, incorporates the protections of jury trial and the evidentiary burden of beyond a reasonable doubt, in some components of the criminal process.\u201d Brief of Appellant at 17 n. 5. Beyond this, Appellant fails to identify the particular Constitutional provisions upon which he specifically relies. However, it is clear that the federal case law relied upon by Appellant has interpreted the issue before this Court vis a vis the due process, notice, and jury trial guarantees of the Fifth, Sixth, and Fourteenth Amendments to the United States Constitution. Apprendi. Although Appellant fails to develop an argument that the Pennsylvania Constitution provides a separate basis to reverse the decision below, we note that in the past we have considered similar arguments against the backdrop of Article 1, Sections 6 and 9 of the state Constitution. See Aponte, and note 11, infra.\n. Arguing for imposition of a sentence pursuant to Section 9714, the Commonwealth pointed out to the sentencing court that Appellant had over twenty prior arrests, including nine prior convictions. Of these prior convictions, the convictions upon which the Commonwealth argued for application of Section 9714\u2019s enhanced penalties included a robbery in Philadelphia County for which he was arrested in September 1987 and sentenced in May 1988, and another robbery in Philadelphia County for which he was arrested in December 1987 and also sentenced in May 1988. See N.T. April 26, 2004 Sentencing Hearing at 21-24, 31-36, Notably, the December 19, 2003 sentence could only have been imposed pursuant to that court\u2019s determination that Section 9714\u2019s enhanced penalties applied.\n. Appellant would have been subject to a sentence of no more than twenty years of imprisonment on the kidnapping conviction had he not been subjected to the enhanced penalties authorized by Section 9714.\n. We ruled an unrelated portion of this statute to be unconstitutional in Commonwealth v. Butler, 563 Pa. 324, 760 A.2d 384 (2000), on procedural due process grounds.\n. We note that Section 102 of Title 42, Judiciary and Judicial Procedure, defines \"court\u201d to include \"any one or more of the judges of the court who are authorized by general rule or rule of court, or by law or usage, to exercise the powers of the court in the name of the court.\u201d It is clear that \"court\u201d does not also mean \"jury.\u201d See Mishoe v. Erie Ins. Co., 573 Pa. 267, 274-75, 824 A.2d 1153, 1157 (2003) (holding that the Judicial Code's definition of \u201ccourt\u201d is limited to the role of judges and for purposes of the statute the word does not also include \"jury\u201d within its ambit.).\n.See note 1, supra.\n. Judge Todd filed a concurring memorandum in which she opined that the life sentence did not constitute an abuse of discretion; she found that the sentence imposed had sound reasoning. Commonwealth v. Gordon, 902 A.2d 976 (Pa.Super.2006) (Todd, J. concurring). Nevertheless, Judge Todd concurred with the majority that the sentence should be vacated because, in her view, Appellant\u2019s argument was correct that Section 9714 violated the right to trial by jury under the Apprendi line of case \u201cto the extent that it permits a trial court to sentence a defendant to life imprisonment if the trial court, as opposed to a jury, determines that a sentence of [twenty-five] years imprisonment is insufficient to protect the public safety.\u201d Super. Ct. slip op. at 3 (Todd, J., concurring). Since Appellant\u2019s life sentence was vacated and Appellant did not pursue this argument in his Petition for Allowance of Appeal, the concerns raised in Judge Todd\u2019s concurring opinion are not at issue here. The Appellant\u2019s Petition for Allowance of Appeal concerned only the \"separate criminal transactions\u201d language of \u00a7 9714(a)(2).\n. The closest this Court has come to addressing this question in relation to \u00a7 9714(a)(2) was in Commonwealth v. Belak, 573 Pa. 414, 420 n. 10, 825 A.2d 1252, 1256 n. 10 (2003). The appellant in Belak challenged the Three Strikes statute on Apprendi grounds, insisting that whether his predicate convictions were crimes of violence must have been submitted to a jury, but failed to properly raise the issue. \u201cBelak did not raise this issue in his petition for allowance of appeal or in his initial brief to this Court, but rather, raised it for the first time in his reply brief,\" so we did not address it. Id.\n. We note that Appellant does not offer any basis for this Court to conduct a different analysis under the Pennsylvania Constitution. Although Appellant argues the jury trial guarantees of both constitutions are violated, he acknowledges the result that obtains from this Court\u2019s analysis, whatever it may be, will be the same under both state and federal constitutions. Brief of Appellant at 26.\n. The Commonwealth also relies upon federal decisions that have found no Apprendi-based due process violation occurs when a judge determines whether prior felony or drug offenses were committed on occasions different from one another, pursuant to the Armed Career Criminal Act, 18 U.S.C. \u00a7 924(e)(1). Brief of Appellee at 19-24. Section 924(e)(1) provides:\nIn the case of a person who violates section 922(g) of this title and has three previous convictions by any court referred to in section 922(g)(1) of this title for a violent felony or a serious drug offense, or both, committed on occasions different from one another, such person shall be fined under this title and imprisoned not less than fifteen years, and, notwithstanding any other provision of law, the court shall not suspend the sentence of, or grant a probationary sentence to, such person with respect to the conviction under section 922(g).\n18 U.S.C. \u00a7 924(e)(1). We find the cases cited by the Commonwealth to be unpersuasive, however, because of the critical difference between the objective determination required under this federal statute and the subjective one required under the Pennsylvania statute here at issue. As Appellant ably points out in his Reply Brief, the federal statute requires only that the predicate crimes occurred on different dates. The terminology at issue in these statutory interpretation cases is necessarily not instructive on the matter before this Court, which interprets only Section 9714. Shepard makes clear that the determination required under the federal statute there at issue is one that falls within the fact of a prior conviction exception to the Apprendi rule. The matter sub judice, however, is not quite as plain because the separateness or interrelatedness of prior crimes is not dependent on the occurrence being on the same or different dates.\n. Section 780-115(a) doubles available penalties following a second or subsequent conviction for violating The Controlled Substance, Drug, Device and Cosmetic Act, 75 P.S. \u00a7 780.\n. Pa.C.S. 1922(3) (\"In ascertaining the intention of the General Assembly in the enactment of a statute the following presumptions, among others, may be used: (3) That the General Assembly does not intend to violate the Constitution of the United States or of this Commonwealth.\u201d); See generally Searfoss v. School Dist. of Borough of White Haven, 397 Pa. 604, 156 A.2d 841, 843 (1959) (\"A statute should not be declared unconstitutional unless it violates the constitution clearly, palpably, plainly and in such manner as to leave no doubt or hesitation in the mind of the Court.\u201d).\n. The Commonwealth \"introduced certified copies of the criminal indictments charging appellant with the 1991 robberies. In addition, the Commonwealth presented testimony concerning the circumstances of the prior offenses.\u201d Bradley, 575 Pa. at 145, 834 A.2d at 1129.\n. Stated otherwise, even if we were to side with the Appellant in this case, the core holding in Bradley would survive; we would simply require that juries employ the Bradley definition of what constitutes a \"transaction\u201d within the context of Section 9714.\n. The United States Supreme Court\u2019s 1998 decision in Almendarez-Torres v. United States, 523 U.S. 224, 118 S.Ct. 1219, 140 L.Ed.2d 350 (1998), established that fact of a prior conviction, i.e. the existence of the prior conviction, is not itself an element of a crime. Therefore, it need not be found by a jury. Id. at 239-48, 523 U.S. 224, 118 S.Ct. 1219, 140 L.Ed.2d 350. Almendarez-Torres is the wellspring for the exception to the rule announced in Apprendi. Sentencing factors, particularly those related to recidivism, are not to be treated, or proved, as elements of a crime; therefore, they need not be proved to a jury by the beyond a reasonable doubt burden of proof. Id. at 241, 118 S.Ct. at 1229. The exception announced in Apprendi is tied to the decision in Almendarez-Torres.\n. We note that, during oral argument, the Commonwealth conceded to Appellant\u2019s position that if the convictions records did not provide a basis upon which a sentencing court could determine if the prior convictions arose from separate criminal transactions, a jury may need to be convened to adduce necessary facts. For the reasons explained above, however, this concession is of no consequence to the outcome of the matter sub judice, where the facts of the prior convictions (sufficient to determine if those convictions arose from separate criminal transactions) were made clear by court records.",
        "type": "majority",
        "author": "Justice BALDWIN."
      },
      {
        "text": "Justice EAKIN,\nconcurring.\nI agree with Justice Castille\u2019s position on waiver of issues related to the non-retroactive Apprendi case, and decline to join footnote eleven. Otherwise, I join the majority.",
        "type": "concurrence",
        "author": "Justice EAKIN,"
      },
      {
        "text": "Justice SAYLOR,\nconcurring.\nI join the majority opinion and its resolution of Appellant\u2019s facial constitutional challenge to Section 9714\u2019s third strike provision, except in the following respects.\nFirst, I disassociate myself from footnote 11 of the majority opinion, in which a plurality of Justices characterizes the line of federal decisions arising under the Armed Career Criminal Act (the \u201cACCA\u201d) as unpersuasive. See Majority Opinion, op. at 181 n. 11. In my view, such decisions are analogous, highly instructive, and particularly persuasive \u2014 indeed, they apply a rationale that closely parallels that upon which the majority ultimately settles. These decisions recognize that the salient question of \u201cseparateness\u201d of criminal offenses for purposes of a recidivist sentencing statute may be fact-driven, but reason that the factual aspect of \u201cseparateness\u201d is not different in kind from the types of factual matters already left to the sentencing judge under the Apprendi line of decisions. See Santiago, 268 F.3d at 156. Thus, I am able to agree with both the federal courts and the majority that, in the ordinary case, separateness may be established before a judge in a sentencing proceeding through the use of Shepard-approved sources. Accord Thompson, 421 F.3d at 282-83 (citing Shepard v. United States, 544 U.S. 13, 125 S.Ct. 1254, 161 L.Ed.2d 205 (2005)).\nSecond, I have a modest difference with the majority to the degree that its opinion can be read as addressing Appellant\u2019s claim as an as-applied constitutional challenge to the procedure employed by the sentencing court, or as a challenge to the merits of the sentencing court\u2019s actual determination of separateness. See, e.g., Majority Opinion, op. at 186, n. 17 (indicating that the \u201cfacts of the prior convictions (sufficient to determine if those convictions arose from separate criminal transactions) were made clear by court records\u201d). In this regard, I have not consulted the original record in light of the facial nature of the actual constitutional challenge accepted for review and presented. Thus, I would only note that the litigants and the sentencing and reviewing courts in their opinions did not focus on a particularized assessment of subsidiary facts associated with the prior convictions, nor did they develop dates and particular locations with regard to the two relevant Philadelphia-based offenses. That said, to the degree that the majority is commenting the propriety of the actual sentence in terms of the separateness inquiry, I do not dispute that, facially, its determination appears to be well founded.\nChief Justice CAPPY joins this concurring opinion.\n. See, e.g., United States v. Harris, 447 F.3d 1300, 1304 (10th Cir.2006) (\"The time, place, and substance of the prior convictions can ordinarily be ascertained from court records associated with the convictions, and the Supreme Court has held that the Constitution allows sentencing courts to rely on such records to make findings about prior convictions.\u201d); United States v. Thompson, 421 F.3d 278, 282 (4th Cir.2005) (\"The Supreme Court has declined to attempt extraction of the mere fact of a prior conviction, stripped of all content.\u201d); United States v. Santiago, 268 F.3d 151 (2001) (\"The determination of \u2018the fact of a prior conviction\u2019 implicitly entails many subsidiary findings!)]\u201d).\nThe plurality differentiates the federal cases based on the assertion that they implement a rigid \"different dates\u201d construction of the ACCA's \"separate occasions\u201d requirement. See Majority Opinion, op. at 181 n. 11. By my reading, however, this line of decisions does not hinge exclusively on the date of a criminal offense, but rather, applies an evaluative separateness rationale very similar to what is required under Pennsylvania\u2019s three-strikes provision. See, e.g., United States v. White, 465 F.3d 250, 253 (5th Cir.2006) (describing the relevant inquiry under the ACCA as subsuming a requirement that the convictions must arise from \"separate criminal transactions\u201d and summarizing various cases in which offenses were found to have occurred on \u201cseparate occasions,\u201d despite their commission on the same day).\n. I would also note that this Court's holding in Commonwealth v. Shiffler, 583 Pa. 478, 879 A.2d 185 (2005), that Section 9714 requires sequential convictions, when viewed in juxtaposition with the statutory compulsory join-der rule, see 18 Pa.C.S. \u00a7 110, provides a degree of additional assurance that the individual strikes under Section 9714 are for crimes that are sequential in nature.\n. What is known from the briefs and the judicial opinions is that the arrests for these offenses were on separate occasions.",
        "type": "concurrence",
        "author": "Justice SAYLOR,"
      },
      {
        "text": "Justice CASTILLE,\nconcurring.\nI join the Majority Opinion, with the exception of the points I set forth below.\nCiting a non-binding Superior Court decision, the Majority states that Apprendi claims raise questions implicating the \u201clegality\u201d of a sentence, rather than the discretionary aspects of the sentence. Majority Op. at 175. I certainly agree that a valid Apprendi claim does not implicate discretionary sentencing. Moreover, there is precedent from this Court which supports the Majority\u2019s broad statement. See Commonwealth v. Roney, 581 Pa. 587, 866 A.2d 851, 359 n. 32 (2005), cert. denied, 546 U.S. 860, 126 S.Ct. 139, 163 L.Ed.2d 141 (2005). However, in my Concurring Opinion in Roney, I noted my disagreement with the notion that a new constitutional sentencing rule from the U.S. Supreme Court, which the High Court says is not to apply retroactively, should operate to make a waived Apprendi-type claim non-waivable. I continue to believe that the Roney footnote obviously was wrong. Ap-prendi claims are not claims implicating the \u201clegality\u201d of a sentence, at least for purposes of waiver. See id., at 362-63 (Castille, J., concurring).\nOn a related note, I respectfully disagree with the Majority\u2019s characterization of Commonwealth v. Bradley, 575 Pa. 141, 834 A.2d 1127 (2003), as holding that \u201ca sentence imposed pursuant to 42 Pa.C.S. \u00a7 9714 without the necessary proof that the prior crimes arose on separate criminal transactions is an illegal sentence.\u201d Majority Op. at 185. This author\u2019s analysis in Bradley was more nuanced. As I explained in that decision:\nMoreover, if appellant\u2019s claim proved to have merit, it would implicate the legality of his sentence. \u201cAn illegal sentence is one that exceeds the statutory limits.\u201d Commonwealth v. Hunter, 768 A.2d 1136, 1144 n. 3 (Pa.Super.2001), quoting Commonwealth v. Archer, 722 A.2d 203, 209 (Pa.Super.1998) (en banc). Appellant was convicted of aggravated assault upon Officer Reigle under 18 Pa.C.S. \u00a7 2702(a)(2), which is classified as a felony of the first degree. Id. \u00a7 2702(b). The Crimes Code permits a sentence of no more than twenty years of imprisonment for a first-degree felony. See 18 Pa.C.S. \u00a7 1103(1). Thus, the 25 to 50 year sentence imposed by the trial court for this offense would exceed the statutory limit and be illegal unless the \u201cthree strikes\u201d provision of Section 9714 applies. Under these circumstances, we conclude that appellant\u2019s claim implicates the legality of his sentence. Accordingly, he may raise the question as a matter of right and our jurisdiction over the claim is correspondingly secure. See 42 Pa.C.S. \u00a7 9781(a) (\u201cThe defendant or the Commonwealth may appeal as of right the legality of the sentence.\u201d).\nId. at 1131 (emphasis added). The analysis in Bradley only focused on whether there was \u201cnecessary proof\u2019 of separate criminal transactions after first considering whether the sentence exceeded the statutory limit in the first instance. If so, then proper application of Section 9714 would be required to save an otherwise illegal sentence from illegality.\nFinally, I do not join footnote 11 of the Majority Opinion as I find its discussion unnecessary.\nWith the exception of the above points, I join the Majority Opinion.\n. Apprendi v. New Jersey, 530 U.S. 466, 120 S.Ct. 2348, 147 L.Ed.2d 435 (2000).",
        "type": "concurrence",
        "author": "Justice CASTILLE,"
      }
    ],
    "attorneys": [
      "Karl Baker, Esq., Peter Rosalsky, Esq., Defender Association of Philadelphia, Philadelphia, for Edward Gordon.",
      "Hugh J. Burns, Jr., Esq., Peter Carr, Philadelphia District Attorneys Office, for Commonwealth of Pennsylvania."
    ],
    "corrections": "",
    "head_matter": "COMMONWEALTH of Pennsylvania, Appellee, v. Edward GORDON, Appellant.\nSupreme Court of Pennsylvania.\nArgued April 16, 2007.\nDecided Dec. 28, 2007.\nKarl Baker, Esq., Peter Rosalsky, Esq., Defender Association of Philadelphia, Philadelphia, for Edward Gordon.\nHugh J. Burns, Jr., Esq., Peter Carr, Philadelphia District Attorneys Office, for Commonwealth of Pennsylvania.\nBEFORE: CAPPY, C.J., and CASTILLE, SAYLOR, EAKIN, BAER, BALDWIN and FITZGERALD, JJ."
  },
  "file_name": "0174-01",
  "first_page_order": 204,
  "last_page_order": 219
}
