{
  "id": 8390887,
  "name": "AMERICA ONLINE, INC., Petitioner v. COMMONWEALTH of Pennsylvania, Respondent",
  "name_abbreviation": "America Online, Inc. v. Commonwealth",
  "decision_date": "2008-01-30",
  "docket_number": "",
  "first_page": "236",
  "last_page": "240",
  "citations": [
    {
      "type": "official",
      "cite": "942 A.2d 236"
    }
  ],
  "court": {
    "name_abbreviation": "Pa. Commw. Ct.",
    "id": 11887,
    "name": "Commonwealth Court of Pennsylvania"
  },
  "jurisdiction": {
    "id": 6,
    "name_long": "Pennsylvania",
    "name": "Pa."
  },
  "cites_to": [
    {
      "cite": "47 U.S.C. \u00a7 151",
      "category": "laws:leg_statute",
      "reporter": "U.S.C.",
      "opinion_index": 0
    },
    {
      "cite": "112 Stat. 2681",
      "category": "laws:leg_session",
      "reporter": "Stat.",
      "opinion_index": 0
    },
    {
      "cite": "845 A.2d 762",
      "category": "reporters:state_regional",
      "reporter": "A.2d",
      "case_ids": [
        91631,
        9274015
      ],
      "weight": 2,
      "year": 2004,
      "opinion_index": 0,
      "case_paths": [
        "/pa/577/0328-01",
        "/a2d/845/0762-01"
      ]
    },
    {
      "cite": "577 Pa. 328",
      "category": "reporters:state",
      "reporter": "Pa.",
      "case_ids": [
        91631
      ],
      "year": 2004,
      "opinion_index": 0,
      "case_paths": [
        "/pa/577/0328-01"
      ]
    },
    {
      "cite": "799 A.2d 902",
      "category": "reporters:state_regional",
      "reporter": "A.2d",
      "case_ids": [
        9415627
      ],
      "opinion_index": 0,
      "case_paths": [
        "/a2d/799/0902-01"
      ]
    },
    {
      "cite": "932 A.2d 332",
      "category": "reporters:state_regional",
      "reporter": "A.2d",
      "case_ids": [
        8345662
      ],
      "weight": 2,
      "opinion_index": 0,
      "case_paths": [
        "/a2d/932/0332-01"
      ]
    }
  ],
  "analysis": {
    "cardinality": 498,
    "char_count": 11450,
    "ocr_confidence": 0.684,
    "pagerank": {
      "raw": 8.138363859351185e-08,
      "percentile": 0.4731019067134802
    },
    "sha256": "481575790a8edf76b2ad9bcf10d0909ae2c9d7ed387c8d4169dff5e1b5533ffe",
    "simhash": "1:aed1b4f9646c1d3d",
    "word_count": 1736
  },
  "last_updated": "2024-02-27T20:50:41.140765+00:00",
  "provenance": {
    "date_added": "2019-08-29",
    "source": "Harvard",
    "batch": "2018"
  },
  "casebody": {
    "judges": [
      "BEFORE: LEADBETTER, President Judge, McGINLEY, Judge, SMITH-RIBNER, Judge, PELLEGRINI, Judge, FRIEDMAN, Judge, SIMPSON, Judge, and LEAVITT, Judge."
    ],
    "parties": [
      "AMERICA ONLINE, INC., Petitioner v. COMMONWEALTH of Pennsylvania, Respondent."
    ],
    "opinions": [
      {
        "text": "OPINION BY\nJudge McGINLEY.\nAmerica Online, Inc. (Taxpayer) has filed exceptions to this Court\u2019s September 7, 2007, opinion and order affirming the Board of Finance and Revenue\u2019s (BFR) denial of Taxpayer\u2019s request for a refund of sales and use tax paid on \u201cport modem management service\u201d provided by Sprint Communications (Sprint) from November 1, 2000, through December 31, 2001. After review this Court denies the exceptions.\nThe underlying facts stipulated to by the parties and based upon exhibits and deposition testimony are set forth in the panel opinion and need not be reiterated in their entirety. For review of the exceptions it is sufficient to note that Taxpayer paid sales and use tax pursuant to the Tax Reform Code of 1971 (Tax Code), on services purchased from Sprint for the maintenance of port modems which were leased to Taxpayer from a third party and physically located in a facility maintained by Sprint. Taxpayer sought a refund of taxes paid on the services, which it claimed were non-taxable as enhanced telecommunications services as defined by Pennsylvania Department of Revenue Policy Statement 60.20, 61 Pa.Code \u00a7 60.20.\nBefore the Court en banc, Taxpayer maintains that the panel majority erred with respect to many of its holdings and conclusions. After providing the proper statutory framework for this Court\u2019s analysis, Taxpayer\u2019s contentions are addressed in order.\nThe Tax Code provides that purchases of tangible personal property are subject to sales and use tax. Section 202 of the Tax Code, 72 P.S. \u00a7 7202. Under the Tax Code, telecommunications services are tangible personal property. Section 201(m) of the Tax Code, 72 P.S. \u00a7 7201(m). Relevantly, telecommunications services are defined by Section 201(rr) of the Tax Code, 72 P.S. \u00a7 7201(rr), as:\nAny one-way transmission or any two-way, interactive transmission of sounds, signals, or other intelligence converted to like form, which effects or is intended to effect meaningful communications by electronic or electromagnetic means via wire, cable, satellite, light waves, microwaves, radio waves, or other transmission media. The terms include all types of telecommunication transmissions, such as local, toll, wide-area or any other type of telephone service.... The term does not include any of the following:\n(3) Charges for access to the Internet. Access to the Internet does not include any of the following:\n(B) Telecommunication services purchased by an Internet service provider to deliver access to the Internet to its customers.\nIt follows that telecommunications services purchased by an internet service provider such as Taxpayer are subject to sales and use tax unless they are excluded from taxation by another provision of the Tax Code. \u201cEnhanced telecommunications services\u201d are exempt from sales and use taxation. 61 Pa.Code \u00a7 60.20. Enhanced telecommunications services are:\n(i) Services, offered over a telecommunications network, which employ computer processing applications that include one or more of the following:\n(A) Acts on the format, content, code, protocol, or similar aspects of the purchaser\u2019s transmitted information.\n(B) Provides the purchaser additional, different or restructured information.\n(C) Involves the purchaser\u2019s interaction with stored information.\n(ii) Examples of enhanced telecommunications services include electronic publishing, Internet access, voice mail and electronic mail services. Services utilizing any of the computer processing applications in subparagraph (i) solely for the management, control or operation of a telecommunications system or the management of a telecommunications service is not an enhanced telecommunication service, (emphasis added).\n61 Pa.Code \u00a7 60.20(a).\nFirst, Taxpayer contends that the panel majority erred in its determination that \u201cport modem management service\u201d purchased by Taxpayer from Sprint did not constitute \u201cenhanced telecommunications service\u201d under 61 Pa.Code Section 60.20, but was instead a collection of taxable and non-taxable services which were subject to tax under the \u201cpredominant purpose\u201d test of 72 P.S. \u00a7 7201(k)(9), which provides:\nWhere tangible personal property or services are utilized for purposes constituting a \u201csale at retail\u201d and for purposes excluded from the definition of \u201csale at retail,\u201d it shall be presumed that such tangible personal property or services are utilized for purposes constituting a \u201csale at retail\u201d and subject to tax unless the user thereof proves to the department that the predominant purposes for which such tangible personal property or services are utilized do not constitute a \u201csale at retail.\u201d\n72 P.S. \u00a7 720100(9),\nTaxpayer insists that the services purchased from Sprint are enhanced telecommunications services, not tangible personal property subject to the provisions of Section 201 of the Tax Code, 72 P.S. \u00a7 7201 governing a sale at retail. As the panel majority held, however, the services purchased from Sprint were not enhanced telecommunications services, but rather basic telecommunications services and subject to sales and use tax.\nSimply stated, the services Taxpayer purchased from Sprint fall within the very definition of telecommunications services found in Section 201(rr) of the Tax Code, 72 P.S. \u00a7 7201(rr), \u201c[a]ny one-way transmission or any two-way, interactive transmission of sounds, signals, or other intelligence converted to like form, which effects or is intended to effect meaningful communications by electronic or electromagnetic means via wire, cable, satellite, light waves, microwaves, radio waves, or other transmission media.\u201d To be enhanced telecommunications services the services must fall under 60.20. However, the purpose of Taxpayer\u2019s purchase of service from Sprint was to effect the \u201ctwo-way, interactive transmission of sounds, signals, or other intelligence converted to like form, which effects or is intended to effect meaningful communications by electronic or electromagnetic means via wire, cable, satellite, light waves, microwaves, radio waves, or other transmission media.\u201d The panel majority did not err in finding the services to be telecommunications services under Section 201(rr) of the Tax Code, 72 P.S. \u00a7 7201(rr), and thus subject to the predominant purpose test.\nNext, Taxpayer maintains that the panel majority erred by holding that if the services were enhanced telecommunications services, any enhancements were attributable to equipment leased by Taxpayer from a third party rather than to Sprint. The reasoning of the panel majority is sound. Any taxable sales that fell into the exemption under 61 Pa.Code \u00a7 60.20(i)(A) would not have been paid to Sprint, for Sprint did not provide these services. The \u201c[a]cts on the format, content, code, protocol, or similar aspects of the purchaser\u2019s transmitted information\u201d occurred within the modems Taxpayer leased, and were not part of the bundle of services purchased by Taxpayer from Sprint. Rather, Sprint physically maintained the modems.\nThird, Taxpayer contends that the panel majority erred by concluding that the enhanced functionality of the port modem management service was used solely for the management and operation of a telecommunications system or service, and therefore was not an enhanced telecommunications service. \u201cServices utilizing any of the computer processing applications in subparagraph (i) solely for the management, control or operation of a telecommunications system or the management of a telecommunications service is not an enhanced telecommunication service.\u201d 61 Pa.Code \u00a7 60.20(ii). This Court believes that the exception in subparagraph (ii) exactly describes the type of services that Sprint provided. Sprint\u2019s maintenance of the modems and backbone usage/radius server operation of providing IP addresses was to enable functional operation of the network. Assuming ar-guendo if the services are enhanced telecommunication services, they are excluded from the tax exemption because they were for the management, control or operation of the network.\nFinally, Taxpayer maintains that the panel majority erred because Taxpayer maintains that the federal Internet Tax Freedom Act (ITFA), bars the Commonwealth from imposing tax on the port modem management service. The ITFA applies only to prohibit taxation on Internet access and e-commerce. Section 201(rr) of the Tax Code, 72 P.S. \u00a7 7201(rr), provides that \u201c[ajccess to the Internet does not include ... [telecommunication services purchased by an Internet service provider to deliver access to the Internet to its customers.\u201d The version of the ITFA in effect during the taxable period defined \u201cInternet access\u201d as \u201ca service that enables users to access content, information, electronic mail, or other services offered over the Internet and may also include access to proprietary content, information and other services as part of a package of services offered to consumers. Such term does not include telecommunications services.\u201d Section 1104(5) of the ITFA. Taxpayer neither escapes taxation under the federal nor the state definition. The Tax Code makes clear that the services taxpayer purchased from Sprint are taxable, as these services are excluded from the definition of \u201cInternet access.\u201d Under the federal definition, such exclusion is also apparent.\nFurther the services are not e-commerce, and no refuge may be found in this definition by Taxpayer. \u201cE-commerce\u201d is defined as \u201cany transaction conducted over the Internet or through Internet access, comprising the sale, lease, license, offer or delivery of property, goods, services, or information, whether or not for consideration, and includes the provision of Internet access.\u201d Section 1104(3) of the IFTA. The purchase of the telecommunications services was not conducted \u201cover the Internet or through Internet access,\u201d and therefore does not qualify as \u201ce-commerce.\u201d\nAccordingly, the opinion and order of the panel majority is affirmed.\nORDER\nAND NOW, this 30th day of January, 2008, America Online Inc.\u2019s exceptions to this Court\u2019s opinion and order in America Online, Inc. v. Commonwealth, 932 A.2d 332 (Pa.Cmwlth.2007) AOL I, are denied. Judgment in accordance with AOL I shall be entered in favor of the Commonwealth of Pennsylvania, plus appropriate interest.\n. America Online, Inc. v. Commonwealth, 932 A.2d 332 (Pa.Cmwlth.2007).\n. Act of March 4, 1971, P.L. 6, as amended, 72 P.S. \u00a7 7202.\n. Although this Court hears appeals from the Board of Finance and Revenue in our appellate jurisdiction, this Court also functions as a trial court. Bell Atlantic Mobile Systems, Inc. v. Commonwealth, 799 A.2d 902 (Pa.Cmwlth.2002), aff'd per curiam, 577 Pa. 328, 845 A.2d 762 (2004). A stipulation of facts is binding and conclusive upon the Court, but the Court draws its own legal conclusions from those facts. Id.\n. Internet Tax Freedom Act, Pub.L. 105-277, Div. C, Tide XI, \u00a7\u00a7 1100-1104, \u00a7 1101(a)(1)-(2), 112 Stat. 2681-719 (1998) (current version at 47 U.S.C. \u00a7 151 note).",
        "type": "majority",
        "author": "Judge McGINLEY."
      }
    ],
    "attorneys": [
      "James L. Fritz, Harrisburg and Martin I. Eisenstein, Lewiston, ME, for petitioner.",
      "Karen M. Gard, Sr. Deputy Attorney General, Harrisburg, for respondent."
    ],
    "corrections": "",
    "head_matter": "AMERICA ONLINE, INC., Petitioner v. COMMONWEALTH of Pennsylvania, Respondent.\nCommonwealth Court of Pennsylvania.\nArgued Dec. 12, 2007.\nDecided Jan. 30, 2008.\nJames L. Fritz, Harrisburg and Martin I. Eisenstein, Lewiston, ME, for petitioner.\nKaren M. Gard, Sr. Deputy Attorney General, Harrisburg, for respondent.\nBEFORE: LEADBETTER, President Judge, McGINLEY, Judge, SMITH-RIBNER, Judge, PELLEGRINI, Judge, FRIEDMAN, Judge, SIMPSON, Judge, and LEAVITT, Judge."
  },
  "file_name": "0236-01",
  "first_page_order": 266,
  "last_page_order": 270
}
