{
  "id": 8391066,
  "name": "Todd WILSON, Petitioner v. Commonwealth of PENNSYLVANIA BOARD OF PROBATION AND PAROLE, Department of Corrections Commonwealth of Pennsylvania, Respondents",
  "name_abbreviation": "Wilson v. Commonwealth Board of Probation & Parole",
  "decision_date": "2008-02-15",
  "docket_number": "",
  "first_page": "270",
  "last_page": "274",
  "citations": [
    {
      "type": "official",
      "cite": "942 A.2d 270"
    }
  ],
  "court": {
    "name_abbreviation": "Pa. Commw. Ct.",
    "id": 11887,
    "name": "Commonwealth Court of Pennsylvania"
  },
  "jurisdiction": {
    "id": 6,
    "name_long": "Pennsylvania",
    "name": "Pa."
  },
  "cites_to": [
    {
      "cite": "597 A.2d 210",
      "category": "reporters:state_regional",
      "reporter": "A.2d",
      "case_ids": [
        1421215
      ],
      "year": 1991,
      "opinion_index": 0,
      "case_paths": [
        "/pa-commw/142/0232-01"
      ]
    },
    {
      "cite": "566 A.2d 643",
      "category": "reporters:state_regional",
      "reporter": "A.2d",
      "case_ids": [
        1395507
      ],
      "year": 1989,
      "opinion_index": 0,
      "case_paths": [
        "/pa-commw/129/0606-01"
      ]
    },
    {
      "cite": "425 F.Supp.2d 663",
      "category": "reporters:federal",
      "reporter": "F. Supp. 2d",
      "case_ids": [
        5370214
      ],
      "weight": 2,
      "opinion_index": 0,
      "case_paths": [
        "/f-supp-2d/425/0663-01"
      ]
    },
    {
      "cite": "688 A.2d 766",
      "category": "reporters:state_regional",
      "reporter": "A.2d",
      "case_ids": [
        7358704
      ],
      "opinion_index": 0,
      "case_paths": [
        "/a2d/688/0766-01"
      ]
    },
    {
      "cite": "536 U.S. 24",
      "category": "reporters:federal",
      "reporter": "U.S.",
      "case_ids": [
        1254852
      ],
      "weight": 8,
      "year": 2002,
      "pin_cites": [
        {
          "page": "36"
        },
        {
          "page": "37-38"
        },
        {
          "page": "41"
        }
      ],
      "opinion_index": 0,
      "case_paths": [
        "/us/536/0024-01"
      ]
    },
    {
      "cite": "712 A.2d 791",
      "category": "reporters:state_regional",
      "reporter": "A.2d",
      "case_ids": [
        11819579
      ],
      "pin_cites": [
        {
          "page": "794"
        }
      ],
      "opinion_index": 0,
      "case_paths": [
        "/a2d/712/0791-01"
      ]
    },
    {
      "cite": "731 A.2d 220",
      "category": "reporters:state_regional",
      "reporter": "A.2d",
      "case_ids": [
        11663413
      ],
      "weight": 2,
      "opinion_index": 0,
      "case_paths": [
        "/a2d/731/0220-01"
      ]
    },
    {
      "cite": "934 A.2d 1161",
      "category": "reporters:state_regional",
      "reporter": "A.2d",
      "case_ids": [
        8375328,
        3595812,
        3594636,
        3595279,
        8375375,
        8375350
      ],
      "year": 2007,
      "opinion_index": 0,
      "case_paths": [
        "/a2d/934/1161-01",
        "/pa/594/0056-01",
        "/pa/594/0057-01",
        "/pa/594/0055-01",
        "/a2d/934/1161-03",
        "/a2d/934/1161-02"
      ]
    },
    {
      "cite": "594 Pa. 56",
      "category": "reporters:state",
      "reporter": "Pa.",
      "case_ids": [
        3595812
      ],
      "year": 2007,
      "opinion_index": 0,
      "case_paths": [
        "/pa/594/0056-01"
      ]
    },
    {
      "cite": "894 A.2d 886",
      "category": "reporters:state_regional",
      "reporter": "A.2d",
      "opinion_index": 0
    }
  ],
  "analysis": {
    "cardinality": 564,
    "char_count": 9819,
    "ocr_confidence": 0.695,
    "pagerank": {
      "raw": 2.1278123214463117e-07,
      "percentile": 0.765444047123983
    },
    "sha256": "44254357acb4b70212e87350b04e467e78ecba93228eab5624de9e6c6ec7b735",
    "simhash": "1:a3016a2e9788ac04",
    "word_count": 1517
  },
  "last_updated": "2024-02-27T20:50:41.140765+00:00",
  "provenance": {
    "date_added": "2019-08-29",
    "source": "Harvard",
    "batch": "2018"
  },
  "casebody": {
    "judges": [
      "BEFORE: LEADBETTER, President Judge, and SIMPSON, Judge, and KELLEY, Senior Judge."
    ],
    "parties": [
      "Todd WILSON, Petitioner v. Commonwealth of PENNSYLVANIA BOARD OF PROBATION AND PAROLE, Department of Corrections Commonwealth of Pennsylvania, Respondents."
    ],
    "opinions": [
      {
        "text": "OPINION BY\nPresident Judge LEADBETTER.\nBefore the court are preliminary objections filed by the Pennsylvania Board of Probation and Parole and Department of Corrections to Todd Wilson\u2019s petition for review/mandamus.\nThe facts as averred in Wilson\u2019s petition for review are as follows. Wilson pleaded guilty to a charge of manufacture, delivery, or possession with intent to manufacture or deliver a controlled substance. A related charge of corruption of minors was withdrawn. The trial judge recommended Wilson for boot camp, but upon his arrival at SCI Houtzdale, Wilson was denied boot camp based on an institutional evaluation that he needed to complete the sex offender treatment program.\nWilson was evaluated for parole in February 2007, and parole was denied for the following reasons: minimization/denial of the nature and circumstances of the offense(s) committed, lack of remorse, negative recommendation made by the Department of Corrections, unacceptable compliance with prescribed institutional programs, need to participate in and complete additional institutional programs, and the interview with the hearing examiner. The parole denial decision informed Wilson that at his next parole interview, the Board would consider whether he successfully completed a treatment program for sex offenders and violence' prevention, whether he received a favorable recommendation from the Department of Corrections, and whether he maintained a clear conduct record and completed the prescriptive programs.\nWilson avers that he has not been tried or convicted on the charge of corruption of minors and that he was 19 years old at the time of the offense. He avers that to participate in the sex offender treatment program, which runs at least 18 months, he is forced to admit guilt to an offense for which he was not convicted. He avers that respondents are violating his due process and Fifth Amendment rights. Wilson seeks mandamus against \u201ceither one or both respondents\u201d and his request for relief appears to be limited to expungement of \u201cthe information\u201d from his file and such other relief as may be granted.\nMandamus is an extraordinary writ designed to compel performance of a ministerial act or mandatory duty where there exists a clear legal right in the petitioner, a corresponding duty in the respondent, and want of any other adequate and appropriate remedy. Sheffield v. Dep\u2019t of Corr., 894 A.2d 886 (Pa.Cmwlth.2006), affd, 594 Pa. 56, 934 A.2d 1161 (2007). Mandamus is not available to establish legal rights, but is appropriate only to enforce rights that have been established. Feigley v. Dep\u2019t of Corr., 731 A.2d 220 (Pa.Cmwlth.1999). In considering preliminary objections, we must consider as true all well-pleaded material facts set forth in the petition and all reasonable inferences that may be drawn from those facts. Sheffield. Preliminary objections will be sustained only where it is clear and free from doubt that the facts pleaded are legally insufficient to establish a right to relief. Id. We need not accept as true conclusions of law, unwarranted inferences from facts, argumentative allegations, or expressions of opinion. Myers v. Ridge, 712 A.2d 791, 794 (Pa.Cmwlth.1998).\nThe Department of Corrections raises three objections: lack of original jurisdiction over a grievance challenge not involving a constitutional or statutory violation of Wilson\u2019s rights, lack of verification, and a demurrer. The Board raises two objections: lack of verification and a demurrer.\nFirst, Wilson essentially contends that his Fifth Amendment right against self-incrimination is violated when, based on his refusal to participate in the sex offender treatment program, acknowledge his sexual history, and accept responsibility for past sexual misconduct and crimes, the Department of Corrections denies him a recommendation for parole and potential advancement toward eligibility for boot camp placement and the Board of Probation and Parole denies him parole even though he was not convicted of a sex offense.\nThe Fifth Amendment right against self-incrimination, which prohibits the government from compelling a person to give self-incriminating testimony in a criminal case, \u201cdoes not terminate at the jailhouse door. But the fact of a valid conviction and the ensuing restrictions on liberty are essential to the Fifth Amendment analysis.\u201d McKune v. Lile, 536 U.S. 24, 36, 122 S.Ct. 2017, 153 L.Ed.2d 47 (2002). In determining whether the Kansas Department of Corrections\u2019 sexual abuse treatment program violated a convicted sex offender\u2019s constitutional privilege against self-incrimination, the United States Supreme Court concluded that a prison rehabilitation program that bears a rational relation to a legitimate penological objective does not violate the privilege against self-incrimination if the adverse eonsequences for not participating are related to the program\u2019s objectives and do not constitute an atypical and significant hardship in relation to the ordinary incidents of prison life. Id. at 37-38, 122 S.Ct. 2017.\nApplying these factors to the present facts, we must conclude that Wilson fails to state claim. The institutional sex offender treatment program furthers a legitimate penological objective of rehabilitating those who have been convicted of a sex offense and those whose crimes include a sexual component. The adverse consequences identified by Wilson, ie., denial of parole and advancement to boot camp, do not constitute an atypical and significant hardship in relation to the ordinary incidents of prison life. McKune; Weaver v. Pa. Bd. of Prob. and Parole, 688 A.2d 766 (Pa.Cmwlth.1997). Wilson\u2019s choice to remain silent \u201cis marked less by compulsion than by choices the Court has held give no rise to a self-incrimination claim.\u201d McKune, 536 U.S. at 41, 122 S.Ct. 2017. \u201c[T]he government need not make the exercise of the Fifth Amendment privilege cost free.\u201d Id.\nWilson\u2019s claim that respondents are violating his due process rights by considering information concerning the charge of corruption of minors, a crime for which he was not tried and convicted, fails for the same reasons. An inmate has no liberty interest in being paroled, Weaver, in not being labeled a sex offender, or in not being required to participate in sex offender programming, Folk v. Unknown Writers of the Penna. Const., 425 F.Supp.2d 663 (W.D.Pa.2005). Moreover, requiring an inmate to complete institutional programming that requires the inmate to admit guilt is not conscience shocking nor intended to injure the inmate in a way that is unjustified by a legitimate government interest. Id.\nTo the extent that Wilson seeks to have information regarding the withdrawn charge of corruption of a minor and the circumstances surrounding his arrest expunged from his prison record, he cites no authority that would suggest that he has the right to have accurate information expunged from his criminal file. As the Department of Corrections correctly points out, Wilson does not challenge the accuracy of the information in question. Moreover, the Board is statutorily obligated to consider all information regarding the nature and circumstances of the offense for which an inmate\u2019s sentence was imposed and the inmate\u2019s complete criminal history. Section 19 of the law known as the Parole Act, 61 P.S. \u00a7 331.19. The Board has no duty to modify its records at an inmate\u2019s request. Smith v. Pa. Bd. of Prob. and Parole, 129 Pa.Cmwlth. 606, 566 A.2d 643 (1989).\nAccordingly, based on our conclusion that Wilson has failed to state a claim, we sustain the objections in the nature of a demurrer, and dismiss the petition for review. The remaining preliminary objections are dismissed as moot.\nORDER\nAND NOW, this 15th day of February 2008, the respondents\u2019 preliminary objections in the nature of a demurrer in the above captioned matter are hereby SUSTAINED, and the petition for review is DISMISSED.\nRespondent Department of Corrections\u2019 Application for Relief in the Nature of a Motion to Strike Language in Petitioner\u2019s Brief is dismissed as moot.\n. Wilson does not disclose the circumstances surrounding the withdrawal of the charge.\n. Exhibits A through J (pertaining to his claim against the Department of Corrections) demonstrate that Wilson sought to resolve the matter with prison officials. The response informed Wilson that prison officials review an inmate\u2019s entire criminal history when recommending institutional programs. Wilson filed a grievance seeking to have information related to the corruption of minors charge removed from his file. The grievance was denied.\n. Although Wilson was not convicted of a sex offense (charges of corruption of a minor were withdrawn), prison staff explained to Wilson that he was recommended for sex offender treatment because the \"official version\u201d of his crime indicated that at the time of his arrest he was found naked, wearing a condom, and trying to initiate a sexual relationship with a 13-year-old girl. (Petition for Review, Exhibits B and D.)\n. Act of August 6, 1941, P.L. 861, as amended.\n. Overruled in part on other grounds by Awkakewakeyes v. Dep\u2019t of Corr., 142 Pa.Cmwlth. 232, 597 A.2d 210 (1991).",
        "type": "majority",
        "author": "President Judge LEADBETTER."
      }
    ],
    "attorneys": [
      "Todd A. Wilson, petitioner, pro se.",
      "John C. Manning, Asst. Counsel and Victoria S. Madden, Chief Counsel, Harrisburg, for respondent, PA Board of Probation and Parole.",
      "Debra Sue Rand, Asst. Counsel and Suzanne N. Hueston, Chief Counsel, Camp Hill, for respondent, Department of Corrections."
    ],
    "corrections": "",
    "head_matter": "Todd WILSON, Petitioner v. Commonwealth of PENNSYLVANIA BOARD OF PROBATION AND PAROLE, Department of Corrections Commonwealth of Pennsylvania, Respondents.\nCommonwealth Court of Pennsylvania.\nSubmitted on Briefs Nov. 30, 2007.\nDecided Feb. 15, 2008.\nTodd A. Wilson, petitioner, pro se.\nJohn C. Manning, Asst. Counsel and Victoria S. Madden, Chief Counsel, Harrisburg, for respondent, PA Board of Probation and Parole.\nDebra Sue Rand, Asst. Counsel and Suzanne N. Hueston, Chief Counsel, Camp Hill, for respondent, Department of Corrections.\nBEFORE: LEADBETTER, President Judge, and SIMPSON, Judge, and KELLEY, Senior Judge."
  },
  "file_name": "0270-01",
  "first_page_order": 300,
  "last_page_order": 304
}
