{
  "id": 9495338,
  "name": "DISTRICT OF COLUMBIA, Appellant, v. Barbara MANCOUSO and Dion Wills, Appellees",
  "name_abbreviation": "District of Columbia v. Mancouso",
  "decision_date": "2001-08-02",
  "docket_number": "Nos. 00-CT-544, 00-CT-545",
  "first_page": "270",
  "last_page": "275",
  "citations": [
    {
      "type": "official",
      "cite": "778 A.2d 270"
    }
  ],
  "court": {
    "name_abbreviation": "D.C.",
    "id": 11933,
    "name": "District of Columbia Court of Appeals"
  },
  "jurisdiction": {
    "id": 56,
    "name_long": "District of Columbia",
    "name": "D.C."
  },
  "cites_to": [
    {
      "cite": "200 F.3d 978",
      "category": "reporters:federal",
      "reporter": "F.3d",
      "case_ids": [
        4233229
      ],
      "pin_cites": [
        {
          "page": "985-86"
        }
      ],
      "opinion_index": 0,
      "case_paths": [
        "/f3d/200/0978-01"
      ]
    },
    {
      "cite": "487 U.S. 533",
      "category": "reporters:federal",
      "reporter": "U.S.",
      "case_ids": [
        1775229
      ],
      "weight": 3,
      "year": 1988,
      "pin_cites": [
        {
          "page": "536-37"
        }
      ],
      "opinion_index": 0,
      "case_paths": [
        "/us/487/0533-01"
      ]
    },
    {
      "cite": "467 U.S. 431",
      "category": "reporters:federal",
      "reporter": "U.S.",
      "case_ids": [
        6201711
      ],
      "weight": 3,
      "year": 1984,
      "opinion_index": 0,
      "case_paths": [
        "/us/467/0431-01"
      ]
    },
    {
      "cite": "394 U.S. 165",
      "category": "reporters:federal",
      "reporter": "U.S.",
      "case_ids": [
        6169225
      ],
      "weight": 3,
      "year": 1969,
      "opinion_index": 0,
      "case_paths": [
        "/us/394/0165-01"
      ]
    },
    {
      "cite": "128 Ariz. 525",
      "category": "reporters:state",
      "reporter": "Ariz.",
      "case_ids": [
        1534454
      ],
      "weight": 2,
      "year": 1981,
      "pin_cites": [
        {
          "parenthetical": "\"the right which knock and announce rules provide occupants is the right to be warned that their privacy is about to be legally invaded\""
        },
        {
          "page": "679",
          "parenthetical": "\"the right which knock and announce rules provide occupants is the right to be warned that their privacy is about to be legally invaded\""
        }
      ],
      "opinion_index": 0,
      "case_paths": [
        "/ariz/128/0525-01"
      ]
    },
    {
      "cite": "264 Or. 54",
      "category": "reporters:state",
      "reporter": "Or.",
      "case_ids": [
        2133716
      ],
      "weight": 2,
      "year": 1972,
      "opinion_index": 0,
      "case_paths": [
        "/or/264/0054-01"
      ]
    },
    {
      "cite": "647 A.2d 66",
      "category": "reporters:state_regional",
      "reporter": "A.2d",
      "case_ids": [
        7861393
      ],
      "year": 1994,
      "opinion_index": 0,
      "case_paths": [
        "/a2d/647/0066-01"
      ]
    },
    {
      "cite": "761 A.2d 845",
      "category": "reporters:state_regional",
      "reporter": "A.2d",
      "case_ids": [
        11160551
      ],
      "pin_cites": [
        {
          "page": "850"
        }
      ],
      "opinion_index": 0,
      "case_paths": [
        "/a2d/761/0845-01"
      ]
    },
    {
      "cite": "385 A.2d 164",
      "category": "reporters:state_regional",
      "reporter": "A.2d",
      "case_ids": [
        7969605
      ],
      "opinion_index": 0,
      "case_paths": [
        "/a2d/385/0164-01"
      ]
    },
    {
      "cite": "145 L.Ed.2d 250",
      "category": "reporters:federal",
      "reporter": "L. Ed. 2d",
      "year": 1999,
      "pin_cites": [
        {
          "parenthetical": "resident not home at time of illegal entry, which caused property damage, had standing due to his legitimate expectation of privacy in the place searched and items seized"
        }
      ],
      "opinion_index": 0
    },
    {
      "cite": "120 S.Ct. 321",
      "category": "reporters:federal",
      "reporter": "S. Ct.",
      "year": 1999,
      "pin_cites": [
        {
          "parenthetical": "resident not home at time of illegal entry, which caused property damage, had standing due to his legitimate expectation of privacy in the place searched and items seized"
        }
      ],
      "opinion_index": 0
    },
    {
      "cite": "528 U.S. 927",
      "category": "reporters:federal",
      "reporter": "U.S.",
      "case_ids": [
        9523074,
        9523108,
        9523048,
        9523465,
        9523435,
        9523372,
        9523214,
        9523150,
        9523411,
        9523321,
        9523290
      ],
      "year": 1999,
      "pin_cites": [
        {
          "parenthetical": "resident not home at time of illegal entry, which caused property damage, had standing due to his legitimate expectation of privacy in the place searched and items seized"
        }
      ],
      "opinion_index": 0,
      "case_paths": [
        "/us/528/0927-02",
        "/us/528/0927-03",
        "/us/528/0927-01",
        "/us/528/0927-11",
        "/us/528/0927-10",
        "/us/528/0927-08",
        "/us/528/0927-05",
        "/us/528/0927-04",
        "/us/528/0927-09",
        "/us/528/0927-07",
        "/us/528/0927-06"
      ]
    },
    {
      "cite": "336 Ark. 171",
      "category": "reporters:state",
      "reporter": "Ark.",
      "case_ids": [
        51334
      ],
      "weight": 2,
      "year": 1999,
      "opinion_index": 0,
      "case_paths": [
        "/ark/336/0171-01"
      ]
    },
    {
      "cite": "488 F.2d 4",
      "category": "reporters:federal",
      "reporter": "F.2d",
      "case_ids": [
        213649
      ],
      "pin_cites": [
        {
          "page": "9"
        }
      ],
      "opinion_index": 0,
      "case_paths": [
        "/f2d/488/0004-01"
      ]
    },
    {
      "cite": "630 A.2d 1109",
      "category": "reporters:state_regional",
      "reporter": "A.2d",
      "case_ids": [
        11329133
      ],
      "weight": 2,
      "pin_cites": [
        {
          "page": "1116"
        },
        {
          "page": "1116"
        }
      ],
      "opinion_index": 0,
      "case_paths": [
        "/a2d/630/1109-01"
      ]
    },
    {
      "cite": "704 A.2d 262",
      "category": "reporters:state_regional",
      "reporter": "A.2d",
      "case_ids": [
        11870877
      ],
      "opinion_index": 0,
      "case_paths": [
        "/a2d/704/0262-01"
      ]
    },
    {
      "cite": "146 Ariz. 272",
      "category": "reporters:state",
      "reporter": "Ariz.",
      "case_ids": [
        1516191
      ],
      "weight": 2,
      "opinion_index": 0,
      "case_paths": [
        "/ariz/146/0272-01"
      ]
    },
    {
      "cite": "716 P.2d 1006",
      "category": "reporters:state_regional",
      "reporter": "P.2d",
      "case_ids": [
        10418359
      ],
      "weight": 3,
      "pin_cites": [
        {
          "page": "1010"
        },
        {
          "page": "1010"
        }
      ],
      "opinion_index": 0,
      "case_paths": [
        "/p2d/716/1006-01"
      ]
    },
    {
      "cite": "893 F.2d 1080",
      "category": "reporters:federal",
      "reporter": "F.2d",
      "case_ids": [
        11650219
      ],
      "opinion_index": 0,
      "case_paths": [
        "/f2d/893/1080-01"
      ]
    },
    {
      "cite": "226 F.3d 1031",
      "category": "reporters:federal",
      "reporter": "F.3d",
      "case_ids": [
        11234590
      ],
      "opinion_index": 0,
      "case_paths": [
        "/f3d/226/1031-01"
      ]
    },
    {
      "cite": "454 So.2d 49",
      "category": "reporters:state_regional",
      "reporter": "So. 2d",
      "case_ids": [
        7609340
      ],
      "year": 1984,
      "pin_cites": [
        {
          "page": "51"
        }
      ],
      "opinion_index": 0,
      "case_paths": [
        "/so2d/454/0049-01"
      ]
    },
    {
      "cite": "230 Wis.2d 338",
      "category": "reporters:state",
      "reporter": "Wis. 2d",
      "case_ids": [
        11509937
      ],
      "weight": 2,
      "pin_cites": [
        {
          "page": "154"
        }
      ],
      "opinion_index": 0,
      "case_paths": [
        "/wis-2d/230/0338-01"
      ]
    },
    {
      "cite": "318 N.J.Super. 408",
      "category": "reporters:state",
      "reporter": "N.J. Super.",
      "case_ids": [
        770360
      ],
      "weight": 2,
      "year": 1999,
      "pin_cites": [
        {
          "page": "284"
        }
      ],
      "opinion_index": 0,
      "case_paths": [
        "/nj-super/318/0408-01"
      ]
    },
    {
      "cite": "243 F.Supp. 429",
      "category": "reporters:federal",
      "reporter": "F. Supp.",
      "case_ids": [
        407539
      ],
      "year": 1965,
      "pin_cites": [
        {
          "page": "432"
        }
      ],
      "opinion_index": 0,
      "case_paths": [
        "/f-supp/243/0429-01"
      ]
    },
    {
      "cite": "357 U.S. 301",
      "category": "reporters:federal",
      "reporter": "U.S.",
      "case_ids": [
        6162465
      ],
      "weight": 10,
      "year": 1958,
      "pin_cites": [
        {
          "page": "310"
        },
        {
          "page": "313"
        },
        {
          "page": "313"
        }
      ],
      "opinion_index": 0,
      "case_paths": [
        "/us/357/0301-01"
      ]
    },
    {
      "cite": "618 A.2d 114",
      "category": "reporters:state_regional",
      "reporter": "A.2d",
      "case_ids": [
        7350494
      ],
      "weight": 2,
      "pin_cites": [
        {
          "page": "119"
        }
      ],
      "opinion_index": 0,
      "case_paths": [
        "/a2d/618/0114-01"
      ]
    },
    {
      "cite": "710 A.2d 866",
      "category": "reporters:state_regional",
      "reporter": "A.2d",
      "case_ids": [
        11836719
      ],
      "weight": 2,
      "pin_cites": [
        {
          "page": "870"
        }
      ],
      "opinion_index": 0,
      "case_paths": [
        "/a2d/710/0866-01"
      ]
    },
    {
      "cite": "391 U.S. 585",
      "category": "reporters:federal",
      "reporter": "U.S.",
      "case_ids": [
        1767601
      ],
      "weight": 5,
      "year": 1968,
      "pin_cites": [
        {
          "page": "589-90"
        }
      ],
      "opinion_index": 0,
      "case_paths": [
        "/us/391/0585-01"
      ]
    },
    {
      "cite": "514 U.S. 927",
      "category": "reporters:federal",
      "reporter": "U.S.",
      "case_ids": [
        1339445
      ],
      "weight": 5,
      "year": 1995,
      "pin_cites": [
        {
          "parenthetical": "citations omitted"
        },
        {
          "parenthetical": "citations omitted"
        },
        {
          "parenthetical": "citations omitted"
        },
        {
          "page": "929"
        }
      ],
      "opinion_index": 0,
      "case_paths": [
        "/us/514/0927-01"
      ]
    },
    {
      "cite": "145 L.Ed.2d 215",
      "category": "reporters:federal",
      "reporter": "L. Ed. 2d",
      "year": 1999,
      "opinion_index": 0
    },
    {
      "cite": "120 S.Ct. 256",
      "category": "reporters:federal",
      "reporter": "S. Ct.",
      "case_ids": [
        213819
      ],
      "year": 1999,
      "opinion_index": 0,
      "case_paths": [
        "/fed-cl/45/0256-01"
      ]
    },
    {
      "cite": "528 U.S. 909",
      "category": "reporters:federal",
      "reporter": "U.S.",
      "case_ids": [
        9514461,
        9514432,
        9514338,
        9514627,
        9514503,
        9514728,
        9514279,
        9514781,
        9514317,
        9514545,
        9514676,
        9514841,
        9514587,
        9514396,
        9514365
      ],
      "year": 1999,
      "opinion_index": 0,
      "case_paths": [
        "/us/528/0909-07",
        "/us/528/0909-06",
        "/us/528/0909-03",
        "/us/528/0909-11",
        "/us/528/0909-08",
        "/us/528/0909-13",
        "/us/528/0909-01",
        "/us/528/0909-14",
        "/us/528/0909-02",
        "/us/528/0909-09",
        "/us/528/0909-12",
        "/us/528/0909-15",
        "/us/528/0909-10",
        "/us/528/0909-05",
        "/us/528/0909-04"
      ]
    },
    {
      "cite": "728 A.2d 1230",
      "category": "reporters:state_regional",
      "reporter": "A.2d",
      "case_ids": [
        11631106
      ],
      "weight": 2,
      "opinion_index": 0,
      "case_paths": [
        "/a2d/728/1230-01"
      ]
    }
  ],
  "analysis": {
    "cardinality": 918,
    "char_count": 15461,
    "ocr_confidence": 0.714,
    "pagerank": {
      "raw": 1.0211234151260706e-07,
      "percentile": 0.5452673109513334
    },
    "sha256": "70f5d7316ff7ef359b17669f5c420160232888d6e7075a7026ef99d39a9d0b46",
    "simhash": "1:98620b1627a64ada",
    "word_count": 2550
  },
  "last_updated": "2024-02-27T17:43:28.966436+00:00",
  "provenance": {
    "date_added": "2019-08-29",
    "source": "Harvard",
    "batch": "2018"
  },
  "casebody": {
    "judges": [
      "Before STEADMAN, GLICKMAN and WASHINGTON, Associate Judges."
    ],
    "parties": [
      "DISTRICT OF COLUMBIA, Appellant, v. Barbara MANCOUSO and Dion Wills, Appellees."
    ],
    "opinions": [
      {
        "text": "STEADMAN, Associate Judge:\nThe police, executing a search warrant, entered the house where appellees reside without complying with the \u201cknock and announce\u201d requirement of D.C.Code \u00a7 23-524(a) (1996 Repl.). Neither appellee was inside the house at the time but both were in the immediate vicinity and within \u201cearshot\u201d and \u201ceyeshot,\u201d had the police complied with the statute. The principal issue before us in this pretrial government appeal is whether the trial court was correct in ruling that the appellees had standing to seek the suppression of the evidence seized in the house. Surprisingly, this appears to be an issue of nationwide first impression. We affirm the trial court\u2019s grant of the suppression motion.\nI.\nOn June 18, 1999, police went to the appellees\u2019 residence at 130 Thomas Street, N.W., to execute a search warrant based on an undercover agent\u2019s recent purchase of drugs at that address. Officers entered the house through the front door as another officer stood watch by the back door. A third resident of the house, Dennis Sallas, was seated on the front steps of the house and testified that he saw the police go directly into the house through the closed but unlocked front door without pausing to knock or announce. At that time, appellee Wills was washing his car near the house, as an assisting officer observed, and appellee Mancouso was directly across the street. Wills and Mancouso were arrested when police recovered an unregistered pistol and related ammunition inside the house.\nThe trial court credited Sallas\u2019s version of the basic events, finding: \u201cThere was no knock and announce, [ ] they just walked in the door.... We just know they didn\u2019t stop to knock and they just walked in.\u201d The trial court also found that both appellants were within earshot and eyeshot of the front door and that \u201cthey were in a position to respond if they had heard the police knocking and announcing.\u201d Accordingly, while recognizing the absence of authority squarely on point one way or the other, the court concluded that in the circumstances \u201cthere is a purpose in having the knock and announce apply\u201d to appel-lees. Hence, they had standing to raise the motion to suppress, which the court granted.\nII.\nIn executing search warrants, District police must comply with D.C.Code \u00a7 23-524(a), which states: \u201cAn officer executing a warrant directing a search of a dwelling house or other building or a vehicle shall execute such warrant in accordance with section 3109 of Title 18, United States Code.\u201d That federal statute provides that \u201c[tjhe officer may break open any outer or inner door or window of a house, or any part of a house, or anything therein, if, after notice of his authority and purpose he is refused admittance.\u201d The-requirement embodied in these provisions is often referred to as the \u201cknock-and-announce\u201d rule or principle. See, e.g., Coleman v. United States, 728 A.2d 1230 (D.C.1999) cert. denied 528 U.S. 909, 120 S.Ct. 256, 145 L.Ed.2d 215 (1999) and cases cited.\nThe Supreme Court has indicated that the origin of the knoek-and-announce rule may be traced as far back as a statute enacted in 1275, which itself was \u201cbut an affirmance of the common law,\u201d Wilson v. Arkansas, 514 U.S. 927, 932 n. 2, 115 S.Ct. 1914, 131 L.Ed.2d 976 (1995) (citations omitted); see also Sabbath v. United States, 391 U.S. 585, 88 S.Ct. 1755, 20 L.Ed.2d 828 (1968). This common-law \u201cknock-and-announce\u201d principle extant at the time of the framing of the Constitution \u201cforms a part of the reasonableness inquiry under the Fourth Amendment.\u201d Wilson, 514 U.S. at 929, 115 S.Ct. 1914. It has become established in our jurisdiction that evidence obtained where the statute has not been complied with and where no exception applies may be suppressed on motion by a defendant with standing to challenge the violation. West v. United States, 710 A.2d 866 (D.C.1998); Griffin v. United States, 618 A.2d 114 (D.C.1992). See Miller v. United States, 357 U.S. 301, 78 S.Ct. 1190, 2 L.Ed.2d 1332 (1958).\nThe standing of appellees is the key issue here. The government argues that since the appellees were not actually inside the house at the time of entry, they have no standing to complain about any violation of the knock and announce statute. It has indeed been suggested that police are not required to comply with the knock and announce statute where doing so would be a \u201cuseless gesture.\u201d Miller v. United States, supra, 357 U.S. at 310, 78 S.Ct. 1190. This principle has been applied in cases where the house was empty at the time of entry. United States v. Hawkins, 243 F.Supp. 429, 432 (E.D.Tenn. 1965); New Jersey v. Bilancio, 318 N.J.Super. 408, 724 A.2d 278, 284 (App. 1999); Wisconsin v. Moslavac, 230 Wis.2d 338, 602 N.W.2d 150, 154 (App.1999); Van Allen v. Florida, 454 So.2d 49, 51 (Fla.App. 4th Dist. 1984). Likewise, a resident absent from his home at the time of entry has been held to have no right to complain about the failure to comply with the statute. See Mena v. Simi Valley, 226 F.3d 1031, 1035 n. 2 (9th Cir.2000); United States v. Valencia-Roldan, 893 F.2d 1080, 1081 n. 1 (9th Cir.1990); State v. Johnson, 716 P.2d 1006, 1010 (Alaska Ct.App.1986); State v. Papineau, 146 Ariz. 272, 705 P.2d 949 (Ct.App.1985); Righter v. Delaware, 704 A.2d 262 (Del.1997). All of these cases, however, involve owners or residents who were far distant from the premises at the t\u00fane of entry. In contrast, appellees here were within earshot and eyeshot of their home at the time of the entry and in a position to respond, although not physically within the dwelling itself.\nWe have found no cases involving this precise situation. We therefore turn to an examination of the purposes underlying the knock and announce principle to determine whether any protected interests of appellees fall within those purposes.\nIn our case law, we have recognized at least three purposes that underlie the knock-and-announce requirement:\n(1) it reduces the potential for violence to both the police officers and the occupants of the house into which entry is sought; (2) it guards against the needless destruction of private property; and (3) it symbolizes the respect for individual privacy summarized in the adage that \u201ca man\u2019s [or woman\u2019s] house is his [or her] castle.\u201d\nPoole v. United States, 630 A.2d 1109, 1116 (D.C.1993) (quoting United States v. Bustamante-Gamez, 488 F.2d 4, 9 (9th Cir.1973)). How then do these purposes apply to the appellees here?\nIt is clear that appellees in the abstract have a privacy interest in their dwelling that in some circumstances extends beyond their mere physical presence at home. \u201cIt has long been true and is still so under the expectation-of-privacy test that an individual with the present possessory interest in the premises searched has standing to challenge that search even though he was not present when the search was made.\u201d 3 LeFave \u00a7 9.1(b) at 320-21(1984) (citing cases). \u2022 In the knock-and-announce context, the Supreme Court observed that \u201cCongress, codifying a tradition embedded in Anglo American law, has declared in \u00a7 3109 the reverence of the law for the individual\u2019s right of privacy in his house.\u201d Miller v. United States, supra, 357 U.S. at 313, 78 S.Ct. 1190. See also Mazepink v. Arkansas, 336 Ark. 171, 987 S.W.2d 648 (1999), cert. denied 528 U.S. 927, 120 S.Ct. 321, 145 L.Ed.2d 250 (1999) (resident not home at time of illegal entry, which caused property damage, had standing due to his legitimate expectation of privacy in the place searched and items seized).\nWhere the police hold a valid warrant, the classic privacy interest of the resident is going to be validly invaded in any event. We do not think this is conclusive. \u201cThe protection of a citizen\u2019s home from forced entry is at the core of the values secured by the Fourth Amendment and by the knock-and-announce statute.\u201d West v. United States, 710 A.2d 866, 870 (D.C.1998). As already indicated, see note 5, supra, even entry through a closed and unlocked door is deemed a breaking. The statute requires not only that the police knock and announce, but that they be \u201crefused admittance.\u201d The resident within earshot and eyeshot can grant admittance almost as readily as (if not in some circumstances more readily) as someone within the house. In Poole, supra, discussing the knock-and-announce rule, we took note of the adage \u201ca man\u2019s [or woman\u2019s] house is his [or her] castle.\u201d 630 A.2d at 1116. However it may be when the resident is far from that castle, the respect for its integrity embodied in the knock-and-announce rule extends, we believe, at least to the circumstance where the resident, being within earshot, could have effectuated a peaceful entrance had the statute been complied with and where, being within ey-eshot, may witness the violation as it takes place.\nThe prevention of violence is also served by giving an owner within earshot and eyeshot notice of the police arrival. In United States v. Covington, 385 A.2d 164 (D.C.1978), we noted how the knock-and-announce statute safeguards against the possibility that police officers may be mistaken for prowlers or unlawful intruders. While the danger of being mistaken for a prowler is greater when a suspect is inside the house and has less chance to observe the intruder as he enters, there clearly remains the threat of violence where the owner is in a position to hear and see the unannounced entry into h'is own home and .take immediate aggressive action, perhaps unaware that police are involved. Likewise, a resident within earshot and eyeshot can by a prompt response to police complying with the knock-and-announce rule prevent unnecessary damage to his property.\nWe recognize that in the instant case, neither violence nor property damage actually occurred and in that regard these particular appellees cannot claim an actual infringement of those interests. Indeed, it may be that these interests, standing alone, may not warrant the constitutional protection of suppression. We are satisfied, however, that when coupled with the privacy interest, the totality of the protection afforded appellees by the knock-and-announce principle is sufficient to warrant both standing and suppression in the circumstances here. We are strengthened in this view by our own court\u2019s admonition, based on Supreme Court precedent, that knock-and-announce statutes \u201cshould be accorded a generous construction rather than a \u2018grudging\u2019 one.\u201d Griffin v. United States, 618 A.2d 114, 119 (D.C.1992) (citing Miller, supra, 357 U.S. at 313, 78 S.Ct. 1190).\nAccordingly, the order of suppression of evidence by the trial court from which the government has appealed is\nAffirmed.\n. We present the facts, which in some respects are not entirely clear, in the light most favorable to sustaining the ruling of the trial court, as we are obliged to do. United States v. Turner, 761 A.2d 845, 850 (D.C.2000).\n. Appellees were subsequently charged with misdemeanors under D.C.Code \u00a7 6-2311 (persons permitted to possess ammunition), - 2361 (registration requirements), and -2376 (penalties) (1996 Repl. & March 2000 Supp.).\n.No member of the team actually effectuating the entry and search testified at the pretrial hearing, and the testimony of the officer who was posted and remained in front of the house was at best ambiguous as to what the entry team did or did not do. On the issue whether anyone was actually inside the premises at the time of entry, the trial court observed that \"there\u2019s no record that there were or weren\u2019t people in the house. I have to assume there were people in the house ... no evidence that there wasn\u2019t [anyone in the house].\u201d As will be noted, our affirmance does not necessarily rest on that factual assumption.\n.D.C.Code \u00a7 33 \u2014 565(g) contains almost identical language dealing with the execution of search warrants relating to drug offenses. The parties in the appeal before us address solely D.C.Code \u00a7 23-524(a) and its incorporation of the federal statute.\n. An entry even through a closed but unlocked door is considered a breaking and hence subject to the statute. Coleman, 728 A.2d at 1233 (citing Sabbath v. United States, 391 U.S. at 589-90, 88 S.Ct. 1755). See also Belton v. United States, 647 A.2d 66 (D.C. 1994).\n. The breadth of this assertion may be subject to qualification, depending for example on the nature of the violation and other facts and circumstances not present here. In both the cited cases, the entry was made under a valid search warrant.\n. In each instance, it appears that the home was occupied by others at the time of the police entry.\n. A treatise writer has summarized the concept as \"[protecting] privacy by minimizing the chance of entry of the wrong premises and subjecting the innocent persons to \u2018the shock, fright or embarrassment attendant upon an unannounced police intrusion,\u2019 and even where there is no mistake, allowing those within a brief time to prepare for the police entry.\u201d 2 LeFave et. al\u201e Criminal Procedure \u00a7 3.4(h) (citations omitted) (3d ed.1984). See also, e.g., State v. Johnson, supra, 716 P.2d 1006, 1010 (\"the only right of privacy protected by the announcement requirements is the right to know who is entering, why he is entering, and a few seconds to prepare for his entry\u201d) (quoting State v. Valentine, 264 Or. 54, 504 P.2d 84 (1972)); State v. Sanchez, 128 Ariz. 525, 627 P.2d 676, 679 (1981) (\"the right which knock and announce rules provide occupants is the right to be warned that their privacy is about to be legally invaded\u201d).\n. See, e.g., Alderman v. United States, 394 U.S. 165, 175 & 178-89, 89 S.Ct. 961, 22 L.Ed.2d 176 (1969) (stating that in general under the Fourth Amendment a resident has standing to complain against the United States in both the case of electronic surveillance accomplished by physical invasion and that accomplished without a technical trespass, whether or not he was at home or participated in the conversation because \u201cofficialdom invades an area in which the homeowner has the right to expect privacy for himself, his family, and his invitees, and the right to object to the use against him of the fruits of that invasion, not because the rights of others have been violated, but because his own were\u201d).\n. The government suggests that even if ap-pellees had standing, the \"inevitable discovery\" doctrine, see Nix v. Williams, 467 U.S. 431, 104 S.Ct. 2501, 81 L.Ed.2d 377 (1984), and \"independent source\" doctrine, see Murray v. United States, 487 U.S. 533, 536-37, 108 S.Ct. 2529, 101 L.Ed.2d 472 (1988), required denial of the motion to suppress. Application of either doctrine in the precise circumstances here would nullify our prior suppression holdings in West and Griffin cited above, which also involved valid search warrants, and we as a panel deem ourselves bound by them. See also United States v. Dice, 200 F.3d 978, 985-86 (6th Cir.2000).",
        "type": "majority",
        "author": "STEADMAN, Associate Judge:"
      }
    ],
    "attorneys": [
      "Rosalyn Calbert Groce, Supervisory Corporation Counsel with whom Robert R. Rigsby, Corporation Counsel, and Charles L. Reischel, Deputy Corporation Counsel, were on the brief, for appellant.",
      "W. Bronson Howell, appointed by the court, for appellee Mancouso.",
      "Lloyd A. Malech, Washington, DC, appointed by the court, for appellee Wills."
    ],
    "corrections": "",
    "head_matter": "DISTRICT OF COLUMBIA, Appellant, v. Barbara MANCOUSO and Dion Wills, Appellees.\nNos. 00-CT-544, 00-CT-545.\nDistrict of Columbia Court of Appeals.\nArgued Jan. 25, 2001.\nDecided Aug. 2, 2001.\nRosalyn Calbert Groce, Supervisory Corporation Counsel with whom Robert R. Rigsby, Corporation Counsel, and Charles L. Reischel, Deputy Corporation Counsel, were on the brief, for appellant.\nW. Bronson Howell, appointed by the court, for appellee Mancouso.\nLloyd A. Malech, Washington, DC, appointed by the court, for appellee Wills.\nBefore STEADMAN, GLICKMAN and WASHINGTON, Associate Judges."
  },
  "file_name": "0270-01",
  "first_page_order": 326,
  "last_page_order": 331
}
