{
  "id": 11485821,
  "name": "Michael F. DiGIACOBBE, Plaintiff Below, Appellant, v. Joseph P. SESTAK, Defendant Below, Appellee",
  "name_abbreviation": "DiGiacobbe v. Sestak",
  "decision_date": "1999-12-17",
  "docket_number": "No. 450,1998",
  "first_page": "180",
  "last_page": "185",
  "citations": [
    {
      "type": "official",
      "cite": "743 A.2d 180"
    }
  ],
  "court": {
    "name_abbreviation": "Del.",
    "id": 9322,
    "name": "Delaware Supreme Court"
  },
  "jurisdiction": {
    "id": 8,
    "name_long": "Delaware",
    "name": "Del."
  },
  "cites_to": [
    {
      "cite": "251 A.2d 345",
      "category": "reporters:state_regional",
      "reporter": "A.2d",
      "case_ids": [
        8069119
      ],
      "year": 1969,
      "pin_cites": [
        {
          "page": "346-47"
        }
      ],
      "opinion_index": 0,
      "case_paths": [
        "/a2d/251/0345-01"
      ]
    },
    {
      "cite": "287 A.2d 671",
      "category": "reporters:state_regional",
      "reporter": "A.2d",
      "case_ids": [
        8073103
      ],
      "year": 1972,
      "pin_cites": [
        {
          "page": "673"
        }
      ],
      "opinion_index": 0,
      "case_paths": [
        "/a2d/287/0671-01"
      ]
    },
    {
      "cite": "1999 WL 135240",
      "category": "reporters:specialty_west",
      "reporter": "WL",
      "year": 1999,
      "pin_cites": [
        {
          "page": "*2",
          "parenthetical": "citations omitted"
        }
      ],
      "opinion_index": 0
    },
    {
      "cite": "549 A.2d 695",
      "category": "reporters:state_regional",
      "reporter": "A.2d",
      "case_ids": [
        7878339
      ],
      "year": 1988,
      "pin_cites": [
        {
          "page": "698"
        }
      ],
      "opinion_index": 0,
      "case_paths": [
        "/a2d/549/0695-01"
      ]
    },
    {
      "cite": "545 A.2d 1178",
      "category": "reporters:state_regional",
      "reporter": "A.2d",
      "case_ids": [
        7943470
      ],
      "weight": 2,
      "year": 1988,
      "pin_cites": [
        {
          "page": "1184"
        },
        {
          "page": "1184",
          "parenthetical": "citations omitted"
        }
      ],
      "opinion_index": 0,
      "case_paths": [
        "/a2d/545/1178-01"
      ]
    },
    {
      "cite": "603 A.2d 809",
      "category": "reporters:state_regional",
      "reporter": "A.2d",
      "case_ids": [
        7939581
      ],
      "year": 1992,
      "pin_cites": [
        {
          "page": "813"
        }
      ],
      "opinion_index": 0,
      "case_paths": [
        "/a2d/603/0809-01"
      ]
    },
    {
      "cite": "40 A.B.A. J. 498",
      "category": "journals:journal",
      "reporter": "A.B.A. J.",
      "year": 1954,
      "pin_cites": [
        {
          "page": "500-01",
          "parenthetical": "discussing debate between early 18th century English authors over role of master."
        }
      ],
      "opinion_index": 0
    },
    {
      "cite": "45 A.2d 553",
      "category": "reporters:state_regional",
      "reporter": "A.2d",
      "year": 1945,
      "pin_cites": [
        {
          "page": "555"
        }
      ],
      "opinion_index": 0
    }
  ],
  "analysis": {
    "cardinality": 730,
    "char_count": 14223,
    "ocr_confidence": 0.647,
    "pagerank": {
      "raw": 1.888772224832029e-07,
      "percentile": 0.7287235665090899
    },
    "sha256": "a29d50e738c86ca63cacba3aa2915e622f19570c6c277aa3874774fdd8186704",
    "simhash": "1:383d663b2bf93df9",
    "word_count": 2349
  },
  "last_updated": "2024-02-27T19:06:19.672715+00:00",
  "provenance": {
    "date_added": "2019-08-29",
    "source": "Harvard",
    "batch": "2018"
  },
  "casebody": {
    "judges": [
      "Before VEASEY, C.J., WALSH, HOLLAND, HARTNETT, and BERGER, JJ., constituting the Court en Banc."
    ],
    "parties": [
      "Michael F. DiGIACOBBE, Plaintiff Below, Appellant, v. Joseph P. SESTAK, Defendant Below, Appellee."
    ],
    "opinions": [
      {
        "text": "PER CURIAM:\nIn this appeal, we consider the role of a master in the Court of. Chancery and the scope of review of a master\u2019s final report. We hold that the judges in the Court of Chancery have both inherent and statutory power to refer any matter within the court\u2019s jurisdiction to a master. They may delegate to a master full authority to address all issues in controversy from the outset of the case through post-trial submissions. The master is not a judge, however, so the master\u2019s rulings and report are not final until they have been reviewed and adopted by a judge. Timely objections to the master\u2019s findings and conclusions must be reviewed de novo by the judge and, for a review of the evidence to be meaningful, there must be a transcript of the proceedings before the master. In this case, the trial judge could not undertake such a review because there was no transcript. Accordingly, we must vacate the decision of the Court of Chancery and remand for further consideration of the master\u2019s report after the record has been transcribed.\nI. Factual and Procedural Background\nThis is an action by one of the two stockholders of a home construction company seeking an accounting, damages, and the appointment of a custodian to wind up the company\u2019s affairs. Michael F. DiGia-cobbe and Joseph P. Sestak each own 50% of the stock of Chesapeake Construction, Ltd. Before they parted ways, DiGia-cobbe primarily worked in the field and Sestak handled the bookkeeping and finances. DiGiacobbe sued Sestak and Chesapeake, claiming that Sestak misappropriated company funds, faded to pay company debts, and damaged Chesapeake\u2019s good will and ability to conduct its business.\nIn June 1997, approximately two years after the complaint was filed, the Court of Chancery entered the following order referring the case to a master:\nRichard C. Kiger, Esquire, is appointed as a Master with respect to the captioned matter for purposes of hearing and determining the complaint and, pursuant to the Rules of this Court, submitting a report to the Court finding the relevant facts, addressing the merits of the contentions advanced by each party hereto and recommending a form of order appropriate to be entered in the matter.\nThe Master conducted a three day trial and later issued draft and final reports evaluating the evidence, explaining certain evidentiary rulings, and recommending that the complaint be dismissed in almost all respects. The Master had to rely on his notes and his memory in reaching his conclusions, as no one had ordered a transcript of the trial. DiGiacobbe filed exceptions to both reports and objected to the Master\u2019s evidentiary rulings. The Court of Chancery considered the matter, without the benefit of a transcript, and decided to accept the Master\u2019s report.\nOn appeal DiGiacobbe complains, among other things, that the trial court\u2019s cursory-review of the Master\u2019s report amounted to an improper delegation of full judicial authority to the Master. This Court appointed amicus curiae to address the important issue of a master\u2019s authority and the scope of review of a master\u2019s decision. Following a long tradition of the Delaware Bar, the amici \u2014 A. Gilchrist Sparks, III, Esquire, and Grover C. Brown, Esquire\u2014 prepared excellent briefs and arguments that were most helpful to the Court. We greatly appreciate their efforts.\nII. Discussion\nThe Vice Chancellor\u2019s order of reference instructed the Master to hear and determine all of the parties\u2019 claims, make findings of fact and conclusions of law, and recommend an appropriate disposition for the case. This broad delegation of responsibility raises two questions \u2014 does a judge on the Court of Chancery have authority to refer an entire case to a master; and, if so, what level of review is required before the judge may adopt the master\u2019s report?\nA. Authority to Refer Case to Master\nThere can be no doubt about the Court of Chancery\u2019s general authority to appoint masters. Delaware\u2019s equity court traces its jurisdiction and powers to the High Court of Chancery in Great Britain at the time of the American Revolution. Under English chancery court practice, even before the Revolution, masters were appointed by the court and given authority to examine witnesses and prepare reports of their findings in the cause referred to them. In addition to its inherent authority, the Court of Chancery has express statutory power to refer matters to masters. The Court may appoint a master in any pending case and it may promulgate rules governing the master\u2019s duties and \u201cregulating the practice in all particulars ....\u201d Court of Chancery Rules 135\u2014 147 detail the powers and duties of the master as well as the procedures governing the presentation of evidence and the manner in which the parties may object to the master\u2019s report.\nAlthough it is clear that the Court may appoint masters, the permissible scope of the master\u2019s assignment is not expressly defined. We do not rely on early English practice for the answer, as there appears to be a divergence of views. Rather, we look to the plain language of the statute that codifies the Court\u2019s inherent power \u2014 \u25a0 \u00a7 372. The statute authorizes the Court of Chancery to appoint a master \u201cin any cause....\u201d Since there is no express or implied limitation on the scope of the appointment, we assume that the legislature intended none. Accordingly, we conclude that a judge of the Court of Chancery may appoint a master to hear and evaluate all of the claims presented in an entire case unless otherwise provided by statute or rule of court.\nB. Review of Master\u2019s Report\nThere is no limitation on the range of matters a master may consider; the limitation is on the master\u2019s power to decide those matters. The Delaware Constitution restricts the exercise of judicial authority to those who are appointed by the Governor and confirmed by the Senate. Since masters in the Court of Chancery are appointed by the Chancellor, they may not exercise judicial authority:\nSimply stated, a master has no independent power of adjudication. In this respect a master\u2019s authority is comparable to that of a court-appointed referee whose limited role has been authoritatively described:\nWithout confirmation and adoption by the court, the acts of the referee have no force or validity whatever, and nothing can originate before him and nothing can terminate with or by his decision, the entire proceeding being an exercise of judicial power by the court.\nIn short, the master\u2019s rulings, findings of fact, conclusions of law, and recommended disposition have no effect until they are adopted by a judge after a \u201cmeaningful review.\u201d\nThe Court of Chancery Rules relating to masters recognize the limitations on a master\u2019s authority and the consequent requirement of meaningful judicial review. Rule 136, for example, enumerates the master\u2019s wide range of powers, including the power to administer oaths, summon witnesses, require the production of documents, and \u201cgenerally to do all other acts... which may be deemed necessary and proper, subject at all times to the revision and control of the Court.\u201d With respect to evidentiary rulings, Rule 189 authorizes the master to decide the admissibility of evidence and competence of witnesses, but allows a party aggrieved by the master\u2019s ruling to present his or her objection to a judge before the master makes a report on the proceedings. Most importantly, Rule 144 allows the parties to object to the master\u2019s report and provides for judicial review before the report is adopted:\nAs soon as the Master is ready to file a report, the Master shall ... submit a draft thereof to each party for its inspection and any party may except thereto in writing within the time set therefor by the Master. Such exceptions shall first be heard by the Master who shall be at liberty to amend the draft report. A final report shall then be filed by the Master consisting of the draft report as amended.\nThe only exceptions which may be filed to the final report are those exceptions which were filed to the draft report and disallowed, plus exceptions to any change from the draft report made in the final report.\nIn all instances in which the Master\u2019s report is based upon testimony taken on the record before the Master, proceedings on any exception filed to the final report shall be on such record, unless for good cause shown the Court elects to take additional testimony. If no exceptions are filed to the final report, the Court may thereafter confirm such report on its own motion or may set the matter down for further proceeding in its discretion.\nAlthough the Court of Chancery Rules are helpful in defining the role of the master, they do not identify the standard by which the master\u2019s rulings and report should be reviewed. In recent decisions, the Court of Chancery seems to have settled on the following articulation of its standard of review:\nIn reviewing a report of the Master in Chancery, this Court employs a de novo standard in reviewing questions of law. The Master\u2019s factual findings are, however, entitled to a certain degree of deference. Where such findings are supported by the record and are the product of an orderly and logical deductive process, this Court will accept them, even if the Court may independently have reached the opposite conclusion.\nThis is the standard of review applied by the Supreme Court in reviewing decisions of a trial judge sitting without a jury, and it accords deference to the factual findings of another judge as a matter of respect and judicial restraint. Masters are not judges and their different status requires a slightly different level of review.\nWe appreciate the important assistance that masters provide and we do not mean to suggest that their decisions are less thoughtful or worthy than those of a trial judge. But masters are constitutionally prohibited from exercising judicial power. If their factual findings were accepted \u201ceven if the Court may independently have reached the opposite conclusion,\u201d then masters would be exercising judicial power. To avoid that result, we conclude that the standard of review for a master\u2019s findings \u2014 both factual and legal\u2014 is de novo.\nAs a practical matter, this holding may not significantly change master practice. De novo review generally means a new trial or hearing on questions of fact. That may be required in some cases. It is possible, however, to conduct a review de novo on the record. If the parties do not except to any of the master\u2019s factual findings, they are deemed to have consented, and the trial judge may review the record de novo accepting the master\u2019s facts in the same way that the judge would resolve a dispute presented on a stipulated set of facts. Even where the parties except to one or more of the master\u2019s factual findings, a new hearing may not be required. If the parties object to the conclusions that the master drew from the evidence, the court may read the portion of the record relevant to the exception raised and draw its own factual conclusions. Only where exceptions raise a bona fide issue as to dispositive credibility determinations will a new hearing be inevitable. In those cases the new hearing can be limited to the witness or witnesses whose credibility is at issue.\nIn this case, we do not know whether the trial court will have to conduct a new hearing as part of its de novo review because no transcript of the proceedings before the master was prepared. Chancery Court Rule 138 requires that the oral testimony before a master be taken by a stenographer and \u201creproduce[d] in manuscript, or typewriting....\u201d It appears that the proceedings were recorded but not transcribed because no one paid the costs of transcription. The Rules do not state which party must bear that cost, and we urge the Court of Chancery to' address this omission promptly. In th\u00e9 interest of justice, in this case only, we instruct the Court of Chancery to order the necessary transcript at its own expense.\nIII. Conclusion\nWithout a transcript of the proceedings before the master, we are unable to review the decision of the Court of Chancery. The trial court, likewise, was unable to review the decision of the master. Accordingly, we remand this matter to the Court of Chancery for further action in accordance with this opinion.\n. We also note with appreciation the assistance that Stephanie L. Nagel, Esq. provided on the briefs submitted by Mr. Sparks.\n. Glanding v. Industrial Trust Co., Del.Supr., 45 A.2d 553, 555 (1945).\n. Lord Nottingham\u2019s 'Manual of Chancery Practice\u2019 and 'Prolegomena of Chancery and Equity\u2019 123-25 (D.E.C.Yale, ed., Cambridge Univ. Press 1965).\n. 10 Del. C. \u00a7 372.\n. See, e.g. James R. Bryant, The Office of Master in Chancery: Early English Development, 40 A.B.A. J. 498, 500-01 (1954) (discussing debate between early 18th century English authors over role of master.).\n. 10 Del. C. \u00a7 372.\n. See Sostre v. Swift, Del.Supr., 603 A.2d 809, 813 (1992).\n. Del. Const, art. IV, \u00a7\u00a7 1,3. See also State v. Wilson, Del.Supr., 545 A.2d 1178, 1184 (1988).\n. State v. Wilson, 545 A.2d at 1184 (citations omitted).\n. Redden v. McGill, Del.Supr., 549 A.2d 695, 698 (1988).\n. Ct. Ch. R. 136 (emphasis added).\n. Ct. Ch. R. 144.\n. In the Matter of the Estate of McNatt, Del. Ch., No. 110805, 1999 WL 135240, at *2 (Feb. 25, 1999) (citations omitted).\n. Levitt v. Bouvier, Del.Supr., 287 A.2d 671, 673 (1972)\n. In the Matter of the Last Will of Collins, Del.Supr., 251 A.2d 345, 346-47 (1969).\n. Ct. Ch. R. 138.",
        "type": "majority",
        "author": "PER CURIAM:"
      }
    ],
    "attorneys": [
      "Laraine A. Ryan, Hockessin, Delaware, for Appellant.",
      "Robert C. McDonald, and Barbara J. Gadbois (argued), of Borin & McDonald, Wilmington, Delaware, for Appellee.",
      "A. Gilchrist Sparks, III (argued), and Stephanie L. Nagel, of Morris, Nichols, Arsht & Tunnell, Wilmington, Delaware, Amicus Curiae for Appellant.",
      "Grover C. Brown (argued), of Morris, James, Hitchens & Williams, Wilmington, Delaware, Amicus Curiae for Appellee."
    ],
    "corrections": "",
    "head_matter": "Michael F. DiGIACOBBE, Plaintiff Below, Appellant, v. Joseph P. SESTAK, Defendant Below, Appellee.\nNo. 450,1998.\nSupreme Court of Delaware.\nSubmitted: Sept. 14, 1999.\nDecided: Dec. 17, 1999.\nLaraine A. Ryan, Hockessin, Delaware, for Appellant.\nRobert C. McDonald, and Barbara J. Gadbois (argued), of Borin & McDonald, Wilmington, Delaware, for Appellee.\nA. Gilchrist Sparks, III (argued), and Stephanie L. Nagel, of Morris, Nichols, Arsht & Tunnell, Wilmington, Delaware, Amicus Curiae for Appellant.\nGrover C. Brown (argued), of Morris, James, Hitchens & Williams, Wilmington, Delaware, Amicus Curiae for Appellee.\nBefore VEASEY, C.J., WALSH, HOLLAND, HARTNETT, and BERGER, JJ., constituting the Court en Banc."
  },
  "file_name": "0180-01",
  "first_page_order": 226,
  "last_page_order": 231
}
