{
  "id": 8049072,
  "name": "Alphonso Leonard HICKS, Appellant, v. UNITED STATES, Appellee",
  "name_abbreviation": "Hicks v. United States",
  "decision_date": "1972-11-10",
  "docket_number": "No. 6332",
  "first_page": "615",
  "last_page": "617",
  "citations": [
    {
      "type": "official",
      "cite": "296 A.2d 615"
    }
  ],
  "court": {
    "name_abbreviation": "D.C.",
    "id": 11933,
    "name": "District of Columbia Court of Appeals"
  },
  "jurisdiction": {
    "id": 56,
    "name_long": "District of Columbia",
    "name": "D.C."
  },
  "cites_to": [
    {
      "cite": "262 A.2d 106",
      "category": "reporters:state_regional",
      "reporter": "A.2d",
      "case_ids": [
        8077908
      ],
      "year": 1970,
      "pin_cites": [
        {
          "page": "109"
        }
      ],
      "opinion_index": 0,
      "case_paths": [
        "/a2d/262/0106-01"
      ]
    },
    {
      "cite": "292 A.2d 800",
      "category": "reporters:state_regional",
      "reporter": "A.2d",
      "case_ids": [
        11252669
      ],
      "year": 1972,
      "opinion_index": 0,
      "case_paths": [
        "/a2d/292/0800-01"
      ]
    },
    {
      "cite": "271 A.2d 791",
      "category": "reporters:state_regional",
      "reporter": "A.2d",
      "case_ids": [
        8086384
      ],
      "year": 1970,
      "opinion_index": 0,
      "case_paths": [
        "/a2d/271/0791-01"
      ]
    }
  ],
  "analysis": {
    "cardinality": 301,
    "char_count": 4286,
    "ocr_confidence": 0.768,
    "pagerank": {
      "raw": 8.306631337797752e-08,
      "percentile": 0.479760016896738
    },
    "sha256": "20119eed6c0533ec3bcb60c4a7626b98aa338ad0c77340e1d771502d5b7796f5",
    "simhash": "1:8700cff0e2fc8812",
    "word_count": 728
  },
  "last_updated": "2024-02-27T23:49:26.517386+00:00",
  "provenance": {
    "date_added": "2019-08-29",
    "source": "Harvard",
    "batch": "2018"
  },
  "casebody": {
    "judges": [
      "Before KELLY, KERN and PAIR, Associate Judges."
    ],
    "parties": [
      "Alphonso Leonard HICKS, Appellant, v. UNITED STATES, Appellee."
    ],
    "opinions": [
      {
        "text": "KELLY, Associate Judge.\nIn this appeal from a conviction of destroying property in violation of D.C.Code 1967, \u00a7 22-403, the sole claim of error is that the trial court failed to determine whether appellant knowingly and voluntarily waived his constitutional right to trial by jury.\nD.C.Code 1967, \u00a7 16-705(a) (Supp. V, 1972), provides that:\nIn a criminal case tried in the Superior Court in which, according to the Constitution of the United States, the defendant is entitled to a jury trial, the trial shall be by jury, unless the defendant in open court expressly waives trial by jury and requests trial by the court, and the court and the prosecuting officer consent thereto. In the case of a trial without a jury, the trial shall be by a single judge, whose verdict shall have the same force and effect as that of a jury.\nAt arraignment appellant had demanded a trial by jury; however, at trial the following colloquy occurred:\nMR. SCHAEFFER [defense counsel]:\nIf it please the Court, we demanded a jury trial in this case, and I have discussed this case fully with this defendant and explained it to him, and he understands it, and he now wants to take a trial by the Court. Am I right?\nMR. HICKS: Right.\nMR. SCHAEFFER: He knows he\u2019s entitled to a trial by the jury.\nTHE COURT: The defendant has withdrawn his demand for a jury trial. Does the Government consent?\nMR. SCHAUMBER [prosecutor]: Yes,\nYour Honor.\nTHE COURT: All right. [Tr. at 3.]\nAdditionally, appellant executed a written waiver of jury trial, signed also by counsel, consented to by an Assistant United States Attorney, and approved by the trial judge. Appellant nevertheless contends that the waiver is defective because no judicial inquiry was made of him personally, in sufficient detail, to determine whether it was voluntary.\nIn waiving trial by jury, the procedure contemplated by the D.C.Code provision and by the Superior Court Criminal Rule, and that enunciated by this court, is an \u201con-the-record inquiry of a defendant himself by the trial judge in open court\u201d, Jackson v. United States, D.C.App., 262 A.2d 106, 109 (1970). And while we have had occasion, in Payne v. United States, D.C.App., 292 A.2d 800 (1972), to emphasize the regrettable waste of judicial resources resulting from the failure to follow the procedure specified in the Jackson case, we have nonetheless upheld a procedure somewhat less ideal than that suggested in Jackson where it is clear on the record that the waiver was a knowledgeable one. Gregory v. United States, D.C.App., 271 A.2d 791 (1970). We conclude that such is the case here.\nA written waiver of jury trial signed by appellant is part of the record before us. An oral waiver by counsel, in appellant\u2019s presence and acquiesced in by him, is also of record. The trial proceeded to conclusion without objection by appellant and, while there is in appellant\u2019s background a history of mental illness, he was adjudged competent to participate in and to understand the legal proceedings against him. In our judgment, these factors constitute a showing of a knowing and voluntary waiver of jury trial sufficient to obviate the necessity of a remand for further hearing on this issue.\nWe again admonish the trial judges of Superior Court to personally make an on-the-record inquiry of those defendants who express a desire to waive trial by jury, with a request for trial by the court, and to explore the matter in sufficient depth so as to remove any doubt that the waiver was the result of a defendant\u2019s voluntary and knowing choice.\nAffirmed.\n. Super.Ct.Cr. Rule 23(a) reads:\nTRIAL BX JURX. Cases required to be tried by jury shall be so tried unless the defendant in open court orally and in writing waives a jury trial with the approval of the court and the consent of the prosecuting officer.",
        "type": "majority",
        "author": "KELLY, Associate Judge."
      }
    ],
    "attorneys": [
      "George M. Alexis, Public Defender Service, Washington, D. C., appointed by this court, for appellant.",
      "Jason D. Kogan, Asst. U. S. Atty., with whom Harold H. Titus, Jr., U. S. Atty., John A. Terry and Peter C. Schaumber, Asst. U. S. Attys., were on the brief, for appellee."
    ],
    "corrections": "",
    "head_matter": "Alphonso Leonard HICKS, Appellant, v. UNITED STATES, Appellee.\nNo. 6332.\nDistrict of Columbia Court of Appeals.\nArgued. Oct. 3, 1972.\nDecided Nov. 10, 1972.\nGeorge M. Alexis, Public Defender Service, Washington, D. C., appointed by this court, for appellant.\nJason D. Kogan, Asst. U. S. Atty., with whom Harold H. Titus, Jr., U. S. Atty., John A. Terry and Peter C. Schaumber, Asst. U. S. Attys., were on the brief, for appellee.\nBefore KELLY, KERN and PAIR, Associate Judges."
  },
  "file_name": "0615-01",
  "first_page_order": 655,
  "last_page_order": 657
}
