{
  "id": 11294107,
  "name": "Donald E. SMITH, Michael Cheberenchick and Joseph A. Caruso, Police Wage and Policy Committee, Appellants, v. BOROUGH OF CASTLE SHANNON, Thomas P. O'Malley, Mayor, Borough of Castle Shannon, James L. Campbell, Chief of Police, Borough of Castle Shannon; E.R. McFadden, Borough Manager, Borough of Castle Shannon; and Donald Baumgarten, Ted Kirk, Robert Carlucci, Michael Cheberenchick, Paul Coffey, Wayne McCluskey and Regis Zezulewicz, Members of Council, Borough of Castle Shannon",
  "name_abbreviation": "Smith v. Borough of Castle Shannon",
  "decision_date": "1994-04-21",
  "docket_number": "",
  "first_page": "671",
  "last_page": "674",
  "citations": [
    {
      "type": "official",
      "cite": "641 A.2d 671"
    }
  ],
  "court": {
    "name_abbreviation": "Pa. Commw. Ct.",
    "id": 11887,
    "name": "Commonwealth Court of Pennsylvania"
  },
  "jurisdiction": {
    "id": 6,
    "name_long": "Pennsylvania",
    "name": "Pa."
  },
  "cites_to": [
    {
      "cite": "160 Pa.Commonwealth Ct. 87",
      "category": "reporters:state",
      "reporter": "Pa. Commw.",
      "case_ids": [
        1454665
      ],
      "weight": 6,
      "year": 1993,
      "pin_cites": [
        {
          "page": "714"
        },
        {
          "page": "712"
        }
      ],
      "opinion_index": 0,
      "case_paths": [
        "/pa-commw/160/0087-01"
      ]
    },
    {
      "cite": "454 A.2d 649",
      "category": "reporters:state_regional",
      "reporter": "A.2d",
      "year": 1983,
      "opinion_index": 0
    },
    {
      "cite": "71 Pa.Commw. 45",
      "category": "reporters:state",
      "reporter": "Pa. Commw.",
      "case_ids": [
        1937008
      ],
      "year": 1983,
      "opinion_index": 0,
      "case_paths": [
        "/pa-commw/71/0045-01"
      ]
    },
    {
      "cite": "598 A.2d 285",
      "category": "reporters:state_regional",
      "reporter": "A.2d",
      "year": 1991,
      "pin_cites": [
        {
          "parenthetical": "quoting Richland School District v. Pennsylvania Labor Relations Board, 71 Pa.Commw. 45, 454 A.2d 649 (1983"
        }
      ],
      "opinion_index": 0
    },
    {
      "cite": "528 Pa. 632",
      "category": "reporters:state",
      "reporter": "Pa.",
      "year": 1991,
      "pin_cites": [
        {
          "parenthetical": "quoting Richland School District v. Pennsylvania Labor Relations Board, 71 Pa.Commw. 45, 454 A.2d 649 (1983"
        }
      ],
      "opinion_index": 0
    },
    {
      "cite": "138 Pa.Commw. 113",
      "category": "reporters:state",
      "reporter": "Pa. Commw.",
      "case_ids": [
        1412304
      ],
      "weight": 2,
      "year": 1991,
      "pin_cites": [
        {
          "page": "120"
        },
        {
          "page": "71"
        }
      ],
      "opinion_index": 0,
      "case_paths": [
        "/pa-commw/138/0113-01"
      ]
    },
    {
      "cite": "534 Pa. 11",
      "category": "reporters:state",
      "reporter": "Pa.",
      "case_ids": [
        1839707
      ],
      "weight": 5,
      "year": 1993,
      "pin_cites": [
        {
          "page": "494"
        },
        {
          "page": "495-496",
          "parenthetical": "footnote omitted"
        }
      ],
      "opinion_index": 0,
      "case_paths": [
        "/pa/534/0011-01"
      ]
    }
  ],
  "analysis": {
    "cardinality": 608,
    "char_count": 12649,
    "ocr_confidence": 0.705,
    "pagerank": {
      "raw": 4.03580807328026e-08,
      "percentile": 0.23946338184195295
    },
    "sha256": "3eb56a7d8666928f8ccd8e7f0d5ad359951325f66f8c7ed7f951feec07214112",
    "simhash": "1:85cf6a84e71f3666",
    "word_count": 2010
  },
  "last_updated": "2024-02-27T18:44:38.564096+00:00",
  "provenance": {
    "date_added": "2019-08-29",
    "source": "Harvard",
    "batch": "2018"
  },
  "casebody": {
    "judges": [
      "Before CRAIG, President Judge, and colins, McGinley, Pellegrini, FRIEDMAN, KELLEY and NEWMAN, JJ."
    ],
    "parties": [
      "Donald E. SMITH, Michael Cheberenchick and Joseph A. Caruso, Police Wage and Policy Committee, Appellants, v. BOROUGH OF CASTLE SHANNON, Thomas P. O\u2019Malley, Mayor, Borough of Castle Shannon, James L. Campbell, Chief of Police, Borough of Castle Shannon; E.R. McFadden, Borough Manager, Borough of Castle Shannon; and Donald Baumgarten, Ted Kirk, Robert Carlucci, Michael Cheberenchick, Paul Coffey, Wayne McCluskey and Regis Zezulewicz, Members of Council, Borough of Castle Shannon."
    ],
    "opinions": [
      {
        "text": "McGINLEY, Judge.\nDonald E. Smith, Michael Cheberenchick and Joseph A. Caruso (collectively, police officers) appeal from an order of the Court of Common Pleas of Allegheny County (common pleas court) sustaining the preliminary objections of the Borough of Castle Shannon (Borough) to the complaint in mandamus filed by the police officers and dismissing their complaint.\nThe police officers and the Borough, pursuant to a collective bargaining agreement (CBA), agreed that all police work assignments would be created on a rotating basis by the Borough under Article V \u2014 Master Schedule of the CBA. In 1991, a dispute arose between the police officers and the Borough concerning the alleged failure of the Borough to follow the work and vacation schedules under Article V and Article IX of the CBA. The police officers filed two grievances against the Borough. At Grievance No. 55-390-0144-91(1) the police officers alleged that the Borough refused to follow the required Master Schedule and that the Borough failed to give officers reasonable notice of changes in their work schedules. At Grievance No. 55-390-0144-91(2) the police officers alleged that the Borough did not allow officers to choose their vacation time based on seniority and that the Borough did not allow the officers to request single day vacations. The grievances were submitted to binding arbitration pursuant to Article XXI of the CBA. A hearing was held before Arbitrator Edward E. McDaniel.\nThe Arbitrator sustained the grievances and issued an arbitration award directing the Borough at Grievance No. 55-390-0144-9(1) to \u201ccease and desist from any future denials of Master Schedule assignments, and from making prohibited \u2018changes\u2019 in employees work schedules.\u201d The Arbitrator also directed at Grievance No. 55-390-0144-9(2) that the Borough \u201cabandon the \u2018early leave requests\u2019 requirement under challenge and ... that it cease and desist from imposing any future such requirement.\u201d Findings and Award of Arbitrator, November 4,1991; Reproduced Record (R.R.) at 18a and 27a. The Borough did not appeal the awards.\nOn February 19, 1992, the police officers filed a complaint in mandamus alleging that the Borough failed to comply with the arbitration awards. The police officers made the following allegations:\n11.The aforesaid arbitration grievance awards rendered by Arbitrator Edward E. McDaniel (copies attached hereto), as well as the provisions of Act 111 (43 P.S. \u00a7 217.1 et seq) imposed a mandatory duty upon the defendants to comply with the provisions of the award and to cease and desist the conduct that is prohibited by said award.\n12. The defendants violated their mandatory duty under the aforesaid grievance award and statutes by refusing to abide by the awards by continuing in the following activities:\n1. By making denials of Master Schedule Assignments;\n2. By unilaterally making changes in the Master Schedule Assignments without adequate notice to the police officers involved;\n3. By continuing to propose \u201cearly leave requests\u201d upon the police department; and\n4. In totally disregarding the directives and prohibitions contained in the arbitration awards.\n13. That the plaintiffs have been damaged as a result of the defendants\u2019 refusal to comply with their mandatory duty in that their schedules, as set forth in the Master Schedule, are being constantly disrupted without adequate notice by the defendants and as a result they are unable to plan or participate in family activities and they are also being required to make \u201cearly leave requests\u201d in violation of the arbitration awards.\nComplaint, February 22, 1992, Paragraphs 11, 12, and 13 at 4-5.\nThe Borough filed preliminary objections in the nature of a demurrer alleging that the complaint failed to state a claim upon which relief can be granted; that mandamus is not available; and that the Borough has complied with the award. The common pleas court sustained the preliminary objections, concluding that \u201cthe complaint alleged no single purely ministerial duty to be performed\u201d and that \u201c[w]ork scheduling requires a long series of continuous acts and mandamus is not the appropriate remedy to compel a general course of official conduct.\u201d Opinion of the Common Pleas Court, January 12, 1993, at 1. The common pleas court dismissed the complaint and the police officers appeal.\nOn appeal to this Court the police officers contend that mandamus is appropriate in order to compel the Borough to comply with the grievance award. The police officers contend that the CBA establishes the right of the parties to submit to grievance binding arbitration in order to resolve disputes concerning interpretation of the provisions of the CBA.\nRecently our Pennsylvania Supreme Court and this Court addressed the issue of whether the common pleas court has jurisdiction where a municipality fails to proceed to interest arbitration as directed in an arbitration award. In Borough of Nazareth v. Pennsylvania Labor Relations Board, 534 Pa. 11, 626 A.2d 493 (1993) the Nazareth Police Association (Association) filed an unfair labor practice charge with the Pennsylvania Labor Relations Board (PLRB) alleging that the refusal of the Borough of Nazareth (Nazareth) \u201cto name an arbitrator constituted a refusal to bargain in good faith in violation of Section 6(l)(a) and (e) of the Pennsylvania Labor Relations Act (PLRA) [Act of June 1, 1937, P.L. 1168, as amended, 43 P.S. \u00a7 211.-6(l)(a) and (e) ] and Act 111.\u201d Id. at-, 626 A.2d at 494. Nazareth denied that the Association was the proper bargaining representative and refused to proceed to interest arbitration. The PLRB determined that Nazareth\u2019s refusal to arbitrate constituted an unfair labor practice and that the Association was the proper bargaining representative. The PLRB ordered the parties to proceed to interest arbitration pursuant to Act 111.\nIn Nazareth the Supreme Court stated:\nWhile the provisions of Act No. Ill were enacted later than the PLRA and, of course, are controlling where the situation warrants, unlike the PLRA and the Public Employe Relations Act (PERA) [Act of July 23, 1970, P.L. 563, as amended, 43 P.S. \u00a7\u00a7 1101.101-1101.2301], Act 111 does not have a specific section which addresses unfair labor practices. Additionally, although Act 111 does not contain a section which specifically gives the PLRB jurisdiction, the PLRB is empowered under Section 8 of the PLRA (43 P.S. \u00a7 211.8(a)) to prevent any person from engaging in any unfair labor practice listed in Section 6 of the act.\nAdditionally, the PLRB is in the best position to resolve all unfair labor practice issues. In City of Philadelphia v. Labor Relations Board, the Commonwealth Court noted that the PLRB:\n[Possesses administrative expertise in the area of public employee labor relations and that great deference ought to be given to the PLRB\u2019s assessment of the often competing concerns relevant to the issue of whether the conduct of an employer or a union constitutes a refusal to meet the mutual obligation to bargain in good faith.\n138 Pa.Commw. 113, 120, 588 A.2d 67, 71 (1991), appeal denied, 528 Pa. 632, 598 A.2d 285 (1991) (quoting Richland School District v. Pennsylvania Labor Relations Board, 71 Pa.Commw. 45, 454 A.2d 649 (1983).\nTherefore, we hold that the Borough\u2019s failure to proceed to interest arbitration under Act No. Ill is an unfair labor practice over which the PLRB has jurisdiction.\nNazareth 534 Pa. at -, 626 A.2d at 495-496 (footnote omitted).\nIn Pottstown Police Officers\u2019 Association v. Pennsylvania Labor Relations Board, 160 Pa.Commonwealth Ct. 87, 634 A.2d 711 (1993) this Court, en banc, relied on Nazareth and determined that the Borough of Pottstown\u2019s failure to comply with the result of the dispute resolution process constituted an unfair labor practice. In Pottstown this Court stated:\nWith respect to the specific issue presented in this appeal, the Association asserts that the Borough\u2019s alleged refusal to comply with the result of the dispute resolution process must be treated in the same manner as an employer\u2019s refusal to participate in the dispute resolution'process. We agree.\nThe dispute resolution process between the Borough and the Association is defined by the provisions of the Act 111 collective bargaining agreement into which the parties voluntarily entered. Having concluded earlier in this opinion that an employer\u2019s refusal to arbitrate grievance filed on behalf of an employe is an unfair labor practice over which the PLRB has jurisdiction to determine whether an employer\u2019s alleged failure to comply with the result of the contractually defined grievance process is an unfair labor practice.\nId. at -, 634 A.2d at 714.\nIn the present controversy the PLRB has jurisdiction to determine whether the Borough\u2019s alleged failure to comply with the arbitration award is an unfair labor practice. Nazareth and Pottstown.\nAccordingly, we vacate the decision of the common pleas court and transfer the present matter to the PLRB.\nORDER\nAND NOW, this 21st day of April, 1994, the order of the Court of Common Pleas of Allegheny County at No. G.D. 92-3306, dated December 10, 1992, is vacated and the above matter is transferred to the Pennsylvania Labor Relations Board. The chief clerk shall certify a photocopy of the docket entries of the above matter and the record to the Secretary of the Pennsylvania Labor Relations Board.\n. The police officers were elected to the Wage and Policy Committee of the Borough Police Department pursuant to the Act of June 24, 1968, P.L. 237, as amended, 43 P.S. \u00a7\u00a7 217.1-217.10 (Act 111).\n. Also, the following defendants are named in the present action:\nThomas P. O'Malley, the Borough\u2019s mayor, James L. Campbell, the Borough\u2019s police chief, E.R. McFadden, the Borough's manager, and all individual members of the Borough\u2019s council; i.e., Donald Baumgarten, Ted Kirk, Robert Carlucci, Michael Cheberenchick, Paul Coffey, Wayne McCluskey and Regis Zezulewicz.\n. Article V of the CBA provides:\nThe present system (master schedule) whereby each officer knows well in advance his scheduled shifts and duties shall be maintained. The employer shall establish a master schedule such as contained in Schedule D or one as similar thereto as is practically possible in the circumstances.\nThe Borough will make every reasonable effort to minimize the number of changes in an officer\u2019s scheduled shifts set forth on the master schedule. If a schedule change is necessary, the Borough will give the affected officer reasonable notice prior to the change.\nArticle V of the Collective Bargaining Agreement, November 4, 1991.\n. Article IX \u2014 Vacations of the CBA provides:\n(a)Members of the Unit shall be entitled to the.following vacation schedule and shall select their vacations each year according to seniority:\nOne year service but less than five years Two weeks\nFive years service but less than ten years Three weeks\nTen years service but less than twenty years Four weeks\nTwenty years service Five weeks\n(b) Any member on scheduled vacations who is required to return to work shall be paid time and one half ()6) for all hours worked and will be given compensation time off.\n(c) The Chief of Police shall not be included in the regular vacation schedule pick with the other members of the Unit. Vacation days may be picked on (1) day at a time, provided the officer gives notice of his intent to take a vacation day at least three (3) days in advance.\nCollective Bargaining Agreement, November 4, 1991.\n. In Pottstown the Pottstown Police Association (Association) \u201calleged that a grievance was filed on behalf of Officer Charles McClincy concerning improper payment of premium wages for appearances before magistrates\u201d and that \"the grievance was resolved in favor of Officer McClincy ... [and] that the Borough took no action in response to the resolution of the dispute in Officer McClincy\u2019s favor.\" Id. at -, 634 A.2d at 712.",
        "type": "majority",
        "author": "McGINLEY, Judge."
      }
    ],
    "attorneys": [
      "Ronald P. Koerner, for appellants.",
      "Timothy P. O\u2019Reilly, for appellees."
    ],
    "corrections": "",
    "head_matter": "Donald E. SMITH, Michael Cheberenchick and Joseph A. Caruso, Police Wage and Policy Committee, Appellants, v. BOROUGH OF CASTLE SHANNON, Thomas P. O\u2019Malley, Mayor, Borough of Castle Shannon, James L. Campbell, Chief of Police, Borough of Castle Shannon; E.R. McFadden, Borough Manager, Borough of Castle Shannon; and Donald Baumgarten, Ted Kirk, Robert Carlucci, Michael Cheberenchick, Paul Coffey, Wayne McCluskey and Regis Zezulewicz, Members of Council, Borough of Castle Shannon.\nCommonwealth Court of Pennsylvania.\nSubmitted March 2, 1994.\nDecided April 21, 1994.\nRonald P. Koerner, for appellants.\nTimothy P. O\u2019Reilly, for appellees.\nBefore CRAIG, President Judge, and colins, McGinley, Pellegrini, FRIEDMAN, KELLEY and NEWMAN, JJ."
  },
  "file_name": "0671-01",
  "first_page_order": 753,
  "last_page_order": 756
}
