{
  "id": 7858642,
  "name": "COMMONWEALTH of Pennsylvania v. Willie BARNETT, Sr., Petitioner",
  "name_abbreviation": "Commonwealth v. Barnett",
  "decision_date": "1994-01-28",
  "docket_number": "",
  "first_page": "21",
  "last_page": "21",
  "citations": [
    {
      "type": "official",
      "cite": "639 A.2d 21"
    }
  ],
  "court": {
    "name_abbreviation": "Pa.",
    "id": 8832,
    "name": "Supreme Court of Pennsylvania"
  },
  "jurisdiction": {
    "id": 6,
    "name_long": "Pennsylvania",
    "name": "Pa."
  },
  "cites_to": [],
  "analysis": {
    "cardinality": 72,
    "char_count": 607,
    "ocr_confidence": 0.767,
    "pagerank": {
      "raw": 2.1995933875888662e-07,
      "percentile": 0.7635377977124331
    },
    "sha256": "933f22386b1cf3a2613e3dc602a2dfe502ffa43e2436be034e85239506e7319e",
    "simhash": "1:0f07cce2113b9992",
    "word_count": 97
  },
  "last_updated": "2023-07-14T22:44:14.608959+00:00",
  "provenance": {
    "date_added": "2019-08-29",
    "source": "Harvard",
    "batch": "2018"
  },
  "casebody": {
    "judges": [
      "Before NIX, C.J., and FLAHERTY, ZAPPALA, CASTILLE and MONTEMURO, JJ."
    ],
    "parties": [
      "COMMONWEALTH of Pennsylvania v. Willie BARNETT, Sr., Petitioner."
    ],
    "opinions": [
      {
        "text": "ORDER\nPER CURIAM:\nAND NOW, this 28th day of January, 1994, the request to proceed in forma pau-peris is granted and the Motion to Extend Time to Perfect Nunc Pro Tunc Appeal is denied.\nMr. Justice Montemuro is sitting by designation as Senior Justice pursuant to Judicial Assignment Docket No. 94 R1800, due to the unavailability of Mr. Justice Larsen, see No. 127 Judicial Administration Docket No. 1, filed October 28, 1993.",
        "type": "majority",
        "author": "PER CURIAM:"
      }
    ],
    "attorneys": [],
    "corrections": "",
    "head_matter": "COMMONWEALTH of Pennsylvania v. Willie BARNETT, Sr., Petitioner.\nSupreme Court of Pennsylvania.\nJan. 28, 1994.\nBefore NIX, C.J., and FLAHERTY, ZAPPALA, CASTILLE and MONTEMURO, JJ."
  },
  "file_name": "0021-02",
  "first_page_order": 87,
  "last_page_order": 87
}
