{
  "id": 9510395,
  "name": "MARTA RODR\u00cdGUEZ RENTAS Querellante-Apelante v. C.A. VALIDATION SERVICES INC., WILMA G\u00c1NDARA GORRITS, CARLOS ALVAREZ, ET ALS Querellados-Apelados",
  "name_abbreviation": "Rodr\u00edguez Rentas v. C.A. Validation Services Inc.",
  "decision_date": "2009-10-05",
  "docket_number": "N\u00fam. KLAN-2008-01809",
  "first_page": "633",
  "last_page": "634",
  "citations": [
    {
      "type": "official",
      "cite": "15 T.C.A. 633"
    },
    {
      "type": "parallel",
      "cite": "2010 DTA 4"
    }
  ],
  "court": {
    "name_abbreviation": "P.R. Cir.",
    "id": 16431,
    "name": "Puerto Rico Circuit Court of Appeals"
  },
  "jurisdiction": {
    "id": 25,
    "name_long": "Puerto Rico",
    "name": "P.R."
  },
  "cites_to": [
    {
      "cite": "145 D.P.R. 752",
      "category": "reporters:state",
      "reporter": "P.R. Dec.",
      "case_ids": [
        9390230
      ],
      "year": 1998,
      "pin_cites": [
        {
          "page": "760"
        }
      ],
      "opinion_index": 0,
      "case_paths": [
        "/pr-dec/145/0752-01"
      ]
    }
  ],
  "analysis": {
    "cardinality": 303,
    "char_count": 4152,
    "ocr_confidence": 0.775,
    "pagerank": {
      "raw": 4.03580807328026e-08,
      "percentile": 0.21874557165301917
    },
    "sha256": "38aa178ba0ccd2ee2111f478794355ac863c6d4e091f6123c2c5880abeea05c7",
    "simhash": "1:e974b69383c0fab9",
    "word_count": 708
  },
  "last_updated": "2024-02-27T20:46:31.760174+00:00",
  "provenance": {
    "date_added": "2019-08-29",
    "source": "Harvard",
    "batch": "2018"
  },
  "casebody": {
    "judges": [
      "Panel integrado por su Presidente, el Juez Escribano Medina, y los Jueces Miranda De Hostos y Aponte Hern\u00e1ndez"
    ],
    "parties": [
      "MARTA RODR\u00cdGUEZ RENTAS Querellante-Apelante v. C.A. VALIDATION SERVICES INC., WILMA G\u00c1NDARA GORRITS, CARLOS ALVAREZ, ET ALS Querellados-Apelados"
    ],
    "opinions": [
      {
        "text": "RESOLUCI\u00d3N EN RECONSIDERACI\u00d3N\nComparece la apelante Marta Rodr\u00edguez Rentas y solicita la reconsideraci\u00f3n de una Sentencia dictada por este Tribunal el 28 de agosto de 2009. En la misma, este Tribunal modific\u00f3 la sentencia dictada por el Tribunal de Primera Instancia en un pleito por despido injustificado, horas extras, bono de Navidad y horas de alimentos instado por la apelante contra los apelados C.A. Validation Services, Inc., Wilma G\u00e1ndara Gorrits, Carlos \u00c1lvarez, y la sociedad legal de gananciales compuesta por ambos.\nI\nEn su petici\u00f3n de Reconsideraci\u00f3n, alega la parte apelante que la sentencia emitida por este Tribunal nada expres\u00f3 sobre las alegaciones en cuanto al bono de navidad ni en cuanto a la imposici\u00f3n de honorarios de abogado, que seg\u00fan aleg\u00f3, son compulsorios a raz\u00f3n de un 25%. Por ello solicit\u00f3 una enmienda en cuanto al bono de Navidad de $38-.28, [sic] y que se otorgue el 25% de la partida concedida por este Tribunal al modificar la sentencia de instancia, ascendente a $2,337.00.\nn\nLa Ley N\u00fam. 2 de 17 de octubre de 1961, en su secci\u00f3n 3115, 32 L.P.R.A sec.3132, establece que en todo caso radicado ante los tribunales de Puerto Rico por un trabajador o empleado en que se reclame cualquier derecho o suma de dinero contra su patrono y que se conceda la reclamaci\u00f3n en todo o en parte, se condenar\u00e1 al patrono al pago de honorarios de abogado. 32 L.P.R.A \u00a73132.\nPor su parte, la Ley de Horas y D\u00edas de Trabajo, Ley N\u00fam. 379 de 15 de mayo de 1948, seg\u00fan enmendada, 29 L.P.R.A. see. 271 et seq., tambi\u00e9n dispone expresamente que aquel empleado que reciba una compensaci\u00f3n menor a la debida para las horas regulares y horas extras de trabajo o para el per\u00edodo se\u00f1alado para tomar alimentos, tendr\u00e1 derecho a recobrar de su patrono la cantidad adeudada por medio de una acci\u00f3n civil, as\u00ed como una suma igual por concepto de da\u00f1os y perjuicios, adem\u00e1s de las costas, gastos y honorarios de abogado. Art. 14, Ley N\u00fam. 379, supra, sec. 282. V\u00e9ase, adem\u00e1s, Acevedo v. P. R. Sun Oil Co., 145 D.P.R. 752, 760 (1998).\nSobre este mismo elemento de honorarios, la Ley N\u00fam. 80 del 30 de mayo de 1976, seg\u00fan enmendada, en su Art\u00edculo 11, 29 L.P.R.A., sec. 185k(b), dispone que cuando el tribunal crea que el despido fue sin justa causa, ordenar\u00e1 al patrono depositar una suma a tal efecto no menor del quince por ciento (15%) del total de la compensaci\u00f3n del trabajador o cien d\u00f3lares, la que resulte mayor.\nIII\nA la luz del derecho antes esbozado, reconsideramos la sentencia dictada a los efectos de otorgar el 25% de la partida concedida por horas extras trabajadas ($2,754.00), da\u00f1os ($2,754.00) y la compensaci\u00f3n por haberse efectuado el pago del bono en forma tard\u00eda ($125.00), seg\u00fan modificadas por este Tribunal, esto es, el 25% de $5,633.00, para un total de $1,408.25. Esto, en vista de que ese fue el por ciento concedido por el foro de instancia para estas reclamaciones.\nEste Tribunal, sin embargo, tambi\u00e9n modific\u00f3 la sentencia en cuanto concedi\u00f3 a la parte apelante la mesada, por entender que se configur\u00f3 el despido injustificado en el caso. Al amparo del Art\u00edculo 11 de la Ley N\u00fam. 80, supra, se otorga como honorarios de abogado el 15% de la partida concedida por concepto de mesada ($3,840.00), esto es $576.00.\nEn cuanto a la solicitud de la parte apelante sobre las alegaciones del bono de Navidad, la parte apelante no nos ha puesto en posici\u00f3n de expresarnos sobre las mismas, toda vez que en su escrito original de apelaci\u00f3n no hay se\u00f1alamiento de error al respecto.\nIV\nPor todo lo anterior, se declara con lugar la reconsideraci\u00f3n y se modifica la sentencia del 28 de agosto de 2009.\nLo acord\u00f3 y manda el Tribunal y lo certifica la Se\u00f1ora Secretaria del Tribunal.\nDimarie Alicea Lozada\nSecretaria del Tribunal de Apelaciones",
        "type": "majority",
        "author": null
      }
    ],
    "attorneys": [],
    "corrections": "",
    "head_matter": "2010 DTA 4\nTRIBUNAL DE APELACIONES REGI\u00d3N JUDICIAL AIBONITO\nMARTA RODR\u00cdGUEZ RENTAS Querellante-Apelante v. C.A. VALIDATION SERVICES INC., WILMA G\u00c1NDARA GORRITS, CARLOS ALVAREZ, ET ALS Querellados-Apelados\nN\u00fam. KLAN-2008-01809\nSan Juan, Puerto Rico, a 5 de octubre de 2009\nPanel integrado por su Presidente, el Juez Escribano Medina, y los Jueces Miranda De Hostos y Aponte Hern\u00e1ndez"
  },
  "file_name": "0633-01",
  "first_page_order": 15,
  "last_page_order": 16
}
