{
  "id": 8384231,
  "name": "In re Hillard J. QUINT, Respondent. A Member of the Bar of the District of Columbia Court of Appeals (Bar Registration No. 427926)",
  "name_abbreviation": "In re Quint",
  "decision_date": "2008-03-20",
  "docket_number": "No. 07-BG-100",
  "first_page": "605",
  "last_page": "606",
  "citations": [
    {
      "type": "official",
      "cite": "945 A.2d 605"
    }
  ],
  "court": {
    "name_abbreviation": "D.C.",
    "id": 11933,
    "name": "District of Columbia Court of Appeals"
  },
  "jurisdiction": {
    "id": 56,
    "name_long": "District of Columbia",
    "name": "D.C."
  },
  "cites_to": [
    {
      "cite": "870 A.2d 53",
      "category": "reporters:state_regional",
      "reporter": "A.2d",
      "case_ids": [
        9014283
      ],
      "opinion_index": 0,
      "case_paths": [
        "/a2d/870/0053-01"
      ]
    },
    {
      "cite": "579 A.2d 190",
      "category": "reporters:state_regional",
      "reporter": "A.2d",
      "case_ids": [
        7356987
      ],
      "year": 1990,
      "pin_cites": [
        {
          "page": "191, 194",
          "parenthetical": "en banc"
        }
      ],
      "opinion_index": 0,
      "case_paths": [
        "/a2d/579/0190-01"
      ]
    },
    {
      "cite": "860 A.2d 836",
      "category": "reporters:state_regional",
      "reporter": "A.2d",
      "case_ids": [
        9148319
      ],
      "pin_cites": [
        {
          "page": "837"
        }
      ],
      "opinion_index": 0,
      "case_paths": [
        "/a2d/860/0836-01"
      ]
    }
  ],
  "analysis": {
    "cardinality": 238,
    "char_count": 3079,
    "ocr_confidence": 0.721,
    "pagerank": {
      "raw": 4.03580807328026e-08,
      "percentile": 0.20327729531721733
    },
    "sha256": "dd754e0b54f5a051ab3b97860c3916b708117c7a93eb0bba2db41bc19796c2c9",
    "simhash": "1:9e5212f063aae57a",
    "word_count": 502
  },
  "last_updated": "2024-02-27T20:56:31.695691+00:00",
  "provenance": {
    "date_added": "2019-08-29",
    "source": "Harvard",
    "batch": "2018"
  },
  "casebody": {
    "judges": [
      "Before FARRELL, Associate Judge, and PRYOR and BELSON, Senior Judges."
    ],
    "parties": [
      "In re Hillard J. QUINT, Respondent. A Member of the Bar of the District of Columbia Court of Appeals (Bar Registration No. 427926)."
    ],
    "opinions": [
      {
        "text": "PER CURIAM:\nOn November 17, 1997, the Supreme Court of Georgia accepted the voluntary surrender by respondent, Hillard J. Quint, of his law license, which both the court and respondent acknowledged was tantamount to disbarment. The Georgia high court found that disbarment was the appropriate sanction given respondent\u2019s serious misrepresentations and misappropriations of client funds in two cases.\nThe respondent is also a member of the Bar of this court but has been administratively suspended for nonpayment of his Bar dues since 2006. While he did not report his disbarment as required by the rules of this court, Bar Counsel discovered it during his investigation of an unrelated matter and reported it to this court on February 28, 2007. We suspended respondent pursuant to D.C. Bar R. XI, \u00a7 11(d) and referred the matter to the Board on Professional Responsibility (\u201cBoard\u201d). The Board now recommends the respondent be disbarred as identical reciprocal discipline. Bar Counsel has informed the court that he takes no exception to the Board\u2019s report and recommendation. Respondent has not filed a response or otherwise participated in this reciprocal discipline proceeding.\nThere is a rebuttable presumption favoring the nearly automatic imposition of identical reciprocal discipline in this jurisdiction. D.C. Bar R. XI, \u00a7 11(f). In light of that presumption, the lack of anything in the record to indicate that reciprocal discipline is inappropriate, id. \u00a7 11(c), and the lack of any exception by the parties, we accept the Board\u2019s recommendation. We note further, as we often have in the past, that the conduct underlying this discipline is among the most serious of infractions a member of this Bar may commit. Accordingly, it is\nORDERED that Hillard J. Quint is disbarred from the practice of law in the District of Columbia, and his name shall be stricken from the roll of attorneys authorized to practice before this court. For the purposes of reinstatement, respondent\u2019s disbarment will run from the date that he files an affidavit which conforms to the requirements of D.C. Bar R. XI, \u00a7 14(g).\nSo ordered.\n. In light of Bar Counsel\u2019s numerous unsuccessful attempts to contact respondent, and his failure to inform the Bar of any changes to his address, see D.C. Bar R. II, \u00a7 2(a), \"we conclude that [he] had sufficient notice of this proceeding for the purposes of imposing reciprocal discipline.\u201d In re Powell, 860 A.2d 836, 837 (D.C.2004).\n. See In re Addams, 579 A.2d 190, 191, 194 (D.C. 1990) (en banc) (Disbarment is the only appropriate action in nearly all cases of misappropriation, as \u201cthere is nothing clearer to the public ... than stealing a client\u2019s money and nothing worse.\u201d) (Citations omitted.); accord In re Devaney, 870 A.2d 53 (D.C.2005).",
        "type": "majority",
        "author": "PER CURIAM:"
      }
    ],
    "attorneys": [],
    "corrections": "",
    "head_matter": "In re Hillard J. QUINT, Respondent. A Member of the Bar of the District of Columbia Court of Appeals (Bar Registration No. 427926).\nNo. 07-BG-100.\nDistrict of Columbia Court of Appeals.\nSubmitted March 4, 2008.\nDecided March 20, 2008.\nBefore FARRELL, Associate Judge, and PRYOR and BELSON, Senior Judges."
  },
  "file_name": "0605-01",
  "first_page_order": 657,
  "last_page_order": 658
}
