{
  "id": 8167356,
  "name": "Alphonse John PRITCHARD, Appellant v. Jeffrey BEARD, Secretary of Pennsylvania Department of Corrections, Tony Miller, Director of Correctional Industries et al., Appellees",
  "name_abbreviation": "Pritchard v. Beard",
  "decision_date": "2009-03-18",
  "docket_number": "",
  "first_page": "1207",
  "last_page": "1208",
  "citations": [
    {
      "type": "official",
      "cite": "965 A.2d 1207"
    }
  ],
  "court": {
    "name_abbreviation": "Pa.",
    "id": 8832,
    "name": "Supreme Court of Pennsylvania"
  },
  "jurisdiction": {
    "id": 6,
    "name_long": "Pennsylvania",
    "name": "Pa."
  },
  "cites_to": [],
  "analysis": {
    "cardinality": 37,
    "char_count": 327,
    "ocr_confidence": 0.734,
    "pagerank": {
      "raw": 2.1995933875888662e-07,
      "percentile": 0.7661632482936303
    },
    "sha256": "481b9457c434232b4a98384f16081f9ac897e5c04b180189f416e3d5f9229a2d",
    "simhash": "1:9ce88a30c370b4b7",
    "word_count": 48
  },
  "last_updated": "2023-07-14T18:34:28.586175+00:00",
  "provenance": {
    "date_added": "2019-08-29",
    "source": "Harvard",
    "batch": "2018"
  },
  "casebody": {
    "judges": [],
    "parties": [
      "Alphonse John PRITCHARD, Appellant v. Jeffrey BEARD, Secretary of Pennsylvania Department of Corrections, Tony Miller, Director of Correctional Industries et al., Appellees."
    ],
    "opinions": [
      {
        "text": "ORDER\nPER CURIAM.\nAND NOW, this 18th day of March, 2009, the Order of the Commonwealth Court is AFFIRMED.",
        "type": "majority",
        "author": "PER CURIAM."
      }
    ],
    "attorneys": [],
    "corrections": "",
    "head_matter": "Alphonse John PRITCHARD, Appellant v. Jeffrey BEARD, Secretary of Pennsylvania Department of Corrections, Tony Miller, Director of Correctional Industries et al., Appellees.\nSupreme Court of Pennsylvania.\nMarch 18, 2009."
  },
  "file_name": "1207-01",
  "first_page_order": 1243,
  "last_page_order": 1244
}
