{
  "id": 8000458,
  "name": "Ralph DeFUSCO v. Helene P. DeFUSCO",
  "name_abbreviation": "DeFusco v. DeFusco",
  "decision_date": "1979-11-16",
  "docket_number": "No. 79-387-A",
  "first_page": "1229",
  "last_page": "1229",
  "citations": [
    {
      "type": "official",
      "cite": "409 A.2d 1229"
    }
  ],
  "court": {
    "name_abbreviation": "R.I.",
    "id": 10179,
    "name": "Supreme Court of Rhode Island"
  },
  "jurisdiction": {
    "id": 15,
    "name_long": "Rhode Island",
    "name": "R.I."
  },
  "cites_to": [],
  "analysis": {
    "cardinality": 43,
    "char_count": 379,
    "ocr_confidence": 0.761,
    "sha256": "b1eac3b53a2fca16aba4e3c367fdedc529de650a23337f8c5cbcd3eed38d3c29",
    "simhash": "1:b1980e058867082b",
    "word_count": 54
  },
  "last_updated": "2023-07-14T21:02:34.358380+00:00",
  "provenance": {
    "date_added": "2019-08-29",
    "source": "Harvard",
    "batch": "2018"
  },
  "casebody": {
    "judges": [],
    "parties": [
      "Ralph DeFUSCO v. Helene P. DeFUSCO."
    ],
    "opinions": [
      {
        "text": "ORDER\nThe wife\u2019s motion for stay of the Family Court decree permitting partition and sale of the marital domicile is granted.",
        "type": "majority",
        "author": null
      }
    ],
    "attorneys": [
      "Friedman & Kessler, Harold I. Kessler, Providence, for plaintiff-appellee.",
      "Temkin, Merolla & Zurier, Amedeo C. Merolla, Providence, for defendant-appellant."
    ],
    "corrections": "",
    "head_matter": "Ralph DeFUSCO v. Helene P. DeFUSCO.\nNo. 79-387-A.\nSupreme Court of Rhode Island.\nNov. 16, 1979.\nFriedman & Kessler, Harold I. Kessler, Providence, for plaintiff-appellee.\nTemkin, Merolla & Zurier, Amedeo C. Merolla, Providence, for defendant-appellant."
  },
  "file_name": "1229-03",
  "first_page_order": 1283,
  "last_page_order": 1283
}
