{
  "id": 11768476,
  "name": "Suzanne HOURIHAN, Ronald Hourihan, Middletown Acquisition Group L.L.C., d/b/a Newport Equestrian Academy v. TOWN OF MIDDLETOWN",
  "name_abbreviation": "Hourihan v. Town of Middletown",
  "decision_date": "1998-10-23",
  "docket_number": "No. 98-359-Appeal",
  "first_page": "790",
  "last_page": "792",
  "citations": [
    {
      "type": "official",
      "cite": "723 A.2d 790"
    }
  ],
  "court": {
    "name_abbreviation": "R.I.",
    "id": 10179,
    "name": "Supreme Court of Rhode Island"
  },
  "jurisdiction": {
    "id": 15,
    "name_long": "Rhode Island",
    "name": "R.I."
  },
  "cites_to": [
    {
      "cite": "617 A.2d 104",
      "category": "reporters:state_regional",
      "reporter": "A.2d",
      "case_ids": [
        7929167
      ],
      "pin_cites": [
        {
          "page": "111"
        }
      ],
      "opinion_index": 0,
      "case_paths": [
        "/a2d/617/0104-01"
      ]
    },
    {
      "cite": "628 A.2d 537",
      "category": "reporters:state_regional",
      "reporter": "A.2d",
      "case_ids": [
        7365025
      ],
      "pin_cites": [
        {
          "page": "538"
        }
      ],
      "opinion_index": 0,
      "case_paths": [
        "/a2d/628/0537-01"
      ]
    }
  ],
  "analysis": {
    "cardinality": 302,
    "char_count": 4613,
    "ocr_confidence": 0.669,
    "pagerank": {
      "raw": 4.89950402824256e-08,
      "percentile": 0.3087384631304759
    },
    "sha256": "26b1eb8792466dbeb992d617a8a4a4cb5f8bd7e835eebe91e79212e274e0cffd",
    "simhash": "1:4b2575cea292b3cc",
    "word_count": 724
  },
  "last_updated": "2024-02-27T19:52:01.630681+00:00",
  "provenance": {
    "date_added": "2019-08-29",
    "source": "Harvard",
    "batch": "2018"
  },
  "casebody": {
    "judges": [],
    "parties": [
      "Suzanne HOURIHAN, Ronald Hourihan, Middletown Acquisition Group L.L.C., d/b/a Newport Equestrian Academy v. TOWN OF MIDDLETOWN."
    ],
    "opinions": [
      {
        "text": "ORDER\nThis case came before the Supreme Court on October 5, 1998, pursuant to an order directing the parties to show cause why the issues raised by this appeal should not be summarily decided. The plaintiffs, Suzanne Hourihan, Ronald Hourihan, Middletown Acquisition Group L.L.C., dba Newport Equestrian Academy, have appealed a Superior Court order denying their motions for a temporary restraining order, a preliminary injunction, and a permanent injunction against the Town of Middletown (town) in respect to a local ordinance regulating the riding of horses on the town\u2019s beaches during the summer months. The plaintiffs also sought a stay of enforcement of the ordinance that was denied by this Court on July 16, 1998.\nAfter hearing the arguments of counsel and reviewing the memoranda submitted by the parties, we are of the opinion that cause has not been shown. Therefore, the case will be decided at this time.\nOn June 15, 1998, the town adopted ordinances which prohibited the riding of horses on Sachuest and Third beaches during the summer months. Middletown Code of Ordinances \u00a7 94.32(I)(1) through \u00a7 94.32(I)(6). The plaintiffs sought a declaration from the Superior Court that the ordinances were void because they violated plaintiffs\u2019 rights under the Rhode Island Constitution and because the town lacked the authority to enact these ordinances. On July 7, 1998, the Superior Court denied the plaintiffs\u2019 motions in an order that incorporated its July 3,1998 decision that \u201cthe Town of Middletown has the authority to enact ordinances governing horses on its beaches.\u201d\nIn 1968, the town approved a Home Rule Charter (charter) pursuant to amendment 28 of the Rhode Island Constitution, Home Rule for Cities and Towns. The charter grants the town council the powers \u201cto enact, amend or repeal ordinances for the preservation of the public peace, health, safety, comfort and welfare, and for the protection of persons and property.\u201d Middletown Charter, Article II, Sec. 207(m).\n\u201cSection 2 of article 13 [of the Rhode Island Constitution], the Home Rule Article, empowers cities and towns to adopt a charter and enact and amend local laws relating to its property, affairs, and government, providing such action is not inconsistent with the Rhode Island Constitution or laws enacted by the General Assembly.\u201d In re Advisory Opinion to the House of Representatives, 628 A.2d 537, 538 (R.I.1993). When municipalities have adopted Home Rule Charters, those cities and towns are empowered to enact ordinances regulating all purely local matters. Town of East Greenwich v. O\u2019Neil, 617 A.2d 104, 111 (R.I.1992).\nWe are of the opinion that the ordinances prohibiting the riding of horses on Middle-town public beaches during the summer months are valid pursuant to the authority granted to communities under G.L.1956 \u00a7 45-6-1, which provides, \u201cTown councils * * * may * * * make and ordain all ordinances and regulations for their respective towns not repugnant to law * * * for the well ordering, managing, and directing of the prudential affairs and police of their respective towns.\u201d Municipalities and towns are in the best position to regulate public safety issues such as licensing dogs or determining the appropriate conditions for the riding of horses on beaches during seasons when bea-chgoing increases dramatically. Because the ordinances clearly concern the \u201cpreservation of the public peace, health, safety, comfort and welfare\u201d of the users of the beaches of the town, they also fall within the authorization granted by the Middletown Home Rule Charter.\nWe also reject plaintiffs\u2019 claims that the ordinances violate their property rights. The ordinances are not confiscatory, first, because the ban on horseriding on the beach is confined only to certain months of the year, and, second, even during that period, plaintiffs are not precluded from riding their horses in areas other than the beaches.\nThis Court has considered the plaintiffs\u2019 other arguments and finds them to be without merit.\nWe therefore deny and dismiss plaintiffs\u2019 appeal and affirm the order of the Superior Court, to which we remand the papers in this case.\n. At the December 4, 1986 constitutional convention, the delegates incorporated amendment 28, the Home Rule Amendment, into Article XIII of the Rhode Island Constitution.",
        "type": "majority",
        "author": null
      }
    ],
    "attorneys": [
      "Keven A. McKenna, Joseph F. Hook, Providence.",
      "Turner C. Scott, Newport, James R. Lee, Providence."
    ],
    "corrections": "",
    "head_matter": "Suzanne HOURIHAN, Ronald Hourihan, Middletown Acquisition Group L.L.C., d/b/a Newport Equestrian Academy v. TOWN OF MIDDLETOWN.\nNo. 98-359-Appeal.\nSupreme Court of Rhode Island.\nOct. 23, 1998.\nKeven A. McKenna, Joseph F. Hook, Providence.\nTurner C. Scott, Newport, James R. Lee, Providence."
  },
  "file_name": "0790-01",
  "first_page_order": 854,
  "last_page_order": 856
}
