{
  "id": 12488951,
  "name": "IN RE BEAN",
  "name_abbreviation": "In re Bean",
  "decision_date": "2016-11-01",
  "docket_number": "16\u2013368",
  "first_page": "1230",
  "last_page": "1230",
  "citations": [
    {
      "type": "official",
      "cite": "153 A.3d 1230"
    }
  ],
  "court": {
    "name_abbreviation": "Vt.",
    "id": 8945,
    "name": "Vermont Supreme Court"
  },
  "jurisdiction": {
    "id": 17,
    "name_long": "Vermont",
    "name": "Vt."
  },
  "cites_to": [],
  "analysis": {
    "cardinality": 20,
    "char_count": 141,
    "sha256": "4c24687230a90aa83c3fa47df7ee94c28d23074eef0bcba1475149af4cecf5fb",
    "simhash": "1:97111e33dc54e261",
    "word_count": 21
  },
  "last_updated": "2021-08-27T20:57:14.010181+00:00",
  "provenance": {
    "date_added": "2021-08-27",
    "source": "Fastcase",
    "batch": "2021"
  },
  "casebody": {
    "judges": [],
    "parties": [
      "IN RE BEAN"
    ],
    "opinions": [
      {
        "text": "",
        "type": "majority",
        "author": null
      }
    ],
    "attorneys": [],
    "corrections": "",
    "head_matter": "IN RE BEAN\n16-368\nSupreme Court of Vermont.\nNovember 1, 2016\nAPPEAL DISPOSED OF WITHOUT PUBLISHED OPINION OR MEMORANDUM DECISION\nDismissed."
  },
  "file_name": "1230-21",
  "first_page_order": 1230,
  "last_page_order": 1230
}
