{
  "id": 11899463,
  "name": "Michael D. BOWMAN, Appellant, v. COMMONWEALTH of Pennsylvania, DEPARTMENT OF ENVIRONMENTAL RESOURCES, Appellee. Elsie M. Gibson, Intervenor",
  "name_abbreviation": "Bowman v. Commonwealth, Department of Environmental Resources",
  "decision_date": "1997-09-18",
  "docket_number": "No. 67 M.D. Appeal Docket 1996",
  "first_page": "427",
  "last_page": "431",
  "citations": [
    {
      "type": "official",
      "cite": "700 A.2d 427"
    }
  ],
  "court": {
    "name_abbreviation": "Pa.",
    "id": 8832,
    "name": "Supreme Court of Pennsylvania"
  },
  "jurisdiction": {
    "id": 6,
    "name_long": "Pennsylvania",
    "name": "Pa."
  },
  "cites_to": [
    {
      "cite": "509 Pa. 267",
      "category": "reporters:state",
      "reporter": "Pa.",
      "case_ids": [
        1795308
      ],
      "weight": 2,
      "year": 1985,
      "pin_cites": [
        {
          "page": "275",
          "parenthetical": "citations omitted"
        },
        {
          "page": "1387",
          "parenthetical": "citations omitted"
        }
      ],
      "opinion_index": 0,
      "case_paths": [
        "/pa/509/0267-01"
      ]
    },
    {
      "cite": "100 L.Ed. 724",
      "category": "reporters:federal",
      "reporter": "L. Ed.",
      "weight": 2,
      "year": 1955,
      "opinion_index": 0
    },
    {
      "cite": "76 S.Ct. 68",
      "category": "reporters:federal",
      "reporter": "S. Ct.",
      "year": 1955,
      "opinion_index": 0
    },
    {
      "cite": "350 U.S. 806",
      "category": "reporters:federal",
      "reporter": "U.S.",
      "case_ids": [
        12035522,
        12035462,
        12035303,
        12035415,
        12035354
      ],
      "year": 1955,
      "opinion_index": 0,
      "case_paths": [
        "/us/350/0806-05",
        "/us/350/0806-04",
        "/us/350/0806-01",
        "/us/350/0806-03",
        "/us/350/0806-02"
      ]
    },
    {
      "cite": "109 A.2d 331",
      "category": "reporters:state_regional",
      "reporter": "A.2d",
      "year": 1954,
      "pin_cites": [
        {
          "page": "334-35"
        }
      ],
      "opinion_index": 0
    },
    {
      "cite": "379 Pa. 566",
      "category": "reporters:state",
      "reporter": "Pa.",
      "case_ids": [
        1253580
      ],
      "year": 1954,
      "pin_cites": [
        {
          "page": "573"
        }
      ],
      "opinion_index": 0,
      "case_paths": [
        "/pa/379/0566-01"
      ]
    },
    {
      "cite": "489 Pa. 109",
      "category": "reporters:state",
      "reporter": "Pa.",
      "case_ids": [
        1762420
      ],
      "weight": 2,
      "year": 1980,
      "pin_cites": [
        {
          "page": "128"
        },
        {
          "page": "1047"
        }
      ],
      "opinion_index": 0,
      "case_paths": [
        "/pa/489/0109-01"
      ]
    },
    {
      "cite": "531 Pa. 287",
      "category": "reporters:state",
      "reporter": "Pa.",
      "case_ids": [
        1834345
      ],
      "weight": 4,
      "year": 1992,
      "pin_cites": [
        {
          "page": "291"
        },
        {
          "page": "436",
          "parenthetical": "citations omitted"
        }
      ],
      "opinion_index": 0,
      "case_paths": [
        "/pa/531/0287-01"
      ]
    },
    {
      "cite": "667 A.2d 499",
      "category": "reporters:state_regional",
      "reporter": "A.2d",
      "case_ids": [
        7862224
      ],
      "weight": 6,
      "pin_cites": [
        {
          "page": "502"
        },
        {
          "page": "503"
        },
        {
          "page": "502"
        }
      ],
      "opinion_index": 0,
      "case_paths": [
        "/a2d/667/0499-01"
      ]
    },
    {
      "cite": "444 F.2d 841",
      "category": "reporters:federal",
      "reporter": "F.2d",
      "case_ids": [
        778902
      ],
      "pin_cites": [
        {
          "page": "851"
        }
      ],
      "opinion_index": 1,
      "case_paths": [
        "/f2d/444/0841-01"
      ]
    },
    {
      "cite": "677 A.2d 861",
      "category": "reporters:state_regional",
      "reporter": "A.2d",
      "case_ids": [
        7869123
      ],
      "opinion_index": 1,
      "case_paths": [
        "/a2d/677/0861-01"
      ]
    },
    {
      "cite": "464 Pa. 276",
      "category": "reporters:state",
      "reporter": "Pa.",
      "case_ids": [
        1710390
      ],
      "weight": 4,
      "year": 1975,
      "pin_cites": [
        {
          "page": "287"
        },
        {
          "page": "561"
        },
        {
          "page": "287"
        },
        {
          "page": "561"
        }
      ],
      "opinion_index": 1,
      "case_paths": [
        "/pa/464/0276-01"
      ]
    },
    {
      "cite": "461 Pa. 494",
      "category": "reporters:state",
      "reporter": "Pa.",
      "case_ids": [
        483897
      ],
      "weight": 2,
      "year": 1975,
      "pin_cites": [
        {
          "page": "266"
        }
      ],
      "opinion_index": 1,
      "case_paths": [
        "/pa/461/0494-01"
      ]
    },
    {
      "cite": "5 U.S.C. \u00a7\u00a7 706",
      "category": "laws:leg_statute",
      "reporter": "U.S.C.",
      "weight": 2,
      "opinion_index": 1
    },
    {
      "cite": "340 U.S. 474",
      "category": "reporters:federal",
      "reporter": "U.S.",
      "case_ids": [
        6931620
      ],
      "weight": 3,
      "year": 1951,
      "opinion_index": 1,
      "case_paths": [
        "/us/340/0474-01"
      ]
    },
    {
      "cite": "509 Pa. 267",
      "category": "reporters:state",
      "reporter": "Pa.",
      "case_ids": [
        1795308
      ],
      "weight": 2,
      "year": 1985,
      "pin_cites": [
        {
          "page": "274"
        },
        {
          "page": "1387"
        }
      ],
      "opinion_index": 1,
      "case_paths": [
        "/pa/509/0267-01"
      ]
    },
    {
      "cite": "531 Pa. 287",
      "category": "reporters:state",
      "reporter": "Pa.",
      "case_ids": [
        1834345
      ],
      "weight": 2,
      "year": 1992,
      "pin_cites": [
        {
          "page": "293"
        },
        {
          "page": "437",
          "parenthetical": "the fact that contrary evidence exists does not mean that an administrative adjudication is not based on substantial evidence"
        }
      ],
      "opinion_index": 1,
      "case_paths": [
        "/pa/531/0287-01"
      ]
    }
  ],
  "analysis": {
    "cardinality": 864,
    "char_count": 18207,
    "ocr_confidence": 0.753,
    "pagerank": {
      "raw": 4.03580807328026e-08,
      "percentile": 0.24402040427839616
    },
    "sha256": "a41ac9ea5ab37bc9e3ce8851a1d36283885a6e59acd1891812b32710fb1b6fa9",
    "simhash": "1:c246bcd409e2be32",
    "word_count": 2817
  },
  "last_updated": "2024-02-27T19:35:17.873637+00:00",
  "provenance": {
    "date_added": "2019-08-29",
    "source": "Harvard",
    "batch": "2018"
  },
  "casebody": {
    "judges": [
      "Before FLAHERTY, C.J., and ZAPPALA, CAPPY, CASTILLE and NIGRO, JJ.",
      "NEWMAN, J., did not participate in the consideration or decision of this case."
    ],
    "parties": [
      "Michael D. BOWMAN, Appellant, v. COMMONWEALTH of Pennsylvania, DEPARTMENT OF ENVIRONMENTAL RESOURCES, Appellee. Elsie M. Gibson, Intervenor."
    ],
    "opinions": [
      {
        "text": "OPINION\nNIGRO, Justice.\nThis case presents the question of whether the Commonwealth Court exceeded its scope of review by reweighing the facts presented rather than determining whether substantial evidence supported the findings of the State Civil Service Commission (\u201cCommission\u201d).\nAppellant, Michael D. Bowman (\u201cBowman\u201d), began employment at Ricketts Glen State Park (\u201cRicketts Glen\u201d) as a Seasonal Park Ranger 1 in June of 1983. Elsie M. Gibson (\u201cGibson\u201d) started work at Neshami-ny State Park (\u201cNeshaminy\u201d) as a Seasonal Park Ranger 1 in August of 1983. Bowman was promoted to a Seasonal Park Ranger 2 in 1989, while Gibson was promoted to a Seasonal Park Ranger 2 in 1986.\nIn March of 1992, a permanent Park Ranger 2 (\u201cPR2\u201d) position became available at Ricketts Glen. Bowman and Gibson both met the minimum education and training requirements for the permanent PR2 position and applied for the job along with seventeen other qualified applicants. However, only Bowman and Gibson were eligible to be interviewed. Bowman\u2019s eligibility stemmed from the fact that he was already employed at Ricketts Glen while Gibson became eligible pursuant to a ranking process which combines seniority and performance evaluation.\nIn July of 1992, Ricketts Glen supervisor Bruce Semmel (\u201cSemmel\u201d) interviewed Bowman and Gibson, asking each applicant the same questions. After the interviews, Sem-mel recommended Bowman for the PR2 position based on his belief that Bowman\u2019s nine years of experience at Ricketts Glen, a much larger park than Neshaminy, made him better qualified for the position than Gibson.\nAfter Semmel submitted his recommendation of Bowman, Semmel was contacted in October of 1992 by Donald Mains, Assistant Director of the Department of Environmental Resources (\u201cDepartment\u201d) Bureau of State Parks. Donald Mains directed the Department to place Gibson in the PR2 position, stating there was no significant justification for non-selection of the affirmative action candidate. On October 28, 1992, Bowman was informed verbally that the Department had selected Gibson. Bowman appealed to the Commission under \u00a7 951(b) of the Civil Service Act (\u201cAct\u201d), 71 P.S. \u00a7 741.951(b), and a hearing was held before three commissioners.\nFollowing the hearing, the Commission concluded that Gibson had been hired entirely on the basis of her sex, and the Department had, therefore, discriminated against Bowman in violation of \u00a7 905.a of the Act, 71 P.S. \u00a7 741.905a. The Commonwealth Court reversed, finding the record did not contain substantial evidence to support the Commission\u2019s findings. Department of Environmental Resources v. Bowman, 667 A.2d 499 (Pa.Cmwlth.1995).\nThe standard of review involving agency adjudications is limited to a determination of whether constitutional rights have been violated, errors of law have been committed, or whether the findings of the agency are supported by substantial evidence. Bethenergy Mines, Inc. v. Workers\u2019 Compensation Appeal Board (Skirpan), 531 Pa. 287, 612 A.2d 434 (1992); See 2 Pa.C.S. \u00a7 704. The reviewing court is not directed to inquire into the administrative agency\u2019s adjudication, but rather only to determine whether it was supported by substantial evidence. Bethenergy Mines, Inc. 531 Pa. at 291, 612 A.2d at 436 (citations omitted). Further, this Court has stated that:\ncourts will not review the actions of governmental bodies or administrative tribunals involving acts of discretion in the absence of bad faith, fraud, capricious action or abuse of power.... That the court might have a different opinion or judgment in regard to the action of the agency is not a sufficient ground for interference; judicial discretion may not be substituted for administrative discretion.\nNorfolk and Western Railway Company v. Pennsylvania Public Utility Commission, 489 Pa. 109, 128, 413 A.2d 1037, 1047 (1980), citing Blumenschein v. Housing Authority of Pittsburgh, 379 Pa. 566, 573, 109 A.2d 331, 334-35 (1954), appeal dismissed, 350 U.S. 806, 76 S.Ct. 68, 100 L.Ed. 724 (1955). This Court finds the Commonwealth Court erred in reversing the Commission\u2019s finding, as substantial evidence was presented to support the Commission\u2019s decision, and, therefore, we reverse.\nInstantly, after a March 24, 1994 hearing, the Commission overturned Gibson\u2019s appointment, ordering the appointment of Bowman to the position of PR2 at Ricketts Glen. As the Commission properly noted, Bowman\u2019s primary argument was that the Department discriminated against him by hiring a less qualified individual on the basis of her sex. The Commission found Bowman presented sufficient evidence that he was better qualified than Gibson and was discriminated against on the basis of non-merit factors, i.e., the selection of a female. They found that Bowman had \u201cspent nearly nine years at [Ricketts Glen], a significantly more geographically demanding park with more exposure to the camping public than the park in which [Gibson] spent her time.\u201d Commission Opinion at p. 6. Moreover, the Commission emphasized that it appeared to them that Gibson was hired entirely on the basis of her sex as there was no record evidence presented establishing that Gibson was even equally qualified. Id.\nThe Commonwealth Court agreed with the Commission that Bowman gained his experience in a much larger park than Gibson. The court stated \u201ca reasonable person might conclude from this evidence alone that Bowman was better qualified for the Ricketts Glen position.\u201d Bowman, 667 A.2d at 502. Nevertheless, the Commonwealth Court rejected that finding, indicating that Bowman\u2019s experience at Ricketts Glen is only one factor a reasonable person would consider in determining whether Bowman is more qualified for the PR2 position, noting that Gibson\u2019s promotion to seasonal PR2 almost three years before Bowman made her at least equally as qualified. Id., 667 A.2d at 503.\nBy focusing on Gibson\u2019s experience and presenting arguments as to why she was as qualified as Bowman, the Commonwealth Court improperly exceeded its scope of review. Although the Commonwealth Court acknowledged the Commission\u2019s findings, it failed to limit its review to a determination as to whether substantial evidence supported those findings. Instead, the Commonwealth Court focused on Gibson\u2019s PR2 experience and found she was as qualified as Bowman for the Ricketts Glen position. In doing so, the Commonwealth Court reweighed the facts and impermissibly substituted its judicial discretion for that of the Commission.\nWe find there was adequate evidentiary support for the Commission\u2019s conclusion to order the appointment of Bowman to the PR2 position at Ricketts Glen, and, therefore, the Commonwealth Court improperly reweighed the facts. Accordingly, the Order of the Commonwealth Court is reversed and the Commission\u2019s decision is reinstated.\nCAPPY, J., files a concurring and dissenting opinion in which CASTILLE, J., joins.\nNEWMAN, J., did not participate in the consideration or decision of this case.\n. A Park Ranger 2, unlike a Park Ranger 1, is authorized to enforce the crimes code, game law, fish law and park rules.\n. Ricketts Glen is a twenty-four hour state park offering camping, hiking, bridle trails, boating, swimming, fishing and hunting. The park covers 13,050 acres and exhibits rough terrain and waterfalls. Department of Environmental Resources v. Bowman, 667 A.2d 499, 502 (Pa.Cmwlth.1995); State Civil Service Commission Opinion at p. 3, n. 1. Neshaminy consists of 303.17 acres and is essentially a day park, although it offers a twenty-four hour marina. It offers swimming, boating, fishing, and picnicking and displays gentle terrain. Id.\n. Section 951 (b) of the Act provides:\n(b) Any person who is aggrieved by an alleged violation of section 905.1 of this act may appeal in writing to the commission within twenty calendar days of the alleged violation. Upon receipt of such notice of appeal, the commission shall promptly schedule and hold a public hearing.\nFurther, \u00a7 905a, 71 P.S. \u00a7 741.905a, provides:\nNo officer or employe of the Commonwealth shall discriminate against any person in recruitment, examination, appointment, training, promotion, retention or any other personnel action with respect to the classified service because of political or religious opinions or affiliations because of labor union affiliations or because of race, national origin or other non-merit factors.\n.Substantial evidence has been defined as \"such relevant evidence as a reasonable mind might accept as adequate to support a conclusion.\u201d Peak v. Commonwealth, Unemployment Compensation Board of Review, 509 Pa. 267, 275, 501 A.2d 1383, 1387 (1985) (citations omitted).",
        "type": "majority",
        "author": "NIGRO, Justice."
      },
      {
        "text": "CAPPY, Justice,\nconcurring and dissenting.\nI concur with the majority that the Commonwealth Court should not have reversed the Civil Service Commission. I dissent, however, from the majority\u2019s decision to uphold the Commission\u2019s ruling, which effectively reduces appellate review of administrative decisions to a rubber stamp. That result is incompatible with the Administrative Agency Law and our past decisions. Instead, the case should be remanded.\nAccording to the majority, in an appeal from an agency decision, the reviewing court\u2019s function ends once it finds a single, substantive item of evidence that supports the decision below. That view of the role of appellate review has been considered, and rejected, in the past.\nIn Universal Camera Corp. v. National Labor Relations Board, 340 U.S. 474, 71 S.Ct. 456, 95 L.Ed.2d 456 (1951), the United States Supreme Court held that under the judicial review provision of the federal Administrative Procedure Act, 5 U.S.C. \u00a7\u00a7 706, a court was required to review the entire record, including the evidence which detracted from the agency\u2019s decision. Only when the record as a whole contained substantial evidence to support the agency- decision should the court affirm. Id. This court has held that Universal Camera states the appropriate scope of review under Pennsylvania\u2019s Administrative Agency Law. Peak v. Commonwealth, Unemployment Compensation Board of Review, 509 Pa. 267, 274, 501 A.2d 1383, 1387 (1985).\nThe majority\u2019s decision therefore represents a departure from precedent, and in my view an ill-advised one. If the Commonwealth Court were required to affirm an agency decision just because a single factor favored that decision, even where, as here, important countervailing evidence was not even addressed by the agency, judicial review for substantial evidence under 2 Pa. Cons.Stat. \u00a7 704 would be reduced to a rubber stamp.\nSuch a restrictive interpretation of the role of the reviewing court is contrary to established rules of statutory construction. Under 1 Pa. Cons.Stat. \u00a7 1922(1), it is presumed that the legislature does not intend a result that is absurd or unreasonable. In Pennsylvania Labor Relations Board v. State College Area School District, 461 Pa. 494, 337 A.2d 262, 266 (1975), this court held that interpreting the Public Employee Relations Act to provide an illusory right of collective bargaining was an absurd result. I believe that it is equally absurd to interpret the scope of review under \u00a7 704 so narrowly that the right to judicial review is ineffectual and illusory.\nThus, the Commonwealth Court committed no error in examining the potential significance of Gibson\u2019s enforcement experience: to the contrary, the court was required to do so. I agree, however, that the Commonwealth Court erred by reversing the Commission. Just because the Commonwealth Court had found a single factor\u2014additional enforcement experience\u2014which weighed in Gibson\u2019s favor, it was incorrect to hold that the Commission\u2019s decision was not based on substantial evidence. See Bethenergy Mines, 531 Pa. at 293, 612 A.2d at 437 (the fact that contrary evidence exists does not mean that an administrative adjudication is not based on substantial evidence).\nInstead, the Commonwealth Court should have remanded the case to the Commission so that the enforcement experience question could be addressed. This precise issue arose in the case of Page\u2019s Department Store v. Velardi 464 Pa. 276, 287, 346 A.2d 556, 561 (1975). In Page\u2019s Department Store, a Workers\u2019 Compensation referee\u2019s adjudication did not address why the referee had rejected the claimant\u2019s allegation that his injuries resulted from an accident suffered at work. As in this ease, the Commonwealth Court reversed. This court held that the record was insufficient for appellate review, and that the case should be remanded, stating:\nWhen the fact finder in an administrative proceeding is required to set forth his findings in an adjudication, that adjudication must include all findings necessary to resolve the issues raised by the evidence and which are relevant to a decision. An appellate court or other reviewing body should not assume from the absence of a finding on a specific point that the question has been resolved in favor of the party who prevailed below, for the point may have been overlooked or the law misunderstood at the trial or hearing level.\nPage\u2019s Department Store, 464 Pa. at 287, 346 A.2d at 561.\nThis case is in exactly the same posture as Page\u2019s Department Store, and that case controls the outcome here. The Commission majority did not discuss the significance of Gibson\u2019s enforcement experience. In fact the Commission stated that the only countervailing evidence to Bowman\u2019s experience at the larger park was the minimum educational and training requirements. On remand the issue should be addressed.\nThe Commission\u2019s failure to weigh the impact of Gibson\u2019s enforcement experience is inextricably bound up with, and is one aspect of, a larger flaw. An agency opinion needs to contain sufficiently detailed findings of fact, together with a coherent legal discussion, so that the Commonwealth Court can perform a meaningful review. Any less would frustrate the legislative intent, in addition to providing agency panels with a means of nullifying the effect of legislation, because it would enable an agency to shield its decisions from review by drafting opinions in generalized and conelusory terms.\nThe adjudication here contains too many gaps for effective review. In particular, the Commission determined that Bowman should prevail because his experience in a larger park made him the more qualified candidate. The adjudication does not explain why that experience makes a significant difference. The agency\u2019s rationale merely recites broad, generalized phrases like \u201cexperience at a larger park\u201d and \u201cdealing with the public\u201d, which provide too little information for the reviewing court to do its job.\nAbsent any meaningful discussion of each candidate\u2019s past duties as a seasonal park ranger, the degree of skill and judgment required, or the duties of a permanent park ranger, the court is left hanging. It can only determine whether Bowman\u2019s large park experience (or Gibson\u2019s enforcement experience) is substantial by reading the transcript, finding more information and deciding how much weight to give to particular experiences and training. Given its conclusion that there was adequate evidentiary support for the Commission\u2019s conclusion, it seems that the majority did this.\nHowever, as the majority correctly observes earlier in its opinion, that is not the court\u2019s function under the Administrative Agency Law. The agency adjudication needs to make sense standing alone. Thus, while the reviewing court must still review the record for substantial evidence, the court should do so to verify that the evidence is there: it should be evident from the adjudication why particular evidence is significant. That is not the case here. Therefore I believe that the only appropriate disposition we can make in this case is to remand it to the Civil Service Commission.\nCASTILLE, J., joins this concurring and dissenting opinion.\n. The Commonwealth Court also erred in stating that Bowman had presented no evidence that Gibson\u2019s enforcement experience did not make her the better candidate. Bowman presented evidence of his own training and practical experience. His argument was that, taken as a whole, and compared with the sum total of Gibson\u2019s experience and training, Bowman\u2019s background made him so superior a candidate that the affirmative action plan did not apply. Bowman was not required to prove his case by disparaging every item in Gibson\u2019s resume.\n. See also National Fuel Gas Distribution Corp. v. Pennsylvania Public Utility Commission, 677 A.2d 861 (Pa.Commw.1996) (case remanded to agency because, inter alia, agency had failed to set forth its reasons for rejecting testimony by gas company).\n. The issue was addressed by the dissenting member of the Commission, but the majority did not respond to the dissent\u2019s arguments.\n. As stated in Greater Boston Television Corp. v. FCC, 444 F.2d 841, 851 (D.C.Cir.1970):\nThe function of the [appellate] court is to assure that the agency has given reasoned consideration to all the material facts and issues. This calls for insistence that the agency articulate with reasonable clarity its reasons for decision, and identify the significance of the crucial facts.... [T]he court must not be left to guess as to the agency's findings or reasons. Consequently, the Commission should draft its opinion so that the logical chain from the facts to the conclusions is complete.\nSee also National Fuel Gas Distribution Corp. (remanded because PUC\u2019s decision failed to indicate which arguments it found persuasive, why it rejected contrary evidence and the reasoning for the decision was insufficiently set forth).\n.I recognize that the term \"enforcement experience\u201d is no more specific than the others.",
        "type": "concurring-in-part-and-dissenting-in-part",
        "author": "CAPPY, Justice,"
      }
    ],
    "attorneys": [
      "Jeffrey C. Dohrmann, Williamsport, for Michael D. Bowman.",
      "Virginia J. Davison, William W. Shakely, Harrisburg, for Dept, of Conservation & Natural Resources.",
      "Paul R. Beckert, Jr. Longhorne, for Elsie Gibson, Intervenor."
    ],
    "corrections": "",
    "head_matter": "Michael D. BOWMAN, Appellant, v. COMMONWEALTH of Pennsylvania, DEPARTMENT OF ENVIRONMENTAL RESOURCES, Appellee. Elsie M. Gibson, Intervenor.\nSupreme Court of Pennsylvania.\nArgued Dec. 10, 1996.\nDecided Sept. 18, 1997.\nJeffrey C. Dohrmann, Williamsport, for Michael D. Bowman.\nVirginia J. Davison, William W. Shakely, Harrisburg, for Dept, of Conservation & Natural Resources.\nPaul R. Beckert, Jr. Longhorne, for Elsie Gibson, Intervenor.\nBefore FLAHERTY, C.J., and ZAPPALA, CAPPY, CASTILLE and NIGRO, JJ."
  },
  "file_name": "0427-01",
  "first_page_order": 491,
  "last_page_order": 495
}
