{
  "id": 8018702,
  "name": "In the Matter of L. J. W., Appellant",
  "name_abbreviation": "In re L. J. W.",
  "decision_date": "1977-03-01",
  "docket_number": "No. 9793",
  "first_page": "1333",
  "last_page": "1337",
  "citations": [
    {
      "type": "official",
      "cite": "370 A.2d 1333"
    }
  ],
  "court": {
    "name_abbreviation": "D.C. Cir.",
    "id": 11448,
    "name": "Court of Appeals of the District of Columbia"
  },
  "jurisdiction": {
    "id": 56,
    "name_long": "District of Columbia",
    "name": "D.C."
  },
  "cites_to": [
    {
      "cite": "21 L.Ed.2d 783",
      "category": "reporters:federal",
      "reporter": "L. Ed. 2d",
      "year": 1969,
      "pin_cites": [
        {
          "parenthetical": "Justices Brennan and Marshall argue that the Fourth Amendment requirement of a finding of probable cause before a search warrant can be issued also requires that finding to be supported by a written record before the issuing magistrate"
        }
      ],
      "opinion_index": 0
    },
    {
      "cite": "89 S.Ct. 855",
      "category": "reporters:federal",
      "reporter": "S. Ct.",
      "year": 1969,
      "pin_cites": [
        {
          "parenthetical": "Justices Brennan and Marshall argue that the Fourth Amendment requirement of a finding of probable cause before a search warrant can be issued also requires that finding to be supported by a written record before the issuing magistrate"
        }
      ],
      "opinion_index": 0
    },
    {
      "cite": "393 U.S. 1090",
      "category": "reporters:federal",
      "reporter": "U.S.",
      "case_ids": [
        11427769
      ],
      "year": 1969,
      "pin_cites": [
        {
          "parenthetical": "Justices Brennan and Marshall argue that the Fourth Amendment requirement of a finding of probable cause before a search warrant can be issued also requires that finding to be supported by a written record before the issuing magistrate"
        }
      ],
      "opinion_index": 0,
      "case_paths": [
        "/us/393/1090-01"
      ]
    },
    {
      "cite": "443 P.2d 815",
      "category": "reporters:state_regional",
      "reporter": "P.2d",
      "year": 1968,
      "pin_cites": [
        {
          "parenthetical": "en banc"
        }
      ],
      "opinion_index": 0
    },
    {
      "cite": "74 Wash.2d 154",
      "category": "reporters:state",
      "reporter": "Wash. 2d",
      "case_ids": [
        1086710
      ],
      "year": 1968,
      "pin_cites": [
        {
          "parenthetical": "en banc"
        }
      ],
      "opinion_index": 0,
      "case_paths": [
        "/wash-2d/74/0154-01"
      ]
    },
    {
      "cite": "416 U.S. 430",
      "category": "reporters:federal",
      "reporter": "U.S.",
      "case_ids": [
        84070
      ],
      "weight": 3,
      "year": 1974,
      "opinion_index": 0,
      "case_paths": [
        "/us/416/0430-01"
      ]
    },
    {
      "cite": "477 F.2d 428",
      "category": "reporters:federal",
      "reporter": "F.2d",
      "case_ids": [
        2266244,
        5702087
      ],
      "year": 1973,
      "opinion_index": 0,
      "case_paths": [
        "/f2d/477/0428-01",
        "/us-app-dc/155/0259-01"
      ]
    },
    {
      "cite": "155 U.S.App.D.C. 259",
      "category": "reporters:state",
      "reporter": "U.S. App. D.C.",
      "case_ids": [
        5702087
      ],
      "year": 1973,
      "opinion_index": 0,
      "case_paths": [
        "/us-app-dc/155/0259-01"
      ]
    },
    {
      "cite": "328 F.Supp. 1005",
      "category": "reporters:federal",
      "reporter": "F. Supp.",
      "case_ids": [
        5585651
      ],
      "opinion_index": 0,
      "case_paths": [
        "/f-supp/328/1005-01"
      ]
    },
    {
      "cite": "331 F.Supp. 44",
      "category": "reporters:federal",
      "reporter": "F. Supp.",
      "case_ids": [
        3566053
      ],
      "opinion_index": 0,
      "case_paths": [
        "/f-supp/331/0044-01"
      ]
    },
    {
      "cite": "34 L.Ed.2d 258",
      "category": "reporters:federal",
      "reporter": "L. Ed. 2d",
      "year": 1972,
      "opinion_index": 0
    },
    {
      "cite": "93 S.Ct. 341",
      "category": "reporters:federal",
      "reporter": "S. Ct.",
      "year": 1972,
      "opinion_index": 0
    },
    {
      "cite": "409 U.S. 992",
      "category": "reporters:federal",
      "reporter": "U.S.",
      "case_ids": [
        6432910
      ],
      "year": 1972,
      "opinion_index": 0,
      "case_paths": [
        "/us/409/0992-01"
      ]
    },
    {
      "cite": "294 A.2d 164",
      "category": "reporters:state_regional",
      "reporter": "A.2d",
      "case_ids": [
        8044861
      ],
      "year": 1972,
      "opinion_index": 0,
      "case_paths": [
        "/a2d/294/0164-01"
      ]
    },
    {
      "cite": "428 F.2d 1148",
      "category": "reporters:federal",
      "reporter": "F.2d",
      "case_ids": [
        2240128
      ],
      "year": 1970,
      "pin_cites": [
        {
          "page": "1152"
        }
      ],
      "opinion_index": 0,
      "case_paths": [
        "/f2d/428/1148-01"
      ]
    },
    {
      "cite": "487 F.2d 1",
      "category": "reporters:federal",
      "reporter": "F.2d",
      "case_ids": [
        217434
      ],
      "year": 1973,
      "pin_cites": [
        {
          "page": "4-5"
        }
      ],
      "opinion_index": 0,
      "case_paths": [
        "/f2d/487/0001-01"
      ]
    },
    {
      "cite": "346 A.2d 733",
      "category": "reporters:state_regional",
      "reporter": "A.2d",
      "case_ids": [
        8072008
      ],
      "year": 1975,
      "pin_cites": [
        {
          "page": "736"
        }
      ],
      "opinion_index": 0,
      "case_paths": [
        "/a2d/346/0733-01"
      ]
    },
    {
      "cite": "473 F.2d 136",
      "category": "reporters:federal",
      "reporter": "F.2d",
      "case_ids": [
        275466,
        3587869
      ],
      "year": 1972,
      "pin_cites": [
        {
          "page": "138"
        }
      ],
      "opinion_index": 0,
      "case_paths": [
        "/f2d/473/0136-01",
        "/us-app-dc/154/0006-01"
      ]
    },
    {
      "cite": "154 U.S.App.D.C. 6",
      "category": "reporters:state",
      "reporter": "U.S. App. D.C.",
      "case_ids": [
        3587869
      ],
      "year": 1972,
      "pin_cites": [
        {
          "page": "8"
        }
      ],
      "opinion_index": 0,
      "case_paths": [
        "/us-app-dc/154/0006-01"
      ]
    },
    {
      "cite": "25 L.Ed.2d 401",
      "category": "reporters:federal",
      "reporter": "L. Ed. 2d",
      "year": 1970,
      "opinion_index": 0
    },
    {
      "cite": "90 S.Ct. 1130",
      "category": "reporters:federal",
      "reporter": "S. Ct.",
      "year": 1970,
      "opinion_index": 0
    },
    {
      "cite": "397 U.S. 994",
      "category": "reporters:federal",
      "reporter": "U.S.",
      "case_ids": [
        12094115,
        12093994,
        12094154,
        12094034,
        12094196,
        12094078
      ],
      "year": 1970,
      "opinion_index": 0,
      "case_paths": [
        "/us/397/0994-04",
        "/us/397/0994-01",
        "/us/397/0994-05",
        "/us/397/0994-02",
        "/us/397/0994-06",
        "/us/397/0994-03"
      ]
    },
    {
      "cite": "413 F.2d 256",
      "category": "reporters:federal",
      "reporter": "F.2d",
      "case_ids": [
        2183983
      ],
      "weight": 2,
      "pin_cites": [
        {
          "page": "258"
        },
        {
          "page": "258"
        }
      ],
      "opinion_index": 0,
      "case_paths": [
        "/f2d/413/0256-01"
      ]
    },
    {
      "cite": "343 A.2d 55",
      "category": "reporters:state_regional",
      "reporter": "A.2d",
      "case_ids": [
        8055775
      ],
      "weight": 4,
      "year": 1975,
      "pin_cites": [
        {
          "page": "58"
        },
        {
          "page": "59"
        },
        {
          "page": "58"
        },
        {
          "page": "58"
        }
      ],
      "opinion_index": 0,
      "case_paths": [
        "/a2d/343/0055-01"
      ]
    },
    {
      "cite": "391 U.S. 123",
      "category": "reporters:federal",
      "reporter": "U.S.",
      "case_ids": [
        1767670
      ],
      "weight": 5,
      "year": 1968,
      "pin_cites": [
        {
          "page": "129"
        }
      ],
      "opinion_index": 0,
      "case_paths": [
        "/us/391/0123-01"
      ]
    },
    {
      "cite": "27 L.Ed.2d 66",
      "category": "reporters:federal",
      "reporter": "L. Ed. 2d",
      "year": 1970,
      "opinion_index": 0
    },
    {
      "cite": "91 S.Ct. 69",
      "category": "reporters:federal",
      "reporter": "S. Ct.",
      "year": 1970,
      "opinion_index": 0
    },
    {
      "cite": "400 U.S. 834",
      "category": "reporters:federal",
      "reporter": "U.S.",
      "case_ids": [
        12069888,
        12069411,
        12069317,
        12069736,
        12069832,
        12069548,
        12069229,
        12069487,
        12070003,
        12069940,
        12069652
      ],
      "year": 1970,
      "opinion_index": 0,
      "case_paths": [
        "/us/400/0834-09",
        "/us/400/0834-03",
        "/us/400/0834-02",
        "/us/400/0834-07",
        "/us/400/0834-08",
        "/us/400/0834-05",
        "/us/400/0834-01",
        "/us/400/0834-04",
        "/us/400/0834-11",
        "/us/400/0834-10",
        "/us/400/0834-06"
      ]
    },
    {
      "cite": "421 F.2d 1196",
      "category": "reporters:federal",
      "reporter": "F.2d",
      "case_ids": [
        2156312
      ],
      "weight": 2,
      "pin_cites": [
        {
          "page": "1201"
        }
      ],
      "opinion_index": 0,
      "case_paths": [
        "/f2d/421/1196-01"
      ]
    },
    {
      "cite": "24 A.L.R.Fed. 107",
      "category": "reporters:federal",
      "reporter": "A.L.R. Fed.",
      "year": 1975,
      "opinion_index": 0
    },
    {
      "cite": "368 F.2d 1",
      "category": "reporters:federal",
      "reporter": "F.2d",
      "case_ids": [
        2056904
      ],
      "year": 1966,
      "pin_cites": [
        {
          "page": "3-4"
        }
      ],
      "opinion_index": 0,
      "case_paths": [
        "/f2d/368/0001-01"
      ]
    },
    {
      "cite": "30 L.Ed.2d 671",
      "category": "reporters:federal",
      "reporter": "L. Ed. 2d",
      "year": 1972,
      "pin_cites": [
        {
          "parenthetical": "pre-1972 Fed.R.Crim.P. 41(c)"
        }
      ],
      "opinion_index": 0
    },
    {
      "cite": "92 S.Ct. 695",
      "category": "reporters:federal",
      "reporter": "S. Ct.",
      "year": 1972,
      "pin_cites": [
        {
          "parenthetical": "pre-1972 Fed.R.Crim.P. 41(c)"
        }
      ],
      "opinion_index": 0
    },
    {
      "cite": "404 U.S. 1021",
      "category": "reporters:federal",
      "reporter": "U.S.",
      "case_ids": [
        6461060,
        6460678,
        6461256,
        6460460,
        6461421,
        6460973,
        6460785,
        6461585,
        6461331,
        6460310,
        6461174,
        6460886,
        6461499,
        6460574
      ],
      "year": 1972,
      "pin_cites": [
        {
          "parenthetical": "pre-1972 Fed.R.Crim.P. 41(c)"
        }
      ],
      "opinion_index": 0,
      "case_paths": [
        "/us/404/1021-08",
        "/us/404/1021-04",
        "/us/404/1021-10",
        "/us/404/1021-02",
        "/us/404/1021-12",
        "/us/404/1021-07",
        "/us/404/1021-05",
        "/us/404/1021-14",
        "/us/404/1021-11",
        "/us/404/1021-01",
        "/us/404/1021-09",
        "/us/404/1021-06",
        "/us/404/1021-13",
        "/us/404/1021-03"
      ]
    },
    {
      "cite": "446 F.2d 281",
      "category": "reporters:federal",
      "reporter": "F.2d",
      "case_ids": [
        813658
      ],
      "year": 1971,
      "pin_cites": [
        {
          "page": "285-86"
        }
      ],
      "opinion_index": 0,
      "case_paths": [
        "/f2d/446/0281-01"
      ]
    },
    {
      "cite": "472 F.2d 809",
      "category": "reporters:federal",
      "reporter": "F.2d",
      "case_ids": [
        1464
      ],
      "year": 1972,
      "pin_cites": [
        {
          "page": "811, 815",
          "parenthetical": "en banc"
        }
      ],
      "opinion_index": 0,
      "case_paths": [
        "/f2d/472/0809-01"
      ]
    }
  ],
  "analysis": {
    "cardinality": 753,
    "char_count": 13805,
    "ocr_confidence": 0.816,
    "pagerank": {
      "raw": 1.7636371630140337e-07,
      "percentile": 0.7103873623520136
    },
    "sha256": "28fc968ff2dbe9a4a2aac167023fc5b5b7d878a4f0545c6cce2cc7ff4147b831",
    "simhash": "1:aed2b337b9559671",
    "word_count": 2232
  },
  "last_updated": "2024-02-27T22:17:55.284809+00:00",
  "provenance": {
    "date_added": "2019-08-29",
    "source": "Harvard",
    "batch": "2018"
  },
  "casebody": {
    "judges": [
      "Before' NEBEKER, YEAGLEY and HARRIS, Associate Judges."
    ],
    "parties": [
      "In the Matter of L. J. W., Appellant."
    ],
    "opinions": [
      {
        "text": "YEAGLEY, Associate Judge:\nAppellant appeals from juvenile court convictions of burglary in the first degree (D.C.Code 1973, \u00a7 22-1801), two counts of assault with a dangerous weapon (D.C.Code 1973, \u00a7 22-501), and two counts of robbery (D.C.Code 1973, \u00a7 22-2901). On appeal he argues that (1) the nighttime search of his home was pursuant to a defective search warrant and the evidence uncovered should have been suppressed; (2) his severance motion should have been granted when the judge heard a witness testify that appellant\u2019s corespondent confessed to the crime and implicated appellant; and (3) the same judge was barred from presiding over the detention, suppression, and factfinding hearings at different stages of appellant\u2019s case. For the reasons set forth, we affirm.\nOn April 3,1975, at approximately 1:45 a. m., three persons wearing ski masks and sunglasses entered the bedroom of the victims, assaulted the husband and wife with guns, and robbed them of various items of personal property. A fourth burglar remained downstairs. None of the assailants were ever identified by the victims.\nAt approximately 4 p. m. that same day, a young man, who later testified at trial, told Detective Thiebeau, a Metropolitan Police Department detective, that D.G. (appellant\u2019s co-respondent at trial) had informed him that appellant, two others, and D.G. \u201cdid a hustle at [the victims\u2019] house.\u201d The young man had been inside appellant\u2019s home and had seen what subsequently was identified as the victims\u2019 personal property.\nDetective Thiebeau worked on the case from 4 p. m. on, and, after discussing the search warrant affidavit with an Assistant United States Attorney, drove to the issuing judge\u2019s home to obtain the search warrant. The warrant was signed by the judge between 10:30 and 11 p. m., after the judge questioned the detective under oath about the prospective search. The warrant, which on its face authorized a nighttime search, was executed that night. Appellant\u2019s home was searched from about 11:30 p. m. to 2 a. m. and much of the victims\u2019 stolen personal property was recovered.\nAppellant\u2019s first contention is that the search warrant authorizing the nighttime search of his home was invalid because the application for the warrant did not contain, in writing, any of the three D.C.Code grounds authorizing a nighttime search. The government argues that although the specific nighttime authorization grounds were not included in the written application, the detective requesting the warrant told the issuing judge, under oath, why this nighttime warrant was needed'. No record was made at that time, but at the suppression hearing the detective testified:\nI told him that in that vicinity down there, property does move quickly and that that\u2019s why we need this warrant, and that\u2019s why we were bothering him in his home because of the fact that we were afraid of losing the property if we didn\u2019t act quickly.\nThe issue is whether that explanation was required by statute to be in the written application for the search warrant. While it is much preferable to have a contemporaneous written record of the facts presented to the issuing judge or magistrate in order to avoid subsequent memory problems, in the instant case we find no reversible error based upon the oral recitation under oath of the facts necessitating this nighttime search.\nWe turn first to the actual statutory language involved. D.C.Code 1975 Supp., \u00a7 23-522. Subsection (a) states that \u201c[ejach application for a search warrant shall be made in writing . . .,\u201d and subsection (b) mandates what \u201c[ejach application shall include.\u201d Subsection (c) permissibly (\u201cmay\u201d) allows an applicant to include in the application a request, with stated reasons, \u201cthat the search warrant be made executable at any hour of the day or night . .\u201d But in any event, the minimum required to obtain a nighttime warrant is that \u201c[ajny request made pursuant to this subsection [nighttime authorizationj must be accompanied and supported by allegations of fact supporting such request.\u201d It is those supporting allegations of fact which we hold may be relayed orally and under oath to the issuing judge or magistrate.\nThere are no D.C. cases exactly on point, but many analogous federal cases support our holding. See, e. g., United States v. Marihart, 472 F.2d 809, 811, 815 (8th Cir. 1972) (en banc) (holding that a written affidavit, together with the affiant\u2019s supplementing sworn testimony and the magistrate\u2019s personal knowledge about the informant could be used to establish the Fourth Amendment\u2019s probable cause requirement for the issuance of a search warrant); Leeper v. United States, 446 F.2d 281, 285-86 (10th Cir. 1971), cert. denied, 404 U.S. 1021, 92 S.Ct. 695, 30 L.Ed.2d 671 (1972) (pre-1972 Fed.R.Crim.P. 41(c)) (holding that even if the written affidavit failed to establish probable cause, the affiant\u2019s oral testimony before the issuing officer permissibly and adequately supplemented the affidavit). See also Gillespie v. United States, 368 F.2d 1, 3-4 (8th Cir. 1966); Annot., 24 A.L.R.Fed. 107 (1975).\nIn United States v. Ravich, 421 F.2d 1196 (2d Cir.), cert. denied, 400 U.S. 834, 91 S.Ct. 69, 27 L.Ed.2d 66 (1970), a case relied on by the trial court in denying appellant\u2019s motion to suppress, the search warrant met the required Fourth Amendment\u2019s probable cause standard, but the issuing judge was only convinced of the former Rule 41\u2019s \u201cpositiveness\u201d requirement for nighttime searches because of the oral testimony of the requesting officers. Moreover, that warrant on its face did not authorize a nighttime search. The court sustained the nighttime search in spite of the warrant\u2019s formal deficiencies.\nIn the instant case, as in Ravich, the issuing judge \u201cmust have known that the warrants [were to] be executed at night; that was the very reason why the officers had come to his home.\u201d United States v. Ravich, supra at 1201. In addition, the requesting detective under oath informed the issuing judge, in substance, of one of the D.C.Code\u2019s reasons for authorizing a nighttime search: \u201c(2) the property sought is likely to be removed or destroyed if not seized forthwith.\u201d D.C.Code 1975 Supp., \u00a7 23-522(c)(2). Furthermore, this warrant, on its face, authorized the nighttime search. We therefore conclude that the warrant was both properly issued and properly executed.\nAppellant\u2019s second issue is that the trial court committed reversible error when it refused to grant appellant a separate trial after hearing a witness testify that appellant\u2019s co-respondent had implicated appellant in corespondent\u2019s statements about the burglary. Citing Bruton v. United States, 391 U.S. 123, 88 S.Ct. 1620, 20 L.Ed.2d 476 (1968), appellant argues that trial before a judge without a jury does not justify a different result.\nThis court has recognized the \u201cpresumption that a trial court will disregard all irrelevant matters in making its adjudications.\u201d In re W.N.W., D.C.App., 343 A.2d 55, 58 (1975). Where, as here, the evidence presented is admissible for one purpose (admission of co-respondent) but not admissible for another purpose (implicating appellant in the crime), \u201c[t]he judge will be presumed to have disregarded the inadmissible and relied on the competent evidence.\u201d McCormick on Evidence \u00a7 60, at 137 (2d ed. 1972).\nThe core of Bruton v. United States, supra, was that a jury would not be able to do what we presume the judge is able to do, namely, accept evidence for one purpose and disregard it for another. Id., 391 U.S. at 129, 88 S.Ct. 1620. Cockrell v. Oberhauser, 413 F.2d 256, 258 (9th Cir.1969), cert. denied, 397 U.S. 994, 90 S.Ct. 1130, 25 L.Ed.2d 401 (1970). The jury lacks the judge\u2019s \u201ctrained and disciplined judicial intellect\u201d which permits such evidence differentiation, a \u201cmental discipline [that] is supposed to be part of the resources which the trial judge brings to his task\u201d. United States v. Walker, 154 U.S.App.D.C. 6, 8, 473 F.2d 136, 138 (1972).\nThe trial court recognized the crucial jury/judge trial distinction when it denied appellant\u2019s severance motion: \u201cWell, you may have a really valid point if this were a jury trial, but this is not a jury trial. The Court considers this.\u201d The trial judge knew of the limited purpose for which the witness\u2019 testimony was admissible and \u201c[njothing in Bruton suggests that a judge is incapable of applying the law of limited admissibility which he has himself announced.\u201d Cockrell v. Oberhauser, supra at 258. Appellant cannot point to any references showing the judge improperly considered the witness\u2019 statement against appellant, and thus the presumption that the irrelevant evidence was not considered has not been overcome. In re D.C.App., 346 A.2d 733, 736 (1975); In re W.N.W., supra at 59.\nAppellant\u2019s final contention is that the same trial judge should not have presided at his (1) detention/probable cause hearing as well as at his (2) suppression hearing and at his (3) factfinding hearing. The first two hearings provided the judge with \u201cadverse social information\u201d and appellant\u2019s confession (later suppressed) that had to be ignored at the factfinding hearing; appellant contends this put an unwarranted strain on the purity of the factfinding function and ultimately denied him a fair trial.\nThe same judge may conduct both the detention and factfinding hearings unless objected to by \u201cthe child or his parent, guardian or custodian.\u201d D.C.Code 1973, \u00a7 16-2312(j). This court in In re supra at 736, and In re W.N.W., supra at 58, held that disqualification under \u00a7 16 \u2014 2312(j) is mandated only upon objection, and we held:\nThe fact that the trial judge successively presided over two proceedings involving appellant provides an insufficient basis for finding of reversible error. [In re W.N.W., supra at 58.]\nAppellant did not object and is thus precluded now from asserting this issue as error on appeal. See also Super.Ct.Juv.R. 51.\nAffirmed.\n. D.C.Code 1975 Supp., \u00a7 23-522(c) provides:\nThe application may also contain a request that the search warrant be made executable at any hour of the day or night upon the ground that there is probable cause to believe that (1) it cannot be executed during the hours of daylight, (2) the property sought is likely to be removed or destroyed if not seized forthwith, or (3) the property sought is not likely to be found except at certain times or in certain circumstances. Any request made pursuant to this subsection must be accompanied and supported by allegations of fact supporting such request.\n. The written warrant application asserted only that the detective was \u201cpositive\u201d that the goods were at appellant\u2019s house. This was the standard for authorizing nighttime searches under the pre-1972 Federal Rules of Criminal Procedure (Rule 41(c)).\n. See Campbell v. State of Minnesota, 487 F.2d 1, 4-5 (8th Cir. 1973); United States v. Berkus, 428 F.2d 1148, 1152 (8th Cir. 1970). We note that a 1972 amendment to the federal search warrant rule expressly permits oral supplementation of a search warrant affidavit \u201cprovided that such [supplementation] shall be taken down by a court reporter or recording equipment and made part of the affidavit.\u201d Fed.R. Crim.P. 41(c).\n. The search warrant itself need not include these supporting allegations of fact. The warrant, however, must, on its face, authorize \u201cexecution at any time of day or night\u201d where the issuing officer has found cause for such execution under \u00a7 23-522(c). D.C.Code 1975 Supp., \u00a7 23-521(f)(5).\n. See generally United States v. Thomas, D.C. App., 294 A.2d 164, cert. denied, 409 U.S. 992, 93 S.Ct. 341, 34 L.Ed.2d 258 (1972); United States v. Green, 331 F.Supp. 44 (D.D.C.1971); United States v. Gooding, 328 F.Supp. 1005 (D.D.C.1971), rev\u2019d, 155 U.S.App.D.C. 259, 477 F.2d 428 (1973), aff'd, 416 U.S. 430, 94 S.Ct. 1780, 40 L.Ed.2d 250 (1974).\n. The federal cases primarily deal with whether the oral supplementation can be used to bolster the probable cause showing, not the degree of \u201cpositiveness\u201d needed for a nighttime warrant. The possibility of an inadequate probable cause showing because of a hastily drawn affidavit or the possibility of \u201cmanufactured\u201d probable cause when the affiant later \u201cremembers\u201d what he orally testified to before the issuing judge strikes directly at the constitutionality of the warrant in Fourth Amendment terms. There is no challenge in the instant case that the requisite probable cause was not shown.\nBut see the dissenting opinion of Justices Brennan and Marshall to the denial of certiora-ri in Christofferson v. Washington, 74 Wash.2d 154, 443 P.2d 815 (1968) (en banc), cert. denied, 393 U.S. 1090, 89 S.Ct. 855, 21 L.Ed.2d 783 (1969) (Justices Brennan and Marshall argue that the Fourth Amendment requirement of a finding of probable cause before a search warrant can be issued also requires that finding to be supported by a written record before the issuing magistrate).\n. Appellant argues that his motion for severance on Bruton grounds was the equivalent of a \u00a7 16-2312(j) objection. Even if this were the equivalent, which we find it is not, there remains an issue of whether the objection was timely under Super.Ct.Juv.R. 12(b)(1) and (2).",
        "type": "majority",
        "author": "YEAGLEY, Associate Judge:"
      }
    ],
    "attorneys": [
      "Surell Brady, Public Defender Service, Washington, D. C., for appellant. Robert A. W. Boraks, Public Defender Service, Washington, D. C., was on the brief, for appellant.",
      "E. Calvin Golumbic, Asst. Corp. Counsel, Washington, D. C., with whom John R. Risher, Jr., Corp. Counsel, Louis P. Robbins, Principal Asst. Corp. Counsel, and Richard W. Barton, Asst. Corp. Counsel, Washington, D. C., were on the brief, for appel-lee."
    ],
    "corrections": "",
    "head_matter": "In the Matter of L. J. W., Appellant.\nNo. 9793.\nDistrict of Columbia Court of Appeals.\nArgued Sept. 30, 1976.\nDecided March 1, 1977.\nSurell Brady, Public Defender Service, Washington, D. C., for appellant. Robert A. W. Boraks, Public Defender Service, Washington, D. C., was on the brief, for appellant.\nE. Calvin Golumbic, Asst. Corp. Counsel, Washington, D. C., with whom John R. Risher, Jr., Corp. Counsel, Louis P. Robbins, Principal Asst. Corp. Counsel, and Richard W. Barton, Asst. Corp. Counsel, Washington, D. C., were on the brief, for appel-lee.\nBefore' NEBEKER, YEAGLEY and HARRIS, Associate Judges."
  },
  "file_name": "1333-01",
  "first_page_order": 1381,
  "last_page_order": 1385
}
