{
  "id": 7355306,
  "name": "Thomas J. BROWN, Appellant, v. UNITED STATES, Appellee",
  "name_abbreviation": "Brown v. United States",
  "decision_date": "1993-06-24",
  "docket_number": "No. 92-CM-251",
  "first_page": "499",
  "last_page": "508",
  "citations": [
    {
      "type": "official",
      "cite": "627 A.2d 499"
    }
  ],
  "court": {
    "name_abbreviation": "D.C.",
    "id": 11933,
    "name": "District of Columbia Court of Appeals"
  },
  "jurisdiction": {
    "id": 56,
    "name_long": "District of Columbia",
    "name": "D.C."
  },
  "cites_to": [
    {
      "cite": "460 U.S. 1092",
      "category": "reporters:federal",
      "reporter": "U.S.",
      "case_ids": [
        6381281,
        6382052,
        6382757,
        6381734,
        6381127,
        6381864,
        6382471,
        6382634,
        6382249,
        6381431,
        6382360,
        6381594
      ],
      "year": 1983,
      "opinion_index": 0,
      "case_paths": [
        "/us/460/1092-02",
        "/us/460/1092-07",
        "/us/460/1092-12",
        "/us/460/1092-05",
        "/us/460/1092-01",
        "/us/460/1092-06",
        "/us/460/1092-10",
        "/us/460/1092-11",
        "/us/460/1092-08",
        "/us/460/1092-03",
        "/us/460/1092-09",
        "/us/460/1092-04"
      ]
    },
    {
      "cite": "471 U.S. 1125",
      "category": "reporters:federal",
      "reporter": "U.S.",
      "case_ids": [
        6391200,
        6393537,
        6393346,
        6391365,
        6392870,
        6391750,
        6392583,
        6392426,
        6392715,
        6393163,
        6393043,
        6392052,
        6392245,
        6391935
      ],
      "year": 1985,
      "opinion_index": 0,
      "case_paths": [
        "/us/471/1125-01",
        "/us/471/1125-14",
        "/us/471/1125-13",
        "/us/471/1125-02",
        "/us/471/1125-10",
        "/us/471/1125-03",
        "/us/471/1125-08",
        "/us/471/1125-07",
        "/us/471/1125-09",
        "/us/471/1125-12",
        "/us/471/1125-11",
        "/us/471/1125-05",
        "/us/471/1125-06",
        "/us/471/1125-04"
      ]
    },
    {
      "cite": "498 U.S. 986",
      "category": "reporters:federal",
      "reporter": "U.S.",
      "case_ids": [
        6523904,
        6524004,
        6524164,
        6523848,
        6524235,
        6524427,
        6524813,
        6524282,
        6524587,
        6523791,
        6524723,
        6524504,
        6524377,
        6524666,
        6524540,
        6524317
      ],
      "year": 1990,
      "opinion_index": 0,
      "case_paths": [
        "/us/498/0986-03",
        "/us/498/0986-04",
        "/us/498/0986-05",
        "/us/498/0986-02",
        "/us/498/0986-06",
        "/us/498/0986-10",
        "/us/498/0986-16",
        "/us/498/0986-07",
        "/us/498/0986-13",
        "/us/498/0986-01",
        "/us/498/0986-15",
        "/us/498/0986-11",
        "/us/498/0986-09",
        "/us/498/0986-14",
        "/us/498/0986-12",
        "/us/498/0986-08"
      ]
    },
    {
      "cite": "452 U.S. 918",
      "category": "reporters:federal",
      "reporter": "U.S.",
      "case_ids": [
        1313569,
        1313825,
        1313859,
        1313670,
        1313991,
        1313579,
        1313966,
        1313630,
        1313617,
        1313558,
        1313623,
        1313791,
        1313726,
        1313695
      ],
      "year": 1981,
      "opinion_index": 0,
      "case_paths": [
        "/us/452/0918-07",
        "/us/452/0918-11",
        "/us/452/0918-05",
        "/us/452/0918-03",
        "/us/452/0918-04",
        "/us/452/0918-01",
        "/us/452/0918-13",
        "/us/452/0918-02",
        "/us/452/0918-06",
        "/us/452/0918-08",
        "/us/452/0918-09",
        "/us/452/0918-14",
        "/us/452/0918-10",
        "/us/452/0918-12"
      ]
    },
    {
      "cite": "434 U.S. 996",
      "category": "reporters:federal",
      "reporter": "U.S.",
      "case_ids": [
        6480963,
        6480874,
        6480494,
        6480399,
        6480271,
        6480792,
        6480600,
        6480221,
        6480702
      ],
      "year": 1977,
      "opinion_index": 0,
      "case_paths": [
        "/us/434/0996-09",
        "/us/434/0996-08",
        "/us/434/0996-04",
        "/us/434/0996-03",
        "/us/434/0996-02",
        "/us/434/0996-07",
        "/us/434/0996-05",
        "/us/434/0996-01",
        "/us/434/0996-06"
      ]
    },
    {
      "cite": "400 U.S. 866",
      "category": "reporters:federal",
      "reporter": "U.S.",
      "case_ids": [
        12086624,
        12086880,
        12086497,
        12086755,
        12086599,
        12086959,
        12086799,
        12086710,
        12086841,
        12087002,
        12087039
      ],
      "year": 1970,
      "opinion_index": 0,
      "case_paths": [
        "/us/400/0866-03",
        "/us/400/0866-08",
        "/us/400/0866-01",
        "/us/400/0866-05",
        "/us/400/0866-02",
        "/us/400/0866-09",
        "/us/400/0866-06",
        "/us/400/0866-04",
        "/us/400/0866-07",
        "/us/400/0866-10",
        "/us/400/0866-11"
      ]
    },
    {
      "cite": "554 A.2d 1167",
      "category": "reporters:state_regional",
      "reporter": "A.2d",
      "case_ids": [
        7908884
      ],
      "opinion_index": 0,
      "case_paths": [
        "/a2d/554/1167-01"
      ]
    },
    {
      "cite": "466 U.S. 668",
      "category": "reporters:federal",
      "reporter": "U.S.",
      "case_ids": [
        6204802
      ],
      "weight": 3,
      "year": 1984,
      "opinion_index": 0,
      "case_paths": [
        "/us/466/0668-01"
      ]
    },
    {
      "cite": "98 L.Ed. 884",
      "category": "reporters:federal",
      "reporter": "L. Ed.",
      "year": 1954,
      "opinion_index": 0
    },
    {
      "cite": "347 U.S. 497",
      "category": "reporters:federal",
      "reporter": "U.S.",
      "case_ids": [
        11301453
      ],
      "weight": 2,
      "year": 1954,
      "pin_cites": [
        {
          "page": "498-499"
        },
        {
          "page": "694"
        }
      ],
      "opinion_index": 0,
      "case_paths": [
        "/us/347/0497-01"
      ]
    },
    {
      "cite": "937 F.2d 934",
      "category": "reporters:federal",
      "reporter": "F.2d",
      "case_ids": [
        10527584
      ],
      "weight": 3,
      "pin_cites": [
        {
          "page": "940"
        },
        {
          "page": "note 8"
        },
        {
          "page": "939",
          "parenthetical": "court not obliged to raise Batson issue sua sponte"
        }
      ],
      "opinion_index": 0,
      "case_paths": [
        "/f2d/937/0934-01"
      ]
    },
    {
      "cite": "498 U.S. 411",
      "category": "reporters:federal",
      "reporter": "U.S.",
      "case_ids": [
        6228233
      ],
      "weight": 3,
      "year": 1991,
      "pin_cites": [
        {
          "page": "422"
        },
        {
          "page": "857"
        }
      ],
      "opinion_index": 0,
      "case_paths": [
        "/us/498/0411-01"
      ]
    },
    {
      "cite": "426 F.2d 1351",
      "category": "reporters:federal",
      "reporter": "F.2d",
      "case_ids": [
        2247219
      ],
      "pin_cites": [
        {
          "page": "1353"
        }
      ],
      "opinion_index": 0,
      "case_paths": [
        "/f2d/426/1351-01"
      ]
    },
    {
      "cite": "76 L.Ed.2d 359",
      "category": "reporters:federal",
      "reporter": "L. Ed. 2d",
      "year": 1983,
      "opinion_index": 0
    },
    {
      "cite": "103 S.Ct. 1792",
      "category": "reporters:federal",
      "reporter": "S. Ct.",
      "year": 1983,
      "opinion_index": 0
    },
    {
      "cite": "695 F.2d 765",
      "category": "reporters:federal",
      "reporter": "F.2d",
      "case_ids": [
        1492167
      ],
      "pin_cites": [
        {
          "page": "778"
        }
      ],
      "opinion_index": 0,
      "case_paths": [
        "/f2d/695/0765-01"
      ]
    },
    {
      "cite": "519 A.2d 1137",
      "category": "reporters:state_regional",
      "reporter": "A.2d",
      "case_ids": [
        7933675
      ],
      "pin_cites": [
        {
          "page": "1141"
        }
      ],
      "opinion_index": 0,
      "case_paths": [
        "/a2d/519/1137-01"
      ]
    },
    {
      "cite": "323 N.E.2d 319",
      "category": "reporters:state_regional",
      "reporter": "N.E.2d",
      "year": 1975,
      "pin_cites": [
        {
          "page": "322",
          "parenthetical": "apartment building hallway"
        }
      ],
      "opinion_index": 0
    },
    {
      "cite": "366 Mass. 790",
      "category": "reporters:state",
      "reporter": "Mass.",
      "case_ids": [
        314562
      ],
      "year": 1975,
      "pin_cites": [
        {
          "page": "794",
          "parenthetical": "apartment building hallway"
        }
      ],
      "opinion_index": 0,
      "case_paths": [
        "/mass/366/0790-01"
      ]
    },
    {
      "cite": "503 A.2d 566",
      "category": "reporters:state_regional",
      "reporter": "A.2d",
      "year": 1986,
      "pin_cites": [
        {
          "page": "570",
          "parenthetical": "common areas generally"
        }
      ],
      "opinion_index": 0
    },
    {
      "cite": "198 Conn. 348",
      "category": "reporters:state",
      "reporter": "Conn.",
      "case_ids": [
        558186
      ],
      "year": 1986,
      "pin_cites": [
        {
          "page": "357",
          "parenthetical": "common areas generally"
        }
      ],
      "opinion_index": 0,
      "case_paths": [
        "/conn/198/0348-01"
      ]
    },
    {
      "cite": "54 L.Ed.2d 490",
      "category": "reporters:federal",
      "reporter": "L. Ed. 2d",
      "year": 1977,
      "opinion_index": 0
    },
    {
      "cite": "98 S.Ct. 632",
      "category": "reporters:federal",
      "reporter": "S. Ct.",
      "year": 1977,
      "opinion_index": 0
    },
    {
      "cite": "560 F.2d 1287",
      "category": "reporters:federal",
      "reporter": "F.2d",
      "case_ids": [
        938047
      ],
      "opinion_index": 0,
      "case_paths": [
        "/f2d/560/1287-01"
      ]
    },
    {
      "cite": "545 F.2d 1026",
      "category": "reporters:federal",
      "reporter": "F.2d",
      "case_ids": [
        1014804
      ],
      "pin_cites": [
        {
          "page": "1029"
        }
      ],
      "opinion_index": 0,
      "case_paths": [
        "/f2d/545/1026-01"
      ]
    },
    {
      "cite": "567 F.2d 814",
      "category": "reporters:federal",
      "reporter": "F.2d",
      "case_ids": [
        906094
      ],
      "pin_cites": [
        {
          "page": "816"
        }
      ],
      "opinion_index": 0,
      "case_paths": [
        "/f2d/567/0814-01"
      ]
    },
    {
      "cite": "86 L.Ed.2d 274",
      "category": "reporters:federal",
      "reporter": "L. Ed. 2d",
      "year": 1985,
      "opinion_index": 0
    },
    {
      "cite": "105 S.Ct. 2657",
      "category": "reporters:federal",
      "reporter": "S. Ct.",
      "year": 1985,
      "opinion_index": 0
    },
    {
      "cite": "755 F.2d 253",
      "category": "reporters:federal",
      "reporter": "F.2d",
      "case_ids": [
        675154
      ],
      "pin_cites": [
        {
          "page": "255-256"
        }
      ],
      "opinion_index": 0,
      "case_paths": [
        "/f2d/755/0253-01"
      ]
    },
    {
      "cite": "942 F.2d 1170",
      "category": "reporters:federal",
      "reporter": "F.2d",
      "case_ids": [
        10528063
      ],
      "pin_cites": [
        {
          "page": "1172"
        }
      ],
      "opinion_index": 0,
      "case_paths": [
        "/f2d/942/1170-01"
      ]
    },
    {
      "cite": "599 A.2d 1107",
      "category": "reporters:state_regional",
      "reporter": "A.2d",
      "case_ids": [
        7362611
      ],
      "pin_cites": [
        {
          "page": "1109-1110"
        }
      ],
      "opinion_index": 0,
      "case_paths": [
        "/a2d/599/1107-01"
      ]
    },
    {
      "cite": "446 A.2d 396",
      "category": "reporters:state_regional",
      "reporter": "A.2d",
      "case_ids": [
        7980561
      ],
      "pin_cites": [
        {
          "page": "398"
        }
      ],
      "opinion_index": 0,
      "case_paths": [
        "/a2d/446/0396-01"
      ]
    },
    {
      "cite": "502 A.2d 451",
      "category": "reporters:state_regional",
      "reporter": "A.2d",
      "case_ids": [
        7894902
      ],
      "pin_cites": [
        {
          "page": "452-453"
        }
      ],
      "opinion_index": 0,
      "case_paths": [
        "/a2d/502/0451-01"
      ]
    },
    {
      "cite": "112 L.Ed.2d 532",
      "category": "reporters:federal",
      "reporter": "L. Ed. 2d",
      "year": 1990,
      "opinion_index": 0
    },
    {
      "cite": "111 S.Ct. 521",
      "category": "reporters:federal",
      "reporter": "S. Ct.",
      "year": 1990,
      "opinion_index": 0
    },
    {
      "cite": "569 A.2d 177",
      "category": "reporters:state_regional",
      "reporter": "A.2d",
      "case_ids": [
        11936278
      ],
      "pin_cites": [
        {
          "page": "180"
        }
      ],
      "opinion_index": 0,
      "case_paths": [
        "/a2d/569/0177-01"
      ]
    },
    {
      "cite": "528 A.2d 1209",
      "category": "reporters:state_regional",
      "reporter": "A.2d",
      "case_ids": [
        7909714
      ],
      "weight": 2,
      "pin_cites": [
        {
          "page": "1210",
          "parenthetical": "D.C.1987"
        }
      ],
      "opinion_index": 0,
      "case_paths": [
        "/a2d/528/1209-01"
      ]
    },
    {
      "cite": "410 U.S. 284",
      "category": "reporters:federal",
      "reporter": "U.S.",
      "case_ids": [
        11957222
      ],
      "weight": 3,
      "year": 1973,
      "pin_cites": [
        {
          "page": "295",
          "parenthetical": "\"the right to confront and to cross-examine is not absolute and may, in appropriate cases, bow to accommodate other legitimate interests in the criminal trial process\""
        },
        {
          "page": "1046",
          "parenthetical": "\"the right to confront and to cross-examine is not absolute and may, in appropriate cases, bow to accommodate other legitimate interests in the criminal trial process\""
        },
        {
          "parenthetical": "\"the right to confront and to cross-examine is not absolute and may, in appropriate cases, bow to accommodate other legitimate interests in the criminal trial process\""
        }
      ],
      "opinion_index": 0,
      "case_paths": [
        "/us/410/0284-01"
      ]
    },
    {
      "cite": "448 U.S. 56",
      "category": "reporters:federal",
      "reporter": "U.S.",
      "case_ids": [
        1787607
      ],
      "weight": 3,
      "year": 1980,
      "pin_cites": [
        {
          "page": "66"
        },
        {
          "page": "2539"
        }
      ],
      "opinion_index": 0,
      "case_paths": [
        "/us/448/0056-01"
      ]
    },
    {
      "cite": "548 A.2d 35",
      "category": "reporters:state_regional",
      "reporter": "A.2d",
      "case_ids": [
        7871480
      ],
      "pin_cites": [
        {
          "page": "47-48"
        }
      ],
      "opinion_index": 0,
      "case_paths": [
        "/a2d/548/0035-01"
      ]
    },
    {
      "cite": "580 A.2d 1289",
      "category": "reporters:state_regional",
      "reporter": "A.2d",
      "case_ids": [
        7380290
      ],
      "pin_cites": [
        {
          "page": "1293-1294"
        }
      ],
      "opinion_index": 0,
      "case_paths": [
        "/a2d/580/1289-01"
      ]
    },
    {
      "cite": "473 A.2d 835",
      "category": "reporters:state_regional",
      "reporter": "A.2d",
      "case_ids": [
        7988759
      ],
      "weight": 6,
      "pin_cites": [
        {
          "page": "838"
        },
        {
          "page": "838"
        },
        {
          "page": "839"
        }
      ],
      "opinion_index": 0,
      "case_paths": [
        "/a2d/473/0835-01"
      ]
    },
    {
      "cite": "548 A.2d 48",
      "category": "reporters:state_regional",
      "reporter": "A.2d",
      "case_ids": [
        7871628
      ],
      "weight": 3,
      "pin_cites": [
        {
          "page": "53-54"
        },
        {
          "page": "53"
        },
        {
          "parenthetical": "citations omitted"
        }
      ],
      "opinion_index": 0,
      "case_paths": [
        "/a2d/548/0048-01"
      ]
    },
    {
      "cite": "601 A.2d 582",
      "category": "reporters:state_regional",
      "reporter": "A.2d",
      "case_ids": [
        11941782
      ],
      "pin_cites": [
        {
          "page": "590"
        }
      ],
      "opinion_index": 0,
      "case_paths": [
        "/a2d/601/0582-01"
      ]
    },
    {
      "cite": "111 S.Ct. 1364",
      "category": "reporters:federal",
      "reporter": "S. Ct.",
      "case_ids": [
        11319062
      ],
      "weight": 2,
      "year": 1991,
      "pin_cites": [
        {
          "page": "1369-1370"
        }
      ],
      "opinion_index": 0,
      "case_paths": [
        "/us/499/0400-01"
      ]
    },
    {
      "cite": "111 S.Ct. 1859",
      "category": "reporters:federal",
      "reporter": "S. Ct.",
      "case_ids": [
        6223686
      ],
      "weight": 2,
      "year": 1991,
      "pin_cites": [
        {
          "page": "1868-1869"
        }
      ],
      "opinion_index": 0,
      "case_paths": [
        "/us/500/0352-01"
      ]
    },
    {
      "cite": "100 U.S. 303",
      "category": "reporters:federal",
      "reporter": "U.S.",
      "case_ids": [
        4609
      ],
      "weight": 2,
      "year": 1880,
      "pin_cites": [
        {
          "page": "305"
        }
      ],
      "opinion_index": 0,
      "case_paths": [
        "/us/100/0303-01"
      ]
    },
    {
      "cite": "69 L.Ed.2d 422",
      "category": "reporters:federal",
      "reporter": "L. Ed. 2d",
      "year": 1981,
      "opinion_index": 0
    },
    {
      "cite": "101 S.Ct. 3054",
      "category": "reporters:federal",
      "reporter": "S. Ct.",
      "year": 1981,
      "opinion_index": 0
    },
    {
      "cite": "423 A.2d 200",
      "category": "reporters:state_regional",
      "reporter": "A.2d",
      "case_ids": [
        7942213
      ],
      "weight": 4,
      "pin_cites": [
        {
          "page": "205-206"
        },
        {
          "page": "205"
        },
        {
          "page": "205"
        }
      ],
      "opinion_index": 0,
      "case_paths": [
        "/a2d/423/0200-01"
      ]
    },
    {
      "cite": "520 A.2d 686",
      "category": "reporters:state_regional",
      "reporter": "A.2d",
      "case_ids": [
        7889811
      ],
      "weight": 3,
      "pin_cites": [
        {
          "page": "691"
        },
        {
          "page": "691"
        }
      ],
      "opinion_index": 0,
      "case_paths": [
        "/a2d/520/0686-01"
      ]
    },
    {
      "cite": "419 U.S. 522",
      "category": "reporters:federal",
      "reporter": "U.S.",
      "case_ids": [
        6176665
      ],
      "weight": 3,
      "year": 1975,
      "pin_cites": [
        {
          "page": "530"
        },
        {
          "page": "697"
        }
      ],
      "opinion_index": 0,
      "case_paths": [
        "/us/419/0522-01"
      ]
    },
    {
      "cite": "439 U.S. 357",
      "category": "reporters:federal",
      "reporter": "U.S.",
      "case_ids": [
        11330305
      ],
      "weight": 4,
      "year": 1979,
      "pin_cites": [
        {
          "page": "364"
        },
        {
          "page": "668"
        }
      ],
      "opinion_index": 0,
      "case_paths": [
        "/us/439/0357-01"
      ]
    },
    {
      "cite": "476 U.S. 79",
      "category": "reporters:federal",
      "reporter": "U.S.",
      "case_ids": [
        12787
      ],
      "weight": 9,
      "year": 1986,
      "pin_cites": [
        {
          "parenthetical": "citations omitted"
        },
        {
          "parenthetical": "citations omitted"
        },
        {
          "parenthetical": "citations omitted"
        },
        {
          "page": "85"
        },
        {
          "page": "1717"
        },
        {
          "page": "89"
        },
        {
          "page": "1719"
        }
      ],
      "opinion_index": 0,
      "case_paths": [
        "/us/476/0079-01"
      ]
    },
    {
      "cite": "27 L.Ed.2d 106",
      "category": "reporters:federal",
      "reporter": "L. Ed. 2d",
      "year": 1970,
      "opinion_index": 0
    },
    {
      "cite": "91 S.Ct. 108",
      "category": "reporters:federal",
      "reporter": "S. Ct.",
      "year": 1970,
      "opinion_index": 0
    },
    {
      "cite": "432 F.2d 612",
      "category": "reporters:federal",
      "reporter": "F.2d",
      "case_ids": [
        2224192
      ],
      "year": 1970,
      "opinion_index": 0,
      "case_paths": [
        "/f2d/432/0612-01"
      ]
    },
    {
      "cite": "139 U.S.App.D.C. 179",
      "category": "reporters:state",
      "reporter": "U.S. App. D.C.",
      "year": 1970,
      "opinion_index": 0
    },
    {
      "cite": "286 F.Supp. 259",
      "category": "reporters:federal",
      "reporter": "F. Supp.",
      "case_ids": [
        2837121
      ],
      "pin_cites": [
        {
          "page": "263"
        }
      ],
      "opinion_index": 0,
      "case_paths": [
        "/f-supp/286/0259-01"
      ]
    },
    {
      "cite": "116 L.Ed.2d 270",
      "category": "reporters:federal",
      "reporter": "L. Ed. 2d",
      "year": 1991,
      "opinion_index": 0
    },
    {
      "cite": "112 S.Ct. 330",
      "category": "reporters:federal",
      "reporter": "S. Ct.",
      "year": 1991,
      "opinion_index": 0
    },
    {
      "cite": "588 A.2d 145",
      "category": "reporters:state_regional",
      "reporter": "A.2d",
      "pin_cites": [
        {
          "page": "153"
        }
      ],
      "opinion_index": 0
    },
    {
      "cite": "218 Conn. 85",
      "category": "reporters:state",
      "reporter": "Conn.",
      "case_ids": [
        522469
      ],
      "pin_cites": [
        {
          "page": "97"
        }
      ],
      "opinion_index": 0,
      "case_paths": [
        "/conn/218/0085-01"
      ]
    },
    {
      "cite": "232 A.2d 90",
      "category": "reporters:state_regional",
      "reporter": "A.2d",
      "case_ids": [
        8107159
      ],
      "weight": 3,
      "year": 1967,
      "pin_cites": [
        {
          "page": "91"
        }
      ],
      "opinion_index": 0,
      "case_paths": [
        "/a2d/232/0090-01"
      ]
    },
    {
      "cite": "698 F.2d 448",
      "category": "reporters:federal",
      "reporter": "F.2d",
      "case_ids": [
        1506242,
        3639311
      ],
      "year": 1983,
      "pin_cites": [
        {
          "page": "454"
        }
      ],
      "opinion_index": 0,
      "case_paths": [
        "/f2d/698/0448-01",
        "/us-app-dc/225/0282-01"
      ]
    },
    {
      "cite": "225 U.S.App.D.C. 282",
      "category": "reporters:state",
      "reporter": "U.S. App. D.C.",
      "case_ids": [
        3639311
      ],
      "year": 1983,
      "pin_cites": [
        {
          "page": "288"
        }
      ],
      "opinion_index": 0,
      "case_paths": [
        "/us-app-dc/225/0282-01"
      ]
    },
    {
      "cite": "486 U.S. 35",
      "category": "reporters:federal",
      "reporter": "U.S.",
      "case_ids": [
        6209906
      ],
      "weight": 3,
      "year": 1988,
      "pin_cites": [
        {
          "page": "40",
          "parenthetical": "leaving property where it is \"readily accessible to animals, children, scavengers, snoops, and other members of the public\" lessens reasonableness of claimed privacy expectation"
        },
        {
          "page": "1628-29",
          "parenthetical": "leaving property where it is \"readily accessible to animals, children, scavengers, snoops, and other members of the public\" lessens reasonableness of claimed privacy expectation"
        },
        {
          "parenthetical": "leaving property where it is \"readily accessible to animals, children, scavengers, snoops, and other members of the public\" lessens reasonableness of claimed privacy expectation"
        }
      ],
      "opinion_index": 0,
      "case_paths": [
        "/us/486/0035-01"
      ]
    },
    {
      "cite": "533 F.2d 1210",
      "category": "reporters:federal",
      "reporter": "F.2d",
      "case_ids": [
        3698545,
        1004082
      ],
      "year": 1976,
      "pin_cites": [
        {
          "page": "1214",
          "parenthetical": "no reasonable expectation of privacy in semi-public common area open to residents, their guests, and delivery persons"
        }
      ],
      "opinion_index": 0,
      "case_paths": [
        "/us-app-dc/175/0075-01",
        "/f2d/533/1210-01"
      ]
    },
    {
      "cite": "175 U.S.App.D.C. 75",
      "category": "reporters:state",
      "reporter": "U.S. App. D.C.",
      "case_ids": [
        3698545
      ],
      "year": 1976,
      "pin_cites": [
        {
          "page": "79",
          "parenthetical": "no reasonable expectation of privacy in semi-public common area open to residents, their guests, and delivery persons"
        }
      ],
      "opinion_index": 0,
      "case_paths": [
        "/us-app-dc/175/0075-01"
      ]
    },
    {
      "cite": "448 U.S. 98",
      "category": "reporters:federal",
      "reporter": "U.S.",
      "case_ids": [
        1787600
      ],
      "weight": 3,
      "year": 1980,
      "pin_cites": [
        {
          "page": "105",
          "parenthetical": "same"
        },
        {
          "page": "2561",
          "parenthetical": "same"
        },
        {
          "parenthetical": "same"
        }
      ],
      "opinion_index": 0,
      "case_paths": [
        "/us/448/0098-01"
      ]
    },
    {
      "cite": "466 U.S. 170",
      "category": "reporters:federal",
      "reporter": "U.S.",
      "case_ids": [
        6195904
      ],
      "weight": 3,
      "year": 1984,
      "pin_cites": [
        {
          "page": "177"
        },
        {
          "page": "1740-41"
        }
      ],
      "opinion_index": 0,
      "case_paths": [
        "/us/466/0170-01"
      ]
    },
    {
      "cite": "890 F.2d 1233",
      "category": "reporters:federal",
      "reporter": "F.2d",
      "case_ids": [
        3476137,
        12036755
      ],
      "weight": 2,
      "year": 1989,
      "pin_cites": [
        {
          "page": "1237"
        },
        {
          "page": "1239"
        }
      ],
      "opinion_index": 0,
      "case_paths": [
        "/us-app-dc/281/0428-01",
        "/f2d/890/1233-01"
      ]
    },
    {
      "cite": "281 U.S.App.D.C. 428",
      "category": "reporters:state",
      "reporter": "U.S. App. D.C.",
      "case_ids": [
        3476137
      ],
      "weight": 2,
      "year": 1989,
      "pin_cites": [
        {
          "page": "432"
        },
        {
          "page": "434"
        }
      ],
      "opinion_index": 0,
      "case_paths": [
        "/us-app-dc/281/0428-01"
      ]
    },
    {
      "cite": "495 U.S. 91",
      "category": "reporters:federal",
      "reporter": "U.S.",
      "case_ids": [
        634256
      ],
      "weight": 3,
      "year": 1990,
      "pin_cites": [
        {
          "page": "95-96",
          "parenthetical": "citations and internal quotation marks omitted"
        },
        {
          "page": "1687",
          "parenthetical": "citations and internal quotation marks omitted"
        },
        {
          "parenthetical": "citations and internal quotation marks omitted"
        }
      ],
      "opinion_index": 0,
      "case_paths": [
        "/us/495/0091-01"
      ]
    },
    {
      "cite": "468 A.2d 1342",
      "category": "reporters:state_regional",
      "reporter": "A.2d",
      "case_ids": [
        8027927
      ],
      "pin_cites": [
        {
          "page": "1345"
        }
      ],
      "opinion_index": 0,
      "case_paths": [
        "/a2d/468/1342-01"
      ]
    },
    {
      "cite": "455 A.2d 1351",
      "category": "reporters:state_regional",
      "reporter": "A.2d",
      "case_ids": [
        8005281
      ],
      "weight": 8,
      "pin_cites": [
        {
          "page": "1353"
        },
        {
          "page": "1353"
        },
        {
          "page": "1353"
        },
        {
          "page": "1354"
        }
      ],
      "opinion_index": 0,
      "case_paths": [
        "/a2d/455/1351-01"
      ]
    },
    {
      "cite": "500 A.2d 1005",
      "category": "reporters:state_regional",
      "reporter": "A.2d",
      "case_ids": [
        7903908
      ],
      "pin_cites": [
        {
          "page": "1007"
        }
      ],
      "opinion_index": 0,
      "case_paths": [
        "/a2d/500/1005-01"
      ]
    },
    {
      "cite": "117 L.Ed.2d 460",
      "category": "reporters:federal",
      "reporter": "L. Ed. 2d",
      "year": 1992,
      "opinion_index": 0
    },
    {
      "cite": "112 S.Ct. 1225",
      "category": "reporters:federal",
      "reporter": "S. Ct.",
      "year": 1992,
      "opinion_index": 0
    },
    {
      "cite": "594 A.2d 542",
      "category": "reporters:state_regional",
      "reporter": "A.2d",
      "case_ids": [
        7372611
      ],
      "weight": 3,
      "pin_cites": [
        {
          "page": "544"
        },
        {
          "page": "545-546"
        }
      ],
      "opinion_index": 0,
      "case_paths": [
        "/a2d/594/0542-01"
      ]
    },
    {
      "cite": "602 A.2d 1087",
      "category": "reporters:state_regional",
      "reporter": "A.2d",
      "case_ids": [
        7938098
      ],
      "weight": 5,
      "pin_cites": [
        {
          "page": "1091"
        },
        {
          "page": "1087"
        },
        {
          "page": "1087"
        }
      ],
      "opinion_index": 0,
      "case_paths": [
        "/a2d/602/1087-01"
      ]
    },
    {
      "cite": "439 U.S. 128",
      "category": "reporters:federal",
      "reporter": "U.S.",
      "case_ids": [
        11329017
      ],
      "weight": 9,
      "year": 1978,
      "pin_cites": [
        {
          "page": "143",
          "parenthetical": "citations omitted"
        },
        {
          "page": "430",
          "parenthetical": "citations omitted"
        },
        {
          "parenthetical": "citations omitted"
        }
      ],
      "opinion_index": 0,
      "case_paths": [
        "/us/439/0128-01"
      ]
    },
    {
      "cite": "442 U.S. 735",
      "category": "reporters:federal",
      "reporter": "U.S.",
      "case_ids": [
        1532082
      ],
      "weight": 5,
      "year": 1979,
      "pin_cites": [
        {
          "page": "740"
        },
        {
          "page": "2580"
        },
        {
          "page": "740"
        }
      ],
      "opinion_index": 0,
      "case_paths": [
        "/us/442/0735-01"
      ]
    },
    {
      "cite": "662 F.Supp. 1218",
      "category": "reporters:federal",
      "reporter": "F. Supp.",
      "case_ids": [
        7400155
      ],
      "weight": 5,
      "pin_cites": [
        {
          "page": "1234"
        },
        {
          "page": "1253"
        }
      ],
      "opinion_index": 0,
      "case_paths": [
        "/f-supp/662/1218-01"
      ]
    },
    {
      "cite": "389 U.S. 347",
      "category": "reporters:federal",
      "reporter": "U.S.",
      "case_ids": [
        11339173
      ],
      "weight": 6,
      "year": 1967,
      "pin_cites": [
        {
          "page": "351"
        },
        {
          "page": "511"
        },
        {
          "page": "351"
        },
        {
          "page": "511",
          "parenthetical": "\"What a person knowingly exposes to the public, even in his own home or office, is not a subject of Fourth Amendment protection\" (citations omitted)"
        }
      ],
      "opinion_index": 0,
      "case_paths": [
        "/us/389/0347-01"
      ]
    },
    {
      "cite": "414 U.S. 338",
      "category": "reporters:federal",
      "reporter": "U.S.",
      "case_ids": [
        11715874
      ],
      "weight": 3,
      "year": 1974,
      "pin_cites": [
        {
          "page": "347"
        },
        {
          "page": "619"
        }
      ],
      "opinion_index": 0,
      "case_paths": [
        "/us/414/0338-01"
      ]
    },
    {
      "cite": "448 U.S. 83",
      "category": "reporters:federal",
      "reporter": "U.S.",
      "case_ids": [
        1787633
      ],
      "weight": 6,
      "year": 1980,
      "pin_cites": [
        {
          "page": "86-87"
        },
        {
          "page": "2550"
        },
        {
          "page": "91"
        },
        {
          "page": "2552-53",
          "parenthetical": "property ownership not determinative"
        }
      ],
      "opinion_index": 0,
      "case_paths": [
        "/us/448/0083-01"
      ]
    }
  ],
  "analysis": {
    "cardinality": 1500,
    "char_count": 30801,
    "ocr_confidence": 0.812,
    "pagerank": {
      "raw": 5.08652902118824e-07,
      "percentile": 0.9379826777545718
    },
    "sha256": "5f4bbca919a7df363fc64f94b3b6f4c4347a141ead0ccf79d04aca2dd15356c8",
    "simhash": "1:b6ecd0b2e68c4f0b",
    "word_count": 5099
  },
  "last_updated": "2024-02-27T22:07:47.580819+00:00",
  "provenance": {
    "date_added": "2019-08-29",
    "source": "Harvard",
    "batch": "2018"
  },
  "casebody": {
    "judges": [
      "Before TERRY, SCHWELB, and SULLIVAN, Associate Judges."
    ],
    "parties": [
      "Thomas J. BROWN, Appellant, v. UNITED STATES, Appellee."
    ],
    "opinions": [
      {
        "text": "TERRY, Associate Judge:\nAppellant was convicted of possession of cocaine and possession of drug paraphernalia. He contends on appeal that the trial court erroneously (1) denied his motion to suppress the cocaine and the crack pipe that were taken from him when he was arrested, (2) rejected his challenge to the composition of the jury, (3) refused to compel the government to produce the chemist who analyzed the drugs, and (4) declined to tell the jury that the court, rather than the jury, would decide the paraphernalia count. We find no merit in any of these contentions and accordingly affirm appellant\u2019s convictions.\nI\nOn April 30, 1991, Officer James King of the Metropolitan Police and Agent James Cook of the United States Bureau of Alcohol, Tobacco, and Firearms were on routine patrol in Southeast Washington. At approximately 4:00 a.m. they entered a two-story, four-unit apartment building on Wayne Place, S.E., \u201cto do a routine cheek of the hallway\u201d because they knew that it was frequented by drug users. The doors to the building had locks on them, but they were not locked, and the rear door was propped open. Officer King entered the building from the rear and walked up one flight of stairs to the first floor. As he started toward the second floor, he saw appellant Brown standing on the stairway landing just a few feet above him. In his right hand Brown was holding what King recognized as a pipe used for smoking crack cocaine. Officer King immediately placed him under arrest for possession of drug paraphernalia. A search incident to the arrest revealed a rock of crack cocaine in Brown\u2019s pants pocket, which King seized. The officer testified that Brown was \u201cvery disoriented\u201d and had a \u201cvery strong odor of alcoholic beverages\u201d about his person.\nBrown testified that his home was only a short distance away. Earlier that night, he said, after an argument with his wife, he decided to go out because he \u201cwas tired of listening\u201d to her quarreling. After walking for a while, he met several men (whom he did not know) on a street corner and started drinking beer with them. After a period of time, Brown and some of these men moved to the steps of the apartment building, and ultimately to the stairwell inside that building. Brown testified that his companions had left him alone in the stairwell only moments before the police arrived. Brown denied having a crack pipe in his hand when Officer King saw him. He claimed that the pipe was on the steps and that Officer King erroneously concluded that it belonged to him. He also said that the crack he was charged with possessing was seized by the police from the stairwell banister, not from his pants pocket.\nII\nBrown argues that the trial court erred in denying his motion to suppress the cocaine which the police seized from him upon his arrest. He reasons that the seizure was unlawful because the police entry into the apartment building was made without a warrant and because there were no circumstances that would have justified a warrantless entry. See, e.g., United States v. Salvucci, 448 U.S. 83, 86-87, 100 S.Ct. 2547, 2550, 65 L.Ed.2d 619 (1980); United States v. Calandra, 414 U.S. 338, 347, 94 S.Ct. 613, 619, 38 L.Ed.2d 561 (1974). The Supreme Court, however, has made clear that the Fourth Amendment \u201cprotects people, not places.\u201d Katz v. United States, 389 U.S. 347, 351, 88 S.Ct. 507, 511, 19 L.Ed.2d 576 (1967). Consequently, a defendant may not \u201cinvoke the force of the exclusionary rule ... merely on the basis that the Government conducted an illegal search or seizure.\u201d United States v. Gerena, 662 F.Supp. 1218, 1234 (D.Conn.1987) (citing Smith v. Maryland, 442 U.S. 735, 740, 99 S.Ct. 2577, 2580, 61 L.Ed.2d 220 (1979)). Rather, application of the rule depends on whether \u201cthe person who claims the protection of the Amendment has a legitimate expectation of privacy in the invaded place.\u201d Rakas v. Illinois, 439 U.S. 128, 143, 99 S.Ct. 421, 430, 58 L.Ed.2d 387 (1978) (citations omitted); accord, e.g., Prophet v. United States, 602 A.2d 1087, 1091 (D.C.1992); Lewis v. United States, 594 A.2d 542, 544 (D.C.1991), cert. denied, \u2014 U.S. -, 112 S.Ct. 1225, 117 L.Ed.2d 460 (1992); Turner v. Fraternal Order of Police, 500 A.2d 1005, 1007 (D.C.1985); United States v. Booth, 455 A.2d 1351, 1353 (D.C.1983); Moore v. United States, 468 A.2d 1342, 1345 (D.C.1983). Thus, before we may consider whether the police violated the Fourth Amendment by entering the apartment building stairwell at 4:00 a.m. without a warrant, we must determine whether Brown had a legitimate expectation of privacy in that stairwell. We hold that he did not.\nThe Supreme Court has declared that a person\u2019s \u201csubjective expectation of privacy is legitimate if it is one that society is prepared to recognize as reasonable.\u201d Minnesota v. Olson, 495 U.S. 91, 95-96, 110 S.Ct. 1684, 1687, 109 L.Ed.2d 85 (1990) (citations and internal quotation marks omitted); see Rakas, supra, 439 U.S. at 144 n. 12, 99 S.Ct. at 430-31 n. 12 (\u201cLegitimation of expectations of privacy by law must have a source outside of the Fourth Amendment, either by reference to concepts of real or personal property law or to understandings that are recognized and permitted by society\u201d). In deciding whether Brown\u2019s asserted expectation of privacy in the stairwell was reasonable, we must consider several factors, including whether he had authority to exclude others from the area entered and searched, whether he had access to and use of that area in the past, whether he took reasonable precautions to maintain privacy, how long he had been there, and whether there were other persons there with him. See Prophet, supra, 602 A.2d at 1087; Booth, supra, 455 A.2d at 1353; United States v. Burnett, 281 U.S.App.D.C. 428, 432, 890 F.2d 1233, 1237 (1989). In addition, since the legitimacy of one\u2019s expectations of privacy may be determined in some cases \u201cby reference to concepts of real and personal property law,\u201d Rakas, supra, 439 U.S. at 144 n. 12, 99 S.Ct. at 430-31 n. 12, we may also consider whether a defendant owns the premises or at least has a right of possession, alone or shared with others. See Booth, supra, 455 A.2d at 1353. The presence or absence of such property rights, however, is merely one more factor for us to consider, and no single factor is dispositive. See, e.g., Oliver v. United States, 466 U.S. 170, 177, 104 S.Ct. 1735, 1740-41, 80 L.Ed.2d 214 (1984); Salvucci, supra, 448 U.S. at 91, 100 S.Ct. at 2552-53 (property ownership not determinative); Rawlings v. Kentucky, 448 U.S. 98, 105, 100 S.Ct. 2556, 2561, 65 L.Ed.2d 633 (1980) (same).\nApplying all these factors, we readily conclude that Brown had no legitimate expectation of privacy in the stairwell. First, he was not a resident of the building, nor was he present at the invitation of any of its tenants. Thus the normal expectations of privacy enjoyed by homeowners (or renters), or even their overnight guests, are not implicated in this case. See Lewis, supra, 594 A.2d at 545-546. Second, Brown admitted that he had never even been in the apartment building before that evening, and thus he had no basis in prior experience from which to derive an expectation of privacy there. Moreover, he was in a part of the building utilized by residents and visitors for ingress to and egress from the individual apartments; hence common sense should have told him that he was not in a place which would afford him privacy. See United States v. Anderson, 175 U.S.App.D.C. 75, 79, 533 F.2d 1210, 1214 (1976) (no reasonable expectation of privacy in semi-public common area open to residents, their guests, and delivery persons); cf. California v. Greenwood, 486 U.S. 35, 40, 108 S.Ct. 1625, 1628-29, 100 L.Ed.2d 30 (1988) (leaving property where it is \u201creadily accessible to animals, children, scavengers, snoops, and other members of the public\u201d lessens reasonableness of claimed privacy expectation); Katz, supra, 389 U.S. at 351, 88 S.Ct. at 511 (\u201cWhat a person knowingly exposes to the public, even in his own home or office, is not a subject of Fourth Amendment protection\u201d (citations omitted)). Third, Brown made no effort to protect his privacy and did not even bother to close the rear door to the building, which had been propped open. Finally, Brown testified that he was accompanied in the building by other individuals who apparently came and went freely, suggesting that Brown possessed a greater interest in companionship than in solitude. See Prophet, supra, 602 A.2d at 1087; United States v. Robinson, 225 U.S.App.D.C. 282, 288, 698 F.2d 448, 454 (1983).\nBrown relies heavily on this court\u2019s decision in McGloin v. United States, 232 A.2d 90 (1967), in which we said that a four-unit apartment house \u201cis not a public or semi-public building.\u201d Id. at 91. Seizing on this language, Brown asserts that such a building\u2019s \u201cprivate\u201d status makes his expectation of privacy reasonable. We disagree. The quoted language- must be read in light of the fact that McGloin was a prosecution for unlawful entry, in which the defendant had entered the building through a trap door in the roof after having been previously seen on the fire escape. Although we concluded that the evidence was sufficient to prove that loitering on the roof or the fire escape \u201cwould be against the will of the owner,\u201d we observed that, notwithstanding the building\u2019s non-public status, \u201ca member of the public might lawfully enter the lobby or entrance hall for the purpose of making inquiry, making a delivery, or for some like purpose....\u201d Id. Furthermore, once a location is acknowledged to be open to the public, \u201cit is pointless to exclude the police alone, for that \u2018would impede effective law enforcement while adding little to the individual\u2019s interest in privacy.\u2019 \u201d State v. Mooney, 218 Conn. 85, 97, 588 A.2d 145, 153 (citation omitted), cert. denied, \u2014 U.S. -, 112 S.Ct. 330, 116 L.Ed.2d 270 (1991); see also United States v. Perkins, 286 F.Supp. 259, 263 (D.D.C.1968), aff'd, 139 U.S.App.D.C. 179, 432 F.2d 612, cert. denied, 400 U.S. 866, 91 S.Ct. 108, 27 L.Ed.2d 106 (1970).\nViewing the totality of circumstances, no reasonable person could conclude that Brown had a subjective expectation of privacy in the stairwell. Even assuming that he had such a subjective expectation, we are convinced that it is not one which society is prepared to sustain as objectively reasonable. We therefore hold that Brown had no legitimate expectation of privacy in the apartment stairwell, and that his Fourth Amendment rights were not implicated by the warrantless entry into the building\u2019s common area by the police.\nIll\nBrown also challenges the composition of the jury that heard his case. After the first witness (Officer King) had testified on direct examination, Brown for the first time expressed concern that the jury was not representative of his peers. The trial court interpreted Brown\u2019s objection as a claim that the jury did not represent a fair cross-section of the community, but found that there was no violation of his Sixth Amendment rights. We agree with the statement in the government\u2019s brief that Brown\u2019s claim \u201cmisconstrues the applicable law.\u201d\nAlthough the Sixth Amendment \u201cguarantees that the petit jury will be selected from a pool of names representing a cross section of the community ... [it does not require] that \u2018petit juries actually chosen must mirror the community and reflect the various distinctive groups in the population.\u2019 \u201d Batson v. Kentucky, 476 U.S. 79, 85-86 n. 6, 106 S.Ct. 1712, 1717 n. 6, 90 L.Ed.2d 69 (1986) (citations omitted); see Duren v. Missouri, 439 U.S. 357, 364, 99 S.Ct. 664, 668, 58 L.Ed.2d 579 (1979); Taylor v. Louisiana, 419 U.S. 522, 530, 95 S.Ct. 692, 697, 42 L.Ed.2d 690 (1975); Kingsbury v. United States, 520 A.2d 686, 691 (D.C.1987); Obregon v. United States, 423 A.2d 200, 205-206 (D.C.1980), cert. denied, 452 U.S. 918, 101 S.Ct. 3054, 69 L.Ed.2d 422 (1981). \u201c[A] defendant has no right to a \u2018petit jury composed in whole or in part of persons of his own race.\u2019 \u201d Batson, supra, 476 U.S. at 85, 106 S.Ct. at 1717 (quoting Strauder v. West Virginia, 100 U.S. 303, 305, 25 L.Ed. 664 (1880)). Thus any defendant who claims a violation of the \u201cfair cross-section\u201d requirement must make a threefold prima facie showing:\n[T]he defendant must show (1) that the group alleged to be excluded is a \u201cdistinctive\u201d group in the community; (2) that the representation of this group in venires from which juries are selected is not fair and reasonable in relation to the number of such persons in the community; and (3) that this underrepresen-tation is due to systematic exclusion of the group in the jury-selection process.\nDuren v. Missouri, supra, 439 U.S. at 364, 99 S.Ct. at 668, (emphasis added), cited with approval in Obregon v. United States, supra, 423 A.2d at 205. Brown has not even attempted to make such a showing; therefore, his claim must fail. See Kingsbury, supra, 520 A.2d at 691; Obregon, supra, 423 A.2d at 205.\nBrown also contends that his objection to the composition of the jury was based on the government\u2019s use of its peremptory challenges in a racially discriminatory, and therefore unconstitutional, manner. See Batson, supra, 476 U.S. at 89, 106 S.Ct. at 1719; see also Hernandez v. New York, \u2014 U.S. -, ---, 111 S.Ct. 1859, 1868-1869, 114 L.Ed.2d 395 (1991). Brown asserts that the trial court erred in failing to require the government to provide a racially neutral explanation for challenging black venire members. It is, of course, beyond dispute that constitutional principles of equal protection forbid the striking of potential jurors solely on the basis of race. E.g., Powers v. Ohio, \u2014 U.S. -, ---, 111 S.Ct. 1364, 1369-1370, 113 L.Ed.2d 411 (1991). However, as we have recently held under virtually identical circumstances, a defendant bears the burden of creating an adequate record to permit appellate review. In asserting a Batson violation, an appellant must present this court with a record \u201cestablish[ing] the racial makeup of either the venire or the jury actually selected.\u201d Nelson v. United States, 601 A.2d 582, 590 (D.C.1991). No such record is before us in this case. Without it, we cannot decide whether there was or was not a Batson violation; consequently, in this case as in Nelson, we reject Brown\u2019s claim of error.\nIV\nBrown argues next that the trial court erred when it refused to compel the prosecutor, during his case in chief, to call the chemist from the Drug Enforcement Administration (DEA) who analyzed the cocaine. In accordance with D.C.Code \u00a7 33-556 (1988), the court allowed the prosecutor to introduce the report prepared by the chemist during the testimony of a police detective. Defense counsel objected to the admission of this report, contending that he had a right to cross-examine the chemist during the government\u2019s case in chief. The court overruled the objection, concluding that the requirements of D.C.Code \u00a7 33-556 had been met. We find no error;\nAs the trial court recognized, section 33-556 specifically authorizes the procedure followed in this case. There are four prerequisites for admission of a chemist\u2019s report under this statute:\n(1) the \u201canalysis of a controlled substance [must be] performed by a chemist charged with an official duty to perform such analysis,\u201d (2) an \u201cofficial report of chain of custody and of analysis of [the] controlled substance\u201d must be \u201cattested to by that chemist,\u201d (3) the chemist\u2019s official report must be \u201cattested to ... by the officer having legal custody of the report,\u201d and (4) the official report must be \u201caccompanied by a certificate under seal that the officer has legal custody.\u201d\nGiles v. District of Columbia, 548 A.2d 48, 53-54 (D.C.1988) (quoting D.C.Code \u00a7 33-556). In addition, since the report is hearsay, there must be evidence during the government\u2019s case in chief which establishes the applicability of the \u201cbusiness record\u201d exception to the hearsay rule. Id. at 53. This is typically accomplished through foundational testimony by the \u201ccustodian, or conceivably someone else in a position to know ... that the report was made in the regular course of business, that the regular course of business included preparation of such a report, and that the report was made within a reasonable time after the analysis of the controlled substance.\u201d Id. (citations omitted). This court has held, and Brown concedes, that the purpose of the statute is not to thwart a defendant\u2019s effort to challenge the validity of the government\u2019s evidence, but simply \u201cto \u2018relieve ... chemist[s] from the requirement of making ... personal appearances\u2019 at trials where the results of chemical analyses are not in dispute.\u201d Howard v. United States, 473 A.2d 835, 838 (D.C.1984) (quoting legislative history).\nBrown argues nevertheless that the court erred when it refused to require the government to produce the DEA chemist during its case in chief, instead of merely making him available during the defense case. Brown\u2019s principal argument is that the trial court\u2019s refusal to compel to the government to call the chemist during its own case forced him to choose between exercising two constitutional rights, namely, his Fifth Amendment right to put on no defense and his Sixth Amendment right to confront his accusers. Our case law compels us to hold otherwise.\nThis court has held that the procedure established under section 33-556 does not infringe any confrontation right enjoyed by defendants in criminal cases. See Belton v. United States, 580 A.2d 1289, 1293-1294 (D.C.1990); Jones v. United States, 548 A.2d 35, 47-48 (D.C.1988); Howard v. United States, supra, 473 A.2d at 838. \u201cDespite the importance of confrontation and the basic rule against admission of hearsay testimony, it is, of course, well established that certain types of hearsay evidence are inherently reliable and therefore admissible as exceptions to the Confrontation Clause.\u201d Id. (citing, e.g., Ohio v. Roberts, 448 U.S. 56, 66, 100 S.Ct. 2531, 2539, 65 L.Ed.2d 597 (1980)); see also Chambers v. Mississippi, 410 U.S. 284, 295, 93 S.Ct. 1038, 1046, 35 L.Ed.2d 297 (1973) (\u201cthe right to confront and to cross-examine is not absolute and may, in appropriate cases, bow to accommodate other legitimate interests in the criminal trial process\u201d). Applying this standard, we have specifically held that chemists\u2019 reports admitted under section 33-556 are \u201csufficiently trustworthy to satisfy the purpose of the Confrontation Clause.\u201d Howard, supra, 473 A.2d at 839.\nBrown\u2019s Fifth Amendment claim fares no better. While it is true that section 33-556 theoretically forces him to present at least a defense in which the government chemist is called as a witness, he has failed to show that forcing him to call the chemist during his own case caused him any prejudice whatsoever. Indeed, we rejected a similar Fifth Amendment claim in Berry v. United States, 528 A.2d 1209 (D.C.1987), holding that \u201cthe defense is not substantially disadvantaged by the government\u2019s failure to call the chemist in its case in chief.\u201d Id. at 1210 (D.C.1987) (citing Howard, supra). The enactment of section 33-556 merely altered the procedure for admitting chemists\u2019 reports. It did not change the substance of what is admissible, nor did it restrict a defendant\u2019s ability to test the validity of a chemist\u2019s report through cross-examination. We find no merit whatever in Brown\u2019s Fifth Amendment claim.\nBrown makes an additional Fifth Amendment argument. He contends that the procedure established by section 33-556 violated his due process rights by shifting to him the burden of proof on the question of whether the substance found on his person was an illegal narcotic. This contention ignores two obvious facts. First, under section 33-556 the substance of the evidence provided by the chemist, i.e., the identity and quantity of the contraband, is the same regardless of whether the chemist personally appears or merely submits a written report. Second, the timing of its introduction, i.e., during the government\u2019s case in chief, is no different under section 33-556 from what it would be if that statute had never been enacted. It simply cannot be said that any burden of proof has been shifted to the defense simply because cross-examination of the chemist will occur, if at all, during the defense case.\nV\nBrown\u2019s final contention is that the trial court erred when it failed to instruct the jury that the court, not the jury, would decide Brown\u2019s guilt on the charge of possession of drug paraphernalia. He contends that this failure prejudicially confused the jury in its consideration of the drug possession charge. The court declined so to instruct the jury because the paraphernalia charge was mentioned only once, briefly, at the outset of the trial and because the court was concerned that even mentioning it would require complicated instructions about the limited evidentiary use of the crack pipe.\nWe hold that this claim of error is barred because defense counsel at trial specifically asked the court not to instruct the jury on this matter: \u201cI would prefer to leave it at that [ie., that the jury not be instructed]; if they have a query, they will ask.\u201d We have repeatedly held that a defendant may not take one position at trial and a contradictory position on appeal. E.g., Mitchell v. United States, 569 A.2d 177, 180 (D.C.), cert. denied, 498 U.S. 986, 111 S.Ct. 521, 112 L.Ed.2d 532 (1990); Byrd v. United States, 502 A.2d 451, 452-453 (D.C.1985); accord, Haches v. Haches, 446 A.2d 396, 398 (D.C.1982) (applying same rule to civil litigants). Because defense counsel specifically asked the court not to give an instruction on this point, we will not consider appellant\u2019s present claim that the court erred in failing to give it.\nVI\nFor the foregoing reasons, the judgment of conviction is\nAffirmed.\n. D.C.Code \u00a7 33-541(d) (1988).\n. D.C.Code'\u00a7 33-603(a) (1988).\n. This formulation was slightly changed from the Court\u2019s earlier decisions. Previously, the Court had stated that the \"legitimate expectation of privacy\u201d inquiry\nnormally embraces two discrete questions. The first is whether the individual, by his conduct, has \"exhibited an actual (subjective) expectation of privacy\u201d ... \u2014 whether, in the words of the Katz majority, the individual has shown that \u201che seeks to preserve [something] as private.\" The second question is whether the individual\u2019s subjective expectation of privacy is \u201cone that society is prepared to recognize as \u2018reasonable\u2019\" ... \u2014 whether, in the words of the Katz majority, the individual\u2019s expectation, viewed objectively, is \"justifiable\u201d under the circumstances.\nSmith v. Maryland, supra, 442 U.S. at 740, 99 S.Ct. at 2580 (citations omitted). The Court in Olson collapsed these two inquiries into one, no doubt because it had come to recognize that they \"necessarily overlap. While it is true that the existence of a subjective privacy expectation is a prerequisite of \u2018reasonableness,\u2019 it is also true that reasonableness depends on a factual and legal evaluation of the basis for the subjective expectation. Thus it is not possible to entirely divorce inquiry under one prong of the test from inquiry under the other.\u201d United States v. Gerena, supra, 662 F.Supp. at 1235 n. 19.\n. Other courts have identified additional factors such as whether the person challenging the search made use of the area as a residence or as a repository for personal belongings. See, e.g., United States v. Gerena, supra, 662 F.Supp. at 1253.\n. We note at the outset that the building in this case was not a rooming house, and that our cases involving rooming houses, such as United States v. Booth, supra, and Bryant v. United States, 599 A.2d 1107, 1109-1110 (D.C.1991), are therefore inapposite. Brown cannot claim the legitimate expectation of privacy that a tenant in a rooming house has in its hallway, which, unlike the stairwell in the instant case, is not open to the general public. Booth, supra, 455 A.2d at 1354.\n. Our decision today is consistent with the weight of authority from other courts. See, e.g., United States v. Concepcion, 942 F.2d 1170, 1172 (7th Cir.1991) (\"Indeed, it is odd to think of an expectation of \u2018privacy\u2019 in the entrances to a building. The vestibule and other common areas are used by postal carriers, custodians, and peddlers. The area outside one\u2019s door lacks anything like the privacy of the area inside\u2019\u2019); United States v. Burnett, supra, 281 U.S.App.D.C. at 434, 890 F.2d at 1239; United States v. Holland, 755 F.2d 253, 255-256 (2d Cir.) (no expectation of privacy in common halls and lobbies of multi-tenant buildings) (collecting cases), cert. denied, 471 U.S. 1125, 105 S.Ct. 2657, 86 L.Ed.2d 274 (1985); United States v. Eisler, 567 F.2d 814, 816 (8th Cir.1977); United States v. Shima, 545 F.2d 1026, 1029, aff\u2019d on reh\u2019g en banc, 560 F.2d 1287 (5th Cir.), cert. denied, 434 U.S. 996, 98 S.Ct. 632, 54 L.Ed.2d 490 (1977); State v. Brown, 198 Conn. 348, 357, 503 A.2d 566, 570 (1986) (common areas generally); Commonwealth v. Hall, 366 Mass. 790, 794, 323 N.E.2d 319, 322 (1975) (apartment building hallway); State v. Eddy, 519 A.2d 1137, 1141 (R.I.1987) (apartment building hallway). At least two federal appellate courts have specifically declined to find a reasonable expectation of privacy in a building stairwell. United States v. Dickens, 695 F.2d 765, 778 (3d Cir.1982), cert. denied, 460 U.S. 1092, 103 S.Ct. 1792, 76 L.Ed.2d 359 (1983); United States v. Freeman, 426 F.2d 1351, 1353 (9th Cir.1970).\n. The court took a short recess after King\u2019s direct testimony. After the recess, while the jury was still out of the courtroom, defense counsel said to the court, \"My client feels that he is not being tried by a jury of his peers.\u201d The court asked, \u2019\u2019Do you wish to expand upon that for the purposes of the record?\u2019\u2019, and Brown himself responded, \"Well, Your Honor, I mean [the community is] about 70 percent African-American, and the jury is probably about 80 percent Caucasian. I don\u2019t feel that these should be considered a jury of my peers. Not that they might not be partial [szc ], but ... as I understand it, a jury of your peers will be people you work with or live [with] in the community.\u201d\n.It is also incumbent upon a defendant to raise this issue in a timely fashion. Brown\u2019s objection to the composition of the jury was not made until well after the jury had been seated and the testimony of the first witness was half over. We need not decide here exactly when the right to make such an objection expires. We note, however, that the Supreme Court has characterized as \"sensible\u201d a rule that objections to the racially discriminatory use of peremptory challenges based on Batson v. Kentucky must be made \"in the period between the selection of the jurors and the administration of their oaths.\u201d Ford v. Georgia, 498 U.S. 411, 422, 111 S.Ct. 850, 857, 112 L.Ed.2d 935 (1991). See also Clark v. Newport News Shipbuilding & Dry Dock Co., 937 F.2d 934, 940 (4th Cir.1991) (failure to raise Batson issue at trial forecloses claim of plain error on appeal).\n. We assume, without deciding, that Brown\u2019s statement to the court (see note 7, supra ) articulated this objection with sufficient precision to preserve the Batson issue for appellate review.\n. The holding in Batson was based on the Equal Protection Clause of the Fourteenth Amendment. Although that amendment is not applicable to the District of Columbia or the federal government, the principles underlying the Equal Protection Clause have been held to be incorporated into the Fifth Amendment, which of course is applicable. See Bolling v. Sharpe, 347 U.S. 497, 498-499, 74 S.Ct. 693, 694, 98 L.Ed. 884 (1954).\n. Brown also asserts in his brief that he \"was not properly advised that if there was a showing that the prosecutor had challenged potential jurors solely on the basis of their race,\u201d his equal protection claim would have succeeded. It is unclear from this language whether he is criticizing his trial counsel or the court, but in either event this contention is without merit. A court has no obligation to advise a defendant, who is represented by counsel, when to interpose objections during the course of the trial. See Clark, supra note 8, 937 F.2d at 939 (court not obliged to raise Batson issue sua sponte). On the other hand, if Brown is claiming that his own trial counsel (he has new counsel on appeal) was ineffective for failing to make a proper Batson argument, he has not made the showing required by Strickland v. Washington, 466 U.S. 668, 104 S.Ct. 2052, 80 L.Ed.2d 674 (1984).\n. D.C.Code \u00a7 33-556 provides in pertinent part:\nIn a proceeding for a violation of [the Controlled Substances Act], the official report of chain of custody and of analysis of a controlled substance performed by a chemist charged with an official duty to perform such analysis, when attested to by that chemist and by the officer having legal custody of the report and accompanied by a certificate under seal that the officer has legal custody, shall be admissible in evidence as evidence of the facts stated therein and the results of that analysis.... In the event that the defendant or his or her attorney subpoenas the chemist for examination, the subpoena shall be without fee or cost and the examination shall be as on cross-examination.\n. Brown argues that he was prejudiced (1) by having to wait until the government rested to challenge the test results, thereby giving those results an air of validity, (2) that he was denied an immediate right to confront the witness by being forced to wait until the government rested, and (3) that by challenging the evidence he risked bolstering it. These claims evaporate on close inspection and are not of constitutional magnitude. Every defendant who presents a defense encounters the first type of \"prejudice\" in every trial. The second has no basis at all in Sixth Amendment jurisprudence, and the third occurs regardless of whether a witness is cross-examined during the government\u2019s case or the defendant\u2019s.\n. There was, of course, no right to a jury trial on this charge because the maximum penalty for a violation of D.C.Code \u00a7 33-603(a) was thirty days in jail or a $100 fine, or both. See Simmons v. United States, 554 A.2d 1167, 1170 n. 6 (D.C.1989).",
        "type": "majority",
        "author": "TERRY, Associate Judge:"
      }
    ],
    "attorneys": [
      "Gloria Johnson, appointed by the court, for appellant.",
      "Barbara K. Bracher, Asst. U.S. Atty., with whom Jay B. Stephens, U.S. Atty. at the time the brief was filed, and John R. Fisher, Thomas C. Black, and Martin D. Carpenter, Asst. U.S. Attys., were on the brief, for appellee."
    ],
    "corrections": "",
    "head_matter": "Thomas J. BROWN, Appellant, v. UNITED STATES, Appellee.\nNo. 92-CM-251.\nDistrict of Columbia Court of Appeals.\nArgued Feb. 5, 1993.\nDecided June 24, 1993.\nGloria Johnson, appointed by the court, for appellant.\nBarbara K. Bracher, Asst. U.S. Atty., with whom Jay B. Stephens, U.S. Atty. at the time the brief was filed, and John R. Fisher, Thomas C. Black, and Martin D. Carpenter, Asst. U.S. Attys., were on the brief, for appellee.\nBefore TERRY, SCHWELB, and SULLIVAN, Associate Judges."
  },
  "file_name": "0499-01",
  "first_page_order": 581,
  "last_page_order": 590
}
