{
  "id": 8186961,
  "name": "Dolores TARZIA, Administratrix of the Estate of Cosimo Tarzia, Deceased, Appellant, v. AMERICAN STANDARD, Appellee",
  "name_abbreviation": "Tarzia v. American Standard",
  "decision_date": "2008-05-21",
  "docket_number": "",
  "first_page": "1170",
  "last_page": "1174",
  "citations": [
    {
      "type": "official",
      "cite": "952 A.2d 1170"
    }
  ],
  "court": {
    "name_abbreviation": "Pa. Super. Ct.",
    "id": 8775,
    "name": "Superior Court of Pennsylvania"
  },
  "jurisdiction": {
    "id": 6,
    "name_long": "Pennsylvania",
    "name": "Pa."
  },
  "cites_to": [
    {
      "cite": "375 Pa.Super. 187",
      "category": "reporters:state",
      "reporter": "Pa. Super.",
      "case_ids": [
        700058
      ],
      "weight": 2,
      "year": 1988,
      "opinion_index": 0,
      "case_paths": [
        "/pa-super/375/0187-01"
      ]
    },
    {
      "cite": "290 Pa.Super. 581",
      "category": "reporters:state",
      "reporter": "Pa. Super.",
      "case_ids": [
        169644
      ],
      "weight": 2,
      "year": 1981,
      "opinion_index": 0,
      "case_paths": [
        "/pa-super/290/0581-01"
      ]
    },
    {
      "cite": "696 A.2d 1159",
      "category": "reporters:state_regional",
      "reporter": "A.2d",
      "case_ids": [
        960544,
        12027219
      ],
      "year": 1997,
      "opinion_index": 0,
      "case_paths": [
        "/pa/548/0268-01",
        "/a2d/696/1159-01"
      ]
    },
    {
      "cite": "548 Pa. 268",
      "category": "reporters:state",
      "reporter": "Pa.",
      "case_ids": [
        960544
      ],
      "year": 1997,
      "opinion_index": 0,
      "case_paths": [
        "/pa/548/0268-01"
      ]
    },
    {
      "cite": "693 A.2d 195",
      "category": "reporters:state_regional",
      "reporter": "A.2d",
      "case_ids": [
        11984932,
        960456,
        11984843,
        11984785,
        960465,
        960447
      ],
      "year": 1997,
      "opinion_index": 0,
      "case_paths": [
        "/a2d/693/0195-03",
        "/pa/548/0012-01",
        "/a2d/693/0195-02",
        "/a2d/693/0195-01",
        "/pa/548/0011-02",
        "/pa/548/0013-01"
      ]
    },
    {
      "cite": "548 Pa. 13",
      "category": "reporters:state",
      "reporter": "Pa.",
      "case_ids": [
        960447
      ],
      "year": 1997,
      "opinion_index": 0,
      "case_paths": [
        "/pa/548/0013-01"
      ]
    },
    {
      "cite": "943 A.2d 216",
      "category": "reporters:state_regional",
      "reporter": "A.2d",
      "case_ids": [
        4087317,
        8388303
      ],
      "weight": 2,
      "year": 2007,
      "opinion_index": 0,
      "case_paths": [
        "/pa/596/0274-01",
        "/a2d/943/0216-01"
      ]
    }
  ],
  "analysis": {
    "cardinality": 564,
    "char_count": 11752,
    "ocr_confidence": 0.697,
    "pagerank": {
      "raw": 4.03580807328026e-08,
      "percentile": 0.2012665603284207
    },
    "sha256": "25d225836e95c84ace29b0933cf523772a9186b9d6a95d166ac6321c19752695",
    "simhash": "1:b2d68e0be355766f",
    "word_count": 2019
  },
  "last_updated": "2024-02-27T17:12:31.820908+00:00",
  "provenance": {
    "date_added": "2019-08-29",
    "source": "Harvard",
    "batch": "2018"
  },
  "casebody": {
    "judges": [
      "BEFORE: FORD ELLIOTT, P.J., STEVENS, MUSMANNO, ORIE MELVIN, LALLY-GREEN, KLEIN, BENDER, GANTMAN and PANELLA, JJ.",
      "\u00b6 12 PANELLA, J., notes his dissent."
    ],
    "parties": [
      "Dolores TARZIA, Administratrix of the Estate of Cosimo Tarzia, Deceased, Appellant, v. AMERICAN STANDARD, Appellee."
    ],
    "opinions": [
      {
        "text": "OPINION BY\nKLEIN, J.:\n\u00b6 1 Plaintiff Dolores Tarzia appeals from an order granting summary judgment against her and in favor of Defendant American Standard, Inc. in her lawsuit filed alleging that her late husband, Cosi-mo Tarzia (\u201cTarzia\u201d) died of lung cancer caused by exposure to certain asbestos containing products. Specifically, the relevant claim here is that the lung cancer was in part caused from asbestos exposure to \u201cCobra\u201d railroad brake linings through his employment as a Conrail railroad worker from 1976 through 1985. The trial court found that there was insufficient evidence to demonstrate causality. American Standard also claimed there was insufficient evidence to show that Tarzia was exposed to Cobra brake linings distributed by American Standard, We agree that there was insufficient evidence to show causality and therefore affirm.\n\u00b6 2 The testimony was primarily from a co-worker, Terry Vienna, who worked alongside Tarzia for many years. Essentially, his testimony was not that he or Tarzia themselves worked with brake linings of any kind, but would just run across them when there was a derailment or a wreck.\n\u00b6 3 The testimony fails to provide sufficient evidence to withstand summary judgment. There was no showing that there was any significant exposure to asbestos from any brake linings. The only time the workers would come in contact with brake linings was following a derailment or when one of them might pick up a brake shoe and throw it, thereby cracking it. There is no showing that even if the cracked brake shoes gave off dust when they landed and broke, that Tarzia was close enough to have any exposure. Any encounter Tarzia would have had with a brake shoe would have been in the open air, not in a confined space. The summary judgment was properly granted. A full discussion follows.\n\u00b6 4 Plaintiff failed to demonstrate that whatever brake shoes Tarzia was exposed to contained asbestos. In the recent case of Gregg v. V-J Auto Parts, \u2014 Pa.-, 943 A.2d 216 (2007), the Pennsylvania Supreme Court reversed this Court\u2019s reversal of a trial court grant of summary judgment. In Gregg, the Supreme Court essentially adopted the Eckenrod test in determining whether a person has been exposed to asbestos, frequency, regularity and proximity must be considered. Gregg, at 225. The Supreme Court said:\nIn summary, we believe that it is appropriate for courts, at the summary judgment stage, to make a reasoned assessment concerning whether, in light of the evidence concerning frequency, regularity, and proximity of a plaintiff s/decedent\u2019s asserted exposure, a jury would be entitled to make the necessary inference of a sufficient causal connection between the defendant\u2019s product and the asserted injury.\nGregg, at 227. The Supreme Court also said that a mere generalized opinion of an expert is not enough to create a jury question.\n\u00b6 5 In this case, the relevant evidence of exposure was provided by Terry Vienna, a co-worker of Tarzia. Vienna testified in his deposition as follows:\nQuestion: When you had the discovery deposition earlier today, did you mention any other specific parts that you saw around the tracks when you were working with Mr. Tarzia?\nAnswer: Certain parts? Like I said, it could be anything. Brake shoes, couplers.\nQuestion: All right.\nAnswer: Dust flying around, just by walking and kicking. It would be chewed up.\nQuestion: You say you saw brake shoes. Do you remember the color of any of the brake shoes that you saw?\nAnswer: It would vary. It depends on whatever. You had your gray, red, black, worn out ones that you couldn\u2019t even tell the color of.\nQuestion: And did you ever see brake shoes on or about the tracks even when there wasn\u2019t a wreck or derailment?\nAnswer: Oh, yes, you\u2019d see them.\nQuestion: And would they sometimes get in your way when you were working out there on the tracks?\nAnswer: Oh, yeah, yes, they would.\nQuestion: How would you get rid of them?\nAnswer: Pick them up, throw them.\nQuestion: And did Mr. Tarzia do that too?\nAnswer: Oh, yes.\nN.T. Deposition Vienna, 1/26/05, at 23-24.\nQuestion: Okay, when the brake shoes were thrown and handled, did that give off dust too?\nAnswer: Oh, yeah.\nQuestion: What, if anything, happened when the brake shoes were picked up and thrown and handled?\nAnswer: What, if anything, would happen?\nQuestion: Yeah, what would happen to them? What would you see?\nAnswer: Generally, when you threw them and they were more or less wore out really good, you could break them. Watch them break, watch them crack.\nQuestion: Okay. What would you see when that happened?\nAnswer: Chips and pieces flying. I don\u2019t know, could be dust or anything. I don\u2019t know.\nQuestion: Okay. It would depend.\nAnswer: It would depend.\nQuestion: \u2014 on the given time. Now did there come a time when \u2014 strike that. Do you know what, if any, asbestos products were contained in the locomotives?\nAnswer: Do I know of any that was kept in the locomotives?\nQuestion: Or any that \u2014 any asbestos parts that were used on the locomotives, do you know that personally from your own knowledge?\nAnswer: No, sir.\nQuestion: And do you know about the brake shoes or welding rods as to whether they had asbestos in them?\nAnswer: No, sir.\nId. at 26-7.\nVienna also testified to the following:\nQuestion (Mr. Santoro): Do you know what types of products Mr. Tarzia would have personally worked with that contained asbestos?\nAnswer: Well, gloves, coat, brake shoes. There was \u2014 I don\u2019t know what you consider as far as our building even we worked in where the old pipes were just cloth wrapped and it was just \u2014 that was crap, I\u2019m sorry. I believe that had to be a lot of asbestos in that stuff and in the engine round house, the round house where the engines are.\nN.T. Deposition Vienna at 24.\nQuestion: Did Mr. Tarzia ever have to personally work -with brake shoes?\nAnswer: No, sir.\nQuestion: Under what circumstances would he be exposed to brake shoes?\nAnswer: Whenever we had a derailment or wreck and the cars are all over the place and the stuff was all over the place.\nQuestion: And how often would that occur?\nAnswer: Oh boy, we had good times. It could have been \u2014 boy, we used to have a lot of derailments. I would say we had a lot of them.\nId. at 26.\nQuestion: Do you know the manufacturer of any of the brake shoes that Mr. Tarzia may have come into contact with over the years?\nAnswer: No, sir.\nId. at 27.\nQuestion: Do you know if the brake shoes on these trains contained asbestos?\nAnswer: No, sir, I don\u2019t know.\nQuestion: Do you know if anything on the trains contained asbestos?\nAnswer: No, sir.\nId. at 34.\nQuestion (Mr. Reich): And what did you say you saw when you were out there \u25a0with Mr. Tarzia and you would see these brake shoes, what kinds \u2014 what do you remember about them?\nAnswer: Just plain wore out.\nQuestion: Okay, but do you remember what kind of color? You wrote down here on \u2014 what did you write there?\nAnswer: Well, red, gray, and black ones. They would be more or less like probably the ones you might see very, very few out along the track, but these would be probably ones that would be where you would be walking by because you knew you had to work in that area and, you know, that way.\nQuestion: And that is why you wrote that down there\u2014\nAnswer: Yes, sir.\nQuestion: On that sheet, okay. With regard to \u2014 do you know if the brake shoes, which of the brake shoes, if any, of them has asbestos in them?\nAnswer: I couldn\u2019t tell you, sir.\nId. at 44-45.\n\u00b6 6 This testimony shows that Tarzia did not usually work with brake shoes, but did come into contact with them (\u201cvery, very few\u201d) along the railroad tracks (Deposition at 44), and when there was a derailment (\u201ca lot of derailments\u201d) (Deposition at 25). At the derailments there would be dust (Deposition at 28). When the brake shoes were worn out \u201creally good,\u201d they would break when thrown (Deposition at 26). The brake shoes were red, gray or black, although when the shoes were worn out it would be difficult or impossible to tell what color they were (Id.). Thus, it appears that brake shoes that would break when thrown could not be identified by color.\n\u00b6 7 Although Vienna once testified that he was aware of brake shoes containing asbestos (Deposition at 24), he also testified that he was unaware if the brake shoes that Tarzia came into contact with contained asbestos (Deposition at 34, 45). Further, Vienna could not identify, other than saying that some brake shoes were red while others were gray or black, who manufactured the brake shoes (Deposition at 27).\n\u00b6 8 From the totality of the evidence presented, the record supports the conclusion that some red brake shoes contain asbestos. The record also shows that Tar-zia came into contact with some red brake shoes during his work on derailments. During this work, there was dust being kicked up. The record also supports the claim that Tarzia came into contact with red brake shoes while walking along the tracks and that worn out brake shoes would crack and break when thrown. However, there is nothing in the record to show what company manufactured any of the brake shoes Tarzia came into contact with, whether those shoes were red, gray, black or worn out. There is nothing in the record to show whether any of the brake shoes Tarzia came into contact with even contained asbestos.\n\u00b6 9 This evidence simply does not present a jury with a genuine issue of material fact regarding exposure to asbestos laden brake shoes which were manufactured/supplied by Cobra/American Standard. Plaintiff here cannot demonstrate with any degree of confidence or certainty the frequency, regularity or proximity that Tarzia was exposed to any product from Cobra/American Standard. See Gregg, supra; Eckenrod, supra.\n\u00b6 10 Because of our finding, we need not reach the issue as to whether the testimony that Cobra brake linings were red and contained asbestos was sufficient to survive summary judgment on whether the Cobra brake shoes were the only red brake linings on the market at the relevant times and which Tarzia may have come into contact with that contained asbestos.\n\u00b6 11 Judgment affirmed.\n\u00b6 12 PANELLA, J., notes his dissent.\n. In reviewing a grant of summary judgment, we are to determine whether there has been an abuse of discretion or error of law. Grieff v. Reisinger, 548 Pa. 13, 693 A.2d 195 (1997). Our scope of review is plenary and we examine the record in the light most favorable to the moving party. Albright v. Abington Mem. Hosp., 548 Pa. 268, 696 A.2d 1159 (1997). Finally, for the purposes of summary judgment, the trial court is required to accept all well pled fact relevant to the issues and all doubts as to the existence of a genuine issue of material fact must be resolved in favor of the non-moving party, who is to be given the benefit of all reasonable inferences. Taylor v. Tukanowicz, 290 Pa.Super. 581, 435 A.2d 181 (1981).\n. Eckenrod v. GAF Corp., 375 Pa.Super. 187, 544 A.2d 50 (1988).\n. The full deposition transcripts for Vienna have not been made part of the official record. We are quoting from the excerpts provided in the motion for summary judgment and response thereto. It appears that Vienna gave both discovery and trial deposition on the same date, which accounts for different testimony with the same page number. It is not always clear from the excerpt who is asking the questions.",
        "type": "majority",
        "author": "KLEIN, J.:"
      }
    ],
    "attorneys": [
      "Robert E. Paul, Philadelphia, for appellant.",
      "Michael J. Panichelli, Philadelphia, for appellee."
    ],
    "corrections": "",
    "head_matter": "Dolores TARZIA, Administratrix of the Estate of Cosimo Tarzia, Deceased, Appellant, v. AMERICAN STANDARD, Appellee.\nSuperior Court of Pennsylvania.\nArgued Oct. 25, 2007.\nFiled May 21, 2008.\nRobert E. Paul, Philadelphia, for appellant.\nMichael J. Panichelli, Philadelphia, for appellee.\nBEFORE: FORD ELLIOTT, P.J., STEVENS, MUSMANNO, ORIE MELVIN, LALLY-GREEN, KLEIN, BENDER, GANTMAN and PANELLA, JJ."
  },
  "file_name": "1170-02",
  "first_page_order": 1200,
  "last_page_order": 1204
}
