{
  "id": 7913198,
  "name": "In re CHRISTOPHER J.",
  "name_abbreviation": "In re Christopher J.",
  "decision_date": "1986-02-26",
  "docket_number": "",
  "first_page": "795",
  "last_page": "803",
  "citations": [
    {
      "type": "official",
      "cite": "505 A.2d 795"
    }
  ],
  "court": {
    "name_abbreviation": "Me.",
    "id": 9543,
    "name": "Maine Supreme Judicial Court"
  },
  "jurisdiction": {
    "id": 42,
    "name_long": "Maine",
    "name": "Me."
  },
  "cites_to": [
    {
      "cite": "411 A.2d 1017",
      "category": "reporters:state_regional",
      "reporter": "A.2d",
      "case_ids": [
        11367624
      ],
      "pin_cites": [
        {
          "page": "1020"
        }
      ],
      "opinion_index": 0,
      "case_paths": [
        "/a2d/411/1017-01"
      ]
    },
    {
      "cite": "503 A.2d 222",
      "category": "reporters:state_regional",
      "reporter": "A.2d",
      "case_ids": [
        7898062
      ],
      "pin_cites": [
        {
          "page": "226"
        }
      ],
      "opinion_index": 0,
      "case_paths": [
        "/a2d/503/0222-01"
      ]
    },
    {
      "cite": "491 A.2d 572",
      "category": "reporters:state_regional",
      "reporter": "A.2d",
      "case_ids": [
        7917570
      ],
      "opinion_index": 0,
      "case_paths": [
        "/a2d/491/0572-01"
      ]
    },
    {
      "cite": "499 A.2d 137",
      "category": "reporters:state_regional",
      "reporter": "A.2d",
      "case_ids": [
        7928118
      ],
      "pin_cites": [
        {
          "page": "138-39"
        }
      ],
      "opinion_index": 0,
      "case_paths": [
        "/a2d/499/0137-01"
      ]
    },
    {
      "cite": "481 A.2d 139",
      "category": "reporters:state_regional",
      "reporter": "A.2d",
      "case_ids": [
        7914309
      ],
      "pin_cites": [
        {
          "page": "153"
        }
      ],
      "opinion_index": 0,
      "case_paths": [
        "/a2d/481/0139-01"
      ]
    },
    {
      "cite": "500 A.2d 628",
      "category": "reporters:state_regional",
      "reporter": "A.2d",
      "case_ids": [
        7897995
      ],
      "weight": 2,
      "pin_cites": [
        {
          "page": "629"
        },
        {
          "page": "630",
          "parenthetical": "emphasis added"
        }
      ],
      "opinion_index": 0,
      "case_paths": [
        "/a2d/500/0628-01"
      ]
    },
    {
      "cite": "455 U.S. 745",
      "category": "reporters:federal",
      "reporter": "U.S.",
      "case_ids": [
        11307633
      ],
      "weight": 3,
      "year": 1982,
      "pin_cites": [
        {
          "page": "769",
          "parenthetical": "due process requires proof by clear and convincing evidence before parental rights may be terminated"
        },
        {
          "page": "1403",
          "parenthetical": "due process requires proof by clear and convincing evidence before parental rights may be terminated"
        },
        {
          "parenthetical": "due process requires proof by clear and convincing evidence before parental rights may be terminated"
        }
      ],
      "opinion_index": 0,
      "case_paths": [
        "/us/455/0745-01"
      ]
    },
    {
      "cite": "480 A.2d 766",
      "category": "reporters:state_regional",
      "reporter": "A.2d",
      "case_ids": [
        7904451
      ],
      "weight": 3,
      "pin_cites": [
        {
          "page": "773"
        },
        {
          "page": "773",
          "parenthetical": "Violette, J., dissenting"
        },
        {
          "page": "771"
        }
      ],
      "opinion_index": 1,
      "case_paths": [
        "/a2d/480/0766-01"
      ]
    },
    {
      "cite": "461 A.2d 707",
      "category": "reporters:state_regional",
      "reporter": "A.2d",
      "case_ids": [
        7955618
      ],
      "weight": 2,
      "pin_cites": [
        {
          "page": "712"
        },
        {
          "page": "715"
        }
      ],
      "opinion_index": 1,
      "case_paths": [
        "/a2d/461/0707-01"
      ]
    },
    {
      "cite": "460 A.2d 1009",
      "category": "reporters:state_regional",
      "reporter": "A.2d",
      "case_ids": [
        8014865
      ],
      "pin_cites": [
        {
          "page": "1016"
        }
      ],
      "opinion_index": 1,
      "case_paths": [
        "/a2d/460/1009-01"
      ]
    },
    {
      "cite": "455 U.S. 745",
      "category": "reporters:federal",
      "reporter": "U.S.",
      "case_ids": [
        11307633
      ],
      "weight": 5,
      "year": 1982,
      "pin_cites": [
        {
          "page": "759"
        },
        {
          "page": "1397-98"
        },
        {
          "page": "769"
        },
        {
          "page": "1403"
        }
      ],
      "opinion_index": 1,
      "case_paths": [
        "/us/455/0745-01"
      ]
    }
  ],
  "analysis": {
    "cardinality": 1100,
    "char_count": 27818,
    "ocr_confidence": 0.782,
    "pagerank": {
      "raw": 2.7499169729049383e-07,
      "percentile": 0.8326485443745948
    },
    "sha256": "c597eb97eb04d31de3fbe9f1cb5179ff3cdcd408f10ef15f4612c4e28fc5f05d",
    "simhash": "1:4512449bed312743",
    "word_count": 4517
  },
  "last_updated": "2024-02-27T18:37:39.707751+00:00",
  "provenance": {
    "date_added": "2019-08-29",
    "source": "Harvard",
    "batch": "2018"
  },
  "casebody": {
    "judges": [
      "Before McKUSICK, C.J., and ROBERTS, WATHEN, GLASSMAN, and SCOLNIK, JJ."
    ],
    "parties": [
      "In re CHRISTOPHER J."
    ],
    "opinions": [
      {
        "text": "McKUSICK, Chief Justice.\nSybil C., mother of Christopher J., appeals a judgment of the District Court (Biddeford) terminating her parental rights pursuant to 22 M.R.S.A. \u00a7 4055 (Supp. 1985-1986). Her main contention on appeal is that the record does not contain the quantum of evidence required both constitutionally and statutorily for termination of her parental rights.\nChristopher was born on August 20, 1971, to Sybil, then a 15-year-old unwed high school student. Sybil and her family decided that adoption was in the best interest of the baby. Soon after his birth, however, it became apparent that Christopher had serious medical problems that would prevent his immediate adoption. Therefore, on September 23,1971, Sybil voluntarily placed Christopher in the protective custody of the Maine Department of Health and Welfare, now renamed the Department of Human Services (Department).\nThe Department placed Christopher in the foster care of Mrs. M. when he was 11 weeks old. He has remained in her home continuously to the present, and she wishes to adopt him. Christopher has a liver condition called Alpha I Anti-Trypsin Deficiency, which has led to cirrhosis of the liver and has required him to undergo a series of surgeries and hospitalizations. At the time the District Court entered its order on October 11, 1985, Christopher was waiting for an urgently needed liver transplant. Mrs. M. has cared for Christopher throughout all these physical difficulties. When Christopher was one year old, she told the Department that she wished to adopt him, and repeated that request several times thereafter. Mrs. M.\u2019s income, however, was insufficient to pay for Christopher\u2019s extraordinary medical expenses, and it was not until March of 1984 that the Department had the funds available to provide for a subsidized adoption pursuant to 19 M.R. S.A. \u00a7 541 (Supp.1985-1986). For that reason Christopher has remained in Mrs. M.\u2019s foster care for over 14 years.\nSybil has had no contact with Christopher since he was an infant. When he was two years old he became seriously ill and was expected to die. Believing that she was acting in Sybil\u2019s best interest, Sybil\u2019s mother told her that Christopher had died. Sybil remained under the impression that Christopher was dead until the Department contacted her on May 2, 1983, regarding a new federally required judicial review of Christopher\u2019s foster care. The Department had never attempted to contact Sybil before that time. Sybil immediately told the Department that she wanted to meet Christopher. However, because of Christopher\u2019s physical and mental condition, his doctors advised against such a meeting. Sybil complied with their recommendation. On July 2, 1984, she filed a petition for change of custody in District Court.\nIn June 1985 the Department petitioned for termination of Sybil\u2019s parental rights pursuant to 22 M.R.S.A. \u00a7 4055 so that Christopher could be adopted by Mrs. M. Section 4055, in pertinent part, requires that before termination may be ordered the District Court must find, based on clear and convincing evidence, that:\n(a) Termination is in the best interest of the child; and\n(b) Either:\n(i) The parent is unwilling or unable to protect the child from jeopardy and these circumstances are unlikely to change within a time which is reasonably calculated to meet the child\u2019s needs; [or]\n(ii) The parent has been unwilling or unable to take responsibility for the child within a time which is reasonably calculated to meet the child\u2019s needs....\n22 M.R.S.A. \u00a7 4055(l)(B)(2)(a) & (b) (Supp. 1985-1986). See also Santosky v. Kramer, 455 U.S. 745, 769, 102 S.Ct. 1388, 1403, 71 L.Ed.2d 599 (1982) (due process requires proof by clear and convincing evidence before parental rights may be terminated).\nThe District Court found that Sybil is unable to protect Christopher from jeopardy and that the circumstances are unlikely to change within a time that is reasonably calculated to meet his needs and also that she is unable to take responsibility for Christopher within a time that is reasonably calculated to meet his needs. The District Court also found it to be in the best interest of Christopher that Sybil\u2019s parental rights be terminated. Sybil argues that those findings are not supported by clear and convincing evidence and that they are clearly erroneous. \u201cWhere clear and convincing evidence is required, the appropriate standard of appellate review is \u2018whether the factfinder could reasonably have been persuaded that the required factual finding was or was not proved to be highly probable.\u2019 \u201d In re John Joseph V., 500 A.2d 628, 629 (Me.1985) (quoting Taylor v. Commissioner of Mental Health and Mental Retardation, 481 A.2d 139, 153 (Me.1984) (emphasis added)). The District Court\u2019s finding that the evidence before it was clear and convincing \u201cshall not be set aside unless clearly erroneous, and due regard shall be given to the opportunity of the court to judge the credibility of the witnesses.\u201d M.D.C.Civ.R. 52(a); see also In re Chesley B., 499 A.2d 137, 138-39 (Me.1985).\nAfter a careful review, we hold that the record before the District Court did indeed contain the clear and convincing evidence required to support its findings of fact. The expert testimony before the court fully supports the court\u2019s conclusion that Sybil is unable to protect Christopher from jeopardy and that these circumstances are unlikely to change within a time reasonably calculated to meet his needs. \u201c[T]he word \u2018unable\u2019 [is] synonymous with incapable, and, as employed in its relevant statutory context, mean[s] that a parent is incapable, for whatever reason, to [protect his or her child from jeopardy].\u201d In re John Joseph V., 500 A.2d at 630 (emphasis added). The word \u201cjeopardy\u201d is defined by statute to mean \u201cserious abuse or neglect, as evidenced by ... serious harm or threat of serious harm.\u201d 22 M.R.S.A. \u00a7 4002(6)(A) (Supp.1985-1986). \u201c \u2018Abuse or neglect\u2019 means a threat to a child\u2019s health or welfare by physical or mental injury or impairment, ... deprivation of essential needs or lack of protection from these, by a person responsible for the child.\u201d 22 M.R.S.A. \u00a7 4002(1) (Supp.1985-1986). \u201cSerious harm\u201d is defined as \u201cserious injury\u201d or \u201cserious mental injury or impairment, evidenced by severe anxiety, depression or withdrawal, untoward aggressive behavior or similar serious dysfunctional behavior.\u201d 22 M.R.S.A. \u00a7 4002(10)(A) & (B) (Supp. 1985-1986). In determining a time reasonably calculated to meet the child\u2019s needs, \u201cthe time frame which the court is gauging must be seen from the child\u2019s perspective.\u201d L.D. 2166, Statement of Fact (111th Legis.1984). Using these definitions, the District Court could reasonably have been persuaded that it was proved to be highly probable that Sybil is unable to protect Christopher from jeopardy and that these circumstances are unlikely to change within a time that is reasonably calculated to meet his needs. See In re Dean A., 491 A.2d 572 (Me.1985) (severely traumatized child would suffer serious psychological injury if he were taken from his foster mother and returned to his natural mother).\nThe evidence shows that Christopher has a history of dealing with stress by eating foods prohibited on his strict medical diet. These diet deviations cause serious medical problems that jeopardize his health and that have in the past put him back into the hospital. Dr. David DeMaso, assistant clinical director of the Department of Psychiatry at the Judge Baker Guidance Center in Boston and psychiatric consultant to Christopher\u2019s liver transplant team, interviewed Christopher in 1984 and again in 1985. During those interviews Christopher told him that he considered Mrs. M. his \u201cactual mother\u201d and that he wanted to be adopted by his foster family. Furthermore, Christopher told him that he did not wish to see his biological mother. Based on the interplay between Christopher\u2019s emotional and physical health, Dr. DeMaso testified that Christopher would be in jeopardy if Sybil\u2019s parental rights were not terminated:\nI think he would be in jeopardy for a couple reasons. I think, one, this youngster, particularly based on my contacts with him, views his foster mother as his actual mother, as the mother that he\u2019s known all his life. And I think the trauma of being taken away from that mother would be quite emotionally stressful for this youngster. I think the second part that concerns me is that with this increased stress, and with the history of behaviorally having great difficulty at times complying with various medical regimens, that this could directly affect compliance, if he gets upset, around his liver illness; both pre-transplant, with his need for great compliance around diet and medication; and also, post-transplant, because it\u2019s \u2014 again, it\u2019s not a procedure that\u2019s over in one week. It\u2019s a procedure that leads to an on-going process, and so I was concerned. One of the significant concerns in doing4 transplanta-tions now is the issue of compliance; such that physicians on the transplant team want that to be the primary \u2014 one of the primary psychological assessments. If they have concerns about compliance, that\u2019s one of the things they worry about when they do the liver [transplant], because so much is required of the patient and their family.\nFurthermore, the District Court could reasonably find that these circumstances are unlikely to change within a time that is reasonably calculated to meet Christopher\u2019s needs. Dr. DeMaso testified that Christopher critically needs now and in the future significant stability and a sense of belonging to his family \u2014 something that Sybil is not able to provide.\nDr. James Maier, a Portland psychiatrist, also concluded that Sybil could not protect Christopher from jeopardy. Dr. Maier made an independent evaluation of Christopher, his foster mother, and his biological mother pursuant to an order of the District Court and an agreement by the parties. Dr. Maier testified:\nI think the jeopardy to Chris, were he to be taken out of his foster home, would be enormous. In effect [it would be disastrous]. In effect, it\u2019s a kind of a sword of Solomon hanging over his head, to have to face the possibility of being disrupted and taken away from his foster family, which is the only family that he\u2019s known and grown up with, at a time when the strongest possible psychological stability for Chris and for the family system that he\u2019s operating in, will be necessary to his survival from this surgery. It would seem to be extremely unwise to even contemplate a change in custody.... The jeopardy that I would foresee would be that, were parental rights not terminated, the possibility of some action by [Sybil] or her lawyer, which Chris in some way might get wind of, could potentially threaten his emotional stability and make him more anxious, at a time when he can ill afford to have any additional stress in his life.\nDr. Maier saw jeopardy to Christopher\u2019s \u201cmedical management\u201d if the boy became aware of Sybil\u2019s efforts to reintroduce herself into his life. He had further explained his view as follows:\nI felt that a disruption of Chris\u2019 life by the introduction of a natural parent whom Chris himself had shown no spontaneous interest in getting in touch with, at a time when his physical health and emotional health were still precarious, might cause some real complications or problems, not only for Chris, but for the family system that he was living in. And I felt that this, in turn, could have consequences that would be deleterious to his health in the form of, perhaps, his anxiety taking a form of decreased compliance with taking medication or with his diet, or other kinds of behavior which could jeopardize his condition.\nFinally, letters from Christopher\u2019s gas-troenterologist, Dr. Richard Grand, and his pediatrician, Dr. Patricia Adams, were admitted in evidence. Dr. Grand wrote:\nThrough all of [Christopher\u2019s medical problems], numerous visits to me and to Dr. Adams, as well as twelve hospitalizations at the Children\u2019s Hospital and several in New Hampshire, Mrs. [M.] has been remarkably supportive, loving, and devoted. She has spent numerous hours in arranging for his home medical care, his counseling program in school, his special classes and other special needs. She is accustomed to dealing with his emotional lability which is secondary to his liver disease. In addition, she has effectively taught Christopher to join in family activities so that he feels quite comfortable with the other children at home. Indeed, he considers himself one of the family.\nAt this point, it would be extremely disruptive, damaging, and irresponsible to allow him to be removed from this supportive environment. His long-term survival depends upon continued devotion to all of the details of his medical management, as well as the security of people who know him well and are accustomed to his habits and behavior. Mrs. [M.] has established an outstanding relationship with Christopher and it would be a great mistake to interfere with that relationship now.\nChristopher should remain with Mrs. [M.]. From my point of view, there is no alternative.\nAnd Dr. Adams wrote:\nMrs. [M.] is so attuned to Chris\u2019 problems, how to interpret them, and what to do when he has one, I am sure she is responsible for him doing as well as he has done over the past years. I feel that to remove Chris from this environment he considers home, and has proved to be a good situation for him, would be to court disaster, both emotionally and physically.\nThe expert testimony also showed that the termination order is in. Christopher's best interests. Dr. DeMaso testified about the effects of the liver transplant on Christopher:\n[T]he liver transplantation process is a quite involved and quite stressful process. It\u2019s not a simple replacement of the liver and everything is all over. It\u2019s an ongoing process that\u2019s actually lifelong, even if it\u2019s successful, with longtime compliance of medication. So it doesn't mean that suddenly that Christopher is suddenly all better in that sense.... So that we really want the child and his family in as optimal an emotional state as we possibly can when they go through this procedure.\nBased on his interviews with Christopher, Dr. DeMaso recommended that Christopher be adopted by Mrs. M. as soon as possible:\nI strongly felt Chris viewed his foster home as his actual home, and my impression was that this home appeared caring and nurturing, and had, indeed, gone through [his] long medical course [of treatment with him]. And I thought that adoption should \u2014 I strongly endorse adoption as a way of providing this youngster with some more sense of being there. And to do it as soon as possible.\nGabrielle Brenninkmeyer, a senior social worker at the Judge Baker Center who evaluated Christopher, Mrs. M., and Sybil in conjunction with Dr. DeMaso at the request of the parties, testified that she too recommended adoption as soon as possible:\nI think it\u2019s important at this time ... [be]cause I believe that any child needs to know where he belongs and where he\u2019s going to grow up. And I think in Christopher\u2019s situation, it becomes even more urgent, given his medical problems.\nFinally, Dr. Maier testified:\nI would concur with the recommendations of all of the professionals that I have read about; that, legally, adoption be allowed to take place as soon as possible, so that Chris can have that psychological stability going into life-threatening surgery.\nThis evidence makes it highly probable that termination of Sybil\u2019s parental rights is in Christopher\u2019s best interests in order to give him the emotional stability necessary to cope with a liver transplant and its long-term follow-up treatment.\nBased on the testimony and letters of the experts, the District Court could reasonably have been persuaded that it was proved to be highly probable that termination of Sybil\u2019s parental rights is in Christopher\u2019s best interests, that Sybil is unable to protect Christopher from jeopardy, and that the circumstances are unlikely to change within a time that is reasonably calculated to meet his needs. The record shows that Christopher needs emotional stability for an extended period in order to survive life-threatening medical problems and the aftermath of a liver transplant. Sybil, however, is unable to provide this stability within the time that Christopher needs it because she, although through no fault of her own, has had no contact with him since his infancy. The findings of the District Court are based on clear and convincing evidence and therefore satisfy the requirements of the Due Process Clause of the United States Constitution and the provisions of 22 M.R.S.A. \u00a7 4055.\nSybil\u2019s remaining argument on appeal is that 22 M.R.S.A. \u00a7 4055(3) (Supp.1985-1986) requires Christopher\u2019s written consent before the court may terminate her parental rights. Section 4055(3) provides, \u201cThe court shall not order termination [of parental rights] if the child is at least 14 years old and objects to the termination.\u201d (Emphasis added) Sybil contends that because the adoption statute, 19 M.R.S.A. \u00a7 532 (1981), requires children 14 years of age and older to consent in writing before they are adopted, the parental rights termination statute must also be read to contain such a requirement. The plain language of section 4055(3), however, contains no mention of such a requirement. \u201cIn construing a statute our duty is to give effect to the intent of the Legislature as evidenced by the language of the statute. If the meaning of the language is plain, we must interpret the statute to mean exactly what it says.\u201d Stone v. Board of Registration in Medicine, 503 A.2d 222, 226 (Me.1986) (quoting Concord General Mutual Insurance Co. v. Patrons-Oxford Mutual Insurance Co., 411 A.2d 1017, 1020 (Me.1980)). Section 4055(3) merely reflects the desire of the legislature to assure that no termination of parental rights would be ordered against the will of a child over the age of 14. The language of section 4055(3) is carefully chosen to protect against the limited special situation where a child of the age of discretion does register an objection. It, however, does not require the court affirmatively to ask the child whether he objects, and, a fortiori, does not require the written consent that is explicitly required in the adoption statute, 19 M.R.S.A. \u00a7 532.\nThe entry is:\nJudgment affirmed.\nROBERTS, WATHEN, and GLASSMAN, JJ., concurring.\n. He received the liver transplant on December 11, 1985, while this appeal was pending.\n. Because 22 M.R.S.A. \u00a7 4055(l)(B)(2)(b) in pertinent part requires that the parent be unwilling or unable (i) to protect the child from jeopardy or (ii) to take responsibility for the child, we need only discuss the findings of the District Court with regard to one of those requirements in order to determine whether there existed clear and convincing evidence to terminate Sybil\u2019s parental rights.",
        "type": "majority",
        "author": "McKUSICK, Chief Justice."
      },
      {
        "text": "SCOLNIK, Justice,\ndissenting.\nBecause I believe that the District Court could not reasonably have been persuaded that it was highly probable that the biological mother was unable to protect her son from jeopardy, I respectfully dissent.\nThe flaw in the Court\u2019s analysis, in my view, is its mistaken evaluation of the expert testimony quoted at length in the opinion. In concluding that the record supports a finding of jeopardy, the Court substantially relies on statements from medical experts that removal from the foster parents\u2019 home would jeopardize the child. It quotes the testimony of Dr. DeMaso, who stated: \u201cI think the trauma of being taken away from [the foster] mother would be quite emotionally stressful for this youngster.\u201d (emphasis added). The opinion also refers to the testimony of Dr. James Maier who similarly testified to the effects of removal. He said: \u201cI think the jeopardy to Chris, were he to be taken out of his foster home, would be enormous. In effect [it would be disastrous]. In effect, it\u2019s a kind of a sword of Solomon hanging over his head, to have to face the possibility of being disrupted and taken away from his foster family.... It would seem to be extremely unwise to even contemplate a change in custody.\u2019\u2019 (emphasis added). Again, the opinion includes excerpts from letters of Drs. Richard Grand and Patricia Adams. Dr. Grand wrote: \u201c[I]t would be extremely disruptive, damaging and irresponsible to allow him to be removed from this supportive environment_ Christopher should remain with Mrs. [M.]. From my point of view, there is no alternative.\u201d (emphasis added). Dr. Adams wrote: \u201cI feel that to remove Chris from this environment he considers home ... would be to court disaster both emotionally and physically.\u201d (emphasis added).\nSince a denial of a petition for termination need not in any way affect child custodial arrangements or arrangements to visit with the birth parent, away from the foster home, evidence of the effects of removal is irrelevant to this parental termination proceeding. See In re Sabrina M., 460 A.2d 1009, 1016 (Me.1983) (\u201cThe child\u2019s interest in safety does not arise in a termination proceeding because, under our statutory structure, when such a proceeding commences, the child is not in a dangerous environment and [a] ... failure to terminate parental rights does not return the child to a dangerous environment; rather, the child remains with his present custodian.\u201d) (emphasis added). The Court\u2019s analysis is erroneously based on an assumption that absent a termination of parental rights, protective measures are unavailable to prevent removal from the foster home or stability threatening visitation. The Department is free through the mechanism of judicial review of the custody order to request the imposition of whatever conditions are deemed necessary to ensure that reintroduction efforts are undertaken at the child\u2019s foster home and under close supervision of appropriate personnel. See 22 M.R.S.A. \u00a7 4038(2), (4) (Supp.1985-1986). Accordingly, the Court\u2019s reliance on evidence of the effects of removal distorts its review of the District Court\u2019s finding.\nThe remaining expert testimony attempting to establish a threat of harm to the child if the natural mother were reintroduced into the child\u2019s life is so vague and speculative that the District Court could not reasonably have been persuaded that the natural mother was unable to protect her child from jeopardy. Again, the Court leans heavily on the testimony of Dr. Maier who stated that: \u201cThe jeopardy that I would foresee would be that, were parental rights not terminated, the possibility of some action by [Sybil] or her lawyer, which Chris in some way might get wind of, could potentially threaten his emotional stability and make him more anxious, at a time when he can ill afford to have any additional stress in his life.\u201d (emphasis added). He went on to say that a disruption of the child\u2019s life by the introduction of the natural parent \u201cmight cause some real complications or problems [for Chris]. ... And ... this, in turn, could have consequences that would be deleterious to his health in the form of, perhaps, his anxiety taking a form of decreased compliance with taking medication or with his diet, or other kinds of behavior which could jeopardize his condition.\u201d (emphasis added). The remaining quoted portions of the expert testimony relate to the best interests of the child. I concede that this evidence clearly supports a finding that termination would be in the best interests of the child. Because this criterion, however, must not be examined until it is first determined that the evidence clearly and convincingly demonstrates that the natural mother is unable to protect Christopher from jeopardy within a time reasonably calculated to meet the child\u2019s needs, In re Shannon R., 461 A.2d 707, 712 (Me.1983), it is imperative that the best interests issue not unconsciously color the Court\u2019s judgment on the ability-to-protect question.\nThe State can point to no evidence of harmful results from any attempts at supervised contact between mother and child. The record does show that the mother would be entirely cooperative and would abide by any restrictions as to time, place, frequency and duration of any proposed contacts. No evidence of a deficiency in her parenting abilities has been presented. There is no evidence whatsoever demonstrating that steps short of this extreme action could not be undertaken to accomplish the protection of all interests involved. Cf. In re Daniel C., 480 A.2d 766, 773 (Me.1984) (Violette, J., dissenting) (\u201cThe break-up of the family unit should, however, be a last resort, when all else has failed.\u201d).\nRather than attempting to design a statutorily mandated plan during the fourteen years the child has been in the Department\u2019s custody, see 22 M.R.S.A. \u00a7 4041(1) (Supp.1985-1986), the State pursued a policy of making no effort whatsoever to expose Christopher to his natural parent.. More shocking is the fact that when the Department learned in 1978 that Sybil believed Christopher was dead, it did absolutely nothing to correct this erroneous belief. Amazingly, one of the caseworkers for the Department testified that she believed \u201cit was possible to complete an adoption without notifying the natural parents.\u201d Instead of making any attempt to inform Sybil that her child was alive, the Department let the natural bonding between Christopher and his foster mother continue to be enhanced and now, ironically, argues that in order not to interfere with the stability that that bonding promoted, termination is required. Compare In re Daniel C., 480 A.2d at 773 (Violette, J., dissenting) (\u201cThe department could, by adopting a policy of doing nothing and letting nature run its course, create the inexorable result that the majority of these cases would end in the termination of parental rights.\u201d). While the termination statute focuses on the conduct of the parent rather than the shortcomings of the Department, the Department\u2019s egregious nonfeasance is a factor to be considered in evaluating the parent\u2019s conduct to determine whether there is clear and convincing evidence that Sybil is unable to protect her son from jeopardy. In re Daniel C., 480 A.2d at 771.\n\u201cFew forms of state action are both so severe and so irreversible\u201d as a decision terminating parental rights. Santosky v. Kramer, 455 U.S. 745, 759, 102 S.Ct. 1388, 1397-98, 71 L.Ed.2d 599 (1982), quoted in In re Shannon R., 461 A.2d at 715. The clear and convincing evidentiary standard is required in these cases in part to force states to present sufficient proof of their allegations rather than to allow decisions to be made solely on the basis of the child\u2019s best interests as perceived by judges. Santosky v. Kramer, 455 U.S. at 769, 102 S.Ct. at 1403.\nI conclude that the District Court was clearly erroneous in finding that the evidence was sufficiently persuasive as a matter of law to meet the required evidentiary standard. Testimony couched in terms of \u201cpossibility,\" \u201ccould potentially threaten,\" \u201cmight cause,\u201d \u201ccould have consequences\u201d or \u201ccould jeopardize,\u201d is clearly not the kind of clear and convincing evidence required to show that a mother is unable to protect her son from jeopardy.\nI would vacate the order and remand to the District Court with instructions to deny the petition to terminate parental rights.",
        "type": "dissent",
        "author": "SCOLNIK, Justice,"
      }
    ],
    "attorneys": [
      "Sheila J. Fine, (orally), Ogunquit, for plaintiff.",
      "James Eastman Smith (orally), Sr. Asst. Atty. Gen., Human Services Section, State House Station 11, Augusta, for defendant.",
      "Michelle Robert (orally), Biddeford, Guardian Ad Litem."
    ],
    "corrections": "",
    "head_matter": "In re CHRISTOPHER J.\nSupreme Judicial Court of Maine.\nArgued Jan. 22, 1986.\nDecided Feb. 26, 1986.\nSheila J. Fine, (orally), Ogunquit, for plaintiff.\nJames Eastman Smith (orally), Sr. Asst. Atty. Gen., Human Services Section, State House Station 11, Augusta, for defendant.\nMichelle Robert (orally), Biddeford, Guardian Ad Litem.\nBefore McKUSICK, C.J., and ROBERTS, WATHEN, GLASSMAN, and SCOLNIK, JJ."
  },
  "file_name": "0795-01",
  "first_page_order": 859,
  "last_page_order": 867
}
