{
  "id": 7872105,
  "name": "Richard I. JOHNSON, Appellant, v. FAIRFAX VILLAGE CONDOMINIUM IV UNIT OWNERS ASSOCIATION, Appellee",
  "name_abbreviation": "Johnson v. Fairfax Village Condominium IV Unit Owners Ass'n",
  "decision_date": "1988-09-23",
  "docket_number": "No. 87-773",
  "first_page": "87",
  "last_page": "94",
  "citations": [
    {
      "type": "official",
      "cite": "548 A.2d 87"
    }
  ],
  "court": {
    "name_abbreviation": "D.C.",
    "id": 11933,
    "name": "District of Columbia Court of Appeals"
  },
  "jurisdiction": {
    "id": 56,
    "name_long": "District of Columbia",
    "name": "D.C."
  },
  "cites_to": [
    {
      "cite": "345 A.2d 456",
      "category": "reporters:state_regional",
      "reporter": "A.2d",
      "case_ids": [
        8022424
      ],
      "weight": 2,
      "opinion_index": 0,
      "case_paths": [
        "/a2d/345/0456-01"
      ]
    },
    {
      "cite": "388 A.2d 36",
      "category": "reporters:state_regional",
      "reporter": "A.2d",
      "case_ids": [
        7996734
      ],
      "pin_cites": [
        {
          "page": "41-42"
        }
      ],
      "opinion_index": 0,
      "case_paths": [
        "/a2d/388/0036-01"
      ]
    },
    {
      "cite": "443 A.2d 29",
      "category": "reporters:state_regional",
      "reporter": "A.2d",
      "case_ids": [
        7944031
      ],
      "pin_cites": [
        {
          "page": "32"
        }
      ],
      "opinion_index": 0,
      "case_paths": [
        "/a2d/443/0029-01"
      ]
    },
    {
      "cite": "484 A.2d 958",
      "category": "reporters:state_regional",
      "reporter": "A.2d",
      "case_ids": [
        7914926
      ],
      "pin_cites": [
        {
          "page": "966"
        }
      ],
      "opinion_index": 0,
      "case_paths": [
        "/a2d/484/0958-01"
      ]
    },
    {
      "cite": "511 A.2d 433",
      "category": "reporters:state_regional",
      "reporter": "A.2d",
      "case_ids": [
        11299243
      ],
      "pin_cites": [
        {
          "page": "434-35"
        }
      ],
      "opinion_index": 0,
      "case_paths": [
        "/a2d/511/0433-01"
      ]
    },
    {
      "cite": "77 Stat. 449",
      "category": "laws:leg_session",
      "reporter": "Stat.",
      "opinion_index": 0
    },
    {
      "cite": "533 A.2d 1255",
      "category": "reporters:state_regional",
      "reporter": "A.2d",
      "case_ids": [
        7886252
      ],
      "pin_cites": [
        {
          "page": "1257"
        }
      ],
      "opinion_index": 0,
      "case_paths": [
        "/a2d/533/1255-01"
      ]
    },
    {
      "cite": "505 A.2d 1313",
      "category": "reporters:state_regional",
      "reporter": "A.2d",
      "case_ids": [
        7917532
      ],
      "weight": 3,
      "pin_cites": [
        {
          "page": "1317"
        }
      ],
      "opinion_index": 0,
      "case_paths": [
        "/a2d/505/1313-01"
      ]
    },
    {
      "cite": "482 A.2d 1248",
      "category": "reporters:state_regional",
      "reporter": "A.2d",
      "case_ids": [
        7913826
      ],
      "pin_cites": [
        {
          "page": "1252"
        }
      ],
      "opinion_index": 0,
      "case_paths": [
        "/a2d/482/1248-01"
      ]
    },
    {
      "cite": "535 A.2d 1386",
      "category": "reporters:state_regional",
      "reporter": "A.2d",
      "case_ids": [
        7889885
      ],
      "weight": 6,
      "pin_cites": [
        {
          "page": "1388"
        },
        {
          "page": "1388",
          "parenthetical": "citations omitted"
        },
        {
          "page": "1388"
        },
        {
          "page": "1388"
        }
      ],
      "opinion_index": 0,
      "case_paths": [
        "/a2d/535/1386-01"
      ]
    },
    {
      "cite": "182 Ga.App. 15",
      "category": "reporters:state",
      "reporter": "Ga. App.",
      "case_ids": [
        473478
      ],
      "weight": 2,
      "year": 1987,
      "pin_cites": [
        {
          "page": "16",
          "parenthetical": "where Condominium Act contains the discretionary language \"may provide,\" Association cannot be held liable for failure to act unless such liability is assumed"
        },
        {
          "page": "624",
          "parenthetical": "where Condominium Act contains the discretionary language \"may provide,\" Association cannot be held liable for failure to act unless such liability is assumed"
        }
      ],
      "opinion_index": 0,
      "case_paths": [
        "/ga-app/182/0015-01"
      ]
    },
    {
      "cite": "515 So.2d 1327",
      "category": "reporters:state_regional",
      "reporter": "So. 2d",
      "case_ids": [
        7586245
      ],
      "opinion_index": 0,
      "case_paths": [
        "/so2d/515/1327-01"
      ]
    },
    {
      "cite": "514 So.2d 381",
      "category": "reporters:state_regional",
      "reporter": "So. 2d",
      "case_ids": [
        7562986
      ],
      "pin_cites": [
        {
          "page": "382"
        }
      ],
      "opinion_index": 0,
      "case_paths": [
        "/so2d/514/0381-01"
      ]
    },
    {
      "cite": "439 So.2d 832",
      "category": "reporters:state_regional",
      "reporter": "So. 2d",
      "case_ids": [
        7636905
      ],
      "weight": 4,
      "pin_cites": [
        {
          "page": "834"
        },
        {
          "page": "834"
        }
      ],
      "opinion_index": 0,
      "case_paths": [
        "/so2d/439/0832-01"
      ]
    },
    {
      "cite": "414 A.2d 878",
      "category": "reporters:state_regional",
      "reporter": "A.2d",
      "case_ids": [
        11293182
      ],
      "opinion_index": 0,
      "case_paths": [
        "/a2d/414/0878-01"
      ]
    },
    {
      "cite": "521 N.Y.S.2d 680",
      "category": "reporters:state",
      "reporter": "N.Y.S.2d",
      "year": 1987,
      "pin_cites": [
        {
          "page": "682",
          "parenthetical": "legislature clearly intended statute to apply retroactively by express language"
        }
      ],
      "opinion_index": 0
    },
    {
      "cite": "135 A.D.2d 380",
      "category": "reporters:state",
      "reporter": "A.D.2d",
      "case_ids": [
        3542048
      ],
      "year": 1987,
      "pin_cites": [
        {
          "page": "381",
          "parenthetical": "legislature clearly intended statute to apply retroactively by express language"
        }
      ],
      "opinion_index": 0,
      "case_paths": [
        "/ad2d/135/0380-01"
      ]
    },
    {
      "cite": "505 N.E.2d 1269",
      "category": "reporters:state_regional",
      "reporter": "N.E.2d",
      "weight": 3,
      "year": 1987,
      "pin_cites": [
        {
          "page": "1271"
        },
        {
          "page": "1271"
        }
      ],
      "opinion_index": 0
    },
    {
      "cite": "153 Ill.App.3d 220",
      "category": "reporters:state",
      "reporter": "Ill. App. 3d",
      "case_ids": [
        3608016
      ],
      "year": 1987,
      "opinion_index": 0,
      "case_paths": [
        "/ill-app-3d/153/0220-01"
      ]
    },
    {
      "cite": "310 N.W.2d 730",
      "category": "reporters:state_regional",
      "reporter": "N.W.2d",
      "case_ids": [
        10681342
      ],
      "weight": 3,
      "pin_cites": [
        {
          "page": "734"
        }
      ],
      "opinion_index": 0,
      "case_paths": [
        "/nw2d/310/0730-01"
      ]
    },
    {
      "cite": "458 So.2d 769",
      "category": "reporters:state_regional",
      "reporter": "So. 2d",
      "case_ids": [
        7628586
      ],
      "weight": 2,
      "pin_cites": [
        {
          "page": "771"
        },
        {
          "parenthetical": "emphasis supplied"
        }
      ],
      "opinion_index": 0,
      "case_paths": [
        "/so2d/458/0769-01"
      ]
    },
    {
      "cite": "313 U.S. 362",
      "category": "reporters:federal",
      "reporter": "U.S.",
      "case_ids": [
        6140520
      ],
      "weight": 3,
      "year": 1941,
      "opinion_index": 0,
      "case_paths": [
        "/us/313/0362-01"
      ]
    },
    {
      "cite": "514 F.2d 829",
      "category": "reporters:federal",
      "reporter": "F.2d",
      "case_ids": [
        553288,
        3690604
      ],
      "year": 1975,
      "pin_cites": [
        {
          "page": "833",
          "parenthetical": "citing Wood v. Lovett, 313 U.S. 362, 61 S.Ct. 983, 85 L.Ed. 1404 (1941)"
        }
      ],
      "opinion_index": 0,
      "case_paths": [
        "/f2d/514/0829-01",
        "/us-app-dc/168/0407-01"
      ]
    },
    {
      "cite": "168 U.S.App.D.C. 407",
      "category": "reporters:state",
      "reporter": "U.S. App. D.C.",
      "case_ids": [
        3690604
      ],
      "year": 1975,
      "pin_cites": [
        {
          "page": "411",
          "parenthetical": "citing Wood v. Lovett, 313 U.S. 362, 61 S.Ct. 983, 85 L.Ed. 1404 (1941)"
        }
      ],
      "opinion_index": 0,
      "case_paths": [
        "/us-app-dc/168/0407-01"
      ]
    },
    {
      "cite": "449 N.E.2d 151",
      "category": "reporters:state_regional",
      "reporter": "N.E.2d",
      "year": 1983,
      "pin_cites": [
        {
          "page": "156"
        }
      ],
      "opinion_index": 0
    },
    {
      "cite": "70 Ill.Dec. 277",
      "category": "reporters:state",
      "reporter": "Ill. Dec.",
      "year": 1983,
      "pin_cites": [
        {
          "page": "282"
        }
      ],
      "opinion_index": 0
    },
    {
      "cite": "114 Ill.App.3d 527",
      "category": "reporters:state",
      "reporter": "Ill. App. 3d",
      "case_ids": [
        3591771
      ],
      "year": 1983,
      "pin_cites": [
        {
          "page": "532"
        }
      ],
      "opinion_index": 0,
      "case_paths": [
        "/ill-app-3d/114/0527-01"
      ]
    },
    {
      "cite": "743 S.W.2d 555",
      "category": "reporters:state_regional",
      "reporter": "S.W.2d",
      "case_ids": [
        11289973
      ],
      "pin_cites": [
        {
          "page": "558"
        }
      ],
      "opinion_index": 0,
      "case_paths": [
        "/sw2d/743/0555-01"
      ]
    },
    {
      "cite": "457 A.2d 339",
      "category": "reporters:state_regional",
      "reporter": "A.2d",
      "case_ids": [
        7978195
      ],
      "pin_cites": [
        {
          "page": "342-43"
        }
      ],
      "opinion_index": 0,
      "case_paths": [
        "/a2d/457/0339-01"
      ]
    },
    {
      "cite": "565 S.W.2d 196",
      "category": "reporters:state_regional",
      "reporter": "S.W.2d",
      "case_ids": [
        9932677
      ],
      "pin_cites": [
        {
          "page": "198"
        }
      ],
      "opinion_index": 0,
      "case_paths": [
        "/sw2d/565/0196-01"
      ]
    },
    {
      "cite": "351 So.2d 755",
      "category": "reporters:state_regional",
      "reporter": "So. 2d",
      "case_ids": [
        9713476
      ],
      "weight": 2,
      "pin_cites": [
        {
          "page": "757"
        },
        {
          "page": "757"
        }
      ],
      "opinion_index": 0,
      "case_paths": [
        "/so2d/351/0755-01"
      ]
    },
    {
      "cite": "286 S.E.2d 192",
      "category": "reporters:state_regional",
      "reporter": "S.E.2d",
      "year": 1982,
      "pin_cites": [
        {
          "page": "194"
        }
      ],
      "opinion_index": 0
    },
    {
      "cite": "223 Va. 31",
      "category": "reporters:state",
      "reporter": "Va.",
      "case_ids": [
        2082106
      ],
      "year": 1982,
      "pin_cites": [
        {
          "page": "36"
        }
      ],
      "opinion_index": 0,
      "case_paths": [
        "/va/223/0031-01"
      ]
    },
    {
      "cite": "347 A.2d 884",
      "category": "reporters:state_regional",
      "reporter": "A.2d",
      "pin_cites": [
        {
          "page": "887"
        }
      ],
      "opinion_index": 0
    },
    {
      "cite": "29 Md.App. 366",
      "category": "reporters:state",
      "reporter": "Md. App.",
      "case_ids": [
        2317437
      ],
      "pin_cites": [
        {
          "page": "371"
        }
      ],
      "opinion_index": 0,
      "case_paths": [
        "/md-app/29/0366-01"
      ]
    },
    {
      "cite": "D.C. Code \u00a7 45-1853",
      "category": "laws:leg_statute",
      "reporter": "D.C. Code",
      "weight": 4,
      "pin_cites": [
        {
          "page": "(c)",
          "parenthetical": "emphasis supplied"
        },
        {
          "page": "(g)"
        },
        {
          "page": "(c)"
        }
      ],
      "opinion_index": 0
    }
  ],
  "analysis": {
    "cardinality": 1167,
    "char_count": 29466,
    "ocr_confidence": 0.781,
    "pagerank": {
      "raw": 2.197514622149622e-07,
      "percentile": 0.7747702665290525
    },
    "sha256": "68530926b17993c06ba044a5f737466c7f17b3ed8a11552329524db847431c0e",
    "simhash": "1:99e6cd642f478512",
    "word_count": 4591
  },
  "last_updated": "2024-02-27T17:03:38.923649+00:00",
  "provenance": {
    "date_added": "2019-08-29",
    "source": "Harvard",
    "batch": "2018"
  },
  "casebody": {
    "judges": [
      "Before TERRY and ROGERS, Associate Judges, and GALLAGHER, Senior Judge."
    ],
    "parties": [
      "Richard I. JOHNSON, Appellant, v. FAIRFAX VILLAGE CONDOMINIUM IV UNIT OWNERS ASSOCIATION, Appellee."
    ],
    "opinions": [
      {
        "text": "GALLAGHER, Senior Judge:\nThis appeal arose after the trial court denied appellant\u2019s motion to vacate a prior order which granted summary judgment to appellee. Appellant contends the trial court erred in granting summary judgment to appellee because genuine issues of material fact remained in dispute, and appellee was not entitled to judgment as a matter of law. Because a material issue and certain documents, which are necessary to the disposition of this case, do not appear to have been considered by the trial court, the proceeding was not in a posture for grant of summary judgment. We therefore reverse and remand.\nAppellee (the \u201cAssociation\u201d) is a nonprofit association consisting of owners of condominium units in Fairfax Village Condominium IV (\u201cFairfax Village\u201d), a development located in the southeast section of the District of Columbia. Appellant became an owner of a condominium unit in Fairfax Village in October of 1975. Sometime in 1980, appellant ceased paying his condominium assessments. In 1983, the Association commenced proceedings to foreclose on appellant\u2019s unit by selling it at a public auction pursuant to the provisions of a statutory power of sale remedy. At this public sale, appellant\u2019s condominium unit was purchased by Esther Wiggins. Appellant\u2019s delinquent condominium assessments were paid from the purchase price tendered by Wiggins, who purchased the unit subject to a first mortgage. Appellant commenced a suit challenging the authority of the Association to sell his condominium without prior approval of a court.\nAlthough Wiggins then held title to the condominium, appellant refused to vacate the unit. After several attempts to obtain possession of the unit proved futile, Wiggins eventually ceased paying her assessed condominium fees. Appellant, who continuously remained in possession, did not pay the assessments either. When the monthly condominium assessments became $1,145.08 in arrears on April 5, 1985, the Association, for a second time, commenced a foreclosure proceeding pursuant to the statutory power of sale provision to recover the amount of the delinquent condominium assessments. The Association gave notice of the foreclosure by power of sale both to Wiggins \u2014 the record owner of title \u2014and appellant, who the Association felt may have had an equitable possessory interest in the unit in view of his continuous residence there. Neither Wiggins nor appellant satisfied the assessments in arrears, and, consequently, the condominium unit was placed for sale at a public auction. Appellant attended this second foreclosure auction, but the Association eventually purchased the condominium because no other party bid on the unit. Thus, the Association acquired record title to the condominium unit in 1985.\nAppellant still refused to vacate the premises, prompting the Association to institute a suit for possession in the Landlord & Tenant Branch of the Superior Court. In response, appellant filed an Answer to the suit for possession which (a) asserted a plea of title, and (b) requested a trial by jury. Consequently, the Landlord & Tenant action was then certified to the Civil Division of the Superior Court, where it was consolidated with the existing claim that challenged the legality of the first foreclosure proceeding completed in 1983.\nIn this consolidated action, appellant raised several claims. However, at the core of appellant\u2019s case is his contention that the bylaws of Fairfax Village IV preclude the Association from foreclosing on liens for unpaid assessments by executing a statutory power of sale. Appellant contends that the condominium bylaws bind the Association to proceed by a judicial foreclosure, which necessitates a formal adversarial proceeding to adjudicate the parties\u2019 rights. Under this theory, both foreclosure proceedings instituted by the Association against the condominium unit would be invalid. If both the foreclosure proceedings were improper, appellant argues, a fortiori, that (a) he is the proper owner of the condominium unit, and (b) the trial court\u2019s determination that the Association held record title to the property was error. The trial court order granting summary judgment does not address the bylaws argument; it simply states \u201cthat the foreclosure was executed in accordance with the provisions of D.C.Code \u00a7 45-1801, et seq. (1981).\u201d\nI.\nThe District of Columbia Condominium Act permits the Association to assess the cost of common expenses against the owners of condominium units. D.C.Code \u00a7 45-1852(c) (1981). The Act also provides that \u201c[a]ll assessments levied against a condominium unit ... shall ... constitute a lien in favor of the unit owners\u2019 association....\u201d D.C.Code \u00a7 45-1853(a). The lien \u201cmay be enforced against such condominium unit by a power of sale in favor of the unit owners\u2019 association if assessments are past due, unless the condominium instruments provide otherwise.\u201d D.C. Code \u00a7 45-1853(c) (emphasis supplied). Thus, the statute provides owners\u2019 associations an alternative means of recouping unpaid assessments, i.e., the lien may be enforced \u201cin the same manner as a mortgage foreclosure, but [the statute] does not require it.\u201d Marside, Inc. v. Mosley, 29 Md.App. 366, 371, 347 A.2d 884, 887 (Md.Ct.Spec.App.1975) (condominium association\u2019s foreclosure of lien by statutory power of sale is a permissive remedy). The pivotal issue, then, is whether the condominium instruments of Fairfax Village \u201cprovide otherwise,\u201d i.e., do the condominium instruments allow the Association to take advantage of the expedited procedure provided by the statute to foreclose on a lien for assessments, or do those condominium instruments \u201cprovide otherwise\u201d?\nArticle X of the bylaws of Fairfax Village provides, in pertinent part:\n2. Lien for Contributions.\n(a) The total annual contribution of each Co-owner for the Common Expenses levied pursuant to these By-Laws is hereby declared to be lien levied against the Unit of such Co-owner within the purview of the Horizontal Property Act, which lien shall be effective as of the first day of each fiscal year of the Condominium. The Board of Directors, or the Manager or Managing Agent, may file or record such other or further notice of lien, or such other or further document as may be required by the then laws of the District of Columbia to confirm the establishment of such lien.\n******\n(c) The lien for contribution may be foreclosed in the manner provided by the laws of the District of Columbia by suit brought in the name of the Board of Directors, acting on behalf of the Council. During the pendency of such suit the Co-owner shall be required to pay a reasonable rental for the Unit for any period prior to sale pursuant to any judgment or order of any court having jurisdiction over such sale_\n(Emphasis supplied.) Appellant contends that the bylaws\u2019 reference to foreclosure \u201cby suit\u201d and \u201cpursuant to any judgment or order of any court having jurisdiction over such sale\u201d requires the Association to resort to a judicial proceeding (in contrast to the power of direct sale remedy) to enforce a lien for unpaid assessments. Conversely, the Association relies on a different provision of the bylaws, which empowers the Board of Directors of the Association to enforce \u201cby legal means the provisions of the Declaration [and] these Bylaws ... [by] bringing any proceedings which may be instituted on behalf of the Co-owners.\u201d Bylaws, Article III.l(i) (emphasis supplied). The Association argues that this language entitles it to take advantage of the expedited statutory remedy of foreclosing on liens for unpaid assessments by executing a power of sale, rather than commencing a proceeding in the Superior Court. See supra note 1.\nWhen the bylaws were recorded and appellant purchased his unit in 1975, the only means available to the Association to foreclose on the lien was to commence an action for foreclosure in the Superior Court. The provisions of the Condominium Act at issue here were not effective until two years later, i.e., March 29, 1977. Since the power of sale provision of the Act is a permissive remedy and the bylaws do not authorize the Association to resort to this remedy, appellant argues, with some merit, that the Association was required to properly amend the bylaws to be able to take advantage of the new statutory remedy.\nThe condominium instruments, including the bylaws and the sales agreement, are a contract that governs the legal rights between the Association and unit owners. See Bauer v. Harn, 223 Va. 31, 36, 286 S.E.2d 192, 194 (1982); Pepe v. Whispering Sands Condominium Association, Inc., 351 So.2d 755, 757 (Fla.Ct.App.1977). See also 1 Rohan, Condominium Law & Practice \u00a7 7.03 (1987). The condominium bylaws \u201crepresent a form of private law making, [in which] individual owners come together and agree to subordinate some of their traditional individual ownership rights and privileges when they choose this type of ownership experience.\u201d Ryan v. Baptiste, 565 S.W.2d 196, 198 (Mo.Ct.App.1978). As such, these documents should be strictly construed as they are written, giving the language its clear, simple, and unambiguous meaning. See Hibbert v. Hollywood Park, Inc., 457 A.2d 339, 342-43 (Del.1983) (applying general rules of contract and statutory construction to interpret corporation\u2019s bylaws); Wescott v. Burton Wood Manor Condominium Association Board of Managers, 743 S.W.2d 555, 558 (Mo.Ct.App.1988) (strictly construing the governing bylaws); see also 8 FletcheR\u2019s Cyclopedia Corporations \u00a7 4195, at 696 (1982 Rev.) (rules of contract interpretation are generally applicable to the interpretation of bylaws). The condominium declaration, bylaws, sales agreements, and the relevant statutes must be construed as a whole. See Wolinsky v. Kadison, 114 Ill.App.3d 527, 532, 70 Ill.Dec. 277, 282, 449 N.E.2d 151, 156 (1983).\nGenerally, laws in existence at the time a contract is entered into are implicitly incorporated into the agreement. Maryland-National Capital Park and Planning Commission v. Lynn, 168 U.S.App.D.C. 407, 411, 514 F.2d 829, 833 (1975) (citing Wood v. Lovett, 313 U.S. 362, 61 S.Ct. 983, 85 L.Ed. 1404 (1941)). The condominium declaration and the bylaws \u201cevidence an intent of [the condominium owner and the Association] to be bound by the condominium act as it existed when the declaration was recorded. \u201d Wilderness Country Club Partnership, Ltd. v. Groves, 458 So.2d 769, 771 (Fla.Ct.App.1984) (emphasis supplied). The subsequent enactment of legislation will not alter the rights and obligations between the parties, absent consent or an express legislative intent to apply the statute retroactively. See 1A Sutherland, Statutory Construction \u00a7 22.24, .36 (1985); 7A Fletcher\u2019s Cyclopedia Corporations \u00a7\u00a7 3657-58, 3676, 3695, 3733 (1978 Rev.). See generally 3 Corbin on Contracts \u00a7 551 (1960); 4 Williston on Contracts \u00a7 615 (3d ed. 1961). Accordingly, we consider the relevant language of the statute and condominium instruments.\nThe Condominium Act of 1976 expressly provides that\nthis [Act] shall not be construed to affect the validity of any provision of any condominium instrument recorded ... and registered prior to March 29, 1977.\nD.C.Code \u00a7 45-1801(c) (1981). Thus, the Condominium Act clearly exhibits an intent not to alter the existing contractual relationship between condominium associations and unit owners. Absent some evidence of acquiescence by appellant, the power of sale mechanism enacted after the condominium documents were recorded and after appellant purchased his unit cannot be interpreted to apply retroactively to alter the contractual right between condominium owners and their owners\u2019 associations.\nThe statutory power of sale provision may be characterized as a \u201clegal proceeding\u201d which the Association could commence if it were empowered to do so. However, the provision of the bylaws that specifically addresses recovery of unpaid assessments does not contemplate foreclosure by \u201cany proceeding.\u201d Rather, the provision states that \u201c[t]he lien for contribution may be foreclosed ... by suit_\u201d Bylaws, Art. X.2(c). The provision also provides that \u201c[d]uring the pendency of such suit the Co-owner shall be required to pay a reasonable rental for the unit for any period prior to sale pursuant to any judgment or order of any court having jurisdiction over such sale.\" Id. (emphasis supplied). A clear, simple, and unambiguous interpretation of this language is that the parties envisioned the Association commencing a suit in a court of competent jurisdiction to enforce a lien for unpaid condominium assessments. If the Association desired to avoid this sometimes cumbersome process in favor of the expeditious statutory power of sale mechanism, the bylaws could have been properly amended to reflect the parties\u2019 consent to such a change in their legal rights.\nIn Breene v. Plaza Tower Association, 310 N.W.2d 730 (N.D.1981), the court held that statutory provisions enacted after a purchaser bought a condominium unit \u201cwould not be enforceable against the purchaser except through the purchaser\u2019s acquiescence.\u201d Id. at 734. The court emphasized that the statutory provisions were permissive \u2014 like the power of sale provision here \u2014 and merely permitted amendments to the bylaws. Id. In this case, the power of sale provision is also a permissive means of foreclosure, and it was enacted after the condominium bylaws were drafted.\nIn Keystone Service Co. v. 5040-60 North Maine Drive Condominium Association, 153 Ill.App.3d 220, 106 Ill.Dee. 478, 505 N.E.2d 1269 (1987), the court held that a condominium association could not rely on an amendment to the state Condominium Act to cancel a lease which was in existence prior to the time the Condominium Act was amended. Id. at 222, 106 Ill.Dee. at 480, 505 N.E.2d at 1271. Absent a clear legislative intent, the statute would not be given retroactive effect. Id., at 223, 106 Ill.Dec. at 480, 505 N.E.2d at 1271. Similarly, the power of sale provision in D.C.Code \u00a7 45-1853(a) contains no legislative intent to apply it to all condominiums. Rather, the Condominium Act expressly states that it \u201cshall not ... affect the validity\u201d of any provision of a previously recorded condominium instrument. D.C.Code \u00a7 45-1801(e). Cf. Vaughn v. Manor Towers Owners Corp., 135 A.D.2d 380, 381, 521 N.Y.S.2d 680, 682 (1987) (legislature clearly intended statute to apply retroactively by express language). Therefore, this provision of the Condominium Act should not be given retroactive effect. See Wolf v. District of Columbia Rental Housing Accommodations Commission, 414 A.2d 878, 880 n. 8 (D.C.1980).\nThe bylaws of Fairfax Village were never amended to adopt the expedited remedy of foreclosing on unpaid condominium assessments by a power of sale. See supra note 13. The focus, then, is whether the parties expressly consented to the incorporation of D.C.Code \u00a7 45-1853(c) into the terms of their agreement \u201cby virtue of the language in the [condominium instruments].\u201d Angora Enterprises, Inc. v. Cole, 439 So.2d 832, 834 (Fla.1983). Generally, in the absence of a provision expressly incorporating future amendments to a statute, the parties will not be bound by such changes. See, e.g., 3 CoRBiN on Contracts \u00a7 551, at 202 (1963).\nIn Angora Enterprises, supra, the Florida Supreme Court held that a statutory amendment enacted after the condominium instruments were drafted and assented to by purchasers of units was binding on the parties. The court relied on a provision in the declaration of condominium which provided that \u201cthe provisions of [the Condominium] Act are hereby incorporated by reference and included herein thereby....\u201d Angora Enterprises, supra, 439 So.2d at 834. This provision, in addition to other related documents, demonstrated \u201cthat the parties intended to be bound by future amendments to the condominium act....\u201d Id.\nIn a subsequent case, the Florida Court of Appeals, applying Angora Enterprises, held that a lessor of a recreational lease who did not sign the declaration of condominium was not bound by the statutory provision invalidating rent escalation clauses. Since the recreational lease \u201ccon-tainted] no language incorporating the Condominium Act, as amendedf,]\u201d the \u201cdrastic result\u201d of voiding the escalation clauses \u201cshould only be accomplished by clearly expressed [contract] terms which expressly adopt the Condominium Act, as amended.\u201d Condominium Association of Plaza Towers North, Inc. v. Plaza Recreational Development Corp., 514 So.2d 381, 382 (Fla.Ct.App.1987); see also Island Manor Apartments of Marco Island, Inc. v. Division of Florida Land Sales, Condominiums and Mobile Homes, 515 So.2d 1327 (Fla.Ct.App.1987). Thus, the rights and obligations of the parties cannot be altered \u201c[a]bsent consent, or an amendment of the [bylaws] as may be provided for in [the condominium instruments]....\u201d Pepe v. Whispering Sands Condominium Association, Inc., supra, 351 So.2d at 757; see also Fleetwood v. Wieuca, North Condominium Association, 182 Ga.App. 15, 16, 354 S.E.2d 623, 624 (1987) (where Condominium Act contains the discretionary language \u201cmay provide,\u201d Association cannot be held liable for failure to act unless such liability is assumed).\nThe Fairfax Village bylaws do not contain any similar type of provision which can be interpreted as incorporating subsequent amendments to the Condominium Act into the contract between the unit owners and the Association. Even though the documents presented to this court for review do not contain any language that seems to evidence the parties\u2019 intent to incorporate and be bound by statutory amendments, all of the documents germane to deciding this issue are not before us, viz., (a) the declaration of condominium, and (b) contract of sale entered into by appellant and the condominium association. The absence of these documents precludes meaningful appellate review. Lonon v. Board of Directors of Fairfax Village Condominium IV Unit Owners Association, 535 A.2d 1386, 1388 (D.C.1988) (genuine issue of material fact existed as to whether the Association\u2019s bylaws required court action before foreclosure sale); Reynolds v. Georgetown Condominium Association, 482 A.2d 1248, 1252 (D.C.1984) (case remanded to determine whether the Association had the \u201ccontractual right to foreclose on appellant\u2019s property\u201d). \u201cThe bylaws argument, therefore, does not appear to have been appropriate for resolution by summary judgment ... because resolution of [the bylaws argument] ... will require further factual development.\u201d Lonon, supra, 535 A.2d at 1388 (citations omitted).\nII.\nTurning to a consideration of the record in this case, it does not appear that the trial court addressed the bylaws argument in granting the Association judgment as a matter of law. Even though appellant asserted that the bylaws bound the Association to proceed by a judicial foreclosure, the trial court appears to have assumed that the statute controls because the order granting the Association summary judgment does not address the issue. Given this erroneous assumption, the trial court apparently did not consider it necessary to examine the contract of sale for the condominium unit as well as the entire text of the other relevant condominium instruments in order to ascertain whether appellant consented .to incorporate future amendments of the Condominium Act into his agreement with Fairfax Village. Thus, resolution of this important issue \u201crequire^] further factual development.\u201d Lo-non, supra, 535 A.2d at 1388.\nOn remand, the trial court must examine all of the contract documents that delineate the parties\u2019 rights to determine whether the parties intended to be bound by subsequent amendments to the Condominium Act. If the court finds that appellant did not impliedly or expressly consent to be bound by permissive changes in the law, then the Association improperly foreclosed on appellant\u2019s unit, and, a fortiori, appellant would have a superior right to title and possession of the condominium unit. On the other hand, should the documents or other evidence reveal appellant\u2019s consent, express or implied, to incorporate and be bound by amendments to the Condominium Act, then the Association properly foreclosed upon its valid lien by executing the power of sale provision in the statute.\nIn any event, however, appellant remains liable for the unpaid assessments levied against his unit. D.C.Code \u00a7 45-1852(c). The Association is not precluded from commencing a judicial foreclosure action to recoup the delinquent assessments. See D.C. Code \u00a7 45-1853(g); see also Lonon, supra, 535 A.2d at 1388.\nAccordingly, the order of the trial court is reversed, and the case remanded for further proceedings consistent with this opinion. Because of the long and tortuous history of this case in the trial court, it should receive expedited treatment.\nREVERSED AND REMANDED.\n.D.C.Code \u00a7 45-1853(c) (1981). Unlike a judicial foreclosure, which involves an adjudication of the parties\u2019 rights and obligations before any property may be sold, a power of sale foreclosure involves the direct sale of mortgaged property at a public auction without supervision by a court. In most states, the power of sale must be conferred by clear language in the agreement between the parties. Typically, a mortgage grants the mortgagee the power to sell the mortgagor\u2019s property at a public auction upon default of the agreement. The right to execute the power of sale is usually conferred on a trustee (hence the term \"trust deed mortgage\u201d), who supervises execution of the public sale pursuant to statutory guidelines. See, e.g., D.C.Code \u00a7\u00a7 45-701 to -720 (1981); id. \u00a7 45-1853(c). For a general discussion and comparison of judicial actions for foreclosure and power of sale foreclosure proceedings, see 3 Powell on Real Property \u00b6| 462-68 (1987).\n. This claim, alleging that the first foreclosure of the unit was wrongful, was severed from an action wherein appellant and other condominium owners challenged the Association's authority to promulgate and enforce parking regulations for the development. On appeal, this court upheld the Association's authority and the regulation. Johnson v. Hobson, 505 A.2d 1313 (D.C.1986). Although the severed claim challenging the power of sale foreclosure proceeding was not pursued by either party, it was never dismissed.\n. Apparently, Wiggins instituted several suits for possession in the Landlord & Tenant Branch of the Superior Court of the District of Columbia. For reasons not before this court, those suits by Wiggins were eventually dismissed with prejudice.\n. The statute authorizing condominium associations to foreclose on liens for unpaid assessments by executing a power of sale provides that a unit owner may cure any default prior to foreclosure, adequate notice must be given (thirty days), the sale shall not occur sooner than thirty-one days from the date such notice is mailed, public notice of the sale must be advertised in at least one newspaper of general circulation in the District of Columbia on three separate days during the fifteen-day period prior to the date of sale, and the time and date of the public sale must be stated in the notice. D.C. Code \u00a7 45-1853(c). Proper foreclosure by power of sale conveys good title to a bona fide purchaser. Id.\n. The statute permits the Association to purchase the unit at the foreclosure sale. D.C.Code \u00a7 45-1853(d). At each public auction, the purchaser paid the amount of the unpaid assessments, plus interest and attorneys\u2019 fees. The purchaser took the unit subject to a first deed of trust (mortgage) held by Washington Federal Savings & Loan Association. Thus, at this second public sale, the Association purchased the condominium by tendering $1,673.44, subject to the first deed of trust.\n. Super.Ct. L & T R. 5(c) (where defendant interposes plea of title, case is certified to Civil Division).\n. Super.Ct. L & T R. 6.\n. See supra note 2.\n. Appellant also asserted that the Board of Directors of Fairfax Village IV was improperly elected, and thus, any act by the Board was ultra vires. However, appellant failed to proffer any factual support for this claim in opposition to the motion for summary judgment. Therefore, the trial court \u201cdid not err ... in concluding that no issue of material fact was in dispute\u201d regarding the validity of the election. Johnson v. Hobson, supra, 505 A.2d at 1317.\nIn addition, appellant contends, for the first time on appeal, that he was improperly served with a Notice to Quit in the suit for possession. However, appellee, in its verified complaint, stated that proper notice was served on appeal. In opposing appellee\u2019s motion for summary judgment, appellant failed to proffer any sworn statements or evidence to rebut appellee\u2019s assertion that notice was properly served. In considering a motion for summary judgment, the trial court is bound to consider any sworn statements of the parties, including those made in verified pleadings. See Thompson v. Seton Investments, 533 A.2d 1255, 1257 (D.C.1987). In any event, in light of our disposition of this case, we need not decide this issue.\n. Condominium Act of 1976, 1977 D.C.Stat. 1-89, codified at D.C.Code \u00a7\u00a7 14-1801 to -1878 (1981). The Act superseded the existing Horizontal Property Act of the District of Columbia, 77 Stat. 449, Pub.L. 88-218 (1963), previously codified at D.C.Code \u00a7\u00a7 5-901 to -933 (1973).\n. See D.C.Code \u00a7 5-925(a) (1973) (repealed 1977). See supra note 10. The current guidelines governing judicial foreclosure proceedings are contained in D.C.Code \u00a7\u00a7 45-701 to -720 (1981).\n. See D.C.Code \u00a7 45-1801(c) (1981).\n. At oral argument, counsel for the Association intimated to the court that the Association may have refrained from formally amending the bylaws because such a process is itself cumbersome and expensive. The Association may not reap the benefits of the statute without proceeding by the proper procedures delineated by its own bylaws.\n. The amendment invalidated fee escalation clauses in recreational leases. Fla.Stat. \u00a7 718.401(4) (1977).\n. Although not certified to be included in the record on appeal, we obtained the Declaration of Condominium of Fairfax Village from the trial court record. See D.C.App.R. 6(c). Section 11 of the Declaration provides:\nUnits Subject to Declaration, By-Laws and Rules and Regulations. Each Co-owner shall comply with the provisions of this Declaration, the By-Laws, the Rules and Regulations to be adopted by the Board of Directors, and decisions and resolutions of the Board of Directors and of the Council of Co-owners or its representatives, as lawfully amended from time to time, and failure to comply with any such provision, decision, or resolution shall be grounds for an action to recover sums due, for damages or for injunctive relief. All such actions in law or at equity shall be authorized by resolution of the Board of Directors and the Condominium shall be entitled to recover all reasonable costs and expenses of such actions, including attorney fees.\nAll present or future Co-owners, tenants, and occupants of Units, or any other person who might use the facilities of the Property in any manner are subject to the provisions of this Declaration, the By-Laws and the Rules and Regulations, and the mere act of occupancy of any said Units shall signify that the provisions of this Declaration, the By-Laws and the Rules and Regulations, are accepted and ratified.\nThe provision fails to mention the Condominium Act, to say nothing of amendments thereto. Thus, unlike Angora Enterprises v. Cole, supra, appellant and the Association did not implicitly consent to be bound by future amendments of the Condominium Act.\n. Generally, summary judgment is inappropriate when the dispute involves ambiguous contract provisions. See Amalgamated Transit Union v. Hinton, 511 A.2d 433, 434-35 (D.C.1986); Howard University v. Best, 484 A.2d 958, 966 (D.C.1984); InterCounty Construction Corp. v. District of Columbia, 443 A.2d 29, 32 (D.C.1982); International Brotherhood of Painters & Allied Trades v. Hartford Accident & Indemnity Co., 388 A.2d 36, 41-42 (D.C.1978); 1901 Wyoming Avenue Cooperative Association v. Lee, 345 A.2d 456, 461 & nn. 7-8 (D.C.1975).\n. While \u00a7 45-1853(c) establishes the self-help mechanism that allows the condominium owners\u2019 association to enforce a lien for assessments through a direct sale at a public auction, subsection (g) specifies that \u2018\u2018[n]othing in this section shall be construed to prohibit actions at law to recover sums for which ... this section creates a lien, maintainable pursuant to \u00a7 45-1819.\" D.C.Code \u00a7 45-1853(g). Section 45-1819 provides that a condominium owners' association may commence \u201can action or suit to recover sums due for damages or injunctive relief, or for any other available remedy\u201d for \u201c[a]ny lack of compliance with [the Condominium Act].\u201d Id. \u00a7 45-1819. Thus, the Condominium Act clearly permits foreclosure by judicial sale to satisfy a judgment for unpaid assessments.",
        "type": "majority",
        "author": "GALLAGHER, Senior Judge:"
      }
    ],
    "attorneys": [
      "Bernard A. Gray, Sr., Washington, D.C., for appellant.",
      "Gary M. Hnath, with whom Michael B. McGovern, Washington, D.C., was on the brief, for appellee."
    ],
    "corrections": "",
    "head_matter": "Richard I. JOHNSON, Appellant, v. FAIRFAX VILLAGE CONDOMINIUM IV UNIT OWNERS ASSOCIATION, Appellee.\nNo. 87-773.\nDistrict of Columbia Court of Appeals.\nArgued July 13, 1988.\nDecided Sept. 23, 1988.\nBernard A. Gray, Sr., Washington, D.C., for appellant.\nGary M. Hnath, with whom Michael B. McGovern, Washington, D.C., was on the brief, for appellee.\nBefore TERRY and ROGERS, Associate Judges, and GALLAGHER, Senior Judge."
  },
  "file_name": "0087-01",
  "first_page_order": 143,
  "last_page_order": 150
}
