{
  "id": 9170631,
  "name": "Gilfredo LOPEZ, Appellant, v. UNITED STATES, Appellee",
  "name_abbreviation": "Lopez v. United States",
  "decision_date": "2004-12-30",
  "docket_number": "No. 03-CO-88",
  "first_page": "852",
  "last_page": "864",
  "citations": [
    {
      "type": "official",
      "cite": "863 A.2d 852"
    }
  ],
  "court": {
    "name_abbreviation": "D.C.",
    "id": 11933,
    "name": "District of Columbia Court of Appeals"
  },
  "jurisdiction": {
    "id": 56,
    "name_long": "District of Columbia",
    "name": "D.C."
  },
  "cites_to": [
    {
      "cite": "137 L.Ed.2d 484",
      "category": "reporters:federal",
      "reporter": "L. Ed. 2d",
      "year": 1997,
      "opinion_index": 0
    },
    {
      "cite": "117 S.Ct. 1323",
      "category": "reporters:federal",
      "reporter": "S. Ct.",
      "year": 1997,
      "opinion_index": 0
    },
    {
      "cite": "520 U.S. 1148",
      "category": "reporters:federal",
      "reporter": "U.S.",
      "case_ids": [
        11676322,
        11675515,
        11675621,
        11675686,
        11675464,
        11676169,
        11675912,
        11675760,
        11676241,
        11675831,
        11676090,
        11675387,
        11675996,
        11675423
      ],
      "year": 1997,
      "opinion_index": 0,
      "case_paths": [
        "/us/520/1148-14",
        "/us/520/1148-04",
        "/us/520/1148-05",
        "/us/520/1148-06",
        "/us/520/1148-03",
        "/us/520/1148-12",
        "/us/520/1148-09",
        "/us/520/1148-07",
        "/us/520/1148-13",
        "/us/520/1148-08",
        "/us/520/1148-11",
        "/us/520/1148-01",
        "/us/520/1148-10",
        "/us/520/1148-02"
      ]
    },
    {
      "cite": "683 A.2d 1087",
      "category": "reporters:state_regional",
      "reporter": "A.2d",
      "case_ids": [
        7872525
      ],
      "pin_cites": [
        {
          "page": "1095"
        }
      ],
      "opinion_index": 0,
      "case_paths": [
        "/a2d/683/1087-01"
      ]
    },
    {
      "cite": "728 A.2d 582",
      "category": "reporters:state_regional",
      "reporter": "A.2d",
      "case_ids": [
        11622924
      ],
      "pin_cites": [
        {
          "page": "594"
        }
      ],
      "opinion_index": 0,
      "case_paths": [
        "/a2d/728/0582-01"
      ]
    },
    {
      "cite": "628 A.2d 86",
      "category": "reporters:state_regional",
      "reporter": "A.2d",
      "case_ids": [
        7357754
      ],
      "opinion_index": 0,
      "case_paths": [
        "/a2d/628/0086-01"
      ]
    },
    {
      "cite": "407 A.2d 626",
      "category": "reporters:state_regional",
      "reporter": "A.2d",
      "case_ids": [
        7976762
      ],
      "pin_cites": [
        {
          "page": "639-40"
        }
      ],
      "opinion_index": 0,
      "case_paths": [
        "/a2d/407/0626-01"
      ]
    },
    {
      "cite": "601 A.2d 45",
      "category": "reporters:state_regional",
      "reporter": "A.2d",
      "case_ids": [
        11935272
      ],
      "pin_cites": [
        {
          "page": "53"
        }
      ],
      "opinion_index": 0,
      "case_paths": [
        "/a2d/601/0045-01"
      ]
    },
    {
      "cite": "454 A.2d 822",
      "category": "reporters:state_regional",
      "reporter": "A.2d",
      "case_ids": [
        12065106
      ],
      "pin_cites": [
        {
          "page": "825"
        }
      ],
      "opinion_index": 0,
      "case_paths": [
        "/a2d/454/0822-01"
      ]
    },
    {
      "cite": "773 A.2d 424",
      "category": "reporters:state_regional",
      "reporter": "A.2d",
      "case_ids": [
        11090329
      ],
      "weight": 3,
      "pin_cites": [
        {
          "page": "433"
        },
        {
          "page": "433"
        },
        {
          "page": "434"
        }
      ],
      "opinion_index": 0,
      "case_paths": [
        "/a2d/773/0424-01"
      ]
    },
    {
      "cite": "466 U.S. 668",
      "category": "reporters:federal",
      "reporter": "U.S.",
      "case_ids": [
        6204802
      ],
      "weight": 19,
      "year": 1984,
      "pin_cites": [
        {
          "page": "688"
        },
        {
          "page": "694"
        },
        {
          "page": "686"
        },
        {
          "page": "690"
        },
        {
          "page": "689"
        },
        {
          "page": "691"
        },
        {
          "page": "694"
        },
        {
          "parenthetical": "referring to the following contradictions between Reyes' and Sandoval's statements to Giesemann: (1) while Reyes said the cars stopped beside one another, Sandoval said they stopped behind one another; (2) while Reyes said the cars stopped at a stop sign, Sandoval said there was no stop sign; (3"
        }
      ],
      "opinion_index": 0,
      "case_paths": [
        "/us/466/0668-01"
      ]
    },
    {
      "cite": "581 A.2d 771",
      "category": "reporters:state_regional",
      "reporter": "A.2d",
      "case_ids": [
        7364687
      ],
      "pin_cites": [
        {
          "page": "774-75"
        }
      ],
      "opinion_index": 0,
      "case_paths": [
        "/a2d/581/0771-01"
      ]
    },
    {
      "cite": "498 A.2d 534",
      "category": "reporters:state_regional",
      "reporter": "A.2d",
      "case_ids": [
        7916141
      ],
      "weight": 4,
      "pin_cites": [
        {
          "page": "540"
        },
        {
          "page": "540"
        },
        {
          "page": "540"
        }
      ],
      "opinion_index": 0,
      "case_paths": [
        "/a2d/498/0534-01"
      ]
    },
    {
      "cite": "614 A.2d 25",
      "category": "reporters:state_regional",
      "reporter": "A.2d",
      "case_ids": [
        7926964
      ],
      "weight": 3,
      "pin_cites": [
        {
          "page": "30"
        }
      ],
      "opinion_index": 0,
      "case_paths": [
        "/a2d/614/0025-01"
      ]
    },
    {
      "cite": "801 A.2d 39",
      "category": "reporters:state_regional",
      "reporter": "A.2d",
      "case_ids": [
        9408080
      ],
      "weight": 13,
      "pin_cites": [
        {
          "page": "44"
        },
        {
          "page": "45"
        },
        {
          "page": "45",
          "parenthetical": "emphasis in original"
        },
        {
          "page": "43"
        },
        {
          "page": "44"
        },
        {
          "page": "45"
        },
        {
          "page": "46"
        },
        {
          "page": "45-46"
        },
        {
          "page": "46"
        },
        {
          "page": "46"
        }
      ],
      "opinion_index": 0,
      "case_paths": [
        "/a2d/801/0039-01"
      ]
    }
  ],
  "analysis": {
    "cardinality": 1262,
    "char_count": 37870,
    "ocr_confidence": 0.702,
    "pagerank": {
      "raw": 8.837411451414475e-08,
      "percentile": 0.49810239902017456
    },
    "sha256": "ac1fb7a6a001f648dc5cb2a37f53a482e97c69d83d54c1103bd1e359deff4a13",
    "simhash": "1:83d5b6fb5e8d072e",
    "word_count": 6230
  },
  "last_updated": "2024-02-27T22:03:52.266092+00:00",
  "provenance": {
    "date_added": "2019-08-29",
    "source": "Harvard",
    "batch": "2018"
  },
  "casebody": {
    "judges": [
      "Before TERRY, GLICKMAN, and WASHINGTON, Associate Judges."
    ],
    "parties": [
      "Gilfredo LOPEZ, Appellant, v. UNITED STATES, Appellee."
    ],
    "opinions": [
      {
        "text": "WASHINGTON, Associate Judge:\nAppellant Gilfredo Lopez (\u201cLopez\u201d) appeals the trial court\u2019s denial, following a hearing on remand, of his motion pursuant to D.C.Code \u00a7 23-110 (2001) to vacate and set aside his convictions for second-degree murder while armed, assault with intent to kill while armed, possession of a firearm during a crime of violence or dangerous offense, and carrying a pistol without a license. Specifically, Lopez contends that his trial attorney rendered ineffective assistance because he failed to interview and call as trial witnesses two individuals whose testimony, he argues, had a reasonable probability of altering the outcome of the trial. Finding no merit to Lopez\u2019s claim of ineffective assistance of counsel, we affirm.\nI.\nOn December 23, 1995, a group of individuals, including Gilfredo Lopez and Ruben Flores (\u201cthe decedent\u201d), were involved in an altercation at the Tracks nightclub and told to leave the premises. As Lopez drove away in a white Honda Civic, the decedent and his cousin, Carlos Flores (\u201cFlores\u201d), chased after him in a Toyota Forerunner. During the brief chase, the decedent rolled down the passenger side window and threw beer bottles at the Honda. Although Lopez allegedly fired a \u201cwarning shot,\u201d the Flores cousins continued to pursue him. The chase ended soon after it began, with both vehicles coming to a stop a few blocks away from the nightclub. Flores testified that he stepped out of the Forerunner, walked about five feet toward Lopez\u2019s car, and heard the decedent yell at him to get back into the truck. Next, Flores testified that Lopez raised his hand out the driver-side window and fired a shot that hit, but did not penetrate, the Forerunner\u2019s windshield. According to Flores, Lopez then got out of the Honda and fired more shots at the Toyota Forerunner. As Lopez approached, still firing shots, Flores rushed back inside the Forerunner to avoid being hit. One of the bullets hit the side of the Forerunner near the engine; another broke the passenger door window, spreading glass all over the passenger seat. The decedent was fatally injured when one of the bullets passed through the upper portion of his left arm and became lodged in his right lung. According to the medical examiner who testified on behalf of the government, the decedent had been shot from about five feet away. Although he could not describe the decedent\u2019s exact position when he was shot, Flores testified that the decedent had never exited the Forerunner.\nOnce Flores realized that his cousin had been shot, he began driving around in search of help. After alerting the police to what had happened, Flores followed the officers as they pursued Lopez\u2019s Honda. Flores stopped his vehicle four blocks away from the scene of the shooting, in the 100 block of M Street where the police had apprehended Lopez. There, the decedent was removed from the Forerunner, and a firefighter administered CPR until the paramedic and ambulance arrived to take him to the hospital.\nAlthough Lopez admitted to shooting and killing the decedent, he maintained that the shooting was in self-defense. At trial, he testified that he recognized the Flores cousins from the earlier fight at Tracks and believed they were chasing him in retaliation for that altercation. Lopez explained that he was afraid when the cousins continued pursuing his vehicle even after he fired a warning shot. Lopez testified that he was forced to stop his car behind stalled traffic and felt that he had to take some defensive action against his pursuers. When he saw the Toyota Forerunner\u2019s passenger and driver-side doors open, Lopez believed the cousins were coming after him. Lopez testified at trial, \u201cI got out of my car. I seen [sic] both Carlos and Ruben\u2019s doors open.... At the time I was in fear. I didn\u2019t know whether they were hurting me. So I grabbed my gun with both hands and I fired at the windshield, first shot.\u201d Lopez allegedly fired these shots \u201cto scare them off.\u201d He testified that when Flores returned to his car, he did not know whether Flores was fleeing the gunfire or retrieving a weapon of his own. In response, Lopez \u201cfired and fired.\u201d Lopez claimed that he fired at the passenger side door only when he saw it open and the decedent \u201cwas making an intent to come out.\u201d Lopez further testified that he \u201cdidn\u2019t see [the decedent] come out all the way,\u201d that he never saw the decedent\u2019s hands or body, and that the decedent was \u201chalf inside and half outside\u201d when the bullet hit him. Lopez testified that he never meant to shoot the decedent. Rather, he shot at the passenger door in the hopes of scaring the Flores cousins away.\nA. Lopez\u2019s \u00a7 23-110 Motion\nFollowing his convictions at trial, Lopez filed a \u00a7 23-110 motion alleging that trial counsel was constitutionally deficient because he failed to call at trial two exculpatory eyewitnesses, Nelson Reyes (\u201cReyes\u201d) and Miguel Sandoval (\u201cSandoval\u201d), along with expert witness Hal Franklin Sharpe (\u201cSharpe\u201d). According to Lopez, these witnesses would have offered testimony to support his theory of self-defense by corroborating his claim that the decedent was coming out of the car at him when he fired the fatal shot. Reyes and Sandoval were acquaintances of Lopez who happened to be driving behind the decedent\u2019s Forerunner at the time of the shooting. Reyes\u2019 affidavit indicated that during the chase, he\nsaw the passenger in the Toyota truck throw beer bottles at the Honda. When the cars stopped, Mr. Reyes \u201cobserved [Mr.] Lopez exit the Honda, at the same time that both the driver and passenger [that is the decedent, Mr. Ruben Flores] in the Toyota were exiting that car.\u201d He \u201crecalled] specifically that the passenger in the Toyota had opened his door and was getting out of the car.\u201d He added: \u201cIt appeared that the occupants of the Toyota were getting out to fight with the occupants of the Honda, in that both occupants opened their doors quickly and forcefully immediately after the Toyota had come to a stop.\u201d\nLopez v. United States (\u201cLopez I\u201d), 801 A.2d 39, 44 (D.C.2002) (alterations in original). Sandoval similarly stated in his affidavit that after the cars stopped, -he \u201cwitnessed the passenger of the [Forerunner] open his door and get out very quickly, as if he were about to get into a fight.\u201d Id. In addition to the two eyewitnesses, Lopez claimed that trial counsel erred in faffing to call expert witness Sharpe, \u201ca specialist in the scientific investigation of alleged homicides.\u201d Id. at 45. Sharpe had been hired by Lopez\u2019s former attorney Heather Shaner to provide expert testimony at trial. Lopez\u2019s subsequent trial counsel, however, decided not to use Sharpe as a witness. Sharpe\u2019s affidavit indicated that, had he been called at trial, he \u201cwould have testified, to a reasonable degree of scientific certainty, that the deeedent/passenger of the Toyota Forerunner was not seated in that vehicle at the time he was shot.\u201d Id. at 45 (emphasis in original).\nTrial counsel Terrence O\u2019Connor (\u201cO\u2019Connor\u201d) submitted an affidavit of his own, explaining his reasons for not calling these three witnesses. O\u2019Connor explained that he did not call Reyes as a witness because, although he saw both the passenger and driver side doors open, Reyes \u201cdid not see anyone get out.\u201d Id. at 43. O\u2019Connor believed this would contradict Lopez\u2019s claim that the passenger exited the car. With respect to Sandoval, O\u2019Connor averred that he decided not, to put him on the .stand because Sandoval had a criminal record and would have testified, contrary to Reyes, that the passenger door of the Toyota did not open. In addition, O\u2019Connor was wary of \u201c \u2018using friends and family as witnesses\u2019 because they could \u2018damage\u2019 the case.\u201d Id. at 44. Finally, O\u2019Connor\u2019s affidavit stated that he did not call Sharpe because \u201chis proposed testimony that \u2018the passenger had gotten out of- the car\u2019 would conflict with that of Mr. Reyes and Mr. Sandoval.\u201d Id. at 45.\nCrediting trial counsel\u2019s justification for not calling these witnesses, the trial court denied Lopez\u2019s \u00a7 23-110 motion without holding a hearing. On appeal from that decision, we concluded that the trial court\u2019s failure to hold a hearing was error. Id. at 46., We said that the affidavits of both eyewitnesses, if true, corroborated Lopez\u2019s claim that the decedent was in the process of exiting the Toyota when Lopez fired his shots at the car. Id. at 45-46. Moreover, we found that Sharpe\u2019s affidavit \u201cwould have established that Ruben Flores could not have been seated in the Toyota truck when he was fatally wounded.\u201d Id. If true, these affidavits tended to refute the testimony of key government witnesses, including the decedent\u2019s cousin, who claimed that the decedent had never left his seat. Ultimately, we concluded, \u201c[t]here is a reasonable probability that the testimony of Mr. Reyes, Mr. Sandoval[,] and Mr. Sharpe, if consistent with their affidavits and believed by reasonable jurors, would have affected the outcome of the case because of its tendency to support Mr. Lopez\u2019s self-defense theory.\u201d Id. at 46. Therefore, we remanded the case so that the trial court could hold a hearing on the merits of Lopez\u2019s \u00a7 23-110 motion.\nB. The hearing on Lopez\u2019s \u00a7 23-110 Motion\nSix witnesses testified at Lopez\u2019s \u00a7 23-110 hearing on July 11, 2002 and August 2, 2002. These witnesses included Shawn Moore (\u201cMoore\u201d), one of three attorneys who had preceded Terrence O\u2019Connor as trial counsel in this case, Arnold Giesem-ann (\u201cGiesemann\u201d), a private investigator hired by another of Lopez\u2019s former attorneys to interview potential witnesses, eyewitnesses Reyes and Sandoval, expert Sharpe, and trial counsel O\u2019Connor.\n1. Shawn Moore\u2019s Testimony\nShawn Moore was appointed in February 1997 as Lopez\u2019s second attorney in this case. According to his testimony at the \u00a7 23-110 hearing, Moore interviewed Nelson Reyes for approximately fifty minutes in March 1997. Based on his notes and recollections of that interview, Moore testified that Reyes had told him that he had been in the bathroom at the Tracks nightclub when the altercation occurred. Reyes told Moore that he left the club soon after and as he was driving away, he saw Lopez drive around him, followed by another vehicle that seemed to be chasing Lopez\u2019s car. Reyes told him that both cars stopped at a stop sign, Lopez got out of his car, and came within twenty feet of the passenger side of the vehicle that had been chasing him. At that point, Lopez opened fire, then got back inside his car and drove away. Although Moore could not recall whether he had specifically asked Reyes if he saw anyone getting out of the other vehicle, he testified that Reyes had never told him that he saw anyone getting out of that vehicle. After interviewing Reyes, Moore concluded that he \u201cdidn\u2019t think Mr. Reyes was helpful in the nature of self-defense, with the exception of corroborating the fact that there had been a chase.\u201d Moore testified that he had told Lopez he \u201cdidn\u2019t think [Reyes] was going to help us a whole lot.\u201d Although he had not communicated these conclusions to Terrence O\u2019Connor, Moore testified that he placed the memo summarizing his meeting with Reyes in the case file that he turned over to Lopez\u2019s subsequent attorney, Heather Shaner, who entered an appearance in the case on April 24,1997.\n2. Arnold Giesemann\u2019s Testimony\nPrivate investigator Giesemann, hired by attorney Shaner to interview witnesses for Lopez\u2019s defense, also testified at the \u00a7 23-110 hearing. Giesemann had interviewed both Reyes and Sandoval and offered testimony and notes regarding his 1997 interviews with both witnesses. Giesemann recalled that he had interviewed Reyes on August 3, 1997 and prepared a report memorializing the interview for Shaner. During the interview, Reyes reiterated that he had been in the bathroom during the altercation at Tracks, and that he left along with the other patrons who had been ejected. Reyes told Gies-emann that he pulled out of the parking lot onto First Street, crossed M Street going north, and then pulled to the side of the street waiting for Lopez to catch up with him. At that point, Reyes told Gies-emann that he heard a gun shot before Lopez drove past him, tailed by the Forerunner. Reyes recounted that the Forerunner stopped beside Lopez\u2019s car at a stop sign at First and L Streets. Reyes told Giesemann that he saw both the driver and passenger doors of the Forerunner open. In contradiction to Reyes\u2019 1999 affidavit,, however, Reyes told Giesemann that he did not see anyone get out of that vehicle. Although Giesemann wrote in his memorandum that Reyes came.across as honest and would probably make a good witness, he added, \u201c[b]ut hopefully, fuzzy on details.\u201d When asked at the' hearing to elaborate on this notation, Giesemann explained that Reyes\u2019 account included details that seemed wrong. Giesemann\u2019s report opined that, sitting in the driver\u2019s seat, Reyes would not have been able to see the passenger side of the Forerunner as he claimed. Giesemann\u2019s reports to attorney Shaner also highlighted the numerous discrepancies between Reyes\u2019 and Sandoval\u2019s eyewitness accounts of the shooting.\n3. Nelson Reyes\u2019 and Miguel Sandoval\u2019s Testimony\nAt the 23-110 hearing, both Reyes and Sandoval adopted their 1999 sworn affidavits as true and accurate accounts of what their trial testimony would have been. Reyes added that he saw the decedent throwing beer bottles at Lopez\u2019s car. He recounted that he had stopped his car' behind and slightly to the right of the Forerunner and saw both occupants of that vehicle \u201copening the door\u201d and getting out. Reyes claimed that he saw the decedent\u2019s \u201cwhole body\u201d come out of the car before Lopez fired his shots. Reyes could not remember having told anyone that he did not see the decedent leave the truck, and could not specifically recall having spoken with either Moore or Giesemann.\n4. Hal Franklin Sharpe\u2019s Testimony\nAt the \u00a7 23-110 hearing, expert Sharpe adopted his February 2000 affidavit, in which he opined that the decedent was not seated in the passenger seat when he was shot. Sharpe testified that, in preparing his expert opinion for the Lopez ease, he met with Attorney Shaner on several occasions, \u201creviewed the police reports, all of the crime scene photographs, sketches, the medical examiner\u2019s report[,] and the evidence reports,\u201d and examined both a sweater and a light-colored shirt which had been collected by the police as evidence and sealed in evidence bags. Sharpe testified that he examined the sweater with a magnifying glass and used a microscope on \u201cthe parts of the sweater that were closest to the cut area where the entrance wound would have been.\u201d\nIn forming his opinion, it appears that Sharpe relied heavily on photographs taken four blocks away from the scene of the shooting, at the location where the decedent was pulled from the Forerunner. When asked to state the basis for his opinion that the passenger door was open at the time of the shooting, Sharpe explained that the location of the broken glass in the photographs was highly significant.\nAs to whether the door itself was open, there\u2019s a high probability that the door was open based upon the glass that\u2019s on the ground below the vehicle. It was present in the crime scene photographs if you take a look at them.\nWhen questioned regarding the basis for his opinion that the passenger seat was empty at the time of the shooting, Sharpe again relied on the photographs. According to Sharpe,\nif someone had been seated in that car at the time that that glass was broken, then there should have been a lack of glass on the seat, particularly on the bottom seat cushion, because that glass would have landed on the individual as opposed to all over that seat and it was fairly uniform across the bottom seat cushion.\n[T]he fact that there\u2019s a fair amount of glass on the running board and also on the ground indicates to me that if it was a bullet that caused that glass to shatter, then the door had to be at least partially open at the time that the bullet hit the glass in order for these patterns of glass that you see on the running board and also on the ground to be here.\nSharpe also testified that the absence of glass fragments from the decedent\u2019s sweater meant that the decedent was not likely sitting next to the glass at the time of the shooting. Sharpe noted, however, that the lack of glass on the sweater was not determinative of where the decedent was located at the time of the shooting. When asked what conclusion he was able to draw from the lack of glass on the sweater, he replied, \u2018Well, none specifically from the sweater itself. The sweater is just one contributing factor.\u201d When the trial court asked Sharpe how far from the window the decedent could have been to avoid getting glass on his sweater, Sharpe said \u201c[fits impossible for me to tell without conducting experiments under similar circumstances.\u201d Sharpe did opine, however, that the decedent could have been no nearer than eighteen inches from the window to avoid being showered with glass fragments.\n5. Trial Counsel Terrence O\u2019Connor\u2019s Testimony\nTerrence O\u2019Connor assumed the role of Lopez\u2019s trial counsel on March 10, 1998. At the 23-110 hearing, he testified that he had been a practicing attorney for thirty-two years and during his career had defended numerous murder cases. Although O\u2019Connor recalled having spoken to Reyes prior to the trial, he decided not to re-interview that witness after reviewing the case file, which included memoranda prepared by Giesemann and Moore. O\u2019Con-nor offered two explanations for this decision: first, in his experience, witnesses would often change their stories over time, and second, he felt that re-interviews were unnecessary when the first interview established that the witness would not be helpful to his case. O\u2019Connor explained that Reyes\u2019 testimony would not have been useful because Reyes\u2019 statement to Gies-emann (that he did not see anyone get out of the passenger door) would have contradicted Lopez\u2019s testimony that the decedent came out of the passenger door. Further, O\u2019Connor testified that he was hesitant about calling, Reyes because Reyes appeared to be either a friend or personal acquaintance of Lopez and, therefore, was likely biased.\nNevertheless, O\u2019Connor admitted that Reyes\u2019 testimony could have supported Lopez\u2019s claim that the passenger door of the Forerunner opened. O\u2019Connor conceded that the issue of whether the door was open was not a minor one. During the trial, O\u2019Connor had even referred to Reyes as a \u201ccritical witness\u201d and requested that the trial court issue a bench warrant to bring him in. O\u2019Connor also testified, however, that during trial he was worried that using Reyes to establish that the door was open would \u201crun the risk of exposing [Reyes\u2019] entire statement\u201d (that he didn\u2019t see anyone get out of the car) to the jury. O\u2019Connor concluded that Reyes ceased to be a \u201ccritical\u201d witness once Lopez took the stand and testified that the door was open and the decedent came out.\nO\u2019Connor also testified regarding his decision not to call Sharpe as an expert witness. Although O\u2019Connor was aware that Sharpe would have testified that the decedent was not sitting in the passenger seat when he was shot, and that the passenger door of the Forerunner had likely been open when the bullet shattered the window, O\u2019Connor had only spoken with Sharpe once during his trial preparation.. O\u2019Connor conceded that Sharpe\u2019s expert opinion that the decedent was no.t in the passenger seat would have been important, if true. O\u2019Connor questioned the validity of Sharpe\u2019s conclusions, however, in light of the conflicting testimony of eyewitnesses Reyes and Sandoval who both established that no one exited the passenger door of the car. Thus, O\u2019Connor felt that putting on Sharpe\u2019s testimony would have been \u201cmisleading the jury.\u201d Shortly after making these statements, when asked why he had explicitly mentioned the glass on the seat in his closing argument to the jury, O\u2019Connor answered that he was not sure.\nC. The Trial Court\u2019s Denial of the \u00a7 23-110 Motion\nOn November 1, 2002, the trial court issued an order denying Lopez\u2019s \u00a7 23-110 motion alleging ineffective assistance of counsel because Lopez had not established prejudice. Based on the evidence presented at the hearing, the trial court was \u201cconvinced\u201d that\nMiguel Sandoval and Nelson Reyes did not in fact see the decedent open his door and get out of the [Forerunner] in a threatening manner. Their 1999 affidavits, which are inconsistent with their statements to Giesemann, are incredible. Consciously or unconsciously, they have tailored their account of this 1995 event to help Gilfredo Lopez\u2019s defense.\nIn the trial court\u2019s view, the \u201cbest evidence\u201d of how Reyes and Sandoval would have testified had they been called at trial were the statements each had made in 1997 to attorney Moore and investigator Giesemann. The court concluded that Lopez had not been prejudiced by the failure to call these two witnesses because \u201cif Sandoval and Reyes both testified consistent with their statements to Giesemann they would have weakened Lopez\u2019s own version by giving contradictory testimony. If they testified consistent with their affidavits, impeachment would have seriously weakened their credibility and in turn have cast doubt on Lopez\u2019s credibility.\u201d\nLikewise, the trial court found that Lopez had not been prejudiced by trial counsel\u2019s decision not to call expert Hal Sharpe. The court found that Sharpe\u2019s opinion was \u201cneither necessary nor persuasive\u201d because no expert was needed for counsel to argue, based on the photographic evidence and the autopsy report, that the door was open and the decedent was not sitting in the passenger seat at the time of the shooting. The court also found Sharpe\u2019s opinions to be of questionable value because \u201cthey were based on photographs taken after the [Forerunner] had traveled several blocks away from the shooting and had been disturbed by emergency workers.\u201d Further, the court found that because the real issue in dispute at trial was whether Lopez reasonably believed that the decedent was aggressively coming toward him, \u201ccorroboration of Lopez\u2019s testimony that the door was open and that the decedent was getting out was not necessary.\u201d\nII.\nOn appeal, Lopez contends that the trial court erred in ruling that his attorney was not constitutionally deficient for failing to interview or call at trial eyewitness Reyes and expert Sharpe. The trial court\u2019s determination that Lopez\u2019s counsel was not constitutionally deficient presents a mixed question of law and fact. See Byrd v. United States, 614 A.2d 25, 30 (D.C.1992) (citing Curry v. United States, 498 A.2d 534, 540 (D.C.1985)). We review the trial court\u2019s legal conclusions de novo, but accept the trial court\u2019s factual findings unless they lack evidentiary support in the record. See Byrd, 614 A.2d at 30 (citing Curry, 498 A.2d at 540). While we defer to those findings of fact that are directly related to the judge\u2019s presence in the courtroom, findings based on documents or other writings do not merit nearly as much deference, if any at all. Id. (citing In re S.G., 581 A.2d 771, 774-75 (D.C.1990)).\nLopez can prevail on his ineffective assistance of counsel claim only if he demonstrates both that counsel\u2019s performance was constitutionally deficient, and that the deficient performance prejudiced his defense. Byrd, 614 A.2d at 29 (citing generally Strickland v. Washington, 466 U.S. 668, 104 S.Ct. 2052, 80 L.Ed.2d 674 (1984)). To establish constitutionally deficient performance, Lopez must show that counsel\u2019s \u201c \u2018representation fell below an objective standard of reasonableness.\u2019 \u201d Walls v. United States, 773 A.2d 424, 433 (D.C.2001) (quoting Strickland, 466 U.S. at 688, 104 S.Ct. 2052). To establish prejudice, Lopez must show that \u201c \u2018there is a reasonable probability that, but for counsel\u2019s unprofessional errors, the result of the proceeding would have been different.\u2019 \u201d Id. (quoting Strickland, 466 U.S. at 694, 104 S.Ct. 2052). Ultimately, Lopez must convince us that \u201c \u2018counsel\u2019s conduct so undermined the proper functioning of the adversarial process that the trial cannot be relied on as having produced a just result.\u2019 \u201d Id. (quoting Strickland, 466 U.S. at 686). On this, Lopez bears a heavy burden.\nWhen assessing the reasonableness of counsel\u2019s decision not to interview or call at trial Reyes and Sharpe, we consider the totality of the circumstances as they existed at the time those decisions were made. See Curry, 498 A.2d at 540; see also Strickland, 466 U.S. at 690, 104 S.Ct. 2052. Our review is \u201c \u2018highly deferential\u2019 \u201d and we \u201c \u2018indulge a strong presumption that counsel\u2019s conduct falls within the wide range of reasonable professional assistance.\u2019 \u201d Walls, 773 A.2d at 433 (quoting Strickland, 466 U.S. at 689, 104 S.Ct. 2052). \u201c[T]he decision to call witnesses is a judgment left almost exclusively to counsel.\u201d Smith v. United States, 454 A.2d 822, 825 (D.C.1983) (citation and internal quotation marks omitted). Where a witness is of minimal value to the defense, it is not unreasonable for an attorney to forego the use of that witness at trial. See Walls, 773 A.2d at 434; see also Parker v. United States, 601 A.2d 45, 53 (D.C.1991) (stating that we will not \u201csecond guess\u201d the tactical decision of trial counsel not to call a witness where counsel believes that witness\u2019s testimony would be more inculpatory than exculpatory).\nWe first consider counsel\u2019s decision not to call eyewitness Nelson Reyes to testify at trial. Relying upon the 1999 affidavit in which Reyes claimed to have seen the decedent aggressively exiting his car before the fateful shots were fired, Lopez argues that the failure to call Reyes as a witness was both objectively unreasonable and prejudicial to his self-defense claim. Even though the trial court discredited Reyes\u2019 1999 affidavit, we are satisfied that even had Reyes been called as a witness, the outcome of the trial would not have been different.\nAlthough it is true that a portion of Reyes\u2019 statement would have supported Lopez\u2019s case (by establishing that the passenger door was open), the remainder of his statement (that he did not see the decedent get out of the car) was potentially harmful. A reasonable juror might well have inferred from Reyes\u2019 statement that the decedent, in fact, did not get out of the car, as Lopez later claimed when he took the stand. At the hearing, it came to light that Reyes had made statements in 1997 that flatly contradicted the assertions made in his 1999 affidavit. When attorney Moore questioned Reyes, Reyes said absolutely nothing about the passenger door being open or about the decedent exiting the car. Moreover, when questioned by private investigator Giesemann, Reyes claimed that he did not see anyone get out of the Forerunner when the passenger door opened. Indeed, at the \u00a7 23-110 hearing, trial counsel suggested that this was one of the reasons he hesitated to use Reyes as a witness.\nWe turn next to Lopez\u2019s claim that trial counsel was ineffective for failing to call Sharpe to testify. According to Lopez, had Sharpe testified, he would have provided \u201cscientific corroboration\u201d of Lopez\u2019s claim that the decedent was not seated in the car when he was fatally shot. Because Sharpe\u2019s testimony would have supported his theory of self-defense, Lopez argues that it was objectively unreasonable for trial counsel not to call Sharpe as an expert witness and that, had Sharpe testified, the outcome of the trial would likely have been different. Because we conclude that Lopez was not prejudiced by trial counsel\u2019s failure to call Sharpe, we need not decide whether counsel erred in failing to put him on the stand. See Strickland, 466 U.S. at 691, 104 S.Ct. 2052 (\u201cAn error by counsel, even if professionally unreasonable, does not warrant setting aside the judgment of a criminal proceeding if the error had no effect on the judgment.\u201d).\nTo establish prejudice, Lopez relies heavily on our observation in Lopez I that if Sharpe, Reyes, and Sandoval had all testified \u201cconsistent with their affidavits and [were] believed by reasonable jurors,\u201d there is a reasonable probability that the outcome of the case would have been different. Lopez I, 801 A.2d at 46. Despite its apparent significance, this observation was based on the bare contents of the defense witnesses\u2019 affidavits, with the express understanding that an evidentiary hearing was necessary to resolve the factual issues raised therein. Id. As we previously discussed, the trial court\u2019s evidentia-ry hearing in this matter raised significant questions about the probative value of Reyes\u2019 testimony, especially given the potential impeachment based on his statements in 1997, and we are not convinced that Sharpe\u2019s testimony alone had a reasonable probability of altering the outcome of the trial. This is particularly so because the evidence presented at the Section 23-110 hearing casts serious doubts upon the reliability of Sharpe\u2019s opinion.\nAt the hearing and presumably at trial, Sharpe would have testified that at the time of the shooting, the passenger door of the Forerunner was open and the decedent was not in his seat. Sharpe based his opinion about the decedent\u2019s location at the time of the shooting on his review of photographs taken at the scene of the arrest and his examination of the decedent\u2019s sweater. In the arrest scene photographs of the Forerunner, shards of glass could be seen on the passenger seat, on the floor, in the door jamb, and, most tellingly, on the ground outside of the vehicle. Based on the location of the glass in these pictures, Sharpe opined that the door had to have been open at the time of the shooting, otherwise the glass would not have fallen where it lay. Had these pictures been taken at the scene of the shooting, immediately after the fateful shots were fired, they might have formed a reliable foundation for Sharpe\u2019s expert opinion. However, the photographs Sharpe relied upon for his expert opinion were taken after the Forerunner had traveled four blocks from the scene of the shooting and after the decedent\u2019s door had been opened by paramedics who forcibly removed the decedent from the passenger seat of the vehicle in an effort to save his life. To the extent that Sharpe\u2019s opinion was based on the absence of glass shards from the decedent\u2019s sweater, we note that Sharpe himself admitted he could draw no conclusion from this evidence alone. The sweater was \u201cjust one contributing factor\u201d to his otherwise flawed conclusion. Because Sharpe\u2019s expert opinion relied in significant part on the location of the glass fragments in the photographs, which he erroneously believed had been taken at the scene of the shooting, Sharpe\u2019s testimony was of questionable admissibility because the probative value of that testimony would have been significantly outweighed by its potential to mislead the jury. See generally Ibn-Tamas v. United States, 407 A.2d 626, 639-40 (D.C.1979).\nWe are satisfied, however, that even if trial counsel had called Sharpe as an expert witness and the trial court had allowed Sharpe to testify, the fundamental weaknesses in Sharpe\u2019s opinion would have been revealed during cross-examination. In fact, the trial court expressed the likely sentiment of all of the jurors when it stated that \u201cMr. Sharpe\u2019s willingness to express ... an opinion based on the [arrest scene] photographs defense counsel showed to him at the hearing seriously undermined his overall credibility as a crime scene expert.\u201d Because the factual underpinnings of Sharpe\u2019s opinion would have so easily been discredited on cross-examination, we are satisfied that a reasonable juror would not have given his opinion much, if any, weight. Therefore, we conclude that trial counsel\u2019s failure to call Hal Sharpe as an expert witness would not, in all reasonable probability, have affected the outcome of the trial. See Strickland, 466 U.S. at 694, 104 S.Ct. 2052.\nAffirmed.\n. In violation of D.C.Code \u00a7\u00a7 22-2403, -3202 (1996), recodified at D.C.Code \u00a7\u00a7 22-2103, - 4502 (2001).\n. In violation of D.C.Code \u00a7\u00a7 22-501, -3202 (1996), recodified at D.C.Code \u00a7\u00a7 22-401, - 4502 (2001).\n. In violation of D.C.Code \u00a7 22-3204(b) (1996), recodified at D.C.Code \u00a7 22 \u2014 4504(b) (2001).\n. In violation of D.C.Code \u00a7 22-3204(a) (1996), recodified at D.C.Code \u00a7 22-4504(a) (2001).\n. At the beginning of his brief to this court, Lopez frames the \"issue presented\u201d as whether trial counsel provided ineffective assistance by \"failing to secure the presence of two critical fact witnesses\u201d (presumably Nelson Reyes and Miguel Sandoval) and an expert witness (Hal Sharpe). The remainder of his brief, however, focuses only upon counsel's failure to call Reyes and Sharpe, thereby abandoning his argument with respect to Sandoval. See Bardoff v. United States, 628 A.2d 86, 90 n. 8 (D.C.1993) (citing D.C.App. R. 28(a)(5)) (when appellants \"provide no supporting argument in their brief for [a] general assertion,\u201d we treat the argument as \u201cabandoned\u201d).\n.Co-defendant Raul Lopez-Gonzales was a passenger in Lopez\u2019s car.\n. Lopez\u2019s \u00a7 23-110 motion also alleged that trial counsel was deficient for failing to prepare him adequately to testify and to develop a coherent strategy to deal with his gang affiliation.\n. This conclusion was based on trial counsel\u2019s review of the case materials inherited from Lopez's prior counsel, Heather Shaner. Shaner had hired private investigator Arnold Giesemann to interview potential witnesses, including Reyes and Sandoval, and Giesem-ann's notes were among the records relied upon by counsel.\n. Because Lopez has abandoned his ineffectiveness claim regarding trial counsel\u2019s failure to call Sandoval as a witness, we refer to Sandoval's hearing testimony only to the extent that it relates to trial counsel's decision not to call Reyes and Sharpe as witnesses.\n. Sandoval, by contrast, had told Giesemann that the cars stopped one behind the other.\n. Giesemann\u2019s investigation revealed that there had never been a stop sign at this location. Sandoval told Giesemann that he did not recall seeing a stop sign on First Street and said there was no traffic in front of Lopez's car to cause him to stop. This latter statement would have contradicted Lopez's testimony at trial that he was forced to stop by stalled traffic.\n. Sandoval told Giesemann that as he watched, he saw that the passenger side door of the Forerunner did not open. This original statement to Giesemann contrasts sharply with Sandoval\u2019s 1999 affidavit wherein he claimed not only that the passenger door opened,, but that the passenger aggressively jumped out.\n.See notes 8 through 10, supra (referring to the following contradictions between Reyes\u2019 and Sandoval\u2019s statements to Giesemann: (1) while Reyes said the cars stopped beside one another, Sandoval said they stopped behind one another; (2) while Reyes said the cars stopped at a stop sign, Sandoval said there was no stop sign; (3) while Reyes said both of the Forerunner's front doors opened, Sandoval said specifically that the Forerunner's passenger door did not open).\n. It is unclear whether Sharpe knew that these photographs had not been taken at the scene of the shooting. His description of the photographs as \"crime scene\u201d photographs implies, however, that he was unaware that the photographs had been taken at the scene of the arrest.\n. At the hearing, O'Connor could not recall why he had referred to Reyes as \"critical\u201d and opined that he may have been speaking out of \"an abundance of caution.\u201d\n. In his brief, Lopez argues that trial counsel\u2019s stated reasons for not calling Reyes were unpersuasive because at trial he referred to Reyes as a \"critical\u201d witness. Regardless of why trial counsel chose not to put Reyes on the stand, Reyes' testimony was not likely to have made a difference in the outcome of the trial.\n. At the hearing, Sharpe had claimed that \"the fact that there\u2019s a fair amount of glass on the running board and also on the ground indicates to me that if it was a bullet that caused that glass to shatter, then the door had to be at least partially open at the time that the bullet hit the glass in order for these patterns of glass that you see on the running board and also on the ground to be here.\u201d\n. According to the trial court, Lopez \"himself testified that after the shooting the decedent settled back into the truck and was sitting on the passenger seat when the police opened the door.\u201d\n.Although the trial court did not expressly state that it would have excluded Sharpe\u2019s expert testimony as more prejudicial than probative, the court\u2019s disdain for and complete rejection of the expert\u2019s testimony leads us to believe that the trial court ultimately may have reached that conclusion. As this court has often recognized, \" \u2018[t]he evaluation and weighing of evidence for relevance and potential prejudice is quintessentially a discretionary function of the trial court, and we owe a great degree of deference to its decision.\u2019 \u201d Nixon v. United States, 728 A.2d 582, 594 (D.C.1999) (quoting Johnson v. United States, 683 A.2d 1087, 1095 (D.C.1996) (en banc) (citations omitted); cert. denied, 520 U.S. 1148, 117 S.Ct. 1323, 137 L.Ed.2d 484 (1997)).",
        "type": "majority",
        "author": "WASHINGTON, Associate Judge:"
      }
    ],
    "attorneys": [
      "Paul Y. Kiyonaga, with whom Debra L. Soltis was on the brief, for appellant.",
      "John P. Gidez, Assistant United States Attorney, with whom Roscoe C. Howard, Jr., United States Attorney at the time the brief was filed, and John R. Fisher, Roy W. McLeese III, Anthony Asuncion, and Carolyn K. Kolben, Assistant United States Attorneys, were on the brief, for appellee."
    ],
    "corrections": "",
    "head_matter": "Gilfredo LOPEZ, Appellant, v. UNITED STATES, Appellee.\nNo. 03-CO-88.\nDistrict of Columbia Court of Appeals.\nArgued Feb. 24, 2004.\nDecided Dec. 30, 2004.\nPaul Y. Kiyonaga, with whom Debra L. Soltis was on the brief, for appellant.\nJohn P. Gidez, Assistant United States Attorney, with whom Roscoe C. Howard, Jr., United States Attorney at the time the brief was filed, and John R. Fisher, Roy W. McLeese III, Anthony Asuncion, and Carolyn K. Kolben, Assistant United States Attorneys, were on the brief, for appellee.\nBefore TERRY, GLICKMAN, and WASHINGTON, Associate Judges."
  },
  "file_name": "0852-01",
  "first_page_order": 902,
  "last_page_order": 914
}
