{
  "id": 7372513,
  "name": "BAYWOOD CORPORATION, et al. v. MAINE BONDING & CASUALTY CO., et al.",
  "name_abbreviation": "Baywood Corp. v. Maine Bonding & Casualty Co.",
  "decision_date": "1993-07-22",
  "docket_number": "",
  "first_page": "1029",
  "last_page": "1032",
  "citations": [
    {
      "type": "official",
      "cite": "628 A.2d 1029"
    }
  ],
  "court": {
    "name_abbreviation": "Me.",
    "id": 9543,
    "name": "Maine Supreme Judicial Court"
  },
  "jurisdiction": {
    "id": 42,
    "name_long": "Maine",
    "name": "Me."
  },
  "cites_to": [
    {
      "cite": "559 A.2d 338",
      "category": "reporters:state_regional",
      "reporter": "A.2d",
      "case_ids": [
        7884878
      ],
      "year": 1989,
      "pin_cites": [
        {
          "page": "338"
        }
      ],
      "opinion_index": 0,
      "case_paths": [
        "/a2d/559/0338-01"
      ]
    },
    {
      "cite": "396 N.W.2d 229",
      "category": "reporters:state_regional",
      "reporter": "N.W.2d",
      "case_ids": [
        10650776
      ],
      "pin_cites": [
        {
          "page": "236-37"
        }
      ],
      "opinion_index": 0,
      "case_paths": [
        "/nw2d/396/0229-01"
      ]
    },
    {
      "cite": "423 So.2d 525",
      "category": "reporters:state_regional",
      "reporter": "So. 2d",
      "case_ids": [
        9534720,
        9534633
      ],
      "pin_cites": [
        {
          "page": "528"
        }
      ],
      "opinion_index": 0,
      "case_paths": [
        "/so2d/423/0525-02",
        "/so2d/423/0525-01"
      ]
    },
    {
      "cite": "584 A.2d 608",
      "category": "reporters:state_regional",
      "reporter": "A.2d",
      "case_ids": [
        7389381
      ],
      "pin_cites": [
        {
          "page": "610"
        }
      ],
      "opinion_index": 0,
      "case_paths": [
        "/a2d/584/0608-01"
      ]
    },
    {
      "cite": "564 A.2d 383",
      "category": "reporters:state_regional",
      "reporter": "A.2d",
      "case_ids": [
        11318706
      ],
      "weight": 4,
      "pin_cites": [
        {
          "page": "384"
        },
        {
          "page": "387"
        },
        {
          "page": "386",
          "parenthetical": "general comprehensive liability policy affords coverage when faulty work causes an accident resulting in physical damage to others, but not for contractor's product or complete work, which is a business expense"
        },
        {
          "page": "387",
          "parenthetical": "replacement of defective and damaged building frame was not within coverage of comprehensive general liability policy"
        }
      ],
      "opinion_index": 0,
      "case_paths": [
        "/a2d/564/0383-01"
      ]
    },
    {
      "cite": "469 A.2d 832",
      "category": "reporters:state_regional",
      "reporter": "A.2d",
      "case_ids": [
        7978585
      ],
      "weight": 2,
      "pin_cites": [
        {
          "page": "834"
        },
        {
          "page": "833"
        }
      ],
      "opinion_index": 0,
      "case_paths": [
        "/a2d/469/0832-01"
      ]
    }
  ],
  "analysis": {
    "cardinality": 493,
    "char_count": 9006,
    "ocr_confidence": 0.802,
    "pagerank": {
      "raw": 2.4986852007206845e-07,
      "percentile": 0.8092678376229656
    },
    "sha256": "e4cbcbfe339d4b0b27db2e2e4efee66798b925bf2a7bac2290c7c8409c344e4c",
    "simhash": "1:fc16475e0a2db05e",
    "word_count": 1431
  },
  "last_updated": "2024-02-27T17:24:54.993544+00:00",
  "provenance": {
    "date_added": "2019-08-29",
    "source": "Harvard",
    "batch": "2018"
  },
  "casebody": {
    "judges": [
      "Before WATHEN, C.J., and ROBERTS, GLASSMAN, CLIFFORD, COLLINS and DANA, JJ."
    ],
    "parties": [
      "BAYWOOD CORPORATION, et al. v. MAINE BONDING & CASUALTY CO., et al."
    ],
    "opinions": [
      {
        "text": "CLIFFORD, Justice.\nMaine Bonding and Casualty Company and American Fidelity Company (the insurers) appeal from a summary judgment entered in the Superior Court (York County, Cole, J.) in favor of the plaintiffs, Baywood Corporation, R.E. Marier, Inc., and Robert E. Marier, Jr. (the developers), that the insurers are obligated to defend the developers in a pending civil action brought by the owners of a condominium project developed, built, and sold by the developers. Because the complaint does not allege damages within the provisions of the comprehensive general liability policy, we vacate the judgment.\nIt is alleged in the underlying complaint that the developers marketed and sold condominium units in Kennebunk beginning in 1982 and represented to potential owners that the development would be serviced by public water and sewer facilities and that its internal water and sewer system would be accepted by the town. In September 1987, the condominium association accepted control of the condominium from the developers. Sometime thereafter, the Town of Kennebunk refused to accept the development\u2019s sewer system due to its inadequate design. The association brought suit against Baywood, the developer, R.E. Mari-er, Inc., the marketing agent, and Robert E. Marier, Jr., as an insider of Baywood Corporation and transferee of its assets via a liquidating trust, claiming fraudulent misrepresentation, breach of warranty, breach of contract, negligence, negligent misrepresentation, and a violation of the uniform fraudulent transfer act.\nThe developers referred the complaint to their insurers. Maine Bonding had insured the developers pursuant to a comprehensive general liability policy in effect from June 26, 1981 to June 26, 1984. Coverage for the developers thereafter was provided by American Fidelity under a similar general comprehensive liability policy. Both insurers refused to defend or indemnify the developers in the underlying action. The developers filed a complaint for declaratory relief and, following a hearing on cross-motions for a summary judgment, the court concluded that the insurers have a duty to defend the developers in the underlying action. This appeal by the insurers followed.\nAn insurer\u2019s duty to defend its insured presents a question of law, L. Ray Packing Co. v. Commercial Union Ins. Co., 469 A.2d 832, 834 (Me.1983), that the court determines by comparing the allegations in the underlying complaint with the provisions of the insurance policy. Peerless Ins. Co. v. Brennon, 564 A.2d 383, 384 (Me.1989). The insured is entitled to a defense \u201cif there exists any legal or factual basis which could be developed at trial that would obligate the insurers to pay under the policy.\u201d L. Ray Packing, 469 A.2d at 833. The duty to defend, while it is considerably broader than the duty to indemnify, does not encompass alleged hazards not within the scope of the policy. We agree with the insurers\u2019 contention that, because the complaint does not allege actual damage to property but rather seeks damages for replacing defective workmanship, which is a business risk specifically excluded from the policy, they have no obligation to defend the underlying action.\nThe standard comprehensive general liability policy, in exclusions (m), (n), and (o), specifically excludes coverage for business risks based on the contractor\u2019s warranty for its work. See Massachusetts Bay Ins. Co. v. Ferraiolo Constr. Co., 584 A.2d 608, 610 (Me.1990); Peerless Ins. Co., 564 A.2d at 387. What is insured, therefore, under the standard comprehensive general liability policy is property damage resulting from an occurrence of harm occasioned by negligent workmanship. What is not insured is the repair or replacement of the faulty work. Peerless Ins. Co., 564 A.2d at 386 (general comprehensive liability policy affords coverage when faulty work causes an accident resulting in physical damage to others, but not for contractor\u2019s product or complete work, which is a business expense). Here, the complaint refers generally to property damage but alleges no physical damage to the units or to the sewer system itself. Only the devaluation of the units because of the town\u2019s refusal to accept the sewer system and the added cost to the association to maintain and service a private system or to upgrade the system to meet the town\u2019s specifications for public acceptance are specified as damages in the complaint. It is not damages for injury to property caused by the faulty design of the system that the association seeks, but rather the cost to replace or upgrade the system. Thus, the complaint does not allege property damage within the policy\u2019s coverage. See id. at 387 (replacement of defective and damaged building frame was not within coverage of comprehensive general liability policy).\nNor does the broad form endorsement modify exclusion (o) to provide coverage otherwise excluded by the policy. The deletion in the endorsement of the words \u201cwork performed on behalf of the insured,\u201d contained in exclusion (o), acknowledges the incorporation of a subcontractor\u2019s work in the finished product; it does not create coverage for faulty work by a subcontractor.\nThe deletion of the phrase relating to subcontractors in the exclusion in the completed operations policy makes sense because the insured contractor has presumably accepted the subcontractor\u2019s work as his own (at least so far as its potential tort liability is concerned), and has turned the completed work over to the owner by the time such a completed operations policy is operative.\nTucker Constr. Co. v. Michigan Mut. Ins. Co., 423 So.2d 525, 528 (Fla.App.1982). Thus, the broad form endorsement does not alter the terms and conditions of the policy, but merely extends the existing coverage to insure against property damage arising from an occurrence after the completion of the project. It does not provide new coverage for the business risk of the defective workmanship of the insured or its subcontractors. See Knutson Constr. Co. v. St. Paul Fire & Marine Ins. Co., 396 N.W.2d 229, 236-37 (Minn.1986).\nwith respect to the completed operations hazard and with respect to any classification stated in the policy or in the company\u2019s manual as \"including completed operations,\u201d to property damage to work performed by the named insured arising out of such work or any portion thereof, or out of such materials, parts or equipment furnished in connection therewith.\nBecause we find that the insurers have no duty to defend under the terms of the comprehensive general liability policy, we need not address the specific application of the policy to R.E. Marier, Inc. or to Robert E. Marier, Jr.\nThe entry is:\nJudgment vacated. Remanded to the Superior Court for entry of judgment for the insurers.\nAll concurring.\n. Contrary to Maine Bonding\u2019s contention, the losses claimed by the condominium owners do not postdate the effective dates of its policy. The harm claimed by the unit owners arose as of the date they purchased their units in reliance on the alleged faulty design of the sewer system, even though the town had not yet rejected the system. Accordingly, Maine Bonding\u2019s policy covers part of the time period during which the injury is claimed. Cf. Kraul v. Maine Bonding & Cas. Co., 559 A.2d 338, 338 (Me. 1989).\n. Exclusion (m) provides that the insurance does not apply\nto the loss of use of tangible property which has not been physically injured or destroyed resulting from ...\n(2) the failure of the named insured's products or work performed by or on behalf of the named insured to meet the level of performance, quality, fitness or durability warranted or represented by the named insured; but this exclusion does not apply to loss of use of other tangible property resulting from the sudden and accidental physical injury to or destruction of the named insured\u2019s products or work performed by or on behalf of the named insured after such products have been put to use by any persons or organization other than an insured;\nExclusion (n) provides that the insurance does not apply\nto property damage to the named insured\u2019s products arising out of such products or any part of such products;\nExclusion (o) provides that the insurance does not apply\nto property damage to work performed by or on behalf of the named insured arising out of the work or any portion thereof, or out of materials, parts or equipment furnished in connection therewith.\n. The broad form endorsement modifies exclusion (o) to provide that the insurance does not apply",
        "type": "majority",
        "author": "CLIFFORD, Justice."
      }
    ],
    "attorneys": [
      "Edward W. MacColl (orally), Thompson, McNaboe, Ashley & Bull, Portland, for plaintiff.",
      "Martica S. Douglas (orally), Douglas, Whiting, Quinn & Denham, Portland, Brett D. Baber (orally), Rudman & Winchell, Bangor, for defendant."
    ],
    "corrections": "",
    "head_matter": "BAYWOOD CORPORATION, et al. v. MAINE BONDING & CASUALTY CO., et al.\nSupreme Judicial Court of Maine.\nArgued April 28, 1993.\nDecided July 22, 1993.\nEdward W. MacColl (orally), Thompson, McNaboe, Ashley & Bull, Portland, for plaintiff.\nMartica S. Douglas (orally), Douglas, Whiting, Quinn & Denham, Portland, Brett D. Baber (orally), Rudman & Winchell, Bangor, for defendant.\nBefore WATHEN, C.J., and ROBERTS, GLASSMAN, CLIFFORD, COLLINS and DANA, JJ."
  },
  "file_name": "1029-01",
  "first_page_order": 1095,
  "last_page_order": 1098
}
