{
  "id": 7372992,
  "name": "STATE of Maine v. Frederick MARSHALL",
  "name_abbreviation": "State v. Marshall",
  "decision_date": "1993-08-02",
  "docket_number": "",
  "first_page": "1061",
  "last_page": "1062",
  "citations": [
    {
      "type": "official",
      "cite": "628 A.2d 1061"
    }
  ],
  "court": {
    "name_abbreviation": "Me.",
    "id": 9543,
    "name": "Maine Supreme Judicial Court"
  },
  "jurisdiction": {
    "id": 42,
    "name_long": "Maine",
    "name": "Me."
  },
  "cites_to": [
    {
      "cite": "434 A.2d 509",
      "category": "reporters:state_regional",
      "reporter": "A.2d",
      "case_ids": [
        7988314
      ],
      "pin_cites": [
        {
          "page": "513-14"
        }
      ],
      "opinion_index": 0,
      "case_paths": [
        "/a2d/434/0509-01"
      ]
    },
    {
      "cite": "270 A.2d 460",
      "category": "reporters:state_regional",
      "reporter": "A.2d",
      "case_ids": [
        8107102
      ],
      "pin_cites": [
        {
          "page": "463"
        }
      ],
      "opinion_index": 0,
      "case_paths": [
        "/a2d/270/0460-01"
      ]
    },
    {
      "cite": "446 A.2d 1125",
      "category": "reporters:state_regional",
      "reporter": "A.2d",
      "case_ids": [
        8012745
      ],
      "pin_cites": [
        {
          "page": "1128"
        }
      ],
      "opinion_index": 0,
      "case_paths": [
        "/a2d/446/1125-01"
      ]
    },
    {
      "cite": "586 A.2d 1267",
      "category": "reporters:state_regional",
      "reporter": "A.2d",
      "case_ids": [
        7377618
      ],
      "weight": 2,
      "pin_cites": [
        {
          "page": "1270"
        }
      ],
      "opinion_index": 0,
      "case_paths": [
        "/a2d/586/1267-01"
      ]
    }
  ],
  "analysis": {
    "cardinality": 235,
    "char_count": 2409,
    "ocr_confidence": 0.744,
    "pagerank": {
      "raw": 1.2790643316069048e-07,
      "percentile": 0.6170996841900821
    },
    "sha256": "64f77bb3a9fdbdbc690228a3e25d248b9da6b53d11ba7e5d8ddce644b1ba9452",
    "simhash": "1:e6629f2c483dff61",
    "word_count": 385
  },
  "last_updated": "2024-02-27T17:24:54.993544+00:00",
  "provenance": {
    "date_added": "2019-08-29",
    "source": "Harvard",
    "batch": "2018"
  },
  "casebody": {
    "judges": [
      "Before ROBERTS, GLASSMAN, CLIFFORD, COLLINS, RUDMAN and DANA, JJ."
    ],
    "parties": [
      "STATE of Maine v. Frederick MARSHALL."
    ],
    "opinions": [
      {
        "text": "DANA, Justice.\nAfter a jury trial, Frederick Marshall was convicted of murder, in violation of 17-A M.R.S.A. \u00a7 201(1)(A) (1983), for killing Jeffrey Tilley and possession of a firearm by a felon, in violation of 15 M.R.S.A. \u00a7 393 (Supp.1992). The Superior Court (Knox County, Smith, J.) entered judgment, from which Marshall now appeals.\nWe reject Marshall\u2019s contention that the State\u2019s closing argument was so manifestly prejudicial that he was deprived of a fair trial. There was no objection to the argument at trial. Accordingly, we review for obvious error, State v. Tomah, 586 A.2d 1267, 1270 (Me.1991), and we find none.\nDuring its closing and rebuttal arguments, the State characterized a manslaughter verdict, a lesser included offense to murder, as nothing more than a \u201csympathy vote,\u201d it misstated the law with respect to reputation evidence and unfairly characterized the eye-witness\u2019s testimony. Neither individually nor cumulatively do these errors rise to the level of obviousness in the instant context. Id.\nWe note, however, that the prosecutor is not only a party to a criminal action, but an agent of the State, cloaked with the responsibility of promoting justice, not just winning cases. Our view that \u201c[t]he prosecutor\u2019s duty \u2018to see that the accused has a fair trial as well as the duty to bring about a just conviction of the guilty\u2019 should, by now, be well known to the prosecutorial bar.\u201d State v. Reilly, 446 A.2d 1125, 1128 (Me.1982) (quoting State v. Wyman, 270 A.2d 460, 463 (Me.1970)). We again emphasize that \u201csound prosecutorial judgment cuts deeper than the avoidance, alone, of affirmative misconduct. The prosecutor, as counsel for the public interest, is especially bound by the tenets of sound professional judgment, based upon a thorough knowledge of the law, to avoid jeopardizing without reason or need the validity of a just conviction.\u201d State v. Conner, 434 A.2d 509, 513-14 (Me.1981).\nThe entry is:\nJudgment affirmed.\nAll concurring.\n. Marshall contends that there were other instances of prosecutorial misconduct, but we find that only the statements listed were erroneous.",
        "type": "majority",
        "author": "DANA, Justice."
      }
    ],
    "attorneys": [
      "Pamela Ames, Asst. Atty. Gen., Augusta, for the State.",
      "Stuart Tisdale, Portland, for defendant."
    ],
    "corrections": "",
    "head_matter": "STATE of Maine v. Frederick MARSHALL.\nSupreme Judicial Court of Maine.\nSubmitted on Briefs June 15, 1993.\nDecided Aug. 2, 1993.\nPamela Ames, Asst. Atty. Gen., Augusta, for the State.\nStuart Tisdale, Portland, for defendant.\nBefore ROBERTS, GLASSMAN, CLIFFORD, COLLINS, RUDMAN and DANA, JJ."
  },
  "file_name": "1061-01",
  "first_page_order": 1127,
  "last_page_order": 1128
}
