{
  "id": 7860058,
  "name": "Bryan K. FINNEMORE v. BANGOR HYDRO-ELECTRIC COMPANY",
  "name_abbreviation": "Finnemore v. Bangor Hydro-Electric Co.",
  "decision_date": "1994-08-03",
  "docket_number": "",
  "first_page": "15",
  "last_page": "17",
  "citations": [
    {
      "type": "official",
      "cite": "645 A.2d 15"
    }
  ],
  "court": {
    "name_abbreviation": "Me.",
    "id": 9543,
    "name": "Maine Supreme Judicial Court"
  },
  "jurisdiction": {
    "id": 42,
    "name_long": "Maine",
    "name": "Me."
  },
  "cites_to": [
    {
      "cite": "536 F.Supp. 1149",
      "category": "reporters:federal",
      "reporter": "F. Supp.",
      "case_ids": [
        3439110
      ],
      "pin_cites": [
        {
          "page": "1176"
        }
      ],
      "opinion_index": 0,
      "case_paths": [
        "/f-supp/536/1149-01"
      ]
    },
    {
      "cite": "811 F.Supp. 1",
      "category": "reporters:federal",
      "reporter": "F. Supp.",
      "case_ids": [
        3790311
      ],
      "opinion_index": 0,
      "case_paths": [
        "/f-supp/811/0001-01"
      ]
    },
    {
      "cite": "459 N.W.2d 627",
      "category": "reporters:state_regional",
      "reporter": "N.W.2d",
      "case_ids": [
        10605278
      ],
      "year": 1990,
      "pin_cites": [
        {
          "parenthetical": "anti-Catholic remarks directed at Catholic plaintiff"
        }
      ],
      "opinion_index": 0,
      "case_paths": [
        "/nw2d/459/0627-01"
      ]
    },
    {
      "cite": "424 F.Supp. 157",
      "category": "reporters:federal",
      "reporter": "F. Supp.",
      "case_ids": [
        7858421
      ],
      "year": 1976,
      "pin_cites": [
        {
          "page": "158",
          "parenthetical": "anti-Semitic remarks directed at Jewish plaintiff"
        }
      ],
      "opinion_index": 0,
      "case_paths": [
        "/f-supp/424/0157-01"
      ]
    },
    {
      "cite": "595 F.Supp. 1050",
      "category": "reporters:federal",
      "reporter": "F. Supp.",
      "case_ids": [
        3701427
      ],
      "opinion_index": 0,
      "case_paths": [
        "/f-supp/595/1050-01"
      ]
    },
    {
      "cite": "467 F.Supp. 1031",
      "category": "reporters:federal",
      "reporter": "F. Supp.",
      "case_ids": [
        4065094
      ],
      "pin_cites": [
        {
          "page": "1042"
        }
      ],
      "opinion_index": 0,
      "case_paths": [
        "/f-supp/467/1031-01"
      ]
    },
    {
      "cite": "606 A.2d 1051",
      "category": "reporters:state_regional",
      "reporter": "A.2d",
      "case_ids": [
        11317627
      ],
      "weight": 2,
      "pin_cites": [
        {
          "page": "1053"
        },
        {
          "page": "1053-54",
          "parenthetical": "\"but for\" test applied to sexual discrimination claim"
        }
      ],
      "opinion_index": 0,
      "case_paths": [
        "/a2d/606/1051-01"
      ]
    },
    {
      "cite": "609 A.2d 711",
      "category": "reporters:state_regional",
      "reporter": "A.2d",
      "case_ids": [
        12119251
      ],
      "pin_cites": [
        {
          "page": "714"
        }
      ],
      "opinion_index": 0,
      "case_paths": [
        "/a2d/609/0711-01"
      ]
    }
  ],
  "analysis": {
    "cardinality": 478,
    "char_count": 7506,
    "ocr_confidence": 0.716,
    "pagerank": {
      "raw": 1.233788914582015e-07,
      "percentile": 0.6062722189594837
    },
    "sha256": "b1d9e4c77f326eb7bbda39603f255e7f4b3177196599cd68de5411c0f0c274cf",
    "simhash": "1:cfc6b5f08ce7a1ca",
    "word_count": 1138
  },
  "last_updated": "2024-02-27T18:34:37.913588+00:00",
  "provenance": {
    "date_added": "2019-08-29",
    "source": "Harvard",
    "batch": "2018"
  },
  "casebody": {
    "judges": [
      "Before WATHEN, C.J., and GLASSMAN, CLIFFORD and DANA, JJ."
    ],
    "parties": [
      "Bryan K. FINNEMORE v. BANGOR HYDRO-ELECTRIC COMPANY."
    ],
    "opinions": [
      {
        "text": "DANA, Justice.\nBryan K. Finnemore appeals from a summary judgment entered in the Superior Court (Penobscot County, Marsano, J.) on his claim that sexually explicit taunts by coworkers and a supervisor constitute religious discrimination by the Bangor Hydro-Electric Company pursuant to the Maine Human Rights Act, 5 M.R.S.A. \u00a7\u00a7 4551-4660-A (1989 & Supp.1993). We agree that the trial court erred and vacate the judgment.\nThe facts as developed for purposes of the summary judgment may be summarized as follows: Finnemore is a fundamentalist Christian. In June 1989 he began working in Bangor Hydro\u2019s garage. His co-workers and supervisors knew of his religious convictions. During work breaks, co-workers routinely made sexually explicit comments regarding each other\u2019s wives. Finnemore at one point complained: \u201cHow can you guys talk like this ... it\u2019s offensive to me because of my religion.\u201d Thereafter, his co-workers routinely made Finnemore\u2019s wife the target of their sexually explicit comments. Finne-more complained to management which took no action and he repeatedly told his co-workers that he objected to their remarks because his relationship with his wife was both private and sacred. After receiving sexually explicit letters through the interoffice mail, he notified management, which again took no action. In July Finnemore applied for and obtained a transfer to another department, but was required to remain in the garage for three months until it became effective. Finnemore could not wait that long and, in September, resigned. He told his supervisors that he was resigning because of the verbal harassment and the delay in his transfer.\nFinnemore filed a complaint against Bangor Hydro alleging, inter alia, religious discrimination pursuant to the Maine Human Rights Act, 5 M.R.S.A. \u00a7\u00a7 4551-4660-A. Bangor Hydro filed a motion for a summary judgment which the court granted. Finne-more filed this appeal.\nA summary judgment is properly granted when the record reveals that there is no genuine issue of material fact and the moving party is entitled to a judgment as a matter of law. M.R.Civ.P. 56(c). When a party appeals from a summary judgment, we review the evidence in the light most favorable to the party against whom the judgment was entered, and determine whether the trial court committed an error of law. Estate of Althenn v. Althenn, 609 A.2d 711, 714 (Me.1992).\nTitle 5 M.R.S.A. \u00a7 4572(1)(A) (Supp.1993) provides in pertinent part as follows:\nIt is unlawful employment discrimination, in violation of this Act, except when based on a bona fide occupational qualification ... [f]or any employer to fail or refuse to hue or otherwise discriminate against any applicant for employment because of ... religion ... or, because of those reasons, to discharge an employee or discriminate with respect to hire, tenure, promotion, transfer, compensation, terms, conditions or privileges of employment or any other matter directly or indirectly related to employment. ...\nThe employment regulations of the Maine Human Rights Commission state that religious harassment constitutes religious discrimination.\nHarassment on the basis of religion is a violation of Section 4572 of the Maine Human Rights Act. Unwelcome comments, jokes, acts and other verbal or physical conduct of a religious nature constitute religious harassment when:\na. submission to such conduct is made either explicitly or implicitly a term or condition of an individual\u2019s employment;\nb. submission to or rejection of such conduct by an individual is used as the basis for employment decisions affecting such individual; or\nc. such conduct has the purpose or effect of substantially interfering with an individual\u2019s work performance or creating an intimidating, hostile, or offensive working environment.\nMe. Human Rights Comm\u2019n Employment Reg. 3.10(G)(1) (emphasis added).\nBecause this ease is one of first impression in Maine, \u201cthe use of federal precedent as an aid in interpreting Maine\u2019s anti-discrimination provisions is appropriate.\u201d Bowen v. Department of Human Servs., 606 A.2d 1051, 1053 (Me.1992). While some courts have dealt with clearly religious slurs directed at an individual, we are unaware of any opinion that has dealt with sexually explicit comments providing the factual basis for a religious harassment claim. One court found a nickname without explicit religious overtones to constitute evidence of religious harassment where there was other evidence of religious slurs. Another court found no religious harassment in comments deemed political rather than religious in nature.\nOne element of a religious harassment claim is that the precipitating comments or actions be \u201cof a religious nature.\u201d Me. Human Rights Comm\u2019n Employment Regs. 3.10(G)(1). A test for determining whether a comment is of a religious nature is whether it occurred because of an individual\u2019s religious beliefs or would not have occurred but for the individual\u2019s religion. Turner, 811 F.Supp. at 2-4; Reichman, 536 F.Supp. at 1176; Morales v. Dain, Kalman & Quail, Inc., 467 F.Supp. 1031, 1042 (D.Minn.1979); Compston, 424 F.Supp. at 160. We applied an identical test in Bowen, 606 A.2d at 1053-54 (\u201cbut for\u201d test applied to sexual discrimination claim). Whether a comment occurred because of an individual\u2019s religious beliefs or would not have occurred but for an individual\u2019s religion is a question of fact. From our review of the record in this case, we find that there is a genuine issue of material fact whether the comments directed at Finne-more occurred because of his religious beliefs or would not have occurred but for his religion. The trial court erred in granting the summary judgment motion.\nThe entry is:\nJudgment vacated. Remanded for further proceedings consistent with the opinion herein.\nAll concurring.\n. Finnemore's remaining claims for sexual discrimination and intentional and negligent infliction of emotional distress were voluntarily dismissed.\n. Although the trial court did not issue a written opinion, it stated during the hearing that it was granting Bangor Hydro's motion for the reasons articulated at the hearing, which included Bangor Hydro\u2019s assertion that the co-workers\u2019 comments were not religious in nature.\n. See, e.g., Weiss v. United States, 595 F.Supp. 1050 (E.D.Va.1984) (anti-Semitic remarks directed at Jewish plaintiff); Compston v. Borden, Inc., 424 F.Supp. 157, 158 (S.D.Ohio 1976) (anti-Semitic remarks directed at Jewish plaintiff); Vaughn v. Ag Processing, Inc., 459 N.W.2d 627 (Iowa 1990) (anti-Catholic remarks directed at Catholic plaintiff).\n. Turner v. Barr, 811 F.Supp. 1 (D.D.C.1993) (Jewish plaintiff was told jokes about the Holocaust, subjected to stereotypes involving skill with money and jewelry making, and given the nickname \"Turnkey.\")\n. Reichman v. Bureau of Affirmative Action, 536 F.Supp. 1149, 1176 (M.D.Penn.1982) (statements made by a co-worker expressing views on the Arab-Israeli conflict, Menachim Begin, and the positions of Jewish organizations regarding affirmative action did not constitute religious harassment of a Jewish plaintiff).",
        "type": "majority",
        "author": "DANA, Justice."
      }
    ],
    "attorneys": [
      "Judith W. Thornton (orally), Elizabeth Kelly Ebitz, Ebitz & Thornton, P.A., Bangor, for plaintiff.",
      "Bernard J. Kubetz (orally), Thad B. Zmis-towski, Eaton, Peabody, Bradford & Veague, P.A., Bangor, for defendant."
    ],
    "corrections": "",
    "head_matter": "Bryan K. FINNEMORE v. BANGOR HYDRO-ELECTRIC COMPANY.\nSupreme Judicial Court of Maine.\nArgued May 11, 1994.\nDecided Aug. 3, 1994.\nJudith W. Thornton (orally), Elizabeth Kelly Ebitz, Ebitz & Thornton, P.A., Bangor, for plaintiff.\nBernard J. Kubetz (orally), Thad B. Zmis-towski, Eaton, Peabody, Bradford & Veague, P.A., Bangor, for defendant.\nBefore WATHEN, C.J., and GLASSMAN, CLIFFORD and DANA, JJ."
  },
  "file_name": "0015-01",
  "first_page_order": 87,
  "last_page_order": 89
}
