{
  "id": 7975778,
  "name": "In the Matter of J. J. Appeal of Audrey ROWE",
  "name_abbreviation": "In re J. J.",
  "decision_date": "1981-05-28",
  "docket_number": "No. 80-272",
  "first_page": "587",
  "last_page": "594",
  "citations": [
    {
      "type": "official",
      "cite": "431 A.2d 587"
    }
  ],
  "court": {
    "name_abbreviation": "D.C.",
    "id": 11933,
    "name": "District of Columbia Court of Appeals"
  },
  "jurisdiction": {
    "id": 56,
    "name_long": "District of Columbia",
    "name": "D.C."
  },
  "cites_to": [
    {
      "cite": "431 N.Y.S.2d 278",
      "category": "reporters:state",
      "reporter": "N.Y.S.2d",
      "opinion_index": 0
    },
    {
      "cite": "106 Misc.2d 26",
      "category": "reporters:state",
      "reporter": "Misc. 2d",
      "case_ids": [
        1948752
      ],
      "opinion_index": 0,
      "case_paths": [
        "/misc2d/106/0026-01"
      ]
    },
    {
      "cite": "349 N.Y.S.2d 492",
      "category": "reporters:state",
      "reporter": "N.Y.S.2d",
      "pin_cites": [
        {
          "page": "498"
        }
      ],
      "opinion_index": 0
    },
    {
      "cite": "75 Misc.2d 1012",
      "category": "reporters:state",
      "reporter": "Misc. 2d",
      "case_ids": [
        1267415
      ],
      "pin_cites": [
        {
          "page": "1017"
        }
      ],
      "opinion_index": 0,
      "case_paths": [
        "/misc2d/75/1012-01"
      ]
    },
    {
      "cite": "357 N.Y.S.2d 959",
      "category": "reporters:state",
      "reporter": "N.Y.S.2d",
      "pin_cites": [
        {
          "page": "964"
        }
      ],
      "opinion_index": 0
    },
    {
      "cite": "78 Misc.2d 453",
      "category": "reporters:state",
      "reporter": "Misc. 2d",
      "case_ids": [
        1276999
      ],
      "pin_cites": [
        {
          "page": "456"
        }
      ],
      "opinion_index": 0,
      "case_paths": [
        "/misc2d/78/0453-01"
      ]
    },
    {
      "cite": "388 N.Y.S.2d 620",
      "category": "reporters:state",
      "reporter": "N.Y.S.2d",
      "year": 1976,
      "pin_cites": [
        {
          "page": "622"
        }
      ],
      "opinion_index": 0
    },
    {
      "cite": "54 A.D.2d 907",
      "category": "reporters:state",
      "reporter": "A.D.2d",
      "case_ids": [
        3034990
      ],
      "year": 1976,
      "pin_cites": [
        {
          "page": "908"
        }
      ],
      "opinion_index": 0,
      "case_paths": [
        "/ad2d/54/0907-01"
      ]
    },
    {
      "cite": "424 N.Y. S.2d 395",
      "category": "reporters:state",
      "reporter": "N.Y.S.2d",
      "year": 1980,
      "pin_cites": [
        {
          "page": "399"
        }
      ],
      "opinion_index": 0
    },
    {
      "cite": "7 App.D.C. 149",
      "category": "reporters:state",
      "reporter": "App. D.C.",
      "case_ids": [
        1326947
      ],
      "weight": 2,
      "year": 1895,
      "pin_cites": [
        {
          "page": "156"
        }
      ],
      "opinion_index": 0,
      "case_paths": [
        "/app-dc/7/0149-01"
      ]
    },
    {
      "cite": "N.Y. Fam. Ct.Act \u00a7 255",
      "category": "laws:leg_act",
      "reporter": "N.Y.",
      "weight": 2,
      "pin_cites": [
        {
          "parenthetical": "McKinney 29A"
        },
        {
          "parenthetical": "Supp. 1980"
        }
      ],
      "opinion_index": 0
    },
    {
      "cite": "393 A.2d 147",
      "category": "reporters:state_regional",
      "reporter": "A.2d",
      "case_ids": [
        7996463
      ],
      "year": 1978,
      "opinion_index": 0,
      "case_paths": [
        "/a2d/393/0147-01"
      ]
    },
    {
      "cite": "415 A.2d 1349",
      "category": "reporters:state_regional",
      "reporter": "A.2d",
      "case_ids": [
        7984232
      ],
      "year": 1980,
      "opinion_index": 0,
      "case_paths": [
        "/a2d/415/1349-01"
      ]
    },
    {
      "cite": "410 U.S. 113",
      "category": "reporters:federal",
      "reporter": "U.S.",
      "case_ids": [
        11957048
      ],
      "weight": 3,
      "year": 1973,
      "pin_cites": [
        {
          "page": "125"
        },
        {
          "page": "713"
        }
      ],
      "opinion_index": 0,
      "case_paths": [
        "/us/410/0113-01"
      ]
    },
    {
      "cite": "348 F.Supp. 866",
      "category": "reporters:federal",
      "reporter": "F. Supp.",
      "case_ids": [
        3538831
      ],
      "weight": 3,
      "year": 1972,
      "pin_cites": [
        {
          "page": "883"
        }
      ],
      "opinion_index": 0,
      "case_paths": [
        "/f-supp/348/0866-01"
      ]
    },
    {
      "cite": "12 A.L.R.2d 1059",
      "category": "reporters:specialty",
      "reporter": "A.L.R. 2d",
      "year": 1950,
      "pin_cites": [
        {
          "page": "1067"
        }
      ],
      "opinion_index": 0
    },
    {
      "cite": "306 A.2d 270",
      "category": "reporters:state_regional",
      "reporter": "A.2d",
      "case_ids": [
        8022723
      ],
      "year": 1973,
      "pin_cites": [
        {
          "page": "273, 274",
          "parenthetical": "quoting Annot., 12 A.L.R.2d 1059, 1067 (1950)"
        }
      ],
      "opinion_index": 0,
      "case_paths": [
        "/a2d/306/0270-01"
      ]
    },
    {
      "cite": "441 U.S. 520",
      "category": "reporters:federal",
      "reporter": "U.S.",
      "case_ids": [
        1780223
      ],
      "weight": 3,
      "year": 1979,
      "pin_cites": [
        {
          "page": "562"
        },
        {
          "page": "1886"
        }
      ],
      "opinion_index": 0,
      "case_paths": [
        "/us/441/0520-01"
      ]
    },
    {
      "cite": "424 N.Y.S.2d 395",
      "category": "reporters:state",
      "reporter": "N.Y.S.2d",
      "weight": 3,
      "year": 1980,
      "pin_cites": [
        {
          "page": "399"
        },
        {
          "page": "401"
        },
        {
          "page": "400-01"
        }
      ],
      "opinion_index": 0
    },
    {
      "cite": "400 N.E.2d 336",
      "category": "reporters:state_regional",
      "reporter": "N.E.2d",
      "weight": 4,
      "year": 1980,
      "pin_cites": [
        {
          "page": "339"
        },
        {
          "page": "341"
        },
        {
          "page": "340-41"
        },
        {
          "page": "339"
        }
      ],
      "opinion_index": 0
    },
    {
      "cite": "49 N.Y.2d 161",
      "category": "reporters:state",
      "reporter": "N.Y.2d",
      "case_ids": [
        4374385
      ],
      "weight": 4,
      "year": 1980,
      "pin_cites": [
        {
          "page": "168-69"
        },
        {
          "page": "172"
        },
        {
          "page": "170-71"
        },
        {
          "page": "168"
        }
      ],
      "opinion_index": 0,
      "case_paths": [
        "/ny-2d/49/0161-01"
      ]
    },
    {
      "cite": "429 N.Y. S.2d 358",
      "category": "reporters:state",
      "reporter": "N.Y.S.2d",
      "pin_cites": [
        {
          "page": "361"
        }
      ],
      "opinion_index": 0
    },
    {
      "cite": "104 Misc.2d 888",
      "category": "reporters:state",
      "reporter": "Misc. 2d",
      "case_ids": [
        1943463
      ],
      "pin_cites": [
        {
          "page": "893"
        }
      ],
      "opinion_index": 0,
      "case_paths": [
        "/misc2d/104/0888-01"
      ]
    },
    {
      "cite": "N.Y. Fam.Ct.Act \u00a7 255",
      "category": "laws:leg_act",
      "reporter": "N.Y.",
      "pin_cites": [
        {
          "parenthetical": "McKinney 29A"
        }
      ],
      "opinion_index": 0
    },
    {
      "cite": "407 A.2d 617",
      "category": "reporters:state_regional",
      "reporter": "A.2d",
      "case_ids": [
        7976554
      ],
      "weight": 4,
      "year": 1979,
      "pin_cites": [
        {
          "page": "623-24"
        },
        {
          "page": "624"
        },
        {
          "parenthetical": "\"The Division has broad discretion to order the treatment it deems to be in the child's best interest\""
        }
      ],
      "opinion_index": 0,
      "case_paths": [
        "/a2d/407/0617-01"
      ]
    },
    {
      "cite": "20 U.S.C. \u00a7\u00a7 1232",
      "category": "laws:leg_statute",
      "reporter": "U.S.C.",
      "weight": 2,
      "opinion_index": 0
    },
    {
      "cite": "411 A.2d 345",
      "category": "reporters:state_regional",
      "reporter": "A.2d",
      "case_ids": [
        11344485
      ],
      "weight": 10,
      "year": 1980,
      "pin_cites": [
        {
          "page": "349"
        },
        {
          "page": "349"
        },
        {
          "page": "348"
        },
        {
          "page": "349"
        },
        {
          "page": "348"
        }
      ],
      "opinion_index": 0,
      "case_paths": [
        "/a2d/411/0345-01"
      ]
    }
  ],
  "analysis": {
    "cardinality": 1034,
    "char_count": 25060,
    "ocr_confidence": 0.784,
    "pagerank": {
      "raw": 2.3992107575221224e-07,
      "percentile": 0.7987220490461027
    },
    "sha256": "67a062d21468ab89902c37abb72e9536edaa8ca441661309848fd334f4a80b2f",
    "simhash": "1:cf2d524fb3818ead",
    "word_count": 4199
  },
  "last_updated": "2024-02-27T16:40:55.943561+00:00",
  "provenance": {
    "date_added": "2019-08-29",
    "source": "Harvard",
    "batch": "2018"
  },
  "casebody": {
    "judges": [
      "Before NEWMAN, Chief Judge, and KELLY and KERN, Associate Judges."
    ],
    "parties": [
      "In the Matter of J. J. Appeal of Audrey ROWE."
    ],
    "opinions": [
      {
        "text": "NEWMAN, Chief Judge:\nThis appeal raises the issue of whether the Family Division of the Superior Court has the authority to order a District of Columbia agency to pay for a specific treatment program for a delinquent juvenile, while the court retains custody of the juvenile on probation. J. J. is a delinquent child in need of special education. The trial eourt ordered that he be placed in a particular school appropriate to his needs. The trial court being uncertain of the impact of our decision in In re J.M.W., D.C.App., 411 A.2d 345 (1980), refused to commit J. J. to the custody of the Department of Human Services (hereinafter DHS). Instead, the court placed J. J. on probation, and ordered Audrey Rowe, Commissioner of Social Services of DHS, to pay for his special schooling. Rowe refused the funds, asserting that she had no authority to pay for J. J.\u2019s placement unless he was committed to the custody of DHS. The court held Commissioner Rowe in contempt for her refusal to comply with the order. She appeals.\nIn Part I of this opinion we set forth the pertinent facts and proceedings below. In Part II we consider whether the court has the authority to order DHS to pay for the care of a juvenile on probation. We conclude that the Family Division does not have the authority that it asserted in this case. Accordingly, the court\u2019s order must be vacated.\nI\nOn June 26, 1978, J. J. pled guilty to simple assault and was released to his mother pending disposition of his case. After a series of hearings over the following four months, the trial court determined that J. J. was delinquent, needed rehabilitation, and should be placed on probation. During the next fifteen months, J. J. was given diagnostic tests for learning disabilities and dyslexia so that he could be placed in an appropriate special education program. J. J. attended school only intermittently during this period.\nOn February 1, 1980, the trial court ordered that J. J. be placed in the New Dominion School in Dillwyn, Virginia. While retaining J. J. on probation, the trial court ordered Commissioner Rowe to pay all of J. J.\u2019s tuition and room and board expenses at New Dominion. She refused to pay, insisting that if J. J. remained on probation, the court had no authority to order the agency to provide special education.\nOn February 27, another hearing was held, at which the trial court explained the reasons for its order:\n[Pjrior to [J.M.W.] the Court could commit and the Court could follow through to make sure that the child was placed in a residence or educational setup that it wanted the child placed in.\n* * * * * *\n. . . [TJhe Court placed [J. J.j on probation because the Court wanted to follow through and make sure that this placement was proper and if it turned out that it was not proper, the court would still have jurisdiction to monitor it and make another placement ....\n******\n... I think I have an obligation to see that this child is properly placed, and if I commit him I\u2019m taken out of the picture.\nFollowing this hearing the trial court again ordered appellant to pay J. J.\u2019s tuition and expenses at the New Dominion School, while J. J. remained on probation. She refused to comply, and on March 19 the court held her in contempt and sentenced her to ninety days in jail.\nSuit was then brought in the United States District Court for the District of Columbia, under the Education For All Handicapped Children Act of 1975, 20 U.S.C. \u00a7\u00a7 1232, 1401, 1405-06, 1411-20, 1453 (1976), for an injunction ordering the D.C. Board of Education to place J. J. at New Dominion. After a hearing, the court granted a temporary restraining order on April 10,1980, stating that irreparable injury would otherwise result because New Dominion could only hold J. J.\u2019s space open until April 11, J. J. was placed at New Dominion, and on May 2, the district court issued a preliminary injunction to continue that placement. J. J. remains at New Dominion, at the Board of Education\u2019s expense.\nII\nWe begin by examining the statutory definition of the court\u2019s authority here. The relevant dispositional alternatives available to the Family Division are as follows:\n(c) If a child is found to be delinquent or in need of supervision, the Division may order any of the following dispositions for his supervision, care, and rehabilitation:\n(1) Any disposition authorized by subsection (a) ....\n(2) Transfer of legal custody to a public agency for the care of delinquent children.\n(3) Probation under such conditions and limitations as the Division may prescribe. [D.C. Code 1973, \u00a7 16-2320(e) (emphasis added).]\nSubsection (a), referred to in subsection (c)(1) above, provides in turn:\n(a) If a child is found to be neglected, the Division may order any of the following dispositions which will be in the best interest of the child:\nsis * * * * *\n(5) The Division may make such other disposition as is not prohibited by law and as the Division deems to be in the best interests of the child. The Division shall have the authority to (i) order any public agency of the District of Columbia to provide any service the Division determines is needed and which is within such agency\u2019s legal authority. .. . [D.C. Code 1978 Supp., \u00a7 16-2320(a)(5) (emphasis added).]\nAs is indicated by the last phrase quoted above, the scope of the court\u2019s power over an agency is at least in part defined by the agency\u2019s own authority; the court cannot order an agency to act beyond the agency\u2019s own powers. Accordingly, we turn to the statutory provisions that help to define the agency\u2019s authority in cases such as this. The agency\u2019s responsibility to provide services for delinquent juveniles stems from D.C. Code 1973, \u00a7 3-120. This provision authorizes the judges of the Family Division,\nat their discretion, to commit to the custody and care of the Board of Public Welfare . . . children under seventeen years of age who shall be convicted of petty crimes or misdemeanors . . .; and said Board of Public Welfare shall place, under contract, such children in such suitable homes, institutions or training schools for the care of children as it may deem wise and proper.[]\nThe plain import of this statute is that the agency\u2019s duty to provide services arises concurrently with the transfer of legal custody. The Family Division is not required to commit juveniles to the custody of DHS. But unless the court does so, the agency will have no corresponding duty to pay for the child\u2019s care.\nOur interpretation of \u00a7 3-120 is reinforced by the statutory definition of \u201clegal custody\u201d in the juvenile code:\nThe term \u201clegal custody\u201d means legal status created by [Family] Division order which vests in a custodian the responsibility for the custody of a minor which includes\u2014\n(A) physical custody and the determination of where and with whom the minor shall live;\n(B) the right and duty to protect, train, and discipline the minor; and\n(C) the responsibility to provide the minor with food, shelter, education, and ordinary medical care.\nA Division order of \u201clegal custody\u201d is subordinate to the rights and responsibilities of the guardian of the person of the minor and any residual parental rights and responsibilities. [Id. \u00a7 16-2301(21).]\nThis provision clearly assumes that the agency has no obligation to provide services, unless and until the court vests legal custody of the child with that agency. And once custody is transferred, \u201cthe court relinquished] its authority to determine the appropriate measures needed to insure rehabilitation. . . . [T]he agency . . . [has] exclusive supervisory responsibility over the juvenile .. . absent a fresh delinquency determination . . .. \u201d In re J.M.W., supra at 349.\nThere is no reason for the Family Division to retain custody of the juvenile in the circumstances of this case, because the court has the power to order a specific placement for the juvenile as part of its commitment order. It is beyond dispute that DHS has the authority and the responsibility to contract with institutions in order to provide special services and treatment programs for juveniles who are under the agency\u2019s custody. See D.C. Code 1973, \u00a7\u00a7 3-120, 16-2301(21). As long as provision of the particular services is within the agency\u2019s legal authority, the Family Division may, by virtue of D.C. Code 1978 Supp., \u00a7 16-2320(a)(5)(i), order the agency to provide those services in its initial disposition order. \u201cThe proposed language is intended to clarify that the Division may order specific dispositions and services that it deems to be in the best interests of the child so long as they are not beyond the legitimate authority of the agency . .. providing service in any particular case.\u201d Report of the Committee on the Judiciary of the Council of the District of Columbia, \u201cTitle IV of Bill No. 2-48, \u2018The Prevention of Child Abuse and Neglect Act of 1977,\u2019 \u201d at 20 (March 29, 1977) (emphasis added) [hereinafter cited as Judiciary Committee Report], Moreover, in issuing its order, the Family Division must consider the recommendations of DHS. See In re C.W.M., D.C.App., 407 A.2d 617, 623-24 (1979); D.C. Code 1978 Supp., \u00a7\u00a7 16-2319, -2320(f), including the agency\u2019s suggestions with respect to \u201cspecific services,\u201d and the \u201cproposed providers\u201d of those services, id. \u00a7 16-2319(c)(1)(B). It would make no sense to require the court to consider the agency\u2019s recommendations, and yet leave it powerless to implement them. To conclude otherwise would require a presumption that the statute requires the court to perform a useless act \u2014 to read and evaluate a report that the judge is precluded from acting upon. See In re C.W.M., supra at 624.\nThe legislative history of the D.C. Juvenile Code provides additional guidance as to the allocation of authority between the Family Division and DHS. Section 16-2320(a)(5) was amended by the Prevention of Child Abuse and Neglect Act of 1977. The amendments to \u00a7 16-2320(a)(5) were modeled after \u00a7 255 of the New York Family Court Act. Judiciary Committee Report, supra at 20. The relevant portion of the New York statute, for our purposes, is the second sentence, which explicitly states that an agency is required to provide \u201cinformation, assistance and cooperation\u201d only for children who are \u201cunder its care, treatment, supervision or custody.\u201d N.Y. Fam.Ct.Act \u00a7 255 (McKinney 29A) (1977). The New York courts have reiterated the principle that the court\u2019s power to order services for juveniles is circumscribed by the authority of the agency. See In re Chrystol B., 104 Misc.2d 888, 893, 429 N.Y. S.2d 358, 361 (Fam.Ct.1980); Lorie C. v. St. Lawrence County Department of Social Services, 49 N.Y.2d 161, 168-69, 400 N.E.2d 336, 339, 424 N.Y.S.2d 395, 399 (1980).\nRecently, the New York Court of Appeals has had occasion to review the scope of authority granted to the courts by \u00a7 255. In Lorie C., supra, the court reversed a Family Court order that would have separated the responsibilities for custody and for supervision of certain delinquent children. The New York court held that such an order was beyond the authority granted by \u00a7 255 and that it \u201cdenigrates sic] from the functions allocated by the Legislature to the Department of Social Services,\u201d which should have been responsible for both custody and supervision. 49 N.Y.2d at 172, 400 N.E.2d at 341, 424 N.Y.S.2d at 401.\nThe doctrine of separation of powers, which underlies in part the New York decision in Lorie C. supra, 49 N.Y.2d at 170-71, 400 N.E.2d at 340-41, 424 N.Y.S.2d at 400-01, also lies behind our decision in J.M.W., and leads us to the conclusion we reach here. In In re J.M.W., supra, this court held that \u201conce the [juvenile] was committed to the custody of the SRA [Social Rehabilitation Administration, a subdivision of DHS] the court relinquished its authority to determine the appropriate measures needed to insure rehabilitation .... [T]he agency, under the authority of the Mayor\u2019s Office, was given exclusive supervisory responsibility over the juvenile . . .. \u201d 411 A.2d at 349. By retaining custody of J. J., the Family Division here sought to accomplish indirectly that which J.M.W. forbids. This attempt to circumvent J.M.W. is just as much an \u201cimpermissible encroachment upon the province of the executive\u201d as was the J.M.W. order itself. Id. The Family Division appropriated the custody and supervision functions of DHS, leaving the agency to do nothing more than pay the bills. In doing so, the court attempted to combine judicial and administrative roles that, under \u201cour tripartite system of government,\u201d must be kept separate. Id. at 348. We are sympathetic, as was the trial court, to J. J.\u2019s plight. But the court cannot simply usurp DHS\u2019s administrative authority, even if it is motivated solely by concern for J. J.\u2019s welfare. Cf. Bell v. Wolfish, 441 U.S. 520, 562, 99 S.Ct. 1861, 1886, 60 L.Ed.2d 447 (1979): \u2022\nJudges, after all, are human. They, no less than others in our society, have a natural tendency to believe that their individual solutions to often intractable problems are better and more workable than those of the persons who are actually charged with and trained in the running of the particular institution under examination. But under the Constitution, the first question to be answered is not whose plan is best, but in what branch of the Government is lodged the authority to initially devise the plan.\nIn sum, we conclude that the Family Division of the Superior Court has no authority to order a District of Columbia agency to pay for services for a juvenile offender on probation. We construe \u00a7 16-2320(a)(5)(i) to allow the Family Division to order services from an agency only pursuant to a transfer of \u201clegal custody\u201d to the agency. Since the Family Division exceeded its authority,\n[t]he contempt order issued by the trial court in this case was void and could be disobeyed with impunity, for it is basic that \u201c. . . a court does not possess the right or power to punish as for contempt a disregard or violation of its order or decree which it has rendered without . . . power or authority to render the particular decree or order.\u201d\n* * * * * *\nWe would stress that it is no light matter to defy an order of court and that one does so at one\u2019s peril. However, when a court acts in excess of its authority in issuing an order, a refusal to obey that order is not punishable by contempt. [In re Banks, D.C.App., 306 A.2d 270, 273, 274 (1973) (quoting Annot., 12 A.L.R.2d 1059, 1067 (1950)).]\nReversed.\n. In we held that \u201conce the [juvenile] was committed to the custody of the SRA [Social Rehabilitation Administration, a subdivision of DHS,] the court relinquished its authority to determine the appropriate measures needed to insure rehabilitation .... [T]he agency, under the authority of the Mayor\u2019s Office, was given exclusive supervisory responsibility over the juvenile . ...\u201d 411 A.2d at 349.\n. All parties had agreed upon this placement, and the school had accepted J. J.\n. The order cited as authority D.C. Code 1973, \u00a7\u00a7 16-2320(a)(5), -2320(c)(1), -2301; The Education For All Handicapped Children Act of 1975, 20 U.S.C. \u00a7\u00a7 1232, 1401, 1405-06, 1411-20, 1453 (1976); and Mills v. Board of Education, 348 F.Supp. 866 (D.D.C. 1972). See note 16 infra.\n. The contempt order was stayed by this court pending our decision. There is no question that at all times Commissioner Rowe was proceeding in good faith based upon her understanding of the limits of her legal authority.\n. [J. J.], a minor by his mother and next friend Joyce Johnson v. D.C. Board of Education, (D.D.C., No. 80-0897, filed Apr. 8, 1980).\n. We agree with the parties that the federal court\u2019s injunction does not render this appeal moot. The Family Division\u2019s contempt order remains unaffected by the federal district court\u2019s ruling, and DHS may ultimately be held responsible for some of J. J.\u2019s expenses. Moreover, the issue presented by this case can be characterized as \u201ccapable of repetition, yet evading review.\u201d See Roe v. Wade, 410 U.S. 113, 125, 93 S.Ct. 705, 713, 35 L.Ed.2d 147 (1973); District of Columbia v. Washington Home Ownership Council, Inc., D.C.App., 415 A.2d 1349, 1350 n.3 (1980); Dobbs v. Neverson, D.C.App., 393 A.2d 147, 155 n.14 (1978). Given the importance of the child\u2019s welfare at this critical stage of development, as well as the long delays that typically accompany a judicial appeal, an injunction will often be sought in such cases. If a pending injunction were to prevent us from ruling on the question because of mootness, the issue would be likely to evade our review.\n. The functions of the Board of Public Welfare have since been assumed by the Department of Human Resources (now Department of Human Services). See Note, \u201cTransfer of Functions,\u201d D.C. Code 1973, \u00a7 3-102.\n. When the court does not designate a particular placement in its commitment order, the choice of an appropriate placement is properly within the agency\u2019s discretion, pursuant to D.C. Code 1973, \u00a7 3-120. The statute does not, however, place any limitations on the court\u2019s power to select a placement if it desires to do so.\n. See generally In re C.W.M., D.C.App., 407 A.2d 617, 624 n.16 (1979) (\u201cThe Division has broad discretion to order the treatment it deems to be in the child\u2019s best interest\u201d). Our decision in In re J.M.W., supra, is in no way inconsistent with the court\u2019s authority to specify a particular placement in its disposition order. For in J.M.W. we held only that a court is without power to intervene after commitment to an agency. We said nothing about the court\u2019s powers to act as an integral part of the commitment process. In J.M.W., the court was, in effect, attempting to revoke the \u201cparole\u201d of a juvenile, a function that is administrative or executive in nature. See In re J.M.W., supra at 348. Here, by contrast, the designation of a particular placement in a commitment order is within the judicial function, as defined by statute. D.C. Code 1978 Supp., \u00a7 16-2320(a)(5)(i).\n.The New York statute provides:\nIt is hereby made the duty of and the family court or a Judge thereof may order, any state, county and municipal officer and employee to render such assistance and cooperation as shall be within his legal authority, as may be required, to further the objects of this act. It is hereby made the duty of and the family court or judge thereof may order, any agency or other institution to render such information, assistance and cooperation as shall be within its legal authority concerning a child who is or shall be under its care, treatment, supervision or custody as may be required to further the objects of this act. The court is authorized to seek the cooperation of, and may use, within its authorized appropriation therefor, the services of all societies or organizations, public or private, having for their object the protection or aid of children or families, including family counseling services, to the end that the court may be assisted in every reasonable way to give the children and families within its jurisdiction such care, protection and assistance as will best enhance their welfare. [N.Y. Fam. Ct.Act \u00a7 255 (McKinney 29A) (1977) (emphasis added).]\nThis section was amended in 1977 to provide that school districts may not be directly ordered to provide specific services or programs unless there is no administrative procedure available to obtain such services. See id. (Supp. 1980).\n.Appellant relies upon another statement in the same report to argue that the enhanced authority conferred upon the Family Division by the 1977 amendments to \u00a7 16-2320(a)(5) \u201caffect[s] the disposition of neglected children only.\u201d Judiciary Committee Report, supra at 20. But although this statement in the report creates some confusion as to the effect of the amendments, the statutory language itself is unambiguous; the cross-reference from subsection (c)(1) (delinquency options) to subsection (a) (neglect options) remains. Thus, this single sentence in the committee report simply does not merit any weight. In the absence of an express restriction in the statutory language, the amended section must be construed to have the same scope as the unaltered sections of the original statute. See Chase v. United States, 7 App.D.C. 149, 156 (1895); 1A C. D. Sands, Statutes and Statutory Construction \u00a7 22.35, at 197 (4th ed. 1972). See also id. \u00a7 22.35, at 198 n.6: \u201c[I]f one section of an act or code incorporates by reference the provisions of another section of the same act or code, a subsequent amendment of the latter is regarded as affecting the whole act or code, including the section incorporating the section amended by reference.\u201d (Citations omitted.)\n. The three sentences of \u00a7 255 each govern separate and distinct situations Lorie C. v. St. Lawrence County Dep\u2019t of Social Services, 49 N.Y.2d 161, 168, 400 N.E.2d 336, 339, 424 N.Y. S.2d 395, 399 (1980).\n. Although \u00a7 255 has been invoked as authority for ordering special education services, this has only been done when the agency receives custody of the juvenile. See, e. g., In re Kaye, 54 A.D.2d 907, 908, 388 N.Y.S.2d 620, 622 (1976); In re Carl G. Anonymous, 78 Misc.2d 453, 456, 357 N.Y.S.2d 959, 964 (Fam.Ct.1974); In re James B., 75 Misc.2d 1012, 1017, 349 N.Y.S.2d 492, 498 (Fam.Ct.1973). These cases were decided before the 1977 amendment to \u00a7 255, however. See note 10 supra.\n. In re Royal G., 106 Misc.2d 26, 431 N.Y.S.2d 278 (Fam.Ct.1980), is not to the contrary. Although the Family Court issued a disposition order combining probation and placement, the court itself did not retain custody of the juvenile, but transferred custody to the Commissioner of Social Services.\n. Though J.M.W. did not address the specific issue raised here, and the opinion explicitly limited its scope to the \u201cnarrow issue\u201d presented in the case, 411 A.2d at 349 n.4, the same statutory provisions are at issue in this case (D.C. Code 1978 Supp., \u00a7 16-2320(a)(5), (c)), thus making even the narrow holding relevant, as defined by J.M.W.\u2019s footnote 4.\n.Despite appellee\u2019s arguments to the contrary, The Education For All Handicapped Children Act, supra, and Mills v. Board of Education, supra, are not relevant to the issue before us. Nobody is disputing J. J.\u2019s right to a special education. Although the trial court relied upon Mills and the federal statute, see note 3 supra, Milis neither provides authority for, nor constitutes an example of, the type of order that the court attempted to impose in this case. The court in Mills retained jurisdiction for the purpose of \u201cimplementation, modification and enforcement\u201d of its order, 348 F.Supp. at 883; it did not retain legal custody of each individual child, as the trial court here attempted to do in the form of \u201cprobation.\u201d",
        "type": "majority",
        "author": "NEWMAN, Chief Judge:"
      },
      {
        "text": "KERN, Associate Judge,\nconcurring:\nI agree that the trial court exceeded its statutory authority under the particular circumstances of this case when it ordered the Department of Human Services (DHS) to pay for placement of the delinquent juvenile in a particular school for special educational training.\nThe Family Division of the Superior Court is authorized to \u201corder any public agency of the District of Columbia to provide any service the Division determines is needed and which is within such agency\u2019s legal authority . . . D.C. Code 1978 Supp., \u00a7 16-2320(a)(5)(i) (emphasis added). However, the \u201clegal authority\u201d of DHS to provide services for delinquent children is limited. According to D.C. Code 1973, \u00a7 3 \u2014 120, DHS may place a child adjudged to be delinquent in \u201csuitable homes, institutions or training schools\u201d only if the Family Division has first committed the delinquent child to the agency\u2019s \u201ccustody and care.\u201d Since the trial court in the instant case did not give DHS custody of the juvenile, DHS did not have legal authority to pay for his schooling. Therefore, in the absence of some other statutory authority, it was beyond the power of the court to order DHS to take action which was not within the agency\u2019s legal authority, viz., payment for school for a delinquent juvenile not within the agency\u2019s legal custody.\nUnder the circumstances, the Commissioner was not in contempt for refusing to obey an order which the court was without authority to make. Hence, the judgment of contempt must be reversed.\n. The optional dispositions of \u00a7 16-2320(a)(5), which deal with neglected children, are made available to the Family Division for resolving cases of children found to be delinquent or in need of supervision by D.C. Code 1973, \u00a7 16-2320(c).",
        "type": "concurrence",
        "author": "KERN, Associate Judge,"
      }
    ],
    "attorneys": [
      "Richard B. Nettler, Asst. Corp. Counsel, Washington, D.C., with whom Judith W. Rogers, Corp. Counsel, and Richard W. Barton, Deputy Corp. Counsel, Washington D.C., at the time the brief was filed, were on the brief, for appellant.",
      "Gary S. Mininsohn, Rockville, Md., with whom Michael J. Eig, Washington, D.C., was on the brief, for appellee."
    ],
    "corrections": "",
    "head_matter": "In the Matter of J. J. Appeal of Audrey ROWE.\nNo. 80-272.\nDistrict of Columbia Court of Appeals.\nArgued Sept. 29, 1980.\nDecided May 28, 1981.\nRichard B. Nettler, Asst. Corp. Counsel, Washington, D.C., with whom Judith W. Rogers, Corp. Counsel, and Richard W. Barton, Deputy Corp. Counsel, Washington D.C., at the time the brief was filed, were on the brief, for appellant.\nGary S. Mininsohn, Rockville, Md., with whom Michael J. Eig, Washington, D.C., was on the brief, for appellee.\nBefore NEWMAN, Chief Judge, and KELLY and KERN, Associate Judges."
  },
  "file_name": "0587-01",
  "first_page_order": 630,
  "last_page_order": 637
}
