{
  "id": 8434646,
  "name": "DEPARTAMENTO DE ASUNTOS DEL CONSUMIDOR Recurrido v. EASY ACCESS ELECTRICAL CONTRACTOR, INC. Recurrente",
  "name_abbreviation": "Departamento de Asuntos del Consumidor v. Easy Access Electrical Contractor, Inc.",
  "decision_date": "2007-01-25",
  "docket_number": "N\u00fam. KLRA-2006-00756",
  "first_page": "892",
  "last_page": "899",
  "citations": [
    {
      "type": "official",
      "cite": "12 T.C.A. 892"
    },
    {
      "type": "parallel",
      "cite": "2007 DTA 31"
    }
  ],
  "court": {
    "name_abbreviation": "P.R. Cir.",
    "id": 16431,
    "name": "Puerto Rico Circuit Court of Appeals"
  },
  "jurisdiction": {
    "id": 25,
    "name_long": "Puerto Rico",
    "name": "P.R."
  },
  "cites_to": [
    {
      "cite": "149 D.P.R. 263",
      "category": "reporters:state",
      "reporter": "P.R. Dec.",
      "case_ids": [
        9116605
      ],
      "year": 1999,
      "pin_cites": [
        {
          "page": "280"
        }
      ],
      "opinion_index": 0,
      "case_paths": [
        "/pr-dec/149/0263-01"
      ]
    },
    {
      "cite": "149 D.P.R. 881",
      "category": "reporters:state",
      "reporter": "P.R. Dec.",
      "case_ids": [
        9117484
      ],
      "year": 1992,
      "opinion_index": 0,
      "case_paths": [
        "/pr-dec/149/0881-01"
      ]
    },
    {
      "cite": "120 D.P.R. 194",
      "category": "reporters:state",
      "reporter": "P.R. Dec.",
      "case_ids": [
        8757663
      ],
      "weight": 4,
      "year": 1987,
      "pin_cites": [
        {
          "page": "210"
        }
      ],
      "opinion_index": 0,
      "case_paths": [
        "/pr-dec/120/0194-01"
      ]
    },
    {
      "cite": "148 D.P.R. 387",
      "category": "reporters:state",
      "reporter": "P.R. Dec.",
      "case_ids": [
        9313723
      ],
      "weight": 3,
      "year": 1999,
      "pin_cites": [
        {
          "page": "397"
        }
      ],
      "opinion_index": 0,
      "case_paths": [
        "/pr-dec/148/0387-01"
      ]
    }
  ],
  "analysis": {
    "cardinality": 950,
    "char_count": 20948,
    "ocr_confidence": 0.886,
    "pagerank": {
      "raw": 4.03580807328026e-08,
      "percentile": 0.20380589756391201
    },
    "sha256": "30c4b47ba5c16d4fe98d0e24860e146c8da430f6400f842c5e74c070eb932275",
    "simhash": "1:68d9fd5be96f8d77",
    "word_count": 3381
  },
  "last_updated": "2024-02-27T23:08:50.483985+00:00",
  "provenance": {
    "date_added": "2019-08-29",
    "source": "Harvard",
    "batch": "2018"
  },
  "casebody": {
    "judges": [
      "Panel integrado por su Presidente, el Juez L\u00f3pez Feliciano, la Juez Varona M\u00e9ndez y el Juez Hern\u00e1ndez Serrano",
      "L\u00f3pez Feliciano, Juez Ponente"
    ],
    "parties": [
      "DEPARTAMENTO DE ASUNTOS DEL CONSUMIDOR Recurrido v. EASY ACCESS ELECTRICAL CONTRACTOR, INC. Recurrente"
    ],
    "opinions": [
      {
        "text": "TEXTO COMPLETO DE LA SENTENCIA\nLa peticionaria Easy Access Electrical Contractor, Inc., en adelante Easy Access, nos solicita que revisemos y revoquemos una resoluci\u00f3n dictada por el Departamento de Asuntos del Consumidor, en adelante el DACO. Mediante dicha resoluci\u00f3n, el DACO le impuso una multa administrativa de $5,000 por no estar registrada en el Registro de Contratistas establecido bajo las disposiciones de la Ley N\u00fam. 146 de 14 de diciembre de 1997, seg\u00fan enmendada, 23 L.P.R.A. sec. 1020a-l et seq.\nCon el beneficio de los escritos presentados por la peticionaria, as\u00ed como por el DACO, estamos en posici\u00f3n de disponer del recurso, lo que a continuaci\u00f3n hacemos.\nLos hechos que originaron la acci\u00f3n administrativa contraerse a los que a continuaci\u00f3n se exponen. y los incidentes procesales en el DACO pueden\nEl 18 de agosto de 2005, una consumidora de nombre Tania Garc\u00eda Viera present\u00f3 una querella contra Easy Access, alegando que hab\u00eda contratado sus servicios para que le construyera unas rejas para el balc\u00f3n de una vivienda, as\u00ed como un port\u00f3n de acceso. Se pact\u00f3 un precio de $1,500, de los cuales se anticiparon $750. Pasados unos ocho meses desde que se contrat\u00f3 el trabajo, Easy Access s\u00f3lo hab\u00eda instalado parte de las rejas, pero con ciertos defectos en su construcci\u00f3n. Aleg\u00f3 tambi\u00e9n la all\u00ed querellante, que durante la instalaci\u00f3n se produjeron ciertos da\u00f1os a la loza del piso. Solicit\u00f3 que se ordenara terminar la obra contratada seg\u00fan convenido o que se le devolviera el dinero pagado.\nComo resultado de esa querella, un Investigador del DACO notific\u00f3 el 24 de agosto de 2005 a Easy Access un aviso de infracci\u00f3n, se\u00f1al\u00e1ndole que hab\u00eda infringido la Ley N\u00fam. 146, supra, al no registrarse en el Registro de Contratistas y por no haber prestado la fianza requerida por dicho estatuto.\nEl 30 de agosto siguiente, el DACO emiti\u00f3 formalmente a Easy Access una Notificaci\u00f3n de Multa Administrativa de $5,000 por infracci\u00f3n a la Ley N\u00fam. 146, supra.\nEl DACO tambi\u00e9n constat\u00f3 que antes de la querella de la se\u00f1ora Garc\u00eda Viera, el 5 de noviembre de 2004 otro consumidor, de nombre Ari J. Feliciano, hab\u00eda presentado querella contra Easy Access por la instalaci\u00f3n defectuosa de unas tormenteras, que no fueron construidas de acuerdo con las medidas requeridas.\nLa vista administrativa para dilucidar la imposici\u00f3n de la multa administrativa contra Easy Access se celebr\u00f3 el 6 de abril de 2006. En dicha vista, Easy Access estuvo representada por su Presidente, el Sr. Luis J. Quiles Rivera y por el Ledo. Juan M. Aponte Castro.\nEn la vista qued\u00f3 establecido, seg\u00fan surge del expediente sometido a nuestra consideraci\u00f3n, que Easy Access se dedicaba a realizar trabajos de construcci\u00f3n, tanto para empresas privadas e industrias como para consumidores particulares, sin estar registrada en el Registro de Contratistas del DACO.\nDurante la vista, Easy Access plante\u00f3, inter alia, que desconoc\u00eda que ten\u00eda que registrarse en el DACO; que en dicha agencia, la orientaron que por el presidente de la corporaci\u00f3n ser un perito electricista con licencia no estaba obligado a registrarse; que no le caus\u00f3 perjuicios a nadie, ya que ante la querella hab\u00eda devuelto el dinero pagado por la querellante; y que hab\u00edan factores atenuantes para la imposici\u00f3n de la multa.\nEn la resoluci\u00f3n recurrida, el DACO concluy\u00f3 que Easy Access hab\u00eda sido adecuadamente notificada de la intenci\u00f3n de multarla; que no hab\u00eda presentado evidencia que justificara la atenuaci\u00f3n de la multa: y que no proced\u00eda un aviso de orientaci\u00f3n, porque no hab\u00eda ofrecido evidencia que as\u00ed lo justificara.\nLa resoluci\u00f3n del DACO, del 1ro. de junio de 2006, fue notificada a las partes el 2 de junio siguiente. Oportunamente, Easy Access present\u00f3 una moci\u00f3n de reconsideraci\u00f3n, la cual fue declarada sin lugar en resoluci\u00f3n del 16 de agosto de 2006, la que fue notificada el 22 de agosto siguiente. Inconforme con este dictamen administrativo es que Easy Access comparece ante este foro.\nII\nEn su petici\u00f3n para que revisemos la resoluci\u00f3n del DACO, Easy Access presenta el siguiente se\u00f1alamiento de errores:\n\u201cErr\u00f3 el DACO al resolver que el aviso de infracci\u00f3n es suficiente en derecho, y cumple con la ley y reglamento aplicables.\nErr\u00f3 el DACO al emitir un aviso de infracci\u00f3n e imponer una multa, en vez de emitir un aviso de orientaci\u00f3n, seg\u00fan lo establece la ley org\u00e1nica del DACO y su Reglamento para la Imposici\u00f3n de Sanciones y Multas, y al imponer una multa cuando \u00e9sta no proced\u00eda al amparo de la Ley 454 de 28 de diciembre de 2000.\nErr\u00f3 el DACO al imponer una multa m\u00e1xima de $5,000 porque dicha cuant\u00eda resulta arbitraria e irrazonable a la luz de los hechos particulares de este caso y el derecho vigente.\u201d\nm\nAntes de pasar a analizar los errores se\u00f1alados, as\u00ed como los planteamientos que hacen las partes sobre los\nmismos, procede que examinemos y expongamos la normativa de derecho aplicable del caso.\nA\nLa Ley Org\u00e1nica del DACO, Ley N\u00fam. 5 de 23 de abril de 1973, seg\u00fan enmendada, 3 L.P.R.A. sees. 341 a 341w, confiere facultad al Secretario del DACO para resolver las quejas y querellas presentadas por los consumidores de bienes y servicios adquiridos o recibidos del sector privado de la econom\u00eda, y conceder los remedios que sean procedentes conforme al derecho aplicable. Art\u00edculo 10-A de la Ley N\u00fam. 5, supra, 3 L.P.R. A. sec. 341\u00cd-1.\nB\nMediante la Ley N\u00fam. 146, supra, se orden\u00f3 al DACO el mantenimiento de un Registro de Contratistas, bien sean personas naturales o jur\u00eddicas, dedicados a cualquier tipo de obras de construcci\u00f3n, tales como viviendas, mejoras a solares y mejoras paisajistas, entre otras. 23 L.P.R.A. sec. 1020a-1. Este estatuto regulador tambi\u00e9n requiere que el contratista preste una fianza anual, basada en el volumen de negocios. 23 L.P.R. A see 1020c.\nPara hacer efectiva la fiscalizaci\u00f3n que este estatuto establece, se dispone en el mismo que a toda aquella persona natural o jur\u00eddica que realice trabajos de obras de construcci\u00f3n en viviendas, sin estar registrado y afianzado, se le impondr\u00e1 una multa administrativa por una cantidad m\u00ednima de $5,000 y hasta una m\u00e1xima de $10,000. Id.\nEl Reglamento para la Imposici\u00f3n de Sanciones y Multas, aprobado por el DACO el 29 de marzo de 2004, en adelante el Reglamento, en su Regla 5 establece que los tipos de avisos por infracciones a las leyes y reglamentos que administra, son los siguientes.\na. Aviso de Infracci\u00f3n \u2014 Notificaci\u00f3n expedida por el Departamento en la que se imputa la comisi\u00f3n de unos hechos que constituyen una violaci\u00f3n de alguna ley o reglamento bajo la autoridad del Departamento.\nb. Aviso de Orientaci\u00f3n - Notificaci\u00f3n escrita expedida por el Departamento en la que se informa a las personas sobre pr\u00e1cticas o actuaciones que pueden constituir infracciones a cualesquiera de las leyes y reglamentos bajo la autoridad del Departamento o las \u00f3rdenes que hayan sido emitidas, as\u00ed como una advertencia a los efectos de notificar cu\u00e1l ser\u00eda la sanci\u00f3n que conlleva esa pr\u00e1ctica, actuaci\u00f3n u omisi\u00f3n, si incurre en la misma.\nLa Regla 8 establece las circunstancias en que el DACO, a trav\u00e9s de sus investigadores, tiene facultad para investigar y emitir avisos de orientaci\u00f3n o de infracci\u00f3n. Se establece en dicha Regla que:\n\u201cA) El aviso de orientaci\u00f3n cumplir\u00e1 con el prop\u00f3sito de informar.\n1) Las circunstancias personales del infractor, incluyendo pero sin limitarse a, nombre de la persona, negocio o instituci\u00f3n, su direcci\u00f3n f\u00edsica y postal, as\u00ed como todos los n\u00fameros de tel\u00e9fonos disponibles. En el caso de una corporaci\u00f3n, sociedad o entidad jur\u00eddica, se expresar\u00e1 el nombre y direcci\u00f3n del Presidente o del agente residente;\n2) La descripci\u00f3n de las circunstancias en que se realiza la inspecci\u00f3n o intervenci\u00f3n, lugar, fecha, hora en que emiti\u00f3 el aviso de orientaci\u00f3n, el nombre de la persona que recibe la orientaci\u00f3n y su posici\u00f3n dentro del negocio e instituci\u00f3n investigada;\n3) La actuaci\u00f3n u omisi\u00f3n que podr\u00eda ser constitutiva de alguna infracci\u00f3n a las leyes v reslamentos bajo la autoridad del Departamento o de las \u00f3rdenes que hayan sido emitidas;\n4) Las disposiciones legales o reglamentarias por las cuales se le expida el aviso de orientaci\u00f3n;\n5) La cuant\u00eda m\u00e1xima de la multa que podr\u00eda imponer el Departamento por la infracci\u00f3n identificada en el aviso;\n6) Una indicaci\u00f3n a los efectos de que debe corregir la deficiencia se\u00f1alada en el per\u00edodo de tiempo especificado en el aviso de orientaci\u00f3n;\n7) Una advertencia a los efectos de que si incurre nuevamente en una infracci\u00f3n a nuestro ordenamiento o si no corrige la deficiencia se\u00f1alada en el per\u00edodo de tiempo especificado en el aviso de orientaci\u00f3n, podr\u00e1 ser sancionado con una multa administrativa;\n8) Las circunstancias del empleado o funcionario que emite el mismo: nombre completo en letra de molde, la Oficina Regional, Unidad o Divisi\u00f3n del Departamento en la cual trabaja y su firma.\nB) El aviso de infracci\u00f3n contendr\u00e1 lo siguiente:\n1) Una descripci\u00f3n de las circunstancias personales del infractor, incluyendo, pero sin limitarse a, nombre de la persona, negocio o instituci\u00f3n intervenida o investigada, direcci\u00f3n f\u00edsica y postal, y los n\u00fameros de tel\u00e9fonos disponibles. En el caso de una corporaci\u00f3n, sociedad o entidad jur\u00eddica, se expresar\u00e1 el nombre y direcci\u00f3n del Presidente o del agente residente;\n2) La descripci\u00f3n de las circunstancias en que se realiza la inspecci\u00f3n: lugar, fecha, hora en que se emiti\u00f3 el aviso, nombre de la persona o personas que reciben la infracci\u00f3n y su posici\u00f3n dentro de la estructura organizacional del negocio o instituci\u00f3n investigada;\n3) La descripci\u00f3n de la actuaci\u00f3n u omisi\u00f3n constitutiva de violaci\u00f3n:\n4) Las disposiciones legales o reglamentarias por las cuales se le notifica el aviso de infracci\u00f3n;\n5) Una advertencia a los efectos de que el Departamento podr\u00e1, dentro del t\u00e9rmino de veinte (20) d\u00edas contados a partir de ser emitido el aviso de infracci\u00f3n, notificar formalmente una multa administrativa y la cantidad m\u00e1xima de dinero que podr\u00eda impon\u00e9rsele;\n6) Las circunstancias del empleado o funcionario que emite el mismo: nombre completo en letra de molde, la Oficina Regional, Unidad o Divisi\u00f3n del Departamento en la cual trabaja y su firma.\u201d (Subrayados nuestros)\nEn cuanto a la notificaci\u00f3n de multas administrativas, la Regla 9 especifica el contenido de dicha notificaci\u00f3n en los siguientes t\u00e9rminos.\n\u201c1) Una descripci\u00f3n de las circunstancias personales del infractor, incluyendo, pero sin limitarse a, nombre de la persona, negocio o instituci\u00f3n intervenida, su direcci\u00f3n postal;\n2) La descripci\u00f3n de la actuaci\u00f3n u omisi\u00f3n constitutiva de la infracci\u00f3n;\n3) Todas las disposiciones legales o reglamentarias aplicables por las cuales se le imputa la violaci\u00f3n;\n4)Las circunstancias del empleado o funcionario que emite el aviso de infracci\u00f3n: nombre completo en letra de molde, la Oficina Regional, Unidad o Divisi\u00f3n desde la cual emite la notificaci\u00f3n de multa administrativa, su posici\u00f3n y su firma;\n5) La sanci\u00f3n o multa a la que se expone el infractor;\n6) Un apercibimiento de que el infractor puede allanarse a la multa e informar su cumplimiento de pago o en la alternativa, de su derecho a solicitar vista administrativa y el t\u00e9rmino y el procedimiento para realizar dicha solicitud;\n7) Una advertencia al infractor a los efectos de que si no contesta o responde al aviso dentro de un t\u00e9rmino de veinte (20) d\u00edas contados a partir de la notificaci\u00f3n, se expone a que se emita una Resoluci\u00f3n en su contra confirmando la multa recomendada, sin m\u00e1s oportunidad de citarle ni o\u00edrle;\n8) Una certificaci\u00f3n de env\u00edo con fecha y archivo de copia de la notificaci\u00f3n debidamente cumplimentada por personal autorizado.\u201d\nLa Regla 10 provee los criterios que debe tomar en cuenta el DACO para fijar una multa administrativa. Dichos criterios son los siguientes:\n\u201c1) La disposici\u00f3n del infractor para corregir las acciones u omisiones que provocaron la violaci\u00f3n;\n2) El tiempo invertido por el infractor para corregir las acciones u omisiones que provocaron la violaci\u00f3n;\n3) La reincidencia;\n4) El volumen de negocios del comercio o industria;\n5) Adem\u00e1s del volumen de negocios del comercio, se tomar\u00e1 en consideraci\u00f3n si se trata de un negocio peque\u00f1o acorde con la Ley N\u00fam. 454 de 28 de diciembre de 2000:\na. Se podr\u00e1 reducir la multa impuesta si la violaci\u00f3n se corrige en un per\u00edodo no mayor de quince (15) d\u00edas.\nb. Si corregir la violaci\u00f3n toma un tiempo mayor del indicado, la agencia podr\u00e1 condonar hasta un cien porciento (100%) de la multa, si se prueba fehacientemente que el dinero a pagarse por concepto de la multa se utilizar\u00e1 para corregir la violaci\u00f3n.\nc. La provisi\u00f3n del sub inciso (a) de este art\u00edculo, se aplicar\u00e1 cuando el peque\u00f1o negocio cumpla de buena fe con el reglamento y dem\u00e1s exigencias de la agencia y la violaci\u00f3n no constituya un acto criminal o una amenaza significativa a la salud, seguridad o al ambiente.\n6) La naturaleza de la violaci\u00f3n y si la misma acci\u00f3n u omisi\u00f3n del infractor representa peligrosidad para un consumidor en particular o vara los consumidores en seneral.\n7) El historial de infracciones de isual o similar naturaleza incurridas por el infractor.\u201d (Subrayados nuestros)\nC\nReiteradamente, el Tribunal Supremo de Puerto Rico ha resuelto que las decisiones de los organismos administrativos merecen la mayor deferencia judicial. Esta deferencia se debe a que son \u00e9stos los que cuentan con el conocimiento experto y con la experiencia especializada de los asuntos que les son encomendados. Municipio de San Juan v. Plaza Las Am\u00e9ricas, 169 D.P.R. _ (2006), 2006 J.T.S. 164; L\u00f3pez v. Administraci\u00f3n, 168 D.P.R.__ (2006), 2006 J.T.S. 146; Hern\u00e1ndez v. Centro Unido, 168 D.P.R._(2006), 2006 J.T.S. 140; Comisionado de Seguros v. Puerto Rican Insurance Agency, 168 D.P.R._(2006), 2006 J.T.S. 142; Mart\u00ednez v. Rosado, 165 D.P.R._(2005), 2005 J.T.S. 132; Polanco v. Cacique Motors, 165 D.P.R. _(2005), 2005 J.T.S. 101; Otero v. Toyota, 163 D.P.R._(2005), 2005 J.T.S. 13; Rebollo Vda. de Liceaga v. Yiyi Motors, 161 D.P.R._(2004), 2004 J.T.S. 4; Pacheco Torres v. Estancias de Yauco, 160 D.P.R._ (2003), 2003 J.T.S. 148.\nAl momento de revisar una decisi\u00f3n administrativa, el criterio rector para los tribunales ser\u00e1 la razonabilidad en la actuaci\u00f3n de la agencia. L\u00f3pez v. Administraci\u00f3n, supra; Camacho v. A.A.F.E.T., 168 D.P.R._ (2006), 2006 J.T.S. 97; Rebollo Vda. de Liceaga v. Yiyi Motors, supra. Los tribunales no deben intervenir o alterar las determinaciones de hechos de un organismo administrativo, si las mismas est\u00e1n sostenidas por evidencia sustancial que surja del expediente administrativo considerado en su totalidad. L\u00f3pez v. Administraci\u00f3n, supra; Mart\u00ednez v. Rosado, supra; Polanco v. Cacique Motors, supra; Otero v. Toyota, supra; Pacheco Torres v. Estancias de Yauco, supra; Dom\u00ednguez Talavera v. Caguas Expressway Motors, Inc., 148 D.P.R. 387, 397 (1999).\nLas determinaciones de hechos de organismos y agencias \u201ctienen a su favor una presunci\u00f3n de regularidad y correcci\u00f3n que debe ser respetada mientras la parte que las impugne no produzca evidencia suficiente para derrotarlas\u201d. Camacho v. A.A.F.E.T., supra; Polanco v. Cacique Motors, supra; Otero v. Toyota, supra; Henr\u00edquez v. Consejo Educaci\u00f3n Superior, 120 D.P.R. 194, 210 (1987); Facultad v. Consejo de Educaci\u00f3n Superior, supra, p\u00e1g. 532.\nEl tribunal podr\u00e1 sustituir el criterio de la agencia por el propio, s\u00f3lo cuando no pueda hallar una base racional para explicar la decisi\u00f3n administrativa. Otero v. Toyota, supra; Misi\u00f3n Ind. P.R. v. J.P., supra, p\u00e1g. 134.\nAhora bien, en cuanto a la deferencia judicial antes aludida, la misma no debe concederse cuando el tribunal revisor se encuentra ante una inteipretaci\u00f3n estatutaria de la agencia administrativa que afecta derechos fundamentales, resulta irrazonable o conduce a la comisi\u00f3n de una injusticia. Mart\u00ednez Segarra et al. v. Rosado Santoni, supra; Costa, Piovanetti v. Caguas Expressway, 149 D.P.R. 881 (1992). Es cuando la agencia interpreta el estatuto que viene obligada a poner en vigor de manera tal que produce resultados contrarios al prop\u00f3sito de la ley, que su errada interpretaci\u00f3n no puede prevalecer y los tribunales vienen obligados a corregirla. Mart\u00ednez Segarra et al. v. Rosado Santoni, supra; Mun. de San Juan v. J.C.A., 149 D.P.R. 263, 280 (1999).\nIV\nProcede que bajo la normativa estatutaria, reglamentaria y jurisprudencial anteriormente esbozada, analicemos los se\u00f1alamientos de error y los planteamientos de las partes seg\u00fan obran en sus respectivos alegatos.\nEasy Access nos invita a resolver que el aviso de infracci\u00f3n emitido por el DACO en su contra no cumpli\u00f3 con la ley y la reglamentaci\u00f3n aplicable y que lo que debi\u00f3 hab\u00e9rsele notificado fue un aviso de orientaci\u00f3n. No le asiste la raz\u00f3n.\nTanto la Ley N\u00fam. 5, supra, como la Ley N\u00fam. 146, supra, facultan al DACO a recibir querellas de consumidores por bienes o servicios adquiridos o recibidos del sector privado de la econom\u00eda. En particular, la Ley N\u00fam. 146, supra, impone la obligaci\u00f3n al DACO de sancionar con multas administrativas a aquellas personas que realicen obras de construcci\u00f3n sin estar registradas en el Registro de Contratistas.\nPara dar vigencia a la imposici\u00f3n de multas, el DACO aprob\u00f3 el Reglamento para la Imposici\u00f3n de Sanciones y Multas, supra. En dicho Reglamento se le concede poder al DACO para investigar y sancionar por violaciones a leyes o reglamentos bajo su competencia administrativa. V\u00e9ase Regla 5, supra.\nUn examen del aviso de infracci\u00f3n y de la notificaci\u00f3n de la vista administrativa cuestionado por Easy Access nos demuestra que en ambos documentos el DACO cumpli\u00f3 razonablemente con las Reglas 5, 8 y 9 del Reglamento. Se identific\u00f3 con adecuada especificidad al infractor, as\u00ed como la concreta actuaci\u00f3n constitutiva de infracci\u00f3n y la ley aplicable; adem\u00e1s se ofrecieron los pormenores b\u00e1sicos requeridos por dichas Reglas. Todos los datos contenidos en estos documentos eran m\u00e1s que suficientes para que Easy Access estuviera adecuadamente informada del procedimiento administrativo en su contra. DACO garantiz\u00f3 el derecho de Easy Access a tener notificaci\u00f3n de la naturaleza de la acci\u00f3n administrativa en su contra. V\u00e9ase Art\u00edculo 3.1 de la Ley de Procedimiento Administrativo Uniforme, 3 L.P.R.A. see. 2151.\nDe otro lado, es cuando se trata de pr\u00e1cticas u actuaciones que pudieran estar dirigidas a infringir las leyes y reglamentos que administra, que el DACO est\u00e1 facultado para expedir el llamado aviso de orientaci\u00f3n. V\u00e9ase Regla 8 A) 3) del Reglamento, supra.\nLos hechos pertinentes al recurso ante nuestra consideraci\u00f3n, seg\u00fan se desprenden de la evidencia sustancial que surge del expediente administrativo sometido por las partes, no demuestran actuaciones que pudieran ser constitutivas de infracci\u00f3n a la Ley N\u00fam. 146, supra, sino que por el contrario revelan claras y evidentes violaciones a dicho estatuto. V\u00e9ase Regla 8 B) 3) del Reglamento, supra.\nNinguna excusa o aceptable justificaci\u00f3n se present\u00f3 en la vista administrativa ante el DACO para liberar a Easy Access de su responsabilidad. Las determinaciones del DACO a estos efectos no fueron derrotadas en el proceso administrativo ni ante este foro. Debemos deferencia y respeto a las mismas. V\u00e9ase Camacho v. A.A.F.E.T., supra; Polanco v. Cacique Motors, supra; Otero v. Toyota, supra; Henr\u00edquez v. Consejo Educaci\u00f3n Superior, supra; Facultad v. Consejo de Educaci\u00f3n Superior, supra.\nPor tanto, somos de opini\u00f3n que el DACO no incidi\u00f3 en ninguno de los primeros dos errores se\u00f1alados.\nEn cuanto al planteamiento de que el DACO impuso una multa m\u00e1xima de $5,000 de manera arbitraria o razonable, el mismo es inmeritorio.\nAl imponer la multa, el DACO actu\u00f3 dentro del margen que para ello le concedi\u00f3 la Ley N\u00fam. 146, supra. De hecho, le impuso a la recurrente la suma m\u00ednima establecida en dicho estatuto. El tercer error se\u00f1alado tampoco se cometi\u00f3. Adem\u00e1s, el DACO cumpli\u00f3 razonablemente con los criterios establecidos en la Regla 10 del Reglamento, supra, al imponer la multa. Su determinaci\u00f3n est\u00e1 racional y razonablemente explicada en la resoluci\u00f3n de la cual se recurre. V\u00e9ase Otero v. Toyota, supra; Misi\u00f3n Ind. P.R. v. J.P., supra.\nV\nPor los fundamentos anteriormente expuestos, se confirma la resoluci\u00f3n dictada por el Departamento de Asuntos del Consumidor mediante la cual ratific\u00f3 la imposici\u00f3n a la recurrente Easy Access Electrical Contractor, Inc. por la suma de $5,000.\nLo acord\u00f3 el Tribunal y lo certifica la Secretaria del Tribunal de Apelaciones.\nMildred I. Rodr\u00edguez Rivera\nSecretaria Interina del Tribunal de Apelaciones",
        "type": "majority",
        "author": null
      }
    ],
    "attorneys": [],
    "corrections": "",
    "head_matter": "2007 DTA 31\nTRIBUNAL DE APELACIONES REGI\u00d3N JUDICIAL DE MAYAG\u00dcEZ/AIBONITO PANEL VIII\nDEPARTAMENTO DE ASUNTOS DEL CONSUMIDOR Recurrido v. EASY ACCESS ELECTRICAL CONTRACTOR, INC. Recurrente\nN\u00fam. KLRA-2006-00756\nSan Juan, Puerto Rico, a 25 de enero de 2007\nPanel integrado por su Presidente, el Juez L\u00f3pez Feliciano, la Juez Varona M\u00e9ndez y el Juez Hern\u00e1ndez Serrano\nL\u00f3pez Feliciano, Juez Ponente"
  },
  "file_name": "0892-01",
  "first_page_order": 290,
  "last_page_order": 301
}
