{
  "id": 8437245,
  "name": "RICARDO QUILES RIVERA, BLANCA SIERRA GONZ\u00c1LEZ, AMBOS POR S\u00cd Y EN REPRESENTACI\u00d3N DE LA SOCIEDAD LEGAL DE BIENES GANANCIALES QUE COMPONEN Demandantes-Apelantes v. CARMEN GLADYS BAYRON RODRIGUEZ, SIGFRIDO RIVERA SOL\u00c1, INVER PROM., INC., \u00c1NGEL MARRERO FIGARELLA, EDGARDO RIVERA MALDONADO, CARMEN G. TORRES FIGUEROA, NACAR DEV. CORP., LAS HACIENDAS, S. E., ANTONIO MOREDA TOLEDO, MANUEL A. MOREDA Demandados-Apelados",
  "name_abbreviation": "Quiles Rivera v. Bayron Rodriguez",
  "decision_date": "2007-04-30",
  "docket_number": "N\u00fam. KLAN-2005-01497",
  "first_page": "1195",
  "last_page": "1211",
  "citations": [
    {
      "type": "official",
      "cite": "12 T.C.A. 1195"
    },
    {
      "type": "parallel",
      "cite": "2007 DTA 65"
    }
  ],
  "court": {
    "name_abbreviation": "P.R. Cir.",
    "id": 16431,
    "name": "Puerto Rico Circuit Court of Appeals"
  },
  "jurisdiction": {
    "id": 25,
    "name_long": "Puerto Rico",
    "name": "P.R."
  },
  "cites_to": [
    {
      "cite": "123 D.P.R. 294",
      "category": "reporters:state",
      "reporter": "P.R. Dec.",
      "case_ids": [
        8809791
      ],
      "year": 1989,
      "pin_cites": [
        {
          "page": "299"
        }
      ],
      "opinion_index": 0,
      "case_paths": [
        "/pr-dec/123/0294-01"
      ]
    },
    {
      "cite": "135 D.P.R. 137",
      "category": "reporters:state",
      "reporter": "P.R. Dec.",
      "case_ids": [
        11555517
      ],
      "year": 1994,
      "pin_cites": [
        {
          "page": "142-143"
        }
      ],
      "opinion_index": 0,
      "case_paths": [
        "/pr-dec/135/0137-01"
      ]
    },
    {
      "cite": "138 D.P.R. 560",
      "category": "reporters:state",
      "reporter": "P.R. Dec.",
      "case_ids": [
        9390231
      ],
      "year": 1995,
      "pin_cites": [
        {
          "page": "566"
        }
      ],
      "opinion_index": 0,
      "case_paths": [
        "/pr-dec/138/0560-01"
      ]
    },
    {
      "cite": "156 D.P.R. 181",
      "category": "reporters:state",
      "reporter": "P.R. Dec.",
      "case_ids": [
        8981278
      ],
      "year": 2002,
      "pin_cites": [
        {
          "page": "188"
        }
      ],
      "opinion_index": 0,
      "case_paths": [
        "/pr-dec/156/0181-01"
      ]
    },
    {
      "cite": "112 D.P.R. 227",
      "category": "reporters:state",
      "reporter": "P.R. Dec.",
      "case_ids": [
        8811292
      ],
      "year": 1981,
      "pin_cites": [
        {
          "page": "230-231"
        }
      ],
      "opinion_index": 0,
      "case_paths": [
        "/pr-dec/112/0227-01"
      ]
    },
    {
      "cite": "132 D.P.R. 785",
      "category": "reporters:state",
      "reporter": "P.R. Dec.",
      "case_ids": [
        11558214
      ],
      "year": 1993,
      "pin_cites": [
        {
          "page": "795"
        }
      ],
      "opinion_index": 0,
      "case_paths": [
        "/pr-dec/132/0785-01"
      ]
    },
    {
      "cite": "142 D.P.R. 464",
      "category": "reporters:state",
      "reporter": "P.R. Dec.",
      "case_ids": [
        9383746
      ],
      "year": 1997,
      "pin_cites": [
        {
          "page": "472-73"
        }
      ],
      "opinion_index": 0,
      "case_paths": [
        "/pr-dec/142/0464-01"
      ]
    },
    {
      "cite": "144 D.P.R. 748",
      "category": "reporters:state",
      "reporter": "P.R. Dec.",
      "case_ids": [
        9389865
      ],
      "year": 1998,
      "pin_cites": [
        {
          "page": "755"
        }
      ],
      "opinion_index": 0,
      "case_paths": [
        "/pr-dec/144/0748-01"
      ]
    },
    {
      "cite": "148 D.P.R. 60",
      "category": "reporters:state",
      "reporter": "P.R. Dec.",
      "case_ids": [
        9312773
      ],
      "year": 1999,
      "pin_cites": [
        {
          "page": "65"
        }
      ],
      "opinion_index": 0,
      "case_paths": [
        "/pr-dec/148/0060-01"
      ]
    },
    {
      "cite": "105 D.P.R. 248",
      "category": "reporters:state",
      "reporter": "P.R. Dec.",
      "case_ids": [
        8813107
      ],
      "weight": 2,
      "year": 1976,
      "pin_cites": [
        {
          "page": "250"
        }
      ],
      "opinion_index": 0,
      "case_paths": [
        "/pr-dec/105/0248-01"
      ]
    },
    {
      "cite": "103 D.P.R. 298",
      "category": "reporters:state",
      "reporter": "P.R. Dec.",
      "case_ids": [
        8811290
      ],
      "year": 1975,
      "pin_cites": [
        {
          "page": "300"
        }
      ],
      "opinion_index": 0,
      "case_paths": [
        "/pr-dec/103/0298-01"
      ]
    },
    {
      "cite": "116 D.P.R. 485",
      "category": "reporters:state",
      "reporter": "P.R. Dec.",
      "case_ids": [
        8758959
      ],
      "weight": 2,
      "year": 1985,
      "pin_cites": [
        {
          "page": "506"
        }
      ],
      "opinion_index": 0,
      "case_paths": [
        "/pr-dec/116/0485-01"
      ]
    },
    {
      "cite": "157 L.Ed. 2d 867",
      "category": "reporters:federal",
      "reporter": "L. Ed. 2d",
      "case_ids": [
        8897340
      ],
      "year": 2003,
      "pin_cites": [
        {
          "page": "881"
        }
      ],
      "opinion_index": 0,
      "case_paths": [
        "/us/540/0443-01"
      ]
    },
    {
      "cite": "144 D.P.R. 389",
      "category": "reporters:state",
      "reporter": "P.R. Dec.",
      "case_ids": [
        9389213
      ],
      "year": 1997,
      "pin_cites": [
        {
          "page": "394"
        }
      ],
      "opinion_index": 0,
      "case_paths": [
        "/pr-dec/144/0389-01"
      ]
    },
    {
      "cite": "144 D.P.R. 774",
      "category": "reporters:state",
      "reporter": "P.R. Dec.",
      "case_ids": [
        9389907
      ],
      "year": 1998,
      "pin_cites": [
        {
          "page": "792"
        }
      ],
      "opinion_index": 0,
      "case_paths": [
        "/pr-dec/144/0774-01"
      ]
    },
    {
      "cite": "133 D.P.R. 364",
      "category": "reporters:state",
      "reporter": "P.R. Dec.",
      "case_ids": [
        11556770
      ],
      "year": 1993,
      "pin_cites": [
        {
          "page": "371"
        }
      ],
      "opinion_index": 0,
      "case_paths": [
        "/pr-dec/133/0364-01"
      ]
    },
    {
      "cite": "155 D.P.R. 623",
      "category": "reporters:state",
      "reporter": "P.R. Dec.",
      "case_ids": [
        8896067
      ],
      "year": 2001,
      "pin_cites": [
        {
          "page": "649"
        }
      ],
      "opinion_index": 0,
      "case_paths": [
        "/pr-dec/155/0623-01"
      ]
    },
    {
      "cite": "135 D.P R. 382",
      "category": "reporters:state",
      "reporter": "P.R. Dec.",
      "case_ids": [
        11556605
      ],
      "year": 1994,
      "pin_cites": [
        {
          "page": "400"
        }
      ],
      "opinion_index": 0,
      "case_paths": [
        "/pr-dec/135/0382-01"
      ]
    },
    {
      "cite": "82 D.P.R. 573",
      "category": "reporters:state",
      "reporter": "P.R. Dec.",
      "case_ids": [
        8815586
      ],
      "year": 1961,
      "pin_cites": [
        {
          "page": "576"
        }
      ],
      "opinion_index": 0,
      "case_paths": [
        "/pr-dec/82/0573-01"
      ]
    },
    {
      "cite": "172 D.P.R. 542",
      "category": "reporters:state",
      "reporter": "P.R. Dec.",
      "year": 2000,
      "pin_cites": [
        {
          "page": "549"
        }
      ],
      "opinion_index": 0
    },
    {
      "cite": "111 D.P.R. 752",
      "category": "reporters:state",
      "reporter": "P.R. Dec.",
      "case_ids": [
        8811099
      ],
      "year": 1981,
      "pin_cites": [
        {
          "page": "757"
        }
      ],
      "opinion_index": 0,
      "case_paths": [
        "/pr-dec/111/0752-01"
      ]
    },
    {
      "cite": "104 D.P.R. 474",
      "category": "reporters:state",
      "reporter": "P.R. Dec.",
      "case_ids": [
        8813465
      ],
      "year": 1975,
      "pin_cites": [
        {
          "page": "485"
        }
      ],
      "opinion_index": 0,
      "case_paths": [
        "/pr-dec/104/0474-01"
      ]
    }
  ],
  "analysis": {
    "cardinality": 1549,
    "char_count": 46693,
    "ocr_confidence": 0.863,
    "pagerank": {
      "raw": 4.03580807328026e-08,
      "percentile": 0.2038321539209429
    },
    "sha256": "e127b47bf323c0b89122cdb0344ea149b9ac76888587600d58ee02e36cda10bf",
    "simhash": "1:6e12dfd8ac79ce46",
    "word_count": 7388
  },
  "last_updated": "2024-02-27T23:08:50.483985+00:00",
  "provenance": {
    "date_added": "2019-08-29",
    "source": "Harvard",
    "batch": "2018"
  },
  "casebody": {
    "judges": [
      "Panel integrado por su Presidente, el Juez Rivera Rom\u00e1n, el Juez Salas Soler y la Juez Coll Mart\u00ed",
      "Rivera Rom\u00e1n, Juez Ponente"
    ],
    "parties": [
      "RICARDO QUILES RIVERA, BLANCA SIERRA GONZ\u00c1LEZ, AMBOS POR S\u00cd Y EN REPRESENTACI\u00d3N DE LA SOCIEDAD LEGAL DE BIENES GANANCIALES QUE COMPONEN Demandantes-Apelantes v. CARMEN GLADYS BAYRON RODRIGUEZ, SIGFRIDO RIVERA SOL\u00c1, INVER PROM., INC., \u00c1NGEL MARRERO FIGARELLA, EDGARDO RIVERA MALDONADO, CARMEN G. TORRES FIGUEROA, NACAR DEV. CORP., LAS HACIENDAS, S. E., ANTONIO MOREDA TOLEDO, MANUEL A. MOREDA Demandados-Apelados"
    ],
    "opinions": [
      {
        "text": "TEXTO COMPLETO DE LA SENTENCIA\nI\nEl presente caso se origina con una demanda presentada por el se\u00f1or Ricardo Quiles Rivera, su esposa Blanca Sierra Gonz\u00e1lez y la sociedad legal de gananciales constituida entre ambos, contra la se\u00f1ora Carmen Gladys Bayron Rodr\u00edguez y el se\u00f1or Sigfrido Rivera Sol\u00e1 sobre cumplimiento espec\u00edfico de contrato.\nAmbas partes otorgaron un contrato de opci\u00f3n de compra, el 26 de agosto de 2000, sobre un predio de terreno de 20 cuerdas localizado en el municipio de Vega Alta. Los se\u00f1ores Bayron Rodr\u00edguez y Rivera Sol\u00e1 se obligaron a vender dicho predio a los esposos Quiles y Sierra por la cantidad de $4,500,000.\nEn el contrato de opci\u00f3n se pact\u00f3 que, al momento de su firma, los esposos Quiles y Sierra entregar\u00edan un dep\u00f3sito de $100,000 a los se\u00f1ores Bayron Rodr\u00edguez y Rivera Sol\u00e1. Las partes acordaron, adem\u00e1s, un pago de $2,000,000 al momento de firmar la Escritura de Compraventa con precio aplazado, la cual deb\u00eda otorgarse dentro del t\u00e9rmino de 60 d\u00edas contados a partir del 1 de septiembre de 2000 y otro pago de $1,900,000 al vencimiento de un plazo de 30 meses con un inter\u00e9s del 7% anual, el cual estar\u00eda garantizado mediante una hipoteca en garant\u00eda de pagar\u00e9 al portador. La cantidad restante de $500,000 deb\u00eda ser satisfecha mediante un pago al vencimiento del plazo de los 30 meses acordados, pero esta suma no devengar\u00eda intereses y tambi\u00e9n estar\u00eda garantizada mediante hipoteca en garant\u00eda de pagar\u00e9 al portador.\nEn la cl\u00e1usula quinta del contrato de opci\u00f3n se acord\u00f3 que los se\u00f1ores Bayron Rodr\u00edguez y Rivera Sol\u00e1 culminar\u00edan los tr\u00e1mites necesarios para transigir una reclamaci\u00f3n existente sobre el predio objeto de la opci\u00f3n dentro del plazo de los 60 d\u00edas para otorgar la escritura de compraventa.\nVencido el plazo acordado de los 60 d\u00edas sin que se otorgara la escritura de compraventa, los esposos Quiles y Sierra presentaron, el 10 de noviembre de 2000, en el Tribunal de Primera Instancia, Sala de Bayam\u00f3n (T.P.I.), una demanda en cumplimiento espec\u00edfico de contrato. Solicitaron que el Tribunal condenara a los se\u00f1ores Bayron Rodr\u00edguez y Rivera Sol\u00e1 a cumplir con todas las cl\u00e1usulas y condiciones del contrato de opci\u00f3n. En la demanda no se reclam\u00f3 da\u00f1os econ\u00f3micos.\nPosteriormente, el 5 de marzo de 2001, los esposos Quiles y Sierra presentaron una demanda enmendada en la cual incluyeron nuevamente como demandados a los se\u00f1ores Bayron Rodr\u00edguez y Rivera Sol\u00e1. Incluyeron, ademas, como co-demandado adicional a Nacar Development, Inc. (Nacar). En esta primera demanda enmendada, se aleg\u00f3 que Nacar ten\u00eda pleno conocimiento del contrato de opci\u00f3n entre los se\u00f1ores Bayron Rodr\u00edguez y Rivera Sol\u00e1 y los esposos Quiles y Sierra. Se aleg\u00f3, adem\u00e1s, que luego de presentada la demanda original, los se\u00f1ores Bayron Rodr\u00edguez y Rivera Sol\u00e1 hab\u00edan otorgado una escritura sobre opci\u00f3n exclusiva de compraventa, con pleno conocimiento de que estaban violando el contrato suscrito entre ellos y los esposos Quiles y Sierra. En la primera demanda enmendada tampoco se reclamaron da\u00f1os econ\u00f3micos.\nAs\u00ed las cosas, los se\u00f1ores Bayron Rodr\u00edguez y Rivera Sol\u00e1 otorgaron, el 11 de abril de 2001, una Escritura de Compraventa ante el Notario Manuel A. Moreda, mediante la cual vendieron, enajenaron y entregaron a Nacar Development, Inc., la propiedad que hab\u00eda sido objeto del contrato de opci\u00f3n vencido entre \u00e9stos y los esposos Quiles y Sierra.\nCasi un a\u00f1o m\u00e1s tarde, el 1 de marzo de 2002, los esposos presentaron una segunda demanda enmendada en la cual se incluy\u00f3 como demandados a las siguientes personas naturales y jur\u00eddicas:\n\u201c(1) Carmen Gladys Bayron, su esposo y la Sociedad Legal de Gananciales (Bayron Rodr\u00edguez)\n(2) Sigfrido Rivera Sol\u00e1, su esposa y la Sociedad Legal de Gananciales (Rivera Sol\u00e1)\n(3) Inver Prom, Inc.\n(4) Carmen Z. Rojo Torres, su esposo y la Sociedad Legal de Gananciales (Rojo Torres)\n(5) Las Haciendas, S.E. (Las Haciendas)\n(6) Nacar Development, Inc. (Nacar)\n(7) Edgardo Rivera Maldonado, su esposa y la Sociedad Legal de Gananciales (Rivera Maldonado)\n(8) Corporaci\u00f3n Profesional o Sociedad Especial compuesta por Edgardo Rivera Maldonado\n(9) Angel Marrero Figarella, su esposa y la Sociedad Legal de Gananciales (Marrero Figarella)\n(10) Corporaci\u00f3n Profesional o Sociedad Especial compuesta por Angel Marrero Figarella\n(11) Antonio Moreda Toledo, su esposayla Sociedad Legal de Gananciales (Moreda Toledo)\n(12) Manuel A. Moreda, su esposa y la Sociedad Legal de Gananciales (Moreda)\n(13) Corporaci\u00f3n Profesional o Sociedad Especial compuesta por Antonio Moreda Toledo y Manuel A. Moreda\n(14) Compa\u00f1\u00eda de Seguros A, By C\u201d.\nEn la segunda demanda enmendada, los esposos Quiles y Sierra alegaron que todos los co-demandados, mediante actuaciones en concierto y com\u00fan acuerdo, llevaron a cabo una serie de actos alegadamente maliciosos e ilegales que provocaron que los esposos Quiles y Sierra fueron v\u00edctimas de la comisi\u00f3n de un fraude o de conducta dolosa. Por primera vez, en la segunda demanda enmendada, reclamaron da\u00f1os econ\u00f3micos por la suma de $1,500,000.\nLuego de varios incidentes procesales, el T.P.I. nombr\u00f3 al Ledo. Reynaldo Qui\u00f1ones M\u00e1rquez como Comisionado Especial (Comisionado) mediante orden de 2 de marzo de 2004 y la encomienda le requer\u00eda considerar todas las controversias que planteaba el caso.\nDurante el per\u00edodo de descubrimiento de prueba, el co-demandado Rivera Maldonado present\u00f3 una Moci\u00f3n de Desestimaci\u00f3n en la que solicitaba se desestimara la Demanda Enmendada en cuanto a \u00e9l y al Bufete Rivera Maldonado por alegadamente no contener elemento alguno en derecho que expusiera una reclamaci\u00f3n que justificara la concesi\u00f3n de un remedio a favor de los demandantes, los esposos Quiles y Sierra.\nLa moci\u00f3n de desestimaci\u00f3n fue declarada con lugar por el T.P.I., pero posteriormente, y ante una moci\u00f3n de reconsideraci\u00f3n presentada por los esposos Quiles y Sierra, el Tribunal dej\u00f3 sin efecto su resoluci\u00f3n y mantuvo como co-demandado en el pleito a Rivera Maldonado.\nLas partes continuaron con el descubrimiento de prueba con la asistencia y coordinaci\u00f3n del Comisionado. Al finalizar dicho descubrimiento de prueba, sometieron un Informe de Conferencia con Antelaci\u00f3n a Vistas. A pesar de que el caso estaba listo para la celebraci\u00f3n de las vistas evidenciar\u00edas ante el Comisionado, varias partes presentaron una serie de escritos y mociones dispositivas.\nLos remedios solicitados por varios de los co-demandados en sus mociones iban dirigidos a solicitar la desestimaci\u00f3n de la acci\u00f3n contra ellos porque alegadamente estaba prescrita cuando se radicaron las demandas enmendadas. Otros co-demandados. solicitaron que se dictara Sentencia Sumaria Parcial y alegaron que no exist\u00edan controversias sustanciales en cuanto a los hechos materiales del caso.\nLas partes acordaron con el Comisionado que se paralizar\u00edan los procedimientos para disponer de las mociones dispositivas. A esos efectos, acordaron celebrar una vista evidenciar\u00eda ante el Comisionado para que las partes pudieran presentar la prueba documental y los testigos necesarios para sostener sus alegaciones y teor\u00edas en las mociones dispositivas. Se acord\u00f3, adem\u00e1s, mediante estipulaci\u00f3n por los abogados de las partes, que las determinaciones que hiciera el Comisionado sobre las controversias incluidas en las mociones dispositivas ser\u00edan finales y firmes en el T.P.I., pero que las partes se reservaban el derecho de acudir en revisi\u00f3n ante el Tribunal de Apelaciones.\nAs\u00ed las cosas, se celebraron dos vistas evidenciar\u00edas, el 6 y 7 de junio de 2005, para que el Comisionado pudiera recibir la evidencia relacionada con las mociones dispositivas. Comparecieron a las vistas todos los co-demandados y el demandante, se\u00f1or Quiles. Al comienzo de la audiencia, la parte demandante, se\u00f1or Quiles, estipul\u00f3 la desestimaci\u00f3n con perjuicio de sus reclamaciones contra varios co-demandados.\nEl Comisionado recibi\u00f3 vasta prueba documental y testifical durante ambos d\u00edas de audiencia. Luego de analizar la evidencia y aquilatar la credibilidad de los testigos, el Comisionado emiti\u00f3 su Resoluci\u00f3n. En \u00e9sta discuti\u00f3 ampliamente cada uno de los planteamientos de las partes y concluy\u00f3 lo siguiente:\n\u201c(1) En cuanto a la Moci\u00f3n de Desestimaci\u00f3n del co-demandado Rivera Maldonado de que la demanda no conten\u00eda una reclamaci\u00f3n que justificara la concesi\u00f3n de un remedio:\na. El Comisionado determin\u00f3 que las alegaciones de la demanda son espec\u00edficas y s\u00ed contienen una reclamaci\u00f3n que podr\u00eda justificar la concesi\u00f3n de un remedio a favor del se\u00f1or Quiles. Concluy\u00f3 que se debe declarar No Ha Lugar esa solicitud de desestimaci\u00f3n.\n(2) En cuanto a la defensa de prescripci\u00f3n:\na. Determin\u00f3 que de los hechos del caso se desprende claramente que el se\u00f1or Quiles y su agente, el Ledo. Ariel Acosta Jusino, desde noviembre de 2000, tuvieron conocimiento de los actos de los co-demandados y de los da\u00f1os y perjuicios que dichos actos le ocasionaron, por lo que es en ese momento que comenz\u00f3 a transcurrir el t\u00e9rmino de un a\u00f1o para ejercitar la causa de acci\u00f3n.\nb. Que la causa de acci\u00f3n que pudo tener el se\u00f1or Quiles contra los co-demandados Marrero Figarella, Rivera Maldonado, Moreda, Moreda Toledo y la Corporaci\u00f3n Profesional Moreda & Moreda estaba prescrita al momento en que se incluy\u00f3 a \u00e9stos en el pleito.\nc. Que cualquier reclamaci\u00f3n contra los co-demandados antes mencionados ser\u00eda al amparo del Art\u00edculo 1802 del C\u00f3digo Civil de Puerto Rico, 31 L.P.R.A. see. 5141, y estar\u00eda prescrita, ya que el t\u00e9rmino prescriptivo es de un a\u00f1o.\n(3) En cuanto a las Mociones de Sentencia Sumaria presentadas por varias partes:\na. Concluy\u00f3 que existen controversias reales y sustanciales en cuanto a los hechos materiales. Se\u00f1al\u00f3 todas las controversias que surgieron al concluir el an\u00e1lisis detallado de todos los documentos producidos en evidencia.\nb. Ante la existencia de controversias en cuanto a hechos esenciales, no procede dictar Sentencia Sumaria en cuanto a los co-demandados con excepci\u00f3n de la co-demandada Carmen Z. Rojo Torres. El Comisionado determin\u00f3 que la se\u00f1ora Rojo nunca compareci\u00f3 en su car\u00e1cter personal, sino en su capacidad de Presidente de Nacar Development, Inc. por lo que debe desestimarse la demanda en cuanto a ella. \u201d\nEn resumen, el Comisionado se\u00f1al\u00f3 en su Informe que se deb\u00edan continuar los procedimientos \u00fanicamente contra los siguientes co-demandados:\n\u201c(1) Las Haciendas, S.E.\n(2) Nacar Development, Inc.\n(3) Carmen Gladys Boy ron\n(4) Sigfrido Rivera Sol\u00e1\u201d.\nEl Comisionado present\u00f3 su Informe al T.P.I. mediante Moci\u00f3n de 20 de octubre de 2005. El tribunal de instancia, bas\u00e1ndose en el Informe de Comisionado, emiti\u00f3 una Sentencia Parcial Final el 31 de octubre de 2005 mediante la cual acogi\u00f3 las determinaciones del Comisionado y orden\u00f3 la continuaci\u00f3n de los procedimientos ante el Comisionado contra los cuatro co-demandados que \u00e9ste hab\u00eda recomendado en su Informe.\nInconforme con tal determinaci\u00f3n, los esposos Quiles y Sierra nos solicitan la revocaci\u00f3n de la sentencia parcial final. Nos plantean que err\u00f3 el T.P.I. al acoger las determinaciones y conclusiones del Comisionado y desestimar la demanda incoada por ellos contra varios de los co-demandados. Entienden que el per\u00edodo de prescripci\u00f3n contra los co-demandados no hab\u00eda prescrito al momento de presentar la segunda demanda enmendada.\nLuego de examinar el voluminoso expediente, resolvemos confirmar la sentencia. Veamos.\nII\nA. Nombramiento de un Comisionado Especial\nLa Regla 41.1 de Procedimiento Civil, 32 L.P.R.A. Ap. HI, dispone en lo pertinente que:\n\u201cEl Tribunal en que estuviere pendiente un pleito o procedimiento podr\u00e1 nombrar un comisionado especial en relaci\u00f3n con dicho pleito o procedimiento. \u201d\nPor otro lado, la Regla 41.5 de Procedimiento Civil, supra, establece lo siguiente:\n\u201c(a) Contenido y presentaci\u00f3n:\nEl comisionado preparar\u00e1 un informe sobre todos los asuntos encomend\u00e1dosle por la orden del tribunal y si se le exigiere que haga determinaciones de hechos y conclusiones de derecho, las expondr\u00e1 en el informe...\n(b) Aprobaci\u00f3n:\nEn todos los casos, el tribunal aceptar\u00e1 las determinaciones de hechos del comisionado, a menos que sean claramente err\u00f3neas...\n(c) Estipulaci\u00f3n en cuanto a las determinaciones de hechos:\n... [cjuando las partes estipularen que las determinaciones de hechos del comisionado sean finales, solamente se considerar\u00e1n en lo sucesivo las cuestiones de derecho que surjan del informe. \u201d\nEl comisionado especial es un funcionario designado por el tribunal y en quien \u00e9ste delega determinados poderes para que formule ciertas determinaciones o conclusiones en un proceso. R. Hern\u00e1ndez Col\u00f3n, Pr\u00e1ctica Jur\u00eddica de Puerto Rico: Derecho Procesal Civil, Michie de P.R., Inc., Puerto Rico, 1997, p\u00e1g. 262.\nEl prop\u00f3sito en la designaci\u00f3n de un comisionado especial consiste en facilitar la labor judicial. \u00edd., p\u00e1g. 263. La funci\u00f3n del comisionado es asistir al juzgador. Regla 41 32 L.P.R.A. Ap. El.\nEl comisionado tiene el poder delegado de reglamentar los procedimientos en toda vista celebrada ante \u00e9l. Para ello, se le ha reconocido tradicionalmente una gran discreci\u00f3n. J. Cuevas Segarra, Tratado de Derecho Procesal Civil, Publicaciones J.T.S., Puerto Rico, 2000, T. II, p\u00e1g. 670.\nDe acuerdo a las Reglas de Procedimiento Civil, supra, el comisionado puede exigir que se produzca ante \u00e9l cualquier prueba sobre los asuntos comprendidos en la encomienda, incluyendo la producci\u00f3n de todos los libros, papeles, comprobantes, documentos y escritos pertinentes. Estos poderes son incidentales y necesarios a su encomienda, pues de lo contrario, el comisionado no podr\u00eda descargar adecuadamente sus obligaciones. \u00edd.\nEl comisionado puede decidir sobre la admisibilidad de la prueba. Adem\u00e1s, puede juramentar y examinar testigos, as\u00ed como tambi\u00e9n, citar a las partes en el pleito y examinarlas bajo juramento. \u00edd., p\u00e1g. 671. En caso de que un asunto sea debidamente encomendado a un comisionado, el informe que \u00e9ste rinde no es final. Regla 40, supra. Las partes pueden estipular que las determinaciones de hechos sean finales. Regla 41 (5)(b) de Procedimiento Civil, 32 L.P.R.A. Ap. IH.\nLos Tribunales no pueden renunciar a su funci\u00f3n adjudicativa, que es indelegable. Caraballo Ram\u00edrez v. Acosta, 104 D.P.R. 474, 485 (1975). Los Tribunales son los facultados para resolver los casos y controversias. Art. V., Sec. 1, Constituci\u00f3n del Estado Libre Asociado de Puerto Rico; V\u00e9lez Ruiz v. E.L.A., 111 D.P.R. 752 757 (1981).\nLas partes no pueden privar al Tribunal de Primera Instancia de su funci\u00f3n adjudicativa y corresponde al Juez o Jueza pasar juicio sobre el Informe del Comisionado y de la determinaci\u00f3n del Tribunal, podr\u00e1n recurrir en alzada ante el Tribunal de Apelaciones. V\u00e9ase, Ley de la Judicatura, 4 L.P.R.A. secs. 24y(a), Sup. Acum. 2006.\nB. Deferencia al Comisionado Especial\nEs norma firmemente establecida en nuestra jurisdicci\u00f3n la regla de deferencia a las determinaciones de hechos del Comisionado Especial, igual que en el caso de los jueces de instancia. Esta norma se aplica exclusivamente a testimonios orales vertidos en su presencia, ya que es \u00e9ste quien observa la actitud de los testigos, su forma de declarar, sus gestos, y en general, su conducta al prestar declaraci\u00f3n. In re: Ortiz Brunet, 172 D.P.R. 542, 549 (2000); Castro v. Mel\u00e9ndez, 82 D.P.R. 573, 576 (1961).\nA esos efectos, la Regla 41.5, supra, dispone que el tribunal aceptar\u00e1 las determinaciones de hechos del comisionado \"a menos que sean claramente err\u00f3neas\". V\u00e9ase, adem\u00e1s, Levy v. Aut. Edif. P\u00fablicos, 135 D.P R. 382, 400 (1994).\nCuando esas determinaciones est\u00e1n sostenidas por la prueba que obra en el expediente, el tribunal revisor no intervendr\u00e1 con \u00e9stas, ausente de una demostraci\u00f3n de pasi\u00f3n, prejuicio, parcialidad o error manifiesto en su apreciaci\u00f3n. In re: Rodr\u00edguez Feliciano, 2005 J.T.S. 136, 164 D.P.R. _ (2005); In re: Gonz\u00e1lez Ortiz, 2004 J.T.S. 90, 162 D.P.R. _ (2004); In re: Soto Col\u00f3n, 155 D.P.R. 623, 649 (2001); In re: Arroyo Fern\u00e1ndez, 133 D.P.R. 364, 371 (1993).\nNo obstante, cuando estamos ante prueba documental, el tribunal apelativo est\u00e1 en igual posici\u00f3n que el Comisionado Especial para hacer sus propias determinaciones. In re: Gonz\u00e1lez Carrasquillo, 2005 J.T.S. 83, 164 D.P.R. _ (2005).\nC. La prescripci\u00f3n como defensa en una causa de acci\u00f3n\nEn nuestra jurisdicci\u00f3n, la prescripci\u00f3n constituye una defensa afirmativa. L\u00f3pez v. J. Gus Lallande, 144 D.P.R. 774, 792 (1998); Mel\u00e9ndez v. El Vocero de Puerto Rico, 144 D.P.R. 389, 394 (1997).\nLa Regla 6.3 de las de Procedimiento Civil, supra, titulada \"defensas afirmativas\", establece en lo pertinente que:\n\u201cAl responder a una alegaci\u00f3n precedente, las siguientes defensas deber\u00e1n expresarse afirmativamente: transacci\u00f3n, .... prescripci\u00f3n adquisitiva o extintiva, renuncia ... \u201d.\nNuestro m\u00e1s alto foro judicial ha establecido que toda materia constitutiva de excusa o defensa afirmativa -incluso la prescripci\u00f3n-, debe ser oportuna y afirmativamente formulada mediante alegaci\u00f3n responsiva; de lo contrario, se renuncia. Kontrick v. Ryan, 157 L.Ed. 2d 867, 881 (2003); Odriozola v. S. Cosmetic Dist. Corp., 116 D.P.R. 485, 506 (1985); Ramos v. Trans Oceanic Ins. Co., 103 D.P.R. 298, 300 (1975).\nComo regla general, salvo contadas excepciones, la referida defensa deber\u00e1 exponerse en la alegaci\u00f3n respondiente que se haga contra una reclamaci\u00f3n. Texaco P.R., Inc. v. D\u00edaz, 105 D.P.R. 248, 250 (1976). As\u00ed, la prescripci\u00f3n de una acci\u00f3n civil acarrea la desestimaci\u00f3n de la demanda correspondiente. Rimco, Inc. v. P\u00e9rez y C\u00eda. de P.R., Inc., 148 D.P.R. 60, 65 (1999).\nD. Las acciones de da\u00f1os bajo el C\u00f3digo Civil de Puerto Rico\nEn nuestra jurisdicci\u00f3n, la responsabilidad civil derivada de actos u omisiones culposas o negligentes se rige por lo dispuesto en el Art\u00edculo 1802 del C\u00f3digo Civil, supra. Hern\u00e1ndez v. Televicentro de P.R., 2006 J.T.S. 151, 168 D.P.R. _ (2006); Admor. F.S.E. v. ANR Construction Corp., 2004 J.T.S. 162, 163 D.P.R. _ (2004); Montalvo v. Cruz, 144 D.P.R. 748, 755 (1998).\nComo es sabido, para que exista responsabilidad bajo este precepto, es necesario que ocurra un da\u00f1o, una acci\u00f3n u omisi\u00f3n culposa o negligente y la correspondiente relaci\u00f3n causal entre el da\u00f1o y la conducta culposa o negligente. Admor. F.S.E. v. ANR Construction Corp., supra; Toro Aponte v. E.L.A., 142 D.P.R. 464, 472-73 (1997); J.A.D.M. v. Centro Com. Plaza Carolina, 132 D.P.R. 785, 795(1993).\nPor su parte, el Art. 1858, 31 L.P.R.A. sec. 5298, dispone que las acciones para exigir responsabilidad por culpa o negligencia, al amparo del Art. 1802, supra, tienen un t\u00e9rmino prescriptivo de un a\u00f1o y que el per\u00edodo prescriptivo de esta acci\u00f3n comienza a transcurrir desde el momento en que el agraviado tiene conocimiento del da\u00f1o sufrido y de qui\u00e9n es el autor del mismo, ya que es en este momento en que conoce los elementos necesarios para poder ejercitar efectivamente su causa de acci\u00f3n.\nm\nEl expediente completo del recurso de apelaci\u00f3n, que hemos podido estudiar y evaluar con detenimiento, incluye miles de p\u00e1ginas de ap\u00e9ndices cuyo contenido sustenta una por una las determinaciones de hechos del Comisionado nombrado por el T.P.I. mediante orden de 2 de marzo de 2004.\nLuego de evaluar todas las transcripciones de las audiencias celebradas ante el Comisionado y de revisar todos los documentos presentados y admitidos como evidencia en dichas vistas, no encontramos raz\u00f3n alguna para intervenir con las determinaciones de hechos formuladas por el Comisionado en su Informe y acogidas en su totalidad por el T.P.I. en su Sentencia Parcial Final. Por los fundamentos que expondremos a continuaci\u00f3n, entendemos que ninguno de los errores se\u00f1alados por los esposos Quiles y Sierra fueron cometidos.\nSe desprende de los documentos que obran en el expediente que el T.P.I. design\u00f3, con la anuencia de todas las partes en el pleito, al Ledo. Reynaldo Qui\u00f1ones M\u00e1rquez como Comisionado Especial. El licenciado Qui\u00f1ones es, adem\u00e1s de abogado, contador p\u00fablico autorizado (C.P.A.), Certified Valuation Analyst, Certified Fraud Examiner y \u00e1rbitro certificado. El tribunal de instancia tom\u00f3 su determinaci\u00f3n de nombrar al Comisionado a base de la complejidad de las controversias y los aspectos de contabilidad y finanzas presentes en el caso. [6] La orden emitida expresamente se\u00f1ala que el Comisionado tendr\u00eda y ejercer\u00eda varios poderes y facultades, a tenor con las disposiciones de las Reglas de Procedimiento Civil, supra.\nAs\u00ed las cosas, el Comisionado celebr\u00f3 varias audiencias y recibi\u00f3 m\u00faltiples mociones de cada parte. Dirigi\u00f3 y colabor\u00f3 con las partes en la organizaci\u00f3n del descubrimiento de prueba y luego de aquilatar la prueba testifical y evaluar la prueba documental recibida, lleg\u00f3 a las determinaciones y conclusiones que discutiremos a continuaci\u00f3n.\nA. En cuanto a la moci\u00f3n de desestimaci\u00f3n del co-demandado Rivera Maldonado\nEl Comisionado se\u00f1ala en su Informe que estudi\u00f3 la primera demanda enmendada y que \u00e9sta claramente revela que s\u00ed se le imputan al co-demandado Rivera Maldonado actos espec\u00edficos de interferencia torticera con relaciones contractuales, hechos con el objetivo de violar derechos contractuales, comisi\u00f3n de hechos en su capacidad personal y profesional para su beneficio econ\u00f3mico y otros actos relacionados. Se\u00f1ala, adem\u00e1s, que contrario a lo alegado por el co-demandado Rivera Maldonado, esas alegaciones espec\u00edficas s\u00ed exponen una reclamaci\u00f3n que podr\u00eda justificar la concesi\u00f3n de un remedio a favor de la parte demandante, los esposos Quiles y Sierra. Concluy\u00f3 el Comisionado que se deb\u00eda declarar No Ha Lugar la Moci\u00f3n de Desestimaci\u00f3n presentada por este co-demandado.\nAl revisar la primera demanda enmendada presentada el 5 de marzo de 2001, notamos que en \u00e9sta no se incluy\u00f3 al co-demandado Rivera Maldonado.\nEntendemos que el Comisionado se refer\u00eda a la segunda demanda enmendada, presentada el 1 de marzo de 2002. Es en \u00e9sta que se hace referencia directa a las alegaciones del co-demandado Rivera Maldonado. En espec\u00edfico, la alegaci\u00f3n n\u00famero 8 se\u00f1ala que:\n\u201c8. ...Se incluye al co-demandado Edgardo Rivera-Maldonado por ser responsable en su car\u00e1cter personal por los da\u00f1os alegados en la presente demanda, ya que directa o indirectamente particip\u00f3 en la comisi\u00f3n de los actos que resultaron en su incumplimiento con unas obligaciones contractuales; o de alguna forma ha sido responsable por los da\u00f1os alegados en la presente demanda. \u201d\nLuego, en la alegaci\u00f3n n\u00famero 91, se expres\u00f3 que:\n\u201c91. Como resultado de las actuaciones realizadas en concierto y com\u00fan acuerdo por los co-demandados ... Edgardo Rivera-Maldonado ... las partes co-demandantes Ricardo Quiles-Rivera y Blanca Sierra-Gonz\u00e1lez fueron v\u00edctimas de la comisi\u00f3n de un fraude o de conducta dolosa... \u201d.\nNuestro m\u00e1s alto foro judicial ha establecido que, ante la solicitud de desestimaci\u00f3n de una demanda bajo el fundamento de que la misma deja de exponer una reclamaci\u00f3n que justifique la concesi\u00f3n de un remedio, el tribunal debe tomar como ciertos todos los hechos alegados e interpretar las aseveraciones de la demanda en la forma m\u00e1s favorable posible para el demandante. Candal Vicente v. CT Radiology Office, Inc., 112 D.P.R. 227 230-231 (1981).\nConcluimos que fue correcta la determinaci\u00f3n del Comisionado de declarar No Ha Lugar, bajo ese fundamento espec\u00edfico, la Moci\u00f3n de Desestimaci\u00f3n presentada por el co-demandado Rivera Maldonado. Hemos podido corroborar que, en efecto, en la segunda demanda enmendada se incluyeron alegaciones espec\u00edficas sobre \u00e9ste exponiendo as\u00ed una reclamaci\u00f3n que podr\u00eda justificar la concesi\u00f3n de un remedio. M\u00e1s adelante expondremos el fundamento correcto por el que se debe declarar Ha Lugar la referida moci\u00f3n.\nB. En cuanto a la prescripci\u00f3n de la acci\u00f3n\nNuestro Tribunal Supremo ha establecido que la interposici\u00f3n de una demanda no interrumpe el t\u00e9rmino prescriptivo contra otros nuevos demandados que no son partes en la relaci\u00f3n contractual y que no formaron parte de la reclamaci\u00f3n original. Rodr\u00edguez v. Syntex, Inc., 2003 J.T.S. 147, 160 D.P.R. _ (2003).\nAsimismo ha se\u00f1alado que la prescripci\u00f3n es una instituci\u00f3n de derecho sustantivo, regulada por el C\u00f3digo Civil de Puerto Rico, que constituye una forma de extinci\u00f3n de un derecho debido a la inercia en ejercer el mismo durante un t\u00e9rmino determinado. Santiago v. R\u00edos Alonso, 156 D.P.R. 181, 188 (2002); Galib Frangie v. El Vocero de P.R., 138 D.P.R. 560, 566 (1995); Garc\u00eda Aponte et. al. v. E.L.A. et. al., 135 D.P.R. 137, 142-143 (1994).\nCon esto en mente, pasamos a evaluar la cronolog\u00eda de hechos suscitados en el presente caso para determinar qu\u00e9 co-demandados levantaron a tiempo la defensa de prescripci\u00f3n. Del expediente ante nos surge que:\n\u201c(1) La demanda original fue presentada el 10 de noviembre de 2000.\n(2) Ninguno de los demandados contest\u00f3 la demanda original.\n(3) La primera demanda enmendada fue presentada el 5 de marzo de 2001. [12]\n(4) La co-demandada Carmen Gladys Bay ron contest\u00f3 la primera demanda enmendada el 25 de mayo de 2001. En su alegaci\u00f3n responsiva neg\u00f3 las alegaciones de la demanda y levant\u00f3 ciertas defensas, entre ellas la de prescripci\u00f3n.\n(5) El co-demandado Nacar Development, Inc. contest\u00f3 la primera demanda enmendada. En su contestaci\u00f3n, levant\u00f3 varias defensas afirmativas, pero no la de prescripci\u00f3n. Adem\u00e1s, reconvino contra los esposos Quiles y Sierra.\n(6) La segunda demanda enmendada fue presentada el 1 de marzo de 2002.\n(7) Los co-demandados Moreda, Moreda Toledo, y la corporaci\u00f3n profesional Moreda & Moreda contestaron la segunda demanda enmendada el 29 de diciembre de 2003. En su contestaci\u00f3n negaron ciertas alegaciones, aceptaron otras y levantaron varias defensas, entre ellas la de prescripci\u00f3n.\n(8) Las co-demandadas Carmen Z. Rojo Torres (Carmen Torres Figueroa), Las Haciendas, S.E., y Nacar contestaron la segunda demanda enmendada el 30 de diciembre de 2003 y reconvinieron. En su contestaci\u00f3n no levantaron la defensa de prescripci\u00f3n.\n(9) La co-demandada Carmen Gladys Bay ron contest\u00f3 la segunda demanda enmendada el 26 de febrero de 2004, pero no levant\u00f3 la defensa de prescripci\u00f3n.\n(10) Los co-demandados Rivera Sold, Inver Prom, Inc., la Corporaci\u00f3n Profesional compuesta por Marrero Figarella y su Sociedad de Bienes Gananciales contestaron la segunda demanda enmendada y reconvinieron el 27 de febrero de 2004. En su contestaci\u00f3n levantaron varias defensas, entre ellas la de prescripci\u00f3n.\n(11) El co-demandado Rivera Maldonado no contest\u00f3 la segunda demanda enmendada, pero present\u00f3 una Moci\u00f3n de Desestimaci\u00f3n el 26 de febrero de 2004. [21] En su alegaci\u00f3n n\u00famero nueve expresa que la referida demanda est\u00e1 prescrita. \u201d\nDe los eventos que hemos mencionado, el Comisionado concluy\u00f3 lo siguiente sobre cada uno de los co-demandados en el pleito:\n1. Los co-demandados Bayron Rodr\u00edguez y Rivera Sol\u00e9\nAmbos co-demandados fueron incluidos en la demanda original presentada el 10 de noviembre de 2000. Para esa fecha s\u00f3lo hab\u00edan transcurrido diez d\u00edas desde la fecha de vencimiento del contrato de opci\u00f3n a compra firmado entre \u00e9stos y los esposos Quiles y Sierra. La causa de acci\u00f3n contra estos co-demandados se ejerci\u00f3 dentro del plazo de un a\u00f1o establecido por el Art\u00edculo 1802 del C\u00f3digo Civil de Puerto Rico, supra, por lo que no estaba prescrita al momento de presentarse la demanda original. Esto, adem\u00e1s, fue estipulado por los abogados de las partes en la vista ante el Comisionado.\nAnte estos hechos, concluimos que fue correcta la determinaci\u00f3n del Comisionado de no desestimar contra estos dos co-demandados.\n2. Las co-demandadas Carmen Z. Rojo, Nacar y Las Haciendas.\nOriginalmente, la co-demandada Nacar compareci\u00f3 al pleito presentando la contestaci\u00f3n a la primera demanda enmendada. Al examinar el documento que obra en el expediente encontramos que \u00e9sta levant\u00f3 un sinn\u00famero de defensas afirmativas pero no la de prescripci\u00f3n. Luego, las tres co-demandadas comparecieron mediante escrito titulado Contestaci\u00f3n a demanda enmendada\" y contestaron las alegaciones de la segunda demanda enmendada conjuntamente con una reconvenci\u00f3n. En ese escrito levantaron varias defensas; sin embargo, tampoco levantaron la defensa afirmativa de prescripci\u00f3n.\nEl Comisionado concluy\u00f3 que las alegaciones de la demanda son claras y precisas por lo que, basado en la Regla 6.3 de Procedimiento Civil, supra, y en toda la jurisprudencia aplicable, se deb\u00eda declarar No Ha Lugar la solicitud de estas tres co-demandadas de que la acci\u00f3n contra ellas estaba prescrita.\nConcurrimos con la determinaci\u00f3n del Comisionado. Es norma jurisprudencial y jur\u00eddica en nuestro ordenamiento que la defensa afirmativa de prescripci\u00f3n debe levantarse en una alegaci\u00f3n respondiente a la primera oportunidad posible y en forma clara, expresa y espec\u00edfica. Olmeda Nazario v. Sueiro Jim\u00e9nez, 123 D.P.R. 294, 299 (1989); Ramos v. Trans Oceanic Ins. Co., supra, p\u00e1g. 300.\nEn el presente caso, las co-demandadas contestaron la segunda demanda enmendada, pero en ning\u00fan momento levantaron la referida defensa. Es forzoso concluir que renunciaron a \u00e9sta por lo que la causa de acci\u00f3n en su contra no esta prescrita. La determinaci\u00f3n del Comisionado fue correcta.\n3. El co-demandado Rivera Maldonado\nEl Comisionado inform\u00f3 en su resoluci\u00f3n que solicito al co-demandado que contestara la segunda demanda enmendada y que \u00e9ste nunca lo hizo. Al revisar la transcripci\u00f3n de la vista ante el Comisionado, encontramos que el co-demandado Rivera Maldonado se\u00f1al\u00f3 expresamente en la audiencia que hab\u00eda contestado la demanda. Hemos revisado el Ap\u00e9ndice y no encontramos ninguna contestaci\u00f3n sometida por el se\u00f1or Rivera Maldonado a la segunda demanda enmendada.\nA pesar de que el se\u00f1or Rivera Maldonado no contest\u00f3 la segunda demandada enmendada seg\u00fan le fue solicitado por el Comisionado, \u00e9ste hab\u00eda presentado previamente una Moci\u00f3n de Desestimaci\u00f3n que hemos tenido a bien revisar cuidadosamente. La moci\u00f3n fue presentada el 26 de febrero de 2004 ante el T.P.I. y, en su alegaci\u00f3n n\u00famero nueve, expresamente se\u00f1ala:\n(9) Surge de la faz de la demanda enmendada el hecho de la prescripci\u00f3n de la misma en cuanto a la persona del co-demandado Ledo. Edgardo Rivera Maldonado se refiere, ya que la \u00faltima gesti\u00f3n que \u00e9ste realiz\u00f3 relacionada con la parte demandante fue la carta notific\u00e1ndole la resoluci\u00f3n del contrato de opci\u00f3n. Dicha carta se envi\u00f3 a fines de noviembre del a\u00f1o 2000 y la demanda enmendada, incluyendo por primera vez. al Ledo. Edgardo F. Rivera Maldonado como co-demandado, se radic\u00f3 el 1ro de marzo de 2002. \u201d\nNuestro Tribunal Supremo ha se\u00f1alado que, \"como regla general, salvo contadas excepciones, la referida defensa deber\u00e1 exponerse en la alegaci\u00f3n respondiente que se haga contra una reclamaci\u00f3n\". \u00c1lamo P\u00e9rez v Supermercado Grande, Inc., 2002 J.T.S. 124, 158 D.P.R. _ (2002); Texaco P.R., Inc. v. D\u00edaz, supra, p\u00e1g. 250.\nEntendemos que la moci\u00f3n de desestimaci\u00f3n presentada por el co-demandado Rivera Maldonado al amparo de la Regla 10.2 de Procedimiento Civil, supra, en el presente caso es una de esas \"contadas excepciones\". Sobre esto, el tratadista Cuevas Segarra nos se\u00f1ala que: \"la Regla 10.2 de Procedimiento Civil permite al demandado solicitar que se desestime la demanda en su contra cuando es evidente, de las alegaciones de la demanda, que prosperar\u00e1 alguna defensa afirmativa\". Cuevas Segarra, op. cit., T. IV, p\u00e1g. 100.\nComo pudimos apreciar de la moci\u00f3n presentada por el co-demandado Rivera Maldonado, \u00e9ste solicit\u00f3 la desestimaci\u00f3n de la causa de acci\u00f3n en su contra, pues, entre otras cosas, estaba prescrita. No podemos pasar por alto ese se\u00f1alamiento donde el co-demandado levant\u00f3 expresamente la defensa de prescripci\u00f3n.\nEs necesario concluir que el co-demandado Rivera Maldonado no ha renunciado bajo la Regla 6.3, supra, a la defensa afirmativa de prescripci\u00f3n. Por ello, es correcta la determinaci\u00f3n del Comisionado a los efectos de que orocede la moci\u00f3n de desestimaci\u00f3n y de sentencia sumaria presentada por el se\u00f1or Rivera Maldonado bajo este fundamento.\n4. Los co-demandados Marrero Figarella, su esposa y la sociedad de gananciales compuesta por ambos; Moreda Toledo; Moreda, su esposa y la sociedad de gananciales compuesta por ambos; la Corporaci\u00f3n \u2019 \u2019rofesional Moreda & Moreda.\nEl Comisionado determin\u00f3 que, para poder concluir si la causa de acci\u00f3n contra estos co-demandados hab\u00eda prescrito, hab\u00eda que examinar ciertos eventos relacionados con el presente caso. Para ello, nos se\u00f1ala en su nforme, preparado luego de haber escuchado toda la prueba testifical presentada y examinado la prueba documental que se le entreg\u00f3 en las audiencias celebradas, los siguientes eventos cr\u00edticos:\n\u201c(1) El 26 de agosto de 2000 se firm\u00f3 un Contrato de Opci\u00f3n de Compraventa entre el demandante Quiles y los co-demandados Bayron Rodr\u00edguez y Rivera Sol\u00e1 para la compra de la propiedad.\n(2) Durante el per\u00edodo de tiempo en que negociaba con Bayron Rodr\u00edguez y Rivera Sol\u00e1 (el mes de agosto de 2000) y antes de haber sido firmado el Contrato de Opci\u00f3n de Compraventa, Quiles llev\u00f3 a cabo negociaciones con Rojo y/o Haciendas y Nacar, para venderle la propiedad.\n(3) El 16 de agosto de 2000 Quiles firm\u00f3 un Contrato de Opci\u00f3n de Compraventa con Nacar para la venta de la propiedad.\n(4) En una reuni\u00f3n celebrada el 24 de octubre de 2000 (seg\u00fan consta de la Declaraci\u00f3n Jurada suscrita por el Ledo. Ariel Acosta Jusino el d\u00eda 23 de enero de 2002), Marrero Figarella y Rivera Maldonado le informaron verbalmente ... que \"no estaban de acuerdo en darle a Quiles tiempo adicional para ejercer la Opci\u00f3n de Compraventa a menos que adelantara la suma de $400,000...\".\n(5) En dicha reuni\u00f3n_Rivera Maldonado le inform\u00f3 al Ledo. Ariel Acosta Jusino ... que despu\u00e9s del 1 de noviembre de 2000 Quiles no ten\u00eda nada que buscar, no le voy a dar un d\u00eda m\u00e1s, no le voy a dar ni una hora m\u00e1s\". (V\u00e9ase declaraci\u00f3n jurada)\n(...)\n(7) El 31 de octubre de 2000, el Ledo. Ariel Acosta Jusino \"le plante\u00f3 a Quiles la situaci\u00f3n...\" (v\u00e9ase declaraci\u00f3n jurada)\n(...)\n(9) El 10 de noviembre de 2000 se radica la Demanda Original y en ella solamente se incluye como co-demandados a Bayron y a Rivera Sol\u00e1.\n(10) El 18 de noviembre de 2000, Nacar otorga Escritura de Opci\u00f3n Exclusiva de Compraventa de Inmueble con los co-demandados Bayron y Rivera Sol\u00e1...\n(H) El 3 de marzo [5 de marzo] de 2001 se radica la Primera Demanda Enmendada... se incluy\u00f3 como co-demandada a Nacar.\n(12) El 11 de abril de 2001, Bayron y Rivera Sold otorgaron una Escritura de Compraventa y Constituci\u00f3n de Hipoteca [28] mediante la cual vend\u00edan la propiedad a Nacar...\n(13) El 1ro de marzo de 2002 ...se radica la Segunda Demanda Enmendada incluyendo por primera vez a los co-demandados Marrero Figarella, Rivera Maldonado, Moreda Toledo, Moreda, CP Moreda & Moreda, Inver, Rojo y Haciendas, reclamando por primera vez da\u00f1os econ\u00f3micos. \u201d\nEs correcta la apreciaci\u00f3n que hace en esta etapa el Comisionado al determinar que no fue sino hasta que se present\u00f3 esa Segunda Demanda Enmendada que se incluy\u00f3 a los mencionados co-demandados. Ante esto, debemos determinar cu\u00e1ndo comenz\u00f3 a decursar el t\u00e9rmino prescriptivo a favor de \u00e9stos.\nLos co-demandados plantearon en todas sus mociones que la situaci\u00f3n ante nos se rige por el t\u00e9rmino o plazo prescriptivo provisto para las acciones torticeras bajo el Art\u00edculo 1802, supra. Alegan los co-demandados que el per\u00edodo de prescripci\u00f3n comenz\u00f3 a principios del mes de noviembre, fecha en la cual le enviaron varias cartas al se\u00f1or Quiles notific\u00e1ndole que \u00e9ste no hab\u00eda cumplido con los t\u00e9rminos de la opci\u00f3n y que no le conceder\u00edan pr\u00f3rroga a menos que pagara los $400,000 adicionales solicitados.\nPor su parte, el se\u00f1or Quiles alega que el plazo prescriptivo comenz\u00f3 el 11 de abril de 2001 cuando los due\u00f1os del inmueble Bayron Rodr\u00edguez y Rivera Sol\u00e1 efectivamente vendieron a Nacar la finca de 20 cuerdas. Es en ese momento que, seg\u00fan el se\u00f1or Quiles, ocurri\u00f3 el da\u00f1o, pues desde entonces los due\u00f1os del inmueble no podr\u00edan entregarle a \u00e9ste la finca objeto del Contrato de Opci\u00f3n de Compraventa de 26 de agosto de 2000.\nPara evaluar ambos planteamientos, recurrimos a los documentos que obran en el expediente del recurso de apelaci\u00f3n. Primeramente, debemos hacer referencia a la carta fechada 2 de noviembre de 2000 que fue enviada por los co-demandados Rivera Maldonado y Marrero Figarella al representante legal del se\u00f1or Quiles, el licenciado Ariel Acosta Jusino. En dicha carta expresaron que:\n\u201cCabe recordarles que en cuanto al Contrato de 26 de agosto de 2000, el mismo es inexistente en derecho, porque su cliente nunca pag\u00f3 la cantidad acordada al promitente...\nLuego, al evaluar la declaraci\u00f3n jurada sometida por el propio abogado del se\u00f1or Quiles encontramos que \u00e9ste en varias ocasiones se\u00f1ala haber notificado a su cliente de los acontecimientos ocurridos y de que los ahora co-demandados Marrero Figarella y Rivera Maldonado no le otorgar\u00edan pr\u00f3rroga alguna al vencer el t\u00e9rmino de la opci\u00f3n el 1 de noviembre de 2000. En espec\u00edfico, el licenciado Acosta Jusino expres\u00f3 que:\nEn ese momento se le plante\u00f3 al Sr. Quiles la situaci\u00f3n y surgieron las dudas al Sr. Quiles en t\u00e9rminos de c\u00f3mo proceder ... Le dije adem\u00e1s que estando dentro de la negociaci\u00f3n deber\u00eda ser otro abogado quien iniciara cualquier acci\u00f3n legal o judicial en contra de ellos para exigir el cumplimiento del contrato de opci\u00f3n. A lo que el Sr. Quiles me contest\u00f3 que hablar\u00eda con el Ledo. H\u00e9ctor Santiago. \u201d\nLuego de un an\u00e1lisis ponderado de todo lo antes expuesto, nos parece correcta la conclusi\u00f3n del Comisionado. Este determin\u00f3 que surge claramente de los hechos del caso que el se\u00f1or Quiles:\n\u201c]t]en\u00eda o debi\u00f3 haber tenido pleno conocimiento de las alegadas intenciones de Marrero Figarella y Rivera Maldonado de no cumplir con el Contrato de Opci\u00f3n de Compraventa (en representaci\u00f3n de sus clientes) y del posible envolvimiento de Moreda Padre, Moreda Hijo, CP Moreda & Moreda en las negociaciones dirigidas a quejuese Rojo y no Quiles quien adquiriera la propiedad directamente de los vendedores. \u201d\nAl examinar, adem\u00e1s, la transcripci\u00f3n de la deposici\u00f3n tomada al se\u00f1or Quiles el viernes, 17 de mayo de 2002 encontramos evidencia que sustenta la conclusi\u00f3n del Comisionado. En la deposici\u00f3n, el se\u00f1or Quiles admiti\u00f3 raber conocido de la transacci\u00f3n de los co-demandados con la co-demandada Carmen Z. Rojo en noviembre de 2000. En lo pertinente, citamos de la transcripci\u00f3n lo siguiente:\nLedo. Marrero Figarella\nP. ... \u00bfno recuerda la fecha, cu\u00e1ndo usted se entera[?]\nDeponente (se\u00f1or Quiles)\nR. Bueno, yo me entero... para fines de noviembre creo que me enter\u00e9.\nLedo. Marrero Figarella\nP. Noviembre del a\u00f1o 2000.\nDeponente\nR. Del a\u00f1o 2000.\nLedo. Marrero Figarella\nP. \u00bfC\u00f3mo se enter\u00f3?\nDeponente\nR. No recuerdo c\u00f3mo fue que me enter\u00e9.\nSi las actuaciones de los co-demandados constituyeran actos y acciones torticeras al amparo del Art\u00edculo 1802, supra, tal y como se les imputa en la Segunda Demanda Enmendada, concurrimos con el Comisionado en que el t\u00e9rmino para ejercer la causa de acci\u00f3n por parte del se\u00f1or Quiles comenz\u00f3 a correr desde el mes de noviembre de 2000. El mismo se\u00f1or Quiles admite haber conocido de la compraventa que le impedir\u00eda adquirir el inmueble objeto del Contrato de Opci\u00f3n. Es a principios del mes de noviembre, como pudimos corroborar en el expediente, que el se\u00f1or Quiles tuvo pleno conocimiento de los actos de los co-demandados y de los da\u00f1os y perjuicios que dichos actos le ocasionaron, por lo que es en ese momento que comenz\u00f3 a transcurrir el t\u00e9rmino de un a\u00f1o para ejercitar su causa de acci\u00f3n.\nEs forzoso concluir que la causa de acci\u00f3n que pudo tener el se\u00f1or Quiles contra los co-demandados Marrero Figarella, Rivera Maldonado, Moreda, Moreda Toledo y CP Moreda & Moreda estaban prescritas al momento en que se trajo a estas partes al pleito en la Segunda Demanda Enmendada presentada en marzo de 2002.\nSostenemos la recomendaci\u00f3n del Comisionado de desestimar la demanda contra los co-demandados antes mencionados por estar prescrita la causa de acci\u00f3n.\nCorrespond\u00eda al Comisionado, designado por el T.P.I. recibir la prueba, as\u00ed como evaluar y dirimir la evidencia conflictiva. No hemos encontrado nada en el expediente que nos anime a intervenir con las determinaciones de hechos formuladas por el Comisionado y avaladas por la Jueza de Instancia en su sentencia parcial. Est\u00e1n apoyadas en la evidencia presentada y admitida la cual hemos podido evaluar y analizar con detenimiento. La presunci\u00f3n sobre su correcci\u00f3n no ha sido rebatida.\nDel estudio minucioso del expediente, hemos podido constatar que al se\u00f1or Quiles no le asiste la raz\u00f3n en sus planteamientos. Concluimos que no err\u00f3 el T.P.I. al acoger las determinaciones del Comisionado, pues est\u00e1n sustentadas con evidencia testifical y documental.\nNo err\u00f3 el T.P.I. al desestimar la demanda por prescripci\u00f3n a favor de:\n\u201c(1) Angel Marrero Figarella, su esposa y la Sociedad Legal de Gananciales\n(2) Antonio Moreda Toledo\n(3) Manuel A. Moreda, su esposa y la Sociedad Legal de Gananciales\n(4) Corporaci\u00f3n Profesional Moreda & Moreda\n(5) Inver Prom, Inc.\n(6) Edgardo Rivera Maldonado\u201d.\nTampoco err\u00f3 el T.P.I. al declarar Ha Lugar la Moci\u00f3n de Sentencia Sumaria presentada por la co-demandada Carmen Z. Rojo Torres (Carmen G. Torres Figueroa), ya que \u00e9sta no compareci\u00f3 en su car\u00e1cter personal en ninguno de los actos alegados. As\u00ed fue reconocido por el demandante, se\u00f1or Quiles, en sus escritos y alegaciones, por lo que tampoco se cometieron los errores n\u00fameros nueve y diez se\u00f1alados por \u00e9ste.\nNo err\u00f3 el T.P.I. al denegar la petici\u00f3n de desestimaci\u00f3n de las siguientes co-demandadas por no haber levantado la defensa de prescripci\u00f3n:\n\u201c(I) Las Haciendas, S.E.\n(2)Nacar Development, Inc. \u201d\nFinalmente, no err\u00f3 el T.P.I. al ordenar la continuaci\u00f3n de los procedimientos contra los siguientes co-demandados:\n\u201c(1) Nacar Development, Inc.\n(2) Las Haciendas, S.E.\n(3) Carmen Gladys Bayron\n(4) Sigfrido Rivera Sol\u00f3\u201d.\nTV\nPor todo lo antes expuesto, se confirma la Sentencia Parcial Final emitida por el Tribunal de Primera Instancia el 31 de octubre de 2005 y se devuelve el caso al T.P.I. para la continuaci\u00f3n de los procedimientos.\nAs\u00ed lo pronunci\u00f3 y manda el Tribunal y lo certifica la Secretaria.\nLeda. Mar\u00eda Elena P\u00e9rez Ortiz\nSecretaria del Tribunal de Apelaciones\nESCOLIOS 2007 DTA 65\n1. En todos los documentos que hemos podido revisar se hace referencia a la Sra. Carmen Gloria Torres Figueroa como Carmen Z. Rojo Torres.\n2. V\u00e9ase Informe Inicial del Comisionado Especial en Relaci\u00f3n a Mociones Dispositivas Radicadas por las Partes, p\u00e1gs. 8-9 contenido en el Ap\u00e9ndice del Escrito de la Parte Apelada Carmen G. Torres Figueroa, p\u00e1gs.. 1439-1440.\n3. V\u00e9ase Transcripci\u00f3n de vista en su fondo de lunes, 6 de junio de 2005, p\u00e1gs. 298-305 y 339-341 contenida en el Ap\u00e9ndice de la Apelaci\u00f3n, p\u00e1gs. 4,831 a 4,838 y 4,872 a 4,874.\n4. V\u00e9ase Informe Inicial del Comisionado Especial en Relaci\u00f3n a Mociones Dispositivas Radicadas por las Partes, p\u00e1gs. 12-13 contenido en el Ap\u00e9ndice del Escrito de la Parte Apelada Carmen G. Torres Figueroa, p\u00e1gs. 1443-1444. V\u00e9ase, adem\u00e1s, Transcripci\u00f3n de vista en su fondo de lunes, 6 de junio de 2005, p\u00e1gs. 263-273 contenida en el Ap\u00e9ndice de la Apelaci\u00f3n, p\u00e1gs. 4,796-4,805.\n5. V\u00e9ase Informe Inicial del Comisionado Especial en Relaci\u00f3n a Mociones Dispositivas Radicadas por las Partes, pags. 35-36 contenido en el Ap\u00e9ndice del Escrito de la Parte Apelada Carmen G. Torres Figueroa, p\u00e1gs. 1466-1467.\n6. V\u00e9ase Orden Designando Comisionado Especial de 2 de marzo de 2004, notificada a las partes el 8 de marzo de 2004. Ap\u00e9ndice del Escrito de Apelaci\u00f3n, p\u00e1g. 412.\n7. V\u00e9ase Informe Inicial del Comisionado Especial en Relaci\u00f3n a Mociones Dispositivas Radicadas por las Partes, (Informe del Comisionado) p\u00e1gs. 13 a 14 contenido en el Ap\u00e9ndice del Escrito de la Parte Apelada Carmen G. Torres Figueroa, p\u00e1gs. 1444 a 1445.\n8. V\u00e9ase Demanda Enmendada, presentada el 5 de marzo de 2001. Ap\u00e9ndice del Escrito de Apelaci\u00f3n, p\u00e1gs. 15-19.\n9. V\u00e9ase Demanda Enmendada, presentada el 1 de marzo de 2002. Ap\u00e9ndice del Escrito de Apelaci\u00f3n, p\u00e1g. 41.\n10. \u00edd., p\u00e1g. 71.\n11. V\u00e9ase Ap\u00e9ndice del Escrito de Apelaci\u00f3n, p\u00e1gs. 1-12.\n12. \u00edd., p\u00e1gs. 15-19.\n13. \u00edd., p\u00e1gs. 22-24.\n14. A pesar de que en sus determinaciones de hechos el Comisionado se\u00f1al\u00f3 que Nacar no contesto la demanda, (Informe del Comisionado, supra, p\u00e1g. 15) al revisar el expediente encontramos un documento titulado \" Contestaci\u00f3n a Demanda Enmendada\" presentado por Nacar, a trav\u00e9s de su representante legal. V\u00e9ase Ap\u00e9ndice del Escrito de Apelaci\u00f3n, p\u00e1gs. 25-37. No podemos constatar la fecha de la presentaci\u00f3n de dicho escrito, pues no tiene sello de la Secretaria del T.P.I. y tampoco se\u00f1ala la fecha en que se redact\u00f3, present\u00f3 o envi\u00f3 copia a las dem\u00e1s partes en el pleito.\n15. \u00edd., p\u00e1gs. 38-322.\n16. \u00edd., p\u00e1gs. 349-370.\n17. \u00edd., p\u00e1g. 364, defensa afirmativa n\u00famero cuatro.\n18. \u00edd., p\u00e1gs. 371-387.\n19. \u00edd., p\u00e1gs. 392-398.\n20. \u00edd., p\u00e1gs. 400-409. V\u00e9ase, en espec\u00edfico, alegaci\u00f3n n\u00famero 18, a la p\u00e1g. 407.\n21. Id., p\u00e1gs. 389-391.\n22. Informe Comisionado, supra, p\u00e1g. 20.\n23. Transcripci\u00f3n de la vista en su fondo de 6 de junio de 2005. Ap\u00e9ndice del Escrito de Apelaci\u00f3n, p\u00e1g. 4,789.\n24. Debemos aclarar que el Comisionado en su Informe se\u00f1ala que la moci\u00f3n fue presentada el 5 de abril de 2004. Al revisar el expediente encontramos que la moci\u00f3n presentada por el co-demandado Rivera Maldonado el 5 de abril de 2004 se titula \"Moci\u00f3n solicitando se dicte sentencia parcial de desestimaci\u00f3n\". Esta moci\u00f3n s\u00f3lo contiene dos alegaciones y mnguna de ellas se refiere a la defensa de prescripci\u00f3n. V\u00e9ase Ap\u00e9ndice del Escrito de Apelaci\u00f3n, p\u00e1gs. 417-418.\n25. \u00edd., p\u00e1g. 390.\n26. V\u00e9ase Informe del Comisionado, p\u00e1gs. 21-24.\n27. Hemos corroborado todos los hechos se\u00f1alados por el Comisionado en esta parte de su Informe al examinar minuciosamente la Declaraci\u00f3n Jurada del Ledo. Ariel Acosta Jusino contenida en el Ap\u00e9ndice del Escrito de la Parte Apelada Carmen G. Torres Figueroa, p\u00e1gs. 219-233.\n28. V\u00e9ase, Ap\u00e9ndice del Escrito de Apelaci\u00f3n, p\u00e1gs. 272-291.\n29. \u00edd., p\u00e1g. 245.\n30. \u00edd, p\u00e1gs. 231-232.",
        "type": "majority",
        "author": null
      }
    ],
    "attorneys": [],
    "corrections": "",
    "head_matter": "2007 DTA 65\nTRIBUNAL DE APELACIONES REGI\u00d3N JUDICIAL DE BAYAMON Y ARECIBO PANEL VII\nRICARDO QUILES RIVERA, BLANCA SIERRA GONZ\u00c1LEZ, AMBOS POR S\u00cd Y EN REPRESENTACI\u00d3N DE LA SOCIEDAD LEGAL DE BIENES GANANCIALES QUE COMPONEN Demandantes-Apelantes v. CARMEN GLADYS BAYRON RODRIGUEZ, SIGFRIDO RIVERA SOL\u00c1, INVER PROM., INC., \u00c1NGEL MARRERO FIGARELLA, EDGARDO RIVERA MALDONADO, CARMEN G. TORRES FIGUEROA, NACAR DEV. CORP., LAS HACIENDAS, S. E., ANTONIO MOREDA TOLEDO, MANUEL A. MOREDA Demandados-Apelados\nN\u00fam. KLAN-2005-01497\nSan Juan, Puerto Rico, a 30 de abril de 2007\nPanel integrado por su Presidente, el Juez Rivera Rom\u00e1n, el Juez Salas Soler y la Juez Coll Mart\u00ed\nRivera Rom\u00e1n, Juez Ponente"
  },
  "file_name": "1195-01",
  "first_page_order": 626,
  "last_page_order": 642
}
