{
  "id": 12501473,
  "name": "COMMONWEALTH of Pennsylvania, Respondent v. Andre HOLMAN, Petitioner",
  "name_abbreviation": "Commonwealth v. Holman",
  "decision_date": "2018-09-18",
  "docket_number": "No. 133 EAL 2018",
  "first_page": "558",
  "last_page": "558",
  "citations": [
    {
      "type": "official",
      "cite": "194 A.3d 558"
    }
  ],
  "court": {
    "name_abbreviation": "Pa.",
    "id": 8832,
    "name": "Supreme Court of Pennsylvania"
  },
  "jurisdiction": {
    "id": 6,
    "name_long": "Pennsylvania",
    "name": "Pa."
  },
  "cites_to": [],
  "analysis": {
    "cardinality": 31,
    "char_count": 245,
    "sha256": "31426a7aa57af80927093c900e5daff54e35cace2982acf353ee51de2b22e03a",
    "simhash": "1:5d0d0ca0f3df85b7",
    "word_count": 38
  },
  "last_updated": "2021-08-27T20:57:39.405912+00:00",
  "provenance": {
    "date_added": "2021-08-27",
    "source": "Fastcase",
    "batch": "2021"
  },
  "casebody": {
    "judges": [],
    "parties": [
      "COMMONWEALTH of Pennsylvania, Respondent\nv.\nAndre HOLMAN, Petitioner"
    ],
    "opinions": [
      {
        "text": "PER CURIAM.\nAND NOW, this 18th day of September, 2018, the Petition for Allowance of Appeal is DENIED.",
        "type": "majority",
        "author": "PER CURIAM."
      }
    ],
    "attorneys": [],
    "corrections": "",
    "head_matter": "COMMONWEALTH of Pennsylvania, Respondent\nv.\nAndre HOLMAN, Petitioner\nNo. 133 EAL 2018\nSupreme Court of Pennsylvania.\nSeptember 18, 2018\nORDER"
  },
  "file_name": "0558-03",
  "first_page_order": 558,
  "last_page_order": 558
}
