{
  "id": 12501617,
  "name": "COLE, J. v. COLE, L.",
  "name_abbreviation": "Cole v. Cole",
  "decision_date": "2018-07-12",
  "docket_number": "1330 WDA 2017",
  "first_page": "665",
  "last_page": "665",
  "citations": [
    {
      "type": "official",
      "cite": "194 A.3d 665"
    }
  ],
  "court": {
    "name_abbreviation": "Pa. Super. Ct.",
    "id": 8775,
    "name": "Superior Court of Pennsylvania"
  },
  "jurisdiction": {
    "id": 6,
    "name_long": "Pennsylvania",
    "name": "Pa."
  },
  "cites_to": [],
  "analysis": {
    "cardinality": 15,
    "char_count": 100,
    "sha256": "3b89c85fa1a5f72bd1c481e039a54a8c3033420b6e8b9b2b9e1966c79704b636",
    "simhash": "1:a4d32229b7f3a3e5",
    "word_count": 16
  },
  "last_updated": "2021-08-27T20:57:39.405912+00:00",
  "provenance": {
    "date_added": "2021-08-27",
    "source": "Fastcase",
    "batch": "2021"
  },
  "casebody": {
    "judges": [],
    "parties": [
      "COLE, J.\nv.\nCOLE, L."
    ],
    "opinions": [
      {
        "text": "",
        "type": "majority",
        "author": null
      }
    ],
    "attorneys": [],
    "corrections": "",
    "head_matter": "COLE, J.\nv.\nCOLE, L.\n1330 WDA 2017\nSuperior Court of Pennsylvania.\nJuly 12, 2018\nReversed/Remanded"
  },
  "file_name": "0665-06",
  "first_page_order": 665,
  "last_page_order": 665
}
