{
  "id": 12501651,
  "name": "COM. v. TYLER, L.",
  "name_abbreviation": "Com. v. Tyler",
  "decision_date": "2018-07-16",
  "docket_number": "926 EDA 2017",
  "first_page": "673",
  "last_page": "673",
  "citations": [
    {
      "type": "official",
      "cite": "194 A.3d 673"
    }
  ],
  "court": {
    "name_abbreviation": "Pa. Super. Ct.",
    "id": 8775,
    "name": "Superior Court of Pennsylvania"
  },
  "jurisdiction": {
    "id": 6,
    "name_long": "Pennsylvania",
    "name": "Pa."
  },
  "cites_to": [],
  "analysis": {
    "cardinality": 15,
    "char_count": 87,
    "sha256": "8b7144844bab0955724e91af9f3412832d6fe635c1be0da9f083bf2f25ad9ada",
    "simhash": "1:96d652ada0f59184",
    "word_count": 15
  },
  "last_updated": "2021-08-27T20:57:39.405912+00:00",
  "provenance": {
    "date_added": "2021-08-27",
    "source": "Fastcase",
    "batch": "2021"
  },
  "casebody": {
    "judges": [],
    "parties": [
      "COM.\nv.\nTYLER, L."
    ],
    "opinions": [
      {
        "text": "",
        "type": "majority",
        "author": null
      }
    ],
    "attorneys": [],
    "corrections": "",
    "head_matter": "COM.\nv.\nTYLER, L.\n926 EDA 2017\nSuperior Court of Pennsylvania.\nJuly 16, 2018\nAffirmed"
  },
  "file_name": "0673-03",
  "first_page_order": 673,
  "last_page_order": 673
}
