{
  "id": 12501653,
  "name": "COM. v. GLASGOW, T.",
  "name_abbreviation": "Com. v. Glasgow",
  "decision_date": "2018-07-16",
  "docket_number": "3076 EDA 2017",
  "first_page": "674",
  "last_page": "674",
  "citations": [
    {
      "type": "official",
      "cite": "194 A.3d 674"
    }
  ],
  "court": {
    "name_abbreviation": "Pa. Super. Ct.",
    "id": 8775,
    "name": "Superior Court of Pennsylvania"
  },
  "jurisdiction": {
    "id": 6,
    "name_long": "Pennsylvania",
    "name": "Pa."
  },
  "cites_to": [],
  "analysis": {
    "cardinality": 15,
    "char_count": 90,
    "sha256": "847f2c18f44899dd9778fc1ba4db38cae4685408030c334fc4dff1c2905573fe",
    "simhash": "1:a477d6a984d9b618",
    "word_count": 15
  },
  "last_updated": "2021-08-27T20:57:39.405912+00:00",
  "provenance": {
    "date_added": "2021-08-27",
    "source": "Fastcase",
    "batch": "2021"
  },
  "casebody": {
    "judges": [],
    "parties": [
      "COM.\nv.\nGLASGOW, T."
    ],
    "opinions": [
      {
        "text": "",
        "type": "majority",
        "author": null
      }
    ],
    "attorneys": [],
    "corrections": "",
    "head_matter": "COM.\nv.\nGLASGOW, T.\n3076 EDA 2017\nSuperior Court of Pennsylvania.\nJuly 16, 2018\nAffirmed"
  },
  "file_name": "0674-01",
  "first_page_order": 674,
  "last_page_order": 674
}
