{
  "id": 12501733,
  "name": "COM. v. LOGAN, J.",
  "name_abbreviation": "Com. v. Logan",
  "decision_date": "2018-07-19",
  "docket_number": "3703 EDA 2017",
  "first_page": "689",
  "last_page": "689",
  "citations": [
    {
      "type": "official",
      "cite": "194 A.3d 689"
    }
  ],
  "court": {
    "name_abbreviation": "Pa. Super. Ct.",
    "id": 8775,
    "name": "Superior Court of Pennsylvania"
  },
  "jurisdiction": {
    "id": 6,
    "name_long": "Pennsylvania",
    "name": "Pa."
  },
  "cites_to": [],
  "analysis": {
    "cardinality": 15,
    "char_count": 88,
    "sha256": "d211bc32a79e5acda125496f6501982b20691c95c8e0793cbfee5241ebb97ba0",
    "simhash": "1:9dd5f22be7718fc0",
    "word_count": 15
  },
  "last_updated": "2021-08-27T20:57:39.405912+00:00",
  "provenance": {
    "date_added": "2021-08-27",
    "source": "Fastcase",
    "batch": "2021"
  },
  "casebody": {
    "judges": [],
    "parties": [
      "COM.\nv.\nLOGAN, J."
    ],
    "opinions": [
      {
        "text": "",
        "type": "majority",
        "author": null
      }
    ],
    "attorneys": [],
    "corrections": "",
    "head_matter": "COM.\nv.\nLOGAN, J.\n3703 EDA 2017\nSuperior Court of Pennsylvania.\nJuly 19, 2018\nAffirmed"
  },
  "file_name": "0689-04",
  "first_page_order": 689,
  "last_page_order": 689
}
