{
  "id": 8338191,
  "name": "COMMONWEALTH of Pennsylvania, Appellee v. Nathan A. ETCHISON, Appellant",
  "name_abbreviation": "Commonwealth v. Etchison",
  "decision_date": "2007-01-24",
  "docket_number": "",
  "first_page": "1169",
  "last_page": "1178",
  "citations": [
    {
      "type": "official",
      "cite": "916 A.2d 1169"
    }
  ],
  "court": {
    "name_abbreviation": "Pa. Super. Ct.",
    "id": 8775,
    "name": "Superior Court of Pennsylvania"
  },
  "jurisdiction": {
    "id": 6,
    "name_long": "Pennsylvania",
    "name": "Pa."
  },
  "cites_to": [
    {
      "cite": "783 A.2d 766",
      "category": "reporters:state_regional",
      "reporter": "A.2d",
      "case_ids": [
        9471714
      ],
      "pin_cites": [
        {
          "page": "773"
        }
      ],
      "opinion_index": 0,
      "case_paths": [
        "/a2d/783/0766-01"
      ]
    },
    {
      "cite": "794 A.2d 391",
      "category": "reporters:state_regional",
      "reporter": "A.2d",
      "case_ids": [
        9441013
      ],
      "weight": 2,
      "pin_cites": [
        {
          "page": "396"
        }
      ],
      "opinion_index": 0,
      "case_paths": [
        "/a2d/794/0391-01"
      ]
    },
    {
      "cite": "895 A.2d 18",
      "category": "reporters:state_regional",
      "reporter": "A.2d",
      "case_ids": [
        8428044
      ],
      "weight": 2,
      "pin_cites": [
        {
          "page": "34"
        }
      ],
      "opinion_index": 0,
      "case_paths": [
        "/a2d/895/0018-01"
      ]
    },
    {
      "cite": "681 A.2d 162",
      "category": "reporters:state_regional",
      "reporter": "A.2d",
      "case_ids": [
        7859172,
        465078
      ],
      "year": 1996,
      "pin_cites": [
        {
          "page": "165"
        }
      ],
      "opinion_index": 0,
      "case_paths": [
        "/a2d/681/0162-01",
        "/pa/545/0297-01"
      ]
    },
    {
      "cite": "545 Pa. 297",
      "category": "reporters:state",
      "reporter": "Pa.",
      "case_ids": [
        465078
      ],
      "year": 1996,
      "pin_cites": [
        {
          "page": "305"
        }
      ],
      "opinion_index": 0,
      "case_paths": [
        "/pa/545/0297-01"
      ]
    },
    {
      "cite": "861 A.2d 358",
      "category": "reporters:state_regional",
      "reporter": "A.2d",
      "case_ids": [
        9187885
      ],
      "weight": 2,
      "pin_cites": [
        {
          "page": "361"
        },
        {
          "page": "362"
        }
      ],
      "opinion_index": 0,
      "case_paths": [
        "/a2d/861/0358-01"
      ]
    },
    {
      "cite": "832 A.2d 418",
      "category": "reporters:state_regional",
      "reporter": "A.2d",
      "case_ids": [
        9086721
      ],
      "year": 2003,
      "pin_cites": [
        {
          "page": "421",
          "parenthetical": "internal citations and quotation marks omitted"
        }
      ],
      "opinion_index": 0,
      "case_paths": [
        "/a2d/832/0418-01"
      ]
    },
    {
      "cite": "574 Pa. 460",
      "category": "reporters:state",
      "reporter": "Pa.",
      "case_ids": [
        587978
      ],
      "year": 2003,
      "pin_cites": [
        {
          "page": "466",
          "parenthetical": "internal citations and quotation marks omitted"
        }
      ],
      "opinion_index": 0,
      "case_paths": [
        "/pa/574/0460-01"
      ]
    },
    {
      "cite": "773 A.2d 143",
      "category": "reporters:state_regional",
      "reporter": "A.2d",
      "case_ids": [
        124760,
        11089010,
        124727,
        11088943
      ],
      "year": 2001,
      "opinion_index": 0,
      "case_paths": [
        "/pa/565/0309-02",
        "/a2d/773/0143-02",
        "/pa/565/0309-01",
        "/a2d/773/0143-01"
      ]
    },
    {
      "cite": "565 Pa. 309",
      "category": "reporters:state",
      "reporter": "Pa.",
      "case_ids": [
        124760,
        124727
      ],
      "year": 2001,
      "opinion_index": 0,
      "case_paths": [
        "/pa/565/0309-02",
        "/pa/565/0309-01"
      ]
    },
    {
      "cite": "837 A.2d 480",
      "category": "reporters:state_regional",
      "reporter": "A.2d",
      "case_ids": [
        9299371
      ],
      "pin_cites": [
        {
          "page": "487"
        }
      ],
      "opinion_index": 0,
      "case_paths": [
        "/a2d/837/0480-01"
      ]
    },
    {
      "cite": "852 A.2d 374",
      "category": "reporters:state_regional",
      "reporter": "A.2d",
      "case_ids": [
        9231638
      ],
      "opinion_index": 0,
      "case_paths": [
        "/a2d/852/0374-01"
      ]
    },
    {
      "cite": "701 A.2d 252",
      "category": "reporters:state_regional",
      "reporter": "A.2d",
      "case_ids": [
        11892439
      ],
      "pin_cites": [
        {
          "page": "254"
        }
      ],
      "opinion_index": 0,
      "case_paths": [
        "/a2d/701/0252-01"
      ]
    },
    {
      "cite": "701 A.2d 492",
      "category": "reporters:state_regional",
      "reporter": "A.2d",
      "case_ids": [
        17816,
        11898431
      ],
      "year": 1997,
      "pin_cites": [
        {
          "page": "499"
        }
      ],
      "opinion_index": 0,
      "case_paths": [
        "/pa/549/0352-01",
        "/a2d/701/0492-01"
      ]
    },
    {
      "cite": "549 Pa. 352",
      "category": "reporters:state",
      "reporter": "Pa.",
      "case_ids": [
        17816
      ],
      "year": 1997,
      "pin_cites": [
        {
          "page": "366"
        }
      ],
      "opinion_index": 0,
      "case_paths": [
        "/pa/549/0352-01"
      ]
    },
    {
      "cite": "394 U.S. 557",
      "category": "reporters:federal",
      "reporter": "U.S.",
      "case_ids": [
        6176248
      ],
      "weight": 3,
      "year": 1969,
      "opinion_index": 1,
      "case_paths": [
        "/us/394/0557-01"
      ]
    },
    {
      "cite": "504 Pa. 244",
      "category": "reporters:state",
      "reporter": "Pa.",
      "case_ids": [
        1787672
      ],
      "weight": 2,
      "year": 1983,
      "pin_cites": [
        {
          "page": "254"
        },
        {
          "page": "1344"
        }
      ],
      "opinion_index": 1,
      "case_paths": [
        "/pa/504/0244-01"
      ]
    },
    {
      "cite": "681 A.2d 162",
      "category": "reporters:state_regional",
      "reporter": "A.2d",
      "case_ids": [
        7859172,
        465078
      ],
      "year": 1996,
      "opinion_index": 1,
      "case_paths": [
        "/a2d/681/0162-01",
        "/pa/545/0297-01"
      ]
    },
    {
      "cite": "545 Pa. 297",
      "category": "reporters:state",
      "reporter": "Pa.",
      "case_ids": [
        465078
      ],
      "year": 1996,
      "opinion_index": 1,
      "case_paths": [
        "/pa/545/0297-01"
      ]
    }
  ],
  "analysis": {
    "cardinality": 1113,
    "char_count": 28896,
    "ocr_confidence": 0.691,
    "pagerank": {
      "raw": 2.4110864251697715e-07,
      "percentile": 0.7999616966085668
    },
    "sha256": "3690c14358add95c5ff29cd8a47aee6f2bee7d435e8e24d5a33268f720bc495b",
    "simhash": "1:c77c85b3c8d059b9",
    "word_count": 4581
  },
  "last_updated": "2024-02-27T17:58:08.380083+00:00",
  "provenance": {
    "date_added": "2019-08-29",
    "source": "Harvard",
    "batch": "2018"
  },
  "casebody": {
    "judges": [
      "BEFORE: TODD, BENDER, and GANTMAN, JJ.",
      "\u00b6 16 BENDER, J. files a Concurring and Dissenting Opinion."
    ],
    "parties": [
      "COMMONWEALTH of Pennsylvania, Appellee v. Nathan A. ETCHISON, Appellant."
    ],
    "opinions": [
      {
        "text": "OPINION BY\nTODD, J.:\n\u00b6 1 Nathan A. Etchison appeals the judgment of sentence imposed by the Butler County Court of Common Pleas following his conviction at a bench trial of driving under the influence (\u201cDUI\u201d) in violation of 75 Pa.C.S.A. \u00a7 3802(d)(l)(i), (2) and (3), and several summary offenses. For the reasons that follow, we affirm in part, reverse in part, and remand for re-sentencing.\n\u00b62 On September 19, 2004, Appellant was stopped by Trooper Robert Downs of the Pennsylvania State Police after Trooper Downs observed Appellant traveling in the wrong direction on an exit ramp on Route 422 in Butler County. As he approached Appellant, the trooper detected the smell of alcohol, and attempted to administer field sobriety tests. Trooper Downs testified that Appellant failed the tests, at which time the officer transported him to the hospital for blood tests. Appellant\u2019s blood alcohol content was .05%, and a subsequent drug screen indicated 53 na-nograms of metabolites of cannabinoids.\n\u00b6 3 On August 17, 2005, Appellant was sentenced to 30 days incarceration and a $1000 fine. Appellant\u2019s post-sentence motions were denied on December 14, 2005, and this appeal followed, wherein Appellant raises the following issues:\nI. Did the trial court err in finding there was sufficient evidence to maintain [Appellant\u2019s] conviction of driving under the influence when the Commonwealth failed to establish he was under the influence to a degree which impaired his ability to safely operate a vehicle?\nII. Did the trial court err in upholding [Appellant\u2019s] conviction of driving under the influence when the controlled substances section of the DUI statute, 75 [Pa.C.S.A.] \u00a7 3802(d), violates due process in that it is overbroad?\nIII. Did the trial court err in upholding [Appellant\u2019s] conviction of driving under the influence when the controlled substances section of the\nDUI statute, 75 [Pa.C.S.A.] \u00a7 3802(d), violates equal protection?\n(Appellant\u2019s Brief at 7.)\n\u00b6 4 Appellant first contends that the evidence was insufficient to support his conviction under 75 Pa.C.S.A \u00a7 3802(d)(2) and (3). When presented with a claim that the evidence was insufficient to sustain a conviction,\nan appellate court, viewing all the evidence and reasonable inferences therefrom in the light most favorable to the Commonwealth as the verdict winner, must determine whether the evidence was sufficient to enable the fact finder to find that all of the elements of the offenses were established beyond a reasonable doubt.\nCommonwealth v. Hawkins, 549 Pa. 352, 366, 701 A.2d 492, 499 (1997). Furthermore, \u201c[t]he Commonwealth may sustain its burden by proving the crime\u2019s elements with evidence which is entirely circumstantial and the trier of fact, who determines credibility of witnesses and the weight to give the evidence produced, is free to believe all, part, or none of the evidence.\u201d Commonwealth v. Brown, 701 A.2d 252, 254 (Pa.Super.1997) (citations omitted).\n\u00b6 5 We are constrained to agree with Appellant that the evidence was insufficient to support his convictions under Section 3802(d)(2) and (3). Section 3802(d) provides:\n(d) Controlled substances. \u2014 An individual may not drive, operate or be in actual physical control of the movement of a vehicle under any of the following circumstances:\n(1) There is in the individual\u2019s blood any amount of a:\n(i) Schedule I controlled substance, as defined in the act of April 14, 1972 (P.L. 233, No. 64), known as The Controlled Substance, Drug, Device and Cosmetic Act;\n(ii) Schedule II or Schedule III controlled substance, as defined in the Controlled Substance, Drug, Device and Cosmetic Act, which has not been medically prescribed for the individual; or\n(iii) metabolite of a substance under subparagraph (i) or (ii).\n(2) The individual is under the influence of a drug or combination of drugs to a degree which impairs the individual\u2019s ability to safely drive, operate or be in actual physical control of the movement of the vehicle.\n(3) The individual is under the combined influence of alcohol and a drug or combination of drugs to a degree which impairs the individual\u2019s ability to safely drive, operate or be in actual physical control of the movement of the vehicle.\n75 Pa.C.S.A. \u00a7 3802(d)(l)-(3) (footnote omitted).\n\u00b6 6 Appellant asserts that, under Section 3802(d)(2), the Commonwealth failed to establish that he was under the influence of a drug or combination of drugs to a degree which impaired his ability to safely operate his vehicle, noting that \u201c[t]he Commonwealth\u2019s expert witness testified under cross-examination that the presence of metabolites is not an indication of present impairment but only that a substance was ingested sometime previously.\u201d (Appellant\u2019s Brief at 11.) Our review of the record supports Appellant\u2019s argument. Indeed, the Commonwealth presented no evidence to support a conclusion that Appellant was under the influence of a drug or combination of drugs at the time he was stopped, such that his ability to drive was impaired. Thus, we hold there was insufficient evidence to convict Appellant under Section 3802(d)(2).\n\u00b6 7 We likewise hold that there was insufficient evidence to convict Appellant under Section 3802(d)(3), which requires that an individual be under the combined influence of alcohol and a drug or combination of drugs to a degree which impairs his driving ability. In its opinion denying Appellant\u2019s post-sentence motion, the trial court noted that\n[t]he facts in the present case establish that [Appellant\u2019s] car was observed turning around and headed the wrong way on the entrance ramp to State Route 422. In addition, [Appellant] had an odor of alcohol on his breath, glassy and bloodshot eyes, slurred speech, and also exhibited signs of nervousness. [Appellant] further failed the field sobriety tests. The results of the blood test indicated a BAC of .05%.\n(Trial Court Opinion, 12/19/05, at 3.) While the factors cited by the trial court suggest that Appellant may have been under the influence of alcohol, because, as previously discussed, no evidence was presented to suggest that Appellant was under the influence of a drug or combination of drugs, the elements of Section 3802(d)(3), which require the combined influence of alcohol and a drug, were not met.\n\u00b6 8 Appellant next argues that Section 3802(d)(1), under which he also was convicted, violates due process because it is overbroad and thus that his conviction under that section for the presence of prohibited metabolites should be reversed. Appellant again points out that the Commonwealth\u2019s witness, Dr. Charles Winek, testified that metabolites in the bloodstream are not an indication of present impairment. He further asserts that:\n[w]ithout a blood test, a person may be unaware they have metabolites in their blood. Section 3802(d) allows for the conviction of an individual based solely on the presence of metabolites, regardless of actual impairment.... An individual could be sober and simply have residue of past usage in their blood.... Passive inhalation of marijuana smoke, false positives or residue in the body long after a period of impairment would all be a violation of the statute. The statute sweeps too broadly and causes conviction of both sober as well as impaired drivers.\n(Appellant\u2019s Brief at 15.)\n\u00b6 9 Preliminarily, we note that\n[t]he constitutionality of a statute is a question of law; therefore, the scope of appellate review is plenary. Commonwealth v. Moss, 852 A.2d 374 (Pa.Super.2004). \u201cThe constitutional validity of duly enacted legislation is presumed. The party seeking to overcome the presumption of validity must meet a formidable burden.\u201d Commonwealth v. Haughwout, 837 A.2d 480, 487 (Pa.Super.2003) (citing Commonwealth v. Means, 565 Pa. 309, 773 A.2d 143 (2001)). \u201cA statute will not be declared unconstitutional unless it clearly, palpably, and plainly violates the Constitution; all doubts are to be resolved in favor of a finding of constitutionality.\u201d Commonwealth v. Mayfield, 574 Pa. 460, 466, 832 A.2d 418, 421 (2003) (internal citations and quotation marks omitted).\nCommonwealth v. Costa, 861 A.2d 358, 361 (Pa.Super.2004).\n\u00b6 10 As our Supreme Court has explained, \u201c[a] statute is \u2018overbroad\u2019 if by its reach it punishes constitutionally protected activity as well as illegal activity.\u201d Commonwealth v. Band, 545 Pa. 297, 305, 681 A.2d 162, 165 (1996). If it does not reach both categories of activity, \u201cthen the over-breath challenge must fail.\u201d Costa, 861 A.2d at 362. There is no constitutional right to the use of marijuana prior to driving; indeed, under Pennsylvania\u2019s Controlled Substance, Drug, Device and Cosmetic Act, 35 P.S. \u00a7 780-101 et. seq., which has not been deemed unconstitutional, an individual is prohibited from any use of marijuana. Thus, Appellant\u2019s challenge to 75 Pa.C.S.A. \u00a7 3802(d)(1) must fail.\n\u00b6 11 Finally, Appellant argues that Section 3802(d)(1) is unconstitutional in that it violates equal protection. Specifically, Appellant argues that while the Commonwealth has a legitimate interest in keeping the roadways safe by prosecuting impaired drivers, \u201cthis statute would allow for the prosecution of a non-impaired driver. It is not rationally related to its interest of keeping roadways safe.\u201d (Appellant\u2019s Brief at 16.)\n\u00b6 12 When presented with a claim that a statute violates the equal protection clause, where the case \u201cdoes not involve a fundamental right or suspect class and does not involve an important right or sensitive classification, our inquiry rests upon whether there exists a rational basis for the classification.\u201d Commonwealth v. McCoy, 895 A.2d 18, 34 (Pa.Super.2006) (citing Commonwealth v. Etheredge, 794 A.2d 391, 396 (Pa.Super.2002)). Further,\n[t]he essence of the constitutional principle of equal protection under the law is that like persons in like circumstances will be treated similarly. However, it does not require that all persons under all circumstances enjoy identical protection under the law. The right to equal protection under the law does not absolutely prohibit the Commonwealth from classifying individuals for the purpose of receiving different treatment, and does not require equal treatment of people having different needs. The prohibition against treating people differently under the law does not preclude the Commonwealth from resorting to legislative classifications, provided that those classifications are reasonable rather than arbitrary and bear reasonable relationship to the object of the legislation. In other words, a classification must rest upon some ground of difference which justifies the classification and have a fair and substantial relationship to the object of the legislation. Judicial review must determine whether any classification is founded on a real and genuine distinction rather than an artificial one. A classification, though discriminatory, is not arbitrary or in violation of the equal protection clause if any state of facts reasonably can be conceived to sustain that classification. In undertaking its analysis, the reviewing court is free to hypothesize reasons the legislature might have had for the classification. If the court determines that the classifications are genuine, it cannot declare the classification void even if it might question the soundness or wisdom of the distinction.\nMcCoy, 895 A.2d at 34-35 (citing Etheredge, supra.)\n\u00b6 13 We reject Appellant\u2019s assertion that Section 3802(d)(1) violates equal protection, as there is no legislative classification upon which to base such an argument. As noted previously, a conviction under Section 3802(d)(1) does not require that a driver be impaired; rather, it prohibits the operation of a motor vehicle by any driver who has any amount of specifically enumerated controlled substances in his blood, regardless of impairment. All drivers are treated the same. Accordingly, we find that Appellant\u2019s equal protection challenge lacks merit.\n\u00b6 14 For all of the foregoing reasons, we affirm Appellant\u2019s conviction and judgment of sentence under Section 3802(d)(1)\u00ae, and reverse Appellant\u2019s convictions under Section 3802(d)(2) and (3) and discharge him as to those charges. As our disposition may have disturbed the trial court\u2019s sentencing scheme, however, we remand for resentencing. See Commonwealth v. Roche, 783 A.2d 766, 773 (Pa.Super.2001) (remanding for resentencing where vacating of one of multiple convictions may have disturbed trial court\u2019s sentencing scheme).\n\u00b6 15 Judgment of sentence AFFIRMED IN PART and REVERSED IN PART. Case REMANDED. Jurisdiction RELINQUISHED.\n\u00b6 16 BENDER, J. files a Concurring and Dissenting Opinion.\n. Appellant does not challenge the sufficiency of his conviction under Subsection 3802(d)(l)(i), although in his argument that Section 3802(d)(1) is unconstitutional, infra, Appellant notes that it is Section 3802(d)(l)(iii) as opposed to Section (d)(l)(i), which prohibits driving when metabolitics of a controlled substance are present in the blood. We do not find this undeveloped commentary sufficient to preserve a sufficiency challenge under Section 3802(d)(l)(i).\n. Throughout his brief Appellant does not specify whether his due process and equal protection arguments are based on the Pennsylvania or the United States Constitution. Such omission does not affect our analysis or disposition.\n. See note 2, supra.",
        "type": "majority",
        "author": "TODD, J.:"
      },
      {
        "text": "CONCURRING AND DISSENTING OPINION BY\nBENDER, J.:\n\u00b6 1 Although I agree with the Majority that the Commonwealth failed to sustain their burden of proof as to the convictions under both 75 Pa.C.S. \u00a7 3802(d)(2) and (d)(3), I would go one step further and find that subsection 3802(d)(1) is unconstitutionally overbroad, rendering the conviction of that offense void as well. Thus, I would reverse Appellant\u2019s convictions as to all three subsections and order Appellant discharged.\n\u00b62 With respect to the convictions on subsections 3802(d)(2) or (d)(3), a review of the record will expose the Commonwealth\u2019s failure of proof as to those subsections and reveal that the convictions rest on a leap to conclusion that contradicts the expert testimony offered at trial by the Commonwealth.\n\u00b6 3 Notably, the Commonwealth provided no evidence that Appellant had recently ingested marijuana. For instance, there was no evidence that an odor of marijuana emanated from Appellant\u2019s person or from his vehicle at the time he was stopped. Nor did Trooper Downs testify that he discovered any physical evidence of recent marijuana usage, such as a pipe with marijuana residue or the tip of a smoked marijuana cigarette. Additionally, there was no damning admission from Appellant that he had recently smoked marijuana, nor was there eyewitness testimony to establish recent ingestion of marijuana. Rather, to support its case, the Commonwealth proved only that Appellant\u2019s blood registered positive for inactive metabolites of marijuana.\n\u00b6 4 The Commonwealth\u2019s evidence as to marijuana consumption came solely from the testimony of Charles Winek, a respected toxicologist and the director of the Pittsburgh Criminalistics Laboratory. Dr. Winek testified that his laboratory performed an alcohol and controlled substance screen of Appellant\u2019s blood. While Dr. Winek testified that Appellant\u2019s blood tested positive for cannabinoids of marijuana, in essence, that is all Dr. Winek\u2019s testimony proved. Although Dr. Winek testified that Appellant\u2019s blood tested positive for cannabinoids at a rate of 53 nanograms per milliliter, N.T. Trial, 7/7/05, at 12, Dr. Winek never offered an expert opinion that Appellant was under the influence of marijuana at the time he drove, let alone that he was under the influence to a degree that impaired his ability to safely drive, as the statute requires. As such, the Commonwealth essentially relies, to sustain its conviction under subsection (d)(2), and presumably under subsection (d)(3) as well, upon the factfinder\u2019s leap to conclusion from the presence of marijuana metabolites that Appellant was under the influence of marijuana at the time he drove.\n\u00b6 5 The effect of marijuana upon an individual and the significance of finding 53 nanograms of cannabinoids per milliliter is not a matter within the realm of a layperson. As such, expert testimony was necessary to draw a nexus from the findings to impairment, and none was provided. This lack of testimony should be seen, even if from a purely technical point of view, as a significant enough evidentiary pitfall as to render the evidence insufficient to conviet, but the testimony of Dr. Winek actually sheds greater doubt upon the jump to the conclusion necessary to uphold the conviction in question here.\n\u00b6 6 Dr. Winek\u2019s testimony, fairly read, demonstrates why one cannot draw any reasonable conclusion of impairment from a positive test for cannabinoids. With respect to the amount of marijuana metabolites found in Appellant\u2019s blood, Dr. Winek termed this level \u201ca very, very small amount.\u201d Id. at 13. Dr. Winek further testified that the metabolites for which Appellant\u2019s blood tested positive are stored in fatty tissue and can be detected weeks and even months after consumption. Id. at 16. Dr. Winek further admitted that the fact that these metabolites are present was not indicative of impairment, id. at 16-17, nor was there a correlation between the level of the nanogram reading and impairment. In fact, Dr. Winek indicated that a positive reading proved only that the individual had consumed marijuana at some time. Moreover, the nanogram reading could not provide an indication of when the marijuana usage took place.\n\u00b6 7 In contrast, Dr. Winek did indicate that finding 11 hydroxy THC would be indicative of usage within an hour or two, id. at 20, and that therefore finding 11 hydroxy THC would be more indicative of impairment than finding inactive metabolites. Notably, Appellant did not test positive for this element. Lastly, although Dr. Winek testified that metabolites of marijuana can remain in the body for a period exceeding a month, he provided no indication that such latent presence can cause impairment of one\u2019s ability to drive safely. Thus, it is clear upon examining Dr. Wi-nek\u2019s testimony that the presence of metabolites provided no evidence at all of impairment from marijuana usage at the time Appellant drove.\n\u00b6 8 While there were facts that arguably would allow the factfinder to conclude that Appellant was impaired, including driving the wrong way on the entrance ramp, an odor of alcohol on Appellant\u2019s breath, glassy and bloodshot eyes, slurred speech, failure of field sobriety tests and signs of nervousness, assuming that these factors support the conclusion that Appellant\u2019s ability to safely drive was impaired, this conclusion does nothing to prove that this impairment was the result of being under the influence of a drug or a combination of drugs as required by (d)(2). Indeed, if anything, the evidence of an odor of alcohol, glassy and bloodshot eyes, slurred speech and a BAC reading of .05%, supports the premise that, although Appellant\u2019s impairment was below the statutory level of legal intoxication it did result from alcohol consumption. In short, there was a total lack of proof that Appellant was under the influence of a drug to a degree that his ability to safely drive was impaired. Thus, the convictions on subsections 3802(d)(2) and (d)(3) cannot stand.\n\u00b6 9 Turning to Appellant\u2019s conviction under subsection (d)(1), Appellant levels two constitutional challenges to that subsection, one of overbreadth and one of violating equal protection. As I agree that subsection (d)(1) violates due process for being overbroad, I will not discuss Appellant\u2019s equal protection argument.\n\u00b6 10 The relevant portion of the statute reads:\n(d) Controlled substances. \u2014 An individual may not drive, operate or be in actual physical control of the movement of a vehicle under any of the following circumstances:\n(1) There is in the individual\u2019s blood any amount of a:\n(i) Schedule I controlled substance, as defined in the act of April 14, 1972 (P.L. 233, No. 64), known as The Controlled Substance, Drug, Device and Cosmetic Act;\n(ii) Schedule II or Schedule III controlled substance, as defined in The Controlled Substance, Drug, Device and Cosmetic Act, which has not been medically prescribed for the individual; or\n(iii) metabolite of a substance under subparagraph (i) or (ii).\n75 Pa.C.S. \u00a7 3802(d)(1).\n\u00b6 11 As one can see after referring to subsection (d)(l)(iii), one may violate the DUI statute if he drives while there is present in his bloodstream merely a metabolite of a Schedule I, II or III substance. The crux of Appellant\u2019s overbreadth challenge is that the presence of metabolites of marijuana and/or other prohibited drugs in one\u2019s bloodstream does not correlate to impairment and as such is not rationally related to the DUI statute\u2019s purpose of preventing unsafe drivers from driving.\n\u00b6 12 The Majority contends that Appellant\u2019s overbreadth challenge must fail because \u201cthere is no constitutional right to the use of marijuana prior to driving; indeed, under Pennsylvania\u2019s Controlled Substance, Drug, Device and Cosmetic Act, ... an individual is prohibited from any use of marijuana.\u201d Majority Memorandum, at 6. The Majority\u2019s blanket statement fails to consider the fact that metabolites of marijuana can appear in one\u2019s system without the unlawful usage of marijuana and through both voluntary and involuntary consumption of marijuana. One such voluntary consumption of marijuana could occur while traveling abroad, in countries where marijuana usage is legal, such as the Netherlands. Since marijuana can stay in one\u2019s blood for up to a month or more, one could travel to Amsterdam, partake of legal cannabis products and return to Pennsylvania. As the statute is curi'ently constructed, such tourists will almost certainly violate the DUI law should they drive home from the airport, despite the fact that they are in no way impaired at the time of their driving.\n\u00b6 13 Moreover, the DUI statute applies to all persons operating a motor vehicle in Pennsylvania, not just Pennsylvania residents. Should a resident of Amsterdam be traveling in Pennsylvania after consuming marijuana products legally at home, he would violate the Pennsylvania law, even if not impaired in the slightest degree and even though his usage was lawful. Along the same line, currently, marijuana is legal for medical purposes in Canada, and, of course, Canada is located not terribly far from Pennsylvania\u2019s Northwest corner. Thus, a Canadian tourist who is legally consuming marijuana in Canada might very well violate subsection 3802(d)(1) the moment he entered Pennsylvania if situated behind the wheel.\n\u00b6 14 The Majority further fails to recognize that one could conceivably test positive for marijuana metabolites even though he did not personally smoke marijuana. Dr. Winek testified that it was possible one could test positive for marijuana metabolites from being in close proximity to those smoking marijuana. N.T. Trial, at 19. One could also unknowingly consume food containing marijuana, for example brownies or cookies served at a party. Of course, unknowing consumption of marijuana could not constitutionally constitute a crime, yet, once consumed, the metabolites could stay in one\u2019s system for a month or more rendering that person exposed to violating subsection 3802(d)(1) should they drive a vehicle while the metabolite was still present in their bloodstream.\n\u00b6 15 For those that believe that the above example is nothing more than an alarmist hypothetical, consider what recently occurred in Los Lunas, New Mexico, involving two police officers. According to allegations in a lawsuit filed against fast food franchise Burger King by Isleta Pueblo Tribal Police Officers Mark Landa-vazo and Henry Gabaldon, the two officers were on duty when they stopped at a Burger King restaurant and purchased hamburger meals. After eating about one-half of their sandwiches, the two officers noticed a strange taste in their hamburgers. Upon investigation, the officers discovered that marijuana had been sprinkled on top of the meat. If this were to happen in Pennsylvania, and if the officers consumed enough marijuana to produce a positive test for metabolites, then the police officers would be in violation of 3802(d)(1) if they drove before those metabolites cleared their bloodstream. Query: in the above circumstance, would the police department be obligated to remove the officers in question from motor vehicle patrol duty until they tested negative for metabolites? A similar result could occur from the eating of food with a heavy concentration of poppyseeds. Dr. Winek testified that eating poppyseed rolls or cakes could result in a positive test for opiates. Id. at 17.\n\u00b6 16 The above notwithstanding, while, as the Majority accurately quotes, some pronouncements of law indicate that the overbreadth principle applies only where the provision in question proscribes conduct that has a specific constitutional protection, in actual application the isolation of the exact constitutional right impinged is not always readily apparent. Moreover, it appears that overbreadth principles have been applied to statutes that sweep into conduct that which is merely deemed lawful and not specifically protected by the constitution. This application is exemplified by another case involving a prior version of Pennsylvania\u2019s DUI law. In Commonwealth v. Barud, 545 Pa. 297, 681 A.2d 162 (1996), our Supreme Court found unconstitutional a provision that made it illegal to drive if a driver\u2019s BAC, as determined by chemical testing, registered .10% or greater within three hours of driving. The Court noted that, under the DUI statute, it was not illegal to drive with a BAC under .10% yet one could violate the provision in question if he was stopped while his BAC was below .10% but saw his BAC rise above the .10% level after being stopped. Thus, the Court concluded that the statute swept unnecessarily broadly into activity which had not been declared unlawful in Pennsylvania. Notably, the Court did not find that the provision impinged upon constitutionally protected activity. Indeed, the Court could not make that statement inasmuch as it acknowledged in an earlier case involving the DUI statute that \u201cthere is no constitutional, statutory or common law right to the consumption of any quantity of alcohol before driving and there is little doubt that the legislature could, if it so chooses, prohibit driving within a certain reasonable time after drinking any amount of alcohol (so long as the prohibition was rationally related to the legitimate legislative purpose).\u201d Commonwealth v. Mikulan, 504 Pa. 244, 254, 470 A.2d 1339, 1344 (1983).\n\u00b6 17 The United States Supreme Court has also applied the overbreadth principle to activity that did not enjoy a specific constitutional protection. In Stanley v. Georgia, 394 U.S. 557, 89 S.Ct. 1243, 22 L.Ed.2d 542 (1969), the Court found a Georgia law that made it illegal to possess obscene materials unconstitutionally over-broad even though the Court acknowledged that the First Amendment protections do not extend to obscene material. In walking along this philosophical tightrope, the Court acknowledged that a state could outlaw and punish the distribution of obscene material but that punishing mere possession of obscene material violated the United States Constitution. This balancing act seemingly indicates a belief by the Court that punishing mere possession went too far.\n\u00b6 18 In my opinion, punishing mere presence in one\u2019s blood of metabolites of Schedule I drugs, without proof of impairment, like in Stanley, goes too far. Pennsylvania has a legitimate interest in keeping impaired drivers off the road. However, the mere presence of metabolites, without impairment, punishes a status only and bears no relationship to the legitimate interest of the state in keeping the roads safe. Moreover, it could punish individuals whose blood bears metabolites through lawful behavior. As such, I believe that, as drafted, subsection 3802(d)(1) is unconstitutional and, therefore, Appellant\u2019s conviction under this subsection must also be reversed.\n. http://www.cnn.com/2006/LAW/! 1/07/pot. burgers.ap/index.html.\n. Notably, here, by criminalizing driving while metabolites are merely present in one\u2019s bloodstream, the legislature has not prohibited driving within a reasonable time after consumption. Certainly, criminalizing driving thirty or more days after consumption cannot be deemed a reasonable time.",
        "type": "concurring-in-part-and-dissenting-in-part",
        "author": "BENDER, J.:"
      }
    ],
    "attorneys": [
      "Rebecca J. Lozzi, Public Defender, Butler, for appellant.",
      "Randa B. Clark, Asst. Dist. Atty., Butler, for Com., appellee."
    ],
    "corrections": "",
    "head_matter": "COMMONWEALTH of Pennsylvania, Appellee v. Nathan A. ETCHISON, Appellant.\nSuperior Court of Pennsylvania.\nSubmitted June 26, 2006.\nFiled Jan. 24, 2007.\nRebecca J. Lozzi, Public Defender, Butler, for appellant.\nRanda B. Clark, Asst. Dist. Atty., Butler, for Com., appellee.\nBEFORE: TODD, BENDER, and GANTMAN, JJ."
  },
  "file_name": "1169-01",
  "first_page_order": 1205,
  "last_page_order": 1214
}
