{
  "id": 8090738,
  "name": "Wayne J. HALL, Appellant, v. UNITED STATES, Appellee",
  "name_abbreviation": "Hall v. United States",
  "decision_date": "1969-05-07",
  "docket_number": "No. 4716",
  "first_page": "894",
  "last_page": "897",
  "citations": [
    {
      "type": "official",
      "cite": "252 A.2d 894"
    }
  ],
  "court": {
    "name_abbreviation": "D.C.",
    "id": 11933,
    "name": "District of Columbia Court of Appeals"
  },
  "jurisdiction": {
    "id": 56,
    "name_long": "District of Columbia",
    "name": "D.C."
  },
  "cites_to": [
    {
      "cite": "308 U.S. 338",
      "category": "reporters:federal",
      "reporter": "U.S.",
      "case_ids": [
        6140061
      ],
      "weight": 3,
      "year": 1939,
      "opinion_index": 0,
      "case_paths": [
        "/us/308/0338-01"
      ]
    },
    {
      "cite": "78 A.L.R.2d 233",
      "category": "reporters:specialty",
      "reporter": "A.L.R. 2d",
      "year": 1960,
      "opinion_index": 0
    },
    {
      "cite": "80 S.Ct. 725",
      "category": "reporters:federal",
      "reporter": "S. Ct.",
      "case_ids": [
        6163485,
        6163782
      ],
      "weight": 2,
      "year": 1960,
      "opinion_index": 0,
      "case_paths": [
        "/us/362/0257-01",
        "/us/362/0309-01"
      ]
    },
    {
      "cite": "362 U.S. 257",
      "category": "reporters:federal",
      "reporter": "U.S.",
      "case_ids": [
        6163485
      ],
      "weight": 3,
      "year": 1960,
      "pin_cites": [
        {
          "page": "265, note 1"
        }
      ],
      "opinion_index": 0,
      "case_paths": [
        "/us/362/0257-01"
      ]
    },
    {
      "cite": "359 F.2d 1014",
      "category": "reporters:federal",
      "reporter": "F.2d",
      "case_ids": [
        829049,
        3655118
      ],
      "year": 1966,
      "opinion_index": 0,
      "case_paths": [
        "/f2d/359/1014-01"
      ]
    },
    {
      "cite": "123 U.S.App.D.C. 348",
      "category": "reporters:state",
      "reporter": "U.S. App. D.C.",
      "case_ids": [
        3655118
      ],
      "year": 1966,
      "opinion_index": 0,
      "case_paths": []
    },
    {
      "cite": "215 A.2d 482",
      "category": "reporters:state_regional",
      "reporter": "A.2d",
      "case_ids": [
        8097841
      ],
      "year": 1965,
      "opinion_index": 0,
      "case_paths": [
        "/a2d/215/0482-01"
      ]
    },
    {
      "cite": "215 F.2d 324",
      "category": "reporters:federal",
      "reporter": "F.2d",
      "case_ids": [
        533722,
        3760244
      ],
      "year": 1954,
      "opinion_index": 0,
      "case_paths": [
        "/f2d/215/0324-01"
      ]
    },
    {
      "cite": "94 U.S.App.D.C. 297",
      "category": "reporters:state",
      "reporter": "U.S. App. D.C.",
      "case_ids": [
        3760244
      ],
      "year": 1954,
      "opinion_index": 0,
      "case_paths": []
    },
    {
      "cite": "255 U.S. 298",
      "category": "reporters:federal",
      "reporter": "U.S.",
      "case_ids": [
        341446
      ],
      "weight": 3,
      "year": 1921,
      "pin_cites": [
        {
          "page": "note 2"
        }
      ],
      "opinion_index": 0,
      "case_paths": [
        "/us/255/0298-01"
      ]
    }
  ],
  "analysis": {
    "cardinality": 423,
    "char_count": 5862,
    "ocr_confidence": 0.774,
    "pagerank": {
      "raw": 7.910444093458357e-08,
      "percentile": 0.4612552700948974
    },
    "sha256": "4e48347c88e68f47472b82dadb44cb9020d458fe2a51adf017f3dcfda2a9ee2b",
    "simhash": "1:e7a4e356950c5c13",
    "word_count": 993
  },
  "last_updated": "2024-02-27T20:59:48.107368+00:00",
  "provenance": {
    "date_added": "2019-08-29",
    "source": "Harvard",
    "batch": "2018"
  },
  "casebody": {
    "judges": [
      "Before HOOD, Chief Judge, and KELLY and FICKLING, Associate Judges."
    ],
    "parties": [
      "Wayne J. HALL, Appellant, v. UNITED STATES, Appellee."
    ],
    "opinions": [
      {
        "text": "KELLY, Associate Judge:\nIt is appellant\u2019s contention on this appeal that the trial judge erred in denying as untimely his request to hear a motion to suppress made as the trial was about to begin, and in thereafter admitting certain government exhibits into evidence over his objection. We affirm.\nGS Criminal Rule 28(e) requires that a motion to suppress be made in writing before trial \u201cunless opportunity therefor did not exist or the defendant was not aware of the grounds for the motion,\u201d but the rule goes on to say that \u201cthe Court in its discretion may entertain the motion at the trial.\u201d It has on occasion been held that a motion to suppress made during trial is timely upon an adequate showing of lack of prior opportunity to make the motion, or of new grounds for the motion of which the defendant was not previously aware, or upon a showing that the denial of the opportunity to so move constitutes plain error affecting substantial rights. Even when denied pretrial, in certain circumstances a motion to suppress may be made again at trial. None of these mitigating circumstances exist here.\nThe trial of this case began approximately three months after arraignment and appointment of counsel, during all of which time appellant was free on bond. The request to present the motion was made after the case was certified from the General Sessions\u2019 Assignment Court where appellant presumably announced he was ready for trial. It was made on the basis of information obtained by counsel in recent talks with appellant and from a recently procured police department form, a public record, both bearing on the manner in which appellant was arrested. No immediate steps were taken to suppress the evidence upon receipt of this information although the trial was not scheduled for three or four days later. Nor was a satisfactory reason for this delay given the trial judge who, after thorough examination, denied the request to hear the motion.\nThe purpose of the rule requiring that a motion to suppress be made pretrial is so that matters not relevant to guilt may be decided before trial and the trial may proceed in orderly fashion without interruption on collateral issues. That purpose is frustrated when counsel fails or neglects, without justification, to make the motion pretrial and then attempts to do so at trial. Here, counsel could not explain why he had no prior knowledge of the facts surrounding the arrest, nor why he did not sooner move to suppress the incriminating evidence. Consequently he did not establish grounds for discretionary relief under GS Criminal Rule 28(e).\nMoreover, there is in this case no plain error affecting substantial rights. The salient facts are that on September 28, 1967, agents of the Federal Bureau of Investigation went to a local motel armed with an arrest warrant for one Townsley, originally a codefendant at appellant\u2019s trial. They knocked on the door of one of the rooms, not registered in the name of either defendant, and appellant answered. The agents identified themselves, stated their purpose and asked if Townsley was there. Appellant said he was not. The agents entered the room, looked around and found Townsley under the bed. Townsley was arrested and a search was made of the room. A quantity of narcotics was found in a desk drawer and in a tissue box in the bathroom. The agents then called the Metropolitan Police who arrested appellant for possession of narcotics. Appellant was searched and a bottle containing contraband drugs was found in his pocket.\nNo question was raised as to the validity of the arrest warrant or of the agents\u2019 right to arrest Townsley. The point appellant is seeking to raise is that while the search of the room was in progress he was effectively under arrest because, he proffered, he was told to sit in a chair and was not free to leave the premises. However, the search of the motel room was valid as incident to Townsley\u2019s arrest and since a quantity of narcotics was discovered as a result of that search, probable cause then existed for appellant\u2019s arrest by the Metropolitan Police. Therefore, the subsequent search of his person was valid and the evidence obtained therefrom was properly admitted in evidence.\nWe find no error.\nAffirmed.\n. Identical to Fed.Rules Crim.Procedure 41(e).\n. Gouled v. United States, 255 U.S. 298, 41 S.Ct. 261, 65 U.Ed. 647 (1921).\n. Gouled v. United States, supra note 2; Contee v. United States, 94 U.S.App.D.C. 297, 215 F.2d 324 (1954).\n. Contee v. United States, supra note 3; Townsley v. United States, D.C.App., 215 A.2d 482 (1965).\n. Rouse v. United States, 123 U.S.App.D.C. 348, 359 F.2d 1014 (1966).\n. Jones v. United States, 362 U.S. 257, 80 S.Ct. 725, 4 L.Ed.2d 697, 78 A.L.R.2d 233 (1960) ; Nardone v. United States, 308 U.S. 338, 60 S.Ct. 266, 84 L.Ed. 307 (1939). Jones is similar on the facts to this case but there a pretrial motion to suppress was made and denied on the issue of standing. The Court said that a conviction on the basis of possession should not be had without a hearing on a duly made motion to suppress. 362 U.S. at 265, note 1, 80 S.Ct. 725. (Emphasis supplied.)\n. Appellant was charged with possession of narcotics, narcotics vagrancy and possession of implements of crime. The latter two charges were dismissed on motion and appellant was convicted by a jury of narcotics possession.\n. The agents testified to the contrary.",
        "type": "majority",
        "author": "KELLY, Associate Judge:"
      }
    ],
    "attorneys": [
      "John J. Hurley, Washington, D. C., appointed by this court, for appellant.",
      "Bruce P. Saypol, Asst. U. S. Atty., with whom David G. Bress, U. S. Atty., Frank Q. Nebeker and Julius A. Johnson, Asst. U. S. Attys., were on the brief, for ap-pellee."
    ],
    "corrections": "",
    "head_matter": "Wayne J. HALL, Appellant, v. UNITED STATES, Appellee.\nNo. 4716.\nDistrict of Columbia Court of Appeals.\nArgued March 10, 1969.\nDecided May 7, 1969.\nJohn J. Hurley, Washington, D. C., appointed by this court, for appellant.\nBruce P. Saypol, Asst. U. S. Atty., with whom David G. Bress, U. S. Atty., Frank Q. Nebeker and Julius A. Johnson, Asst. U. S. Attys., were on the brief, for ap-pellee.\nBefore HOOD, Chief Judge, and KELLY and FICKLING, Associate Judges."
  },
  "file_name": "0894-01",
  "first_page_order": 932,
  "last_page_order": 935
}
