{
  "id": 7365346,
  "name": "In re RYAN L.",
  "name_abbreviation": "In re Ryan L.",
  "decision_date": "1990-10-30",
  "docket_number": "",
  "first_page": "811",
  "last_page": "813",
  "citations": [
    {
      "type": "official",
      "cite": "581 A.2d 811"
    }
  ],
  "court": {
    "name_abbreviation": "Me.",
    "id": 9543,
    "name": "Maine Supreme Judicial Court"
  },
  "jurisdiction": {
    "id": 42,
    "name_long": "Maine",
    "name": "Me."
  },
  "cites_to": [
    {
      "cite": "480 A.2d 766",
      "category": "reporters:state_regional",
      "reporter": "A.2d",
      "case_ids": [
        7904451
      ],
      "pin_cites": [
        {
          "page": "770"
        }
      ],
      "opinion_index": 0,
      "case_paths": [
        "/a2d/480/0766-01"
      ]
    },
    {
      "cite": "483 A.2d 1210",
      "category": "reporters:state_regional",
      "reporter": "A.2d",
      "case_ids": [
        7936075
      ],
      "pin_cites": [
        {
          "page": "1212"
        }
      ],
      "opinion_index": 0,
      "case_paths": [
        "/a2d/483/1210-01"
      ]
    },
    {
      "cite": "531 A.2d 1274",
      "category": "reporters:state_regional",
      "reporter": "A.2d",
      "case_ids": [
        7900808
      ],
      "weight": 2,
      "pin_cites": [
        {
          "page": "1275"
        },
        {
          "page": "1275"
        }
      ],
      "opinion_index": 0,
      "case_paths": [
        "/a2d/531/1274-01"
      ]
    },
    {
      "cite": "529 A.2d 331",
      "category": "reporters:state_regional",
      "reporter": "A.2d",
      "case_ids": [
        12030877
      ],
      "pin_cites": [
        {
          "page": "333"
        }
      ],
      "opinion_index": 0,
      "case_paths": [
        "/a2d/529/0331-01"
      ]
    },
    {
      "cite": "557 A.2d 954",
      "category": "reporters:state_regional",
      "reporter": "A.2d",
      "case_ids": [
        7898590
      ],
      "weight": 2,
      "pin_cites": [
        {
          "page": "956"
        },
        {
          "page": "957"
        }
      ],
      "opinion_index": 0,
      "case_paths": [
        "/a2d/557/0954-01"
      ]
    }
  ],
  "analysis": {
    "cardinality": 360,
    "char_count": 5829,
    "ocr_confidence": 0.787,
    "pagerank": {
      "raw": 6.380125665320789e-08,
      "percentile": 0.3941917077018776
    },
    "sha256": "9cb34f7cce7719bac200cd00fd4d03732b0a7e804d4a98e03ee69595471771c7",
    "simhash": "1:d5bb4c2620355297",
    "word_count": 971
  },
  "last_updated": "2024-02-27T21:35:37.123583+00:00",
  "provenance": {
    "date_added": "2019-08-29",
    "source": "Harvard",
    "batch": "2018"
  },
  "casebody": {
    "judges": [
      "Before McKUSICK, C.J., and ROBERTS, WATHEN, GLASSMAN, CLIFFORD, COLLINS and BRODY, JJ."
    ],
    "parties": [
      "In re RYAN L."
    ],
    "opinions": [
      {
        "text": "CLIFFORD, J.\nThe mother of Ryan L. appeals from an order of the District Court (Portland, Cleaves, J.) terminating her parental rights pursuant to 22 M.R.S.A. \u00a7 4055 (Pamph. 1989). Finding no error, we affirm.\nRyan L. has been in the custody of the Department of Human Services (Department) since January 1988 when his mother, Pamela L., signed an order giving temporary custody of him to the Department. That custody was subsequently made permanent under a child protection order entered by the District Court pursuant to 22 M.R.S.A. \u00a7\u00a7 4035, 4036 (Pamph.1989), upon a finding that Ryan L. was in circumstances of jeopardy.\nIn November 1989, the Department filed a petition for termination of parental rights pursuant to 22 M.R.S.A. \u00a7\u00a7 4050-58 (Pamph.1989). After a hearing, the District Court ordered that the mother\u2019s parental rights be terminated. The court found by clear and convincing evidence that (a) the mother is unable to protect her son from jeopardy and that the circumstances are unlikely to change within a time reasonably calculated to meet Ryan L.\u2019s needs, 22 M.R.S.A. \u00a7 4055(l)(B)(2)(b)(i); (b) the mother is unwilling to take responsibility for the child within a time reasonably calculated to meet his needs, section 4055-(l)(B)(2)(b)(ii); and (c) the mother has failed to make a good faith effort to rehabilitate and reunify with the child pursuant to 22 M.R.S.A. \u00a7 4041. Section 4055(l)(B)(2)(b)(i-v). The court also found by clear and convincing evidence that termination was in the best interest of Ryan L. 22 M.R.S.A. \u00a7 4055(l)(B)(2)(a). The mother\u2019s appeal to this court pursuant to 22 M.R.S.A. \u00a7 4006 (Pamph.1989) followed.\nWe review the findings of the District Court to determine whether the court rationally could have been persuaded that the required factual findings were proved to be highly probable. In re Jeffrey E., 557 A.2d 954, 956 (Me.1989). Because the trial court is generally better able to evaluate the testimony of witnesses, its findings are entitled to substantial deference. In re Misty Lee H., 529 A.2d 331, 333 (Me.1987).\nThe mother disputes the court\u2019s finding that she is unable to protect the child from jeopardy. The record reveals that Ryan L. was very developmentally delayed and malnourished when he left his mother\u2019s care and was placed in the custody of the Department. He has made substantial improvements since he has been in foster care. The mother has a serious alcohol abuse problem that she has not overcome or even fully acknowledged. In addition, she married and continues to live with a man found to have sexually abused her daughter. She has also been involved in some violent conduct in her domestic life. There is ample support in the record for the court\u2019s finding that the mother is unable to protect Ryan L. from jeopardy within a time that is reasonably calculated to meet his needs. In re Cassandra B., 531 A.2d 1274, 1275 (Me.1987). Because we uphold the court\u2019s finding of the inability of the mother to protect Ryan L. from jeopardy, an independent ground for terminating parental rights, we need not and do not address the findings of the court concerning the mother\u2019s unwillingness to take responsibility for the child, and the mother\u2019s failure to make a good faith effort to rehabilitate and reunify with the child. Jeffrey E., 557 A.2d at 957.\nThe mother also contests the District Court\u2019s finding that termination of her parental rights is in the best interest of Ryan L. 22 M.R.S.A. \u00a7 4055(2) sets forth some of the factors to be considered when determining whether termination is in the best interest of the child.\nIn deciding to terminate, the court shall consider the needs of the child, including the child\u2019s age, the child\u2019s attachments and separations, the child\u2019s ability to integrate into substitute placement or back into the parent\u2019s home, and the child\u2019s physical and emotional needs.\nRyan L. was twenty months old when he left his mother\u2019s custody, and was almost four years old at the time of the termination. He has little memory of his mother. The evidence demonstrates that since being in foster care, he has made dramatic physical and emotional improvements, and has strong ties to his foster parents. Because of the mother\u2019s excessive use of alcohol, her visits with Ryan had been limited and eventually were ended. The mother\u2019s failure to deal with her substance abuse problem adequately, and her marriage to a man who abused her daughter, support the court\u2019s determination that termination of the mother\u2019s parental rights is in the best interest of Ryan L. Cassandra B., 531 A.2d at 1275.\nThe entry is:\nJudgment affirmed.\nAll concur.\n. The father of Ryan L., whose parental rights were also terminated, did not appeal.\n. The mother cites the Department\u2019s discontinuance of her visits with Ryan as evidence that the Department failed in its obligation to reunify the family pursuant to 22 M.R.S.A. \u00a7 4041. The mother moved to challenge the Department\u2019s decision to end her visits with Ryan, but later withdrew the motion. Even if there were some merit to her contention, however, the failure of the Department to fulfill its statutory obligation to facilitate reunification prior to seeking termination of parental rights is not by itself an independent ground for denial of the petition for termination. In re Crystal S., 483 A.2d 1210, 1212 (Me.1984); In re Daniel C., 480 A.2d 766, 770 (Me.1984).",
        "type": "majority",
        "author": "CLIFFORD, J."
      }
    ],
    "attorneys": [
      "Kenneth P. Altshuler, Gail Latouf-Fle-welling (orally), Mazziotti & Altshuler, Portland, for appellant.",
      "Christine Foster (orally), Asst. Atty. Gen., Dept, of Human Services, Portland, for appellee.",
      "Christopher Ziagos, Portland, Guardian Ad Litem."
    ],
    "corrections": "",
    "head_matter": "In re RYAN L.\nSupreme Judicial Court of Maine.\nArgued Oct. 5, 1990.\nDecided Oct. 30, 1990.\nKenneth P. Altshuler, Gail Latouf-Fle-welling (orally), Mazziotti & Altshuler, Portland, for appellant.\nChristine Foster (orally), Asst. Atty. Gen., Dept, of Human Services, Portland, for appellee.\nChristopher Ziagos, Portland, Guardian Ad Litem.\nBefore McKUSICK, C.J., and ROBERTS, WATHEN, GLASSMAN, CLIFFORD, COLLINS and BRODY, JJ."
  },
  "file_name": "0811-01",
  "first_page_order": 871,
  "last_page_order": 873
}
