{
  "id": 11708588,
  "name": "Michael DUDLEY, Appellant, v. UNITED STATES, Appellee",
  "name_abbreviation": "Dudley v. United States",
  "decision_date": "1998-07-23",
  "docket_number": "No. 94-CF-1629",
  "first_page": "866",
  "last_page": "872",
  "citations": [
    {
      "type": "official",
      "cite": "715 A.2d 866"
    }
  ],
  "court": {
    "name_abbreviation": "D.C.",
    "id": 11933,
    "name": "District of Columbia Court of Appeals"
  },
  "jurisdiction": {
    "id": 56,
    "name_long": "District of Columbia",
    "name": "D.C."
  },
  "cites_to": [
    {
      "cite": "434 U.S. 357",
      "category": "reporters:federal",
      "reporter": "U.S.",
      "case_ids": [
        6183444
      ],
      "weight": 3,
      "year": 1978,
      "pin_cites": [
        {
          "page": "363"
        }
      ],
      "opinion_index": 0,
      "case_paths": [
        "/us/434/0357-01"
      ]
    },
    {
      "cite": "512 U.S. 594",
      "category": "reporters:federal",
      "reporter": "U.S.",
      "case_ids": [
        39579
      ],
      "weight": 3,
      "year": 1994,
      "pin_cites": [
        {
          "page": "599-600"
        }
      ],
      "opinion_index": 0,
      "case_paths": [
        "/us/512/0594-01"
      ]
    },
    {
      "cite": "409 A.2d 190",
      "category": "reporters:state_regional",
      "reporter": "A.2d",
      "case_ids": [
        7967529
      ],
      "weight": 3,
      "pin_cites": [
        {
          "page": "199"
        },
        {
          "page": "199"
        },
        {
          "page": "203"
        }
      ],
      "opinion_index": 0,
      "case_paths": [
        "/a2d/409/0190-01"
      ]
    },
    {
      "cite": "631 A.2d 400",
      "category": "reporters:state_regional",
      "reporter": "A.2d",
      "case_ids": [
        7349092
      ],
      "pin_cites": [
        {
          "page": "406-07"
        }
      ],
      "opinion_index": 0,
      "case_paths": [
        "/a2d/631/0400-01"
      ]
    },
    {
      "cite": "664 A.2d 347",
      "category": "reporters:state_regional",
      "reporter": "A.2d",
      "case_ids": [
        7865333
      ],
      "opinion_index": 0,
      "case_paths": [
        "/a2d/664/0347-01"
      ]
    },
    {
      "cite": "383 A.2d 307",
      "category": "reporters:state_regional",
      "reporter": "A.2d",
      "case_ids": [
        7981794
      ],
      "opinion_index": 0,
      "case_paths": [
        "/a2d/383/0307-01"
      ]
    },
    {
      "cite": "359 A.2d 274",
      "category": "reporters:state_regional",
      "reporter": "A.2d",
      "case_ids": [
        7977178
      ],
      "weight": 3,
      "pin_cites": [
        {
          "page": "277"
        },
        {
          "page": "277-78"
        },
        {
          "page": "277"
        }
      ],
      "opinion_index": 0,
      "case_paths": [
        "/a2d/359/0274-01"
      ]
    },
    {
      "cite": "684 A.2d 759",
      "category": "reporters:state_regional",
      "reporter": "A.2d",
      "case_ids": [
        7356492
      ],
      "weight": 3,
      "pin_cites": [
        {
          "page": "763"
        },
        {
          "page": "765"
        },
        {
          "page": "763"
        }
      ],
      "opinion_index": 0,
      "case_paths": [
        "/a2d/684/0759-01"
      ]
    },
    {
      "cite": "133 L.Ed.2d 697",
      "category": "reporters:federal",
      "reporter": "L. Ed. 2d",
      "year": 1996,
      "opinion_index": 1
    },
    {
      "cite": "116 S.Ct. 749",
      "category": "reporters:federal",
      "reporter": "S. Ct.",
      "year": 1996,
      "opinion_index": 1
    },
    {
      "cite": "516 U.S. 1065",
      "category": "reporters:federal",
      "reporter": "U.S.",
      "case_ids": [
        323299,
        325028,
        323043,
        327654,
        323113,
        327242,
        324426,
        324432,
        322992,
        328145,
        327060,
        327062,
        323383,
        323608,
        325815,
        323162
      ],
      "year": 1996,
      "opinion_index": 1,
      "case_paths": [
        "/us/516/1065-13",
        "/us/516/1065-03",
        "/us/516/1065-11",
        "/us/516/1065-10",
        "/us/516/1065-02",
        "/us/516/1065-14",
        "/us/516/1065-07",
        "/us/516/1065-15",
        "/us/516/1065-04",
        "/us/516/1065-16",
        "/us/516/1065-09",
        "/us/516/1065-06",
        "/us/516/1065-12",
        "/us/516/1065-01",
        "/us/516/1065-05",
        "/us/516/1065-08"
      ]
    },
    {
      "cite": "434 A.2d 463",
      "category": "reporters:state_regional",
      "reporter": "A.2d",
      "case_ids": [
        7987643
      ],
      "pin_cites": [
        {
          "page": "473"
        }
      ],
      "opinion_index": 1,
      "case_paths": [
        "/a2d/434/0463-01"
      ]
    },
    {
      "cite": "386 U.S. 18",
      "category": "reporters:federal",
      "reporter": "U.S.",
      "case_ids": [
        6168882
      ],
      "weight": 3,
      "year": 1967,
      "pin_cites": [
        {
          "page": "24"
        }
      ],
      "opinion_index": 1,
      "case_paths": [
        "/us/386/0018-01"
      ]
    },
    {
      "cite": "676 A.2d 1",
      "category": "reporters:state_regional",
      "reporter": "A.2d",
      "case_ids": [
        7858303
      ],
      "pin_cites": [
        {
          "page": "5"
        }
      ],
      "opinion_index": 1,
      "case_paths": [
        "/a2d/676/0001-01"
      ]
    },
    {
      "cite": "410 U.S. 284",
      "category": "reporters:federal",
      "reporter": "U.S.",
      "case_ids": [
        11957222
      ],
      "weight": 3,
      "year": 1973,
      "pin_cites": [
        {
          "page": "302"
        }
      ],
      "opinion_index": 1,
      "case_paths": [
        "/us/410/0284-01"
      ]
    },
    {
      "cite": "631 A.2d 400",
      "category": "reporters:state_regional",
      "reporter": "A.2d",
      "case_ids": [
        7349092
      ],
      "weight": 3,
      "pin_cites": [
        {
          "page": "405-06"
        },
        {
          "page": "406"
        }
      ],
      "opinion_index": 1,
      "case_paths": [
        "/a2d/631/0400-01"
      ]
    },
    {
      "cite": "664 A.2d 347",
      "category": "reporters:state_regional",
      "reporter": "A.2d",
      "case_ids": [
        7865333
      ],
      "weight": 2,
      "pin_cites": [
        {
          "page": "351"
        }
      ],
      "opinion_index": 1,
      "case_paths": [
        "/a2d/664/0347-01"
      ]
    },
    {
      "cite": "383 A.2d 307",
      "category": "reporters:state_regional",
      "reporter": "A.2d",
      "case_ids": [
        7981794
      ],
      "weight": 3,
      "pin_cites": [
        {
          "page": "315"
        }
      ],
      "opinion_index": 1,
      "case_paths": [
        "/a2d/383/0307-01"
      ]
    },
    {
      "cite": "359 A.2d 274",
      "category": "reporters:state_regional",
      "reporter": "A.2d",
      "case_ids": [
        7977178
      ],
      "weight": 2,
      "pin_cites": [
        {
          "page": "278"
        }
      ],
      "opinion_index": 1,
      "case_paths": [
        "/a2d/359/0274-01"
      ]
    },
    {
      "cite": "684 A.2d 759",
      "category": "reporters:state_regional",
      "reporter": "A.2d",
      "case_ids": [
        7356492
      ],
      "pin_cites": [
        {
          "page": "765"
        }
      ],
      "opinion_index": 1,
      "case_paths": [
        "/a2d/684/0759-01"
      ]
    }
  ],
  "analysis": {
    "cardinality": 1129,
    "char_count": 27902,
    "ocr_confidence": 0.721,
    "pagerank": {
      "raw": 5.3360178302103016e-08,
      "percentile": 0.335890625283559
    },
    "sha256": "c83743e887cc7c313db8d6c34ca69dfbccdd2728979ba8e989c3f77ac6435ca9",
    "simhash": "1:5532e756bbbbf917",
    "word_count": 4515
  },
  "last_updated": "2024-02-27T19:25:42.329429+00:00",
  "provenance": {
    "date_added": "2019-08-29",
    "source": "Harvard",
    "batch": "2018"
  },
  "casebody": {
    "judges": [
      "Before SCHWELB, FARRELL, and RUIZ, Associate Judges."
    ],
    "parties": [
      "Michael DUDLEY, Appellant, v. UNITED STATES, Appellee."
    ],
    "opinions": [
      {
        "text": "FARRELL, Associate Judge:\nAppellant Dudley was found guilty by a jury of distribution of cocaine, possession with intent to distribute cocaine, and possession with intent to distribute marijuana. On appeal he challenges the refusal of the trial court to admit in evidence statements made by one of his codefendants, Antoinette Smith, at her aborted guilty plea proceeding and a similar statement Smith made to Dudley\u2019s attorney. Both statements purported to exculpate Dudley of the drug sale and purchase for which he and Smith were charged (Smith with simple possession only). We find no error in the trial court\u2019s exclusion of these statements, and affirm.\nI. The facts\nAccording to the government\u2019s proof, on August 15,1998, two police officers concealed in an observation post saw Dudley\u2019s code-fendants Smith and Freeman drive up in a car and stop near a group of people who were socializing and drinking. Smith got out of the car, approached a fence, and talked to Dudley. Dudley crossed the street, removed an object from the wheel well of a motorcycle trailer, returned to Smith at the fence, handed her the object, and received a different object from her. Smith returned to her car and drove off, but police stopped the car several blocks away. As they approached, they saw Smith throw what proved to be a bag of crack cocaine behind the seat, and saw Freeman attempt to conceal another bag of cocaine between the front seats. Freeman and Smith were arrested on drug charges, after which the officers returned to the group of socializers and arrested Dudley for selling drugs. They found 34 bags of crack and six bags of marijuana in the trailer wheel well.\nII. Discussion\nA. Prior cross-examined testimony.\nDudley\u2019s first contention relates to statements made by Smith at a proceeding in which she intended to plead guilty to the lesser included charge of attempted possession of cocaine. In return for reduction of the charged offense, Smith was expected to give an \u201cinsulating statement\u201d under oath in which she described the events of the purchase and named Dudley as the seller. The prosecutor asked Smith a few introductory questions and then whether, when she approached Dudley, she bought drugs from him. Smith answered \u201cno\u201d and explained that she sought out Dudley, whom she knew because their children played together, strictly to obtain change for a $10 bill at the request of a companion in her car. It was the companion, not Dudley, who purportedly gave her cocaine in return for her obtaining change. On hearing this testimony, the prosecutor told the court, \u201c[Wje\u2019re not prepared to accept this insulating statement,\u201d and asked Smith no further questions. The court, recognizing that the plea had broken down, recessed the case to let Smith decide whether to plead guilty to the indictment. She later did so.\nAt Dudley\u2019s trial, after it was confirmed that Smith was unavailable as a witness (she had failed to appear for her sentencing), Dudley\u2019s counsel sought to introduce her statements at the aborted plea proceeding as prior cross-examined testimony. The trial judge ruled the statements inadmissible on that ground.\nThe proponent of the admissibility of prior testimony must demonstrate:\n(1) that direct testimony from the declar-ant is unavailable; (2) that the declarant, when giving the prior testimony, was under oath in a legal proceeding; (3) that the issues in the two proceedings are substantially similar; and (4) that the party against whom the testimony is now offered had an opportunity to cross-examine the declarant at the earlier proceeding.\nBedney v. United States, 684 A.2d 759, 763 (D.C.1996). The first two requirements are not in issue here.\nEqually important, however, is the requirement that the party against whom the testimony is now offered must have had in the prior proceeding an adequate opportunity to cross-examine the declarant. An adequate opportunity to cross-examine exists if the parties and the issues in both proceedings are substantially the same.\nEpstein v. United States, 359 A.2d 274, 277 (D.C.1976). \u201cUnless the issues were then [substantially] the same as they are when the former statement is offered, the cross-examination would not have been directed to the same material points of investigation, and therefore could not have been an adequate test for exposing inaccuracies and falsehoods.\u201d Id. at 277-78 (quoting 5 Wigmore, Evidence \u00a7 1386, at 82 (3d ed.1940)) (emphasis deleted).\nSmith\u2019s testimony at the aborted plea proceeding did not meet this requirement. Her plea to the lesser charge depended on her giving an insulating statement satisfactory to the prosecutor. Dudley\u2019s guilt or innocence was thus at issue only in a narrow sense: if Smith satisfied the prosecutor in linking Dudley to the sale (or at least in not exculpating him), her plea could proceed, otherwise it could not. The prosecutor\u2019s questioning of Smith was therefore very limited. When Smith testified contrary to the prosecutor\u2019s expectation, the plea ended and with it any issue \u2014 at that proceeding \u2014 of Dudley\u2019s guilt. The prosecutor asked no further questions because she had no reason to; Dudley\u2019s involvement in the sale had ceased to be a \u201cmaterial\u201d issue in the proceeding. Wig-more, supra. Indeed, with the plea agreement having dissolved, it might well have been improper for the prosecutor to continue questioning Smith about Dudley\u2019s complicity in the sale. See Alston v. United States, 383 A.2d 307, 312 n. 9 (D.C.1978) (at codefend-ant\u2019s plea of guilty to indictment, prosecutor\u2019s extensive questioning of him about defendant\u2019s role in crime was \u201cbeyond the scope of proper guilty plea examination, apparently engaged in purely for discovery purposes, and should not have been condoned\u201d).\n\u201cIn our cases in which the admission of prior recorded testimony has been allowed, the cross-examination has been generally broad and unrestricted.\u201d Bedney, 684 A.2d at 765. The purpose of Smith\u2019s plea proceeding made such cross examination pointless, if not improper; hence it did not occur. In short, the issues at this proceeding and at Dudley\u2019s later trial were not substantially similar, id. at 763; Epstein, 359 A.2d at 277, and thus the exception for prior cross-examined testimony did not apply. See also Fed. R.Evid. 804(b)(1) (former testimony admissible if, inter alia, party against whom testimony is offered \u201chad an opportunity and similar motive to develop the testimony by direct, cross, or redirect examination\u201d) (emphasis added); cf. Hill v. United States, 664 A.2d 347, 351 n. 8 (D.C.1995) (before grand jury, government \u201cmay have had different motives in mind ... and not have been focused on the collateral issue of appellants\u2019 standing to challenge the search\u201d).\nOur dissenting colleague is right, of course, that hearsay rules should be applied practically, not \u201cmechanistically,\u201d especially when constitutional rights are at stake. But we deal here with statements whose trustworthiness, hence admissibility, is grounded in the practical opportunity for prior cross-examination defined by the incentives which the party opposing admission had to challenge their reliability. Try as she may, our colleague cannot convert the questioning that took place into recognizable cross-examination. At almost exactly the place where true cross would have begun (using, to take but one example, prior inconsistent statements) the prosecutor ceased questioning and effectively ended the proceeding. She did so because the reason for the questioning \u2014 indeed, for the proceeding itself \u2014 had expired.\nWe thus do not decide the \u201cabstract\u201d question whether questioning designed to elicit an insulating statement ever may satisfy the hearsay exception in dispute, though the answer will likely be no in light of Alston\u2019s admonition \u2014 not questioned by the dissent\u2014 against misuse of plea proceeding examination. We hold only that, consistent with the reason for Smith\u2019s testimony, the prosecutor\u2019s aborted questioning did not reflect the features of examination designed \u201cto challenge whether the declarant was sincerely telling what [s]he believed to be the truth, whether [she] accurately perceived and remembered the matter [s]he related, and whether [her] intended meaning [was] adequately conveyed by the language [s]he employed.\u201d Feaster v. United States, 631 A.2d 400, 406-07 (D.C.1993) (citations and internal quotation marks omitted). Dudley\u2019s right to a fair trial did not require the jury to hear statements of such untested reliability.\nB. Declarations against penal interest.\nDudley further argues that Smith\u2019s statements at the plea proceeding and similar statements she made to Dudley\u2019s attorney the same day amounted to declarations against her penal interest. This argument too is unavailing. \u201c[A] statement tending to expose the declarant to criminal liability and offered as tending to exculpate the accused is admissible when the declarant is unavailable and corroborating circumstances clearly indicate the trustworthiness of the statement.\u201d Laumer v. United States, 409 A.2d 190, 199 (D.C.1979) (en banc) (emphasis deleted). Smith\u2019s exculpation of Dudley by itself, of course, was not against her penal interest, nor did it become so just by being conjoined with an admission of her own guilt. See Williamson v. United States, 512 U.S. 594, 599-600, 114 S.Ct. 2431, 129 L.Ed.2d 476 (1994). Although by refusing to give a satisfactory insulating statement Smith limited her options (she could now plead guilty only to possession, not attempted possession), we doubt seriously that this made her exculpatory statements sufficiently against her penal interest to meet the admissibility threshold. That question need not be answered, though, because Dudley failed to persuade the trial judge of the existence of \u201ccorroborating circumstances clearly indicat[ing] the trustworthiness of the statements].\u201d Laumer, 409 A.2d at 199. We may reverse the latter determination only if clearly erroneous, id. at 203, and we find no such error here.\nAffirmed.\n. The government states in its brief that it routinely insists on obtaining such a statement as part of a plea agreement in cases involving multiple defendants. The purpose of the statement is to limit the pleading defendant\u2019s ability later to change her testimony about the crime and exonerate codefendants.\n. The prosecutor\u2019s insistence on such a statement as a condition of the plea is not challenged. Cf Bordenkircher v. Hayes, 434 U.S. 357, 363, 98 S.Ct. 663, 54 L.Ed.2d 604 (1978).\n. The questions the prosecutor asked Smith about buying drugs from Dudley were as follows:\nQ: Now when you approached Mr. Dudley did you buy from him?\nA: No ma'am.\nQ: What did you do with respect to Mr. Dudley? ... [Smith tells the stoiy in narrative form]\nQ: And is it your testimony today that you never received drugs from Mr. Dudley?\nA: No I did not, ma'am.\nQ: Your Honor, we're not prepared to accept this insulating statement.\n. The trial court in the present case explained:\n[W]e\u2019re not talking about a circumstance where it would, I think, even be appropriate for the prosecutor to engage in a probing inquiry of the defendant regarding the defendant's statement.... I would believe that there would be a hue and cry from the defense bar if judges started to let the prosecutor under those circumstance^] then engage in a probing inquiry seeking to attack the credibility of the person when the person has indicated that they are not prepared to agree to the statement the Government asked them to agree to.\n.We reject Dudley\u2019s suggestion at oral argument that the prosecutor\u2019s brief lead-in questioning of Smith in which Smith acknowledged that her child and Dudley's played together added significantly to the questioning about the drug transaction.",
        "type": "majority",
        "author": "FARRELL, Associate Judge:"
      },
      {
        "text": "RUIZ, Associate Judge,\ndissenting in part.\nI respectfully dissent from the majority\u2019s conclusion that the trial court did not err in excluding a witness\u2019s examined and sworn testimony during a prior plea hearing even though that testimony exculpated appellant and both parties agreed that the witness was unavailable to testify for the defense at trial. The majority reaches this conclusion on the basis that the \u201csame issues\u201d were not present at the plea hearing as at the trial, and therefore the prosecutor did not have the same motive or, indeed, even an opportunity, to cross-examine the witness at the plea hearing as she would have at trial.\nIn this case, Smith, the unavailable witness, had an offer to plead to attempted possession of cocaine, a notch down from the charge of possession of cocaine, but the government\u2019s acceptance of the plea was conditioned on Smith\u2019s providing an \u201cinsulating statement\u201d that Dudley had sold her the cocaine. Although such a statement would not be admissible in the government\u2019s case in chief in its subsequent prosecution of Dudley, the \u201cinsulating statement\u201d is valuable to the government because it in effect would have prevented Smith from changing her story and being a credible witness for the defense at Dudley\u2019s trial. If Smith were to testify to Dudley\u2019s innocence during his trial, she could be impeached with her prior inconsistent statement at the plea hearing. See D.C.Code \u00a7 14-102 (1995 Repl.). Smith did not provide the anticipated insulating statement inculpating Dudley, but, instead, testified under oath to Dudley\u2019s innocence. Both parties agree that Smith was not available to testify at Dudley\u2019s trial. The question before us is whether, in light of Smith\u2019s unavailability, Smith\u2019s prior testimony at the plea hearing is admissible in order to present Dudley\u2019s defense at trial.\nThe answer to that question is reached by means of a case-by-case inquiry, and is not to be undertaken based on abstractions on the nature of the prior proceeding. As the Supreme Court has cautioned, \u201cwhere constitutional rights directly affecting the ascertainment of guilt are implicated, the hearsay rule may not be applied mechanistically to defeat the ends of justice.\u201d Chambers v. Mississippi, 410 U.S. 284, 302, 93 S.Ct. 1038, 35 L.Ed.2d 297 (1973). In Feaster v. United States, 631 A.2d 400, 405-06 (D.C.1993), we adopted a fact-specific, case-by-case inquiry to determine whether a prior proceeding provided a sufficient opportunity to cross-examine to come within the prior-recorded testimony hearsay exception. After reviewing the \u201cnaturfe of the prosecutor\u2019s questions,\u201d the court concluded that \u201cthe questioning [before the grand jury] was directed at the ultimate issue of appellant\u2019s guilt.\u201d Id. at 406. Explaining that there is no requirement that there be an \u201cadversarial, inquiring, searching, and explicative approach\u201d in the prior proceeding, Feaster expressly rejected the notion that the non-adversarial character of Smith\u2019s plea proceeding precludes admission of Smith\u2019s testimony during her plea hearing at Dudley\u2019s later trial. See id.\nBecause our case-by-case approach focuses on the actual questioning at the prior proceeding to determine whether it in fact afforded a sufficient opportunity to cross-examine the witness, it is therefore largely irrelevant that, as a general proposition, a prosecutor should not continue questioning \u00e1 person in the course of that person\u2019s plea hearing concerning another\u2019s guilt once the person has refused to utter the insulating statement that the prosecutor requires as a condition of the plea. See Alston v. United-States, 383 A.2d 307, 312 & n. 9 (D.C.1978). The relevant question is whether the prosecutor in this case exercised such restraint. She did not. Moreover, at no point during the prosecutor\u2019s questions did the trial court intervene to curtail examination during the plea hearing. Therefore, this case is unlike Bedney v. United States, 684 A.2d 759, 765 (D.C.1996), where the government was precluded from questioning by the witness\u2019s Fifth Amendment privilege. Here, there was no Fifth Amendment privilege concern as Smith had already admitted to her possession of cocaine well before the prosecutor began to question her about Dudley. From that point on, the prosecutor\u2019s sole concern was to pin down Dudley\u2019s guilt in an insulating statement. The transcript shows without a doubt that the prosecutor tried to obtain that insulating statement by repeatedly asking Smith whether Dudley sold her cocaine. It was only when, after repeated questioning, that testimony was not forthcoming that the government withdrew .its plea offer, notwithstanding the fact that Smith already had admitted to committing the offense to which she was pleading guilty \u2014 the ostensible purpose of the plea hearing.\nAlthough the majority agrees that a fact-specific, case-by-case approach is required, it fails in that task. The majority concludes that \u201cthe purpose of Smith\u2019s plea proceeding made such cross-examination pointless, if not improper; hence it did not occur.\u201d Ante at 868. As noted, the \u201cpurpose\u201d of the plea proceeding is not dispositive; we must look at what actually took place. The majority also states that \u201c[a]t almost exactly the place where true cross would have begun (using, to take but one example, prior inconsistent statements) the prosecutor ceased questioning and effectively ended the proceeding.\u201d Ante at 868. There is no support in the record for that conclusion; the government did not proffer that it had any prior inconsistent statements that it could have used to impeach Smith even if she had been available to testify at trial. Even if such prior inconsistent statements had existed, a balancing of the defendant\u2019s right to due process and the government\u2019s interest in perfecting its presentation to the jury would counsel that the appropriate resolution would be to allow the government to introduce the prior inconsistent statement in response to the defense\u2019s introduction of the plea testimony at trial, rather than outright exclusion of Smith\u2019s plea testimony. Chambers\u2019 admonition against mechanistic application of the hearsay rule should also apply to the government\u2019s interest in the truth-seeking function of trial.\nThe fact of the matter is that, contrary to the majority\u2019s assertions that the government\u2019s questioning of Smith was \u201cvery limited\u201d and ended when Smith testified contrary to the prosecutor\u2019s expectation, see ante at 867, a review of the record in this case reveals that the prosecutor did not cease to question Smith about Dudley\u2019s guilt even after the witness did not deliver the hoped-for insulating statement. After having been asked whether Dudley had sold her cocaine, Smith denied it. The prosecutor\u2019s examination continued, and in a narrative statement Smith described how a third person, Sean Friedman, had given her the cocaine. After Smith initially exculpated Dudley and implicated Friedman during her narration of the cocaine transaction, the prosecutor twice again asked Smith point-blank whether she had received drugs from Dudley. Therefore, there are three denials by Smith \u2014 not two as the majority states \u2014 that Dudley sold her cocaine in the transcript of the plea hearing, as well as a statement that another individual was guilty of the drug distribution offense. It was only after Smith exculpated Dudley for the fourth time that the prosecutor indicated that the government was not \u201cprepared to accept this insulating statement\u201d and ceased questioning Smith. The government has not proffered how the prosecutor would have further cross-examined Smith at the plea hearing had it been known at the time that her testimony would be admitted at Dudley\u2019s trial. I therefore conclude that based on the record, the prosecutor had a sufficient opportunity to cross-examine Smith, and in fact did sufficiently cross-examine her, so that Dudley should have been permitted to introduce the statements of the subsequently unavailable Smith in presenting his defense at trial.\nHaving considered the government\u2019s opportunity to cross-examine Smith, I turn to the importance to Dudley\u2019s defense of Smith\u2019s statements exculpating Dudley and inculpating a third party, see Winfield v. United States, 676 A.2d 1, 5 (D.C.1996) (en bane), and the prejudice resulting to Dudley from their exclusion at his trial. This was not a strong government ease. Indeed, the government\u2019s evidence against Dudley was sketchy. Two officers observed the transaction between Smith and Dudley under less than ideal circumstances: the location was dark, the officers\u2019 observation post was more than forty yards away and ten to eleven stories above where Dudley met Smith, and the view of both officers was impeded by a tree. No one officer observed the entire transaction; the testimony of the two officers, who were in radio contact during their observations, provided a patchwork of what happened. There was no physical evidence tying Dudley to the offense. Thus, in the context of a problematic government case, Smith\u2019s exculpatory statements could well have tipped the balance in Dudley\u2019s favor.\nOn the other hand, there would have been no undue prejudice to the government had Smith\u2019s exculpating statements been admitted as the government would have had an opportunity to impeach the statements even if Smith was absent at Dudley\u2019s trial. Certainly, the fact that the statements were made in the course of a plea hearing during which Smith admitted to possession of cocaine would have been admissible. Similarly, Smith\u2019s statements that she was friendly with Dudley, and that their children played together, could have been introduced to show bias. And, as mentioned above, had the government had any prior inconsistent statements impeaching Smith\u2019s plea hearing, these could have been introduced at trial so that the jury could better assess Smith\u2019s testimony during the plea hearing. Therefore, the government would not have been significantly disadvantaged by the admission at trial of Smith\u2019s prior statements.\nDudley \u201cwas denied his constitutional right to a fair trial when the trial court refused to allow him to present relevant, facially exonerating, and admissible prior recorded testimony to the jury \u2014 testimony which constituted his only defense.\u201d Alston, supra, 383 A.2d at 315. Under the circumstances, I would reverse because there is a reasonable doubt that the verdict might have been different if Smith\u2019s exculpatory statements had been admitted. See Chapman v. California, 386 U.S. 18, 24, 87 S.Ct. 824, 17 L.Ed.2d 705 (1967).\n. I join the majority\u2019s opinion that because there were no corroborating circumstances the trial court's exclusion of statements purported to be against penal interest was not clearly erroneous.\n. Because I conclude that Smith's prior testimony was admissible under the prior recorded testimony exception to the hearsay rule, I further conclude that the trial court also impermissibly excluded the testimony on the alternative ground that it was not credible, thereby usurping the jury\u2019s function. See Johns v. United States, 434 A.2d 463, 473 (D.C.1981).\n.Thus, our fact-specific approach may not fit comfortably with the federal \"same motive\u201d test found in Fed.R.Evid. 804(b)(1) cited by the majority. Moreover, neither Hill v. United States, 664 A.2d 347 (D.C.1995), cert. denied, 516 U.S. 1065, 116 S.Ct. 749, 133 L.Ed.2d 697 (1996), nor Epstein v. United States, 359 A.2d 274 (D.C. 1976), also cited by the majority, support our adoption of a \"similar motive\u201d test to determine whether the prosecution\u2019s examination at the plea hearing sufficed to make the testimony admissible at trial for purposes of the prior recorded testimony exception to the hearsay rule. Epstein looked at the content of the prior questioning, the veracity of a police officer, to determine whether it was in fact so limited as to have been substantively different from the issue in the subsequent proceeding, the validity of a search warrant. Id. at 278. Hill concerned the use of a prior consistent statement to rehabilitate a witness who was available to testify at trial, and there had been no questions previously asked of the witness that bore directly on the matter that became an issue at a later suppression hearing. 664 A.2d at 351.\n. To the contraiy, when Smith first denied that Dudley had sold her drugs, she asked the court, \"if it's okay, Your Honor, I can tell what happened.\" The trial judge replied, \"Yes.\u201d Smith then proceeded to give a narrative of the incident which exculpated Dudley and inculpated a third person. See note 6 infra.\n. Indeed, Smith admitted to actual possession of cocaine, not only attempted possession, during the plea hearing.\n. The entire transcript of Smith\u2019s questioning concerning Dudley follows:\nQ Ma'am, I\u2019d like to direct your attention to the events of August 15th of 1993 and specifically to the time period of approximately 12:10 to 12:20 [a.m.] Do you recall the events of that day and that time?\nA Yes ma'am.\nQ Now, on that day and at that time were you driving a brown Dodge?\nA Yes ma'am.\nQ And did that brown Dodge have D.C. tags?\nA Yes ma'am.\nQ And did you enter the area of 4660 Martin Luther King Avenue in the southwest quadrant?\nA Yes. Galveston Street, S.W.? Yes ma'am.\nQ And were you driving the brown Dodge at that time?\nA Yes ma'am.\nQ Now, did you park your car near 97 Galveston Street?\nA Yes ma'am.\nQ Now when you parked your car, did you get out of your car and then walk toward an iron fence?\nA Yes ma'am.\nQ Now, when you walked toward the iron fence, did you meet up with a man who you knew as Mr. Dudley or Mr. Robinson?\nA Yes, as a friend yes. I walked, yes ma'am, I walked to the fence\u2014\nQ And how did you know that man. By what name?\nA Michael, 'cause his daughter plays with my son.\nQ And is that Michael Dudley?\nA Yes ma'am.\nQ Now when you approached Mr. Dudley did you buy from him?\nA No ma'am.\nQ What did you do with regard to Mr. Dudley?\nA Okay, if its okay, Your Honor, I can tell what happened.\nTHE COURT: Yes. []\nA Okay. I went to Mr. Dudley to the fence, which I had Mr. Sean Friedman was in my car. He had already had the cocaine on him and he wanted to get change because the drugs that he\u2019d bought before was not his. He needed change, so he asked me would I get out of my car and go to the fence instead of going all the way around and ask Mr. Dudley for change. At which I went to the fence and asked Mr. Dudley for change for a $10 bill which he did not have a $10 bill on him. So he walked across the street, he yelled across the street first, and asked did anybody have any change. They said yeah. He went across the street and got change and handed me two $5 bills through the fence. Once I got in the car Sean Dudley gave me the cocaine\u2014\nQ Sean Dudley or Friedman?\nA Sean Friedman gave me the cocaine for taking him up the street to get the change. He gave me something for it. When I left there, that\u2019s when the police pulled me over 100 feet from where I was.\nQ And is it your testimony today that you never received drugs from Mr. Dudley?\nA No I did not, ma'am.\nQ Your Honor, we\u2019re not prepared to accept this insulating statement.\nTHE COURT: Okay, well does she wish to go straight with the, as far as the indictment is concerned, Mr. Christian, that\u2019s why, Government, you have to remind me about the insulating statement. Don\u2019t tell me after the plea is completed.\nMR. CHRISTIAN: I\u2019m sorry, Your Honor.\nTHE COURT: The Government has indicated that it is not satisfied with the insulating statement noting that Ms. Smith is under oath.",
        "type": "dissent",
        "author": "RUIZ, Associate Judge,"
      }
    ],
    "attorneys": [
      "Betty J. Clark, Washington, DC, for appellant.",
      "Stuart G. Nash, Assistant United States Attorney, with whom Eric H. Holder, Jr., United States Attorney at the time the brief was filed, and John R. Fisher and Roy W. McLeese, III, Assistant United States Attorneys, were on the brief, for appellee."
    ],
    "corrections": "",
    "head_matter": "Michael DUDLEY, Appellant, v. UNITED STATES, Appellee.\nNo. 94-CF-1629.\nDistrict of Columbia Court of Appeals.\nArgued Nov. 20, 1997.\nDecided July 23, 1998.\nBetty J. Clark, Washington, DC, for appellant.\nStuart G. Nash, Assistant United States Attorney, with whom Eric H. Holder, Jr., United States Attorney at the time the brief was filed, and John R. Fisher and Roy W. McLeese, III, Assistant United States Attorneys, were on the brief, for appellee.\nBefore SCHWELB, FARRELL, and RUIZ, Associate Judges."
  },
  "file_name": "0866-01",
  "first_page_order": 910,
  "last_page_order": 916
}
